risk_id,customer_id,financial_risk,operational_risk,customer_risk,overall_risk,risk_category,confidence_score
RSK000001,CUS-000001,0.7442,0.2098,0.3217,0.4261,Medium,0.9549
RSK000002,CUS-000002,0.4669,0.4074,0.2191,0.3311,Low,0.8716
RSK000003,CUS-000003,0.1306,0.1649,0.6505,0.3974,Low,0.9588
RSK000004,CUS-000004,0.6722,0.1147,0.8289,0.639,Medium,0.8245
RSK000005,CUS-000005,0.8487,0.4471,0.213,0.4505,Medium,0.7965
RSK000006,CUS-000006,0.5138,0.1298,0.8211,0.5907,Medium,0.9368
RSK000007,CUS-000007,0.458,0.3649,0.1331,0.2769,Low,0.9049
RSK000008,CUS-000008,0.5115,0.4194,0.1767,0.3257,Low,0.9797
RSK000009,CUS-000009,0.7952,0.1781,0.5827,0.5655,Medium,0.7123
RSK000010,CUS-000010,0.2754,0.2221,0.6487,0.4514,Medium,0.9828
RSK000011,CUS-000011,0.1757,0.3928,0.2789,0.2707,Low,0.9144
RSK000012,CUS-000012,0.4384,0.4385,0.2179,0.3282,Low,0.8944
RSK000013,CUS-000013,0.4597,0.4036,0.2313,0.3343,Low,0.7197
RSK000014,CUS-000014,0.7242,0.2162,0.3609,0.441,Medium,0.7806
RSK000015,CUS-000015,0.5624,0.311,0.3454,0.4036,Medium,0.7465
RSK000016,CUS-000016,0.8736,0.2201,0.2681,0.4401,Medium,0.9194
RSK000017,CUS-000017,0.7532,0.1888,0.4644,0.4959,Medium,0.7994
RSK000018,CUS-000018,0.1739,0.2721,0.1954,0.2043,Low,0.8701
RSK000019,CUS-000019,0.7448,0.1522,0.0101,0.2589,Low,0.7702
RSK000020,CUS-000020,0.2592,0.4148,0.6808,0.5011,Medium,0.8339
RSK000021,CUS-000021,0.6918,0.4483,0.0685,0.3314,Low,0.8839
RSK000022,CUS-000022,0.1782,0.3464,0.0773,0.1614,Low,0.8261
RSK000023,CUS-000023,0.3891,0.3504,0.4642,0.4189,Medium,0.7089
RSK000024,CUS-000024,0.8482,0.246,0.109,0.3582,Low,0.8542
RSK000025,CUS-000025,0.7322,0.2629,0.1172,0.3308,Low,0.8637
RSK000026,CUS-000026,0.6012,0.4312,0.1203,0.3267,Low,0.9052
RSK000027,CUS-000027,0.8909,0.3408,0.4333,0.5521,Medium,0.9278
RSK000028,CUS-000028,0.6731,0.2818,0.259,0.3878,Low,0.8375
RSK000029,CUS-000029,0.2929,0.1618,0.3324,0.2864,Low,0.9571
RSK000030,CUS-000030,0.1958,0.38,0.5077,0.3886,Low,0.7018
RSK000031,CUS-000031,0.7797,0.4834,0.3467,0.5039,Medium,0.978
RSK000032,CUS-000032,0.5798,0.24,0.4753,0.4596,Medium,0.8288
RSK000033,CUS-000033,0.2926,0.2842,0.8077,0.5485,Medium,0.8394
RSK000034,CUS-000034,0.6535,0.3652,0.415,0.4766,Medium,0.8528
RSK000035,CUS-000035,0.8659,0.4982,0.7036,0.7112,High,0.9118
RSK000036,CUS-000036,0.4318,0.4426,0.5384,0.4873,Medium,0.9093
RSK000037,CUS-000037,0.2043,0.1459,0.116,0.1485,Low,0.7139
RSK000038,CUS-000038,0.6875,0.3745,0.2949,0.4286,Medium,0.7923
RSK000039,CUS-000039,0.6899,0.2802,0.579,0.5525,Medium,0.7938
RSK000040,CUS-000040,0.5144,0.3974,0.1334,0.3005,Low,0.9365
RSK000041,CUS-000041,0.4034,0.4087,0.2391,0.3223,Low,0.8502
RSK000042,CUS-000042,0.8327,0.2111,0.3146,0.4493,Medium,0.7545
RSK000043,CUS-000043,0.396,0.1694,0.6412,0.4733,Medium,0.7285
RSK000044,CUS-000044,0.2251,0.3736,0.4654,0.375,Low,0.7057
RSK000045,CUS-000045,0.7759,0.2317,0.7748,0.6665,Medium,0.7255
RSK000046,CUS-000046,0.1364,0.1631,0.2081,0.1776,Low,0.7398
RSK000047,CUS-000047,0.7345,0.3186,0.4083,0.4882,Medium,0.8224
RSK000048,CUS-000048,0.2969,0.3717,0.2938,0.3103,Low,0.9532
RSK000049,CUS-000049,0.4449,0.2605,0.57,0.4706,Medium,0.7082
RSK000050,CUS-000050,0.6308,0.1605,0.3053,0.374,Low,0.73
RSK000051,CUS-000051,0.4433,0.4871,0.322,0.3914,Low,0.9099
RSK000052,CUS-000052,0.1273,0.3739,0.3744,0.3002,Low,0.9429
RSK000053,CUS-000053,0.1249,0.487,0.215,0.2424,Low,0.986
RSK000054,CUS-000054,0.5328,0.4569,0.2746,0.3885,Low,0.8972
RSK000055,CUS-000055,0.1852,0.1509,0.141,0.1562,Low,0.9623
RSK000056,CUS-000056,0.1922,0.4711,0.4376,0.3707,Low,0.9381
RSK000057,CUS-000057,0.3108,0.1821,0.695,0.4772,Medium,0.7766
RSK000058,CUS-000058,0.3632,0.3822,0.1552,0.263,Low,0.896
RSK000059,CUS-000059,0.5081,0.3671,0.1141,0.2829,Low,0.7076
RSK000060,CUS-000060,0.3021,0.4831,0.5378,0.4561,Medium,0.7087
RSK000061,CUS-000061,0.1391,0.217,0.01,0.0901,Low,0.928
RSK000062,CUS-000062,0.2574,0.357,0.1398,0.2185,Low,0.8328
RSK000063,CUS-000063,0.5883,0.3923,0.071,0.2904,Low,0.9881
RSK000064,CUS-000064,0.1865,0.3564,0.2033,0.2289,Low,0.8517
RSK000065,CUS-000065,0.5078,0.2614,0.126,0.2676,Low,0.8173
RSK000066,CUS-000066,0.5599,0.185,0.5224,0.4662,Medium,0.7604
RSK000067,CUS-000067,0.1254,0.3697,0.6376,0.4304,Medium,0.8164
RSK000068,CUS-000068,0.878,0.1273,0.3782,0.478,Medium,0.8212
RSK000069,CUS-000069,0.8364,0.3896,0.5986,0.6281,Medium,0.892
RSK000070,CUS-000070,0.1259,0.3345,0.4812,0.3453,Low,0.8606
RSK000071,CUS-000071,0.746,0.1215,0.463,0.4796,Medium,0.7202
RSK000072,CUS-000072,0.6964,0.3537,0.3981,0.4787,Medium,0.924
RSK000073,CUS-000073,0.7898,0.2381,0.5884,0.5788,Medium,0.7986
RSK000074,CUS-000074,0.3802,0.1475,0.01,0.1486,Low,0.7084
RSK000075,CUS-000075,0.6496,0.2157,0.696,0.586,Medium,0.9464
RSK000076,CUS-000076,0.8633,0.4093,0.5436,0.6127,Medium,0.9704
RSK000077,CUS-000077,0.2892,0.2382,0.3134,0.2911,Low,0.9183
RSK000078,CUS-000078,0.8021,0.2199,0.5278,0.5485,Medium,0.9388
RSK000079,CUS-000079,0.5144,0.1906,0.6434,0.5141,Medium,0.868
RSK000080,CUS-000080,0.7365,0.3527,0.2784,0.4307,Medium,0.7922
RSK000081,CUS-000081,0.7686,0.1919,0.69,0.614,Medium,0.7103
RSK000082,CUS-000082,0.1807,0.3349,0.1795,0.2109,Low,0.8311
RSK000083,CUS-000083,0.4625,0.1625,0.1222,0.2324,Low,0.9777
RSK000084,CUS-000084,0.6522,0.2693,0.2244,0.3617,Low,0.9678
RSK000085,CUS-000085,0.2722,0.2296,0.8023,0.5287,Medium,0.8506
RSK000086,CUS-000086,0.567,0.2612,0.2416,0.3431,Low,0.9745
RSK000087,CUS-000087,0.5896,0.2508,0.6634,0.5587,Medium,0.7004
RSK000088,CUS-000088,0.1835,0.1301,0.3981,0.2801,Low,0.8008
RSK000089,CUS-000089,0.2469,0.2699,0.3757,0.3159,Low,0.8137
RSK000090,CUS-000090,0.5429,0.4387,0.4512,0.4762,Medium,0.8504
RSK000091,CUS-000091,0.7585,0.4695,0.3044,0.4736,Medium,0.8854
RSK000092,CUS-000092,0.8249,0.1756,0.0552,0.3102,Low,0.7744
RSK000093,CUS-000093,0.7816,0.4653,0.8504,0.7527,High,0.9457
RSK000094,CUS-000094,0.8756,0.301,0.5012,0.5735,Medium,0.7509
RSK000095,CUS-000095,0.7977,0.4447,0.3682,0.5123,Medium,0.9708
RSK000096,CUS-000096,0.6746,0.2059,0.1401,0.3136,Low,0.8802
RSK000097,CUS-000097,0.4934,0.1511,0.4552,0.4058,Medium,0.7014
RSK000098,CUS-000098,0.3648,0.1676,0.2677,0.2768,Low,0.8353
RSK000099,CUS-000099,0.4034,0.2862,0.687,0.5218,Medium,0.8353
RSK000100,CUS-000100,0.3844,0.1918,0.6644,0.4859,Medium,0.751
RSK000101,CUS-000101,0.1263,0.3421,0.4554,0.334,Low,0.8796
RSK000102,CUS-000102,0.1313,0.4744,0.4288,0.3487,Low,0.7276
RSK000103,CUS-000103,0.8039,0.3043,0.1875,0.3958,Low,0.7239
RSK000104,CUS-000104,0.7208,0.3602,0.2084,0.3925,Low,0.7617
RSK000105,CUS-000105,0.6549,0.2291,0.4018,0.4432,Medium,0.8658
RSK000106,CUS-000106,0.8922,0.3531,0.01,0.3433,Low,0.7702
RSK000107,CUS-000107,0.4572,0.1274,0.4987,0.412,Medium,0.7489
RSK000108,CUS-000108,0.5559,0.167,0.1966,0.2985,Low,0.9429
RSK000109,CUS-000109,0.1624,0.4539,0.01,0.1445,Low,0.9365
RSK000110,CUS-000110,0.6171,0.1864,0.3946,0.4197,Medium,0.9113
RSK000111,CUS-000111,0.2711,0.3392,0.3806,0.3395,Low,0.9262
RSK000112,CUS-000112,0.8103,0.2617,0.5047,0.5478,Medium,0.8812
RSK000113,CUS-000113,0.8855,0.3808,0.0306,0.3571,Low,0.8439
RSK000114,CUS-000114,0.2646,0.2247,0.5461,0.3974,Low,0.7893
RSK000115,CUS-000115,0.8913,0.4555,0.5625,0.6397,Medium,0.7951
RSK000116,CUS-000116,0.1137,0.4281,0.4956,0.3675,Low,0.9551
RSK000117,CUS-000117,0.4696,0.105,0.0893,0.2065,Low,0.8158
RSK000118,CUS-000118,0.8152,0.4864,0.5131,0.5984,Medium,0.9567
RSK000119,CUS-000119,0.1546,0.209,0.8217,0.499,Medium,0.8677
RSK000120,CUS-000120,0.1392,0.1414,0.2704,0.2052,Low,0.7373
RSK000121,CUS-000121,0.6508,0.4323,0.6625,0.6129,Medium,0.8186
RSK000122,CUS-000122,0.8786,0.24,0.1858,0.4045,Medium,0.9453
RSK000123,CUS-000123,0.1537,0.3601,0.1166,0.1764,Low,0.7348
RSK000124,CUS-000124,0.8329,0.4634,0.7058,0.6955,Medium,0.7655
RSK000125,CUS-000125,0.4974,0.2574,0.4534,0.4274,Medium,0.8401
RSK000126,CUS-000126,0.7266,0.2727,0.1633,0.3542,Low,0.7731
RSK000127,CUS-000127,0.4979,0.1592,0.4544,0.4084,Medium,0.9353
RSK000128,CUS-000128,0.8636,0.4398,0.5165,0.6053,Medium,0.9759
RSK000129,CUS-000129,0.8483,0.4474,0.2787,0.4833,Medium,0.9507
RSK000130,CUS-000130,0.1118,0.3992,0.2704,0.2486,Low,0.7265
RSK000131,CUS-000131,0.4614,0.1063,0.6025,0.4609,Medium,0.939
RSK000132,CUS-000132,0.5329,0.4843,0.1333,0.3234,Low,0.7348
RSK000133,CUS-000133,0.4055,0.3342,0.1353,0.2561,Low,0.9138
RSK000134,CUS-000134,0.5306,0.3131,0.7491,0.5964,Medium,0.8849
RSK000135,CUS-000135,0.2518,0.1747,0.565,0.393,Low,0.8672
RSK000136,CUS-000136,0.1982,0.3261,0.1757,0.2125,Low,0.7783
RSK000137,CUS-000137,0.2428,0.1005,0.4662,0.326,Low,0.9474
RSK000138,CUS-000138,0.5372,0.3804,0.2661,0.3703,Low,0.9713
RSK000139,CUS-000139,0.5564,0.2769,0.2205,0.3325,Low,0.8614
RSK000140,CUS-000140,0.6214,0.1755,0.4577,0.4504,Medium,0.7183
RSK000141,CUS-000141,0.3546,0.2472,0.3636,0.3376,Low,0.8089
RSK000142,CUS-000142,0.3122,0.1518,0.01,0.129,Low,0.8482
RSK000143,CUS-000143,0.2241,0.3307,0.7003,0.4835,Medium,0.9396
RSK000144,CUS-000144,0.4688,0.4164,0.7499,0.5989,Medium,0.8357
RSK000145,CUS-000145,0.5478,0.2433,0.4042,0.4151,Medium,0.7249
RSK000146,CUS-000146,0.8761,0.4706,0.2903,0.5021,Medium,0.9313
RSK000147,CUS-000147,0.4457,0.3379,0.3415,0.372,Low,0.8011
RSK000148,CUS-000148,0.4631,0.1849,0.59,0.4709,Medium,0.7586
RSK000149,CUS-000149,0.5368,0.2604,0.1482,0.2872,Low,0.8249
RSK000150,CUS-000150,0.7364,0.2552,0.745,0.6445,Medium,0.8112
RSK000151,CUS-000151,0.1203,0.3281,0.779,0.4912,Medium,0.847
RSK000152,CUS-000152,0.3587,0.3065,0.1443,0.2411,Low,0.9029
RSK000153,CUS-000153,0.8333,0.2197,0.749,0.6684,Medium,0.8817
RSK000154,CUS-000154,0.6744,0.2244,0.1453,0.3198,Low,0.7888
RSK000155,CUS-000155,0.8496,0.1899,0.307,0.4464,Medium,0.8358
RSK000156,CUS-000156,0.4226,0.2496,0.5156,0.4345,Medium,0.7784
RSK000157,CUS-000157,0.8911,0.4132,0.5345,0.6172,Medium,0.7207
RSK000158,CUS-000158,0.8125,0.2367,0.1287,0.3554,Low,0.8347
RSK000159,CUS-000159,0.8324,0.4314,0.0375,0.3548,Low,0.9844
RSK000160,CUS-000160,0.3647,0.4819,0.4877,0.4496,Medium,0.7966
RSK000161,CUS-000161,0.417,0.1774,0.3286,0.3249,Low,0.8558
RSK000162,CUS-000162,0.8114,0.3662,0.0304,0.3319,Low,0.8789
RSK000163,CUS-000163,0.4321,0.4197,0.2585,0.3428,Low,0.7889
RSK000164,CUS-000164,0.6868,0.2671,0.3279,0.4234,Medium,0.8524
RSK000165,CUS-000165,0.342,0.354,0.8066,0.5767,Medium,0.8686
RSK000166,CUS-000166,0.7047,0.253,0.1307,0.3274,Low,0.8192
RSK000167,CUS-000167,0.6335,0.46,0.3187,0.4414,Medium,0.7827
RSK000168,CUS-000168,0.6276,0.3191,0.01,0.2571,Low,0.8434
RSK000169,CUS-000169,0.2294,0.2477,0.552,0.3944,Low,0.7286
RSK000170,CUS-000170,0.2283,0.1342,0.2617,0.2262,Low,0.8106
RSK000171,CUS-000171,0.1575,0.3538,0.2078,0.2219,Low,0.8985
RSK000172,CUS-000172,0.287,0.2959,0.4064,0.3485,Low,0.8134
RSK000173,CUS-000173,0.4962,0.2101,0.7533,0.5675,Medium,0.8374
RSK000174,CUS-000174,0.6196,0.2871,0.2401,0.3634,Low,0.867
RSK000175,CUS-000175,0.4085,0.3121,0.4173,0.3936,Low,0.8737
RSK000176,CUS-000176,0.2216,0.1697,0.1068,0.1538,Low,0.7291
RSK000177,CUS-000177,0.8891,0.3088,0.2507,0.4538,Medium,0.9397
RSK000178,CUS-000178,0.6768,0.3572,0.4137,0.4813,Medium,0.8639
RSK000179,CUS-000179,0.1773,0.116,0.2056,0.1792,Low,0.8389
RSK000180,CUS-000180,0.3295,0.2288,0.2363,0.2628,Low,0.8632
RSK000181,CUS-000181,0.2319,0.1696,0.4963,0.3516,Low,0.9444
RSK000182,CUS-000182,0.5543,0.4908,0.6155,0.5722,Medium,0.7791
RSK000183,CUS-000183,0.2928,0.3736,0.5837,0.4544,Medium,0.7247
RSK000184,CUS-000184,0.5664,0.1278,0.6753,0.5331,Medium,0.7138
RSK000185,CUS-000185,0.7799,0.438,0.8395,0.7413,High,0.968
RSK000186,CUS-000186,0.4211,0.3875,0.3453,0.3765,Low,0.954
RSK000187,CUS-000187,0.8454,0.143,0.459,0.5117,Medium,0.9501
RSK000188,CUS-000188,0.2747,0.3412,0.6693,0.4853,Medium,0.862
RSK000189,CUS-000189,0.6279,0.3885,0.5687,0.5504,Medium,0.7437
RSK000190,CUS-000190,0.2782,0.1512,0.0269,0.1271,Low,0.8277
RSK000191,CUS-000191,0.399,0.4384,0.0403,0.2275,Low,0.8792
RSK000192,CUS-000192,0.6732,0.191,0.1415,0.3109,Low,0.9863
RSK000193,CUS-000193,0.1947,0.2003,0.3912,0.2941,Low,0.7405
RSK000194,CUS-000194,0.6863,0.1435,0.4447,0.4569,Medium,0.9181
RSK000195,CUS-000195,0.7336,0.3971,0.7038,0.6514,Medium,0.8381
RSK000196,CUS-000196,0.4254,0.2266,0.782,0.5639,Medium,0.8857
RSK000197,CUS-000197,0.8328,0.4114,0.3692,0.5167,Medium,0.7163
RSK000198,CUS-000198,0.7698,0.3452,0.2966,0.4483,Medium,0.75
RSK000199,CUS-000199,0.5059,0.3937,0.6897,0.5754,Medium,0.735
RSK000200,CUS-000200,0.2745,0.2565,0.5884,0.4279,Medium,0.8623
RSK000201,CUS-000201,0.8447,0.3281,0.3448,0.4914,Medium,0.9129
RSK000202,CUS-000202,0.1045,0.1119,0.01,0.0587,Low,0.8634
RSK000203,CUS-000203,0.5362,0.3065,0.1631,0.3037,Low,0.7275
RSK000204,CUS-000204,0.1886,0.4247,0.4466,0.3648,Low,0.9405
RSK000205,CUS-000205,0.7347,0.3684,0.2038,0.396,Low,0.8943
RSK000206,CUS-000206,0.3907,0.3921,0.2689,0.3301,Low,0.7866
RSK000207,CUS-000207,0.3213,0.4899,0.3523,0.3705,Low,0.775
RSK000208,CUS-000208,0.7584,0.3346,0.4849,0.5369,Medium,0.8778
RSK000209,CUS-000209,0.2549,0.1794,0.1121,0.1684,Low,0.9125
RSK000210,CUS-000210,0.2161,0.1483,0.25,0.2195,Low,0.8821
RSK000211,CUS-000211,0.4116,0.3765,0.7036,0.5506,Medium,0.9016
RSK000212,CUS-000212,0.5169,0.4908,0.4941,0.5003,Medium,0.7471
RSK000213,CUS-000213,0.2556,0.4,0.3177,0.3155,Low,0.7799
RSK000214,CUS-000214,0.2954,0.2723,0.4696,0.3779,Low,0.8373
RSK000215,CUS-000215,0.2268,0.3371,0.2576,0.2643,Low,0.9599
RSK000216,CUS-000216,0.7003,0.3446,0.7076,0.6328,Medium,0.7292
RSK000217,CUS-000217,0.8967,0.1714,0.4842,0.5454,Medium,0.9849
RSK000218,CUS-000218,0.4313,0.3456,0.4391,0.4181,Medium,0.7619
RSK000219,CUS-000219,0.8992,0.2273,0.6378,0.6341,Medium,0.7432
RSK000220,CUS-000220,0.1803,0.4787,0.1856,0.2426,Low,0.7226
RSK000221,CUS-000221,0.5453,0.1853,0.2845,0.3429,Low,0.8996
RSK000222,CUS-000222,0.5184,0.1959,0.0239,0.2066,Low,0.9586
RSK000223,CUS-000223,0.5342,0.4827,0.0803,0.2969,Low,0.7446
RSK000224,CUS-000224,0.4935,0.421,0.4247,0.4446,Medium,0.8944
RSK000225,CUS-000225,0.3713,0.3263,0.668,0.5107,Medium,0.7845
RSK000226,CUS-000226,0.7808,0.4726,0.7369,0.6972,Medium,0.982
RSK000227,CUS-000227,0.7825,0.26,0.103,0.3382,Low,0.9117
RSK000228,CUS-000228,0.4404,0.1247,0.4407,0.3774,Low,0.8615
RSK000229,CUS-000229,0.5216,0.3214,0.7561,0.5988,Medium,0.9631
RSK000230,CUS-000230,0.3369,0.3006,0.2609,0.2916,Low,0.9513
RSK000231,CUS-000231,0.1575,0.2073,0.2568,0.2171,Low,0.7233
RSK000232,CUS-000232,0.1799,0.3247,0.1273,0.1826,Low,0.8193
RSK000233,CUS-000233,0.4403,0.2702,0.2253,0.2988,Low,0.9528
RSK000234,CUS-000234,0.3708,0.1786,0.4505,0.3722,Low,0.9496
RSK000235,CUS-000235,0.3268,0.4598,0.7644,0.5722,Medium,0.9293
RSK000236,CUS-000236,0.3607,0.3297,0.3683,0.3583,Low,0.7848
RSK000237,CUS-000237,0.2951,0.4355,0.5311,0.4412,Medium,0.809
RSK000238,CUS-000238,0.645,0.3582,0.4627,0.4965,Medium,0.9064
RSK000239,CUS-000239,0.5906,0.2602,0.0152,0.2368,Low,0.7034
RSK000240,CUS-000240,0.552,0.4526,0.6648,0.5885,Medium,0.9294
RSK000241,CUS-000241,0.3287,0.2467,0.2721,0.284,Low,0.8803
RSK000242,CUS-000242,0.8212,0.3822,0.7541,0.6999,Medium,0.9312
RSK000243,CUS-000243,0.1884,0.4318,0.196,0.2409,Low,0.9017
RSK000244,CUS-000244,0.5827,0.1125,0.2778,0.3362,Low,0.7345
RSK000245,CUS-000245,0.1965,0.148,0.5392,0.3582,Low,0.9105
RSK000246,CUS-000246,0.4619,0.4906,0.351,0.4122,Medium,0.7144
RSK000247,CUS-000247,0.2091,0.3358,0.685,0.4724,Medium,0.8647
RSK000248,CUS-000248,0.8564,0.1454,0.0999,0.3359,Low,0.9518
RSK000249,CUS-000249,0.6761,0.1643,0.7233,0.5973,Medium,0.8835
RSK000250,CUS-000250,0.8369,0.1687,0.7167,0.6432,Medium,0.7189
RSK000251,CUS-000251,0.1613,0.2422,0.5152,0.3544,Low,0.9609
RSK000252,CUS-000252,0.7227,0.3173,0.6676,0.6141,Medium,0.9414
RSK000253,CUS-000253,0.8479,0.1621,0.7948,0.6842,Medium,0.7098
RSK000254,CUS-000254,0.5577,0.3464,0.01,0.2416,Low,0.929
RSK000255,CUS-000255,0.2893,0.4507,0.0892,0.2215,Low,0.9377
RSK000256,CUS-000256,0.6881,0.1863,0.4048,0.4461,Medium,0.9455
RSK000257,CUS-000257,0.3571,0.4054,0.3754,0.3759,Low,0.9785
RSK000258,CUS-000258,0.5509,0.4247,0.5284,0.5144,Medium,0.9165
RSK000259,CUS-000259,0.2937,0.273,0.3783,0.3319,Low,0.7741
RSK000260,CUS-000260,0.6438,0.2041,0.015,0.2415,Low,0.8379
RSK000261,CUS-000261,0.3083,0.4011,0.5251,0.4353,Medium,0.8061
RSK000262,CUS-000262,0.5378,0.3173,0.2101,0.3299,Low,0.983
RSK000263,CUS-000263,0.8294,0.1699,0.4479,0.5068,Medium,0.942
RSK000264,CUS-000264,0.2204,0.4692,0.7116,0.5158,Medium,0.8639
RSK000265,CUS-000265,0.397,0.382,0.4646,0.4278,Medium,0.8116
RSK000266,CUS-000266,0.4343,0.1663,0.6186,0.4729,Medium,0.7447
RSK000267,CUS-000267,0.2865,0.4093,0.329,0.3323,Low,0.7254
RSK000268,CUS-000268,0.315,0.3118,0.4961,0.4049,Medium,0.956
RSK000269,CUS-000269,0.3175,0.4917,0.01,0.1986,Low,0.7784
RSK000270,CUS-000270,0.3851,0.1765,0.1965,0.2491,Low,0.9483
RSK000271,CUS-000271,0.7589,0.2433,0.0533,0.303,Low,0.7287
RSK000272,CUS-000272,0.3195,0.2012,0.2128,0.2425,Low,0.9829
RSK000273,CUS-000273,0.2024,0.4021,0.172,0.2271,Low,0.7622
RSK000274,CUS-000274,0.3817,0.2715,0.01,0.1738,Low,0.939
RSK000275,CUS-000275,0.5524,0.4342,0.162,0.3336,Low,0.7053
RSK000276,CUS-000276,0.1257,0.1182,0.2476,0.1851,Low,0.7999
RSK000277,CUS-000277,0.683,0.3268,0.7256,0.6331,Medium,0.757
RSK000278,CUS-000278,0.846,0.1587,0.3131,0.4421,Medium,0.9008
RSK000279,CUS-000279,0.3894,0.1683,0.0712,0.1861,Low,0.9514
RSK000280,CUS-000280,0.7782,0.2507,0.5696,0.5684,Medium,0.8664
RSK000281,CUS-000281,0.6682,0.3712,0.7309,0.6401,Medium,0.8025
RSK000282,CUS-000282,0.469,0.289,0.1003,0.2486,Low,0.7988
RSK000283,CUS-000283,0.5314,0.3042,0.0756,0.2581,Low,0.7462
RSK000284,CUS-000284,0.8397,0.4266,0.5368,0.6056,Medium,0.7871
RSK000285,CUS-000285,0.1817,0.2881,0.3694,0.2968,Low,0.8538
RSK000286,CUS-000286,0.6627,0.2196,0.6173,0.5514,Medium,0.9199
RSK000287,CUS-000287,0.7434,0.3148,0.6444,0.6082,Medium,0.9633
RSK000288,CUS-000288,0.5494,0.3641,0.7709,0.6231,Medium,0.9417
RSK000289,CUS-000289,0.3311,0.255,0.2774,0.289,Low,0.8818
RSK000290,CUS-000290,0.2495,0.2405,0.4495,0.3477,Low,0.8661
RSK000291,CUS-000291,0.3688,0.1268,0.1915,0.2318,Low,0.8223
RSK000292,CUS-000292,0.4448,0.2223,0.5818,0.4688,Medium,0.806
RSK000293,CUS-000293,0.1648,0.2266,0.5468,0.3682,Low,0.9802
RSK000294,CUS-000294,0.3851,0.3327,0.726,0.5451,Medium,0.7289
RSK000295,CUS-000295,0.2854,0.3167,0.555,0.4265,Medium,0.7637
RSK000296,CUS-000296,0.1684,0.1866,0.3608,0.2682,Low,0.9449
RSK000297,CUS-000297,0.4891,0.1839,0.2105,0.2888,Low,0.7577
RSK000298,CUS-000298,0.657,0.1956,0.0998,0.2861,Low,0.7344
RSK000299,CUS-000299,0.4105,0.211,0.01,0.1704,Low,0.8654
RSK000300,CUS-000300,0.78,0.3413,0.5618,0.5832,Medium,0.7422
RSK000301,CUS-000301,0.4464,0.3586,0.1603,0.2858,Low,0.7789
RSK000302,CUS-000302,0.8503,0.3117,0.5395,0.5872,Medium,0.7029
RSK000303,CUS-000303,0.3713,0.2745,0.509,0.4208,Medium,0.8835
RSK000304,CUS-000304,0.5061,0.2262,0.6576,0.5259,Medium,0.9874
RSK000305,CUS-000305,0.8172,0.4344,0.5288,0.5964,Medium,0.7136
RSK000306,CUS-000306,0.1275,0.2657,0.01,0.0964,Low,0.7564
RSK000307,CUS-000307,0.2987,0.3739,0.6102,0.4695,Medium,0.7542
RSK000308,CUS-000308,0.4459,0.3567,0.4628,0.4365,Medium,0.9811
RSK000309,CUS-000309,0.7802,0.4729,0.6736,0.6654,Medium,0.8744
RSK000310,CUS-000310,0.2396,0.2412,0.7656,0.5029,Medium,0.8089
RSK000311,CUS-000311,0.7417,0.3879,0.5002,0.5502,Medium,0.7064
RSK000312,CUS-000312,0.4557,0.478,0.3976,0.4311,Medium,0.9389
RSK000313,CUS-000313,0.6219,0.4646,0.202,0.3805,Low,0.81
RSK000314,CUS-000314,0.5561,0.3594,0.0921,0.2848,Low,0.8966
RSK000315,CUS-000315,0.3099,0.3816,0.0409,0.1897,Low,0.7514
RSK000316,CUS-000316,0.2128,0.3715,0.3326,0.3044,Low,0.9168
RSK000317,CUS-000317,0.1791,0.2734,0.6533,0.4351,Medium,0.7366
RSK000318,CUS-000318,0.6467,0.2122,0.4966,0.4848,Medium,0.8954
RSK000319,CUS-000319,0.3633,0.3286,0.0273,0.1884,Low,0.7712
RSK000320,CUS-000320,0.4675,0.3718,0.3452,0.3872,Low,0.889
RSK000321,CUS-000321,0.8148,0.4756,0.7058,0.6925,Medium,0.9263
RSK000322,CUS-000322,0.2982,0.2537,0.0242,0.1523,Low,0.716
RSK000323,CUS-000323,0.7592,0.322,0.2489,0.4166,Medium,0.7856
RSK000324,CUS-000324,0.6336,0.2788,0.6147,0.5532,Medium,0.9709
RSK000325,CUS-000325,0.2052,0.3705,0.0371,0.1542,Low,0.7669
RSK000326,CUS-000326,0.2839,0.2915,0.1854,0.2362,Low,0.8178
RSK000327,CUS-000327,0.8167,0.3608,0.01,0.3222,Low,0.9139
RSK000328,CUS-000328,0.5708,0.3149,0.8236,0.646,Medium,0.9279
RSK000329,CUS-000329,0.2861,0.4224,0.4267,0.3837,Low,0.752
RSK000330,CUS-000330,0.3686,0.312,0.2376,0.2918,Low,0.8909
RSK000331,CUS-000331,0.3885,0.449,0.7352,0.5739,Medium,0.9542
RSK000332,CUS-000332,0.687,0.2464,0.2705,0.3906,Low,0.8173
RSK000333,CUS-000333,0.6792,0.3204,0.4446,0.4901,Medium,0.9234
RSK000334,CUS-000334,0.4285,0.2119,0.5494,0.4456,Medium,0.8768
RSK000335,CUS-000335,0.5524,0.3776,0.2424,0.3624,Low,0.9226
RSK000336,CUS-000336,0.8612,0.3549,0.0545,0.3566,Low,0.9284
RSK000337,CUS-000337,0.1572,0.3905,0.1813,0.2159,Low,0.8482
RSK000338,CUS-000338,0.3498,0.214,0.2336,0.2645,Low,0.9119
RSK000339,CUS-000339,0.4072,0.4084,0.6215,0.5146,Medium,0.7414
RSK000340,CUS-000340,0.5482,0.1816,0.6732,0.5374,Medium,0.9618
RSK000341,CUS-000341,0.2618,0.2552,0.5635,0.4113,Medium,0.8426
RSK000342,CUS-000342,0.4151,0.3918,0.6176,0.5117,Medium,0.7601
RSK000343,CUS-000343,0.7069,0.3504,0.4,0.4821,Medium,0.9372
RSK000344,CUS-000344,0.6181,0.1014,0.4955,0.4535,Medium,0.7736
RSK000345,CUS-000345,0.1525,0.382,0.4286,0.3365,Low,0.8576
RSK000346,CUS-000346,0.5759,0.111,0.3378,0.3639,Low,0.7188
RSK000347,CUS-000347,0.3776,0.1834,0.1773,0.2386,Low,0.8292
RSK000348,CUS-000348,0.5217,0.2863,0.7185,0.573,Medium,0.9899
RSK000349,CUS-000349,0.5029,0.1761,0.4664,0.4193,Medium,0.9541
RSK000350,CUS-000350,0.7348,0.1137,0.2806,0.3835,Low,0.9849
RSK000351,CUS-000351,0.189,0.1861,0.1238,0.1558,Low,0.781
RSK000352,CUS-000352,0.8556,0.2777,0.6067,0.6156,Medium,0.8919
RSK000353,CUS-000353,0.1271,0.2617,0.3234,0.2522,Low,0.9276
RSK000354,CUS-000354,0.6622,0.1981,0.2336,0.3551,Low,0.8466
RSK000355,CUS-000355,0.5434,0.3667,0.8035,0.6381,Medium,0.9697
RSK000356,CUS-000356,0.259,0.4419,0.2143,0.2732,Low,0.7564
RSK000357,CUS-000357,0.5071,0.1497,0.612,0.4881,Medium,0.9721
RSK000358,CUS-000358,0.1313,0.4785,0.1218,0.196,Low,0.9893
RSK000359,CUS-000359,0.661,0.1489,0.0802,0.2682,Low,0.9535
RSK000360,CUS-000360,0.8929,0.2689,0.7158,0.6795,Medium,0.738
RSK000361,CUS-000361,0.2496,0.4459,0.1214,0.2248,Low,0.8132
RSK000362,CUS-000362,0.1358,0.2072,0.4474,0.3059,Low,0.7156
RSK000363,CUS-000363,0.8093,0.3869,0.0928,0.3666,Low,0.7381
RSK000364,CUS-000364,0.3785,0.1446,0.1275,0.2062,Low,0.9042
RSK000365,CUS-000365,0.1421,0.1567,0.2967,0.2223,Low,0.8735
RSK000366,CUS-000366,0.4175,0.3337,0.2114,0.2977,Low,0.914
RSK000367,CUS-000367,0.7512,0.4816,0.5439,0.5936,Medium,0.7668
RSK000368,CUS-000368,0.4167,0.3873,0.6855,0.5452,Medium,0.8776
RSK000369,CUS-000369,0.6245,0.337,0.6022,0.5558,Medium,0.7289
RSK000370,CUS-000370,0.6106,0.4543,0.01,0.279,Low,0.8228
RSK000371,CUS-000371,0.3871,0.2621,0.2752,0.3062,Low,0.9626
RSK000372,CUS-000372,0.8271,0.4286,0.578,0.6228,Medium,0.982
RSK000373,CUS-000373,0.1843,0.3734,0.6846,0.4723,Medium,0.8757
RSK000374,CUS-000374,0.6117,0.328,0.424,0.4611,Medium,0.7327
RSK000375,CUS-000375,0.6948,0.454,0.0127,0.3056,Low,0.868
RSK000376,CUS-000376,0.8086,0.2193,0.5644,0.5686,Medium,0.9164
RSK000377,CUS-000377,0.5268,0.4306,0.1078,0.2981,Low,0.9872
RSK000378,CUS-000378,0.1914,0.1564,0.4507,0.314,Low,0.9475
RSK000379,CUS-000379,0.7316,0.3695,0.4038,0.4953,Medium,0.8767
RSK000380,CUS-000380,0.4343,0.3239,0.8358,0.613,Medium,0.7064
RSK000381,CUS-000381,0.5346,0.3309,0.1317,0.2924,Low,0.9045
RSK000382,CUS-000382,0.6392,0.1418,0.5326,0.4864,Medium,0.8317
RSK000383,CUS-000383,0.2482,0.2421,0.3821,0.3139,Low,0.7979
RSK000384,CUS-000384,0.8746,0.1577,0.4355,0.5117,Medium,0.9532
RSK000385,CUS-000385,0.5374,0.3228,0.5909,0.5212,Medium,0.9098
RSK000386,CUS-000386,0.7823,0.188,0.4585,0.5015,Medium,0.7523
RSK000387,CUS-000387,0.5148,0.3154,0.7296,0.5823,Medium,0.7738
RSK000388,CUS-000388,0.7064,0.4991,0.7911,0.7073,High,0.961
RSK000389,CUS-000389,0.5924,0.1514,0.1188,0.2674,Low,0.8805
RSK000390,CUS-000390,0.4855,0.379,0.8323,0.6376,Medium,0.7152
RSK000391,CUS-000391,0.328,0.2559,0.3329,0.316,Low,0.7002
RSK000392,CUS-000392,0.7905,0.2794,0.424,0.505,Medium,0.8054
RSK000393,CUS-000393,0.4781,0.2984,0.0184,0.2123,Low,0.9347
RSK000394,CUS-000394,0.7047,0.1292,0.5053,0.4899,Medium,0.9509
RSK000395,CUS-000395,0.706,0.2064,0.4721,0.4891,Medium,0.9582
RSK000396,CUS-000396,0.8495,0.1005,0.0155,0.2827,Low,0.9593
RSK000397,CUS-000397,0.2825,0.2268,0.5135,0.3869,Low,0.7619
RSK000398,CUS-000398,0.1818,0.1571,0.1551,0.1635,Low,0.95
RSK000399,CUS-000399,0.5085,0.2667,0.4147,0.4132,Medium,0.7636
RSK000400,CUS-000400,0.1797,0.4702,0.2497,0.2728,Low,0.862
RSK000401,CUS-000401,0.2088,0.2699,0.5411,0.3872,Low,0.7393
RSK000402,CUS-000402,0.6254,0.4141,0.3971,0.469,Medium,0.8594
RSK000403,CUS-000403,0.6107,0.2457,0.3436,0.4042,Medium,0.8303
RSK000404,CUS-000404,0.3606,0.3309,0.0377,0.1932,Low,0.8962
RSK000405,CUS-000405,0.2167,0.4819,0.1528,0.2378,Low,0.7222
RSK000406,CUS-000406,0.7554,0.4098,0.7223,0.6697,Medium,0.9719
RSK000407,CUS-000407,0.3257,0.4443,0.6619,0.5175,Medium,0.8416
RSK000408,CUS-000408,0.411,0.3125,0.8201,0.5958,Medium,0.9592
RSK000409,CUS-000409,0.3106,0.2352,0.5427,0.4116,Medium,0.7311
RSK000410,CUS-000410,0.8409,0.1863,0.1837,0.3814,Low,0.7741
RSK000411,CUS-000411,0.4421,0.4277,0.6161,0.5262,Medium,0.9276
RSK000412,CUS-000412,0.1415,0.4349,0.1077,0.1833,Low,0.972
RSK000413,CUS-000413,0.5906,0.1798,0.01,0.2181,Low,0.7761
RSK000414,CUS-000414,0.5759,0.4402,0.2991,0.4104,Medium,0.7026
RSK000415,CUS-000415,0.4112,0.4559,0.79,0.6095,Medium,0.7876
RSK000416,CUS-000416,0.3184,0.4634,0.4599,0.4181,Medium,0.8347
RSK000417,CUS-000417,0.3496,0.427,0.5306,0.4556,Medium,0.7355
RSK000418,CUS-000418,0.774,0.2552,0.7439,0.6552,Medium,0.8852
RSK000419,CUS-000419,0.1472,0.315,0.01,0.1122,Low,0.7414
RSK000420,CUS-000420,0.1059,0.4267,0.7285,0.4814,Medium,0.8499
RSK000421,CUS-000421,0.4452,0.1462,0.3869,0.3563,Low,0.7298
RSK000422,CUS-000422,0.1225,0.4918,0.1407,0.2055,Low,0.9843
RSK000423,CUS-000423,0.6818,0.4324,0.4026,0.4923,Medium,0.7363
RSK000424,CUS-000424,0.8375,0.4163,0.7561,0.7126,High,0.7582
RSK000425,CUS-000425,0.2282,0.1842,0.491,0.3508,Low,0.782
RSK000426,CUS-000426,0.7514,0.4012,0.3946,0.503,Medium,0.965
RSK000427,CUS-000427,0.365,0.3002,0.0845,0.2118,Low,0.7041
RSK000428,CUS-000428,0.358,0.3277,0.01,0.1779,Low,0.8502
RSK000429,CUS-000429,0.2832,0.1804,0.2819,0.262,Low,0.9631
RSK000430,CUS-000430,0.4304,0.1558,0.545,0.4328,Medium,0.8471
RSK000431,CUS-000431,0.6692,0.1591,0.3252,0.3952,Low,0.8323
RSK000432,CUS-000432,0.4521,0.2012,0.6727,0.5122,Medium,0.8982
RSK000433,CUS-000433,0.7085,0.1193,0.2997,0.3863,Low,0.8078
RSK000434,CUS-000434,0.2281,0.1391,0.5588,0.3756,Low,0.8511
RSK000435,CUS-000435,0.4608,0.3089,0.2641,0.3321,Low,0.8497
RSK000436,CUS-000436,0.6679,0.3329,0.1563,0.3451,Low,0.7575
RSK000437,CUS-000437,0.5198,0.4034,0.6825,0.5779,Medium,0.7971
RSK000438,CUS-000438,0.2704,0.1415,0.5835,0.4012,Medium,0.7996
RSK000439,CUS-000439,0.4326,0.4859,0.2285,0.3412,Low,0.9131
RSK000440,CUS-000440,0.1192,0.3601,0.7994,0.5075,Medium,0.761
RSK000441,CUS-000441,0.7984,0.2348,0.2048,0.3889,Low,0.8797
RSK000442,CUS-000442,0.7248,0.1973,0.6547,0.5843,Medium,0.9752
RSK000443,CUS-000443,0.6943,0.1092,0.5446,0.5024,Medium,0.9781
RSK000444,CUS-000444,0.7806,0.3812,0.4624,0.5416,Medium,0.7252
RSK000445,CUS-000445,0.1598,0.4669,0.7494,0.516,Medium,0.915
RSK000446,CUS-000446,0.5052,0.2444,0.5042,0.4525,Medium,0.9272
RSK000447,CUS-000447,0.4568,0.1891,0.0371,0.1934,Low,0.8895
RSK000448,CUS-000448,0.1216,0.4596,0.2886,0.2727,Low,0.7981
RSK000449,CUS-000449,0.6204,0.2579,0.2566,0.366,Low,0.8764
RSK000450,CUS-000450,0.1797,0.2587,0.8202,0.5158,Medium,0.73
RSK000451,CUS-000451,0.6528,0.373,0.1404,0.3406,Low,0.9441
RSK000452,CUS-000452,0.5601,0.1124,0.7259,0.5535,Medium,0.7584
RSK000453,CUS-000453,0.3838,0.1109,0.5005,0.3876,Low,0.8604
RSK000454,CUS-000454,0.8284,0.3011,0.5882,0.6028,Medium,0.778
RSK000455,CUS-000455,0.1595,0.1084,0.2616,0.2003,Low,0.9759
RSK000456,CUS-000456,0.8847,0.4727,0.2803,0.5001,Medium,0.9137
RSK000457,CUS-000457,0.1832,0.3295,0.2122,0.227,Low,0.8671
RSK000458,CUS-000458,0.6526,0.33,0.0267,0.2751,Low,0.7513
RSK000459,CUS-000459,0.4951,0.3054,0.3344,0.3768,Low,0.7476
RSK000460,CUS-000460,0.4916,0.2955,0.4503,0.4317,Medium,0.7225
RSK000461,CUS-000461,0.4355,0.3376,0.6116,0.504,Medium,0.9504
RSK000462,CUS-000462,0.4594,0.2728,0.5757,0.4802,Medium,0.8601
RSK000463,CUS-000463,0.18,0.4736,0.1939,0.2457,Low,0.732
RSK000464,CUS-000464,0.6439,0.2061,0.3268,0.3978,Low,0.7958
RSK000465,CUS-000465,0.1162,0.3249,0.301,0.2503,Low,0.8349
RSK000466,CUS-000466,0.7727,0.1585,0.204,0.3655,Low,0.9585
RSK000467,CUS-000467,0.8173,0.22,0.4503,0.5143,Medium,0.7527
RSK000468,CUS-000468,0.5223,0.2101,0.3923,0.3949,Low,0.9507
RSK000469,CUS-000469,0.7444,0.2321,0.2142,0.3768,Low,0.7929
RSK000470,CUS-000470,0.4536,0.3515,0.5196,0.4662,Medium,0.7426
RSK000471,CUS-000471,0.3002,0.3897,0.0698,0.2029,Low,0.8668
RSK000472,CUS-000472,0.133,0.4237,0.6483,0.4488,Medium,0.86
RSK000473,CUS-000473,0.4872,0.3101,0.4719,0.4441,Medium,0.9036
RSK000474,CUS-000474,0.4248,0.248,0.011,0.1825,Low,0.9398
RSK000475,CUS-000475,0.68,0.1063,0.6437,0.5471,Medium,0.7839
RSK000476,CUS-000476,0.3422,0.2944,0.224,0.2735,Low,0.8224
RSK000477,CUS-000477,0.1354,0.3999,0.8028,0.522,Medium,0.7207
RSK000478,CUS-000478,0.2129,0.1504,0.3612,0.2746,Low,0.8313
RSK000479,CUS-000479,0.8835,0.2031,0.3143,0.4628,Medium,0.8331
RSK000480,CUS-000480,0.7048,0.3084,0.6258,0.586,Medium,0.7828
RSK000481,CUS-000481,0.1946,0.248,0.6531,0.4345,Medium,0.7439
RSK000482,CUS-000482,0.8094,0.3928,0.5242,0.5835,Medium,0.8627
RSK000483,CUS-000483,0.5167,0.3362,0.6225,0.5335,Medium,0.7174
RSK000484,CUS-000484,0.8412,0.1039,0.0148,0.2805,Low,0.7718
RSK000485,CUS-000485,0.3561,0.4362,0.7707,0.5794,Medium,0.9414
RSK000486,CUS-000486,0.6601,0.3695,0.2989,0.4214,Medium,0.8122
RSK000487,CUS-000487,0.3661,0.478,0.3332,0.372,Low,0.7039
RSK000488,CUS-000488,0.2013,0.4262,0.4472,0.3692,Low,0.9663
RSK000489,CUS-000489,0.2731,0.1563,0.2731,0.2497,Low,0.851
RSK000490,CUS-000490,0.8965,0.3409,0.0447,0.3595,Low,0.9839
RSK000491,CUS-000491,0.7019,0.4171,0.4995,0.5437,Medium,0.7676
RSK000492,CUS-000492,0.1146,0.1514,0.1296,0.1295,Low,0.8439
RSK000493,CUS-000493,0.1718,0.3579,0.4729,0.3596,Low,0.8787
RSK000494,CUS-000494,0.2778,0.1588,0.6216,0.4259,Medium,0.8662
RSK000495,CUS-000495,0.3843,0.2026,0.01,0.1608,Low,0.7773
RSK000496,CUS-000496,0.131,0.4828,0.517,0.3944,Low,0.7134
RSK000497,CUS-000497,0.5196,0.1548,0.1739,0.2738,Low,0.8639
RSK000498,CUS-000498,0.5407,0.2643,0.3686,0.3994,Low,0.9431
RSK000499,CUS-000499,0.7995,0.3395,0.0443,0.3299,Low,0.9
RSK000500,CUS-000500,0.3568,0.3303,0.2904,0.3183,Low,0.8723
RSK000501,CUS-000501,0.7098,0.3331,0.5179,0.5385,Medium,0.7433
RSK000502,CUS-000502,0.4729,0.1836,0.2065,0.2818,Low,0.9748
RSK000503,CUS-000503,0.1765,0.2763,0.0431,0.1298,Low,0.8962
RSK000504,CUS-000504,0.4403,0.4562,0.6623,0.5545,Medium,0.8246
RSK000505,CUS-000505,0.3398,0.2156,0.464,0.3771,Low,0.9319
RSK000506,CUS-000506,0.1764,0.1445,0.6443,0.404,Medium,0.9614
RSK000507,CUS-000507,0.2802,0.1665,0.4111,0.3229,Low,0.9421
RSK000508,CUS-000508,0.1224,0.2544,0.5041,0.3397,Low,0.9234
RSK000509,CUS-000509,0.6537,0.3025,0.1827,0.348,Low,0.8561
RSK000510,CUS-000510,0.2852,0.48,0.1554,0.2593,Low,0.708
RSK000511,CUS-000511,0.6903,0.3152,0.7025,0.6214,Medium,0.803
RSK000512,CUS-000512,0.7651,0.1161,0.0584,0.2819,Low,0.7684
RSK000513,CUS-000513,0.1583,0.19,0.4372,0.3041,Low,0.8548
RSK000514,CUS-000514,0.1343,0.2712,0.2982,0.2436,Low,0.7354
RSK000515,CUS-000515,0.4986,0.4571,0.4418,0.4619,Medium,0.9335
RSK000516,CUS-000516,0.6428,0.4275,0.3677,0.4622,Medium,0.8635
RSK000517,CUS-000517,0.1158,0.3762,0.4246,0.3223,Low,0.971
RSK000518,CUS-000518,0.4023,0.4238,0.1362,0.2735,Low,0.978
RSK000519,CUS-000519,0.791,0.1493,0.5721,0.5532,Medium,0.9453
RSK000520,CUS-000520,0.5312,0.3652,0.5592,0.512,Medium,0.9147
RSK000521,CUS-000521,0.7476,0.4142,0.525,0.5696,Medium,0.8329
RSK000522,CUS-000522,0.8188,0.1762,0.7684,0.6651,Medium,0.985
RSK000523,CUS-000523,0.6417,0.3348,0.1958,0.3574,Low,0.909
RSK000524,CUS-000524,0.6571,0.4085,0.5315,0.5446,Medium,0.9298
RSK000525,CUS-000525,0.7408,0.2038,0.6375,0.5817,Medium,0.8688
RSK000526,CUS-000526,0.1322,0.4309,0.3494,0.3005,Low,0.8762
RSK000527,CUS-000527,0.2385,0.2032,0.4698,0.3471,Low,0.9195
RSK000528,CUS-000528,0.8608,0.4753,0.1608,0.4337,Medium,0.7036
RSK000529,CUS-000529,0.3682,0.1382,0.7262,0.5012,Medium,0.9276
RSK000530,CUS-000530,0.2491,0.3644,0.4348,0.365,Low,0.8599
RSK000531,CUS-000531,0.5775,0.4699,0.6027,0.5686,Medium,0.9669
RSK000532,CUS-000532,0.7204,0.4235,0.6168,0.6092,Medium,0.8655
RSK000533,CUS-000533,0.1853,0.1467,0.8439,0.5069,Medium,0.8756
RSK000534,CUS-000534,0.6166,0.2215,0.01,0.2343,Low,0.9606
RSK000535,CUS-000535,0.3097,0.273,0.2667,0.2809,Low,0.7354
RSK000536,CUS-000536,0.4257,0.3905,0.773,0.5923,Medium,0.7319
RSK000537,CUS-000537,0.1464,0.3179,0.3008,0.2579,Low,0.724
RSK000538,CUS-000538,0.5456,0.1534,0.1642,0.2765,Low,0.7834
RSK000539,CUS-000539,0.2466,0.1035,0.4324,0.3109,Low,0.8
RSK000540,CUS-000540,0.4937,0.2354,0.3506,0.3705,Low,0.832
RSK000541,CUS-000541,0.1343,0.1684,0.5477,0.3478,Low,0.8255
RSK000542,CUS-000542,0.743,0.4545,0.4933,0.5605,Medium,0.7721
RSK000543,CUS-000543,0.3191,0.4942,0.1226,0.2559,Low,0.9392
RSK000544,CUS-000544,0.2151,0.3014,0.01,0.1298,Low,0.8852
RSK000545,CUS-000545,0.5256,0.2644,0.7352,0.5782,Medium,0.8746
RSK000546,CUS-000546,0.8999,0.2456,0.2006,0.4194,Medium,0.7178
RSK000547,CUS-000547,0.7531,0.4408,0.2167,0.4224,Medium,0.8815
RSK000548,CUS-000548,0.7134,0.3683,0.01,0.2927,Low,0.7144
RSK000549,CUS-000549,0.6532,0.131,0.3678,0.4061,Medium,0.9335
RSK000550,CUS-000550,0.805,0.3242,0.6722,0.6424,Medium,0.8101
RSK000551,CUS-000551,0.8892,0.4647,0.7959,0.7577,High,0.908
RSK000552,CUS-000552,0.2495,0.2422,0.6637,0.4551,Medium,0.7683
RSK000553,CUS-000553,0.355,0.3709,0.6278,0.4946,Medium,0.9749
RSK000554,CUS-000554,0.7013,0.2323,0.3395,0.4266,Medium,0.7043
RSK000555,CUS-000555,0.6516,0.4627,0.7124,0.6442,Medium,0.9781
RSK000556,CUS-000556,0.358,0.4372,0.8773,0.6335,Medium,0.7523
RSK000557,CUS-000557,0.7871,0.1883,0.7254,0.6365,Medium,0.7446
RSK000558,CUS-000558,0.11,0.391,0.1598,0.1911,Low,0.7897
RSK000559,CUS-000559,0.4414,0.306,0.4941,0.4407,Medium,0.8689
RSK000560,CUS-000560,0.6749,0.2761,0.4678,0.4916,Medium,0.7413
RSK000561,CUS-000561,0.6105,0.3352,0.3421,0.4212,Medium,0.7665
RSK000562,CUS-000562,0.8356,0.3615,0.2509,0.4484,Medium,0.7807
RSK000563,CUS-000563,0.3684,0.3102,0.491,0.4181,Medium,0.8971
RSK000564,CUS-000564,0.5521,0.4649,0.1312,0.3242,Low,0.9808
RSK000565,CUS-000565,0.5566,0.277,0.3718,0.4083,Medium,0.86
RSK000566,CUS-000566,0.4667,0.4395,0.6878,0.5718,Medium,0.92
RSK000567,CUS-000567,0.2496,0.2391,0.2883,0.2669,Low,0.8971
RSK000568,CUS-000568,0.4094,0.4062,0.5749,0.4915,Medium,0.9563
RSK000569,CUS-000569,0.4465,0.1573,0.2088,0.2698,Low,0.7487
RSK000570,CUS-000570,0.2437,0.1811,0.5947,0.4067,Medium,0.7324
RSK000571,CUS-000571,0.8033,0.1182,0.3859,0.4576,Medium,0.8227
RSK000572,CUS-000572,0.7781,0.3371,0.0395,0.3206,Low,0.9701
RSK000573,CUS-000573,0.6263,0.1853,0.1346,0.2922,Low,0.7339
RSK000574,CUS-000574,0.1819,0.2209,0.405,0.3013,Low,0.9495
RSK000575,CUS-000575,0.4392,0.3042,0.7448,0.565,Medium,0.7527
RSK000576,CUS-000576,0.5177,0.1035,0.0444,0.1982,Low,0.8409
RSK000577,CUS-000577,0.381,0.1082,0.0738,0.1728,Low,0.9833
RSK000578,CUS-000578,0.3504,0.335,0.8263,0.5853,Medium,0.897
RSK000579,CUS-000579,0.3604,0.1226,0.6761,0.4707,Medium,0.9416
RSK000580,CUS-000580,0.3513,0.1769,0.7945,0.538,Medium,0.8935
RSK000581,CUS-000581,0.5104,0.1985,0.3034,0.3445,Low,0.9505
RSK000582,CUS-000582,0.7015,0.107,0.498,0.4808,Medium,0.7777
RSK000583,CUS-000583,0.8604,0.3866,0.5761,0.6235,Medium,0.8428
RSK000584,CUS-000584,0.3391,0.4803,0.2703,0.3329,Low,0.7335
RSK000585,CUS-000585,0.6785,0.1116,0.6027,0.5272,Medium,0.7067
RSK000586,CUS-000586,0.4544,0.2209,0.3836,0.3723,Low,0.9861
RSK000587,CUS-000587,0.4239,0.1681,0.5804,0.451,Medium,0.7588
RSK000588,CUS-000588,0.2592,0.4503,0.137,0.2363,Low,0.7607
RSK000589,CUS-000589,0.8043,0.1206,0.215,0.3729,Low,0.8609
RSK000590,CUS-000590,0.4236,0.1168,0.0996,0.2002,Low,0.898
RSK000591,CUS-000591,0.8462,0.2223,0.5659,0.5813,Medium,0.7141
RSK000592,CUS-000592,0.8663,0.1631,0.3169,0.451,Medium,0.8137
RSK000593,CUS-000593,0.5998,0.2077,0.1861,0.3145,Low,0.7824
RSK000594,CUS-000594,0.2383,0.3292,0.7852,0.5299,Medium,0.8695
RSK000595,CUS-000595,0.6349,0.2553,0.4748,0.4789,Medium,0.774
RSK000596,CUS-000596,0.8732,0.3544,0.5422,0.6039,Medium,0.9268
RSK000597,CUS-000597,0.8905,0.2754,0.3987,0.5216,Medium,0.7192
RSK000598,CUS-000598,0.4186,0.493,0.093,0.2707,Low,0.8002
RSK000599,CUS-000599,0.3195,0.3794,0.5243,0.4339,Medium,0.7443
RSK000600,CUS-000600,0.5444,0.1427,0.7206,0.5522,Medium,0.9796
RSK000601,CUS-000601,0.3492,0.4201,0.2716,0.3246,Low,0.8517
RSK000602,CUS-000602,0.4446,0.235,0.5701,0.4654,Medium,0.8902
RSK000603,CUS-000603,0.7842,0.4682,0.01,0.3339,Low,0.9616
RSK000604,CUS-000604,0.5748,0.2639,0.1068,0.2786,Low,0.8426
RSK000605,CUS-000605,0.2274,0.1563,0.0622,0.1306,Low,0.9398
RSK000606,CUS-000606,0.3199,0.371,0.1903,0.2653,Low,0.7111
RSK000607,CUS-000607,0.8823,0.303,0.3251,0.4878,Medium,0.8602
RSK000608,CUS-000608,0.2797,0.3149,0.227,0.2604,Low,0.9738
RSK000609,CUS-000609,0.8824,0.432,0.508,0.6051,Medium,0.8911
RSK000610,CUS-000610,0.8678,0.4876,0.2985,0.5071,Medium,0.8814
RSK000611,CUS-000611,0.4084,0.4772,0.4189,0.4274,Medium,0.958
RSK000612,CUS-000612,0.3471,0.2818,0.3885,0.3547,Low,0.9072
RSK000613,CUS-000613,0.5327,0.1901,0.4157,0.4057,Medium,0.9825
RSK000614,CUS-000614,0.2804,0.1757,0.5697,0.4041,Medium,0.8789
RSK000615,CUS-000615,0.2838,0.1152,0.1898,0.2031,Low,0.8793
RSK000616,CUS-000616,0.6406,0.1392,0.6638,0.5519,Medium,0.7369
RSK000617,CUS-000617,0.4097,0.4623,0.8499,0.6403,Medium,0.7851
RSK000618,CUS-000618,0.4987,0.4298,0.1413,0.3062,Low,0.9367
RSK000619,CUS-000619,0.2692,0.2929,0.2293,0.254,Low,0.8406
RSK000620,CUS-000620,0.8452,0.2803,0.047,0.3331,Low,0.8942
RSK000621,CUS-000621,0.6678,0.3051,0.567,0.5449,Medium,0.9699
RSK000622,CUS-000622,0.8093,0.3662,0.2232,0.4276,Medium,0.8877
RSK000623,CUS-000623,0.6466,0.4567,0.5819,0.5763,Medium,0.7915
RSK000624,CUS-000624,0.1538,0.3858,0.6464,0.4465,Medium,0.9039
RSK000625,CUS-000625,0.5017,0.3583,0.5946,0.5195,Medium,0.7608
RSK000626,CUS-000626,0.2704,0.2562,0.5386,0.4017,Medium,0.7922
RSK000627,CUS-000627,0.2862,0.4694,0.6371,0.4983,Medium,0.9149
RSK000628,CUS-000628,0.1177,0.3106,0.5998,0.3973,Low,0.7726
RSK000629,CUS-000629,0.2595,0.429,0.7853,0.5563,Medium,0.8198
RSK000630,CUS-000630,0.5771,0.2377,0.8351,0.6382,Medium,0.7816
RSK000631,CUS-000631,0.4952,0.1342,0.8293,0.59,Medium,0.9519
RSK000632,CUS-000632,0.3247,0.3258,0.5177,0.4214,Medium,0.7215
RSK000633,CUS-000633,0.2505,0.2325,0.4937,0.3685,Low,0.8149
RSK000634,CUS-000634,0.4156,0.1277,0.4149,0.3577,Low,0.8009
RSK000635,CUS-000635,0.1234,0.2168,0.6783,0.4195,Medium,0.8581
RSK000636,CUS-000636,0.1918,0.4771,0.5883,0.4471,Medium,0.7844
RSK000637,CUS-000637,0.7255,0.1985,0.0268,0.2707,Low,0.8942
RSK000638,CUS-000638,0.6391,0.3356,0.5429,0.5303,Medium,0.8671
RSK000639,CUS-000639,0.5575,0.1073,0.6973,0.5374,Medium,0.7727
RSK000640,CUS-000640,0.5285,0.3328,0.5666,0.5084,Medium,0.9636
RSK000641,CUS-000641,0.6216,0.4651,0.5765,0.5677,Medium,0.9417
RSK000642,CUS-000642,0.2929,0.189,0.2212,0.2363,Low,0.9761
RSK000643,CUS-000643,0.807,0.4676,0.0781,0.3747,Low,0.8484
RSK000644,CUS-000644,0.4348,0.1154,0.2805,0.2938,Low,0.8258
RSK000645,CUS-000645,0.7979,0.233,0.2456,0.4088,Medium,0.7385
RSK000646,CUS-000646,0.2935,0.3146,0.1855,0.2437,Low,0.8165
RSK000647,CUS-000647,0.2267,0.3009,0.0704,0.1634,Low,0.9501
RSK000648,CUS-000648,0.3003,0.4553,0.3313,0.3468,Low,0.9191
RSK000649,CUS-000649,0.8101,0.3552,0.1862,0.4072,Medium,0.947
RSK000650,CUS-000650,0.3659,0.2821,0.4404,0.3864,Low,0.8547
RSK000651,CUS-000651,0.7734,0.168,0.4006,0.4659,Medium,0.7917
RSK000652,CUS-000652,0.5667,0.2912,0.1012,0.2788,Low,0.8592
RSK000653,CUS-000653,0.8977,0.3264,0.6509,0.66,Medium,0.7129
RSK000654,CUS-000654,0.2229,0.445,0.1421,0.2269,Low,0.7574
RSK000655,CUS-000655,0.6942,0.3188,0.0517,0.2979,Low,0.7744
RSK000656,CUS-000656,0.7157,0.3416,0.3547,0.4604,Medium,0.9873
RSK000657,CUS-000657,0.1257,0.3843,0.5002,0.3647,Low,0.9408
RSK000658,CUS-000658,0.6584,0.2484,0.3729,0.4337,Medium,0.7526
RSK000659,CUS-000659,0.5344,0.2256,0.01,0.2104,Low,0.7787
RSK000660,CUS-000660,0.8331,0.2624,0.2296,0.4172,Medium,0.8964
RSK000661,CUS-000661,0.8227,0.1925,0.2544,0.4125,Medium,0.725
RSK000662,CUS-000662,0.8786,0.221,0.8312,0.7234,High,0.9011
RSK000663,CUS-000663,0.6514,0.1264,0.7306,0.586,Medium,0.8359
RSK000664,CUS-000664,0.4631,0.3521,0.3231,0.3709,Low,0.8565
RSK000665,CUS-000665,0.2379,0.1127,0.8067,0.4973,Medium,0.8308
RSK000666,CUS-000666,0.1103,0.144,0.0377,0.0807,Low,0.8055
RSK000667,CUS-000667,0.7416,0.4013,0.2745,0.44,Medium,0.9018
RSK000668,CUS-000668,0.4005,0.3012,0.3831,0.3719,Low,0.7224
RSK000669,CUS-000669,0.2798,0.2113,0.2245,0.2384,Low,0.7523
RSK000670,CUS-000670,0.8063,0.3289,0.0126,0.314,Low,0.9516
RSK000671,CUS-000671,0.2692,0.3219,0.5063,0.3983,Low,0.7365
RSK000672,CUS-000672,0.5845,0.2462,0.4562,0.4527,Medium,0.7221
RSK000673,CUS-000673,0.2095,0.4744,0.2734,0.2944,Low,0.9771
RSK000674,CUS-000674,0.1789,0.4974,0.1835,0.2449,Low,0.8161
RSK000675,CUS-000675,0.2806,0.3105,0.7319,0.5122,Medium,0.7371
RSK000676,CUS-000676,0.4567,0.1278,0.4319,0.3785,Low,0.8406
RSK000677,CUS-000677,0.8373,0.2671,0.3772,0.4932,Medium,0.9506
RSK000678,CUS-000678,0.2411,0.2634,0.676,0.463,Medium,0.7324
RSK000679,CUS-000679,0.2787,0.3569,0.4179,0.3639,Low,0.9758
RSK000680,CUS-000680,0.6939,0.2992,0.6767,0.6064,Medium,0.9603
RSK000681,CUS-000681,0.6208,0.3649,0.01,0.2642,Low,0.8171
RSK000682,CUS-000682,0.732,0.1458,0.6333,0.5654,Medium,0.7348
RSK000683,CUS-000683,0.6507,0.1907,0.01,0.2383,Low,0.7102
RSK000684,CUS-000684,0.1621,0.3387,0.727,0.4799,Medium,0.8877
RSK000685,CUS-000685,0.492,0.2721,0.5498,0.4769,Medium,0.818
RSK000686,CUS-000686,0.6451,0.2261,0.5487,0.5131,Medium,0.9128
RSK000687,CUS-000687,0.4803,0.4004,0.4609,0.4546,Medium,0.8095
RSK000688,CUS-000688,0.3799,0.4993,0.0821,0.2549,Low,0.8399
RSK000689,CUS-000689,0.8411,0.134,0.2168,0.3875,Low,0.7787
RSK000690,CUS-000690,0.5477,0.1665,0.1983,0.2968,Low,0.7815
RSK000691,CUS-000691,0.2682,0.1351,0.3384,0.2767,Low,0.7452
RSK000692,CUS-000692,0.1367,0.1813,0.2287,0.1916,Low,0.8625
RSK000693,CUS-000693,0.728,0.4566,0.6065,0.613,Medium,0.8633
RSK000694,CUS-000694,0.1713,0.1038,0.5396,0.3419,Low,0.705
RSK000695,CUS-000695,0.2259,0.3461,0.4196,0.3468,Low,0.9886
RSK000696,CUS-000696,0.1958,0.4737,0.6671,0.487,Medium,0.7846
RSK000697,CUS-000697,0.7448,0.1838,0.0539,0.2872,Low,0.7849
RSK000698,CUS-000698,0.7679,0.3556,0.5989,0.6009,Medium,0.8177
RSK000699,CUS-000699,0.8758,0.1786,0.0158,0.3064,Low,0.9623
RSK000700,CUS-000700,0.4384,0.31,0.798,0.5925,Medium,0.8605
RSK000701,CUS-000701,0.8812,0.4847,0.5884,0.6555,Medium,0.9839
RSK000702,CUS-000702,0.8139,0.2664,0.2633,0.4291,Medium,0.9276
RSK000703,CUS-000703,0.4382,0.1263,0.1129,0.2132,Low,0.9348
RSK000704,CUS-000704,0.2215,0.2306,0.0103,0.1177,Low,0.869
RSK000705,CUS-000705,0.8735,0.3683,0.5686,0.62,Medium,0.8052
RSK000706,CUS-000706,0.2027,0.2996,0.0645,0.153,Low,0.8896
RSK000707,CUS-000707,0.3539,0.1622,0.2167,0.247,Low,0.7214
RSK000708,CUS-000708,0.4275,0.2584,0.2683,0.3141,Low,0.9767
RSK000709,CUS-000709,0.7246,0.3491,0.0133,0.2939,Low,0.7447
RSK000710,CUS-000710,0.3361,0.3461,0.4501,0.3951,Low,0.8088
RSK000711,CUS-000711,0.1698,0.3955,0.4927,0.3764,Low,0.8165
RSK000712,CUS-000712,0.3755,0.3593,0.5105,0.4398,Medium,0.8138
RSK000713,CUS-000713,0.2933,0.3767,0.1539,0.2403,Low,0.7189
RSK000714,CUS-000714,0.7655,0.2274,0.01,0.2801,Low,0.8835
RSK000715,CUS-000715,0.2283,0.319,0.0885,0.1765,Low,0.8011
RSK000716,CUS-000716,0.3688,0.317,0.4196,0.3838,Low,0.7557
RSK000717,CUS-000717,0.3312,0.3955,0.3259,0.3414,Low,0.7086
RSK000718,CUS-000718,0.4881,0.3676,0.4768,0.4584,Medium,0.8072
RSK000719,CUS-000719,0.8848,0.108,0.7065,0.6403,Medium,0.8585
RSK000720,CUS-000720,0.3686,0.3556,0.482,0.4227,Medium,0.7553
RSK000721,CUS-000721,0.3605,0.4062,0.0629,0.2208,Low,0.7047
RSK000722,CUS-000722,0.3706,0.2348,0.4256,0.3709,Low,0.7091
RSK000723,CUS-000723,0.8909,0.1089,0.6067,0.5924,Medium,0.7485
RSK000724,CUS-000724,0.4605,0.1315,0.0463,0.1876,Low,0.8942
RSK000725,CUS-000725,0.8833,0.3128,0.724,0.6895,Medium,0.7621
RSK000726,CUS-000726,0.5265,0.2912,0.3024,0.3674,Low,0.8954
RSK000727,CUS-000727,0.7607,0.2059,0.4398,0.4893,Medium,0.9105
RSK000728,CUS-000728,0.218,0.2894,0.685,0.4658,Medium,0.9293
RSK000729,CUS-000729,0.6153,0.259,0.6433,0.558,Medium,0.8228
RSK000730,CUS-000730,0.6547,0.3829,0.01,0.278,Low,0.9675
RSK000731,CUS-000731,0.822,0.4317,0.2464,0.4561,Medium,0.9079
RSK000732,CUS-000732,0.6055,0.3089,0.7486,0.6177,Medium,0.7926
RSK000733,CUS-000733,0.3287,0.1932,0.6951,0.4848,Medium,0.8157
RSK000734,CUS-000734,0.2732,0.1468,0.1692,0.1959,Low,0.8447
RSK000735,CUS-000735,0.2857,0.2747,0.1951,0.2382,Low,0.948
RSK000736,CUS-000736,0.385,0.1497,0.6643,0.4776,Medium,0.7145
RSK000737,CUS-000737,0.1828,0.239,0.2595,0.2324,Low,0.7126
RSK000738,CUS-000738,0.3799,0.4165,0.4057,0.4001,Medium,0.8816
RSK000739,CUS-000739,0.5953,0.1655,0.362,0.3927,Low,0.7222
RSK000740,CUS-000740,0.4685,0.1164,0.3512,0.3394,Low,0.9553
RSK000741,CUS-000741,0.4135,0.2462,0.8199,0.5832,Medium,0.8574
RSK000742,CUS-000742,0.4763,0.3783,0.1141,0.2756,Low,0.8683
RSK000743,CUS-000743,0.1276,0.2303,0.3111,0.2399,Low,0.9782
RSK000744,CUS-000744,0.2612,0.4975,0.01,0.1829,Low,0.8429
RSK000745,CUS-000745,0.8155,0.1925,0.275,0.4206,Medium,0.755
RSK000746,CUS-000746,0.6623,0.4074,0.7014,0.6309,Medium,0.8093
RSK000747,CUS-000747,0.7005,0.4884,0.1305,0.3731,Low,0.8062
RSK000748,CUS-000748,0.7327,0.3254,0.3932,0.4815,Medium,0.7221
RSK000749,CUS-000749,0.2473,0.4529,0.2831,0.3063,Low,0.7995
RSK000750,CUS-000750,0.491,0.1357,0.5245,0.4367,Medium,0.8124
RSK000751,CUS-000751,0.1057,0.1725,0.6626,0.3975,Low,0.7958
RSK000752,CUS-000752,0.5323,0.3822,0.4533,0.4628,Medium,0.8037
RSK000753,CUS-000753,0.4678,0.1775,0.2228,0.2872,Low,0.788
RSK000754,CUS-000754,0.8115,0.1939,0.2885,0.4265,Medium,0.7212
RSK000755,CUS-000755,0.3918,0.3591,0.4057,0.3922,Low,0.7671
RSK000756,CUS-000756,0.7936,0.142,0.4106,0.4718,Medium,0.8033
RSK000757,CUS-000757,0.6525,0.3112,0.1952,0.3556,Low,0.7837
RSK000758,CUS-000758,0.8931,0.4265,0.1063,0.4064,Medium,0.9053
RSK000759,CUS-000759,0.732,0.1916,0.8318,0.6738,Medium,0.8138
RSK000760,CUS-000760,0.7834,0.4721,0.682,0.6704,Medium,0.9287
RSK000761,CUS-000761,0.2665,0.1607,0.376,0.3001,Low,0.8585
RSK000762,CUS-000762,0.3298,0.3789,0.1624,0.2559,Low,0.8732
RSK000763,CUS-000763,0.3971,0.4778,0.442,0.4357,Medium,0.9046
RSK000764,CUS-000764,0.2349,0.2577,0.1451,0.1946,Low,0.9223
RSK000765,CUS-000765,0.7193,0.2882,0.0344,0.2906,Low,0.7856
RSK000766,CUS-000766,0.2623,0.2221,0.2682,0.2572,Low,0.8435
RSK000767,CUS-000767,0.5731,0.1485,0.7365,0.5699,Medium,0.7534
RSK000768,CUS-000768,0.6875,0.129,0.0841,0.2741,Low,0.9596
RSK000769,CUS-000769,0.8678,0.14,0.477,0.5268,Medium,0.8399
RSK000770,CUS-000770,0.3018,0.4644,0.7602,0.5635,Medium,0.8156
RSK000771,CUS-000771,0.887,0.3015,0.365,0.5089,Medium,0.8322
RSK000772,CUS-000772,0.587,0.1262,0.642,0.5223,Medium,0.8103
RSK000773,CUS-000773,0.4403,0.1508,0.8202,0.5724,Medium,0.7859
RSK000774,CUS-000774,0.4699,0.4216,0.3756,0.4131,Medium,0.7326
RSK000775,CUS-000775,0.5287,0.3825,0.6412,0.5557,Medium,0.7379
RSK000776,CUS-000776,0.8899,0.387,0.2842,0.4865,Medium,0.8907
RSK000777,CUS-000777,0.8844,0.3152,0.4431,0.5499,Medium,0.832
RSK000778,CUS-000778,0.5251,0.2094,0.416,0.4074,Medium,0.9688
RSK000779,CUS-000779,0.4802,0.3873,0.4762,0.4596,Medium,0.7977
RSK000780,CUS-000780,0.3937,0.4526,0.2998,0.3585,Low,0.7327
RSK000781,CUS-000781,0.7888,0.2014,0.3493,0.4516,Medium,0.8837
RSK000782,CUS-000782,0.8195,0.1664,0.6485,0.6034,Medium,0.8923
RSK000783,CUS-000783,0.5325,0.3309,0.6195,0.5357,Medium,0.8747
RSK000784,CUS-000784,0.4211,0.1149,0.2422,0.2704,Low,0.9229
RSK000785,CUS-000785,0.2612,0.1168,0.0702,0.1368,Low,0.9814
RSK000786,CUS-000786,0.4855,0.2168,0.1264,0.2522,Low,0.8732
RSK000787,CUS-000787,0.7989,0.3068,0.2156,0.4088,Medium,0.7418
RSK000788,CUS-000788,0.8485,0.2568,0.2946,0.4532,Medium,0.8168
RSK000789,CUS-000789,0.3996,0.4959,0.2848,0.3615,Low,0.7876
RSK000790,CUS-000790,0.1027,0.1805,0.6509,0.3924,Low,0.8712
RSK000791,CUS-000791,0.4714,0.3389,0.7672,0.5928,Medium,0.7465
RSK000792,CUS-000792,0.5396,0.4137,0.5914,0.5403,Medium,0.7781
RSK000793,CUS-000793,0.5694,0.342,0.2354,0.3569,Low,0.7353
RSK000794,CUS-000794,0.501,0.379,0.2635,0.3579,Low,0.7211
RSK000795,CUS-000795,0.8507,0.143,0.0408,0.3042,Low,0.9755
RSK000796,CUS-000796,0.8504,0.1931,0.7049,0.6462,Medium,0.7101
RSK000797,CUS-000797,0.5111,0.1137,0.1847,0.2684,Low,0.8894
RSK000798,CUS-000798,0.6486,0.3828,0.7489,0.6456,Medium,0.7674
RSK000799,CUS-000799,0.7857,0.2084,0.1029,0.3288,Low,0.9191
RSK000800,CUS-000800,0.4243,0.1736,0.25,0.287,Low,0.8042
RSK000801,CUS-000801,0.5802,0.3284,0.4883,0.4839,Medium,0.7113
RSK000802,CUS-000802,0.3789,0.1719,0.2893,0.2927,Low,0.8566
RSK000803,CUS-000803,0.5897,0.1585,0.2719,0.3446,Low,0.9427
RSK000804,CUS-000804,0.169,0.2667,0.4038,0.3059,Low,0.8792
RSK000805,CUS-000805,0.2225,0.4943,0.3602,0.3457,Low,0.8899
RSK000806,CUS-000806,0.6556,0.2395,0.5143,0.5017,Medium,0.9564
RSK000807,CUS-000807,0.8171,0.2794,0.3065,0.4543,Medium,0.8905
RSK000808,CUS-000808,0.1668,0.4086,0.195,0.2293,Low,0.7139
RSK000809,CUS-000809,0.3776,0.1408,0.3078,0.2953,Low,0.7675
RSK000810,CUS-000810,0.5098,0.1451,0.4387,0.4013,Medium,0.8821
RSK000811,CUS-000811,0.6772,0.2299,0.1924,0.3453,Low,0.9288
RSK000812,CUS-000812,0.8033,0.3194,0.4784,0.5441,Medium,0.7827
RSK000813,CUS-000813,0.2766,0.3459,0.0901,0.1972,Low,0.9524
RSK000814,CUS-000814,0.6191,0.3477,0.192,0.3513,Low,0.938
RSK000815,CUS-000815,0.1219,0.3785,0.6974,0.461,Medium,0.9785
RSK000816,CUS-000816,0.5663,0.393,0.6227,0.5598,Medium,0.7999
RSK000817,CUS-000817,0.6812,0.3844,0.3484,0.4554,Medium,0.8108
RSK000818,CUS-000818,0.2642,0.2457,0.0263,0.1416,Low,0.8885
RSK000819,CUS-000819,0.751,0.4251,0.0371,0.3289,Low,0.8702
RSK000820,CUS-000820,0.2357,0.4451,0.1279,0.2237,Low,0.8445
RSK000821,CUS-000821,0.8135,0.3529,0.641,0.6351,Medium,0.8007
RSK000822,CUS-000822,0.154,0.1869,0.4639,0.3155,Low,0.8341
RSK000823,CUS-000823,0.3387,0.1166,0.2844,0.2671,Low,0.7095
RSK000824,CUS-000824,0.5451,0.2976,0.5831,0.5146,Medium,0.8189
RSK000825,CUS-000825,0.211,0.1461,0.5783,0.3817,Low,0.787
RSK000826,CUS-000826,0.8492,0.2569,0.01,0.3111,Low,0.8273
RSK000827,CUS-000827,0.2459,0.4895,0.0811,0.2122,Low,0.8467
RSK000828,CUS-000828,0.8258,0.4493,0.674,0.6746,Medium,0.8329
RSK000829,CUS-000829,0.3597,0.2676,0.7355,0.5292,Medium,0.8979
RSK000830,CUS-000830,0.8082,0.4189,0.543,0.5977,Medium,0.8107
RSK000831,CUS-000831,0.3789,0.2974,0.5268,0.4365,Medium,0.8208
RSK000832,CUS-000832,0.3743,0.3248,0.6263,0.4904,Medium,0.8719
RSK000833,CUS-000833,0.6898,0.2711,0.4588,0.4906,Medium,0.7361
RSK000834,CUS-000834,0.2103,0.4927,0.3522,0.3377,Low,0.8072
RSK000835,CUS-000835,0.2143,0.1222,0.2974,0.2374,Low,0.8815
RSK000836,CUS-000836,0.8656,0.2847,0.5511,0.5922,Medium,0.7085
RSK000837,CUS-000837,0.3629,0.1107,0.545,0.4035,Medium,0.8289
RSK000838,CUS-000838,0.5957,0.1151,0.7391,0.5713,Medium,0.7843
RSK000839,CUS-000839,0.3369,0.2151,0.4791,0.3836,Low,0.9851
RSK000840,CUS-000840,0.1382,0.2153,0.8643,0.5167,Medium,0.8432
RSK000841,CUS-000841,0.3051,0.4894,0.6123,0.4956,Medium,0.8102
RSK000842,CUS-000842,0.6938,0.3752,0.3881,0.4772,Medium,0.7977
RSK000843,CUS-000843,0.2682,0.1545,0.667,0.4449,Medium,0.7071
RSK000844,CUS-000844,0.1403,0.1692,0.1356,0.1437,Low,0.7405
RSK000845,CUS-000845,0.8567,0.1337,0.5158,0.5416,Medium,0.7614
RSK000846,CUS-000846,0.8347,0.3867,0.8315,0.7435,High,0.8235
RSK000847,CUS-000847,0.4544,0.4073,0.5922,0.5139,Medium,0.7768
RSK000848,CUS-000848,0.2902,0.3337,0.5714,0.4395,Medium,0.8123
RSK000849,CUS-000849,0.8356,0.2172,0.753,0.6706,Medium,0.7936
RSK000850,CUS-000850,0.7794,0.2412,0.7703,0.6672,Medium,0.7697
RSK000851,CUS-000851,0.5537,0.2222,0.0837,0.2524,Low,0.764
RSK000852,CUS-000852,0.5165,0.1295,0.2318,0.2967,Low,0.8485
RSK000853,CUS-000853,0.1853,0.3525,0.2312,0.2417,Low,0.8648
RSK000854,CUS-000854,0.8722,0.484,0.138,0.4275,Medium,0.7654
RSK000855,CUS-000855,0.2717,0.1779,0.2258,0.23,Low,0.7235
RSK000856,CUS-000856,0.7856,0.3433,0.1285,0.3686,Low,0.8954
RSK000857,CUS-000857,0.4299,0.1943,0.5581,0.4469,Medium,0.9414
RSK000858,CUS-000858,0.7559,0.1424,0.2098,0.3602,Low,0.8171
RSK000859,CUS-000859,0.6223,0.3639,0.2445,0.3817,Low,0.8892
RSK000860,CUS-000860,0.2979,0.484,0.6204,0.4964,Medium,0.7196
RSK000861,CUS-000861,0.7156,0.429,0.5312,0.5661,Medium,0.982
RSK000862,CUS-000862,0.1245,0.16,0.4521,0.2954,Low,0.863
RSK000863,CUS-000863,0.1298,0.2038,0.7211,0.4402,Medium,0.9017
RSK000864,CUS-000864,0.8967,0.4188,0.6413,0.6734,Medium,0.7991
RSK000865,CUS-000865,0.68,0.1093,0.01,0.2309,Low,0.7506
RSK000866,CUS-000866,0.7564,0.2504,0.01,0.282,Low,0.9436
RSK000867,CUS-000867,0.5475,0.3515,0.0148,0.2419,Low,0.9711
RSK000868,CUS-000868,0.3598,0.1868,0.6169,0.4537,Medium,0.7246
RSK000869,CUS-000869,0.3811,0.3211,0.3798,0.3684,Low,0.8862
RSK000870,CUS-000870,0.3902,0.15,0.5489,0.4215,Medium,0.7418
RSK000871,CUS-000871,0.3312,0.1574,0.1849,0.2233,Low,0.8398
RSK000872,CUS-000872,0.8609,0.4271,0.2549,0.4711,Medium,0.952
RSK000873,CUS-000873,0.6614,0.2756,0.3321,0.4196,Medium,0.7834
RSK000874,CUS-000874,0.5754,0.3275,0.6838,0.58,Medium,0.7338
RSK000875,CUS-000875,0.631,0.2718,0.2777,0.3825,Low,0.9461
RSK000876,CUS-000876,0.6606,0.3242,0.2223,0.3742,Low,0.7177
RSK000877,CUS-000877,0.4756,0.2516,0.269,0.3275,Low,0.9694
RSK000878,CUS-000878,0.8704,0.4241,0.5638,0.6278,Medium,0.7041
RSK000879,CUS-000879,0.6647,0.3212,0.0204,0.2738,Low,0.8557
RSK000880,CUS-000880,0.2272,0.3608,0.1671,0.2239,Low,0.7843
RSK000881,CUS-000881,0.1893,0.3743,0.0111,0.1372,Low,0.7888
RSK000882,CUS-000882,0.8714,0.2646,0.6657,0.6472,Medium,0.8007
RSK000883,CUS-000883,0.2065,0.4399,0.3468,0.3233,Low,0.9836
RSK000884,CUS-000884,0.8731,0.1626,0.6808,0.6349,Medium,0.754
RSK000885,CUS-000885,0.2216,0.2574,0.0997,0.1678,Low,0.7163
RSK000886,CUS-000886,0.5432,0.359,0.5094,0.4895,Medium,0.7948
RSK000887,CUS-000887,0.757,0.3547,0.5735,0.5848,Medium,0.7665
RSK000888,CUS-000888,0.531,0.2201,0.5255,0.4661,Medium,0.7775
RSK000889,CUS-000889,0.5655,0.3837,0.6907,0.5917,Medium,0.9494
RSK000890,CUS-000890,0.2447,0.2848,0.01,0.1354,Low,0.7102
RSK000891,CUS-000891,0.6488,0.2072,0.2434,0.3578,Low,0.7357
RSK000892,CUS-000892,0.3783,0.1137,0.561,0.4167,Medium,0.7795
RSK000893,CUS-000893,0.8207,0.4099,0.0434,0.3499,Low,0.8565
RSK000894,CUS-000894,0.567,0.4483,0.6508,0.5852,Medium,0.7779
RSK000895,CUS-000895,0.2412,0.3441,0.7148,0.4986,Medium,0.7764
RSK000896,CUS-000896,0.5746,0.3181,0.5951,0.5335,Medium,0.771
RSK000897,CUS-000897,0.1316,0.3411,0.01,0.1127,Low,0.7358
RSK000898,CUS-000898,0.6589,0.347,0.4864,0.5103,Medium,0.8667
RSK000899,CUS-000899,0.374,0.4812,0.6429,0.5299,Medium,0.7703
RSK000900,CUS-000900,0.7313,0.4858,0.5104,0.5717,Medium,0.8764
RSK000901,CUS-000901,0.3332,0.1659,0.5983,0.4323,Medium,0.9048
RSK000902,CUS-000902,0.8695,0.4429,0.3646,0.5317,Medium,0.7174
RSK000903,CUS-000903,0.8855,0.2499,0.3253,0.4783,Medium,0.7493
RSK000904,CUS-000904,0.5786,0.256,0.0811,0.2653,Low,0.8167
RSK000905,CUS-000905,0.6545,0.1057,0.1863,0.3106,Low,0.7941
RSK000906,CUS-000906,0.3516,0.3533,0.5945,0.4734,Medium,0.8997
RSK000907,CUS-000907,0.4309,0.2493,0.2939,0.3261,Low,0.8637
RSK000908,CUS-000908,0.7603,0.2386,0.8242,0.6879,Medium,0.8644
RSK000909,CUS-000909,0.694,0.1331,0.01,0.2398,Low,0.8518
RSK000910,CUS-000910,0.593,0.4631,0.1032,0.3221,Low,0.9075
RSK000911,CUS-000911,0.6064,0.4215,0.2606,0.3965,Low,0.984
RSK000912,CUS-000912,0.2084,0.4268,0.2052,0.2505,Low,0.9134
RSK000913,CUS-000913,0.8228,0.1389,0.1299,0.3396,Low,0.7735
RSK000914,CUS-000914,0.3507,0.3806,0.3043,0.3335,Low,0.8125
RSK000915,CUS-000915,0.8061,0.1891,0.7324,0.6459,Medium,0.7327
RSK000916,CUS-000916,0.7373,0.4446,0.2424,0.4313,Medium,0.9453
RSK000917,CUS-000917,0.6201,0.2288,0.5507,0.5071,Medium,0.7119
RSK000918,CUS-000918,0.8605,0.4187,0.306,0.4949,Medium,0.7557
RSK000919,CUS-000919,0.3988,0.4135,0.6665,0.5356,Medium,0.8296
RSK000920,CUS-000920,0.1183,0.2178,0.1495,0.1538,Low,0.8618
RSK000921,CUS-000921,0.5809,0.2209,0.01,0.2234,Low,0.9579
RSK000922,CUS-000922,0.2337,0.1046,0.1618,0.1719,Low,0.8801
RSK000923,CUS-000923,0.8884,0.2865,0.4381,0.5429,Medium,0.9175
RSK000924,CUS-000924,0.4341,0.3663,0.5608,0.4839,Medium,0.8469
RSK000925,CUS-000925,0.3488,0.4664,0.0744,0.2351,Low,0.818
RSK000926,CUS-000926,0.7346,0.43,0.5038,0.5583,Medium,0.7097
RSK000927,CUS-000927,0.8571,0.2511,0.5631,0.5889,Medium,0.9529
RSK000928,CUS-000928,0.1028,0.2321,0.4209,0.2877,Low,0.8098
RSK000929,CUS-000929,0.4058,0.1101,0.01,0.1488,Low,0.9214
RSK000930,CUS-000930,0.4432,0.1488,0.0155,0.1705,Low,0.8325
RSK000931,CUS-000931,0.6877,0.3213,0.698,0.6196,Medium,0.7711
RSK000932,CUS-000932,0.5718,0.1547,0.5447,0.4748,Medium,0.945
RSK000933,CUS-000933,0.1983,0.4862,0.3523,0.3329,Low,0.7816
RSK000934,CUS-000934,0.4087,0.3804,0.0552,0.2263,Low,0.7029
RSK000935,CUS-000935,0.7945,0.3116,0.4901,0.5457,Medium,0.8057
RSK000936,CUS-000936,0.2213,0.1985,0.6052,0.4087,Medium,0.7851
RSK000937,CUS-000937,0.5046,0.3602,0.2883,0.3676,Low,0.9773
RSK000938,CUS-000938,0.6986,0.4799,0.1692,0.3902,Low,0.8448
RSK000939,CUS-000939,0.8139,0.1986,0.3872,0.4775,Medium,0.7185
RSK000940,CUS-000940,0.4253,0.4132,0.4394,0.4299,Medium,0.9426
RSK000941,CUS-000941,0.5271,0.4757,0.4547,0.4806,Medium,0.9104
RSK000942,CUS-000942,0.3482,0.1284,0.01,0.1351,Low,0.845
RSK000943,CUS-000943,0.2026,0.1274,0.0662,0.1194,Low,0.8298
RSK000944,CUS-000944,0.756,0.2536,0.638,0.5965,Medium,0.8769
RSK000945,CUS-000945,0.2249,0.4682,0.442,0.3821,Low,0.8867
RSK000946,CUS-000946,0.2198,0.4131,0.5079,0.4025,Medium,0.8706
RSK000947,CUS-000947,0.7846,0.4499,0.462,0.5564,Medium,0.8686
RSK000948,CUS-000948,0.6995,0.2601,0.4437,0.4837,Medium,0.724
RSK000949,CUS-000949,0.1131,0.4373,0.1189,0.1808,Low,0.8677
RSK000950,CUS-000950,0.8412,0.2416,0.0836,0.3425,Low,0.9101
RSK000951,CUS-000951,0.4038,0.3951,0.4594,0.4299,Medium,0.7435
RSK000952,CUS-000952,0.1597,0.347,0.3386,0.2866,Low,0.9761
RSK000953,CUS-000953,0.8629,0.3602,0.5676,0.6147,Medium,0.8952
RSK000954,CUS-000954,0.3937,0.2884,0.6554,0.5035,Medium,0.9322
RSK000955,CUS-000955,0.8244,0.3179,0.344,0.4829,Medium,0.9681
RSK000956,CUS-000956,0.5423,0.3303,0.256,0.3568,Low,0.7622
RSK000957,CUS-000957,0.5983,0.2038,0.4151,0.4278,Medium,0.8687
RSK000958,CUS-000958,0.1982,0.1149,0.5965,0.3807,Low,0.793
RSK000959,CUS-000959,0.8696,0.3089,0.5617,0.6035,Medium,0.8604
RSK000960,CUS-000960,0.8073,0.1392,0.1309,0.3355,Low,0.8839
RSK000961,CUS-000961,0.5623,0.107,0.2206,0.3004,Low,0.9824
RSK000962,CUS-000962,0.416,0.2697,0.401,0.3792,Low,0.7702
RSK000963,CUS-000963,0.3945,0.3107,0.6352,0.4981,Medium,0.946
RSK000964,CUS-000964,0.519,0.1456,0.3429,0.3563,Low,0.7377
RSK000965,CUS-000965,0.6805,0.1298,0.3282,0.3942,Low,0.8168
RSK000966,CUS-000966,0.2546,0.4473,0.8002,0.5659,Medium,0.7303
RSK000967,CUS-000967,0.2243,0.3952,0.7891,0.5409,Medium,0.9668
RSK000968,CUS-000968,0.8975,0.3931,0.7456,0.7207,High,0.9764
RSK000969,CUS-000969,0.2238,0.2209,0.613,0.4178,Medium,0.9101
RSK000970,CUS-000970,0.3154,0.4317,0.6729,0.5174,Medium,0.7019
RSK000971,CUS-000971,0.1774,0.2865,0.6426,0.4318,Medium,0.8265
RSK000972,CUS-000972,0.6118,0.4807,0.1431,0.3512,Low,0.9849
RSK000973,CUS-000973,0.5863,0.253,0.2817,0.3673,Low,0.9864
RSK000974,CUS-000974,0.1462,0.1179,0.1942,0.1645,Low,0.7594
RSK000975,CUS-000975,0.2719,0.3524,0.5967,0.4504,Medium,0.7613
RSK000976,CUS-000976,0.8109,0.2873,0.6439,0.6227,Medium,0.82
RSK000977,CUS-000977,0.3827,0.1855,0.289,0.2964,Low,0.8658
RSK000978,CUS-000978,0.3039,0.4119,0.2768,0.312,Low,0.7742
RSK000979,CUS-000979,0.5782,0.1568,0.6497,0.5297,Medium,0.8879
RSK000980,CUS-000980,0.4602,0.1913,0.0682,0.2104,Low,0.8048
RSK000981,CUS-000981,0.4327,0.4155,0.8732,0.6495,Medium,0.7414
RSK000982,CUS-000982,0.6724,0.4613,0.2221,0.405,Medium,0.7485
RSK000983,CUS-000983,0.577,0.4444,0.4428,0.4834,Medium,0.7626
RSK000984,CUS-000984,0.8132,0.4764,0.6102,0.6443,Medium,0.8652
RSK000985,CUS-000985,0.593,0.1681,0.42,0.4215,Medium,0.8991
RSK000986,CUS-000986,0.1243,0.4058,0.4416,0.3392,Low,0.9423
RSK000987,CUS-000987,0.5182,0.3473,0.3542,0.402,Medium,0.8144
RSK000988,CUS-000988,0.6442,0.3486,0.1602,0.3431,Low,0.9037
RSK000989,CUS-000989,0.7505,0.2989,0.1744,0.3721,Low,0.9774
RSK000990,CUS-000990,0.7637,0.3206,0.1321,0.3593,Low,0.9855
RSK000991,CUS-000991,0.416,0.3069,0.1418,0.2571,Low,0.9433
RSK000992,CUS-000992,0.6227,0.3308,0.1904,0.3482,Low,0.7366
RSK000993,CUS-000993,0.2564,0.1601,0.5803,0.3991,Low,0.7169
RSK000994,CUS-000994,0.3323,0.1825,0.0593,0.1658,Low,0.8379
RSK000995,CUS-000995,0.5869,0.3892,0.3303,0.4191,Medium,0.8084
RSK000996,CUS-000996,0.2564,0.392,0.3321,0.3214,Low,0.9324
RSK000997,CUS-000997,0.8414,0.2821,0.2457,0.4317,Medium,0.7771
RSK000998,CUS-000998,0.7767,0.2426,0.5118,0.5374,Medium,0.7675
RSK000999,CUS-000999,0.2466,0.4212,0.383,0.3497,Low,0.8382
RSK001000,CUS-001000,0.4019,0.3787,0.1615,0.2771,Low,0.9612
RSK001001,CUS-001001,0.2835,0.1734,0.5359,0.3877,Low,0.9256
RSK001002,CUS-001002,0.4434,0.498,0.6981,0.5817,Medium,0.7572
RSK001003,CUS-001003,0.7683,0.2751,0.6407,0.6059,Medium,0.7009
RSK001004,CUS-001004,0.7451,0.1993,0.1756,0.3512,Low,0.8081
RSK001005,CUS-001005,0.2231,0.1971,0.2019,0.2073,Low,0.9821
RSK001006,CUS-001006,0.4824,0.3994,0.7244,0.5868,Medium,0.8917
RSK001007,CUS-001007,0.7035,0.2293,0.4194,0.4666,Medium,0.9285
RSK001008,CUS-001008,0.395,0.182,0.2717,0.2907,Low,0.906
RSK001009,CUS-001009,0.883,0.1521,0.821,0.7058,High,0.7301
RSK001010,CUS-001010,0.4202,0.2455,0.5626,0.4565,Medium,0.904
RSK001011,CUS-001011,0.333,0.3406,0.6297,0.4829,Medium,0.7472
RSK001012,CUS-001012,0.5113,0.3734,0.4325,0.4443,Medium,0.7218
RSK001013,CUS-001013,0.5796,0.2124,0.3598,0.3963,Low,0.7833
RSK001014,CUS-001014,0.5053,0.3339,0.7006,0.5687,Medium,0.7193
RSK001015,CUS-001015,0.5295,0.4331,0.2766,0.3838,Low,0.7992
RSK001016,CUS-001016,0.856,0.3071,0.6711,0.6538,Medium,0.9413
RSK001017,CUS-001017,0.618,0.2627,0.198,0.3369,Low,0.8539
RSK001018,CUS-001018,0.428,0.1399,0.436,0.3744,Low,0.9287
RSK001019,CUS-001019,0.443,0.1313,0.3421,0.3302,Low,0.7353
RSK001020,CUS-001020,0.8263,0.2127,0.0949,0.3379,Low,0.9607
RSK001021,CUS-001021,0.2712,0.3383,0.2554,0.2767,Low,0.7271
RSK001022,CUS-001022,0.6927,0.1099,0.6002,0.5299,Medium,0.9619
RSK001023,CUS-001023,0.1649,0.4076,0.7187,0.4903,Medium,0.741
RSK001024,CUS-001024,0.8588,0.2161,0.0982,0.35,Low,0.8318
RSK001025,CUS-001025,0.4371,0.457,0.311,0.378,Low,0.7342
RSK001026,CUS-001026,0.1811,0.2547,0.2027,0.2066,Low,0.9553
RSK001027,CUS-001027,0.8091,0.3039,0.01,0.3085,Low,0.9079
RSK001028,CUS-001028,0.1561,0.2074,0.7752,0.4759,Medium,0.8644
RSK001029,CUS-001029,0.849,0.4241,0.1664,0.4227,Medium,0.7453
RSK001030,CUS-001030,0.8507,0.4951,0.5225,0.6155,Medium,0.9213
RSK001031,CUS-001031,0.3186,0.2134,0.3923,0.3344,Low,0.8898
RSK001032,CUS-001032,0.3731,0.4186,0.1965,0.2939,Low,0.9469
RSK001033,CUS-001033,0.5953,0.3338,0.271,0.3808,Low,0.8759
RSK001034,CUS-001034,0.2361,0.2469,0.374,0.3072,Low,0.8699
RSK001035,CUS-001035,0.3105,0.2879,0.669,0.4852,Medium,0.9544
RSK001036,CUS-001036,0.5568,0.1127,0.8001,0.5896,Medium,0.9618
RSK001037,CUS-001037,0.1392,0.1285,0.7717,0.4533,Medium,0.9573
RSK001038,CUS-001038,0.5964,0.4179,0.1267,0.3258,Low,0.958
RSK001039,CUS-001039,0.5063,0.3753,0.5049,0.4794,Medium,0.9839
RSK001040,CUS-001040,0.3736,0.1658,0.5449,0.4177,Medium,0.7824
RSK001041,CUS-001041,0.4,0.2475,0.2011,0.2701,Low,0.7564
RSK001042,CUS-001042,0.2113,0.4891,0.467,0.3947,Low,0.8286
RSK001043,CUS-001043,0.7138,0.3471,0.01,0.2886,Low,0.9378
RSK001044,CUS-001044,0.6015,0.4138,0.412,0.4692,Medium,0.9545
RSK001045,CUS-001045,0.3183,0.4418,0.2332,0.3004,Low,0.8394
RSK001046,CUS-001046,0.4979,0.3793,0.2193,0.3349,Low,0.8694
RSK001047,CUS-001047,0.3477,0.3802,0.3858,0.3732,Low,0.765
RSK001048,CUS-001048,0.8763,0.1243,0.3206,0.448,Medium,0.7314
RSK001049,CUS-001049,0.1319,0.4303,0.4006,0.3259,Low,0.8435
RSK001050,CUS-001050,0.7891,0.1787,0.4865,0.5157,Medium,0.7465
RSK001051,CUS-001051,0.7487,0.2324,0.6545,0.5983,Medium,0.7503
RSK001052,CUS-001052,0.2968,0.4509,0.6565,0.5075,Medium,0.7301
RSK001053,CUS-001053,0.7765,0.3605,0.6918,0.6509,Medium,0.9777
RSK001054,CUS-001054,0.5496,0.3151,0.4735,0.4647,Medium,0.8714
RSK001055,CUS-001055,0.128,0.3655,0.4232,0.3231,Low,0.8517
RSK001056,CUS-001056,0.7524,0.2702,0.1033,0.3314,Low,0.728
RSK001057,CUS-001057,0.6036,0.3683,0.0201,0.2648,Low,0.8051
RSK001058,CUS-001058,0.4097,0.3628,0.276,0.3335,Low,0.9196
RSK001059,CUS-001059,0.187,0.3409,0.6144,0.4315,Medium,0.9323
RSK001060,CUS-001060,0.5371,0.434,0.2473,0.3716,Low,0.7878
RSK001061,CUS-001061,0.1174,0.1958,0.1908,0.1698,Low,0.8575
RSK001062,CUS-001062,0.6128,0.2521,0.302,0.3853,Low,0.7535
RSK001063,CUS-001063,0.6563,0.1725,0.1333,0.298,Low,0.7264
RSK001064,CUS-001064,0.6178,0.1644,0.5561,0.4963,Medium,0.9698
RSK001065,CUS-001065,0.4478,0.3266,0.3547,0.377,Low,0.7065
RSK001066,CUS-001066,0.1282,0.336,0.0194,0.1154,Low,0.8268
RSK001067,CUS-001067,0.1085,0.3311,0.8657,0.5316,Medium,0.9789
RSK001068,CUS-001068,0.1003,0.1265,0.5608,0.3358,Low,0.713
RSK001069,CUS-001069,0.6814,0.2411,0.2092,0.3572,Low,0.9382
RSK001070,CUS-001070,0.4498,0.1263,0.329,0.3247,Low,0.974
RSK001071,CUS-001071,0.6413,0.3671,0.351,0.4413,Medium,0.705
RSK001072,CUS-001072,0.1356,0.4825,0.444,0.3592,Low,0.823
RSK001073,CUS-001073,0.741,0.2899,0.5744,0.5675,Medium,0.8871
RSK001074,CUS-001074,0.2104,0.1155,0.4263,0.2994,Low,0.7397
RSK001075,CUS-001075,0.5921,0.2824,0.522,0.4951,Medium,0.7113
RSK001076,CUS-001076,0.3825,0.1025,0.6902,0.4803,Medium,0.8433
RSK001077,CUS-001077,0.6767,0.2004,0.5226,0.5044,Medium,0.7456
RSK001078,CUS-001078,0.196,0.4003,0.4779,0.3778,Low,0.7646
RSK001079,CUS-001079,0.731,0.382,0.01,0.3007,Low,0.7934
RSK001080,CUS-001080,0.7819,0.2545,0.5481,0.5595,Medium,0.7177
RSK001081,CUS-001081,0.8514,0.3789,0.4419,0.5521,Medium,0.7147
RSK001082,CUS-001082,0.764,0.4625,0.4757,0.5595,Medium,0.7326
RSK001083,CUS-001083,0.2162,0.2168,0.5341,0.3753,Low,0.7882
RSK001084,CUS-001084,0.8622,0.3284,0.6832,0.6659,Medium,0.7889
RSK001085,CUS-001085,0.3932,0.1911,0.54,0.4262,Medium,0.7295
RSK001086,CUS-001086,0.1557,0.2708,0.153,0.1774,Low,0.7115
RSK001087,CUS-001087,0.2222,0.169,0.0535,0.1272,Low,0.8653
RSK001088,CUS-001088,0.5366,0.2733,0.5696,0.5004,Medium,0.9793
RSK001089,CUS-001089,0.6326,0.4238,0.4675,0.5083,Medium,0.8816
RSK001090,CUS-001090,0.4836,0.1788,0.2157,0.2887,Low,0.8973
RSK001091,CUS-001091,0.847,0.2224,0.5231,0.5601,Medium,0.757
RSK001092,CUS-001092,0.4796,0.1277,0.5516,0.4452,Medium,0.7153
RSK001093,CUS-001093,0.1941,0.2619,0.5248,0.373,Low,0.7824
RSK001094,CUS-001094,0.8088,0.1837,0.8563,0.7075,High,0.7472
RSK001095,CUS-001095,0.866,0.2509,0.3883,0.5041,Medium,0.8793
RSK001096,CUS-001096,0.1979,0.251,0.0874,0.1533,Low,0.7396
RSK001097,CUS-001097,0.2907,0.1008,0.837,0.5259,Medium,0.953
RSK001098,CUS-001098,0.3102,0.1962,0.3927,0.3286,Low,0.7564
RSK001099,CUS-001099,0.5495,0.1309,0.0611,0.2216,Low,0.9754
RSK001100,CUS-001100,0.4183,0.4243,0.398,0.4093,Medium,0.9476
RSK001101,CUS-001101,0.1129,0.1674,0.1562,0.1454,Low,0.7342
RSK001102,CUS-001102,0.5208,0.2011,0.2313,0.3121,Low,0.7448
RSK001103,CUS-001103,0.6921,0.2018,0.6148,0.5554,Medium,0.9026
RSK001104,CUS-001104,0.2863,0.2803,0.4839,0.3839,Low,0.728
RSK001105,CUS-001105,0.6862,0.1792,0.5333,0.5083,Medium,0.7632
RSK001106,CUS-001106,0.4857,0.4345,0.2712,0.3682,Low,0.8447
RSK001107,CUS-001107,0.7429,0.3553,0.3094,0.4486,Medium,0.7188
RSK001108,CUS-001108,0.2572,0.3347,0.6241,0.4561,Medium,0.9445
RSK001109,CUS-001109,0.1642,0.2447,0.3052,0.2508,Low,0.7528
RSK001110,CUS-001110,0.6995,0.2744,0.0743,0.3019,Low,0.7319
RSK001111,CUS-001111,0.4894,0.2844,0.5386,0.473,Medium,0.8257
RSK001112,CUS-001112,0.3387,0.3461,0.5006,0.4211,Medium,0.7695
RSK001113,CUS-001113,0.5466,0.206,0.3667,0.3885,Low,0.7107
RSK001114,CUS-001114,0.3944,0.2909,0.0734,0.2132,Low,0.8254
RSK001115,CUS-001115,0.3363,0.1207,0.2388,0.2444,Low,0.9226
RSK001116,CUS-001116,0.416,0.3871,0.5959,0.5002,Medium,0.9725
RSK001117,CUS-001117,0.5539,0.3174,0.2618,0.3605,Low,0.8696
RSK001118,CUS-001118,0.216,0.1058,0.7222,0.4471,Medium,0.8812
RSK001119,CUS-001119,0.7928,0.4779,0.7606,0.7137,High,0.8927
RSK001120,CUS-001120,0.4927,0.1761,0.3848,0.3754,Low,0.801
RSK001121,CUS-001121,0.3113,0.3997,0.1691,0.2579,Low,0.7516
RSK001122,CUS-001122,0.676,0.3472,0.5068,0.5256,Medium,0.9014
RSK001123,CUS-001123,0.5771,0.2464,0.666,0.5554,Medium,0.827
RSK001124,CUS-001124,0.6135,0.1724,0.3443,0.3907,Low,0.8568
RSK001125,CUS-001125,0.4755,0.4526,0.432,0.4492,Medium,0.9374
RSK001126,CUS-001126,0.1342,0.3976,0.3396,0.2896,Low,0.841
RSK001127,CUS-001127,0.1602,0.118,0.4738,0.3086,Low,0.7469
RSK001128,CUS-001128,0.2989,0.2475,0.8224,0.5504,Medium,0.9386
RSK001129,CUS-001129,0.6116,0.2368,0.7754,0.6185,Medium,0.7342
RSK001130,CUS-001130,0.2123,0.2071,0.6939,0.4521,Medium,0.7154
RSK001131,CUS-001131,0.7054,0.1873,0.253,0.3756,Low,0.9314
RSK001132,CUS-001132,0.3665,0.3332,0.6924,0.5228,Medium,0.7112
RSK001133,CUS-001133,0.4891,0.1565,0.3335,0.3448,Low,0.8268
RSK001134,CUS-001134,0.5761,0.4907,0.6555,0.5987,Medium,0.8303
RSK001135,CUS-001135,0.4987,0.1259,0.2581,0.3038,Low,0.7418
RSK001136,CUS-001136,0.5915,0.3113,0.0756,0.2775,Low,0.8099
RSK001137,CUS-001137,0.2129,0.2549,0.5008,0.3653,Low,0.8296
RSK001138,CUS-001138,0.6157,0.155,0.01,0.2207,Low,0.719
RSK001139,CUS-001139,0.354,0.3018,0.1489,0.241,Low,0.7394
RSK001140,CUS-001140,0.7056,0.3187,0.1483,0.3496,Low,0.7809
RSK001141,CUS-001141,0.3035,0.4225,0.2072,0.2792,Low,0.9175
RSK001142,CUS-001142,0.4893,0.3697,0.2937,0.3676,Low,0.9389
RSK001143,CUS-001143,0.3549,0.4123,0.4127,0.3953,Low,0.899
RSK001144,CUS-001144,0.1581,0.1026,0.423,0.2794,Low,0.8534
RSK001145,CUS-001145,0.5341,0.4747,0.5252,0.5178,Medium,0.7569
RSK001146,CUS-001146,0.6139,0.3007,0.01,0.2493,Low,0.8043
RSK001147,CUS-001147,0.6692,0.2511,0.6155,0.5587,Medium,0.9788
RSK001148,CUS-001148,0.2643,0.1411,0.6362,0.4256,Medium,0.7906
RSK001149,CUS-001149,0.2085,0.181,0.0959,0.1467,Low,0.7903
RSK001150,CUS-001150,0.6976,0.3465,0.2943,0.4257,Medium,0.9534
RSK001151,CUS-001151,0.897,0.2423,0.3655,0.5003,Medium,0.8243
RSK001152,CUS-001152,0.4092,0.1343,0.0704,0.1848,Low,0.7404
RSK001153,CUS-001153,0.4042,0.4237,0.6982,0.5551,Medium,0.8702
RSK001154,CUS-001154,0.7558,0.4522,0.2959,0.4651,Medium,0.9464
RSK001155,CUS-001155,0.5751,0.3329,0.0868,0.2825,Low,0.8531
RSK001156,CUS-001156,0.1817,0.4609,0.3332,0.3133,Low,0.8828
RSK001157,CUS-001157,0.5882,0.2628,0.546,0.502,Medium,0.828
RSK001158,CUS-001158,0.4147,0.3799,0.6792,0.54,Medium,0.7139
RSK001159,CUS-001159,0.7336,0.1761,0.5714,0.541,Medium,0.9121
RSK001160,CUS-001160,0.7315,0.3849,0.117,0.3549,Low,0.7682
RSK001161,CUS-001161,0.4255,0.2972,0.3215,0.3478,Low,0.9013
RSK001162,CUS-001162,0.2971,0.3407,0.01,0.1623,Low,0.7379
RSK001163,CUS-001163,0.4925,0.3482,0.2517,0.3432,Low,0.7203
RSK001164,CUS-001164,0.3949,0.3704,0.6015,0.4933,Medium,0.8534
RSK001165,CUS-001165,0.1104,0.4082,0.4844,0.357,Low,0.7119
RSK001166,CUS-001166,0.5223,0.3818,0.1447,0.3054,Low,0.9493
RSK001167,CUS-001167,0.2205,0.4515,0.0546,0.1838,Low,0.7118
RSK001168,CUS-001168,0.8238,0.459,0.1902,0.434,Medium,0.7154
RSK001169,CUS-001169,0.1628,0.2793,0.2374,0.2234,Low,0.7283
RSK001170,CUS-001170,0.5557,0.1941,0.3115,0.3613,Low,0.9445
RSK001171,CUS-001171,0.5921,0.4471,0.1641,0.3491,Low,0.7474
RSK001172,CUS-001172,0.7976,0.2003,0.1442,0.3514,Low,0.9489
RSK001173,CUS-001173,0.7725,0.1118,0.4209,0.4646,Medium,0.8053
RSK001174,CUS-001174,0.779,0.1677,0.2102,0.3723,Low,0.9047
RSK001175,CUS-001175,0.2961,0.3951,0.7398,0.5377,Medium,0.832
RSK001176,CUS-001176,0.6061,0.2473,0.027,0.2448,Low,0.913
RSK001177,CUS-001177,0.5869,0.4322,0.3077,0.4164,Medium,0.7687
RSK001178,CUS-001178,0.7544,0.1998,0.6449,0.5887,Medium,0.9704
RSK001179,CUS-001179,0.311,0.3802,0.01,0.1743,Low,0.976
RSK001180,CUS-001180,0.2352,0.2844,0.2211,0.238,Low,0.876
RSK001181,CUS-001181,0.2042,0.2809,0.5373,0.3861,Low,0.7263
RSK001182,CUS-001182,0.2641,0.3301,0.8322,0.5614,Medium,0.7432
RSK001183,CUS-001183,0.2149,0.1184,0.5622,0.3693,Low,0.9544
RSK001184,CUS-001184,0.7441,0.2128,0.7028,0.6172,Medium,0.9096
RSK001185,CUS-001185,0.5582,0.4955,0.6305,0.5818,Medium,0.7213
RSK001186,CUS-001186,0.2594,0.463,0.3882,0.3645,Low,0.728
RSK001187,CUS-001187,0.7894,0.3152,0.0501,0.3249,Low,0.9547
RSK001188,CUS-001188,0.6446,0.3172,0.731,0.6223,Medium,0.9351
RSK001189,CUS-001189,0.4048,0.336,0.3568,0.367,Low,0.9525
RSK001190,CUS-001190,0.8686,0.2894,0.6253,0.6311,Medium,0.7733
RSK001191,CUS-001191,0.8639,0.48,0.5962,0.6533,Medium,0.9027
RSK001192,CUS-001192,0.1986,0.1239,0.3289,0.2488,Low,0.7051
RSK001193,CUS-001193,0.5543,0.4995,0.1593,0.3458,Low,0.9764
RSK001194,CUS-001194,0.2217,0.3062,0.2688,0.2621,Low,0.7457
RSK001195,CUS-001195,0.3736,0.1611,0.5698,0.4292,Medium,0.8689
RSK001196,CUS-001196,0.2573,0.4958,0.2569,0.3048,Low,0.7706
RSK001197,CUS-001197,0.448,0.218,0.1235,0.2397,Low,0.9244
RSK001198,CUS-001198,0.1761,0.1548,0.0477,0.1076,Low,0.9299
RSK001199,CUS-001199,0.3722,0.3057,0.3777,0.3617,Low,0.9471
RSK001200,CUS-001200,0.227,0.2649,0.2218,0.232,Low,0.7218
RSK001201,CUS-001201,0.3744,0.3036,0.1758,0.2609,Low,0.9056
RSK001202,CUS-001202,0.6035,0.4152,0.405,0.4666,Medium,0.9021
RSK001203,CUS-001203,0.8227,0.4783,0.556,0.6205,Medium,0.9108
RSK001204,CUS-001204,0.534,0.4969,0.1747,0.3469,Low,0.9483
RSK001205,CUS-001205,0.4869,0.2618,0.5167,0.4568,Medium,0.8076
RSK001206,CUS-001206,0.7107,0.396,0.2007,0.3928,Low,0.9408
RSK001207,CUS-001207,0.7241,0.297,0.1401,0.3467,Low,0.9759
RSK001208,CUS-001208,0.3068,0.1411,0.7306,0.4856,Medium,0.8273
RSK001209,CUS-001209,0.5446,0.4232,0.2543,0.3752,Low,0.7746
RSK001210,CUS-001210,0.5238,0.3668,0.3036,0.3823,Low,0.8016
RSK001211,CUS-001211,0.7596,0.3901,0.0172,0.3145,Low,0.9473
RSK001212,CUS-001212,0.4899,0.4409,0.6055,0.5379,Medium,0.7573
RSK001213,CUS-001213,0.2401,0.1669,0.01,0.1104,Low,0.8699
RSK001214,CUS-001214,0.5424,0.1703,0.017,0.2053,Low,0.883
RSK001215,CUS-001215,0.6241,0.3317,0.6997,0.6034,Medium,0.7406
RSK001216,CUS-001216,0.7471,0.4632,0.7052,0.6694,Medium,0.9359
RSK001217,CUS-001217,0.3649,0.1113,0.01,0.1367,Low,0.8305
RSK001218,CUS-001218,0.314,0.3054,0.342,0.3263,Low,0.892
RSK001219,CUS-001219,0.737,0.1693,0.3135,0.4117,Medium,0.9624
RSK001220,CUS-001220,0.4009,0.3973,0.011,0.2052,Low,0.8323
RSK001221,CUS-001221,0.4446,0.1814,0.8611,0.6002,Medium,0.8611
RSK001222,CUS-001222,0.5366,0.2564,0.5661,0.4953,Medium,0.8662
RSK001223,CUS-001223,0.1061,0.1202,0.0743,0.093,Low,0.8769
RSK001224,CUS-001224,0.6032,0.1911,0.3746,0.4065,Medium,0.8359
RSK001225,CUS-001225,0.2895,0.3158,0.2374,0.2687,Low,0.7461
RSK001226,CUS-001226,0.8534,0.3552,0.3204,0.4873,Medium,0.9477
RSK001227,CUS-001227,0.6553,0.4548,0.01,0.2925,Low,0.867
RSK001228,CUS-001228,0.6398,0.2582,0.2698,0.3785,Low,0.8382
RSK001229,CUS-001229,0.1441,0.177,0.6192,0.3882,Low,0.8324
RSK001230,CUS-001230,0.7252,0.4049,0.7144,0.6557,Medium,0.929
RSK001231,CUS-001231,0.2305,0.2334,0.01,0.1208,Low,0.9654
RSK001232,CUS-001232,0.1701,0.3466,0.1444,0.1925,Low,0.7745
RSK001233,CUS-001233,0.5581,0.4695,0.4634,0.493,Medium,0.814
RSK001234,CUS-001234,0.5704,0.346,0.3721,0.4264,Medium,0.9077
RSK001235,CUS-001235,0.3695,0.2591,0.0119,0.1686,Low,0.9638
RSK001236,CUS-001236,0.1953,0.4739,0.01,0.1584,Low,0.7858
RSK001237,CUS-001237,0.3205,0.3774,0.5137,0.4285,Medium,0.8236
RSK001238,CUS-001238,0.1918,0.1285,0.47,0.3182,Low,0.9471
RSK001239,CUS-001239,0.3594,0.2241,0.1329,0.2191,Low,0.8879
RSK001240,CUS-001240,0.2071,0.4279,0.7489,0.5222,Medium,0.8104
RSK001241,CUS-001241,0.1466,0.37,0.2838,0.2599,Low,0.9224
RSK001242,CUS-001242,0.1837,0.3774,0.2794,0.2703,Low,0.7527
RSK001243,CUS-001243,0.8115,0.3867,0.773,0.7073,High,0.9336
RSK001244,CUS-001244,0.8721,0.3405,0.01,0.3347,Low,0.9358
RSK001245,CUS-001245,0.6629,0.2281,0.2939,0.3914,Low,0.968
RSK001246,CUS-001246,0.1249,0.2085,0.6714,0.4149,Medium,0.7633
RSK001247,CUS-001247,0.4749,0.1311,0.7587,0.548,Medium,0.7759
RSK001248,CUS-001248,0.344,0.1143,0.01,0.1311,Low,0.7432
RSK001249,CUS-001249,0.4617,0.1628,0.2138,0.278,Low,0.8978
RSK001250,CUS-001250,0.136,0.1324,0.135,0.1348,Low,0.8905
RSK001251,CUS-001251,0.2221,0.1681,0.6904,0.4455,Medium,0.7013
RSK001252,CUS-001252,0.4152,0.3391,0.4613,0.423,Medium,0.8066
RSK001253,CUS-001253,0.6573,0.4747,0.2842,0.4342,Medium,0.7688
RSK001254,CUS-001254,0.5759,0.304,0.6704,0.5688,Medium,0.7013
RSK001255,CUS-001255,0.3677,0.487,0.4424,0.4289,Medium,0.8035
RSK001256,CUS-001256,0.4957,0.3518,0.6678,0.553,Medium,0.8464
RSK001257,CUS-001257,0.3029,0.2243,0.2754,0.2734,Low,0.9863
RSK001258,CUS-001258,0.3438,0.1384,0.6429,0.4523,Medium,0.7718
RSK001259,CUS-001259,0.6394,0.4727,0.6774,0.6251,Medium,0.9421
RSK001260,CUS-001260,0.5999,0.3665,0.3722,0.4394,Medium,0.7768
RSK001261,CUS-001261,0.1287,0.2931,0.492,0.3432,Low,0.9493
RSK001262,CUS-001262,0.2615,0.4177,0.4166,0.3703,Low,0.8041
RSK001263,CUS-001263,0.8328,0.134,0.1335,0.3434,Low,0.7966
RSK001264,CUS-001264,0.8289,0.329,0.1048,0.3669,Low,0.8393
RSK001265,CUS-001265,0.6961,0.1236,0.7827,0.6249,Medium,0.7607
RSK001266,CUS-001266,0.2101,0.1979,0.3911,0.2982,Low,0.756
RSK001267,CUS-001267,0.6727,0.3948,0.7081,0.6348,Medium,0.9303
RSK001268,CUS-001268,0.8827,0.3794,0.5682,0.6248,Medium,0.8209
RSK001269,CUS-001269,0.203,0.2061,0.3071,0.2557,Low,0.9666
RSK001270,CUS-001270,0.3996,0.2131,0.0398,0.1824,Low,0.8446
RSK001271,CUS-001271,0.4359,0.4646,0.01,0.2287,Low,0.8012
RSK001272,CUS-001272,0.7439,0.4924,0.1634,0.4033,Medium,0.8125
RSK001273,CUS-001273,0.8871,0.2735,0.2216,0.4316,Medium,0.8409
RSK001274,CUS-001274,0.494,0.1802,0.5201,0.4443,Medium,0.9062
RSK001275,CUS-001275,0.7485,0.229,0.4506,0.4956,Medium,0.8467
RSK001276,CUS-001276,0.1253,0.4409,0.1382,0.1949,Low,0.7399
RSK001277,CUS-001277,0.4686,0.4227,0.1712,0.3107,Low,0.8053
RSK001278,CUS-001278,0.1628,0.333,0.1783,0.2046,Low,0.8856
RSK001279,CUS-001279,0.4253,0.3069,0.8953,0.6366,Medium,0.7565
RSK001280,CUS-001280,0.5687,0.4152,0.3734,0.4404,Medium,0.912
RSK001281,CUS-001281,0.2189,0.1168,0.597,0.3875,Low,0.7183
RSK001282,CUS-001282,0.176,0.2341,0.1429,0.1711,Low,0.7332
RSK001283,CUS-001283,0.597,0.316,0.1319,0.3083,Low,0.906
RSK001284,CUS-001284,0.1141,0.2783,0.4722,0.326,Low,0.9633
RSK001285,CUS-001285,0.8408,0.1422,0.495,0.5282,Medium,0.715
RSK001286,CUS-001286,0.4377,0.4009,0.1367,0.2798,Low,0.915
RSK001287,CUS-001287,0.6127,0.4855,0.8032,0.6825,Medium,0.9803
RSK001288,CUS-001288,0.2131,0.1266,0.5157,0.3471,Low,0.8255
RSK001289,CUS-001289,0.4437,0.4272,0.2616,0.3493,Low,0.9304
RSK001290,CUS-001290,0.7372,0.4678,0.1299,0.3797,Low,0.7172
RSK001291,CUS-001291,0.5794,0.3054,0.5763,0.5231,Medium,0.7515
RSK001292,CUS-001292,0.202,0.2857,0.3354,0.2854,Low,0.7477
RSK001293,CUS-001293,0.4757,0.3529,0.3102,0.3684,Low,0.825
RSK001294,CUS-001294,0.2037,0.1447,0.7833,0.4817,Medium,0.8332
RSK001295,CUS-001295,0.254,0.4276,0.2439,0.2837,Low,0.8053
RSK001296,CUS-001296,0.2716,0.3078,0.6176,0.4518,Medium,0.8938
RSK001297,CUS-001297,0.2336,0.1078,0.1059,0.1446,Low,0.7661
RSK001298,CUS-001298,0.2166,0.332,0.75,0.5064,Medium,0.8113
RSK001299,CUS-001299,0.2675,0.3721,0.7051,0.5072,Medium,0.8057
RSK001300,CUS-001300,0.2795,0.4183,0.6523,0.4937,Medium,0.9852
RSK001301,CUS-001301,0.3112,0.1266,0.8176,0.5275,Medium,0.7042
RSK001302,CUS-001302,0.8956,0.277,0.0659,0.357,Low,0.7544
RSK001303,CUS-001303,0.7525,0.3981,0.2636,0.4372,Medium,0.7971
RSK001304,CUS-001304,0.4574,0.4825,0.6887,0.5781,Medium,0.9096
RSK001305,CUS-001305,0.6471,0.445,0.0928,0.3295,Low,0.839
RSK001306,CUS-001306,0.5479,0.4973,0.5,0.5138,Medium,0.8233
RSK001307,CUS-001307,0.2882,0.3245,0.6536,0.4782,Medium,0.7365
RSK001308,CUS-001308,0.2245,0.169,0.112,0.1571,Low,0.8486
RSK001309,CUS-001309,0.1488,0.3182,0.1255,0.171,Low,0.9006
RSK001310,CUS-001310,0.8605,0.1548,0.6525,0.6154,Medium,0.8482
RSK001311,CUS-001311,0.1719,0.2616,0.6959,0.4518,Medium,0.938
RSK001312,CUS-001312,0.1321,0.3214,0.2828,0.2453,Low,0.7385
RSK001313,CUS-001313,0.823,0.1327,0.5279,0.5374,Medium,0.8939
RSK001314,CUS-001314,0.5412,0.4247,0.8147,0.6546,Medium,0.8542
RSK001315,CUS-001315,0.1682,0.3138,0.4665,0.3465,Low,0.9576
RSK001316,CUS-001316,0.3387,0.2793,0.436,0.3755,Low,0.7941
RSK001317,CUS-001317,0.7114,0.258,0.696,0.613,Medium,0.8886
RSK001318,CUS-001318,0.738,0.2356,0.1577,0.3474,Low,0.7743
RSK001319,CUS-001319,0.6897,0.455,0.562,0.5789,Medium,0.7669
RSK001320,CUS-001320,0.6263,0.2474,0.6946,0.5847,Medium,0.8593
RSK001321,CUS-001321,0.8998,0.2192,0.1863,0.4069,Medium,0.9837
RSK001322,CUS-001322,0.7007,0.3809,0.5598,0.5663,Medium,0.9352
RSK001323,CUS-001323,0.1956,0.1121,0.6113,0.3867,Low,0.7872
RSK001324,CUS-001324,0.449,0.2025,0.1967,0.2735,Low,0.7172
RSK001325,CUS-001325,0.6496,0.3584,0.522,0.5276,Medium,0.9747
RSK001326,CUS-001326,0.4853,0.3683,0.687,0.5628,Medium,0.8437
RSK001327,CUS-001327,0.1317,0.1455,0.0915,0.1144,Low,0.9185
RSK001328,CUS-001328,0.1471,0.3315,0.1581,0.1895,Low,0.8844
RSK001329,CUS-001329,0.3447,0.4725,0.6865,0.5412,Medium,0.7636
RSK001330,CUS-001330,0.1092,0.3068,0.217,0.2026,Low,0.7288
RSK001331,CUS-001331,0.1083,0.1819,0.2859,0.2118,Low,0.9251
RSK001332,CUS-001332,0.3496,0.4686,0.5792,0.4882,Medium,0.8556
RSK001333,CUS-001333,0.1323,0.2037,0.1598,0.1603,Low,0.7896
RSK001334,CUS-001334,0.3997,0.3616,0.2637,0.3241,Low,0.7474
RSK001335,CUS-001335,0.5512,0.3596,0.8201,0.6473,Medium,0.7891
RSK001336,CUS-001336,0.7856,0.337,0.4189,0.5125,Medium,0.7243
RSK001337,CUS-001337,0.7121,0.105,0.1452,0.3072,Low,0.7083
RSK001338,CUS-001338,0.7112,0.3827,0.6056,0.5927,Medium,0.8787
RSK001339,CUS-001339,0.8235,0.4638,0.0415,0.3606,Low,0.8259
RSK001340,CUS-001340,0.3695,0.418,0.7698,0.5794,Medium,0.7475
RSK001341,CUS-001341,0.1803,0.2453,0.37,0.2882,Low,0.7246
RSK001342,CUS-001342,0.3162,0.4059,0.4968,0.4244,Medium,0.7532
RSK001343,CUS-001343,0.3591,0.4602,0.3441,0.3718,Low,0.8466
RSK001344,CUS-001344,0.1256,0.1112,0.6259,0.3729,Low,0.874
RSK001345,CUS-001345,0.1636,0.4801,0.2129,0.2515,Low,0.9039
RSK001346,CUS-001346,0.6552,0.444,0.01,0.2904,Low,0.8103
RSK001347,CUS-001347,0.3525,0.4681,0.01,0.2044,Low,0.9812
RSK001348,CUS-001348,0.7072,0.4719,0.4991,0.5561,Medium,0.8742
RSK001349,CUS-001349,0.2225,0.4894,0.345,0.3371,Low,0.8057
RSK001350,CUS-001350,0.4745,0.3811,0.2911,0.3641,Low,0.9885
RSK001351,CUS-001351,0.1221,0.4242,0.3316,0.2873,Low,0.787
RSK001352,CUS-001352,0.6439,0.499,0.6213,0.6036,Medium,0.8932
RSK001353,CUS-001353,0.5208,0.126,0.5308,0.4468,Medium,0.8158
RSK001354,CUS-001354,0.4405,0.1801,0.3605,0.3484,Low,0.937
RSK001355,CUS-001355,0.2718,0.2619,0.2766,0.2722,Low,0.9847
RSK001356,CUS-001356,0.2897,0.3001,0.7079,0.5009,Medium,0.9321
RSK001357,CUS-001357,0.4411,0.4997,0.4702,0.4674,Medium,0.8264
RSK001358,CUS-001358,0.6941,0.4392,0.6609,0.6265,Medium,0.8334
RSK001359,CUS-001359,0.7508,0.3631,0.3934,0.4946,Medium,0.9364
RSK001360,CUS-001360,0.133,0.4919,0.2402,0.2584,Low,0.742
RSK001361,CUS-001361,0.256,0.4375,0.5631,0.4459,Medium,0.9373
RSK001362,CUS-001362,0.3523,0.4612,0.01,0.2029,Low,0.7679
RSK001363,CUS-001363,0.3175,0.4754,0.4031,0.3919,Low,0.8931
RSK001364,CUS-001364,0.2526,0.198,0.6894,0.4601,Medium,0.9119
RSK001365,CUS-001365,0.8291,0.3227,0.699,0.6628,Medium,0.777
RSK001366,CUS-001366,0.8241,0.3903,0.01,0.3303,Low,0.9148
RSK001367,CUS-001367,0.7517,0.4345,0.1894,0.4071,Medium,0.8045
RSK001368,CUS-001368,0.5198,0.4468,0.5575,0.5241,Medium,0.8818
RSK001369,CUS-001369,0.3223,0.3008,0.2313,0.2725,Low,0.8703
RSK001370,CUS-001370,0.625,0.4394,0.3389,0.4448,Medium,0.7857
RSK001371,CUS-001371,0.4842,0.2072,0.197,0.2852,Low,0.8105
RSK001372,CUS-001372,0.4733,0.4979,0.4284,0.4558,Medium,0.7867
RSK001373,CUS-001373,0.3602,0.1358,0.2206,0.2455,Low,0.7626
RSK001374,CUS-001374,0.2154,0.2325,0.1303,0.1763,Low,0.8694
RSK001375,CUS-001375,0.4985,0.282,0.2147,0.3133,Low,0.7026
RSK001376,CUS-001376,0.556,0.3999,0.501,0.4973,Medium,0.8944
RSK001377,CUS-001377,0.4713,0.3932,0.5297,0.4849,Medium,0.7272
RSK001378,CUS-001378,0.3451,0.3774,0.05,0.204,Low,0.713
RSK001379,CUS-001379,0.2296,0.435,0.4097,0.3607,Low,0.9311
RSK001380,CUS-001380,0.1803,0.4394,0.6506,0.4673,Medium,0.7938
RSK001381,CUS-001381,0.348,0.3989,0.4133,0.3908,Low,0.9168
RSK001382,CUS-001382,0.5093,0.1114,0.4173,0.3837,Low,0.7191
RSK001383,CUS-001383,0.8306,0.1119,0.543,0.5431,Medium,0.8067
RSK001384,CUS-001384,0.7768,0.1826,0.684,0.6116,Medium,0.9061
RSK001385,CUS-001385,0.447,0.3481,0.15,0.2787,Low,0.7076
RSK001386,CUS-001386,0.5335,0.4372,0.4073,0.4511,Medium,0.8522
RSK001387,CUS-001387,0.5844,0.2312,0.6771,0.5601,Medium,0.8661
RSK001388,CUS-001388,0.7886,0.4557,0.7245,0.69,Medium,0.7882
RSK001389,CUS-001389,0.7102,0.1482,0.2272,0.3563,Low,0.9212
RSK001390,CUS-001390,0.6911,0.2506,0.5193,0.5171,Medium,0.962
RSK001391,CUS-001391,0.7138,0.4963,0.6667,0.6468,Medium,0.7156
RSK001392,CUS-001392,0.8378,0.1115,0.629,0.5881,Medium,0.7
RSK001393,CUS-001393,0.7137,0.2361,0.6656,0.5941,Medium,0.7006
RSK001394,CUS-001394,0.6965,0.2785,0.3038,0.4166,Medium,0.8968
RSK001395,CUS-001395,0.3688,0.4078,0.1253,0.2549,Low,0.7769
RSK001396,CUS-001396,0.7684,0.1366,0.01,0.2628,Low,0.7163
RSK001397,CUS-001397,0.8868,0.1808,0.6007,0.6025,Medium,0.7431
RSK001398,CUS-001398,0.7077,0.2776,0.4851,0.5104,Medium,0.9262
RSK001399,CUS-001399,0.7668,0.1783,0.2167,0.374,Low,0.7469
RSK001400,CUS-001400,0.1022,0.4648,0.1484,0.1978,Low,0.8807
RSK001401,CUS-001401,0.3667,0.4815,0.4892,0.4509,Medium,0.7199
RSK001402,CUS-001402,0.4753,0.402,0.3427,0.3943,Low,0.9688
RSK001403,CUS-001403,0.5495,0.4646,0.1667,0.3411,Low,0.8302
RSK001404,CUS-001404,0.1971,0.1234,0.2477,0.2077,Low,0.9762
RSK001405,CUS-001405,0.786,0.3091,0.2307,0.413,Medium,0.9239
RSK001406,CUS-001406,0.5724,0.3953,0.78,0.6408,Medium,0.7091
RSK001407,CUS-001407,0.8597,0.1741,0.5012,0.5433,Medium,0.905
RSK001408,CUS-001408,0.3709,0.4178,0.7053,0.5475,Medium,0.9291
RSK001409,CUS-001409,0.1652,0.4319,0.1213,0.1966,Low,0.8308
RSK001410,CUS-001410,0.7582,0.1639,0.0251,0.2728,Low,0.7968
RSK001411,CUS-001411,0.4566,0.4273,0.7017,0.5733,Medium,0.9244
RSK001412,CUS-001412,0.4114,0.4533,0.5421,0.4851,Medium,0.7265
RSK001413,CUS-001413,0.4762,0.1507,0.2834,0.3147,Low,0.7233
RSK001414,CUS-001414,0.321,0.3581,0.5984,0.4671,Medium,0.7159
RSK001415,CUS-001415,0.7977,0.3514,0.6731,0.6461,Medium,0.9118
RSK001416,CUS-001416,0.1304,0.2954,0.4464,0.3214,Low,0.8665
RSK001417,CUS-001417,0.4397,0.2694,0.1588,0.2652,Low,0.7467
RSK001418,CUS-001418,0.2128,0.4875,0.6792,0.5009,Medium,0.8464
RSK001419,CUS-001419,0.6292,0.2839,0.3696,0.4303,Medium,0.8075
RSK001420,CUS-001420,0.5155,0.2252,0.5017,0.4505,Medium,0.9053
RSK001421,CUS-001421,0.6353,0.2035,0.1876,0.3251,Low,0.9109
RSK001422,CUS-001422,0.296,0.4092,0.7175,0.5294,Medium,0.7192
RSK001423,CUS-001423,0.1073,0.4048,0.6213,0.4238,Medium,0.8624
RSK001424,CUS-001424,0.3171,0.3925,0.01,0.1786,Low,0.8958
RSK001425,CUS-001425,0.735,0.1134,0.6247,0.5555,Medium,0.9081
RSK001426,CUS-001426,0.5306,0.1134,0.6879,0.5258,Medium,0.817
RSK001427,CUS-001427,0.3404,0.3301,0.073,0.2046,Low,0.8737
RSK001428,CUS-001428,0.5414,0.2611,0.7171,0.5732,Medium,0.7551
RSK001429,CUS-001429,0.348,0.1647,0.1797,0.2272,Low,0.8772
RSK001430,CUS-001430,0.2762,0.3381,0.3009,0.3009,Low,0.9626
RSK001431,CUS-001431,0.7177,0.1708,0.4596,0.4793,Medium,0.7736
RSK001432,CUS-001432,0.4283,0.1257,0.6731,0.4902,Medium,0.9528
RSK001433,CUS-001433,0.397,0.3679,0.4067,0.396,Low,0.8252
RSK001434,CUS-001434,0.6375,0.2965,0.2552,0.3781,Low,0.9269
RSK001435,CUS-001435,0.1931,0.4794,0.3269,0.3173,Low,0.7619
RSK001436,CUS-001436,0.4446,0.362,0.0966,0.2541,Low,0.7461
RSK001437,CUS-001437,0.5345,0.3264,0.2482,0.3497,Low,0.7307
RSK001438,CUS-001438,0.3463,0.4601,0.3686,0.3802,Low,0.8666
RSK001439,CUS-001439,0.2554,0.3379,0.2206,0.2545,Low,0.9191
RSK001440,CUS-001440,0.5443,0.1017,0.7527,0.56,Medium,0.8507
RSK001441,CUS-001441,0.717,0.4598,0.4428,0.5285,Medium,0.9212
RSK001442,CUS-001442,0.8301,0.1459,0.2043,0.3804,Low,0.8324
RSK001443,CUS-001443,0.8394,0.1796,0.8011,0.6883,Medium,0.8855
RSK001444,CUS-001444,0.2908,0.2848,0.2166,0.2525,Low,0.7546
RSK001445,CUS-001445,0.5154,0.1538,0.3289,0.3498,Low,0.85
RSK001446,CUS-001446,0.3746,0.4425,0.8367,0.6192,Medium,0.9035
RSK001447,CUS-001447,0.2822,0.2627,0.15,0.2122,Low,0.707
RSK001448,CUS-001448,0.8908,0.4046,0.0424,0.3694,Low,0.7233
RSK001449,CUS-001449,0.295,0.2026,0.226,0.242,Low,0.9657
RSK001450,CUS-001450,0.3248,0.3092,0.4339,0.3762,Low,0.8015
RSK001451,CUS-001451,0.4272,0.364,0.4925,0.4472,Medium,0.7644
RSK001452,CUS-001452,0.4842,0.134,0.01,0.1771,Low,0.7066
RSK001453,CUS-001453,0.6553,0.4461,0.1239,0.3478,Low,0.9328
RSK001454,CUS-001454,0.4126,0.3211,0.3517,0.3639,Low,0.9251
RSK001455,CUS-001455,0.2255,0.4458,0.8039,0.5588,Medium,0.7903
RSK001456,CUS-001456,0.8087,0.1698,0.4534,0.5033,Medium,0.8827
RSK001457,CUS-001457,0.8885,0.1257,0.2411,0.4122,Medium,0.8763
RSK001458,CUS-001458,0.2308,0.3948,0.3655,0.3309,Low,0.9657
RSK001459,CUS-001459,0.889,0.106,0.6528,0.6143,Medium,0.8474
RSK001460,CUS-001460,0.6304,0.478,0.3397,0.4546,Medium,0.8306
RSK001461,CUS-001461,0.4784,0.1199,0.2297,0.2823,Low,0.9151
RSK001462,CUS-001462,0.8586,0.4094,0.4543,0.5666,Medium,0.9791
RSK001463,CUS-001463,0.5862,0.4926,0.6622,0.6055,Medium,0.9744
RSK001464,CUS-001464,0.1061,0.3964,0.112,0.1671,Low,0.7789
RSK001465,CUS-001465,0.1315,0.3268,0.3321,0.2709,Low,0.9131
RSK001466,CUS-001466,0.1483,0.1376,0.5423,0.3432,Low,0.8905
RSK001467,CUS-001467,0.8757,0.3624,0.3018,0.4861,Medium,0.8495
RSK001468,CUS-001468,0.3913,0.381,0.6134,0.5003,Medium,0.8979
RSK001469,CUS-001469,0.4896,0.2572,0.8077,0.6022,Medium,0.9771
RSK001470,CUS-001470,0.6241,0.1661,0.4937,0.4673,Medium,0.9874
RSK001471,CUS-001471,0.8357,0.3117,0.4081,0.5171,Medium,0.9045
RSK001472,CUS-001472,0.2356,0.1274,0.0701,0.1312,Low,0.9602
RSK001473,CUS-001473,0.3286,0.2218,0.6013,0.4436,Medium,0.8937
RSK001474,CUS-001474,0.4261,0.4085,0.01,0.2145,Low,0.8254
RSK001475,CUS-001475,0.3782,0.4886,0.0598,0.2411,Low,0.8235
RSK001476,CUS-001476,0.8961,0.4012,0.5506,0.6244,Medium,0.8185
RSK001477,CUS-001477,0.3539,0.3974,0.1483,0.2598,Low,0.9163
RSK001478,CUS-001478,0.1616,0.4155,0.3089,0.286,Low,0.9388
RSK001479,CUS-001479,0.6756,0.4588,0.3252,0.457,Medium,0.7436
RSK001480,CUS-001480,0.3381,0.3901,0.4826,0.4207,Medium,0.9646
RSK001481,CUS-001481,0.5134,0.309,0.5583,0.495,Medium,0.8741
RSK001482,CUS-001482,0.5426,0.4768,0.562,0.5391,Medium,0.8864
RSK001483,CUS-001483,0.8853,0.2972,0.4356,0.5428,Medium,0.9722
RSK001484,CUS-001484,0.6695,0.2284,0.3816,0.4373,Medium,0.9027
RSK001485,CUS-001485,0.7687,0.1737,0.4131,0.4719,Medium,0.8779
RSK001486,CUS-001486,0.6397,0.1284,0.6787,0.5569,Medium,0.8727
RSK001487,CUS-001487,0.2037,0.1995,0.5848,0.3934,Low,0.9382
RSK001488,CUS-001488,0.139,0.417,0.3788,0.3145,Low,0.9027
RSK001489,CUS-001489,0.6732,0.2837,0.6371,0.5773,Medium,0.8997
RSK001490,CUS-001490,0.4732,0.4581,0.4114,0.4393,Medium,0.8115
RSK001491,CUS-001491,0.7024,0.3938,0.4987,0.5388,Medium,0.7057
RSK001492,CUS-001492,0.5193,0.3247,0.2402,0.3408,Low,0.9122
RSK001493,CUS-001493,0.5511,0.2495,0.1642,0.2973,Low,0.74
RSK001494,CUS-001494,0.553,0.4004,0.0255,0.2587,Low,0.7198
RSK001495,CUS-001495,0.7195,0.1088,0.1754,0.3253,Low,0.8527
RSK001496,CUS-001496,0.6748,0.1487,0.7668,0.6156,Medium,0.9015
RSK001497,CUS-001497,0.5269,0.2344,0.5027,0.4563,Medium,0.7963
RSK001498,CUS-001498,0.4246,0.1159,0.0726,0.1869,Low,0.8057
RSK001499,CUS-001499,0.2767,0.2652,0.1725,0.2223,Low,0.757
RSK001500,CUS-001500,0.7035,0.3855,0.0563,0.3163,Low,0.9534
RSK001501,CUS-001501,0.8802,0.4482,0.01,0.3587,Low,0.8111
RSK001502,CUS-001502,0.7345,0.1883,0.1777,0.3469,Low,0.8881
RSK001503,CUS-001503,0.8608,0.3648,0.8489,0.7557,High,0.8487
RSK001504,CUS-001504,0.6011,0.3876,0.1847,0.3502,Low,0.7414
RSK001505,CUS-001505,0.4454,0.4557,0.7312,0.5904,Medium,0.7905
RSK001506,CUS-001506,0.6474,0.3214,0.796,0.6565,Medium,0.8982
RSK001507,CUS-001507,0.1351,0.2474,0.4195,0.2998,Low,0.7611
RSK001508,CUS-001508,0.253,0.4893,0.6674,0.5075,Medium,0.7831
RSK001509,CUS-001509,0.4353,0.2686,0.6822,0.5254,Medium,0.8286
RSK001510,CUS-001510,0.3291,0.4528,0.4321,0.4053,Medium,0.7469
RSK001511,CUS-001511,0.3749,0.2686,0.6695,0.5009,Medium,0.9339
RSK001512,CUS-001512,0.2879,0.492,0.1352,0.2524,Low,0.8053
RSK001513,CUS-001513,0.6802,0.1333,0.6646,0.563,Medium,0.8839
RSK001514,CUS-001514,0.6545,0.26,0.0659,0.2813,Low,0.8201
RSK001515,CUS-001515,0.3888,0.4324,0.6002,0.5032,Medium,0.9792
RSK001516,CUS-001516,0.1114,0.2754,0.01,0.0935,Low,0.9114
RSK001517,CUS-001517,0.5644,0.1105,0.0747,0.2288,Low,0.9394
RSK001518,CUS-001518,0.7803,0.3265,0.5694,0.5841,Medium,0.7373
RSK001519,CUS-001519,0.6104,0.213,0.4079,0.4297,Medium,0.9512
RSK001520,CUS-001520,0.1508,0.2102,0.5127,0.3436,Low,0.8963
RSK001521,CUS-001521,0.5031,0.427,0.1596,0.3161,Low,0.8102
RSK001522,CUS-001522,0.5805,0.103,0.6794,0.5344,Medium,0.8011
RSK001523,CUS-001523,0.4268,0.1652,0.4044,0.3633,Low,0.8549
RSK001524,CUS-001524,0.5723,0.4664,0.5144,0.5222,Medium,0.9422
RSK001525,CUS-001525,0.2839,0.2163,0.7073,0.4821,Medium,0.9668
RSK001526,CUS-001526,0.1514,0.2172,0.01,0.0939,Low,0.8687
RSK001527,CUS-001527,0.432,0.2087,0.0223,0.1825,Low,0.7043
RSK001528,CUS-001528,0.277,0.1605,0.2319,0.2312,Low,0.7419
RSK001529,CUS-001529,0.5091,0.2539,0.3781,0.3926,Low,0.7612
RSK001530,CUS-001530,0.7391,0.3246,0.1291,0.3512,Low,0.9413
RSK001531,CUS-001531,0.1412,0.48,0.846,0.5614,Medium,0.9038
RSK001532,CUS-001532,0.7892,0.4611,0.5078,0.5829,Medium,0.9586
RSK001533,CUS-001533,0.5582,0.1113,0.2168,0.2981,Low,0.7252
RSK001534,CUS-001534,0.5538,0.1924,0.2606,0.3349,Low,0.8883
RSK001535,CUS-001535,0.483,0.1711,0.5979,0.4781,Medium,0.9541
RSK001536,CUS-001536,0.31,0.1689,0.4527,0.3531,Low,0.7052
RSK001537,CUS-001537,0.1631,0.4588,0.6544,0.4679,Medium,0.9643
RSK001538,CUS-001538,0.4935,0.312,0.1421,0.2815,Low,0.7379
RSK001539,CUS-001539,0.7846,0.4139,0.7449,0.6906,Medium,0.942
RSK001540,CUS-001540,0.4674,0.4981,0.572,0.5258,Medium,0.9753
RSK001541,CUS-001541,0.3069,0.2455,0.2488,0.2656,Low,0.9532
RSK001542,CUS-001542,0.3795,0.4708,0.6074,0.5117,Medium,0.8461
RSK001543,CUS-001543,0.2508,0.1891,0.26,0.2431,Low,0.9328
RSK001544,CUS-001544,0.3856,0.4231,0.0838,0.2422,Low,0.8952
RSK001545,CUS-001545,0.6457,0.3295,0.7374,0.6283,Medium,0.9836
RSK001546,CUS-001546,0.6806,0.2345,0.0191,0.2606,Low,0.8978
RSK001547,CUS-001547,0.7824,0.3835,0.3068,0.4648,Medium,0.958
RSK001548,CUS-001548,0.5976,0.4866,0.5443,0.5487,Medium,0.8078
RSK001549,CUS-001549,0.5351,0.4204,0.7633,0.6263,Medium,0.9113
RSK001550,CUS-001550,0.3389,0.3566,0.0848,0.2154,Low,0.8949
RSK001551,CUS-001551,0.2531,0.1622,0.01,0.1134,Low,0.8708
RSK001552,CUS-001552,0.743,0.2731,0.723,0.639,Medium,0.8626
RSK001553,CUS-001553,0.2669,0.2373,0.0837,0.1694,Low,0.8537
RSK001554,CUS-001554,0.8994,0.361,0.6986,0.6913,Medium,0.808
RSK001555,CUS-001555,0.7972,0.2889,0.6209,0.6074,Medium,0.8025
RSK001556,CUS-001556,0.1955,0.2241,0.1945,0.2007,Low,0.8259
RSK001557,CUS-001557,0.1049,0.3523,0.539,0.3714,Low,0.8782
RSK001558,CUS-001558,0.4277,0.1102,0.7383,0.5195,Medium,0.7637
RSK001559,CUS-001559,0.1431,0.3471,0.1867,0.2057,Low,0.8503
RSK001560,CUS-001560,0.8679,0.1228,0.2455,0.4077,Medium,0.7113
RSK001561,CUS-001561,0.6723,0.1386,0.0392,0.249,Low,0.7202
RSK001562,CUS-001562,0.1881,0.2785,0.6572,0.4407,Medium,0.8628
RSK001563,CUS-001563,0.4002,0.1213,0.7226,0.5056,Medium,0.7387
RSK001564,CUS-001564,0.6719,0.1531,0.6005,0.5324,Medium,0.914
RSK001565,CUS-001565,0.135,0.2763,0.1462,0.1689,Low,0.8914
RSK001566,CUS-001566,0.4166,0.3464,0.1076,0.2481,Low,0.9583
RSK001567,CUS-001567,0.309,0.1548,0.131,0.1892,Low,0.8415
RSK001568,CUS-001568,0.7895,0.1817,0.3157,0.431,Medium,0.9087
RSK001569,CUS-001569,0.6326,0.209,0.6054,0.5343,Medium,0.768
RSK001570,CUS-001570,0.7868,0.1199,0.627,0.5735,Medium,0.7257
RSK001571,CUS-001571,0.3664,0.1767,0.6865,0.4885,Medium,0.9075
RSK001572,CUS-001572,0.6912,0.2007,0.5114,0.5032,Medium,0.9601
RSK001573,CUS-001573,0.3118,0.434,0.3584,0.3595,Low,0.8661
RSK001574,CUS-001574,0.4746,0.4119,0.6168,0.5332,Medium,0.9724
RSK001575,CUS-001575,0.3006,0.3691,0.2704,0.2992,Low,0.9848
RSK001576,CUS-001576,0.1827,0.2077,0.3515,0.2721,Low,0.8651
RSK001577,CUS-001577,0.3443,0.2925,0.01,0.1668,Low,0.9664
RSK001578,CUS-001578,0.2305,0.2828,0.4094,0.3304,Low,0.9322
RSK001579,CUS-001579,0.5824,0.2802,0.5694,0.5155,Medium,0.7556
RSK001580,CUS-001580,0.6833,0.3544,0.0757,0.3137,Low,0.9894
RSK001581,CUS-001581,0.3881,0.2447,0.4199,0.3753,Low,0.78
RSK001582,CUS-001582,0.3533,0.2221,0.0897,0.1953,Low,0.73
RSK001583,CUS-001583,0.5581,0.4602,0.0727,0.2958,Low,0.8183
RSK001584,CUS-001584,0.6608,0.2725,0.1406,0.323,Low,0.8139
RSK001585,CUS-001585,0.3939,0.2031,0.0299,0.1737,Low,0.7115
RSK001586,CUS-001586,0.757,0.2455,0.2092,0.3808,Low,0.8083
RSK001587,CUS-001587,0.8079,0.3361,0.1745,0.3968,Low,0.7698
RSK001588,CUS-001588,0.3499,0.1832,0.2462,0.2647,Low,0.8897
RSK001589,CUS-001589,0.365,0.1013,0.6492,0.4544,Medium,0.7136
RSK001590,CUS-001590,0.1935,0.1617,0.4956,0.3382,Low,0.9423
RSK001591,CUS-001591,0.8271,0.1118,0.2502,0.3956,Low,0.8
RSK001592,CUS-001592,0.8853,0.4778,0.167,0.4446,Medium,0.7493
RSK001593,CUS-001593,0.3989,0.4932,0.1115,0.2741,Low,0.7104
RSK001594,CUS-001594,0.2036,0.331,0.2246,0.2396,Low,0.7888
RSK001595,CUS-001595,0.4141,0.1727,0.2745,0.296,Low,0.8744
RSK001596,CUS-001596,0.5884,0.3047,0.1566,0.3158,Low,0.8126
RSK001597,CUS-001597,0.6997,0.2722,0.5319,0.5303,Medium,0.8326
RSK001598,CUS-001598,0.4728,0.3745,0.4322,0.4328,Medium,0.7955
RSK001599,CUS-001599,0.3631,0.4858,0.5443,0.4782,Medium,0.75
RSK001600,CUS-001600,0.7379,0.3926,0.5994,0.5996,Medium,0.7506
RSK001601,CUS-001601,0.3361,0.2689,0.6257,0.4675,Medium,0.8411
RSK001602,CUS-001602,0.2305,0.2594,0.2748,0.2584,Low,0.7238
RSK001603,CUS-001603,0.1952,0.1451,0.4465,0.3108,Low,0.7233
RSK001604,CUS-001604,0.8868,0.2433,0.0379,0.3337,Low,0.7953
RSK001605,CUS-001605,0.5687,0.2975,0.7438,0.602,Medium,0.7902
RSK001606,CUS-001606,0.4409,0.2367,0.4692,0.4142,Medium,0.8959
RSK001607,CUS-001607,0.4484,0.1016,0.5335,0.4216,Medium,0.8427
RSK001608,CUS-001608,0.8288,0.229,0.5066,0.5477,Medium,0.8236
RSK001609,CUS-001609,0.7802,0.1967,0.0715,0.3091,Low,0.8708
RSK001610,CUS-001610,0.5861,0.2813,0.3325,0.3983,Low,0.866
RSK001611,CUS-001611,0.2495,0.3229,0.6761,0.4775,Medium,0.8878
RSK001612,CUS-001612,0.7203,0.167,0.0712,0.2851,Low,0.7453
RSK001613,CUS-001613,0.6059,0.3983,0.3994,0.4611,Medium,0.7855
RSK001614,CUS-001614,0.2752,0.1269,0.2395,0.2277,Low,0.9166
RSK001615,CUS-001615,0.545,0.2417,0.342,0.3828,Low,0.9428
RSK001616,CUS-001616,0.8881,0.1297,0.2834,0.4341,Medium,0.9018
RSK001617,CUS-001617,0.6412,0.1504,0.4001,0.4225,Medium,0.9489
RSK001618,CUS-001618,0.6061,0.1004,0.5718,0.4878,Medium,0.8371
RSK001619,CUS-001619,0.4103,0.3642,0.1207,0.2563,Low,0.9716
RSK001620,CUS-001620,0.2878,0.4417,0.6561,0.5027,Medium,0.9091
RSK001621,CUS-001621,0.2858,0.1195,0.2477,0.2335,Low,0.7844
RSK001622,CUS-001622,0.7382,0.2399,0.5057,0.5223,Medium,0.8373
RSK001623,CUS-001623,0.2737,0.3357,0.1167,0.2076,Low,0.8265
RSK001624,CUS-001624,0.7076,0.3332,0.0123,0.2851,Low,0.7158
RSK001625,CUS-001625,0.2145,0.2317,0.6731,0.4472,Medium,0.8679
RSK001626,CUS-001626,0.1941,0.3401,0.3357,0.2941,Low,0.8188
RSK001627,CUS-001627,0.7145,0.3812,0.16,0.3706,Low,0.7333
RSK001628,CUS-001628,0.4416,0.2805,0.8004,0.5888,Medium,0.9459
RSK001629,CUS-001629,0.2688,0.1026,0.2387,0.2205,Low,0.9061
RSK001630,CUS-001630,0.6712,0.1413,0.5015,0.4804,Medium,0.7468
RSK001631,CUS-001631,0.2978,0.4302,0.4836,0.4172,Medium,0.7906
RSK001632,CUS-001632,0.1378,0.3643,0.6644,0.4464,Medium,0.7125
RSK001633,CUS-001633,0.8147,0.1744,0.2253,0.3919,Low,0.7361
RSK001634,CUS-001634,0.585,0.3055,0.3515,0.4123,Medium,0.742
RSK001635,CUS-001635,0.8704,0.2582,0.2693,0.4474,Medium,0.7979
RSK001636,CUS-001636,0.3568,0.4927,0.5824,0.4968,Medium,0.7268
RSK001637,CUS-001637,0.3189,0.137,0.5097,0.3779,Low,0.8474
RSK001638,CUS-001638,0.2398,0.3504,0.3841,0.3341,Low,0.8123
RSK001639,CUS-001639,0.424,0.3364,0.8391,0.614,Medium,0.9568
RSK001640,CUS-001640,0.8318,0.1696,0.5424,0.5547,Medium,0.9588
RSK001641,CUS-001641,0.7466,0.4603,0.6592,0.6456,Medium,0.8984
RSK001642,CUS-001642,0.5581,0.2127,0.7207,0.5703,Medium,0.9875
RSK001643,CUS-001643,0.1881,0.2514,0.4735,0.3435,Low,0.9009
RSK001644,CUS-001644,0.2083,0.2762,0.6688,0.4521,Medium,0.9037
RSK001645,CUS-001645,0.7392,0.3382,0.7113,0.6451,Medium,0.8483
RSK001646,CUS-001646,0.2451,0.3765,0.2264,0.262,Low,0.7234
RSK001647,CUS-001647,0.8767,0.3209,0.7219,0.6881,Medium,0.7778
RSK001648,CUS-001648,0.3899,0.2227,0.778,0.5505,Medium,0.9488
RSK001649,CUS-001649,0.4372,0.4713,0.2502,0.3505,Low,0.9613
RSK001650,CUS-001650,0.2236,0.3135,0.6976,0.4786,Medium,0.9175
RSK001651,CUS-001651,0.635,0.3913,0.6152,0.5764,Medium,0.975
RSK001652,CUS-001652,0.6471,0.423,0.4288,0.4931,Medium,0.7555
RSK001653,CUS-001653,0.1051,0.1634,0.0341,0.0813,Low,0.9838
RSK001654,CUS-001654,0.8977,0.398,0.2905,0.4942,Medium,0.943
RSK001655,CUS-001655,0.5121,0.4089,0.5507,0.5108,Medium,0.885
RSK001656,CUS-001656,0.2816,0.3646,0.3466,0.3307,Low,0.8137
RSK001657,CUS-001657,0.7352,0.4584,0.6846,0.6545,Medium,0.782
RSK001658,CUS-001658,0.8582,0.3735,0.5531,0.6087,Medium,0.9775
RSK001659,CUS-001659,0.1901,0.2996,0.077,0.1555,Low,0.7078
RSK001660,CUS-001660,0.6325,0.304,0.6268,0.5639,Medium,0.7877
RSK001661,CUS-001661,0.7046,0.3848,0.2732,0.4249,Medium,0.7628
RSK001662,CUS-001662,0.1487,0.2113,0.3155,0.2446,Low,0.9898
RSK001663,CUS-001663,0.7795,0.2203,0.7217,0.6388,Medium,0.7756
RSK001664,CUS-001664,0.6212,0.3961,0.0483,0.2897,Low,0.9287
RSK001665,CUS-001665,0.6256,0.4582,0.0648,0.3117,Low,0.9627
RSK001666,CUS-001666,0.2559,0.3839,0.0768,0.192,Low,0.7218
RSK001667,CUS-001667,0.86,0.2355,0.4688,0.5395,Medium,0.9068
RSK001668,CUS-001668,0.5491,0.3644,0.2644,0.3698,Low,0.9556
RSK001669,CUS-001669,0.6539,0.1137,0.7031,0.5705,Medium,0.759
RSK001670,CUS-001670,0.3288,0.3398,0.6589,0.4961,Medium,0.98
RSK001671,CUS-001671,0.4779,0.1803,0.132,0.2454,Low,0.7046
RSK001672,CUS-001672,0.5515,0.4776,0.5421,0.532,Medium,0.9749
RSK001673,CUS-001673,0.1339,0.3592,0.7669,0.4955,Medium,0.7341
RSK001674,CUS-001674,0.1179,0.4129,0.1157,0.1758,Low,0.8844
RSK001675,CUS-001675,0.6426,0.4538,0.4242,0.4956,Medium,0.9225
RSK001676,CUS-001676,0.8895,0.2201,0.4046,0.5132,Medium,0.7343
RSK001677,CUS-001677,0.1934,0.2727,0.3106,0.2679,Low,0.7181
RSK001678,CUS-001678,0.4992,0.2638,0.2685,0.3368,Low,0.9632
RSK001679,CUS-001679,0.4137,0.3238,0.7716,0.5747,Medium,0.8532
RSK001680,CUS-001680,0.8609,0.4325,0.3956,0.5426,Medium,0.7555
RSK001681,CUS-001681,0.8244,0.3083,0.5308,0.5744,Medium,0.9835
RSK001682,CUS-001682,0.802,0.4997,0.0326,0.3568,Low,0.9464
RSK001683,CUS-001683,0.1661,0.3539,0.3435,0.2924,Low,0.7628
RSK001684,CUS-001684,0.6117,0.1974,0.7857,0.6158,Medium,0.8122
RSK001685,CUS-001685,0.1125,0.4919,0.0938,0.179,Low,0.8069
RSK001686,CUS-001686,0.8293,0.454,0.2862,0.4827,Medium,0.7817
RSK001687,CUS-001687,0.5204,0.3219,0.2639,0.3524,Low,0.8149
RSK001688,CUS-001688,0.5861,0.4036,0.3706,0.4418,Medium,0.8246
RSK001689,CUS-001689,0.5713,0.3334,0.01,0.2431,Low,0.7105
RSK001690,CUS-001690,0.5356,0.2746,0.7015,0.5664,Medium,0.8205
RSK001691,CUS-001691,0.7873,0.2237,0.0629,0.3124,Low,0.8541
RSK001692,CUS-001692,0.6888,0.312,0.75,0.644,Medium,0.7075
RSK001693,CUS-001693,0.4307,0.4426,0.36,0.3977,Low,0.9232
RSK001694,CUS-001694,0.8226,0.3115,0.7034,0.6608,Medium,0.8537
RSK001695,CUS-001695,0.5294,0.3997,0.1062,0.2919,Low,0.7682
RSK001696,CUS-001696,0.5828,0.136,0.1036,0.2538,Low,0.7898
RSK001697,CUS-001697,0.7226,0.2129,0.4414,0.4801,Medium,0.7528
RSK001698,CUS-001698,0.1973,0.101,0.3569,0.2578,Low,0.9661
RSK001699,CUS-001699,0.4194,0.3612,0.8159,0.606,Medium,0.7538
RSK001700,CUS-001700,0.4092,0.1952,0.0769,0.2002,Low,0.9429
RSK001701,CUS-001701,0.3459,0.4094,0.0877,0.2295,Low,0.9548
RSK001702,CUS-001702,0.4064,0.1608,0.3863,0.3472,Low,0.7521
RSK001703,CUS-001703,0.2251,0.2169,0.2456,0.2337,Low,0.8539
RSK001704,CUS-001704,0.8338,0.2219,0.6035,0.5963,Medium,0.7642
RSK001705,CUS-001705,0.6058,0.2018,0.3119,0.378,Low,0.9499
RSK001706,CUS-001706,0.5838,0.3802,0.3679,0.4351,Medium,0.8722
RSK001707,CUS-001707,0.8029,0.3348,0.0894,0.3525,Low,0.7956
RSK001708,CUS-001708,0.2841,0.4065,0.2914,0.3122,Low,0.8918
RSK001709,CUS-001709,0.2136,0.4423,0.6544,0.4797,Medium,0.7317
RSK001710,CUS-001710,0.4782,0.2113,0.298,0.3347,Low,0.8171
RSK001711,CUS-001711,0.691,0.3999,0.2072,0.3909,Low,0.7417
RSK001712,CUS-001712,0.7697,0.3725,0.793,0.7019,High,0.8757
RSK001713,CUS-001713,0.6341,0.4652,0.4513,0.5089,Medium,0.8267
RSK001714,CUS-001714,0.119,0.3081,0.5116,0.3531,Low,0.9866
RSK001715,CUS-001715,0.5969,0.2926,0.2273,0.3512,Low,0.9872
RSK001716,CUS-001716,0.7095,0.2324,0.5256,0.5221,Medium,0.8459
RSK001717,CUS-001717,0.3854,0.4556,0.4198,0.4166,Medium,0.9183
RSK001718,CUS-001718,0.5931,0.2665,0.5515,0.507,Medium,0.8459
RSK001719,CUS-001719,0.2528,0.3082,0.2349,0.2549,Low,0.8033
RSK001720,CUS-001720,0.4512,0.4546,0.533,0.4928,Medium,0.9129
RSK001721,CUS-001721,0.1015,0.2362,0.2599,0.2076,Low,0.9358
RSK001722,CUS-001722,0.2638,0.4663,0.5022,0.4235,Medium,0.9677
RSK001723,CUS-001723,0.1602,0.3394,0.728,0.4799,Medium,0.7518
RSK001724,CUS-001724,0.8527,0.4317,0.5843,0.6343,Medium,0.7225
RSK001725,CUS-001725,0.3112,0.4497,0.2671,0.3169,Low,0.7332
RSK001726,CUS-001726,0.2526,0.2808,0.2991,0.2815,Low,0.9727
RSK001727,CUS-001727,0.7795,0.475,0.1011,0.3794,Low,0.7803
RSK001728,CUS-001728,0.376,0.3693,0.4585,0.4159,Medium,0.7789
RSK001729,CUS-001729,0.4625,0.3265,0.7622,0.5852,Medium,0.8983
RSK001730,CUS-001730,0.3131,0.4792,0.7445,0.562,Medium,0.8044
RSK001731,CUS-001731,0.3123,0.1716,0.6282,0.4421,Medium,0.8884
RSK001732,CUS-001732,0.5622,0.3921,0.0849,0.2895,Low,0.8156
RSK001733,CUS-001733,0.8065,0.4298,0.6928,0.6743,Medium,0.7251
RSK001734,CUS-001734,0.4887,0.404,0.6747,0.5648,Medium,0.7612
RSK001735,CUS-001735,0.258,0.3234,0.0946,0.1894,Low,0.7328
RSK001736,CUS-001736,0.3641,0.3627,0.5428,0.4532,Medium,0.771
RSK001737,CUS-001737,0.7324,0.1547,0.195,0.3482,Low,0.805
RSK001738,CUS-001738,0.4465,0.2779,0.4136,0.3963,Low,0.9868
RSK001739,CUS-001739,0.5414,0.2655,0.6992,0.5651,Medium,0.8837
RSK001740,CUS-001740,0.7918,0.1375,0.1105,0.3203,Low,0.8894
RSK001741,CUS-001741,0.5568,0.292,0.5108,0.4808,Medium,0.8107
RSK001742,CUS-001742,0.5045,0.2293,0.577,0.4857,Medium,0.7594
RSK001743,CUS-001743,0.271,0.2047,0.2404,0.2424,Low,0.7694
RSK001744,CUS-001744,0.1597,0.4331,0.1472,0.2081,Low,0.7107
RSK001745,CUS-001745,0.7915,0.4126,0.6812,0.6606,Medium,0.8327
RSK001746,CUS-001746,0.6257,0.2182,0.6192,0.541,Medium,0.8343
RSK001747,CUS-001747,0.6274,0.393,0.1755,0.3546,Low,0.7114
RSK001748,CUS-001748,0.1163,0.4375,0.3541,0.2994,Low,0.9692
RSK001749,CUS-001749,0.6324,0.3323,0.6788,0.5956,Medium,0.9445
RSK001750,CUS-001750,0.3516,0.415,0.6297,0.5033,Medium,0.8308
RSK001751,CUS-001751,0.2868,0.1402,0.6827,0.4554,Medium,0.732
RSK001752,CUS-001752,0.8417,0.4416,0.2522,0.4669,Medium,0.9408
RSK001753,CUS-001753,0.7266,0.1525,0.803,0.65,Medium,0.892
RSK001754,CUS-001754,0.6563,0.4804,0.518,0.552,Medium,0.7304
RSK001755,CUS-001755,0.1642,0.2545,0.8622,0.5313,Medium,0.8885
RSK001756,CUS-001756,0.1232,0.3085,0.0469,0.1221,Low,0.8366
RSK001757,CUS-001757,0.6995,0.4432,0.6293,0.6131,Medium,0.7469
RSK001758,CUS-001758,0.5895,0.1685,0.3411,0.3811,Low,0.9888
RSK001759,CUS-001759,0.2195,0.3664,0.4454,0.3618,Low,0.9647
RSK001760,CUS-001760,0.2019,0.2184,0.3321,0.2703,Low,0.8029
RSK001761,CUS-001761,0.1849,0.2548,0.1678,0.1903,Low,0.833
RSK001762,CUS-001762,0.8114,0.2156,0.3388,0.4559,Medium,0.8533
RSK001763,CUS-001763,0.5635,0.4263,0.4075,0.4581,Medium,0.7106
RSK001764,CUS-001764,0.6471,0.2623,0.8428,0.668,Medium,0.8919
RSK001765,CUS-001765,0.2967,0.1745,0.01,0.1289,Low,0.91
RSK001766,CUS-001766,0.6717,0.247,0.6152,0.5585,Medium,0.7433
RSK001767,CUS-001767,0.8244,0.2766,0.2854,0.4453,Medium,0.7849
RSK001768,CUS-001768,0.5492,0.1224,0.2566,0.3175,Low,0.876
RSK001769,CUS-001769,0.6473,0.1178,0.38,0.4078,Medium,0.8333
RSK001770,CUS-001770,0.8839,0.1557,0.4367,0.5147,Medium,0.9002
RSK001771,CUS-001771,0.7099,0.163,0.4807,0.4859,Medium,0.9214
RSK001772,CUS-001772,0.6937,0.177,0.7404,0.6137,Medium,0.9236
RSK001773,CUS-001773,0.4751,0.3739,0.7264,0.5805,Medium,0.966
RSK001774,CUS-001774,0.7937,0.1646,0.4199,0.481,Medium,0.8831
RSK001775,CUS-001775,0.2565,0.1609,0.0963,0.1573,Low,0.7732
RSK001776,CUS-001776,0.7383,0.2428,0.4187,0.4794,Medium,0.9715
RSK001777,CUS-001777,0.3356,0.3295,0.2078,0.2705,Low,0.7932
RSK001778,CUS-001778,0.7544,0.1374,0.6159,0.5617,Medium,0.78
RSK001779,CUS-001779,0.8467,0.132,0.6956,0.6282,Medium,0.81
RSK001780,CUS-001780,0.6701,0.1403,0.0373,0.2477,Low,0.8289
RSK001781,CUS-001781,0.3311,0.2057,0.4489,0.3649,Low,0.7879
RSK001782,CUS-001782,0.7648,0.1232,0.4306,0.4694,Medium,0.9549
RSK001783,CUS-001783,0.7123,0.1326,0.707,0.5937,Medium,0.7117
RSK001784,CUS-001784,0.5174,0.2668,0.582,0.4996,Medium,0.9358
RSK001785,CUS-001785,0.4678,0.1078,0.2438,0.2838,Low,0.7499
RSK001786,CUS-001786,0.8778,0.1761,0.2576,0.4274,Medium,0.7356
RSK001787,CUS-001787,0.5228,0.4901,0.6259,0.5678,Medium,0.8709
RSK001788,CUS-001788,0.1591,0.4261,0.4165,0.3412,Low,0.8876
RSK001789,CUS-001789,0.577,0.1259,0.6892,0.5429,Medium,0.7774
RSK001790,CUS-001790,0.2945,0.3292,0.4362,0.3723,Low,0.8365
RSK001791,CUS-001791,0.6284,0.3328,0.3574,0.4338,Medium,0.9458
RSK001792,CUS-001792,0.3518,0.3933,0.2275,0.2979,Low,0.9141
RSK001793,CUS-001793,0.8196,0.1218,0.0358,0.2881,Low,0.8642
RSK001794,CUS-001794,0.2239,0.2402,0.0216,0.126,Low,0.9297
RSK001795,CUS-001795,0.2085,0.2742,0.7523,0.4935,Medium,0.9801
RSK001796,CUS-001796,0.4418,0.3311,0.5507,0.4741,Medium,0.7863
RSK001797,CUS-001797,0.3494,0.2238,0.4573,0.3782,Low,0.84
RSK001798,CUS-001798,0.5927,0.4989,0.288,0.4216,Medium,0.7847
RSK001799,CUS-001799,0.5835,0.2788,0.1963,0.329,Low,0.8538
RSK001800,CUS-001800,0.716,0.3222,0.3003,0.4294,Medium,0.7784
RSK001801,CUS-001801,0.6807,0.2525,0.01,0.2597,Low,0.8515
RSK001802,CUS-001802,0.1121,0.3919,0.531,0.3775,Low,0.9061
RSK001803,CUS-001803,0.821,0.3226,0.3521,0.4869,Medium,0.8986
RSK001804,CUS-001804,0.7531,0.1081,0.8605,0.6778,Medium,0.8574
RSK001805,CUS-001805,0.3821,0.2324,0.011,0.1666,Low,0.8032
RSK001806,CUS-001806,0.3359,0.4463,0.7223,0.5512,Medium,0.8021
RSK001807,CUS-001807,0.1965,0.4961,0.4184,0.3674,Low,0.9395
RSK001808,CUS-001808,0.6194,0.2306,0.3625,0.4132,Medium,0.7146
RSK001809,CUS-001809,0.2459,0.3111,0.5733,0.4226,Medium,0.7025
RSK001810,CUS-001810,0.3379,0.4623,0.7198,0.5537,Medium,0.8178
RSK001811,CUS-001811,0.736,0.1078,0.6427,0.5637,Medium,0.8466
RSK001812,CUS-001812,0.8222,0.2058,0.102,0.3388,Low,0.7495
RSK001813,CUS-001813,0.6438,0.296,0.2636,0.3841,Low,0.7319
RSK001814,CUS-001814,0.5368,0.2497,0.1046,0.2633,Low,0.7391
RSK001815,CUS-001815,0.2007,0.2978,0.2967,0.2681,Low,0.8406
RSK001816,CUS-001816,0.1796,0.182,0.5779,0.3792,Low,0.7005
RSK001817,CUS-001817,0.7936,0.3983,0.4598,0.5476,Medium,0.7245
RSK001818,CUS-001818,0.3254,0.1062,0.2423,0.24,Low,0.7334
RSK001819,CUS-001819,0.4723,0.4674,0.6634,0.5669,Medium,0.9289
RSK001820,CUS-001820,0.1934,0.1144,0.6394,0.4006,Medium,0.8765
RSK001821,CUS-001821,0.6498,0.44,0.4925,0.5292,Medium,0.7934
RSK001822,CUS-001822,0.6225,0.1812,0.5468,0.4964,Medium,0.9647
RSK001823,CUS-001823,0.8234,0.4629,0.3015,0.4903,Medium,0.7393
RSK001824,CUS-001824,0.8655,0.3666,0.7363,0.7011,High,0.8193
RSK001825,CUS-001825,0.8984,0.2724,0.199,0.4235,Medium,0.9702
RSK001826,CUS-001826,0.3685,0.4042,0.541,0.4619,Medium,0.9758
RSK001827,CUS-001827,0.1823,0.2897,0.3187,0.272,Low,0.9572
RSK001828,CUS-001828,0.6406,0.1892,0.6649,0.5625,Medium,0.782
RSK001829,CUS-001829,0.8307,0.3957,0.383,0.5199,Medium,0.8058
RSK001830,CUS-001830,0.4394,0.1917,0.5982,0.4693,Medium,0.8247
RSK001831,CUS-001831,0.3947,0.4849,0.0167,0.2237,Low,0.7043
RSK001832,CUS-001832,0.2516,0.106,0.0625,0.1279,Low,0.7205
RSK001833,CUS-001833,0.3687,0.118,0.5676,0.418,Medium,0.9007
RSK001834,CUS-001834,0.5393,0.4786,0.2224,0.3687,Low,0.7016
RSK001835,CUS-001835,0.7312,0.4542,0.6514,0.6359,Medium,0.8793
RSK001836,CUS-001836,0.2447,0.2831,0.5266,0.3933,Low,0.8472
RSK001837,CUS-001837,0.7001,0.3139,0.6229,0.5843,Medium,0.7963
RSK001838,CUS-001838,0.4079,0.1414,0.5418,0.4215,Medium,0.8344
RSK001839,CUS-001839,0.3659,0.2574,0.184,0.2533,Low,0.8345
RSK001840,CUS-001840,0.8558,0.4656,0.592,0.6459,Medium,0.8927
RSK001841,CUS-001841,0.7687,0.4318,0.4597,0.5468,Medium,0.7458
RSK001842,CUS-001842,0.8677,0.3258,0.8763,0.7636,High,0.988
RSK001843,CUS-001843,0.4115,0.3371,0.187,0.2844,Low,0.8496
RSK001844,CUS-001844,0.7687,0.4254,0.01,0.3207,Low,0.7207
RSK001845,CUS-001845,0.3073,0.363,0.7624,0.546,Medium,0.7419
RSK001846,CUS-001846,0.3257,0.1353,0.4028,0.3262,Low,0.9815
RSK001847,CUS-001847,0.8769,0.4638,0.5642,0.6379,Medium,0.8319
RSK001848,CUS-001848,0.1759,0.4508,0.1076,0.1967,Low,0.709
RSK001849,CUS-001849,0.4357,0.1566,0.0566,0.1903,Low,0.9097
RSK001850,CUS-001850,0.4343,0.1265,0.3917,0.3514,Low,0.7913
RSK001851,CUS-001851,0.1077,0.2323,0.4497,0.3036,Low,0.911
RSK001852,CUS-001852,0.5822,0.359,0.2486,0.3708,Low,0.8515
RSK001853,CUS-001853,0.1987,0.2542,0.3569,0.2889,Low,0.8001
RSK001854,CUS-001854,0.4003,0.3839,0.3977,0.3957,Low,0.9354
RSK001855,CUS-001855,0.1564,0.4607,0.7109,0.4945,Medium,0.7475
RSK001856,CUS-001856,0.8245,0.2023,0.5513,0.5635,Medium,0.9214
RSK001857,CUS-001857,0.4836,0.2926,0.1636,0.2854,Low,0.7883
RSK001858,CUS-001858,0.6733,0.4892,0.2612,0.4304,Medium,0.7146
RSK001859,CUS-001859,0.8182,0.1428,0.849,0.6985,Medium,0.8037
RSK001860,CUS-001860,0.3139,0.3724,0.0574,0.1974,Low,0.9848
RSK001861,CUS-001861,0.3741,0.3645,0.2178,0.294,Low,0.7328
RSK001862,CUS-001862,0.611,0.4505,0.01,0.2784,Low,0.7003
RSK001863,CUS-001863,0.3717,0.158,0.01,0.1481,Low,0.9489
RSK001864,CUS-001864,0.1446,0.4673,0.01,0.1418,Low,0.7356
RSK001865,CUS-001865,0.7958,0.3291,0.3272,0.4682,Medium,0.8259
RSK001866,CUS-001866,0.3102,0.1339,0.01,0.1248,Low,0.9828
RSK001867,CUS-001867,0.6635,0.2617,0.1373,0.32,Low,0.9806
RSK001868,CUS-001868,0.6019,0.1048,0.6201,0.5116,Medium,0.9567
RSK001869,CUS-001869,0.7204,0.3524,0.721,0.6471,Medium,0.7282
RSK001870,CUS-001870,0.6023,0.4189,0.01,0.2695,Low,0.9724
RSK001871,CUS-001871,0.7693,0.1653,0.2686,0.3982,Low,0.7065
RSK001872,CUS-001872,0.1557,0.3319,0.0886,0.1574,Low,0.7421
RSK001873,CUS-001873,0.7201,0.4023,0.6982,0.6456,Medium,0.8753
RSK001874,CUS-001874,0.4264,0.3043,0.6803,0.5289,Medium,0.9603
RSK001875,CUS-001875,0.8694,0.2806,0.459,0.5464,Medium,0.8626
RSK001876,CUS-001876,0.6895,0.3907,0.2806,0.4253,Medium,0.7619
RSK001877,CUS-001877,0.5653,0.1724,0.8891,0.6486,Medium,0.7822
RSK001878,CUS-001878,0.1298,0.4194,0.2333,0.2395,Low,0.9076
RSK001879,CUS-001879,0.489,0.2105,0.464,0.4208,Medium,0.8154
RSK001880,CUS-001880,0.4096,0.486,0.5159,0.478,Medium,0.7772
RSK001881,CUS-001881,0.4842,0.4374,0.4971,0.4813,Medium,0.8166
RSK001882,CUS-001882,0.8159,0.1741,0.0781,0.3186,Low,0.7114
RSK001883,CUS-001883,0.5068,0.28,0.6115,0.5138,Medium,0.9076
RSK001884,CUS-001884,0.366,0.3523,0.7588,0.5597,Medium,0.7127
RSK001885,CUS-001885,0.7491,0.3684,0.7575,0.6772,Medium,0.7048
RSK001886,CUS-001886,0.4384,0.3347,0.6026,0.4998,Medium,0.7628
RSK001887,CUS-001887,0.4067,0.1573,0.5108,0.4089,Medium,0.8426
RSK001888,CUS-001888,0.7205,0.1761,0.6136,0.5582,Medium,0.7443
RSK001889,CUS-001889,0.8456,0.2206,0.5043,0.55,Medium,0.9516
RSK001890,CUS-001890,0.6616,0.3834,0.4729,0.5116,Medium,0.8505
RSK001891,CUS-001891,0.8259,0.3547,0.0786,0.358,Low,0.8272
RSK001892,CUS-001892,0.7176,0.2096,0.0867,0.3006,Low,0.9824
RSK001893,CUS-001893,0.8374,0.1649,0.2267,0.3976,Low,0.7403
RSK001894,CUS-001894,0.6312,0.1963,0.2604,0.3588,Low,0.7345
RSK001895,CUS-001895,0.2364,0.1166,0.4656,0.327,Low,0.8201
RSK001896,CUS-001896,0.178,0.3099,0.2672,0.249,Low,0.7764
RSK001897,CUS-001897,0.3817,0.2461,0.587,0.4572,Medium,0.7607
RSK001898,CUS-001898,0.5563,0.2813,0.0233,0.2348,Low,0.7733
RSK001899,CUS-001899,0.6522,0.3377,0.0574,0.2919,Low,0.7418
RSK001900,CUS-001900,0.3497,0.2063,0.6991,0.4957,Medium,0.7172
RSK001901,CUS-001901,0.7559,0.2864,0.2633,0.4157,Medium,0.8548
RSK001902,CUS-001902,0.7584,0.4193,0.5407,0.5817,Medium,0.9254
RSK001903,CUS-001903,0.841,0.2313,0.5022,0.5497,Medium,0.7652
RSK001904,CUS-001904,0.8072,0.2352,0.3645,0.4714,Medium,0.8671
RSK001905,CUS-001905,0.2252,0.4964,0.3272,0.3304,Low,0.7501
RSK001906,CUS-001906,0.2161,0.4733,0.2571,0.288,Low,0.8415
RSK001907,CUS-001907,0.504,0.1568,0.3253,0.3452,Low,0.918
RSK001908,CUS-001908,0.6603,0.3811,0.2583,0.4035,Medium,0.8591
RSK001909,CUS-001909,0.1407,0.291,0.6981,0.4495,Medium,0.9629
RSK001910,CUS-001910,0.7399,0.1039,0.7515,0.6185,Medium,0.703
RSK001911,CUS-001911,0.7212,0.4118,0.3692,0.4833,Medium,0.8047
RSK001912,CUS-001912,0.3498,0.2349,0.01,0.1569,Low,0.748
RSK001913,CUS-001913,0.5162,0.2278,0.5482,0.4745,Medium,0.9173
RSK001914,CUS-001914,0.3586,0.215,0.1843,0.2427,Low,0.7374
RSK001915,CUS-001915,0.2205,0.1421,0.107,0.1481,Low,0.9393
RSK001916,CUS-001916,0.1356,0.4146,0.7977,0.5224,Medium,0.9647
RSK001917,CUS-001917,0.6651,0.4183,0.4714,0.5189,Medium,0.9224
RSK001918,CUS-001918,0.8683,0.2374,0.6356,0.6258,Medium,0.9814
RSK001919,CUS-001919,0.6262,0.4263,0.3258,0.436,Medium,0.8143
RSK001920,CUS-001920,0.8649,0.35,0.8154,0.7372,High,0.7546
RSK001921,CUS-001921,0.1108,0.3195,0.6834,0.4388,Medium,0.746
RSK001922,CUS-001922,0.2754,0.4169,0.5352,0.4336,Medium,0.7963
RSK001923,CUS-001923,0.8218,0.3753,0.5142,0.5787,Medium,0.7179
RSK001924,CUS-001924,0.8096,0.2293,0.7819,0.6797,Medium,0.7719
RSK001925,CUS-001925,0.552,0.1597,0.2219,0.3085,Low,0.751
RSK001926,CUS-001926,0.8772,0.1074,0.5159,0.5426,Medium,0.8816
RSK001927,CUS-001927,0.8101,0.3681,0.3506,0.4919,Medium,0.9895
RSK001928,CUS-001928,0.2115,0.2077,0.5826,0.3963,Low,0.8209
RSK001929,CUS-001929,0.8322,0.2852,0.0666,0.34,Low,0.8877
RSK001930,CUS-001930,0.7956,0.1438,0.5197,0.5273,Medium,0.9245
RSK001931,CUS-001931,0.6743,0.2127,0.4074,0.4485,Medium,0.8666
RSK001932,CUS-001932,0.1688,0.2716,0.7846,0.4973,Medium,0.7318
RSK001933,CUS-001933,0.8306,0.1089,0.0402,0.2911,Low,0.8849
RSK001934,CUS-001934,0.7985,0.492,0.5408,0.6083,Medium,0.7715
RSK001935,CUS-001935,0.8611,0.3249,0.0791,0.3629,Low,0.9786
RSK001936,CUS-001936,0.3486,0.1972,0.0118,0.1499,Low,0.8659
RSK001937,CUS-001937,0.6814,0.2501,0.2096,0.3592,Low,0.7405
RSK001938,CUS-001938,0.218,0.1892,0.6799,0.4432,Medium,0.8231
RSK001939,CUS-001939,0.2198,0.4805,0.6848,0.5044,Medium,0.7555
RSK001940,CUS-001940,0.7957,0.3398,0.0335,0.3234,Low,0.9464
RSK001941,CUS-001941,0.8342,0.3342,0.1254,0.3798,Low,0.9066
RSK001942,CUS-001942,0.7593,0.1667,0.5499,0.5361,Medium,0.8672
RSK001943,CUS-001943,0.87,0.1925,0.1412,0.3701,Low,0.8066
RSK001944,CUS-001944,0.4152,0.315,0.3408,0.358,Low,0.7555
RSK001945,CUS-001945,0.6707,0.2446,0.5196,0.5099,Medium,0.7639
RSK001946,CUS-001946,0.8387,0.2178,0.3078,0.4491,Medium,0.9571
RSK001947,CUS-001947,0.2977,0.1701,0.4719,0.3593,Low,0.9463
RSK001948,CUS-001948,0.3757,0.3993,0.6789,0.532,Medium,0.9632
RSK001949,CUS-001949,0.394,0.4926,0.01,0.2217,Low,0.9498
RSK001950,CUS-001950,0.245,0.4976,0.7786,0.5623,Medium,0.7403
RSK001951,CUS-001951,0.8497,0.4389,0.3856,0.5355,Medium,0.7713
RSK001952,CUS-001952,0.6886,0.3753,0.4326,0.4979,Medium,0.9189
RSK001953,CUS-001953,0.2863,0.2712,0.5878,0.434,Medium,0.9581
RSK001954,CUS-001954,0.3135,0.1794,0.7677,0.5138,Medium,0.9432
RSK001955,CUS-001955,0.4956,0.2868,0.1653,0.2887,Low,0.7413
RSK001956,CUS-001956,0.7096,0.1768,0.1335,0.315,Low,0.7914
RSK001957,CUS-001957,0.8065,0.1436,0.6526,0.597,Medium,0.7278
RSK001958,CUS-001958,0.1807,0.4887,0.0769,0.1904,Low,0.7427
RSK001959,CUS-001959,0.5996,0.3187,0.0939,0.2906,Low,0.7603
RSK001960,CUS-001960,0.7387,0.4503,0.3089,0.4661,Medium,0.8479
RSK001961,CUS-001961,0.6834,0.2425,0.4321,0.4696,Medium,0.8463
RSK001962,CUS-001962,0.5702,0.1897,0.4296,0.4238,Medium,0.8705
RSK001963,CUS-001963,0.7402,0.4553,0.2159,0.4211,Medium,0.7971
RSK001964,CUS-001964,0.3116,0.2486,0.4499,0.3681,Low,0.941
RSK001965,CUS-001965,0.8968,0.1963,0.2782,0.4474,Medium,0.9611
RSK001966,CUS-001966,0.2761,0.2201,0.7663,0.51,Medium,0.9744
RSK001967,CUS-001967,0.2425,0.1374,0.6241,0.4123,Medium,0.7984
RSK001968,CUS-001968,0.3401,0.3835,0.2502,0.3038,Low,0.7298
RSK001969,CUS-001969,0.4176,0.2737,0.5308,0.4454,Medium,0.9141
RSK001970,CUS-001970,0.8983,0.1286,0.2307,0.4106,Medium,0.9849
RSK001971,CUS-001971,0.4633,0.4484,0.1103,0.2838,Low,0.764
RSK001972,CUS-001972,0.7523,0.3458,0.1037,0.3467,Low,0.7284
RSK001973,CUS-001973,0.625,0.2134,0.0993,0.2798,Low,0.9528
RSK001974,CUS-001974,0.5274,0.3813,0.3481,0.4085,Medium,0.9016
RSK001975,CUS-001975,0.5498,0.4698,0.491,0.5044,Medium,0.9162
RSK001976,CUS-001976,0.5189,0.448,0.4551,0.4728,Medium,0.7025
RSK001977,CUS-001977,0.2667,0.1049,0.1905,0.1962,Low,0.96
RSK001978,CUS-001978,0.5175,0.161,0.01,0.1924,Low,0.92
RSK001979,CUS-001979,0.1936,0.4325,0.2271,0.2581,Low,0.8955
RSK001980,CUS-001980,0.7482,0.3363,0.8201,0.7018,High,0.8232
RSK001981,CUS-001981,0.612,0.4868,0.3568,0.4594,Medium,0.7518
RSK001982,CUS-001982,0.268,0.3677,0.2391,0.2735,Low,0.9656
RSK001983,CUS-001983,0.3555,0.2565,0.7653,0.5406,Medium,0.7446
RSK001984,CUS-001984,0.4538,0.2904,0.3266,0.3575,Low,0.8807
RSK001985,CUS-001985,0.8073,0.3671,0.3081,0.4697,Medium,0.7596
RSK001986,CUS-001986,0.1836,0.4001,0.6017,0.436,Medium,0.8041
RSK001987,CUS-001987,0.8892,0.4623,0.3148,0.5166,Medium,0.9693
RSK001988,CUS-001988,0.5283,0.3831,0.7205,0.5954,Medium,0.7631
RSK001989,CUS-001989,0.314,0.1933,0.3133,0.2895,Low,0.7303
RSK001990,CUS-001990,0.7662,0.2115,0.5937,0.569,Medium,0.8801
RSK001991,CUS-001991,0.5083,0.1672,0.374,0.3729,Low,0.8855
RSK001992,CUS-001992,0.2422,0.4993,0.7537,0.5494,Medium,0.9389
RSK001993,CUS-001993,0.3074,0.4068,0.5102,0.4287,Medium,0.8104
RSK001994,CUS-001994,0.2085,0.246,0.0995,0.1615,Low,0.7316
RSK001995,CUS-001995,0.7878,0.4045,0.2293,0.4319,Medium,0.7627
RSK001996,CUS-001996,0.6799,0.2606,0.4033,0.4577,Medium,0.7096
RSK001997,CUS-001997,0.8796,0.4525,0.5743,0.6415,Medium,0.7526
RSK001998,CUS-001998,0.107,0.3884,0.3087,0.2641,Low,0.8332
RSK001999,CUS-001999,0.8877,0.2155,0.2769,0.4479,Medium,0.928
RSK002000,CUS-002000,0.8803,0.4065,0.5994,0.6451,Medium,0.7916
RSK002001,CUS-002001,0.3131,0.3874,0.2144,0.2786,Low,0.8653
RSK002002,CUS-002002,0.4188,0.1105,0.4624,0.3789,Low,0.8279
RSK002003,CUS-002003,0.4272,0.1089,0.1496,0.2247,Low,0.8845
RSK002004,CUS-002004,0.4813,0.4967,0.1659,0.3267,Low,0.8671
RSK002005,CUS-002005,0.244,0.1797,0.5446,0.3814,Low,0.9682
RSK002006,CUS-002006,0.535,0.4599,0.5708,0.5379,Medium,0.9266
RSK002007,CUS-002007,0.5032,0.2902,0.8036,0.6108,Medium,0.9006
RSK002008,CUS-002008,0.6162,0.2463,0.7393,0.6038,Medium,0.8741
RSK002009,CUS-002009,0.1226,0.2365,0.6536,0.4109,Medium,0.9168
RSK002010,CUS-002010,0.5315,0.3114,0.1042,0.2738,Low,0.8222
RSK002011,CUS-002011,0.3019,0.4644,0.6579,0.5124,Medium,0.8533
RSK002012,CUS-002012,0.7457,0.1455,0.0618,0.2837,Low,0.9224
RSK002013,CUS-002013,0.2334,0.1075,0.4844,0.3337,Low,0.8932
RSK002014,CUS-002014,0.304,0.1957,0.3543,0.3075,Low,0.9408
RSK002015,CUS-002015,0.6102,0.4313,0.1584,0.3485,Low,0.9578
RSK002016,CUS-002016,0.3803,0.3874,0.858,0.6206,Medium,0.8077
RSK002017,CUS-002017,0.424,0.3051,0.3444,0.3604,Low,0.9106
RSK002018,CUS-002018,0.1103,0.3645,0.3218,0.2669,Low,0.9457
RSK002019,CUS-002019,0.4769,0.1937,0.1339,0.2488,Low,0.9869
RSK002020,CUS-002020,0.6449,0.4504,0.5748,0.571,Medium,0.7149
RSK002021,CUS-002021,0.5947,0.128,0.573,0.4905,Medium,0.8926
RSK002022,CUS-002022,0.2778,0.178,0.4431,0.3405,Low,0.9301
RSK002023,CUS-002023,0.7255,0.1416,0.2952,0.3936,Low,0.7808
RSK002024,CUS-002024,0.49,0.1444,0.6788,0.5153,Medium,0.784
RSK002025,CUS-002025,0.8203,0.2554,0.1719,0.3831,Low,0.886
RSK002026,CUS-002026,0.1175,0.1894,0.5136,0.3299,Low,0.8753
RSK002027,CUS-002027,0.8344,0.2382,0.01,0.303,Low,0.8238
RSK002028,CUS-002028,0.3074,0.3794,0.4897,0.4129,Medium,0.9199
RSK002029,CUS-002029,0.7117,0.3551,0.1098,0.3394,Low,0.9778
RSK002030,CUS-002030,0.6923,0.4105,0.5586,0.5691,Medium,0.7075
RSK002031,CUS-002031,0.1325,0.2249,0.4077,0.2886,Low,0.9771
RSK002032,CUS-002032,0.5107,0.1135,0.3965,0.3742,Low,0.8496
RSK002033,CUS-002033,0.7101,0.1543,0.2961,0.3919,Low,0.9547
RSK002034,CUS-002034,0.7742,0.3024,0.01,0.2977,Low,0.8338
RSK002035,CUS-002035,0.8603,0.1843,0.5985,0.5942,Medium,0.7519
RSK002036,CUS-002036,0.8442,0.3296,0.6168,0.6276,Medium,0.7706
RSK002037,CUS-002037,0.1373,0.3043,0.4257,0.3149,Low,0.7365
RSK002038,CUS-002038,0.7757,0.4824,0.136,0.3972,Low,0.9735
RSK002039,CUS-002039,0.7366,0.4111,0.8086,0.7075,High,0.7261
RSK002040,CUS-002040,0.2707,0.1676,0.7514,0.4904,Medium,0.8051
RSK002041,CUS-002041,0.8365,0.2337,0.0646,0.33,Low,0.7657
RSK002042,CUS-002042,0.4132,0.2384,0.4269,0.3851,Low,0.7632
RSK002043,CUS-002043,0.3959,0.1319,0.6146,0.4525,Medium,0.7401
RSK002044,CUS-002044,0.4032,0.1243,0.587,0.4393,Medium,0.8212
RSK002045,CUS-002045,0.323,0.3752,0.2837,0.3138,Low,0.8829
RSK002046,CUS-002046,0.5377,0.3638,0.5947,0.5314,Medium,0.979
RSK002047,CUS-002047,0.1932,0.4558,0.5154,0.4068,Medium,0.8836
RSK002048,CUS-002048,0.1317,0.3806,0.2253,0.2283,Low,0.7339
RSK002049,CUS-002049,0.1782,0.3502,0.6359,0.4415,Medium,0.8224
RSK002050,CUS-002050,0.7753,0.4708,0.5753,0.6144,Medium,0.8414
RSK002051,CUS-002051,0.5109,0.3992,0.298,0.3821,Low,0.8427
RSK002052,CUS-002052,0.8573,0.4552,0.5747,0.6356,Medium,0.9231
RSK002053,CUS-002053,0.7708,0.1725,0.5273,0.5294,Medium,0.8756
RSK002054,CUS-002054,0.4636,0.46,0.4425,0.4523,Medium,0.7253
RSK002055,CUS-002055,0.8543,0.281,0.2407,0.4328,Medium,0.845
RSK002056,CUS-002056,0.5028,0.2329,0.0227,0.2088,Low,0.7092
RSK002057,CUS-002057,0.652,0.1026,0.4846,0.4584,Medium,0.9323
RSK002058,CUS-002058,0.8694,0.2138,0.4102,0.5087,Medium,0.9209
RSK002059,CUS-002059,0.4343,0.2117,0.3803,0.3628,Low,0.8584
RSK002060,CUS-002060,0.7714,0.2903,0.4446,0.5118,Medium,0.9457
RSK002061,CUS-002061,0.8962,0.4806,0.4321,0.581,Medium,0.7788
RSK002062,CUS-002062,0.157,0.3303,0.0832,0.1548,Low,0.9833
RSK002063,CUS-002063,0.717,0.4211,0.01,0.3043,Low,0.8069
RSK002064,CUS-002064,0.2823,0.4045,0.2708,0.301,Low,0.7762
RSK002065,CUS-002065,0.6754,0.2835,0.4656,0.4921,Medium,0.8286
RSK002066,CUS-002066,0.8185,0.286,0.2478,0.4266,Medium,0.8063
RSK002067,CUS-002067,0.8363,0.2826,0.6322,0.6235,Medium,0.9094
RSK002068,CUS-002068,0.8372,0.22,0.7643,0.6773,Medium,0.868
RSK002069,CUS-002069,0.1499,0.2515,0.0917,0.1411,Low,0.7249
RSK002070,CUS-002070,0.8651,0.1079,0.1353,0.3488,Low,0.8227
RSK002071,CUS-002071,0.2295,0.2315,0.6866,0.4585,Medium,0.9376
RSK002072,CUS-002072,0.8373,0.4995,0.6662,0.6842,Medium,0.7727
RSK002073,CUS-002073,0.4308,0.4512,0.01,0.2245,Low,0.928
RSK002074,CUS-002074,0.288,0.3235,0.1741,0.2382,Low,0.8117
RSK002075,CUS-002075,0.3526,0.4431,0.363,0.3759,Low,0.9603
RSK002076,CUS-002076,0.6703,0.3435,0.3115,0.4255,Medium,0.9853
RSK002077,CUS-002077,0.8346,0.4659,0.6377,0.6624,Medium,0.8437
RSK002078,CUS-002078,0.5681,0.4093,0.7551,0.6298,Medium,0.8341
RSK002079,CUS-002079,0.5473,0.1644,0.5417,0.4679,Medium,0.7543
RSK002080,CUS-002080,0.3195,0.1528,0.4394,0.3461,Low,0.974
RSK002081,CUS-002081,0.3439,0.4465,0.6648,0.5249,Medium,0.8189
RSK002082,CUS-002082,0.6776,0.3858,0.6028,0.5818,Medium,0.8212
RSK002083,CUS-002083,0.5719,0.3816,0.6733,0.5845,Medium,0.7227
RSK002084,CUS-002084,0.5938,0.3593,0.3102,0.4051,Medium,0.9641
RSK002085,CUS-002085,0.3146,0.2146,0.4792,0.3769,Low,0.7133
RSK002086,CUS-002086,0.8711,0.3497,0.4839,0.5732,Medium,0.7502
RSK002087,CUS-002087,0.3461,0.2117,0.6806,0.4865,Medium,0.8358
RSK002088,CUS-002088,0.517,0.4226,0.0833,0.2813,Low,0.7012
RSK002089,CUS-002089,0.6642,0.294,0.6413,0.5787,Medium,0.7475
RSK002090,CUS-002090,0.7306,0.4566,0.0217,0.3214,Low,0.8005
RSK002091,CUS-002091,0.8234,0.2005,0.1659,0.3701,Low,0.9701
RSK002092,CUS-002092,0.4485,0.1712,0.8065,0.572,Medium,0.723
RSK002093,CUS-002093,0.284,0.1862,0.4662,0.3555,Low,0.8159
RSK002094,CUS-002094,0.795,0.3445,0.4604,0.5376,Medium,0.7059
RSK002095,CUS-002095,0.1451,0.269,0.4372,0.3159,Low,0.8309
RSK002096,CUS-002096,0.6999,0.2212,0.0319,0.2702,Low,0.926
RSK002097,CUS-002097,0.4836,0.4705,0.5279,0.5031,Medium,0.7155
RSK002098,CUS-002098,0.5621,0.2006,0.6837,0.5506,Medium,0.7839
RSK002099,CUS-002099,0.7544,0.1055,0.4962,0.4955,Medium,0.9604
RSK002100,CUS-002100,0.5067,0.3639,0.4157,0.4326,Medium,0.713
RSK002101,CUS-002101,0.2329,0.1672,0.2795,0.2431,Low,0.7591
RSK002102,CUS-002102,0.7367,0.3162,0.1171,0.3428,Low,0.9225
RSK002103,CUS-002103,0.8286,0.3861,0.3242,0.4879,Medium,0.8404
RSK002104,CUS-002104,0.3865,0.2695,0.3132,0.3264,Low,0.7923
RSK002105,CUS-002105,0.1736,0.3076,0.0164,0.1218,Low,0.7145
RSK002106,CUS-002106,0.5274,0.4905,0.5583,0.5355,Medium,0.9848
RSK002107,CUS-002107,0.7537,0.1951,0.7292,0.6297,Medium,0.9177
RSK002108,CUS-002108,0.3622,0.4693,0.1296,0.2673,Low,0.9562
RSK002109,CUS-002109,0.7335,0.2264,0.2001,0.3654,Low,0.7734
RSK002110,CUS-002110,0.7435,0.3919,0.4874,0.5451,Medium,0.8311
RSK002111,CUS-002111,0.5542,0.4253,0.6216,0.5621,Medium,0.8414
RSK002112,CUS-002112,0.4131,0.1054,0.2704,0.2802,Low,0.7739
RSK002113,CUS-002113,0.6898,0.2301,0.1056,0.3058,Low,0.9034
RSK002114,CUS-002114,0.875,0.2416,0.2186,0.4201,Medium,0.7955
RSK002115,CUS-002115,0.6,0.1954,0.423,0.4306,Medium,0.933
RSK002116,CUS-002116,0.6171,0.4047,0.4764,0.5043,Medium,0.767
RSK002117,CUS-002117,0.1045,0.2662,0.0514,0.1103,Low,0.8267
RSK002118,CUS-002118,0.365,0.1282,0.1137,0.192,Low,0.7822
RSK002119,CUS-002119,0.1651,0.1459,0.2534,0.2054,Low,0.8093
RSK002120,CUS-002120,0.1117,0.2316,0.2716,0.2156,Low,0.823
RSK002121,CUS-002121,0.3158,0.256,0.0714,0.1816,Low,0.8266
RSK002122,CUS-002122,0.4116,0.3586,0.1722,0.2813,Low,0.7822
RSK002123,CUS-002123,0.707,0.1242,0.2981,0.386,Low,0.9662
RSK002124,CUS-002124,0.7725,0.4477,0.5944,0.6185,Medium,0.727
RSK002125,CUS-002125,0.5949,0.1274,0.0277,0.2178,Low,0.8104
RSK002126,CUS-002126,0.5202,0.2846,0.4594,0.4427,Medium,0.9783
RSK002127,CUS-002127,0.6707,0.1298,0.5836,0.519,Medium,0.84
RSK002128,CUS-002128,0.8444,0.213,0.3748,0.4833,Medium,0.7836
RSK002129,CUS-002129,0.3912,0.3724,0.5417,0.4627,Medium,0.9152
RSK002130,CUS-002130,0.1285,0.4899,0.0888,0.1809,Low,0.7042
RSK002131,CUS-002131,0.8297,0.2549,0.0972,0.3485,Low,0.7572
RSK002132,CUS-002132,0.2047,0.419,0.3631,0.3268,Low,0.7605
RSK002133,CUS-002133,0.2547,0.1968,0.478,0.3548,Low,0.7182
RSK002134,CUS-002134,0.2627,0.2145,0.612,0.4277,Medium,0.9363
RSK002135,CUS-002135,0.2026,0.1895,0.0486,0.123,Low,0.9135
RSK002136,CUS-002136,0.1116,0.4003,0.3515,0.2893,Low,0.8467
RSK002137,CUS-002137,0.4573,0.3663,0.0931,0.257,Low,0.9417
RSK002138,CUS-002138,0.4464,0.1858,0.4955,0.4188,Medium,0.8246
RSK002139,CUS-002139,0.6549,0.3712,0.022,0.2817,Low,0.938
RSK002140,CUS-002140,0.4809,0.2271,0.0765,0.2279,Low,0.8045
RSK002141,CUS-002141,0.6557,0.3351,0.4973,0.5124,Medium,0.7586
RSK002142,CUS-002142,0.5529,0.381,0.01,0.2471,Low,0.878
RSK002143,CUS-002143,0.1881,0.3276,0.6107,0.4273,Medium,0.7793
RSK002144,CUS-002144,0.7178,0.191,0.251,0.379,Low,0.9582
RSK002145,CUS-002145,0.4087,0.3806,0.0832,0.2403,Low,0.7262
RSK002146,CUS-002146,0.55,0.1596,0.6625,0.5282,Medium,0.7805
RSK002147,CUS-002147,0.2442,0.472,0.1856,0.2605,Low,0.8924
RSK002148,CUS-002148,0.5688,0.1891,0.4646,0.4408,Medium,0.9785
RSK002149,CUS-002149,0.7791,0.2932,0.3453,0.465,Medium,0.8942
RSK002150,CUS-002150,0.1492,0.2882,0.1659,0.1853,Low,0.7379
RSK002151,CUS-002151,0.8943,0.3515,0.2642,0.4707,Medium,0.932
RSK002152,CUS-002152,0.8336,0.4021,0.5534,0.6072,Medium,0.89
RSK002153,CUS-002153,0.8094,0.1923,0.6365,0.5995,Medium,0.9048
RSK002154,CUS-002154,0.7108,0.1669,0.4088,0.451,Medium,0.7733
RSK002155,CUS-002155,0.3033,0.4764,0.2221,0.2973,Low,0.7624
RSK002156,CUS-002156,0.414,0.1521,0.0527,0.181,Low,0.7929
RSK002157,CUS-002157,0.3855,0.218,0.6694,0.494,Medium,0.9196
RSK002158,CUS-002158,0.2557,0.3859,0.6329,0.4703,Medium,0.8813
RSK002159,CUS-002159,0.2681,0.1618,0.0752,0.1504,Low,0.7553
RSK002160,CUS-002160,0.5747,0.4374,0.73,0.6249,Medium,0.8211
RSK002161,CUS-002161,0.5255,0.3294,0.4724,0.4597,Medium,0.9888
RSK002162,CUS-002162,0.608,0.2923,0.01,0.2459,Low,0.909
RSK002163,CUS-002163,0.7551,0.3619,0.0112,0.3045,Low,0.7813
RSK002164,CUS-002164,0.1963,0.4974,0.1476,0.2322,Low,0.8234
RSK002165,CUS-002165,0.8687,0.4492,0.4284,0.5646,Medium,0.8523
RSK002166,CUS-002166,0.4702,0.4787,0.3196,0.3966,Low,0.9108
RSK002167,CUS-002167,0.839,0.4395,0.7138,0.6965,Medium,0.841
RSK002168,CUS-002168,0.7343,0.3413,0.2643,0.4207,Medium,0.9015
RSK002169,CUS-002169,0.2661,0.4792,0.4862,0.4188,Medium,0.9745
RSK002170,CUS-002170,0.6323,0.1939,0.2329,0.3449,Low,0.9205
RSK002171,CUS-002171,0.3195,0.2694,0.5279,0.4137,Medium,0.897
RSK002172,CUS-002172,0.647,0.4118,0.6326,0.5928,Medium,0.8599
RSK002173,CUS-002173,0.7065,0.3743,0.6408,0.6072,Medium,0.7319
RSK002174,CUS-002174,0.2763,0.2839,0.01,0.1447,Low,0.7949
RSK002175,CUS-002175,0.3452,0.2531,0.01,0.1592,Low,0.8431
RSK002176,CUS-002176,0.3062,0.3216,0.7033,0.5078,Medium,0.9227
RSK002177,CUS-002177,0.4178,0.4483,0.2642,0.3471,Low,0.8333
RSK002178,CUS-002178,0.6537,0.2594,0.5865,0.5412,Medium,0.7082
RSK002179,CUS-002179,0.1452,0.3368,0.7938,0.5078,Medium,0.7533
RSK002180,CUS-002180,0.1306,0.1709,0.5715,0.3591,Low,0.8886
RSK002181,CUS-002181,0.149,0.4556,0.4605,0.3661,Low,0.989
RSK002182,CUS-002182,0.2887,0.377,0.8809,0.6025,Medium,0.7848
RSK002183,CUS-002183,0.3889,0.387,0.3846,0.3864,Low,0.8739
RSK002184,CUS-002184,0.852,0.4822,0.4899,0.597,Medium,0.9556
RSK002185,CUS-002185,0.2848,0.4945,0.5659,0.4673,Medium,0.7443
RSK002186,CUS-002186,0.2788,0.1988,0.4466,0.3467,Low,0.8855
RSK002187,CUS-002187,0.7554,0.4066,0.7537,0.6848,Medium,0.7438
RSK002188,CUS-002188,0.1042,0.3949,0.1222,0.1713,Low,0.9139
RSK002189,CUS-002189,0.5639,0.4063,0.3117,0.4063,Medium,0.7786
RSK002190,CUS-002190,0.5591,0.2538,0.2371,0.337,Low,0.7881
RSK002191,CUS-002191,0.3764,0.2739,0.166,0.2507,Low,0.9006
RSK002192,CUS-002192,0.5327,0.4818,0.188,0.3502,Low,0.9245
RSK002193,CUS-002193,0.4276,0.418,0.7192,0.5715,Medium,0.713
RSK002194,CUS-002194,0.2129,0.2515,0.4351,0.3317,Low,0.8951
RSK002195,CUS-002195,0.5742,0.3348,0.5267,0.5026,Medium,0.8536
RSK002196,CUS-002196,0.7401,0.3009,0.6501,0.6073,Medium,0.9048
RSK002197,CUS-002197,0.737,0.1257,0.2518,0.3721,Low,0.9735
RSK002198,CUS-002198,0.1509,0.458,0.6302,0.452,Medium,0.9842
RSK002199,CUS-002199,0.1127,0.4148,0.6421,0.4378,Medium,0.7903
RSK002200,CUS-002200,0.6724,0.3118,0.2368,0.3825,Low,0.9102
RSK002201,CUS-002201,0.5625,0.36,0.0862,0.2838,Low,0.8498
RSK002202,CUS-002202,0.898,0.4877,0.7132,0.7235,High,0.9255
RSK002203,CUS-002203,0.1548,0.2665,0.433,0.3162,Low,0.7453
RSK002204,CUS-002204,0.8748,0.4794,0.6749,0.6958,Medium,0.7561
RSK002205,CUS-002205,0.5061,0.3575,0.01,0.2283,Low,0.8341
RSK002206,CUS-002206,0.5219,0.1302,0.01,0.1876,Low,0.9471
RSK002207,CUS-002207,0.6458,0.3705,0.5094,0.5225,Medium,0.847
RSK002208,CUS-002208,0.8694,0.4336,0.603,0.649,Medium,0.7315
RSK002209,CUS-002209,0.7207,0.2256,0.7812,0.6519,Medium,0.9034
RSK002210,CUS-002210,0.2953,0.4671,0.0463,0.2052,Low,0.837
RSK002211,CUS-002211,0.4384,0.3695,0.4444,0.4276,Medium,0.8258
RSK002212,CUS-002212,0.2624,0.1808,0.5893,0.4095,Medium,0.902
RSK002213,CUS-002213,0.2529,0.3681,0.0549,0.1769,Low,0.88
RSK002214,CUS-002214,0.1734,0.4109,0.3614,0.3149,Low,0.831
RSK002215,CUS-002215,0.595,0.4737,0.1286,0.3375,Low,0.7477
RSK002216,CUS-002216,0.3871,0.1592,0.2772,0.2866,Low,0.7545
RSK002217,CUS-002217,0.8137,0.2774,0.0743,0.3367,Low,0.8733
RSK002218,CUS-002218,0.5512,0.1067,0.7682,0.5708,Medium,0.929
RSK002219,CUS-002219,0.5285,0.4969,0.5542,0.535,Medium,0.7288
RSK002220,CUS-002220,0.1551,0.3536,0.3619,0.2982,Low,0.7832
RSK002221,CUS-002221,0.7589,0.1416,0.6527,0.5823,Medium,0.8354
RSK002222,CUS-002222,0.2646,0.2971,0.5762,0.4269,Medium,0.769
RSK002223,CUS-002223,0.5319,0.1627,0.7829,0.5836,Medium,0.8367
RSK002224,CUS-002224,0.3722,0.1414,0.7614,0.5206,Medium,0.7533
RSK002225,CUS-002225,0.239,0.1439,0.5847,0.3928,Low,0.8496
RSK002226,CUS-002226,0.3276,0.2051,0.2711,0.2748,Low,0.754
RSK002227,CUS-002227,0.6212,0.4954,0.4549,0.5129,Medium,0.8839
RSK002228,CUS-002228,0.5572,0.4387,0.5447,0.5272,Medium,0.8803
RSK002229,CUS-002229,0.4325,0.2378,0.2371,0.2959,Low,0.7033
RSK002230,CUS-002230,0.5799,0.4738,0.5466,0.542,Medium,0.7693
RSK002231,CUS-002231,0.8535,0.2952,0.7519,0.691,Medium,0.7334
RSK002232,CUS-002232,0.8065,0.3833,0.3336,0.4854,Medium,0.7699
RSK002233,CUS-002233,0.8626,0.4922,0.1182,0.4163,Medium,0.701
RSK002234,CUS-002234,0.8647,0.4977,0.7132,0.7155,High,0.8645
RSK002235,CUS-002235,0.7111,0.3368,0.5936,0.5775,Medium,0.8591
RSK002236,CUS-002236,0.7864,0.2212,0.4724,0.5164,Medium,0.7641
RSK002237,CUS-002237,0.3785,0.209,0.3468,0.3287,Low,0.7656
RSK002238,CUS-002238,0.5774,0.2123,0.5234,0.4774,Medium,0.8783
RSK002239,CUS-002239,0.5289,0.3046,0.6567,0.5479,Medium,0.7787
RSK002240,CUS-002240,0.3885,0.3222,0.0757,0.2188,Low,0.9515
RSK002241,CUS-002241,0.5636,0.2267,0.4449,0.4369,Medium,0.9057
RSK002242,CUS-002242,0.3179,0.4971,0.6657,0.5276,Medium,0.7918
RSK002243,CUS-002243,0.2968,0.1905,0.0764,0.1653,Low,0.9466
RSK002244,CUS-002244,0.2576,0.4845,0.5207,0.4345,Medium,0.771
RSK002245,CUS-002245,0.8207,0.1996,0.6908,0.6315,Medium,0.9508
RSK002246,CUS-002246,0.7563,0.4086,0.517,0.5671,Medium,0.7855
RSK002247,CUS-002247,0.7168,0.4859,0.6692,0.6468,Medium,0.7751
RSK002248,CUS-002248,0.6437,0.1334,0.091,0.2653,Low,0.8697
RSK002249,CUS-002249,0.3318,0.2594,0.6698,0.4863,Medium,0.9438
RSK002250,CUS-002250,0.538,0.436,0.3971,0.4471,Medium,0.8256
RSK002251,CUS-002251,0.8636,0.1288,0.6703,0.62,Medium,0.8184
RSK002252,CUS-002252,0.376,0.4762,0.1973,0.3067,Low,0.7089
RSK002253,CUS-002253,0.3216,0.1859,0.2669,0.2671,Low,0.9653
RSK002254,CUS-002254,0.2698,0.3485,0.1115,0.2064,Low,0.8216
RSK002255,CUS-002255,0.4362,0.4527,0.487,0.4649,Medium,0.8916
RSK002256,CUS-002256,0.5162,0.19,0.7516,0.5687,Medium,0.784
RSK002257,CUS-002257,0.8745,0.4419,0.3745,0.538,Medium,0.7597
RSK002258,CUS-002258,0.2038,0.1799,0.0825,0.1384,Low,0.8732
RSK002259,CUS-002259,0.2942,0.235,0.6173,0.4439,Medium,0.9733
RSK002260,CUS-002260,0.5578,0.3834,0.0392,0.2636,Low,0.9238
RSK002261,CUS-002261,0.3482,0.2374,0.1252,0.2145,Low,0.8071
RSK002262,CUS-002262,0.6981,0.1018,0.582,0.5208,Medium,0.786
RSK002263,CUS-002263,0.157,0.4314,0.2251,0.2459,Low,0.8313
RSK002264,CUS-002264,0.8147,0.1193,0.1802,0.3584,Low,0.754
RSK002265,CUS-002265,0.4884,0.4196,0.4903,0.4756,Medium,0.9758
RSK002266,CUS-002266,0.6092,0.1923,0.0798,0.2611,Low,0.8169
RSK002267,CUS-002267,0.5262,0.4491,0.01,0.2527,Low,0.7354
RSK002268,CUS-002268,0.8089,0.2415,0.01,0.296,Low,0.7385
RSK002269,CUS-002269,0.7966,0.3564,0.7143,0.6674,Medium,0.9693
RSK002270,CUS-002270,0.6355,0.2219,0.0278,0.2489,Low,0.8318
RSK002271,CUS-002271,0.6061,0.1874,0.6812,0.5599,Medium,0.8878
RSK002272,CUS-002272,0.7286,0.3565,0.01,0.2949,Low,0.7135
RSK002273,CUS-002273,0.3127,0.1374,0.1128,0.1777,Low,0.855
RSK002274,CUS-002274,0.235,0.4352,0.3709,0.343,Low,0.9541
RSK002275,CUS-002275,0.1769,0.4474,0.3164,0.3008,Low,0.7279
RSK002276,CUS-002276,0.685,0.283,0.7833,0.6538,Medium,0.7149
RSK002277,CUS-002277,0.6452,0.1845,0.2764,0.3687,Low,0.9308
RSK002278,CUS-002278,0.5367,0.2147,0.4239,0.4159,Medium,0.7725
RSK002279,CUS-002279,0.4881,0.3971,0.7755,0.6136,Medium,0.7193
RSK002280,CUS-002280,0.3934,0.1193,0.0136,0.1487,Low,0.8894
RSK002281,CUS-002281,0.3695,0.2029,0.3186,0.3107,Low,0.9106
RSK002282,CUS-002282,0.2643,0.3821,0.322,0.3167,Low,0.7194
RSK002283,CUS-002283,0.6225,0.3406,0.3396,0.4247,Medium,0.7142
RSK002284,CUS-002284,0.2984,0.1155,0.5233,0.3743,Low,0.7925
RSK002285,CUS-002285,0.3587,0.4767,0.1379,0.2719,Low,0.7121
RSK002286,CUS-002286,0.8556,0.2574,0.1828,0.3996,Low,0.9053
RSK002287,CUS-002287,0.3756,0.3096,0.8298,0.5895,Medium,0.7402
RSK002288,CUS-002288,0.1432,0.1621,0.0781,0.1144,Low,0.816
RSK002289,CUS-002289,0.898,0.3635,0.5875,0.6359,Medium,0.9674
RSK002290,CUS-002290,0.4678,0.2313,0.4934,0.4333,Medium,0.8506
RSK002291,CUS-002291,0.4969,0.4244,0.5543,0.5111,Medium,0.8934
RSK002292,CUS-002292,0.3735,0.1428,0.4111,0.3462,Low,0.9208
RSK002293,CUS-002293,0.8405,0.1929,0.01,0.2957,Low,0.8537
RSK002294,CUS-002294,0.1423,0.2461,0.448,0.3159,Low,0.7137
RSK002295,CUS-002295,0.1015,0.1613,0.6451,0.3853,Low,0.8674
RSK002296,CUS-002296,0.1647,0.3918,0.0831,0.1693,Low,0.7024
RSK002297,CUS-002297,0.2826,0.148,0.1389,0.1838,Low,0.7717
RSK002298,CUS-002298,0.8953,0.2308,0.088,0.3588,Low,0.9674
RSK002299,CUS-002299,0.5523,0.1202,0.5856,0.4825,Medium,0.9323
RSK002300,CUS-002300,0.2397,0.3569,0.4881,0.3873,Low,0.8723
RSK002301,CUS-002301,0.8465,0.4845,0.155,0.4284,Medium,0.9518
RSK002302,CUS-002302,0.1464,0.4789,0.3264,0.3029,Low,0.976
RSK002303,CUS-002303,0.804,0.1323,0.7564,0.6459,Medium,0.757
RSK002304,CUS-002304,0.8297,0.1569,0.0865,0.3235,Low,0.7613
RSK002305,CUS-002305,0.3388,0.4535,0.316,0.3503,Low,0.9614
RSK002306,CUS-002306,0.2193,0.2938,0.4978,0.3735,Low,0.7385
RSK002307,CUS-002307,0.8073,0.2185,0.4137,0.4927,Medium,0.8626
RSK002308,CUS-002308,0.8633,0.3409,0.2244,0.4394,Medium,0.9615
RSK002309,CUS-002309,0.5346,0.4958,0.6161,0.5676,Medium,0.7593
RSK002310,CUS-002310,0.279,0.3557,0.7095,0.5096,Medium,0.982
RSK002311,CUS-002311,0.2367,0.3243,0.01,0.1409,Low,0.8702
RSK002312,CUS-002312,0.5808,0.1447,0.3185,0.3624,Low,0.9291
RSK002313,CUS-002313,0.7157,0.3193,0.6404,0.5988,Medium,0.9026
RSK002314,CUS-002314,0.3648,0.3433,0.396,0.3761,Low,0.7655
RSK002315,CUS-002315,0.4634,0.4503,0.3086,0.3834,Low,0.9479
RSK002316,CUS-002316,0.3438,0.2925,0.1298,0.2265,Low,0.906
RSK002317,CUS-002317,0.5385,0.1384,0.6793,0.5289,Medium,0.8616
RSK002318,CUS-002318,0.8117,0.296,0.6494,0.6274,Medium,0.8576
RSK002319,CUS-002319,0.2351,0.3983,0.5846,0.4425,Medium,0.9388
RSK002320,CUS-002320,0.5462,0.4235,0.0366,0.2669,Low,0.7372
RSK002321,CUS-002321,0.7374,0.2795,0.7838,0.669,Medium,0.7318
RSK002322,CUS-002322,0.5148,0.276,0.3661,0.3927,Low,0.8649
RSK002323,CUS-002323,0.6192,0.1796,0.2733,0.3583,Low,0.8152
RSK002324,CUS-002324,0.8763,0.3567,0.7334,0.7009,High,0.7448
RSK002325,CUS-002325,0.2459,0.2951,0.4981,0.3818,Low,0.8
RSK002326,CUS-002326,0.6249,0.3232,0.5661,0.5352,Medium,0.9444
RSK002327,CUS-002327,0.5623,0.2065,0.723,0.5715,Medium,0.7793
RSK002328,CUS-002328,0.166,0.4368,0.4797,0.377,Low,0.7352
RSK002329,CUS-002329,0.5098,0.455,0.3898,0.4388,Medium,0.9868
RSK002330,CUS-002330,0.7541,0.2306,0.7624,0.6535,Medium,0.8882
RSK002331,CUS-002331,0.189,0.4372,0.0355,0.1619,Low,0.9803
RSK002332,CUS-002332,0.8587,0.4874,0.2138,0.462,Medium,0.9712
RSK002333,CUS-002333,0.6233,0.1719,0.5285,0.4856,Medium,0.8553
RSK002334,CUS-002334,0.7901,0.1619,0.281,0.4099,Medium,0.8415
RSK002335,CUS-002335,0.1015,0.3955,0.4971,0.3581,Low,0.8794
RSK002336,CUS-002336,0.6261,0.4891,0.0541,0.3127,Low,0.9157
RSK002337,CUS-002337,0.7572,0.2339,0.6796,0.6137,Medium,0.9047
RSK002338,CUS-002338,0.4759,0.3951,0.3389,0.3912,Low,0.7141
RSK002339,CUS-002339,0.7725,0.436,0.3673,0.5026,Medium,0.7685
RSK002340,CUS-002340,0.6906,0.3631,0.5859,0.5727,Medium,0.989
RSK002341,CUS-002341,0.3616,0.3387,0.0885,0.2205,Low,0.9371
RSK002342,CUS-002342,0.1153,0.4703,0.4673,0.3623,Low,0.9244
RSK002343,CUS-002343,0.1823,0.4265,0.4615,0.3707,Low,0.9229
RSK002344,CUS-002344,0.3099,0.2836,0.2161,0.2577,Low,0.7771
RSK002345,CUS-002345,0.3797,0.3609,0.398,0.3851,Low,0.9588
RSK002346,CUS-002346,0.2078,0.3163,0.5304,0.3908,Low,0.9673
RSK002347,CUS-002347,0.206,0.3132,0.7312,0.49,Medium,0.8971
RSK002348,CUS-002348,0.7957,0.2825,0.6678,0.6291,Medium,0.8343
RSK002349,CUS-002349,0.8176,0.4897,0.01,0.3482,Low,0.7701
RSK002350,CUS-002350,0.7929,0.2216,0.3956,0.48,Medium,0.9314
RSK002351,CUS-002351,0.8273,0.3833,0.0913,0.3705,Low,0.9621
RSK002352,CUS-002352,0.6855,0.2757,0.7106,0.6161,Medium,0.7231
RSK002353,CUS-002353,0.4059,0.2575,0.2124,0.2795,Low,0.9897
RSK002354,CUS-002354,0.1425,0.3119,0.6242,0.4172,Medium,0.8556
RSK002355,CUS-002355,0.7095,0.4044,0.359,0.4732,Medium,0.8254
RSK002356,CUS-002356,0.1536,0.4561,0.2163,0.2455,Low,0.9581
RSK002357,CUS-002357,0.7064,0.2603,0.6245,0.5762,Medium,0.7961
RSK002358,CUS-002358,0.403,0.3568,0.0624,0.2235,Low,0.8657
RSK002359,CUS-002359,0.5301,0.3619,0.4093,0.4361,Medium,0.9632
RSK002360,CUS-002360,0.8423,0.4434,0.0472,0.365,Low,0.7856
RSK002361,CUS-002361,0.3639,0.356,0.01,0.1854,Low,0.8528
RSK002362,CUS-002362,0.2558,0.4928,0.425,0.3878,Low,0.8269
RSK002363,CUS-002363,0.5814,0.2801,0.0167,0.2388,Low,0.896
RSK002364,CUS-002364,0.1547,0.3392,0.6332,0.4309,Medium,0.9792
RSK002365,CUS-002365,0.7201,0.1852,0.7952,0.6507,Medium,0.7792
RSK002366,CUS-002366,0.1881,0.2481,0.5982,0.4051,Medium,0.807
RSK002367,CUS-002367,0.7374,0.3268,0.2144,0.3938,Low,0.7945
RSK002368,CUS-002368,0.5655,0.4752,0.4348,0.4821,Medium,0.7825
RSK002369,CUS-002369,0.7758,0.2013,0.4639,0.505,Medium,0.7813
RSK002370,CUS-002370,0.5844,0.4442,0.01,0.2692,Low,0.9673
RSK002371,CUS-002371,0.3058,0.3272,0.7638,0.5391,Medium,0.8835
RSK002372,CUS-002372,0.5412,0.2657,0.01,0.2205,Low,0.7428
RSK002373,CUS-002373,0.741,0.3183,0.5067,0.5393,Medium,0.7859
RSK002374,CUS-002374,0.2481,0.444,0.3525,0.3395,Low,0.974
RSK002375,CUS-002375,0.4626,0.2556,0.789,0.5844,Medium,0.8999
RSK002376,CUS-002376,0.2712,0.174,0.4911,0.3617,Low,0.7099
RSK002377,CUS-002377,0.6887,0.2303,0.5379,0.5216,Medium,0.7564
RSK002378,CUS-002378,0.2638,0.4517,0.6937,0.5163,Medium,0.8297
RSK002379,CUS-002379,0.2421,0.3196,0.0341,0.1536,Low,0.8704
RSK002380,CUS-002380,0.1389,0.3507,0.2739,0.2488,Low,0.9706
RSK002381,CUS-002381,0.1159,0.1424,0.0533,0.0899,Low,0.9419
RSK002382,CUS-002382,0.551,0.4455,0.2254,0.3671,Low,0.9392
RSK002383,CUS-002383,0.2006,0.3557,0.3852,0.3239,Low,0.9765
RSK002384,CUS-002384,0.3566,0.4268,0.7192,0.5519,Medium,0.9022
RSK002385,CUS-002385,0.4282,0.1044,0.1014,0.2,Low,0.9299
RSK002386,CUS-002386,0.1841,0.4564,0.5074,0.4002,Medium,0.8263
RSK002387,CUS-002387,0.1972,0.3317,0.1057,0.1784,Low,0.9639
RSK002388,CUS-002388,0.8641,0.2074,0.1436,0.3725,Low,0.8088
RSK002389,CUS-002389,0.5123,0.3915,0.1468,0.3054,Low,0.8868
RSK002390,CUS-002390,0.5582,0.3231,0.7016,0.5829,Medium,0.9396
RSK002391,CUS-002391,0.7087,0.3891,0.7032,0.642,Medium,0.8467
RSK002392,CUS-002392,0.687,0.2992,0.4625,0.4972,Medium,0.7981
RSK002393,CUS-002393,0.1492,0.4889,0.367,0.326,Low,0.728
RSK002394,CUS-002394,0.2106,0.4662,0.4027,0.3578,Low,0.8367
RSK002395,CUS-002395,0.6307,0.4851,0.7278,0.6501,Medium,0.828
RSK002396,CUS-002396,0.6865,0.3469,0.4978,0.5242,Medium,0.9821
RSK002397,CUS-002397,0.8933,0.2714,0.3169,0.4807,Medium,0.7436
RSK002398,CUS-002398,0.5071,0.149,0.607,0.4854,Medium,0.7875
RSK002399,CUS-002399,0.3833,0.1465,0.4546,0.3716,Low,0.8246
RSK002400,CUS-002400,0.1644,0.4463,0.7072,0.4922,Medium,0.8684
RSK002401,CUS-002401,0.4009,0.151,0.443,0.372,Low,0.9221
RSK002402,CUS-002402,0.6366,0.2641,0.1477,0.3176,Low,0.8387
RSK002403,CUS-002403,0.3997,0.4667,0.339,0.3828,Low,0.794
RSK002404,CUS-002404,0.8506,0.3783,0.4676,0.5646,Medium,0.7941
RSK002405,CUS-002405,0.6669,0.3014,0.5408,0.5307,Medium,0.866
RSK002406,CUS-002406,0.557,0.4657,0.4187,0.4696,Medium,0.7085
RSK002407,CUS-002407,0.6959,0.4794,0.1368,0.373,Low,0.7888
RSK002408,CUS-002408,0.2777,0.3967,0.6748,0.5,Medium,0.7179
RSK002409,CUS-002409,0.5454,0.2671,0.798,0.616,Medium,0.8669
RSK002410,CUS-002410,0.5426,0.4298,0.1325,0.315,Low,0.8051
RSK002411,CUS-002411,0.7567,0.3601,0.2587,0.4284,Medium,0.908
RSK002412,CUS-002412,0.4613,0.1636,0.2166,0.2794,Low,0.7898
RSK002413,CUS-002413,0.4915,0.4836,0.6065,0.5474,Medium,0.9782
RSK002414,CUS-002414,0.8984,0.4541,0.2804,0.5005,Medium,0.7231
RSK002415,CUS-002415,0.1993,0.4235,0.466,0.3775,Low,0.7431
RSK002416,CUS-002416,0.5197,0.3388,0.4071,0.4272,Medium,0.9132
RSK002417,CUS-002417,0.6873,0.4048,0.5465,0.5604,Medium,0.7875
RSK002418,CUS-002418,0.7144,0.2542,0.6534,0.5919,Medium,0.7388
RSK002419,CUS-002419,0.5791,0.3006,0.7056,0.5866,Medium,0.8807
RSK002420,CUS-002420,0.3993,0.2258,0.6538,0.4919,Medium,0.9507
RSK002421,CUS-002421,0.2894,0.2056,0.3807,0.3183,Low,0.7653
RSK002422,CUS-002422,0.4241,0.3836,0.2194,0.3136,Low,0.9818
RSK002423,CUS-002423,0.2559,0.394,0.583,0.4471,Medium,0.7564
RSK002424,CUS-002424,0.3355,0.1275,0.3506,0.3015,Low,0.8158
RSK002425,CUS-002425,0.5181,0.3692,0.5875,0.523,Medium,0.7219
RSK002426,CUS-002426,0.6386,0.4241,0.2866,0.4197,Medium,0.934
RSK002427,CUS-002427,0.735,0.1243,0.5176,0.5042,Medium,0.8756
RSK002428,CUS-002428,0.4643,0.3795,0.1053,0.2678,Low,0.7197
RSK002429,CUS-002429,0.1136,0.1784,0.4506,0.2951,Low,0.8148
RSK002430,CUS-002430,0.4589,0.1158,0.6625,0.4921,Medium,0.7798
RSK002431,CUS-002431,0.3073,0.3753,0.756,0.5453,Medium,0.7891
RSK002432,CUS-002432,0.4847,0.3226,0.5449,0.4824,Medium,0.944
RSK002433,CUS-002433,0.8201,0.2146,0.7323,0.6551,Medium,0.959
RSK002434,CUS-002434,0.6529,0.3698,0.283,0.4113,Medium,0.701
RSK002435,CUS-002435,0.3593,0.4915,0.3604,0.3863,Low,0.7248
RSK002436,CUS-002436,0.1059,0.3006,0.1566,0.1702,Low,0.7468
RSK002437,CUS-002437,0.2536,0.1129,0.01,0.1037,Low,0.7956
RSK002438,CUS-002438,0.5045,0.1213,0.7805,0.5659,Medium,0.7696
RSK002439,CUS-002439,0.4477,0.3795,0.1268,0.2736,Low,0.9073
RSK002440,CUS-002440,0.2858,0.1266,0.2565,0.2393,Low,0.8103
RSK002441,CUS-002441,0.5608,0.3804,0.0315,0.2601,Low,0.8396
RSK002442,CUS-002442,0.1573,0.217,0.5611,0.3711,Low,0.7129
RSK002443,CUS-002443,0.6068,0.3627,0.2985,0.4038,Medium,0.8369
RSK002444,CUS-002444,0.3752,0.4006,0.5767,0.481,Medium,0.9785
RSK002445,CUS-002445,0.4568,0.2711,0.4282,0.4054,Medium,0.8815
RSK002446,CUS-002446,0.6197,0.2751,0.2697,0.3758,Low,0.9755
RSK002447,CUS-002447,0.4573,0.4272,0.2165,0.3309,Low,0.8278
RSK002448,CUS-002448,0.7711,0.3089,0.3453,0.4658,Medium,0.8602
RSK002449,CUS-002449,0.7594,0.1261,0.1796,0.3428,Low,0.8286
RSK002450,CUS-002450,0.8272,0.456,0.468,0.5734,Medium,0.8349
RSK002451,CUS-002451,0.4508,0.116,0.595,0.4559,Medium,0.8768
RSK002452,CUS-002452,0.252,0.2486,0.3931,0.3219,Low,0.9493
RSK002453,CUS-002453,0.1886,0.4254,0.3325,0.3079,Low,0.9157
RSK002454,CUS-002454,0.7083,0.362,0.0231,0.2964,Low,0.7674
RSK002455,CUS-002455,0.8255,0.4436,0.0349,0.3538,Low,0.7966
RSK002456,CUS-002456,0.6673,0.3352,0.3575,0.446,Medium,0.9276
RSK002457,CUS-002457,0.3553,0.1897,0.8282,0.5586,Medium,0.9324
RSK002458,CUS-002458,0.263,0.2679,0.6743,0.4696,Medium,0.7935
RSK002459,CUS-002459,0.3604,0.2748,0.2635,0.2948,Low,0.7603
RSK002460,CUS-002460,0.2063,0.1509,0.2426,0.2134,Low,0.7935
RSK002461,CUS-002461,0.3062,0.165,0.1072,0.1785,Low,0.9774
RSK002462,CUS-002462,0.266,0.4432,0.1824,0.2596,Low,0.7552
RSK002463,CUS-002463,0.1675,0.3764,0.01,0.1305,Low,0.8768
RSK002464,CUS-002464,0.4431,0.3706,0.0606,0.2374,Low,0.9372
RSK002465,CUS-002465,0.2681,0.2181,0.3436,0.2959,Low,0.9459
RSK002466,CUS-002466,0.7447,0.1128,0.453,0.4725,Medium,0.8722
RSK002467,CUS-002467,0.3155,0.2967,0.0831,0.1955,Low,0.9081
RSK002468,CUS-002468,0.1627,0.3885,0.2882,0.2706,Low,0.816
RSK002469,CUS-002469,0.5652,0.4606,0.2021,0.3627,Low,0.7062
RSK002470,CUS-002470,0.1527,0.358,0.7008,0.4678,Medium,0.9854
RSK002471,CUS-002471,0.8152,0.1465,0.1151,0.3314,Low,0.8319
RSK002472,CUS-002472,0.1002,0.4564,0.4243,0.3335,Low,0.9255
RSK002473,CUS-002473,0.4026,0.4697,0.2035,0.3165,Low,0.8789
RSK002474,CUS-002474,0.5479,0.339,0.3999,0.4321,Medium,0.8003
RSK002475,CUS-002475,0.3563,0.3236,0.54,0.4416,Medium,0.781
RSK002476,CUS-002476,0.274,0.4594,0.658,0.5031,Medium,0.788
RSK002477,CUS-002477,0.3064,0.2403,0.2748,0.2774,Low,0.9656
RSK002478,CUS-002478,0.2578,0.1193,0.5511,0.3768,Low,0.9267
RSK002479,CUS-002479,0.3178,0.1289,0.3672,0.3047,Low,0.84
RSK002480,CUS-002480,0.8433,0.2099,0.0302,0.3101,Low,0.8543
RSK002481,CUS-002481,0.2007,0.1192,0.7318,0.4499,Medium,0.9803
RSK002482,CUS-002482,0.1724,0.4717,0.2597,0.2759,Low,0.8361
RSK002483,CUS-002483,0.3386,0.4984,0.0207,0.2116,Low,0.8241
RSK002484,CUS-002484,0.5203,0.4417,0.0548,0.2718,Low,0.8757
RSK002485,CUS-002485,0.2247,0.1921,0.1656,0.1886,Low,0.843
RSK002486,CUS-002486,0.5519,0.4219,0.13,0.3149,Low,0.7692
RSK002487,CUS-002487,0.1312,0.1236,0.1842,0.1562,Low,0.7264
RSK002488,CUS-002488,0.6806,0.2765,0.1165,0.3177,Low,0.9425
RSK002489,CUS-002489,0.3008,0.1917,0.2451,0.2511,Low,0.7091
RSK002490,CUS-002490,0.8716,0.4323,0.4635,0.5797,Medium,0.7484
RSK002491,CUS-002491,0.1622,0.4348,0.0969,0.1841,Low,0.983
RSK002492,CUS-002492,0.7874,0.1475,0.7923,0.6619,Medium,0.7821
RSK002493,CUS-002493,0.3832,0.164,0.2746,0.2851,Low,0.888
RSK002494,CUS-002494,0.216,0.4378,0.2391,0.2719,Low,0.8871
RSK002495,CUS-002495,0.7446,0.4835,0.1913,0.4157,Medium,0.9767
RSK002496,CUS-002496,0.6595,0.3485,0.3502,0.4426,Medium,0.7056
RSK002497,CUS-002497,0.3402,0.1274,0.4353,0.3452,Low,0.9668
RSK002498,CUS-002498,0.5678,0.1786,0.3768,0.3945,Low,0.9333
RSK002499,CUS-002499,0.796,0.3237,0.5182,0.5626,Medium,0.9573
RSK002500,CUS-002500,0.505,0.1246,0.4385,0.3957,Low,0.7447
RSK002501,CUS-002501,0.687,0.1773,0.6877,0.5854,Medium,0.7803
RSK002502,CUS-002502,0.538,0.3088,0.01,0.2282,Low,0.9105
RSK002503,CUS-002503,0.4285,0.2143,0.6778,0.5103,Medium,0.7977
RSK002504,CUS-002504,0.8424,0.17,0.4608,0.5171,Medium,0.956
RSK002505,CUS-002505,0.2588,0.3017,0.4299,0.3529,Low,0.8941
RSK002506,CUS-002506,0.4869,0.1134,0.1119,0.2247,Low,0.9655
RSK002507,CUS-002507,0.1232,0.3933,0.0538,0.1425,Low,0.9296
RSK002508,CUS-002508,0.7809,0.177,0.3466,0.443,Medium,0.8275
RSK002509,CUS-002509,0.8527,0.3312,0.7132,0.6786,Medium,0.9336
RSK002510,CUS-002510,0.5312,0.1018,0.4778,0.4186,Medium,0.9609
RSK002511,CUS-002511,0.4813,0.1189,0.6713,0.5038,Medium,0.7154
RSK002512,CUS-002512,0.4277,0.3256,0.15,0.2684,Low,0.8083
RSK002513,CUS-002513,0.1478,0.3542,0.2569,0.2436,Low,0.7921
RSK002514,CUS-002514,0.3669,0.1379,0.3302,0.3028,Low,0.8622
RSK002515,CUS-002515,0.8857,0.2267,0.641,0.6316,Medium,0.8695
RSK002516,CUS-002516,0.3267,0.2468,0.6553,0.475,Medium,0.8764
RSK002517,CUS-002517,0.3111,0.4318,0.1673,0.2633,Low,0.9033
RSK002518,CUS-002518,0.5265,0.4,0.0952,0.2855,Low,0.8654
RSK002519,CUS-002519,0.1018,0.1193,0.2443,0.1765,Low,0.9803
RSK002520,CUS-002520,0.3477,0.3353,0.6079,0.4753,Medium,0.9751
RSK002521,CUS-002521,0.8512,0.1144,0.1954,0.3759,Low,0.9839
RSK002522,CUS-002522,0.1362,0.4726,0.8039,0.5373,Medium,0.7315
RSK002523,CUS-002523,0.1766,0.4192,0.8375,0.5556,Medium,0.9166
RSK002524,CUS-002524,0.8325,0.4484,0.2965,0.4877,Medium,0.8236
RSK002525,CUS-002525,0.2763,0.3165,0.5691,0.4307,Medium,0.9519
RSK002526,CUS-002526,0.4586,0.229,0.2402,0.3035,Low,0.9196
RSK002527,CUS-002527,0.1257,0.3359,0.2044,0.2071,Low,0.8006
RSK002528,CUS-002528,0.3148,0.4651,0.6819,0.5284,Medium,0.7864
RSK002529,CUS-002529,0.4217,0.4315,0.4214,0.4235,Medium,0.9099
RSK002530,CUS-002530,0.184,0.2721,0.0285,0.1239,Low,0.9279
RSK002531,CUS-002531,0.1221,0.2252,0.392,0.2777,Low,0.9069
RSK002532,CUS-002532,0.1162,0.3887,0.6501,0.4376,Medium,0.9554
RSK002533,CUS-002533,0.2741,0.2754,0.2504,0.2625,Low,0.8704
RSK002534,CUS-002534,0.8509,0.1429,0.4862,0.527,Medium,0.7401
RSK002535,CUS-002535,0.5689,0.4093,0.4978,0.5014,Medium,0.7394
RSK002536,CUS-002536,0.8847,0.3605,0.1799,0.4275,Medium,0.9077
RSK002537,CUS-002537,0.1634,0.3626,0.6976,0.4703,Medium,0.7161
RSK002538,CUS-002538,0.142,0.2285,0.6294,0.403,Medium,0.9884
RSK002539,CUS-002539,0.2059,0.2818,0.5736,0.4049,Medium,0.7537
RSK002540,CUS-002540,0.4456,0.1302,0.5663,0.4429,Medium,0.9638
RSK002541,CUS-002541,0.8836,0.3711,0.5094,0.594,Medium,0.9614
RSK002542,CUS-002542,0.317,0.289,0.7577,0.5318,Medium,0.8875
RSK002543,CUS-002543,0.1737,0.2458,0.1594,0.181,Low,0.93
RSK002544,CUS-002544,0.4599,0.4317,0.1427,0.2957,Low,0.9139
RSK002545,CUS-002545,0.541,0.4651,0.5176,0.5141,Medium,0.8703
RSK002546,CUS-002546,0.1399,0.4602,0.552,0.41,Medium,0.9019
RSK002547,CUS-002547,0.6559,0.4238,0.01,0.2865,Low,0.9036
RSK002548,CUS-002548,0.5534,0.2787,0.5869,0.5152,Medium,0.9132
RSK002549,CUS-002549,0.4455,0.116,0.569,0.4413,Medium,0.705
RSK002550,CUS-002550,0.5342,0.416,0.2907,0.3888,Low,0.809
RSK002551,CUS-002551,0.1104,0.4583,0.0927,0.1711,Low,0.8974
RSK002552,CUS-002552,0.7735,0.4804,0.4149,0.5356,Medium,0.8625
RSK002553,CUS-002553,0.161,0.3541,0.6829,0.4606,Medium,0.9345
RSK002554,CUS-002554,0.6538,0.2357,0.4316,0.4591,Medium,0.7722
RSK002555,CUS-002555,0.6963,0.2965,0.3426,0.4395,Medium,0.8741
RSK002556,CUS-002556,0.5834,0.4863,0.7488,0.6467,Medium,0.9841
RSK002557,CUS-002557,0.8655,0.3559,0.614,0.6378,Medium,0.7967
RSK002558,CUS-002558,0.6039,0.1098,0.1516,0.2789,Low,0.8823
RSK002559,CUS-002559,0.7225,0.2174,0.01,0.2652,Low,0.9053
RSK002560,CUS-002560,0.5777,0.4437,0.177,0.3505,Low,0.8109
RSK002561,CUS-002561,0.306,0.4675,0.2667,0.3186,Low,0.8634
RSK002562,CUS-002562,0.4788,0.392,0.4486,0.4463,Medium,0.8809
RSK002563,CUS-002563,0.4528,0.3081,0.2767,0.3358,Low,0.9861
RSK002564,CUS-002564,0.6481,0.207,0.01,0.2408,Low,0.7443
RSK002565,CUS-002565,0.2416,0.4035,0.1725,0.2394,Low,0.9654
RSK002566,CUS-002566,0.4837,0.1567,0.0726,0.2127,Low,0.9299
RSK002567,CUS-002567,0.7014,0.1018,0.1216,0.2916,Low,0.8182
RSK002568,CUS-002568,0.1525,0.3125,0.5503,0.3834,Low,0.7395
RSK002569,CUS-002569,0.6136,0.4178,0.3286,0.4319,Medium,0.8762
RSK002570,CUS-002570,0.8655,0.2153,0.6247,0.6151,Medium,0.7182
RSK002571,CUS-002571,0.4762,0.3241,0.4654,0.4404,Medium,0.9878
RSK002572,CUS-002572,0.6702,0.4297,0.1022,0.3381,Low,0.9597
RSK002573,CUS-002573,0.7715,0.411,0.4235,0.5254,Medium,0.8555
RSK002574,CUS-002574,0.1525,0.1401,0.736,0.4418,Medium,0.796
RSK002575,CUS-002575,0.3713,0.1135,0.4955,0.3818,Low,0.7457
RSK002576,CUS-002576,0.2697,0.2174,0.6941,0.4714,Medium,0.8368
RSK002577,CUS-002577,0.7665,0.3192,0.5607,0.5741,Medium,0.9485
RSK002578,CUS-002578,0.3038,0.3467,0.4702,0.3956,Low,0.8459
RSK002579,CUS-002579,0.7839,0.3256,0.0487,0.3246,Low,0.9055
RSK002580,CUS-002580,0.6849,0.2258,0.1899,0.3456,Low,0.7867
RSK002581,CUS-002581,0.1429,0.3323,0.4723,0.3455,Low,0.9351
RSK002582,CUS-002582,0.3974,0.457,0.7844,0.6028,Medium,0.7422
RSK002583,CUS-002583,0.376,0.3967,0.4434,0.4138,Medium,0.9559
RSK002584,CUS-002584,0.7475,0.155,0.7495,0.63,Medium,0.7902
RSK002585,CUS-002585,0.2559,0.3925,0.377,0.3438,Low,0.7785
RSK002586,CUS-002586,0.5183,0.3599,0.1924,0.3237,Low,0.9542
RSK002587,CUS-002587,0.2271,0.3805,0.5447,0.4166,Medium,0.9177
RSK002588,CUS-002588,0.5457,0.4745,0.5043,0.5108,Medium,0.7326
RSK002589,CUS-002589,0.7739,0.2885,0.7638,0.6718,Medium,0.9795
RSK002590,CUS-002590,0.5259,0.1806,0.3531,0.3704,Low,0.8289
RSK002591,CUS-002591,0.8656,0.4188,0.01,0.3484,Low,0.8282
RSK002592,CUS-002592,0.6326,0.1307,0.388,0.4099,Medium,0.9707
RSK002593,CUS-002593,0.6055,0.2724,0.4086,0.4404,Medium,0.8644
RSK002594,CUS-002594,0.8652,0.2864,0.1016,0.3676,Low,0.9773
RSK002595,CUS-002595,0.474,0.3348,0.1489,0.2836,Low,0.943
RSK002596,CUS-002596,0.7325,0.3052,0.4124,0.487,Medium,0.8555
RSK002597,CUS-002597,0.824,0.4361,0.5907,0.6298,Medium,0.7029
RSK002598,CUS-002598,0.4666,0.127,0.01,0.1704,Low,0.981
RSK002599,CUS-002599,0.4138,0.3048,0.0443,0.2073,Low,0.9211
RSK002600,CUS-002600,0.6898,0.2582,0.6098,0.5635,Medium,0.7093
RSK002601,CUS-002601,0.8815,0.1148,0.4416,0.5082,Medium,0.8566
RSK002602,CUS-002602,0.6102,0.1654,0.3885,0.4104,Medium,0.7823
RSK002603,CUS-002603,0.8949,0.2546,0.1667,0.4027,Medium,0.8343
RSK002604,CUS-002604,0.8378,0.3995,0.5071,0.5848,Medium,0.7967
RSK002605,CUS-002605,0.1592,0.2058,0.333,0.2554,Low,0.7582
RSK002606,CUS-002606,0.3465,0.3175,0.04,0.1875,Low,0.8801
RSK002607,CUS-002607,0.5274,0.4862,0.1349,0.3229,Low,0.7862
RSK002608,CUS-002608,0.7169,0.2659,0.6436,0.59,Medium,0.7618
RSK002609,CUS-002609,0.801,0.4377,0.211,0.4333,Medium,0.7595
RSK002610,CUS-002610,0.791,0.4081,0.0692,0.3535,Low,0.8653
RSK002611,CUS-002611,0.1319,0.2323,0.207,0.1895,Low,0.9382
RSK002612,CUS-002612,0.7676,0.1915,0.3721,0.4546,Medium,0.9365
RSK002613,CUS-002613,0.3182,0.4601,0.4303,0.4026,Medium,0.7257
RSK002614,CUS-002614,0.7801,0.1382,0.7117,0.6175,Medium,0.9128
RSK002615,CUS-002615,0.4894,0.2284,0.2223,0.3037,Low,0.8019
RSK002616,CUS-002616,0.5679,0.2115,0.1735,0.2994,Low,0.8353
RSK002617,CUS-002617,0.5633,0.1909,0.4299,0.4221,Medium,0.723
RSK002618,CUS-002618,0.6374,0.2838,0.3074,0.4017,Medium,0.9393
RSK002619,CUS-002619,0.6953,0.1141,0.01,0.2364,Low,0.8291
RSK002620,CUS-002620,0.3819,0.4284,0.47,0.4353,Medium,0.7994
RSK002621,CUS-002621,0.6471,0.1306,0.4705,0.4555,Medium,0.8053
RSK002622,CUS-002622,0.1488,0.1762,0.5324,0.3461,Low,0.8294
RSK002623,CUS-002623,0.6202,0.2343,0.3509,0.4084,Medium,0.8065
RSK002624,CUS-002624,0.8625,0.2437,0.1843,0.3996,Low,0.9401
RSK002625,CUS-002625,0.8654,0.1031,0.2874,0.4239,Medium,0.7256
RSK002626,CUS-002626,0.7553,0.1048,0.2386,0.3668,Low,0.934
RSK002627,CUS-002627,0.8753,0.1206,0.6499,0.6117,Medium,0.8012
RSK002628,CUS-002628,0.6624,0.4201,0.8031,0.6843,Medium,0.8529
RSK002629,CUS-002629,0.3223,0.3058,0.4143,0.365,Low,0.8927
RSK002630,CUS-002630,0.2613,0.2416,0.5446,0.399,Low,0.743
RSK002631,CUS-002631,0.7854,0.1879,0.5833,0.5649,Medium,0.9384
RSK002632,CUS-002632,0.1606,0.3334,0.4758,0.3528,Low,0.7841
RSK002633,CUS-002633,0.5829,0.1967,0.8055,0.617,Medium,0.8217
RSK002634,CUS-002634,0.5859,0.1079,0.5546,0.4746,Medium,0.7574
RSK002635,CUS-002635,0.5133,0.3859,0.4066,0.4345,Medium,0.8978
RSK002636,CUS-002636,0.1503,0.3338,0.5773,0.4005,Medium,0.9754
RSK002637,CUS-002637,0.2071,0.4241,0.3518,0.3228,Low,0.8084
RSK002638,CUS-002638,0.1335,0.2222,0.1785,0.1737,Low,0.7816
RSK002639,CUS-002639,0.5271,0.1076,0.1742,0.2667,Low,0.7662
RSK002640,CUS-002640,0.6605,0.1048,0.2091,0.3237,Low,0.8979
RSK002641,CUS-002641,0.7633,0.4126,0.1182,0.3706,Low,0.8947
RSK002642,CUS-002642,0.7887,0.3594,0.3983,0.5076,Medium,0.9314
RSK002643,CUS-002643,0.8836,0.1731,0.2928,0.4461,Medium,0.9643
RSK002644,CUS-002644,0.4521,0.4686,0.6082,0.5334,Medium,0.9576
RSK002645,CUS-002645,0.1036,0.3726,0.1168,0.164,Low,0.8192
RSK002646,CUS-002646,0.4518,0.3992,0.2533,0.342,Low,0.9436
RSK002647,CUS-002647,0.7228,0.2978,0.0737,0.3133,Low,0.7121
RSK002648,CUS-002648,0.2374,0.1041,0.6015,0.3928,Low,0.949
RSK002649,CUS-002649,0.4278,0.2853,0.3285,0.3497,Low,0.7214
RSK002650,CUS-002650,0.6949,0.3254,0.6506,0.5988,Medium,0.8394
RSK002651,CUS-002651,0.5783,0.3851,0.5871,0.5441,Medium,0.7483
RSK002652,CUS-002652,0.5026,0.3432,0.1187,0.2788,Low,0.8415
RSK002653,CUS-002653,0.4457,0.2122,0.2647,0.3085,Low,0.7249
RSK002654,CUS-002654,0.2573,0.1724,0.6672,0.4453,Medium,0.8603
RSK002655,CUS-002655,0.8241,0.3332,0.134,0.3809,Low,0.8189
RSK002656,CUS-002656,0.1624,0.2378,0.1686,0.1806,Low,0.7868
RSK002657,CUS-002657,0.2106,0.4634,0.2698,0.2908,Low,0.8721
RSK002658,CUS-002658,0.1778,0.4158,0.5213,0.3972,Low,0.8058
RSK002659,CUS-002659,0.5142,0.1091,0.3298,0.341,Low,0.7084
RSK002660,CUS-002660,0.3306,0.2338,0.5919,0.4419,Medium,0.9275
RSK002661,CUS-002661,0.3126,0.1205,0.7764,0.5061,Medium,0.734
RSK002662,CUS-002662,0.3052,0.3085,0.0282,0.1674,Low,0.8979
RSK002663,CUS-002663,0.3018,0.1449,0.59,0.4145,Medium,0.8594
RSK002664,CUS-002664,0.1004,0.4023,0.7672,0.4942,Medium,0.781
RSK002665,CUS-002665,0.8624,0.1406,0.0352,0.3044,Low,0.9285
RSK002666,CUS-002666,0.3241,0.4365,0.3722,0.3706,Low,0.7579
RSK002667,CUS-002667,0.8988,0.3446,0.2122,0.4447,Medium,0.7302
RSK002668,CUS-002668,0.3285,0.2373,0.3776,0.3348,Low,0.9474
RSK002669,CUS-002669,0.5258,0.1894,0.0319,0.2116,Low,0.7928
RSK002670,CUS-002670,0.8605,0.1877,0.8326,0.712,High,0.7991
RSK002671,CUS-002671,0.1075,0.3335,0.7209,0.4594,Medium,0.9525
RSK002672,CUS-002672,0.1405,0.4258,0.669,0.4618,Medium,0.7796
RSK002673,CUS-002673,0.686,0.2987,0.0934,0.3122,Low,0.9223
RSK002674,CUS-002674,0.1215,0.358,0.6576,0.4368,Medium,0.9336
RSK002675,CUS-002675,0.6857,0.4582,0.0803,0.3375,Low,0.9715
RSK002676,CUS-002676,0.4731,0.3224,0.3289,0.3709,Low,0.8831
RSK002677,CUS-002677,0.4171,0.1454,0.0921,0.2003,Low,0.7623
RSK002678,CUS-002678,0.8012,0.2752,0.6322,0.6115,Medium,0.8645
RSK002679,CUS-002679,0.7989,0.4094,0.6552,0.6491,Medium,0.7235
RSK002680,CUS-002680,0.6326,0.1586,0.0651,0.254,Low,0.8956
RSK002681,CUS-002681,0.6168,0.1978,0.7916,0.6204,Medium,0.9717
RSK002682,CUS-002682,0.4055,0.3856,0.8416,0.6196,Medium,0.8889
RSK002683,CUS-002683,0.5237,0.4386,0.6292,0.5594,Medium,0.9769
RSK002684,CUS-002684,0.6345,0.3111,0.754,0.6296,Medium,0.9735
RSK002685,CUS-002685,0.635,0.187,0.774,0.6149,Medium,0.9105
RSK002686,CUS-002686,0.641,0.2067,0.7252,0.5962,Medium,0.7214
RSK002687,CUS-002687,0.8411,0.4914,0.1171,0.4092,Medium,0.7536
RSK002688,CUS-002688,0.8135,0.4011,0.5806,0.6146,Medium,0.8836
RSK002689,CUS-002689,0.2038,0.1707,0.0729,0.1317,Low,0.7383
RSK002690,CUS-002690,0.7375,0.1765,0.5298,0.5214,Medium,0.9104
RSK002691,CUS-002691,0.7213,0.4876,0.5069,0.5674,Medium,0.7993
RSK002692,CUS-002692,0.1994,0.297,0.7027,0.4706,Medium,0.7783
RSK002693,CUS-002693,0.3312,0.4974,0.4971,0.4474,Medium,0.7665
RSK002694,CUS-002694,0.7736,0.3998,0.6425,0.6333,Medium,0.9098
RSK002695,CUS-002695,0.2294,0.2398,0.4784,0.356,Low,0.9818
RSK002696,CUS-002696,0.6805,0.3316,0.01,0.2755,Low,0.7145
RSK002697,CUS-002697,0.6341,0.218,0.4999,0.4838,Medium,0.9708
RSK002698,CUS-002698,0.3531,0.4008,0.3882,0.3802,Low,0.8857
RSK002699,CUS-002699,0.3615,0.2587,0.1647,0.2425,Low,0.7547
RSK002700,CUS-002700,0.361,0.2077,0.213,0.2563,Low,0.8313
RSK002701,CUS-002701,0.7436,0.3485,0.2495,0.4175,Medium,0.7813
RSK002702,CUS-002702,0.7385,0.4121,0.12,0.364,Low,0.8943
RSK002703,CUS-002703,0.7051,0.3939,0.8211,0.7009,High,0.7186
RSK002704,CUS-002704,0.3888,0.3282,0.3983,0.3814,Low,0.9549
RSK002705,CUS-002705,0.2317,0.2416,0.5983,0.417,Medium,0.9747
RSK002706,CUS-002706,0.3014,0.2519,0.211,0.2463,Low,0.7454
RSK002707,CUS-002707,0.7362,0.1323,0.4474,0.471,Medium,0.7549
RSK002708,CUS-002708,0.8717,0.4344,0.3276,0.5122,Medium,0.7613
RSK002709,CUS-002709,0.8115,0.3563,0.6456,0.6375,Medium,0.791
RSK002710,CUS-002710,0.2642,0.3647,0.6912,0.4978,Medium,0.9807
RSK002711,CUS-002711,0.326,0.1372,0.1873,0.2189,Low,0.899
RSK002712,CUS-002712,0.2821,0.1036,0.3265,0.2686,Low,0.9837
RSK002713,CUS-002713,0.8569,0.3708,0.1164,0.3894,Low,0.9179
RSK002714,CUS-002714,0.2368,0.325,0.3074,0.2897,Low,0.9463
RSK002715,CUS-002715,0.2965,0.2179,0.7091,0.4871,Medium,0.753
RSK002716,CUS-002716,0.2265,0.4623,0.2593,0.2901,Low,0.9016
RSK002717,CUS-002717,0.6926,0.4164,0.5753,0.5787,Medium,0.7512
RSK002718,CUS-002718,0.7855,0.1575,0.1078,0.321,Low,0.7416
RSK002719,CUS-002719,0.1729,0.1573,0.4686,0.3176,Low,0.9066
RSK002720,CUS-002720,0.8553,0.1335,0.6925,0.6295,Medium,0.8559
RSK002721,CUS-002721,0.8198,0.2763,0.3777,0.49,Medium,0.9732
RSK002722,CUS-002722,0.3077,0.3547,0.4882,0.4073,Medium,0.8561
RSK002723,CUS-002723,0.2388,0.2205,0.3511,0.2913,Low,0.9135
RSK002724,CUS-002724,0.6332,0.4751,0.6378,0.6039,Medium,0.7218
RSK002725,CUS-002725,0.4033,0.1702,0.3031,0.3066,Low,0.8883
RSK002726,CUS-002726,0.6703,0.2787,0.1432,0.3284,Low,0.7822
RSK002727,CUS-002727,0.284,0.4027,0.3572,0.3443,Low,0.9313
RSK002728,CUS-002728,0.2356,0.4362,0.1362,0.226,Low,0.7955
RSK002729,CUS-002729,0.7145,0.2559,0.265,0.398,Low,0.972
RSK002730,CUS-002730,0.6583,0.1179,0.287,0.3646,Low,0.8132
RSK002731,CUS-002731,0.4315,0.2621,0.0272,0.1955,Low,0.8033
RSK002732,CUS-002732,0.3047,0.382,0.4494,0.3925,Low,0.9198
RSK002733,CUS-002733,0.5579,0.4814,0.2519,0.3896,Low,0.7992
RSK002734,CUS-002734,0.7384,0.3753,0.3801,0.4866,Medium,0.9816
RSK002735,CUS-002735,0.4255,0.2442,0.7181,0.5355,Medium,0.851
RSK002736,CUS-002736,0.233,0.1555,0.7355,0.4688,Medium,0.7978
RSK002737,CUS-002737,0.5251,0.3995,0.0984,0.2866,Low,0.7699
RSK002738,CUS-002738,0.3009,0.4959,0.1339,0.2564,Low,0.8941
RSK002739,CUS-002739,0.633,0.3425,0.6073,0.562,Medium,0.9064
RSK002740,CUS-002740,0.7863,0.3983,0.6811,0.6561,Medium,0.7076
RSK002741,CUS-002741,0.7833,0.4785,0.369,0.5152,Medium,0.9656
RSK002742,CUS-002742,0.1006,0.2406,0.5545,0.3555,Low,0.733
RSK002743,CUS-002743,0.3048,0.2469,0.1791,0.2304,Low,0.9853
RSK002744,CUS-002744,0.5003,0.3785,0.3466,0.3991,Low,0.9768
RSK002745,CUS-002745,0.248,0.1081,0.4412,0.3166,Low,0.8611
RSK002746,CUS-002746,0.8944,0.4638,0.0993,0.4107,Medium,0.8426
RSK002747,CUS-002747,0.1887,0.3431,0.4364,0.3434,Low,0.8346
RSK002748,CUS-002748,0.3483,0.3431,0.2988,0.3225,Low,0.8061
RSK002749,CUS-002749,0.3451,0.4556,0.6793,0.5343,Medium,0.7578
RSK002750,CUS-002750,0.2582,0.276,0.3342,0.2998,Low,0.8959
RSK002751,CUS-002751,0.5922,0.1896,0.4679,0.4495,Medium,0.8976
RSK002752,CUS-002752,0.4501,0.278,0.0531,0.2172,Low,0.8834
RSK002753,CUS-002753,0.1096,0.149,0.5162,0.3208,Low,0.8653
RSK002754,CUS-002754,0.3595,0.1654,0.5562,0.419,Medium,0.7173
RSK002755,CUS-002755,0.7395,0.1251,0.5058,0.4998,Medium,0.9168
RSK002756,CUS-002756,0.1422,0.4683,0.5288,0.4007,Medium,0.9225
RSK002757,CUS-002757,0.6152,0.4686,0.6316,0.5941,Medium,0.8293
RSK002758,CUS-002758,0.4064,0.2144,0.3591,0.3443,Low,0.8017
RSK002759,CUS-002759,0.6445,0.3727,0.6917,0.6137,Medium,0.7958
RSK002760,CUS-002760,0.4166,0.3926,0.0449,0.226,Low,0.9156
RSK002761,CUS-002761,0.247,0.3562,0.0169,0.1538,Low,0.7981
RSK002762,CUS-002762,0.4145,0.2456,0.7824,0.5647,Medium,0.7767
RSK002763,CUS-002763,0.4794,0.2103,0.7317,0.5517,Medium,0.9536
RSK002764,CUS-002764,0.4239,0.2103,0.7607,0.5496,Medium,0.7882
RSK002765,CUS-002765,0.3831,0.3589,0.5373,0.4554,Medium,0.8233
RSK002766,CUS-002766,0.2956,0.4251,0.2836,0.3155,Low,0.9317
RSK002767,CUS-002767,0.7783,0.4488,0.01,0.3282,Low,0.8862
RSK002768,CUS-002768,0.8782,0.3567,0.4863,0.5779,Medium,0.8043
RSK002769,CUS-002769,0.3325,0.4942,0.0641,0.2306,Low,0.9362
RSK002770,CUS-002770,0.4261,0.4919,0.0673,0.2599,Low,0.7897
RSK002771,CUS-002771,0.2828,0.107,0.2057,0.2091,Low,0.8113
RSK002772,CUS-002772,0.4316,0.3461,0.2985,0.3479,Low,0.9073
RSK002773,CUS-002773,0.1453,0.1113,0.7906,0.4612,Medium,0.7442
RSK002774,CUS-002774,0.1167,0.1472,0.1876,0.1582,Low,0.9754
RSK002775,CUS-002775,0.3432,0.4789,0.01,0.2037,Low,0.7283
RSK002776,CUS-002776,0.8812,0.3972,0.6415,0.6645,Medium,0.7622
RSK002777,CUS-002777,0.4404,0.3394,0.8563,0.6281,Medium,0.781
RSK002778,CUS-002778,0.7295,0.1922,0.1327,0.3236,Low,0.7284
RSK002779,CUS-002779,0.4079,0.1115,0.4796,0.3845,Low,0.8605
RSK002780,CUS-002780,0.4215,0.1388,0.3038,0.3061,Low,0.8695
RSK002781,CUS-002781,0.5022,0.2889,0.6257,0.5213,Medium,0.7897
RSK002782,CUS-002782,0.3453,0.4569,0.5315,0.4607,Medium,0.8273
RSK002783,CUS-002783,0.6379,0.1103,0.4975,0.4622,Medium,0.8305
RSK002784,CUS-002784,0.6999,0.3703,0.3279,0.448,Medium,0.9817
RSK002785,CUS-002785,0.2967,0.2542,0.4005,0.3401,Low,0.7078
RSK002786,CUS-002786,0.5323,0.202,0.2109,0.3055,Low,0.8801
RSK002787,CUS-002787,0.8541,0.3825,0.4383,0.5519,Medium,0.776
RSK002788,CUS-002788,0.736,0.4333,0.3902,0.5026,Medium,0.7822
RSK002789,CUS-002789,0.7102,0.1995,0.079,0.2925,Low,0.7864
RSK002790,CUS-002790,0.8925,0.1608,0.102,0.3509,Low,0.8344
RSK002791,CUS-002791,0.2215,0.1081,0.1151,0.1456,Low,0.9879
RSK002792,CUS-002792,0.225,0.1362,0.1662,0.1778,Low,0.8543
RSK002793,CUS-002793,0.3921,0.3003,0.0542,0.2048,Low,0.9897
RSK002794,CUS-002794,0.1131,0.3884,0.4778,0.3505,Low,0.8819
RSK002795,CUS-002795,0.1353,0.1598,0.2658,0.2054,Low,0.9675
RSK002796,CUS-002796,0.6437,0.2777,0.7122,0.6048,Medium,0.9668
RSK002797,CUS-002797,0.1549,0.4473,0.1498,0.2108,Low,0.9219
RSK002798,CUS-002798,0.3206,0.4435,0.2164,0.2931,Low,0.7006
RSK002799,CUS-002799,0.1885,0.313,0.5195,0.3789,Low,0.7108
RSK002800,CUS-002800,0.6243,0.2875,0.6014,0.5455,Medium,0.8329
RSK002801,CUS-002801,0.3788,0.485,0.1766,0.2989,Low,0.7024
RSK002802,CUS-002802,0.7262,0.4266,0.5776,0.592,Medium,0.7134
RSK002803,CUS-002803,0.2713,0.1451,0.2767,0.2488,Low,0.9174
RSK002804,CUS-002804,0.2789,0.1124,0.5007,0.3565,Low,0.7723
RSK002805,CUS-002805,0.8359,0.193,0.4863,0.5325,Medium,0.8356
RSK002806,CUS-002806,0.3474,0.2306,0.1099,0.2053,Low,0.8721
RSK002807,CUS-002807,0.4145,0.4399,0.01,0.2173,Low,0.819
RSK002808,CUS-002808,0.2644,0.2798,0.2623,0.2664,Low,0.8642
RSK002809,CUS-002809,0.7079,0.1113,0.2921,0.3807,Low,0.8945
RSK002810,CUS-002810,0.3984,0.3856,0.4169,0.4051,Medium,0.8954
RSK002811,CUS-002811,0.1815,0.2204,0.4087,0.3029,Low,0.8436
RSK002812,CUS-002812,0.3697,0.4704,0.01,0.21,Low,0.9604
RSK002813,CUS-002813,0.7775,0.3021,0.0695,0.3284,Low,0.8797
RSK002814,CUS-002814,0.3622,0.2376,0.6503,0.4813,Medium,0.8847
RSK002815,CUS-002815,0.3953,0.4112,0.553,0.4773,Medium,0.7652
RSK002816,CUS-002816,0.6433,0.2899,0.2093,0.3556,Low,0.9163
RSK002817,CUS-002817,0.6433,0.4949,0.7503,0.6671,Medium,0.7007
RSK002818,CUS-002818,0.7908,0.1093,0.4768,0.4975,Medium,0.8536
RSK002819,CUS-002819,0.3471,0.4062,0.8545,0.6126,Medium,0.974
RSK002820,CUS-002820,0.2633,0.1778,0.098,0.1636,Low,0.8815
RSK002821,CUS-002821,0.4134,0.4627,0.2667,0.3499,Low,0.9605
RSK002822,CUS-002822,0.5483,0.4411,0.6133,0.5594,Medium,0.8543
RSK002823,CUS-002823,0.8625,0.3926,0.0853,0.3799,Low,0.9545
RSK002824,CUS-002824,0.2836,0.4458,0.086,0.2172,Low,0.7246
RSK002825,CUS-002825,0.7506,0.1555,0.5373,0.5249,Medium,0.8414
RSK002826,CUS-002826,0.8337,0.3612,0.3809,0.5128,Medium,0.9843
RSK002827,CUS-002827,0.7681,0.2691,0.7255,0.647,Medium,0.7759
RSK002828,CUS-002828,0.5372,0.3247,0.0764,0.2643,Low,0.702
RSK002829,CUS-002829,0.1294,0.1705,0.0765,0.1112,Low,0.9381
RSK002830,CUS-002830,0.8999,0.4546,0.8189,0.7703,High,0.9143
RSK002831,CUS-002831,0.6844,0.2587,0.3267,0.4204,Medium,0.8654
RSK002832,CUS-002832,0.3594,0.4255,0.5137,0.4498,Medium,0.8237
RSK002833,CUS-002833,0.1258,0.4562,0.5372,0.3976,Low,0.86
RSK002834,CUS-002834,0.8868,0.3372,0.6738,0.6704,Medium,0.7845
RSK002835,CUS-002835,0.1254,0.4368,0.4106,0.3303,Low,0.7848
RSK002836,CUS-002836,0.2463,0.4207,0.125,0.2205,Low,0.8094
RSK002837,CUS-002837,0.8704,0.1343,0.3013,0.4386,Medium,0.7024
RSK002838,CUS-002838,0.4753,0.1291,0.3141,0.3255,Low,0.8455
RSK002839,CUS-002839,0.7076,0.1296,0.7678,0.6221,Medium,0.9425
RSK002840,CUS-002840,0.2438,0.4341,0.5106,0.4153,Medium,0.8174
RSK002841,CUS-002841,0.3047,0.4745,0.8542,0.6134,Medium,0.7874
RSK002842,CUS-002842,0.789,0.4904,0.1677,0.4186,Medium,0.9527
RSK002843,CUS-002843,0.6693,0.1246,0.54,0.4957,Medium,0.9696
RSK002844,CUS-002844,0.4403,0.3413,0.3541,0.3774,Low,0.8662
RSK002845,CUS-002845,0.6062,0.463,0.2913,0.4201,Medium,0.8127
RSK002846,CUS-002846,0.1386,0.3343,0.2443,0.2306,Low,0.7138
RSK002847,CUS-002847,0.3955,0.2645,0.2552,0.2992,Low,0.9662
RSK002848,CUS-002848,0.8387,0.4656,0.8022,0.7458,High,0.8696
RSK002849,CUS-002849,0.239,0.3719,0.4148,0.3535,Low,0.7048
RSK002850,CUS-002850,0.1361,0.1959,0.1108,0.1354,Low,0.8723
RSK002851,CUS-002851,0.8359,0.4845,0.8275,0.7614,High,0.9128
RSK002852,CUS-002852,0.4668,0.3853,0.1367,0.2854,Low,0.765
RSK002853,CUS-002853,0.8665,0.331,0.7645,0.7084,High,0.8399
RSK002854,CUS-002854,0.4538,0.4788,0.3682,0.416,Medium,0.8391
RSK002855,CUS-002855,0.4132,0.3843,0.7882,0.5949,Medium,0.8681
RSK002856,CUS-002856,0.1271,0.2514,0.1419,0.1594,Low,0.901
RSK002857,CUS-002857,0.8846,0.1859,0.6077,0.6064,Medium,0.9459
RSK002858,CUS-002858,0.8321,0.3029,0.2179,0.4192,Medium,0.8978
RSK002859,CUS-002859,0.3238,0.2366,0.2667,0.2778,Low,0.7634
RSK002860,CUS-002860,0.7942,0.1872,0.287,0.4192,Medium,0.7151
RSK002861,CUS-002861,0.7597,0.4117,0.1724,0.3965,Low,0.8814
RSK002862,CUS-002862,0.3021,0.3039,0.5165,0.4097,Medium,0.984
RSK002863,CUS-002863,0.6018,0.2217,0.6891,0.5694,Medium,0.949
RSK002864,CUS-002864,0.8299,0.455,0.7811,0.7305,High,0.7502
RSK002865,CUS-002865,0.7462,0.3821,0.5972,0.5989,Medium,0.8299
RSK002866,CUS-002866,0.2114,0.1175,0.6433,0.4086,Medium,0.7026
RSK002867,CUS-002867,0.5309,0.2469,0.0913,0.2543,Low,0.7426
RSK002868,CUS-002868,0.3547,0.3249,0.1185,0.2306,Low,0.8167
RSK002869,CUS-002869,0.8448,0.2664,0.6779,0.6457,Medium,0.8142
RSK002870,CUS-002870,0.5543,0.1358,0.6252,0.506,Medium,0.9475
RSK002871,CUS-002871,0.3703,0.1398,0.3552,0.3166,Low,0.9774
RSK002872,CUS-002872,0.509,0.3222,0.1334,0.2838,Low,0.7487
RSK002873,CUS-002873,0.3272,0.2326,0.4874,0.3884,Low,0.7354
RSK002874,CUS-002874,0.1932,0.3459,0.4862,0.3702,Low,0.8154
RSK002875,CUS-002875,0.5548,0.3451,0.2204,0.3457,Low,0.9002
RSK002876,CUS-002876,0.8722,0.4375,0.1217,0.41,Medium,0.8631
RSK002877,CUS-002877,0.1274,0.3908,0.0642,0.1485,Low,0.9736
RSK002878,CUS-002878,0.7507,0.462,0.6993,0.6673,Medium,0.7802
RSK002879,CUS-002879,0.5622,0.4675,0.6466,0.5855,Medium,0.8689
RSK002880,CUS-002880,0.5787,0.1087,0.1183,0.2545,Low,0.7966
RSK002881,CUS-002881,0.1499,0.1671,0.7185,0.4376,Medium,0.8191
RSK002882,CUS-002882,0.6861,0.3361,0.3315,0.4388,Medium,0.9006
RSK002883,CUS-002883,0.849,0.1949,0.2592,0.4233,Medium,0.7783
RSK002884,CUS-002884,0.4161,0.2985,0.7432,0.5561,Medium,0.7492
RSK002885,CUS-002885,0.3118,0.2862,0.3046,0.3031,Low,0.9593
RSK002886,CUS-002886,0.8031,0.1269,0.1266,0.3296,Low,0.82
RSK002887,CUS-002887,0.1326,0.1605,0.8207,0.4822,Medium,0.9654
RSK002888,CUS-002888,0.1131,0.2676,0.3933,0.2841,Low,0.9855
RSK002889,CUS-002889,0.8708,0.374,0.4061,0.5391,Medium,0.795
RSK002890,CUS-002890,0.4422,0.4662,0.4674,0.4596,Medium,0.8386
RSK002891,CUS-002891,0.8873,0.4791,0.1346,0.4293,Medium,0.9049
RSK002892,CUS-002892,0.6627,0.3862,0.1526,0.3523,Low,0.9091
RSK002893,CUS-002893,0.3353,0.1593,0.4812,0.373,Low,0.8329
RSK002894,CUS-002894,0.1449,0.4245,0.1103,0.1835,Low,0.9713
RSK002895,CUS-002895,0.2201,0.2396,0.182,0.205,Low,0.8639
RSK002896,CUS-002896,0.8474,0.3811,0.6598,0.6603,Medium,0.7798
RSK002897,CUS-002897,0.1601,0.3957,0.515,0.3847,Low,0.7513
RSK002898,CUS-002898,0.6107,0.4079,0.2251,0.3773,Low,0.7498
RSK002899,CUS-002899,0.6292,0.1469,0.3746,0.4054,Medium,0.7999
RSK002900,CUS-002900,0.7122,0.3282,0.5545,0.5565,Medium,0.9189
RSK002901,CUS-002901,0.5293,0.115,0.7965,0.58,Medium,0.8865
RSK002902,CUS-002902,0.7115,0.4734,0.3302,0.4732,Medium,0.7936
RSK002903,CUS-002903,0.8438,0.2275,0.3305,0.4639,Medium,0.7565
RSK002904,CUS-002904,0.3023,0.1271,0.3259,0.2791,Low,0.7369
RSK002905,CUS-002905,0.8443,0.2898,0.7848,0.7037,High,0.8828
RSK002906,CUS-002906,0.3962,0.3702,0.2215,0.3036,Low,0.8092
RSK002907,CUS-002907,0.5196,0.4317,0.3382,0.4113,Medium,0.9042
RSK002908,CUS-002908,0.2166,0.3954,0.0896,0.1889,Low,0.893
RSK002909,CUS-002909,0.15,0.4806,0.2793,0.2808,Low,0.9471
RSK002910,CUS-002910,0.7596,0.2723,0.3423,0.4535,Medium,0.8131
RSK002911,CUS-002911,0.1503,0.407,0.3194,0.2862,Low,0.9128
RSK002912,CUS-002912,0.2318,0.1411,0.2963,0.2459,Low,0.7003
RSK002913,CUS-002913,0.2949,0.2236,0.6171,0.4417,Medium,0.8132
RSK002914,CUS-002914,0.4934,0.1077,0.5983,0.4687,Medium,0.7657
RSK002915,CUS-002915,0.8361,0.3851,0.1925,0.4241,Medium,0.7841
RSK002916,CUS-002916,0.2547,0.1985,0.4203,0.3263,Low,0.8471
RSK002917,CUS-002917,0.4217,0.1762,0.0289,0.1762,Low,0.872
RSK002918,CUS-002918,0.7002,0.221,0.196,0.3523,Low,0.905
RSK002919,CUS-002919,0.7645,0.4191,0.6495,0.6379,Medium,0.7625
RSK002920,CUS-002920,0.8888,0.2446,0.2523,0.4417,Medium,0.9237
RSK002921,CUS-002921,0.1888,0.1959,0.4833,0.3375,Low,0.7477
RSK002922,CUS-002922,0.735,0.2872,0.5744,0.5651,Medium,0.9332
RSK002923,CUS-002923,0.503,0.1376,0.3762,0.3665,Low,0.8789
RSK002924,CUS-002924,0.7411,0.3926,0.2831,0.4424,Medium,0.8255
RSK002925,CUS-002925,0.1963,0.3159,0.1831,0.2136,Low,0.9113
RSK002926,CUS-002926,0.1812,0.3889,0.4472,0.3557,Low,0.9391
RSK002927,CUS-002927,0.4084,0.3346,0.215,0.2969,Low,0.8152
RSK002928,CUS-002928,0.6113,0.1536,0.0154,0.2218,Low,0.8566
RSK002929,CUS-002929,0.6632,0.156,0.1606,0.3105,Low,0.88
RSK002930,CUS-002930,0.1892,0.3943,0.3552,0.3132,Low,0.8107
RSK002931,CUS-002931,0.2863,0.3946,0.7853,0.5575,Medium,0.8638
RSK002932,CUS-002932,0.5746,0.1101,0.5597,0.4743,Medium,0.719
RSK002933,CUS-002933,0.361,0.3157,0.246,0.2944,Low,0.8716
RSK002934,CUS-002934,0.8522,0.2555,0.3763,0.4949,Medium,0.7873
RSK002935,CUS-002935,0.185,0.2342,0.6987,0.4517,Medium,0.8769
RSK002936,CUS-002936,0.4179,0.4854,0.8085,0.6267,Medium,0.8648
RSK002937,CUS-002937,0.8111,0.3074,0.2551,0.4324,Medium,0.8151
RSK002938,CUS-002938,0.2926,0.2296,0.332,0.2997,Low,0.7675
RSK002939,CUS-002939,0.4412,0.1941,0.5032,0.4228,Medium,0.83
RSK002940,CUS-002940,0.8637,0.1591,0.1559,0.3689,Low,0.9466
RSK002941,CUS-002941,0.2817,0.3988,0.6882,0.5084,Medium,0.718
RSK002942,CUS-002942,0.6361,0.3543,0.2399,0.3816,Low,0.9679
RSK002943,CUS-002943,0.2549,0.363,0.2803,0.2892,Low,0.7337
RSK002944,CUS-002944,0.5193,0.3384,0.0867,0.2668,Low,0.8051
RSK002945,CUS-002945,0.1277,0.4837,0.2189,0.2445,Low,0.7928
RSK002946,CUS-002946,0.6352,0.1444,0.2307,0.3348,Low,0.8505
RSK002947,CUS-002947,0.873,0.1545,0.4766,0.5311,Medium,0.9189
RSK002948,CUS-002948,0.3166,0.2395,0.4938,0.3898,Low,0.8036
RSK002949,CUS-002949,0.1382,0.2329,0.6169,0.3965,Low,0.7813
RSK002950,CUS-002950,0.8525,0.1682,0.1282,0.3535,Low,0.8073
RSK002951,CUS-002951,0.7088,0.2906,0.5976,0.5696,Medium,0.7471
RSK002952,CUS-002952,0.8565,0.4381,0.7087,0.6989,Medium,0.8277
RSK002953,CUS-002953,0.5731,0.4523,0.4943,0.5095,Medium,0.8426
RSK002954,CUS-002954,0.5211,0.3674,0.6851,0.5724,Medium,0.7456
RSK002955,CUS-002955,0.3656,0.3686,0.2584,0.3126,Low,0.8717
RSK002956,CUS-002956,0.661,0.3564,0.3738,0.4565,Medium,0.8779
RSK002957,CUS-002957,0.4048,0.3801,0.5489,0.4719,Medium,0.785
RSK002958,CUS-002958,0.6076,0.2312,0.6077,0.5324,Medium,0.7798
RSK002959,CUS-002959,0.297,0.2362,0.2315,0.2521,Low,0.9054
RSK002960,CUS-002960,0.3676,0.2186,0.4352,0.3716,Low,0.7096
RSK002961,CUS-002961,0.502,0.4694,0.0389,0.2639,Low,0.7841
RSK002962,CUS-002962,0.7281,0.3797,0.5656,0.5772,Medium,0.9287
RSK002963,CUS-002963,0.5401,0.1917,0.4125,0.4066,Medium,0.8571
RSK002964,CUS-002964,0.2944,0.1164,0.2604,0.2418,Low,0.7732
RSK002965,CUS-002965,0.4715,0.3553,0.01,0.2175,Low,0.955
RSK002966,CUS-002966,0.5835,0.4461,0.2736,0.4011,Medium,0.7765
RSK002967,CUS-002967,0.3605,0.4485,0.5243,0.46,Medium,0.8053
RSK002968,CUS-002968,0.5376,0.1516,0.4711,0.4272,Medium,0.7106
RSK002969,CUS-002969,0.1609,0.3199,0.1679,0.1962,Low,0.8565
RSK002970,CUS-002970,0.4665,0.2959,0.5158,0.457,Medium,0.919
RSK002971,CUS-002971,0.5652,0.3563,0.344,0.4128,Medium,0.8921
RSK002972,CUS-002972,0.3481,0.2785,0.3383,0.3293,Low,0.8939
RSK002973,CUS-002973,0.3923,0.3864,0.1833,0.2866,Low,0.7644
RSK002974,CUS-002974,0.2387,0.2513,0.7866,0.5152,Medium,0.7845
RSK002975,CUS-002975,0.6125,0.3696,0.1445,0.3299,Low,0.8324
RSK002976,CUS-002976,0.1601,0.1397,0.7752,0.4636,Medium,0.7568
RSK002977,CUS-002977,0.6399,0.2549,0.645,0.5655,Medium,0.9838
RSK002978,CUS-002978,0.7778,0.4208,0.6271,0.631,Medium,0.7262
RSK002979,CUS-002979,0.3846,0.2956,0.1938,0.2714,Low,0.9293
RSK002980,CUS-002980,0.2228,0.1873,0.5887,0.3987,Low,0.7173
RSK002981,CUS-002981,0.2416,0.3551,0.0227,0.1549,Low,0.9282
RSK002982,CUS-002982,0.1404,0.4129,0.2412,0.2453,Low,0.8455
RSK002983,CUS-002983,0.7485,0.4301,0.372,0.4966,Medium,0.7526
RSK002984,CUS-002984,0.5661,0.141,0.5087,0.4524,Medium,0.9122
RSK002985,CUS-002985,0.8038,0.2701,0.8141,0.7022,High,0.8199
RSK002986,CUS-002986,0.5382,0.3317,0.632,0.5438,Medium,0.8919
RSK002987,CUS-002987,0.6933,0.4942,0.5464,0.58,Medium,0.7099
RSK002988,CUS-002988,0.6277,0.2545,0.7515,0.615,Medium,0.9899
RSK002989,CUS-002989,0.2521,0.4547,0.5453,0.4392,Medium,0.7421
RSK002990,CUS-002990,0.6326,0.1218,0.4007,0.4145,Medium,0.891
RSK002991,CUS-002991,0.7791,0.2598,0.6014,0.5864,Medium,0.9879
RSK002992,CUS-002992,0.4471,0.2733,0.8162,0.5969,Medium,0.7493
RSK002993,CUS-002993,0.5933,0.1966,0.305,0.3698,Low,0.9102
RSK002994,CUS-002994,0.6998,0.1787,0.3634,0.4274,Medium,0.7002
RSK002995,CUS-002995,0.5623,0.391,0.5912,0.5425,Medium,0.9551
RSK002996,CUS-002996,0.5328,0.4404,0.081,0.2884,Low,0.9342
RSK002997,CUS-002997,0.5938,0.2452,0.2618,0.3581,Low,0.9439
RSK002998,CUS-002998,0.2919,0.4446,0.2505,0.3017,Low,0.8815
RSK002999,CUS-002999,0.5882,0.1737,0.4185,0.4204,Medium,0.8363
RSK003000,CUS-003000,0.8377,0.1159,0.2711,0.41,Medium,0.7811
RSK003001,CUS-003001,0.1992,0.3931,0.6933,0.485,Medium,0.8071
RSK003002,CUS-003002,0.6223,0.4882,0.01,0.2893,Low,0.751
RSK003003,CUS-003003,0.6065,0.3264,0.4864,0.4904,Medium,0.7948
RSK003004,CUS-003004,0.2302,0.4856,0.2481,0.2902,Low,0.8611
RSK003005,CUS-003005,0.6123,0.1298,0.4493,0.4343,Medium,0.8469
RSK003006,CUS-003006,0.8766,0.11,0.2155,0.3927,Low,0.7758
RSK003007,CUS-003007,0.3195,0.4307,0.3846,0.3743,Low,0.7477
RSK003008,CUS-003008,0.4132,0.483,0.8898,0.6655,Medium,0.7806
RSK003009,CUS-003009,0.7687,0.2968,0.8037,0.6918,Medium,0.7214
RSK003010,CUS-003010,0.7795,0.2096,0.2131,0.3823,Low,0.9458
RSK003011,CUS-003011,0.7317,0.1162,0.4778,0.4816,Medium,0.9381
RSK003012,CUS-003012,0.4782,0.4582,0.6608,0.5655,Medium,0.7065
RSK003013,CUS-003013,0.3533,0.2162,0.3811,0.3398,Low,0.8422
RSK003014,CUS-003014,0.712,0.4382,0.6439,0.6232,Medium,0.8117
RSK003015,CUS-003015,0.5403,0.4901,0.2062,0.3632,Low,0.7906
RSK003016,CUS-003016,0.5871,0.2674,0.3766,0.4179,Medium,0.7442
RSK003017,CUS-003017,0.6567,0.2768,0.388,0.4464,Medium,0.9465
RSK003018,CUS-003018,0.546,0.1504,0.6289,0.5083,Medium,0.8705
RSK003019,CUS-003019,0.2135,0.24,0.5132,0.3686,Low,0.9694
RSK003020,CUS-003020,0.4179,0.3246,0.8456,0.6131,Medium,0.8487
RSK003021,CUS-003021,0.8879,0.4178,0.1134,0.4066,Medium,0.7858
RSK003022,CUS-003022,0.1985,0.4604,0.1264,0.2148,Low,0.8926
RSK003023,CUS-003023,0.8131,0.4541,0.1456,0.4076,Medium,0.7341
RSK003024,CUS-003024,0.1728,0.2413,0.6087,0.4044,Medium,0.8983
RSK003025,CUS-003025,0.7562,0.3665,0.5603,0.5803,Medium,0.8349
RSK003026,CUS-003026,0.4949,0.3878,0.4885,0.4703,Medium,0.859
RSK003027,CUS-003027,0.1534,0.4084,0.1899,0.2227,Low,0.7637
RSK003028,CUS-003028,0.2113,0.3394,0.3678,0.3152,Low,0.8999
RSK003029,CUS-003029,0.7601,0.1377,0.1323,0.3217,Low,0.8507
RSK003030,CUS-003030,0.3415,0.1658,0.3896,0.3304,Low,0.8235
RSK003031,CUS-003031,0.2308,0.4544,0.8494,0.5848,Medium,0.9504
RSK003032,CUS-003032,0.3415,0.4987,0.4382,0.4213,Medium,0.8945
RSK003033,CUS-003033,0.8064,0.2793,0.0215,0.3085,Low,0.9514
RSK003034,CUS-003034,0.643,0.3625,0.7226,0.6267,Medium,0.8296
RSK003035,CUS-003035,0.5767,0.3217,0.2008,0.3377,Low,0.7923
RSK003036,CUS-003036,0.2372,0.2885,0.0931,0.1754,Low,0.9586
RSK003037,CUS-003037,0.5141,0.4142,0.4083,0.4412,Medium,0.7945
RSK003038,CUS-003038,0.5471,0.1704,0.1282,0.2623,Low,0.9669
RSK003039,CUS-003039,0.2663,0.1271,0.3106,0.2606,Low,0.7978
RSK003040,CUS-003040,0.4182,0.208,0.4471,0.3906,Low,0.808
RSK003041,CUS-003041,0.8833,0.17,0.2044,0.4012,Medium,0.9184
RSK003042,CUS-003042,0.7029,0.279,0.2753,0.4043,Medium,0.8979
RSK003043,CUS-003043,0.772,0.3726,0.1923,0.4023,Medium,0.9264
RSK003044,CUS-003044,0.361,0.4606,0.3808,0.3908,Low,0.972
RSK003045,CUS-003045,0.6842,0.4064,0.3743,0.4737,Medium,0.9365
RSK003046,CUS-003046,0.3857,0.161,0.6771,0.4865,Medium,0.9334
RSK003047,CUS-003047,0.2415,0.3509,0.4388,0.362,Low,0.8682
RSK003048,CUS-003048,0.5712,0.4558,0.5311,0.5281,Medium,0.7161
RSK003049,CUS-003049,0.6854,0.3949,0.2373,0.4032,Medium,0.7632
RSK003050,CUS-003050,0.5818,0.2541,0.4227,0.4367,Medium,0.9726
RSK003051,CUS-003051,0.5511,0.4174,0.4828,0.4902,Medium,0.9152
RSK003052,CUS-003052,0.1619,0.3326,0.1742,0.2022,Low,0.9644
RSK003053,CUS-003053,0.3562,0.3493,0.2663,0.3099,Low,0.8731
RSK003054,CUS-003054,0.384,0.31,0.0413,0.1978,Low,0.928
RSK003055,CUS-003055,0.3709,0.4027,0.3329,0.3583,Low,0.7193
RSK003056,CUS-003056,0.8557,0.136,0.5108,0.5393,Medium,0.9199
RSK003057,CUS-003057,0.7107,0.2602,0.3222,0.4264,Medium,0.8162
RSK003058,CUS-003058,0.8438,0.4696,0.5886,0.6414,Medium,0.9039
RSK003059,CUS-003059,0.7361,0.2631,0.1678,0.3574,Low,0.8401
RSK003060,CUS-003060,0.7566,0.1464,0.089,0.3008,Low,0.7562
RSK003061,CUS-003061,0.8252,0.1868,0.4624,0.5161,Medium,0.8616
RSK003062,CUS-003062,0.2979,0.4932,0.6626,0.5193,Medium,0.9311
RSK003063,CUS-003063,0.865,0.2814,0.3444,0.488,Medium,0.795
RSK003064,CUS-003064,0.3237,0.242,0.4549,0.373,Low,0.7107
RSK003065,CUS-003065,0.3012,0.421,0.1635,0.2563,Low,0.9309
RSK003066,CUS-003066,0.3319,0.1281,0.5714,0.4109,Medium,0.8464
RSK003067,CUS-003067,0.4924,0.4798,0.377,0.4322,Medium,0.9121
RSK003068,CUS-003068,0.6957,0.108,0.2604,0.3605,Low,0.9682
RSK003069,CUS-003069,0.5422,0.346,0.0908,0.2773,Low,0.7383
RSK003070,CUS-003070,0.7912,0.11,0.5015,0.5101,Medium,0.7924
RSK003071,CUS-003071,0.84,0.3251,0.7937,0.7139,High,0.7405
RSK003072,CUS-003072,0.6747,0.3967,0.4075,0.4855,Medium,0.781
RSK003073,CUS-003073,0.8644,0.3454,0.6708,0.6638,Medium,0.9111
RSK003074,CUS-003074,0.2747,0.1232,0.1513,0.1827,Low,0.9683
RSK003075,CUS-003075,0.8107,0.1927,0.0281,0.2958,Low,0.7322
RSK003076,CUS-003076,0.6237,0.3549,0.4624,0.4893,Medium,0.7051
RSK003077,CUS-003077,0.2074,0.3905,0.6339,0.4573,Medium,0.9202
RSK003078,CUS-003078,0.4274,0.3729,0.3116,0.3586,Low,0.7562
RSK003079,CUS-003079,0.2719,0.4627,0.4785,0.4134,Medium,0.9077
RSK003080,CUS-003080,0.3303,0.3492,0.5,0.4189,Medium,0.9397
RSK003081,CUS-003081,0.2995,0.2381,0.318,0.2965,Low,0.8845
RSK003082,CUS-003082,0.329,0.337,0.5495,0.4409,Medium,0.8429
RSK003083,CUS-003083,0.6335,0.1619,0.1663,0.3056,Low,0.716
RSK003084,CUS-003084,0.3912,0.1104,0.3063,0.2926,Low,0.7513
RSK003085,CUS-003085,0.3769,0.1315,0.7719,0.5253,Medium,0.777
RSK003086,CUS-003086,0.1959,0.4114,0.3029,0.2925,Low,0.8075
RSK003087,CUS-003087,0.7349,0.3789,0.2908,0.4417,Medium,0.7113
RSK003088,CUS-003088,0.876,0.2023,0.3177,0.4621,Medium,0.8218
RSK003089,CUS-003089,0.5807,0.2973,0.5696,0.5185,Medium,0.8087
RSK003090,CUS-003090,0.1047,0.2831,0.7789,0.4775,Medium,0.8834
RSK003091,CUS-003091,0.7226,0.2296,0.3807,0.4531,Medium,0.7391
RSK003092,CUS-003092,0.3593,0.4003,0.2636,0.3196,Low,0.9647
RSK003093,CUS-003093,0.276,0.3415,0.2701,0.2862,Low,0.818
RSK003094,CUS-003094,0.2602,0.2287,0.7157,0.4817,Medium,0.7178
RSK003095,CUS-003095,0.2863,0.2213,0.194,0.2271,Low,0.9535
RSK003096,CUS-003096,0.7196,0.1834,0.3172,0.4112,Medium,0.8196
RSK003097,CUS-003097,0.1552,0.4347,0.3624,0.3147,Low,0.839
RSK003098,CUS-003098,0.8941,0.2814,0.0521,0.3506,Low,0.7408
RSK003099,CUS-003099,0.7823,0.2206,0.2737,0.4157,Medium,0.8481
RSK003100,CUS-003100,0.1205,0.3684,0.1869,0.2033,Low,0.8745
RSK003101,CUS-003101,0.4563,0.3697,0.8194,0.6205,Medium,0.956
RSK003102,CUS-003102,0.6794,0.4358,0.7671,0.6745,Medium,0.8435
RSK003103,CUS-003103,0.3996,0.261,0.8073,0.5757,Medium,0.828
RSK003104,CUS-003104,0.6814,0.4107,0.4381,0.5056,Medium,0.8948
RSK003105,CUS-003105,0.7695,0.2549,0.0816,0.3226,Low,0.8533
RSK003106,CUS-003106,0.3283,0.168,0.4481,0.3561,Low,0.7304
RSK003107,CUS-003107,0.296,0.1534,0.3639,0.3014,Low,0.7316
RSK003108,CUS-003108,0.839,0.3576,0.1288,0.3876,Low,0.9447
RSK003109,CUS-003109,0.5228,0.2281,0.3483,0.3766,Low,0.8908
RSK003110,CUS-003110,0.4696,0.4816,0.1387,0.3065,Low,0.9858
RSK003111,CUS-003111,0.1038,0.1267,0.4784,0.2957,Low,0.7065
RSK003112,CUS-003112,0.1136,0.159,0.0974,0.1146,Low,0.7888
RSK003113,CUS-003113,0.4992,0.1992,0.3413,0.3602,Low,0.7796
RSK003114,CUS-003114,0.4711,0.2287,0.2399,0.307,Low,0.9701
RSK003115,CUS-003115,0.431,0.181,0.4457,0.3883,Low,0.8899
RSK003116,CUS-003116,0.316,0.4327,0.2602,0.3114,Low,0.7798
RSK003117,CUS-003117,0.478,0.1846,0.2496,0.3051,Low,0.8883
RSK003118,CUS-003118,0.3628,0.4854,0.6165,0.5142,Medium,0.9848
RSK003119,CUS-003119,0.1908,0.4969,0.294,0.3036,Low,0.73
RSK003120,CUS-003120,0.8631,0.3543,0.4154,0.5375,Medium,0.8732
RSK003121,CUS-003121,0.6169,0.1179,0.0245,0.2209,Low,0.9491
RSK003122,CUS-003122,0.2769,0.1904,0.116,0.1792,Low,0.8062
RSK003123,CUS-003123,0.5842,0.4222,0.513,0.5162,Medium,0.9717
RSK003124,CUS-003124,0.304,0.243,0.7013,0.4905,Medium,0.8231
RSK003125,CUS-003125,0.4497,0.3206,0.5791,0.4886,Medium,0.9171
RSK003126,CUS-003126,0.7887,0.3497,0.2365,0.4248,Medium,0.9537
RSK003127,CUS-003127,0.7556,0.253,0.4842,0.5194,Medium,0.8888
RSK003128,CUS-003128,0.5041,0.458,0.1755,0.3306,Low,0.9551
RSK003129,CUS-003129,0.8181,0.3945,0.2531,0.4509,Medium,0.7985
RSK003130,CUS-003130,0.1699,0.1463,0.6878,0.4241,Medium,0.9755
RSK003131,CUS-003131,0.6143,0.2674,0.3296,0.4026,Medium,0.7073
RSK003132,CUS-003132,0.5881,0.1409,0.01,0.2096,Low,0.7824
RSK003133,CUS-003133,0.8097,0.3542,0.6621,0.6448,Medium,0.8926
RSK003134,CUS-003134,0.7928,0.2666,0.1227,0.3525,Low,0.951
RSK003135,CUS-003135,0.131,0.1976,0.2104,0.184,Low,0.8097
RSK003136,CUS-003136,0.8643,0.3237,0.1782,0.4131,Medium,0.9168
RSK003137,CUS-003137,0.6649,0.4394,0.6157,0.5952,Medium,0.8556
RSK003138,CUS-003138,0.6894,0.4354,0.2214,0.4046,Medium,0.8722
RSK003139,CUS-003139,0.4804,0.3709,0.67,0.5533,Medium,0.7929
RSK003140,CUS-003140,0.1343,0.4176,0.1021,0.1749,Low,0.8868
RSK003141,CUS-003141,0.1141,0.1295,0.1282,0.1242,Low,0.7324
RSK003142,CUS-003142,0.8983,0.4034,0.1162,0.4083,Medium,0.8743
RSK003143,CUS-003143,0.2325,0.3949,0.01,0.1537,Low,0.7806
RSK003144,CUS-003144,0.8411,0.4779,0.1288,0.4123,Medium,0.8785
RSK003145,CUS-003145,0.7104,0.1808,0.1652,0.3319,Low,0.9437
RSK003146,CUS-003146,0.1624,0.2936,0.01,0.1124,Low,0.9295
RSK003147,CUS-003147,0.7566,0.17,0.2229,0.3724,Low,0.8891
RSK003148,CUS-003148,0.4315,0.441,0.2461,0.3407,Low,0.9818
RSK003149,CUS-003149,0.2056,0.49,0.352,0.3357,Low,0.7097
RSK003150,CUS-003150,0.7511,0.187,0.3364,0.4309,Medium,0.7033
RSK003151,CUS-003151,0.3321,0.3575,0.3811,0.3617,Low,0.7855
RSK003152,CUS-003152,0.2081,0.3103,0.5345,0.3917,Low,0.8976
RSK003153,CUS-003153,0.6182,0.3228,0.3625,0.4313,Medium,0.8106
RSK003154,CUS-003154,0.217,0.2355,0.4726,0.3485,Low,0.7121
RSK003155,CUS-003155,0.8533,0.3503,0.471,0.5615,Medium,0.881
RSK003156,CUS-003156,0.4576,0.3395,0.4271,0.4187,Medium,0.91
RSK003157,CUS-003157,0.293,0.3261,0.0903,0.1983,Low,0.8641
RSK003158,CUS-003158,0.3767,0.3557,0.6431,0.5057,Medium,0.7844
RSK003159,CUS-003159,0.8841,0.4644,0.3798,0.548,Medium,0.846
RSK003160,CUS-003160,0.1222,0.1664,0.3969,0.2684,Low,0.7172
RSK003161,CUS-003161,0.151,0.3762,0.2256,0.2333,Low,0.8869
RSK003162,CUS-003162,0.2292,0.1246,0.244,0.2157,Low,0.937
RSK003163,CUS-003163,0.4882,0.4684,0.6359,0.5581,Medium,0.8602
RSK003164,CUS-003164,0.867,0.3449,0.2999,0.479,Medium,0.7014
RSK003165,CUS-003165,0.1257,0.2726,0.3279,0.2562,Low,0.9243
RSK003166,CUS-003166,0.6118,0.3684,0.4249,0.4697,Medium,0.8124
RSK003167,CUS-003167,0.2234,0.4803,0.4049,0.3655,Low,0.9443
RSK003168,CUS-003168,0.8519,0.2002,0.5602,0.5757,Medium,0.8544
RSK003169,CUS-003169,0.8441,0.4539,0.8063,0.7472,High,0.8456
RSK003170,CUS-003170,0.1536,0.1635,0.2942,0.2259,Low,0.9795
RSK003171,CUS-003171,0.5072,0.4917,0.5721,0.5365,Medium,0.9001
RSK003172,CUS-003172,0.6605,0.3656,0.3012,0.4219,Medium,0.9618
RSK003173,CUS-003173,0.7457,0.4199,0.3508,0.4831,Medium,0.7493
RSK003174,CUS-003174,0.4553,0.3079,0.7023,0.5493,Medium,0.7899
RSK003175,CUS-003175,0.4859,0.2259,0.4638,0.4228,Medium,0.7278
RSK003176,CUS-003176,0.7331,0.3776,0.1317,0.3613,Low,0.8495
RSK003177,CUS-003177,0.7528,0.2238,0.1404,0.3408,Low,0.8228
RSK003178,CUS-003178,0.4952,0.3586,0.2088,0.3247,Low,0.8269
RSK003179,CUS-003179,0.6744,0.1581,0.0888,0.2783,Low,0.972
RSK003180,CUS-003180,0.5171,0.1364,0.6079,0.4864,Medium,0.869
RSK003181,CUS-003181,0.357,0.2757,0.01,0.1672,Low,0.7798
RSK003182,CUS-003182,0.6264,0.1896,0.0205,0.2361,Low,0.7637
RSK003183,CUS-003183,0.5263,0.1043,0.6463,0.5019,Medium,0.9415
RSK003184,CUS-003184,0.1538,0.1253,0.3212,0.2318,Low,0.7747
RSK003185,CUS-003185,0.8224,0.4329,0.4726,0.5696,Medium,0.7953
RSK003186,CUS-003186,0.645,0.222,0.6522,0.564,Medium,0.7954
RSK003187,CUS-003187,0.8184,0.1793,0.4766,0.5197,Medium,0.7245
RSK003188,CUS-003188,0.5608,0.3797,0.4245,0.4564,Medium,0.7901
RSK003189,CUS-003189,0.608,0.3532,0.2203,0.3632,Low,0.7807
RSK003190,CUS-003190,0.3692,0.2157,0.2676,0.2877,Low,0.8002
RSK003191,CUS-003191,0.6456,0.4602,0.1196,0.3455,Low,0.8016
RSK003192,CUS-003192,0.2116,0.144,0.6813,0.4329,Medium,0.9169
RSK003193,CUS-003193,0.134,0.2183,0.5946,0.3812,Low,0.7679
RSK003194,CUS-003194,0.5943,0.3651,0.5166,0.5096,Medium,0.7431
RSK003195,CUS-003195,0.3263,0.4315,0.1571,0.2627,Low,0.9613
RSK003196,CUS-003196,0.8994,0.3689,0.0697,0.3785,Low,0.8481
RSK003197,CUS-003197,0.6534,0.4354,0.0996,0.3329,Low,0.8118
RSK003198,CUS-003198,0.8904,0.3356,0.1906,0.4295,Medium,0.9361
RSK003199,CUS-003199,0.4099,0.336,0.5258,0.4531,Medium,0.9257
RSK003200,CUS-003200,0.5359,0.2336,0.6782,0.5466,Medium,0.7897
RSK003201,CUS-003201,0.7791,0.4695,0.5202,0.5877,Medium,0.903
RSK003202,CUS-003202,0.5256,0.4032,0.8332,0.6549,Medium,0.8268
RSK003203,CUS-003203,0.4553,0.4496,0.8033,0.6282,Medium,0.9141
RSK003204,CUS-003204,0.4962,0.1798,0.5572,0.4634,Medium,0.8218
RSK003205,CUS-003205,0.2974,0.1838,0.5229,0.3874,Low,0.7013
RSK003206,CUS-003206,0.4592,0.2672,0.0883,0.2354,Low,0.7526
RSK003207,CUS-003207,0.7508,0.2985,0.0473,0.3086,Low,0.9096
RSK003208,CUS-003208,0.5034,0.3058,0.01,0.2172,Low,0.9877
RSK003209,CUS-003209,0.2106,0.4708,0.6486,0.4816,Medium,0.8712
RSK003210,CUS-003210,0.5457,0.3728,0.1915,0.334,Low,0.9026
RSK003211,CUS-003211,0.249,0.2536,0.4186,0.3347,Low,0.9873
RSK003212,CUS-003212,0.1475,0.287,0.6366,0.42,Medium,0.7169
RSK003213,CUS-003213,0.5906,0.3346,0.3249,0.4065,Medium,0.9314
RSK003214,CUS-003214,0.7265,0.1531,0.4186,0.4579,Medium,0.777
RSK003215,CUS-003215,0.5076,0.4784,0.7562,0.6261,Medium,0.8515
RSK003216,CUS-003216,0.2225,0.4243,0.1288,0.216,Low,0.7718
RSK003217,CUS-003217,0.7813,0.4091,0.0369,0.3347,Low,0.8773
RSK003218,CUS-003218,0.2328,0.1628,0.086,0.1454,Low,0.7784
RSK003219,CUS-003219,0.1716,0.4661,0.5182,0.4038,Medium,0.9684
RSK003220,CUS-003220,0.716,0.3113,0.2983,0.4262,Medium,0.8742
RSK003221,CUS-003221,0.2544,0.3093,0.2228,0.2496,Low,0.7334
RSK003222,CUS-003222,0.4041,0.163,0.0294,0.1685,Low,0.8208
RSK003223,CUS-003223,0.8736,0.206,0.4756,0.5411,Medium,0.9002
RSK003224,CUS-003224,0.5726,0.3627,0.8096,0.6491,Medium,0.9267
RSK003225,CUS-003225,0.4437,0.2048,0.2294,0.2888,Low,0.8411
RSK003226,CUS-003226,0.2976,0.1805,0.5418,0.3963,Low,0.9778
RSK003227,CUS-003227,0.5547,0.1453,0.1391,0.265,Low,0.9552
RSK003228,CUS-003228,0.2547,0.3614,0.615,0.4562,Medium,0.7311
RSK003229,CUS-003229,0.1884,0.2738,0.089,0.1558,Low,0.81
RSK003230,CUS-003230,0.2517,0.4787,0.1016,0.222,Low,0.9008
RSK003231,CUS-003231,0.8201,0.1721,0.5209,0.5409,Medium,0.7568
RSK003232,CUS-003232,0.3883,0.3583,0.4069,0.3916,Low,0.9357
RSK003233,CUS-003233,0.7238,0.2524,0.5148,0.525,Medium,0.9374
RSK003234,CUS-003234,0.6301,0.2501,0.1012,0.2897,Low,0.719
RSK003235,CUS-003235,0.1544,0.1025,0.3052,0.2194,Low,0.9412
RSK003236,CUS-003236,0.8283,0.1318,0.6345,0.5921,Medium,0.7331
RSK003237,CUS-003237,0.4197,0.2682,0.3957,0.3774,Low,0.8835
RSK003238,CUS-003238,0.1909,0.3326,0.2994,0.2735,Low,0.9302
RSK003239,CUS-003239,0.717,0.1178,0.2375,0.3574,Low,0.9596
RSK003240,CUS-003240,0.2989,0.3369,0.095,0.2046,Low,0.8618
RSK003241,CUS-003241,0.7378,0.4224,0.6423,0.627,Medium,0.7173
RSK003242,CUS-003242,0.7879,0.3085,0.6759,0.636,Medium,0.9052
RSK003243,CUS-003243,0.8695,0.3644,0.8048,0.7361,High,0.9675
RSK003244,CUS-003244,0.1993,0.1494,0.4159,0.2976,Low,0.7349
RSK003245,CUS-003245,0.6753,0.461,0.375,0.4823,Medium,0.8796
RSK003246,CUS-003246,0.5223,0.388,0.7156,0.5921,Medium,0.9582
RSK003247,CUS-003247,0.7465,0.3267,0.01,0.2943,Low,0.8411
RSK003248,CUS-003248,0.4368,0.3895,0.3667,0.3923,Low,0.7724
RSK003249,CUS-003249,0.8137,0.2328,0.3495,0.4654,Medium,0.9496
RSK003250,CUS-003250,0.7171,0.2623,0.0735,0.3043,Low,0.9761
RSK003251,CUS-003251,0.4234,0.3471,0.2253,0.3091,Low,0.7679
RSK003252,CUS-003252,0.5734,0.3788,0.1418,0.3187,Low,0.9493
RSK003253,CUS-003253,0.8303,0.3391,0.2726,0.4532,Medium,0.9454
RSK003254,CUS-003254,0.2773,0.4739,0.6774,0.5167,Medium,0.7957
RSK003255,CUS-003255,0.2498,0.279,0.5922,0.4268,Medium,0.8514
RSK003256,CUS-003256,0.274,0.3975,0.0452,0.1843,Low,0.739
RSK003257,CUS-003257,0.5911,0.1745,0.0681,0.2463,Low,0.7422
RSK003258,CUS-003258,0.8894,0.3097,0.1469,0.4022,Medium,0.9452
RSK003259,CUS-003259,0.7407,0.1088,0.01,0.249,Low,0.8971
RSK003260,CUS-003260,0.2297,0.3467,0.1993,0.2379,Low,0.9603
RSK003261,CUS-003261,0.311,0.4481,0.1042,0.235,Low,0.9578
RSK003262,CUS-003262,0.7997,0.454,0.4428,0.5521,Medium,0.7293
RSK003263,CUS-003263,0.895,0.278,0.033,0.3406,Low,0.8547
RSK003264,CUS-003264,0.455,0.4258,0.6669,0.5551,Medium,0.7231
RSK003265,CUS-003265,0.1043,0.1905,0.1675,0.1531,Low,0.7562
RSK003266,CUS-003266,0.2278,0.2027,0.194,0.2059,Low,0.8462
RSK003267,CUS-003267,0.6424,0.3071,0.7691,0.6387,Medium,0.8734
RSK003268,CUS-003268,0.7478,0.4623,0.4753,0.5544,Medium,0.8481
RSK003269,CUS-003269,0.8032,0.3766,0.5582,0.5954,Medium,0.949
RSK003270,CUS-003270,0.6224,0.3286,0.5797,0.5423,Medium,0.8532
RSK003271,CUS-003271,0.8328,0.1451,0.4292,0.4935,Medium,0.8649
RSK003272,CUS-003272,0.4303,0.1356,0.01,0.1612,Low,0.7329
RSK003273,CUS-003273,0.651,0.1556,0.0659,0.2594,Low,0.7064
RSK003274,CUS-003274,0.116,0.4969,0.1025,0.1854,Low,0.8427
RSK003275,CUS-003275,0.1063,0.3277,0.4435,0.3192,Low,0.8826
RSK003276,CUS-003276,0.4019,0.3871,0.6078,0.5019,Medium,0.7417
RSK003277,CUS-003277,0.2205,0.4754,0.1449,0.2337,Low,0.8618
RSK003278,CUS-003278,0.1669,0.1677,0.3067,0.237,Low,0.7842
RSK003279,CUS-003279,0.5047,0.1744,0.3874,0.38,Low,0.8978
RSK003280,CUS-003280,0.2432,0.392,0.7277,0.5152,Medium,0.9563
RSK003281,CUS-003281,0.8166,0.4896,0.794,0.7399,High,0.868
RSK003282,CUS-003282,0.4032,0.3451,0.5025,0.4412,Medium,0.8422
RSK003283,CUS-003283,0.1847,0.4906,0.185,0.246,Low,0.9887
RSK003284,CUS-003284,0.8627,0.1855,0.154,0.3729,Low,0.9121
RSK003285,CUS-003285,0.7076,0.4439,0.7376,0.6699,Medium,0.9129
RSK003286,CUS-003286,0.6419,0.2478,0.0654,0.2748,Low,0.703
RSK003287,CUS-003287,0.2391,0.1115,0.2686,0.2283,Low,0.7477
RSK003288,CUS-003288,0.287,0.1058,0.0429,0.1287,Low,0.7861
RSK003289,CUS-003289,0.3502,0.1963,0.3193,0.304,Low,0.9575
RSK003290,CUS-003290,0.155,0.4968,0.0836,0.1877,Low,0.8974
RSK003291,CUS-003291,0.6181,0.3698,0.0271,0.2729,Low,0.9531
RSK003292,CUS-003292,0.6049,0.2346,0.01,0.2334,Low,0.9354
RSK003293,CUS-003293,0.375,0.1738,0.2752,0.2849,Low,0.7063
RSK003294,CUS-003294,0.8569,0.2965,0.569,0.6009,Medium,0.8614
RSK003295,CUS-003295,0.5223,0.1455,0.1729,0.2722,Low,0.7784
RSK003296,CUS-003296,0.6693,0.3571,0.4847,0.5146,Medium,0.9553
RSK003297,CUS-003297,0.8113,0.1783,0.2543,0.4062,Medium,0.7167
RSK003298,CUS-003298,0.6145,0.207,0.4919,0.4717,Medium,0.9494
RSK003299,CUS-003299,0.4773,0.1042,0.6204,0.4742,Medium,0.747
RSK003300,CUS-003300,0.6712,0.1769,0.6269,0.5502,Medium,0.9432
RSK003301,CUS-003301,0.7565,0.2865,0.4949,0.5317,Medium,0.8739
RSK003302,CUS-003302,0.3961,0.3073,0.4402,0.4004,Medium,0.7034
RSK003303,CUS-003303,0.2743,0.4707,0.4192,0.386,Low,0.7283
RSK003304,CUS-003304,0.3062,0.4831,0.2077,0.2923,Low,0.8208
RSK003305,CUS-003305,0.8973,0.4597,0.7053,0.7138,High,0.7808
RSK003306,CUS-003306,0.4695,0.3092,0.2615,0.3334,Low,0.7914
RSK003307,CUS-003307,0.5001,0.4324,0.4966,0.4848,Medium,0.792
RSK003308,CUS-003308,0.5685,0.416,0.01,0.2588,Low,0.9361
RSK003309,CUS-003309,0.5994,0.2264,0.6217,0.536,Medium,0.8909
RSK003310,CUS-003310,0.1865,0.1157,0.4671,0.3126,Low,0.9422
RSK003311,CUS-003311,0.3978,0.1547,0.4209,0.3607,Low,0.8304
RSK003312,CUS-003312,0.8894,0.4556,0.6844,0.7001,High,0.8532
RSK003313,CUS-003313,0.5309,0.3554,0.3871,0.4239,Medium,0.8825
RSK003314,CUS-003314,0.6366,0.3904,0.2616,0.3999,Low,0.9346
RSK003315,CUS-003315,0.1802,0.4505,0.5267,0.4075,Medium,0.7841
RSK003316,CUS-003316,0.6096,0.2235,0.538,0.4966,Medium,0.7654
RSK003317,CUS-003317,0.1035,0.3692,0.01,0.1099,Low,0.8782
RSK003318,CUS-003318,0.7906,0.4688,0.2562,0.459,Medium,0.9248
RSK003319,CUS-003319,0.6134,0.3157,0.6069,0.5506,Medium,0.7461
RSK003320,CUS-003320,0.4348,0.3676,0.4059,0.4069,Medium,0.8786
RSK003321,CUS-003321,0.2682,0.3184,0.5114,0.3998,Low,0.9317
RSK003322,CUS-003322,0.1897,0.42,0.1644,0.2231,Low,0.7769
RSK003323,CUS-003323,0.6916,0.4234,0.7466,0.6655,Medium,0.9848
RSK003324,CUS-003324,0.5876,0.4245,0.6072,0.5648,Medium,0.7679
RSK003325,CUS-003325,0.7183,0.1964,0.4537,0.4816,Medium,0.9809
RSK003326,CUS-003326,0.3274,0.1073,0.348,0.2937,Low,0.9008
RSK003327,CUS-003327,0.5687,0.4127,0.0857,0.296,Low,0.8091
RSK003328,CUS-003328,0.3525,0.2965,0.4261,0.3781,Low,0.7482
RSK003329,CUS-003329,0.1219,0.1659,0.5358,0.3377,Low,0.9255
RSK003330,CUS-003330,0.4639,0.4773,0.6486,0.5589,Medium,0.7532
RSK003331,CUS-003331,0.6369,0.3894,0.1052,0.3216,Low,0.7091
RSK003332,CUS-003332,0.1592,0.495,0.6878,0.4907,Medium,0.8683
RSK003333,CUS-003333,0.8816,0.4821,0.4672,0.5945,Medium,0.93
RSK003334,CUS-003334,0.1787,0.1005,0.4115,0.2795,Low,0.7006
RSK003335,CUS-003335,0.634,0.3907,0.1363,0.3365,Low,0.8488
RSK003336,CUS-003336,0.3222,0.3959,0.6926,0.5221,Medium,0.7712
RSK003337,CUS-003337,0.6142,0.1389,0.1341,0.2791,Low,0.8216
RSK003338,CUS-003338,0.8048,0.4351,0.3389,0.4979,Medium,0.8432
RSK003339,CUS-003339,0.2575,0.1286,0.5883,0.3971,Low,0.7133
RSK003340,CUS-003340,0.3043,0.3762,0.7668,0.5499,Medium,0.8896
RSK003341,CUS-003341,0.7804,0.3839,0.337,0.4794,Medium,0.7787
RSK003342,CUS-003342,0.363,0.4989,0.3299,0.3736,Low,0.7649
RSK003343,CUS-003343,0.8505,0.2241,0.189,0.3945,Low,0.8005
RSK003344,CUS-003344,0.5633,0.3293,0.3425,0.4061,Medium,0.7905
RSK003345,CUS-003345,0.637,0.2013,0.4712,0.467,Medium,0.9034
RSK003346,CUS-003346,0.1674,0.2877,0.113,0.1643,Low,0.8262
RSK003347,CUS-003347,0.4517,0.1025,0.5291,0.4206,Medium,0.7686
RSK003348,CUS-003348,0.2396,0.1271,0.5988,0.3967,Low,0.757
RSK003349,CUS-003349,0.4537,0.4511,0.1761,0.3144,Low,0.7675
RSK003350,CUS-003350,0.7667,0.1522,0.2612,0.3911,Low,0.7092
RSK003351,CUS-003351,0.2036,0.2323,0.6614,0.4382,Medium,0.7918
RSK003352,CUS-003352,0.5893,0.2618,0.143,0.3007,Low,0.8599
RSK003353,CUS-003353,0.7841,0.3764,0.7249,0.673,Medium,0.9847
RSK003354,CUS-003354,0.641,0.4104,0.16,0.3544,Low,0.7782
RSK003355,CUS-003355,0.2157,0.2109,0.7332,0.4735,Medium,0.9746
RSK003356,CUS-003356,0.421,0.2057,0.1408,0.2378,Low,0.8657
RSK003357,CUS-003357,0.8424,0.2316,0.4296,0.5138,Medium,0.7598
RSK003358,CUS-003358,0.1319,0.4447,0.4653,0.3612,Low,0.9887
RSK003359,CUS-003359,0.8941,0.4631,0.1336,0.4276,Medium,0.8996
RSK003360,CUS-003360,0.139,0.2647,0.5979,0.3936,Low,0.9346
RSK003361,CUS-003361,0.1874,0.1207,0.381,0.2709,Low,0.8158
RSK003362,CUS-003362,0.4163,0.3011,0.6408,0.5055,Medium,0.7541
RSK003363,CUS-003363,0.1735,0.3548,0.236,0.241,Low,0.8035
RSK003364,CUS-003364,0.557,0.2911,0.8477,0.6492,Medium,0.9491
RSK003365,CUS-003365,0.7481,0.4324,0.01,0.3159,Low,0.7158
RSK003366,CUS-003366,0.5757,0.3677,0.143,0.3177,Low,0.8064
RSK003367,CUS-003367,0.8408,0.226,0.1555,0.3752,Low,0.7062
RSK003368,CUS-003368,0.4737,0.4269,0.0954,0.2752,Low,0.7627
RSK003369,CUS-003369,0.3175,0.2845,0.5383,0.4213,Medium,0.7028
RSK003370,CUS-003370,0.4308,0.3546,0.6968,0.5486,Medium,0.7674
RSK003371,CUS-003371,0.5762,0.3513,0.3801,0.4332,Medium,0.7323
RSK003372,CUS-003372,0.7674,0.309,0.5494,0.5667,Medium,0.962
RSK003373,CUS-003373,0.2991,0.3582,0.7173,0.52,Medium,0.7253
RSK003374,CUS-003374,0.2608,0.3549,0.1024,0.2004,Low,0.9202
RSK003375,CUS-003375,0.3814,0.1543,0.5511,0.4208,Medium,0.8641
RSK003376,CUS-003376,0.5343,0.4928,0.4532,0.4854,Medium,0.9299
RSK003377,CUS-003377,0.1217,0.1466,0.2692,0.2004,Low,0.912
RSK003378,CUS-003378,0.8112,0.2938,0.4715,0.5379,Medium,0.9609
RSK003379,CUS-003379,0.8563,0.1308,0.01,0.288,Low,0.9794
RSK003380,CUS-003380,0.6649,0.3074,0.4901,0.506,Medium,0.8796
RSK003381,CUS-003381,0.6235,0.3631,0.1255,0.3224,Low,0.7716
RSK003382,CUS-003382,0.761,0.3631,0.1636,0.3827,Low,0.7868
RSK003383,CUS-003383,0.5688,0.2136,0.5638,0.4953,Medium,0.8828
RSK003384,CUS-003384,0.3084,0.2481,0.7282,0.5062,Medium,0.7157
RSK003385,CUS-003385,0.1115,0.4785,0.144,0.2011,Low,0.7559
RSK003386,CUS-003386,0.5273,0.3104,0.2304,0.3355,Low,0.8066
RSK003387,CUS-003387,0.2217,0.2459,0.4559,0.3436,Low,0.9367
RSK003388,CUS-003388,0.6213,0.1229,0.7001,0.561,Medium,0.7065
RSK003389,CUS-003389,0.3643,0.3671,0.5564,0.4609,Medium,0.893
RSK003390,CUS-003390,0.5617,0.125,0.0747,0.2309,Low,0.751
RSK003391,CUS-003391,0.8791,0.237,0.5811,0.6017,Medium,0.8511
RSK003392,CUS-003392,0.3933,0.2926,0.6279,0.4905,Medium,0.8647
RSK003393,CUS-003393,0.5439,0.2725,0.163,0.2992,Low,0.7388
RSK003394,CUS-003394,0.7974,0.1133,0.7103,0.617,Medium,0.8999
RSK003395,CUS-003395,0.8264,0.3318,0.4446,0.5366,Medium,0.7403
RSK003396,CUS-003396,0.8614,0.2455,0.4772,0.5461,Medium,0.9276
RSK003397,CUS-003397,0.5464,0.1734,0.169,0.2831,Low,0.8982
RSK003398,CUS-003398,0.8483,0.1037,0.4065,0.4785,Medium,0.7232
RSK003399,CUS-003399,0.7408,0.2067,0.2218,0.3745,Low,0.9463
RSK003400,CUS-003400,0.1085,0.4485,0.3984,0.3215,Low,0.8552
RSK003401,CUS-003401,0.1643,0.3353,0.0626,0.1477,Low,0.705
RSK003402,CUS-003402,0.6146,0.3166,0.3238,0.4096,Medium,0.7758
RSK003403,CUS-003403,0.8895,0.2743,0.6511,0.6473,Medium,0.9171
RSK003404,CUS-003404,0.5643,0.4005,0.7302,0.6145,Medium,0.8532
RSK003405,CUS-003405,0.3506,0.1362,0.4405,0.3527,Low,0.8007
RSK003406,CUS-003406,0.562,0.2786,0.766,0.6073,Medium,0.9645
RSK003407,CUS-003407,0.7998,0.1256,0.0629,0.2965,Low,0.9569
RSK003408,CUS-003408,0.3158,0.4939,0.5646,0.4758,Medium,0.7208
RSK003409,CUS-003409,0.5925,0.3955,0.4666,0.4902,Medium,0.9101
RSK003410,CUS-003410,0.3964,0.2528,0.1123,0.2256,Low,0.9772
RSK003411,CUS-003411,0.6059,0.2709,0.4169,0.4444,Medium,0.7725
RSK003412,CUS-003412,0.6067,0.2722,0.1663,0.3196,Low,0.7926
RSK003413,CUS-003413,0.378,0.4483,0.01,0.2081,Low,0.7374
RSK003414,CUS-003414,0.5733,0.2537,0.6701,0.5578,Medium,0.8765
RSK003415,CUS-003415,0.5521,0.1869,0.6245,0.5153,Medium,0.8226
RSK003416,CUS-003416,0.1639,0.2842,0.4366,0.3243,Low,0.8149
RSK003417,CUS-003417,0.8256,0.2501,0.2207,0.408,Medium,0.7883
RSK003418,CUS-003418,0.6751,0.1854,0.4095,0.4444,Medium,0.891
RSK003419,CUS-003419,0.6415,0.1574,0.0144,0.2311,Low,0.7352
RSK003420,CUS-003420,0.2729,0.3251,0.6352,0.4645,Medium,0.9224
RSK003421,CUS-003421,0.7742,0.391,0.7725,0.6967,Medium,0.8235
RSK003422,CUS-003422,0.8032,0.2341,0.8457,0.7106,High,0.9082
RSK003423,CUS-003423,0.1546,0.3349,0.7923,0.5095,Medium,0.8733
RSK003424,CUS-003424,0.8595,0.3142,0.4741,0.5577,Medium,0.8681
RSK003425,CUS-003425,0.1482,0.4573,0.3862,0.329,Low,0.7695
RSK003426,CUS-003426,0.8816,0.1229,0.7691,0.6736,Medium,0.8236
RSK003427,CUS-003427,0.8863,0.3564,0.3266,0.5005,Medium,0.9449
RSK003428,CUS-003428,0.5425,0.2741,0.4382,0.4367,Medium,0.9073
RSK003429,CUS-003429,0.8161,0.4024,0.5773,0.614,Medium,0.7487
RSK003430,CUS-003430,0.6434,0.2177,0.1083,0.2907,Low,0.828
RSK003431,CUS-003431,0.232,0.2513,0.1207,0.1802,Low,0.7201
RSK003432,CUS-003432,0.3281,0.4524,0.1553,0.2666,Low,0.8567
RSK003433,CUS-003433,0.2746,0.1101,0.5525,0.3806,Low,0.8751
RSK003434,CUS-003434,0.7175,0.4707,0.3047,0.4617,Medium,0.9859
RSK003435,CUS-003435,0.639,0.1684,0.2776,0.3642,Low,0.7527
RSK003436,CUS-003436,0.6382,0.416,0.8004,0.6749,Medium,0.796
RSK003437,CUS-003437,0.8112,0.4412,0.3396,0.5014,Medium,0.9276
RSK003438,CUS-003438,0.3673,0.2052,0.6882,0.4953,Medium,0.9432
RSK003439,CUS-003439,0.5571,0.27,0.6506,0.5464,Medium,0.7698
RSK003440,CUS-003440,0.6818,0.1736,0.0144,0.2465,Low,0.9386
RSK003441,CUS-003441,0.5052,0.1586,0.6623,0.5144,Medium,0.7072
RSK003442,CUS-003442,0.664,0.3611,0.01,0.2764,Low,0.7991
RSK003443,CUS-003443,0.5683,0.3188,0.5874,0.528,Medium,0.954
RSK003444,CUS-003444,0.1259,0.3684,0.3519,0.2874,Low,0.7678
RSK003445,CUS-003445,0.7347,0.2487,0.6418,0.591,Medium,0.9291
RSK003446,CUS-003446,0.1199,0.1334,0.5165,0.3209,Low,0.9251
RSK003447,CUS-003447,0.5912,0.4721,0.3125,0.428,Medium,0.8901
RSK003448,CUS-003448,0.7933,0.2048,0.3339,0.4459,Medium,0.8789
RSK003449,CUS-003449,0.5163,0.1278,0.2598,0.3104,Low,0.7536
RSK003450,CUS-003450,0.5631,0.2294,0.01,0.2198,Low,0.861
RSK003451,CUS-003451,0.7939,0.2505,0.6009,0.5887,Medium,0.8024
RSK003452,CUS-003452,0.4099,0.1028,0.3632,0.3251,Low,0.846
RSK003453,CUS-003453,0.5862,0.1122,0.1321,0.2644,Low,0.9493
RSK003454,CUS-003454,0.1964,0.4779,0.587,0.448,Medium,0.8839
RSK003455,CUS-003455,0.1111,0.3923,0.8525,0.538,Medium,0.958
RSK003456,CUS-003456,0.549,0.3719,0.628,0.5531,Medium,0.9528
RSK003457,CUS-003457,0.7574,0.4864,0.1638,0.4064,Medium,0.7658
RSK003458,CUS-003458,0.8051,0.1601,0.726,0.6366,Medium,0.9569
RSK003459,CUS-003459,0.4962,0.2316,0.01,0.2002,Low,0.8142
RSK003460,CUS-003460,0.573,0.4845,0.4866,0.5121,Medium,0.7965
RSK003461,CUS-003461,0.3984,0.2861,0.4295,0.3915,Low,0.8986
RSK003462,CUS-003462,0.5256,0.49,0.0945,0.3029,Low,0.7123
RSK003463,CUS-003463,0.1067,0.3387,0.4686,0.3341,Low,0.7163
RSK003464,CUS-003464,0.1258,0.1195,0.1754,0.1493,Low,0.9185
RSK003465,CUS-003465,0.3163,0.1692,0.5194,0.3884,Low,0.7859
RSK003466,CUS-003466,0.6973,0.3217,0.5923,0.5697,Medium,0.8767
RSK003467,CUS-003467,0.2148,0.2418,0.3889,0.3073,Low,0.8929
RSK003468,CUS-003468,0.616,0.1842,0.2068,0.325,Low,0.9494
RSK003469,CUS-003469,0.5382,0.3427,0.0713,0.2656,Low,0.837
RSK003470,CUS-003470,0.638,0.308,0.119,0.3125,Low,0.7246
RSK003471,CUS-003471,0.2692,0.481,0.6735,0.5137,Medium,0.8188
RSK003472,CUS-003472,0.7501,0.1863,0.1623,0.3434,Low,0.8297
RSK003473,CUS-003473,0.8014,0.2,0.6397,0.6003,Medium,0.7909
RSK003474,CUS-003474,0.7596,0.4277,0.3326,0.4797,Medium,0.9101
RSK003475,CUS-003475,0.3777,0.4348,0.258,0.3293,Low,0.9491
RSK003476,CUS-003476,0.1213,0.4358,0.7401,0.4936,Medium,0.7514
RSK003477,CUS-003477,0.7529,0.3039,0.2324,0.4028,Medium,0.7941
RSK003478,CUS-003478,0.7309,0.3844,0.5063,0.5493,Medium,0.7926
RSK003479,CUS-003479,0.762,0.2064,0.3231,0.4314,Medium,0.9579
RSK003480,CUS-003480,0.2302,0.1278,0.3361,0.2627,Low,0.8603
RSK003481,CUS-003481,0.7685,0.2669,0.3495,0.4587,Medium,0.7755
RSK003482,CUS-003482,0.3448,0.4104,0.252,0.3115,Low,0.8892
RSK003483,CUS-003483,0.8685,0.2261,0.01,0.3108,Low,0.8195
RSK003484,CUS-003484,0.6546,0.3357,0.4666,0.4968,Medium,0.7887
RSK003485,CUS-003485,0.405,0.2523,0.6577,0.5008,Medium,0.8036
RSK003486,CUS-003486,0.769,0.1721,0.7538,0.642,Medium,0.7422
RSK003487,CUS-003487,0.549,0.4788,0.3966,0.4588,Medium,0.9207
RSK003488,CUS-003488,0.3299,0.3161,0.2335,0.2789,Low,0.9568
RSK003489,CUS-003489,0.297,0.1901,0.0877,0.171,Low,0.7099
RSK003490,CUS-003490,0.3872,0.4237,0.0788,0.2403,Low,0.7348
RSK003491,CUS-003491,0.4535,0.1189,0.3555,0.3376,Low,0.8501
RSK003492,CUS-003492,0.5073,0.4315,0.1987,0.3378,Low,0.7661
RSK003493,CUS-003493,0.39,0.1514,0.0906,0.1926,Low,0.7295
RSK003494,CUS-003494,0.3666,0.3117,0.01,0.1773,Low,0.8009
RSK003495,CUS-003495,0.3608,0.1368,0.184,0.2276,Low,0.7609
RSK003496,CUS-003496,0.4628,0.4035,0.3782,0.4086,Medium,0.822
RSK003497,CUS-003497,0.6944,0.2696,0.614,0.5692,Medium,0.7724
RSK003498,CUS-003498,0.3371,0.4983,0.449,0.4253,Medium,0.9226
RSK003499,CUS-003499,0.6331,0.4164,0.317,0.4317,Medium,0.8196
RSK003500,CUS-003500,0.3245,0.2472,0.3091,0.3013,Low,0.8814
RSK003501,CUS-003501,0.6707,0.1171,0.4502,0.4497,Medium,0.7749
RSK003502,CUS-003502,0.5025,0.396,0.6008,0.5303,Medium,0.7791
RSK003503,CUS-003503,0.3804,0.3725,0.2189,0.2981,Low,0.7339
RSK003504,CUS-003504,0.6499,0.2688,0.1378,0.3176,Low,0.9693
RSK003505,CUS-003505,0.4845,0.4182,0.3346,0.3963,Low,0.8877
RSK003506,CUS-003506,0.5212,0.1826,0.0956,0.2407,Low,0.7011
RSK003507,CUS-003507,0.3193,0.3553,0.1033,0.2185,Low,0.9115
RSK003508,CUS-003508,0.1623,0.4586,0.4062,0.3435,Low,0.8137
RSK003509,CUS-003509,0.525,0.3393,0.4044,0.4276,Medium,0.906
RSK003510,CUS-003510,0.3706,0.4747,0.417,0.4146,Medium,0.7187
RSK003511,CUS-003511,0.4542,0.203,0.281,0.3174,Low,0.9717
RSK003512,CUS-003512,0.7256,0.1754,0.7678,0.6367,Medium,0.9365
RSK003513,CUS-003513,0.2673,0.2088,0.1538,0.1989,Low,0.7484
RSK003514,CUS-003514,0.7859,0.3114,0.56,0.5781,Medium,0.7951
RSK003515,CUS-003515,0.3613,0.4455,0.5773,0.4861,Medium,0.7612
RSK003516,CUS-003516,0.8653,0.106,0.127,0.3443,Low,0.7171
RSK003517,CUS-003517,0.6846,0.3489,0.4818,0.5161,Medium,0.7092
RSK003518,CUS-003518,0.5337,0.2031,0.4858,0.4436,Medium,0.7775
RSK003519,CUS-003519,0.6281,0.3673,0.3922,0.458,Medium,0.986
RSK003520,CUS-003520,0.6964,0.2755,0.584,0.556,Medium,0.8244
RSK003521,CUS-003521,0.4537,0.2382,0.6211,0.4943,Medium,0.8284
RSK003522,CUS-003522,0.8842,0.436,0.5809,0.6429,Medium,0.9872
RSK003523,CUS-003523,0.4253,0.3985,0.656,0.5353,Medium,0.7584
RSK003524,CUS-003524,0.3164,0.4288,0.0671,0.2142,Low,0.9167
RSK003525,CUS-003525,0.2485,0.3671,0.4336,0.3648,Low,0.7023
RSK003526,CUS-003526,0.8551,0.2913,0.1367,0.3831,Low,0.8256
RSK003527,CUS-003527,0.2333,0.4368,0.4119,0.3633,Low,0.8128
RSK003528,CUS-003528,0.1482,0.3389,0.2807,0.2526,Low,0.955
RSK003529,CUS-003529,0.1929,0.4599,0.3383,0.319,Low,0.9035
RSK003530,CUS-003530,0.8221,0.4383,0.01,0.3393,Low,0.959
RSK003531,CUS-003531,0.5392,0.3293,0.8438,0.6495,Medium,0.8361
RSK003532,CUS-003532,0.6684,0.3712,0.3058,0.4277,Medium,0.8898
RSK003533,CUS-003533,0.3562,0.4137,0.2123,0.2957,Low,0.7154
RSK003534,CUS-003534,0.5173,0.4641,0.2554,0.3757,Low,0.8372
RSK003535,CUS-003535,0.8247,0.4975,0.6298,0.6618,Medium,0.8223
RSK003536,CUS-003536,0.5426,0.3288,0.6238,0.5404,Medium,0.8827
RSK003537,CUS-003537,0.3087,0.258,0.174,0.2312,Low,0.9435
RSK003538,CUS-003538,0.3604,0.4164,0.2266,0.3047,Low,0.7499
RSK003539,CUS-003539,0.218,0.3756,0.2599,0.2705,Low,0.7413
RSK003540,CUS-003540,0.652,0.4129,0.443,0.4997,Medium,0.7488
RSK003541,CUS-003541,0.524,0.3067,0.0518,0.2444,Low,0.8809
RSK003542,CUS-003542,0.4638,0.1286,0.5102,0.42,Medium,0.9587
RSK003543,CUS-003543,0.4472,0.3211,0.6461,0.5214,Medium,0.9269
RSK003544,CUS-003544,0.7169,0.1329,0.3274,0.4053,Medium,0.8861
RSK003545,CUS-003545,0.4593,0.1057,0.1138,0.2158,Low,0.9331
RSK003546,CUS-003546,0.4122,0.3781,0.1837,0.2911,Low,0.8039
RSK003547,CUS-003547,0.6789,0.2283,0.6738,0.5862,Medium,0.7353
RSK003548,CUS-003548,0.5103,0.3765,0.0869,0.2718,Low,0.792
RSK003549,CUS-003549,0.5563,0.3362,0.273,0.3706,Low,0.939
RSK003550,CUS-003550,0.1477,0.1008,0.2278,0.1784,Low,0.9623
RSK003551,CUS-003551,0.4896,0.1606,0.01,0.184,Low,0.9751
RSK003552,CUS-003552,0.2325,0.2331,0.6029,0.4178,Medium,0.7774
RSK003553,CUS-003553,0.3646,0.1424,0.4036,0.3397,Low,0.8405
RSK003554,CUS-003554,0.6765,0.2464,0.1659,0.3352,Low,0.9054
RSK003555,CUS-003555,0.4352,0.1531,0.3576,0.34,Low,0.7332
RSK003556,CUS-003556,0.3647,0.3798,0.7381,0.5544,Medium,0.856
RSK003557,CUS-003557,0.3128,0.4764,0.0485,0.2134,Low,0.8288
RSK003558,CUS-003558,0.4769,0.1592,0.1672,0.2585,Low,0.9468
RSK003559,CUS-003559,0.6388,0.3029,0.6994,0.6019,Medium,0.9556
RSK003560,CUS-003560,0.482,0.1617,0.7984,0.5761,Medium,0.9155
RSK003561,CUS-003561,0.8738,0.2945,0.4773,0.5597,Medium,0.9388
RSK003562,CUS-003562,0.8174,0.2006,0.2169,0.3938,Low,0.938
RSK003563,CUS-003563,0.495,0.4431,0.5603,0.5173,Medium,0.9595
RSK003564,CUS-003564,0.7266,0.2068,0.3234,0.421,Medium,0.7045
RSK003565,CUS-003565,0.3378,0.2533,0.4759,0.39,Low,0.7386
RSK003566,CUS-003566,0.3408,0.2196,0.5262,0.4093,Medium,0.8621
RSK003567,CUS-003567,0.509,0.1516,0.6877,0.5269,Medium,0.7811
RSK003568,CUS-003568,0.8503,0.2781,0.1189,0.3702,Low,0.8511
RSK003569,CUS-003569,0.8582,0.4661,0.01,0.3557,Low,0.973
RSK003570,CUS-003570,0.3771,0.246,0.1094,0.217,Low,0.984
RSK003571,CUS-003571,0.7227,0.2464,0.4331,0.4826,Medium,0.8801
RSK003572,CUS-003572,0.6102,0.3571,0.0756,0.2923,Low,0.8776
RSK003573,CUS-003573,0.1061,0.3505,0.6635,0.4337,Medium,0.8669
RSK003574,CUS-003574,0.4944,0.2004,0.5503,0.4636,Medium,0.7851
RSK003575,CUS-003575,0.4758,0.387,0.2411,0.3407,Low,0.8307
RSK003576,CUS-003576,0.8418,0.3169,0.0855,0.3587,Low,0.8553
RSK003577,CUS-003577,0.6795,0.2282,0.2315,0.3652,Low,0.8153
RSK003578,CUS-003578,0.26,0.4488,0.2359,0.2857,Low,0.9674
RSK003579,CUS-003579,0.8893,0.3459,0.3608,0.5164,Medium,0.9635
RSK003580,CUS-003580,0.1446,0.4156,0.5527,0.4028,Medium,0.9406
RSK003581,CUS-003581,0.7867,0.4534,0.5069,0.5801,Medium,0.7309
RSK003582,CUS-003582,0.6818,0.2301,0.0929,0.297,Low,0.7163
RSK003583,CUS-003583,0.693,0.1403,0.6138,0.5429,Medium,0.9358
RSK003584,CUS-003584,0.479,0.3273,0.0601,0.2392,Low,0.7018
RSK003585,CUS-003585,0.1174,0.4619,0.7124,0.4838,Medium,0.7328
RSK003586,CUS-003586,0.7395,0.2913,0.6286,0.5944,Medium,0.7421
RSK003587,CUS-003587,0.558,0.1395,0.3387,0.3646,Low,0.7159
RSK003588,CUS-003588,0.8381,0.3189,0.1885,0.4095,Medium,0.7181
RSK003589,CUS-003589,0.4079,0.4998,0.5086,0.4766,Medium,0.8176
RSK003590,CUS-003590,0.2217,0.3581,0.3081,0.2922,Low,0.8707
RSK003591,CUS-003591,0.6149,0.4249,0.7535,0.6462,Medium,0.7906
RSK003592,CUS-003592,0.6523,0.3792,0.2351,0.3891,Low,0.7378
RSK003593,CUS-003593,0.2381,0.3001,0.2346,0.2487,Low,0.8312
RSK003594,CUS-003594,0.7318,0.1424,0.0978,0.2969,Low,0.7602
RSK003595,CUS-003595,0.8911,0.3358,0.3799,0.5244,Medium,0.795
RSK003596,CUS-003596,0.319,0.2977,0.0423,0.1764,Low,0.9648
RSK003597,CUS-003597,0.6809,0.3639,0.2687,0.4114,Medium,0.9203
RSK003598,CUS-003598,0.3897,0.4404,0.5812,0.4956,Medium,0.9072
RSK003599,CUS-003599,0.2886,0.4214,0.2507,0.2962,Low,0.7703
RSK003600,CUS-003600,0.5851,0.3513,0.1527,0.3221,Low,0.9181
RSK003601,CUS-003601,0.4896,0.4789,0.4759,0.4806,Medium,0.8513
RSK003602,CUS-003602,0.5388,0.4215,0.6659,0.5789,Medium,0.7513
RSK003603,CUS-003603,0.844,0.2769,0.6756,0.6464,Medium,0.7138
RSK003604,CUS-003604,0.4317,0.2271,0.5042,0.427,Medium,0.9404
RSK003605,CUS-003605,0.6314,0.3643,0.8265,0.6755,Medium,0.851
RSK003606,CUS-003606,0.7274,0.1139,0.3732,0.4276,Medium,0.7088
RSK003607,CUS-003607,0.8659,0.2726,0.1438,0.3862,Low,0.7513
RSK003608,CUS-003608,0.5137,0.4232,0.4087,0.4431,Medium,0.8901
RSK003609,CUS-003609,0.5735,0.3313,0.6987,0.5877,Medium,0.8967
RSK003610,CUS-003610,0.6123,0.3895,0.3403,0.4317,Medium,0.7655
RSK003611,CUS-003611,0.1319,0.4338,0.394,0.3233,Low,0.8094
RSK003612,CUS-003612,0.2292,0.3818,0.7334,0.5118,Medium,0.8658
RSK003613,CUS-003613,0.3334,0.322,0.674,0.5014,Medium,0.9325
RSK003614,CUS-003614,0.7751,0.4684,0.4811,0.5668,Medium,0.8081
RSK003615,CUS-003615,0.8228,0.4777,0.4293,0.557,Medium,0.955
RSK003616,CUS-003616,0.352,0.1516,0.1202,0.196,Low,0.7449
RSK003617,CUS-003617,0.2944,0.4828,0.4822,0.426,Medium,0.7905
RSK003618,CUS-003618,0.7628,0.2256,0.7159,0.6319,Medium,0.7808
RSK003619,CUS-003619,0.1698,0.3677,0.5852,0.4171,Medium,0.9384
RSK003620,CUS-003620,0.3312,0.2638,0.2533,0.2788,Low,0.8229
RSK003621,CUS-003621,0.1565,0.4813,0.3528,0.3196,Low,0.964
RSK003622,CUS-003622,0.3493,0.3239,0.6425,0.4908,Medium,0.739
RSK003623,CUS-003623,0.1874,0.2596,0.7203,0.4683,Medium,0.9213
RSK003624,CUS-003624,0.2316,0.3948,0.0563,0.1766,Low,0.924
RSK003625,CUS-003625,0.6675,0.2669,0.01,0.2586,Low,0.9652
RSK003626,CUS-003626,0.2014,0.2284,0.4629,0.3375,Low,0.8162
RSK003627,CUS-003627,0.3691,0.4215,0.7735,0.5818,Medium,0.7311
RSK003628,CUS-003628,0.2934,0.1333,0.2346,0.232,Low,0.9441
RSK003629,CUS-003629,0.3872,0.2604,0.5296,0.433,Medium,0.7946
RSK003630,CUS-003630,0.7984,0.2595,0.095,0.3389,Low,0.9792
RSK003631,CUS-003631,0.5007,0.1642,0.3192,0.3427,Low,0.9572
RSK003632,CUS-003632,0.3039,0.497,0.5046,0.4429,Medium,0.7645
RSK003633,CUS-003633,0.6547,0.3881,0.5243,0.5362,Medium,0.8381
RSK003634,CUS-003634,0.3678,0.3631,0.7377,0.5518,Medium,0.7529
RSK003635,CUS-003635,0.1711,0.3409,0.5781,0.4086,Medium,0.7263
RSK003636,CUS-003636,0.4552,0.3194,0.6954,0.5481,Medium,0.9552
RSK003637,CUS-003637,0.593,0.2959,0.2238,0.349,Low,0.8332
RSK003638,CUS-003638,0.1846,0.1568,0.2124,0.1929,Low,0.8036
RSK003639,CUS-003639,0.6251,0.105,0.6936,0.5553,Medium,0.8752
RSK003640,CUS-003640,0.2448,0.1115,0.1161,0.1538,Low,0.8486
RSK003641,CUS-003641,0.4116,0.2818,0.2677,0.3137,Low,0.9266
RSK003642,CUS-003642,0.6331,0.1966,0.83,0.6442,Medium,0.8522
RSK003643,CUS-003643,0.2392,0.1089,0.7365,0.4618,Medium,0.8036
RSK003644,CUS-003644,0.6298,0.2608,0.3033,0.3927,Low,0.9899
RSK003645,CUS-003645,0.4709,0.302,0.5111,0.4572,Medium,0.8029
RSK003646,CUS-003646,0.5083,0.3001,0.1804,0.3027,Low,0.9389
RSK003647,CUS-003647,0.3443,0.3758,0.0911,0.224,Low,0.7729
RSK003648,CUS-003648,0.445,0.4137,0.0912,0.2618,Low,0.8185
RSK003649,CUS-003649,0.4237,0.4721,0.7817,0.6124,Medium,0.7889
RSK003650,CUS-003650,0.7827,0.2168,0.1614,0.3589,Low,0.8338
RSK003651,CUS-003651,0.3879,0.3048,0.1703,0.2625,Low,0.9889
RSK003652,CUS-003652,0.7623,0.2768,0.2294,0.3987,Low,0.9755
RSK003653,CUS-003653,0.1688,0.2503,0.3238,0.2626,Low,0.8649
RSK003654,CUS-003654,0.8552,0.141,0.3124,0.441,Medium,0.8743
RSK003655,CUS-003655,0.5365,0.2339,0.2011,0.3083,Low,0.7225
RSK003656,CUS-003656,0.5924,0.386,0.7991,0.6545,Medium,0.8987
RSK003657,CUS-003657,0.302,0.2596,0.6229,0.454,Medium,0.9724
RSK003658,CUS-003658,0.1448,0.3737,0.2119,0.2241,Low,0.8813
RSK003659,CUS-003659,0.5136,0.2447,0.2116,0.3088,Low,0.9371
RSK003660,CUS-003660,0.5824,0.1821,0.6996,0.5609,Medium,0.8951
RSK003661,CUS-003661,0.7908,0.2334,0.5951,0.5815,Medium,0.7455
RSK003662,CUS-003662,0.6235,0.4825,0.739,0.6531,Medium,0.932
RSK003663,CUS-003663,0.7566,0.2651,0.1859,0.373,Low,0.9398
RSK003664,CUS-003664,0.3638,0.3523,0.2295,0.2944,Low,0.847
RSK003665,CUS-003665,0.5035,0.1128,0.5288,0.438,Medium,0.8817
RSK003666,CUS-003666,0.6061,0.1078,0.2946,0.3507,Low,0.7347
RSK003667,CUS-003667,0.7398,0.2239,0.6133,0.5734,Medium,0.7906
RSK003668,CUS-003668,0.1517,0.3341,0.178,0.2013,Low,0.7377
RSK003669,CUS-003669,0.8436,0.1268,0.3986,0.4777,Medium,0.7882
RSK003670,CUS-003670,0.4608,0.108,0.2411,0.2804,Low,0.9011
RSK003671,CUS-003671,0.7644,0.1127,0.1887,0.3462,Low,0.889
RSK003672,CUS-003672,0.8217,0.4952,0.4911,0.5911,Medium,0.95
RSK003673,CUS-003673,0.8717,0.3312,0.4055,0.5305,Medium,0.9436
RSK003674,CUS-003674,0.2273,0.1622,0.0603,0.1308,Low,0.7334
RSK003675,CUS-003675,0.5939,0.2931,0.415,0.4443,Medium,0.9822
RSK003676,CUS-003676,0.1803,0.3408,0.6417,0.4431,Medium,0.888
RSK003677,CUS-003677,0.2578,0.2476,0.1828,0.2183,Low,0.7789
RSK003678,CUS-003678,0.6001,0.438,0.4707,0.503,Medium,0.9639
RSK003679,CUS-003679,0.7377,0.2909,0.3477,0.4533,Medium,0.8585
RSK003680,CUS-003680,0.8121,0.4809,0.3569,0.5183,Medium,0.9726
RSK003681,CUS-003681,0.1397,0.4396,0.2303,0.245,Low,0.721
RSK003682,CUS-003682,0.3881,0.1737,0.1369,0.2196,Low,0.8286
RSK003683,CUS-003683,0.7644,0.4417,0.3802,0.5078,Medium,0.9284
RSK003684,CUS-003684,0.85,0.3306,0.1721,0.4072,Medium,0.869
RSK003685,CUS-003685,0.1401,0.3999,0.082,0.163,Low,0.7738
RSK003686,CUS-003686,0.7617,0.4833,0.3687,0.5095,Medium,0.716
RSK003687,CUS-003687,0.6386,0.2715,0.5512,0.5215,Medium,0.8323
RSK003688,CUS-003688,0.3426,0.3445,0.6573,0.5003,Medium,0.763
RSK003689,CUS-003689,0.377,0.2222,0.2837,0.2994,Low,0.8954
RSK003690,CUS-003690,0.2933,0.116,0.4204,0.3214,Low,0.7528
RSK003691,CUS-003691,0.1668,0.2781,0.4612,0.3363,Low,0.8963
RSK003692,CUS-003692,0.4824,0.4022,0.1785,0.3144,Low,0.8023
RSK003693,CUS-003693,0.8044,0.2814,0.2657,0.4304,Medium,0.8681
RSK003694,CUS-003694,0.7394,0.2748,0.1967,0.3751,Low,0.9456
RSK003695,CUS-003695,0.6062,0.2808,0.4985,0.4873,Medium,0.7173
RSK003696,CUS-003696,0.6038,0.278,0.3436,0.4085,Medium,0.7496
RSK003697,CUS-003697,0.6225,0.2181,0.417,0.4389,Medium,0.9384
RSK003698,CUS-003698,0.5937,0.109,0.7694,0.5846,Medium,0.7626
RSK003699,CUS-003699,0.5374,0.3523,0.4424,0.4529,Medium,0.766
RSK003700,CUS-003700,0.8095,0.1235,0.465,0.5,Medium,0.7371
RSK003701,CUS-003701,0.1648,0.2018,0.3535,0.2666,Low,0.7177
RSK003702,CUS-003702,0.1051,0.293,0.3741,0.2772,Low,0.8507
RSK003703,CUS-003703,0.8862,0.3108,0.4095,0.5328,Medium,0.9451
RSK003704,CUS-003704,0.6431,0.3259,0.7381,0.6272,Medium,0.7669
RSK003705,CUS-003705,0.6181,0.4967,0.7272,0.6484,Medium,0.7686
RSK003706,CUS-003706,0.8448,0.4329,0.01,0.345,Low,0.7061
RSK003707,CUS-003707,0.8964,0.2711,0.4716,0.5589,Medium,0.892
RSK003708,CUS-003708,0.3193,0.2041,0.6994,0.4863,Medium,0.7912
RSK003709,CUS-003709,0.5783,0.1127,0.3337,0.3629,Low,0.8564
RSK003710,CUS-003710,0.3638,0.3823,0.3822,0.3767,Low,0.7028
RSK003711,CUS-003711,0.2218,0.3242,0.5827,0.4227,Medium,0.749
RSK003712,CUS-003712,0.3132,0.2503,0.7306,0.5093,Medium,0.9117
RSK003713,CUS-003713,0.8343,0.3215,0.6627,0.6459,Medium,0.7142
RSK003714,CUS-003714,0.3257,0.4399,0.2463,0.3088,Low,0.7032
RSK003715,CUS-003715,0.8995,0.2167,0.7111,0.6687,Medium,0.7456
RSK003716,CUS-003716,0.4597,0.4787,0.3643,0.4158,Medium,0.7812
RSK003717,CUS-003717,0.6578,0.2285,0.4934,0.4897,Medium,0.9328
RSK003718,CUS-003718,0.8945,0.2016,0.01,0.3137,Low,0.8218
RSK003719,CUS-003719,0.7227,0.2865,0.2109,0.3796,Low,0.9657
RSK003720,CUS-003720,0.8588,0.4844,0.1299,0.4195,Medium,0.8204
RSK003721,CUS-003721,0.7538,0.1056,0.3414,0.418,Medium,0.8824
RSK003722,CUS-003722,0.7365,0.3137,0.01,0.2887,Low,0.7642
RSK003723,CUS-003723,0.3532,0.2502,0.8112,0.5616,Medium,0.8407
RSK003724,CUS-003724,0.6365,0.377,0.3355,0.4341,Medium,0.7413
RSK003725,CUS-003725,0.249,0.4578,0.3955,0.364,Low,0.84
RSK003726,CUS-003726,0.4816,0.1041,0.6749,0.5028,Medium,0.7093
RSK003727,CUS-003727,0.3689,0.4572,0.7632,0.5837,Medium,0.8622
RSK003728,CUS-003728,0.5163,0.3979,0.2295,0.3492,Low,0.858
RSK003729,CUS-003729,0.7708,0.3253,0.4788,0.5357,Medium,0.8094
RSK003730,CUS-003730,0.3019,0.4822,0.6553,0.5147,Medium,0.8424
RSK003731,CUS-003731,0.3275,0.1369,0.7114,0.4813,Medium,0.9592
RSK003732,CUS-003732,0.6652,0.3582,0.2107,0.3766,Low,0.9678
RSK003733,CUS-003733,0.7892,0.3687,0.1184,0.3697,Low,0.7005
RSK003734,CUS-003734,0.5377,0.4285,0.4835,0.4888,Medium,0.9375
RSK003735,CUS-003735,0.3955,0.1915,0.2255,0.2697,Low,0.7982
RSK003736,CUS-003736,0.1178,0.2747,0.2195,0.2,Low,0.9301
RSK003737,CUS-003737,0.4071,0.1473,0.8453,0.5742,Medium,0.8646
RSK003738,CUS-003738,0.6493,0.4266,0.0466,0.3034,Low,0.9318
RSK003739,CUS-003739,0.8596,0.3803,0.7897,0.7288,High,0.9426
RSK003740,CUS-003740,0.641,0.2969,0.3754,0.4394,Medium,0.9596
RSK003741,CUS-003741,0.8941,0.2393,0.0845,0.3583,Low,0.9598
RSK003742,CUS-003742,0.5971,0.282,0.4597,0.4654,Medium,0.9673
RSK003743,CUS-003743,0.1629,0.4322,0.4918,0.3812,Low,0.9201
RSK003744,CUS-003744,0.727,0.2933,0.195,0.3743,Low,0.9074
RSK003745,CUS-003745,0.1516,0.2465,0.2897,0.2396,Low,0.9705
RSK003746,CUS-003746,0.5608,0.4832,0.4367,0.4832,Medium,0.8071
RSK003747,CUS-003747,0.6644,0.311,0.8105,0.6668,Medium,0.7947
RSK003748,CUS-003748,0.633,0.3316,0.6458,0.5791,Medium,0.8269
RSK003749,CUS-003749,0.6567,0.3937,0.2898,0.4206,Medium,0.7033
RSK003750,CUS-003750,0.8986,0.3373,0.502,0.588,Medium,0.8351
RSK003751,CUS-003751,0.6279,0.1675,0.5226,0.4832,Medium,0.83
RSK003752,CUS-003752,0.3476,0.4965,0.1653,0.2862,Low,0.9713
RSK003753,CUS-003753,0.2874,0.2768,0.01,0.1466,Low,0.9413
RSK003754,CUS-003754,0.8366,0.4123,0.2805,0.4737,Medium,0.7759
RSK003755,CUS-003755,0.3425,0.1996,0.5421,0.4137,Medium,0.9182
RSK003756,CUS-003756,0.7589,0.1264,0.8185,0.6622,Medium,0.7179
RSK003757,CUS-003757,0.5649,0.3702,0.5133,0.5002,Medium,0.8839
RSK003758,CUS-003758,0.612,0.1478,0.5138,0.4701,Medium,0.7666
RSK003759,CUS-003759,0.7409,0.2004,0.0561,0.2904,Low,0.7121
RSK003760,CUS-003760,0.7554,0.2012,0.4782,0.506,Medium,0.9639
RSK003761,CUS-003761,0.1223,0.294,0.326,0.2585,Low,0.8584
RSK003762,CUS-003762,0.6746,0.4205,0.8205,0.6967,Medium,0.8694
RSK003763,CUS-003763,0.6434,0.4913,0.2467,0.4146,Medium,0.8878
RSK003764,CUS-003764,0.8707,0.174,0.4837,0.5379,Medium,0.9338
RSK003765,CUS-003765,0.698,0.1592,0.4165,0.4495,Medium,0.8352
RSK003766,CUS-003766,0.1467,0.1349,0.8054,0.4737,Medium,0.945
RSK003767,CUS-003767,0.5741,0.3077,0.3858,0.4267,Medium,0.8192
RSK003768,CUS-003768,0.2213,0.3283,0.1256,0.1948,Low,0.7257
RSK003769,CUS-003769,0.4697,0.4568,0.6862,0.5754,Medium,0.7481
RSK003770,CUS-003770,0.3931,0.3981,0.6063,0.5007,Medium,0.8738
RSK003771,CUS-003771,0.6858,0.4571,0.3779,0.4861,Medium,0.8203
RSK003772,CUS-003772,0.6777,0.4499,0.1567,0.3716,Low,0.7093
RSK003773,CUS-003773,0.497,0.4457,0.4606,0.4685,Medium,0.7539
RSK003774,CUS-003774,0.4452,0.2947,0.3906,0.3878,Low,0.7238
RSK003775,CUS-003775,0.7748,0.4725,0.76,0.7069,High,0.891
RSK003776,CUS-003776,0.6612,0.4076,0.1859,0.3728,Low,0.8465
RSK003777,CUS-003777,0.7751,0.1178,0.3655,0.4388,Medium,0.7776
RSK003778,CUS-003778,0.7288,0.2475,0.4784,0.5073,Medium,0.907
RSK003779,CUS-003779,0.4696,0.3212,0.0627,0.2365,Low,0.7903
RSK003780,CUS-003780,0.6644,0.3356,0.1336,0.3332,Low,0.9811
RSK003781,CUS-003781,0.2937,0.3967,0.5185,0.4267,Medium,0.9312
RSK003782,CUS-003782,0.3792,0.1159,0.3527,0.3133,Low,0.7736
RSK003783,CUS-003783,0.7218,0.1718,0.3951,0.4484,Medium,0.7149
RSK003784,CUS-003784,0.4146,0.1377,0.0347,0.1693,Low,0.8636
RSK003785,CUS-003785,0.5761,0.2454,0.4498,0.4468,Medium,0.7484
RSK003786,CUS-003786,0.319,0.1746,0.3073,0.2843,Low,0.7218
RSK003787,CUS-003787,0.3006,0.2843,0.4439,0.369,Low,0.7466
RSK003788,CUS-003788,0.8286,0.3706,0.3797,0.5125,Medium,0.7965
RSK003789,CUS-003789,0.163,0.477,0.0316,0.1601,Low,0.7896
RSK003790,CUS-003790,0.884,0.4014,0.0787,0.3848,Low,0.7306
RSK003791,CUS-003791,0.6538,0.3002,0.0478,0.2801,Low,0.9052
RSK003792,CUS-003792,0.768,0.4389,0.2487,0.4425,Medium,0.8196
RSK003793,CUS-003793,0.7712,0.4957,0.1325,0.3967,Low,0.7338
RSK003794,CUS-003794,0.169,0.3163,0.5648,0.3964,Low,0.9489
RSK003795,CUS-003795,0.8825,0.2289,0.8727,0.7469,High,0.9224
RSK003796,CUS-003796,0.4852,0.4441,0.7528,0.6108,Medium,0.7617
RSK003797,CUS-003797,0.262,0.4273,0.3191,0.3236,Low,0.9778
RSK003798,CUS-003798,0.5261,0.3392,0.3641,0.4077,Medium,0.7039
RSK003799,CUS-003799,0.636,0.1678,0.3957,0.4222,Medium,0.77
RSK003800,CUS-003800,0.4328,0.2002,0.1287,0.2342,Low,0.8581
RSK003801,CUS-003801,0.3156,0.2474,0.0809,0.1846,Low,0.9664
RSK003802,CUS-003802,0.7634,0.219,0.0135,0.2796,Low,0.8577
RSK003803,CUS-003803,0.7089,0.1967,0.8956,0.6998,Medium,0.8983
RSK003804,CUS-003804,0.4402,0.3455,0.4832,0.4428,Medium,0.726
RSK003805,CUS-003805,0.6029,0.1979,0.3882,0.4146,Medium,0.706
RSK003806,CUS-003806,0.6086,0.4721,0.5198,0.5369,Medium,0.759
RSK003807,CUS-003807,0.2525,0.3037,0.1696,0.2213,Low,0.9054
RSK003808,CUS-003808,0.1123,0.3736,0.1619,0.1894,Low,0.9392
RSK003809,CUS-003809,0.1034,0.4275,0.4727,0.3529,Low,0.7971
RSK003810,CUS-003810,0.345,0.4982,0.3183,0.3623,Low,0.7299
RSK003811,CUS-003811,0.1953,0.2525,0.7528,0.4855,Medium,0.9126
RSK003812,CUS-003812,0.7317,0.4378,0.2577,0.4359,Medium,0.9753
RSK003813,CUS-003813,0.7093,0.1654,0.3257,0.4087,Medium,0.7198
RSK003814,CUS-003814,0.454,0.1645,0.2619,0.3,Low,0.8441
RSK003815,CUS-003815,0.6025,0.1699,0.4598,0.4446,Medium,0.8103
RSK003816,CUS-003816,0.1445,0.3056,0.151,0.18,Low,0.7265
RSK003817,CUS-003817,0.8461,0.4336,0.01,0.3456,Low,0.8599
RSK003818,CUS-003818,0.2222,0.172,0.6025,0.4023,Medium,0.7652
RSK003819,CUS-003819,0.8913,0.178,0.2847,0.4453,Medium,0.9336
RSK003820,CUS-003820,0.295,0.4907,0.694,0.5336,Medium,0.7075
RSK003821,CUS-003821,0.749,0.2245,0.1722,0.3557,Low,0.7543
RSK003822,CUS-003822,0.4884,0.1526,0.1971,0.2756,Low,0.9101
RSK003823,CUS-003823,0.6933,0.1413,0.4026,0.4376,Medium,0.8667
RSK003824,CUS-003824,0.2208,0.3613,0.4001,0.3386,Low,0.8104
RSK003825,CUS-003825,0.287,0.2845,0.4797,0.3829,Low,0.8992
RSK003826,CUS-003826,0.3063,0.2406,0.3428,0.3114,Low,0.8029
RSK003827,CUS-003827,0.6536,0.1195,0.7251,0.5825,Medium,0.9178
RSK003828,CUS-003828,0.255,0.3174,0.01,0.145,Low,0.7632
RSK003829,CUS-003829,0.3349,0.1004,0.1507,0.1959,Low,0.7783
RSK003830,CUS-003830,0.2181,0.3379,0.5945,0.4303,Medium,0.7692
RSK003831,CUS-003831,0.2687,0.1227,0.0915,0.1509,Low,0.9146
RSK003832,CUS-003832,0.2771,0.4995,0.3162,0.3411,Low,0.9337
RSK003833,CUS-003833,0.4328,0.1146,0.5286,0.4171,Medium,0.9258
RSK003834,CUS-003834,0.7767,0.3139,0.2082,0.3999,Low,0.7189
RSK003835,CUS-003835,0.1828,0.3284,0.5848,0.4129,Medium,0.735
RSK003836,CUS-003836,0.8998,0.3201,0.7184,0.6932,Medium,0.8797
RSK003837,CUS-003837,0.246,0.2647,0.2013,0.2274,Low,0.8552
RSK003838,CUS-003838,0.6889,0.1795,0.4475,0.4663,Medium,0.7755
RSK003839,CUS-003839,0.7796,0.3442,0.5031,0.5543,Medium,0.9421
RSK003840,CUS-003840,0.5929,0.2484,0.4089,0.432,Medium,0.844
RSK003841,CUS-003841,0.8063,0.1517,0.4532,0.4988,Medium,0.712
RSK003842,CUS-003842,0.1483,0.1637,0.1656,0.16,Low,0.802
RSK003843,CUS-003843,0.8938,0.2541,0.4559,0.5469,Medium,0.7704
RSK003844,CUS-003844,0.8524,0.2037,0.2828,0.4379,Medium,0.9871
RSK003845,CUS-003845,0.6186,0.4734,0.5276,0.5441,Medium,0.8814
RSK003846,CUS-003846,0.7292,0.4595,0.3656,0.4935,Medium,0.7774
RSK003847,CUS-003847,0.3961,0.4385,0.5462,0.4796,Medium,0.7203
RSK003848,CUS-003848,0.7695,0.3334,0.4081,0.5016,Medium,0.754
RSK003849,CUS-003849,0.7152,0.1346,0.01,0.2465,Low,0.7416
RSK003850,CUS-003850,0.3924,0.3555,0.132,0.2548,Low,0.8326
RSK003851,CUS-003851,0.7106,0.4529,0.791,0.6993,Medium,0.8568
RSK003852,CUS-003852,0.3551,0.2647,0.2491,0.284,Low,0.9644
RSK003853,CUS-003853,0.585,0.1465,0.6184,0.514,Medium,0.9586
RSK003854,CUS-003854,0.399,0.1205,0.8133,0.5504,Medium,0.9444
RSK003855,CUS-003855,0.314,0.2408,0.1894,0.2371,Low,0.7935
RSK003856,CUS-003856,0.4174,0.2327,0.4067,0.3751,Low,0.8463
RSK003857,CUS-003857,0.5848,0.2117,0.8021,0.6188,Medium,0.7521
RSK003858,CUS-003858,0.5551,0.3133,0.7591,0.6087,Medium,0.9858
RSK003859,CUS-003859,0.1903,0.2196,0.4191,0.3106,Low,0.7799
RSK003860,CUS-003860,0.6129,0.376,0.3054,0.4118,Medium,0.7098
RSK003861,CUS-003861,0.4721,0.3906,0.2116,0.3256,Low,0.904
RSK003862,CUS-003862,0.4522,0.1755,0.5146,0.4281,Medium,0.9827
RSK003863,CUS-003863,0.8266,0.2459,0.6087,0.6015,Medium,0.7737
RSK003864,CUS-003864,0.517,0.1443,0.1292,0.2486,Low,0.8119
RSK003865,CUS-003865,0.6322,0.4965,0.6942,0.6361,Medium,0.7739
RSK003866,CUS-003866,0.2473,0.344,0.411,0.3485,Low,0.9102
RSK003867,CUS-003867,0.6601,0.1789,0.7336,0.6006,Medium,0.8882
RSK003868,CUS-003868,0.4969,0.1193,0.5213,0.4336,Medium,0.9282
RSK003869,CUS-003869,0.2009,0.3885,0.4005,0.3382,Low,0.82
RSK003870,CUS-003870,0.3839,0.1808,0.1804,0.2415,Low,0.9366
RSK003871,CUS-003871,0.3988,0.3743,0.4493,0.4192,Medium,0.8806
RSK003872,CUS-003872,0.2113,0.3199,0.3373,0.296,Low,0.8476
RSK003873,CUS-003873,0.515,0.2284,0.5132,0.4568,Medium,0.785
RSK003874,CUS-003874,0.3504,0.3615,0.1228,0.2388,Low,0.7605
RSK003875,CUS-003875,0.7746,0.24,0.3026,0.4317,Medium,0.7666
RSK003876,CUS-003876,0.738,0.372,0.303,0.4473,Medium,0.9234
RSK003877,CUS-003877,0.4948,0.1379,0.5479,0.45,Medium,0.765
RSK003878,CUS-003878,0.1761,0.4457,0.3104,0.2972,Low,0.9317
RSK003879,CUS-003879,0.2496,0.4254,0.5526,0.4363,Medium,0.8906
RSK003880,CUS-003880,0.2114,0.4383,0.5218,0.412,Medium,0.7069
RSK003881,CUS-003881,0.6574,0.2649,0.2121,0.3563,Low,0.9507
RSK003882,CUS-003882,0.3414,0.4097,0.5045,0.4366,Medium,0.8436
RSK003883,CUS-003883,0.7667,0.1647,0.4367,0.4813,Medium,0.8594
RSK003884,CUS-003884,0.7696,0.4397,0.7729,0.7053,High,0.9044
RSK003885,CUS-003885,0.4162,0.1265,0.4074,0.3539,Low,0.9752
RSK003886,CUS-003886,0.8034,0.4314,0.5258,0.5902,Medium,0.8706
RSK003887,CUS-003887,0.5829,0.1054,0.6835,0.5377,Medium,0.7124
RSK003888,CUS-003888,0.7841,0.1673,0.3355,0.4364,Medium,0.9643
RSK003889,CUS-003889,0.3432,0.3864,0.2862,0.3233,Low,0.9058
RSK003890,CUS-003890,0.7488,0.475,0.2957,0.4675,Medium,0.9523
RSK003891,CUS-003891,0.3739,0.383,0.5948,0.4862,Medium,0.9411
RSK003892,CUS-003892,0.6419,0.1874,0.7168,0.5884,Medium,0.8076
RSK003893,CUS-003893,0.2354,0.3772,0.7357,0.5139,Medium,0.9138
RSK003894,CUS-003894,0.5887,0.2489,0.3353,0.394,Low,0.9754
RSK003895,CUS-003895,0.6088,0.4117,0.3039,0.4169,Medium,0.7465
RSK003896,CUS-003896,0.1164,0.1116,0.4894,0.3019,Low,0.8963
RSK003897,CUS-003897,0.4197,0.2559,0.2891,0.3216,Low,0.8602
RSK003898,CUS-003898,0.3619,0.2386,0.2223,0.2674,Low,0.9213
RSK003899,CUS-003899,0.2224,0.4405,0.2919,0.3008,Low,0.9897
RSK003900,CUS-003900,0.2236,0.1943,0.5088,0.3603,Low,0.8231
RSK003901,CUS-003901,0.5303,0.4289,0.6128,0.5513,Medium,0.9101
RSK003902,CUS-003902,0.8165,0.4278,0.6222,0.6416,Medium,0.8357
RSK003903,CUS-003903,0.2846,0.1142,0.7754,0.4959,Medium,0.968
RSK003904,CUS-003904,0.1272,0.3114,0.1915,0.1962,Low,0.8896
RSK003905,CUS-003905,0.8627,0.1979,0.1867,0.3917,Low,0.7202
RSK003906,CUS-003906,0.6897,0.3954,0.5661,0.569,Medium,0.7321
RSK003907,CUS-003907,0.2679,0.3458,0.0481,0.1736,Low,0.7614
RSK003908,CUS-003908,0.2856,0.2168,0.375,0.3165,Low,0.8239
RSK003909,CUS-003909,0.6883,0.1674,0.4994,0.4897,Medium,0.882
RSK003910,CUS-003910,0.7779,0.1635,0.3179,0.425,Medium,0.7401
RSK003911,CUS-003911,0.3179,0.3103,0.3596,0.3372,Low,0.9239
RSK003912,CUS-003912,0.163,0.1203,0.2168,0.1814,Low,0.8126
RSK003913,CUS-003913,0.1161,0.1118,0.8595,0.4869,Medium,0.7479
RSK003914,CUS-003914,0.6276,0.4574,0.3067,0.4331,Medium,0.8319
RSK003915,CUS-003915,0.7496,0.12,0.8176,0.6577,Medium,0.7704
RSK003916,CUS-003916,0.4781,0.4293,0.1588,0.3087,Low,0.7274
RSK003917,CUS-003917,0.1501,0.365,0.2012,0.2186,Low,0.7352
RSK003918,CUS-003918,0.1388,0.1397,0.1429,0.141,Low,0.944
RSK003919,CUS-003919,0.493,0.3532,0.4637,0.4504,Medium,0.7108
RSK003920,CUS-003920,0.4338,0.2651,0.1731,0.2697,Low,0.9548
RSK003921,CUS-003921,0.1227,0.2959,0.5278,0.3599,Low,0.9762
RSK003922,CUS-003922,0.6041,0.4705,0.551,0.5508,Medium,0.7576
RSK003923,CUS-003923,0.8944,0.3946,0.0953,0.3949,Low,0.8937
RSK003924,CUS-003924,0.8568,0.1662,0.0831,0.3318,Low,0.7074
RSK003925,CUS-003925,0.707,0.418,0.1786,0.385,Low,0.7686
RSK003926,CUS-003926,0.8122,0.4389,0.7308,0.6968,Medium,0.734
RSK003927,CUS-003927,0.3795,0.1596,0.01,0.1508,Low,0.8096
RSK003928,CUS-003928,0.762,0.3565,0.2927,0.4463,Medium,0.7764
RSK003929,CUS-003929,0.5646,0.2559,0.2669,0.354,Low,0.7285
RSK003930,CUS-003930,0.5688,0.4613,0.6336,0.5797,Medium,0.8191
RSK003931,CUS-003931,0.7054,0.2222,0.01,0.2611,Low,0.7307
RSK003932,CUS-003932,0.7565,0.2199,0.1861,0.364,Low,0.9041
RSK003933,CUS-003933,0.7932,0.3094,0.5263,0.563,Medium,0.9853
RSK003934,CUS-003934,0.592,0.3049,0.5833,0.5302,Medium,0.7878
RSK003935,CUS-003935,0.4335,0.3909,0.2055,0.311,Low,0.8297
RSK003936,CUS-003936,0.31,0.3536,0.3071,0.3173,Low,0.8102
RSK003937,CUS-003937,0.3781,0.129,0.4361,0.3573,Low,0.9317
RSK003938,CUS-003938,0.2467,0.1371,0.3459,0.2744,Low,0.7808
RSK003939,CUS-003939,0.5562,0.1328,0.2072,0.297,Low,0.7357
RSK003940,CUS-003940,0.3116,0.4868,0.8256,0.6036,Medium,0.7895
RSK003941,CUS-003941,0.3553,0.427,0.503,0.4435,Medium,0.9541
RSK003942,CUS-003942,0.6489,0.4846,0.8221,0.7026,High,0.8074
RSK003943,CUS-003943,0.458,0.4167,0.6479,0.5447,Medium,0.9622
RSK003944,CUS-003944,0.8272,0.4697,0.7999,0.742,High,0.9216
RSK003945,CUS-003945,0.8362,0.2406,0.1093,0.3536,Low,0.7119
RSK003946,CUS-003946,0.4536,0.4032,0.5162,0.4748,Medium,0.8477
RSK003947,CUS-003947,0.4369,0.1143,0.501,0.4044,Medium,0.8225
RSK003948,CUS-003948,0.5604,0.3584,0.8205,0.6501,Medium,0.7838
RSK003949,CUS-003949,0.6373,0.1491,0.6609,0.5515,Medium,0.7692
RSK003950,CUS-003950,0.1207,0.1255,0.01,0.0663,Low,0.9249
RSK003951,CUS-003951,0.2226,0.2992,0.1706,0.2119,Low,0.7962
RSK003952,CUS-003952,0.1503,0.4165,0.453,0.3549,Low,0.8793
RSK003953,CUS-003953,0.888,0.485,0.1329,0.4298,Medium,0.7788
RSK003954,CUS-003954,0.7213,0.4643,0.541,0.5797,Medium,0.8893
RSK003955,CUS-003955,0.4353,0.4402,0.3954,0.4163,Medium,0.9842
RSK003956,CUS-003956,0.516,0.2505,0.7745,0.5921,Medium,0.947
RSK003957,CUS-003957,0.4553,0.2427,0.302,0.3361,Low,0.8247
RSK003958,CUS-003958,0.599,0.3736,0.6654,0.5871,Medium,0.8846
RSK003959,CUS-003959,0.7885,0.2674,0.2782,0.4291,Medium,0.7631
RSK003960,CUS-003960,0.785,0.3807,0.5681,0.5957,Medium,0.8575
RSK003961,CUS-003961,0.8773,0.4264,0.3241,0.5105,Medium,0.9266
RSK003962,CUS-003962,0.1156,0.1174,0.3525,0.2344,Low,0.7088
RSK003963,CUS-003963,0.2137,0.2937,0.01,0.1279,Low,0.8396
RSK003964,CUS-003964,0.8658,0.1866,0.01,0.3021,Low,0.9813
RSK003965,CUS-003965,0.3526,0.3447,0.3973,0.3734,Low,0.9061
RSK003966,CUS-003966,0.8892,0.283,0.6985,0.6726,Medium,0.9714
RSK003967,CUS-003967,0.2207,0.4913,0.1907,0.2598,Low,0.8695
RSK003968,CUS-003968,0.1736,0.4472,0.6824,0.4827,Medium,0.7261
RSK003969,CUS-003969,0.183,0.3095,0.5293,0.3815,Low,0.8992
RSK003970,CUS-003970,0.3908,0.3229,0.2082,0.2859,Low,0.969
RSK003971,CUS-003971,0.5155,0.2189,0.4404,0.4186,Medium,0.7759
RSK003972,CUS-003972,0.5019,0.4119,0.2551,0.3605,Low,0.7543
RSK003973,CUS-003973,0.4925,0.1468,0.3891,0.3717,Low,0.9129
RSK003974,CUS-003974,0.2353,0.1298,0.1558,0.1745,Low,0.7875
RSK003975,CUS-003975,0.6624,0.3255,0.8383,0.683,Medium,0.958
RSK003976,CUS-003976,0.2173,0.1244,0.7548,0.4675,Medium,0.7385
RSK003977,CUS-003977,0.1392,0.3335,0.0273,0.1221,Low,0.7579
RSK003978,CUS-003978,0.2239,0.477,0.8462,0.5857,Medium,0.8719
RSK003979,CUS-003979,0.5887,0.2352,0.674,0.5606,Medium,0.8543
RSK003980,CUS-003980,0.6584,0.4544,0.2189,0.3979,Low,0.7578
RSK003981,CUS-003981,0.3567,0.3049,0.7181,0.527,Medium,0.9157
RSK003982,CUS-003982,0.6436,0.4269,0.4093,0.4831,Medium,0.7037
RSK003983,CUS-003983,0.3077,0.1644,0.3438,0.2971,Low,0.7545
RSK003984,CUS-003984,0.8849,0.1973,0.2273,0.4186,Medium,0.9775
RSK003985,CUS-003985,0.2185,0.3434,0.3171,0.2928,Low,0.9411
RSK003986,CUS-003986,0.2377,0.1433,0.233,0.2165,Low,0.7001
RSK003987,CUS-003987,0.8162,0.1961,0.7718,0.67,Medium,0.9305
RSK003988,CUS-003988,0.2793,0.1207,0.5908,0.4033,Medium,0.7563
RSK003989,CUS-003989,0.3476,0.3059,0.4823,0.4066,Medium,0.8096
RSK003990,CUS-003990,0.8448,0.323,0.0852,0.3606,Low,0.8967
RSK003991,CUS-003991,0.2888,0.1583,0.7172,0.4769,Medium,0.7121
RSK003992,CUS-003992,0.8894,0.1999,0.3796,0.4966,Medium,0.9513
RSK003993,CUS-003993,0.6279,0.3247,0.5967,0.5517,Medium,0.8209
RSK003994,CUS-003994,0.5385,0.3359,0.2446,0.351,Low,0.7775
RSK003995,CUS-003995,0.7817,0.4024,0.4318,0.5309,Medium,0.7532
RSK003996,CUS-003996,0.3675,0.4193,0.4946,0.4414,Medium,0.9104
RSK003997,CUS-003997,0.5761,0.3458,0.2671,0.3755,Low,0.9094
RSK003998,CUS-003998,0.7162,0.1482,0.329,0.409,Medium,0.9692
RSK003999,CUS-003999,0.7176,0.2434,0.1789,0.3534,Low,0.9337
RSK004000,CUS-004000,0.7859,0.4094,0.01,0.3226,Low,0.8946
RSK004001,CUS-004001,0.4871,0.1423,0.414,0.3816,Low,0.845
RSK004002,CUS-004002,0.2584,0.1831,0.2433,0.2358,Low,0.9352
RSK004003,CUS-004003,0.7152,0.3946,0.5079,0.5474,Medium,0.7296
RSK004004,CUS-004004,0.2738,0.3849,0.7347,0.5265,Medium,0.8307
RSK004005,CUS-004005,0.4828,0.318,0.4442,0.4305,Medium,0.9443
RSK004006,CUS-004006,0.5174,0.3317,0.3716,0.4074,Medium,0.8484
RSK004007,CUS-004007,0.3958,0.1665,0.5383,0.4212,Medium,0.8931
RSK004008,CUS-004008,0.2798,0.1986,0.3347,0.291,Low,0.9283
RSK004009,CUS-004009,0.4228,0.3189,0.3229,0.3521,Low,0.9142
RSK004010,CUS-004010,0.8993,0.4562,0.1186,0.4203,Medium,0.8855
RSK004011,CUS-004011,0.2909,0.1229,0.8343,0.529,Medium,0.9022
RSK004012,CUS-004012,0.3921,0.3044,0.2271,0.2921,Low,0.9711
RSK004013,CUS-004013,0.5748,0.4711,0.2172,0.3753,Low,0.8142
RSK004014,CUS-004014,0.4322,0.2092,0.6837,0.5133,Medium,0.8534
RSK004015,CUS-004015,0.2505,0.4673,0.4767,0.407,Medium,0.8826
RSK004016,CUS-004016,0.4947,0.3693,0.5219,0.4832,Medium,0.8688
RSK004017,CUS-004017,0.8286,0.1022,0.079,0.3085,Low,0.9583
RSK004018,CUS-004018,0.3104,0.3171,0.1573,0.2352,Low,0.7362
RSK004019,CUS-004019,0.3408,0.1279,0.2299,0.2428,Low,0.9868
RSK004020,CUS-004020,0.364,0.4876,0.5129,0.4632,Medium,0.9299
RSK004021,CUS-004021,0.4386,0.1069,0.3768,0.3414,Low,0.9083
RSK004022,CUS-004022,0.5527,0.1007,0.7241,0.548,Medium,0.9842
RSK004023,CUS-004023,0.7835,0.1608,0.4737,0.5041,Medium,0.7072
RSK004024,CUS-004024,0.8859,0.1042,0.3302,0.4517,Medium,0.7148
RSK004025,CUS-004025,0.8293,0.2245,0.0813,0.3343,Low,0.7202
RSK004026,CUS-004026,0.479,0.1004,0.748,0.5378,Medium,0.8685
RSK004027,CUS-004027,0.3091,0.3116,0.5111,0.4106,Medium,0.7667
RSK004028,CUS-004028,0.4124,0.1308,0.7703,0.535,Medium,0.7668
RSK004029,CUS-004029,0.1178,0.2913,0.606,0.3966,Low,0.8182
RSK004030,CUS-004030,0.6023,0.1809,0.01,0.2219,Low,0.859
RSK004031,CUS-004031,0.4652,0.2845,0.271,0.332,Low,0.7925
RSK004032,CUS-004032,0.1048,0.1007,0.5231,0.3131,Low,0.871
RSK004033,CUS-004033,0.6478,0.3116,0.5004,0.5069,Medium,0.9653
RSK004034,CUS-004034,0.2013,0.3664,0.1805,0.2239,Low,0.9012
RSK004035,CUS-004035,0.6122,0.3473,0.142,0.3241,Low,0.8117
RSK004036,CUS-004036,0.6148,0.3424,0.1865,0.3462,Low,0.7611
RSK004037,CUS-004037,0.2684,0.1304,0.2203,0.2167,Low,0.875
RSK004038,CUS-004038,0.7088,0.4879,0.4016,0.511,Medium,0.8385
RSK004039,CUS-004039,0.6232,0.4312,0.8143,0.6804,Medium,0.7578
RSK004040,CUS-004040,0.6316,0.1256,0.37,0.3996,Low,0.9564
RSK004041,CUS-004041,0.3722,0.3614,0.4665,0.4172,Medium,0.9775
RSK004042,CUS-004042,0.1344,0.2612,0.1341,0.1596,Low,0.7176
RSK004043,CUS-004043,0.5961,0.4123,0.4873,0.5049,Medium,0.8489
RSK004044,CUS-004044,0.7564,0.1713,0.0662,0.2943,Low,0.8337
RSK004045,CUS-004045,0.8728,0.202,0.5206,0.5625,Medium,0.7195
RSK004046,CUS-004046,0.5526,0.1185,0.2802,0.3296,Low,0.9248
RSK004047,CUS-004047,0.2827,0.4784,0.5811,0.471,Medium,0.7489
RSK004048,CUS-004048,0.4399,0.4984,0.1633,0.3133,Low,0.7292
RSK004049,CUS-004049,0.6586,0.104,0.1841,0.3104,Low,0.938
RSK004050,CUS-004050,0.7715,0.2782,0.1904,0.3823,Low,0.8997
RSK004051,CUS-004051,0.6011,0.4079,0.3825,0.4532,Medium,0.8844
RSK004052,CUS-004052,0.399,0.225,0.074,0.2017,Low,0.7563
RSK004053,CUS-004053,0.5304,0.2146,0.535,0.4695,Medium,0.8027
RSK004054,CUS-004054,0.5307,0.2097,0.2801,0.3412,Low,0.8003
RSK004055,CUS-004055,0.1748,0.4893,0.2523,0.2765,Low,0.7143
RSK004056,CUS-004056,0.6664,0.1076,0.7739,0.6084,Medium,0.8864
RSK004057,CUS-004057,0.6569,0.1746,0.8655,0.6647,Medium,0.7459
RSK004058,CUS-004058,0.765,0.4613,0.371,0.5073,Medium,0.8138
RSK004059,CUS-004059,0.4765,0.3796,0.1332,0.2855,Low,0.7299
RSK004060,CUS-004060,0.5033,0.4632,0.651,0.5691,Medium,0.7257
RSK004061,CUS-004061,0.4382,0.4947,0.5204,0.4906,Medium,0.7901
RSK004062,CUS-004062,0.7166,0.3071,0.3923,0.4726,Medium,0.8757
RSK004063,CUS-004063,0.8708,0.4385,0.1176,0.4077,Medium,0.8127
RSK004064,CUS-004064,0.7802,0.1753,0.2697,0.404,Medium,0.9041
RSK004065,CUS-004065,0.7209,0.4252,0.6964,0.6495,Medium,0.8718
RSK004066,CUS-004066,0.8249,0.2684,0.3846,0.4934,Medium,0.7333
RSK004067,CUS-004067,0.207,0.3458,0.0971,0.1798,Low,0.8676
RSK004068,CUS-004068,0.3178,0.1053,0.4926,0.3627,Low,0.7938
RSK004069,CUS-004069,0.4026,0.4256,0.801,0.6064,Medium,0.9313
RSK004070,CUS-004070,0.4379,0.3565,0.3956,0.4005,Medium,0.7552
RSK004071,CUS-004071,0.8457,0.3047,0.1477,0.3885,Low,0.9457
RSK004072,CUS-004072,0.6457,0.4246,0.3182,0.4377,Medium,0.8869
RSK004073,CUS-004073,0.322,0.1919,0.1003,0.1851,Low,0.9315
RSK004074,CUS-004074,0.4112,0.1318,0.7903,0.5449,Medium,0.8231
RSK004075,CUS-004075,0.478,0.2187,0.578,0.4761,Medium,0.9501
RSK004076,CUS-004076,0.7773,0.1356,0.4687,0.4947,Medium,0.8131
RSK004077,CUS-004077,0.1849,0.1411,0.4769,0.3221,Low,0.8208
RSK004078,CUS-004078,0.2609,0.2958,0.7246,0.4997,Medium,0.7032
RSK004079,CUS-004079,0.6654,0.4272,0.3305,0.4503,Medium,0.8866
RSK004080,CUS-004080,0.3237,0.2271,0.3379,0.3115,Low,0.711
RSK004081,CUS-004081,0.1862,0.3227,0.1496,0.1952,Low,0.8356
RSK004082,CUS-004082,0.1995,0.364,0.2739,0.2696,Low,0.8766
RSK004083,CUS-004083,0.8639,0.4398,0.3555,0.5249,Medium,0.8697
RSK004084,CUS-004084,0.6603,0.1469,0.7813,0.6181,Medium,0.8179
RSK004085,CUS-004085,0.1213,0.1507,0.6142,0.3736,Low,0.8319
RSK004086,CUS-004086,0.4625,0.415,0.0796,0.2616,Low,0.7777
RSK004087,CUS-004087,0.733,0.3708,0.6659,0.627,Medium,0.7265
RSK004088,CUS-004088,0.136,0.3466,0.3526,0.2864,Low,0.81
RSK004089,CUS-004089,0.7168,0.3228,0.4048,0.482,Medium,0.872
RSK004090,CUS-004090,0.6462,0.1002,0.4589,0.4433,Medium,0.7953
RSK004091,CUS-004091,0.349,0.3817,0.6033,0.4827,Medium,0.7755
RSK004092,CUS-004092,0.7408,0.2712,0.3426,0.4478,Medium,0.9505
RSK004093,CUS-004093,0.1078,0.3856,0.8209,0.5199,Medium,0.7681
RSK004094,CUS-004094,0.7771,0.1408,0.4721,0.4973,Medium,0.8934
RSK004095,CUS-004095,0.8727,0.1074,0.01,0.2883,Low,0.9439
RSK004096,CUS-004096,0.4673,0.4468,0.1296,0.2944,Low,0.7355
RSK004097,CUS-004097,0.4161,0.3808,0.4213,0.4116,Medium,0.7254
RSK004098,CUS-004098,0.7988,0.4319,0.0285,0.3403,Low,0.9221
RSK004099,CUS-004099,0.3625,0.1452,0.7719,0.5237,Medium,0.7995
RSK004100,CUS-004100,0.4557,0.2618,0.2303,0.3042,Low,0.7152
RSK004101,CUS-004101,0.8731,0.2192,0.3213,0.4664,Medium,0.8215
RSK004102,CUS-004102,0.4269,0.2771,0.561,0.464,Medium,0.7732
RSK004103,CUS-004103,0.6631,0.373,0.7212,0.6341,Medium,0.7935
RSK004104,CUS-004104,0.6847,0.437,0.3811,0.4834,Medium,0.9607
RSK004105,CUS-004105,0.8704,0.3602,0.6999,0.6831,Medium,0.8018
RSK004106,CUS-004106,0.4176,0.1416,0.3289,0.3181,Low,0.8759
RSK004107,CUS-004107,0.2784,0.3802,0.2578,0.2885,Low,0.7081
RSK004108,CUS-004108,0.387,0.1306,0.01,0.1472,Low,0.8801
RSK004109,CUS-004109,0.4891,0.2678,0.575,0.4878,Medium,0.8011
RSK004110,CUS-004110,0.6113,0.2987,0.6721,0.5792,Medium,0.7203
RSK004111,CUS-004111,0.5094,0.486,0.2757,0.3879,Low,0.7891
RSK004112,CUS-004112,0.4239,0.3373,0.2703,0.3298,Low,0.8369
RSK004113,CUS-004113,0.6623,0.4602,0.6243,0.6029,Medium,0.8793
RSK004114,CUS-004114,0.5952,0.3466,0.5318,0.5138,Medium,0.9465
RSK004115,CUS-004115,0.3512,0.3601,0.01,0.1824,Low,0.8616
RSK004116,CUS-004116,0.43,0.1471,0.2647,0.2908,Low,0.8809
RSK004117,CUS-004117,0.8737,0.2026,0.6936,0.6494,Medium,0.7412
RSK004118,CUS-004118,0.2717,0.2967,0.7564,0.5191,Medium,0.852
RSK004119,CUS-004119,0.8238,0.1846,0.5705,0.5693,Medium,0.9425
RSK004120,CUS-004120,0.5491,0.2226,0.6408,0.5297,Medium,0.7121
RSK004121,CUS-004121,0.2394,0.4055,0.6451,0.4755,Medium,0.9095
RSK004122,CUS-004122,0.2515,0.1093,0.6809,0.4378,Medium,0.7502
RSK004123,CUS-004123,0.1729,0.3105,0.5719,0.3999,Low,0.7936
RSK004124,CUS-004124,0.5823,0.4602,0.0108,0.2721,Low,0.7137
RSK004125,CUS-004125,0.843,0.3655,0.3771,0.5145,Medium,0.8013
RSK004126,CUS-004126,0.3777,0.4141,0.2473,0.3198,Low,0.8938
RSK004127,CUS-004127,0.4177,0.3582,0.8687,0.6313,Medium,0.8151
RSK004128,CUS-004128,0.5635,0.4921,0.1251,0.33,Low,0.7814
RSK004129,CUS-004129,0.4392,0.2817,0.751,0.5636,Medium,0.8798
RSK004130,CUS-004130,0.7903,0.3606,0.2864,0.4524,Medium,0.9581
RSK004131,CUS-004131,0.6444,0.227,0.01,0.2437,Low,0.9426
RSK004132,CUS-004132,0.851,0.3734,0.1535,0.4067,Medium,0.9751
RSK004133,CUS-004133,0.6345,0.3209,0.7124,0.6107,Medium,0.9379
RSK004134,CUS-004134,0.3029,0.4268,0.3276,0.34,Low,0.8886
RSK004135,CUS-004135,0.3654,0.1096,0.0948,0.1789,Low,0.9229
RSK004136,CUS-004136,0.6509,0.2011,0.5012,0.4861,Medium,0.9636
RSK004137,CUS-004137,0.1613,0.2347,0.4634,0.327,Low,0.8106
RSK004138,CUS-004138,0.4003,0.4643,0.1583,0.2921,Low,0.7332
RSK004139,CUS-004139,0.2044,0.3754,0.2442,0.2585,Low,0.8652
RSK004140,CUS-004140,0.7664,0.1924,0.5322,0.5345,Medium,0.8487
RSK004141,CUS-004141,0.8459,0.2043,0.1811,0.3852,Low,0.7925
RSK004142,CUS-004142,0.6021,0.4664,0.1827,0.3653,Low,0.7722
RSK004143,CUS-004143,0.755,0.167,0.4569,0.4883,Medium,0.8005
RSK004144,CUS-004144,0.1524,0.4791,0.3001,0.2916,Low,0.798
RSK004145,CUS-004145,0.7923,0.2166,0.377,0.4695,Medium,0.7057
RSK004146,CUS-004146,0.2175,0.1125,0.6437,0.4096,Medium,0.8677
RSK004147,CUS-004147,0.6855,0.1742,0.5617,0.5213,Medium,0.8637
RSK004148,CUS-004148,0.6712,0.266,0.7619,0.6355,Medium,0.7342
RSK004149,CUS-004149,0.8131,0.2372,0.8215,0.7021,High,0.7476
RSK004150,CUS-004150,0.4813,0.3966,0.0263,0.2369,Low,0.749
RSK004151,CUS-004151,0.1185,0.3692,0.414,0.3164,Low,0.8599
RSK004152,CUS-004152,0.7871,0.2236,0.01,0.2858,Low,0.8247
RSK004153,CUS-004153,0.2563,0.4436,0.7021,0.5167,Medium,0.8321
RSK004154,CUS-004154,0.2062,0.322,0.0848,0.1687,Low,0.8477
RSK004155,CUS-004155,0.1761,0.3488,0.5473,0.3962,Low,0.7614
RSK004156,CUS-004156,0.4678,0.4054,0.7788,0.6108,Medium,0.7258
RSK004157,CUS-004157,0.3524,0.102,0.753,0.5026,Medium,0.7532
RSK004158,CUS-004158,0.802,0.2682,0.5827,0.5856,Medium,0.897
RSK004159,CUS-004159,0.2923,0.2236,0.8481,0.5565,Medium,0.7131
RSK004160,CUS-004160,0.403,0.4634,0.5428,0.485,Medium,0.9516
RSK004161,CUS-004161,0.8283,0.1119,0.7115,0.6266,Medium,0.9221
RSK004162,CUS-004162,0.6951,0.4373,0.129,0.3605,Low,0.8931
RSK004163,CUS-004163,0.7304,0.4621,0.3741,0.4986,Medium,0.8484
RSK004164,CUS-004164,0.7855,0.1059,0.3546,0.4341,Medium,0.8811
RSK004165,CUS-004165,0.8673,0.4871,0.01,0.3626,Low,0.9696
RSK004166,CUS-004166,0.6648,0.2275,0.4066,0.4482,Medium,0.7198
RSK004167,CUS-004167,0.2657,0.1074,0.1058,0.1541,Low,0.9098
RSK004168,CUS-004168,0.1647,0.3594,0.0989,0.1707,Low,0.7861
RSK004169,CUS-004169,0.4855,0.3067,0.6869,0.5504,Medium,0.9389
RSK004170,CUS-004170,0.7734,0.3604,0.4925,0.5504,Medium,0.7165
RSK004171,CUS-004171,0.4,0.3105,0.1892,0.2767,Low,0.7815
RSK004172,CUS-004172,0.2035,0.1733,0.7841,0.4878,Medium,0.8394
RSK004173,CUS-004173,0.8721,0.2931,0.1753,0.4079,Medium,0.8601
RSK004174,CUS-004174,0.2463,0.2593,0.1822,0.2168,Low,0.9695
RSK004175,CUS-004175,0.4205,0.4759,0.625,0.5338,Medium,0.733
RSK004176,CUS-004176,0.5196,0.3146,0.1881,0.3128,Low,0.7124
RSK004177,CUS-004177,0.3423,0.1522,0.098,0.1821,Low,0.8002
RSK004178,CUS-004178,0.3795,0.2977,0.0111,0.1789,Low,0.7095
RSK004179,CUS-004179,0.3592,0.4482,0.6047,0.4998,Medium,0.9717
RSK004180,CUS-004180,0.6046,0.3658,0.4532,0.4811,Medium,0.7183
RSK004181,CUS-004181,0.2759,0.3336,0.8302,0.5646,Medium,0.8812
RSK004182,CUS-004182,0.7928,0.2142,0.7207,0.641,Medium,0.9546
RSK004183,CUS-004183,0.6121,0.3332,0.7953,0.6479,Medium,0.7667
RSK004184,CUS-004184,0.4726,0.3378,0.5926,0.5056,Medium,0.9714
RSK004185,CUS-004185,0.8146,0.4644,0.4045,0.5395,Medium,0.8028
RSK004186,CUS-004186,0.1444,0.1159,0.4192,0.2761,Low,0.8498
RSK004187,CUS-004187,0.6794,0.1276,0.5834,0.521,Medium,0.9559
RSK004188,CUS-004188,0.3696,0.4359,0.5548,0.4755,Medium,0.7495
RSK004189,CUS-004189,0.8845,0.2031,0.8714,0.7417,High,0.7027
RSK004190,CUS-004190,0.8523,0.2194,0.313,0.4561,Medium,0.755
RSK004191,CUS-004191,0.6742,0.4541,0.3196,0.4529,Medium,0.8623
RSK004192,CUS-004192,0.3993,0.2811,0.6996,0.5258,Medium,0.9783
RSK004193,CUS-004193,0.4545,0.1914,0.286,0.3176,Low,0.7393
RSK004194,CUS-004194,0.4982,0.2693,0.2559,0.3313,Low,0.7934
RSK004195,CUS-004195,0.7707,0.4135,0.6894,0.6586,Medium,0.982
RSK004196,CUS-004196,0.3368,0.1307,0.2859,0.2701,Low,0.8792
RSK004197,CUS-004197,0.4295,0.4942,0.4613,0.4583,Medium,0.8153
RSK004198,CUS-004198,0.4164,0.4484,0.6077,0.5184,Medium,0.7079
RSK004199,CUS-004199,0.2186,0.38,0.1603,0.2217,Low,0.784
RSK004200,CUS-004200,0.857,0.193,0.692,0.6417,Medium,0.792
RSK004201,CUS-004201,0.8993,0.2093,0.2918,0.4576,Medium,0.8614
RSK004202,CUS-004202,0.136,0.1843,0.659,0.4072,Medium,0.8469
RSK004203,CUS-004203,0.6682,0.1111,0.7469,0.5961,Medium,0.9542
RSK004204,CUS-004204,0.3517,0.2054,0.0185,0.1558,Low,0.7254
RSK004205,CUS-004205,0.5031,0.201,0.3167,0.3495,Low,0.8382
RSK004206,CUS-004206,0.4589,0.2896,0.4263,0.4087,Medium,0.9418
RSK004207,CUS-004207,0.8242,0.4023,0.254,0.4547,Medium,0.722
RSK004208,CUS-004208,0.3551,0.2743,0.5933,0.458,Medium,0.8462
RSK004209,CUS-004209,0.4426,0.2644,0.0225,0.1969,Low,0.9748
RSK004210,CUS-004210,0.2138,0.3081,0.5317,0.3916,Low,0.8134
RSK004211,CUS-004211,0.2024,0.2548,0.1613,0.1923,Low,0.9561
RSK004212,CUS-004212,0.3972,0.2126,0.5423,0.4328,Medium,0.9247
RSK004213,CUS-004213,0.1399,0.1751,0.579,0.3665,Low,0.8099
RSK004214,CUS-004214,0.4838,0.3288,0.4645,0.4431,Medium,0.7549
RSK004215,CUS-004215,0.6872,0.3229,0.2762,0.4088,Medium,0.8607
RSK004216,CUS-004216,0.4434,0.3332,0.2182,0.3088,Low,0.8223
RSK004217,CUS-004217,0.3299,0.3796,0.3991,0.3744,Low,0.7012
RSK004218,CUS-004218,0.2496,0.2672,0.8135,0.5351,Medium,0.9464
RSK004219,CUS-004219,0.1428,0.1683,0.885,0.519,Medium,0.7084
RSK004220,CUS-004220,0.7712,0.3559,0.473,0.539,Medium,0.7538
RSK004221,CUS-004221,0.3135,0.422,0.1553,0.2561,Low,0.9544
RSK004222,CUS-004222,0.8874,0.1304,0.1615,0.373,Low,0.8898
RSK004223,CUS-004223,0.38,0.3046,0.7927,0.5713,Medium,0.7518
RSK004224,CUS-004224,0.8213,0.1256,0.4505,0.4968,Medium,0.8097
RSK004225,CUS-004225,0.767,0.3955,0.5823,0.6003,Medium,0.7998
RSK004226,CUS-004226,0.2554,0.1411,0.5247,0.3672,Low,0.7704
RSK004227,CUS-004227,0.8501,0.1481,0.6712,0.6202,Medium,0.9373
RSK004228,CUS-004228,0.2361,0.1605,0.3989,0.3024,Low,0.7472
RSK004229,CUS-004229,0.8362,0.2593,0.3159,0.4607,Medium,0.834
RSK004230,CUS-004230,0.3626,0.4387,0.3783,0.3857,Low,0.7997
RSK004231,CUS-004231,0.3719,0.3241,0.0658,0.2093,Low,0.7299
RSK004232,CUS-004232,0.6364,0.4953,0.1264,0.3532,Low,0.7046
RSK004233,CUS-004233,0.4464,0.1021,0.5428,0.4257,Medium,0.7457
RSK004234,CUS-004234,0.2301,0.2792,0.4863,0.368,Low,0.7037
RSK004235,CUS-004235,0.5774,0.2763,0.4972,0.4771,Medium,0.7471
RSK004236,CUS-004236,0.6939,0.1309,0.5534,0.5111,Medium,0.8113
RSK004237,CUS-004237,0.562,0.3285,0.2427,0.3557,Low,0.7262
RSK004238,CUS-004238,0.3785,0.1076,0.667,0.4686,Medium,0.9315
RSK004239,CUS-004239,0.1786,0.3365,0.2421,0.2419,Low,0.8011
RSK004240,CUS-004240,0.3625,0.1544,0.64,0.4596,Medium,0.8397
RSK004241,CUS-004241,0.7795,0.2684,0.2072,0.3911,Low,0.9294
RSK004242,CUS-004242,0.355,0.3808,0.1117,0.2385,Low,0.9623
RSK004243,CUS-004243,0.8649,0.2997,0.01,0.3244,Low,0.7888
RSK004244,CUS-004244,0.6539,0.458,0.0848,0.3302,Low,0.8976
RSK004245,CUS-004245,0.8706,0.2257,0.5373,0.575,Medium,0.8028
RSK004246,CUS-004246,0.7329,0.4932,0.5583,0.5977,Medium,0.8349
RSK004247,CUS-004247,0.277,0.3482,0.2819,0.2937,Low,0.8588
RSK004248,CUS-004248,0.7502,0.2245,0.2448,0.3924,Low,0.7627
RSK004249,CUS-004249,0.3301,0.2347,0.128,0.21,Low,0.7192
RSK004250,CUS-004250,0.5422,0.3864,0.2245,0.3522,Low,0.8082
RSK004251,CUS-004251,0.438,0.1784,0.6362,0.4852,Medium,0.9172
RSK004252,CUS-004252,0.1218,0.4882,0.4737,0.371,Low,0.8355
RSK004253,CUS-004253,0.8101,0.3112,0.7222,0.6664,Medium,0.7082
RSK004254,CUS-004254,0.6091,0.3075,0.4565,0.4725,Medium,0.8032
RSK004255,CUS-004255,0.8252,0.3387,0.2981,0.4644,Medium,0.8472
RSK004256,CUS-004256,0.2949,0.4134,0.0815,0.2119,Low,0.8283
RSK004257,CUS-004257,0.5881,0.4212,0.55,0.5357,Medium,0.9349
RSK004258,CUS-004258,0.862,0.292,0.7347,0.6844,Medium,0.9123
RSK004259,CUS-004259,0.2562,0.2735,0.2876,0.2754,Low,0.8401
RSK004260,CUS-004260,0.1802,0.2522,0.4885,0.3487,Low,0.8492
RSK004261,CUS-004261,0.7202,0.3997,0.0304,0.3112,Low,0.8643
RSK004262,CUS-004262,0.2921,0.1155,0.6392,0.4303,Medium,0.81
RSK004263,CUS-004263,0.24,0.3828,0.2404,0.2688,Low,0.7491
RSK004264,CUS-004264,0.1118,0.2302,0.7873,0.4732,Medium,0.7101
RSK004265,CUS-004265,0.1384,0.3461,0.1463,0.1839,Low,0.7357
RSK004266,CUS-004266,0.2188,0.2988,0.4373,0.344,Low,0.8326
RSK004267,CUS-004267,0.6236,0.4419,0.1665,0.3587,Low,0.8876
RSK004268,CUS-004268,0.5864,0.4381,0.0856,0.3063,Low,0.9662
RSK004269,CUS-004269,0.8449,0.3274,0.701,0.6694,Medium,0.9872
RSK004270,CUS-004270,0.4089,0.203,0.2295,0.278,Low,0.8735
RSK004271,CUS-004271,0.4777,0.4013,0.1419,0.2945,Low,0.9002
RSK004272,CUS-004272,0.1954,0.288,0.0223,0.1274,Low,0.8047
RSK004273,CUS-004273,0.8467,0.482,0.01,0.3554,Low,0.7148
RSK004274,CUS-004274,0.7129,0.1317,0.0825,0.2815,Low,0.977
RSK004275,CUS-004275,0.6384,0.3147,0.3937,0.4513,Medium,0.75
RSK004276,CUS-004276,0.7964,0.1461,0.6522,0.5942,Medium,0.9895
RSK004277,CUS-004277,0.3025,0.4688,0.0778,0.2234,Low,0.7357
RSK004278,CUS-004278,0.8628,0.347,0.439,0.5477,Medium,0.7975
RSK004279,CUS-004279,0.1731,0.4557,0.5684,0.4273,Medium,0.8482
RSK004280,CUS-004280,0.503,0.1844,0.1667,0.2711,Low,0.9367
RSK004281,CUS-004281,0.1596,0.4297,0.1094,0.1885,Low,0.7318
RSK004282,CUS-004282,0.2624,0.3365,0.3681,0.3301,Low,0.8458
RSK004283,CUS-004283,0.7707,0.1337,0.3646,0.4402,Medium,0.8272
RSK004284,CUS-004284,0.2801,0.4068,0.6618,0.4963,Medium,0.8773
RSK004285,CUS-004285,0.5452,0.4205,0.1189,0.3071,Low,0.8631
RSK004286,CUS-004286,0.4961,0.4251,0.0342,0.251,Low,0.946
RSK004287,CUS-004287,0.8952,0.1726,0.1536,0.3799,Low,0.7506
RSK004288,CUS-004288,0.3784,0.4048,0.8716,0.6303,Medium,0.7173
RSK004289,CUS-004289,0.5198,0.1831,0.5858,0.4855,Medium,0.8339
RSK004290,CUS-004290,0.1776,0.3544,0.7215,0.4849,Medium,0.7451
RSK004291,CUS-004291,0.4206,0.2407,0.2882,0.3184,Low,0.9194
RSK004292,CUS-004292,0.8375,0.39,0.3745,0.5165,Medium,0.9235
RSK004293,CUS-004293,0.5938,0.2247,0.3384,0.3923,Low,0.8017
RSK004294,CUS-004294,0.4249,0.1571,0.3842,0.351,Low,0.8332
RSK004295,CUS-004295,0.6193,0.493,0.01,0.2894,Low,0.8091
RSK004296,CUS-004296,0.3712,0.1394,0.1625,0.2205,Low,0.7518
RSK004297,CUS-004297,0.3196,0.4707,0.5992,0.4896,Medium,0.7526
RSK004298,CUS-004298,0.6065,0.1279,0.01,0.2125,Low,0.7869
RSK004299,CUS-004299,0.2254,0.3372,0.5321,0.4011,Medium,0.8131
RSK004300,CUS-004300,0.7394,0.4468,0.2562,0.4393,Medium,0.9377
RSK004301,CUS-004301,0.5018,0.3141,0.4033,0.415,Medium,0.7908
RSK004302,CUS-004302,0.2848,0.3984,0.2892,0.3097,Low,0.753
RSK004303,CUS-004303,0.3968,0.2314,0.6462,0.4884,Medium,0.8086
RSK004304,CUS-004304,0.2887,0.2608,0.6211,0.4493,Medium,0.7974
RSK004305,CUS-004305,0.5606,0.3242,0.172,0.319,Low,0.8156
RSK004306,CUS-004306,0.2727,0.2139,0.01,0.1296,Low,0.9556
RSK004307,CUS-004307,0.4336,0.4658,0.1341,0.2903,Low,0.7286
RSK004308,CUS-004308,0.7039,0.2111,0.3655,0.4361,Medium,0.9081
RSK004309,CUS-004309,0.6738,0.1717,0.4865,0.4797,Medium,0.7322
RSK004310,CUS-004310,0.1408,0.1018,0.3827,0.254,Low,0.9558
RSK004311,CUS-004311,0.8628,0.3048,0.7246,0.6821,Medium,0.7405
RSK004312,CUS-004312,0.7103,0.3428,0.51,0.5366,Medium,0.71
RSK004313,CUS-004313,0.6646,0.3337,0.6599,0.5961,Medium,0.713
RSK004314,CUS-004314,0.8097,0.2671,0.1835,0.3881,Low,0.8422
RSK004315,CUS-004315,0.7017,0.3893,0.5201,0.5484,Medium,0.7846
RSK004316,CUS-004316,0.7674,0.122,0.2589,0.3841,Low,0.7109
RSK004317,CUS-004317,0.1301,0.1286,0.6591,0.3943,Low,0.7888
RSK004318,CUS-004318,0.1431,0.4632,0.7806,0.5259,Medium,0.9525
RSK004319,CUS-004319,0.1844,0.3236,0.5476,0.3938,Low,0.8743
RSK004320,CUS-004320,0.5252,0.2223,0.5069,0.4555,Medium,0.971
RSK004321,CUS-004321,0.2168,0.3527,0.4379,0.3545,Low,0.7947
RSK004322,CUS-004322,0.3463,0.3503,0.6041,0.476,Medium,0.7507
RSK004323,CUS-004323,0.4906,0.3619,0.1747,0.3069,Low,0.8576
RSK004324,CUS-004324,0.8708,0.2836,0.2347,0.4353,Medium,0.7934
RSK004325,CUS-004325,0.6478,0.205,0.4714,0.471,Medium,0.9781
RSK004326,CUS-004326,0.6884,0.448,0.6375,0.6149,Medium,0.7454
RSK004327,CUS-004327,0.8703,0.4411,0.093,0.3958,Low,0.9545
RSK004328,CUS-004328,0.5272,0.3153,0.39,0.4162,Medium,0.8631
RSK004329,CUS-004329,0.7445,0.2093,0.01,0.2702,Low,0.8048
RSK004330,CUS-004330,0.8926,0.2588,0.7059,0.6725,Medium,0.8942
RSK004331,CUS-004331,0.7622,0.2545,0.7879,0.6735,Medium,0.8011
RSK004332,CUS-004332,0.3064,0.4963,0.4344,0.4084,Medium,0.9351
RSK004333,CUS-004333,0.1124,0.2752,0.682,0.4298,Medium,0.8652
RSK004334,CUS-004334,0.3065,0.3881,0.7021,0.5206,Medium,0.9725
RSK004335,CUS-004335,0.5294,0.2403,0.3129,0.3633,Low,0.94
RSK004336,CUS-004336,0.2095,0.4942,0.3134,0.3184,Low,0.7051
RSK004337,CUS-004337,0.626,0.2206,0.01,0.2369,Low,0.9493
RSK004338,CUS-004338,0.3159,0.2281,0.2935,0.2871,Low,0.9569
RSK004339,CUS-004339,0.1418,0.3315,0.2525,0.2351,Low,0.9898
RSK004340,CUS-004340,0.6431,0.3981,0.096,0.3206,Low,0.8491
RSK004341,CUS-004341,0.8502,0.203,0.6439,0.6176,Medium,0.8099
RSK004342,CUS-004342,0.8749,0.1371,0.2016,0.3907,Low,0.905
RSK004343,CUS-004343,0.1962,0.3467,0.6343,0.4454,Medium,0.8961
RSK004344,CUS-004344,0.6072,0.1343,0.3585,0.3883,Low,0.7411
RSK004345,CUS-004345,0.4718,0.354,0.358,0.3913,Low,0.7464
RSK004346,CUS-004346,0.1177,0.3514,0.0974,0.1543,Low,0.8343
RSK004347,CUS-004347,0.8511,0.4993,0.2955,0.5029,Medium,0.8594
RSK004348,CUS-004348,0.7921,0.1115,0.2553,0.3876,Low,0.8835
RSK004349,CUS-004349,0.2123,0.155,0.6783,0.4338,Medium,0.7216
RSK004350,CUS-004350,0.4716,0.2759,0.5304,0.4619,Medium,0.8519
RSK004351,CUS-004351,0.1138,0.1692,0.1385,0.1372,Low,0.8012
RSK004352,CUS-004352,0.6681,0.1132,0.01,0.2281,Low,0.8051
RSK004353,CUS-004353,0.4442,0.4621,0.1527,0.302,Low,0.7192
RSK004354,CUS-004354,0.871,0.4175,0.3511,0.5203,Medium,0.7354
RSK004355,CUS-004355,0.1679,0.3166,0.01,0.1187,Low,0.9136
RSK004356,CUS-004356,0.4942,0.4878,0.234,0.3628,Low,0.938
RSK004357,CUS-004357,0.7558,0.3999,0.1801,0.3968,Low,0.9877
RSK004358,CUS-004358,0.8833,0.285,0.7367,0.6903,Medium,0.9127
RSK004359,CUS-004359,0.6592,0.108,0.0292,0.234,Low,0.8507
RSK004360,CUS-004360,0.6669,0.1156,0.5216,0.484,Medium,0.9624
RSK004361,CUS-004361,0.3027,0.1729,0.4154,0.3331,Low,0.7707
RSK004362,CUS-004362,0.7299,0.4411,0.6871,0.6507,Medium,0.9131
RSK004363,CUS-004363,0.3124,0.3821,0.2907,0.3155,Low,0.7396
RSK004364,CUS-004364,0.5038,0.2176,0.3302,0.3598,Low,0.7155
RSK004365,CUS-004365,0.2289,0.2537,0.3334,0.2861,Low,0.8049
RSK004366,CUS-004366,0.7837,0.1587,0.1194,0.3266,Low,0.8036
RSK004367,CUS-004367,0.2024,0.3646,0.2864,0.2768,Low,0.8896
RSK004368,CUS-004368,0.6964,0.1468,0.5581,0.5173,Medium,0.9677
RSK004369,CUS-004369,0.2685,0.1067,0.1192,0.1615,Low,0.9716
RSK004370,CUS-004370,0.3093,0.1978,0.4869,0.3758,Low,0.913
RSK004371,CUS-004371,0.6393,0.2151,0.1309,0.3003,Low,0.8586
RSK004372,CUS-004372,0.1962,0.3415,0.5327,0.3935,Low,0.7112
RSK004373,CUS-004373,0.2195,0.2709,0.1205,0.1803,Low,0.9227
RSK004374,CUS-004374,0.3038,0.1341,0.1142,0.1751,Low,0.7837
RSK004375,CUS-004375,0.7191,0.2031,0.4222,0.4674,Medium,0.949
RSK004376,CUS-004376,0.4582,0.2165,0.5918,0.4767,Medium,0.9222
RSK004377,CUS-004377,0.8709,0.4439,0.5498,0.625,Medium,0.8516
RSK004378,CUS-004378,0.5738,0.4811,0.3353,0.436,Medium,0.7234
RSK004379,CUS-004379,0.8894,0.2339,0.2719,0.4495,Medium,0.8031
RSK004380,CUS-004380,0.212,0.2071,0.674,0.442,Medium,0.7856
RSK004381,CUS-004381,0.5472,0.4793,0.4844,0.5022,Medium,0.7717
RSK004382,CUS-004382,0.1928,0.4242,0.2119,0.2486,Low,0.7263
RSK004383,CUS-004383,0.6515,0.2107,0.252,0.3636,Low,0.8663
RSK004384,CUS-004384,0.7434,0.3752,0.2183,0.4072,Medium,0.7796
RSK004385,CUS-004385,0.7078,0.1569,0.704,0.5957,Medium,0.7507
RSK004386,CUS-004386,0.5338,0.3,0.7967,0.6185,Medium,0.7916
RSK004387,CUS-004387,0.2454,0.1806,0.511,0.3652,Low,0.8934
RSK004388,CUS-004388,0.8462,0.1231,0.0746,0.3158,Low,0.7344
RSK004389,CUS-004389,0.3967,0.3219,0.4767,0.4217,Medium,0.7083
RSK004390,CUS-004390,0.5131,0.3103,0.379,0.4055,Medium,0.9184
RSK004391,CUS-004391,0.5237,0.4962,0.391,0.4518,Medium,0.9296
RSK004392,CUS-004392,0.5227,0.2379,0.2209,0.3148,Low,0.9274
RSK004393,CUS-004393,0.6585,0.1579,0.5556,0.5069,Medium,0.9621
RSK004394,CUS-004394,0.3511,0.3552,0.2039,0.2783,Low,0.8383
RSK004395,CUS-004395,0.2295,0.4014,0.6561,0.4772,Medium,0.932
RSK004396,CUS-004396,0.5279,0.4681,0.0484,0.2762,Low,0.9323
RSK004397,CUS-004397,0.4945,0.1166,0.2469,0.2951,Low,0.7575
RSK004398,CUS-004398,0.5854,0.3207,0.2648,0.3722,Low,0.8272
RSK004399,CUS-004399,0.8272,0.408,0.656,0.6578,Medium,0.7348
RSK004400,CUS-004400,0.5728,0.2758,0.4367,0.4453,Medium,0.7825
RSK004401,CUS-004401,0.2566,0.3355,0.4841,0.3861,Low,0.8477
RSK004402,CUS-004402,0.4687,0.3721,0.1737,0.3019,Low,0.9793
RSK004403,CUS-004403,0.4594,0.3895,0.4805,0.456,Medium,0.9788
RSK004404,CUS-004404,0.4715,0.1159,0.4333,0.3813,Low,0.9593
RSK004405,CUS-004405,0.8969,0.239,0.4958,0.5648,Medium,0.7396
RSK004406,CUS-004406,0.1704,0.241,0.5535,0.3761,Low,0.894
RSK004407,CUS-004407,0.5517,0.3544,0.0467,0.2597,Low,0.7205
RSK004408,CUS-004408,0.6885,0.2424,0.5631,0.5366,Medium,0.702
RSK004409,CUS-004409,0.5412,0.3223,0.8021,0.6279,Medium,0.9093
RSK004410,CUS-004410,0.6609,0.3056,0.161,0.3399,Low,0.7409
RSK004411,CUS-004411,0.8998,0.1508,0.5072,0.5537,Medium,0.93
RSK004412,CUS-004412,0.7137,0.2035,0.0619,0.2858,Low,0.701
RSK004413,CUS-004413,0.1858,0.2184,0.6772,0.438,Medium,0.8631
RSK004414,CUS-004414,0.8847,0.1049,0.3447,0.4587,Medium,0.8414
RSK004415,CUS-004415,0.5201,0.3693,0.3551,0.4074,Medium,0.8951
RSK004416,CUS-004416,0.8446,0.1494,0.7902,0.6784,Medium,0.8208
RSK004417,CUS-004417,0.5027,0.1827,0.3176,0.3462,Low,0.9713
RSK004418,CUS-004418,0.1372,0.151,0.5402,0.3415,Low,0.8285
RSK004419,CUS-004419,0.6859,0.2694,0.1116,0.3154,Low,0.7117
RSK004420,CUS-004420,0.1571,0.1684,0.3086,0.2351,Low,0.8381
RSK004421,CUS-004421,0.4099,0.3653,0.4932,0.4426,Medium,0.9043
RSK004422,CUS-004422,0.7445,0.3628,0.3032,0.4475,Medium,0.9419
RSK004423,CUS-004423,0.3476,0.2321,0.2224,0.2619,Low,0.7272
RSK004424,CUS-004424,0.5718,0.2914,0.2652,0.3624,Low,0.8575
RSK004425,CUS-004425,0.6467,0.2046,0.7128,0.5913,Medium,0.7313
RSK004426,CUS-004426,0.1235,0.2642,0.488,0.3339,Low,0.7078
RSK004427,CUS-004427,0.352,0.327,0.8582,0.6001,Medium,0.7863
RSK004428,CUS-004428,0.3953,0.1843,0.1018,0.2063,Low,0.74
RSK004429,CUS-004429,0.2856,0.4679,0.1807,0.2696,Low,0.8131
RSK004430,CUS-004430,0.7667,0.3552,0.4368,0.5194,Medium,0.9577
RSK004431,CUS-004431,0.3792,0.2589,0.1253,0.2282,Low,0.7697
RSK004432,CUS-004432,0.3841,0.1039,0.0549,0.1635,Low,0.8724
RSK004433,CUS-004433,0.6894,0.2526,0.2231,0.3689,Low,0.7904
RSK004434,CUS-004434,0.3019,0.4933,0.0528,0.2156,Low,0.8124
RSK004435,CUS-004435,0.4378,0.3144,0.3265,0.3575,Low,0.7695
RSK004436,CUS-004436,0.538,0.368,0.3895,0.4298,Medium,0.8781
RSK004437,CUS-004437,0.1629,0.1821,0.0869,0.1287,Low,0.9859
RSK004438,CUS-004438,0.3177,0.3295,0.2446,0.2835,Low,0.8609
RSK004439,CUS-004439,0.4152,0.3709,0.3879,0.3927,Low,0.9286
RSK004440,CUS-004440,0.5144,0.3931,0.6579,0.5619,Medium,0.9114
RSK004441,CUS-004441,0.6336,0.1349,0.3123,0.3732,Low,0.9846
RSK004442,CUS-004442,0.8636,0.1746,0.6079,0.5979,Medium,0.7493
RSK004443,CUS-004443,0.1758,0.1907,0.1066,0.1442,Low,0.9576
RSK004444,CUS-004444,0.4161,0.2048,0.6148,0.4732,Medium,0.7418
RSK004445,CUS-004445,0.1918,0.1795,0.0265,0.1067,Low,0.8181
RSK004446,CUS-004446,0.3222,0.4135,0.301,0.3299,Low,0.8211
RSK004447,CUS-004447,0.4515,0.124,0.7097,0.5151,Medium,0.7504
RSK004448,CUS-004448,0.486,0.3393,0.2138,0.3206,Low,0.9287
RSK004449,CUS-004449,0.1971,0.4747,0.6077,0.4579,Medium,0.8674
RSK004450,CUS-004450,0.6805,0.1116,0.67,0.5615,Medium,0.9104
RSK004451,CUS-004451,0.2491,0.101,0.01,0.0999,Low,0.7316
RSK004452,CUS-004452,0.4407,0.3014,0.2154,0.3002,Low,0.9629
RSK004453,CUS-004453,0.3314,0.3689,0.3491,0.3478,Low,0.7325
RSK004454,CUS-004454,0.1044,0.1609,0.7138,0.4204,Medium,0.9447
RSK004455,CUS-004455,0.197,0.3774,0.6256,0.4474,Medium,0.988
RSK004456,CUS-004456,0.247,0.3151,0.2524,0.2633,Low,0.9075
RSK004457,CUS-004457,0.889,0.1792,0.2846,0.4448,Medium,0.7501
RSK004458,CUS-004458,0.366,0.3195,0.0709,0.2092,Low,0.8106
RSK004459,CUS-004459,0.2034,0.2617,0.6533,0.44,Medium,0.7009
RSK004460,CUS-004460,0.7184,0.1594,0.0877,0.2913,Low,0.8209
RSK004461,CUS-004461,0.3511,0.3669,0.1716,0.2645,Low,0.7544
RSK004462,CUS-004462,0.7,0.421,0.01,0.2992,Low,0.8086
RSK004463,CUS-004463,0.8884,0.3902,0.6082,0.6487,Medium,0.8305
RSK004464,CUS-004464,0.6364,0.4828,0.4979,0.5364,Medium,0.731
RSK004465,CUS-004465,0.7337,0.2482,0.1271,0.3333,Low,0.9065
RSK004466,CUS-004466,0.8366,0.194,0.083,0.3313,Low,0.9837
RSK004467,CUS-004467,0.4308,0.4708,0.0232,0.235,Low,0.7227
RSK004468,CUS-004468,0.1268,0.4011,0.4817,0.3591,Low,0.8047
RSK004469,CUS-004469,0.5355,0.4496,0.6157,0.5584,Medium,0.896
RSK004470,CUS-004470,0.7001,0.4749,0.4925,0.5513,Medium,0.9042
RSK004471,CUS-004471,0.8132,0.417,0.3395,0.4971,Medium,0.7224
RSK004472,CUS-004472,0.1829,0.326,0.2481,0.2441,Low,0.7558
RSK004473,CUS-004473,0.2203,0.1328,0.1892,0.1872,Low,0.8423
RSK004474,CUS-004474,0.1024,0.4375,0.7113,0.4739,Medium,0.8511
RSK004475,CUS-004475,0.1818,0.35,0.01,0.1295,Low,0.905
RSK004476,CUS-004476,0.4256,0.1935,0.4047,0.3687,Low,0.8008
RSK004477,CUS-004477,0.8706,0.1576,0.4351,0.5102,Medium,0.8972
RSK004478,CUS-004478,0.6068,0.4104,0.5576,0.5429,Medium,0.9836
RSK004479,CUS-004479,0.2803,0.4046,0.1164,0.2232,Low,0.8528
RSK004480,CUS-004480,0.8319,0.4022,0.558,0.609,Medium,0.8307
RSK004481,CUS-004481,0.1047,0.1449,0.0745,0.0976,Low,0.8607
RSK004482,CUS-004482,0.8165,0.1963,0.5825,0.5755,Medium,0.9214
RSK004483,CUS-004483,0.7294,0.326,0.3501,0.4591,Medium,0.8842
RSK004484,CUS-004484,0.3406,0.2973,0.7674,0.5453,Medium,0.7644
RSK004485,CUS-004485,0.1983,0.1754,0.2379,0.2135,Low,0.9371
RSK004486,CUS-004486,0.1452,0.3367,0.8191,0.5204,Medium,0.9243
RSK004487,CUS-004487,0.3313,0.3798,0.5543,0.4525,Medium,0.7739
RSK004488,CUS-004488,0.469,0.3499,0.3255,0.3734,Low,0.7208
RSK004489,CUS-004489,0.2548,0.4038,0.2351,0.2747,Low,0.7909
RSK004490,CUS-004490,0.7899,0.2388,0.22,0.3947,Low,0.9462
RSK004491,CUS-004491,0.2256,0.4119,0.1264,0.2133,Low,0.8132
RSK004492,CUS-004492,0.6548,0.3002,0.1291,0.321,Low,0.7565
RSK004493,CUS-004493,0.3963,0.2277,0.0105,0.1697,Low,0.9779
RSK004494,CUS-004494,0.4651,0.119,0.7835,0.5551,Medium,0.9114
RSK004495,CUS-004495,0.7398,0.1619,0.6667,0.5877,Medium,0.7944
RSK004496,CUS-004496,0.7319,0.1923,0.529,0.5225,Medium,0.7597
RSK004497,CUS-004497,0.5281,0.1054,0.5988,0.4789,Medium,0.9263
RSK004498,CUS-004498,0.1297,0.3098,0.1273,0.1645,Low,0.9361
RSK004499,CUS-004499,0.8095,0.1567,0.6041,0.5762,Medium,0.8432
RSK004500,CUS-004500,0.7495,0.4901,0.7358,0.6908,Medium,0.9649
RSK004501,CUS-004501,0.7581,0.4471,0.8513,0.7425,High,0.9653
RSK004502,CUS-004502,0.1168,0.1094,0.3517,0.2328,Low,0.8863
RSK004503,CUS-004503,0.2051,0.4902,0.5294,0.4243,Medium,0.7377
RSK004504,CUS-004504,0.1069,0.3671,0.4328,0.3219,Low,0.8561
RSK004505,CUS-004505,0.2929,0.4444,0.4656,0.4096,Medium,0.9508
RSK004506,CUS-004506,0.23,0.2901,0.1068,0.1804,Low,0.7754
RSK004507,CUS-004507,0.4753,0.1451,0.7141,0.5287,Medium,0.9739
RSK004508,CUS-004508,0.7497,0.4712,0.2024,0.4204,Medium,0.7762
RSK004509,CUS-004509,0.7658,0.17,0.6499,0.5887,Medium,0.926
RSK004510,CUS-004510,0.4467,0.2467,0.2573,0.312,Low,0.7247
RSK004511,CUS-004511,0.8186,0.4332,0.5345,0.5995,Medium,0.7093
RSK004512,CUS-004512,0.8515,0.1223,0.7586,0.6592,Medium,0.9034
RSK004513,CUS-004513,0.6141,0.4241,0.4803,0.5092,Medium,0.7797
RSK004514,CUS-004514,0.5139,0.341,0.2629,0.3538,Low,0.7052
RSK004515,CUS-004515,0.5193,0.1285,0.8068,0.5849,Medium,0.8427
RSK004516,CUS-004516,0.5141,0.3872,0.2022,0.3328,Low,0.7498
RSK004517,CUS-004517,0.5191,0.3368,0.3636,0.4049,Medium,0.7353
RSK004518,CUS-004518,0.5691,0.1758,0.6729,0.5423,Medium,0.7798
RSK004519,CUS-004519,0.418,0.4715,0.1876,0.3135,Low,0.9392
RSK004520,CUS-004520,0.6326,0.4601,0.6151,0.5894,Medium,0.8588
RSK004521,CUS-004521,0.1435,0.3513,0.4287,0.3277,Low,0.8208
RSK004522,CUS-004522,0.2362,0.2126,0.1643,0.1955,Low,0.7793
RSK004523,CUS-004523,0.5105,0.3292,0.7161,0.577,Medium,0.8923
RSK004524,CUS-004524,0.831,0.282,0.7742,0.6928,Medium,0.7309
RSK004525,CUS-004525,0.702,0.2044,0.6876,0.5953,Medium,0.9362
RSK004526,CUS-004526,0.3406,0.3391,0.1357,0.2379,Low,0.9351
RSK004527,CUS-004527,0.6167,0.2593,0.839,0.6564,Medium,0.8467
RSK004528,CUS-004528,0.5765,0.1241,0.474,0.4348,Medium,0.7509
RSK004529,CUS-004529,0.3968,0.3889,0.5999,0.4968,Medium,0.7752
RSK004530,CUS-004530,0.1091,0.1152,0.6654,0.3885,Low,0.949
RSK004531,CUS-004531,0.1163,0.4396,0.3414,0.2935,Low,0.9019
RSK004532,CUS-004532,0.4014,0.4382,0.259,0.3376,Low,0.9069
RSK004533,CUS-004533,0.2475,0.485,0.1699,0.2562,Low,0.8318
RSK004534,CUS-004534,0.7115,0.1477,0.1528,0.3194,Low,0.7122
RSK004535,CUS-004535,0.359,0.3864,0.4454,0.4077,Medium,0.8438
RSK004536,CUS-004536,0.1533,0.462,0.01,0.1434,Low,0.894
RSK004537,CUS-004537,0.8501,0.4087,0.1686,0.4211,Medium,0.9217
RSK004538,CUS-004538,0.4157,0.2923,0.0861,0.2262,Low,0.9254
RSK004539,CUS-004539,0.2745,0.4276,0.2069,0.2713,Low,0.8877
RSK004540,CUS-004540,0.8978,0.2314,0.6191,0.6252,Medium,0.7338
RSK004541,CUS-004541,0.2496,0.4432,0.7196,0.5233,Medium,0.7453
RSK004542,CUS-004542,0.8253,0.2025,0.0272,0.3017,Low,0.8773
RSK004543,CUS-004543,0.1686,0.3318,0.6502,0.442,Medium,0.8003
RSK004544,CUS-004544,0.324,0.1709,0.0546,0.1587,Low,0.8635
RSK004545,CUS-004545,0.6428,0.1298,0.6485,0.5431,Medium,0.9155
RSK004546,CUS-004546,0.8982,0.1696,0.7336,0.6702,Medium,0.7757
RSK004547,CUS-004547,0.494,0.3251,0.1065,0.2665,Low,0.7857
RSK004548,CUS-004548,0.614,0.4727,0.1648,0.3611,Low,0.8677
RSK004549,CUS-004549,0.2648,0.1568,0.4856,0.3536,Low,0.7471
RSK004550,CUS-004550,0.3447,0.1996,0.0389,0.1628,Low,0.7164
RSK004551,CUS-004551,0.6979,0.4766,0.7761,0.6927,Medium,0.8229
RSK004552,CUS-004552,0.8051,0.4966,0.3157,0.4987,Medium,0.9705
RSK004553,CUS-004553,0.594,0.1388,0.2339,0.3229,Low,0.7403
RSK004554,CUS-004554,0.5734,0.2334,0.6196,0.5285,Medium,0.8312
RSK004555,CUS-004555,0.6256,0.1398,0.7861,0.6087,Medium,0.9277
RSK004556,CUS-004556,0.5423,0.3012,0.28,0.3629,Low,0.7156
RSK004557,CUS-004557,0.2383,0.3723,0.2142,0.253,Low,0.9016
RSK004558,CUS-004558,0.4652,0.1722,0.6885,0.5182,Medium,0.8907
RSK004559,CUS-004559,0.7979,0.4418,0.2567,0.4561,Medium,0.9425
RSK004560,CUS-004560,0.7758,0.4986,0.5455,0.6052,Medium,0.9777
RSK004561,CUS-004561,0.334,0.2979,0.4334,0.3765,Low,0.9336
RSK004562,CUS-004562,0.4039,0.1988,0.2792,0.3005,Low,0.707
RSK004563,CUS-004563,0.8113,0.2905,0.3581,0.4805,Medium,0.969
RSK004564,CUS-004564,0.271,0.1752,0.6409,0.4368,Medium,0.9765
RSK004565,CUS-004565,0.3148,0.1821,0.0482,0.155,Low,0.7427
RSK004566,CUS-004566,0.4631,0.1758,0.2554,0.3018,Low,0.7805
RSK004567,CUS-004567,0.8914,0.1736,0.5722,0.5882,Medium,0.799
RSK004568,CUS-004568,0.2754,0.4606,0.4847,0.4171,Medium,0.9444
RSK004569,CUS-004569,0.3486,0.1591,0.6392,0.456,Medium,0.8804
RSK004570,CUS-004570,0.7844,0.3479,0.3396,0.4747,Medium,0.7752
RSK004571,CUS-004571,0.5731,0.3347,0.4311,0.4544,Medium,0.9524
RSK004572,CUS-004572,0.5392,0.3608,0.1827,0.3253,Low,0.9249
RSK004573,CUS-004573,0.2353,0.3046,0.6868,0.4749,Medium,0.9429
RSK004574,CUS-004574,0.4247,0.4612,0.6616,0.5504,Medium,0.8818
RSK004575,CUS-004575,0.8392,0.2428,0.01,0.3053,Low,0.8804
RSK004576,CUS-004576,0.8826,0.415,0.7124,0.704,High,0.8786
RSK004577,CUS-004577,0.4352,0.2313,0.4105,0.3821,Low,0.9415
RSK004578,CUS-004578,0.4347,0.3185,0.1754,0.2818,Low,0.8673
RSK004579,CUS-004579,0.7742,0.2073,0.1796,0.3635,Low,0.8369
RSK004580,CUS-004580,0.7359,0.1099,0.2261,0.3558,Low,0.8069
RSK004581,CUS-004581,0.3114,0.4773,0.6951,0.5364,Medium,0.9719
RSK004582,CUS-004582,0.1016,0.4176,0.0481,0.1381,Low,0.9446
RSK004583,CUS-004583,0.6865,0.3076,0.01,0.2725,Low,0.7953
RSK004584,CUS-004584,0.3338,0.2074,0.3246,0.3039,Low,0.8411
RSK004585,CUS-004585,0.311,0.4817,0.3812,0.3802,Low,0.9501
RSK004586,CUS-004586,0.2514,0.4237,0.0894,0.2049,Low,0.7536
RSK004587,CUS-004587,0.4025,0.4414,0.3415,0.3798,Low,0.9585
RSK004588,CUS-004588,0.637,0.2727,0.0914,0.2913,Low,0.7167
RSK004589,CUS-004589,0.7801,0.3196,0.2556,0.4257,Medium,0.9127
RSK004590,CUS-004590,0.7073,0.4374,0.2307,0.415,Medium,0.9158
RSK004591,CUS-004591,0.855,0.2698,0.1506,0.3858,Low,0.9601
RSK004592,CUS-004592,0.873,0.4985,0.0386,0.3809,Low,0.8758
RSK004593,CUS-004593,0.116,0.472,0.2602,0.2593,Low,0.8819
RSK004594,CUS-004594,0.5244,0.459,0.1454,0.3218,Low,0.8472
RSK004595,CUS-004595,0.5149,0.2785,0.4442,0.4323,Medium,0.7524
RSK004596,CUS-004596,0.4204,0.3373,0.4385,0.4128,Medium,0.8766
RSK004597,CUS-004597,0.6956,0.3114,0.526,0.534,Medium,0.8282
RSK004598,CUS-004598,0.7545,0.3326,0.6793,0.6325,Medium,0.7264
RSK004599,CUS-004599,0.5356,0.2146,0.6301,0.5186,Medium,0.9649
RSK004600,CUS-004600,0.2178,0.1626,0.5772,0.3865,Low,0.8628
RSK004601,CUS-004601,0.8412,0.1224,0.518,0.5358,Medium,0.9081
RSK004602,CUS-004602,0.8888,0.2342,0.6203,0.6236,Medium,0.8714
RSK004603,CUS-004603,0.6676,0.4625,0.1063,0.3459,Low,0.7518
RSK004604,CUS-004604,0.5546,0.2357,0.0522,0.2396,Low,0.8368
RSK004605,CUS-004605,0.6945,0.1892,0.5116,0.502,Medium,0.8184
RSK004606,CUS-004606,0.6017,0.1182,0.5281,0.4682,Medium,0.9288
RSK004607,CUS-004607,0.2704,0.3838,0.4287,0.3722,Low,0.822
RSK004608,CUS-004608,0.7097,0.2084,0.7891,0.6491,Medium,0.9657
RSK004609,CUS-004609,0.2913,0.276,0.1502,0.2177,Low,0.7849
RSK004610,CUS-004610,0.1206,0.2606,0.6062,0.3914,Low,0.7643
RSK004611,CUS-004611,0.5711,0.2888,0.505,0.4816,Medium,0.9177
RSK004612,CUS-004612,0.3179,0.373,0.01,0.175,Low,0.7688
RSK004613,CUS-004613,0.4469,0.2723,0.6978,0.5374,Medium,0.982
RSK004614,CUS-004614,0.4938,0.208,0.4629,0.4212,Medium,0.7306
RSK004615,CUS-004615,0.1775,0.1855,0.0433,0.112,Low,0.7007
RSK004616,CUS-004616,0.2948,0.2354,0.7695,0.5203,Medium,0.9422
RSK004617,CUS-004617,0.5904,0.1343,0.1801,0.294,Low,0.9209
RSK004618,CUS-004618,0.6324,0.3001,0.4012,0.4503,Medium,0.8513
RSK004619,CUS-004619,0.7002,0.2709,0.3997,0.4641,Medium,0.7008
RSK004620,CUS-004620,0.3056,0.4265,0.4009,0.3774,Low,0.8321
RSK004621,CUS-004621,0.7168,0.4538,0.3638,0.4877,Medium,0.7028
RSK004622,CUS-004622,0.7783,0.4354,0.6348,0.638,Medium,0.7537
RSK004623,CUS-004623,0.5331,0.3507,0.7531,0.6066,Medium,0.9347
RSK004624,CUS-004624,0.7872,0.1447,0.5579,0.544,Medium,0.7256
RSK004625,CUS-004625,0.2929,0.3966,0.5417,0.438,Medium,0.9823
RSK004626,CUS-004626,0.1354,0.1476,0.6967,0.4185,Medium,0.8494
RSK004627,CUS-004627,0.1896,0.1959,0.0902,0.1412,Low,0.9743
RSK004628,CUS-004628,0.1009,0.3527,0.728,0.4648,Medium,0.8434
RSK004629,CUS-004629,0.1646,0.2509,0.489,0.3441,Low,0.8294
RSK004630,CUS-004630,0.2437,0.1964,0.618,0.4214,Medium,0.9802
RSK004631,CUS-004631,0.6656,0.3737,0.4216,0.4852,Medium,0.8458
RSK004632,CUS-004632,0.1462,0.4599,0.4943,0.383,Low,0.9231
RSK004633,CUS-004633,0.566,0.294,0.2805,0.3689,Low,0.7794
RSK004634,CUS-004634,0.6079,0.1006,0.636,0.5205,Medium,0.7948
RSK004635,CUS-004635,0.6604,0.2857,0.5693,0.5399,Medium,0.9758
RSK004636,CUS-004636,0.3786,0.2724,0.1755,0.2558,Low,0.8215
RSK004637,CUS-004637,0.2993,0.4209,0.5256,0.4368,Medium,0.8491
RSK004638,CUS-004638,0.2564,0.1433,0.6062,0.4087,Medium,0.9431
RSK004639,CUS-004639,0.8538,0.1098,0.1815,0.3688,Low,0.7967
RSK004640,CUS-004640,0.2441,0.4241,0.7111,0.5136,Medium,0.988
RSK004641,CUS-004641,0.6783,0.3091,0.1332,0.3319,Low,0.8225
RSK004642,CUS-004642,0.1231,0.2256,0.3409,0.2525,Low,0.7957
RSK004643,CUS-004643,0.511,0.1075,0.494,0.4218,Medium,0.8194
RSK004644,CUS-004644,0.7976,0.2594,0.3054,0.4439,Medium,0.7036
RSK004645,CUS-004645,0.3002,0.2448,0.4992,0.3886,Low,0.8962
RSK004646,CUS-004646,0.3397,0.1548,0.6175,0.4416,Medium,0.749
RSK004647,CUS-004647,0.4225,0.1276,0.0433,0.1739,Low,0.9127
RSK004648,CUS-004648,0.6534,0.247,0.2194,0.3551,Low,0.7212
RSK004649,CUS-004649,0.6186,0.2106,0.3026,0.379,Low,0.7783
RSK004650,CUS-004650,0.7146,0.3572,0.0175,0.2946,Low,0.8719
RSK004651,CUS-004651,0.4909,0.4953,0.562,0.5273,Medium,0.7568
RSK004652,CUS-004652,0.4869,0.3028,0.4047,0.409,Medium,0.8918
RSK004653,CUS-004653,0.8194,0.294,0.1147,0.362,Low,0.8919
RSK004654,CUS-004654,0.1129,0.2564,0.7133,0.4418,Medium,0.7158
RSK004655,CUS-004655,0.7335,0.2871,0.117,0.336,Low,0.9471
RSK004656,CUS-004656,0.4015,0.3033,0.0729,0.2176,Low,0.7123
RSK004657,CUS-004657,0.4767,0.4019,0.01,0.2284,Low,0.7863
RSK004658,CUS-004658,0.5224,0.1022,0.5642,0.4593,Medium,0.9058
RSK004659,CUS-004659,0.3106,0.1713,0.4373,0.3461,Low,0.903
RSK004660,CUS-004660,0.2629,0.3451,0.6878,0.4918,Medium,0.8867
RSK004661,CUS-004661,0.4007,0.4533,0.4948,0.4583,Medium,0.7491
RSK004662,CUS-004662,0.5829,0.3553,0.4593,0.4756,Medium,0.8315
RSK004663,CUS-004663,0.7212,0.1967,0.2974,0.4044,Medium,0.7929
RSK004664,CUS-004664,0.389,0.1952,0.4365,0.374,Low,0.9888
RSK004665,CUS-004665,0.8377,0.366,0.2454,0.4472,Medium,0.751
RSK004666,CUS-004666,0.1906,0.1118,0.0963,0.1277,Low,0.7393
RSK004667,CUS-004667,0.3231,0.1477,0.2755,0.2642,Low,0.7792
RSK004668,CUS-004668,0.8689,0.1524,0.2523,0.4173,Medium,0.9872
RSK004669,CUS-004669,0.3014,0.3265,0.7804,0.5459,Medium,0.728
RSK004670,CUS-004670,0.5699,0.1133,0.0266,0.2069,Low,0.7902
RSK004671,CUS-004671,0.1096,0.241,0.7758,0.469,Medium,0.7878
RSK004672,CUS-004672,0.7485,0.2866,0.1854,0.3746,Low,0.8313
RSK004673,CUS-004673,0.3911,0.1981,0.6166,0.4652,Medium,0.7489
RSK004674,CUS-004674,0.2344,0.3308,0.1457,0.2093,Low,0.7656
RSK004675,CUS-004675,0.3195,0.2374,0.4431,0.3649,Low,0.761
RSK004676,CUS-004676,0.3902,0.3613,0.5301,0.4544,Medium,0.8844
RSK004677,CUS-004677,0.1094,0.2237,0.2132,0.1842,Low,0.9524
RSK004678,CUS-004678,0.3209,0.2134,0.2892,0.2836,Low,0.9532
RSK004679,CUS-004679,0.3937,0.1241,0.3789,0.3324,Low,0.7218
RSK004680,CUS-004680,0.1834,0.2049,0.3992,0.2956,Low,0.9152
RSK004681,CUS-004681,0.7609,0.2072,0.7312,0.6353,Medium,0.7875
RSK004682,CUS-004682,0.7382,0.2157,0.1226,0.3259,Low,0.9891
RSK004683,CUS-004683,0.8217,0.3208,0.7797,0.7005,High,0.8697
RSK004684,CUS-004684,0.522,0.461,0.1413,0.3195,Low,0.7198
RSK004685,CUS-004685,0.7159,0.1259,0.1213,0.3006,Low,0.7544
RSK004686,CUS-004686,0.6049,0.4131,0.01,0.2691,Low,0.7671
RSK004687,CUS-004687,0.499,0.2338,0.1541,0.2735,Low,0.8873
RSK004688,CUS-004688,0.4602,0.2693,0.0139,0.1989,Low,0.7939
RSK004689,CUS-004689,0.8789,0.1011,0.492,0.5299,Medium,0.9143
RSK004690,CUS-004690,0.1719,0.4245,0.4068,0.3399,Low,0.9708
RSK004691,CUS-004691,0.362,0.356,0.0824,0.221,Low,0.7888
RSK004692,CUS-004692,0.3416,0.2367,0.4593,0.3795,Low,0.7021
RSK004693,CUS-004693,0.2384,0.4222,0.5568,0.4344,Medium,0.8559
RSK004694,CUS-004694,0.7564,0.4833,0.0905,0.3688,Low,0.8022
RSK004695,CUS-004695,0.6087,0.145,0.6022,0.5127,Medium,0.9688
RSK004696,CUS-004696,0.3875,0.2046,0.4696,0.392,Low,0.7323
RSK004697,CUS-004697,0.6264,0.4211,0.6791,0.6117,Medium,0.978
RSK004698,CUS-004698,0.8424,0.3258,0.6697,0.6527,Medium,0.8841
RSK004699,CUS-004699,0.5138,0.4305,0.5208,0.5006,Medium,0.9877
RSK004700,CUS-004700,0.3921,0.1779,0.2884,0.2974,Low,0.8904
RSK004701,CUS-004701,0.618,0.4837,0.8411,0.7027,High,0.779
RSK004702,CUS-004702,0.7482,0.1716,0.0652,0.2914,Low,0.845
RSK004703,CUS-004703,0.3026,0.4619,0.3234,0.3449,Low,0.7247
RSK004704,CUS-004704,0.8358,0.3257,0.6409,0.6363,Medium,0.8082
RSK004705,CUS-004705,0.1214,0.1045,0.5454,0.33,Low,0.7134
RSK004706,CUS-004706,0.5996,0.3925,0.4409,0.4788,Medium,0.755
RSK004707,CUS-004707,0.2193,0.1978,0.5389,0.3748,Low,0.878
RSK004708,CUS-004708,0.5291,0.1848,0.5605,0.4759,Medium,0.8355
RSK004709,CUS-004709,0.767,0.2706,0.3985,0.4835,Medium,0.8878
RSK004710,CUS-004710,0.8302,0.3498,0.5884,0.6132,Medium,0.7881
RSK004711,CUS-004711,0.2096,0.293,0.3654,0.3042,Low,0.7931
RSK004712,CUS-004712,0.4152,0.1842,0.5861,0.4544,Medium,0.8171
RSK004713,CUS-004713,0.8914,0.2184,0.1982,0.4102,Medium,0.8809
RSK004714,CUS-004714,0.5394,0.3447,0.5519,0.5067,Medium,0.9234
RSK004715,CUS-004715,0.1606,0.3231,0.1704,0.198,Low,0.8385
RSK004716,CUS-004716,0.3528,0.2038,0.5297,0.4114,Medium,0.84
RSK004717,CUS-004717,0.8613,0.1885,0.1785,0.3853,Low,0.7641
RSK004718,CUS-004718,0.6375,0.3695,0.3957,0.463,Medium,0.9338
RSK004719,CUS-004719,0.7929,0.1032,0.3169,0.417,Medium,0.9568
RSK004720,CUS-004720,0.3129,0.2821,0.7102,0.5054,Medium,0.9708
RSK004721,CUS-004721,0.414,0.1096,0.7613,0.5268,Medium,0.9723
RSK004722,CUS-004722,0.4074,0.4242,0.7606,0.5874,Medium,0.9176
RSK004723,CUS-004723,0.1791,0.4194,0.3813,0.3283,Low,0.8945
RSK004724,CUS-004724,0.6157,0.3945,0.5574,0.5423,Medium,0.7542
RSK004725,CUS-004725,0.3351,0.1617,0.6387,0.4522,Medium,0.8553
RSK004726,CUS-004726,0.6739,0.1823,0.529,0.5031,Medium,0.7133
RSK004727,CUS-004727,0.6608,0.3575,0.3018,0.4206,Medium,0.7723
RSK004728,CUS-004728,0.2547,0.2906,0.4493,0.3592,Low,0.7339
RSK004729,CUS-004729,0.5283,0.2878,0.3901,0.4111,Medium,0.8704
RSK004730,CUS-004730,0.7021,0.1768,0.0271,0.2595,Low,0.8537
RSK004731,CUS-004731,0.358,0.2866,0.7003,0.5149,Medium,0.8669
RSK004732,CUS-004732,0.34,0.3974,0.1439,0.2534,Low,0.8593
RSK004733,CUS-004733,0.1735,0.3474,0.1589,0.201,Low,0.8615
RSK004734,CUS-004734,0.6249,0.2896,0.01,0.2504,Low,0.8099
RSK004735,CUS-004735,0.6717,0.1334,0.2265,0.3414,Low,0.8001
RSK004736,CUS-004736,0.6183,0.3075,0.7313,0.6126,Medium,0.9039
RSK004737,CUS-004737,0.5088,0.2457,0.37,0.3868,Low,0.8295
RSK004738,CUS-004738,0.8114,0.4065,0.777,0.7132,High,0.8692
RSK004739,CUS-004739,0.2851,0.2535,0.3387,0.3056,Low,0.9871
RSK004740,CUS-004740,0.7932,0.2812,0.6919,0.6401,Medium,0.8756
RSK004741,CUS-004741,0.6852,0.2389,0.1473,0.327,Low,0.9126
RSK004742,CUS-004742,0.6098,0.2796,0.6978,0.5878,Medium,0.9402
RSK004743,CUS-004743,0.2113,0.4721,0.5799,0.4478,Medium,0.8213
RSK004744,CUS-004744,0.8583,0.4672,0.6731,0.6875,Medium,0.769
RSK004745,CUS-004745,0.6801,0.2948,0.2718,0.3989,Low,0.8362
RSK004746,CUS-004746,0.7301,0.382,0.1681,0.3795,Low,0.8967
RSK004747,CUS-004747,0.6105,0.221,0.805,0.6299,Medium,0.9378
RSK004748,CUS-004748,0.4347,0.3205,0.2205,0.3048,Low,0.9627
RSK004749,CUS-004749,0.8936,0.3608,0.6059,0.6432,Medium,0.9853
RSK004750,CUS-004750,0.2405,0.3925,0.318,0.3096,Low,0.7003
RSK004751,CUS-004751,0.8875,0.1653,0.2007,0.3997,Low,0.8602
RSK004752,CUS-004752,0.4674,0.4735,0.3283,0.3991,Low,0.8393
RSK004753,CUS-004753,0.6264,0.303,0.617,0.557,Medium,0.9126
RSK004754,CUS-004754,0.3116,0.4784,0.3643,0.3713,Low,0.9213
RSK004755,CUS-004755,0.3806,0.4345,0.5617,0.4819,Medium,0.7307
RSK004756,CUS-004756,0.681,0.1002,0.3203,0.3845,Low,0.7804
RSK004757,CUS-004757,0.7231,0.1631,0.2659,0.3825,Low,0.854
RSK004758,CUS-004758,0.2051,0.1595,0.6712,0.429,Medium,0.7952
RSK004759,CUS-004759,0.5646,0.2875,0.4782,0.466,Medium,0.7132
RSK004760,CUS-004760,0.1945,0.1371,0.4375,0.3045,Low,0.7458
RSK004761,CUS-004761,0.5054,0.3929,0.1752,0.3178,Low,0.9788
RSK004762,CUS-004762,0.8822,0.4085,0.4393,0.566,Medium,0.9254
RSK004763,CUS-004763,0.5405,0.3608,0.3214,0.395,Low,0.8093
RSK004764,CUS-004764,0.557,0.2526,0.256,0.3456,Low,0.9017
RSK004765,CUS-004765,0.6264,0.127,0.748,0.5873,Medium,0.8536
RSK004766,CUS-004766,0.1408,0.2957,0.1553,0.179,Low,0.9418
RSK004767,CUS-004767,0.4262,0.1239,0.6422,0.4737,Medium,0.7881
RSK004768,CUS-004768,0.8854,0.1839,0.6298,0.6173,Medium,0.8248
RSK004769,CUS-004769,0.3793,0.144,0.01,0.1476,Low,0.9185
RSK004770,CUS-004770,0.5079,0.1698,0.4701,0.4214,Medium,0.7511
RSK004771,CUS-004771,0.5885,0.1005,0.1261,0.2597,Low,0.8257
RSK004772,CUS-004772,0.8404,0.1163,0.3655,0.4581,Medium,0.8899
RSK004773,CUS-004773,0.6247,0.2763,0.5608,0.5231,Medium,0.743
RSK004774,CUS-004774,0.5287,0.1492,0.4714,0.4241,Medium,0.939
RSK004775,CUS-004775,0.443,0.2359,0.5966,0.4784,Medium,0.8173
RSK004776,CUS-004776,0.4763,0.108,0.1083,0.2186,Low,0.8472
RSK004777,CUS-004777,0.3599,0.1329,0.6671,0.4681,Medium,0.8046
RSK004778,CUS-004778,0.3243,0.2179,0.3878,0.3348,Low,0.8837
RSK004779,CUS-004779,0.881,0.4779,0.2406,0.4802,Medium,0.7286
RSK004780,CUS-004780,0.1237,0.3369,0.6646,0.4368,Medium,0.9768
RSK004781,CUS-004781,0.6983,0.2506,0.1754,0.3473,Low,0.9672
RSK004782,CUS-004782,0.6973,0.203,0.5656,0.5326,Medium,0.7527
RSK004783,CUS-004783,0.8429,0.2126,0.7954,0.6931,Medium,0.7126
RSK004784,CUS-004784,0.5055,0.2526,0.2149,0.3096,Low,0.8379
RSK004785,CUS-004785,0.6992,0.1983,0.5879,0.5434,Medium,0.9321
RSK004786,CUS-004786,0.8266,0.1645,0.1329,0.3473,Low,0.9312
RSK004787,CUS-004787,0.8505,0.4853,0.4002,0.5523,Medium,0.8483
RSK004788,CUS-004788,0.5769,0.2064,0.5048,0.4667,Medium,0.8233
RSK004789,CUS-004789,0.8514,0.2153,0.2031,0.4,Medium,0.8972
RSK004790,CUS-004790,0.5506,0.1999,0.7905,0.6004,Medium,0.8898
RSK004791,CUS-004791,0.4207,0.4109,0.6586,0.5377,Medium,0.7895
RSK004792,CUS-004792,0.5865,0.1061,0.6969,0.5456,Medium,0.9297
RSK004793,CUS-004793,0.6661,0.2851,0.0782,0.2959,Low,0.7895
RSK004794,CUS-004794,0.8439,0.456,0.6717,0.6802,Medium,0.9667
RSK004795,CUS-004795,0.2172,0.2711,0.01,0.1244,Low,0.8999
RSK004796,CUS-004796,0.6739,0.3536,0.5267,0.5362,Medium,0.7206
RSK004797,CUS-004797,0.8811,0.2338,0.6454,0.6338,Medium,0.8827
RSK004798,CUS-004798,0.2333,0.3185,0.01,0.1387,Low,0.86
RSK004799,CUS-004799,0.4259,0.2249,0.01,0.1777,Low,0.8656
RSK004800,CUS-004800,0.488,0.3803,0.8347,0.6398,Medium,0.8299
RSK004801,CUS-004801,0.2687,0.187,0.4998,0.3679,Low,0.8622
RSK004802,CUS-004802,0.5156,0.1911,0.2428,0.3143,Low,0.7394
RSK004803,CUS-004803,0.7415,0.1561,0.6927,0.6,Medium,0.7135
RSK004804,CUS-004804,0.7491,0.2285,0.6841,0.6125,Medium,0.7538
RSK004805,CUS-004805,0.4762,0.3702,0.4081,0.4209,Medium,0.807
RSK004806,CUS-004806,0.71,0.1306,0.6518,0.565,Medium,0.7206
RSK004807,CUS-004807,0.2732,0.1108,0.5285,0.3684,Low,0.7637
RSK004808,CUS-004808,0.6727,0.3208,0.3676,0.4498,Medium,0.826
RSK004809,CUS-004809,0.8958,0.41,0.4162,0.5588,Medium,0.8567
RSK004810,CUS-004810,0.3487,0.2048,0.1786,0.2349,Low,0.8158
RSK004811,CUS-004811,0.2012,0.4841,0.7336,0.524,Medium,0.7188
RSK004812,CUS-004812,0.586,0.2981,0.4832,0.477,Medium,0.9155
RSK004813,CUS-004813,0.7778,0.1226,0.456,0.4859,Medium,0.9343
RSK004814,CUS-004814,0.4816,0.4994,0.7424,0.6156,Medium,0.8125
RSK004815,CUS-004815,0.6454,0.3575,0.0149,0.2726,Low,0.7251
RSK004816,CUS-004816,0.4108,0.4129,0.147,0.2793,Low,0.9739
RSK004817,CUS-004817,0.5039,0.4266,0.356,0.4145,Medium,0.988
RSK004818,CUS-004818,0.2749,0.1795,0.2689,0.2528,Low,0.9483
RSK004819,CUS-004819,0.8647,0.24,0.0457,0.3303,Low,0.882
RSK004820,CUS-004820,0.6059,0.2241,0.3871,0.4201,Medium,0.8858
RSK004821,CUS-004821,0.6844,0.2279,0.3289,0.4154,Medium,0.8307
RSK004822,CUS-004822,0.5168,0.1403,0.6552,0.5107,Medium,0.8655
RSK004823,CUS-004823,0.4476,0.2125,0.3947,0.3741,Low,0.7194
RSK004824,CUS-004824,0.3841,0.2466,0.5241,0.4266,Medium,0.8246
RSK004825,CUS-004825,0.6888,0.2349,0.6275,0.5674,Medium,0.8779
RSK004826,CUS-004826,0.3523,0.342,0.6512,0.4997,Medium,0.7638
RSK004827,CUS-004827,0.2463,0.1495,0.4016,0.3046,Low,0.9823
RSK004828,CUS-004828,0.7888,0.1382,0.1174,0.323,Low,0.9115
RSK004829,CUS-004829,0.7119,0.1134,0.5794,0.526,Medium,0.9015
RSK004830,CUS-004830,0.8258,0.4439,0.44,0.5565,Medium,0.7167
RSK004831,CUS-004831,0.1943,0.4404,0.2925,0.2926,Low,0.7207
RSK004832,CUS-004832,0.3427,0.1244,0.7138,0.4846,Medium,0.886
RSK004833,CUS-004833,0.2163,0.2751,0.4327,0.3363,Low,0.8131
RSK004834,CUS-004834,0.1755,0.2043,0.4368,0.3119,Low,0.8935
RSK004835,CUS-004835,0.5115,0.4853,0.7181,0.6096,Medium,0.9447
RSK004836,CUS-004836,0.5713,0.4443,0.1307,0.3256,Low,0.8639
RSK004837,CUS-004837,0.5524,0.4238,0.4883,0.4946,Medium,0.7388
RSK004838,CUS-004838,0.6181,0.4285,0.8265,0.6844,Medium,0.9832
RSK004839,CUS-004839,0.3728,0.4512,0.5377,0.4709,Medium,0.704
RSK004840,CUS-004840,0.4007,0.2209,0.7349,0.5318,Medium,0.9392
RSK004841,CUS-004841,0.407,0.3383,0.3158,0.3477,Low,0.8495
RSK004842,CUS-004842,0.6674,0.3096,0.3778,0.451,Medium,0.7228
RSK004843,CUS-004843,0.1608,0.2484,0.7036,0.4497,Medium,0.7886
RSK004844,CUS-004844,0.8761,0.1643,0.6778,0.6346,Medium,0.7727
RSK004845,CUS-004845,0.5802,0.3085,0.4585,0.465,Medium,0.9138
RSK004846,CUS-004846,0.4724,0.498,0.223,0.3528,Low,0.9118
RSK004847,CUS-004847,0.8286,0.4792,0.3021,0.4955,Medium,0.7518
RSK004848,CUS-004848,0.4057,0.1931,0.4936,0.4071,Medium,0.7298
RSK004849,CUS-004849,0.2564,0.3695,0.3623,0.332,Low,0.9609
RSK004850,CUS-004850,0.7683,0.4666,0.5295,0.5886,Medium,0.7623
RSK004851,CUS-004851,0.2914,0.4295,0.2411,0.2939,Low,0.8364
RSK004852,CUS-004852,0.7526,0.2057,0.2,0.3669,Low,0.8058
RSK004853,CUS-004853,0.7995,0.1454,0.4281,0.483,Medium,0.8633
RSK004854,CUS-004854,0.3615,0.4125,0.1649,0.2734,Low,0.8448
RSK004855,CUS-004855,0.5736,0.3635,0.633,0.5613,Medium,0.859
RSK004856,CUS-004856,0.366,0.19,0.6011,0.4484,Medium,0.9742
RSK004857,CUS-004857,0.8174,0.1571,0.5152,0.5342,Medium,0.8695
RSK004858,CUS-004858,0.7753,0.4079,0.1278,0.3781,Low,0.841
RSK004859,CUS-004859,0.5994,0.3068,0.799,0.6407,Medium,0.9568
RSK004860,CUS-004860,0.7867,0.2572,0.4756,0.5252,Medium,0.924
RSK004861,CUS-004861,0.5083,0.166,0.6356,0.5035,Medium,0.7394
RSK004862,CUS-004862,0.5826,0.4419,0.476,0.5012,Medium,0.813
RSK004863,CUS-004863,0.3926,0.1292,0.0325,0.1599,Low,0.9666
RSK004864,CUS-004864,0.494,0.3131,0.383,0.4023,Medium,0.9454
RSK004865,CUS-004865,0.8691,0.4874,0.3523,0.5344,Medium,0.7111
RSK004866,CUS-004866,0.6402,0.3548,0.2089,0.3675,Low,0.7957
RSK004867,CUS-004867,0.6056,0.4254,0.01,0.2718,Low,0.7422
RSK004868,CUS-004868,0.7255,0.4205,0.4993,0.5514,Medium,0.7742
RSK004869,CUS-004869,0.6497,0.349,0.7814,0.6554,Medium,0.8293
RSK004870,CUS-004870,0.1121,0.1295,0.5533,0.3362,Low,0.7472
RSK004871,CUS-004871,0.4387,0.3486,0.2434,0.323,Low,0.9409
RSK004872,CUS-004872,0.8614,0.136,0.2957,0.4335,Medium,0.8065
RSK004873,CUS-004873,0.6301,0.2207,0.0834,0.2749,Low,0.7228
RSK004874,CUS-004874,0.3162,0.1862,0.4878,0.376,Low,0.8031
RSK004875,CUS-004875,0.663,0.4118,0.3783,0.4704,Medium,0.7888
RSK004876,CUS-004876,0.4221,0.376,0.6745,0.5391,Medium,0.9724
RSK004877,CUS-004877,0.7562,0.2647,0.1058,0.3327,Low,0.7509
RSK004878,CUS-004878,0.7107,0.24,0.4436,0.483,Medium,0.7426
RSK004879,CUS-004879,0.86,0.4807,0.647,0.6776,Medium,0.9809
RSK004880,CUS-004880,0.8847,0.4953,0.4963,0.6126,Medium,0.7227
RSK004881,CUS-004881,0.8274,0.1357,0.1557,0.3532,Low,0.9577
RSK004882,CUS-004882,0.3685,0.2709,0.8023,0.5659,Medium,0.8258
RSK004883,CUS-004883,0.6531,0.1089,0.1817,0.3086,Low,0.7537
RSK004884,CUS-004884,0.8927,0.4138,0.2319,0.4665,Medium,0.9046
RSK004885,CUS-004885,0.883,0.1591,0.4956,0.5445,Medium,0.9409
RSK004886,CUS-004886,0.6549,0.4781,0.6168,0.6005,Medium,0.7057
RSK004887,CUS-004887,0.2387,0.1446,0.6444,0.4227,Medium,0.7134
RSK004888,CUS-004888,0.8694,0.207,0.4516,0.528,Medium,0.7352
RSK004889,CUS-004889,0.3651,0.3572,0.389,0.3755,Low,0.7488
RSK004890,CUS-004890,0.7914,0.2427,0.3889,0.4804,Medium,0.8222
RSK004891,CUS-004891,0.8951,0.4304,0.5365,0.6229,Medium,0.8619
RSK004892,CUS-004892,0.788,0.4366,0.813,0.7302,High,0.8136
RSK004893,CUS-004893,0.8503,0.4773,0.3662,0.5336,Medium,0.7738
RSK004894,CUS-004894,0.4144,0.221,0.1839,0.2605,Low,0.813
RSK004895,CUS-004895,0.7328,0.22,0.5219,0.5248,Medium,0.9363
RSK004896,CUS-004896,0.8351,0.1554,0.4018,0.4825,Medium,0.7997
RSK004897,CUS-004897,0.2899,0.3287,0.7369,0.5212,Medium,0.9272
RSK004898,CUS-004898,0.222,0.1107,0.3776,0.2775,Low,0.8966
RSK004899,CUS-004899,0.5754,0.2413,0.8597,0.6507,Medium,0.7122
RSK004900,CUS-004900,0.8759,0.134,0.5427,0.5609,Medium,0.9254
RSK004901,CUS-004901,0.5381,0.4979,0.5692,0.5456,Medium,0.7606
RSK004902,CUS-004902,0.7824,0.3593,0.7146,0.6639,Medium,0.8008
RSK004903,CUS-004903,0.7165,0.421,0.1174,0.3579,Low,0.9206
RSK004904,CUS-004904,0.5435,0.4817,0.5239,0.5213,Medium,0.9547
RSK004905,CUS-004905,0.799,0.3452,0.6259,0.6217,Medium,0.7883
RSK004906,CUS-004906,0.8576,0.4309,0.2949,0.4909,Medium,0.979
RSK004907,CUS-004907,0.5482,0.23,0.7191,0.57,Medium,0.8391
RSK004908,CUS-004908,0.3879,0.5,0.0828,0.2578,Low,0.8003
RSK004909,CUS-004909,0.6783,0.3678,0.2059,0.38,Low,0.7315
RSK004910,CUS-004910,0.5769,0.1997,0.01,0.218,Low,0.7489
RSK004911,CUS-004911,0.4016,0.1309,0.4197,0.3565,Low,0.8809
RSK004912,CUS-004912,0.6525,0.1303,0.1461,0.2949,Low,0.8048
RSK004913,CUS-004913,0.3705,0.2815,0.4771,0.406,Medium,0.8822
RSK004914,CUS-004914,0.3628,0.368,0.3043,0.3346,Low,0.9428
RSK004915,CUS-004915,0.635,0.4023,0.645,0.5935,Medium,0.9266
RSK004916,CUS-004916,0.6166,0.154,0.273,0.3523,Low,0.7603
RSK004917,CUS-004917,0.6791,0.2308,0.1424,0.3211,Low,0.8882
RSK004918,CUS-004918,0.6988,0.1119,0.2528,0.3584,Low,0.7743
RSK004919,CUS-004919,0.8009,0.3866,0.2522,0.4437,Medium,0.748
RSK004920,CUS-004920,0.6119,0.2799,0.4151,0.4471,Medium,0.8662
RSK004921,CUS-004921,0.3454,0.1602,0.01,0.1407,Low,0.7416
RSK004922,CUS-004922,0.5516,0.4493,0.435,0.4728,Medium,0.7916
RSK004923,CUS-004923,0.3246,0.2585,0.3562,0.3272,Low,0.8714
RSK004924,CUS-004924,0.1889,0.119,0.8606,0.5108,Medium,0.7624
RSK004925,CUS-004925,0.4521,0.1337,0.3639,0.3443,Low,0.7676
RSK004926,CUS-004926,0.6626,0.3301,0.6678,0.5987,Medium,0.7969
RSK004927,CUS-004927,0.7143,0.4288,0.6905,0.6453,Medium,0.7076
RSK004928,CUS-004928,0.2535,0.2703,0.7949,0.5276,Medium,0.7534
RSK004929,CUS-004929,0.5754,0.3957,0.5802,0.5419,Medium,0.7165
RSK004930,CUS-004930,0.4139,0.3819,0.6112,0.5061,Medium,0.9202
RSK004931,CUS-004931,0.6833,0.2514,0.7503,0.6304,Medium,0.7017
RSK004932,CUS-004932,0.8616,0.3242,0.6055,0.6261,Medium,0.7888
RSK004933,CUS-004933,0.2345,0.2974,0.3744,0.317,Low,0.9136
RSK004934,CUS-004934,0.2346,0.3234,0.7039,0.487,Medium,0.9252
RSK004935,CUS-004935,0.1412,0.4776,0.5886,0.4322,Medium,0.8412
RSK004936,CUS-004936,0.5555,0.1221,0.8146,0.5984,Medium,0.8308
RSK004937,CUS-004937,0.4363,0.2131,0.3817,0.3644,Low,0.903
RSK004938,CUS-004938,0.8349,0.2733,0.7169,0.6636,Medium,0.7511
RSK004939,CUS-004939,0.269,0.3854,0.2357,0.2756,Low,0.8784
RSK004940,CUS-004940,0.6287,0.4825,0.2615,0.4159,Medium,0.9506
RSK004941,CUS-004941,0.3877,0.3906,0.6995,0.5442,Medium,0.9459
RSK004942,CUS-004942,0.8597,0.129,0.3612,0.4643,Medium,0.801
RSK004943,CUS-004943,0.7706,0.1814,0.2463,0.3906,Low,0.9859
RSK004944,CUS-004944,0.628,0.3134,0.0878,0.295,Low,0.8134
RSK004945,CUS-004945,0.5613,0.4293,0.597,0.5528,Medium,0.8491
RSK004946,CUS-004946,0.359,0.452,0.4727,0.4345,Medium,0.9065
RSK004947,CUS-004947,0.196,0.1635,0.226,0.2045,Low,0.792
RSK004948,CUS-004948,0.2228,0.4425,0.4724,0.3915,Low,0.8708
RSK004949,CUS-004949,0.3091,0.3335,0.5315,0.4252,Medium,0.7216
RSK004950,CUS-004950,0.7553,0.364,0.026,0.3124,Low,0.8517
RSK004951,CUS-004951,0.1954,0.2287,0.01,0.1094,Low,0.9408
RSK004952,CUS-004952,0.4398,0.3852,0.7197,0.5688,Medium,0.7868
RSK004953,CUS-004953,0.1736,0.3955,0.4089,0.3356,Low,0.8338
RSK004954,CUS-004954,0.1463,0.3,0.1889,0.1983,Low,0.9873
RSK004955,CUS-004955,0.6216,0.1809,0.5523,0.4988,Medium,0.9037
RSK004956,CUS-004956,0.3276,0.4676,0.2472,0.3154,Low,0.7368
RSK004957,CUS-004957,0.2185,0.4732,0.5078,0.4141,Medium,0.8526
RSK004958,CUS-004958,0.794,0.4794,0.381,0.5246,Medium,0.8102
RSK004959,CUS-004959,0.3944,0.1113,0.3292,0.3052,Low,0.9279
RSK004960,CUS-004960,0.5146,0.431,0.0784,0.2798,Low,0.9488
RSK004961,CUS-004961,0.1241,0.104,0.4518,0.2839,Low,0.7236
RSK004962,CUS-004962,0.8523,0.3701,0.7386,0.699,Medium,0.8912
RSK004963,CUS-004963,0.3433,0.3071,0.4988,0.4138,Medium,0.9165
RSK004964,CUS-004964,0.7759,0.215,0.3368,0.4442,Medium,0.8396
RSK004965,CUS-004965,0.105,0.3129,0.1109,0.1495,Low,0.7977
RSK004966,CUS-004966,0.457,0.3931,0.5863,0.5089,Medium,0.7079
RSK004967,CUS-004967,0.6473,0.3418,0.072,0.2985,Low,0.9868
RSK004968,CUS-004968,0.6472,0.3474,0.0329,0.2801,Low,0.7901
RSK004969,CUS-004969,0.6462,0.1224,0.6265,0.5316,Medium,0.8491
RSK004970,CUS-004970,0.7882,0.119,0.4788,0.4997,Medium,0.9215
RSK004971,CUS-004971,0.6873,0.2985,0.2072,0.3695,Low,0.8395
RSK004972,CUS-004972,0.8555,0.4654,0.5034,0.6014,Medium,0.9572
RSK004973,CUS-004973,0.8159,0.4021,0.75,0.7002,High,0.8324
RSK004974,CUS-004974,0.5798,0.3132,0.123,0.2981,Low,0.8663
RSK004975,CUS-004975,0.3112,0.4032,0.3125,0.3302,Low,0.8871
RSK004976,CUS-004976,0.8557,0.2919,0.2297,0.4299,Medium,0.7353
RSK004977,CUS-004977,0.3581,0.1912,0.1812,0.2363,Low,0.8563
RSK004978,CUS-004978,0.7327,0.2874,0.454,0.5043,Medium,0.8318
RSK004979,CUS-004979,0.6679,0.2312,0.0987,0.296,Low,0.8628
RSK004980,CUS-004980,0.6508,0.3275,0.1782,0.3498,Low,0.8259
RSK004981,CUS-004981,0.6716,0.3204,0.193,0.3621,Low,0.7712
RSK004982,CUS-004982,0.348,0.4249,0.3423,0.3605,Low,0.7975
RSK004983,CUS-004983,0.1058,0.1453,0.0533,0.0874,Low,0.9534
RSK004984,CUS-004984,0.7738,0.1203,0.3918,0.4521,Medium,0.8123
RSK004985,CUS-004985,0.1257,0.3604,0.2665,0.243,Low,0.8135
RSK004986,CUS-004986,0.2741,0.3042,0.7187,0.5024,Medium,0.754
RSK004987,CUS-004987,0.7462,0.4182,0.5611,0.5881,Medium,0.9016
RSK004988,CUS-004988,0.8627,0.4511,0.3767,0.5374,Medium,0.8884
RSK004989,CUS-004989,0.1502,0.4778,0.471,0.3761,Low,0.8588
RSK004990,CUS-004990,0.1027,0.1245,0.3559,0.2337,Low,0.7763
RSK004991,CUS-004991,0.8776,0.2644,0.2835,0.4579,Medium,0.7917
RSK004992,CUS-004992,0.7804,0.2841,0.2928,0.4373,Medium,0.7517
RSK004993,CUS-004993,0.5587,0.2668,0.6428,0.5424,Medium,0.8731
RSK004994,CUS-004994,0.4208,0.3868,0.2853,0.3462,Low,0.741
RSK004995,CUS-004995,0.2953,0.3333,0.304,0.3073,Low,0.9147
RSK004996,CUS-004996,0.8935,0.2351,0.6652,0.6477,Medium,0.7824
RSK004997,CUS-004997,0.5066,0.163,0.7708,0.57,Medium,0.8835
RSK004998,CUS-004998,0.8959,0.1114,0.3924,0.4873,Medium,0.9653
RSK004999,CUS-004999,0.8048,0.3594,0.1096,0.3681,Low,0.9579
RSK005000,CUS-005000,0.561,0.1716,0.2674,0.3363,Low,0.7408
RSK005001,CUS-005001,0.5708,0.4183,0.3662,0.438,Medium,0.7488
RSK005002,CUS-005002,0.1333,0.1389,0.3232,0.2294,Low,0.9267
RSK005003,CUS-005003,0.8363,0.4968,0.4292,0.5649,Medium,0.9217
RSK005004,CUS-005004,0.2538,0.4923,0.1076,0.2284,Low,0.9016
RSK005005,CUS-005005,0.8092,0.1178,0.2079,0.3703,Low,0.7796
RSK005006,CUS-005006,0.6723,0.3139,0.6981,0.6135,Medium,0.7015
RSK005007,CUS-005007,0.2618,0.4369,0.1921,0.262,Low,0.9823
RSK005008,CUS-005008,0.882,0.1239,0.4754,0.5271,Medium,0.78
RSK005009,CUS-005009,0.6476,0.3832,0.2298,0.3858,Low,0.899
RSK005010,CUS-005010,0.4428,0.4231,0.4885,0.4617,Medium,0.9721
RSK005011,CUS-005011,0.8506,0.1322,0.353,0.4581,Medium,0.7461
RSK005012,CUS-005012,0.3821,0.4724,0.1162,0.2672,Low,0.9785
RSK005013,CUS-005013,0.6428,0.2098,0.6091,0.5393,Medium,0.973
RSK005014,CUS-005014,0.417,0.3763,0.7131,0.5569,Medium,0.7111
RSK005015,CUS-005015,0.32,0.3633,0.12,0.2287,Low,0.8557
RSK005016,CUS-005016,0.5409,0.1329,0.4367,0.4072,Medium,0.935
RSK005017,CUS-005017,0.4476,0.3225,0.7149,0.5562,Medium,0.7115
RSK005018,CUS-005018,0.5792,0.2055,0.5768,0.5033,Medium,0.7418
RSK005019,CUS-005019,0.8772,0.3813,0.8534,0.7661,High,0.8197
RSK005020,CUS-005020,0.4659,0.268,0.6974,0.5421,Medium,0.8097
RSK005021,CUS-005021,0.1306,0.1256,0.3172,0.2229,Low,0.758
RSK005022,CUS-005022,0.3015,0.1743,0.5114,0.381,Low,0.7437
RSK005023,CUS-005023,0.6954,0.4822,0.5451,0.5776,Medium,0.9665
RSK005024,CUS-005024,0.2006,0.4887,0.4115,0.3637,Low,0.9204
RSK005025,CUS-005025,0.4209,0.1411,0.0688,0.1889,Low,0.9728
RSK005026,CUS-005026,0.2218,0.4211,0.5905,0.446,Medium,0.754
RSK005027,CUS-005027,0.5622,0.2079,0.1328,0.2766,Low,0.956
RSK005028,CUS-005028,0.5683,0.1516,0.163,0.2823,Low,0.7465
RSK005029,CUS-005029,0.5459,0.3238,0.4012,0.4291,Medium,0.9153
RSK005030,CUS-005030,0.5295,0.4572,0.0556,0.2781,Low,0.8346
RSK005031,CUS-005031,0.8018,0.3951,0.4972,0.5682,Medium,0.729
RSK005032,CUS-005032,0.3539,0.2875,0.3706,0.349,Low,0.7642
RSK005033,CUS-005033,0.7999,0.1846,0.4159,0.4848,Medium,0.7901
RSK005034,CUS-005034,0.3656,0.4533,0.4203,0.4105,Medium,0.7402
RSK005035,CUS-005035,0.1617,0.1385,0.4072,0.2798,Low,0.9276
RSK005036,CUS-005036,0.5314,0.4091,0.1664,0.3244,Low,0.7441
RSK005037,CUS-005037,0.7003,0.1911,0.1605,0.3286,Low,0.9414
RSK005038,CUS-005038,0.5154,0.2241,0.247,0.3229,Low,0.7167
RSK005039,CUS-005039,0.2635,0.2396,0.4044,0.3292,Low,0.7521
RSK005040,CUS-005040,0.1675,0.464,0.4832,0.3846,Low,0.9618
RSK005041,CUS-005041,0.6807,0.3359,0.0837,0.3132,Low,0.7149
RSK005042,CUS-005042,0.667,0.1926,0.1799,0.3286,Low,0.8608
RSK005043,CUS-005043,0.6738,0.2204,0.6723,0.5824,Medium,0.7427
RSK005044,CUS-005044,0.8749,0.2937,0.8085,0.7255,High,0.7617
RSK005045,CUS-005045,0.7411,0.2811,0.4498,0.5035,Medium,0.7502
RSK005046,CUS-005046,0.289,0.3912,0.7295,0.5297,Medium,0.778
RSK005047,CUS-005047,0.2659,0.2635,0.1392,0.2021,Low,0.8494
RSK005048,CUS-005048,0.3603,0.3714,0.5323,0.4485,Medium,0.8483
RSK005049,CUS-005049,0.8012,0.2529,0.2221,0.402,Medium,0.7894
RSK005050,CUS-005050,0.5145,0.4185,0.3562,0.4162,Medium,0.8707
RSK005051,CUS-005051,0.1174,0.4482,0.1156,0.1827,Low,0.9435
RSK005052,CUS-005052,0.5451,0.1171,0.686,0.53,Medium,0.8192
RSK005053,CUS-005053,0.2649,0.3705,0.01,0.1586,Low,0.7128
RSK005054,CUS-005054,0.5252,0.1995,0.0833,0.2391,Low,0.8911
RSK005055,CUS-005055,0.4565,0.45,0.4195,0.4367,Medium,0.867
RSK005056,CUS-005056,0.5398,0.256,0.0268,0.2265,Low,0.7191
RSK005057,CUS-005057,0.545,0.2117,0.3994,0.4055,Medium,0.7765
RSK005058,CUS-005058,0.4194,0.2267,0.7057,0.524,Medium,0.8214
RSK005059,CUS-005059,0.5071,0.4195,0.6466,0.5593,Medium,0.9542
RSK005060,CUS-005060,0.2006,0.1164,0.1962,0.1816,Low,0.7307
RSK005061,CUS-005061,0.637,0.2484,0.3306,0.4061,Medium,0.8136
RSK005062,CUS-005062,0.7399,0.4691,0.2794,0.4555,Medium,0.8123
RSK005063,CUS-005063,0.2888,0.1271,0.2181,0.2211,Low,0.7713
RSK005064,CUS-005064,0.769,0.4881,0.2241,0.4404,Medium,0.7242
RSK005065,CUS-005065,0.7449,0.2384,0.6378,0.59,Medium,0.8494
RSK005066,CUS-005066,0.1652,0.498,0.0635,0.1809,Low,0.7523
RSK005067,CUS-005067,0.1972,0.4915,0.7431,0.529,Medium,0.8104
RSK005068,CUS-005068,0.2111,0.3597,0.0747,0.1726,Low,0.9637
RSK005069,CUS-005069,0.168,0.4249,0.7262,0.4985,Medium,0.9637
RSK005070,CUS-005070,0.1443,0.1292,0.3346,0.2364,Low,0.7521
RSK005071,CUS-005071,0.4483,0.1313,0.6329,0.4772,Medium,0.9473
RSK005072,CUS-005072,0.5094,0.1314,0.01,0.1841,Low,0.8111
RSK005073,CUS-005073,0.6283,0.4129,0.5957,0.5689,Medium,0.7372
RSK005074,CUS-005074,0.7882,0.1609,0.4048,0.471,Medium,0.8273
RSK005075,CUS-005075,0.4855,0.2992,0.7839,0.5974,Medium,0.7295
RSK005076,CUS-005076,0.8703,0.1133,0.4016,0.4846,Medium,0.9676
RSK005077,CUS-005077,0.6324,0.3068,0.3584,0.4303,Medium,0.7658
RSK005078,CUS-005078,0.6512,0.3756,0.2932,0.4171,Medium,0.8371
RSK005079,CUS-005079,0.4951,0.1972,0.4,0.388,Low,0.7154
RSK005080,CUS-005080,0.5638,0.3015,0.4532,0.456,Medium,0.9298
RSK005081,CUS-005081,0.6512,0.4972,0.5602,0.5749,Medium,0.9622
RSK005082,CUS-005082,0.5255,0.2739,0.4189,0.4219,Medium,0.8747
RSK005083,CUS-005083,0.6645,0.4488,0.4468,0.5125,Medium,0.7835
RSK005084,CUS-005084,0.3417,0.3484,0.2213,0.2828,Low,0.9724
RSK005085,CUS-005085,0.3518,0.4215,0.5705,0.4751,Medium,0.9204
RSK005086,CUS-005086,0.2124,0.2555,0.287,0.2583,Low,0.8829
RSK005087,CUS-005087,0.1375,0.382,0.3837,0.3095,Low,0.9139
RSK005088,CUS-005088,0.296,0.4207,0.7589,0.5524,Medium,0.7144
RSK005089,CUS-005089,0.1522,0.34,0.604,0.4157,Medium,0.9519
RSK005090,CUS-005090,0.375,0.2441,0.3333,0.328,Low,0.831
RSK005091,CUS-005091,0.3719,0.3652,0.4978,0.4335,Medium,0.8586
RSK005092,CUS-005092,0.2424,0.2806,0.8451,0.5514,Medium,0.9748
RSK005093,CUS-005093,0.492,0.1896,0.5066,0.4388,Medium,0.8688
RSK005094,CUS-005094,0.616,0.3665,0.1486,0.3324,Low,0.938
RSK005095,CUS-005095,0.465,0.1201,0.3449,0.336,Low,0.8143
RSK005096,CUS-005096,0.6888,0.3143,0.0547,0.2969,Low,0.9612
RSK005097,CUS-005097,0.8095,0.4633,0.2472,0.4591,Medium,0.8116
RSK005098,CUS-005098,0.7101,0.2346,0.01,0.2649,Low,0.8413
RSK005099,CUS-005099,0.466,0.1656,0.1588,0.2523,Low,0.9724
RSK005100,CUS-005100,0.5513,0.2625,0.4543,0.445,Medium,0.8712
RSK005101,CUS-005101,0.878,0.4746,0.5889,0.6528,Medium,0.9507
RSK005102,CUS-005102,0.4735,0.3912,0.108,0.2743,Low,0.7759
RSK005103,CUS-005103,0.4401,0.126,0.7572,0.5358,Medium,0.793
RSK005104,CUS-005104,0.5553,0.2952,0.0162,0.2337,Low,0.95
RSK005105,CUS-005105,0.2143,0.323,0.2088,0.2333,Low,0.7135
RSK005106,CUS-005106,0.2571,0.2204,0.465,0.3537,Low,0.7957
RSK005107,CUS-005107,0.866,0.2157,0.8518,0.7288,High,0.7325
RSK005108,CUS-005108,0.8129,0.2444,0.0853,0.3354,Low,0.8404
RSK005109,CUS-005109,0.6377,0.3819,0.0477,0.2915,Low,0.9428
RSK005110,CUS-005110,0.298,0.1311,0.01,0.1206,Low,0.9484
RSK005111,CUS-005111,0.7922,0.304,0.4758,0.5364,Medium,0.9431
RSK005112,CUS-005112,0.2038,0.2749,0.3192,0.2757,Low,0.7077
RSK005113,CUS-005113,0.2132,0.3121,0.3036,0.2782,Low,0.9323
RSK005114,CUS-005114,0.2036,0.4243,0.0256,0.1587,Low,0.9018
RSK005115,CUS-005115,0.3857,0.4851,0.0439,0.2347,Low,0.8561
RSK005116,CUS-005116,0.1019,0.3951,0.782,0.5006,Medium,0.8641
RSK005117,CUS-005117,0.5291,0.1456,0.7748,0.5753,Medium,0.7464
RSK005118,CUS-005118,0.7569,0.1278,0.1134,0.3093,Low,0.7707
RSK005119,CUS-005119,0.3455,0.4744,0.2167,0.3069,Low,0.7612
RSK005120,CUS-005120,0.1969,0.322,0.1593,0.2031,Low,0.9697
RSK005121,CUS-005121,0.3931,0.4155,0.3106,0.3563,Low,0.9648
RSK005122,CUS-005122,0.254,0.4336,0.2424,0.2841,Low,0.7118
RSK005123,CUS-005123,0.4898,0.3781,0.1363,0.2907,Low,0.9201
RSK005124,CUS-005124,0.2795,0.4985,0.0461,0.2066,Low,0.7602
RSK005125,CUS-005125,0.8172,0.2773,0.3582,0.4797,Medium,0.8849
RSK005126,CUS-005126,0.2155,0.4214,0.3461,0.322,Low,0.7262
RSK005127,CUS-005127,0.3679,0.1542,0.3312,0.3068,Low,0.9319
RSK005128,CUS-005128,0.1132,0.1298,0.4755,0.2977,Low,0.751
RSK005129,CUS-005129,0.6492,0.1188,0.6473,0.5422,Medium,0.711
RSK005130,CUS-005130,0.5289,0.2481,0.8142,0.6154,Medium,0.8959
RSK005131,CUS-005131,0.7708,0.2401,0.2586,0.4086,Medium,0.8159
RSK005132,CUS-005132,0.1081,0.4635,0.1116,0.1809,Low,0.8466
RSK005133,CUS-005133,0.121,0.1809,0.5842,0.3646,Low,0.745
RSK005134,CUS-005134,0.7183,0.1166,0.1722,0.3249,Low,0.8764
RSK005135,CUS-005135,0.7534,0.2649,0.4828,0.5204,Medium,0.8658
RSK005136,CUS-005136,0.3295,0.3774,0.8319,0.5903,Medium,0.9205
RSK005137,CUS-005137,0.6788,0.1929,0.6655,0.575,Medium,0.946
RSK005138,CUS-005138,0.1798,0.1591,0.5309,0.3512,Low,0.7799
RSK005139,CUS-005139,0.4272,0.252,0.6995,0.5283,Medium,0.7576
RSK005140,CUS-005140,0.6963,0.304,0.6993,0.6193,Medium,0.9746
RSK005141,CUS-005141,0.3242,0.1052,0.6296,0.4331,Medium,0.9736
RSK005142,CUS-005142,0.2263,0.4491,0.44,0.3777,Low,0.9009
RSK005143,CUS-005143,0.8244,0.1198,0.5305,0.5365,Medium,0.7346
RSK005144,CUS-005144,0.2744,0.438,0.7942,0.567,Medium,0.8351
RSK005145,CUS-005145,0.7369,0.2487,0.141,0.3413,Low,0.9742
RSK005146,CUS-005146,0.3819,0.4749,0.2854,0.3523,Low,0.7979
RSK005147,CUS-005147,0.7137,0.4648,0.1122,0.3632,Low,0.835
RSK005148,CUS-005148,0.1438,0.361,0.3452,0.2879,Low,0.7347
RSK005149,CUS-005149,0.2208,0.3667,0.4867,0.3829,Low,0.7506
RSK005150,CUS-005150,0.3298,0.2375,0.1272,0.21,Low,0.7443
RSK005151,CUS-005151,0.4417,0.236,0.3687,0.3641,Low,0.7981
RSK005152,CUS-005152,0.3848,0.2048,0.3253,0.319,Low,0.8434
RSK005153,CUS-005153,0.1304,0.292,0.1987,0.1969,Low,0.9874
RSK005154,CUS-005154,0.3299,0.2991,0.5056,0.4116,Medium,0.7467
RSK005155,CUS-005155,0.2106,0.4705,0.6447,0.4796,Medium,0.7893
RSK005156,CUS-005156,0.4824,0.4615,0.3043,0.3892,Low,0.7199
RSK005157,CUS-005157,0.6321,0.1224,0.1264,0.2773,Low,0.9208
RSK005158,CUS-005158,0.7394,0.2971,0.7907,0.6766,Medium,0.968
RSK005159,CUS-005159,0.6735,0.1394,0.7631,0.6115,Medium,0.8556
RSK005160,CUS-005160,0.4392,0.1993,0.2539,0.2986,Low,0.7691
RSK005161,CUS-005161,0.8699,0.1841,0.01,0.3028,Low,0.8114
RSK005162,CUS-005162,0.1835,0.2429,0.8708,0.539,Medium,0.9443
RSK005163,CUS-005163,0.8313,0.4644,0.2348,0.4597,Medium,0.9234
RSK005164,CUS-005164,0.1103,0.389,0.3464,0.2841,Low,0.7657
RSK005165,CUS-005165,0.8898,0.1841,0.1478,0.3777,Low,0.9098
RSK005166,CUS-005166,0.3128,0.1238,0.4483,0.3427,Low,0.8577
RSK005167,CUS-005167,0.8892,0.1279,0.3451,0.4649,Medium,0.8652
RSK005168,CUS-005168,0.8903,0.2926,0.4922,0.5717,Medium,0.9486
RSK005169,CUS-005169,0.4672,0.4584,0.1904,0.327,Low,0.8065
RSK005170,CUS-005170,0.4585,0.4946,0.4244,0.4487,Medium,0.8662
RSK005171,CUS-005171,0.8647,0.1053,0.0878,0.3244,Low,0.9698
RSK005172,CUS-005172,0.5839,0.4141,0.01,0.263,Low,0.8171
RSK005173,CUS-005173,0.4732,0.2053,0.7924,0.5792,Medium,0.7205
RSK005174,CUS-005174,0.7329,0.4083,0.1963,0.3997,Low,0.7937
RSK005175,CUS-005175,0.8673,0.3081,0.456,0.5498,Medium,0.989
RSK005176,CUS-005176,0.1925,0.3226,0.5452,0.3949,Low,0.8555
RSK005177,CUS-005177,0.8889,0.1945,0.2203,0.4157,Medium,0.7981
RSK005178,CUS-005178,0.2201,0.3047,0.5202,0.3871,Low,0.953
RSK005179,CUS-005179,0.8676,0.2533,0.4026,0.5122,Medium,0.9423
RSK005180,CUS-005180,0.3946,0.1819,0.7543,0.5319,Medium,0.8271
RSK005181,CUS-005181,0.7951,0.3628,0.5067,0.5644,Medium,0.8837
RSK005182,CUS-005182,0.3196,0.2179,0.7269,0.5029,Medium,0.7275
RSK005183,CUS-005183,0.2762,0.2052,0.3081,0.278,Low,0.9242
RSK005184,CUS-005184,0.2192,0.1222,0.1643,0.1724,Low,0.7787
RSK005185,CUS-005185,0.6745,0.2887,0.2352,0.3777,Low,0.9189
RSK005186,CUS-005186,0.1639,0.4326,0.3322,0.3018,Low,0.8826
RSK005187,CUS-005187,0.2086,0.3581,0.6281,0.4483,Medium,0.987
RSK005188,CUS-005188,0.4743,0.3571,0.6084,0.5179,Medium,0.7077
RSK005189,CUS-005189,0.2931,0.385,0.3169,0.3234,Low,0.9143
RSK005190,CUS-005190,0.7294,0.2729,0.1292,0.338,Low,0.8378
RSK005191,CUS-005191,0.644,0.3,0.5357,0.5211,Medium,0.9419
RSK005192,CUS-005192,0.4831,0.1169,0.0567,0.1967,Low,0.7891
RSK005193,CUS-005193,0.2937,0.1086,0.2457,0.2327,Low,0.8167
RSK005194,CUS-005194,0.496,0.2595,0.5673,0.4844,Medium,0.7666
RSK005195,CUS-005195,0.1438,0.3258,0.0869,0.1517,Low,0.792
RSK005196,CUS-005196,0.873,0.1747,0.1462,0.3699,Low,0.8035
RSK005197,CUS-005197,0.678,0.1579,0.4933,0.4816,Medium,0.8272
RSK005198,CUS-005198,0.5575,0.2829,0.4061,0.4269,Medium,0.922
RSK005199,CUS-005199,0.8582,0.383,0.595,0.6316,Medium,0.956
RSK005200,CUS-005200,0.3181,0.4543,0.5018,0.4372,Medium,0.8366
RSK005201,CUS-005201,0.7378,0.2287,0.444,0.4891,Medium,0.7254
RSK005202,CUS-005202,0.3442,0.1153,0.6381,0.4454,Medium,0.8253
RSK005203,CUS-005203,0.73,0.298,0.6595,0.6083,Medium,0.8082
RSK005204,CUS-005204,0.823,0.3075,0.7249,0.6708,Medium,0.9672
RSK005205,CUS-005205,0.1136,0.1514,0.3496,0.2392,Low,0.8806
RSK005206,CUS-005206,0.5064,0.2332,0.5729,0.485,Medium,0.7634
RSK005207,CUS-005207,0.7552,0.3166,0.7916,0.6857,Medium,0.7456
RSK005208,CUS-005208,0.2808,0.1227,0.6802,0.4489,Medium,0.8595
RSK005209,CUS-005209,0.5598,0.4863,0.682,0.6062,Medium,0.9278
RSK005210,CUS-005210,0.5839,0.1044,0.2876,0.3398,Low,0.8138
RSK005211,CUS-005211,0.4764,0.1511,0.6116,0.4789,Medium,0.7068
RSK005212,CUS-005212,0.7047,0.4196,0.7609,0.6758,Medium,0.7801
RSK005213,CUS-005213,0.4778,0.253,0.5186,0.4532,Medium,0.9424
RSK005214,CUS-005214,0.8897,0.4083,0.1834,0.4403,Medium,0.9089
RSK005215,CUS-005215,0.4791,0.2191,0.7077,0.5414,Medium,0.8899
RSK005216,CUS-005216,0.7835,0.286,0.7121,0.6483,Medium,0.7553
RSK005217,CUS-005217,0.3159,0.2931,0.3326,0.3197,Low,0.7061
RSK005218,CUS-005218,0.7933,0.1089,0.1268,0.3232,Low,0.8543
RSK005219,CUS-005219,0.666,0.3883,0.1263,0.3406,Low,0.885
RSK005220,CUS-005220,0.6027,0.3362,0.5656,0.5308,Medium,0.9376
RSK005221,CUS-005221,0.4092,0.1293,0.5508,0.424,Medium,0.7978
RSK005222,CUS-005222,0.3032,0.4627,0.474,0.4205,Medium,0.7827
RSK005223,CUS-005223,0.6745,0.1444,0.1077,0.2851,Low,0.8579
RSK005224,CUS-005224,0.7562,0.2044,0.0646,0.3,Low,0.932
RSK005225,CUS-005225,0.2504,0.2943,0.516,0.392,Low,0.8496
RSK005226,CUS-005226,0.3439,0.4937,0.3759,0.3899,Low,0.9458
RSK005227,CUS-005227,0.1572,0.1937,0.423,0.2974,Low,0.9565
RSK005228,CUS-005228,0.1181,0.2191,0.494,0.3263,Low,0.7627
RSK005229,CUS-005229,0.3141,0.1025,0.8085,0.519,Medium,0.9738
RSK005230,CUS-005230,0.1251,0.1431,0.2538,0.1931,Low,0.8715
RSK005231,CUS-005231,0.622,0.159,0.7641,0.6005,Medium,0.8416
RSK005232,CUS-005232,0.6787,0.3071,0.0962,0.3131,Low,0.8143
RSK005233,CUS-005233,0.5434,0.4059,0.4918,0.4901,Medium,0.9813
RSK005234,CUS-005234,0.4249,0.1787,0.3082,0.3173,Low,0.8085
RSK005235,CUS-005235,0.4806,0.4449,0.2909,0.3786,Low,0.9832
RSK005236,CUS-005236,0.224,0.2573,0.05,0.1437,Low,0.7654
RSK005237,CUS-005237,0.455,0.2121,0.1761,0.267,Low,0.8727
RSK005238,CUS-005238,0.8711,0.2405,0.2471,0.433,Medium,0.9482
RSK005239,CUS-005239,0.7809,0.152,0.3649,0.4471,Medium,0.9747
RSK005240,CUS-005240,0.371,0.4004,0.3293,0.356,Low,0.8968
RSK005241,CUS-005241,0.2362,0.3887,0.167,0.2321,Low,0.7866
RSK005242,CUS-005242,0.2187,0.2707,0.565,0.4022,Medium,0.7757
RSK005243,CUS-005243,0.6951,0.2614,0.1227,0.3222,Low,0.8741
RSK005244,CUS-005244,0.1383,0.3734,0.3329,0.2826,Low,0.7351
RSK005245,CUS-005245,0.6904,0.4075,0.7425,0.6599,Medium,0.9533
RSK005246,CUS-005246,0.7106,0.1629,0.7378,0.6147,Medium,0.9438
RSK005247,CUS-005247,0.2056,0.2736,0.3141,0.2734,Low,0.8538
RSK005248,CUS-005248,0.4793,0.1904,0.01,0.1869,Low,0.8619
RSK005249,CUS-005249,0.5081,0.4001,0.0861,0.2755,Low,0.7428
RSK005250,CUS-005250,0.649,0.4276,0.091,0.3257,Low,0.8842
RSK005251,CUS-005251,0.1418,0.2529,0.333,0.2596,Low,0.9793
RSK005252,CUS-005252,0.2403,0.2293,0.6021,0.419,Medium,0.908
RSK005253,CUS-005253,0.8505,0.41,0.2684,0.4713,Medium,0.7777
RSK005254,CUS-005254,0.118,0.3326,0.5032,0.3535,Low,0.7673
RSK005255,CUS-005255,0.753,0.1741,0.8315,0.6765,Medium,0.9427
RSK005256,CUS-005256,0.6806,0.3135,0.6781,0.6059,Medium,0.9467
RSK005257,CUS-005257,0.8401,0.1145,0.2929,0.4214,Medium,0.8416
RSK005258,CUS-005258,0.5329,0.4542,0.3386,0.42,Medium,0.8236
RSK005259,CUS-005259,0.6337,0.2703,0.6411,0.5647,Medium,0.9547
RSK005260,CUS-005260,0.6828,0.3953,0.2811,0.4244,Medium,0.843
RSK005261,CUS-005261,0.4978,0.1863,0.5464,0.4598,Medium,0.8513
RSK005262,CUS-005262,0.2016,0.1447,0.8171,0.498,Medium,0.9744
RSK005263,CUS-005263,0.2917,0.4374,0.1648,0.2574,Low,0.9809
RSK005264,CUS-005264,0.2944,0.3357,0.4093,0.3601,Low,0.8162
RSK005265,CUS-005265,0.619,0.1814,0.099,0.2715,Low,0.7263
RSK005266,CUS-005266,0.2308,0.4974,0.7508,0.5441,Medium,0.9315
RSK005267,CUS-005267,0.3102,0.4517,0.306,0.3364,Low,0.9887
RSK005268,CUS-005268,0.3563,0.1047,0.665,0.4603,Medium,0.8065
RSK005269,CUS-005269,0.6564,0.1953,0.029,0.2505,Low,0.7423
RSK005270,CUS-005270,0.1033,0.2177,0.0743,0.1117,Low,0.7568
RSK005271,CUS-005271,0.498,0.1744,0.3682,0.3684,Low,0.7168
RSK005272,CUS-005272,0.4356,0.2009,0.6104,0.4761,Medium,0.706
RSK005273,CUS-005273,0.2523,0.3149,0.4401,0.3587,Low,0.822
RSK005274,CUS-005274,0.3456,0.4619,0.309,0.3506,Low,0.905
RSK005275,CUS-005275,0.4957,0.4782,0.8285,0.6586,Medium,0.7939
RSK005276,CUS-005276,0.3169,0.2888,0.4183,0.362,Low,0.9182
RSK005277,CUS-005277,0.5158,0.2276,0.3149,0.3577,Low,0.8552
RSK005278,CUS-005278,0.544,0.1194,0.4553,0.4147,Medium,0.7106
RSK005279,CUS-005279,0.4256,0.2976,0.7829,0.5786,Medium,0.7996
RSK005280,CUS-005280,0.2547,0.3715,0.5688,0.4351,Medium,0.7295
RSK005281,CUS-005281,0.3415,0.1409,0.3818,0.3215,Low,0.904
RSK005282,CUS-005282,0.2884,0.4166,0.4063,0.373,Low,0.7847
RSK005283,CUS-005283,0.2768,0.373,0.6369,0.4761,Medium,0.7707
RSK005284,CUS-005284,0.3922,0.4559,0.2682,0.3429,Low,0.8451
RSK005285,CUS-005285,0.2052,0.2653,0.2577,0.2435,Low,0.9481
RSK005286,CUS-005286,0.7977,0.4738,0.6316,0.6499,Medium,0.9882
RSK005287,CUS-005287,0.7972,0.4543,0.1046,0.3823,Low,0.8616
RSK005288,CUS-005288,0.2686,0.2768,0.7414,0.5066,Medium,0.91
RSK005289,CUS-005289,0.4812,0.3043,0.322,0.3662,Low,0.9713
RSK005290,CUS-005290,0.6316,0.3562,0.3446,0.433,Medium,0.9649
RSK005291,CUS-005291,0.4038,0.4061,0.5003,0.4525,Medium,0.9518
RSK005292,CUS-005292,0.4953,0.4937,0.4425,0.4686,Medium,0.7591
RSK005293,CUS-005293,0.8381,0.3204,0.3927,0.5119,Medium,0.8678
RSK005294,CUS-005294,0.3451,0.3054,0.8239,0.5766,Medium,0.854
RSK005295,CUS-005295,0.3391,0.2025,0.3909,0.3377,Low,0.9308
RSK005296,CUS-005296,0.1007,0.3664,0.1701,0.1885,Low,0.7456
RSK005297,CUS-005297,0.7797,0.4222,0.0553,0.346,Low,0.8618
RSK005298,CUS-005298,0.7424,0.3562,0.4487,0.5183,Medium,0.7597
RSK005299,CUS-005299,0.149,0.2525,0.2934,0.2419,Low,0.766
RSK005300,CUS-005300,0.3885,0.3782,0.0501,0.2172,Low,0.9602
RSK005301,CUS-005301,0.3989,0.1812,0.553,0.4324,Medium,0.7945
RSK005302,CUS-005302,0.3965,0.161,0.3345,0.3184,Low,0.7405
RSK005303,CUS-005303,0.6824,0.2953,0.1806,0.3541,Low,0.8326
RSK005304,CUS-005304,0.2231,0.4967,0.5647,0.4486,Medium,0.9381
RSK005305,CUS-005305,0.3701,0.2403,0.242,0.2801,Low,0.8385
RSK005306,CUS-005306,0.6766,0.1326,0.5492,0.5041,Medium,0.8044
RSK005307,CUS-005307,0.8671,0.3821,0.6495,0.6613,Medium,0.7023
RSK005308,CUS-005308,0.582,0.2999,0.5247,0.4969,Medium,0.7202
RSK005309,CUS-005309,0.5154,0.1984,0.3136,0.3511,Low,0.7418
RSK005310,CUS-005310,0.3272,0.4468,0.4896,0.4323,Medium,0.7891
RSK005311,CUS-005311,0.2426,0.2767,0.4278,0.342,Low,0.9474
RSK005312,CUS-005312,0.7969,0.4423,0.8201,0.7376,High,0.7576
RSK005313,CUS-005313,0.18,0.3227,0.4358,0.3364,Low,0.9436
RSK005314,CUS-005314,0.331,0.2083,0.01,0.146,Low,0.7445
RSK005315,CUS-005315,0.6697,0.4601,0.5123,0.5491,Medium,0.8032
RSK005316,CUS-005316,0.8185,0.4487,0.3955,0.533,Medium,0.835
RSK005317,CUS-005317,0.8223,0.4108,0.0633,0.3605,Low,0.7643
RSK005318,CUS-005318,0.8267,0.346,0.01,0.3222,Low,0.8935
RSK005319,CUS-005319,0.8747,0.2348,0.6257,0.6222,Medium,0.9449
RSK005320,CUS-005320,0.6482,0.1358,0.2572,0.3502,Low,0.8196
RSK005321,CUS-005321,0.6717,0.2011,0.3879,0.4357,Medium,0.9856
RSK005322,CUS-005322,0.7251,0.3411,0.2858,0.4286,Medium,0.9059
RSK005323,CUS-005323,0.5347,0.2132,0.2421,0.3241,Low,0.8654
RSK005324,CUS-005324,0.747,0.2621,0.646,0.5995,Medium,0.8954
RSK005325,CUS-005325,0.4961,0.4255,0.3699,0.4189,Medium,0.7817
RSK005326,CUS-005326,0.381,0.454,0.4034,0.4068,Medium,0.9279
RSK005327,CUS-005327,0.436,0.4087,0.4276,0.4263,Medium,0.7127
RSK005328,CUS-005328,0.1517,0.3543,0.2397,0.2362,Low,0.7866
RSK005329,CUS-005329,0.2643,0.4298,0.6351,0.4828,Medium,0.9152
RSK005330,CUS-005330,0.1714,0.2471,0.0222,0.1119,Low,0.9432
RSK005331,CUS-005331,0.4296,0.1942,0.4736,0.4045,Medium,0.7212
RSK005332,CUS-005332,0.2964,0.3291,0.6283,0.4689,Medium,0.878
RSK005333,CUS-005333,0.6335,0.2538,0.2609,0.3713,Low,0.9547
RSK005334,CUS-005334,0.1074,0.381,0.2964,0.2566,Low,0.8161
RSK005335,CUS-005335,0.1579,0.2568,0.559,0.3782,Low,0.7913
RSK005336,CUS-005336,0.7051,0.3002,0.0948,0.319,Low,0.7237
RSK005337,CUS-005337,0.3081,0.3327,0.0711,0.1945,Low,0.961
RSK005338,CUS-005338,0.6821,0.2109,0.1016,0.2976,Low,0.987
RSK005339,CUS-005339,0.8819,0.1611,0.5231,0.5583,Medium,0.8513
RSK005340,CUS-005340,0.4173,0.3009,0.495,0.4329,Medium,0.7127
RSK005341,CUS-005341,0.4827,0.1924,0.7003,0.5334,Medium,0.807
RSK005342,CUS-005342,0.1412,0.19,0.5832,0.372,Low,0.8029
RSK005343,CUS-005343,0.5034,0.1763,0.0821,0.2273,Low,0.8618
RSK005344,CUS-005344,0.2318,0.4988,0.0701,0.2044,Low,0.8447
RSK005345,CUS-005345,0.311,0.1121,0.545,0.3882,Low,0.958
RSK005346,CUS-005346,0.877,0.353,0.5075,0.5875,Medium,0.9006
RSK005347,CUS-005347,0.3559,0.4686,0.0487,0.2248,Low,0.72
RSK005348,CUS-005348,0.7257,0.4616,0.5966,0.6083,Medium,0.831
RSK005349,CUS-005349,0.6252,0.1632,0.5417,0.491,Medium,0.8588
RSK005350,CUS-005350,0.5831,0.1388,0.3708,0.3881,Low,0.8998
RSK005351,CUS-005351,0.4337,0.1467,0.7607,0.5398,Medium,0.7029
RSK005352,CUS-005352,0.2923,0.1276,0.7323,0.4794,Medium,0.7744
RSK005353,CUS-005353,0.4296,0.3453,0.4254,0.4106,Medium,0.8731
RSK005354,CUS-005354,0.4811,0.3527,0.0188,0.2243,Low,0.8507
RSK005355,CUS-005355,0.8536,0.3446,0.5344,0.5922,Medium,0.8275
RSK005356,CUS-005356,0.8965,0.3744,0.1983,0.443,Medium,0.7198
RSK005357,CUS-005357,0.7739,0.4253,0.5245,0.5795,Medium,0.9834
RSK005358,CUS-005358,0.6218,0.1283,0.3367,0.3806,Low,0.9823
RSK005359,CUS-005359,0.4018,0.1063,0.2896,0.2866,Low,0.8512
RSK005360,CUS-005360,0.498,0.4014,0.739,0.5992,Medium,0.7844
RSK005361,CUS-005361,0.8902,0.1714,0.1668,0.3847,Low,0.7148
RSK005362,CUS-005362,0.445,0.4703,0.0869,0.271,Low,0.8278
RSK005363,CUS-005363,0.4543,0.362,0.4735,0.4454,Medium,0.7781
RSK005364,CUS-005364,0.7865,0.1647,0.2214,0.3796,Low,0.9196
RSK005365,CUS-005365,0.4247,0.1922,0.1022,0.217,Low,0.7285
RSK005366,CUS-005366,0.7706,0.4843,0.2147,0.4354,Medium,0.7394
RSK005367,CUS-005367,0.4766,0.3142,0.5866,0.4991,Medium,0.9168
RSK005368,CUS-005368,0.7247,0.1645,0.7274,0.614,Medium,0.7322
RSK005369,CUS-005369,0.1309,0.1568,0.089,0.1151,Low,0.7139
RSK005370,CUS-005370,0.4697,0.4823,0.0203,0.2475,Low,0.8463
RSK005371,CUS-005371,0.1891,0.4943,0.4826,0.3969,Low,0.748
RSK005372,CUS-005372,0.8643,0.2942,0.3892,0.5127,Medium,0.7067
RSK005373,CUS-005373,0.6411,0.3248,0.6088,0.5617,Medium,0.9465
RSK005374,CUS-005374,0.5571,0.2113,0.1554,0.2871,Low,0.9778
RSK005375,CUS-005375,0.6287,0.4783,0.7179,0.6432,Medium,0.8454
RSK005376,CUS-005376,0.5253,0.2264,0.01,0.2079,Low,0.9308
RSK005377,CUS-005377,0.1518,0.2752,0.4391,0.3201,Low,0.7234
RSK005378,CUS-005378,0.3676,0.191,0.4857,0.3913,Low,0.7827
RSK005379,CUS-005379,0.4981,0.4347,0.6692,0.571,Medium,0.8563
RSK005380,CUS-005380,0.3378,0.4026,0.6642,0.514,Medium,0.8123
RSK005381,CUS-005381,0.8645,0.1615,0.3898,0.4866,Medium,0.9722
RSK005382,CUS-005382,0.5585,0.3626,0.4491,0.4646,Medium,0.9174
RSK005383,CUS-005383,0.6429,0.346,0.1381,0.3311,Low,0.8181
RSK005384,CUS-005384,0.2337,0.3946,0.0819,0.19,Low,0.8849
RSK005385,CUS-005385,0.7165,0.1868,0.5729,0.5388,Medium,0.8686
RSK005386,CUS-005386,0.5574,0.1314,0.1225,0.2548,Low,0.9408
RSK005387,CUS-005387,0.1954,0.3642,0.1543,0.2086,Low,0.8662
RSK005388,CUS-005388,0.1259,0.2019,0.0204,0.0884,Low,0.8241
RSK005389,CUS-005389,0.2779,0.3711,0.7716,0.5434,Medium,0.8317
RSK005390,CUS-005390,0.5252,0.2221,0.4424,0.4232,Medium,0.764
RSK005391,CUS-005391,0.3015,0.3888,0.1838,0.2601,Low,0.8467
RSK005392,CUS-005392,0.3209,0.396,0.334,0.3425,Low,0.827
RSK005393,CUS-005393,0.6667,0.235,0.2593,0.3767,Low,0.8416
RSK005394,CUS-005394,0.3625,0.3185,0.1415,0.2432,Low,0.7215
RSK005395,CUS-005395,0.2307,0.3934,0.3001,0.2979,Low,0.8874
RSK005396,CUS-005396,0.8639,0.2856,0.4043,0.5184,Medium,0.7533
RSK005397,CUS-005397,0.753,0.4984,0.247,0.4491,Medium,0.713
RSK005398,CUS-005398,0.5306,0.3863,0.3064,0.3896,Low,0.8279
RSK005399,CUS-005399,0.8905,0.1367,0.5539,0.5714,Medium,0.8224
RSK005400,CUS-005400,0.6207,0.2721,0.01,0.2456,Low,0.8093
RSK005401,CUS-005401,0.513,0.251,0.5677,0.4879,Medium,0.8425
RSK005402,CUS-005402,0.8971,0.2472,0.6133,0.6252,Medium,0.8197
RSK005403,CUS-005403,0.7107,0.3062,0.7603,0.6546,Medium,0.8905
RSK005404,CUS-005404,0.3657,0.3777,0.2759,0.3232,Low,0.8589
RSK005405,CUS-005405,0.255,0.4319,0.2321,0.2789,Low,0.8091
RSK005406,CUS-005406,0.8418,0.4968,0.2522,0.478,Medium,0.8882
RSK005407,CUS-005407,0.513,0.4478,0.3864,0.4367,Medium,0.8198
RSK005408,CUS-005408,0.6772,0.3043,0.8598,0.6939,Medium,0.974
RSK005409,CUS-005409,0.5995,0.3152,0.0123,0.249,Low,0.9252
RSK005410,CUS-005410,0.2483,0.1844,0.461,0.3419,Low,0.7845
RSK005411,CUS-005411,0.1594,0.2946,0.545,0.3792,Low,0.8446
RSK005412,CUS-005412,0.3078,0.2936,0.2694,0.2858,Low,0.8913
RSK005413,CUS-005413,0.7298,0.2937,0.723,0.6392,Medium,0.976
RSK005414,CUS-005414,0.681,0.2097,0.0748,0.2836,Low,0.7508
RSK005415,CUS-005415,0.2627,0.486,0.0652,0.2086,Low,0.709
RSK005416,CUS-005416,0.5033,0.2605,0.4142,0.4102,Medium,0.909
RSK005417,CUS-005417,0.3283,0.4489,0.0407,0.2086,Low,0.8753
RSK005418,CUS-005418,0.1325,0.2846,0.2949,0.2441,Low,0.8531
RSK005419,CUS-005419,0.2729,0.1252,0.6102,0.412,Medium,0.7163
RSK005420,CUS-005420,0.6312,0.3718,0.5067,0.5171,Medium,0.7761
RSK005421,CUS-005421,0.4017,0.4789,0.7812,0.6069,Medium,0.7209
RSK005422,CUS-005422,0.7637,0.298,0.1559,0.3667,Low,0.9379
RSK005423,CUS-005423,0.871,0.2475,0.4069,0.5142,Medium,0.9335
RSK005424,CUS-005424,0.4505,0.3342,0.6589,0.5314,Medium,0.8765
RSK005425,CUS-005425,0.2039,0.4821,0.8102,0.5627,Medium,0.7967
RSK005426,CUS-005426,0.8499,0.2931,0.5491,0.5881,Medium,0.8261
RSK005427,CUS-005427,0.3467,0.1723,0.4334,0.3552,Low,0.8727
RSK005428,CUS-005428,0.5175,0.325,0.3191,0.3798,Low,0.9013
RSK005429,CUS-005429,0.5082,0.13,0.01,0.1835,Low,0.9412
RSK005430,CUS-005430,0.3788,0.235,0.8082,0.5647,Medium,0.7953
RSK005431,CUS-005431,0.8786,0.3819,0.1356,0.4078,Medium,0.7322
RSK005432,CUS-005432,0.6667,0.2971,0.4488,0.4838,Medium,0.8788
RSK005433,CUS-005433,0.8616,0.3677,0.8496,0.7568,High,0.9471
RSK005434,CUS-005434,0.8924,0.1235,0.3214,0.4531,Medium,0.7559
RSK005435,CUS-005435,0.5666,0.1839,0.783,0.5983,Medium,0.9774
RSK005436,CUS-005436,0.6271,0.4421,0.0252,0.2892,Low,0.8043
RSK005437,CUS-005437,0.7564,0.2852,0.5484,0.5582,Medium,0.9074
RSK005438,CUS-005438,0.2665,0.1503,0.241,0.2305,Low,0.7069
RSK005439,CUS-005439,0.6709,0.162,0.6862,0.5768,Medium,0.8518
RSK005440,CUS-005440,0.7,0.2064,0.6063,0.5544,Medium,0.8009
RSK005441,CUS-005441,0.1757,0.4033,0.2309,0.2488,Low,0.7805
RSK005442,CUS-005442,0.5347,0.3831,0.441,0.4575,Medium,0.9329
RSK005443,CUS-005443,0.8461,0.3468,0.0341,0.3402,Low,0.813
RSK005444,CUS-005444,0.4634,0.1046,0.1061,0.213,Low,0.9081
RSK005445,CUS-005445,0.8694,0.1621,0.696,0.6412,Medium,0.7904
RSK005446,CUS-005446,0.3629,0.3592,0.0217,0.1916,Low,0.7381
RSK005447,CUS-005447,0.7286,0.215,0.01,0.2666,Low,0.7799
RSK005448,CUS-005448,0.5176,0.3307,0.6779,0.5604,Medium,0.9366
RSK005449,CUS-005449,0.2601,0.2432,0.7231,0.4882,Medium,0.8027
RSK005450,CUS-005450,0.7112,0.3759,0.4785,0.5278,Medium,0.799
RSK005451,CUS-005451,0.8351,0.1494,0.6865,0.6237,Medium,0.9184
RSK005452,CUS-005452,0.8477,0.4824,0.3382,0.5199,Medium,0.7707
RSK005453,CUS-005453,0.4271,0.3662,0.1774,0.2901,Low,0.9772
RSK005454,CUS-005454,0.6143,0.2932,0.4745,0.4802,Medium,0.8868
RSK005455,CUS-005455,0.55,0.3813,0.3023,0.3924,Low,0.9433
RSK005456,CUS-005456,0.541,0.2957,0.4595,0.4512,Medium,0.7157
RSK005457,CUS-005457,0.4218,0.4577,0.3823,0.4092,Medium,0.9358
RSK005458,CUS-005458,0.5134,0.4675,0.7281,0.6116,Medium,0.7549
RSK005459,CUS-005459,0.1477,0.228,0.6482,0.414,Medium,0.7821
RSK005460,CUS-005460,0.2158,0.3477,0.4596,0.3641,Low,0.7648
RSK005461,CUS-005461,0.1182,0.2473,0.7442,0.457,Medium,0.7419
RSK005462,CUS-005462,0.1484,0.3202,0.1587,0.1879,Low,0.7857
RSK005463,CUS-005463,0.7527,0.1231,0.6083,0.5546,Medium,0.888
RSK005464,CUS-005464,0.8212,0.4627,0.0589,0.3684,Low,0.8768
RSK005465,CUS-005465,0.833,0.372,0.4829,0.5657,Medium,0.7608
RSK005466,CUS-005466,0.4282,0.379,0.2343,0.3214,Low,0.8503
RSK005467,CUS-005467,0.2311,0.3694,0.6804,0.4834,Medium,0.8688
RSK005468,CUS-005468,0.3086,0.3979,0.6855,0.5149,Medium,0.7368
RSK005469,CUS-005469,0.5369,0.3483,0.7177,0.5896,Medium,0.8322
RSK005470,CUS-005470,0.5714,0.2884,0.51,0.4841,Medium,0.8169
RSK005471,CUS-005471,0.1294,0.4359,0.2253,0.2387,Low,0.7923
RSK005472,CUS-005472,0.2871,0.4862,0.1188,0.2428,Low,0.9475
RSK005473,CUS-005473,0.8446,0.376,0.0476,0.3524,Low,0.948
RSK005474,CUS-005474,0.5145,0.3946,0.3975,0.432,Medium,0.9659
RSK005475,CUS-005475,0.1904,0.4888,0.3674,0.3386,Low,0.9532
RSK005476,CUS-005476,0.2485,0.1444,0.5054,0.3561,Low,0.8744
RSK005477,CUS-005477,0.6873,0.16,0.4623,0.4693,Medium,0.9258
RSK005478,CUS-005478,0.747,0.3585,0.6098,0.6007,Medium,0.7665
RSK005479,CUS-005479,0.2787,0.1147,0.01,0.1116,Low,0.9803
RSK005480,CUS-005480,0.672,0.111,0.1933,0.3205,Low,0.9701
RSK005481,CUS-005481,0.3273,0.2147,0.4369,0.3596,Low,0.9322
RSK005482,CUS-005482,0.6584,0.215,0.5393,0.5102,Medium,0.7038
RSK005483,CUS-005483,0.7115,0.2876,0.0173,0.2796,Low,0.7389
RSK005484,CUS-005484,0.3303,0.113,0.2168,0.2301,Low,0.7048
RSK005485,CUS-005485,0.2675,0.4695,0.3007,0.3245,Low,0.724
RSK005486,CUS-005486,0.8075,0.1185,0.6127,0.5723,Medium,0.7538
RSK005487,CUS-005487,0.3308,0.1969,0.4619,0.3696,Low,0.7779
RSK005488,CUS-005488,0.5854,0.2169,0.6259,0.532,Medium,0.8159
RSK005489,CUS-005489,0.7556,0.4825,0.3924,0.5194,Medium,0.7764
RSK005490,CUS-005490,0.1645,0.4629,0.6031,0.4435,Medium,0.735
RSK005491,CUS-005491,0.3586,0.1563,0.1727,0.2252,Low,0.8874
RSK005492,CUS-005492,0.3652,0.3485,0.2541,0.3063,Low,0.8203
RSK005493,CUS-005493,0.5654,0.4396,0.2863,0.4007,Medium,0.9505
RSK005494,CUS-005494,0.7693,0.4998,0.3604,0.511,Medium,0.8094
RSK005495,CUS-005495,0.4165,0.3865,0.1572,0.2809,Low,0.8685
RSK005496,CUS-005496,0.3934,0.1251,0.1531,0.2196,Low,0.8778
RSK005497,CUS-005497,0.1563,0.4722,0.0707,0.1767,Low,0.7386
RSK005498,CUS-005498,0.6091,0.3347,0.1365,0.3179,Low,0.738
RSK005499,CUS-005499,0.5574,0.2789,0.3387,0.3924,Low,0.8971
RSK005500,CUS-005500,0.5934,0.4458,0.01,0.2722,Low,0.7269
RSK005501,CUS-005501,0.5322,0.4966,0.1077,0.3128,Low,0.9854
RSK005502,CUS-005502,0.8505,0.4574,0.4737,0.5835,Medium,0.8786
RSK005503,CUS-005503,0.2287,0.4772,0.8243,0.5762,Medium,0.8262
RSK005504,CUS-005504,0.4801,0.4019,0.2641,0.3565,Low,0.8427
RSK005505,CUS-005505,0.1619,0.3427,0.1648,0.1995,Low,0.8777
RSK005506,CUS-005506,0.1503,0.2785,0.4598,0.3307,Low,0.7976
RSK005507,CUS-005507,0.468,0.4018,0.074,0.2578,Low,0.9258
RSK005508,CUS-005508,0.7244,0.1361,0.3308,0.4099,Medium,0.9458
RSK005509,CUS-005509,0.6923,0.1141,0.5603,0.5107,Medium,0.8115
RSK005510,CUS-005510,0.6742,0.4585,0.3863,0.4871,Medium,0.724
RSK005511,CUS-005511,0.4188,0.2927,0.7852,0.5768,Medium,0.8753
RSK005512,CUS-005512,0.1871,0.4317,0.01,0.1475,Low,0.706
RSK005513,CUS-005513,0.2562,0.1748,0.4945,0.3591,Low,0.79
RSK005514,CUS-005514,0.2601,0.1907,0.7157,0.474,Medium,0.8667
RSK005515,CUS-005515,0.7916,0.3124,0.1089,0.3544,Low,0.7863
RSK005516,CUS-005516,0.7223,0.1065,0.2133,0.3446,Low,0.8536
RSK005517,CUS-005517,0.6295,0.3633,0.4799,0.5015,Medium,0.7107
RSK005518,CUS-005518,0.8339,0.3335,0.0142,0.324,Low,0.8893
RSK005519,CUS-005519,0.212,0.1021,0.096,0.132,Low,0.7895
RSK005520,CUS-005520,0.6288,0.2251,0.4556,0.4615,Medium,0.8572
RSK005521,CUS-005521,0.6512,0.2941,0.282,0.3952,Low,0.8536
RSK005522,CUS-005522,0.7046,0.2339,0.0252,0.2708,Low,0.7962
RSK005523,CUS-005523,0.8432,0.4978,0.0984,0.4017,Medium,0.7001
RSK005524,CUS-005524,0.1563,0.4071,0.01,0.1333,Low,0.8016
RSK005525,CUS-005525,0.4089,0.1294,0.0747,0.1859,Low,0.8347
RSK005526,CUS-005526,0.6363,0.4909,0.493,0.5356,Medium,0.8099
RSK005527,CUS-005527,0.2785,0.214,0.4802,0.3664,Low,0.7998
RSK005528,CUS-005528,0.1467,0.4722,0.2158,0.2464,Low,0.9318
RSK005529,CUS-005529,0.574,0.3972,0.6052,0.5542,Medium,0.9492
RSK005530,CUS-005530,0.7416,0.3797,0.546,0.5714,Medium,0.9674
RSK005531,CUS-005531,0.8278,0.3228,0.4648,0.5453,Medium,0.705
RSK005532,CUS-005532,0.4199,0.1916,0.2148,0.2717,Low,0.9837
RSK005533,CUS-005533,0.8569,0.2632,0.3619,0.4907,Medium,0.946
RSK005534,CUS-005534,0.4429,0.4631,0.333,0.392,Low,0.865
RSK005535,CUS-005535,0.5422,0.329,0.3804,0.4187,Medium,0.9605
RSK005536,CUS-005536,0.7153,0.2107,0.302,0.4077,Medium,0.7597
RSK005537,CUS-005537,0.4088,0.3616,0.5225,0.4562,Medium,0.8557
RSK005538,CUS-005538,0.2642,0.1811,0.2278,0.2294,Low,0.8743
RSK005539,CUS-005539,0.2703,0.3651,0.648,0.4781,Medium,0.8785
RSK005540,CUS-005540,0.2695,0.2889,0.4208,0.349,Low,0.9819
RSK005541,CUS-005541,0.2765,0.3833,0.5216,0.4204,Medium,0.9653
RSK005542,CUS-005542,0.4957,0.4301,0.7897,0.6296,Medium,0.8222
RSK005543,CUS-005543,0.7464,0.4608,0.8324,0.7323,High,0.865
RSK005544,CUS-005544,0.7274,0.2978,0.6763,0.6159,Medium,0.9028
RSK005545,CUS-005545,0.6449,0.2161,0.7108,0.5921,Medium,0.8126
RSK005546,CUS-005546,0.7662,0.1578,0.2087,0.3658,Low,0.9127
RSK005547,CUS-005547,0.757,0.3209,0.5178,0.5502,Medium,0.7596
RSK005548,CUS-005548,0.4451,0.259,0.8926,0.6316,Medium,0.7146
RSK005549,CUS-005549,0.3684,0.2684,0.0126,0.1705,Low,0.9349
RSK005550,CUS-005550,0.443,0.2247,0.5187,0.4372,Medium,0.9744
RSK005551,CUS-005551,0.5438,0.4186,0.0974,0.2956,Low,0.8681
RSK005552,CUS-005552,0.1849,0.1981,0.3194,0.2548,Low,0.8489
RSK005553,CUS-005553,0.188,0.3869,0.0706,0.1691,Low,0.935
RSK005554,CUS-005554,0.5677,0.3077,0.4346,0.4491,Medium,0.7769
RSK005555,CUS-005555,0.5639,0.3127,0.491,0.4772,Medium,0.9454
RSK005556,CUS-005556,0.6999,0.3607,0.7412,0.6527,Medium,0.9663
RSK005557,CUS-005557,0.664,0.1745,0.3572,0.4127,Medium,0.9184
RSK005558,CUS-005558,0.1112,0.4374,0.545,0.3933,Low,0.9765
RSK005559,CUS-005559,0.8686,0.3428,0.7789,0.7186,High,0.9314
RSK005560,CUS-005560,0.3766,0.4925,0.6545,0.5387,Medium,0.9267
RSK005561,CUS-005561,0.6734,0.3926,0.0889,0.325,Low,0.865
RSK005562,CUS-005562,0.146,0.2216,0.0293,0.1028,Low,0.7256
RSK005563,CUS-005563,0.2604,0.4161,0.7356,0.5291,Medium,0.8681
RSK005564,CUS-005564,0.5505,0.2736,0.4688,0.4543,Medium,0.7162
RSK005565,CUS-005565,0.3215,0.2162,0.2678,0.2736,Low,0.8313
RSK005566,CUS-005566,0.7717,0.2699,0.1225,0.3467,Low,0.9407
RSK005567,CUS-005567,0.1498,0.1536,0.01,0.0807,Low,0.7354
RSK005568,CUS-005568,0.8691,0.2671,0.4892,0.5587,Medium,0.8997
RSK005569,CUS-005569,0.6769,0.3368,0.2702,0.4055,Medium,0.9204
RSK005570,CUS-005570,0.637,0.1499,0.6171,0.5296,Medium,0.9234
RSK005571,CUS-005571,0.29,0.1244,0.6581,0.4409,Medium,0.7785
RSK005572,CUS-005572,0.1135,0.3817,0.01,0.1154,Low,0.8064
RSK005573,CUS-005573,0.3133,0.2568,0.618,0.4544,Medium,0.9074
RSK005574,CUS-005574,0.134,0.4226,0.7984,0.5239,Medium,0.9101
RSK005575,CUS-005575,0.7819,0.3718,0.498,0.5579,Medium,0.7844
RSK005576,CUS-005576,0.4234,0.1705,0.8742,0.5982,Medium,0.9644
RSK005577,CUS-005577,0.6589,0.4278,0.5054,0.5359,Medium,0.7291
RSK005578,CUS-005578,0.3074,0.299,0.1676,0.2358,Low,0.9488
RSK005579,CUS-005579,0.5948,0.407,0.4065,0.4631,Medium,0.893
RSK005580,CUS-005580,0.6041,0.1413,0.2731,0.346,Low,0.8188
RSK005581,CUS-005581,0.3096,0.3024,0.6568,0.4818,Medium,0.9254
RSK005582,CUS-005582,0.2784,0.4625,0.3966,0.3743,Low,0.9265
RSK005583,CUS-005583,0.1901,0.3612,0.8593,0.5589,Medium,0.8599
RSK005584,CUS-005584,0.7207,0.2228,0.7217,0.6216,Medium,0.8393
RSK005585,CUS-005585,0.7661,0.1166,0.156,0.3311,Low,0.7761
RSK005586,CUS-005586,0.7083,0.1908,0.2719,0.3866,Low,0.9859
RSK005587,CUS-005587,0.7922,0.1265,0.4446,0.4853,Medium,0.8613
RSK005588,CUS-005588,0.5327,0.153,0.01,0.1954,Low,0.9581
RSK005589,CUS-005589,0.3456,0.3067,0.2767,0.3034,Low,0.9104
RSK005590,CUS-005590,0.6665,0.1473,0.3479,0.4034,Medium,0.9347
RSK005591,CUS-005591,0.3758,0.3676,0.5141,0.4433,Medium,0.9579
RSK005592,CUS-005592,0.7059,0.3001,0.2732,0.4084,Medium,0.7639
RSK005593,CUS-005593,0.3511,0.2103,0.1773,0.236,Low,0.845
RSK005594,CUS-005594,0.7309,0.2233,0.7098,0.6188,Medium,0.7143
RSK005595,CUS-005595,0.218,0.4493,0.7179,0.5142,Medium,0.822
RSK005596,CUS-005596,0.773,0.417,0.4652,0.5479,Medium,0.8115
RSK005597,CUS-005597,0.3527,0.4084,0.7549,0.5649,Medium,0.8343
RSK005598,CUS-005598,0.8404,0.4202,0.171,0.4217,Medium,0.7755
RSK005599,CUS-005599,0.8228,0.1277,0.3758,0.4603,Medium,0.7053
RSK005600,CUS-005600,0.2786,0.3282,0.4235,0.361,Low,0.9597
RSK005601,CUS-005601,0.2155,0.1676,0.2903,0.2433,Low,0.8405
RSK005602,CUS-005602,0.5063,0.2365,0.434,0.4162,Medium,0.9018
RSK005603,CUS-005603,0.2555,0.2664,0.7007,0.4803,Medium,0.7611
RSK005604,CUS-005604,0.3995,0.2901,0.3008,0.3283,Low,0.8222
RSK005605,CUS-005605,0.7345,0.3621,0.0407,0.3131,Low,0.801
RSK005606,CUS-005606,0.3482,0.2499,0.01,0.1594,Low,0.8879
RSK005607,CUS-005607,0.785,0.462,0.0616,0.3587,Low,0.8353
RSK005608,CUS-005608,0.5813,0.148,0.3721,0.39,Low,0.884
RSK005609,CUS-005609,0.6194,0.4354,0.1378,0.3418,Low,0.9116
RSK005610,CUS-005610,0.1856,0.2738,0.3805,0.3007,Low,0.8515
RSK005611,CUS-005611,0.2288,0.418,0.4793,0.3919,Low,0.9151
RSK005612,CUS-005612,0.2412,0.4035,0.054,0.1801,Low,0.8706
RSK005613,CUS-005613,0.2556,0.2644,0.3294,0.2943,Low,0.7559
RSK005614,CUS-005614,0.2082,0.1991,0.0149,0.1097,Low,0.9237
RSK005615,CUS-005615,0.227,0.2286,0.275,0.2513,Low,0.9156
RSK005616,CUS-005616,0.5869,0.4652,0.487,0.5126,Medium,0.7725
RSK005617,CUS-005617,0.4729,0.3786,0.4037,0.4194,Medium,0.8398
RSK005618,CUS-005618,0.4086,0.4129,0.143,0.2767,Low,0.8251
RSK005619,CUS-005619,0.7291,0.4421,0.4865,0.5504,Medium,0.8719
RSK005620,CUS-005620,0.2952,0.4491,0.6197,0.4882,Medium,0.9643
RSK005621,CUS-005621,0.7833,0.3655,0.0688,0.3425,Low,0.8974
RSK005622,CUS-005622,0.3137,0.33,0.1689,0.2446,Low,0.7315
RSK005623,CUS-005623,0.5019,0.1743,0.2567,0.3138,Low,0.712
RSK005624,CUS-005624,0.4986,0.4063,0.3428,0.4022,Medium,0.8635
RSK005625,CUS-005625,0.2945,0.2045,0.0791,0.1688,Low,0.7089
RSK005626,CUS-005626,0.7532,0.265,0.1793,0.3686,Low,0.8026
RSK005627,CUS-005627,0.8516,0.2118,0.1822,0.3889,Low,0.7939
RSK005628,CUS-005628,0.8082,0.2619,0.0966,0.3431,Low,0.9429
RSK005629,CUS-005629,0.5372,0.4441,0.5242,0.5121,Medium,0.7283
RSK005630,CUS-005630,0.5638,0.1874,0.3697,0.3915,Low,0.7186
RSK005631,CUS-005631,0.7143,0.2458,0.0989,0.3129,Low,0.7123
RSK005632,CUS-005632,0.1626,0.1858,0.507,0.3394,Low,0.8837
RSK005633,CUS-005633,0.8502,0.3626,0.2101,0.4326,Medium,0.7058
RSK005634,CUS-005634,0.722,0.1479,0.4204,0.4564,Medium,0.7307
RSK005635,CUS-005635,0.7286,0.2333,0.8685,0.6995,Medium,0.8092
RSK005636,CUS-005636,0.3492,0.2551,0.684,0.4978,Medium,0.8798
RSK005637,CUS-005637,0.3742,0.4766,0.6107,0.5129,Medium,0.9117
RSK005638,CUS-005638,0.5549,0.3036,0.1207,0.2875,Low,0.7845
RSK005639,CUS-005639,0.4084,0.1508,0.5061,0.4057,Medium,0.8124
RSK005640,CUS-005640,0.6143,0.2027,0.2071,0.3284,Low,0.7697
RSK005641,CUS-005641,0.8812,0.1437,0.5777,0.5819,Medium,0.8451
RSK005642,CUS-005642,0.8753,0.2396,0.2033,0.4122,Medium,0.9704
RSK005643,CUS-005643,0.3489,0.1086,0.2229,0.2378,Low,0.8106
RSK005644,CUS-005644,0.5961,0.3154,0.1098,0.2968,Low,0.808
RSK005645,CUS-005645,0.2521,0.2406,0.5433,0.3954,Low,0.8508
RSK005646,CUS-005646,0.1615,0.1379,0.7313,0.4417,Medium,0.898
RSK005647,CUS-005647,0.5244,0.1664,0.2904,0.3358,Low,0.972
RSK005648,CUS-005648,0.7973,0.131,0.1005,0.3156,Low,0.9479
RSK005649,CUS-005649,0.7181,0.3644,0.0479,0.3123,Low,0.7835
RSK005650,CUS-005650,0.4971,0.3361,0.4079,0.4203,Medium,0.8541
RSK005651,CUS-005651,0.5076,0.193,0.6028,0.4923,Medium,0.9597
RSK005652,CUS-005652,0.5979,0.266,0.01,0.2376,Low,0.8525
RSK005653,CUS-005653,0.3587,0.147,0.4958,0.3849,Low,0.7876
RSK005654,CUS-005654,0.4062,0.1169,0.1738,0.2321,Low,0.8033
RSK005655,CUS-005655,0.7705,0.3454,0.6978,0.6491,Medium,0.8979
RSK005656,CUS-005656,0.5329,0.1417,0.4814,0.4289,Medium,0.9706
RSK005657,CUS-005657,0.4483,0.1294,0.7934,0.5571,Medium,0.9506
RSK005658,CUS-005658,0.4339,0.3705,0.6606,0.5346,Medium,0.7351
RSK005659,CUS-005659,0.1988,0.359,0.358,0.3104,Low,0.9781
RSK005660,CUS-005660,0.7078,0.4387,0.01,0.3051,Low,0.9578
RSK005661,CUS-005661,0.1383,0.2598,0.4951,0.341,Low,0.7359
RSK005662,CUS-005662,0.7551,0.143,0.0996,0.3049,Low,0.8394
RSK005663,CUS-005663,0.515,0.3395,0.5126,0.4787,Medium,0.7003
RSK005664,CUS-005664,0.2837,0.1305,0.7014,0.4619,Medium,0.7631
RSK005665,CUS-005665,0.2521,0.1064,0.1845,0.1892,Low,0.8037
RSK005666,CUS-005666,0.8355,0.2488,0.561,0.5809,Medium,0.8996
RSK005667,CUS-005667,0.1527,0.2894,0.2765,0.2419,Low,0.8027
RSK005668,CUS-005668,0.6794,0.4151,0.2849,0.4293,Medium,0.8127
RSK005669,CUS-005669,0.8646,0.3802,0.6845,0.6777,Medium,0.7358
RSK005670,CUS-005670,0.6075,0.1589,0.5653,0.4967,Medium,0.9101
RSK005671,CUS-005671,0.432,0.3903,0.5151,0.4652,Medium,0.7632
RSK005672,CUS-005672,0.6638,0.1807,0.5382,0.5044,Medium,0.8017
RSK005673,CUS-005673,0.3248,0.1047,0.7945,0.5156,Medium,0.8232
RSK005674,CUS-005674,0.3977,0.2797,0.1432,0.2469,Low,0.7704
RSK005675,CUS-005675,0.74,0.452,0.7841,0.7045,High,0.9712
RSK005676,CUS-005676,0.8825,0.2518,0.01,0.3201,Low,0.957
RSK005677,CUS-005677,0.109,0.121,0.4318,0.2728,Low,0.8947
RSK005678,CUS-005678,0.1751,0.1855,0.01,0.0946,Low,0.7616
RSK005679,CUS-005679,0.2884,0.4685,0.4844,0.4224,Medium,0.9582
RSK005680,CUS-005680,0.3387,0.3887,0.6463,0.5025,Medium,0.8868
RSK005681,CUS-005681,0.8612,0.1203,0.7168,0.6408,Medium,0.7507
RSK005682,CUS-005682,0.4573,0.4673,0.01,0.2356,Low,0.9737
RSK005683,CUS-005683,0.1692,0.4091,0.0128,0.139,Low,0.9056
RSK005684,CUS-005684,0.8293,0.3733,0.414,0.5305,Medium,0.7325
RSK005685,CUS-005685,0.3342,0.1532,0.7053,0.4836,Medium,0.8772
RSK005686,CUS-005686,0.2402,0.2223,0.2928,0.2629,Low,0.7577
RSK005687,CUS-005687,0.5027,0.2184,0.3323,0.3606,Low,0.7687
RSK005688,CUS-005688,0.6251,0.1078,0.01,0.2141,Low,0.7562
RSK005689,CUS-005689,0.2102,0.4751,0.6457,0.4809,Medium,0.9365
RSK005690,CUS-005690,0.8242,0.3112,0.2391,0.4291,Medium,0.8077
RSK005691,CUS-005691,0.3183,0.4677,0.278,0.328,Low,0.9302
RSK005692,CUS-005692,0.7461,0.3283,0.3725,0.4757,Medium,0.8204
RSK005693,CUS-005693,0.2616,0.4956,0.3342,0.3447,Low,0.9812
RSK005694,CUS-005694,0.7618,0.3903,0.4664,0.5398,Medium,0.7289
RSK005695,CUS-005695,0.8941,0.3995,0.4503,0.5733,Medium,0.7139
RSK005696,CUS-005696,0.3666,0.3568,0.1656,0.2641,Low,0.8978
RSK005697,CUS-005697,0.5478,0.4815,0.2551,0.3882,Low,0.8486
RSK005698,CUS-005698,0.1147,0.2712,0.6274,0.4023,Medium,0.7792
RSK005699,CUS-005699,0.7703,0.4469,0.1573,0.3991,Low,0.7863
RSK005700,CUS-005700,0.1689,0.4696,0.4215,0.3553,Low,0.8786
RSK005701,CUS-005701,0.4606,0.1208,0.6352,0.4799,Medium,0.7789
RSK005702,CUS-005702,0.843,0.308,0.3213,0.4751,Medium,0.7905
RSK005703,CUS-005703,0.5697,0.4338,0.1207,0.318,Low,0.8331
RSK005704,CUS-005704,0.5272,0.3781,0.7979,0.6327,Medium,0.8138
RSK005705,CUS-005705,0.1349,0.135,0.6458,0.3904,Low,0.7594
RSK005706,CUS-005706,0.775,0.1343,0.4498,0.4843,Medium,0.9443
RSK005707,CUS-005707,0.2038,0.2582,0.403,0.3143,Low,0.9564
RSK005708,CUS-005708,0.3489,0.1886,0.3851,0.3349,Low,0.8992
RSK005709,CUS-005709,0.7749,0.4223,0.1179,0.3759,Low,0.7042
RSK005710,CUS-005710,0.1897,0.394,0.6852,0.4783,Medium,0.7204
RSK005711,CUS-005711,0.5348,0.3518,0.4455,0.4536,Medium,0.9746
RSK005712,CUS-005712,0.1281,0.1004,0.6162,0.3666,Low,0.7074
RSK005713,CUS-005713,0.105,0.2586,0.4519,0.3092,Low,0.7118
RSK005714,CUS-005714,0.7273,0.3185,0.3036,0.4337,Medium,0.8807
RSK005715,CUS-005715,0.6898,0.3447,0.4936,0.5227,Medium,0.9721
RSK005716,CUS-005716,0.8885,0.359,0.0781,0.3774,Low,0.7267
RSK005717,CUS-005717,0.2895,0.1244,0.7896,0.5065,Medium,0.837
RSK005718,CUS-005718,0.5801,0.3726,0.5659,0.5315,Medium,0.8672
RSK005719,CUS-005719,0.8241,0.2308,0.4,0.4934,Medium,0.8471
RSK005720,CUS-005720,0.3468,0.2043,0.3174,0.3036,Low,0.7706
RSK005721,CUS-005721,0.5762,0.1432,0.8673,0.6351,Medium,0.8717
RSK005722,CUS-005722,0.7409,0.4543,0.5763,0.6013,Medium,0.9029
RSK005723,CUS-005723,0.5409,0.4631,0.1349,0.3223,Low,0.858
RSK005724,CUS-005724,0.205,0.2264,0.7825,0.498,Medium,0.8101
RSK005725,CUS-005725,0.456,0.2747,0.0709,0.2272,Low,0.8688
RSK005726,CUS-005726,0.8887,0.1286,0.5323,0.5585,Medium,0.9536
RSK005727,CUS-005727,0.6929,0.464,0.5462,0.5738,Medium,0.7026
RSK005728,CUS-005728,0.5205,0.3999,0.1842,0.3282,Low,0.7492
RSK005729,CUS-005729,0.5884,0.3632,0.1509,0.3246,Low,0.8882
RSK005730,CUS-005730,0.785,0.4759,0.7156,0.6885,Medium,0.8635
RSK005731,CUS-005731,0.4249,0.2312,0.3734,0.3604,Low,0.9228
RSK005732,CUS-005732,0.4527,0.3017,0.8544,0.6234,Medium,0.8839
RSK005733,CUS-005733,0.6544,0.1472,0.6,0.5258,Medium,0.8509
RSK005734,CUS-005734,0.117,0.3971,0.5479,0.3885,Low,0.7488
RSK005735,CUS-005735,0.7021,0.427,0.3023,0.4472,Medium,0.7892
RSK005736,CUS-005736,0.485,0.2081,0.01,0.1921,Low,0.9146
RSK005737,CUS-005737,0.3375,0.2097,0.2203,0.2533,Low,0.8963
RSK005738,CUS-005738,0.8285,0.3366,0.01,0.3209,Low,0.914
RSK005739,CUS-005739,0.8764,0.1682,0.5095,0.5513,Medium,0.8118
RSK005740,CUS-005740,0.4304,0.1664,0.0454,0.1851,Low,0.888
RSK005741,CUS-005741,0.4929,0.2189,0.5855,0.4844,Medium,0.8972
RSK005742,CUS-005742,0.4851,0.3291,0.787,0.6048,Medium,0.8804
RSK005743,CUS-005743,0.8568,0.308,0.8037,0.7205,High,0.8134
RSK005744,CUS-005744,0.6208,0.4861,0.2162,0.3916,Low,0.8687
RSK005745,CUS-005745,0.4628,0.3609,0.5063,0.4642,Medium,0.7499
RSK005746,CUS-005746,0.3416,0.2864,0.8612,0.5904,Medium,0.7264
RSK005747,CUS-005747,0.8222,0.4462,0.4795,0.5756,Medium,0.7548
RSK005748,CUS-005748,0.3335,0.2578,0.4014,0.3523,Low,0.9856
RSK005749,CUS-005749,0.5273,0.3503,0.1797,0.3181,Low,0.8447
RSK005750,CUS-005750,0.2352,0.4894,0.4426,0.3897,Low,0.7265
RSK005751,CUS-005751,0.3999,0.201,0.4111,0.3657,Low,0.9771
RSK005752,CUS-005752,0.5896,0.2441,0.1896,0.3205,Low,0.886
RSK005753,CUS-005753,0.1942,0.226,0.1263,0.1666,Low,0.7937
RSK005754,CUS-005754,0.3988,0.4237,0.1165,0.2626,Low,0.7937
RSK005755,CUS-005755,0.7467,0.2044,0.0637,0.2967,Low,0.7421
RSK005756,CUS-005756,0.7159,0.1697,0.4552,0.4763,Medium,0.853
RSK005757,CUS-005757,0.2605,0.4583,0.2745,0.3071,Low,0.7403
RSK005758,CUS-005758,0.5842,0.3923,0.6083,0.5579,Medium,0.9345
RSK005759,CUS-005759,0.4794,0.3753,0.0446,0.2412,Low,0.9305
RSK005760,CUS-005760,0.6534,0.2528,0.3405,0.4168,Medium,0.9592
RSK005761,CUS-005761,0.6149,0.3403,0.707,0.606,Medium,0.8363
RSK005762,CUS-005762,0.142,0.208,0.7492,0.4588,Medium,0.7318
RSK005763,CUS-005763,0.2283,0.3326,0.6926,0.4813,Medium,0.8819
RSK005764,CUS-005764,0.3473,0.1985,0.0543,0.171,Low,0.9267
RSK005765,CUS-005765,0.3997,0.1627,0.468,0.3865,Low,0.7297
RSK005766,CUS-005766,0.8533,0.4789,0.0585,0.381,Low,0.8389
RSK005767,CUS-005767,0.1733,0.1973,0.01,0.0965,Low,0.7607
RSK005768,CUS-005768,0.1503,0.3222,0.5883,0.4037,Medium,0.7897
RSK005769,CUS-005769,0.6227,0.4174,0.7934,0.667,Medium,0.9724
RSK005770,CUS-005770,0.2593,0.2641,0.3887,0.325,Low,0.8537
RSK005771,CUS-005771,0.7368,0.3667,0.4107,0.4997,Medium,0.7137
RSK005772,CUS-005772,0.5063,0.1179,0.5335,0.4422,Medium,0.9844
RSK005773,CUS-005773,0.1443,0.2721,0.0899,0.1427,Low,0.8188
RSK005774,CUS-005774,0.4389,0.4031,0.2648,0.3447,Low,0.9894
RSK005775,CUS-005775,0.8988,0.2739,0.4118,0.5303,Medium,0.8939
RSK005776,CUS-005776,0.1627,0.1117,0.6246,0.3835,Low,0.9589
RSK005777,CUS-005777,0.4656,0.2974,0.0757,0.237,Low,0.851
RSK005778,CUS-005778,0.3783,0.1127,0.7474,0.5097,Medium,0.8962
RSK005779,CUS-005779,0.6395,0.1765,0.2197,0.337,Low,0.871
RSK005780,CUS-005780,0.8627,0.1391,0.0407,0.307,Low,0.9111
RSK005781,CUS-005781,0.1781,0.2303,0.7638,0.4814,Medium,0.9253
RSK005782,CUS-005782,0.4214,0.498,0.5084,0.4802,Medium,0.7054
RSK005783,CUS-005783,0.5288,0.4954,0.3263,0.4209,Medium,0.9053
RSK005784,CUS-005784,0.802,0.483,0.4595,0.567,Medium,0.8612
RSK005785,CUS-005785,0.4816,0.2185,0.5021,0.4392,Medium,0.822
RSK005786,CUS-005786,0.6127,0.136,0.1268,0.2744,Low,0.921
RSK005787,CUS-005787,0.5888,0.1408,0.3859,0.3977,Low,0.8201
RSK005788,CUS-005788,0.8313,0.3415,0.1036,0.3695,Low,0.8568
RSK005789,CUS-005789,0.5516,0.4186,0.5287,0.5135,Medium,0.7962
RSK005790,CUS-005790,0.3239,0.4924,0.3271,0.3592,Low,0.8191
RSK005791,CUS-005791,0.2197,0.2217,0.7407,0.4806,Medium,0.7278
RSK005792,CUS-005792,0.1348,0.2185,0.5828,0.3755,Low,0.9729
RSK005793,CUS-005793,0.1097,0.1112,0.1098,0.11,Low,0.703
RSK005794,CUS-005794,0.8175,0.2002,0.6027,0.5866,Medium,0.819
RSK005795,CUS-005795,0.2061,0.1431,0.1922,0.1866,Low,0.8577
RSK005796,CUS-005796,0.3027,0.1753,0.7833,0.5175,Medium,0.7538
RSK005797,CUS-005797,0.2316,0.1933,0.7922,0.5042,Medium,0.9179
RSK005798,CUS-005798,0.2195,0.1019,0.6946,0.4335,Medium,0.8564
RSK005799,CUS-005799,0.5014,0.3672,0.6746,0.5612,Medium,0.9847
RSK005800,CUS-005800,0.7669,0.483,0.6573,0.6553,Medium,0.8805
RSK005801,CUS-005801,0.3228,0.4713,0.6061,0.4941,Medium,0.8557
RSK005802,CUS-005802,0.3658,0.1726,0.3587,0.3236,Low,0.9767
RSK005803,CUS-005803,0.4014,0.2931,0.1979,0.278,Low,0.7098
RSK005804,CUS-005804,0.4563,0.1945,0.5521,0.4518,Medium,0.7538
RSK005805,CUS-005805,0.1537,0.1839,0.2663,0.216,Low,0.9244
RSK005806,CUS-005806,0.6559,0.131,0.1474,0.2967,Low,0.9464
RSK005807,CUS-005807,0.8331,0.1191,0.1725,0.36,Low,0.767
RSK005808,CUS-005808,0.7519,0.4029,0.4417,0.527,Medium,0.9242
RSK005809,CUS-005809,0.1984,0.1427,0.6195,0.3978,Low,0.8694
RSK005810,CUS-005810,0.3631,0.2908,0.8488,0.5915,Medium,0.9358
RSK005811,CUS-005811,0.3784,0.2407,0.4661,0.3947,Low,0.8357
RSK005812,CUS-005812,0.5361,0.2824,0.1305,0.2826,Low,0.9344
RSK005813,CUS-005813,0.6845,0.4809,0.3316,0.4673,Medium,0.957
RSK005814,CUS-005814,0.409,0.3965,0.0941,0.249,Low,0.7243
RSK005815,CUS-005815,0.4601,0.208,0.6287,0.494,Medium,0.8382
RSK005816,CUS-005816,0.7805,0.4131,0.6228,0.6282,Medium,0.7432
RSK005817,CUS-005817,0.1342,0.3957,0.4739,0.3564,Low,0.8242
RSK005818,CUS-005818,0.208,0.4307,0.5402,0.4186,Medium,0.7417
RSK005819,CUS-005819,0.4491,0.2419,0.4308,0.3985,Low,0.9085
RSK005820,CUS-005820,0.1927,0.4619,0.1355,0.2179,Low,0.9296
RSK005821,CUS-005821,0.3086,0.3632,0.4217,0.3761,Low,0.9742
RSK005822,CUS-005822,0.6206,0.4779,0.2127,0.3881,Low,0.804
RSK005823,CUS-005823,0.2519,0.1581,0.0873,0.1508,Low,0.7511
RSK005824,CUS-005824,0.4644,0.2053,0.2585,0.3096,Low,0.9631
RSK005825,CUS-005825,0.1439,0.2101,0.5857,0.378,Low,0.9676
RSK005826,CUS-005826,0.58,0.3268,0.5907,0.5347,Medium,0.751
RSK005827,CUS-005827,0.7889,0.3618,0.6,0.609,Medium,0.9765
RSK005828,CUS-005828,0.6944,0.1854,0.6595,0.5752,Medium,0.8986
RSK005829,CUS-005829,0.616,0.2871,0.4071,0.4458,Medium,0.9378
RSK005830,CUS-005830,0.3405,0.4109,0.0734,0.221,Low,0.7494
RSK005831,CUS-005831,0.6174,0.434,0.7278,0.6359,Medium,0.977
RSK005832,CUS-005832,0.4806,0.2266,0.1991,0.2891,Low,0.8333
RSK005833,CUS-005833,0.6073,0.4547,0.2861,0.4162,Medium,0.7481
RSK005834,CUS-005834,0.8854,0.1236,0.7035,0.6421,Medium,0.9861
RSK005835,CUS-005835,0.8128,0.1031,0.01,0.2695,Low,0.8317
RSK005836,CUS-005836,0.4778,0.2672,0.5588,0.4762,Medium,0.8855
RSK005837,CUS-005837,0.8645,0.181,0.5067,0.5489,Medium,0.8331
RSK005838,CUS-005838,0.1736,0.1379,0.8561,0.5077,Medium,0.956
RSK005839,CUS-005839,0.7863,0.2498,0.51,0.5409,Medium,0.7758
RSK005840,CUS-005840,0.3018,0.3537,0.6858,0.5042,Medium,0.792
RSK005841,CUS-005841,0.4348,0.1649,0.4716,0.3992,Low,0.7927
RSK005842,CUS-005842,0.8577,0.2972,0.1208,0.3771,Low,0.731
RSK005843,CUS-005843,0.5456,0.1741,0.0369,0.2169,Low,0.7967
RSK005844,CUS-005844,0.5564,0.3774,0.1619,0.3233,Low,0.7005
RSK005845,CUS-005845,0.2975,0.4854,0.0412,0.2069,Low,0.7235
RSK005846,CUS-005846,0.5787,0.3327,0.1696,0.3249,Low,0.7483
RSK005847,CUS-005847,0.1616,0.233,0.3553,0.2727,Low,0.837
RSK005848,CUS-005848,0.6509,0.1471,0.6623,0.5558,Medium,0.8651
RSK005849,CUS-005849,0.7786,0.1219,0.4506,0.4833,Medium,0.8355
RSK005850,CUS-005850,0.2581,0.4485,0.4338,0.384,Low,0.9799
RSK005851,CUS-005851,0.8015,0.4953,0.3121,0.4956,Medium,0.9151
RSK005852,CUS-005852,0.2253,0.194,0.4802,0.3465,Low,0.7659
RSK005853,CUS-005853,0.2336,0.2952,0.0547,0.1565,Low,0.7535
RSK005854,CUS-005854,0.2565,0.1971,0.2835,0.2581,Low,0.8958
RSK005855,CUS-005855,0.7571,0.3622,0.4762,0.5377,Medium,0.8341
RSK005856,CUS-005856,0.3312,0.4646,0.01,0.1973,Low,0.9474
RSK005857,CUS-005857,0.1081,0.429,0.7819,0.5092,Medium,0.7809
RSK005858,CUS-005858,0.8177,0.4144,0.6388,0.6476,Medium,0.9804
RSK005859,CUS-005859,0.1104,0.1722,0.3693,0.2522,Low,0.8443
RSK005860,CUS-005860,0.3266,0.385,0.2625,0.3062,Low,0.9403
RSK005861,CUS-005861,0.4498,0.4943,0.5393,0.5034,Medium,0.7019
RSK005862,CUS-005862,0.7798,0.2149,0.4213,0.4876,Medium,0.8577
RSK005863,CUS-005863,0.4283,0.117,0.2072,0.2555,Low,0.7067
RSK005864,CUS-005864,0.7602,0.2922,0.0628,0.3179,Low,0.7759
RSK005865,CUS-005865,0.7327,0.3326,0.4731,0.5229,Medium,0.8394
RSK005866,CUS-005866,0.8583,0.1053,0.1071,0.3321,Low,0.9855
RSK005867,CUS-005867,0.5763,0.4458,0.1183,0.3212,Low,0.8397
RSK005868,CUS-005868,0.5136,0.3181,0.8399,0.6376,Medium,0.704
RSK005869,CUS-005869,0.448,0.4992,0.7754,0.6219,Medium,0.9017
RSK005870,CUS-005870,0.2409,0.2506,0.01,0.1274,Low,0.7768
RSK005871,CUS-005871,0.4217,0.1359,0.3582,0.3328,Low,0.7076
RSK005872,CUS-005872,0.2772,0.4644,0.6721,0.5121,Medium,0.889
RSK005873,CUS-005873,0.8868,0.3718,0.0875,0.3841,Low,0.8035
RSK005874,CUS-005874,0.3545,0.1177,0.7033,0.4815,Medium,0.7808
RSK005875,CUS-005875,0.5906,0.3002,0.6204,0.5474,Medium,0.9061
RSK005876,CUS-005876,0.2282,0.4189,0.4569,0.3807,Low,0.7284
RSK005877,CUS-005877,0.6427,0.3492,0.104,0.3146,Low,0.7285
RSK005878,CUS-005878,0.6657,0.4342,0.2568,0.4149,Medium,0.7115
RSK005879,CUS-005879,0.4031,0.1051,0.2026,0.2432,Low,0.7953
RSK005880,CUS-005880,0.5098,0.4173,0.6758,0.5743,Medium,0.8856
RSK005881,CUS-005881,0.1222,0.4878,0.1468,0.2076,Low,0.8238
RSK005882,CUS-005882,0.1951,0.4762,0.391,0.3493,Low,0.9015
RSK005883,CUS-005883,0.5719,0.3986,0.5535,0.528,Medium,0.8252
RSK005884,CUS-005884,0.6872,0.1396,0.3684,0.4183,Medium,0.9216
RSK005885,CUS-005885,0.8343,0.2886,0.5968,0.6064,Medium,0.7363
RSK005886,CUS-005886,0.2044,0.2563,0.0664,0.1458,Low,0.8709
RSK005887,CUS-005887,0.3157,0.1703,0.595,0.4263,Medium,0.7641
RSK005888,CUS-005888,0.8027,0.2221,0.7235,0.647,Medium,0.7749
RSK005889,CUS-005889,0.4815,0.1125,0.0913,0.2126,Low,0.7833
RSK005890,CUS-005890,0.4451,0.2109,0.6167,0.4841,Medium,0.7483
RSK005891,CUS-005891,0.6879,0.2003,0.4476,0.4702,Medium,0.7763
RSK005892,CUS-005892,0.6939,0.1005,0.2259,0.3412,Low,0.7253
RSK005893,CUS-005893,0.3748,0.4833,0.2286,0.3234,Low,0.7875
RSK005894,CUS-005894,0.5494,0.3573,0.0721,0.2723,Low,0.7386
RSK005895,CUS-005895,0.2283,0.3196,0.7557,0.5103,Medium,0.8316
RSK005896,CUS-005896,0.1164,0.1506,0.7355,0.4328,Medium,0.903
RSK005897,CUS-005897,0.2442,0.3569,0.3341,0.3117,Low,0.7596
RSK005898,CUS-005898,0.2057,0.4437,0.0862,0.1935,Low,0.8001
RSK005899,CUS-005899,0.1949,0.4462,0.3366,0.316,Low,0.8827
RSK005900,CUS-005900,0.8376,0.2504,0.3389,0.4708,Medium,0.8208
RSK005901,CUS-005901,0.3757,0.1697,0.6464,0.4698,Medium,0.8452
RSK005902,CUS-005902,0.6216,0.2217,0.1491,0.3054,Low,0.9087
RSK005903,CUS-005903,0.6167,0.1625,0.3012,0.3681,Low,0.9575
RSK005904,CUS-005904,0.2379,0.4134,0.3079,0.308,Low,0.8476
RSK005905,CUS-005905,0.1849,0.3097,0.7664,0.5006,Medium,0.8771
RSK005906,CUS-005906,0.5908,0.2907,0.01,0.2404,Low,0.7746
RSK005907,CUS-005907,0.7216,0.4597,0.1044,0.3606,Low,0.9103
RSK005908,CUS-005908,0.6633,0.3411,0.3729,0.4537,Medium,0.8574
RSK005909,CUS-005909,0.875,0.4013,0.3598,0.5227,Medium,0.7512
RSK005910,CUS-005910,0.2405,0.4731,0.4622,0.3979,Low,0.7223
RSK005911,CUS-005911,0.6823,0.3709,0.4064,0.4821,Medium,0.9893
RSK005912,CUS-005912,0.6591,0.3662,0.2606,0.4013,Medium,0.9211
RSK005913,CUS-005913,0.8761,0.3447,0.7102,0.6869,Medium,0.7036
RSK005914,CUS-005914,0.4929,0.2655,0.6893,0.5456,Medium,0.984
RSK005915,CUS-005915,0.7355,0.3545,0.0221,0.3026,Low,0.7705
RSK005916,CUS-005916,0.7963,0.3551,0.01,0.3149,Low,0.8801
RSK005917,CUS-005917,0.7827,0.3201,0.1281,0.3629,Low,0.9855
RSK005918,CUS-005918,0.7107,0.304,0.2469,0.3975,Low,0.9337
RSK005919,CUS-005919,0.7978,0.2614,0.1566,0.3699,Low,0.7166
RSK005920,CUS-005920,0.1582,0.4084,0.3228,0.2905,Low,0.8854
RSK005921,CUS-005921,0.187,0.2286,0.7149,0.4593,Medium,0.9332
RSK005922,CUS-005922,0.5846,0.4762,0.7112,0.6262,Medium,0.9138
RSK005923,CUS-005923,0.4824,0.2479,0.7824,0.5855,Medium,0.7373
RSK005924,CUS-005924,0.8904,0.1695,0.0705,0.3363,Low,0.8583
RSK005925,CUS-005925,0.8118,0.1437,0.7169,0.6307,Medium,0.7782
RSK005926,CUS-005926,0.4632,0.2332,0.1693,0.2702,Low,0.9431
RSK005927,CUS-005927,0.6629,0.2189,0.8334,0.6594,Medium,0.7574
RSK005928,CUS-005928,0.3758,0.1178,0.0506,0.1616,Low,0.7481
RSK005929,CUS-005929,0.7061,0.4339,0.3241,0.4607,Medium,0.8152
RSK005930,CUS-005930,0.543,0.4919,0.7776,0.6501,Medium,0.9309
RSK005931,CUS-005931,0.2885,0.3048,0.5224,0.4087,Medium,0.9061
RSK005932,CUS-005932,0.7586,0.142,0.2784,0.3952,Low,0.7413
RSK005933,CUS-005933,0.6553,0.2466,0.5171,0.5045,Medium,0.902
RSK005934,CUS-005934,0.655,0.1736,0.7095,0.586,Medium,0.7617
RSK005935,CUS-005935,0.7599,0.4345,0.7034,0.6666,Medium,0.9501
RSK005936,CUS-005936,0.5021,0.4491,0.8693,0.6751,Medium,0.9625
RSK005937,CUS-005937,0.578,0.2336,0.2986,0.3694,Low,0.76
RSK005938,CUS-005938,0.1836,0.4287,0.6659,0.4738,Medium,0.7659
RSK005939,CUS-005939,0.7877,0.3768,0.2857,0.4545,Medium,0.7599
RSK005940,CUS-005940,0.7178,0.2961,0.144,0.3466,Low,0.7349
RSK005941,CUS-005941,0.6382,0.3834,0.2998,0.418,Medium,0.9206
RSK005942,CUS-005942,0.4934,0.4417,0.1151,0.2939,Low,0.961
RSK005943,CUS-005943,0.8835,0.2005,0.2631,0.4367,Medium,0.7533
RSK005944,CUS-005944,0.1708,0.3848,0.5405,0.3984,Low,0.9467
RSK005945,CUS-005945,0.4041,0.1666,0.0268,0.1679,Low,0.9847
RSK005946,CUS-005946,0.855,0.1243,0.1215,0.3421,Low,0.8831
RSK005947,CUS-005947,0.1766,0.2035,0.6333,0.4103,Medium,0.9466
RSK005948,CUS-005948,0.6152,0.2212,0.2988,0.3782,Low,0.8589
RSK005949,CUS-005949,0.8052,0.1092,0.0752,0.301,Low,0.8072
RSK005950,CUS-005950,0.5153,0.2386,0.01,0.2073,Low,0.8874
RSK005951,CUS-005951,0.8935,0.2085,0.7009,0.6602,Medium,0.8338
RSK005952,CUS-005952,0.4248,0.3259,0.7631,0.5742,Medium,0.7745
RSK005953,CUS-005953,0.8268,0.1941,0.5591,0.5664,Medium,0.8965
RSK005954,CUS-005954,0.5523,0.3835,0.3018,0.3933,Low,0.8735
RSK005955,CUS-005955,0.1328,0.1944,0.7874,0.4724,Medium,0.8786
RSK005956,CUS-005956,0.5095,0.389,0.5459,0.5036,Medium,0.8191
RSK005957,CUS-005957,0.867,0.1933,0.3134,0.4555,Medium,0.8756
RSK005958,CUS-005958,0.8122,0.2289,0.6607,0.6198,Medium,0.8871
RSK005959,CUS-005959,0.6764,0.4203,0.0915,0.3327,Low,0.9528
RSK005960,CUS-005960,0.6032,0.1607,0.4762,0.4512,Medium,0.8776
RSK005961,CUS-005961,0.7471,0.4893,0.5356,0.5898,Medium,0.9523
RSK005962,CUS-005962,0.8868,0.4694,0.5301,0.625,Medium,0.9833
RSK005963,CUS-005963,0.797,0.1177,0.5138,0.5195,Medium,0.7772
RSK005964,CUS-005964,0.3229,0.2091,0.071,0.1742,Low,0.8089
RSK005965,CUS-005965,0.2381,0.453,0.5055,0.4148,Medium,0.7219
RSK005966,CUS-005966,0.7225,0.201,0.4609,0.4874,Medium,0.7898
RSK005967,CUS-005967,0.6484,0.2051,0.8691,0.6701,Medium,0.9574
RSK005968,CUS-005968,0.5509,0.3022,0.7044,0.5779,Medium,0.8899
RSK005969,CUS-005969,0.4244,0.1501,0.6135,0.4641,Medium,0.9147
RSK005970,CUS-005970,0.5717,0.3751,0.0433,0.2682,Low,0.9411
RSK005971,CUS-005971,0.6923,0.1797,0.6556,0.5714,Medium,0.837
RSK005972,CUS-005972,0.7218,0.1928,0.4964,0.5033,Medium,0.7676
RSK005973,CUS-005973,0.2431,0.2645,0.2692,0.2604,Low,0.9395
RSK005974,CUS-005974,0.6156,0.4084,0.7112,0.622,Medium,0.8893
RSK005975,CUS-005975,0.1332,0.2979,0.5804,0.3897,Low,0.8479
RSK005976,CUS-005976,0.276,0.2774,0.6199,0.4482,Medium,0.8252
RSK005977,CUS-005977,0.2623,0.4966,0.27,0.313,Low,0.9727
RSK005978,CUS-005978,0.5517,0.4516,0.7924,0.652,Medium,0.9742
RSK005979,CUS-005979,0.6094,0.2859,0.0934,0.2867,Low,0.8063
RSK005980,CUS-005980,0.7448,0.4376,0.5877,0.6048,Medium,0.9778
RSK005981,CUS-005981,0.655,0.1765,0.5976,0.5306,Medium,0.8064
RSK005982,CUS-005982,0.8667,0.4287,0.6234,0.6574,Medium,0.8371
RSK005983,CUS-005983,0.3144,0.3088,0.6719,0.492,Medium,0.7711
RSK005984,CUS-005984,0.2395,0.406,0.01,0.1581,Low,0.7439
RSK005985,CUS-005985,0.8349,0.3649,0.01,0.3284,Low,0.8839
RSK005986,CUS-005986,0.4206,0.187,0.0704,0.1988,Low,0.7419
RSK005987,CUS-005987,0.4152,0.2637,0.0922,0.2234,Low,0.8927
RSK005988,CUS-005988,0.266,0.4157,0.6448,0.4853,Medium,0.9464
RSK005989,CUS-005989,0.671,0.4498,0.7073,0.6449,Medium,0.8479
RSK005990,CUS-005990,0.732,0.1084,0.6953,0.5889,Medium,0.9724
RSK005991,CUS-005991,0.108,0.321,0.0122,0.1027,Low,0.965
RSK005992,CUS-005992,0.6854,0.1539,0.7185,0.5957,Medium,0.8488
RSK005993,CUS-005993,0.4537,0.2059,0.7406,0.5476,Medium,0.9474
RSK005994,CUS-005994,0.7325,0.1715,0.5345,0.5213,Medium,0.7345
RSK005995,CUS-005995,0.7528,0.4091,0.7549,0.6851,Medium,0.9528
RSK005996,CUS-005996,0.4084,0.1024,0.0963,0.1911,Low,0.7105
RSK005997,CUS-005997,0.5468,0.1265,0.3892,0.3839,Low,0.8706
RSK005998,CUS-005998,0.3819,0.1896,0.7327,0.5188,Medium,0.7905
RSK005999,CUS-005999,0.1627,0.4685,0.7644,0.5247,Medium,0.7216
RSK006000,CUS-006000,0.5105,0.4153,0.0358,0.2541,Low,0.9017
RSK006001,CUS-006001,0.7228,0.1519,0.5154,0.5049,Medium,0.8735
RSK006002,CUS-006002,0.3285,0.1715,0.0558,0.1608,Low,0.7078
RSK006003,CUS-006003,0.4694,0.1775,0.313,0.3328,Low,0.7686
RSK006004,CUS-006004,0.3907,0.1155,0.01,0.1453,Low,0.7556
RSK006005,CUS-006005,0.5806,0.2388,0.01,0.2269,Low,0.8836
RSK006006,CUS-006006,0.1629,0.1817,0.0756,0.123,Low,0.8273
RSK006007,CUS-006007,0.1129,0.4031,0.4763,0.3526,Low,0.721
RSK006008,CUS-006008,0.8271,0.2151,0.7685,0.6754,Medium,0.7781
RSK006009,CUS-006009,0.7952,0.1999,0.3611,0.4591,Medium,0.9147
RSK006010,CUS-006010,0.2527,0.1584,0.5632,0.3891,Low,0.9712
RSK006011,CUS-006011,0.7347,0.3763,0.2632,0.4273,Medium,0.7945
RSK006012,CUS-006012,0.3198,0.4922,0.4188,0.4038,Medium,0.8577
RSK006013,CUS-006013,0.6521,0.1118,0.0992,0.2676,Low,0.8484
RSK006014,CUS-006014,0.6427,0.1337,0.1474,0.2933,Low,0.934
RSK006015,CUS-006015,0.1617,0.3347,0.0431,0.137,Low,0.9149
RSK006016,CUS-006016,0.72,0.153,0.01,0.2516,Low,0.9293
RSK006017,CUS-006017,0.6223,0.3003,0.1613,0.3274,Low,0.9536
RSK006018,CUS-006018,0.8543,0.2493,0.3228,0.4675,Medium,0.8811
RSK006019,CUS-006019,0.5408,0.3218,0.5628,0.508,Medium,0.8072
RSK006020,CUS-006020,0.7361,0.2431,0.5254,0.5322,Medium,0.9672
RSK006021,CUS-006021,0.6516,0.2377,0.7959,0.641,Medium,0.702
RSK006022,CUS-006022,0.886,0.2694,0.2519,0.4456,Medium,0.7204
RSK006023,CUS-006023,0.1819,0.3099,0.5109,0.372,Low,0.8753
RSK006024,CUS-006024,0.3203,0.2421,0.1271,0.2081,Low,0.9587
RSK006025,CUS-006025,0.4899,0.2699,0.0309,0.2164,Low,0.8527
RSK006026,CUS-006026,0.2163,0.3838,0.5637,0.4235,Medium,0.8072
RSK006027,CUS-006027,0.7692,0.1327,0.387,0.4508,Medium,0.84
RSK006028,CUS-006028,0.4556,0.134,0.0507,0.1888,Low,0.9177
RSK006029,CUS-006029,0.3994,0.2353,0.7582,0.546,Medium,0.8698
RSK006030,CUS-006030,0.3227,0.3033,0.327,0.321,Low,0.7775
RSK006031,CUS-006031,0.6618,0.1337,0.7777,0.6141,Medium,0.7472
RSK006032,CUS-006032,0.7183,0.2632,0.778,0.6571,Medium,0.9382
RSK006033,CUS-006033,0.8847,0.4386,0.1149,0.4106,Medium,0.7629
RSK006034,CUS-006034,0.3468,0.2351,0.8164,0.5593,Medium,0.7212
RSK006035,CUS-006035,0.2634,0.361,0.2144,0.2584,Low,0.9842
RSK006036,CUS-006036,0.2303,0.1644,0.4226,0.3133,Low,0.8329
RSK006037,CUS-006037,0.6134,0.2442,0.206,0.3359,Low,0.9175
RSK006038,CUS-006038,0.7363,0.4005,0.5104,0.5562,Medium,0.9558
RSK006039,CUS-006039,0.1212,0.2015,0.4182,0.2858,Low,0.9333
RSK006040,CUS-006040,0.7369,0.4289,0.409,0.5113,Medium,0.8323
RSK006041,CUS-006041,0.7171,0.4466,0.4829,0.5459,Medium,0.8872
RSK006042,CUS-006042,0.4059,0.1108,0.6612,0.4745,Medium,0.757
RSK006043,CUS-006043,0.4627,0.3032,0.552,0.4755,Medium,0.7986
RSK006044,CUS-006044,0.1964,0.3249,0.48,0.3639,Low,0.9059
RSK006045,CUS-006045,0.6979,0.3424,0.0605,0.3081,Low,0.8458
RSK006046,CUS-006046,0.3929,0.3852,0.0884,0.2391,Low,0.9784
RSK006047,CUS-006047,0.1761,0.2774,0.1615,0.1891,Low,0.8255
RSK006048,CUS-006048,0.7658,0.3692,0.4286,0.5179,Medium,0.8757
RSK006049,CUS-006049,0.7292,0.3107,0.4202,0.491,Medium,0.8762
RSK006050,CUS-006050,0.2043,0.1215,0.7143,0.4427,Medium,0.8999
RSK006051,CUS-006051,0.5844,0.3581,0.6732,0.5835,Medium,0.7571
RSK006052,CUS-006052,0.8404,0.1223,0.702,0.6276,Medium,0.8474
RSK006053,CUS-006053,0.6456,0.1389,0.6974,0.5702,Medium,0.8787
RSK006054,CUS-006054,0.3284,0.1609,0.0187,0.1401,Low,0.987
RSK006055,CUS-006055,0.2715,0.4801,0.3239,0.3394,Low,0.8818
RSK006056,CUS-006056,0.8515,0.384,0.6658,0.6651,Medium,0.73
RSK006057,CUS-006057,0.731,0.2095,0.2849,0.4037,Medium,0.811
RSK006058,CUS-006058,0.2513,0.1097,0.6166,0.4056,Medium,0.7134
RSK006059,CUS-006059,0.2126,0.3672,0.1923,0.2334,Low,0.9162
RSK006060,CUS-006060,0.5504,0.2497,0.6767,0.5534,Medium,0.9028
RSK006061,CUS-006061,0.6469,0.1816,0.2601,0.3604,Low,0.7907
RSK006062,CUS-006062,0.3767,0.1357,0.2651,0.2727,Low,0.9232
RSK006063,CUS-006063,0.3543,0.1495,0.1967,0.2345,Low,0.9719
RSK006064,CUS-006064,0.499,0.1762,0.3989,0.3844,Low,0.803
RSK006065,CUS-006065,0.6116,0.2967,0.6412,0.5634,Medium,0.849
RSK006066,CUS-006066,0.2168,0.3399,0.3913,0.3287,Low,0.7934
RSK006067,CUS-006067,0.1239,0.333,0.3464,0.277,Low,0.9057
RSK006068,CUS-006068,0.2693,0.3546,0.5246,0.414,Medium,0.8359
RSK006069,CUS-006069,0.3921,0.3112,0.0648,0.2123,Low,0.8334
RSK006070,CUS-006070,0.2333,0.4213,0.3242,0.3164,Low,0.7114
RSK006071,CUS-006071,0.6891,0.2462,0.4217,0.4668,Medium,0.7087
RSK006072,CUS-006072,0.7295,0.4197,0.679,0.6423,Medium,0.989
RSK006073,CUS-006073,0.3265,0.1715,0.5193,0.3919,Low,0.906
RSK006074,CUS-006074,0.3629,0.2404,0.01,0.162,Low,0.9485
RSK006075,CUS-006075,0.6017,0.3824,0.4324,0.4732,Medium,0.7259
RSK006076,CUS-006076,0.5161,0.255,0.0643,0.238,Low,0.7223
RSK006077,CUS-006077,0.899,0.4145,0.5957,0.6504,Medium,0.9313
RSK006078,CUS-006078,0.1706,0.1289,0.2127,0.1833,Low,0.9657
RSK006079,CUS-006079,0.6029,0.3005,0.8396,0.6608,Medium,0.9827
RSK006080,CUS-006080,0.6399,0.4898,0.6986,0.6392,Medium,0.9709
RSK006081,CUS-006081,0.7806,0.1915,0.6587,0.6018,Medium,0.8098
RSK006082,CUS-006082,0.6125,0.3854,0.3118,0.4167,Medium,0.9113
RSK006083,CUS-006083,0.3853,0.1177,0.3083,0.2933,Low,0.8012
RSK006084,CUS-006084,0.6176,0.2693,0.01,0.2441,Low,0.9673
RSK006085,CUS-006085,0.1788,0.1099,0.1142,0.1327,Low,0.7396
RSK006086,CUS-006086,0.3958,0.1572,0.4908,0.3956,Low,0.9182
RSK006087,CUS-006087,0.8652,0.1481,0.1214,0.3499,Low,0.7307
RSK006088,CUS-006088,0.4332,0.4696,0.7361,0.5919,Medium,0.7586
RSK006089,CUS-006089,0.6875,0.4898,0.0851,0.3468,Low,0.9706
RSK006090,CUS-006090,0.5862,0.4342,0.045,0.2852,Low,0.8158
RSK006091,CUS-006091,0.2414,0.3575,0.1427,0.2153,Low,0.8268
RSK006092,CUS-006092,0.5951,0.3901,0.582,0.5475,Medium,0.7602
RSK006093,CUS-006093,0.66,0.2164,0.01,0.2463,Low,0.8388
RSK006094,CUS-006094,0.721,0.4295,0.3564,0.4804,Medium,0.7213
RSK006095,CUS-006095,0.7549,0.3436,0.2174,0.4039,Medium,0.703
RSK006096,CUS-006096,0.1665,0.2977,0.352,0.2855,Low,0.8815
RSK006097,CUS-006097,0.1398,0.4623,0.6734,0.4711,Medium,0.9212
RSK006098,CUS-006098,0.1274,0.2366,0.0309,0.101,Low,0.8496
RSK006099,CUS-006099,0.5753,0.3919,0.1279,0.3149,Low,0.9766
RSK006100,CUS-006100,0.532,0.2904,0.1513,0.2933,Low,0.9194
RSK006101,CUS-006101,0.4792,0.4085,0.0965,0.2737,Low,0.896
RSK006102,CUS-006102,0.5874,0.3449,0.2915,0.3909,Low,0.8254
RSK006103,CUS-006103,0.7806,0.1516,0.0624,0.2957,Low,0.9195
RSK006104,CUS-006104,0.2091,0.2519,0.2802,0.2532,Low,0.828
RSK006105,CUS-006105,0.3457,0.4224,0.7214,0.5489,Medium,0.888
RSK006106,CUS-006106,0.8537,0.4792,0.5236,0.6138,Medium,0.8213
RSK006107,CUS-006107,0.8952,0.1289,0.3527,0.4707,Medium,0.8605
RSK006108,CUS-006108,0.7575,0.2874,0.1561,0.3628,Low,0.8443
RSK006109,CUS-006109,0.1673,0.4726,0.5406,0.415,Medium,0.8107
RSK006110,CUS-006110,0.4259,0.3529,0.5987,0.4977,Medium,0.9256
RSK006111,CUS-006111,0.4365,0.2688,0.0875,0.2285,Low,0.8666
RSK006112,CUS-006112,0.5027,0.1236,0.3977,0.3744,Low,0.8452
RSK006113,CUS-006113,0.4099,0.3205,0.7181,0.5461,Medium,0.7536
RSK006114,CUS-006114,0.2578,0.4995,0.5538,0.4541,Medium,0.9334
RSK006115,CUS-006115,0.8691,0.3929,0.165,0.4218,Medium,0.796
RSK006116,CUS-006116,0.5642,0.4271,0.3203,0.4148,Medium,0.8478
RSK006117,CUS-006117,0.8456,0.1346,0.1672,0.3642,Low,0.9881
RSK006118,CUS-006118,0.3486,0.2621,0.2879,0.3009,Low,0.9269
RSK006119,CUS-006119,0.199,0.2707,0.639,0.4333,Medium,0.8123
RSK006120,CUS-006120,0.8139,0.4522,0.3801,0.5247,Medium,0.8873
RSK006121,CUS-006121,0.3001,0.154,0.5603,0.401,Medium,0.8264
RSK006122,CUS-006122,0.8879,0.1779,0.1307,0.3673,Low,0.8452
RSK006123,CUS-006123,0.384,0.4264,0.1577,0.2793,Low,0.8248
RSK006124,CUS-006124,0.8172,0.2114,0.0233,0.2991,Low,0.784
RSK006125,CUS-006125,0.4346,0.4449,0.4667,0.4527,Medium,0.9307
RSK006126,CUS-006126,0.4448,0.1224,0.5544,0.4351,Medium,0.917
RSK006127,CUS-006127,0.4182,0.3489,0.7415,0.566,Medium,0.9373
RSK006128,CUS-006128,0.2899,0.3039,0.664,0.4798,Medium,0.868
RSK006129,CUS-006129,0.4639,0.3088,0.6809,0.5414,Medium,0.9624
RSK006130,CUS-006130,0.4763,0.3492,0.4082,0.4168,Medium,0.8066
RSK006131,CUS-006131,0.3396,0.3355,0.1161,0.227,Low,0.7754
RSK006132,CUS-006132,0.8309,0.1043,0.6692,0.6047,Medium,0.7387
RSK006133,CUS-006133,0.6505,0.4689,0.2895,0.4337,Medium,0.948
RSK006134,CUS-006134,0.6058,0.3134,0.3827,0.4358,Medium,0.7075
RSK006135,CUS-006135,0.7996,0.3939,0.0482,0.3428,Low,0.7988
RSK006136,CUS-006136,0.4438,0.4362,0.1372,0.289,Low,0.7788
RSK006137,CUS-006137,0.7926,0.3918,0.1864,0.4093,Medium,0.7442
RSK006138,CUS-006138,0.6402,0.2133,0.7609,0.6152,Medium,0.9822
RSK006139,CUS-006139,0.3525,0.4585,0.0718,0.2334,Low,0.933
RSK006140,CUS-006140,0.885,0.2816,0.7263,0.685,Medium,0.9705
RSK006141,CUS-006141,0.8716,0.1552,0.01,0.2975,Low,0.7464
RSK006142,CUS-006142,0.2448,0.2361,0.5723,0.4068,Medium,0.7301
RSK006143,CUS-006143,0.576,0.4241,0.5215,0.5184,Medium,0.7394
RSK006144,CUS-006144,0.396,0.3458,0.3883,0.3821,Low,0.865
RSK006145,CUS-006145,0.3441,0.4086,0.6642,0.5171,Medium,0.706
RSK006146,CUS-006146,0.8555,0.2721,0.244,0.4331,Medium,0.7139
RSK006147,CUS-006147,0.805,0.3607,0.226,0.4266,Medium,0.9008
RSK006148,CUS-006148,0.734,0.1202,0.1703,0.3294,Low,0.922
RSK006149,CUS-006149,0.3545,0.1456,0.3043,0.2876,Low,0.8877
RSK006150,CUS-006150,0.1347,0.3155,0.3662,0.2866,Low,0.7366
RSK006151,CUS-006151,0.1256,0.2048,0.01,0.0836,Low,0.7507
RSK006152,CUS-006152,0.2962,0.4979,0.1249,0.2509,Low,0.7435
RSK006153,CUS-006153,0.4241,0.4042,0.6931,0.5546,Medium,0.9771
RSK006154,CUS-006154,0.8932,0.4061,0.2344,0.4664,Medium,0.7405
RSK006155,CUS-006155,0.3438,0.1657,0.4315,0.352,Low,0.9064
RSK006156,CUS-006156,0.3581,0.3025,0.6029,0.4694,Medium,0.7977
RSK006157,CUS-006157,0.8071,0.3035,0.517,0.5613,Medium,0.877
RSK006158,CUS-006158,0.2298,0.2437,0.0371,0.1362,Low,0.7896
RSK006159,CUS-006159,0.5191,0.3315,0.0237,0.2339,Low,0.9538
RSK006160,CUS-006160,0.3168,0.4122,0.6074,0.4812,Medium,0.9254
RSK006161,CUS-006161,0.2269,0.4586,0.0234,0.1715,Low,0.9583
RSK006162,CUS-006162,0.3507,0.2807,0.5675,0.4451,Medium,0.9404
RSK006163,CUS-006163,0.3822,0.1783,0.7246,0.5126,Medium,0.7981
RSK006164,CUS-006164,0.6026,0.3428,0.4577,0.4782,Medium,0.7315
RSK006165,CUS-006165,0.1764,0.3305,0.6621,0.4501,Medium,0.8313
RSK006166,CUS-006166,0.2019,0.4952,0.7662,0.5427,Medium,0.8334
RSK006167,CUS-006167,0.3857,0.3862,0.4879,0.4369,Medium,0.9624
RSK006168,CUS-006168,0.5175,0.3414,0.3775,0.4123,Medium,0.9458
RSK006169,CUS-006169,0.6046,0.4948,0.3947,0.4777,Medium,0.9477
RSK006170,CUS-006170,0.6989,0.1326,0.1287,0.3005,Low,0.8432
RSK006171,CUS-006171,0.2279,0.4156,0.5843,0.4436,Medium,0.7141
RSK006172,CUS-006172,0.8807,0.3687,0.1974,0.4367,Medium,0.7896
RSK006173,CUS-006173,0.3182,0.1747,0.6394,0.4501,Medium,0.8878
RSK006174,CUS-006174,0.5287,0.3655,0.1682,0.3158,Low,0.9732
RSK006175,CUS-006175,0.7755,0.2767,0.1414,0.3587,Low,0.7377
RSK006176,CUS-006176,0.8646,0.4934,0.5881,0.6521,Medium,0.8853
RSK006177,CUS-006177,0.182,0.3074,0.3497,0.2909,Low,0.9111
RSK006178,CUS-006178,0.5566,0.4763,0.5758,0.5501,Medium,0.7608
RSK006179,CUS-006179,0.3093,0.2429,0.3099,0.2963,Low,0.7854
RSK006180,CUS-006180,0.7924,0.4125,0.3895,0.515,Medium,0.7877
RSK006181,CUS-006181,0.6007,0.1075,0.1286,0.266,Low,0.7606
RSK006182,CUS-006182,0.2008,0.2633,0.1593,0.1925,Low,0.7615
RSK006183,CUS-006183,0.4096,0.155,0.1638,0.2358,Low,0.8041
RSK006184,CUS-006184,0.7169,0.2168,0.6578,0.5873,Medium,0.8578
RSK006185,CUS-006185,0.1317,0.3193,0.6744,0.4406,Medium,0.8008
RSK006186,CUS-006186,0.5462,0.4907,0.0809,0.3024,Low,0.8864
RSK006187,CUS-006187,0.7568,0.357,0.3192,0.458,Medium,0.7315
RSK006188,CUS-006188,0.136,0.3873,0.611,0.4238,Medium,0.7661
RSK006189,CUS-006189,0.4913,0.1759,0.3566,0.3609,Low,0.8722
RSK006190,CUS-006190,0.2932,0.2992,0.1331,0.2143,Low,0.8227
RSK006191,CUS-006191,0.1859,0.1674,0.0874,0.133,Low,0.9036
RSK006192,CUS-006192,0.8944,0.4113,0.7622,0.7317,High,0.7078
RSK006193,CUS-006193,0.7396,0.2148,0.395,0.4623,Medium,0.812
RSK006194,CUS-006194,0.8791,0.4769,0.6937,0.706,High,0.9176
RSK006195,CUS-006195,0.5975,0.3,0.0164,0.2475,Low,0.8226
RSK006196,CUS-006196,0.4876,0.3896,0.6134,0.5309,Medium,0.9047
RSK006197,CUS-006197,0.772,0.2961,0.6009,0.5913,Medium,0.9349
RSK006198,CUS-006198,0.7647,0.2527,0.6347,0.5973,Medium,0.8194
RSK006199,CUS-006199,0.6501,0.2091,0.4263,0.45,Medium,0.9564
RSK006200,CUS-006200,0.2453,0.1357,0.1266,0.164,Low,0.9368
RSK006201,CUS-006201,0.3824,0.2561,0.056,0.1939,Low,0.94
RSK006202,CUS-006202,0.6078,0.1039,0.1587,0.2825,Low,0.906
RSK006203,CUS-006203,0.6005,0.1722,0.2513,0.3402,Low,0.9302
RSK006204,CUS-006204,0.3201,0.1717,0.1069,0.1838,Low,0.7671
RSK006205,CUS-006205,0.3376,0.4692,0.6885,0.5394,Medium,0.8802
RSK006206,CUS-006206,0.8918,0.2823,0.3933,0.5206,Medium,0.9875
RSK006207,CUS-006207,0.7872,0.3122,0.1341,0.3656,Low,0.8313
RSK006208,CUS-006208,0.7371,0.4042,0.2487,0.4263,Medium,0.886
RSK006209,CUS-006209,0.6524,0.1405,0.3312,0.3894,Low,0.8872
RSK006210,CUS-006210,0.2713,0.1618,0.5669,0.3972,Low,0.7296
RSK006211,CUS-006211,0.2212,0.2118,0.6407,0.4291,Medium,0.9464
RSK006212,CUS-006212,0.8192,0.3343,0.0562,0.3407,Low,0.7656
RSK006213,CUS-006213,0.6274,0.1805,0.281,0.3648,Low,0.7249
RSK006214,CUS-006214,0.367,0.2994,0.5842,0.4621,Medium,0.8465
RSK006215,CUS-006215,0.1855,0.2673,0.3916,0.3049,Low,0.9859
RSK006216,CUS-006216,0.1668,0.1853,0.2649,0.2196,Low,0.8666
RSK006217,CUS-006217,0.169,0.2424,0.3055,0.2519,Low,0.7408
RSK006218,CUS-006218,0.8792,0.3626,0.01,0.3413,Low,0.8181
RSK006219,CUS-006219,0.5586,0.1608,0.3505,0.375,Low,0.7348
RSK006220,CUS-006220,0.334,0.4708,0.2914,0.3401,Low,0.9541
RSK006221,CUS-006221,0.1223,0.1485,0.1363,0.1345,Low,0.9666
RSK006222,CUS-006222,0.6832,0.4418,0.1062,0.3464,Low,0.8799
RSK006223,CUS-006223,0.4697,0.3316,0.0661,0.2403,Low,0.883
RSK006224,CUS-006224,0.1442,0.1677,0.0796,0.1166,Low,0.8906
RSK006225,CUS-006225,0.6333,0.3146,0.5394,0.5226,Medium,0.9335
RSK006226,CUS-006226,0.2204,0.3609,0.5105,0.3936,Low,0.9056
RSK006227,CUS-006227,0.2234,0.3991,0.6401,0.4669,Medium,0.7606
RSK006228,CUS-006228,0.765,0.1496,0.5922,0.5555,Medium,0.7086
RSK006229,CUS-006229,0.5773,0.2593,0.7219,0.586,Medium,0.8321
RSK006230,CUS-006230,0.3728,0.1617,0.1163,0.2023,Low,0.9173
RSK006231,CUS-006231,0.8268,0.3255,0.4336,0.5299,Medium,0.7203
RSK006232,CUS-006232,0.6584,0.3241,0.8427,0.6837,Medium,0.8998
RSK006233,CUS-006233,0.2807,0.2822,0.3838,0.3325,Low,0.7032
RSK006234,CUS-006234,0.6251,0.4706,0.2315,0.3974,Low,0.8716
RSK006235,CUS-006235,0.3014,0.4949,0.479,0.4289,Medium,0.8785
RSK006236,CUS-006236,0.7184,0.255,0.3938,0.4634,Medium,0.7873
RSK006237,CUS-006237,0.3187,0.3509,0.5593,0.4454,Medium,0.7696
RSK006238,CUS-006238,0.5679,0.1241,0.7233,0.5568,Medium,0.8313
RSK006239,CUS-006239,0.7975,0.4855,0.8118,0.7422,High,0.9005
RSK006240,CUS-006240,0.7837,0.4228,0.3332,0.4863,Medium,0.8272
RSK006241,CUS-006241,0.6559,0.3923,0.2115,0.381,Low,0.9324
RSK006242,CUS-006242,0.8228,0.4924,0.1339,0.4123,Medium,0.9836
RSK006243,CUS-006243,0.4659,0.2199,0.3433,0.3554,Low,0.7968
RSK006244,CUS-006244,0.5959,0.4738,0.7185,0.6328,Medium,0.8123
RSK006245,CUS-006245,0.3402,0.4561,0.488,0.4373,Medium,0.8689
RSK006246,CUS-006246,0.8142,0.1771,0.4517,0.5055,Medium,0.98
RSK006247,CUS-006247,0.5203,0.1947,0.3381,0.3641,Low,0.8646
RSK006248,CUS-006248,0.6197,0.2131,0.8161,0.6366,Medium,0.7796
RSK006249,CUS-006249,0.7105,0.2659,0.1459,0.3393,Low,0.953
RSK006250,CUS-006250,0.4462,0.4678,0.5073,0.4811,Medium,0.8657
RSK006251,CUS-006251,0.696,0.3201,0.6466,0.5961,Medium,0.9444
RSK006252,CUS-006252,0.7476,0.1585,0.2453,0.3786,Low,0.956
RSK006253,CUS-006253,0.8777,0.2728,0.4289,0.5323,Medium,0.8333
RSK006254,CUS-006254,0.1222,0.3417,0.0614,0.1357,Low,0.7486
RSK006255,CUS-006255,0.6225,0.4423,0.6907,0.6206,Medium,0.9604
RSK006256,CUS-006256,0.7932,0.1181,0.7885,0.6558,Medium,0.9834
RSK006257,CUS-006257,0.7591,0.2761,0.5282,0.5471,Medium,0.8484
RSK006258,CUS-006258,0.186,0.4635,0.5773,0.4372,Medium,0.9068
RSK006259,CUS-006259,0.2005,0.3149,0.1621,0.2042,Low,0.7955
RSK006260,CUS-006260,0.7829,0.3842,0.8149,0.7192,High,0.7648
RSK006261,CUS-006261,0.2748,0.4845,0.1066,0.2326,Low,0.7048
RSK006262,CUS-006262,0.2337,0.1667,0.6593,0.4331,Medium,0.884
RSK006263,CUS-006263,0.1812,0.4582,0.1771,0.2346,Low,0.9676
RSK006264,CUS-006264,0.4882,0.3673,0.5858,0.5128,Medium,0.9836
RSK006265,CUS-006265,0.1736,0.2338,0.0127,0.1052,Low,0.8199
RSK006266,CUS-006266,0.3099,0.3147,0.4644,0.3881,Low,0.7844
RSK006267,CUS-006267,0.7966,0.2355,0.1624,0.3673,Low,0.7806
RSK006268,CUS-006268,0.1075,0.498,0.5046,0.3842,Low,0.9562
RSK006269,CUS-006269,0.6503,0.1966,0.7574,0.6131,Medium,0.7414
RSK006270,CUS-006270,0.8645,0.1041,0.3773,0.4688,Medium,0.9536
RSK006271,CUS-006271,0.5936,0.4983,0.2989,0.4272,Medium,0.7801
RSK006272,CUS-006272,0.1346,0.4282,0.6183,0.4352,Medium,0.8892
RSK006273,CUS-006273,0.7778,0.2794,0.0732,0.3258,Low,0.7385
RSK006274,CUS-006274,0.2346,0.1986,0.1199,0.1701,Low,0.778
RSK006275,CUS-006275,0.3771,0.2867,0.1066,0.2238,Low,0.7827
RSK006276,CUS-006276,0.3709,0.3424,0.1381,0.2488,Low,0.9544
RSK006277,CUS-006277,0.8446,0.3873,0.3795,0.5206,Medium,0.7808
RSK006278,CUS-006278,0.3666,0.4032,0.1921,0.2867,Low,0.9467
RSK006279,CUS-006279,0.4089,0.2917,0.4713,0.4167,Medium,0.8486
RSK006280,CUS-006280,0.88,0.2751,0.2966,0.4673,Medium,0.7241
RSK006281,CUS-006281,0.7728,0.1586,0.2491,0.3881,Low,0.887
RSK006282,CUS-006282,0.5519,0.3737,0.4165,0.4486,Medium,0.9468
RSK006283,CUS-006283,0.5389,0.2386,0.5705,0.4946,Medium,0.8648
RSK006284,CUS-006284,0.3599,0.4969,0.6014,0.5081,Medium,0.9478
RSK006285,CUS-006285,0.4735,0.1281,0.1326,0.234,Low,0.7572
RSK006286,CUS-006286,0.89,0.3367,0.0889,0.3788,Low,0.8095
RSK006287,CUS-006287,0.3966,0.1585,0.6644,0.4829,Medium,0.7807
RSK006288,CUS-006288,0.1733,0.2831,0.2101,0.2137,Low,0.7243
RSK006289,CUS-006289,0.4132,0.2951,0.4502,0.4081,Medium,0.7537
RSK006290,CUS-006290,0.7364,0.3779,0.4184,0.5057,Medium,0.953
RSK006291,CUS-006291,0.5057,0.397,0.189,0.3256,Low,0.9441
RSK006292,CUS-006292,0.7898,0.2942,0.5997,0.5956,Medium,0.8312
RSK006293,CUS-006293,0.6021,0.4232,0.3394,0.435,Medium,0.9427
RSK006294,CUS-006294,0.173,0.4867,0.8187,0.5586,Medium,0.8398
RSK006295,CUS-006295,0.8615,0.4895,0.204,0.4583,Medium,0.7809
RSK006296,CUS-006296,0.2422,0.4616,0.4146,0.3723,Low,0.8014
RSK006297,CUS-006297,0.5106,0.4527,0.6609,0.5742,Medium,0.8822
RSK006298,CUS-006298,0.8808,0.1211,0.5875,0.5822,Medium,0.9884
RSK006299,CUS-006299,0.8546,0.161,0.111,0.3441,Low,0.9734
RSK006300,CUS-006300,0.491,0.305,0.6392,0.5279,Medium,0.7775
RSK006301,CUS-006301,0.8632,0.3028,0.224,0.4315,Medium,0.8589
RSK006302,CUS-006302,0.6196,0.4282,0.1612,0.3521,Low,0.8465
RSK006303,CUS-006303,0.7218,0.197,0.5623,0.5371,Medium,0.7138
RSK006304,CUS-006304,0.2978,0.407,0.4158,0.3786,Low,0.8201
RSK006305,CUS-006305,0.8474,0.1903,0.466,0.5253,Medium,0.781
RSK006306,CUS-006306,0.2303,0.2418,0.4917,0.3633,Low,0.8368
RSK006307,CUS-006307,0.7235,0.2246,0.2899,0.4069,Medium,0.9662
RSK006308,CUS-006308,0.382,0.3023,0.6089,0.4795,Medium,0.808
RSK006309,CUS-006309,0.6543,0.4482,0.514,0.5429,Medium,0.865
RSK006310,CUS-006310,0.647,0.2499,0.7244,0.6063,Medium,0.9808
RSK006311,CUS-006311,0.1159,0.1178,0.01,0.0633,Low,0.8987
RSK006312,CUS-006312,0.6042,0.2142,0.2761,0.3621,Low,0.7485
RSK006313,CUS-006313,0.294,0.1672,0.1403,0.1918,Low,0.8088
RSK006314,CUS-006314,0.4042,0.1955,0.6937,0.5072,Medium,0.9137
RSK006315,CUS-006315,0.5834,0.3814,0.1579,0.3303,Low,0.8433
RSK006316,CUS-006316,0.38,0.1023,0.7097,0.4893,Medium,0.8667
RSK006317,CUS-006317,0.8472,0.1649,0.7186,0.6464,Medium,0.7085
RSK006318,CUS-006318,0.2216,0.2741,0.8794,0.561,Medium,0.7166
RSK006319,CUS-006319,0.4253,0.4102,0.5584,0.4888,Medium,0.8998
RSK006320,CUS-006320,0.8033,0.4172,0.4337,0.5413,Medium,0.9006
RSK006321,CUS-006321,0.8605,0.1823,0.1708,0.38,Low,0.8012
RSK006322,CUS-006322,0.5749,0.1731,0.3108,0.3625,Low,0.9678
RSK006323,CUS-006323,0.4596,0.141,0.0979,0.215,Low,0.9388
RSK006324,CUS-006324,0.8962,0.3673,0.4458,0.5652,Medium,0.7214
RSK006325,CUS-006325,0.421,0.1495,0.209,0.2607,Low,0.8443
RSK006326,CUS-006326,0.2308,0.3476,0.1045,0.191,Low,0.8623
RSK006327,CUS-006327,0.8351,0.2864,0.1389,0.3773,Low,0.9285
RSK006328,CUS-006328,0.6154,0.4055,0.7199,0.6257,Medium,0.8654
RSK006329,CUS-006329,0.2393,0.4502,0.3621,0.3429,Low,0.7412
RSK006330,CUS-006330,0.2182,0.151,0.5295,0.3604,Low,0.9008
RSK006331,CUS-006331,0.6005,0.2516,0.5219,0.4914,Medium,0.932
RSK006332,CUS-006332,0.5364,0.2419,0.1114,0.265,Low,0.8258
RSK006333,CUS-006333,0.1104,0.1221,0.5242,0.3196,Low,0.9237
RSK006334,CUS-006334,0.484,0.4224,0.591,0.5252,Medium,0.8924
RSK006335,CUS-006335,0.6635,0.2322,0.6287,0.5598,Medium,0.7561
RSK006336,CUS-006336,0.5755,0.2087,0.3228,0.3758,Low,0.9629
RSK006337,CUS-006337,0.3236,0.3418,0.6064,0.4686,Medium,0.7378
RSK006338,CUS-006338,0.7912,0.281,0.1173,0.3522,Low,0.7274
RSK006339,CUS-006339,0.161,0.3503,0.5651,0.4009,Medium,0.8471
RSK006340,CUS-006340,0.142,0.2991,0.6032,0.404,Medium,0.847
RSK006341,CUS-006341,0.4277,0.3146,0.6581,0.5203,Medium,0.7154
RSK006342,CUS-006342,0.4902,0.1161,0.7291,0.5348,Medium,0.9126
RSK006343,CUS-006343,0.2638,0.2386,0.733,0.4934,Medium,0.8389
RSK006344,CUS-006344,0.8269,0.2146,0.4269,0.5044,Medium,0.7395
RSK006345,CUS-006345,0.1984,0.2386,0.7889,0.5017,Medium,0.7196
RSK006346,CUS-006346,0.5269,0.4423,0.231,0.362,Low,0.8663
RSK006347,CUS-006347,0.3835,0.1147,0.0601,0.168,Low,0.9103
RSK006348,CUS-006348,0.8011,0.1031,0.5209,0.5214,Medium,0.9203
RSK006349,CUS-006349,0.566,0.313,0.3766,0.4207,Medium,0.9443
RSK006350,CUS-006350,0.5356,0.2788,0.4482,0.4405,Medium,0.8076
RSK006351,CUS-006351,0.5354,0.4903,0.6778,0.5976,Medium,0.8196
RSK006352,CUS-006352,0.5781,0.4391,0.3956,0.459,Medium,0.7719
RSK006353,CUS-006353,0.1251,0.2637,0.831,0.5058,Medium,0.8777
RSK006354,CUS-006354,0.7394,0.2204,0.4433,0.4876,Medium,0.7522
RSK006355,CUS-006355,0.6523,0.384,0.4156,0.4803,Medium,0.7043
RSK006356,CUS-006356,0.625,0.3826,0.2039,0.366,Low,0.7806
RSK006357,CUS-006357,0.6913,0.4349,0.717,0.6529,Medium,0.8264
RSK006358,CUS-006358,0.4992,0.3586,0.4037,0.4233,Medium,0.9362
RSK006359,CUS-006359,0.469,0.2952,0.6345,0.517,Medium,0.8572
RSK006360,CUS-006360,0.2273,0.3851,0.2359,0.2632,Low,0.8389
RSK006361,CUS-006361,0.1513,0.4911,0.3885,0.3379,Low,0.8863
RSK006362,CUS-006362,0.1729,0.343,0.4904,0.3657,Low,0.8916
RSK006363,CUS-006363,0.8637,0.2205,0.3889,0.4977,Medium,0.7362
RSK006364,CUS-006364,0.7038,0.4015,0.3105,0.4467,Medium,0.8799
RSK006365,CUS-006365,0.2986,0.1376,0.7114,0.4728,Medium,0.7874
RSK006366,CUS-006366,0.3669,0.3055,0.3549,0.3486,Low,0.7937
RSK006367,CUS-006367,0.7354,0.4817,0.668,0.651,Medium,0.743
RSK006368,CUS-006368,0.3393,0.4318,0.3363,0.3563,Low,0.9624
RSK006369,CUS-006369,0.8334,0.2322,0.4717,0.5323,Medium,0.704
RSK006370,CUS-006370,0.8214,0.162,0.3432,0.4504,Medium,0.7883
RSK006371,CUS-006371,0.821,0.299,0.2289,0.4205,Medium,0.9861
RSK006372,CUS-006372,0.3895,0.4765,0.4452,0.4347,Medium,0.8987
RSK006373,CUS-006373,0.8126,0.4238,0.66,0.6585,Medium,0.7957
RSK006374,CUS-006374,0.1827,0.1553,0.4533,0.3125,Low,0.9075
RSK006375,CUS-006375,0.3014,0.4041,0.7047,0.5236,Medium,0.7007
RSK006376,CUS-006376,0.3545,0.193,0.6275,0.4587,Medium,0.7662
RSK006377,CUS-006377,0.185,0.3333,0.4465,0.3454,Low,0.976
RSK006378,CUS-006378,0.8777,0.1613,0.3657,0.4784,Medium,0.8333
RSK006379,CUS-006379,0.5905,0.3495,0.2989,0.3965,Low,0.9442
RSK006380,CUS-006380,0.2351,0.1889,0.0625,0.1396,Low,0.7758
RSK006381,CUS-006381,0.8624,0.1473,0.3139,0.4451,Medium,0.7715
RSK006382,CUS-006382,0.5379,0.3377,0.1222,0.29,Low,0.7732
RSK006383,CUS-006383,0.1341,0.1709,0.1901,0.1695,Low,0.9368
RSK006384,CUS-006384,0.6307,0.2206,0.5787,0.5227,Medium,0.7368
RSK006385,CUS-006385,0.3406,0.3093,0.1831,0.2556,Low,0.8775
RSK006386,CUS-006386,0.6249,0.133,0.8324,0.6303,Medium,0.9284
RSK006387,CUS-006387,0.2298,0.3746,0.098,0.1929,Low,0.7358
RSK006388,CUS-006388,0.8278,0.3569,0.1096,0.3745,Low,0.7827
RSK006389,CUS-006389,0.7521,0.4447,0.4314,0.5303,Medium,0.8981
RSK006390,CUS-006390,0.2045,0.192,0.5704,0.385,Low,0.7879
RSK006391,CUS-006391,0.1981,0.3787,0.8188,0.5446,Medium,0.8466
RSK006392,CUS-006392,0.7078,0.2673,0.1828,0.3572,Low,0.9419
RSK006393,CUS-006393,0.8957,0.4792,0.7131,0.7211,High,0.7238
RSK006394,CUS-006394,0.6828,0.3943,0.3047,0.436,Medium,0.7
RSK006395,CUS-006395,0.8727,0.4622,0.0681,0.3883,Low,0.7553
RSK006396,CUS-006396,0.1824,0.4496,0.2502,0.2697,Low,0.7524
RSK006397,CUS-006397,0.1603,0.3202,0.5481,0.3862,Low,0.8659
RSK006398,CUS-006398,0.4393,0.3975,0.255,0.3388,Low,0.964
RSK006399,CUS-006399,0.5856,0.3691,0.0914,0.2952,Low,0.9375
RSK006400,CUS-006400,0.4082,0.3881,0.3162,0.3582,Low,0.8809
RSK006401,CUS-006401,0.2395,0.1461,0.1972,0.1997,Low,0.8396
RSK006402,CUS-006402,0.259,0.3267,0.7319,0.509,Medium,0.7005
RSK006403,CUS-006403,0.6904,0.2983,0.5489,0.5412,Medium,0.7035
RSK006404,CUS-006404,0.6094,0.1216,0.5256,0.4699,Medium,0.9694
RSK006405,CUS-006405,0.2707,0.3271,0.6807,0.487,Medium,0.8178
RSK006406,CUS-006406,0.1016,0.2405,0.3345,0.2458,Low,0.7033
RSK006407,CUS-006407,0.4078,0.3099,0.324,0.3463,Low,0.7191
RSK006408,CUS-006408,0.1518,0.1688,0.4196,0.2891,Low,0.9525
RSK006409,CUS-006409,0.8757,0.3923,0.0901,0.3862,Low,0.7463
RSK006410,CUS-006410,0.5108,0.3219,0.3958,0.4155,Medium,0.87
RSK006411,CUS-006411,0.6096,0.1214,0.3846,0.3995,Low,0.7496
RSK006412,CUS-006412,0.7573,0.3906,0.0576,0.3341,Low,0.793
RSK006413,CUS-006413,0.8,0.3722,0.0753,0.3521,Low,0.9689
RSK006414,CUS-006414,0.7855,0.3252,0.0596,0.3305,Low,0.7456
RSK006415,CUS-006415,0.1676,0.4722,0.2179,0.2537,Low,0.8744
RSK006416,CUS-006416,0.7374,0.3133,0.7876,0.6777,Medium,0.9051
RSK006417,CUS-006417,0.2431,0.2709,0.1703,0.2123,Low,0.7322
RSK006418,CUS-006418,0.2455,0.2615,0.4149,0.3334,Low,0.9767
RSK006419,CUS-006419,0.4427,0.4952,0.1141,0.2889,Low,0.8314
RSK006420,CUS-006420,0.6311,0.3075,0.3367,0.4192,Medium,0.7385
RSK006421,CUS-006421,0.8534,0.3374,0.3199,0.4835,Medium,0.8427
RSK006422,CUS-006422,0.8065,0.1548,0.4535,0.4997,Medium,0.7835
RSK006423,CUS-006423,0.6448,0.3967,0.2486,0.3971,Low,0.8572
RSK006424,CUS-006424,0.8137,0.2725,0.7757,0.6865,Medium,0.8538
RSK006425,CUS-006425,0.6849,0.1926,0.5128,0.5004,Medium,0.8255
RSK006426,CUS-006426,0.3599,0.398,0.3854,0.3803,Low,0.8005
RSK006427,CUS-006427,0.6194,0.3057,0.7802,0.6371,Medium,0.8958
RSK006428,CUS-006428,0.7863,0.216,0.1479,0.353,Low,0.9321
RSK006429,CUS-006429,0.1345,0.3921,0.4161,0.3268,Low,0.7789
RSK006430,CUS-006430,0.6932,0.3236,0.5784,0.5619,Medium,0.9048
RSK006431,CUS-006431,0.2926,0.4627,0.118,0.2393,Low,0.7862
RSK006432,CUS-006432,0.5988,0.4225,0.3465,0.4374,Medium,0.9689
RSK006433,CUS-006433,0.8942,0.2087,0.01,0.315,Low,0.834
RSK006434,CUS-006434,0.1424,0.4783,0.2855,0.2811,Low,0.9896
RSK006435,CUS-006435,0.7726,0.3559,0.01,0.308,Low,0.7028
RSK006436,CUS-006436,0.4175,0.1121,0.01,0.1527,Low,0.7898
RSK006437,CUS-006437,0.8923,0.2693,0.4315,0.5373,Medium,0.8242
RSK006438,CUS-006438,0.8521,0.1662,0.6714,0.6246,Medium,0.7773
RSK006439,CUS-006439,0.3644,0.4251,0.1122,0.2504,Low,0.7316
RSK006440,CUS-006440,0.7055,0.3074,0.1169,0.3316,Low,0.7714
RSK006441,CUS-006441,0.2839,0.3197,0.2183,0.2583,Low,0.8131
RSK006442,CUS-006442,0.4051,0.2307,0.2206,0.278,Low,0.9648
RSK006443,CUS-006443,0.4135,0.2509,0.8061,0.5773,Medium,0.889
RSK006444,CUS-006444,0.6361,0.2985,0.1645,0.3328,Low,0.8361
RSK006445,CUS-006445,0.5476,0.2262,0.3605,0.3898,Low,0.8793
RSK006446,CUS-006446,0.4479,0.3658,0.4605,0.4378,Medium,0.8719
RSK006447,CUS-006447,0.3058,0.3239,0.2059,0.2595,Low,0.9462
RSK006448,CUS-006448,0.3041,0.4037,0.2218,0.2829,Low,0.9686
RSK006449,CUS-006449,0.238,0.4603,0.6894,0.5082,Medium,0.8862
RSK006450,CUS-006450,0.6557,0.3424,0.5624,0.5464,Medium,0.8773
RSK006451,CUS-006451,0.7986,0.4808,0.4371,0.5543,Medium,0.7999
RSK006452,CUS-006452,0.4293,0.4184,0.3643,0.3946,Low,0.8232
RSK006453,CUS-006453,0.101,0.4409,0.5567,0.3968,Low,0.7526
RSK006454,CUS-006454,0.8045,0.4635,0.5527,0.6104,Medium,0.8917
RSK006455,CUS-006455,0.5643,0.4816,0.4517,0.4915,Medium,0.9811
RSK006456,CUS-006456,0.4126,0.1921,0.1389,0.2317,Low,0.855
RSK006457,CUS-006457,0.481,0.3284,0.438,0.429,Medium,0.8773
RSK006458,CUS-006458,0.6247,0.4844,0.7376,0.6531,Medium,0.7073
RSK006459,CUS-006459,0.2271,0.1693,0.1714,0.1877,Low,0.7954
RSK006460,CUS-006460,0.4,0.2725,0.2062,0.2776,Low,0.7629
RSK006461,CUS-006461,0.2399,0.1634,0.409,0.3091,Low,0.9249
RSK006462,CUS-006462,0.234,0.4351,0.7296,0.522,Medium,0.7796
RSK006463,CUS-006463,0.8998,0.4253,0.7545,0.7322,High,0.8654
RSK006464,CUS-006464,0.7708,0.4151,0.5719,0.6002,Medium,0.834
RSK006465,CUS-006465,0.5288,0.2617,0.5126,0.4673,Medium,0.773
RSK006466,CUS-006466,0.7608,0.3985,0.7209,0.6684,Medium,0.9019
RSK006467,CUS-006467,0.2098,0.1408,0.0358,0.109,Low,0.977
RSK006468,CUS-006468,0.5284,0.2594,0.391,0.4059,Medium,0.7581
RSK006469,CUS-006469,0.8202,0.182,0.0276,0.2963,Low,0.7028
RSK006470,CUS-006470,0.159,0.2421,0.7936,0.4929,Medium,0.7726
RSK006471,CUS-006471,0.8987,0.4412,0.7768,0.7462,High,0.749
RSK006472,CUS-006472,0.3186,0.3561,0.0829,0.2082,Low,0.7628
RSK006473,CUS-006473,0.2088,0.3283,0.1211,0.1888,Low,0.848
RSK006474,CUS-006474,0.4794,0.3344,0.3958,0.4086,Medium,0.9127
RSK006475,CUS-006475,0.5555,0.4008,0.01,0.2518,Low,0.7335
RSK006476,CUS-006476,0.7667,0.3648,0.0198,0.3129,Low,0.8623
RSK006477,CUS-006477,0.8977,0.3733,0.1985,0.4432,Medium,0.7983
RSK006478,CUS-006478,0.3587,0.4729,0.1311,0.2677,Low,0.9168
RSK006479,CUS-006479,0.8967,0.2495,0.4286,0.5332,Medium,0.7273
RSK006480,CUS-006480,0.5676,0.4172,0.4461,0.4768,Medium,0.7159
RSK006481,CUS-006481,0.5451,0.2991,0.1771,0.3119,Low,0.9742
RSK006482,CUS-006482,0.2099,0.1683,0.5959,0.3946,Low,0.7728
RSK006483,CUS-006483,0.7726,0.2088,0.1233,0.3352,Low,0.9496
RSK006484,CUS-006484,0.6968,0.2651,0.8804,0.7023,High,0.8674
RSK006485,CUS-006485,0.2829,0.3291,0.0701,0.1857,Low,0.9527
RSK006486,CUS-006486,0.2245,0.4087,0.0269,0.1625,Low,0.9891
RSK006487,CUS-006487,0.542,0.1659,0.3978,0.3947,Low,0.9817
RSK006488,CUS-006488,0.8561,0.4771,0.0519,0.3782,Low,0.7917
RSK006489,CUS-006489,0.1674,0.3007,0.2268,0.2238,Low,0.7144
RSK006490,CUS-006490,0.1538,0.1189,0.1857,0.1628,Low,0.7642
RSK006491,CUS-006491,0.6412,0.4105,0.1098,0.3294,Low,0.7578
RSK006492,CUS-006492,0.5841,0.3433,0.5583,0.523,Medium,0.7605
RSK006493,CUS-006493,0.3477,0.1302,0.4886,0.3746,Low,0.7572
RSK006494,CUS-006494,0.1548,0.4539,0.6946,0.4845,Medium,0.7245
RSK006495,CUS-006495,0.1499,0.2532,0.4076,0.2994,Low,0.7951
RSK006496,CUS-006496,0.3097,0.1109,0.5447,0.3874,Low,0.9791
RSK006497,CUS-006497,0.4641,0.1251,0.128,0.2283,Low,0.7081
RSK006498,CUS-006498,0.4559,0.4378,0.8131,0.6309,Medium,0.7885
RSK006499,CUS-006499,0.6081,0.2442,0.0953,0.2789,Low,0.7803
RSK006500,CUS-006500,0.8596,0.4142,0.0583,0.3699,Low,0.8031
RSK006501,CUS-006501,0.4219,0.454,0.01,0.2224,Low,0.9891
RSK006502,CUS-006502,0.3446,0.4066,0.6573,0.5133,Medium,0.7363
RSK006503,CUS-006503,0.4935,0.3806,0.4461,0.4472,Medium,0.8098
RSK006504,CUS-006504,0.3357,0.2947,0.322,0.3206,Low,0.72
RSK006505,CUS-006505,0.123,0.3055,0.4237,0.3099,Low,0.9139
RSK006506,CUS-006506,0.5259,0.4141,0.4674,0.4743,Medium,0.8492
RSK006507,CUS-006507,0.1541,0.2158,0.6002,0.3895,Low,0.8715
RSK006508,CUS-006508,0.1768,0.213,0.0296,0.1104,Low,0.7999
RSK006509,CUS-006509,0.1138,0.1061,0.217,0.1639,Low,0.9508
RSK006510,CUS-006510,0.3202,0.2127,0.6594,0.4683,Medium,0.7953
RSK006511,CUS-006511,0.603,0.3092,0.5552,0.5203,Medium,0.949
RSK006512,CUS-006512,0.5349,0.4135,0.0669,0.2766,Low,0.9514
RSK006513,CUS-006513,0.52,0.3799,0.5947,0.5293,Medium,0.7958
RSK006514,CUS-006514,0.4195,0.1016,0.6064,0.4494,Medium,0.972
RSK006515,CUS-006515,0.7547,0.2342,0.61,0.5782,Medium,0.7952
RSK006516,CUS-006516,0.2896,0.1213,0.2139,0.2181,Low,0.7845
RSK006517,CUS-006517,0.3475,0.175,0.1859,0.2322,Low,0.7392
RSK006518,CUS-006518,0.7821,0.1184,0.5497,0.5332,Medium,0.7607
RSK006519,CUS-006519,0.465,0.2474,0.7031,0.5405,Medium,0.9774
RSK006520,CUS-006520,0.2027,0.1684,0.0477,0.1183,Low,0.7325
RSK006521,CUS-006521,0.5453,0.1394,0.2665,0.3247,Low,0.93
RSK006522,CUS-006522,0.6977,0.4925,0.2897,0.4527,Medium,0.8279
RSK006523,CUS-006523,0.1207,0.4082,0.6278,0.4318,Medium,0.9013
RSK006524,CUS-006524,0.8994,0.2607,0.3857,0.5148,Medium,0.9047
RSK006525,CUS-006525,0.7807,0.3299,0.4687,0.5345,Medium,0.735
RSK006526,CUS-006526,0.852,0.3458,0.5365,0.593,Medium,0.8143
RSK006527,CUS-006527,0.5525,0.1018,0.5828,0.4775,Medium,0.7779
RSK006528,CUS-006528,0.6224,0.48,0.2974,0.4314,Medium,0.8649
RSK006529,CUS-006529,0.4115,0.1957,0.6465,0.4858,Medium,0.8615
RSK006530,CUS-006530,0.6545,0.4984,0.548,0.57,Medium,0.887
RSK006531,CUS-006531,0.3896,0.1077,0.4969,0.3869,Low,0.8348
RSK006532,CUS-006532,0.7922,0.2976,0.2744,0.4344,Medium,0.8341
RSK006533,CUS-006533,0.8229,0.4912,0.6198,0.655,Medium,0.9846
RSK006534,CUS-006534,0.5501,0.1689,0.0581,0.2279,Low,0.9224
RSK006535,CUS-006535,0.47,0.457,0.2806,0.3727,Low,0.9084
RSK006536,CUS-006536,0.7514,0.2703,0.6045,0.5817,Medium,0.7722
RSK006537,CUS-006537,0.8134,0.1286,0.3942,0.4668,Medium,0.8024
RSK006538,CUS-006538,0.7252,0.109,0.4292,0.454,Medium,0.9393
RSK006539,CUS-006539,0.594,0.4272,0.2162,0.3717,Low,0.8746
RSK006540,CUS-006540,0.6385,0.1281,0.01,0.2222,Low,0.9358
RSK006541,CUS-006541,0.667,0.3242,0.313,0.4214,Medium,0.9223
RSK006542,CUS-006542,0.208,0.2887,0.3372,0.2887,Low,0.8561
RSK006543,CUS-006543,0.2173,0.1601,0.2915,0.243,Low,0.9091
RSK006544,CUS-006544,0.4567,0.2228,0.2227,0.2929,Low,0.7525
RSK006545,CUS-006545,0.1659,0.3018,0.4916,0.3559,Low,0.8308
RSK006546,CUS-006546,0.3747,0.2985,0.2524,0.2983,Low,0.8555
RSK006547,CUS-006547,0.7524,0.3248,0.1623,0.3718,Low,0.9692
RSK006548,CUS-006548,0.4684,0.1579,0.6968,0.5205,Medium,0.7218
RSK006549,CUS-006549,0.3004,0.2281,0.3632,0.3173,Low,0.9083
RSK006550,CUS-006550,0.7262,0.3378,0.7122,0.6415,Medium,0.7718
RSK006551,CUS-006551,0.778,0.1407,0.7404,0.6317,Medium,0.916
RSK006552,CUS-006552,0.385,0.3819,0.5055,0.4446,Medium,0.9146
RSK006553,CUS-006553,0.1742,0.3806,0.5726,0.4147,Medium,0.859
RSK006554,CUS-006554,0.2139,0.1371,0.6923,0.4377,Medium,0.7866
RSK006555,CUS-006555,0.5422,0.3244,0.675,0.565,Medium,0.7487
RSK006556,CUS-006556,0.2335,0.1183,0.7182,0.4528,Medium,0.771
RSK006557,CUS-006557,0.888,0.1922,0.2403,0.425,Medium,0.7691
RSK006558,CUS-006558,0.4169,0.3176,0.1587,0.2679,Low,0.7063
RSK006559,CUS-006559,0.3503,0.2599,0.1326,0.2234,Low,0.7162
RSK006560,CUS-006560,0.8312,0.2857,0.2335,0.4233,Medium,0.9402
RSK006561,CUS-006561,0.8588,0.2028,0.5606,0.5785,Medium,0.9417
RSK006562,CUS-006562,0.686,0.4114,0.5253,0.5507,Medium,0.9446
RSK006563,CUS-006563,0.4202,0.4004,0.1047,0.2585,Low,0.8651
RSK006564,CUS-006564,0.1343,0.3357,0.01,0.1124,Low,0.8025
RSK006565,CUS-006565,0.8374,0.2068,0.5388,0.562,Medium,0.8101
RSK006566,CUS-006566,0.2877,0.3825,0.166,0.2458,Low,0.8205
RSK006567,CUS-006567,0.4955,0.427,0.0976,0.2829,Low,0.9894
RSK006568,CUS-006568,0.5856,0.3732,0.4171,0.4589,Medium,0.9043
RSK006569,CUS-006569,0.7575,0.4833,0.3876,0.5177,Medium,0.9506
RSK006570,CUS-006570,0.598,0.1405,0.2261,0.3206,Low,0.8548
RSK006571,CUS-006571,0.5012,0.1293,0.1252,0.2388,Low,0.9432
RSK006572,CUS-006572,0.4028,0.339,0.5363,0.4568,Medium,0.9158
RSK006573,CUS-006573,0.7359,0.3751,0.5424,0.567,Medium,0.7166
RSK006574,CUS-006574,0.667,0.1067,0.3203,0.3816,Low,0.7959
RSK006575,CUS-006575,0.8012,0.4872,0.8149,0.7452,High,0.8866
RSK006576,CUS-006576,0.4936,0.4335,0.1767,0.3231,Low,0.9251
RSK006577,CUS-006577,0.843,0.2781,0.2922,0.4546,Medium,0.782
RSK006578,CUS-006578,0.8505,0.4935,0.3092,0.5084,Medium,0.8893
RSK006579,CUS-006579,0.793,0.4601,0.1678,0.4138,Medium,0.7223
RSK006580,CUS-006580,0.6629,0.1733,0.647,0.557,Medium,0.7638
RSK006581,CUS-006581,0.881,0.4136,0.5168,0.6054,Medium,0.8619
RSK006582,CUS-006582,0.2633,0.22,0.7639,0.5049,Medium,0.7727
RSK006583,CUS-006583,0.5615,0.1183,0.4345,0.4094,Medium,0.8916
RSK006584,CUS-006584,0.725,0.487,0.2126,0.4212,Medium,0.7986
RSK006585,CUS-006585,0.4547,0.1083,0.2696,0.2929,Low,0.7216
RSK006586,CUS-006586,0.6593,0.3835,0.09,0.3195,Low,0.9889
RSK006587,CUS-006587,0.6012,0.3097,0.1693,0.3269,Low,0.966
RSK006588,CUS-006588,0.5994,0.2774,0.2516,0.3611,Low,0.8474
RSK006589,CUS-006589,0.5923,0.1353,0.1378,0.2737,Low,0.948
RSK006590,CUS-006590,0.6744,0.4775,0.1021,0.3489,Low,0.7634
RSK006591,CUS-006591,0.106,0.486,0.6131,0.4355,Medium,0.7094
RSK006592,CUS-006592,0.1824,0.1098,0.2939,0.2236,Low,0.7761
RSK006593,CUS-006593,0.2958,0.1377,0.8027,0.5176,Medium,0.9232
RSK006594,CUS-006594,0.7707,0.497,0.5373,0.5993,Medium,0.9331
RSK006595,CUS-006595,0.521,0.3033,0.646,0.54,Medium,0.7861
RSK006596,CUS-006596,0.1814,0.1198,0.6753,0.416,Medium,0.8106
RSK006597,CUS-006597,0.5321,0.436,0.2786,0.3861,Low,0.7073
RSK006598,CUS-006598,0.5662,0.4684,0.3624,0.4447,Medium,0.7021
RSK006599,CUS-006599,0.6956,0.1079,0.3239,0.3922,Low,0.7504
RSK006600,CUS-006600,0.6841,0.2699,0.6416,0.58,Medium,0.9102
RSK006601,CUS-006601,0.6748,0.3504,0.4348,0.4899,Medium,0.7328
RSK006602,CUS-006602,0.6238,0.1128,0.0223,0.2208,Low,0.8285
RSK006603,CUS-006603,0.2771,0.4517,0.1058,0.2264,Low,0.785
RSK006604,CUS-006604,0.3816,0.4643,0.1641,0.2894,Low,0.8407
RSK006605,CUS-006605,0.8513,0.4034,0.5018,0.587,Medium,0.8015
RSK006606,CUS-006606,0.2956,0.1444,0.539,0.3871,Low,0.8406
RSK006607,CUS-006607,0.5945,0.1354,0.6694,0.5401,Medium,0.9451
RSK006608,CUS-006608,0.6404,0.1917,0.7232,0.5921,Medium,0.9576
RSK006609,CUS-006609,0.8209,0.4433,0.378,0.5239,Medium,0.9058
RSK006610,CUS-006610,0.6518,0.1741,0.5457,0.5032,Medium,0.8436
RSK006611,CUS-006611,0.6759,0.4568,0.2414,0.4148,Medium,0.9808
RSK006612,CUS-006612,0.7675,0.1472,0.3453,0.4323,Medium,0.7636
RSK006613,CUS-006613,0.6557,0.2754,0.3266,0.4151,Medium,0.9662
RSK006614,CUS-006614,0.4529,0.2855,0.167,0.2765,Low,0.751
RSK006615,CUS-006615,0.7618,0.3188,0.2494,0.417,Medium,0.943
RSK006616,CUS-006616,0.8855,0.424,0.2341,0.4675,Medium,0.7785
RSK006617,CUS-006617,0.513,0.4186,0.1184,0.2968,Low,0.7918
RSK006618,CUS-006618,0.8217,0.4712,0.8228,0.7521,High,0.9317
RSK006619,CUS-006619,0.1241,0.2399,0.116,0.1432,Low,0.7975
RSK006620,CUS-006620,0.5161,0.4345,0.6843,0.5839,Medium,0.8744
RSK006621,CUS-006621,0.7317,0.3732,0.3043,0.4463,Medium,0.7982
RSK006622,CUS-006622,0.3533,0.3751,0.01,0.186,Low,0.7646
RSK006623,CUS-006623,0.7961,0.2316,0.1716,0.371,Low,0.9478
RSK006624,CUS-006624,0.2553,0.1871,0.3111,0.2696,Low,0.9227
RSK006625,CUS-006625,0.622,0.4095,0.6499,0.5934,Medium,0.9273
RSK006626,CUS-006626,0.5348,0.2161,0.1686,0.288,Low,0.9248
RSK006627,CUS-006627,0.6131,0.1234,0.1475,0.2824,Low,0.9229
RSK006628,CUS-006628,0.745,0.4433,0.1452,0.3848,Low,0.7551
RSK006629,CUS-006629,0.3995,0.2788,0.4715,0.4114,Medium,0.8479
RSK006630,CUS-006630,0.6242,0.2771,0.683,0.5842,Medium,0.726
RSK006631,CUS-006631,0.6085,0.1473,0.4861,0.4551,Medium,0.9885
RSK006632,CUS-006632,0.8266,0.1127,0.4564,0.4987,Medium,0.8744
RSK006633,CUS-006633,0.6544,0.1883,0.2792,0.3736,Low,0.9035
RSK006634,CUS-006634,0.8534,0.4442,0.5639,0.6268,Medium,0.8399
RSK006635,CUS-006635,0.6276,0.2584,0.7183,0.5991,Medium,0.8396
RSK006636,CUS-006636,0.2385,0.2463,0.6986,0.4701,Medium,0.8426
RSK006637,CUS-006637,0.3975,0.1452,0.0667,0.1816,Low,0.9167
RSK006638,CUS-006638,0.6255,0.24,0.3401,0.4057,Medium,0.8171
RSK006639,CUS-006639,0.3723,0.2455,0.0564,0.189,Low,0.701
RSK006640,CUS-006640,0.6295,0.4596,0.1908,0.3762,Low,0.7791
RSK006641,CUS-006641,0.5736,0.2985,0.5372,0.5004,Medium,0.935
RSK006642,CUS-006642,0.7477,0.2822,0.3556,0.4586,Medium,0.9772
RSK006643,CUS-006643,0.7808,0.4514,0.2958,0.4724,Medium,0.8292
RSK006644,CUS-006644,0.3809,0.3865,0.6852,0.5342,Medium,0.796
RSK006645,CUS-006645,0.875,0.2385,0.8635,0.7419,High,0.7212
RSK006646,CUS-006646,0.5338,0.2536,0.6267,0.5242,Medium,0.7969
RSK006647,CUS-006647,0.4761,0.3693,0.6756,0.5545,Medium,0.776
RSK006648,CUS-006648,0.4241,0.3376,0.0791,0.2343,Low,0.7486
RSK006649,CUS-006649,0.1319,0.251,0.684,0.4318,Medium,0.8947
RSK006650,CUS-006650,0.6531,0.4333,0.1663,0.3657,Low,0.9242
RSK006651,CUS-006651,0.3119,0.3305,0.5587,0.439,Medium,0.8235
RSK006652,CUS-006652,0.5494,0.3917,0.4385,0.4624,Medium,0.8657
RSK006653,CUS-006653,0.1044,0.454,0.8295,0.5369,Medium,0.9222
RSK006654,CUS-006654,0.3792,0.4641,0.6701,0.5416,Medium,0.9842
RSK006655,CUS-006655,0.2194,0.2114,0.7097,0.4629,Medium,0.9845
RSK006656,CUS-006656,0.2465,0.3188,0.01,0.1427,Low,0.793
RSK006657,CUS-006657,0.3471,0.1073,0.1206,0.1859,Low,0.9894
RSK006658,CUS-006658,0.3308,0.1018,0.2385,0.2389,Low,0.7446
RSK006659,CUS-006659,0.6307,0.4067,0.8148,0.6779,Medium,0.7542
RSK006660,CUS-006660,0.4999,0.4503,0.7533,0.6167,Medium,0.8546
RSK006661,CUS-006661,0.7259,0.1073,0.4417,0.4601,Medium,0.9663
RSK006662,CUS-006662,0.8677,0.1904,0.3057,0.4512,Medium,0.8677
RSK006663,CUS-006663,0.1378,0.4656,0.4187,0.3438,Low,0.9769
RSK006664,CUS-006664,0.7298,0.3923,0.2036,0.3992,Low,0.8666
RSK006665,CUS-006665,0.5715,0.1515,0.604,0.5038,Medium,0.9099
RSK006666,CUS-006666,0.8198,0.2174,0.712,0.6454,Medium,0.7242
RSK006667,CUS-006667,0.215,0.3126,0.3006,0.2773,Low,0.9879
RSK006668,CUS-006668,0.5309,0.4173,0.6976,0.5915,Medium,0.7054
RSK006669,CUS-006669,0.7645,0.3769,0.1418,0.3756,Low,0.8324
RSK006670,CUS-006670,0.7073,0.216,0.1893,0.35,Low,0.8796
RSK006671,CUS-006671,0.5214,0.43,0.7513,0.6181,Medium,0.7612
RSK006672,CUS-006672,0.1467,0.1976,0.7335,0.4503,Medium,0.9635
RSK006673,CUS-006673,0.8565,0.108,0.6689,0.613,Medium,0.8291
RSK006674,CUS-006674,0.6885,0.4554,0.2526,0.4239,Medium,0.71
RSK006675,CUS-006675,0.7027,0.3421,0.7676,0.663,Medium,0.9118
RSK006676,CUS-006676,0.8579,0.3777,0.1227,0.3943,Low,0.8369
RSK006677,CUS-006677,0.6044,0.427,0.5128,0.5231,Medium,0.9265
RSK006678,CUS-006678,0.6634,0.1803,0.4698,0.47,Medium,0.8794
RSK006679,CUS-006679,0.7319,0.425,0.6503,0.6297,Medium,0.8887
RSK006680,CUS-006680,0.5405,0.4518,0.1678,0.3364,Low,0.843
RSK006681,CUS-006681,0.1404,0.4833,0.5787,0.4281,Medium,0.7986
RSK006682,CUS-006682,0.2097,0.4291,0.3334,0.3154,Low,0.8659
RSK006683,CUS-006683,0.6001,0.4143,0.6078,0.5668,Medium,0.9878
RSK006684,CUS-006684,0.7061,0.4499,0.7457,0.6747,Medium,0.8183
RSK006685,CUS-006685,0.155,0.1126,0.1323,0.1352,Low,0.8396
RSK006686,CUS-006686,0.7815,0.2968,0.1482,0.3679,Low,0.7076
RSK006687,CUS-006687,0.6201,0.1797,0.019,0.2315,Low,0.7862
RSK006688,CUS-006688,0.1816,0.4121,0.4838,0.3788,Low,0.868
RSK006689,CUS-006689,0.1945,0.4963,0.4756,0.3954,Low,0.9478
RSK006690,CUS-006690,0.12,0.311,0.5297,0.363,Low,0.8588
RSK006691,CUS-006691,0.5565,0.3962,0.0363,0.2643,Low,0.8765
RSK006692,CUS-006692,0.2107,0.1871,0.6094,0.4053,Medium,0.7952
RSK006693,CUS-006693,0.7564,0.205,0.1205,0.3282,Low,0.8779
RSK006694,CUS-006694,0.3298,0.2184,0.2886,0.2869,Low,0.8809
RSK006695,CUS-006695,0.1767,0.4755,0.2685,0.2824,Low,0.8628
RSK006696,CUS-006696,0.2672,0.3228,0.4715,0.3805,Low,0.9743
RSK006697,CUS-006697,0.2631,0.1703,0.6415,0.4337,Medium,0.9514
RSK006698,CUS-006698,0.8278,0.2544,0.54,0.5692,Medium,0.7025
RSK006699,CUS-006699,0.7193,0.3281,0.2265,0.3947,Low,0.8019
RSK006700,CUS-006700,0.2657,0.4885,0.8199,0.5874,Medium,0.7713
RSK006701,CUS-006701,0.4702,0.2607,0.1961,0.2913,Low,0.9039
RSK006702,CUS-006702,0.4762,0.3229,0.4035,0.4092,Medium,0.7549
RSK006703,CUS-006703,0.4727,0.4624,0.7269,0.5977,Medium,0.82
RSK006704,CUS-006704,0.2654,0.4487,0.4878,0.4133,Medium,0.824
RSK006705,CUS-006705,0.4725,0.4113,0.01,0.229,Low,0.8612
RSK006706,CUS-006706,0.3628,0.303,0.2271,0.283,Low,0.7587
RSK006707,CUS-006707,0.7199,0.4728,0.7677,0.6944,Medium,0.8701
RSK006708,CUS-006708,0.7804,0.2825,0.3844,0.4828,Medium,0.8627
RSK006709,CUS-006709,0.7254,0.3849,0.554,0.5716,Medium,0.9868
RSK006710,CUS-006710,0.1422,0.2558,0.4094,0.2985,Low,0.9674
RSK006711,CUS-006711,0.8821,0.1507,0.5728,0.5812,Medium,0.7969
RSK006712,CUS-006712,0.1099,0.2874,0.368,0.2744,Low,0.8556
RSK006713,CUS-006713,0.3024,0.1244,0.3651,0.2982,Low,0.7261
RSK006714,CUS-006714,0.8858,0.182,0.4865,0.5454,Medium,0.7441
RSK006715,CUS-006715,0.7465,0.4098,0.51,0.5609,Medium,0.9676
RSK006716,CUS-006716,0.1152,0.1946,0.1013,0.1241,Low,0.8769
RSK006717,CUS-006717,0.2053,0.1864,0.3468,0.2723,Low,0.7753
RSK006718,CUS-006718,0.5419,0.1084,0.1482,0.2584,Low,0.9381
RSK006719,CUS-006719,0.1525,0.4259,0.3835,0.3227,Low,0.9413
RSK006720,CUS-006720,0.4152,0.1292,0.0989,0.1998,Low,0.7562
RSK006721,CUS-006721,0.2235,0.4547,0.5321,0.424,Medium,0.8582
RSK006722,CUS-006722,0.2077,0.2493,0.1434,0.1839,Low,0.93
RSK006723,CUS-006723,0.1179,0.3496,0.503,0.3568,Low,0.8264
RSK006724,CUS-006724,0.6605,0.199,0.5969,0.5364,Medium,0.8765
RSK006725,CUS-006725,0.6859,0.3411,0.6892,0.6186,Medium,0.75
RSK006726,CUS-006726,0.6897,0.4112,0.391,0.4847,Medium,0.7922
RSK006727,CUS-006727,0.3229,0.1452,0.5452,0.3985,Low,0.8337
RSK006728,CUS-006728,0.6997,0.3208,0.8506,0.6994,Medium,0.9168
RSK006729,CUS-006729,0.1517,0.4525,0.3399,0.306,Low,0.8867
RSK006730,CUS-006730,0.1225,0.4606,0.2889,0.2733,Low,0.9858
RSK006731,CUS-006731,0.1968,0.1515,0.2368,0.2077,Low,0.9551
RSK006732,CUS-006732,0.7535,0.3228,0.6726,0.6269,Medium,0.8136
RSK006733,CUS-006733,0.7057,0.3766,0.433,0.5035,Medium,0.9833
RSK006734,CUS-006734,0.4432,0.1386,0.2842,0.3028,Low,0.7338
RSK006735,CUS-006735,0.4853,0.1679,0.5724,0.4654,Medium,0.7904
RSK006736,CUS-006736,0.1864,0.2589,0.5518,0.3836,Low,0.8608
RSK006737,CUS-006737,0.7047,0.1033,0.7266,0.5954,Medium,0.7138
RSK006738,CUS-006738,0.8982,0.1374,0.5014,0.5476,Medium,0.7053
RSK006739,CUS-006739,0.5574,0.4894,0.6105,0.5704,Medium,0.9577
RSK006740,CUS-006740,0.357,0.329,0.3227,0.3342,Low,0.9092
RSK006741,CUS-006741,0.5905,0.3232,0.3755,0.4295,Medium,0.8239
RSK006742,CUS-006742,0.4879,0.4761,0.1578,0.3205,Low,0.9096
RSK006743,CUS-006743,0.4244,0.145,0.4989,0.4058,Medium,0.7971
RSK006744,CUS-006744,0.5677,0.1726,0.1039,0.2568,Low,0.8033
RSK006745,CUS-006745,0.3004,0.1224,0.0195,0.1243,Low,0.7282
RSK006746,CUS-006746,0.6133,0.3159,0.3642,0.4293,Medium,0.8424
RSK006747,CUS-006747,0.5105,0.1528,0.8104,0.5889,Medium,0.7394
RSK006748,CUS-006748,0.8376,0.2996,0.3386,0.4805,Medium,0.9837
RSK006749,CUS-006749,0.4111,0.1536,0.2748,0.2914,Low,0.9
RSK006750,CUS-006750,0.2549,0.3506,0.5641,0.4286,Medium,0.9512
RSK006751,CUS-006751,0.1613,0.3348,0.5685,0.3996,Low,0.9254
RSK006752,CUS-006752,0.1639,0.2277,0.5501,0.3698,Low,0.7647
RSK006753,CUS-006753,0.1679,0.4982,0.6126,0.4563,Medium,0.9018
RSK006754,CUS-006754,0.7335,0.1763,0.8141,0.6624,Medium,0.9437
RSK006755,CUS-006755,0.6734,0.3819,0.3748,0.4658,Medium,0.7459
RSK006756,CUS-006756,0.19,0.2914,0.552,0.3913,Low,0.8291
RSK006757,CUS-006757,0.2979,0.342,0.5544,0.435,Medium,0.8203
RSK006758,CUS-006758,0.7299,0.3802,0.4052,0.4976,Medium,0.8244
RSK006759,CUS-006759,0.8191,0.1713,0.7292,0.6446,Medium,0.8748
RSK006760,CUS-006760,0.6807,0.1285,0.3781,0.419,Medium,0.9036
RSK006761,CUS-006761,0.2284,0.2484,0.5882,0.4123,Medium,0.7302
RSK006762,CUS-006762,0.2503,0.1429,0.3688,0.2881,Low,0.922
RSK006763,CUS-006763,0.4779,0.3644,0.2198,0.3261,Low,0.9546
RSK006764,CUS-006764,0.5928,0.1062,0.7248,0.5615,Medium,0.7706
RSK006765,CUS-006765,0.1676,0.3506,0.1752,0.208,Low,0.7725
RSK006766,CUS-006766,0.5223,0.3397,0.3187,0.384,Low,0.8492
RSK006767,CUS-006767,0.4212,0.458,0.0944,0.2652,Low,0.9099
RSK006768,CUS-006768,0.2911,0.3537,0.6105,0.4633,Medium,0.9774
RSK006769,CUS-006769,0.6883,0.4463,0.4001,0.4958,Medium,0.9809
RSK006770,CUS-006770,0.5755,0.4817,0.6877,0.6128,Medium,0.8408
RSK006771,CUS-006771,0.4986,0.3053,0.1818,0.3015,Low,0.8264
RSK006772,CUS-006772,0.2677,0.4628,0.67,0.5079,Medium,0.8043
RSK006773,CUS-006773,0.8103,0.1514,0.7125,0.6296,Medium,0.9142
RSK006774,CUS-006774,0.2642,0.2333,0.6535,0.4527,Medium,0.7362
RSK006775,CUS-006775,0.3924,0.1154,0.3284,0.305,Low,0.7395
RSK006776,CUS-006776,0.4537,0.4052,0.1924,0.3133,Low,0.829
RSK006777,CUS-006777,0.741,0.3399,0.6295,0.605,Medium,0.8219
RSK006778,CUS-006778,0.8569,0.4087,0.6492,0.6634,Medium,0.7254
RSK006779,CUS-006779,0.8551,0.332,0.7307,0.6883,Medium,0.9432
RSK006780,CUS-006780,0.1271,0.2707,0.4931,0.3388,Low,0.8095
RSK006781,CUS-006781,0.4335,0.4035,0.01,0.2157,Low,0.9554
RSK006782,CUS-006782,0.8588,0.3614,0.0762,0.368,Low,0.9468
RSK006783,CUS-006783,0.4994,0.3351,0.01,0.2218,Low,0.9327
RSK006784,CUS-006784,0.6946,0.3369,0.4212,0.4864,Medium,0.9605
RSK006785,CUS-006785,0.8733,0.3372,0.1793,0.4191,Medium,0.8728
RSK006786,CUS-006786,0.4835,0.1429,0.1054,0.2263,Low,0.979
RSK006787,CUS-006787,0.7556,0.2962,0.6713,0.6216,Medium,0.7517
RSK006788,CUS-006788,0.5672,0.2606,0.6699,0.5572,Medium,0.9541
RSK006789,CUS-006789,0.2314,0.3978,0.3778,0.3379,Low,0.8729
RSK006790,CUS-006790,0.2276,0.4927,0.7444,0.539,Medium,0.7753
RSK006791,CUS-006791,0.6531,0.272,0.2744,0.3875,Low,0.7216
RSK006792,CUS-006792,0.7158,0.155,0.01,0.2507,Low,0.7815
RSK006793,CUS-006793,0.8666,0.4391,0.3348,0.5152,Medium,0.9673
RSK006794,CUS-006794,0.5148,0.4062,0.2312,0.3513,Low,0.7188
RSK006795,CUS-006795,0.6789,0.3777,0.1358,0.3471,Low,0.9459
RSK006796,CUS-006796,0.5021,0.3186,0.7054,0.5671,Medium,0.9733
RSK006797,CUS-006797,0.5415,0.3219,0.8393,0.6465,Medium,0.7929
RSK006798,CUS-006798,0.2514,0.3708,0.3144,0.3068,Low,0.7773
RSK006799,CUS-006799,0.6728,0.1079,0.2714,0.3591,Low,0.7364
RSK006800,CUS-006800,0.7694,0.1251,0.104,0.3078,Low,0.9231
RSK006801,CUS-006801,0.8501,0.1311,0.7267,0.6446,Medium,0.8017
RSK006802,CUS-006802,0.3661,0.4228,0.4652,0.427,Medium,0.9083
RSK006803,CUS-006803,0.2528,0.3772,0.5225,0.4125,Medium,0.8633
RSK006804,CUS-006804,0.4989,0.137,0.7001,0.5271,Medium,0.9766
RSK006805,CUS-006805,0.845,0.4667,0.0464,0.37,Low,0.7122
RSK006806,CUS-006806,0.8477,0.4292,0.6793,0.6798,Medium,0.7818
RSK006807,CUS-006807,0.1736,0.1981,0.7678,0.4756,Medium,0.8856
RSK006808,CUS-006808,0.844,0.1772,0.3793,0.4783,Medium,0.8414
RSK006809,CUS-006809,0.6642,0.4469,0.3056,0.4414,Medium,0.857
RSK006810,CUS-006810,0.223,0.2848,0.0871,0.1674,Low,0.9671
RSK006811,CUS-006811,0.5801,0.1498,0.3612,0.3846,Low,0.8896
RSK006812,CUS-006812,0.6715,0.2646,0.7401,0.6244,Medium,0.9642
RSK006813,CUS-006813,0.5135,0.4727,0.6126,0.5549,Medium,0.8133
RSK006814,CUS-006814,0.726,0.4751,0.0976,0.3616,Low,0.866
RSK006815,CUS-006815,0.7279,0.2094,0.3025,0.4115,Medium,0.9285
RSK006816,CUS-006816,0.131,0.4098,0.2496,0.2461,Low,0.7384
RSK006817,CUS-006817,0.6762,0.2442,0.01,0.2567,Low,0.9134
RSK006818,CUS-006818,0.1603,0.4866,0.4107,0.3508,Low,0.7011
RSK006819,CUS-006819,0.3066,0.3551,0.0607,0.1934,Low,0.8951
RSK006820,CUS-006820,0.8862,0.3472,0.119,0.3948,Low,0.8095
RSK006821,CUS-006821,0.2978,0.1343,0.2792,0.2558,Low,0.955
RSK006822,CUS-006822,0.3194,0.1584,0.6467,0.4509,Medium,0.7314
RSK006823,CUS-006823,0.1697,0.1037,0.0358,0.0895,Low,0.8063
RSK006824,CUS-006824,0.192,0.105,0.1276,0.1424,Low,0.9178
RSK006825,CUS-006825,0.2723,0.2969,0.6218,0.452,Medium,0.7096
RSK006826,CUS-006826,0.3358,0.2919,0.0198,0.169,Low,0.7787
RSK006827,CUS-006827,0.8642,0.2302,0.6737,0.6421,Medium,0.797
RSK006828,CUS-006828,0.6496,0.3634,0.1289,0.332,Low,0.9323
RSK006829,CUS-006829,0.1787,0.1506,0.6978,0.4326,Medium,0.7704
RSK006830,CUS-006830,0.6526,0.2666,0.3107,0.4044,Medium,0.849
RSK006831,CUS-006831,0.5236,0.1947,0.2528,0.3224,Low,0.8789
RSK006832,CUS-006832,0.7566,0.1719,0.7971,0.6599,Medium,0.7331
RSK006833,CUS-006833,0.3416,0.1834,0.0925,0.1854,Low,0.7969
RSK006834,CUS-006834,0.2914,0.3883,0.5192,0.4247,Medium,0.9695
RSK006835,CUS-006835,0.7621,0.3834,0.4016,0.5061,Medium,0.7432
RSK006836,CUS-006836,0.2448,0.1892,0.3874,0.305,Low,0.7585
RSK006837,CUS-006837,0.3135,0.1192,0.01,0.1229,Low,0.9852
RSK006838,CUS-006838,0.1211,0.4134,0.6476,0.4428,Medium,0.9177
RSK006839,CUS-006839,0.3361,0.2419,0.6572,0.4778,Medium,0.9272
RSK006840,CUS-006840,0.2828,0.253,0.7811,0.526,Medium,0.7006
RSK006841,CUS-006841,0.5032,0.1633,0.5014,0.4343,Medium,0.9424
RSK006842,CUS-006842,0.8854,0.4659,0.1627,0.4401,Medium,0.7811
RSK006843,CUS-006843,0.408,0.488,0.555,0.4975,Medium,0.7985
RSK006844,CUS-006844,0.8652,0.3978,0.223,0.4506,Medium,0.7881
RSK006845,CUS-006845,0.8288,0.4324,0.7133,0.6918,Medium,0.9139
RSK006846,CUS-006846,0.8326,0.154,0.5437,0.5524,Medium,0.8435
RSK006847,CUS-006847,0.6073,0.324,0.5511,0.5225,Medium,0.7811
RSK006848,CUS-006848,0.8934,0.1676,0.7292,0.6661,Medium,0.722
RSK006849,CUS-006849,0.2704,0.3101,0.1722,0.2292,Low,0.8958
RSK006850,CUS-006850,0.3626,0.226,0.727,0.5175,Medium,0.8227
RSK006851,CUS-006851,0.3592,0.1475,0.2786,0.2766,Low,0.7743
RSK006852,CUS-006852,0.6926,0.2717,0.7586,0.6414,Medium,0.9763
RSK006853,CUS-006853,0.1818,0.2975,0.1939,0.211,Low,0.8461
RSK006854,CUS-006854,0.3115,0.101,0.396,0.3116,Low,0.9357
RSK006855,CUS-006855,0.8752,0.1637,0.2235,0.407,Medium,0.8026
RSK006856,CUS-006856,0.1116,0.255,0.2057,0.1873,Low,0.7329
RSK006857,CUS-006857,0.7034,0.2561,0.2187,0.3716,Low,0.8178
RSK006858,CUS-006858,0.8865,0.1186,0.5627,0.571,Medium,0.794
RSK006859,CUS-006859,0.86,0.2329,0.1445,0.3768,Low,0.9464
RSK006860,CUS-006860,0.4224,0.2123,0.0498,0.1941,Low,0.8391
RSK006861,CUS-006861,0.2469,0.1729,0.5109,0.3641,Low,0.7313
RSK006862,CUS-006862,0.3948,0.1247,0.2927,0.2897,Low,0.7452
RSK006863,CUS-006863,0.3258,0.459,0.7366,0.5578,Medium,0.7471
RSK006864,CUS-006864,0.7938,0.4796,0.0224,0.3453,Low,0.986
RSK006865,CUS-006865,0.1443,0.3959,0.0775,0.1612,Low,0.9601
RSK006866,CUS-006866,0.5882,0.1496,0.7554,0.5841,Medium,0.7484
RSK006867,CUS-006867,0.6857,0.1875,0.6759,0.5812,Medium,0.8629
RSK006868,CUS-006868,0.5719,0.3279,0.3022,0.3883,Low,0.9647
RSK006869,CUS-006869,0.7982,0.1298,0.5048,0.5178,Medium,0.755
RSK006870,CUS-006870,0.6649,0.1367,0.4432,0.4484,Medium,0.8384
RSK006871,CUS-006871,0.6053,0.1957,0.1898,0.3156,Low,0.8142
RSK006872,CUS-006872,0.5673,0.3525,0.6572,0.5693,Medium,0.954
RSK006873,CUS-006873,0.5728,0.328,0.7282,0.6015,Medium,0.7063
RSK006874,CUS-006874,0.5123,0.2654,0.7177,0.5656,Medium,0.9611
RSK006875,CUS-006875,0.1222,0.3251,0.8245,0.5139,Medium,0.861
RSK006876,CUS-006876,0.5244,0.1454,0.1947,0.2838,Low,0.7452
RSK006877,CUS-006877,0.4121,0.1341,0.6504,0.4757,Medium,0.7838
RSK006878,CUS-006878,0.546,0.2631,0.7715,0.6022,Medium,0.969
RSK006879,CUS-006879,0.5633,0.2507,0.4625,0.4504,Medium,0.8563
RSK006880,CUS-006880,0.8857,0.199,0.7135,0.6623,Medium,0.7937
RSK006881,CUS-006881,0.6753,0.1547,0.4718,0.4694,Medium,0.7877
RSK006882,CUS-006882,0.5293,0.2742,0.387,0.4071,Medium,0.9063
RSK006883,CUS-006883,0.4556,0.3782,0.593,0.5088,Medium,0.7239
RSK006884,CUS-006884,0.3088,0.4854,0.7639,0.5717,Medium,0.9788
RSK006885,CUS-006885,0.6208,0.1709,0.2946,0.3677,Low,0.8451
RSK006886,CUS-006886,0.819,0.4603,0.2205,0.448,Medium,0.7758
RSK006887,CUS-006887,0.8087,0.1734,0.2529,0.4037,Medium,0.9145
RSK006888,CUS-006888,0.1286,0.4846,0.4402,0.3556,Low,0.896
RSK006889,CUS-006889,0.6268,0.4782,0.2777,0.4225,Medium,0.7474
RSK006890,CUS-006890,0.8826,0.3535,0.01,0.3405,Low,0.794
RSK006891,CUS-006891,0.3678,0.3586,0.4586,0.4114,Medium,0.7048
RSK006892,CUS-006892,0.8528,0.387,0.0796,0.373,Low,0.8395
RSK006893,CUS-006893,0.6694,0.4417,0.6515,0.6149,Medium,0.794
RSK006894,CUS-006894,0.5709,0.1209,0.4156,0.4032,Medium,0.8402
RSK006895,CUS-006895,0.5057,0.4809,0.2132,0.3545,Low,0.9396
RSK006896,CUS-006896,0.5725,0.1893,0.2133,0.3163,Low,0.8544
RSK006897,CUS-006897,0.8609,0.1979,0.3197,0.4577,Medium,0.7302
RSK006898,CUS-006898,0.2561,0.1732,0.4636,0.3433,Low,0.7758
RSK006899,CUS-006899,0.4766,0.1073,0.5071,0.418,Medium,0.7254
RSK006900,CUS-006900,0.3883,0.1042,0.199,0.2368,Low,0.7865
RSK006901,CUS-006901,0.871,0.256,0.1111,0.368,Low,0.8346
RSK006902,CUS-006902,0.3973,0.148,0.2551,0.2763,Low,0.8517
RSK006903,CUS-006903,0.4311,0.1363,0.4185,0.3658,Low,0.8888
RSK006904,CUS-006904,0.4277,0.2019,0.7682,0.5528,Medium,0.9796
RSK006905,CUS-006905,0.5121,0.4282,0.5562,0.5174,Medium,0.8309
RSK006906,CUS-006906,0.2248,0.1026,0.0348,0.1054,Low,0.9694
RSK006907,CUS-006907,0.6948,0.1909,0.1718,0.3325,Low,0.9347
RSK006908,CUS-006908,0.1568,0.2864,0.2368,0.2227,Low,0.9717
RSK006909,CUS-006909,0.4756,0.2536,0.4001,0.3934,Low,0.9384
RSK006910,CUS-006910,0.3196,0.3246,0.3576,0.3396,Low,0.8167
RSK006911,CUS-006911,0.6091,0.2256,0.5406,0.4981,Medium,0.8042
RSK006912,CUS-006912,0.3594,0.2168,0.2826,0.2925,Low,0.7769
RSK006913,CUS-006913,0.5128,0.315,0.6622,0.5479,Medium,0.9004
RSK006914,CUS-006914,0.304,0.1956,0.7702,0.5154,Medium,0.929
RSK006915,CUS-006915,0.6101,0.3571,0.643,0.576,Medium,0.7139
RSK006916,CUS-006916,0.8625,0.4994,0.773,0.7451,High,0.9863
RSK006917,CUS-006917,0.1789,0.2303,0.4671,0.3333,Low,0.7803
RSK006918,CUS-006918,0.2852,0.345,0.3123,0.3107,Low,0.7937
RSK006919,CUS-006919,0.1946,0.4097,0.5368,0.4087,Medium,0.98
RSK006920,CUS-006920,0.4077,0.4827,0.4193,0.4285,Medium,0.7386
RSK006921,CUS-006921,0.7332,0.4802,0.1793,0.4057,Medium,0.8439
RSK006922,CUS-006922,0.7757,0.3745,0.6252,0.6202,Medium,0.9462
RSK006923,CUS-006923,0.5565,0.2522,0.3072,0.371,Low,0.8974
RSK006924,CUS-006924,0.7187,0.1676,0.7444,0.6213,Medium,0.8161
RSK006925,CUS-006925,0.6205,0.299,0.4868,0.4894,Medium,0.9312
RSK006926,CUS-006926,0.1112,0.1883,0.7445,0.4433,Medium,0.9249
RSK006927,CUS-006927,0.4212,0.4108,0.6363,0.5267,Medium,0.885
RSK006928,CUS-006928,0.551,0.2813,0.0845,0.2638,Low,0.9598
RSK006929,CUS-006929,0.5431,0.2699,0.195,0.3144,Low,0.8279
RSK006930,CUS-006930,0.3665,0.2117,0.236,0.2703,Low,0.9322
RSK006931,CUS-006931,0.1617,0.1374,0.0293,0.0906,Low,0.8159
RSK006932,CUS-006932,0.7457,0.3001,0.4132,0.4903,Medium,0.7316
RSK006933,CUS-006933,0.1935,0.3245,0.7102,0.4781,Medium,0.8117
RSK006934,CUS-006934,0.5915,0.4245,0.048,0.2863,Low,0.7878
RSK006935,CUS-006935,0.4462,0.2503,0.3147,0.3413,Low,0.8242
RSK006936,CUS-006936,0.7962,0.4748,0.6938,0.6807,Medium,0.7701
RSK006937,CUS-006937,0.1925,0.238,0.4615,0.3361,Low,0.8987
RSK006938,CUS-006938,0.6847,0.2867,0.4813,0.5034,Medium,0.8506
RSK006939,CUS-006939,0.8126,0.3215,0.5618,0.589,Medium,0.8704
RSK006940,CUS-006940,0.4428,0.4699,0.4177,0.4357,Medium,0.8973
RSK006941,CUS-006941,0.5468,0.465,0.432,0.473,Medium,0.7649
RSK006942,CUS-006942,0.2022,0.2488,0.1267,0.1738,Low,0.8265
RSK006943,CUS-006943,0.3075,0.2833,0.7445,0.5212,Medium,0.8272
RSK006944,CUS-006944,0.7246,0.4492,0.4519,0.5332,Medium,0.866
RSK006945,CUS-006945,0.6738,0.182,0.2935,0.3853,Low,0.8378
RSK006946,CUS-006946,0.2984,0.1726,0.2842,0.2661,Low,0.7837
RSK006947,CUS-006947,0.8625,0.4979,0.01,0.3633,Low,0.9272
RSK006948,CUS-006948,0.3324,0.1516,0.2823,0.2712,Low,0.9387
RSK006949,CUS-006949,0.2572,0.2752,0.5723,0.4183,Medium,0.8436
RSK006950,CUS-006950,0.5834,0.4727,0.7387,0.6389,Medium,0.7659
RSK006951,CUS-006951,0.8869,0.2345,0.6091,0.6175,Medium,0.7127
RSK006952,CUS-006952,0.43,0.4097,0.5992,0.5105,Medium,0.8761
RSK006953,CUS-006953,0.5415,0.3462,0.317,0.3902,Low,0.752
RSK006954,CUS-006954,0.6938,0.1711,0.1899,0.3373,Low,0.8904
RSK006955,CUS-006955,0.8129,0.2846,0.7103,0.6559,Medium,0.8473
RSK006956,CUS-006956,0.6237,0.1888,0.0709,0.2603,Low,0.7237
RSK006957,CUS-006957,0.4575,0.1673,0.5771,0.4593,Medium,0.8581
RSK006958,CUS-006958,0.5619,0.4932,0.6783,0.6064,Medium,0.7125
RSK006959,CUS-006959,0.7896,0.3098,0.7862,0.6919,Medium,0.9541
RSK006960,CUS-006960,0.6279,0.318,0.7354,0.6197,Medium,0.8175
RSK006961,CUS-006961,0.3181,0.1418,0.2924,0.27,Low,0.8121
RSK006962,CUS-006962,0.4405,0.2309,0.3918,0.3742,Low,0.8016
RSK006963,CUS-006963,0.7799,0.4519,0.6033,0.626,Medium,0.9882
RSK006964,CUS-006964,0.6842,0.3581,0.6718,0.6128,Medium,0.7388
RSK006965,CUS-006965,0.8655,0.4421,0.2765,0.4863,Medium,0.7212
RSK006966,CUS-006966,0.1067,0.1378,0.7114,0.4153,Medium,0.9705
RSK006967,CUS-006967,0.7642,0.2,0.2006,0.3696,Low,0.9104
RSK006968,CUS-006968,0.3261,0.4055,0.3773,0.3676,Low,0.9473
RSK006969,CUS-006969,0.8589,0.1676,0.3436,0.463,Medium,0.7105
RSK006970,CUS-006970,0.7312,0.3867,0.6934,0.6434,Medium,0.8218
RSK006971,CUS-006971,0.885,0.4672,0.0148,0.3663,Low,0.8181
RSK006972,CUS-006972,0.5252,0.4053,0.5892,0.5332,Medium,0.7511
RSK006973,CUS-006973,0.4687,0.3415,0.5715,0.4947,Medium,0.8961
RSK006974,CUS-006974,0.6623,0.375,0.5526,0.55,Medium,0.7434
RSK006975,CUS-006975,0.2811,0.4034,0.436,0.383,Low,0.7351
RSK006976,CUS-006976,0.2083,0.1047,0.6628,0.4148,Medium,0.8193
RSK006977,CUS-006977,0.1417,0.193,0.2802,0.2212,Low,0.8521
RSK006978,CUS-006978,0.5155,0.3585,0.2683,0.3605,Low,0.962
RSK006979,CUS-006979,0.4663,0.3439,0.6677,0.5425,Medium,0.7013
RSK006980,CUS-006980,0.6161,0.2071,0.3725,0.4125,Medium,0.9616
RSK006981,CUS-006981,0.4139,0.4429,0.8108,0.6181,Medium,0.9364
RSK006982,CUS-006982,0.6564,0.1818,0.5187,0.4926,Medium,0.9698
RSK006983,CUS-006983,0.1101,0.2268,0.711,0.4339,Medium,0.857
RSK006984,CUS-006984,0.7668,0.1443,0.3214,0.4196,Medium,0.9209
RSK006985,CUS-006985,0.3125,0.4432,0.505,0.4349,Medium,0.8819
RSK006986,CUS-006986,0.4269,0.2668,0.339,0.3509,Low,0.743
RSK006987,CUS-006987,0.5848,0.1287,0.5363,0.4693,Medium,0.7968
RSK006988,CUS-006988,0.668,0.3541,0.5315,0.537,Medium,0.8656
RSK006989,CUS-006989,0.7282,0.1734,0.6347,0.5705,Medium,0.89
RSK006990,CUS-006990,0.8398,0.1088,0.0618,0.3046,Low,0.8497
RSK006991,CUS-006991,0.802,0.2246,0.5474,0.5592,Medium,0.7068
RSK006992,CUS-006992,0.1633,0.2145,0.4624,0.3231,Low,0.8362
RSK006993,CUS-006993,0.3749,0.2538,0.0894,0.2079,Low,0.8101
RSK006994,CUS-006994,0.7343,0.4903,0.7229,0.6798,Medium,0.8076
RSK006995,CUS-006995,0.386,0.4644,0.6869,0.5521,Medium,0.9845
RSK006996,CUS-006996,0.6278,0.3386,0.0901,0.3011,Low,0.9387
RSK006997,CUS-006997,0.1154,0.418,0.3558,0.2961,Low,0.8538
RSK006998,CUS-006998,0.489,0.2263,0.4641,0.424,Medium,0.7986
RSK006999,CUS-006999,0.135,0.1973,0.7151,0.4375,Medium,0.7187
RSK007000,CUS-007000,0.8343,0.4754,0.4603,0.5755,Medium,0.875
RSK007001,CUS-007001,0.7489,0.3559,0.1911,0.3914,Low,0.8248
RSK007002,CUS-007002,0.417,0.3498,0.0886,0.2394,Low,0.972
RSK007003,CUS-007003,0.4939,0.4639,0.4612,0.4716,Medium,0.8963
RSK007004,CUS-007004,0.2248,0.2368,0.4857,0.3577,Low,0.9135
RSK007005,CUS-007005,0.3898,0.4239,0.3129,0.3582,Low,0.8569
RSK007006,CUS-007006,0.4743,0.4051,0.5684,0.5075,Medium,0.9893
RSK007007,CUS-007007,0.5938,0.3125,0.7024,0.5918,Medium,0.9803
RSK007008,CUS-007008,0.8021,0.1275,0.4772,0.5047,Medium,0.937
RSK007009,CUS-007009,0.2819,0.1623,0.2614,0.2477,Low,0.9083
RSK007010,CUS-007010,0.2025,0.4209,0.7184,0.5041,Medium,0.9667
RSK007011,CUS-007011,0.4123,0.1978,0.4458,0.3861,Low,0.7514
RSK007012,CUS-007012,0.8006,0.4139,0.343,0.4945,Medium,0.863
RSK007013,CUS-007013,0.2628,0.3485,0.1328,0.2149,Low,0.8385
RSK007014,CUS-007014,0.6219,0.4214,0.2341,0.3879,Low,0.8584
RSK007015,CUS-007015,0.3123,0.309,0.449,0.38,Low,0.7741
RSK007016,CUS-007016,0.5131,0.2984,0.104,0.2656,Low,0.7403
RSK007017,CUS-007017,0.4092,0.374,0.0686,0.2319,Low,0.9078
RSK007018,CUS-007018,0.8081,0.4086,0.2656,0.457,Medium,0.8572
RSK007019,CUS-007019,0.5071,0.4596,0.7426,0.6154,Medium,0.8823
RSK007020,CUS-007020,0.5778,0.2403,0.3753,0.4091,Medium,0.8558
RSK007021,CUS-007021,0.7914,0.3544,0.2476,0.4321,Medium,0.9626
RSK007022,CUS-007022,0.6484,0.4487,0.3043,0.4364,Medium,0.7646
RSK007023,CUS-007023,0.1736,0.2966,0.1155,0.1692,Low,0.7871
RSK007024,CUS-007024,0.2813,0.38,0.3849,0.3528,Low,0.9887
RSK007025,CUS-007025,0.607,0.1038,0.1268,0.2663,Low,0.8362
RSK007026,CUS-007026,0.6898,0.3824,0.4678,0.5173,Medium,0.8544
RSK007027,CUS-007027,0.117,0.2213,0.4879,0.3233,Low,0.7388
RSK007028,CUS-007028,0.3735,0.4851,0.5407,0.4794,Medium,0.8974
RSK007029,CUS-007029,0.8194,0.4072,0.266,0.4603,Medium,0.7047
RSK007030,CUS-007030,0.6217,0.1272,0.6887,0.5563,Medium,0.8353
RSK007031,CUS-007031,0.446,0.4572,0.1139,0.2822,Low,0.8717
RSK007032,CUS-007032,0.8137,0.3485,0.3748,0.5012,Medium,0.7968
RSK007033,CUS-007033,0.4609,0.2246,0.3953,0.3808,Low,0.8836
RSK007034,CUS-007034,0.4323,0.4203,0.8354,0.6315,Medium,0.9116
RSK007035,CUS-007035,0.5498,0.4792,0.3623,0.4419,Medium,0.7539
RSK007036,CUS-007036,0.8141,0.3198,0.6938,0.6551,Medium,0.9015
RSK007037,CUS-007037,0.4546,0.2658,0.4264,0.4027,Medium,0.8959
RSK007038,CUS-007038,0.6653,0.1125,0.4698,0.457,Medium,0.9084
RSK007039,CUS-007039,0.4032,0.147,0.5275,0.4141,Medium,0.8115
RSK007040,CUS-007040,0.2409,0.152,0.7148,0.4601,Medium,0.8679
RSK007041,CUS-007041,0.4101,0.1312,0.2009,0.2497,Low,0.9142
RSK007042,CUS-007042,0.853,0.484,0.1647,0.435,Medium,0.7971
RSK007043,CUS-007043,0.7726,0.2837,0.6184,0.5977,Medium,0.7028
RSK007044,CUS-007044,0.6523,0.4294,0.0783,0.3207,Low,0.9374
RSK007045,CUS-007045,0.657,0.1342,0.7542,0.601,Medium,0.7645
RSK007046,CUS-007046,0.7805,0.4128,0.5607,0.5971,Medium,0.9872
RSK007047,CUS-007047,0.4574,0.3716,0.5994,0.5112,Medium,0.9465
RSK007048,CUS-007048,0.5867,0.397,0.405,0.4579,Medium,0.7584
RSK007049,CUS-007049,0.1185,0.2435,0.01,0.0892,Low,0.9034
RSK007050,CUS-007050,0.6508,0.2746,0.1041,0.3022,Low,0.8728
RSK007051,CUS-007051,0.4826,0.3772,0.01,0.2252,Low,0.703
RSK007052,CUS-007052,0.8207,0.4968,0.5086,0.5999,Medium,0.8613
RSK007053,CUS-007053,0.661,0.2602,0.01,0.2553,Low,0.9178
RSK007054,CUS-007054,0.8484,0.1273,0.0166,0.2883,Low,0.9185
RSK007055,CUS-007055,0.264,0.2736,0.8171,0.5425,Medium,0.9705
RSK007056,CUS-007056,0.7107,0.3278,0.2235,0.3905,Low,0.9759
RSK007057,CUS-007057,0.694,0.4992,0.1227,0.3694,Low,0.9526
RSK007058,CUS-007058,0.8183,0.2311,0.8466,0.715,High,0.9835
RSK007059,CUS-007059,0.2287,0.1386,0.4632,0.3279,Low,0.8556
RSK007060,CUS-007060,0.5853,0.2579,0.2912,0.3728,Low,0.9518
RSK007061,CUS-007061,0.7738,0.4415,0.0556,0.3482,Low,0.907
RSK007062,CUS-007062,0.8356,0.206,0.5774,0.5806,Medium,0.7714
RSK007063,CUS-007063,0.6416,0.3705,0.6726,0.6029,Medium,0.7757
RSK007064,CUS-007064,0.5027,0.345,0.6862,0.5629,Medium,0.7785
RSK007065,CUS-007065,0.7863,0.212,0.7218,0.6392,Medium,0.8624
RSK007066,CUS-007066,0.8525,0.1039,0.3765,0.4648,Medium,0.7544
RSK007067,CUS-007067,0.7309,0.332,0.5948,0.5831,Medium,0.9016
RSK007068,CUS-007068,0.1214,0.1404,0.6154,0.3722,Low,0.9684
RSK007069,CUS-007069,0.5612,0.461,0.0421,0.2816,Low,0.9475
RSK007070,CUS-007070,0.7644,0.1277,0.0848,0.2973,Low,0.8412
RSK007071,CUS-007071,0.5938,0.1305,0.5172,0.4628,Medium,0.7348
RSK007072,CUS-007072,0.1314,0.2079,0.8296,0.4958,Medium,0.8891
RSK007073,CUS-007073,0.8812,0.2351,0.1629,0.3928,Low,0.8369
RSK007074,CUS-007074,0.2713,0.2995,0.1793,0.2309,Low,0.983
RSK007075,CUS-007075,0.2438,0.4314,0.0479,0.1834,Low,0.7577
RSK007076,CUS-007076,0.1117,0.4502,0.3739,0.3105,Low,0.9259
RSK007077,CUS-007077,0.7451,0.2437,0.3554,0.45,Medium,0.892
RSK007078,CUS-007078,0.5284,0.4048,0.5331,0.506,Medium,0.9413
RSK007079,CUS-007079,0.2229,0.2363,0.3918,0.31,Low,0.9325
RSK007080,CUS-007080,0.5514,0.1134,0.4903,0.4332,Medium,0.9566
RSK007081,CUS-007081,0.4753,0.3957,0.2089,0.3262,Low,0.9655
RSK007082,CUS-007082,0.1649,0.3391,0.0143,0.1244,Low,0.844
RSK007083,CUS-007083,0.697,0.3749,0.6609,0.6145,Medium,0.7526
RSK007084,CUS-007084,0.7365,0.4724,0.5939,0.6124,Medium,0.9023
RSK007085,CUS-007085,0.1553,0.34,0.5033,0.3662,Low,0.9594
RSK007086,CUS-007086,0.6556,0.3906,0.192,0.3708,Low,0.857
RSK007087,CUS-007087,0.4272,0.423,0.0876,0.2566,Low,0.8751
RSK007088,CUS-007088,0.2954,0.1797,0.01,0.1296,Low,0.9832
RSK007089,CUS-007089,0.383,0.121,0.0312,0.1547,Low,0.8834
RSK007090,CUS-007090,0.5185,0.4182,0.4866,0.4825,Medium,0.8171
RSK007091,CUS-007091,0.2716,0.2785,0.1833,0.2288,Low,0.856
RSK007092,CUS-007092,0.2481,0.4788,0.3856,0.363,Low,0.7863
RSK007093,CUS-007093,0.8757,0.4953,0.2038,0.4637,Medium,0.9393
RSK007094,CUS-007094,0.3632,0.1488,0.3432,0.3103,Low,0.7229
RSK007095,CUS-007095,0.2975,0.2644,0.5234,0.4038,Medium,0.886
RSK007096,CUS-007096,0.417,0.4219,0.4199,0.4194,Medium,0.9737
RSK007097,CUS-007097,0.7937,0.2627,0.6643,0.6228,Medium,0.7014
RSK007098,CUS-007098,0.7047,0.3286,0.0815,0.3179,Low,0.7643
RSK007099,CUS-007099,0.4796,0.3992,0.3344,0.3909,Low,0.8174
RSK007100,CUS-007100,0.7223,0.3998,0.01,0.3017,Low,0.8535
RSK007101,CUS-007101,0.6036,0.3121,0.5089,0.498,Medium,0.9208
RSK007102,CUS-007102,0.5045,0.2036,0.4329,0.4085,Medium,0.8788
RSK007103,CUS-007103,0.5602,0.2723,0.4395,0.4423,Medium,0.7348
RSK007104,CUS-007104,0.8046,0.2659,0.732,0.6606,Medium,0.8539
RSK007105,CUS-007105,0.1477,0.3357,0.3225,0.2727,Low,0.7398
RSK007106,CUS-007106,0.1044,0.2722,0.4104,0.291,Low,0.9163
RSK007107,CUS-007107,0.6581,0.4134,0.3242,0.4422,Medium,0.8051
RSK007108,CUS-007108,0.3923,0.4344,0.5711,0.4901,Medium,0.9259
RSK007109,CUS-007109,0.8116,0.159,0.5419,0.5462,Medium,0.9187
RSK007110,CUS-007110,0.1936,0.2105,0.4705,0.3354,Low,0.8589
RSK007111,CUS-007111,0.2594,0.2915,0.0343,0.1533,Low,0.7454
RSK007112,CUS-007112,0.5464,0.4136,0.68,0.5866,Medium,0.7614
RSK007113,CUS-007113,0.7501,0.1086,0.3861,0.4398,Medium,0.9495
RSK007114,CUS-007114,0.2143,0.3129,0.8196,0.5367,Medium,0.7288
RSK007115,CUS-007115,0.4361,0.318,0.4021,0.3955,Low,0.8332
RSK007116,CUS-007116,0.176,0.4923,0.8542,0.5784,Medium,0.9469
RSK007117,CUS-007117,0.169,0.3687,0.2999,0.2744,Low,0.7584
RSK007118,CUS-007118,0.8912,0.3017,0.2799,0.4676,Medium,0.9827
RSK007119,CUS-007119,0.3878,0.2459,0.7478,0.5394,Medium,0.7779
RSK007120,CUS-007120,0.8898,0.232,0.6497,0.6382,Medium,0.8337
RSK007121,CUS-007121,0.1441,0.4824,0.5846,0.432,Medium,0.8478
RSK007122,CUS-007122,0.7162,0.3136,0.2163,0.3857,Low,0.9034
RSK007123,CUS-007123,0.2845,0.1847,0.2589,0.2517,Low,0.9535
RSK007124,CUS-007124,0.502,0.4194,0.7153,0.5921,Medium,0.7393
RSK007125,CUS-007125,0.661,0.3485,0.2713,0.4036,Medium,0.8631
RSK007126,CUS-007126,0.2478,0.4182,0.0287,0.1723,Low,0.7376
RSK007127,CUS-007127,0.101,0.1959,0.2661,0.2025,Low,0.8438
RSK007128,CUS-007128,0.581,0.3923,0.5216,0.5136,Medium,0.7439
RSK007129,CUS-007129,0.5708,0.3947,0.601,0.5507,Medium,0.8857
RSK007130,CUS-007130,0.8078,0.1744,0.5357,0.5451,Medium,0.8093
RSK007131,CUS-007131,0.4298,0.2277,0.0995,0.2242,Low,0.9609
RSK007132,CUS-007132,0.6997,0.1154,0.2111,0.3385,Low,0.815
RSK007133,CUS-007133,0.7345,0.4725,0.1101,0.3699,Low,0.9246
RSK007134,CUS-007134,0.5,0.1055,0.6753,0.5088,Medium,0.8811
RSK007135,CUS-007135,0.5446,0.281,0.3135,0.3763,Low,0.9481
RSK007136,CUS-007136,0.1368,0.3776,0.2086,0.2209,Low,0.8619
RSK007137,CUS-007137,0.7216,0.2672,0.2075,0.3737,Low,0.9594
RSK007138,CUS-007138,0.2646,0.2814,0.7137,0.4925,Medium,0.8026
RSK007139,CUS-007139,0.579,0.2626,0.0907,0.2716,Low,0.8502
RSK007140,CUS-007140,0.3936,0.1307,0.1999,0.2442,Low,0.8601
RSK007141,CUS-007141,0.4514,0.4883,0.5289,0.4975,Medium,0.7498
RSK007142,CUS-007142,0.2363,0.4889,0.5647,0.451,Medium,0.8859
RSK007143,CUS-007143,0.725,0.1205,0.8067,0.645,Medium,0.8676
RSK007144,CUS-007144,0.3021,0.3664,0.5168,0.4223,Medium,0.8947
RSK007145,CUS-007145,0.8276,0.119,0.4531,0.4986,Medium,0.7841
RSK007146,CUS-007146,0.5189,0.1098,0.4196,0.3874,Low,0.8966
RSK007147,CUS-007147,0.767,0.201,0.7042,0.6224,Medium,0.7236
RSK007148,CUS-007148,0.7003,0.2977,0.3906,0.4649,Medium,0.8601
RSK007149,CUS-007149,0.209,0.2121,0.2545,0.2324,Low,0.7509
RSK007150,CUS-007150,0.2998,0.1616,0.7643,0.5044,Medium,0.8479
RSK007151,CUS-007151,0.114,0.3105,0.3472,0.2699,Low,0.7775
RSK007152,CUS-007152,0.4503,0.488,0.01,0.2377,Low,0.7618
RSK007153,CUS-007153,0.1602,0.1171,0.1031,0.123,Low,0.9751
RSK007154,CUS-007154,0.8735,0.363,0.5881,0.6287,Medium,0.8416
RSK007155,CUS-007155,0.7712,0.4048,0.3614,0.493,Medium,0.7263
RSK007156,CUS-007156,0.2892,0.3445,0.5943,0.4528,Medium,0.8415
RSK007157,CUS-007157,0.7529,0.1543,0.0524,0.2829,Low,0.7044
RSK007158,CUS-007158,0.6674,0.2879,0.2753,0.3955,Low,0.8756
RSK007159,CUS-007159,0.7585,0.298,0.3336,0.4539,Medium,0.827
RSK007160,CUS-007160,0.2381,0.113,0.323,0.2555,Low,0.8318
RSK007161,CUS-007161,0.5678,0.1606,0.675,0.54,Medium,0.7083
RSK007162,CUS-007162,0.345,0.2875,0.3496,0.3358,Low,0.8982
RSK007163,CUS-007163,0.736,0.368,0.6639,0.6264,Medium,0.7772
RSK007164,CUS-007164,0.3025,0.4365,0.4054,0.3807,Low,0.8277
RSK007165,CUS-007165,0.2466,0.4764,0.2197,0.2791,Low,0.944
RSK007166,CUS-007166,0.5502,0.2969,0.1337,0.2913,Low,0.9773
RSK007167,CUS-007167,0.6655,0.2655,0.6977,0.6016,Medium,0.7772
RSK007168,CUS-007168,0.386,0.1688,0.2587,0.2789,Low,0.8428
RSK007169,CUS-007169,0.8785,0.3125,0.4703,0.5612,Medium,0.9122
RSK007170,CUS-007170,0.1923,0.426,0.5395,0.4126,Medium,0.7999
RSK007171,CUS-007171,0.8214,0.179,0.8341,0.6993,Medium,0.8053
RSK007172,CUS-007172,0.8251,0.325,0.1099,0.3675,Low,0.7705
RSK007173,CUS-007173,0.8392,0.3526,0.6235,0.634,Medium,0.71
RSK007174,CUS-007174,0.5652,0.3764,0.3733,0.4315,Medium,0.7851
RSK007175,CUS-007175,0.2571,0.1457,0.735,0.4738,Medium,0.8042
RSK007176,CUS-007176,0.2564,0.2901,0.0502,0.16,Low,0.7834
RSK007177,CUS-007177,0.774,0.1815,0.2577,0.3973,Low,0.8882
RSK007178,CUS-007178,0.1295,0.3237,0.0927,0.1499,Low,0.8705
RSK007179,CUS-007179,0.4215,0.3568,0.393,0.3943,Low,0.9035
RSK007180,CUS-007180,0.6381,0.2797,0.4108,0.4528,Medium,0.7764
RSK007181,CUS-007181,0.49,0.3496,0.6722,0.553,Medium,0.8366
RSK007182,CUS-007182,0.8904,0.197,0.1443,0.3787,Low,0.7402
RSK007183,CUS-007183,0.7819,0.1989,0.5849,0.5668,Medium,0.8739
RSK007184,CUS-007184,0.2883,0.256,0.2875,0.2814,Low,0.9287
RSK007185,CUS-007185,0.4854,0.4756,0.6358,0.5586,Medium,0.788
RSK007186,CUS-007186,0.7046,0.3812,0.823,0.6991,Medium,0.9032
RSK007187,CUS-007187,0.6839,0.4746,0.3172,0.4587,Medium,0.7456
RSK007188,CUS-007188,0.7798,0.1425,0.6987,0.6118,Medium,0.9074
RSK007189,CUS-007189,0.813,0.4082,0.6562,0.6536,Medium,0.8736
RSK007190,CUS-007190,0.1389,0.3581,0.6182,0.4224,Medium,0.899
RSK007191,CUS-007191,0.6032,0.4783,0.5062,0.5297,Medium,0.8145
RSK007192,CUS-007192,0.3739,0.4475,0.4448,0.4241,Medium,0.9454
RSK007193,CUS-007193,0.8868,0.381,0.268,0.4762,Medium,0.8865
RSK007194,CUS-007194,0.2943,0.1551,0.1095,0.1741,Low,0.8366
RSK007195,CUS-007195,0.2116,0.3725,0.453,0.3645,Low,0.7882
RSK007196,CUS-007196,0.5979,0.36,0.0429,0.2728,Low,0.7264
RSK007197,CUS-007197,0.4179,0.369,0.0511,0.2247,Low,0.716
RSK007198,CUS-007198,0.1511,0.3906,0.3176,0.2823,Low,0.8454
RSK007199,CUS-007199,0.538,0.2224,0.4741,0.4429,Medium,0.9745
RSK007200,CUS-007200,0.5229,0.3158,0.2838,0.3619,Low,0.9108
RSK007201,CUS-007201,0.6743,0.3184,0.1708,0.3514,Low,0.7652
RSK007202,CUS-007202,0.2027,0.2026,0.4753,0.339,Low,0.9855
RSK007203,CUS-007203,0.2808,0.3294,0.191,0.2456,Low,0.7672
RSK007204,CUS-007204,0.3767,0.3167,0.5643,0.4585,Medium,0.7462
RSK007205,CUS-007205,0.4916,0.4049,0.6179,0.5374,Medium,0.8643
RSK007206,CUS-007206,0.4608,0.2373,0.3451,0.3583,Low,0.9321
RSK007207,CUS-007207,0.8627,0.472,0.0681,0.3873,Low,0.9526
RSK007208,CUS-007208,0.6024,0.1822,0.5303,0.4823,Medium,0.9247
RSK007209,CUS-007209,0.8026,0.4449,0.4336,0.5466,Medium,0.9507
RSK007210,CUS-007210,0.5935,0.4795,0.1232,0.3356,Low,0.7375
RSK007211,CUS-007211,0.8827,0.3557,0.1602,0.4161,Medium,0.7471
RSK007212,CUS-007212,0.2191,0.1036,0.1821,0.1775,Low,0.8577
RSK007213,CUS-007213,0.3007,0.3651,0.6803,0.5034,Medium,0.8001
RSK007214,CUS-007214,0.5022,0.3317,0.4561,0.4451,Medium,0.8685
RSK007215,CUS-007215,0.6922,0.2294,0.1452,0.3261,Low,0.822
RSK007216,CUS-007216,0.4081,0.1839,0.7012,0.5098,Medium,0.9358
RSK007217,CUS-007217,0.8096,0.4911,0.3529,0.5175,Medium,0.8059
RSK007218,CUS-007218,0.8714,0.2611,0.387,0.5071,Medium,0.7339
RSK007219,CUS-007219,0.5824,0.3472,0.5846,0.5365,Medium,0.92
RSK007220,CUS-007220,0.1241,0.378,0.28,0.2528,Low,0.7248
RSK007221,CUS-007221,0.5775,0.1796,0.5042,0.4613,Medium,0.9343
RSK007222,CUS-007222,0.6087,0.3924,0.5751,0.5486,Medium,0.7188
RSK007223,CUS-007223,0.1756,0.2828,0.0394,0.1289,Low,0.8079
RSK007224,CUS-007224,0.4514,0.4316,0.6895,0.5665,Medium,0.7352
RSK007225,CUS-007225,0.4939,0.2441,0.7773,0.5856,Medium,0.8338
RSK007226,CUS-007226,0.1075,0.2733,0.5277,0.3508,Low,0.7461
RSK007227,CUS-007227,0.4416,0.3573,0.4758,0.4418,Medium,0.8919
RSK007228,CUS-007228,0.5782,0.2413,0.2256,0.3345,Low,0.7149
RSK007229,CUS-007229,0.8871,0.4144,0.694,0.696,Medium,0.8174
RSK007230,CUS-007230,0.5115,0.2442,0.4745,0.4395,Medium,0.8014
RSK007231,CUS-007231,0.4313,0.4009,0.7094,0.5643,Medium,0.8664
RSK007232,CUS-007232,0.7016,0.416,0.1609,0.3741,Low,0.7302
RSK007233,CUS-007233,0.1944,0.3739,0.8239,0.545,Medium,0.9169
RSK007234,CUS-007234,0.4356,0.2099,0.7985,0.5719,Medium,0.8929
RSK007235,CUS-007235,0.7965,0.1089,0.1481,0.3348,Low,0.9142
RSK007236,CUS-007236,0.5578,0.2098,0.6217,0.5202,Medium,0.7488
RSK007237,CUS-007237,0.1291,0.3,0.1729,0.1852,Low,0.7591
RSK007238,CUS-007238,0.4828,0.351,0.1018,0.2659,Low,0.7161
RSK007239,CUS-007239,0.8734,0.4374,0.6978,0.6984,Medium,0.9579
RSK007240,CUS-007240,0.684,0.2303,0.782,0.6423,Medium,0.9507
RSK007241,CUS-007241,0.6877,0.4203,0.2495,0.4151,Medium,0.9751
RSK007242,CUS-007242,0.7979,0.2767,0.7904,0.6899,Medium,0.7457
RSK007243,CUS-007243,0.582,0.2118,0.4927,0.4633,Medium,0.818
RSK007244,CUS-007244,0.1993,0.3182,0.0973,0.1721,Low,0.97
RSK007245,CUS-007245,0.6734,0.3302,0.6811,0.6086,Medium,0.7133
RSK007246,CUS-007246,0.4935,0.2791,0.0192,0.2135,Low,0.9032
RSK007247,CUS-007247,0.4907,0.3443,0.4651,0.4486,Medium,0.9335
RSK007248,CUS-007248,0.2624,0.1244,0.2161,0.2117,Low,0.9425
RSK007249,CUS-007249,0.521,0.4422,0.7089,0.5992,Medium,0.9601
RSK007250,CUS-007250,0.684,0.3111,0.3909,0.4629,Medium,0.739
RSK007251,CUS-007251,0.3269,0.3313,0.5214,0.425,Medium,0.9852
RSK007252,CUS-007252,0.7365,0.11,0.5808,0.5333,Medium,0.8865
RSK007253,CUS-007253,0.1962,0.232,0.5762,0.3934,Low,0.7049
RSK007254,CUS-007254,0.2421,0.3399,0.6086,0.4449,Medium,0.7343
RSK007255,CUS-007255,0.4087,0.3113,0.2882,0.329,Low,0.8417
RSK007256,CUS-007256,0.6885,0.1858,0.2705,0.379,Low,0.9019
RSK007257,CUS-007257,0.2928,0.3611,0.2494,0.2848,Low,0.9343
RSK007258,CUS-007258,0.85,0.3924,0.2114,0.4392,Medium,0.8572
RSK007259,CUS-007259,0.3108,0.4886,0.1051,0.2435,Low,0.9754
RSK007260,CUS-007260,0.5702,0.314,0.0385,0.2531,Low,0.7589
RSK007261,CUS-007261,0.2925,0.482,0.4348,0.4016,Medium,0.8429
RSK007262,CUS-007262,0.8096,0.3133,0.3998,0.5054,Medium,0.8569
RSK007263,CUS-007263,0.4049,0.3587,0.6284,0.5074,Medium,0.7872
RSK007264,CUS-007264,0.4796,0.1387,0.2512,0.2972,Low,0.8818
RSK007265,CUS-007265,0.1678,0.1158,0.0468,0.0969,Low,0.7092
RSK007266,CUS-007266,0.2618,0.4668,0.1719,0.2578,Low,0.7392
RSK007267,CUS-007267,0.1607,0.239,0.4911,0.3416,Low,0.7295
RSK007268,CUS-007268,0.1137,0.393,0.0775,0.1515,Low,0.9264
RSK007269,CUS-007269,0.2892,0.1468,0.3671,0.2997,Low,0.8404
RSK007270,CUS-007270,0.7226,0.1399,0.3983,0.4439,Medium,0.8943
RSK007271,CUS-007271,0.6453,0.1791,0.4269,0.4429,Medium,0.767
RSK007272,CUS-007272,0.6577,0.2263,0.0789,0.282,Low,0.8556
RSK007273,CUS-007273,0.1544,0.3441,0.6655,0.4479,Medium,0.9487
RSK007274,CUS-007274,0.2397,0.36,0.2236,0.2557,Low,0.9775
RSK007275,CUS-007275,0.8058,0.3823,0.0741,0.3552,Low,0.7354
RSK007276,CUS-007276,0.6838,0.1014,0.4724,0.4616,Medium,0.8347
RSK007277,CUS-007277,0.5698,0.3776,0.0704,0.2817,Low,0.8751
RSK007278,CUS-007278,0.7133,0.1728,0.2285,0.3628,Low,0.808
RSK007279,CUS-007279,0.603,0.3857,0.2371,0.3766,Low,0.7506
RSK007280,CUS-007280,0.887,0.4197,0.5088,0.6044,Medium,0.7559
RSK007281,CUS-007281,0.2218,0.148,0.4615,0.3269,Low,0.9801
RSK007282,CUS-007282,0.5388,0.4354,0.0713,0.2844,Low,0.8882
RSK007283,CUS-007283,0.4864,0.4899,0.2721,0.38,Low,0.8822
RSK007284,CUS-007284,0.8902,0.1283,0.2214,0.4034,Medium,0.9858
RSK007285,CUS-007285,0.6389,0.3435,0.1428,0.3318,Low,0.989
RSK007286,CUS-007286,0.1695,0.2489,0.0832,0.1422,Low,0.9511
RSK007287,CUS-007287,0.3786,0.1078,0.1624,0.2163,Low,0.9589
RSK007288,CUS-007288,0.7083,0.4734,0.1896,0.402,Medium,0.7812
RSK007289,CUS-007289,0.6655,0.4972,0.5679,0.583,Medium,0.7473
RSK007290,CUS-007290,0.6807,0.4546,0.499,0.5446,Medium,0.7533
RSK007291,CUS-007291,0.197,0.354,0.311,0.2854,Low,0.7587
RSK007292,CUS-007292,0.6469,0.2606,0.3724,0.4324,Medium,0.8645
RSK007293,CUS-007293,0.8165,0.2119,0.42,0.4973,Medium,0.8726
RSK007294,CUS-007294,0.4997,0.1162,0.304,0.3251,Low,0.8238
RSK007295,CUS-007295,0.3862,0.1769,0.6564,0.4794,Medium,0.8536
RSK007296,CUS-007296,0.7775,0.2305,0.122,0.3404,Low,0.9133
RSK007297,CUS-007297,0.6901,0.2474,0.6202,0.5666,Medium,0.814
RSK007298,CUS-007298,0.2372,0.2199,0.4381,0.3342,Low,0.8881
RSK007299,CUS-007299,0.5763,0.3353,0.2805,0.3802,Low,0.743
RSK007300,CUS-007300,0.4341,0.1862,0.0341,0.1845,Low,0.7303
RSK007301,CUS-007301,0.4977,0.4494,0.5758,0.5271,Medium,0.8739
RSK007302,CUS-007302,0.2819,0.1715,0.6005,0.4191,Medium,0.977
RSK007303,CUS-007303,0.7987,0.2289,0.4558,0.5133,Medium,0.9288
RSK007304,CUS-007304,0.2516,0.4851,0.2337,0.2893,Low,0.7797
RSK007305,CUS-007305,0.8394,0.2711,0.111,0.3615,Low,0.8939
RSK007306,CUS-007306,0.4112,0.2254,0.0763,0.2066,Low,0.782
RSK007307,CUS-007307,0.1615,0.3693,0.4011,0.3229,Low,0.8218
RSK007308,CUS-007308,0.6761,0.4415,0.1655,0.3739,Low,0.9675
RSK007309,CUS-007309,0.8643,0.144,0.4325,0.5043,Medium,0.8516
RSK007310,CUS-007310,0.7122,0.4539,0.7453,0.6771,Medium,0.8885
RSK007311,CUS-007311,0.2001,0.2943,0.368,0.3029,Low,0.9414
RSK007312,CUS-007312,0.7488,0.1822,0.2756,0.3989,Low,0.7581
RSK007313,CUS-007313,0.25,0.2071,0.3718,0.3023,Low,0.7065
RSK007314,CUS-007314,0.2899,0.1537,0.3222,0.2788,Low,0.8322
RSK007315,CUS-007315,0.3031,0.1105,0.4131,0.3196,Low,0.9134
RSK007316,CUS-007316,0.7466,0.1148,0.6087,0.5513,Medium,0.741
RSK007317,CUS-007317,0.2384,0.2266,0.6682,0.4509,Medium,0.9164
RSK007318,CUS-007318,0.5515,0.3081,0.6809,0.5675,Medium,0.8375
RSK007319,CUS-007319,0.5609,0.2828,0.4357,0.4427,Medium,0.7237
RSK007320,CUS-007320,0.7953,0.2516,0.01,0.2939,Low,0.8983
RSK007321,CUS-007321,0.5914,0.3144,0.4075,0.4441,Medium,0.7674
RSK007322,CUS-007322,0.2549,0.2343,0.4379,0.3423,Low,0.9819
RSK007323,CUS-007323,0.6389,0.4924,0.4185,0.4994,Medium,0.8611
RSK007324,CUS-007324,0.6009,0.4031,0.2916,0.4067,Medium,0.7299
RSK007325,CUS-007325,0.1909,0.2365,0.4003,0.3047,Low,0.8552
RSK007326,CUS-007326,0.481,0.3936,0.2379,0.342,Low,0.8225
RSK007327,CUS-007327,0.3082,0.1534,0.01,0.1281,Low,0.857
RSK007328,CUS-007328,0.8347,0.1829,0.7065,0.6402,Medium,0.963
RSK007329,CUS-007329,0.6892,0.1363,0.2338,0.3509,Low,0.9007
RSK007330,CUS-007330,0.1436,0.1248,0.2011,0.1686,Low,0.9698
RSK007331,CUS-007331,0.6941,0.3869,0.2232,0.3972,Low,0.8778
RSK007332,CUS-007332,0.6922,0.3332,0.0566,0.3026,Low,0.9632
RSK007333,CUS-007333,0.7316,0.4828,0.01,0.321,Low,0.7773
RSK007334,CUS-007334,0.416,0.4294,0.1364,0.2789,Low,0.9524
RSK007335,CUS-007335,0.1397,0.2671,0.6328,0.4117,Medium,0.7202
RSK007336,CUS-007336,0.6878,0.4022,0.655,0.6143,Medium,0.739
RSK007337,CUS-007337,0.6873,0.1628,0.3148,0.3962,Low,0.7818
RSK007338,CUS-007338,0.6059,0.2261,0.0151,0.2345,Low,0.7237
RSK007339,CUS-007339,0.8284,0.2679,0.6949,0.6495,Medium,0.8801
RSK007340,CUS-007340,0.3758,0.3107,0.3395,0.3446,Low,0.9017
RSK007341,CUS-007341,0.8688,0.1098,0.5599,0.5625,Medium,0.7475
RSK007342,CUS-007342,0.712,0.3496,0.01,0.2885,Low,0.7138
RSK007343,CUS-007343,0.1939,0.4489,0.7998,0.5478,Medium,0.8394
RSK007344,CUS-007344,0.7686,0.3875,0.5461,0.5811,Medium,0.9082
RSK007345,CUS-007345,0.7956,0.4064,0.7567,0.6983,Medium,0.7343
RSK007346,CUS-007346,0.5455,0.478,0.01,0.2642,Low,0.9385
RSK007347,CUS-007347,0.6386,0.122,0.3266,0.3793,Low,0.8018
RSK007348,CUS-007348,0.2837,0.4525,0.4676,0.4094,Medium,0.7663
RSK007349,CUS-007349,0.6863,0.1544,0.3492,0.4114,Medium,0.9759
RSK007350,CUS-007350,0.2114,0.3668,0.6665,0.47,Medium,0.9341
RSK007351,CUS-007351,0.2114,0.2263,0.7054,0.4614,Medium,0.8422
RSK007352,CUS-007352,0.2439,0.286,0.1282,0.1945,Low,0.8382
RSK007353,CUS-007353,0.3221,0.3965,0.6912,0.5215,Medium,0.8061
RSK007354,CUS-007354,0.3244,0.2926,0.5536,0.4326,Medium,0.7271
RSK007355,CUS-007355,0.6904,0.2865,0.7135,0.6212,Medium,0.8291
RSK007356,CUS-007356,0.2615,0.1363,0.8264,0.5189,Medium,0.9442
RSK007357,CUS-007357,0.7575,0.4858,0.4613,0.5551,Medium,0.8809
RSK007358,CUS-007358,0.5076,0.123,0.7569,0.5553,Medium,0.7888
RSK007359,CUS-007359,0.107,0.4028,0.4025,0.3139,Low,0.947
RSK007360,CUS-007360,0.8119,0.1536,0.5175,0.533,Medium,0.8169
RSK007361,CUS-007361,0.579,0.4674,0.4401,0.4872,Medium,0.849
RSK007362,CUS-007362,0.7788,0.2028,0.01,0.2792,Low,0.7727
RSK007363,CUS-007363,0.68,0.2367,0.7786,0.6406,Medium,0.8013
RSK007364,CUS-007364,0.5819,0.2627,0.2097,0.332,Low,0.7154
RSK007365,CUS-007365,0.3214,0.2028,0.6271,0.4505,Medium,0.8574
RSK007366,CUS-007366,0.5073,0.1069,0.1171,0.2321,Low,0.7198
RSK007367,CUS-007367,0.3545,0.1559,0.0684,0.1717,Low,0.7647
RSK007368,CUS-007368,0.5985,0.2413,0.5847,0.5202,Medium,0.8305
RSK007369,CUS-007369,0.3786,0.125,0.5658,0.4215,Medium,0.7869
RSK007370,CUS-007370,0.2546,0.4608,0.1033,0.2202,Low,0.8854
RSK007371,CUS-007371,0.2603,0.2192,0.01,0.1269,Low,0.9356
RSK007372,CUS-007372,0.6613,0.3952,0.627,0.5909,Medium,0.9781
RSK007373,CUS-007373,0.3902,0.2812,0.0486,0.1976,Low,0.8274
RSK007374,CUS-007374,0.2343,0.2465,0.4577,0.3484,Low,0.9811
RSK007375,CUS-007375,0.2542,0.4515,0.1177,0.2254,Low,0.7904
RSK007376,CUS-007376,0.3678,0.4653,0.4458,0.4263,Medium,0.7682
RSK007377,CUS-007377,0.3997,0.3212,0.0288,0.1986,Low,0.8006
RSK007378,CUS-007378,0.4928,0.4844,0.4403,0.4649,Medium,0.7817
RSK007379,CUS-007379,0.4136,0.1293,0.6399,0.4699,Medium,0.8396
RSK007380,CUS-007380,0.2881,0.4893,0.3834,0.376,Low,0.9137
RSK007381,CUS-007381,0.1209,0.3453,0.2985,0.2546,Low,0.9372
RSK007382,CUS-007382,0.8918,0.3374,0.8237,0.7469,High,0.8232
RSK007383,CUS-007383,0.556,0.415,0.473,0.4863,Medium,0.8223
RSK007384,CUS-007384,0.6164,0.4112,0.5153,0.5248,Medium,0.9573
RSK007385,CUS-007385,0.5216,0.4722,0.5523,0.5271,Medium,0.9421
RSK007386,CUS-007386,0.6698,0.3091,0.4399,0.4827,Medium,0.7286
RSK007387,CUS-007387,0.6359,0.2348,0.4273,0.4514,Medium,0.9141
RSK007388,CUS-007388,0.4037,0.1875,0.3653,0.3413,Low,0.7621
RSK007389,CUS-007389,0.8681,0.4214,0.5936,0.6415,Medium,0.7712
RSK007390,CUS-007390,0.1451,0.4343,0.0919,0.1763,Low,0.8636
RSK007391,CUS-007391,0.1915,0.2147,0.5494,0.3751,Low,0.911
RSK007392,CUS-007392,0.4581,0.1809,0.6544,0.5008,Medium,0.9576
RSK007393,CUS-007393,0.3024,0.2387,0.4713,0.3741,Low,0.7142
RSK007394,CUS-007394,0.3635,0.456,0.3824,0.3915,Low,0.9041
RSK007395,CUS-007395,0.8786,0.1299,0.3732,0.4762,Medium,0.7395
RSK007396,CUS-007396,0.3231,0.2966,0.6746,0.4935,Medium,0.9207
RSK007397,CUS-007397,0.4074,0.4942,0.0777,0.2599,Low,0.7076
RSK007398,CUS-007398,0.754,0.1649,0.0897,0.304,Low,0.8006
RSK007399,CUS-007399,0.5822,0.4046,0.6951,0.6031,Medium,0.9643
RSK007400,CUS-007400,0.851,0.4064,0.6324,0.6528,Medium,0.8565
RSK007401,CUS-007401,0.4034,0.249,0.3502,0.3459,Low,0.888
RSK007402,CUS-007402,0.7788,0.475,0.2328,0.445,Medium,0.9263
RSK007403,CUS-007403,0.6809,0.2763,0.5917,0.5554,Medium,0.9259
RSK007404,CUS-007404,0.4393,0.1124,0.7829,0.5457,Medium,0.8581
RSK007405,CUS-007405,0.1983,0.4264,0.2464,0.268,Low,0.792
RSK007406,CUS-007406,0.2603,0.2905,0.1442,0.2083,Low,0.7398
RSK007407,CUS-007407,0.6187,0.2042,0.3282,0.3905,Low,0.7221
RSK007408,CUS-007408,0.8627,0.3781,0.7668,0.7178,High,0.9119
RSK007409,CUS-007409,0.3533,0.4607,0.5538,0.475,Medium,0.7384
RSK007410,CUS-007410,0.6588,0.2029,0.3405,0.4085,Medium,0.8409
RSK007411,CUS-007411,0.4997,0.2202,0.3555,0.3717,Low,0.8121
RSK007412,CUS-007412,0.6027,0.1619,0.4622,0.4443,Medium,0.9445
RSK007413,CUS-007413,0.1802,0.4144,0.5626,0.4182,Medium,0.9615
RSK007414,CUS-007414,0.5778,0.2675,0.5851,0.5194,Medium,0.7189
RSK007415,CUS-007415,0.7383,0.1339,0.7427,0.6196,Medium,0.7596
RSK007416,CUS-007416,0.1346,0.444,0.596,0.4272,Medium,0.8365
RSK007417,CUS-007417,0.2696,0.2455,0.3771,0.3185,Low,0.9649
RSK007418,CUS-007418,0.1916,0.4108,0.6368,0.458,Medium,0.714
RSK007419,CUS-007419,0.5057,0.1013,0.5184,0.4312,Medium,0.8412
RSK007420,CUS-007420,0.5266,0.3977,0.5636,0.5193,Medium,0.9711
RSK007421,CUS-007421,0.6632,0.3782,0.0497,0.2994,Low,0.8195
RSK007422,CUS-007422,0.8939,0.322,0.6978,0.6815,Medium,0.799
RSK007423,CUS-007423,0.563,0.355,0.2422,0.361,Low,0.8696
RSK007424,CUS-007424,0.5722,0.2887,0.0368,0.2478,Low,0.8741
RSK007425,CUS-007425,0.4967,0.2794,0.0553,0.2325,Low,0.8154
RSK007426,CUS-007426,0.4999,0.4699,0.0896,0.2888,Low,0.7468
RSK007427,CUS-007427,0.8378,0.135,0.7493,0.653,Medium,0.7398
RSK007428,CUS-007428,0.701,0.1348,0.5977,0.5361,Medium,0.9708
RSK007429,CUS-007429,0.4091,0.3538,0.5651,0.476,Medium,0.8512
RSK007430,CUS-007430,0.7856,0.1313,0.07,0.2969,Low,0.9482
RSK007431,CUS-007431,0.3559,0.2349,0.6143,0.4609,Medium,0.9664
RSK007432,CUS-007432,0.3355,0.4213,0.4003,0.3851,Low,0.8563
RSK007433,CUS-007433,0.844,0.4024,0.5258,0.5966,Medium,0.8502
RSK007434,CUS-007434,0.7521,0.4408,0.7483,0.6879,Medium,0.8687
RSK007435,CUS-007435,0.7991,0.1182,0.3484,0.4376,Medium,0.8633
RSK007436,CUS-007436,0.207,0.4639,0.5714,0.4406,Medium,0.736
RSK007437,CUS-007437,0.8958,0.3535,0.6978,0.6883,Medium,0.7077
RSK007438,CUS-007438,0.1008,0.306,0.5304,0.3566,Low,0.8105
RSK007439,CUS-007439,0.7648,0.2533,0.2526,0.4064,Medium,0.84
RSK007440,CUS-007440,0.3099,0.1619,0.1472,0.1989,Low,0.9227
RSK007441,CUS-007441,0.6999,0.3031,0.7198,0.6305,Medium,0.8475
RSK007442,CUS-007442,0.5832,0.367,0.8056,0.6512,Medium,0.9221
RSK007443,CUS-007443,0.6305,0.46,0.3532,0.4578,Medium,0.8852
RSK007444,CUS-007444,0.5717,0.1721,0.1654,0.2886,Low,0.8417
RSK007445,CUS-007445,0.152,0.3305,0.6743,0.4488,Medium,0.7832
RSK007446,CUS-007446,0.8342,0.2892,0.1019,0.359,Low,0.9462
RSK007447,CUS-007447,0.6069,0.2035,0.5525,0.499,Medium,0.8906
RSK007448,CUS-007448,0.1187,0.1313,0.566,0.3449,Low,0.7659
RSK007449,CUS-007449,0.8148,0.4619,0.1869,0.4303,Medium,0.8087
RSK007450,CUS-007450,0.4412,0.4429,0.5731,0.5075,Medium,0.8467
RSK007451,CUS-007451,0.2012,0.3104,0.416,0.3304,Low,0.7943
RSK007452,CUS-007452,0.4109,0.3223,0.5344,0.4549,Medium,0.9427
RSK007453,CUS-007453,0.561,0.3238,0.2149,0.3405,Low,0.9625
RSK007454,CUS-007454,0.1662,0.4524,0.4983,0.3895,Low,0.8078
RSK007455,CUS-007455,0.3985,0.4472,0.4616,0.4398,Medium,0.7933
RSK007456,CUS-007456,0.2611,0.1498,0.2476,0.2321,Low,0.7324
RSK007457,CUS-007457,0.6285,0.4128,0.1819,0.3621,Low,0.7877
RSK007458,CUS-007458,0.8684,0.1928,0.1365,0.3673,Low,0.8416
RSK007459,CUS-007459,0.6276,0.2477,0.097,0.2863,Low,0.903
RSK007460,CUS-007460,0.7368,0.4486,0.3535,0.4875,Medium,0.8182
RSK007461,CUS-007461,0.2578,0.3281,0.1735,0.2297,Low,0.7795
RSK007462,CUS-007462,0.624,0.4995,0.1119,0.3431,Low,0.7705
RSK007463,CUS-007463,0.5773,0.2737,0.0256,0.2407,Low,0.8285
RSK007464,CUS-007464,0.506,0.1847,0.1595,0.2685,Low,0.9214
RSK007465,CUS-007465,0.3127,0.2174,0.3095,0.292,Low,0.9028
RSK007466,CUS-007466,0.5572,0.2227,0.3884,0.4059,Medium,0.9792
RSK007467,CUS-007467,0.8302,0.388,0.0469,0.3501,Low,0.8203
RSK007468,CUS-007468,0.7375,0.1702,0.4158,0.4632,Medium,0.717
RSK007469,CUS-007469,0.5511,0.4913,0.3593,0.4432,Medium,0.8947
RSK007470,CUS-007470,0.1607,0.4557,0.079,0.1789,Low,0.7577
RSK007471,CUS-007471,0.7709,0.2014,0.158,0.3505,Low,0.9341
RSK007472,CUS-007472,0.8113,0.4507,0.2281,0.4476,Medium,0.8659
RSK007473,CUS-007473,0.5822,0.4367,0.418,0.471,Medium,0.8641
RSK007474,CUS-007474,0.6346,0.3587,0.6575,0.5909,Medium,0.8505
RSK007475,CUS-007475,0.4874,0.2578,0.5617,0.4786,Medium,0.7916
RSK007476,CUS-007476,0.5025,0.2712,0.1372,0.2736,Low,0.8975
RSK007477,CUS-007477,0.1837,0.3841,0.7482,0.506,Medium,0.9042
RSK007478,CUS-007478,0.1275,0.2459,0.8075,0.4912,Medium,0.8232
RSK007479,CUS-007479,0.5456,0.1816,0.0637,0.2319,Low,0.8661
RSK007480,CUS-007480,0.154,0.1341,0.1898,0.1679,Low,0.9472
RSK007481,CUS-007481,0.7998,0.2905,0.0462,0.3211,Low,0.8163
RSK007482,CUS-007482,0.279,0.2207,0.433,0.3443,Low,0.9462
RSK007483,CUS-007483,0.6639,0.1038,0.01,0.2249,Low,0.7714
RSK007484,CUS-007484,0.3747,0.155,0.7482,0.5175,Medium,0.7001
RSK007485,CUS-007485,0.1374,0.4407,0.4482,0.3535,Low,0.8191
RSK007486,CUS-007486,0.154,0.2577,0.1646,0.18,Low,0.957
RSK007487,CUS-007487,0.6254,0.4983,0.8728,0.7237,High,0.9657
RSK007488,CUS-007488,0.3242,0.2499,0.0123,0.1534,Low,0.9029
RSK007489,CUS-007489,0.6895,0.1623,0.2154,0.347,Low,0.8324
RSK007490,CUS-007490,0.6051,0.4819,0.4111,0.4835,Medium,0.9884
RSK007491,CUS-007491,0.1227,0.4423,0.3032,0.2769,Low,0.845
RSK007492,CUS-007492,0.3254,0.1291,0.4635,0.3552,Low,0.7879
RSK007493,CUS-007493,0.8583,0.3673,0.2612,0.4616,Medium,0.9506
RSK007494,CUS-007494,0.1332,0.458,0.6988,0.481,Medium,0.7426
RSK007495,CUS-007495,0.4535,0.2557,0.2404,0.3074,Low,0.874
RSK007496,CUS-007496,0.1009,0.4144,0.2369,0.2316,Low,0.7427
RSK007497,CUS-007497,0.8423,0.3008,0.3967,0.5112,Medium,0.8514
RSK007498,CUS-007498,0.2912,0.2656,0.8186,0.5498,Medium,0.9857
RSK007499,CUS-007499,0.3081,0.2679,0.7526,0.5223,Medium,0.8213
RSK007500,CUS-007500,0.3938,0.441,0.01,0.2113,Low,0.964
RSK007501,CUS-007501,0.469,0.3983,0.4993,0.47,Medium,0.7447
RSK007502,CUS-007502,0.2126,0.3687,0.175,0.225,Low,0.8822
RSK007503,CUS-007503,0.245,0.379,0.3531,0.3258,Low,0.9573
RSK007504,CUS-007504,0.7382,0.1585,0.373,0.4397,Medium,0.7989
RSK007505,CUS-007505,0.7723,0.2007,0.1169,0.3303,Low,0.813
RSK007506,CUS-007506,0.8158,0.2239,0.0738,0.3264,Low,0.9821
RSK007507,CUS-007507,0.6938,0.3221,0.1289,0.337,Low,0.9474
RSK007508,CUS-007508,0.2068,0.3706,0.4831,0.3777,Low,0.7712
RSK007509,CUS-007509,0.394,0.1185,0.6287,0.4562,Medium,0.824
RSK007510,CUS-007510,0.3415,0.4796,0.0318,0.2143,Low,0.8467
RSK007511,CUS-007511,0.2789,0.1991,0.6269,0.4369,Medium,0.7941
RSK007512,CUS-007512,0.5122,0.3975,0.5008,0.4836,Medium,0.908
RSK007513,CUS-007513,0.2722,0.3391,0.6903,0.4946,Medium,0.9596
RSK007514,CUS-007514,0.2383,0.4699,0.6328,0.4819,Medium,0.9323
RSK007515,CUS-007515,0.413,0.1855,0.43,0.376,Low,0.8627
RSK007516,CUS-007516,0.5223,0.2381,0.3938,0.4012,Medium,0.9644
RSK007517,CUS-007517,0.4277,0.1724,0.7994,0.5625,Medium,0.7349
RSK007518,CUS-007518,0.4671,0.2399,0.5478,0.462,Medium,0.8034
RSK007519,CUS-007519,0.5862,0.4929,0.7065,0.6277,Medium,0.7486
RSK007520,CUS-007520,0.1587,0.3592,0.0396,0.1392,Low,0.8179
RSK007521,CUS-007521,0.6305,0.2763,0.5162,0.5025,Medium,0.7495
RSK007522,CUS-007522,0.3424,0.3041,0.01,0.1685,Low,0.7804
RSK007523,CUS-007523,0.3089,0.3422,0.675,0.4986,Medium,0.7109
RSK007524,CUS-007524,0.5276,0.2966,0.5809,0.5081,Medium,0.796
RSK007525,CUS-007525,0.5803,0.2345,0.2649,0.3534,Low,0.7949
RSK007526,CUS-007526,0.3178,0.3173,0.11,0.2138,Low,0.7774
RSK007527,CUS-007527,0.6031,0.3063,0.6082,0.5463,Medium,0.7477
RSK007528,CUS-007528,0.735,0.2323,0.0733,0.3036,Low,0.9777
RSK007529,CUS-007529,0.8218,0.387,0.1892,0.4185,Medium,0.8249
RSK007530,CUS-007530,0.3053,0.4579,0.01,0.1882,Low,0.9051
RSK007531,CUS-007531,0.2424,0.2254,0.47,0.3528,Low,0.7364
RSK007532,CUS-007532,0.151,0.2757,0.739,0.4699,Medium,0.8174
RSK007533,CUS-007533,0.2287,0.1354,0.025,0.1082,Low,0.9124
RSK007534,CUS-007534,0.5474,0.2607,0.7694,0.6011,Medium,0.8985
RSK007535,CUS-007535,0.1267,0.4511,0.6173,0.4369,Medium,0.8233
RSK007536,CUS-007536,0.6222,0.2503,0.2763,0.3749,Low,0.8797
RSK007537,CUS-007537,0.4457,0.1599,0.5252,0.4283,Medium,0.9262
RSK007538,CUS-007538,0.8135,0.4413,0.3409,0.5028,Medium,0.8621
RSK007539,CUS-007539,0.8176,0.1533,0.1092,0.3305,Low,0.7854
RSK007540,CUS-007540,0.797,0.4006,0.5382,0.5883,Medium,0.837
RSK007541,CUS-007541,0.6594,0.4977,0.5775,0.5861,Medium,0.8002
RSK007542,CUS-007542,0.2492,0.4318,0.4071,0.3647,Low,0.8813
RSK007543,CUS-007543,0.2928,0.3459,0.3966,0.3553,Low,0.7697
RSK007544,CUS-007544,0.3154,0.3858,0.681,0.5123,Medium,0.8492
RSK007545,CUS-007545,0.2106,0.1267,0.3224,0.2497,Low,0.816
RSK007546,CUS-007546,0.1278,0.4172,0.3039,0.2737,Low,0.7219
RSK007547,CUS-007547,0.1141,0.1388,0.3044,0.2142,Low,0.8026
RSK007548,CUS-007548,0.3176,0.4977,0.01,0.1998,Low,0.8394
RSK007549,CUS-007549,0.4488,0.4433,0.6134,0.53,Medium,0.7023
RSK007550,CUS-007550,0.5297,0.379,0.01,0.2397,Low,0.8595
RSK007551,CUS-007551,0.4443,0.2203,0.6305,0.4926,Medium,0.9228
RSK007552,CUS-007552,0.3022,0.274,0.6243,0.4576,Medium,0.7059
RSK007553,CUS-007553,0.8766,0.423,0.0266,0.3609,Low,0.7389
RSK007554,CUS-007554,0.767,0.3374,0.5396,0.5674,Medium,0.7624
RSK007555,CUS-007555,0.6644,0.2068,0.0713,0.2763,Low,0.7909
RSK007556,CUS-007556,0.6178,0.4515,0.2843,0.4178,Medium,0.7465
RSK007557,CUS-007557,0.5001,0.2611,0.7199,0.5622,Medium,0.9624
RSK007558,CUS-007558,0.3931,0.2376,0.3667,0.3488,Low,0.9864
RSK007559,CUS-007559,0.458,0.1767,0.3666,0.356,Low,0.7942
RSK007560,CUS-007560,0.2237,0.2548,0.5361,0.3861,Low,0.7292
RSK007561,CUS-007561,0.3711,0.1199,0.4923,0.3815,Low,0.8765
RSK007562,CUS-007562,0.4175,0.4571,0.2881,0.3607,Low,0.9721
RSK007563,CUS-007563,0.154,0.2204,0.2617,0.2211,Low,0.7827
RSK007564,CUS-007564,0.7936,0.4649,0.8221,0.7421,High,0.9151
RSK007565,CUS-007565,0.7859,0.3041,0.2272,0.4102,Medium,0.7086
RSK007566,CUS-007566,0.517,0.2763,0.3102,0.3655,Low,0.8441
RSK007567,CUS-007567,0.3721,0.2018,0.616,0.46,Medium,0.7725
RSK007568,CUS-007568,0.1107,0.1035,0.1141,0.111,Low,0.9253
RSK007569,CUS-007569,0.4465,0.2103,0.01,0.181,Low,0.8933
RSK007570,CUS-007570,0.4851,0.2505,0.3562,0.3737,Low,0.958
RSK007571,CUS-007571,0.3617,0.1558,0.223,0.2512,Low,0.9508
RSK007572,CUS-007572,0.5727,0.4712,0.5444,0.5383,Medium,0.7498
RSK007573,CUS-007573,0.2398,0.4343,0.1752,0.2464,Low,0.9378
RSK007574,CUS-007574,0.2228,0.3441,0.8097,0.5405,Medium,0.8867
RSK007575,CUS-007575,0.5787,0.1399,0.1918,0.2975,Low,0.9162
RSK007576,CUS-007576,0.8068,0.2194,0.8006,0.6862,Medium,0.9257
RSK007577,CUS-007577,0.649,0.2157,0.5255,0.5006,Medium,0.7562
RSK007578,CUS-007578,0.6279,0.2397,0.136,0.3043,Low,0.848
RSK007579,CUS-007579,0.8778,0.1367,0.2709,0.4261,Medium,0.9093
RSK007580,CUS-007580,0.3087,0.258,0.4577,0.3731,Low,0.8524
RSK007581,CUS-007581,0.8932,0.267,0.7738,0.7083,High,0.8093
RSK007582,CUS-007582,0.7949,0.2492,0.3625,0.4696,Medium,0.9218
RSK007583,CUS-007583,0.4734,0.3647,0.644,0.537,Medium,0.8101
RSK007584,CUS-007584,0.8161,0.3699,0.5617,0.5997,Medium,0.8774
RSK007585,CUS-007585,0.3358,0.1931,0.2699,0.2743,Low,0.8476
RSK007586,CUS-007586,0.6544,0.103,0.6767,0.5553,Medium,0.7322
RSK007587,CUS-007587,0.4343,0.336,0.1159,0.2554,Low,0.745
RSK007588,CUS-007588,0.7848,0.2621,0.5938,0.5848,Medium,0.7902
RSK007589,CUS-007589,0.887,0.3789,0.2982,0.491,Medium,0.7696
RSK007590,CUS-007590,0.2813,0.1371,0.7035,0.4636,Medium,0.8289
RSK007591,CUS-007591,0.4231,0.4506,0.6545,0.5443,Medium,0.789
RSK007592,CUS-007592,0.1259,0.2948,0.1257,0.1596,Low,0.7658
RSK007593,CUS-007593,0.5236,0.4554,0.5909,0.5436,Medium,0.9714
RSK007594,CUS-007594,0.2561,0.1317,0.3199,0.2631,Low,0.7966
RSK007595,CUS-007595,0.7723,0.2188,0.5724,0.5616,Medium,0.8232
RSK007596,CUS-007596,0.2715,0.253,0.6986,0.4814,Medium,0.7772
RSK007597,CUS-007597,0.371,0.4877,0.0538,0.2357,Low,0.8969
RSK007598,CUS-007598,0.3895,0.1264,0.2542,0.2692,Low,0.8191
RSK007599,CUS-007599,0.4587,0.4302,0.252,0.3497,Low,0.7105
RSK007600,CUS-007600,0.3393,0.2783,0.5299,0.4224,Medium,0.8165
RSK007601,CUS-007601,0.4811,0.2018,0.0595,0.2144,Low,0.7134
RSK007602,CUS-007602,0.7614,0.1817,0.4659,0.4977,Medium,0.9642
RSK007603,CUS-007603,0.79,0.4512,0.1243,0.3894,Low,0.9251
RSK007604,CUS-007604,0.7542,0.1508,0.4837,0.4983,Medium,0.8218
RSK007605,CUS-007605,0.4036,0.3127,0.3741,0.3707,Low,0.727
RSK007606,CUS-007606,0.7301,0.3774,0.2754,0.4322,Medium,0.7327
RSK007607,CUS-007607,0.3695,0.3268,0.5667,0.4596,Medium,0.9788
RSK007608,CUS-007608,0.4845,0.3954,0.6741,0.5615,Medium,0.7957
RSK007609,CUS-007609,0.6155,0.417,0.6692,0.6027,Medium,0.9833
RSK007610,CUS-007610,0.3341,0.471,0.1894,0.2891,Low,0.8549
RSK007611,CUS-007611,0.2937,0.3188,0.2435,0.2736,Low,0.9436
RSK007612,CUS-007612,0.1339,0.4746,0.5271,0.3986,Low,0.9813
RSK007613,CUS-007613,0.2285,0.1785,0.4906,0.3495,Low,0.8746
RSK007614,CUS-007614,0.3992,0.3025,0.2667,0.3136,Low,0.9725
RSK007615,CUS-007615,0.1465,0.2833,0.6906,0.4459,Medium,0.8152
RSK007616,CUS-007616,0.4601,0.1506,0.6014,0.4688,Medium,0.7855
RSK007617,CUS-007617,0.527,0.3975,0.7025,0.5888,Medium,0.9408
RSK007618,CUS-007618,0.2925,0.1322,0.6175,0.4229,Medium,0.9683
RSK007619,CUS-007619,0.8185,0.4103,0.3384,0.4968,Medium,0.9414
RSK007620,CUS-007620,0.6198,0.3952,0.6408,0.5854,Medium,0.7906
RSK007621,CUS-007621,0.5602,0.3664,0.5856,0.5341,Medium,0.8444
RSK007622,CUS-007622,0.6329,0.2004,0.2826,0.3713,Low,0.8294
RSK007623,CUS-007623,0.5009,0.4947,0.2648,0.3816,Low,0.7507
RSK007624,CUS-007624,0.507,0.2698,0.6126,0.5124,Medium,0.8248
RSK007625,CUS-007625,0.2048,0.4824,0.3742,0.345,Low,0.9305
RSK007626,CUS-007626,0.4231,0.4743,0.1211,0.2823,Low,0.9821
RSK007627,CUS-007627,0.2942,0.342,0.0744,0.1939,Low,0.8708
RSK007628,CUS-007628,0.2605,0.2063,0.0357,0.1373,Low,0.7705
RSK007629,CUS-007629,0.3945,0.1706,0.3438,0.3244,Low,0.7995
RSK007630,CUS-007630,0.5398,0.2027,0.3957,0.4003,Medium,0.9662
RSK007631,CUS-007631,0.8739,0.4473,0.4415,0.5724,Medium,0.9338
RSK007632,CUS-007632,0.4642,0.1838,0.7215,0.5368,Medium,0.9874
RSK007633,CUS-007633,0.1004,0.2752,0.7467,0.4585,Medium,0.7087
RSK007634,CUS-007634,0.6385,0.3525,0.01,0.267,Low,0.9259
RSK007635,CUS-007635,0.4107,0.229,0.109,0.2235,Low,0.9821
RSK007636,CUS-007636,0.4537,0.4564,0.2217,0.3382,Low,0.7049
RSK007637,CUS-007637,0.5067,0.3135,0.6563,0.5429,Medium,0.8207
RSK007638,CUS-007638,0.3356,0.2873,0.6001,0.4582,Medium,0.939
RSK007639,CUS-007639,0.1964,0.2087,0.5221,0.3617,Low,0.7205
RSK007640,CUS-007640,0.7365,0.1159,0.31,0.3991,Low,0.8379
RSK007641,CUS-007641,0.5695,0.2544,0.404,0.4237,Medium,0.7574
RSK007642,CUS-007642,0.1097,0.3007,0.1709,0.1785,Low,0.7787
RSK007643,CUS-007643,0.5893,0.1356,0.113,0.2604,Low,0.9699
RSK007644,CUS-007644,0.6448,0.2979,0.6748,0.5904,Medium,0.9559
RSK007645,CUS-007645,0.5941,0.1209,0.0588,0.2318,Low,0.909
RSK007646,CUS-007646,0.7293,0.3611,0.1801,0.3811,Low,0.8462
RSK007647,CUS-007647,0.5249,0.1624,0.3576,0.3687,Low,0.8902
RSK007648,CUS-007648,0.2976,0.2904,0.2823,0.2885,Low,0.8486
RSK007649,CUS-007649,0.4227,0.2373,0.1225,0.2355,Low,0.8143
RSK007650,CUS-007650,0.3891,0.341,0.3578,0.3638,Low,0.8787
RSK007651,CUS-007651,0.1623,0.3165,0.369,0.2965,Low,0.9067
RSK007652,CUS-007652,0.5691,0.195,0.6833,0.5514,Medium,0.7473
RSK007653,CUS-007653,0.3004,0.3733,0.6555,0.4925,Medium,0.8583
RSK007654,CUS-007654,0.7998,0.3148,0.433,0.5194,Medium,0.7189
RSK007655,CUS-007655,0.2078,0.4341,0.7608,0.5296,Medium,0.8567
RSK007656,CUS-007656,0.8425,0.3461,0.7927,0.7183,High,0.8128
RSK007657,CUS-007657,0.5977,0.3934,0.3396,0.4278,Medium,0.7195
RSK007658,CUS-007658,0.3798,0.3552,0.6745,0.5222,Medium,0.7498
RSK007659,CUS-007659,0.3844,0.4742,0.3042,0.3623,Low,0.9598
RSK007660,CUS-007660,0.501,0.4396,0.0558,0.2661,Low,0.7231
RSK007661,CUS-007661,0.6406,0.3914,0.01,0.2755,Low,0.8824
RSK007662,CUS-007662,0.5258,0.2721,0.0444,0.2344,Low,0.9042
RSK007663,CUS-007663,0.4923,0.3144,0.5625,0.4918,Medium,0.8431
RSK007664,CUS-007664,0.8499,0.1524,0.304,0.4374,Medium,0.7039
RSK007665,CUS-007665,0.6186,0.4851,0.4355,0.5003,Medium,0.7529
RSK007666,CUS-007666,0.8297,0.3114,0.308,0.4652,Medium,0.8053
RSK007667,CUS-007667,0.4767,0.3605,0.094,0.2621,Low,0.7808
RSK007668,CUS-007668,0.1314,0.4463,0.3161,0.2867,Low,0.8422
RSK007669,CUS-007669,0.2571,0.2165,0.3729,0.3069,Low,0.8885
RSK007670,CUS-007670,0.883,0.2086,0.6885,0.6509,Medium,0.9803
RSK007671,CUS-007671,0.4518,0.1779,0.7749,0.5586,Medium,0.9284
RSK007672,CUS-007672,0.5839,0.1924,0.7638,0.5955,Medium,0.7964
RSK007673,CUS-007673,0.4377,0.1581,0.7975,0.5617,Medium,0.7577
RSK007674,CUS-007674,0.5026,0.4621,0.5258,0.5061,Medium,0.7533
RSK007675,CUS-007675,0.247,0.1616,0.47,0.3414,Low,0.7451
RSK007676,CUS-007676,0.3691,0.461,0.1367,0.2713,Low,0.9765
RSK007677,CUS-007677,0.3865,0.191,0.4835,0.3959,Low,0.9262
RSK007678,CUS-007678,0.1115,0.4055,0.2541,0.2416,Low,0.8384
RSK007679,CUS-007679,0.6027,0.3185,0.6664,0.5777,Medium,0.7697
RSK007680,CUS-007680,0.2079,0.1343,0.765,0.4717,Medium,0.8798
RSK007681,CUS-007681,0.4913,0.1845,0.6293,0.4989,Medium,0.7202
RSK007682,CUS-007682,0.7066,0.3759,0.7607,0.6675,Medium,0.8719
RSK007683,CUS-007683,0.6031,0.3777,0.7036,0.6083,Medium,0.7649
RSK007684,CUS-007684,0.4809,0.3215,0.6723,0.5447,Medium,0.7321
RSK007685,CUS-007685,0.8201,0.3921,0.5617,0.6053,Medium,0.8582
RSK007686,CUS-007686,0.7771,0.4527,0.1297,0.3885,Low,0.8314
RSK007687,CUS-007687,0.6921,0.3368,0.3644,0.4572,Medium,0.7202
RSK007688,CUS-007688,0.6364,0.1439,0.6292,0.5343,Medium,0.8568
RSK007689,CUS-007689,0.4426,0.3134,0.2168,0.3039,Low,0.9411
RSK007690,CUS-007690,0.3824,0.2803,0.0294,0.1855,Low,0.7736
RSK007691,CUS-007691,0.4596,0.228,0.0759,0.2214,Low,0.7345
RSK007692,CUS-007692,0.3359,0.1126,0.3322,0.2894,Low,0.9717
RSK007693,CUS-007693,0.215,0.2005,0.5233,0.3663,Low,0.8262
RSK007694,CUS-007694,0.3323,0.4487,0.421,0.3999,Low,0.8329
RSK007695,CUS-007695,0.8089,0.2004,0.4331,0.4993,Medium,0.9486
RSK007696,CUS-007696,0.5024,0.4996,0.8198,0.6605,Medium,0.8763
RSK007697,CUS-007697,0.2547,0.2685,0.6181,0.4392,Medium,0.9167
RSK007698,CUS-007698,0.5701,0.2192,0.7509,0.5903,Medium,0.8035
RSK007699,CUS-007699,0.1527,0.463,0.65,0.4634,Medium,0.7937
RSK007700,CUS-007700,0.3297,0.495,0.6794,0.5376,Medium,0.8589
RSK007701,CUS-007701,0.2814,0.4636,0.5142,0.4342,Medium,0.8715
RSK007702,CUS-007702,0.5949,0.162,0.2124,0.3171,Low,0.744
RSK007703,CUS-007703,0.6696,0.3891,0.4516,0.5045,Medium,0.8635
RSK007704,CUS-007704,0.6499,0.4236,0.5138,0.5366,Medium,0.9354
RSK007705,CUS-007705,0.4359,0.4388,0.7192,0.5781,Medium,0.8455
RSK007706,CUS-007706,0.2018,0.3261,0.4197,0.3356,Low,0.8599
RSK007707,CUS-007707,0.864,0.132,0.2233,0.3972,Low,0.9238
RSK007708,CUS-007708,0.6588,0.3637,0.1527,0.3467,Low,0.7866
RSK007709,CUS-007709,0.3442,0.492,0.3071,0.3552,Low,0.765
RSK007710,CUS-007710,0.2709,0.237,0.6077,0.4325,Medium,0.9126
RSK007711,CUS-007711,0.515,0.1912,0.7438,0.5646,Medium,0.7132
RSK007712,CUS-007712,0.6504,0.1935,0.566,0.5168,Medium,0.7987
RSK007713,CUS-007713,0.4793,0.238,0.7868,0.5848,Medium,0.9038
RSK007714,CUS-007714,0.6675,0.2393,0.2199,0.3581,Low,0.7644
RSK007715,CUS-007715,0.7926,0.3004,0.2697,0.4327,Medium,0.7674
RSK007716,CUS-007716,0.8509,0.2227,0.0654,0.3325,Low,0.7054
RSK007717,CUS-007717,0.1442,0.2638,0.6335,0.4128,Medium,0.7588
RSK007718,CUS-007718,0.281,0.2679,0.7446,0.5102,Medium,0.9201
RSK007719,CUS-007719,0.3693,0.1053,0.4458,0.3548,Low,0.9674
RSK007720,CUS-007720,0.4754,0.3332,0.5536,0.4861,Medium,0.9566
RSK007721,CUS-007721,0.5227,0.469,0.2024,0.3518,Low,0.8399
RSK007722,CUS-007722,0.3672,0.3902,0.6937,0.5351,Medium,0.7236
RSK007723,CUS-007723,0.7285,0.3288,0.6072,0.5879,Medium,0.7179
RSK007724,CUS-007724,0.3617,0.3426,0.7094,0.5317,Medium,0.7573
RSK007725,CUS-007725,0.4414,0.4093,0.6772,0.5529,Medium,0.9381
RSK007726,CUS-007726,0.4142,0.489,0.5998,0.522,Medium,0.8174
RSK007727,CUS-007727,0.1204,0.2672,0.4836,0.3314,Low,0.9403
RSK007728,CUS-007728,0.3605,0.1646,0.4042,0.3432,Low,0.9177
RSK007729,CUS-007729,0.5056,0.4014,0.697,0.5805,Medium,0.8743
RSK007730,CUS-007730,0.68,0.4976,0.0351,0.3211,Low,0.8718
RSK007731,CUS-007731,0.5294,0.4648,0.188,0.3458,Low,0.9475
RSK007732,CUS-007732,0.7771,0.2139,0.5264,0.5391,Medium,0.9574
RSK007733,CUS-007733,0.6758,0.4337,0.1115,0.3452,Low,0.7419
RSK007734,CUS-007734,0.2589,0.2796,0.5066,0.3869,Low,0.8777
RSK007735,CUS-007735,0.4734,0.2495,0.6646,0.5242,Medium,0.7942
RSK007736,CUS-007736,0.7971,0.257,0.8645,0.7228,High,0.7526
RSK007737,CUS-007737,0.5816,0.3936,0.6694,0.5879,Medium,0.7454
RSK007738,CUS-007738,0.5136,0.2487,0.748,0.5778,Medium,0.9102
RSK007739,CUS-007739,0.1126,0.2264,0.4285,0.2933,Low,0.7015
RSK007740,CUS-007740,0.2444,0.1364,0.0197,0.1104,Low,0.7135
RSK007741,CUS-007741,0.594,0.3605,0.0249,0.2627,Low,0.7921
RSK007742,CUS-007742,0.1572,0.1274,0.0762,0.1107,Low,0.7871
RSK007743,CUS-007743,0.683,0.1715,0.4553,0.4668,Medium,0.8983
RSK007744,CUS-007744,0.8673,0.141,0.7534,0.6651,Medium,0.89
RSK007745,CUS-007745,0.1992,0.2388,0.01,0.1125,Low,0.7278
RSK007746,CUS-007746,0.859,0.182,0.1666,0.3774,Low,0.7132
RSK007747,CUS-007747,0.6108,0.4993,0.5204,0.5433,Medium,0.9626
RSK007748,CUS-007748,0.1041,0.3577,0.3937,0.2996,Low,0.9656
RSK007749,CUS-007749,0.5534,0.1392,0.5195,0.4536,Medium,0.9315
RSK007750,CUS-007750,0.7517,0.4031,0.3161,0.4642,Medium,0.8326
RSK007751,CUS-007751,0.448,0.1661,0.7538,0.5445,Medium,0.7467
RSK007752,CUS-007752,0.754,0.4037,0.6405,0.6272,Medium,0.7029
RSK007753,CUS-007753,0.4733,0.4556,0.7078,0.587,Medium,0.7529
RSK007754,CUS-007754,0.1163,0.103,0.3267,0.2188,Low,0.9136
RSK007755,CUS-007755,0.616,0.3475,0.7357,0.6221,Medium,0.716
RSK007756,CUS-007756,0.4138,0.2863,0.6225,0.4927,Medium,0.7601
RSK007757,CUS-007757,0.6464,0.4066,0.7388,0.6446,Medium,0.8718
RSK007758,CUS-007758,0.664,0.4021,0.5021,0.5307,Medium,0.7274
RSK007759,CUS-007759,0.7964,0.2569,0.0703,0.3255,Low,0.8586
RSK007760,CUS-007760,0.7762,0.2183,0.5533,0.5532,Medium,0.8636
RSK007761,CUS-007761,0.7223,0.4996,0.2116,0.4224,Medium,0.745
RSK007762,CUS-007762,0.8602,0.2644,0.1151,0.3685,Low,0.9842
RSK007763,CUS-007763,0.4787,0.2158,0.8039,0.5887,Medium,0.9169
RSK007764,CUS-007764,0.299,0.4759,0.3723,0.371,Low,0.8861
RSK007765,CUS-007765,0.7121,0.4434,0.3503,0.4775,Medium,0.9348
RSK007766,CUS-007766,0.7793,0.4712,0.3053,0.4807,Medium,0.9118
RSK007767,CUS-007767,0.6351,0.1822,0.1017,0.2778,Low,0.7201
RSK007768,CUS-007768,0.1662,0.1725,0.3932,0.281,Low,0.727
RSK007769,CUS-007769,0.1746,0.2057,0.2086,0.1978,Low,0.7784
RSK007770,CUS-007770,0.5923,0.2647,0.2604,0.3608,Low,0.7518
RSK007771,CUS-007771,0.762,0.4958,0.2433,0.4494,Medium,0.9259
RSK007772,CUS-007772,0.5277,0.1211,0.1766,0.2708,Low,0.9109
RSK007773,CUS-007773,0.5273,0.3717,0.2138,0.3394,Low,0.8067
RSK007774,CUS-007774,0.2788,0.2205,0.2789,0.2672,Low,0.8165
RSK007775,CUS-007775,0.5575,0.252,0.6666,0.5509,Medium,0.7047
RSK007776,CUS-007776,0.6948,0.127,0.6066,0.5371,Medium,0.9324
RSK007777,CUS-007777,0.7948,0.4653,0.7542,0.7086,High,0.9231
RSK007778,CUS-007778,0.5691,0.3786,0.1803,0.3366,Low,0.7835
RSK007779,CUS-007779,0.4264,0.2262,0.5708,0.4586,Medium,0.7311
RSK007780,CUS-007780,0.2182,0.3421,0.5494,0.4086,Medium,0.9149
RSK007781,CUS-007781,0.4476,0.113,0.2824,0.2981,Low,0.9479
RSK007782,CUS-007782,0.8862,0.4627,0.8055,0.7611,High,0.9796
RSK007783,CUS-007783,0.2682,0.4195,0.6836,0.5062,Medium,0.7259
RSK007784,CUS-007784,0.6849,0.2,0.1053,0.2981,Low,0.8277
RSK007785,CUS-007785,0.1597,0.4493,0.0291,0.1523,Low,0.7939
RSK007786,CUS-007786,0.722,0.273,0.3741,0.4582,Medium,0.9242
RSK007787,CUS-007787,0.1175,0.2625,0.7116,0.4435,Medium,0.8058
RSK007788,CUS-007788,0.8257,0.2741,0.01,0.3075,Low,0.8547
RSK007789,CUS-007789,0.6913,0.4164,0.5474,0.5644,Medium,0.9012
RSK007790,CUS-007790,0.3783,0.1151,0.5022,0.3876,Low,0.9735
RSK007791,CUS-007791,0.5419,0.119,0.5753,0.474,Medium,0.943
RSK007792,CUS-007792,0.8771,0.2297,0.0786,0.3484,Low,0.7755
RSK007793,CUS-007793,0.4554,0.3447,0.01,0.2106,Low,0.7935
RSK007794,CUS-007794,0.6784,0.4214,0.5368,0.5562,Medium,0.8722
RSK007795,CUS-007795,0.8206,0.3935,0.5798,0.6148,Medium,0.7255
RSK007796,CUS-007796,0.1186,0.2935,0.1632,0.1759,Low,0.9562
RSK007797,CUS-007797,0.2425,0.2404,0.5423,0.392,Low,0.7048
RSK007798,CUS-007798,0.5227,0.1948,0.7306,0.5611,Medium,0.7483
RSK007799,CUS-007799,0.6047,0.4821,0.3976,0.4766,Medium,0.9339
RSK007800,CUS-007800,0.7009,0.162,0.7181,0.6017,Medium,0.868
RSK007801,CUS-007801,0.3168,0.2496,0.01,0.15,Low,0.7335
RSK007802,CUS-007802,0.4818,0.2684,0.5991,0.4978,Medium,0.8253
RSK007803,CUS-007803,0.5709,0.4006,0.2905,0.3966,Low,0.808
RSK007804,CUS-007804,0.8481,0.3974,0.0956,0.3817,Low,0.9052
RSK007805,CUS-007805,0.1842,0.3152,0.6271,0.4318,Medium,0.9133
RSK007806,CUS-007806,0.3067,0.4395,0.1071,0.2335,Low,0.9227
RSK007807,CUS-007807,0.8679,0.3151,0.7516,0.6992,Medium,0.7111
RSK007808,CUS-007808,0.6065,0.2604,0.01,0.239,Low,0.9877
RSK007809,CUS-007809,0.2594,0.3797,0.1232,0.2154,Low,0.8659
RSK007810,CUS-007810,0.1692,0.2926,0.7507,0.4846,Medium,0.8237
RSK007811,CUS-007811,0.6554,0.2913,0.1406,0.3252,Low,0.8688
RSK007812,CUS-007812,0.6679,0.1489,0.5477,0.504,Medium,0.751
RSK007813,CUS-007813,0.3586,0.3533,0.01,0.1832,Low,0.8277
RSK007814,CUS-007814,0.6379,0.1626,0.2817,0.3647,Low,0.9168
RSK007815,CUS-007815,0.2381,0.251,0.4443,0.3438,Low,0.9456
RSK007816,CUS-007816,0.2776,0.3156,0.2542,0.2735,Low,0.7052
RSK007817,CUS-007817,0.8238,0.3713,0.01,0.3264,Low,0.9717
RSK007818,CUS-007818,0.2315,0.269,0.5704,0.4085,Medium,0.9748
RSK007819,CUS-007819,0.3599,0.3339,0.3263,0.3379,Low,0.9097
RSK007820,CUS-007820,0.568,0.2462,0.4207,0.43,Medium,0.9884
RSK007821,CUS-007821,0.7716,0.2004,0.4341,0.4886,Medium,0.7191
RSK007822,CUS-007822,0.3081,0.2371,0.1348,0.2072,Low,0.8234
RSK007823,CUS-007823,0.4167,0.4122,0.2493,0.3321,Low,0.7208
RSK007824,CUS-007824,0.3679,0.471,0.2678,0.3385,Low,0.9256
RSK007825,CUS-007825,0.7578,0.4957,0.6551,0.654,Medium,0.9025
RSK007826,CUS-007826,0.132,0.334,0.2701,0.2414,Low,0.9335
RSK007827,CUS-007827,0.8412,0.1688,0.5011,0.5367,Medium,0.7813
RSK007828,CUS-007828,0.7717,0.2741,0.7118,0.6422,Medium,0.7203
RSK007829,CUS-007829,0.546,0.4656,0.6671,0.5905,Medium,0.942
RSK007830,CUS-007830,0.6315,0.3987,0.4953,0.5168,Medium,0.7966
RSK007831,CUS-007831,0.755,0.2657,0.6057,0.5825,Medium,0.7931
RSK007832,CUS-007832,0.3748,0.3119,0.177,0.2633,Low,0.9787
RSK007833,CUS-007833,0.336,0.2061,0.1444,0.2142,Low,0.946
RSK007834,CUS-007834,0.1727,0.1208,0.3749,0.2634,Low,0.8961
RSK007835,CUS-007835,0.6788,0.2218,0.6225,0.5593,Medium,0.9763
RSK007836,CUS-007836,0.4297,0.3863,0.1537,0.283,Low,0.7882
RSK007837,CUS-007837,0.2078,0.4973,0.5887,0.4561,Medium,0.7833
RSK007838,CUS-007838,0.6148,0.1242,0.4387,0.4286,Medium,0.9691
RSK007839,CUS-007839,0.3028,0.3055,0.6423,0.4731,Medium,0.9016
RSK007840,CUS-007840,0.7308,0.2882,0.3124,0.4331,Medium,0.7966
RSK007841,CUS-007841,0.5811,0.2119,0.3126,0.373,Low,0.9212
RSK007842,CUS-007842,0.4077,0.1564,0.1438,0.2255,Low,0.7231
RSK007843,CUS-007843,0.325,0.2024,0.1286,0.2023,Low,0.7217
RSK007844,CUS-007844,0.2314,0.4457,0.01,0.1636,Low,0.9097
RSK007845,CUS-007845,0.4324,0.4364,0.2293,0.3317,Low,0.8856
RSK007846,CUS-007846,0.8202,0.4822,0.4453,0.5651,Medium,0.9085
RSK007847,CUS-007847,0.8772,0.3777,0.2544,0.4659,Medium,0.7223
RSK007848,CUS-007848,0.8546,0.3231,0.8193,0.7307,High,0.7621
RSK007849,CUS-007849,0.1066,0.4291,0.3859,0.3108,Low,0.8348
RSK007850,CUS-007850,0.6535,0.1838,0.4163,0.441,Medium,0.8759
RSK007851,CUS-007851,0.7524,0.2248,0.827,0.6842,Medium,0.7306
RSK007852,CUS-007852,0.84,0.2414,0.1958,0.3982,Low,0.944
RSK007853,CUS-007853,0.6426,0.3105,0.8343,0.672,Medium,0.964
RSK007854,CUS-007854,0.5782,0.3078,0.1323,0.3012,Low,0.778
RSK007855,CUS-007855,0.2188,0.1688,0.6818,0.4403,Medium,0.8035
RSK007856,CUS-007856,0.631,0.3792,0.6509,0.5906,Medium,0.8545
RSK007857,CUS-007857,0.2962,0.3617,0.3775,0.35,Low,0.8905
RSK007858,CUS-007858,0.7864,0.3379,0.6355,0.6212,Medium,0.7341
RSK007859,CUS-007859,0.3416,0.1848,0.4567,0.3678,Low,0.8608
RSK007860,CUS-007860,0.3904,0.1619,0.5057,0.4024,Medium,0.7684
RSK007861,CUS-007861,0.1341,0.184,0.3533,0.2537,Low,0.7861
RSK007862,CUS-007862,0.6584,0.4274,0.2658,0.4159,Medium,0.9534
RSK007863,CUS-007863,0.2192,0.2416,0.7417,0.4849,Medium,0.8923
RSK007864,CUS-007864,0.7057,0.4148,0.2444,0.4169,Medium,0.7404
RSK007865,CUS-007865,0.1752,0.1658,0.3965,0.284,Low,0.922
RSK007866,CUS-007866,0.5995,0.2933,0.6216,0.5493,Medium,0.7979
RSK007867,CUS-007867,0.5736,0.2432,0.6387,0.5401,Medium,0.9662
RSK007868,CUS-007868,0.8547,0.4022,0.1426,0.4081,Medium,0.9602
RSK007869,CUS-007869,0.4943,0.2793,0.5976,0.503,Medium,0.9522
RSK007870,CUS-007870,0.5234,0.171,0.567,0.4747,Medium,0.7144
RSK007871,CUS-007871,0.4007,0.4536,0.7107,0.5663,Medium,0.9206
RSK007872,CUS-007872,0.4646,0.4539,0.3619,0.4111,Medium,0.9101
RSK007873,CUS-007873,0.7183,0.1137,0.7503,0.6134,Medium,0.8457
RSK007874,CUS-007874,0.3824,0.3593,0.19,0.2816,Low,0.9367
RSK007875,CUS-007875,0.6059,0.4571,0.01,0.2782,Low,0.9079
RSK007876,CUS-007876,0.7522,0.325,0.237,0.4092,Medium,0.7323
RSK007877,CUS-007877,0.5301,0.4106,0.1492,0.3158,Low,0.8692
RSK007878,CUS-007878,0.8715,0.2475,0.4441,0.533,Medium,0.8422
RSK007879,CUS-007879,0.385,0.4699,0.5519,0.4854,Medium,0.815
RSK007880,CUS-007880,0.5665,0.428,0.3673,0.4392,Medium,0.9613
RSK007881,CUS-007881,0.5382,0.4698,0.7051,0.608,Medium,0.9657
RSK007882,CUS-007882,0.7971,0.2539,0.5188,0.5493,Medium,0.7127
RSK007883,CUS-007883,0.7454,0.2238,0.4852,0.511,Medium,0.9593
RSK007884,CUS-007884,0.7456,0.1538,0.3783,0.4436,Medium,0.7052
RSK007885,CUS-007885,0.6599,0.198,0.6608,0.568,Medium,0.9487
RSK007886,CUS-007886,0.2559,0.2995,0.0649,0.1691,Low,0.9366
RSK007887,CUS-007887,0.1057,0.1455,0.1572,0.1394,Low,0.7977
RSK007888,CUS-007888,0.2142,0.161,0.434,0.3135,Low,0.9505
RSK007889,CUS-007889,0.7279,0.2371,0.071,0.3013,Low,0.9744
RSK007890,CUS-007890,0.1104,0.3093,0.146,0.168,Low,0.7077
RSK007891,CUS-007891,0.6116,0.1392,0.1947,0.3087,Low,0.9194
RSK007892,CUS-007892,0.7336,0.1655,0.1198,0.3131,Low,0.7317
RSK007893,CUS-007893,0.1825,0.2219,0.4178,0.308,Low,0.8183
RSK007894,CUS-007894,0.3084,0.3638,0.01,0.1703,Low,0.9109
RSK007895,CUS-007895,0.3862,0.3528,0.7181,0.5455,Medium,0.7389
RSK007896,CUS-007896,0.5569,0.2705,0.4305,0.4364,Medium,0.9285
RSK007897,CUS-007897,0.6369,0.3358,0.3727,0.4446,Medium,0.7047
RSK007898,CUS-007898,0.5274,0.1449,0.2177,0.2961,Low,0.8899
RSK007899,CUS-007899,0.7834,0.3847,0.4237,0.5238,Medium,0.9334
RSK007900,CUS-007900,0.4858,0.1935,0.1346,0.2517,Low,0.9189
RSK007901,CUS-007901,0.3853,0.3717,0.4108,0.3953,Low,0.8946
RSK007902,CUS-007902,0.5989,0.4518,0.115,0.3275,Low,0.7273
RSK007903,CUS-007903,0.8492,0.4472,0.01,0.3492,Low,0.9234
RSK007904,CUS-007904,0.3074,0.4242,0.5757,0.4649,Medium,0.7544
RSK007905,CUS-007905,0.4685,0.4363,0.3908,0.4232,Medium,0.863
RSK007906,CUS-007906,0.7768,0.1019,0.3593,0.4331,Medium,0.8138
RSK007907,CUS-007907,0.2868,0.3284,0.01,0.1567,Low,0.9488
RSK007908,CUS-007908,0.6496,0.3389,0.623,0.5742,Medium,0.7786
RSK007909,CUS-007909,0.6307,0.2515,0.0457,0.2624,Low,0.9673
RSK007910,CUS-007910,0.1933,0.3151,0.6289,0.4355,Medium,0.8676
RSK007911,CUS-007911,0.243,0.438,0.6141,0.4676,Medium,0.8906
RSK007912,CUS-007912,0.3752,0.2715,0.454,0.3939,Low,0.8796
RSK007913,CUS-007913,0.8556,0.1947,0.5576,0.5744,Medium,0.8436
RSK007914,CUS-007914,0.6079,0.1654,0.202,0.3165,Low,0.8145
RSK007915,CUS-007915,0.4868,0.3357,0.1898,0.3081,Low,0.9289
RSK007916,CUS-007916,0.8739,0.1049,0.7225,0.6444,Medium,0.8067
RSK007917,CUS-007917,0.5857,0.3435,0.7092,0.599,Medium,0.728
RSK007918,CUS-007918,0.6049,0.224,0.3276,0.3901,Low,0.7007
RSK007919,CUS-007919,0.667,0.1157,0.3168,0.3816,Low,0.8498
RSK007920,CUS-007920,0.6782,0.4803,0.5227,0.5609,Medium,0.9603
RSK007921,CUS-007921,0.2202,0.1029,0.4497,0.3115,Low,0.7313
RSK007922,CUS-007922,0.4065,0.4122,0.567,0.4879,Medium,0.9154
RSK007923,CUS-007923,0.5128,0.3851,0.102,0.2819,Low,0.7824
RSK007924,CUS-007924,0.1959,0.1872,0.1854,0.1889,Low,0.7688
RSK007925,CUS-007925,0.5977,0.126,0.0346,0.2218,Low,0.8602
RSK007926,CUS-007926,0.3942,0.3423,0.7021,0.5378,Medium,0.8144
RSK007927,CUS-007927,0.7758,0.1888,0.168,0.3545,Low,0.7432
RSK007928,CUS-007928,0.1885,0.1936,0.4287,0.3096,Low,0.9163
RSK007929,CUS-007929,0.5734,0.2649,0.4484,0.4492,Medium,0.9047
RSK007930,CUS-007930,0.1371,0.3214,0.1997,0.2053,Low,0.7117
RSK007931,CUS-007931,0.8204,0.1751,0.0651,0.3137,Low,0.7471
RSK007932,CUS-007932,0.7134,0.1888,0.161,0.3323,Low,0.7499
RSK007933,CUS-007933,0.7977,0.2107,0.2285,0.3957,Low,0.7857
RSK007934,CUS-007934,0.4699,0.3081,0.1683,0.2867,Low,0.8941
RSK007935,CUS-007935,0.4219,0.1165,0.5962,0.448,Medium,0.7194
RSK007936,CUS-007936,0.4927,0.4479,0.0471,0.2609,Low,0.9079
RSK007937,CUS-007937,0.8857,0.3517,0.5563,0.6142,Medium,0.8384
RSK007938,CUS-007938,0.678,0.368,0.0181,0.2861,Low,0.8963
RSK007939,CUS-007939,0.7594,0.4692,0.1604,0.4019,Medium,0.8303
RSK007940,CUS-007940,0.7281,0.3946,0.3166,0.4556,Medium,0.9142
RSK007941,CUS-007941,0.19,0.2243,0.1558,0.1798,Low,0.8669
RSK007942,CUS-007942,0.1178,0.1485,0.4302,0.2801,Low,0.7305
RSK007943,CUS-007943,0.1982,0.2869,0.0905,0.1621,Low,0.8898
RSK007944,CUS-007944,0.3112,0.3273,0.01,0.1638,Low,0.9486
RSK007945,CUS-007945,0.3129,0.2796,0.5015,0.4005,Medium,0.8044
RSK007946,CUS-007946,0.4028,0.4294,0.1996,0.3065,Low,0.7199
RSK007947,CUS-007947,0.4349,0.1574,0.4234,0.3736,Low,0.7824
RSK007948,CUS-007948,0.6989,0.1334,0.4752,0.4739,Medium,0.8584
RSK007949,CUS-007949,0.152,0.4292,0.1175,0.1902,Low,0.963
RSK007950,CUS-007950,0.5347,0.4936,0.4507,0.4845,Medium,0.9429
RSK007951,CUS-007951,0.8161,0.3224,0.0898,0.3542,Low,0.9659
RSK007952,CUS-007952,0.2324,0.3826,0.3455,0.319,Low,0.7746
RSK007953,CUS-007953,0.5822,0.2962,0.6797,0.5737,Medium,0.7258
RSK007954,CUS-007954,0.351,0.3512,0.5513,0.4512,Medium,0.827
RSK007955,CUS-007955,0.2727,0.3294,0.01,0.1527,Low,0.955
RSK007956,CUS-007956,0.5058,0.4142,0.8496,0.6594,Medium,0.9751
RSK007957,CUS-007957,0.8069,0.4378,0.6453,0.6523,Medium,0.8511
RSK007958,CUS-007958,0.5193,0.1232,0.0821,0.2215,Low,0.8413
RSK007959,CUS-007959,0.8543,0.4703,0.4235,0.5621,Medium,0.7978
RSK007960,CUS-007960,0.768,0.144,0.5018,0.5101,Medium,0.8423
RSK007961,CUS-007961,0.5344,0.3872,0.1013,0.2884,Low,0.8918
RSK007962,CUS-007962,0.4182,0.1128,0.1287,0.2124,Low,0.7965
RSK007963,CUS-007963,0.8104,0.384,0.564,0.6019,Medium,0.7094
RSK007964,CUS-007964,0.8595,0.432,0.1448,0.4167,Medium,0.7229
RSK007965,CUS-007965,0.6707,0.1788,0.2184,0.3462,Low,0.9714
RSK007966,CUS-007966,0.7021,0.4433,0.0716,0.3351,Low,0.8129
RSK007967,CUS-007967,0.8884,0.4718,0.2719,0.4968,Medium,0.8402
RSK007968,CUS-007968,0.1013,0.192,0.3447,0.2411,Low,0.7295
RSK007969,CUS-007969,0.7093,0.3019,0.4889,0.5176,Medium,0.9369
RSK007970,CUS-007970,0.801,0.4389,0.3227,0.4894,Medium,0.7184
RSK007971,CUS-007971,0.5797,0.4451,0.3199,0.4229,Medium,0.7035
RSK007972,CUS-007972,0.7999,0.2414,0.7037,0.6401,Medium,0.8077
RSK007973,CUS-007973,0.1311,0.4626,0.4699,0.3668,Low,0.7675
RSK007974,CUS-007974,0.5613,0.2489,0.176,0.3062,Low,0.9221
RSK007975,CUS-007975,0.4263,0.2234,0.8655,0.6053,Medium,0.7368
RSK007976,CUS-007976,0.6792,0.4724,0.0981,0.3473,Low,0.9784
RSK007977,CUS-007977,0.7136,0.3229,0.6425,0.5999,Medium,0.7436
RSK007978,CUS-007978,0.5631,0.1078,0.0108,0.1959,Low,0.8245
RSK007979,CUS-007979,0.4817,0.1768,0.2827,0.3212,Low,0.8016
RSK007980,CUS-007980,0.475,0.3744,0.3153,0.375,Low,0.9831
RSK007981,CUS-007981,0.8484,0.4466,0.0822,0.3849,Low,0.7786
RSK007982,CUS-007982,0.651,0.1948,0.7346,0.6016,Medium,0.907
RSK007983,CUS-007983,0.5454,0.3109,0.2817,0.3667,Low,0.8478
RSK007984,CUS-007984,0.3149,0.2723,0.2862,0.292,Low,0.7369
RSK007985,CUS-007985,0.7542,0.2839,0.27,0.418,Medium,0.9003
RSK007986,CUS-007986,0.1376,0.4862,0.6784,0.4777,Medium,0.8666
RSK007987,CUS-007987,0.4913,0.2737,0.7013,0.5528,Medium,0.9649
RSK007988,CUS-007988,0.1778,0.1368,0.2716,0.2165,Low,0.8927
RSK007989,CUS-007989,0.5558,0.2552,0.6655,0.5505,Medium,0.7247
RSK007990,CUS-007990,0.2293,0.4416,0.2823,0.2983,Low,0.9287
RSK007991,CUS-007991,0.6213,0.3099,0.3681,0.4324,Medium,0.9449
RSK007992,CUS-007992,0.1294,0.172,0.4301,0.2883,Low,0.9621
RSK007993,CUS-007993,0.6087,0.468,0.7836,0.668,Medium,0.9361
RSK007994,CUS-007994,0.7602,0.2842,0.1126,0.3412,Low,0.7128
RSK007995,CUS-007995,0.1812,0.4264,0.3246,0.3019,Low,0.7218
RSK007996,CUS-007996,0.1294,0.1263,0.4443,0.2862,Low,0.8307
RSK007997,CUS-007997,0.4311,0.1422,0.6142,0.4649,Medium,0.7458
RSK007998,CUS-007998,0.7957,0.1518,0.3512,0.4447,Medium,0.7047
RSK007999,CUS-007999,0.4887,0.1054,0.7898,0.5626,Medium,0.7166
RSK008000,CUS-008000,0.2014,0.1656,0.0932,0.1401,Low,0.961
