campaign_id,campaign_name,channel,target_segment,start_date,end_date,budget,leads_generated,conversion_rate,attributed_revenue
MKT-00001,Campaign 0001,Social,SMB,2025-03-14 00:00:00+00:00,2025-04-16 00:00:00+00:00,353787,4510,0.0299,1942996.12
MKT-00002,Campaign 0002,Content,Enterprise,2024-12-10 00:00:00+00:00,2025-01-25 00:00:00+00:00,278977,4960,0.0482,2089934.29
MKT-00003,Campaign 0003,Social,SMB,2023-12-09 00:00:00+00:00,2023-12-23 00:00:00+00:00,915221,8948,0.0734,3673297.84
MKT-00004,Campaign 0004,Events,Mid-Market,2025-06-27 00:00:00+00:00,2025-07-26 00:00:00+00:00,303133,4962,0.0454,2289439.68
MKT-00005,Campaign 0005,Search,SMB,2026-01-21 00:00:00+00:00,2026-03-20 00:00:00+00:00,618517,6991,0.0474,3565506.41
MKT-00006,Campaign 0006,Search,Mid-Market,2023-06-03 00:00:00+00:00,2023-06-29 00:00:00+00:00,830041,7378,0.072,2978024.23
MKT-00007,Campaign 0007,Email,Enterprise,2023-08-02 00:00:00+00:00,2023-10-21 00:00:00+00:00,130532,1387,0.0413,1104904.12
MKT-00008,Campaign 0008,Content,Mid-Market,2025-10-11 00:00:00+00:00,2025-12-17 00:00:00+00:00,891912,12767,0.0266,3782242.03
MKT-00009,Campaign 0009,Email,SMB,2023-06-14 00:00:00+00:00,2023-07-31 00:00:00+00:00,548424,6615,0.0476,1884044.39
MKT-00010,Campaign 0010,Events,Enterprise,2024-08-24 00:00:00+00:00,2024-11-03 00:00:00+00:00,66999,583,0.0681,413313.64
MKT-00011,Campaign 0011,Email,SMB,2025-03-17 00:00:00+00:00,2025-04-17 00:00:00+00:00,29268,317,0.056,118087.3
MKT-00012,Campaign 0012,Content,Mid-Market,2025-01-18 00:00:00+00:00,2025-03-10 00:00:00+00:00,822106,9738,0.0451,2855275.03
MKT-00013,Campaign 0013,Social,SMB,2023-11-17 00:00:00+00:00,2024-01-28 00:00:00+00:00,434824,6053,0.0111,3029139.92
MKT-00014,Campaign 0014,Email,SMB,2026-01-30 00:00:00+00:00,2026-03-20 00:00:00+00:00,763983,7420,0.0172,2906653.61
MKT-00015,Campaign 0015,Email,Enterprise,2023-04-19 00:00:00+00:00,2023-06-15 00:00:00+00:00,227478,4505,0.0473,1958042.34
MKT-00016,Campaign 0016,Events,Mid-Market,2024-08-20 00:00:00+00:00,2024-10-01 00:00:00+00:00,188616,1897,0.0364,1461140.78
MKT-00017,Campaign 0017,Events,Mid-Market,2025-05-05 00:00:00+00:00,2025-07-31 00:00:00+00:00,788089,9231,0.0405,6368149.67
MKT-00018,Campaign 0018,Content,SMB,2025-10-08 00:00:00+00:00,2026-01-03 00:00:00+00:00,445372,10331,0.0576,3093664.87
MKT-00019,Campaign 0019,Search,Enterprise,2023-01-23 00:00:00+00:00,2023-03-07 00:00:00+00:00,101383,919,0.0219,633986.92
MKT-00020,Campaign 0020,Search,SMB,2024-01-09 00:00:00+00:00,2024-02-13 00:00:00+00:00,455235,5240,0.032,3201816.52
MKT-00021,Campaign 0021,Email,Enterprise,2025-12-17 00:00:00+00:00,2026-01-23 00:00:00+00:00,276654,3070,0.0612,1793583.43
MKT-00022,Campaign 0022,Email,Mid-Market,2025-08-12 00:00:00+00:00,2025-09-11 00:00:00+00:00,204109,2345,0.0219,1576663.88
MKT-00023,Campaign 0023,Events,Mid-Market,2023-03-26 00:00:00+00:00,2023-05-19 00:00:00+00:00,623504,5316,0.0606,2642468.6
MKT-00024,Campaign 0024,Content,Mid-Market,2025-12-11 00:00:00+00:00,2026-03-08 00:00:00+00:00,362597,4306,0.0476,1429421.78
MKT-00025,Campaign 0025,Content,Enterprise,2025-03-27 00:00:00+00:00,2025-06-25 00:00:00+00:00,276757,2664,0.04,1936245.26
MKT-00026,Campaign 0026,Email,Mid-Market,2023-08-04 00:00:00+00:00,2023-09-30 00:00:00+00:00,163397,1960,0.0443,705608.66
MKT-00027,Campaign 0027,Events,Enterprise,2023-09-15 00:00:00+00:00,2023-11-14 00:00:00+00:00,769598,7192,0.0479,6685553.77
MKT-00028,Campaign 0028,Events,Mid-Market,2024-07-27 00:00:00+00:00,2024-08-20 00:00:00+00:00,523321,4949,0.0525,2113949.58
MKT-00029,Campaign 0029,Events,Mid-Market,2025-03-30 00:00:00+00:00,2025-05-13 00:00:00+00:00,844133,6793,0.0094,5828648.15
MKT-00030,Campaign 0030,Events,SMB,2025-10-26 00:00:00+00:00,2026-01-10 00:00:00+00:00,324165,3657,0.0623,2485486.43
MKT-00031,Campaign 0031,Content,Enterprise,2024-05-23 00:00:00+00:00,2024-07-15 00:00:00+00:00,23230,344,0.0459,111298.02
MKT-00032,Campaign 0032,Email,Mid-Market,2024-02-14 00:00:00+00:00,2024-04-16 00:00:00+00:00,434672,3731,0.0604,3023825.44
MKT-00033,Campaign 0033,Events,SMB,2025-04-02 00:00:00+00:00,2025-06-04 00:00:00+00:00,323258,3450,0.0492,2766670.28
MKT-00034,Campaign 0034,Email,Mid-Market,2025-03-11 00:00:00+00:00,2025-05-26 00:00:00+00:00,464854,5152,0.0769,3969952.65
MKT-00035,Campaign 0035,Email,Enterprise,2025-04-27 00:00:00+00:00,2025-06-19 00:00:00+00:00,455425,4470,0.0306,1834919.82
MKT-00036,Campaign 0036,Content,SMB,2023-04-27 00:00:00+00:00,2023-06-26 00:00:00+00:00,491825,6114,0.0679,1888120.98
MKT-00037,Campaign 0037,Search,Enterprise,2024-03-07 00:00:00+00:00,2024-03-27 00:00:00+00:00,734521,7412,0.0282,3603575.51
MKT-00038,Campaign 0038,Partner,Mid-Market,2023-12-12 00:00:00+00:00,2024-03-02 00:00:00+00:00,183972,1489,0.0507,649643.19
MKT-00039,Campaign 0039,Search,Mid-Market,2026-02-05 00:00:00+00:00,2026-03-31 00:00:00+00:00,899396,9040,0.059,3587191.61
MKT-00040,Campaign 0040,Content,Enterprise,2025-01-28 00:00:00+00:00,2025-04-09 00:00:00+00:00,29723,287,0.0423,159014.64
MKT-00041,Campaign 0041,Search,Mid-Market,2025-02-13 00:00:00+00:00,2025-04-14 00:00:00+00:00,495467,5054,0.0108,1620255.26
MKT-00042,Campaign 0042,Content,Mid-Market,2024-05-23 00:00:00+00:00,2024-07-29 00:00:00+00:00,534942,5786,0.0441,1921084.23
MKT-00043,Campaign 0043,Content,Mid-Market,2025-12-03 00:00:00+00:00,2026-01-20 00:00:00+00:00,724446,7833,0.0345,6233012.42
MKT-00044,Campaign 0044,Search,Mid-Market,2025-01-27 00:00:00+00:00,2025-04-17 00:00:00+00:00,292010,2359,0.0564,2110661.17
MKT-00045,Campaign 0045,Content,Enterprise,2024-12-16 00:00:00+00:00,2025-01-01 00:00:00+00:00,654318,6938,0.0278,3238266.99
MKT-00046,Campaign 0046,Content,Enterprise,2024-09-27 00:00:00+00:00,2024-11-01 00:00:00+00:00,76252,1945,0.0333,295370.44
MKT-00047,Campaign 0047,Social,Enterprise,2023-11-16 00:00:00+00:00,2023-12-16 00:00:00+00:00,413493,7643,0.0312,2432791.27
MKT-00048,Campaign 0048,Search,Enterprise,2025-12-04 00:00:00+00:00,2025-12-24 00:00:00+00:00,356797,5966,0.037,2335066.25
MKT-00049,Campaign 0049,Search,Mid-Market,2024-05-31 00:00:00+00:00,2024-07-19 00:00:00+00:00,885431,9208,0.0434,4190512.16
MKT-00050,Campaign 0050,Content,Enterprise,2023-05-19 00:00:00+00:00,2023-06-05 00:00:00+00:00,909741,18321,0.0511,5799293.25
MKT-00051,Campaign 0051,Content,SMB,2023-07-25 00:00:00+00:00,2023-09-05 00:00:00+00:00,815456,7067,0.0499,4677178.84
MKT-00052,Campaign 0052,Events,Enterprise,2024-12-18 00:00:00+00:00,2025-01-15 00:00:00+00:00,575466,11465,0.0215,3893915.93
MKT-00053,Campaign 0053,Content,SMB,2025-06-20 00:00:00+00:00,2025-08-11 00:00:00+00:00,55982,507,0.0281,310605.92
MKT-00054,Campaign 0054,Social,Mid-Market,2024-06-08 00:00:00+00:00,2024-07-28 00:00:00+00:00,670194,5704,0.0326,4030360.64
MKT-00055,Campaign 0055,Search,Mid-Market,2024-11-13 00:00:00+00:00,2025-01-18 00:00:00+00:00,198463,1596,0.0364,770907.48
MKT-00056,Campaign 0056,Events,Enterprise,2025-12-01 00:00:00+00:00,2025-12-15 00:00:00+00:00,779039,21372,0.0281,3425197.65
MKT-00057,Campaign 0057,Social,SMB,2023-06-23 00:00:00+00:00,2023-07-20 00:00:00+00:00,361192,4611,0.03,2101975.17
MKT-00058,Campaign 0058,Content,Enterprise,2025-09-11 00:00:00+00:00,2025-11-16 00:00:00+00:00,628409,5919,0.0628,3876051.31
MKT-00059,Campaign 0059,Content,Enterprise,2024-08-21 00:00:00+00:00,2024-09-15 00:00:00+00:00,522708,4433,0.0469,3936598.34
MKT-00060,Campaign 0060,Content,SMB,2023-12-31 00:00:00+00:00,2024-03-28 00:00:00+00:00,415217,5102,0.0243,1752855.6
MKT-00061,Campaign 0061,Events,Mid-Market,2023-06-22 00:00:00+00:00,2023-09-15 00:00:00+00:00,595680,10507,0.0484,4231089.63
MKT-00062,Campaign 0062,Social,Enterprise,2025-08-17 00:00:00+00:00,2025-10-02 00:00:00+00:00,800915,12068,0.0354,4608448.55
MKT-00063,Campaign 0063,Email,Enterprise,2024-10-13 00:00:00+00:00,2024-12-23 00:00:00+00:00,679167,9513,0.0716,2285463.09
MKT-00064,Campaign 0064,Partner,Enterprise,2024-10-23 00:00:00+00:00,2024-12-18 00:00:00+00:00,293256,2757,0.0319,1023195.95
MKT-00065,Campaign 0065,Partner,Enterprise,2025-01-22 00:00:00+00:00,2025-03-19 00:00:00+00:00,182563,1533,0.0341,1116247.53
MKT-00066,Campaign 0066,Social,Enterprise,2023-12-01 00:00:00+00:00,2024-02-27 00:00:00+00:00,247491,3242,0.0373,1727359.26
MKT-00067,Campaign 0067,Search,Enterprise,2023-05-07 00:00:00+00:00,2023-07-31 00:00:00+00:00,491402,4052,0.0243,3944402.98
MKT-00068,Campaign 0068,Search,Enterprise,2023-04-16 00:00:00+00:00,2023-05-09 00:00:00+00:00,252360,2593,0.0494,1136284.88
MKT-00069,Campaign 0069,Email,Mid-Market,2025-03-23 00:00:00+00:00,2025-04-30 00:00:00+00:00,736550,9614,0.0427,5727921.1
MKT-00070,Campaign 0070,Search,Mid-Market,2023-07-11 00:00:00+00:00,2023-08-24 00:00:00+00:00,332897,7455,0.0474,1393104.38
MKT-00071,Campaign 0071,Content,Mid-Market,2023-05-05 00:00:00+00:00,2023-06-16 00:00:00+00:00,197856,2458,0.0425,1354335.55
MKT-00072,Campaign 0072,Partner,Enterprise,2024-12-24 00:00:00+00:00,2025-03-24 00:00:00+00:00,719161,10233,0.0449,2985564.96
MKT-00073,Campaign 0073,Partner,Mid-Market,2024-04-27 00:00:00+00:00,2024-07-11 00:00:00+00:00,691995,14853,0.068,4640831.64
MKT-00074,Campaign 0074,Search,SMB,2024-07-26 00:00:00+00:00,2024-08-19 00:00:00+00:00,115341,1007,0.0508,545217.52
MKT-00075,Campaign 0075,Social,SMB,2023-05-10 00:00:00+00:00,2023-07-10 00:00:00+00:00,488110,10660,0.0133,2595940.06
MKT-00076,Campaign 0076,Partner,SMB,2023-06-03 00:00:00+00:00,2023-08-24 00:00:00+00:00,490092,4109,0.047,3342786.05
MKT-00077,Campaign 0077,Partner,Enterprise,2025-01-15 00:00:00+00:00,2025-02-16 00:00:00+00:00,360360,9679,0.0607,2223610.92
MKT-00078,Campaign 0078,Content,SMB,2025-10-24 00:00:00+00:00,2025-12-08 00:00:00+00:00,559523,10750,0.0049,2068810.57
MKT-00079,Campaign 0079,Email,Enterprise,2023-10-07 00:00:00+00:00,2023-12-08 00:00:00+00:00,486520,4903,0.0234,3239724.51
MKT-00080,Campaign 0080,Partner,Enterprise,2024-10-26 00:00:00+00:00,2024-12-19 00:00:00+00:00,857155,7091,0.0516,5443622.64
MKT-00081,Campaign 0081,Social,Mid-Market,2023-08-12 00:00:00+00:00,2023-10-23 00:00:00+00:00,137062,3391,0.0575,1007333.11
MKT-00082,Campaign 0082,Social,Enterprise,2026-01-15 00:00:00+00:00,2026-04-03 00:00:00+00:00,364404,6320,0.0448,2905033.17
MKT-00083,Campaign 0083,Partner,Mid-Market,2024-09-04 00:00:00+00:00,2024-10-07 00:00:00+00:00,381703,4301,0.049,1642178.71
MKT-00084,Campaign 0084,Content,SMB,2023-11-13 00:00:00+00:00,2024-02-11 00:00:00+00:00,448691,3743,0.0639,3129035.22
MKT-00085,Campaign 0085,Search,Mid-Market,2023-05-17 00:00:00+00:00,2023-06-29 00:00:00+00:00,674433,9195,0.0338,3491558.72
MKT-00086,Campaign 0086,Partner,Mid-Market,2023-07-31 00:00:00+00:00,2023-08-16 00:00:00+00:00,638747,7320,0.0269,2888200.76
MKT-00087,Campaign 0087,Partner,Enterprise,2025-07-26 00:00:00+00:00,2025-08-16 00:00:00+00:00,869409,12982,0.038,6253999.35
MKT-00088,Campaign 0088,Events,Mid-Market,2025-09-29 00:00:00+00:00,2025-11-09 00:00:00+00:00,167300,3610,0.0448,1016856.71
MKT-00089,Campaign 0089,Partner,Enterprise,2024-12-19 00:00:00+00:00,2025-02-02 00:00:00+00:00,249975,6759,0.047,2051364.89
MKT-00090,Campaign 0090,Content,Enterprise,2025-05-13 00:00:00+00:00,2025-06-18 00:00:00+00:00,385572,4036,0.0544,1753325.3
MKT-00091,Campaign 0091,Social,Mid-Market,2023-08-23 00:00:00+00:00,2023-10-08 00:00:00+00:00,677450,5943,0.0686,2826380.03
MKT-00092,Campaign 0092,Social,SMB,2023-09-01 00:00:00+00:00,2023-10-20 00:00:00+00:00,46625,936,0.045,280689.72
MKT-00093,Campaign 0093,Content,Enterprise,2023-05-27 00:00:00+00:00,2023-06-27 00:00:00+00:00,222178,2542,0.022,1691064.6
MKT-00094,Campaign 0094,Search,SMB,2024-02-09 00:00:00+00:00,2024-03-06 00:00:00+00:00,19637,193,0.0297,119723.6
MKT-00095,Campaign 0095,Partner,Mid-Market,2024-11-17 00:00:00+00:00,2024-12-04 00:00:00+00:00,73747,1191,0.0442,412325.91
MKT-00096,Campaign 0096,Social,Enterprise,2024-01-01 00:00:00+00:00,2024-02-08 00:00:00+00:00,400896,5766,0.0653,2730283.12
MKT-00097,Campaign 0097,Email,Mid-Market,2023-05-05 00:00:00+00:00,2023-07-06 00:00:00+00:00,253423,2144,0.0525,1565815.27
MKT-00098,Campaign 0098,Social,Mid-Market,2025-03-21 00:00:00+00:00,2025-05-22 00:00:00+00:00,754166,11560,0.0278,5106221.66
MKT-00099,Campaign 0099,Email,SMB,2023-03-28 00:00:00+00:00,2023-04-12 00:00:00+00:00,117740,1989,0.0316,876398.78
MKT-00100,Campaign 0100,Social,Enterprise,2023-09-05 00:00:00+00:00,2023-11-20 00:00:00+00:00,364325,8483,0.0373,3169313.93
MKT-00101,Campaign 0101,Events,Enterprise,2023-03-12 00:00:00+00:00,2023-05-27 00:00:00+00:00,83320,931,0.0432,380699.43
MKT-00102,Campaign 0102,Events,Mid-Market,2023-03-30 00:00:00+00:00,2023-06-26 00:00:00+00:00,516911,6702,0.0376,3396697.51
MKT-00103,Campaign 0103,Social,Enterprise,2023-03-03 00:00:00+00:00,2023-04-16 00:00:00+00:00,599621,4941,0.028,3938950.14
MKT-00104,Campaign 0104,Search,Mid-Market,2025-07-29 00:00:00+00:00,2025-09-01 00:00:00+00:00,443065,5015,0.03,1987239.48
MKT-00105,Campaign 0105,Social,Mid-Market,2023-08-05 00:00:00+00:00,2023-09-23 00:00:00+00:00,121692,2161,0.0408,1045058.38
MKT-00106,Campaign 0106,Events,Mid-Market,2023-01-14 00:00:00+00:00,2023-04-14 00:00:00+00:00,405731,10085,0.0454,3088163.08
MKT-00107,Campaign 0107,Search,SMB,2025-07-10 00:00:00+00:00,2025-09-01 00:00:00+00:00,785913,6777,0.0264,3498420.95
MKT-00108,Campaign 0108,Search,Enterprise,2024-11-30 00:00:00+00:00,2025-01-06 00:00:00+00:00,570200,5580,0.0471,4956829.9
MKT-00109,Campaign 0109,Events,Enterprise,2026-01-03 00:00:00+00:00,2026-02-05 00:00:00+00:00,543652,6121,0.071,2425537.45
MKT-00110,Campaign 0110,Email,Mid-Market,2023-12-21 00:00:00+00:00,2024-03-16 00:00:00+00:00,874545,11561,0.0453,4036308.16
MKT-00111,Campaign 0111,Search,Mid-Market,2026-01-05 00:00:00+00:00,2026-02-13 00:00:00+00:00,204522,5282,0.0464,669584.8
MKT-00112,Campaign 0112,Email,Mid-Market,2024-05-01 00:00:00+00:00,2024-07-12 00:00:00+00:00,514889,5920,0.0201,1972137.9
MKT-00113,Campaign 0113,Content,Mid-Market,2024-11-18 00:00:00+00:00,2025-01-08 00:00:00+00:00,297758,6434,0.0538,1084896.04
MKT-00114,Campaign 0114,Search,Enterprise,2023-03-19 00:00:00+00:00,2023-05-04 00:00:00+00:00,783528,7591,0.0327,6603853.84
MKT-00115,Campaign 0115,Partner,SMB,2023-05-22 00:00:00+00:00,2023-06-17 00:00:00+00:00,715268,6203,0.0591,5720550.24
MKT-00116,Campaign 0116,Content,Enterprise,2023-07-10 00:00:00+00:00,2023-10-07 00:00:00+00:00,320195,2708,0.0708,2245371.98
MKT-00117,Campaign 0117,Events,Mid-Market,2025-04-21 00:00:00+00:00,2025-05-28 00:00:00+00:00,780234,19440,0.0312,4188383.2
MKT-00118,Campaign 0118,Search,Mid-Market,2024-07-30 00:00:00+00:00,2024-08-15 00:00:00+00:00,269417,3648,0.0317,1996498.93
MKT-00119,Campaign 0119,Content,Enterprise,2025-04-13 00:00:00+00:00,2025-06-19 00:00:00+00:00,413348,4628,0.0505,2441110.65
MKT-00120,Campaign 0120,Social,Mid-Market,2024-03-16 00:00:00+00:00,2024-05-30 00:00:00+00:00,89522,1183,0.0217,768313.02
MKT-00121,Campaign 0121,Partner,Mid-Market,2024-02-13 00:00:00+00:00,2024-05-09 00:00:00+00:00,417010,4415,0.0436,1411208.82
MKT-00122,Campaign 0122,Email,Enterprise,2024-06-02 00:00:00+00:00,2024-08-07 00:00:00+00:00,544545,6742,0.0374,1765214.24
MKT-00123,Campaign 0123,Content,Mid-Market,2024-03-04 00:00:00+00:00,2024-03-30 00:00:00+00:00,605496,13532,0.0407,3227670.75
MKT-00124,Campaign 0124,Partner,Mid-Market,2023-01-07 00:00:00+00:00,2023-01-28 00:00:00+00:00,682547,13980,0.0097,5399601.85
MKT-00125,Campaign 0125,Email,Mid-Market,2023-12-16 00:00:00+00:00,2024-01-04 00:00:00+00:00,692498,7469,0.0501,4859210.48
MKT-00126,Campaign 0126,Events,Mid-Market,2025-12-03 00:00:00+00:00,2026-01-08 00:00:00+00:00,585074,5464,0.0813,2934199.25
MKT-00127,Campaign 0127,Search,SMB,2025-05-25 00:00:00+00:00,2025-08-01 00:00:00+00:00,374515,10276,0.0354,1406632.21
MKT-00128,Campaign 0128,Email,SMB,2024-08-20 00:00:00+00:00,2024-10-07 00:00:00+00:00,785021,11938,0.019,4987252.12
MKT-00129,Campaign 0129,Content,Mid-Market,2024-04-28 00:00:00+00:00,2024-05-30 00:00:00+00:00,301827,5487,0.0548,1914742.98
MKT-00130,Campaign 0130,Email,SMB,2024-05-15 00:00:00+00:00,2024-06-16 00:00:00+00:00,208229,1733,0.0281,702871.06
MKT-00131,Campaign 0131,Social,Enterprise,2025-03-09 00:00:00+00:00,2025-05-11 00:00:00+00:00,269338,4160,0.0425,2112843.46
MKT-00132,Campaign 0132,Content,Enterprise,2025-09-24 00:00:00+00:00,2025-12-19 00:00:00+00:00,617860,8187,0.0306,4595815.43
MKT-00133,Campaign 0133,Partner,Mid-Market,2024-07-01 00:00:00+00:00,2024-08-08 00:00:00+00:00,594803,5898,0.0191,3556527.93
MKT-00134,Campaign 0134,Email,Mid-Market,2023-03-13 00:00:00+00:00,2023-04-08 00:00:00+00:00,465189,10215,0.047,1938750.85
MKT-00135,Campaign 0135,Search,Mid-Market,2025-01-25 00:00:00+00:00,2025-02-23 00:00:00+00:00,833982,13739,0.031,5152089.25
MKT-00136,Campaign 0136,Social,Mid-Market,2024-05-28 00:00:00+00:00,2024-07-24 00:00:00+00:00,303044,2613,0.0164,2038921.97
MKT-00137,Campaign 0137,Email,Enterprise,2025-09-18 00:00:00+00:00,2025-12-05 00:00:00+00:00,126406,1358,0.0467,1049374.17
MKT-00138,Campaign 0138,Social,Enterprise,2024-10-24 00:00:00+00:00,2024-12-19 00:00:00+00:00,457576,5769,0.088,2067523.87
MKT-00139,Campaign 0139,Social,Enterprise,2023-01-18 00:00:00+00:00,2023-04-17 00:00:00+00:00,278286,2997,0.0583,2110333.15
MKT-00140,Campaign 0140,Content,Mid-Market,2023-11-16 00:00:00+00:00,2024-01-10 00:00:00+00:00,668802,7250,0.0414,4025783.89
MKT-00141,Campaign 0141,Partner,Mid-Market,2023-11-08 00:00:00+00:00,2023-12-17 00:00:00+00:00,483582,8465,0.0905,1692683.59
MKT-00142,Campaign 0142,Social,Mid-Market,2023-10-26 00:00:00+00:00,2023-11-19 00:00:00+00:00,821449,6821,0.0139,6313183.7
MKT-00143,Campaign 0143,Events,Mid-Market,2024-06-16 00:00:00+00:00,2024-07-04 00:00:00+00:00,696036,10616,0.0512,4482840.95
MKT-00144,Campaign 0144,Events,Enterprise,2023-07-05 00:00:00+00:00,2023-08-26 00:00:00+00:00,559635,7735,0.0713,1943343.27
MKT-00145,Campaign 0145,Content,Mid-Market,2025-06-12 00:00:00+00:00,2025-08-04 00:00:00+00:00,396542,8805,0.0257,2784364.89
MKT-00146,Campaign 0146,Partner,Mid-Market,2025-03-22 00:00:00+00:00,2025-06-15 00:00:00+00:00,615998,7493,0.0468,3895415.34
MKT-00147,Campaign 0147,Partner,Enterprise,2024-02-11 00:00:00+00:00,2024-02-27 00:00:00+00:00,340558,3808,0.0319,1856011.9
MKT-00148,Campaign 0148,Search,Mid-Market,2025-02-07 00:00:00+00:00,2025-03-09 00:00:00+00:00,860644,10720,0.0366,3192153.43
MKT-00149,Campaign 0149,Email,SMB,2025-10-02 00:00:00+00:00,2025-11-01 00:00:00+00:00,554480,5371,0.0486,4539948.15
MKT-00150,Campaign 0150,Search,Mid-Market,2024-04-15 00:00:00+00:00,2024-05-04 00:00:00+00:00,685768,10499,0.0138,5765432.58
MKT-00151,Campaign 0151,Partner,Enterprise,2024-06-20 00:00:00+00:00,2024-07-11 00:00:00+00:00,212446,2396,0.0259,1793762.3
MKT-00152,Campaign 0152,Content,Mid-Market,2023-04-26 00:00:00+00:00,2023-07-23 00:00:00+00:00,217394,3993,0.0426,1465175.0
MKT-00153,Campaign 0153,Partner,SMB,2024-09-29 00:00:00+00:00,2024-10-15 00:00:00+00:00,448966,3749,0.0139,1595599.83
MKT-00154,Campaign 0154,Partner,Enterprise,2023-08-02 00:00:00+00:00,2023-10-26 00:00:00+00:00,709621,6959,0.0361,4803523.31
MKT-00155,Campaign 0155,Search,SMB,2023-02-02 00:00:00+00:00,2023-04-12 00:00:00+00:00,840335,14664,0.0177,6614500.62
MKT-00156,Campaign 0156,Content,Enterprise,2024-04-09 00:00:00+00:00,2024-06-05 00:00:00+00:00,133773,3097,0.0186,1172459.2
MKT-00157,Campaign 0157,Partner,Enterprise,2025-03-18 00:00:00+00:00,2025-04-12 00:00:00+00:00,105637,2110,0.0567,670362.26
MKT-00158,Campaign 0158,Events,Mid-Market,2023-10-13 00:00:00+00:00,2024-01-04 00:00:00+00:00,138998,2867,0.0436,721929.44
MKT-00159,Campaign 0159,Email,Mid-Market,2023-06-17 00:00:00+00:00,2023-09-02 00:00:00+00:00,106491,1079,0.0385,609537.89
MKT-00160,Campaign 0160,Social,Mid-Market,2025-04-27 00:00:00+00:00,2025-07-25 00:00:00+00:00,875716,24439,0.035,5620231.4
MKT-00161,Campaign 0161,Content,Mid-Market,2023-07-28 00:00:00+00:00,2023-08-31 00:00:00+00:00,153079,2612,0.047,1197593.4
MKT-00162,Campaign 0162,Events,SMB,2023-04-02 00:00:00+00:00,2023-04-29 00:00:00+00:00,119092,1673,0.0344,1011097.09
MKT-00163,Campaign 0163,Content,SMB,2023-01-13 00:00:00+00:00,2023-03-06 00:00:00+00:00,303562,8085,0.0299,1352838.77
MKT-00164,Campaign 0164,Partner,SMB,2024-03-25 00:00:00+00:00,2024-04-25 00:00:00+00:00,765297,13271,0.0587,3518291.79
MKT-00165,Campaign 0165,Content,Mid-Market,2024-04-04 00:00:00+00:00,2024-04-26 00:00:00+00:00,842474,7997,0.0321,6640673.93
MKT-00166,Campaign 0166,Events,Mid-Market,2025-10-17 00:00:00+00:00,2025-12-11 00:00:00+00:00,627614,5618,0.0635,3627121.64
MKT-00167,Campaign 0167,Email,Mid-Market,2025-04-19 00:00:00+00:00,2025-05-08 00:00:00+00:00,553047,7192,0.0331,2621581.49
MKT-00168,Campaign 0168,Email,SMB,2024-01-24 00:00:00+00:00,2024-04-01 00:00:00+00:00,699083,7045,0.054,2709037.46
MKT-00169,Campaign 0169,Search,SMB,2024-01-23 00:00:00+00:00,2024-02-18 00:00:00+00:00,100203,902,0.0461,423819.35
MKT-00170,Campaign 0170,Events,Enterprise,2025-05-25 00:00:00+00:00,2025-08-10 00:00:00+00:00,524030,12381,0.051,2652978.43
MKT-00171,Campaign 0171,Email,Mid-Market,2023-07-07 00:00:00+00:00,2023-09-17 00:00:00+00:00,70517,653,0.0466,237160.05
MKT-00172,Campaign 0172,Social,Enterprise,2023-12-12 00:00:00+00:00,2024-02-02 00:00:00+00:00,701857,6355,0.0534,6063896.5
MKT-00173,Campaign 0173,Partner,Mid-Market,2025-03-27 00:00:00+00:00,2025-06-08 00:00:00+00:00,464487,4672,0.0653,2908503.68
MKT-00174,Campaign 0174,Email,Mid-Market,2025-01-12 00:00:00+00:00,2025-01-27 00:00:00+00:00,879095,12242,0.0279,6866456.22
MKT-00175,Campaign 0175,Search,SMB,2025-11-27 00:00:00+00:00,2026-02-26 00:00:00+00:00,559910,6878,0.0658,3171831.85
MKT-00176,Campaign 0176,Email,Enterprise,2024-10-03 00:00:00+00:00,2024-10-22 00:00:00+00:00,687325,14057,0.0372,5886004.64
MKT-00177,Campaign 0177,Social,Enterprise,2023-10-16 00:00:00+00:00,2023-12-28 00:00:00+00:00,74802,729,0.013,416814.27
MKT-00178,Campaign 0178,Partner,Enterprise,2024-08-23 00:00:00+00:00,2024-11-10 00:00:00+00:00,306528,3075,0.0529,1664490.7
MKT-00179,Campaign 0179,Social,SMB,2023-12-21 00:00:00+00:00,2024-02-18 00:00:00+00:00,431637,4740,0.0553,3139125.8
MKT-00180,Campaign 0180,Events,Enterprise,2023-06-19 00:00:00+00:00,2023-08-15 00:00:00+00:00,824515,7502,0.05,5235659.12
MKT-00181,Campaign 0181,Content,Enterprise,2024-09-09 00:00:00+00:00,2024-10-17 00:00:00+00:00,629870,14840,0.0366,3096145.81
MKT-00182,Campaign 0182,Email,Enterprise,2023-02-28 00:00:00+00:00,2023-03-18 00:00:00+00:00,449707,5456,0.027,1441601.61
MKT-00183,Campaign 0183,Partner,Mid-Market,2023-09-06 00:00:00+00:00,2023-11-08 00:00:00+00:00,604114,9504,0.0335,2351091.74
MKT-00184,Campaign 0184,Content,Enterprise,2023-06-03 00:00:00+00:00,2023-08-10 00:00:00+00:00,161526,1823,0.0447,752216.94
MKT-00185,Campaign 0185,Search,Mid-Market,2025-08-16 00:00:00+00:00,2025-10-02 00:00:00+00:00,636649,17707,0.0376,2419834.88
MKT-00186,Campaign 0186,Social,Enterprise,2025-05-17 00:00:00+00:00,2025-07-19 00:00:00+00:00,834483,13748,0.0253,5086946.91
MKT-00187,Campaign 0187,Events,Mid-Market,2025-10-30 00:00:00+00:00,2025-12-09 00:00:00+00:00,320239,7481,0.0378,1631373.76
MKT-00188,Campaign 0188,Partner,Enterprise,2026-02-21 00:00:00+00:00,2026-04-09 00:00:00+00:00,390980,5259,0.0287,2782627.48
MKT-00189,Campaign 0189,Search,Enterprise,2025-10-13 00:00:00+00:00,2025-11-20 00:00:00+00:00,879648,7449,0.0313,5152557.64
MKT-00190,Campaign 0190,Search,SMB,2023-10-26 00:00:00+00:00,2024-01-14 00:00:00+00:00,242373,6196,0.0536,1061730.44
MKT-00191,Campaign 0191,Events,Enterprise,2023-04-26 00:00:00+00:00,2023-07-05 00:00:00+00:00,628254,5333,0.023,3555210.34
MKT-00192,Campaign 0192,Email,Enterprise,2023-11-01 00:00:00+00:00,2023-12-07 00:00:00+00:00,595117,6079,0.0473,4332682.68
MKT-00193,Campaign 0193,Search,Mid-Market,2025-11-05 00:00:00+00:00,2026-01-02 00:00:00+00:00,206708,1806,0.0333,1263646.86
MKT-00194,Campaign 0194,Social,Enterprise,2024-03-17 00:00:00+00:00,2024-05-29 00:00:00+00:00,915921,8614,0.0463,5112450.32
MKT-00195,Campaign 0195,Content,Enterprise,2025-04-03 00:00:00+00:00,2025-04-24 00:00:00+00:00,876252,11935,0.0272,4566391.51
MKT-00196,Campaign 0196,Email,Enterprise,2024-02-19 00:00:00+00:00,2024-03-29 00:00:00+00:00,778950,10357,0.0385,5515553.88
MKT-00197,Campaign 0197,Email,Mid-Market,2024-10-27 00:00:00+00:00,2024-12-18 00:00:00+00:00,610274,16728,0.0282,4395062.47
MKT-00198,Campaign 0198,Email,Mid-Market,2025-01-03 00:00:00+00:00,2025-03-01 00:00:00+00:00,244362,3046,0.0466,1643048.25
MKT-00199,Campaign 0199,Events,SMB,2025-10-31 00:00:00+00:00,2025-12-01 00:00:00+00:00,31269,389,0.0127,199802.22
MKT-00200,Campaign 0200,Email,Enterprise,2024-05-29 00:00:00+00:00,2024-08-28 00:00:00+00:00,660887,6398,0.0404,3442623.37
MKT-00201,Campaign 0201,Social,SMB,2025-12-17 00:00:00+00:00,2026-01-15 00:00:00+00:00,648542,7519,0.0208,4785952.75
MKT-00202,Campaign 0202,Search,Enterprise,2024-12-19 00:00:00+00:00,2025-02-18 00:00:00+00:00,247545,4084,0.0314,2008507.66
MKT-00203,Campaign 0203,Content,Enterprise,2024-05-03 00:00:00+00:00,2024-06-04 00:00:00+00:00,130117,2347,0.0365,508237.61
MKT-00204,Campaign 0204,Social,Enterprise,2023-04-22 00:00:00+00:00,2023-06-18 00:00:00+00:00,480112,4590,0.0533,4011212.12
MKT-00205,Campaign 0205,Content,SMB,2026-02-22 00:00:00+00:00,2026-05-08 00:00:00+00:00,916152,11369,0.0148,4124241.33
MKT-00206,Campaign 0206,Social,Enterprise,2025-05-03 00:00:00+00:00,2025-06-30 00:00:00+00:00,144761,3287,0.0119,572234.11
MKT-00207,Campaign 0207,Partner,Enterprise,2026-01-24 00:00:00+00:00,2026-03-09 00:00:00+00:00,298950,2796,0.0598,2073138.06
MKT-00208,Campaign 0208,Email,Mid-Market,2025-06-05 00:00:00+00:00,2025-08-12 00:00:00+00:00,278400,3942,0.0363,1574016.2
MKT-00209,Campaign 0209,Social,Enterprise,2024-02-02 00:00:00+00:00,2024-04-05 00:00:00+00:00,173718,2893,0.0139,1509124.69
MKT-00210,Campaign 0210,Email,Mid-Market,2025-12-28 00:00:00+00:00,2026-03-14 00:00:00+00:00,911410,20145,0.0351,5031743.31
MKT-00211,Campaign 0211,Partner,Mid-Market,2023-07-21 00:00:00+00:00,2023-09-18 00:00:00+00:00,790227,15068,0.0341,5423468.77
MKT-00212,Campaign 0212,Social,Enterprise,2025-01-22 00:00:00+00:00,2025-04-07 00:00:00+00:00,428511,10793,0.0325,1728157.12
MKT-00213,Campaign 0213,Content,SMB,2024-04-16 00:00:00+00:00,2024-06-14 00:00:00+00:00,351801,3521,0.0454,1952136.0
MKT-00214,Campaign 0214,Events,Enterprise,2024-10-24 00:00:00+00:00,2025-01-05 00:00:00+00:00,687252,7594,0.0146,4821749.77
MKT-00215,Campaign 0215,Social,Enterprise,2023-01-21 00:00:00+00:00,2023-02-11 00:00:00+00:00,904584,7433,0.0424,3507160.76
MKT-00216,Campaign 0216,Email,Mid-Market,2024-10-30 00:00:00+00:00,2024-12-09 00:00:00+00:00,413384,8273,0.0342,2653713.03
MKT-00217,Campaign 0217,Partner,SMB,2024-07-22 00:00:00+00:00,2024-08-14 00:00:00+00:00,801980,12809,0.0406,6855258.9
MKT-00218,Campaign 0218,Social,Mid-Market,2023-04-16 00:00:00+00:00,2023-05-18 00:00:00+00:00,19589,211,0.0559,95359.25
MKT-00219,Campaign 0219,Partner,SMB,2023-12-18 00:00:00+00:00,2024-01-23 00:00:00+00:00,584303,6874,0.0577,3839756.53
MKT-00220,Campaign 0220,Search,Enterprise,2024-01-14 00:00:00+00:00,2024-02-28 00:00:00+00:00,608146,7238,0.067,4086525.56
MKT-00221,Campaign 0221,Partner,Enterprise,2023-07-23 00:00:00+00:00,2023-09-03 00:00:00+00:00,399961,9222,0.011,3151471.63
MKT-00222,Campaign 0222,Search,Mid-Market,2025-10-21 00:00:00+00:00,2025-12-14 00:00:00+00:00,396063,10743,0.0473,1604902.35
MKT-00223,Campaign 0223,Partner,SMB,2025-05-20 00:00:00+00:00,2025-07-22 00:00:00+00:00,149500,1495,0.0539,1076982.4
MKT-00224,Campaign 0224,Search,Enterprise,2025-10-13 00:00:00+00:00,2025-12-29 00:00:00+00:00,253810,2571,0.0321,1598676.5
MKT-00225,Campaign 0225,Partner,Mid-Market,2023-05-10 00:00:00+00:00,2023-07-15 00:00:00+00:00,612535,16304,0.0411,3828422.3
MKT-00226,Campaign 0226,Search,SMB,2026-01-02 00:00:00+00:00,2026-02-25 00:00:00+00:00,194501,1771,0.0628,1316048.39
MKT-00227,Campaign 0227,Events,Enterprise,2024-08-04 00:00:00+00:00,2024-08-21 00:00:00+00:00,277289,2666,0.0382,2118546.18
MKT-00228,Campaign 0228,Search,Enterprise,2025-02-11 00:00:00+00:00,2025-03-25 00:00:00+00:00,456426,8368,0.0622,3296966.5
MKT-00229,Campaign 0229,Search,Mid-Market,2026-01-22 00:00:00+00:00,2026-03-16 00:00:00+00:00,113249,1317,0.0406,397078.04
MKT-00230,Campaign 0230,Email,Mid-Market,2023-09-14 00:00:00+00:00,2023-11-08 00:00:00+00:00,827626,14109,0.0487,4869645.77
MKT-00231,Campaign 0231,Content,Mid-Market,2025-09-15 00:00:00+00:00,2025-12-07 00:00:00+00:00,836735,7601,0.0562,5821801.53
MKT-00232,Campaign 0232,Events,SMB,2025-08-13 00:00:00+00:00,2025-09-01 00:00:00+00:00,325663,6424,0.024,1057334.08
MKT-00233,Campaign 0233,Social,Enterprise,2024-01-03 00:00:00+00:00,2024-03-28 00:00:00+00:00,274131,2498,0.0483,1338449.88
MKT-00234,Campaign 0234,Email,Mid-Market,2024-10-27 00:00:00+00:00,2024-12-21 00:00:00+00:00,527998,5602,0.0337,2025722.54
MKT-00235,Campaign 0235,Search,SMB,2025-02-22 00:00:00+00:00,2025-04-08 00:00:00+00:00,816941,15803,0.0609,4062604.11
MKT-00236,Campaign 0236,Content,Mid-Market,2023-04-21 00:00:00+00:00,2023-06-14 00:00:00+00:00,64305,569,0.0366,479182.82
MKT-00237,Campaign 0237,Partner,Mid-Market,2023-02-20 00:00:00+00:00,2023-05-04 00:00:00+00:00,51056,465,0.0364,387822.85
MKT-00238,Campaign 0238,Content,Mid-Market,2023-03-09 00:00:00+00:00,2023-05-08 00:00:00+00:00,669530,7262,0.0282,4652997.17
MKT-00239,Campaign 0239,Social,Enterprise,2025-06-09 00:00:00+00:00,2025-07-28 00:00:00+00:00,647586,8103,0.0409,2562774.55
MKT-00240,Campaign 0240,Social,Mid-Market,2024-12-18 00:00:00+00:00,2025-03-09 00:00:00+00:00,724112,7904,0.0505,5253735.53
MKT-00241,Campaign 0241,Search,Enterprise,2024-01-30 00:00:00+00:00,2024-02-28 00:00:00+00:00,558177,5857,0.0429,4058518.45
MKT-00242,Campaign 0242,Content,SMB,2025-01-27 00:00:00+00:00,2025-03-26 00:00:00+00:00,358463,8101,0.0773,1234855.77
MKT-00243,Campaign 0243,Events,Enterprise,2025-01-03 00:00:00+00:00,2025-03-08 00:00:00+00:00,56684,797,0.0347,356829.76
MKT-00244,Campaign 0244,Events,Enterprise,2023-12-22 00:00:00+00:00,2024-02-17 00:00:00+00:00,414371,3475,0.028,2492508.31
MKT-00245,Campaign 0245,Events,Mid-Market,2024-07-29 00:00:00+00:00,2024-09-19 00:00:00+00:00,114774,1097,0.0399,783598.06
MKT-00246,Campaign 0246,Partner,Mid-Market,2025-12-12 00:00:00+00:00,2026-02-17 00:00:00+00:00,80532,1920,0.0475,568439.76
MKT-00247,Campaign 0247,Content,Mid-Market,2025-10-24 00:00:00+00:00,2025-12-31 00:00:00+00:00,533447,4755,0.0216,1904485.89
MKT-00248,Campaign 0248,Partner,Mid-Market,2023-07-23 00:00:00+00:00,2023-10-20 00:00:00+00:00,848332,20874,0.0629,3896847.31
MKT-00249,Campaign 0249,Social,SMB,2023-10-22 00:00:00+00:00,2024-01-11 00:00:00+00:00,695782,7202,0.0379,5442099.58
MKT-00250,Campaign 0250,Email,Mid-Market,2023-06-27 00:00:00+00:00,2023-09-05 00:00:00+00:00,514962,7883,0.0691,3144748.5
MKT-00251,Campaign 0251,Content,Mid-Market,2025-12-15 00:00:00+00:00,2025-12-30 00:00:00+00:00,197472,3323,0.0633,1532639.64
MKT-00252,Campaign 0252,Email,Enterprise,2024-02-29 00:00:00+00:00,2024-03-29 00:00:00+00:00,143997,1840,0.0526,666991.61
MKT-00253,Campaign 0253,Partner,SMB,2024-08-19 00:00:00+00:00,2024-11-16 00:00:00+00:00,105516,2505,0.0417,892197.63
MKT-00254,Campaign 0254,Partner,Enterprise,2024-07-27 00:00:00+00:00,2024-09-12 00:00:00+00:00,689110,5647,0.0258,3991664.15
MKT-00255,Campaign 0255,Content,Mid-Market,2023-02-21 00:00:00+00:00,2023-03-08 00:00:00+00:00,765028,6319,0.0319,4532645.82
MKT-00256,Campaign 0256,Partner,SMB,2024-06-19 00:00:00+00:00,2024-07-13 00:00:00+00:00,720274,14310,0.0248,3489624.58
MKT-00257,Campaign 0257,Events,SMB,2023-04-06 00:00:00+00:00,2023-04-23 00:00:00+00:00,26718,220,0.0241,204231.84
MKT-00258,Campaign 0258,Email,Mid-Market,2025-03-06 00:00:00+00:00,2025-03-22 00:00:00+00:00,199592,1647,0.0466,1417582.51
MKT-00259,Campaign 0259,Search,Mid-Market,2024-02-10 00:00:00+00:00,2024-05-05 00:00:00+00:00,446870,9716,0.0472,3592777.05
MKT-00260,Campaign 0260,Social,Enterprise,2023-08-17 00:00:00+00:00,2023-11-02 00:00:00+00:00,427034,11789,0.0171,2380120.73
MKT-00261,Campaign 0261,Email,Mid-Market,2023-08-07 00:00:00+00:00,2023-08-27 00:00:00+00:00,138927,1799,0.0342,1079608.86
MKT-00262,Campaign 0262,Partner,Mid-Market,2024-08-19 00:00:00+00:00,2024-09-29 00:00:00+00:00,417901,6390,0.029,2367971.77
MKT-00263,Campaign 0263,Content,Mid-Market,2023-07-14 00:00:00+00:00,2023-10-09 00:00:00+00:00,547320,6983,0.0653,2682454.37
MKT-00264,Campaign 0264,Partner,Enterprise,2024-07-31 00:00:00+00:00,2024-09-03 00:00:00+00:00,354157,4353,0.0085,3089604.6
MKT-00265,Campaign 0265,Social,Mid-Market,2023-02-23 00:00:00+00:00,2023-05-10 00:00:00+00:00,501971,4881,0.0727,2373205.69
MKT-00266,Campaign 0266,Partner,Enterprise,2025-11-06 00:00:00+00:00,2025-12-27 00:00:00+00:00,798041,8688,0.0513,3442061.06
MKT-00267,Campaign 0267,Content,Mid-Market,2023-06-27 00:00:00+00:00,2023-08-24 00:00:00+00:00,162970,2012,0.004,1056152.18
MKT-00268,Campaign 0268,Email,Enterprise,2025-07-14 00:00:00+00:00,2025-08-12 00:00:00+00:00,655801,8178,0.0317,4911778.94
MKT-00269,Campaign 0269,Social,Mid-Market,2026-02-09 00:00:00+00:00,2026-03-17 00:00:00+00:00,707175,5914,0.0491,2812180.22
MKT-00270,Campaign 0270,Social,Enterprise,2025-10-08 00:00:00+00:00,2025-10-25 00:00:00+00:00,815044,13215,0.0311,6266556.88
MKT-00271,Campaign 0271,Search,Mid-Market,2025-08-26 00:00:00+00:00,2025-09-16 00:00:00+00:00,249554,4787,0.0376,2155164.52
MKT-00272,Campaign 0272,Events,SMB,2025-10-03 00:00:00+00:00,2025-12-08 00:00:00+00:00,495999,7841,0.0784,3011732.34
MKT-00273,Campaign 0273,Content,Mid-Market,2024-08-09 00:00:00+00:00,2024-11-07 00:00:00+00:00,411931,3890,0.0352,3546255.99
MKT-00274,Campaign 0274,Social,Mid-Market,2023-04-26 00:00:00+00:00,2023-05-27 00:00:00+00:00,748057,12101,0.0247,2969500.14
MKT-00275,Campaign 0275,Search,SMB,2025-05-12 00:00:00+00:00,2025-07-25 00:00:00+00:00,176275,1883,0.0567,1128159.59
MKT-00276,Campaign 0276,Social,SMB,2024-08-03 00:00:00+00:00,2024-08-19 00:00:00+00:00,231606,3350,0.0196,1887836.98
MKT-00277,Campaign 0277,Search,Enterprise,2023-09-23 00:00:00+00:00,2023-11-09 00:00:00+00:00,275638,3890,0.0532,1587121.17
MKT-00278,Campaign 0278,Partner,Mid-Market,2025-09-28 00:00:00+00:00,2025-12-08 00:00:00+00:00,270168,2651,0.0513,2114373.62
MKT-00279,Campaign 0279,Search,Mid-Market,2024-05-05 00:00:00+00:00,2024-06-14 00:00:00+00:00,777399,15007,0.0712,5338153.02
MKT-00280,Campaign 0280,Social,Enterprise,2025-08-06 00:00:00+00:00,2025-11-01 00:00:00+00:00,463254,5115,0.0486,2157602.83
MKT-00281,Campaign 0281,Partner,Mid-Market,2023-12-25 00:00:00+00:00,2024-01-13 00:00:00+00:00,640132,7415,0.0383,5275958.81
MKT-00282,Campaign 0282,Partner,Mid-Market,2025-11-18 00:00:00+00:00,2025-12-11 00:00:00+00:00,461026,4286,0.0415,2433268.52
MKT-00283,Campaign 0283,Search,SMB,2025-12-04 00:00:00+00:00,2026-01-25 00:00:00+00:00,706953,6031,0.0762,2443356.42
MKT-00284,Campaign 0284,Email,SMB,2023-02-18 00:00:00+00:00,2023-04-09 00:00:00+00:00,57218,1195,0.043,257214.47
MKT-00285,Campaign 0285,Social,Enterprise,2026-02-02 00:00:00+00:00,2026-02-18 00:00:00+00:00,225972,3886,0.0386,1734494.84
MKT-00286,Campaign 0286,Social,Mid-Market,2024-04-27 00:00:00+00:00,2024-05-27 00:00:00+00:00,546271,11429,0.041,3946316.33
MKT-00287,Campaign 0287,Social,SMB,2023-03-15 00:00:00+00:00,2023-05-22 00:00:00+00:00,257954,2065,0.0496,1790703.7
MKT-00288,Campaign 0288,Email,Mid-Market,2023-05-14 00:00:00+00:00,2023-05-31 00:00:00+00:00,32064,357,0.036,118481.6
MKT-00289,Campaign 0289,Partner,SMB,2024-02-08 00:00:00+00:00,2024-03-29 00:00:00+00:00,704546,5897,0.0255,5288181.74
MKT-00290,Campaign 0290,Email,Mid-Market,2023-05-21 00:00:00+00:00,2023-07-04 00:00:00+00:00,192088,1578,0.0313,1271517.88
MKT-00291,Campaign 0291,Social,Mid-Market,2025-06-28 00:00:00+00:00,2025-07-15 00:00:00+00:00,794579,6827,0.0278,3121887.79
MKT-00292,Campaign 0292,Social,Mid-Market,2024-10-04 00:00:00+00:00,2024-12-19 00:00:00+00:00,301323,5108,0.0395,1710148.16
MKT-00293,Campaign 0293,Content,SMB,2023-10-19 00:00:00+00:00,2023-11-12 00:00:00+00:00,490013,6079,0.0322,2438847.35
MKT-00294,Campaign 0294,Social,Enterprise,2026-02-07 00:00:00+00:00,2026-03-17 00:00:00+00:00,773666,13811,0.0391,5564827.66
MKT-00295,Campaign 0295,Partner,Mid-Market,2024-06-21 00:00:00+00:00,2024-07-26 00:00:00+00:00,323596,4388,0.0396,1792926.77
MKT-00296,Campaign 0296,Social,SMB,2025-05-19 00:00:00+00:00,2025-06-09 00:00:00+00:00,194742,2655,0.0462,1366745.03
MKT-00297,Campaign 0297,Partner,Enterprise,2024-03-01 00:00:00+00:00,2024-05-06 00:00:00+00:00,392863,3350,0.0266,3275760.53
MKT-00298,Campaign 0298,Partner,Mid-Market,2024-09-10 00:00:00+00:00,2024-11-10 00:00:00+00:00,370443,3797,0.0692,2072855.65
MKT-00299,Campaign 0299,Social,SMB,2024-08-17 00:00:00+00:00,2024-09-18 00:00:00+00:00,560302,5506,0.0619,4542229.79
MKT-00300,Campaign 0300,Partner,Mid-Market,2025-08-19 00:00:00+00:00,2025-11-06 00:00:00+00:00,601029,5915,0.0506,3104855.82
MKT-00301,Campaign 0301,Social,Mid-Market,2025-06-10 00:00:00+00:00,2025-06-30 00:00:00+00:00,886398,10527,0.0538,4402006.49
MKT-00302,Campaign 0302,Email,Enterprise,2024-12-26 00:00:00+00:00,2025-02-04 00:00:00+00:00,152968,2315,0.0238,623100.45
MKT-00303,Campaign 0303,Email,SMB,2023-06-25 00:00:00+00:00,2023-07-14 00:00:00+00:00,194035,1756,0.0327,1411962.14
MKT-00304,Campaign 0304,Social,Mid-Market,2023-04-09 00:00:00+00:00,2023-05-27 00:00:00+00:00,84729,1279,0.0344,624302.32
MKT-00305,Campaign 0305,Events,SMB,2023-03-23 00:00:00+00:00,2023-04-18 00:00:00+00:00,92919,1134,0.0193,365626.57
MKT-00306,Campaign 0306,Events,SMB,2024-12-21 00:00:00+00:00,2025-01-17 00:00:00+00:00,24332,500,0.036,204342.21
MKT-00307,Campaign 0307,Content,SMB,2025-09-28 00:00:00+00:00,2025-12-27 00:00:00+00:00,339735,3847,0.0784,1805799.88
MKT-00308,Campaign 0308,Events,Enterprise,2023-03-31 00:00:00+00:00,2023-06-30 00:00:00+00:00,886305,11464,0.0437,6064557.08
MKT-00309,Campaign 0309,Email,Mid-Market,2024-11-24 00:00:00+00:00,2024-12-12 00:00:00+00:00,58917,516,0.0665,472834.68
MKT-00310,Campaign 0310,Events,Enterprise,2024-03-04 00:00:00+00:00,2024-06-01 00:00:00+00:00,53664,862,0.0654,323203.5
MKT-00311,Campaign 0311,Email,Mid-Market,2025-11-21 00:00:00+00:00,2025-12-31 00:00:00+00:00,318459,5106,0.0269,2590058.89
MKT-00312,Campaign 0312,Partner,SMB,2024-02-27 00:00:00+00:00,2024-05-13 00:00:00+00:00,606595,13135,0.0426,4521999.85
MKT-00313,Campaign 0313,Events,Mid-Market,2025-04-22 00:00:00+00:00,2025-05-13 00:00:00+00:00,615866,7856,0.0357,3263399.02
MKT-00314,Campaign 0314,Email,Mid-Market,2026-02-08 00:00:00+00:00,2026-02-27 00:00:00+00:00,21811,209,0.0569,124455.9
MKT-00315,Campaign 0315,Events,Enterprise,2024-02-07 00:00:00+00:00,2024-04-02 00:00:00+00:00,38424,412,0.0495,260999.1
MKT-00316,Campaign 0316,Events,Mid-Market,2023-05-27 00:00:00+00:00,2023-07-03 00:00:00+00:00,763634,17760,0.0687,6198911.39
MKT-00317,Campaign 0317,Email,SMB,2025-12-24 00:00:00+00:00,2026-02-03 00:00:00+00:00,749091,12077,0.0453,6540437.46
MKT-00318,Campaign 0318,Events,Mid-Market,2025-09-01 00:00:00+00:00,2025-09-30 00:00:00+00:00,622046,9680,0.0552,2544908.92
MKT-00319,Campaign 0319,Email,SMB,2023-09-13 00:00:00+00:00,2023-10-24 00:00:00+00:00,150657,1691,0.0317,1006458.83
MKT-00320,Campaign 0320,Social,Mid-Market,2023-12-16 00:00:00+00:00,2024-01-08 00:00:00+00:00,901780,8510,0.0185,7465887.85
MKT-00321,Campaign 0321,Partner,Mid-Market,2024-09-21 00:00:00+00:00,2024-11-01 00:00:00+00:00,684187,5499,0.0527,3240837.4
MKT-00322,Campaign 0322,Search,Enterprise,2024-07-06 00:00:00+00:00,2024-08-21 00:00:00+00:00,862398,14882,0.0444,5179383.63
MKT-00323,Campaign 0323,Social,Enterprise,2024-07-21 00:00:00+00:00,2024-08-16 00:00:00+00:00,572903,10930,0.0509,4084366.51
MKT-00324,Campaign 0324,Social,SMB,2025-10-16 00:00:00+00:00,2025-12-01 00:00:00+00:00,888626,12162,0.0646,5186351.97
MKT-00325,Campaign 0325,Social,Mid-Market,2025-08-17 00:00:00+00:00,2025-10-25 00:00:00+00:00,120442,1256,0.0474,500777.89
MKT-00326,Campaign 0326,Email,Enterprise,2024-04-28 00:00:00+00:00,2024-07-25 00:00:00+00:00,87203,875,0.0553,371886.44
MKT-00327,Campaign 0327,Social,Mid-Market,2025-04-02 00:00:00+00:00,2025-04-29 00:00:00+00:00,882763,8047,0.0583,5760251.03
MKT-00328,Campaign 0328,Social,Mid-Market,2025-02-17 00:00:00+00:00,2025-04-28 00:00:00+00:00,546012,8653,0.0396,4770395.52
MKT-00329,Campaign 0329,Content,SMB,2024-07-25 00:00:00+00:00,2024-09-25 00:00:00+00:00,568969,5140,0.0324,2177075.7
MKT-00330,Campaign 0330,Content,Enterprise,2025-10-13 00:00:00+00:00,2025-11-02 00:00:00+00:00,691420,7254,0.0737,4113111.27
MKT-00331,Campaign 0331,Email,Enterprise,2025-04-08 00:00:00+00:00,2025-05-05 00:00:00+00:00,858028,23360,0.0482,3166205.57
MKT-00332,Campaign 0332,Email,Enterprise,2023-08-17 00:00:00+00:00,2023-09-04 00:00:00+00:00,129550,1057,0.0466,964594.09
MKT-00333,Campaign 0333,Events,Enterprise,2024-02-05 00:00:00+00:00,2024-03-10 00:00:00+00:00,257409,4455,0.0263,1991213.64
MKT-00334,Campaign 0334,Search,Enterprise,2024-01-15 00:00:00+00:00,2024-04-12 00:00:00+00:00,206867,4948,0.046,1474937.38
MKT-00335,Campaign 0335,Social,SMB,2025-11-30 00:00:00+00:00,2026-01-12 00:00:00+00:00,258989,3458,0.0472,1789558.89
MKT-00336,Campaign 0336,Content,SMB,2024-11-29 00:00:00+00:00,2025-02-13 00:00:00+00:00,386167,4646,0.027,3015069.85
MKT-00337,Campaign 0337,Search,Mid-Market,2023-01-03 00:00:00+00:00,2023-03-03 00:00:00+00:00,531815,6898,0.0538,3841416.04
MKT-00338,Campaign 0338,Content,SMB,2024-03-05 00:00:00+00:00,2024-03-22 00:00:00+00:00,784135,7531,0.0379,5189269.78
MKT-00339,Campaign 0339,Content,Mid-Market,2025-02-16 00:00:00+00:00,2025-03-13 00:00:00+00:00,229725,5046,0.0066,1656412.23
MKT-00340,Campaign 0340,Social,Mid-Market,2024-05-23 00:00:00+00:00,2024-08-11 00:00:00+00:00,754132,6977,0.0336,2870627.04
MKT-00341,Campaign 0341,Events,SMB,2025-01-25 00:00:00+00:00,2025-03-21 00:00:00+00:00,536467,6820,0.0575,2758095.85
MKT-00342,Campaign 0342,Partner,SMB,2025-04-01 00:00:00+00:00,2025-05-23 00:00:00+00:00,754323,17980,0.0276,5204236.07
MKT-00343,Campaign 0343,Social,Enterprise,2023-04-11 00:00:00+00:00,2023-05-27 00:00:00+00:00,743179,6053,0.0807,5698449.54
MKT-00344,Campaign 0344,Partner,SMB,2025-09-25 00:00:00+00:00,2025-12-06 00:00:00+00:00,266132,2304,0.0496,1164474.89
MKT-00345,Campaign 0345,Content,Enterprise,2025-03-01 00:00:00+00:00,2025-03-30 00:00:00+00:00,720790,11329,0.0778,3640691.42
MKT-00346,Campaign 0346,Email,Enterprise,2024-03-09 00:00:00+00:00,2024-05-07 00:00:00+00:00,708591,8807,0.0244,4034315.64
MKT-00347,Campaign 0347,Content,Enterprise,2024-06-22 00:00:00+00:00,2024-08-17 00:00:00+00:00,524920,9221,0.0226,4362002.28
MKT-00348,Campaign 0348,Events,Mid-Market,2023-11-03 00:00:00+00:00,2024-01-09 00:00:00+00:00,103360,1281,0.0382,543946.34
MKT-00349,Campaign 0349,Search,Enterprise,2024-11-19 00:00:00+00:00,2025-02-18 00:00:00+00:00,877351,15286,0.0217,3495031.79
MKT-00350,Campaign 0350,Content,SMB,2025-04-21 00:00:00+00:00,2025-05-30 00:00:00+00:00,873474,12784,0.0347,7056504.28
MKT-00351,Campaign 0351,Email,Mid-Market,2024-09-07 00:00:00+00:00,2024-12-02 00:00:00+00:00,327574,5497,0.0674,1777106.04
MKT-00352,Campaign 0352,Email,Mid-Market,2024-11-17 00:00:00+00:00,2025-01-10 00:00:00+00:00,465584,6180,0.0371,3739232.1
MKT-00353,Campaign 0353,Social,SMB,2025-06-05 00:00:00+00:00,2025-07-06 00:00:00+00:00,401991,9782,0.0165,1475264.11
MKT-00354,Campaign 0354,Email,Mid-Market,2025-05-04 00:00:00+00:00,2025-06-02 00:00:00+00:00,664689,7996,0.0468,5648022.26
MKT-00355,Campaign 0355,Email,SMB,2025-06-13 00:00:00+00:00,2025-08-29 00:00:00+00:00,305074,5568,0.0632,2607598.73
MKT-00356,Campaign 0356,Partner,Enterprise,2025-12-17 00:00:00+00:00,2026-01-30 00:00:00+00:00,896286,17854,0.0121,4303685.56
MKT-00357,Campaign 0357,Events,Enterprise,2025-03-13 00:00:00+00:00,2025-05-13 00:00:00+00:00,98540,1482,0.0204,335377.38
MKT-00358,Campaign 0358,Content,Enterprise,2023-09-21 00:00:00+00:00,2023-10-12 00:00:00+00:00,392209,3902,0.0429,2136262.07
MKT-00359,Campaign 0359,Social,SMB,2023-10-19 00:00:00+00:00,2024-01-03 00:00:00+00:00,430819,6427,0.0228,1935444.89
MKT-00360,Campaign 0360,Content,Mid-Market,2025-05-22 00:00:00+00:00,2025-07-26 00:00:00+00:00,291799,2836,0.0393,2197076.78
MKT-00361,Campaign 0361,Partner,Enterprise,2023-05-04 00:00:00+00:00,2023-06-02 00:00:00+00:00,442883,3597,0.065,1526056.78
MKT-00362,Campaign 0362,Events,Mid-Market,2023-11-09 00:00:00+00:00,2023-11-27 00:00:00+00:00,302526,2522,0.036,1164441.86
MKT-00363,Campaign 0363,Events,Enterprise,2025-08-13 00:00:00+00:00,2025-10-07 00:00:00+00:00,338624,6169,0.0493,2334166.07
MKT-00364,Campaign 0364,Events,Mid-Market,2023-10-10 00:00:00+00:00,2023-11-16 00:00:00+00:00,101562,855,0.0505,788765.61
MKT-00365,Campaign 0365,Search,Mid-Market,2025-05-03 00:00:00+00:00,2025-07-01 00:00:00+00:00,381280,3382,0.0293,1292483.12
MKT-00366,Campaign 0366,Events,Enterprise,2025-04-08 00:00:00+00:00,2025-04-29 00:00:00+00:00,628308,16735,0.0251,2904438.68
MKT-00367,Campaign 0367,Social,SMB,2024-03-30 00:00:00+00:00,2024-06-08 00:00:00+00:00,846247,6912,0.0579,5597435.56
MKT-00368,Campaign 0368,Search,Mid-Market,2023-11-26 00:00:00+00:00,2024-01-30 00:00:00+00:00,916451,7562,0.0428,4374553.91
MKT-00369,Campaign 0369,Email,Mid-Market,2024-01-28 00:00:00+00:00,2024-04-25 00:00:00+00:00,728257,7155,0.0453,4984102.2
MKT-00370,Campaign 0370,Content,Mid-Market,2023-01-15 00:00:00+00:00,2023-03-06 00:00:00+00:00,805464,9018,0.0414,5371254.08
MKT-00371,Campaign 0371,Search,Mid-Market,2024-10-30 00:00:00+00:00,2024-12-18 00:00:00+00:00,331252,2669,0.04,1998473.48
MKT-00372,Campaign 0372,Search,Enterprise,2024-04-30 00:00:00+00:00,2024-06-11 00:00:00+00:00,890130,16928,0.0451,6752833.4
MKT-00373,Campaign 0373,Email,Mid-Market,2023-06-28 00:00:00+00:00,2023-08-29 00:00:00+00:00,798788,7626,0.0241,2873277.12
MKT-00374,Campaign 0374,Search,SMB,2024-02-21 00:00:00+00:00,2024-04-11 00:00:00+00:00,208183,1788,0.0482,791462.41
MKT-00375,Campaign 0375,Search,SMB,2023-05-20 00:00:00+00:00,2023-08-04 00:00:00+00:00,669895,8374,0.026,2631101.66
MKT-00376,Campaign 0376,Search,Enterprise,2023-01-28 00:00:00+00:00,2023-02-23 00:00:00+00:00,80647,1304,0.0792,699348.24
MKT-00377,Campaign 0377,Partner,Enterprise,2025-01-21 00:00:00+00:00,2025-02-14 00:00:00+00:00,311198,4147,0.0518,1476117.57
MKT-00378,Campaign 0378,Partner,Enterprise,2024-02-06 00:00:00+00:00,2024-04-29 00:00:00+00:00,266932,2179,0.0465,1442777.97
MKT-00379,Campaign 0379,Social,SMB,2023-08-13 00:00:00+00:00,2023-11-11 00:00:00+00:00,728847,7157,0.025,3434125.09
MKT-00380,Campaign 0380,Social,SMB,2024-02-20 00:00:00+00:00,2024-04-01 00:00:00+00:00,567580,6738,0.0597,4160090.32
MKT-00381,Campaign 0381,Partner,Mid-Market,2025-07-17 00:00:00+00:00,2025-09-19 00:00:00+00:00,291218,6482,0.0344,1364168.29
MKT-00382,Campaign 0382,Email,Mid-Market,2024-09-03 00:00:00+00:00,2024-11-08 00:00:00+00:00,678442,6976,0.0517,4326867.09
MKT-00383,Campaign 0383,Email,Enterprise,2025-04-07 00:00:00+00:00,2025-06-01 00:00:00+00:00,108714,1848,0.0313,414871.99
MKT-00384,Campaign 0384,Social,Mid-Market,2024-07-20 00:00:00+00:00,2024-10-15 00:00:00+00:00,723816,5837,0.0114,5613618.25
MKT-00385,Campaign 0385,Email,Enterprise,2025-09-13 00:00:00+00:00,2025-12-06 00:00:00+00:00,798907,9798,0.0667,6827751.21
MKT-00386,Campaign 0386,Content,Enterprise,2023-07-08 00:00:00+00:00,2023-07-31 00:00:00+00:00,60039,664,0.0513,311579.77
MKT-00387,Campaign 0387,Social,Mid-Market,2026-01-31 00:00:00+00:00,2026-03-22 00:00:00+00:00,690547,5527,0.0357,2588995.78
MKT-00388,Campaign 0388,Content,SMB,2025-03-12 00:00:00+00:00,2025-05-17 00:00:00+00:00,565521,5503,0.0735,2916047.0
MKT-00389,Campaign 0389,Social,Enterprise,2023-12-20 00:00:00+00:00,2024-03-08 00:00:00+00:00,226661,2877,0.0417,933202.99
MKT-00390,Campaign 0390,Email,Enterprise,2025-11-16 00:00:00+00:00,2025-11-30 00:00:00+00:00,257086,3039,0.0614,2104133.15
MKT-00391,Campaign 0391,Events,Mid-Market,2024-09-19 00:00:00+00:00,2024-11-05 00:00:00+00:00,213548,1834,0.0159,1836743.08
MKT-00392,Campaign 0392,Partner,Enterprise,2025-07-02 00:00:00+00:00,2025-09-27 00:00:00+00:00,254857,2136,0.0368,1237771.06
MKT-00393,Campaign 0393,Partner,Enterprise,2024-03-25 00:00:00+00:00,2024-05-14 00:00:00+00:00,315337,4013,0.0373,2350041.05
MKT-00394,Campaign 0394,Social,Mid-Market,2023-07-02 00:00:00+00:00,2023-08-11 00:00:00+00:00,724881,10936,0.0262,5419136.87
MKT-00395,Campaign 0395,Partner,Enterprise,2024-06-12 00:00:00+00:00,2024-07-01 00:00:00+00:00,274806,2608,0.0278,2076230.54
MKT-00396,Campaign 0396,Events,Enterprise,2024-09-27 00:00:00+00:00,2024-11-02 00:00:00+00:00,824630,16715,0.0444,3062235.43
MKT-00397,Campaign 0397,Search,SMB,2023-04-18 00:00:00+00:00,2023-06-18 00:00:00+00:00,509659,7200,0.0392,4053692.32
MKT-00398,Campaign 0398,Search,Mid-Market,2023-08-05 00:00:00+00:00,2023-09-11 00:00:00+00:00,557301,15090,0.0389,3159070.4
MKT-00399,Campaign 0399,Email,Mid-Market,2023-09-23 00:00:00+00:00,2023-10-22 00:00:00+00:00,830189,7515,0.0338,6477452.36
MKT-00400,Campaign 0400,Content,Enterprise,2024-04-03 00:00:00+00:00,2024-07-03 00:00:00+00:00,34976,888,0.0583,177404.71
MKT-00401,Campaign 0401,Partner,Mid-Market,2023-08-17 00:00:00+00:00,2023-09-03 00:00:00+00:00,395423,4698,0.0221,3296659.6
MKT-00402,Campaign 0402,Email,Enterprise,2025-10-05 00:00:00+00:00,2025-11-11 00:00:00+00:00,313505,2518,0.0429,1393231.56
MKT-00403,Campaign 0403,Email,SMB,2025-03-06 00:00:00+00:00,2025-05-03 00:00:00+00:00,740436,11498,0.0348,3121867.88
MKT-00404,Campaign 0404,Partner,Mid-Market,2023-05-15 00:00:00+00:00,2023-08-08 00:00:00+00:00,865909,8070,0.0335,2829744.16
MKT-00405,Campaign 0405,Search,Mid-Market,2024-01-10 00:00:00+00:00,2024-03-21 00:00:00+00:00,882938,18729,0.0071,4247401.57
MKT-00406,Campaign 0406,Events,Enterprise,2025-12-18 00:00:00+00:00,2026-03-12 00:00:00+00:00,578337,12398,0.0414,3225098.7
MKT-00407,Campaign 0407,Events,Mid-Market,2025-08-06 00:00:00+00:00,2025-09-23 00:00:00+00:00,268441,4847,0.0322,2012023.53
MKT-00408,Campaign 0408,Partner,Enterprise,2024-01-23 00:00:00+00:00,2024-04-12 00:00:00+00:00,770478,7187,0.0464,2741786.84
MKT-00409,Campaign 0409,Content,Mid-Market,2023-11-04 00:00:00+00:00,2023-12-12 00:00:00+00:00,537252,5878,0.0912,2397524.12
MKT-00410,Campaign 0410,Email,Enterprise,2024-12-12 00:00:00+00:00,2025-01-07 00:00:00+00:00,448930,4087,0.0448,2944767.46
MKT-00411,Campaign 0411,Content,Enterprise,2025-04-20 00:00:00+00:00,2025-07-12 00:00:00+00:00,425411,7007,0.0494,3188588.92
MKT-00412,Campaign 0412,Events,Enterprise,2024-07-21 00:00:00+00:00,2024-09-24 00:00:00+00:00,420964,8298,0.0295,2973878.85
MKT-00413,Campaign 0413,Email,Mid-Market,2024-08-25 00:00:00+00:00,2024-09-13 00:00:00+00:00,801438,9511,0.0448,6010028.72
MKT-00414,Campaign 0414,Events,Enterprise,2024-09-28 00:00:00+00:00,2024-11-10 00:00:00+00:00,517679,13575,0.0402,3908463.96
MKT-00415,Campaign 0415,Search,SMB,2024-12-01 00:00:00+00:00,2024-12-29 00:00:00+00:00,814550,10328,0.0288,3365839.94
MKT-00416,Campaign 0416,Social,Mid-Market,2024-12-22 00:00:00+00:00,2025-02-10 00:00:00+00:00,778826,6421,0.0274,3733849.05
MKT-00417,Campaign 0417,Social,Mid-Market,2024-01-18 00:00:00+00:00,2024-03-24 00:00:00+00:00,266968,2858,0.0496,2197331.96
MKT-00418,Campaign 0418,Social,Mid-Market,2023-04-13 00:00:00+00:00,2023-05-09 00:00:00+00:00,872457,10831,0.0312,6350890.57
MKT-00419,Campaign 0419,Partner,Mid-Market,2025-01-07 00:00:00+00:00,2025-04-02 00:00:00+00:00,321656,6108,0.0269,2760434.88
MKT-00420,Campaign 0420,Partner,Enterprise,2023-08-19 00:00:00+00:00,2023-11-17 00:00:00+00:00,500019,6549,0.0631,4312763.75
MKT-00421,Campaign 0421,Partner,Mid-Market,2024-12-23 00:00:00+00:00,2025-02-26 00:00:00+00:00,859596,10170,0.0665,2766302.16
MKT-00422,Campaign 0422,Social,Enterprise,2025-05-16 00:00:00+00:00,2025-06-19 00:00:00+00:00,881586,10999,0.0271,5750207.08
MKT-00423,Campaign 0423,Search,Mid-Market,2025-05-26 00:00:00+00:00,2025-06-26 00:00:00+00:00,148980,1771,0.0589,1142700.72
MKT-00424,Campaign 0424,Events,Mid-Market,2025-05-12 00:00:00+00:00,2025-07-31 00:00:00+00:00,724890,5942,0.0158,4956227.79
MKT-00425,Campaign 0425,Email,Enterprise,2024-08-05 00:00:00+00:00,2024-09-21 00:00:00+00:00,488939,9329,0.0268,1751337.48
MKT-00426,Campaign 0426,Content,Mid-Market,2024-09-30 00:00:00+00:00,2024-10-18 00:00:00+00:00,718153,10137,0.0226,5039145.39
MKT-00427,Campaign 0427,Social,SMB,2025-05-29 00:00:00+00:00,2025-07-13 00:00:00+00:00,801880,16579,0.034,4683059.38
MKT-00428,Campaign 0428,Social,Enterprise,2025-12-23 00:00:00+00:00,2026-03-08 00:00:00+00:00,870078,12075,0.042,5578489.27
MKT-00429,Campaign 0429,Email,Mid-Market,2026-01-27 00:00:00+00:00,2026-03-31 00:00:00+00:00,111769,2561,0.0219,854764.46
MKT-00430,Campaign 0430,Content,SMB,2023-02-20 00:00:00+00:00,2023-05-07 00:00:00+00:00,144641,2161,0.035,599685.13
MKT-00431,Campaign 0431,Content,SMB,2024-01-06 00:00:00+00:00,2024-03-12 00:00:00+00:00,618754,8860,0.0268,3219238.53
MKT-00432,Campaign 0432,Events,Enterprise,2025-11-03 00:00:00+00:00,2025-12-07 00:00:00+00:00,62035,617,0.0457,216143.34
MKT-00433,Campaign 0433,Social,Enterprise,2025-01-07 00:00:00+00:00,2025-03-06 00:00:00+00:00,572516,4882,0.0439,3665632.19
MKT-00434,Campaign 0434,Events,Enterprise,2024-05-13 00:00:00+00:00,2024-07-10 00:00:00+00:00,125759,1561,0.0642,464473.04
MKT-00435,Campaign 0435,Search,Mid-Market,2024-11-28 00:00:00+00:00,2025-02-26 00:00:00+00:00,659321,6287,0.014,3040698.45
MKT-00436,Campaign 0436,Social,SMB,2025-11-15 00:00:00+00:00,2025-12-22 00:00:00+00:00,528882,7392,0.0601,3917204.4
MKT-00437,Campaign 0437,Email,Enterprise,2025-06-09 00:00:00+00:00,2025-07-18 00:00:00+00:00,850850,14077,0.0602,3261594.94
MKT-00438,Campaign 0438,Content,Mid-Market,2024-06-20 00:00:00+00:00,2024-07-20 00:00:00+00:00,792815,16345,0.0333,4074052.56
MKT-00439,Campaign 0439,Search,Mid-Market,2025-04-13 00:00:00+00:00,2025-05-26 00:00:00+00:00,305562,4335,0.036,2263799.07
MKT-00440,Campaign 0440,Partner,Enterprise,2025-06-04 00:00:00+00:00,2025-08-05 00:00:00+00:00,64792,627,0.0472,486861.91
MKT-00441,Campaign 0441,Social,Enterprise,2025-03-11 00:00:00+00:00,2025-04-27 00:00:00+00:00,534864,6006,0.0581,3954920.39
MKT-00442,Campaign 0442,Partner,Enterprise,2026-02-05 00:00:00+00:00,2026-04-16 00:00:00+00:00,477225,8733,0.0091,3125378.11
MKT-00443,Campaign 0443,Email,Mid-Market,2024-05-20 00:00:00+00:00,2024-06-07 00:00:00+00:00,395050,3861,0.0346,2805514.38
MKT-00444,Campaign 0444,Content,Enterprise,2025-10-02 00:00:00+00:00,2025-12-10 00:00:00+00:00,583065,13566,0.0489,4037382.86
MKT-00445,Campaign 0445,Search,Mid-Market,2023-07-25 00:00:00+00:00,2023-10-17 00:00:00+00:00,647060,13194,0.0431,4050293.81
MKT-00446,Campaign 0446,Search,SMB,2023-04-13 00:00:00+00:00,2023-07-01 00:00:00+00:00,567577,11056,0.0424,3047801.39
MKT-00447,Campaign 0447,Events,Enterprise,2023-07-17 00:00:00+00:00,2023-09-04 00:00:00+00:00,877487,9091,0.0159,3351882.41
MKT-00448,Campaign 0448,Search,Enterprise,2025-06-21 00:00:00+00:00,2025-08-29 00:00:00+00:00,280319,4629,0.034,2202787.54
MKT-00449,Campaign 0449,Content,Mid-Market,2023-08-22 00:00:00+00:00,2023-11-04 00:00:00+00:00,480486,4200,0.0357,2879075.04
MKT-00450,Campaign 0450,Search,SMB,2024-06-16 00:00:00+00:00,2024-07-29 00:00:00+00:00,235999,5453,0.0277,1790156.07
MKT-00451,Campaign 0451,Social,Mid-Market,2024-02-29 00:00:00+00:00,2024-04-12 00:00:00+00:00,626617,5252,0.0597,3652698.0
MKT-00452,Campaign 0452,Content,SMB,2023-11-29 00:00:00+00:00,2024-02-27 00:00:00+00:00,38399,1083,0.036,260349.74
MKT-00453,Campaign 0453,Email,Enterprise,2023-08-06 00:00:00+00:00,2023-10-23 00:00:00+00:00,574202,4884,0.0283,4993409.38
MKT-00454,Campaign 0454,Content,Enterprise,2025-03-29 00:00:00+00:00,2025-06-25 00:00:00+00:00,161767,3459,0.0733,603817.76
MKT-00455,Campaign 0455,Partner,SMB,2025-03-03 00:00:00+00:00,2025-05-23 00:00:00+00:00,22300,600,0.0491,107512.1
MKT-00456,Campaign 0456,Email,SMB,2024-05-14 00:00:00+00:00,2024-07-02 00:00:00+00:00,29669,501,0.0446,137727.78
MKT-00457,Campaign 0457,Content,Mid-Market,2025-02-22 00:00:00+00:00,2025-04-08 00:00:00+00:00,609186,9331,0.0399,5000735.73
MKT-00458,Campaign 0458,Events,SMB,2024-11-07 00:00:00+00:00,2025-02-04 00:00:00+00:00,458249,4528,0.0312,1783777.47
MKT-00459,Campaign 0459,Events,Enterprise,2023-06-09 00:00:00+00:00,2023-07-31 00:00:00+00:00,539115,4653,0.0286,4258353.56
MKT-00460,Campaign 0460,Content,Enterprise,2025-06-18 00:00:00+00:00,2025-09-16 00:00:00+00:00,615946,8834,0.0232,2331380.17
MKT-00461,Campaign 0461,Search,Mid-Market,2024-02-22 00:00:00+00:00,2024-04-24 00:00:00+00:00,176207,3058,0.0366,1532965.39
MKT-00462,Campaign 0462,Email,Mid-Market,2025-08-03 00:00:00+00:00,2025-10-13 00:00:00+00:00,569043,9449,0.0177,2281963.33
MKT-00463,Campaign 0463,Email,Enterprise,2023-02-05 00:00:00+00:00,2023-04-15 00:00:00+00:00,439785,3863,0.0564,1498974.67
MKT-00464,Campaign 0464,Social,Mid-Market,2024-06-21 00:00:00+00:00,2024-09-05 00:00:00+00:00,665717,16701,0.0312,5541573.45
MKT-00465,Campaign 0465,Social,Mid-Market,2025-12-17 00:00:00+00:00,2026-01-11 00:00:00+00:00,468267,6319,0.0557,3934135.28
MKT-00466,Campaign 0466,Content,Mid-Market,2024-05-21 00:00:00+00:00,2024-06-12 00:00:00+00:00,92454,1685,0.0286,532904.5
MKT-00467,Campaign 0467,Search,Enterprise,2025-08-03 00:00:00+00:00,2025-09-08 00:00:00+00:00,152929,2278,0.0482,1019351.53
MKT-00468,Campaign 0468,Social,SMB,2024-04-20 00:00:00+00:00,2024-05-25 00:00:00+00:00,528794,9040,0.0195,2267230.22
MKT-00469,Campaign 0469,Events,SMB,2025-03-13 00:00:00+00:00,2025-05-04 00:00:00+00:00,31915,303,0.0318,272983.59
MKT-00470,Campaign 0470,Events,SMB,2025-02-17 00:00:00+00:00,2025-03-12 00:00:00+00:00,201769,3496,0.0337,1594110.18
MKT-00471,Campaign 0471,Content,Mid-Market,2023-10-11 00:00:00+00:00,2023-12-05 00:00:00+00:00,848932,7314,0.046,6933760.51
MKT-00472,Campaign 0472,Events,SMB,2025-12-25 00:00:00+00:00,2026-01-19 00:00:00+00:00,600229,6088,0.0219,4761547.98
MKT-00473,Campaign 0473,Content,SMB,2023-12-11 00:00:00+00:00,2024-02-19 00:00:00+00:00,766469,12495,0.0652,4831413.61
MKT-00474,Campaign 0474,Email,Mid-Market,2023-11-05 00:00:00+00:00,2024-01-18 00:00:00+00:00,746584,18259,0.0416,3777482.75
MKT-00475,Campaign 0475,Content,Mid-Market,2023-07-22 00:00:00+00:00,2023-10-19 00:00:00+00:00,741434,14684,0.0409,6496715.65
MKT-00476,Campaign 0476,Email,Mid-Market,2023-11-25 00:00:00+00:00,2023-12-24 00:00:00+00:00,593262,7246,0.0187,3221579.99
MKT-00477,Campaign 0477,Search,Enterprise,2026-02-11 00:00:00+00:00,2026-03-03 00:00:00+00:00,513071,4692,0.0469,4433973.14
MKT-00478,Campaign 0478,Partner,Enterprise,2025-01-15 00:00:00+00:00,2025-02-27 00:00:00+00:00,374490,5385,0.0595,1687447.24
MKT-00479,Campaign 0479,Social,SMB,2024-12-06 00:00:00+00:00,2025-02-14 00:00:00+00:00,628013,8840,0.0271,4117430.0
MKT-00480,Campaign 0480,Partner,Mid-Market,2024-05-30 00:00:00+00:00,2024-07-17 00:00:00+00:00,366585,3123,0.0323,2303351.9
MKT-00481,Campaign 0481,Content,Enterprise,2023-10-01 00:00:00+00:00,2023-10-31 00:00:00+00:00,597292,8136,0.0378,2801034.76
MKT-00482,Campaign 0482,Partner,SMB,2023-02-24 00:00:00+00:00,2023-03-15 00:00:00+00:00,521921,10372,0.0368,2429178.75
MKT-00483,Campaign 0483,Social,SMB,2025-05-09 00:00:00+00:00,2025-06-04 00:00:00+00:00,301906,5869,0.0267,2287667.32
MKT-00484,Campaign 0484,Social,Mid-Market,2023-03-25 00:00:00+00:00,2023-06-14 00:00:00+00:00,822858,7379,0.0483,4161851.46
MKT-00485,Campaign 0485,Search,SMB,2023-07-27 00:00:00+00:00,2023-10-12 00:00:00+00:00,864693,11058,0.0607,6002991.62
MKT-00486,Campaign 0486,Social,SMB,2024-11-26 00:00:00+00:00,2025-02-13 00:00:00+00:00,610103,5781,0.0408,3751804.74
MKT-00487,Campaign 0487,Events,Enterprise,2024-07-17 00:00:00+00:00,2024-09-08 00:00:00+00:00,360260,4163,0.0275,1531912.77
MKT-00488,Campaign 0488,Social,Mid-Market,2024-03-10 00:00:00+00:00,2024-03-25 00:00:00+00:00,106540,1976,0.0241,508765.21
MKT-00489,Campaign 0489,Content,Enterprise,2025-01-29 00:00:00+00:00,2025-04-05 00:00:00+00:00,680142,11850,0.0807,3402948.19
MKT-00490,Campaign 0490,Events,SMB,2024-12-18 00:00:00+00:00,2025-02-16 00:00:00+00:00,725899,15339,0.0349,3423467.71
MKT-00491,Campaign 0491,Events,Enterprise,2023-12-10 00:00:00+00:00,2024-02-11 00:00:00+00:00,556522,12623,0.05,2097683.46
MKT-00492,Campaign 0492,Search,Mid-Market,2025-05-15 00:00:00+00:00,2025-07-14 00:00:00+00:00,65814,731,0.0153,213766.95
MKT-00493,Campaign 0493,Content,SMB,2026-01-20 00:00:00+00:00,2026-02-22 00:00:00+00:00,791469,7456,0.0299,6077670.08
MKT-00494,Campaign 0494,Content,Enterprise,2024-01-28 00:00:00+00:00,2024-03-30 00:00:00+00:00,354708,3669,0.0592,1660114.44
MKT-00495,Campaign 0495,Events,SMB,2025-07-08 00:00:00+00:00,2025-10-04 00:00:00+00:00,84010,722,0.0279,691728.74
MKT-00496,Campaign 0496,Partner,Enterprise,2024-10-30 00:00:00+00:00,2024-12-03 00:00:00+00:00,358578,3075,0.0288,1200915.46
MKT-00497,Campaign 0497,Events,Enterprise,2024-09-02 00:00:00+00:00,2024-10-05 00:00:00+00:00,475423,3957,0.0477,3609022.84
MKT-00498,Campaign 0498,Content,Enterprise,2024-04-30 00:00:00+00:00,2024-05-27 00:00:00+00:00,580805,5571,0.0314,2830624.11
MKT-00499,Campaign 0499,Email,SMB,2025-01-01 00:00:00+00:00,2025-03-05 00:00:00+00:00,894599,11465,0.0507,6224676.36
MKT-00500,Campaign 0500,Social,Mid-Market,2025-11-27 00:00:00+00:00,2025-12-17 00:00:00+00:00,772153,11645,0.0314,5472010.32
MKT-00501,Campaign 0501,Events,Mid-Market,2023-07-10 00:00:00+00:00,2023-09-08 00:00:00+00:00,210809,5008,0.0403,931795.93
MKT-00502,Campaign 0502,Events,SMB,2026-01-14 00:00:00+00:00,2026-03-25 00:00:00+00:00,267193,2240,0.0524,1157027.72
MKT-00503,Campaign 0503,Partner,Mid-Market,2023-08-25 00:00:00+00:00,2023-10-01 00:00:00+00:00,904459,14902,0.0346,7201631.05
MKT-00504,Campaign 0504,Content,SMB,2025-02-16 00:00:00+00:00,2025-04-09 00:00:00+00:00,590501,12085,0.0219,2640032.89
MKT-00505,Campaign 0505,Search,Enterprise,2024-11-14 00:00:00+00:00,2024-12-17 00:00:00+00:00,770745,18076,0.035,2987705.02
MKT-00506,Campaign 0506,Email,Enterprise,2024-03-14 00:00:00+00:00,2024-05-14 00:00:00+00:00,539733,9466,0.0261,3810303.63
MKT-00507,Campaign 0507,Events,SMB,2025-04-06 00:00:00+00:00,2025-05-04 00:00:00+00:00,313754,2804,0.0341,1385604.97
MKT-00508,Campaign 0508,Email,SMB,2025-12-27 00:00:00+00:00,2026-02-22 00:00:00+00:00,568203,4718,0.0421,4120620.73
MKT-00509,Campaign 0509,Search,Mid-Market,2025-08-03 00:00:00+00:00,2025-09-30 00:00:00+00:00,743504,12927,0.0421,4289789.52
MKT-00510,Campaign 0510,Search,Enterprise,2024-01-21 00:00:00+00:00,2024-03-26 00:00:00+00:00,35064,317,0.0565,183220.79
MKT-00511,Campaign 0511,Partner,SMB,2024-04-10 00:00:00+00:00,2024-07-03 00:00:00+00:00,107530,1222,0.0294,380856.91
MKT-00512,Campaign 0512,Content,Enterprise,2024-08-31 00:00:00+00:00,2024-11-08 00:00:00+00:00,479727,7857,0.0417,2325976.82
MKT-00513,Campaign 0513,Events,Mid-Market,2023-09-04 00:00:00+00:00,2023-10-09 00:00:00+00:00,908802,14789,0.0639,4240106.35
MKT-00514,Campaign 0514,Partner,SMB,2025-12-17 00:00:00+00:00,2026-01-16 00:00:00+00:00,862340,12159,0.0472,6362083.62
MKT-00515,Campaign 0515,Events,Mid-Market,2023-01-07 00:00:00+00:00,2023-02-23 00:00:00+00:00,364367,7611,0.0571,2186467.02
MKT-00516,Campaign 0516,Content,SMB,2024-11-30 00:00:00+00:00,2025-02-05 00:00:00+00:00,240388,2571,0.0411,1997819.64
MKT-00517,Campaign 0517,Email,Mid-Market,2023-11-07 00:00:00+00:00,2023-12-21 00:00:00+00:00,345291,9076,0.0549,1263596.98
MKT-00518,Campaign 0518,Social,SMB,2024-04-06 00:00:00+00:00,2024-05-11 00:00:00+00:00,726425,6308,0.039,4401554.1
MKT-00519,Campaign 0519,Partner,Enterprise,2023-07-06 00:00:00+00:00,2023-09-12 00:00:00+00:00,649913,6300,0.0194,2954344.41
MKT-00520,Campaign 0520,Partner,Mid-Market,2023-02-06 00:00:00+00:00,2023-02-22 00:00:00+00:00,668479,10139,0.0523,3871624.24
MKT-00521,Campaign 0521,Content,Mid-Market,2024-11-10 00:00:00+00:00,2025-01-28 00:00:00+00:00,612030,7694,0.0479,2638685.74
MKT-00522,Campaign 0522,Social,Mid-Market,2025-06-27 00:00:00+00:00,2025-09-12 00:00:00+00:00,907320,12542,0.0426,4468038.4
MKT-00523,Campaign 0523,Search,Mid-Market,2023-05-06 00:00:00+00:00,2023-05-26 00:00:00+00:00,816473,6766,0.0268,5734785.78
MKT-00524,Campaign 0524,Search,SMB,2023-04-10 00:00:00+00:00,2023-06-21 00:00:00+00:00,304663,3848,0.0669,2374721.35
MKT-00525,Campaign 0525,Content,Enterprise,2023-09-19 00:00:00+00:00,2023-11-14 00:00:00+00:00,722670,6009,0.0547,4561019.69
MKT-00526,Campaign 0526,Content,Enterprise,2023-04-14 00:00:00+00:00,2023-06-25 00:00:00+00:00,786684,7473,0.0318,3921456.71
MKT-00527,Campaign 0527,Events,Mid-Market,2024-05-12 00:00:00+00:00,2024-07-24 00:00:00+00:00,846652,8076,0.0647,4438596.94
MKT-00528,Campaign 0528,Search,SMB,2023-09-19 00:00:00+00:00,2023-11-01 00:00:00+00:00,267053,2702,0.0639,1624796.34
MKT-00529,Campaign 0529,Partner,SMB,2024-07-25 00:00:00+00:00,2024-10-10 00:00:00+00:00,348372,3633,0.0388,2190226.68
MKT-00530,Campaign 0530,Partner,SMB,2024-12-26 00:00:00+00:00,2025-03-10 00:00:00+00:00,431406,6102,0.0283,3358687.13
MKT-00531,Campaign 0531,Partner,SMB,2023-12-29 00:00:00+00:00,2024-03-06 00:00:00+00:00,478662,10840,0.0495,4094795.97
MKT-00532,Campaign 0532,Email,Enterprise,2025-10-24 00:00:00+00:00,2025-11-29 00:00:00+00:00,452885,5638,0.0389,1957419.71
MKT-00533,Campaign 0533,Search,Mid-Market,2024-08-07 00:00:00+00:00,2024-09-07 00:00:00+00:00,850157,8059,0.0851,7122714.8
MKT-00534,Campaign 0534,Content,Mid-Market,2023-01-10 00:00:00+00:00,2023-02-16 00:00:00+00:00,651396,14134,0.0255,4196498.62
MKT-00535,Campaign 0535,Email,Mid-Market,2024-05-13 00:00:00+00:00,2024-06-20 00:00:00+00:00,385354,4967,0.067,2002065.55
MKT-00536,Campaign 0536,Events,SMB,2025-02-18 00:00:00+00:00,2025-04-01 00:00:00+00:00,241400,4172,0.0355,1026930.07
MKT-00537,Campaign 0537,Content,SMB,2024-06-07 00:00:00+00:00,2024-08-19 00:00:00+00:00,107710,1422,0.0383,739753.12
MKT-00538,Campaign 0538,Events,SMB,2024-08-22 00:00:00+00:00,2024-10-31 00:00:00+00:00,321643,6035,0.0285,2250898.86
MKT-00539,Campaign 0539,Social,Enterprise,2025-05-04 00:00:00+00:00,2025-06-13 00:00:00+00:00,844119,8796,0.0439,6953334.75
MKT-00540,Campaign 0540,Partner,Enterprise,2024-12-15 00:00:00+00:00,2025-01-17 00:00:00+00:00,898028,9646,0.028,4515970.28
MKT-00541,Campaign 0541,Events,Enterprise,2023-06-11 00:00:00+00:00,2023-08-20 00:00:00+00:00,765922,10399,0.0383,4758341.95
MKT-00542,Campaign 0542,Email,Enterprise,2025-03-04 00:00:00+00:00,2025-03-23 00:00:00+00:00,607193,10533,0.0218,4118761.43
MKT-00543,Campaign 0543,Email,Mid-Market,2023-05-27 00:00:00+00:00,2023-07-24 00:00:00+00:00,64799,1078,0.01,489708.89
MKT-00544,Campaign 0544,Content,Mid-Market,2025-01-27 00:00:00+00:00,2025-03-02 00:00:00+00:00,514259,9746,0.0383,4103061.08
MKT-00545,Campaign 0545,Content,Mid-Market,2025-03-02 00:00:00+00:00,2025-05-01 00:00:00+00:00,65893,540,0.0628,482540.43
MKT-00546,Campaign 0546,Search,Mid-Market,2025-08-13 00:00:00+00:00,2025-10-01 00:00:00+00:00,67988,1220,0.0459,331624.49
MKT-00547,Campaign 0547,Search,Enterprise,2026-02-03 00:00:00+00:00,2026-02-22 00:00:00+00:00,294892,4021,0.0392,1774951.92
MKT-00548,Campaign 0548,Search,SMB,2023-05-06 00:00:00+00:00,2023-06-13 00:00:00+00:00,917990,11450,0.0837,5667884.87
MKT-00549,Campaign 0549,Social,Enterprise,2026-01-26 00:00:00+00:00,2026-03-20 00:00:00+00:00,468720,4913,0.0048,4069747.31
MKT-00550,Campaign 0550,Partner,Mid-Market,2023-09-14 00:00:00+00:00,2023-11-23 00:00:00+00:00,708535,6904,0.0464,4396839.52
MKT-00551,Campaign 0551,Partner,SMB,2023-01-20 00:00:00+00:00,2023-04-15 00:00:00+00:00,737866,10588,0.0278,2528712.75
MKT-00552,Campaign 0552,Email,SMB,2025-08-29 00:00:00+00:00,2025-09-18 00:00:00+00:00,899380,11029,0.0426,6654514.25
MKT-00553,Campaign 0553,Partner,Enterprise,2025-11-03 00:00:00+00:00,2026-01-10 00:00:00+00:00,850578,7331,0.0293,4598601.47
MKT-00554,Campaign 0554,Email,Enterprise,2023-03-23 00:00:00+00:00,2023-05-27 00:00:00+00:00,321268,7085,0.0311,1958645.88
MKT-00555,Campaign 0555,Social,Mid-Market,2024-06-10 00:00:00+00:00,2024-06-24 00:00:00+00:00,826979,11060,0.0462,6073570.99
MKT-00556,Campaign 0556,Partner,Mid-Market,2026-02-01 00:00:00+00:00,2026-03-11 00:00:00+00:00,132121,2538,0.0389,1135567.09
MKT-00557,Campaign 0557,Events,SMB,2025-03-30 00:00:00+00:00,2025-04-23 00:00:00+00:00,528132,13490,0.0302,4070524.88
MKT-00558,Campaign 0558,Partner,Enterprise,2024-06-06 00:00:00+00:00,2024-07-04 00:00:00+00:00,690872,14114,0.0204,3198743.2
MKT-00559,Campaign 0559,Email,SMB,2025-06-10 00:00:00+00:00,2025-07-19 00:00:00+00:00,706232,12301,0.0541,3116407.17
MKT-00560,Campaign 0560,Content,Enterprise,2024-02-11 00:00:00+00:00,2024-03-14 00:00:00+00:00,682957,7966,0.038,5924155.57
MKT-00561,Campaign 0561,Partner,Mid-Market,2023-11-27 00:00:00+00:00,2024-01-27 00:00:00+00:00,776467,7465,0.0221,3411594.09
MKT-00562,Campaign 0562,Social,Mid-Market,2024-05-25 00:00:00+00:00,2024-06-23 00:00:00+00:00,803067,6710,0.0147,3189660.1
MKT-00563,Campaign 0563,Partner,SMB,2025-09-16 00:00:00+00:00,2025-10-11 00:00:00+00:00,604098,4982,0.0462,4958398.6
MKT-00564,Campaign 0564,Partner,Mid-Market,2023-11-24 00:00:00+00:00,2024-02-13 00:00:00+00:00,24495,214,0.0368,139451.25
MKT-00565,Campaign 0565,Content,Enterprise,2024-11-14 00:00:00+00:00,2025-01-07 00:00:00+00:00,123269,1515,0.0445,428094.29
MKT-00566,Campaign 0566,Partner,Mid-Market,2025-08-07 00:00:00+00:00,2025-09-13 00:00:00+00:00,547576,7485,0.0824,3570703.22
MKT-00567,Campaign 0567,Social,Mid-Market,2023-01-30 00:00:00+00:00,2023-04-18 00:00:00+00:00,654088,8661,0.0547,3444588.8
MKT-00568,Campaign 0568,Content,SMB,2024-12-09 00:00:00+00:00,2025-02-24 00:00:00+00:00,146482,1201,0.0413,827939.96
MKT-00569,Campaign 0569,Events,Mid-Market,2025-10-14 00:00:00+00:00,2025-10-28 00:00:00+00:00,100888,1145,0.0149,661391.97
MKT-00570,Campaign 0570,Events,Mid-Market,2023-11-28 00:00:00+00:00,2024-01-03 00:00:00+00:00,449989,4408,0.0679,3939230.71
MKT-00571,Campaign 0571,Content,SMB,2023-07-03 00:00:00+00:00,2023-08-28 00:00:00+00:00,844511,20675,0.0431,3224303.19
MKT-00572,Campaign 0572,Content,Enterprise,2025-06-15 00:00:00+00:00,2025-06-29 00:00:00+00:00,919347,7495,0.081,4161343.81
MKT-00573,Campaign 0573,Search,Enterprise,2024-01-25 00:00:00+00:00,2024-03-31 00:00:00+00:00,192361,2349,0.0289,1516522.86
MKT-00574,Campaign 0574,Partner,Mid-Market,2025-03-25 00:00:00+00:00,2025-04-08 00:00:00+00:00,690298,7735,0.0212,2736721.94
MKT-00575,Campaign 0575,Partner,Mid-Market,2024-07-18 00:00:00+00:00,2024-10-16 00:00:00+00:00,709163,6584,0.0649,6136430.74
MKT-00576,Campaign 0576,Content,SMB,2024-11-06 00:00:00+00:00,2024-12-18 00:00:00+00:00,256413,6018,0.0459,1292187.87
MKT-00577,Campaign 0577,Partner,Enterprise,2024-02-29 00:00:00+00:00,2024-04-24 00:00:00+00:00,766772,21219,0.0618,5159477.68
MKT-00578,Campaign 0578,Events,Mid-Market,2024-05-25 00:00:00+00:00,2024-08-13 00:00:00+00:00,581667,4807,0.0224,2500092.88
MKT-00579,Campaign 0579,Social,Enterprise,2023-02-24 00:00:00+00:00,2023-04-22 00:00:00+00:00,851589,15712,0.0222,4234288.0
MKT-00580,Campaign 0580,Email,Mid-Market,2025-09-01 00:00:00+00:00,2025-10-31 00:00:00+00:00,452228,10157,0.0255,2852246.56
MKT-00581,Campaign 0581,Social,Enterprise,2024-01-22 00:00:00+00:00,2024-04-19 00:00:00+00:00,227804,1910,0.004,1959763.3
MKT-00582,Campaign 0582,Email,Mid-Market,2023-08-27 00:00:00+00:00,2023-11-02 00:00:00+00:00,426849,6206,0.0336,2271572.72
MKT-00583,Campaign 0583,Events,Mid-Market,2023-02-20 00:00:00+00:00,2023-04-06 00:00:00+00:00,338454,3024,0.012,2794485.3
MKT-00584,Campaign 0584,Email,Mid-Market,2025-11-08 00:00:00+00:00,2025-12-24 00:00:00+00:00,76935,647,0.0432,335984.72
MKT-00585,Campaign 0585,Search,Enterprise,2025-04-11 00:00:00+00:00,2025-06-14 00:00:00+00:00,98851,1876,0.0405,335998.34
MKT-00586,Campaign 0586,Partner,Mid-Market,2024-11-16 00:00:00+00:00,2024-12-21 00:00:00+00:00,599753,14546,0.0277,4741235.07
MKT-00587,Campaign 0587,Email,Mid-Market,2024-09-08 00:00:00+00:00,2024-09-22 00:00:00+00:00,569984,14791,0.0502,4069665.17
MKT-00588,Campaign 0588,Email,Enterprise,2025-12-22 00:00:00+00:00,2026-02-24 00:00:00+00:00,570546,9529,0.0445,2194634.96
MKT-00589,Campaign 0589,Email,Mid-Market,2025-04-03 00:00:00+00:00,2025-06-07 00:00:00+00:00,221293,4335,0.0633,734062.12
MKT-00590,Campaign 0590,Search,SMB,2025-12-11 00:00:00+00:00,2026-02-08 00:00:00+00:00,99700,858,0.0716,777363.65
MKT-00591,Campaign 0591,Partner,SMB,2024-07-31 00:00:00+00:00,2024-09-07 00:00:00+00:00,793469,6691,0.0441,3299443.22
MKT-00592,Campaign 0592,Search,SMB,2023-04-07 00:00:00+00:00,2023-04-23 00:00:00+00:00,134402,1797,0.0489,790464.78
MKT-00593,Campaign 0593,Partner,SMB,2023-10-24 00:00:00+00:00,2023-11-21 00:00:00+00:00,832362,12470,0.0513,6638825.87
MKT-00594,Campaign 0594,Partner,SMB,2024-01-20 00:00:00+00:00,2024-03-17 00:00:00+00:00,433536,6045,0.0728,2769949.38
MKT-00595,Campaign 0595,Social,Mid-Market,2025-11-02 00:00:00+00:00,2025-11-18 00:00:00+00:00,467261,4246,0.0195,3850826.31
MKT-00596,Campaign 0596,Content,Mid-Market,2025-01-23 00:00:00+00:00,2025-03-27 00:00:00+00:00,503548,10484,0.0329,1715924.35
MKT-00597,Campaign 0597,Events,Enterprise,2023-07-29 00:00:00+00:00,2023-08-26 00:00:00+00:00,678511,13968,0.0199,3781453.06
MKT-00598,Campaign 0598,Search,SMB,2023-05-29 00:00:00+00:00,2023-07-10 00:00:00+00:00,190535,3164,0.0319,819719.55
MKT-00599,Campaign 0599,Social,Mid-Market,2024-06-02 00:00:00+00:00,2024-08-31 00:00:00+00:00,127233,1454,0.0358,693311.39
MKT-00600,Campaign 0600,Social,SMB,2024-09-20 00:00:00+00:00,2024-10-30 00:00:00+00:00,768260,7751,0.028,5733329.75
MKT-00601,Campaign 0601,Search,SMB,2024-04-30 00:00:00+00:00,2024-06-14 00:00:00+00:00,102370,824,0.0487,839343.95
MKT-00602,Campaign 0602,Events,Mid-Market,2024-01-28 00:00:00+00:00,2024-04-12 00:00:00+00:00,657289,16995,0.05,2648853.42
MKT-00603,Campaign 0603,Social,SMB,2024-12-08 00:00:00+00:00,2024-12-27 00:00:00+00:00,77040,1147,0.0419,395884.08
MKT-00604,Campaign 0604,Partner,Enterprise,2026-02-23 00:00:00+00:00,2026-04-06 00:00:00+00:00,221230,3527,0.0472,1257700.81
MKT-00605,Campaign 0605,Events,Enterprise,2025-11-16 00:00:00+00:00,2026-01-06 00:00:00+00:00,603284,15550,0.0704,2768406.7
MKT-00606,Campaign 0606,Partner,Mid-Market,2023-08-19 00:00:00+00:00,2023-09-24 00:00:00+00:00,743297,6994,0.0478,3204004.97
MKT-00607,Campaign 0607,Social,SMB,2025-06-02 00:00:00+00:00,2025-08-31 00:00:00+00:00,99251,1353,0.0207,774304.46
MKT-00608,Campaign 0608,Content,SMB,2023-05-08 00:00:00+00:00,2023-07-22 00:00:00+00:00,546282,6051,0.0293,4402065.28
MKT-00609,Campaign 0609,Partner,Mid-Market,2023-04-01 00:00:00+00:00,2023-04-19 00:00:00+00:00,35403,467,0.0281,119321.19
MKT-00610,Campaign 0610,Events,Mid-Market,2024-06-07 00:00:00+00:00,2024-09-05 00:00:00+00:00,304025,4474,0.0646,2541298.41
MKT-00611,Campaign 0611,Content,Mid-Market,2023-11-16 00:00:00+00:00,2023-12-15 00:00:00+00:00,781477,16493,0.0339,5957403.66
MKT-00612,Campaign 0612,Email,SMB,2023-10-08 00:00:00+00:00,2023-11-05 00:00:00+00:00,765243,6643,0.0255,3685899.89
MKT-00613,Campaign 0613,Email,SMB,2024-12-14 00:00:00+00:00,2025-02-24 00:00:00+00:00,476669,10419,0.0237,3230153.06
MKT-00614,Campaign 0614,Content,Enterprise,2025-07-19 00:00:00+00:00,2025-08-31 00:00:00+00:00,479972,5512,0.0328,2780028.39
MKT-00615,Campaign 0615,Content,Enterprise,2024-09-13 00:00:00+00:00,2024-09-30 00:00:00+00:00,201678,1641,0.0322,878655.03
MKT-00616,Campaign 0616,Social,Enterprise,2023-01-20 00:00:00+00:00,2023-02-03 00:00:00+00:00,412398,6783,0.0298,1574262.04
MKT-00617,Campaign 0617,Partner,SMB,2026-02-21 00:00:00+00:00,2026-04-30 00:00:00+00:00,108139,1387,0.056,703815.97
MKT-00618,Campaign 0618,Social,Mid-Market,2025-01-20 00:00:00+00:00,2025-03-12 00:00:00+00:00,32352,316,0.0373,109668.37
MKT-00619,Campaign 0619,Search,Enterprise,2024-05-13 00:00:00+00:00,2024-07-02 00:00:00+00:00,224205,3858,0.0407,1724838.24
MKT-00620,Campaign 0620,Social,Mid-Market,2024-04-13 00:00:00+00:00,2024-05-19 00:00:00+00:00,758772,13730,0.054,5233361.06
MKT-00621,Campaign 0621,Search,Mid-Market,2025-06-24 00:00:00+00:00,2025-07-24 00:00:00+00:00,391073,8697,0.0552,2674637.16
MKT-00622,Campaign 0622,Social,Mid-Market,2025-12-07 00:00:00+00:00,2026-02-23 00:00:00+00:00,267128,7211,0.0322,1667520.4
MKT-00623,Campaign 0623,Social,Mid-Market,2023-03-18 00:00:00+00:00,2023-05-04 00:00:00+00:00,111464,1844,0.0613,741682.93
MKT-00624,Campaign 0624,Email,Mid-Market,2025-11-16 00:00:00+00:00,2026-02-09 00:00:00+00:00,279966,2912,0.0416,2334270.18
MKT-00625,Campaign 0625,Content,Enterprise,2024-05-16 00:00:00+00:00,2024-07-14 00:00:00+00:00,415328,9944,0.0326,2626869.09
MKT-00626,Campaign 0626,Social,SMB,2025-07-09 00:00:00+00:00,2025-08-01 00:00:00+00:00,771616,7412,0.0566,3665761.81
MKT-00627,Campaign 0627,Email,SMB,2023-02-17 00:00:00+00:00,2023-04-05 00:00:00+00:00,147474,2007,0.0483,1068732.49
MKT-00628,Campaign 0628,Content,Enterprise,2024-05-09 00:00:00+00:00,2024-07-29 00:00:00+00:00,95826,1129,0.0467,486778.36
MKT-00629,Campaign 0629,Email,Mid-Market,2024-10-18 00:00:00+00:00,2024-11-06 00:00:00+00:00,68574,1086,0.0362,551712.32
MKT-00630,Campaign 0630,Content,Mid-Market,2024-05-05 00:00:00+00:00,2024-06-04 00:00:00+00:00,878980,9317,0.042,4980509.49
MKT-00631,Campaign 0631,Partner,Mid-Market,2023-03-12 00:00:00+00:00,2023-05-04 00:00:00+00:00,886308,8601,0.0303,4159763.41
MKT-00632,Campaign 0632,Content,Enterprise,2023-01-25 00:00:00+00:00,2023-03-04 00:00:00+00:00,316760,7425,0.0386,1151534.15
MKT-00633,Campaign 0633,Partner,Mid-Market,2025-09-30 00:00:00+00:00,2025-11-30 00:00:00+00:00,315762,2748,0.0353,1600156.48
MKT-00634,Campaign 0634,Partner,Mid-Market,2025-12-02 00:00:00+00:00,2026-02-23 00:00:00+00:00,318825,3625,0.0459,1945083.34
MKT-00635,Campaign 0635,Partner,Enterprise,2025-03-18 00:00:00+00:00,2025-05-26 00:00:00+00:00,110816,1185,0.0666,404064.45
MKT-00636,Campaign 0636,Partner,Mid-Market,2026-01-28 00:00:00+00:00,2026-03-11 00:00:00+00:00,648606,7871,0.0392,5621297.85
MKT-00637,Campaign 0637,Content,Mid-Market,2025-11-12 00:00:00+00:00,2026-01-28 00:00:00+00:00,905068,20853,0.0546,5966370.95
MKT-00638,Campaign 0638,Search,Enterprise,2023-08-31 00:00:00+00:00,2023-09-15 00:00:00+00:00,343567,4573,0.0441,2573618.38
MKT-00639,Campaign 0639,Search,SMB,2024-10-07 00:00:00+00:00,2024-12-18 00:00:00+00:00,235944,4635,0.0604,859449.94
MKT-00640,Campaign 0640,Email,Mid-Market,2024-06-27 00:00:00+00:00,2024-07-15 00:00:00+00:00,262324,3239,0.0692,1435987.45
MKT-00641,Campaign 0641,Email,Mid-Market,2025-11-26 00:00:00+00:00,2025-12-24 00:00:00+00:00,236437,2036,0.0338,1269420.35
MKT-00642,Campaign 0642,Events,Mid-Market,2024-10-27 00:00:00+00:00,2024-12-06 00:00:00+00:00,161732,2089,0.0147,1125389.37
MKT-00643,Campaign 0643,Social,Enterprise,2023-05-30 00:00:00+00:00,2023-06-23 00:00:00+00:00,690983,12838,0.0221,4037783.59
MKT-00644,Campaign 0644,Content,SMB,2024-09-12 00:00:00+00:00,2024-12-03 00:00:00+00:00,317404,3944,0.0578,1461337.99
MKT-00645,Campaign 0645,Social,Enterprise,2024-08-07 00:00:00+00:00,2024-10-09 00:00:00+00:00,485420,7422,0.0471,3587323.62
MKT-00646,Campaign 0646,Search,SMB,2024-07-05 00:00:00+00:00,2024-07-25 00:00:00+00:00,895199,7548,0.0264,6344574.23
MKT-00647,Campaign 0647,Partner,Enterprise,2024-02-16 00:00:00+00:00,2024-04-25 00:00:00+00:00,384083,5236,0.0676,2108965.2
MKT-00648,Campaign 0648,Events,Mid-Market,2024-11-28 00:00:00+00:00,2024-12-27 00:00:00+00:00,136273,1276,0.0369,1104485.86
MKT-00649,Campaign 0649,Content,Mid-Market,2024-03-29 00:00:00+00:00,2024-06-09 00:00:00+00:00,187455,2392,0.0363,747541.34
MKT-00650,Campaign 0650,Email,Mid-Market,2025-06-26 00:00:00+00:00,2025-09-23 00:00:00+00:00,862381,15331,0.0373,5242474.99
MKT-00651,Campaign 0651,Content,SMB,2024-01-17 00:00:00+00:00,2024-02-04 00:00:00+00:00,657032,6938,0.0622,5229032.14
MKT-00652,Campaign 0652,Search,SMB,2024-04-21 00:00:00+00:00,2024-06-06 00:00:00+00:00,536031,14606,0.0298,3835371.86
MKT-00653,Campaign 0653,Email,Enterprise,2023-05-13 00:00:00+00:00,2023-07-15 00:00:00+00:00,115878,1068,0.0625,712169.56
MKT-00654,Campaign 0654,Content,SMB,2023-03-27 00:00:00+00:00,2023-06-17 00:00:00+00:00,626620,5435,0.051,2336886.6
MKT-00655,Campaign 0655,Search,Enterprise,2024-04-10 00:00:00+00:00,2024-06-14 00:00:00+00:00,125688,1491,0.0638,426618.37
MKT-00656,Campaign 0656,Content,Mid-Market,2023-11-14 00:00:00+00:00,2023-12-27 00:00:00+00:00,735699,12843,0.0543,5112609.96
MKT-00657,Campaign 0657,Content,SMB,2025-04-08 00:00:00+00:00,2025-04-25 00:00:00+00:00,332439,6558,0.0476,1878869.46
MKT-00658,Campaign 0658,Search,Enterprise,2023-05-18 00:00:00+00:00,2023-07-11 00:00:00+00:00,57862,579,0.0531,320506.01
MKT-00659,Campaign 0659,Events,Mid-Market,2023-09-26 00:00:00+00:00,2023-11-13 00:00:00+00:00,796083,14661,0.0435,4290699.64
MKT-00660,Campaign 0660,Social,Mid-Market,2024-11-25 00:00:00+00:00,2025-02-20 00:00:00+00:00,896881,11073,0.0307,3741460.23
MKT-00661,Campaign 0661,Social,Mid-Market,2023-02-08 00:00:00+00:00,2023-04-02 00:00:00+00:00,655355,5816,0.0526,4153719.1
MKT-00662,Campaign 0662,Events,SMB,2024-08-08 00:00:00+00:00,2024-11-04 00:00:00+00:00,703245,6777,0.0409,3747106.52
MKT-00663,Campaign 0663,Email,Mid-Market,2025-01-18 00:00:00+00:00,2025-03-16 00:00:00+00:00,422633,11635,0.0622,1525954.54
MKT-00664,Campaign 0664,Social,SMB,2023-06-22 00:00:00+00:00,2023-07-18 00:00:00+00:00,741423,7541,0.0616,6227171.14
MKT-00665,Campaign 0665,Content,Enterprise,2023-07-24 00:00:00+00:00,2023-08-13 00:00:00+00:00,193942,5376,0.0513,1163313.6
MKT-00666,Campaign 0666,Partner,Enterprise,2024-01-26 00:00:00+00:00,2024-04-01 00:00:00+00:00,401962,6264,0.0579,1848632.42
MKT-00667,Campaign 0667,Social,Mid-Market,2023-03-10 00:00:00+00:00,2023-04-07 00:00:00+00:00,838081,12200,0.0499,5986180.56
MKT-00668,Campaign 0668,Partner,SMB,2025-11-15 00:00:00+00:00,2026-01-01 00:00:00+00:00,556634,7184,0.05,4429779.47
MKT-00669,Campaign 0669,Content,SMB,2025-01-30 00:00:00+00:00,2025-04-07 00:00:00+00:00,570698,6075,0.0319,2784343.24
MKT-00670,Campaign 0670,Email,Mid-Market,2025-09-29 00:00:00+00:00,2025-10-24 00:00:00+00:00,524355,4222,0.0461,4405011.74
MKT-00671,Campaign 0671,Events,SMB,2024-02-18 00:00:00+00:00,2024-03-11 00:00:00+00:00,157279,3087,0.0491,1023975.61
MKT-00672,Campaign 0672,Content,SMB,2024-11-05 00:00:00+00:00,2024-11-21 00:00:00+00:00,106484,1116,0.0479,495934.81
MKT-00673,Campaign 0673,Email,Mid-Market,2024-05-24 00:00:00+00:00,2024-07-01 00:00:00+00:00,65699,1279,0.0464,468812.42
MKT-00674,Campaign 0674,Search,Enterprise,2023-01-20 00:00:00+00:00,2023-03-14 00:00:00+00:00,192655,2967,0.0454,1285295.63
MKT-00675,Campaign 0675,Search,Mid-Market,2024-04-08 00:00:00+00:00,2024-05-23 00:00:00+00:00,162858,1504,0.0753,1363188.46
MKT-00676,Campaign 0676,Social,Enterprise,2025-06-26 00:00:00+00:00,2025-07-17 00:00:00+00:00,711355,17161,0.0442,5803845.31
MKT-00677,Campaign 0677,Search,Mid-Market,2023-05-10 00:00:00+00:00,2023-07-06 00:00:00+00:00,578461,15722,0.0539,3806176.6
MKT-00678,Campaign 0678,Partner,SMB,2023-03-01 00:00:00+00:00,2023-05-27 00:00:00+00:00,463788,6877,0.0425,3129142.65
MKT-00679,Campaign 0679,Content,SMB,2023-02-04 00:00:00+00:00,2023-03-07 00:00:00+00:00,356377,4778,0.0475,1567316.94
MKT-00680,Campaign 0680,Events,Mid-Market,2025-11-18 00:00:00+00:00,2025-12-21 00:00:00+00:00,185425,2573,0.0285,1369192.24
MKT-00681,Campaign 0681,Content,Enterprise,2024-07-08 00:00:00+00:00,2024-07-25 00:00:00+00:00,621511,7078,0.0329,4841781.6
MKT-00682,Campaign 0682,Events,Enterprise,2024-10-31 00:00:00+00:00,2024-12-18 00:00:00+00:00,791380,7825,0.0344,6930060.17
MKT-00683,Campaign 0683,Content,Enterprise,2025-01-04 00:00:00+00:00,2025-01-30 00:00:00+00:00,537902,5793,0.0199,2386412.25
MKT-00684,Campaign 0684,Events,Enterprise,2023-10-20 00:00:00+00:00,2023-12-29 00:00:00+00:00,171802,1693,0.0443,1084235.6
MKT-00685,Campaign 0685,Email,Enterprise,2024-10-12 00:00:00+00:00,2024-12-09 00:00:00+00:00,443474,5421,0.028,3831736.65
MKT-00686,Campaign 0686,Content,Mid-Market,2023-04-20 00:00:00+00:00,2023-06-12 00:00:00+00:00,850848,11380,0.0251,6151505.16
MKT-00687,Campaign 0687,Partner,Enterprise,2023-09-28 00:00:00+00:00,2023-10-18 00:00:00+00:00,687629,14698,0.0768,3478163.96
MKT-00688,Campaign 0688,Email,Enterprise,2025-04-27 00:00:00+00:00,2025-06-09 00:00:00+00:00,698841,5649,0.0608,2411231.93
MKT-00689,Campaign 0689,Email,SMB,2025-07-25 00:00:00+00:00,2025-09-20 00:00:00+00:00,244317,2596,0.0753,2120523.51
MKT-00690,Campaign 0690,Search,Mid-Market,2023-06-03 00:00:00+00:00,2023-08-05 00:00:00+00:00,753634,13525,0.0415,5117243.48
MKT-00691,Campaign 0691,Email,Mid-Market,2023-10-25 00:00:00+00:00,2024-01-22 00:00:00+00:00,674689,6965,0.0378,5260341.2
MKT-00692,Campaign 0692,Partner,Mid-Market,2024-06-19 00:00:00+00:00,2024-07-18 00:00:00+00:00,473886,5682,0.0491,1727270.26
MKT-00693,Campaign 0693,Social,SMB,2024-12-22 00:00:00+00:00,2025-03-15 00:00:00+00:00,899559,12607,0.0489,5788360.75
MKT-00694,Campaign 0694,Events,Mid-Market,2023-01-25 00:00:00+00:00,2023-03-18 00:00:00+00:00,470948,5211,0.0374,3935005.82
MKT-00695,Campaign 0695,Partner,Enterprise,2024-12-26 00:00:00+00:00,2025-02-12 00:00:00+00:00,204895,3722,0.0308,1379167.82
MKT-00696,Campaign 0696,Events,Mid-Market,2025-11-16 00:00:00+00:00,2026-02-13 00:00:00+00:00,126206,1030,0.0525,672743.58
MKT-00697,Campaign 0697,Social,Mid-Market,2025-09-22 00:00:00+00:00,2025-10-27 00:00:00+00:00,166809,2242,0.0176,813074.83
MKT-00698,Campaign 0698,Social,SMB,2025-06-07 00:00:00+00:00,2025-08-21 00:00:00+00:00,860397,9952,0.0523,3234131.29
MKT-00699,Campaign 0699,Events,Mid-Market,2024-12-06 00:00:00+00:00,2025-02-01 00:00:00+00:00,533426,12052,0.0382,1716565.37
MKT-00700,Campaign 0700,Partner,SMB,2023-07-01 00:00:00+00:00,2023-08-10 00:00:00+00:00,369339,3235,0.0554,1891584.14
MKT-00701,Campaign 0701,Content,SMB,2024-11-12 00:00:00+00:00,2024-12-15 00:00:00+00:00,270162,2807,0.0601,1724617.27
MKT-00702,Campaign 0702,Search,Enterprise,2025-01-04 00:00:00+00:00,2025-03-30 00:00:00+00:00,532594,12119,0.0521,4388353.57
MKT-00703,Campaign 0703,Social,SMB,2023-09-20 00:00:00+00:00,2023-12-04 00:00:00+00:00,833062,11335,0.0243,7262414.7
MKT-00704,Campaign 0704,Social,Mid-Market,2024-07-03 00:00:00+00:00,2024-09-23 00:00:00+00:00,83470,1427,0.0189,313013.1
MKT-00705,Campaign 0705,Events,SMB,2024-08-14 00:00:00+00:00,2024-10-26 00:00:00+00:00,664286,8455,0.0176,3191495.8
MKT-00706,Campaign 0706,Search,Mid-Market,2023-04-10 00:00:00+00:00,2023-05-15 00:00:00+00:00,196947,2717,0.0348,664984.21
MKT-00707,Campaign 0707,Social,Mid-Market,2023-07-15 00:00:00+00:00,2023-10-06 00:00:00+00:00,383498,3655,0.0191,1968936.63
MKT-00708,Campaign 0708,Partner,Enterprise,2024-06-19 00:00:00+00:00,2024-09-13 00:00:00+00:00,802657,9322,0.0417,5505451.98
MKT-00709,Campaign 0709,Partner,Enterprise,2025-09-13 00:00:00+00:00,2025-11-26 00:00:00+00:00,653491,8746,0.0281,3612580.54
MKT-00710,Campaign 0710,Partner,Mid-Market,2024-03-02 00:00:00+00:00,2024-04-22 00:00:00+00:00,411624,8123,0.0332,3189530.67
MKT-00711,Campaign 0711,Search,Enterprise,2025-08-25 00:00:00+00:00,2025-10-18 00:00:00+00:00,823412,6856,0.0422,2943795.37
MKT-00712,Campaign 0712,Events,Enterprise,2023-09-23 00:00:00+00:00,2023-12-18 00:00:00+00:00,364523,5851,0.0485,2471797.25
MKT-00713,Campaign 0713,Partner,Mid-Market,2023-08-18 00:00:00+00:00,2023-09-27 00:00:00+00:00,317176,7814,0.0294,2788513.45
MKT-00714,Campaign 0714,Social,Enterprise,2025-12-12 00:00:00+00:00,2026-02-06 00:00:00+00:00,255129,4135,0.0354,1083868.74
MKT-00715,Campaign 0715,Partner,Mid-Market,2024-06-15 00:00:00+00:00,2024-09-07 00:00:00+00:00,762223,14794,0.0478,6557171.45
MKT-00716,Campaign 0716,Search,Mid-Market,2023-09-19 00:00:00+00:00,2023-10-10 00:00:00+00:00,883469,12984,0.0402,6627735.76
MKT-00717,Campaign 0717,Content,Enterprise,2025-04-19 00:00:00+00:00,2025-06-16 00:00:00+00:00,309158,2848,0.0397,1548581.33
MKT-00718,Campaign 0718,Social,Mid-Market,2025-02-04 00:00:00+00:00,2025-02-28 00:00:00+00:00,627222,9085,0.0531,3495248.98
MKT-00719,Campaign 0719,Content,Enterprise,2023-04-28 00:00:00+00:00,2023-07-17 00:00:00+00:00,567637,7442,0.0278,2155770.13
MKT-00720,Campaign 0720,Email,Enterprise,2026-01-24 00:00:00+00:00,2026-03-17 00:00:00+00:00,463364,4348,0.0554,3254593.14
MKT-00721,Campaign 0721,Partner,Enterprise,2023-05-18 00:00:00+00:00,2023-07-14 00:00:00+00:00,433508,5366,0.0787,2749571.81
MKT-00722,Campaign 0722,Email,Enterprise,2023-01-24 00:00:00+00:00,2023-02-08 00:00:00+00:00,879350,8772,0.0466,3705153.48
MKT-00723,Campaign 0723,Social,Enterprise,2025-08-31 00:00:00+00:00,2025-09-16 00:00:00+00:00,806774,10286,0.0349,4957327.94
MKT-00724,Campaign 0724,Partner,Mid-Market,2023-06-10 00:00:00+00:00,2023-08-22 00:00:00+00:00,536846,8130,0.0189,4593818.89
MKT-00725,Campaign 0725,Partner,Mid-Market,2024-07-05 00:00:00+00:00,2024-10-01 00:00:00+00:00,517081,6440,0.0341,4457801.2
MKT-00726,Campaign 0726,Content,Enterprise,2025-03-18 00:00:00+00:00,2025-04-24 00:00:00+00:00,857311,6966,0.0479,6556596.91
MKT-00727,Campaign 0727,Social,Mid-Market,2025-04-21 00:00:00+00:00,2025-06-20 00:00:00+00:00,241373,5399,0.0402,964917.99
MKT-00728,Campaign 0728,Partner,SMB,2024-09-23 00:00:00+00:00,2024-10-09 00:00:00+00:00,161940,1411,0.0412,847770.66
MKT-00729,Campaign 0729,Email,Mid-Market,2023-07-15 00:00:00+00:00,2023-08-06 00:00:00+00:00,709842,7773,0.0403,4693684.08
MKT-00730,Campaign 0730,Email,SMB,2025-07-25 00:00:00+00:00,2025-09-27 00:00:00+00:00,388330,3179,0.0341,1623334.05
MKT-00731,Campaign 0731,Social,Enterprise,2025-02-04 00:00:00+00:00,2025-03-08 00:00:00+00:00,63462,1104,0.0411,513673.82
MKT-00732,Campaign 0732,Search,Mid-Market,2024-07-04 00:00:00+00:00,2024-09-03 00:00:00+00:00,511413,7375,0.0291,3612346.16
MKT-00733,Campaign 0733,Events,Mid-Market,2024-12-05 00:00:00+00:00,2025-02-13 00:00:00+00:00,880630,19628,0.0436,4169583.89
MKT-00734,Campaign 0734,Content,Mid-Market,2025-11-19 00:00:00+00:00,2025-12-12 00:00:00+00:00,179197,4511,0.0445,1452361.87
MKT-00735,Campaign 0735,Events,Mid-Market,2025-02-27 00:00:00+00:00,2025-05-05 00:00:00+00:00,839755,10932,0.0644,5931180.5
MKT-00736,Campaign 0736,Partner,Mid-Market,2023-09-01 00:00:00+00:00,2023-09-29 00:00:00+00:00,590591,13714,0.0297,4605152.29
MKT-00737,Campaign 0737,Partner,SMB,2025-09-04 00:00:00+00:00,2025-10-21 00:00:00+00:00,904409,10135,0.0537,6141977.12
MKT-00738,Campaign 0738,Social,Mid-Market,2024-07-13 00:00:00+00:00,2024-09-22 00:00:00+00:00,682855,7963,0.0556,5855409.99
MKT-00739,Campaign 0739,Content,Mid-Market,2025-12-07 00:00:00+00:00,2026-01-26 00:00:00+00:00,883406,7356,0.038,7078840.08
MKT-00740,Campaign 0740,Content,Enterprise,2025-09-14 00:00:00+00:00,2025-10-09 00:00:00+00:00,233671,1996,0.0313,1986140.23
MKT-00741,Campaign 0741,Partner,Mid-Market,2026-01-26 00:00:00+00:00,2026-04-07 00:00:00+00:00,431402,7009,0.0634,3619614.87
MKT-00742,Campaign 0742,Search,Mid-Market,2023-06-06 00:00:00+00:00,2023-06-20 00:00:00+00:00,372419,3151,0.0212,2483467.81
MKT-00743,Campaign 0743,Search,Mid-Market,2026-01-02 00:00:00+00:00,2026-04-02 00:00:00+00:00,578279,14489,0.029,4608773.25
MKT-00744,Campaign 0744,Email,SMB,2024-10-27 00:00:00+00:00,2025-01-26 00:00:00+00:00,855108,8469,0.0248,4500093.38
MKT-00745,Campaign 0745,Content,Mid-Market,2025-07-29 00:00:00+00:00,2025-10-18 00:00:00+00:00,564499,6470,0.0312,2120140.8
MKT-00746,Campaign 0746,Email,Mid-Market,2024-04-13 00:00:00+00:00,2024-05-19 00:00:00+00:00,549356,8205,0.0382,3254819.75
MKT-00747,Campaign 0747,Content,Mid-Market,2025-02-18 00:00:00+00:00,2025-03-07 00:00:00+00:00,720158,6610,0.0657,2819315.36
MKT-00748,Campaign 0748,Social,Enterprise,2024-11-08 00:00:00+00:00,2025-01-30 00:00:00+00:00,645656,9664,0.0353,2811381.01
MKT-00749,Campaign 0749,Partner,Mid-Market,2023-10-19 00:00:00+00:00,2023-12-26 00:00:00+00:00,143196,1730,0.0757,928855.2
MKT-00750,Campaign 0750,Search,Mid-Market,2023-06-25 00:00:00+00:00,2023-08-10 00:00:00+00:00,735623,7608,0.0564,3407224.49
MKT-00751,Campaign 0751,Email,SMB,2025-07-13 00:00:00+00:00,2025-08-14 00:00:00+00:00,530272,8972,0.0339,1740428.14
MKT-00752,Campaign 0752,Search,SMB,2024-10-27 00:00:00+00:00,2025-01-24 00:00:00+00:00,216719,4765,0.0341,1049441.04
MKT-00753,Campaign 0753,Search,Enterprise,2025-06-10 00:00:00+00:00,2025-07-25 00:00:00+00:00,200134,2051,0.0451,1266576.22
MKT-00754,Campaign 0754,Events,Enterprise,2024-11-04 00:00:00+00:00,2024-12-21 00:00:00+00:00,666205,12882,0.0432,3957517.05
MKT-00755,Campaign 0755,Social,Mid-Market,2023-08-02 00:00:00+00:00,2023-10-17 00:00:00+00:00,733132,13551,0.0234,3636844.47
MKT-00756,Campaign 0756,Content,Enterprise,2024-11-06 00:00:00+00:00,2025-01-17 00:00:00+00:00,817352,15421,0.0303,5897271.93
MKT-00757,Campaign 0757,Content,Enterprise,2023-01-03 00:00:00+00:00,2023-02-17 00:00:00+00:00,257174,2514,0.0172,1194577.43
MKT-00758,Campaign 0758,Content,Mid-Market,2023-07-25 00:00:00+00:00,2023-10-22 00:00:00+00:00,877640,13861,0.0701,6334736.26
MKT-00759,Campaign 0759,Partner,SMB,2024-10-28 00:00:00+00:00,2024-12-17 00:00:00+00:00,238267,2343,0.0442,1034291.93
MKT-00760,Campaign 0760,Email,Enterprise,2024-03-24 00:00:00+00:00,2024-04-29 00:00:00+00:00,107195,1245,0.037,386643.01
MKT-00761,Campaign 0761,Social,SMB,2025-06-19 00:00:00+00:00,2025-07-18 00:00:00+00:00,213917,2652,0.0313,1117648.2
MKT-00762,Campaign 0762,Partner,Mid-Market,2024-06-06 00:00:00+00:00,2024-06-22 00:00:00+00:00,206199,1771,0.0331,1652578.69
MKT-00763,Campaign 0763,Partner,SMB,2025-02-20 00:00:00+00:00,2025-03-12 00:00:00+00:00,69850,802,0.0185,512587.11
MKT-00764,Campaign 0764,Social,Enterprise,2025-01-25 00:00:00+00:00,2025-03-14 00:00:00+00:00,23580,418,0.0446,168400.58
MKT-00765,Campaign 0765,Social,Enterprise,2023-03-08 00:00:00+00:00,2023-06-06 00:00:00+00:00,34621,280,0.0544,125746.87
MKT-00766,Campaign 0766,Partner,Enterprise,2025-12-27 00:00:00+00:00,2026-03-10 00:00:00+00:00,375358,5965,0.0671,1577071.7
MKT-00767,Campaign 0767,Partner,SMB,2024-04-23 00:00:00+00:00,2024-05-21 00:00:00+00:00,87740,1129,0.0547,603587.08
MKT-00768,Campaign 0768,Email,SMB,2023-04-05 00:00:00+00:00,2023-06-01 00:00:00+00:00,289471,4201,0.054,2034018.58
MKT-00769,Campaign 0769,Search,Enterprise,2025-02-06 00:00:00+00:00,2025-03-23 00:00:00+00:00,437129,4305,0.0607,2405031.75
MKT-00770,Campaign 0770,Events,Mid-Market,2025-12-26 00:00:00+00:00,2026-03-15 00:00:00+00:00,547973,7135,0.0395,4565708.19
MKT-00771,Campaign 0771,Search,Mid-Market,2025-09-11 00:00:00+00:00,2025-10-14 00:00:00+00:00,174039,2616,0.0205,1503810.64
MKT-00772,Campaign 0772,Search,Enterprise,2025-09-14 00:00:00+00:00,2025-10-18 00:00:00+00:00,238298,2555,0.0544,966870.58
MKT-00773,Campaign 0773,Content,SMB,2023-08-14 00:00:00+00:00,2023-10-20 00:00:00+00:00,737711,9302,0.0306,3282397.55
MKT-00774,Campaign 0774,Partner,Mid-Market,2024-03-23 00:00:00+00:00,2024-04-11 00:00:00+00:00,649493,17755,0.0406,5628261.88
MKT-00775,Campaign 0775,Partner,Mid-Market,2024-08-23 00:00:00+00:00,2024-09-27 00:00:00+00:00,384981,4137,0.0258,2965277.07
MKT-00776,Campaign 0776,Events,Enterprise,2024-10-05 00:00:00+00:00,2024-11-05 00:00:00+00:00,883719,17918,0.0605,3981729.68
MKT-00777,Campaign 0777,Partner,Enterprise,2023-04-21 00:00:00+00:00,2023-06-07 00:00:00+00:00,479067,3944,0.0556,3945297.77
MKT-00778,Campaign 0778,Events,Mid-Market,2023-10-30 00:00:00+00:00,2023-11-30 00:00:00+00:00,109248,1071,0.0196,740393.56
MKT-00779,Campaign 0779,Content,SMB,2023-08-17 00:00:00+00:00,2023-11-03 00:00:00+00:00,114319,1665,0.0436,719562.74
MKT-00780,Campaign 0780,Social,Mid-Market,2024-07-23 00:00:00+00:00,2024-09-01 00:00:00+00:00,211605,5235,0.0587,1559448.82
MKT-00781,Campaign 0781,Email,SMB,2023-10-11 00:00:00+00:00,2023-11-21 00:00:00+00:00,289212,4484,0.04,1286935.45
MKT-00782,Campaign 0782,Email,SMB,2025-07-27 00:00:00+00:00,2025-09-03 00:00:00+00:00,193256,2064,0.0418,1060114.02
MKT-00783,Campaign 0783,Email,SMB,2024-08-01 00:00:00+00:00,2024-09-17 00:00:00+00:00,690031,5954,0.0575,3850885.94
MKT-00784,Campaign 0784,Search,Mid-Market,2023-01-09 00:00:00+00:00,2023-02-10 00:00:00+00:00,901021,8808,0.0378,4888248.74
MKT-00785,Campaign 0785,Content,SMB,2025-07-07 00:00:00+00:00,2025-09-16 00:00:00+00:00,487492,4673,0.0406,1817018.92
MKT-00786,Campaign 0786,Email,Enterprise,2025-10-22 00:00:00+00:00,2025-11-14 00:00:00+00:00,542053,11599,0.0546,2995031.29
MKT-00787,Campaign 0787,Events,Enterprise,2023-12-17 00:00:00+00:00,2024-01-06 00:00:00+00:00,823108,14792,0.0259,3322205.67
MKT-00788,Campaign 0788,Social,SMB,2024-09-02 00:00:00+00:00,2024-10-26 00:00:00+00:00,299470,2821,0.0311,2007071.73
MKT-00789,Campaign 0789,Search,Enterprise,2023-09-05 00:00:00+00:00,2023-10-26 00:00:00+00:00,541626,7864,0.0146,4479555.95
MKT-00790,Campaign 0790,Partner,Enterprise,2024-12-06 00:00:00+00:00,2025-02-13 00:00:00+00:00,361384,3219,0.0741,2658476.82
MKT-00791,Campaign 0791,Email,Mid-Market,2024-08-11 00:00:00+00:00,2024-09-01 00:00:00+00:00,862646,22327,0.0439,4896247.16
MKT-00792,Campaign 0792,Search,Mid-Market,2024-07-01 00:00:00+00:00,2024-09-23 00:00:00+00:00,751430,8300,0.0588,4393673.47
MKT-00793,Campaign 0793,Events,Enterprise,2023-07-29 00:00:00+00:00,2023-09-26 00:00:00+00:00,573304,7095,0.0229,3787067.61
MKT-00794,Campaign 0794,Search,Mid-Market,2023-10-08 00:00:00+00:00,2023-11-12 00:00:00+00:00,696743,6485,0.0618,5927715.76
MKT-00795,Campaign 0795,Content,Enterprise,2023-06-10 00:00:00+00:00,2023-08-22 00:00:00+00:00,745688,14837,0.0373,6367886.52
MKT-00796,Campaign 0796,Partner,Enterprise,2024-03-10 00:00:00+00:00,2024-05-14 00:00:00+00:00,395625,7489,0.064,2833658.83
MKT-00797,Campaign 0797,Partner,SMB,2023-01-01 00:00:00+00:00,2023-03-26 00:00:00+00:00,508185,6404,0.0388,2877065.96
MKT-00798,Campaign 0798,Events,Enterprise,2024-07-31 00:00:00+00:00,2024-09-24 00:00:00+00:00,274900,3075,0.0247,1219634.03
MKT-00799,Campaign 0799,Content,Mid-Market,2024-02-13 00:00:00+00:00,2024-04-20 00:00:00+00:00,164626,3317,0.0594,683505.93
MKT-00800,Campaign 0800,Events,Enterprise,2024-05-06 00:00:00+00:00,2024-07-27 00:00:00+00:00,881665,7563,0.043,2860522.13
MKT-00801,Campaign 0801,Search,SMB,2025-06-17 00:00:00+00:00,2025-09-03 00:00:00+00:00,150014,1352,0.0232,787100.75
MKT-00802,Campaign 0802,Search,Enterprise,2024-11-03 00:00:00+00:00,2025-01-10 00:00:00+00:00,772369,16679,0.0157,2735826.92
MKT-00803,Campaign 0803,Partner,Enterprise,2026-01-06 00:00:00+00:00,2026-02-18 00:00:00+00:00,536839,4816,0.0486,3804486.83
MKT-00804,Campaign 0804,Events,Mid-Market,2023-02-06 00:00:00+00:00,2023-03-06 00:00:00+00:00,23837,203,0.0416,95947.75
MKT-00805,Campaign 0805,Email,Enterprise,2023-02-24 00:00:00+00:00,2023-03-12 00:00:00+00:00,725511,12727,0.0453,5615384.12
MKT-00806,Campaign 0806,Events,Enterprise,2025-03-31 00:00:00+00:00,2025-05-04 00:00:00+00:00,477404,4231,0.0457,2335025.88
MKT-00807,Campaign 0807,Email,Enterprise,2025-08-10 00:00:00+00:00,2025-09-29 00:00:00+00:00,182872,2134,0.0397,1464805.31
MKT-00808,Campaign 0808,Email,Mid-Market,2024-09-21 00:00:00+00:00,2024-11-22 00:00:00+00:00,56518,527,0.0481,185950.35
MKT-00809,Campaign 0809,Social,SMB,2024-02-29 00:00:00+00:00,2024-03-28 00:00:00+00:00,692053,7756,0.0535,2617350.81
MKT-00810,Campaign 0810,Content,Mid-Market,2025-11-15 00:00:00+00:00,2026-01-26 00:00:00+00:00,512151,8283,0.0396,3891672.47
MKT-00811,Campaign 0811,Events,SMB,2023-11-12 00:00:00+00:00,2024-02-01 00:00:00+00:00,434355,4463,0.0503,2939026.68
MKT-00812,Campaign 0812,Social,SMB,2024-07-22 00:00:00+00:00,2024-08-11 00:00:00+00:00,868757,8867,0.0512,3463391.17
MKT-00813,Campaign 0813,Partner,SMB,2026-01-28 00:00:00+00:00,2026-04-18 00:00:00+00:00,861468,8622,0.0591,7099326.6
MKT-00814,Campaign 0814,Events,SMB,2023-02-12 00:00:00+00:00,2023-04-17 00:00:00+00:00,36001,348,0.0063,250939.61
MKT-00815,Campaign 0815,Social,SMB,2025-07-10 00:00:00+00:00,2025-07-29 00:00:00+00:00,262765,2820,0.0351,1579171.67
MKT-00816,Campaign 0816,Search,Enterprise,2025-07-22 00:00:00+00:00,2025-08-18 00:00:00+00:00,294117,3970,0.0508,2137689.01
MKT-00817,Campaign 0817,Partner,Enterprise,2024-07-25 00:00:00+00:00,2024-10-05 00:00:00+00:00,389865,6004,0.0755,2623363.08
MKT-00818,Campaign 0818,Email,Enterprise,2025-12-18 00:00:00+00:00,2026-03-15 00:00:00+00:00,471287,4032,0.0609,1512562.23
MKT-00819,Campaign 0819,Social,Mid-Market,2023-07-18 00:00:00+00:00,2023-09-27 00:00:00+00:00,668925,6178,0.0612,5498253.27
MKT-00820,Campaign 0820,Social,Mid-Market,2024-12-06 00:00:00+00:00,2025-03-05 00:00:00+00:00,248900,2259,0.0845,1959351.17
MKT-00821,Campaign 0821,Search,Mid-Market,2025-09-28 00:00:00+00:00,2025-11-09 00:00:00+00:00,308940,7148,0.0406,1988631.42
MKT-00822,Campaign 0822,Partner,SMB,2024-03-15 00:00:00+00:00,2024-06-04 00:00:00+00:00,127179,1776,0.0751,781615.52
MKT-00823,Campaign 0823,Content,Enterprise,2023-10-29 00:00:00+00:00,2024-01-18 00:00:00+00:00,36995,553,0.0529,285124.49
MKT-00824,Campaign 0824,Partner,SMB,2024-09-23 00:00:00+00:00,2024-12-13 00:00:00+00:00,262371,2305,0.0263,1050337.64
MKT-00825,Campaign 0825,Social,Mid-Market,2024-09-28 00:00:00+00:00,2024-10-13 00:00:00+00:00,590304,9106,0.0146,5009927.93
MKT-00826,Campaign 0826,Content,Mid-Market,2025-09-25 00:00:00+00:00,2025-12-22 00:00:00+00:00,367050,3068,0.0384,3097737.52
MKT-00827,Campaign 0827,Email,Enterprise,2024-02-02 00:00:00+00:00,2024-03-27 00:00:00+00:00,230579,2137,0.0526,1295234.56
MKT-00828,Campaign 0828,Social,Enterprise,2023-04-07 00:00:00+00:00,2023-05-13 00:00:00+00:00,298824,2640,0.0378,1954541.1
MKT-00829,Campaign 0829,Email,Mid-Market,2025-08-16 00:00:00+00:00,2025-10-27 00:00:00+00:00,887773,19914,0.0439,6130594.96
MKT-00830,Campaign 0830,Events,SMB,2023-03-06 00:00:00+00:00,2023-04-29 00:00:00+00:00,914571,7445,0.0727,6965981.1
MKT-00831,Campaign 0831,Events,SMB,2023-07-30 00:00:00+00:00,2023-09-11 00:00:00+00:00,548171,8027,0.0427,4294129.52
MKT-00832,Campaign 0832,Events,SMB,2025-08-16 00:00:00+00:00,2025-09-09 00:00:00+00:00,885415,20969,0.0734,6337094.24
MKT-00833,Campaign 0833,Email,Enterprise,2025-04-20 00:00:00+00:00,2025-07-05 00:00:00+00:00,893738,9808,0.0544,6954182.45
MKT-00834,Campaign 0834,Events,Mid-Market,2023-07-13 00:00:00+00:00,2023-08-31 00:00:00+00:00,589261,5223,0.0591,2802589.97
MKT-00835,Campaign 0835,Partner,Mid-Market,2023-05-17 00:00:00+00:00,2023-07-17 00:00:00+00:00,730156,7263,0.0384,4346725.23
MKT-00836,Campaign 0836,Social,Enterprise,2025-03-20 00:00:00+00:00,2025-04-11 00:00:00+00:00,67192,682,0.0408,548668.39
MKT-00837,Campaign 0837,Social,Mid-Market,2024-12-24 00:00:00+00:00,2025-01-28 00:00:00+00:00,192982,1612,0.0423,1364001.35
MKT-00838,Campaign 0838,Partner,Enterprise,2025-11-17 00:00:00+00:00,2026-01-23 00:00:00+00:00,88783,727,0.0406,663653.94
MKT-00839,Campaign 0839,Partner,Mid-Market,2024-07-13 00:00:00+00:00,2024-08-18 00:00:00+00:00,691709,6337,0.0524,3968482.8
MKT-00840,Campaign 0840,Events,SMB,2023-10-04 00:00:00+00:00,2023-10-23 00:00:00+00:00,648988,6147,0.0627,3979881.35
MKT-00841,Campaign 0841,Partner,SMB,2023-02-28 00:00:00+00:00,2023-04-05 00:00:00+00:00,449477,6754,0.0814,1790309.58
MKT-00842,Campaign 0842,Content,Enterprise,2025-12-12 00:00:00+00:00,2026-03-03 00:00:00+00:00,620781,8099,0.0308,4265729.29
MKT-00843,Campaign 0843,Email,Mid-Market,2023-04-27 00:00:00+00:00,2023-07-24 00:00:00+00:00,823797,9962,0.042,5390185.91
MKT-00844,Campaign 0844,Events,Mid-Market,2025-07-19 00:00:00+00:00,2025-10-07 00:00:00+00:00,180217,2307,0.0579,1564032.61
MKT-00845,Campaign 0845,Content,Mid-Market,2024-12-18 00:00:00+00:00,2025-01-30 00:00:00+00:00,666754,6194,0.043,4004771.7
MKT-00846,Campaign 0846,Partner,Enterprise,2025-02-26 00:00:00+00:00,2025-05-26 00:00:00+00:00,815480,6555,0.0213,4788637.48
MKT-00847,Campaign 0847,Social,Mid-Market,2024-12-08 00:00:00+00:00,2025-02-25 00:00:00+00:00,688785,12871,0.0547,4218158.79
MKT-00848,Campaign 0848,Email,Mid-Market,2024-09-05 00:00:00+00:00,2024-09-21 00:00:00+00:00,667169,6294,0.0291,5387092.42
MKT-00849,Campaign 0849,Events,SMB,2025-02-09 00:00:00+00:00,2025-03-22 00:00:00+00:00,672846,7476,0.0451,4282348.34
MKT-00850,Campaign 0850,Social,SMB,2023-09-14 00:00:00+00:00,2023-11-30 00:00:00+00:00,200351,1995,0.0695,1167299.46
MKT-00851,Campaign 0851,Partner,Mid-Market,2025-12-30 00:00:00+00:00,2026-01-27 00:00:00+00:00,213764,2670,0.0533,1025965.14
MKT-00852,Campaign 0852,Content,Enterprise,2024-10-31 00:00:00+00:00,2024-12-06 00:00:00+00:00,834392,8544,0.0521,7339323.42
MKT-00853,Campaign 0853,Events,Mid-Market,2023-08-20 00:00:00+00:00,2023-11-17 00:00:00+00:00,246299,2698,0.0659,1742426.0
MKT-00854,Campaign 0854,Events,SMB,2023-02-22 00:00:00+00:00,2023-03-23 00:00:00+00:00,682393,7258,0.04,2619771.66
MKT-00855,Campaign 0855,Partner,Enterprise,2025-04-26 00:00:00+00:00,2025-07-06 00:00:00+00:00,424416,3519,0.0475,1663554.93
MKT-00856,Campaign 0856,Email,SMB,2024-04-17 00:00:00+00:00,2024-06-28 00:00:00+00:00,836903,21392,0.0392,5294092.97
MKT-00857,Campaign 0857,Partner,Enterprise,2025-06-30 00:00:00+00:00,2025-08-03 00:00:00+00:00,275295,4466,0.0546,1894170.53
MKT-00858,Campaign 0858,Content,SMB,2025-01-08 00:00:00+00:00,2025-01-31 00:00:00+00:00,821662,8835,0.0207,4129421.82
MKT-00859,Campaign 0859,Social,SMB,2025-12-25 00:00:00+00:00,2026-01-16 00:00:00+00:00,816676,11767,0.0278,2676557.77
MKT-00860,Campaign 0860,Social,SMB,2025-10-18 00:00:00+00:00,2026-01-08 00:00:00+00:00,21097,279,0.0425,141738.64
MKT-00861,Campaign 0861,Email,Mid-Market,2025-05-11 00:00:00+00:00,2025-06-12 00:00:00+00:00,596238,8121,0.0517,2368510.93
MKT-00862,Campaign 0862,Partner,SMB,2023-08-13 00:00:00+00:00,2023-11-03 00:00:00+00:00,503532,4793,0.0725,3124772.7
MKT-00863,Campaign 0863,Partner,Mid-Market,2025-03-09 00:00:00+00:00,2025-05-01 00:00:00+00:00,440772,10984,0.0277,3653938.81
MKT-00864,Campaign 0864,Social,Enterprise,2023-02-18 00:00:00+00:00,2023-04-16 00:00:00+00:00,109467,1450,0.041,650223.52
MKT-00865,Campaign 0865,Content,Mid-Market,2023-08-05 00:00:00+00:00,2023-10-09 00:00:00+00:00,616050,6483,0.0461,2523011.93
MKT-00866,Campaign 0866,Email,SMB,2023-01-05 00:00:00+00:00,2023-02-20 00:00:00+00:00,324979,4523,0.0236,2007884.9
MKT-00867,Campaign 0867,Email,Enterprise,2025-10-17 00:00:00+00:00,2026-01-13 00:00:00+00:00,499130,12219,0.03,1876150.64
MKT-00868,Campaign 0868,Email,Mid-Market,2025-07-26 00:00:00+00:00,2025-10-17 00:00:00+00:00,286997,2382,0.0133,2205338.66
MKT-00869,Campaign 0869,Search,Mid-Market,2024-02-03 00:00:00+00:00,2024-04-08 00:00:00+00:00,782900,11328,0.0509,4815411.32
MKT-00870,Campaign 0870,Partner,SMB,2024-02-21 00:00:00+00:00,2024-04-30 00:00:00+00:00,480399,4015,0.0291,2572583.06
MKT-00871,Campaign 0871,Email,Enterprise,2023-12-27 00:00:00+00:00,2024-03-05 00:00:00+00:00,425063,3604,0.0616,2664616.7
MKT-00872,Campaign 0872,Email,Enterprise,2023-05-14 00:00:00+00:00,2023-05-30 00:00:00+00:00,781535,16525,0.0487,3359382.1
MKT-00873,Campaign 0873,Events,Enterprise,2023-12-15 00:00:00+00:00,2024-01-19 00:00:00+00:00,99731,1079,0.0389,488044.53
MKT-00874,Campaign 0874,Email,Mid-Market,2025-07-13 00:00:00+00:00,2025-08-28 00:00:00+00:00,149048,2450,0.03,764062.58
MKT-00875,Campaign 0875,Search,Mid-Market,2023-05-07 00:00:00+00:00,2023-05-31 00:00:00+00:00,190244,3553,0.0481,1278832.12
MKT-00876,Campaign 0876,Social,Mid-Market,2023-04-25 00:00:00+00:00,2023-06-11 00:00:00+00:00,439040,5132,0.0379,2864161.66
MKT-00877,Campaign 0877,Events,Mid-Market,2023-09-28 00:00:00+00:00,2023-12-01 00:00:00+00:00,120995,1452,0.0506,468826.5
MKT-00878,Campaign 0878,Content,Mid-Market,2024-10-03 00:00:00+00:00,2024-12-22 00:00:00+00:00,788145,6875,0.0605,6434707.74
MKT-00879,Campaign 0879,Email,Enterprise,2025-11-04 00:00:00+00:00,2026-01-15 00:00:00+00:00,621611,6479,0.0299,2861561.04
MKT-00880,Campaign 0880,Social,Enterprise,2025-01-14 00:00:00+00:00,2025-04-06 00:00:00+00:00,439660,4352,0.0351,3542710.32
MKT-00881,Campaign 0881,Social,Mid-Market,2024-01-02 00:00:00+00:00,2024-03-08 00:00:00+00:00,327813,3087,0.0625,1680584.2
MKT-00882,Campaign 0882,Email,SMB,2025-11-02 00:00:00+00:00,2025-12-28 00:00:00+00:00,260611,6343,0.0642,1585414.16
MKT-00883,Campaign 0883,Content,Mid-Market,2024-07-15 00:00:00+00:00,2024-09-14 00:00:00+00:00,906850,13407,0.0266,5305851.14
MKT-00884,Campaign 0884,Email,Mid-Market,2024-05-13 00:00:00+00:00,2024-06-04 00:00:00+00:00,524129,5822,0.0286,3627360.53
MKT-00885,Campaign 0885,Social,SMB,2026-01-06 00:00:00+00:00,2026-03-24 00:00:00+00:00,410557,3916,0.0284,1915862.79
MKT-00886,Campaign 0886,Email,Mid-Market,2025-02-19 00:00:00+00:00,2025-04-21 00:00:00+00:00,32798,305,0.0458,225329.07
MKT-00887,Campaign 0887,Content,Enterprise,2024-10-09 00:00:00+00:00,2024-12-18 00:00:00+00:00,221862,1955,0.0197,1247097.1
MKT-00888,Campaign 0888,Partner,Mid-Market,2023-01-17 00:00:00+00:00,2023-03-07 00:00:00+00:00,427644,4466,0.0425,3131478.82
MKT-00889,Campaign 0889,Partner,Enterprise,2023-09-30 00:00:00+00:00,2023-12-14 00:00:00+00:00,424385,8897,0.0414,2679086.46
MKT-00890,Campaign 0890,Content,SMB,2024-08-20 00:00:00+00:00,2024-10-05 00:00:00+00:00,491758,8199,0.0322,3734070.69
MKT-00891,Campaign 0891,Search,SMB,2024-11-20 00:00:00+00:00,2025-02-08 00:00:00+00:00,108949,1215,0.0434,888130.43
MKT-00892,Campaign 0892,Search,Enterprise,2024-05-25 00:00:00+00:00,2024-08-23 00:00:00+00:00,217100,2364,0.0434,1203135.63
MKT-00893,Campaign 0893,Social,Mid-Market,2024-06-02 00:00:00+00:00,2024-06-29 00:00:00+00:00,377597,10631,0.0363,1621735.66
MKT-00894,Campaign 0894,Partner,Enterprise,2023-12-08 00:00:00+00:00,2024-03-08 00:00:00+00:00,244640,3072,0.0689,882206.48
MKT-00895,Campaign 0895,Social,Enterprise,2023-01-07 00:00:00+00:00,2023-03-23 00:00:00+00:00,134340,1091,0.0355,691527.39
MKT-00896,Campaign 0896,Search,Enterprise,2025-11-23 00:00:00+00:00,2026-01-07 00:00:00+00:00,111454,2764,0.0427,716484.37
MKT-00897,Campaign 0897,Email,Enterprise,2023-05-16 00:00:00+00:00,2023-07-11 00:00:00+00:00,803665,11788,0.0324,5736966.31
MKT-00898,Campaign 0898,Search,Mid-Market,2025-01-28 00:00:00+00:00,2025-04-24 00:00:00+00:00,823871,9379,0.0575,5604590.96
MKT-00899,Campaign 0899,Content,Mid-Market,2025-01-25 00:00:00+00:00,2025-03-20 00:00:00+00:00,769360,6447,0.0239,3245065.65
MKT-00900,Campaign 0900,Search,Mid-Market,2024-10-12 00:00:00+00:00,2024-11-14 00:00:00+00:00,62252,1492,0.0444,369620.46
MKT-00901,Campaign 0901,Search,SMB,2025-02-26 00:00:00+00:00,2025-04-29 00:00:00+00:00,651868,5911,0.0275,4895766.14
MKT-00902,Campaign 0902,Content,SMB,2023-05-31 00:00:00+00:00,2023-06-29 00:00:00+00:00,822398,13105,0.0146,6254282.23
MKT-00903,Campaign 0903,Content,Enterprise,2024-02-25 00:00:00+00:00,2024-04-09 00:00:00+00:00,130776,2112,0.0313,856063.47
MKT-00904,Campaign 0904,Content,Mid-Market,2025-02-21 00:00:00+00:00,2025-04-27 00:00:00+00:00,883901,14860,0.0318,3488431.33
MKT-00905,Campaign 0905,Email,SMB,2024-10-29 00:00:00+00:00,2024-12-27 00:00:00+00:00,653959,5699,0.0506,3710857.86
MKT-00906,Campaign 0906,Social,SMB,2024-06-09 00:00:00+00:00,2024-08-01 00:00:00+00:00,536660,10751,0.0285,1717598.68
MKT-00907,Campaign 0907,Content,Mid-Market,2023-10-06 00:00:00+00:00,2023-10-30 00:00:00+00:00,147626,3553,0.0088,1038295.54
MKT-00908,Campaign 0908,Events,Enterprise,2025-03-16 00:00:00+00:00,2025-05-27 00:00:00+00:00,822468,7711,0.0102,4378305.83
MKT-00909,Campaign 0909,Search,Mid-Market,2023-01-18 00:00:00+00:00,2023-02-20 00:00:00+00:00,886562,7807,0.0446,3812591.52
MKT-00910,Campaign 0910,Search,Enterprise,2025-04-26 00:00:00+00:00,2025-05-18 00:00:00+00:00,487640,8388,0.0495,2180861.83
MKT-00911,Campaign 0911,Content,Enterprise,2025-07-20 00:00:00+00:00,2025-08-24 00:00:00+00:00,505957,4127,0.0448,1638545.13
MKT-00912,Campaign 0912,Partner,Enterprise,2025-08-05 00:00:00+00:00,2025-09-25 00:00:00+00:00,48837,410,0.0352,386197.14
MKT-00913,Campaign 0913,Search,Mid-Market,2024-09-08 00:00:00+00:00,2024-09-27 00:00:00+00:00,91781,1998,0.0471,296001.8
MKT-00914,Campaign 0914,Content,Mid-Market,2024-05-27 00:00:00+00:00,2024-08-02 00:00:00+00:00,241666,4931,0.0124,1254453.66
MKT-00915,Campaign 0915,Events,Mid-Market,2023-07-24 00:00:00+00:00,2023-09-29 00:00:00+00:00,86164,1245,0.0098,582205.36
MKT-00916,Campaign 0916,Content,SMB,2025-10-05 00:00:00+00:00,2025-11-27 00:00:00+00:00,893989,9360,0.0187,6954084.55
MKT-00917,Campaign 0917,Content,SMB,2025-04-06 00:00:00+00:00,2025-05-26 00:00:00+00:00,394803,11070,0.0391,3376608.23
MKT-00918,Campaign 0918,Events,Mid-Market,2024-02-25 00:00:00+00:00,2024-04-01 00:00:00+00:00,751697,8343,0.0545,3587002.26
MKT-00919,Campaign 0919,Search,SMB,2024-02-26 00:00:00+00:00,2024-04-16 00:00:00+00:00,320924,2864,0.0259,1029038.33
MKT-00920,Campaign 0920,Email,Enterprise,2025-02-01 00:00:00+00:00,2025-03-26 00:00:00+00:00,904694,11594,0.0277,6646518.41
MKT-00921,Campaign 0921,Content,Mid-Market,2023-08-28 00:00:00+00:00,2023-10-27 00:00:00+00:00,530061,12554,0.0521,3204428.27
MKT-00922,Campaign 0922,Email,Enterprise,2024-02-17 00:00:00+00:00,2024-04-16 00:00:00+00:00,404065,7755,0.0353,2236818.86
MKT-00923,Campaign 0923,Social,SMB,2024-12-04 00:00:00+00:00,2025-01-06 00:00:00+00:00,39088,432,0.0449,279785.34
MKT-00924,Campaign 0924,Social,Enterprise,2025-10-23 00:00:00+00:00,2025-12-18 00:00:00+00:00,222706,2460,0.0436,1951416.44
MKT-00925,Campaign 0925,Partner,Enterprise,2025-10-24 00:00:00+00:00,2025-12-06 00:00:00+00:00,269464,5602,0.0221,1203076.06
MKT-00926,Campaign 0926,Search,SMB,2024-05-02 00:00:00+00:00,2024-06-29 00:00:00+00:00,258011,2828,0.0707,1732610.86
MKT-00927,Campaign 0927,Email,SMB,2024-09-11 00:00:00+00:00,2024-11-16 00:00:00+00:00,283621,4525,0.0279,1854274.14
MKT-00928,Campaign 0928,Social,SMB,2023-08-30 00:00:00+00:00,2023-10-17 00:00:00+00:00,763182,17242,0.0724,5072333.1
MKT-00929,Campaign 0929,Content,Enterprise,2023-07-13 00:00:00+00:00,2023-08-22 00:00:00+00:00,654221,7697,0.0507,4034180.16
MKT-00930,Campaign 0930,Events,SMB,2026-02-05 00:00:00+00:00,2026-03-16 00:00:00+00:00,200147,2072,0.0464,1732502.12
MKT-00931,Campaign 0931,Social,Enterprise,2023-02-08 00:00:00+00:00,2023-05-01 00:00:00+00:00,461825,7877,0.0182,2133213.04
MKT-00932,Campaign 0932,Social,Enterprise,2023-12-13 00:00:00+00:00,2024-01-01 00:00:00+00:00,566312,5401,0.0475,4580203.79
MKT-00933,Campaign 0933,Partner,Enterprise,2024-12-22 00:00:00+00:00,2025-03-10 00:00:00+00:00,761981,18687,0.0407,5253547.63
MKT-00934,Campaign 0934,Partner,Enterprise,2025-11-11 00:00:00+00:00,2025-11-28 00:00:00+00:00,829428,13999,0.0384,6867280.16
MKT-00935,Campaign 0935,Content,Mid-Market,2025-05-10 00:00:00+00:00,2025-07-12 00:00:00+00:00,355684,4739,0.0212,2724372.25
MKT-00936,Campaign 0936,Partner,Mid-Market,2025-08-23 00:00:00+00:00,2025-10-17 00:00:00+00:00,752816,9595,0.056,5188889.66
MKT-00937,Campaign 0937,Search,Mid-Market,2023-01-28 00:00:00+00:00,2023-04-07 00:00:00+00:00,200326,2210,0.0567,693123.59
MKT-00938,Campaign 0938,Email,Mid-Market,2024-09-10 00:00:00+00:00,2024-11-29 00:00:00+00:00,399340,6320,0.0146,2630544.5
MKT-00939,Campaign 0939,Search,Mid-Market,2024-03-19 00:00:00+00:00,2024-06-05 00:00:00+00:00,290851,5864,0.0324,1292349.89
MKT-00940,Campaign 0940,Content,SMB,2023-11-24 00:00:00+00:00,2024-02-07 00:00:00+00:00,369611,3026,0.0374,1884560.03
MKT-00941,Campaign 0941,Partner,Enterprise,2024-10-07 00:00:00+00:00,2024-12-06 00:00:00+00:00,178585,3933,0.0474,968977.39
MKT-00942,Campaign 0942,Partner,Mid-Market,2023-03-21 00:00:00+00:00,2023-05-15 00:00:00+00:00,554218,15605,0.0443,4485927.65
MKT-00943,Campaign 0943,Partner,SMB,2023-11-30 00:00:00+00:00,2024-02-05 00:00:00+00:00,781432,9316,0.0409,6598512.68
MKT-00944,Campaign 0944,Search,Enterprise,2023-10-19 00:00:00+00:00,2023-12-21 00:00:00+00:00,412658,8461,0.0498,3103652.48
MKT-00945,Campaign 0945,Partner,Enterprise,2024-02-02 00:00:00+00:00,2024-03-27 00:00:00+00:00,290014,3069,0.0719,1174558.67
MKT-00946,Campaign 0946,Partner,Enterprise,2025-10-17 00:00:00+00:00,2026-01-15 00:00:00+00:00,265734,2821,0.0373,1438087.08
MKT-00947,Campaign 0947,Events,Mid-Market,2024-12-23 00:00:00+00:00,2025-01-30 00:00:00+00:00,471751,5876,0.0585,1523497.29
MKT-00948,Campaign 0948,Partner,Enterprise,2023-11-22 00:00:00+00:00,2024-02-19 00:00:00+00:00,120042,1837,0.0701,960240.73
MKT-00949,Campaign 0949,Events,Enterprise,2025-09-15 00:00:00+00:00,2025-11-24 00:00:00+00:00,216962,2236,0.0664,861833.64
MKT-00950,Campaign 0950,Email,Mid-Market,2023-09-26 00:00:00+00:00,2023-12-26 00:00:00+00:00,299023,3386,0.0525,2042432.97
MKT-00951,Campaign 0951,Email,Mid-Market,2026-01-04 00:00:00+00:00,2026-02-06 00:00:00+00:00,557275,9276,0.0525,3440836.57
MKT-00952,Campaign 0952,Email,SMB,2023-03-07 00:00:00+00:00,2023-03-22 00:00:00+00:00,144966,3201,0.0489,669395.75
MKT-00953,Campaign 0953,Social,Mid-Market,2025-11-02 00:00:00+00:00,2025-12-15 00:00:00+00:00,837070,17845,0.0691,5398000.0
MKT-00954,Campaign 0954,Search,SMB,2024-08-18 00:00:00+00:00,2024-10-20 00:00:00+00:00,74478,861,0.0358,364796.1
MKT-00955,Campaign 0955,Email,Mid-Market,2023-10-02 00:00:00+00:00,2023-12-28 00:00:00+00:00,726485,9578,0.036,3602143.18
MKT-00956,Campaign 0956,Social,Mid-Market,2024-09-18 00:00:00+00:00,2024-11-29 00:00:00+00:00,825989,8614,0.0315,3255051.81
MKT-00957,Campaign 0957,Events,Mid-Market,2025-06-30 00:00:00+00:00,2025-08-01 00:00:00+00:00,892380,22844,0.081,5596218.19
MKT-00958,Campaign 0958,Content,Enterprise,2025-03-02 00:00:00+00:00,2025-03-24 00:00:00+00:00,613153,5008,0.0666,5042114.53
MKT-00959,Campaign 0959,Partner,Enterprise,2026-02-09 00:00:00+00:00,2026-04-07 00:00:00+00:00,777850,9134,0.0323,3996559.47
MKT-00960,Campaign 0960,Content,Enterprise,2025-09-24 00:00:00+00:00,2025-11-05 00:00:00+00:00,887942,16416,0.0227,5708588.46
MKT-00961,Campaign 0961,Partner,Enterprise,2023-11-03 00:00:00+00:00,2023-12-15 00:00:00+00:00,287955,5401,0.0388,1528262.11
MKT-00962,Campaign 0962,Partner,Mid-Market,2023-05-01 00:00:00+00:00,2023-05-27 00:00:00+00:00,691607,6077,0.0431,3303266.21
MKT-00963,Campaign 0963,Search,SMB,2025-03-11 00:00:00+00:00,2025-05-07 00:00:00+00:00,104758,2463,0.0461,623748.56
MKT-00964,Campaign 0964,Search,Mid-Market,2024-03-04 00:00:00+00:00,2024-04-17 00:00:00+00:00,676787,15152,0.0174,3125975.28
MKT-00965,Campaign 0965,Search,Enterprise,2024-10-11 00:00:00+00:00,2024-11-06 00:00:00+00:00,670680,6368,0.0302,4740951.98
MKT-00966,Campaign 0966,Search,Enterprise,2024-12-08 00:00:00+00:00,2025-01-25 00:00:00+00:00,448691,3730,0.0614,3729166.16
MKT-00967,Campaign 0967,Email,Mid-Market,2023-04-12 00:00:00+00:00,2023-05-03 00:00:00+00:00,144617,1936,0.0518,802125.6
MKT-00968,Campaign 0968,Events,Mid-Market,2023-08-08 00:00:00+00:00,2023-09-04 00:00:00+00:00,576594,13190,0.0308,4026761.68
MKT-00969,Campaign 0969,Events,SMB,2025-08-28 00:00:00+00:00,2025-10-29 00:00:00+00:00,107242,1105,0.0575,490441.23
MKT-00970,Campaign 0970,Social,SMB,2023-11-08 00:00:00+00:00,2023-12-30 00:00:00+00:00,104476,1756,0.0576,636532.07
MKT-00971,Campaign 0971,Email,SMB,2024-03-11 00:00:00+00:00,2024-04-01 00:00:00+00:00,523923,4350,0.0776,3418641.71
MKT-00972,Campaign 0972,Events,Mid-Market,2025-07-03 00:00:00+00:00,2025-07-31 00:00:00+00:00,617084,5314,0.0385,4871257.83
MKT-00973,Campaign 0973,Social,SMB,2023-09-21 00:00:00+00:00,2023-10-08 00:00:00+00:00,372041,3259,0.0312,2627385.67
MKT-00974,Campaign 0974,Search,SMB,2023-02-09 00:00:00+00:00,2023-05-05 00:00:00+00:00,597590,16949,0.0396,2891773.33
MKT-00975,Campaign 0975,Search,Enterprise,2024-07-18 00:00:00+00:00,2024-09-03 00:00:00+00:00,610987,5109,0.0568,4624155.14
MKT-00976,Campaign 0976,Content,Mid-Market,2025-10-24 00:00:00+00:00,2025-11-20 00:00:00+00:00,459224,4753,0.0219,3650437.41
MKT-00977,Campaign 0977,Social,Mid-Market,2024-09-07 00:00:00+00:00,2024-10-17 00:00:00+00:00,552588,14036,0.0421,3466037.39
MKT-00978,Campaign 0978,Search,Mid-Market,2025-06-21 00:00:00+00:00,2025-08-13 00:00:00+00:00,610051,6121,0.0426,3897071.48
MKT-00979,Campaign 0979,Content,Mid-Market,2024-09-25 00:00:00+00:00,2024-10-13 00:00:00+00:00,606610,5149,0.0633,4249633.67
MKT-00980,Campaign 0980,Email,Enterprise,2024-01-09 00:00:00+00:00,2024-02-18 00:00:00+00:00,745633,11294,0.0334,4334882.78
MKT-00981,Campaign 0981,Content,SMB,2025-09-27 00:00:00+00:00,2025-11-16 00:00:00+00:00,579124,6024,0.0397,3719442.85
MKT-00982,Campaign 0982,Search,Enterprise,2024-02-03 00:00:00+00:00,2024-03-20 00:00:00+00:00,393318,6058,0.0504,2782786.03
MKT-00983,Campaign 0983,Search,Enterprise,2023-10-18 00:00:00+00:00,2024-01-16 00:00:00+00:00,200481,2132,0.0322,947082.93
MKT-00984,Campaign 0984,Email,SMB,2023-10-07 00:00:00+00:00,2023-11-20 00:00:00+00:00,312763,3794,0.0293,1146442.89
MKT-00985,Campaign 0985,Content,SMB,2023-10-17 00:00:00+00:00,2023-11-14 00:00:00+00:00,439883,9433,0.072,2178164.19
MKT-00986,Campaign 0986,Email,SMB,2023-01-09 00:00:00+00:00,2023-04-09 00:00:00+00:00,282895,7930,0.0509,1535294.19
MKT-00987,Campaign 0987,Partner,SMB,2025-09-27 00:00:00+00:00,2025-12-25 00:00:00+00:00,23931,230,0.0614,196258.59
MKT-00988,Campaign 0988,Events,Enterprise,2025-03-23 00:00:00+00:00,2025-05-27 00:00:00+00:00,807588,14695,0.0536,6686651.21
MKT-00989,Campaign 0989,Search,Mid-Market,2023-03-20 00:00:00+00:00,2023-06-05 00:00:00+00:00,655300,9122,0.0401,4364168.38
MKT-00990,Campaign 0990,Content,Enterprise,2025-07-03 00:00:00+00:00,2025-07-20 00:00:00+00:00,890129,7710,0.0323,3327741.92
MKT-00991,Campaign 0991,Search,Mid-Market,2025-06-29 00:00:00+00:00,2025-08-28 00:00:00+00:00,818198,7359,0.033,3255827.38
MKT-00992,Campaign 0992,Partner,Mid-Market,2023-07-30 00:00:00+00:00,2023-10-17 00:00:00+00:00,744229,8056,0.0302,2390370.91
MKT-00993,Campaign 0993,Search,SMB,2023-11-10 00:00:00+00:00,2023-11-24 00:00:00+00:00,875501,14612,0.0303,4990069.82
MKT-00994,Campaign 0994,Partner,SMB,2024-04-03 00:00:00+00:00,2024-05-29 00:00:00+00:00,642776,13909,0.0295,4480691.21
MKT-00995,Campaign 0995,Content,Mid-Market,2024-12-13 00:00:00+00:00,2025-01-08 00:00:00+00:00,900330,17618,0.0545,7616221.14
MKT-00996,Campaign 0996,Content,Mid-Market,2024-06-06 00:00:00+00:00,2024-06-29 00:00:00+00:00,776591,6449,0.0266,3461696.01
MKT-00997,Campaign 0997,Partner,Mid-Market,2023-10-24 00:00:00+00:00,2023-12-28 00:00:00+00:00,514307,5604,0.0643,2039806.98
MKT-00998,Campaign 0998,Search,Mid-Market,2023-04-13 00:00:00+00:00,2023-06-02 00:00:00+00:00,708430,9811,0.0541,3332724.75
MKT-00999,Campaign 0999,Search,Enterprise,2025-12-18 00:00:00+00:00,2026-02-03 00:00:00+00:00,504710,4205,0.0528,3150848.51
MKT-01000,Campaign 1000,Partner,Mid-Market,2023-11-30 00:00:00+00:00,2023-12-24 00:00:00+00:00,288732,3480,0.0458,984227.05
MKT-01001,Campaign 1001,Email,Enterprise,2025-06-24 00:00:00+00:00,2025-08-02 00:00:00+00:00,130914,1837,0.0487,1026947.48
MKT-01002,Campaign 1002,Search,Enterprise,2023-11-29 00:00:00+00:00,2024-01-25 00:00:00+00:00,256083,5526,0.0352,1704742.64
MKT-01003,Campaign 1003,Social,SMB,2026-01-22 00:00:00+00:00,2026-03-09 00:00:00+00:00,733573,17215,0.0285,5494928.18
MKT-01004,Campaign 1004,Events,Enterprise,2025-09-12 00:00:00+00:00,2025-10-24 00:00:00+00:00,804017,8438,0.0349,6862973.48
MKT-01005,Campaign 1005,Search,Mid-Market,2023-09-14 00:00:00+00:00,2023-12-12 00:00:00+00:00,919546,23004,0.021,6687288.42
MKT-01006,Campaign 1006,Partner,Mid-Market,2023-05-03 00:00:00+00:00,2023-05-22 00:00:00+00:00,791883,18683,0.0493,6125193.14
MKT-01007,Campaign 1007,Partner,Mid-Market,2025-04-28 00:00:00+00:00,2025-06-13 00:00:00+00:00,117173,964,0.026,804295.18
MKT-01008,Campaign 1008,Events,SMB,2023-09-30 00:00:00+00:00,2023-12-03 00:00:00+00:00,275640,3118,0.0524,1307730.2
MKT-01009,Campaign 1009,Events,SMB,2024-11-16 00:00:00+00:00,2025-01-14 00:00:00+00:00,592272,5128,0.0529,2595810.27
MKT-01010,Campaign 1010,Search,Enterprise,2024-06-06 00:00:00+00:00,2024-07-08 00:00:00+00:00,263924,5252,0.0462,2291322.86
MKT-01011,Campaign 1011,Email,Mid-Market,2024-07-18 00:00:00+00:00,2024-09-14 00:00:00+00:00,234555,1946,0.0339,1292028.44
MKT-01012,Campaign 1012,Social,Enterprise,2023-06-09 00:00:00+00:00,2023-08-21 00:00:00+00:00,888135,9005,0.0285,5361974.21
MKT-01013,Campaign 1013,Events,SMB,2023-04-08 00:00:00+00:00,2023-05-31 00:00:00+00:00,743078,11720,0.0304,3232907.31
MKT-01014,Campaign 1014,Content,Enterprise,2023-08-21 00:00:00+00:00,2023-11-13 00:00:00+00:00,537114,4610,0.0272,2070891.99
MKT-01015,Campaign 1015,Content,SMB,2024-10-29 00:00:00+00:00,2025-01-04 00:00:00+00:00,114660,2581,0.0418,654764.41
MKT-01016,Campaign 1016,Content,SMB,2026-01-03 00:00:00+00:00,2026-02-04 00:00:00+00:00,699960,6058,0.0402,4726865.64
MKT-01017,Campaign 1017,Email,SMB,2023-10-28 00:00:00+00:00,2023-12-31 00:00:00+00:00,534077,5652,0.0725,4320440.2
MKT-01018,Campaign 1018,Partner,Mid-Market,2025-09-25 00:00:00+00:00,2025-11-01 00:00:00+00:00,54821,678,0.0717,276452.57
MKT-01019,Campaign 1019,Email,Mid-Market,2024-10-26 00:00:00+00:00,2024-11-28 00:00:00+00:00,668303,5849,0.0664,3643871.78
MKT-01020,Campaign 1020,Social,Mid-Market,2023-05-27 00:00:00+00:00,2023-06-13 00:00:00+00:00,477173,13171,0.0388,3852879.2
MKT-01021,Campaign 1021,Partner,Enterprise,2024-12-14 00:00:00+00:00,2025-02-24 00:00:00+00:00,575647,6766,0.0194,4126026.07
MKT-01022,Campaign 1022,Social,Enterprise,2023-11-09 00:00:00+00:00,2023-12-30 00:00:00+00:00,381453,4725,0.045,1826017.65
MKT-01023,Campaign 1023,Events,SMB,2024-08-08 00:00:00+00:00,2024-10-25 00:00:00+00:00,490225,10011,0.038,4083004.06
MKT-01024,Campaign 1024,Search,Mid-Market,2025-09-27 00:00:00+00:00,2025-12-15 00:00:00+00:00,256991,4403,0.0426,891257.27
MKT-01025,Campaign 1025,Events,SMB,2025-08-27 00:00:00+00:00,2025-10-01 00:00:00+00:00,319758,6200,0.0489,2176054.21
MKT-01026,Campaign 1026,Email,Enterprise,2024-02-08 00:00:00+00:00,2024-03-01 00:00:00+00:00,305968,5351,0.0533,2645004.06
MKT-01027,Campaign 1027,Search,Enterprise,2023-11-22 00:00:00+00:00,2024-01-31 00:00:00+00:00,187564,1907,0.0136,662024.16
MKT-01028,Campaign 1028,Email,Mid-Market,2024-05-23 00:00:00+00:00,2024-06-19 00:00:00+00:00,787354,6461,0.0627,4956647.65
MKT-01029,Campaign 1029,Content,Enterprise,2024-12-04 00:00:00+00:00,2025-02-09 00:00:00+00:00,287977,3080,0.0573,1515882.03
MKT-01030,Campaign 1030,Social,Mid-Market,2023-07-29 00:00:00+00:00,2023-10-09 00:00:00+00:00,35498,419,0.0328,195471.95
MKT-01031,Campaign 1031,Email,Enterprise,2025-10-27 00:00:00+00:00,2026-01-03 00:00:00+00:00,406680,5127,0.0562,1843938.66
MKT-01032,Campaign 1032,Events,Mid-Market,2024-09-20 00:00:00+00:00,2024-11-22 00:00:00+00:00,647433,13603,0.038,5356774.07
MKT-01033,Campaign 1033,Search,Enterprise,2023-09-21 00:00:00+00:00,2023-10-22 00:00:00+00:00,672507,6559,0.0426,2751873.25
MKT-01034,Campaign 1034,Social,Mid-Market,2023-06-16 00:00:00+00:00,2023-07-15 00:00:00+00:00,478047,4083,0.0396,1750016.49
MKT-01035,Campaign 1035,Social,Mid-Market,2024-12-12 00:00:00+00:00,2025-02-15 00:00:00+00:00,29480,429,0.0304,110850.7
MKT-01036,Campaign 1036,Search,Mid-Market,2024-08-25 00:00:00+00:00,2024-09-21 00:00:00+00:00,357030,7852,0.0219,1222944.17
MKT-01037,Campaign 1037,Email,SMB,2023-09-24 00:00:00+00:00,2023-11-13 00:00:00+00:00,616726,6303,0.0857,3939527.01
MKT-01038,Campaign 1038,Email,Mid-Market,2025-11-22 00:00:00+00:00,2025-12-11 00:00:00+00:00,824765,8075,0.0521,3811827.43
MKT-01039,Campaign 1039,Social,Mid-Market,2024-11-16 00:00:00+00:00,2024-12-19 00:00:00+00:00,603978,12644,0.0442,4978181.6
MKT-01040,Campaign 1040,Partner,Mid-Market,2024-07-02 00:00:00+00:00,2024-07-17 00:00:00+00:00,703075,12394,0.071,5308370.04
MKT-01041,Campaign 1041,Events,Mid-Market,2023-11-29 00:00:00+00:00,2024-01-04 00:00:00+00:00,829398,12643,0.0151,5488527.14
MKT-01042,Campaign 1042,Social,SMB,2025-08-02 00:00:00+00:00,2025-09-17 00:00:00+00:00,563648,8791,0.0381,2656029.7
MKT-01043,Campaign 1043,Social,Enterprise,2025-09-26 00:00:00+00:00,2025-10-17 00:00:00+00:00,493076,8243,0.0321,4233089.25
MKT-01044,Campaign 1044,Events,Mid-Market,2024-10-22 00:00:00+00:00,2024-11-13 00:00:00+00:00,394728,4497,0.0341,1631983.41
MKT-01045,Campaign 1045,Social,Enterprise,2025-12-24 00:00:00+00:00,2026-03-06 00:00:00+00:00,336025,3010,0.0425,2827442.29
MKT-01046,Campaign 1046,Search,Enterprise,2024-02-27 00:00:00+00:00,2024-04-03 00:00:00+00:00,842753,9598,0.035,4233990.83
MKT-01047,Campaign 1047,Partner,Mid-Market,2023-03-08 00:00:00+00:00,2023-04-25 00:00:00+00:00,126333,2554,0.0135,902479.5
MKT-01048,Campaign 1048,Social,Mid-Market,2025-12-19 00:00:00+00:00,2026-03-11 00:00:00+00:00,864626,18120,0.0258,6172697.89
MKT-01049,Campaign 1049,Events,SMB,2025-03-12 00:00:00+00:00,2025-03-30 00:00:00+00:00,608330,4985,0.0273,3771044.13
MKT-01050,Campaign 1050,Content,Mid-Market,2026-02-20 00:00:00+00:00,2026-03-09 00:00:00+00:00,679692,19000,0.0349,3445223.13
MKT-01051,Campaign 1051,Search,Enterprise,2025-05-01 00:00:00+00:00,2025-06-12 00:00:00+00:00,615956,5171,0.0267,2855820.18
MKT-01052,Campaign 1052,Search,Mid-Market,2024-01-10 00:00:00+00:00,2024-03-26 00:00:00+00:00,400864,5214,0.0392,2259202.73
MKT-01053,Campaign 1053,Social,Mid-Market,2025-03-01 00:00:00+00:00,2025-05-29 00:00:00+00:00,733609,20656,0.0396,6080624.16
MKT-01054,Campaign 1054,Events,Enterprise,2026-02-11 00:00:00+00:00,2026-03-26 00:00:00+00:00,904849,15873,0.0075,4496926.93
MKT-01055,Campaign 1055,Search,Mid-Market,2024-05-27 00:00:00+00:00,2024-07-03 00:00:00+00:00,309628,3423,0.0248,2054937.0
MKT-01056,Campaign 1056,Search,Mid-Market,2026-02-05 00:00:00+00:00,2026-03-23 00:00:00+00:00,58320,1086,0.0455,213113.66
MKT-01057,Campaign 1057,Partner,Enterprise,2024-02-26 00:00:00+00:00,2024-04-21 00:00:00+00:00,386129,3269,0.0402,1608900.26
MKT-01058,Campaign 1058,Events,Mid-Market,2024-01-02 00:00:00+00:00,2024-03-31 00:00:00+00:00,784207,20757,0.0139,2572113.62
MKT-01059,Campaign 1059,Search,Mid-Market,2024-03-19 00:00:00+00:00,2024-04-19 00:00:00+00:00,125228,1913,0.0549,1041336.39
MKT-01060,Campaign 1060,Social,Enterprise,2024-06-08 00:00:00+00:00,2024-08-05 00:00:00+00:00,285660,4321,0.0517,1901930.53
MKT-01061,Campaign 1061,Events,Mid-Market,2025-12-09 00:00:00+00:00,2026-03-02 00:00:00+00:00,749258,7634,0.0793,5515036.71
MKT-01062,Campaign 1062,Social,Enterprise,2023-02-17 00:00:00+00:00,2023-03-05 00:00:00+00:00,457711,3698,0.0702,3313285.59
MKT-01063,Campaign 1063,Search,SMB,2023-06-24 00:00:00+00:00,2023-08-26 00:00:00+00:00,498624,4138,0.0284,1652153.91
MKT-01064,Campaign 1064,Events,Mid-Market,2023-01-19 00:00:00+00:00,2023-04-04 00:00:00+00:00,95408,1312,0.04,556320.84
MKT-01065,Campaign 1065,Search,Enterprise,2024-10-06 00:00:00+00:00,2024-11-16 00:00:00+00:00,754425,8169,0.0425,6198160.62
MKT-01066,Campaign 1066,Content,Mid-Market,2023-07-01 00:00:00+00:00,2023-08-27 00:00:00+00:00,438762,3728,0.0624,3206132.58
MKT-01067,Campaign 1067,Partner,Enterprise,2026-01-20 00:00:00+00:00,2026-04-09 00:00:00+00:00,512341,4998,0.0374,3662749.4
MKT-01068,Campaign 1068,Social,SMB,2023-11-05 00:00:00+00:00,2024-01-18 00:00:00+00:00,224986,4626,0.0635,1502074.69
MKT-01069,Campaign 1069,Content,Enterprise,2024-03-12 00:00:00+00:00,2024-05-14 00:00:00+00:00,33976,288,0.0465,164363.29
MKT-01070,Campaign 1070,Events,Enterprise,2025-10-22 00:00:00+00:00,2025-11-16 00:00:00+00:00,302823,4014,0.0292,1583953.5
MKT-01071,Campaign 1071,Social,SMB,2025-02-01 00:00:00+00:00,2025-03-02 00:00:00+00:00,179872,2460,0.0231,576589.27
MKT-01072,Campaign 1072,Email,SMB,2024-01-12 00:00:00+00:00,2024-02-15 00:00:00+00:00,528663,12875,0.0583,3695112.6
MKT-01073,Campaign 1073,Partner,Enterprise,2025-12-15 00:00:00+00:00,2026-02-21 00:00:00+00:00,289458,2576,0.0575,1347417.58
MKT-01074,Campaign 1074,Partner,Mid-Market,2025-04-04 00:00:00+00:00,2025-06-28 00:00:00+00:00,894872,7628,0.0595,4678463.02
MKT-01075,Campaign 1075,Email,SMB,2023-01-28 00:00:00+00:00,2023-03-23 00:00:00+00:00,261810,2265,0.004,960986.59
MKT-01076,Campaign 1076,Content,Enterprise,2025-12-24 00:00:00+00:00,2026-02-09 00:00:00+00:00,221209,4218,0.0399,1792154.95
MKT-01077,Campaign 1077,Search,SMB,2023-01-31 00:00:00+00:00,2023-04-30 00:00:00+00:00,279623,6234,0.0621,1166424.82
MKT-01078,Campaign 1078,Email,Mid-Market,2024-08-28 00:00:00+00:00,2024-10-20 00:00:00+00:00,327247,5949,0.0191,1862955.23
MKT-01079,Campaign 1079,Social,SMB,2023-04-30 00:00:00+00:00,2023-07-06 00:00:00+00:00,696040,12071,0.0511,3635441.17
MKT-01080,Campaign 1080,Content,Mid-Market,2025-08-23 00:00:00+00:00,2025-10-26 00:00:00+00:00,234287,3592,0.0331,1016862.93
MKT-01081,Campaign 1081,Social,SMB,2025-08-03 00:00:00+00:00,2025-10-23 00:00:00+00:00,707858,8745,0.0269,5626324.5
MKT-01082,Campaign 1082,Content,Mid-Market,2024-04-23 00:00:00+00:00,2024-06-17 00:00:00+00:00,473538,3825,0.0304,2194285.25
MKT-01083,Campaign 1083,Partner,SMB,2024-01-17 00:00:00+00:00,2024-02-28 00:00:00+00:00,767934,11267,0.0673,3816351.21
MKT-01084,Campaign 1084,Content,Mid-Market,2023-10-21 00:00:00+00:00,2024-01-01 00:00:00+00:00,259354,4707,0.0563,2031015.91
MKT-01085,Campaign 1085,Email,Enterprise,2025-12-02 00:00:00+00:00,2025-12-20 00:00:00+00:00,419350,7827,0.0401,2321309.54
MKT-01086,Campaign 1086,Social,SMB,2025-06-07 00:00:00+00:00,2025-07-08 00:00:00+00:00,191383,2166,0.0772,1220614.02
MKT-01087,Campaign 1087,Social,Enterprise,2023-05-08 00:00:00+00:00,2023-05-30 00:00:00+00:00,401509,4139,0.0133,3019602.02
MKT-01088,Campaign 1088,Partner,Enterprise,2025-01-09 00:00:00+00:00,2025-04-04 00:00:00+00:00,606184,7931,0.0318,3138439.83
MKT-01089,Campaign 1089,Search,Mid-Market,2025-12-09 00:00:00+00:00,2026-03-01 00:00:00+00:00,517570,4777,0.0676,2970626.27
MKT-01090,Campaign 1090,Email,SMB,2025-01-30 00:00:00+00:00,2025-02-17 00:00:00+00:00,176508,4851,0.0391,889345.39
MKT-01091,Campaign 1091,Email,Mid-Market,2024-01-15 00:00:00+00:00,2024-02-16 00:00:00+00:00,630814,7017,0.0387,2333301.87
MKT-01092,Campaign 1092,Social,Enterprise,2024-01-15 00:00:00+00:00,2024-03-07 00:00:00+00:00,526013,5877,0.0401,3692217.31
MKT-01093,Campaign 1093,Email,Enterprise,2025-10-06 00:00:00+00:00,2026-01-03 00:00:00+00:00,513431,4430,0.0347,2708424.2
MKT-01094,Campaign 1094,Email,Enterprise,2024-07-24 00:00:00+00:00,2024-10-23 00:00:00+00:00,66801,1250,0.0569,234173.95
MKT-01095,Campaign 1095,Search,Mid-Market,2023-11-23 00:00:00+00:00,2024-01-22 00:00:00+00:00,368576,5375,0.0288,3153464.33
MKT-01096,Campaign 1096,Email,Enterprise,2024-03-24 00:00:00+00:00,2024-05-28 00:00:00+00:00,665771,8381,0.085,3799406.48
MKT-01097,Campaign 1097,Events,SMB,2023-11-02 00:00:00+00:00,2023-12-11 00:00:00+00:00,373476,4545,0.0194,1230005.42
MKT-01098,Campaign 1098,Events,SMB,2025-11-05 00:00:00+00:00,2025-12-26 00:00:00+00:00,18435,305,0.0691,96205.09
MKT-01099,Campaign 1099,Social,SMB,2023-03-22 00:00:00+00:00,2023-06-16 00:00:00+00:00,264782,3273,0.0552,1940820.41
MKT-01100,Campaign 1100,Social,Mid-Market,2025-12-07 00:00:00+00:00,2026-03-05 00:00:00+00:00,630505,12699,0.0311,2957233.2
MKT-01101,Campaign 1101,Content,Mid-Market,2024-09-19 00:00:00+00:00,2024-11-14 00:00:00+00:00,207814,3038,0.0461,700583.76
MKT-01102,Campaign 1102,Search,Mid-Market,2023-05-11 00:00:00+00:00,2023-05-31 00:00:00+00:00,148707,1239,0.0555,1299086.1
MKT-01103,Campaign 1103,Social,Mid-Market,2024-10-20 00:00:00+00:00,2024-11-28 00:00:00+00:00,686442,13288,0.052,4580386.35
MKT-01104,Campaign 1104,Social,SMB,2025-03-25 00:00:00+00:00,2025-05-10 00:00:00+00:00,651944,13771,0.0116,3900276.8
MKT-01105,Campaign 1105,Social,SMB,2025-08-24 00:00:00+00:00,2025-09-30 00:00:00+00:00,552375,14649,0.0482,4194451.19
MKT-01106,Campaign 1106,Partner,Enterprise,2023-10-29 00:00:00+00:00,2024-01-21 00:00:00+00:00,91217,904,0.0198,445083.45
MKT-01107,Campaign 1107,Content,Enterprise,2024-11-09 00:00:00+00:00,2025-01-02 00:00:00+00:00,311301,3430,0.0588,2107861.36
MKT-01108,Campaign 1108,Content,Mid-Market,2025-04-02 00:00:00+00:00,2025-06-08 00:00:00+00:00,305794,5753,0.0591,1037121.89
MKT-01109,Campaign 1109,Social,Enterprise,2025-06-29 00:00:00+00:00,2025-09-13 00:00:00+00:00,370957,5198,0.0201,1791175.81
MKT-01110,Campaign 1110,Search,Mid-Market,2023-10-22 00:00:00+00:00,2023-12-03 00:00:00+00:00,658824,12602,0.0104,2271024.51
MKT-01111,Campaign 1111,Content,Mid-Market,2023-04-11 00:00:00+00:00,2023-06-28 00:00:00+00:00,840361,8585,0.0371,3703041.54
MKT-01112,Campaign 1112,Social,Mid-Market,2024-05-26 00:00:00+00:00,2024-08-24 00:00:00+00:00,576523,12162,0.0381,4557348.77
MKT-01113,Campaign 1113,Partner,Enterprise,2023-11-13 00:00:00+00:00,2023-12-23 00:00:00+00:00,133725,1298,0.0421,708485.57
MKT-01114,Campaign 1114,Search,Mid-Market,2024-04-16 00:00:00+00:00,2024-06-28 00:00:00+00:00,279346,4258,0.0487,1025743.84
MKT-01115,Campaign 1115,Events,Enterprise,2025-07-29 00:00:00+00:00,2025-09-24 00:00:00+00:00,98365,1264,0.0395,853295.84
MKT-01116,Campaign 1116,Email,Mid-Market,2025-07-28 00:00:00+00:00,2025-10-26 00:00:00+00:00,430632,4000,0.0437,2445443.02
MKT-01117,Campaign 1117,Content,Mid-Market,2023-09-15 00:00:00+00:00,2023-11-21 00:00:00+00:00,219230,2645,0.0287,928514.69
MKT-01118,Campaign 1118,Social,Enterprise,2024-02-09 00:00:00+00:00,2024-04-08 00:00:00+00:00,318603,4567,0.0256,1658115.48
MKT-01119,Campaign 1119,Search,SMB,2023-09-25 00:00:00+00:00,2023-12-12 00:00:00+00:00,418024,6016,0.0517,1433670.96
MKT-01120,Campaign 1120,Partner,Enterprise,2025-11-16 00:00:00+00:00,2025-11-30 00:00:00+00:00,28919,352,0.0503,159681.16
MKT-01121,Campaign 1121,Email,SMB,2025-11-19 00:00:00+00:00,2026-02-09 00:00:00+00:00,553932,11124,0.0363,2897153.89
MKT-01122,Campaign 1122,Partner,SMB,2023-04-30 00:00:00+00:00,2023-07-28 00:00:00+00:00,524522,8745,0.0252,4372622.83
MKT-01123,Campaign 1123,Social,Mid-Market,2024-10-19 00:00:00+00:00,2025-01-02 00:00:00+00:00,468341,5502,0.0668,3187226.0
MKT-01124,Campaign 1124,Email,Enterprise,2023-09-28 00:00:00+00:00,2023-12-15 00:00:00+00:00,910791,17091,0.0694,6120712.4
MKT-01125,Campaign 1125,Events,Enterprise,2025-11-25 00:00:00+00:00,2026-01-05 00:00:00+00:00,385165,4270,0.0602,3276819.44
MKT-01126,Campaign 1126,Email,SMB,2023-09-29 00:00:00+00:00,2023-11-24 00:00:00+00:00,481089,8272,0.0521,1925535.6
MKT-01127,Campaign 1127,Events,Enterprise,2023-12-13 00:00:00+00:00,2024-01-08 00:00:00+00:00,494669,5358,0.0246,3045578.69
MKT-01128,Campaign 1128,Events,SMB,2023-10-22 00:00:00+00:00,2023-11-17 00:00:00+00:00,353780,7670,0.0625,2413570.22
MKT-01129,Campaign 1129,Email,Mid-Market,2024-06-21 00:00:00+00:00,2024-08-10 00:00:00+00:00,860515,10729,0.0513,5026690.82
MKT-01130,Campaign 1130,Social,SMB,2024-11-18 00:00:00+00:00,2025-02-08 00:00:00+00:00,464390,4530,0.0256,1990085.3
MKT-01131,Campaign 1131,Social,SMB,2024-06-04 00:00:00+00:00,2024-08-02 00:00:00+00:00,878073,13852,0.0533,4124917.9
MKT-01132,Campaign 1132,Partner,SMB,2024-03-23 00:00:00+00:00,2024-05-25 00:00:00+00:00,663160,6393,0.0338,2179020.5
MKT-01133,Campaign 1133,Content,Enterprise,2025-10-23 00:00:00+00:00,2026-01-19 00:00:00+00:00,865950,13377,0.0553,4012876.83
MKT-01134,Campaign 1134,Partner,Mid-Market,2024-06-10 00:00:00+00:00,2024-06-24 00:00:00+00:00,107175,1025,0.0603,678637.67
MKT-01135,Campaign 1135,Search,Mid-Market,2025-07-22 00:00:00+00:00,2025-08-08 00:00:00+00:00,573497,5073,0.0503,4532166.78
MKT-01136,Campaign 1136,Search,Mid-Market,2026-02-11 00:00:00+00:00,2026-04-04 00:00:00+00:00,421233,10715,0.0286,2985353.68
MKT-01137,Campaign 1137,Email,SMB,2025-11-04 00:00:00+00:00,2025-12-01 00:00:00+00:00,444520,7560,0.0519,3774356.8
MKT-01138,Campaign 1138,Social,Mid-Market,2025-08-06 00:00:00+00:00,2025-11-04 00:00:00+00:00,174436,1429,0.051,1528963.85
MKT-01139,Campaign 1139,Social,Mid-Market,2023-06-14 00:00:00+00:00,2023-07-22 00:00:00+00:00,759738,17496,0.0308,3590876.59
MKT-01140,Campaign 1140,Email,Mid-Market,2024-05-12 00:00:00+00:00,2024-07-10 00:00:00+00:00,601954,12892,0.0365,4120480.37
MKT-01141,Campaign 1141,Email,Mid-Market,2024-02-24 00:00:00+00:00,2024-03-09 00:00:00+00:00,435306,11966,0.0725,3197713.83
MKT-01142,Campaign 1142,Content,SMB,2025-05-10 00:00:00+00:00,2025-07-18 00:00:00+00:00,876697,14873,0.0685,3057976.19
MKT-01143,Campaign 1143,Partner,Mid-Market,2023-05-09 00:00:00+00:00,2023-08-07 00:00:00+00:00,410980,4666,0.0332,2486359.72
MKT-01144,Campaign 1144,Search,Mid-Market,2023-05-29 00:00:00+00:00,2023-08-02 00:00:00+00:00,228086,3933,0.0097,1717860.56
MKT-01145,Campaign 1145,Events,Mid-Market,2024-10-20 00:00:00+00:00,2024-12-09 00:00:00+00:00,524452,4292,0.0657,3054745.63
MKT-01146,Campaign 1146,Search,SMB,2024-01-06 00:00:00+00:00,2024-02-29 00:00:00+00:00,370438,4844,0.0759,2047208.28
MKT-01147,Campaign 1147,Content,Enterprise,2025-07-21 00:00:00+00:00,2025-09-07 00:00:00+00:00,437716,4858,0.0672,2746784.99
MKT-01148,Campaign 1148,Search,SMB,2025-12-08 00:00:00+00:00,2026-02-13 00:00:00+00:00,262460,4719,0.0363,998543.58
MKT-01149,Campaign 1149,Content,SMB,2023-01-03 00:00:00+00:00,2023-01-27 00:00:00+00:00,541518,5901,0.0527,1958018.64
MKT-01150,Campaign 1150,Social,Mid-Market,2026-01-30 00:00:00+00:00,2026-02-28 00:00:00+00:00,366927,6166,0.0272,1196005.73
MKT-01151,Campaign 1151,Content,SMB,2024-11-27 00:00:00+00:00,2025-01-24 00:00:00+00:00,824622,6895,0.0593,4545839.07
MKT-01152,Campaign 1152,Events,Mid-Market,2025-09-16 00:00:00+00:00,2025-10-26 00:00:00+00:00,432195,3969,0.0327,2497387.91
MKT-01153,Campaign 1153,Events,SMB,2025-07-02 00:00:00+00:00,2025-09-21 00:00:00+00:00,79570,2205,0.0318,676112.13
MKT-01154,Campaign 1154,Search,Mid-Market,2025-01-11 00:00:00+00:00,2025-04-04 00:00:00+00:00,720405,10000,0.0406,5979224.86
MKT-01155,Campaign 1155,Partner,Mid-Market,2024-11-21 00:00:00+00:00,2025-02-16 00:00:00+00:00,527222,7288,0.033,2810850.67
MKT-01156,Campaign 1156,Search,Mid-Market,2025-07-22 00:00:00+00:00,2025-08-26 00:00:00+00:00,524823,6244,0.0538,4528941.77
MKT-01157,Campaign 1157,Events,Mid-Market,2023-03-15 00:00:00+00:00,2023-04-21 00:00:00+00:00,131415,1224,0.0283,536917.89
MKT-01158,Campaign 1158,Content,Enterprise,2023-06-13 00:00:00+00:00,2023-07-29 00:00:00+00:00,470015,4148,0.0834,2128756.54
MKT-01159,Campaign 1159,Partner,Mid-Market,2024-01-06 00:00:00+00:00,2024-03-21 00:00:00+00:00,718318,8250,0.0508,4386361.15
MKT-01160,Campaign 1160,Search,Enterprise,2024-04-08 00:00:00+00:00,2024-04-30 00:00:00+00:00,45357,464,0.0364,239916.05
MKT-01161,Campaign 1161,Search,SMB,2025-01-27 00:00:00+00:00,2025-04-06 00:00:00+00:00,506610,8350,0.0264,3125978.9
MKT-01162,Campaign 1162,Social,Enterprise,2024-11-17 00:00:00+00:00,2025-02-11 00:00:00+00:00,56099,1310,0.037,181280.94
MKT-01163,Campaign 1163,Partner,Mid-Market,2025-10-25 00:00:00+00:00,2026-01-15 00:00:00+00:00,130553,3666,0.0387,911668.97
MKT-01164,Campaign 1164,Email,SMB,2024-11-15 00:00:00+00:00,2024-12-20 00:00:00+00:00,794489,21436,0.0377,3765401.4
MKT-01165,Campaign 1165,Events,Mid-Market,2024-04-30 00:00:00+00:00,2024-06-14 00:00:00+00:00,542792,5398,0.0341,2672351.62
MKT-01166,Campaign 1166,Partner,Enterprise,2023-11-10 00:00:00+00:00,2024-01-08 00:00:00+00:00,765659,14264,0.0288,6361292.91
MKT-01167,Campaign 1167,Partner,Mid-Market,2025-10-01 00:00:00+00:00,2025-11-08 00:00:00+00:00,313749,3178,0.0565,2561709.94
MKT-01168,Campaign 1168,Content,SMB,2024-12-27 00:00:00+00:00,2025-02-10 00:00:00+00:00,143469,3314,0.0646,785629.05
MKT-01169,Campaign 1169,Content,SMB,2024-07-18 00:00:00+00:00,2024-08-28 00:00:00+00:00,108438,1003,0.0282,575673.78
MKT-01170,Campaign 1170,Partner,Mid-Market,2023-11-23 00:00:00+00:00,2024-01-03 00:00:00+00:00,811515,8889,0.0412,6187271.32
MKT-01171,Campaign 1171,Social,Mid-Market,2024-09-07 00:00:00+00:00,2024-10-18 00:00:00+00:00,812949,11761,0.0132,5924376.29
MKT-01172,Campaign 1172,Events,Mid-Market,2025-05-15 00:00:00+00:00,2025-06-11 00:00:00+00:00,901177,8263,0.0333,3579976.11
MKT-01173,Campaign 1173,Partner,Mid-Market,2023-05-11 00:00:00+00:00,2023-06-30 00:00:00+00:00,481241,4933,0.0735,2617110.46
MKT-01174,Campaign 1174,Events,Mid-Market,2024-07-04 00:00:00+00:00,2024-10-03 00:00:00+00:00,663356,6024,0.0612,3973445.08
MKT-01175,Campaign 1175,Partner,Mid-Market,2025-07-28 00:00:00+00:00,2025-08-30 00:00:00+00:00,196171,1983,0.0519,1146987.88
MKT-01176,Campaign 1176,Email,SMB,2024-09-13 00:00:00+00:00,2024-10-19 00:00:00+00:00,436627,11062,0.0235,1648307.57
MKT-01177,Campaign 1177,Content,SMB,2023-02-25 00:00:00+00:00,2023-03-29 00:00:00+00:00,419337,4866,0.0308,2823085.34
MKT-01178,Campaign 1178,Content,SMB,2025-12-21 00:00:00+00:00,2026-02-03 00:00:00+00:00,217610,2593,0.0337,1472135.6
MKT-01179,Campaign 1179,Social,Enterprise,2023-10-26 00:00:00+00:00,2023-11-13 00:00:00+00:00,154814,1420,0.0583,1175263.25
MKT-01180,Campaign 1180,Content,Enterprise,2026-01-27 00:00:00+00:00,2026-02-25 00:00:00+00:00,819210,16029,0.0628,5395973.09
MKT-01181,Campaign 1181,Email,SMB,2023-08-20 00:00:00+00:00,2023-09-25 00:00:00+00:00,370619,6702,0.0421,1278015.53
MKT-01182,Campaign 1182,Partner,Enterprise,2025-07-15 00:00:00+00:00,2025-09-15 00:00:00+00:00,337620,7744,0.0565,1542224.38
MKT-01183,Campaign 1183,Events,Mid-Market,2024-01-01 00:00:00+00:00,2024-02-10 00:00:00+00:00,475892,6292,0.0304,2950253.62
MKT-01184,Campaign 1184,Content,Enterprise,2024-05-14 00:00:00+00:00,2024-06-03 00:00:00+00:00,234870,6623,0.0473,1297855.25
MKT-01185,Campaign 1185,Content,Enterprise,2024-02-06 00:00:00+00:00,2024-04-01 00:00:00+00:00,139684,1539,0.059,925162.26
MKT-01186,Campaign 1186,Events,Mid-Market,2024-06-02 00:00:00+00:00,2024-08-06 00:00:00+00:00,537496,11047,0.0677,1934719.99
MKT-01187,Campaign 1187,Search,Enterprise,2025-07-01 00:00:00+00:00,2025-09-02 00:00:00+00:00,803758,16535,0.0236,3957007.18
MKT-01188,Campaign 1188,Events,Mid-Market,2024-08-16 00:00:00+00:00,2024-10-08 00:00:00+00:00,835250,19022,0.0654,3688386.36
MKT-01189,Campaign 1189,Events,Mid-Market,2023-03-19 00:00:00+00:00,2023-04-19 00:00:00+00:00,201729,2648,0.0808,1305538.59
MKT-01190,Campaign 1190,Partner,Mid-Market,2025-06-03 00:00:00+00:00,2025-08-06 00:00:00+00:00,803242,14764,0.0195,3124710.05
MKT-01191,Campaign 1191,Partner,SMB,2023-05-10 00:00:00+00:00,2023-07-28 00:00:00+00:00,332589,8705,0.0169,1696268.45
MKT-01192,Campaign 1192,Email,Mid-Market,2025-04-20 00:00:00+00:00,2025-05-04 00:00:00+00:00,748254,13628,0.0684,5953597.05
MKT-01193,Campaign 1193,Partner,Enterprise,2025-08-14 00:00:00+00:00,2025-10-23 00:00:00+00:00,300274,2993,0.0363,2149404.29
MKT-01194,Campaign 1194,Events,Mid-Market,2023-11-16 00:00:00+00:00,2024-01-21 00:00:00+00:00,297041,8369,0.0396,1690143.91
MKT-01195,Campaign 1195,Partner,Mid-Market,2023-12-09 00:00:00+00:00,2024-01-14 00:00:00+00:00,412941,7155,0.0621,2483366.87
MKT-01196,Campaign 1196,Email,Mid-Market,2024-06-06 00:00:00+00:00,2024-06-23 00:00:00+00:00,707346,12760,0.029,2323723.22
MKT-01197,Campaign 1197,Email,Enterprise,2025-04-18 00:00:00+00:00,2025-06-11 00:00:00+00:00,390243,6694,0.0475,3027734.88
MKT-01198,Campaign 1198,Content,SMB,2025-02-17 00:00:00+00:00,2025-05-13 00:00:00+00:00,828090,15098,0.0214,4119334.13
MKT-01199,Campaign 1199,Partner,Enterprise,2024-12-22 00:00:00+00:00,2025-03-05 00:00:00+00:00,825936,12369,0.0572,3791787.67
MKT-01200,Campaign 1200,Email,Enterprise,2023-03-28 00:00:00+00:00,2023-06-11 00:00:00+00:00,773864,7433,0.0572,3862709.61
MKT-01201,Campaign 1201,Email,Enterprise,2025-11-20 00:00:00+00:00,2026-01-04 00:00:00+00:00,202227,2188,0.0462,872979.09
MKT-01202,Campaign 1202,Events,Mid-Market,2023-05-04 00:00:00+00:00,2023-05-27 00:00:00+00:00,569836,8824,0.0436,4431058.34
MKT-01203,Campaign 1203,Email,Mid-Market,2025-01-20 00:00:00+00:00,2025-03-18 00:00:00+00:00,255655,2570,0.0432,901083.13
MKT-01204,Campaign 1204,Search,SMB,2025-08-05 00:00:00+00:00,2025-10-01 00:00:00+00:00,528514,8129,0.0407,3095211.86
MKT-01205,Campaign 1205,Search,Mid-Market,2025-04-14 00:00:00+00:00,2025-06-10 00:00:00+00:00,94123,1212,0.0423,647374.85
MKT-01206,Campaign 1206,Events,Enterprise,2025-12-04 00:00:00+00:00,2026-03-02 00:00:00+00:00,779095,8751,0.0574,2712942.24
MKT-01207,Campaign 1207,Social,SMB,2023-05-17 00:00:00+00:00,2023-07-29 00:00:00+00:00,325124,3818,0.0149,1996309.26
MKT-01208,Campaign 1208,Partner,Enterprise,2023-07-25 00:00:00+00:00,2023-08-26 00:00:00+00:00,490207,7111,0.0728,2681160.27
MKT-01209,Campaign 1209,Email,SMB,2023-08-12 00:00:00+00:00,2023-10-25 00:00:00+00:00,308009,5242,0.0464,2236808.53
MKT-01210,Campaign 1210,Partner,Enterprise,2025-11-20 00:00:00+00:00,2025-12-09 00:00:00+00:00,239797,2550,0.0795,1956057.87
MKT-01211,Campaign 1211,Partner,Mid-Market,2026-01-16 00:00:00+00:00,2026-02-28 00:00:00+00:00,241138,3410,0.0475,816353.07
MKT-01212,Campaign 1212,Content,SMB,2025-09-10 00:00:00+00:00,2025-10-26 00:00:00+00:00,425231,4875,0.0436,2000145.43
MKT-01213,Campaign 1213,Events,SMB,2025-02-08 00:00:00+00:00,2025-03-24 00:00:00+00:00,699160,9690,0.0535,4775334.57
MKT-01214,Campaign 1214,Events,Mid-Market,2023-06-18 00:00:00+00:00,2023-07-12 00:00:00+00:00,783988,7378,0.0234,6706873.32
MKT-01215,Campaign 1215,Partner,Mid-Market,2024-05-03 00:00:00+00:00,2024-06-07 00:00:00+00:00,250281,2093,0.0263,2135501.72
MKT-01216,Campaign 1216,Events,Enterprise,2023-06-18 00:00:00+00:00,2023-08-31 00:00:00+00:00,34971,291,0.0402,307023.58
MKT-01217,Campaign 1217,Content,Enterprise,2023-04-27 00:00:00+00:00,2023-05-12 00:00:00+00:00,189751,4960,0.0446,1510064.35
MKT-01218,Campaign 1218,Social,Mid-Market,2024-07-18 00:00:00+00:00,2024-10-11 00:00:00+00:00,391813,5046,0.0599,1512770.28
MKT-01219,Campaign 1219,Search,SMB,2025-05-25 00:00:00+00:00,2025-08-11 00:00:00+00:00,563801,8318,0.0447,4361612.02
MKT-01220,Campaign 1220,Content,Mid-Market,2025-06-24 00:00:00+00:00,2025-08-12 00:00:00+00:00,792004,18360,0.0667,3267293.5
MKT-01221,Campaign 1221,Partner,Enterprise,2024-12-23 00:00:00+00:00,2025-01-21 00:00:00+00:00,422381,3823,0.004,2557361.99
MKT-01222,Campaign 1222,Events,Mid-Market,2024-07-18 00:00:00+00:00,2024-10-17 00:00:00+00:00,507677,5338,0.0723,3251580.83
MKT-01223,Campaign 1223,Search,SMB,2026-01-27 00:00:00+00:00,2026-04-25 00:00:00+00:00,374124,4338,0.0369,2509479.67
MKT-01224,Campaign 1224,Social,Mid-Market,2025-08-03 00:00:00+00:00,2025-08-31 00:00:00+00:00,373240,3168,0.0543,1455069.33
MKT-01225,Campaign 1225,Social,Enterprise,2025-06-09 00:00:00+00:00,2025-08-24 00:00:00+00:00,696217,7495,0.0626,5196909.69
MKT-01226,Campaign 1226,Content,SMB,2023-06-02 00:00:00+00:00,2023-08-26 00:00:00+00:00,661161,5611,0.0224,2375175.05
MKT-01227,Campaign 1227,Email,SMB,2023-03-14 00:00:00+00:00,2023-06-01 00:00:00+00:00,661394,6938,0.0665,5664851.09
MKT-01228,Campaign 1228,Events,Mid-Market,2023-10-12 00:00:00+00:00,2023-11-20 00:00:00+00:00,571933,13608,0.0555,3482966.47
MKT-01229,Campaign 1229,Content,SMB,2025-10-23 00:00:00+00:00,2025-12-24 00:00:00+00:00,740783,20244,0.0718,3720392.68
MKT-01230,Campaign 1230,Partner,Enterprise,2025-04-17 00:00:00+00:00,2025-07-10 00:00:00+00:00,525696,4618,0.0446,2265116.19
MKT-01231,Campaign 1231,Events,Enterprise,2023-10-24 00:00:00+00:00,2023-12-24 00:00:00+00:00,886371,10653,0.0434,7422661.8
MKT-01232,Campaign 1232,Search,Mid-Market,2024-08-08 00:00:00+00:00,2024-10-31 00:00:00+00:00,226717,3496,0.0316,1632428.5
MKT-01233,Campaign 1233,Social,SMB,2023-01-09 00:00:00+00:00,2023-02-06 00:00:00+00:00,605663,6802,0.0321,3825065.2
MKT-01234,Campaign 1234,Search,SMB,2024-04-16 00:00:00+00:00,2024-05-27 00:00:00+00:00,848748,11420,0.0424,6152413.47
MKT-01235,Campaign 1235,Search,SMB,2024-09-25 00:00:00+00:00,2024-12-23 00:00:00+00:00,181849,2952,0.0528,1462323.16
MKT-01236,Campaign 1236,Events,SMB,2025-08-19 00:00:00+00:00,2025-09-03 00:00:00+00:00,94004,1412,0.0554,548981.75
MKT-01237,Campaign 1237,Partner,SMB,2025-02-17 00:00:00+00:00,2025-05-07 00:00:00+00:00,41273,452,0.0272,354407.54
MKT-01238,Campaign 1238,Social,SMB,2023-06-10 00:00:00+00:00,2023-07-17 00:00:00+00:00,641945,6943,0.0418,2878567.03
MKT-01239,Campaign 1239,Social,Enterprise,2023-03-09 00:00:00+00:00,2023-04-03 00:00:00+00:00,60235,506,0.047,456797.23
MKT-01240,Campaign 1240,Partner,Mid-Market,2024-04-14 00:00:00+00:00,2024-06-01 00:00:00+00:00,621771,5830,0.0089,4202166.39
MKT-01241,Campaign 1241,Search,Enterprise,2025-12-21 00:00:00+00:00,2026-02-04 00:00:00+00:00,469187,4588,0.0572,4128370.77
MKT-01242,Campaign 1242,Events,Mid-Market,2025-11-04 00:00:00+00:00,2026-02-02 00:00:00+00:00,135389,1272,0.0392,1080311.9
MKT-01243,Campaign 1243,Email,Mid-Market,2023-01-03 00:00:00+00:00,2023-02-14 00:00:00+00:00,305494,8362,0.0436,2667818.96
MKT-01244,Campaign 1244,Social,SMB,2025-11-12 00:00:00+00:00,2026-01-18 00:00:00+00:00,108118,877,0.0666,766104.27
MKT-01245,Campaign 1245,Email,SMB,2023-01-29 00:00:00+00:00,2023-03-08 00:00:00+00:00,310507,2562,0.0274,1993484.26
MKT-01246,Campaign 1246,Email,Enterprise,2024-02-27 00:00:00+00:00,2024-04-30 00:00:00+00:00,326624,5846,0.0294,1861465.76
MKT-01247,Campaign 1247,Content,SMB,2023-01-17 00:00:00+00:00,2023-04-02 00:00:00+00:00,746716,6742,0.0067,4185369.23
MKT-01248,Campaign 1248,Partner,Mid-Market,2024-05-05 00:00:00+00:00,2024-07-08 00:00:00+00:00,91001,1316,0.042,656350.4
MKT-01249,Campaign 1249,Content,Mid-Market,2025-04-23 00:00:00+00:00,2025-06-25 00:00:00+00:00,599574,6027,0.0607,2430604.49
MKT-01250,Campaign 1250,Partner,Mid-Market,2023-03-29 00:00:00+00:00,2023-05-12 00:00:00+00:00,878110,14930,0.0094,4136222.21
MKT-01251,Campaign 1251,Email,Enterprise,2026-02-09 00:00:00+00:00,2026-04-20 00:00:00+00:00,264641,2210,0.0266,1492501.21
MKT-01252,Campaign 1252,Social,Enterprise,2023-09-04 00:00:00+00:00,2023-11-10 00:00:00+00:00,793100,6856,0.0457,6300308.61
MKT-01253,Campaign 1253,Events,Enterprise,2025-08-10 00:00:00+00:00,2025-09-17 00:00:00+00:00,747842,6895,0.0357,2469968.2
MKT-01254,Campaign 1254,Events,Mid-Market,2023-01-21 00:00:00+00:00,2023-02-25 00:00:00+00:00,873314,21686,0.0358,3631365.63
MKT-01255,Campaign 1255,Content,Mid-Market,2023-08-20 00:00:00+00:00,2023-09-06 00:00:00+00:00,287163,6969,0.0455,2296203.61
MKT-01256,Campaign 1256,Email,Enterprise,2024-09-05 00:00:00+00:00,2024-11-16 00:00:00+00:00,912401,11053,0.0725,5524448.75
MKT-01257,Campaign 1257,Partner,SMB,2023-03-30 00:00:00+00:00,2023-04-14 00:00:00+00:00,765105,6702,0.0437,4178736.78
MKT-01258,Campaign 1258,Search,Mid-Market,2026-02-10 00:00:00+00:00,2026-04-15 00:00:00+00:00,216556,3952,0.0469,738302.11
MKT-01259,Campaign 1259,Email,Mid-Market,2025-07-22 00:00:00+00:00,2025-09-06 00:00:00+00:00,723623,15489,0.0508,4680319.44
MKT-01260,Campaign 1260,Email,Enterprise,2023-06-18 00:00:00+00:00,2023-08-29 00:00:00+00:00,712728,9348,0.0119,4954224.85
MKT-01261,Campaign 1261,Events,Mid-Market,2023-12-21 00:00:00+00:00,2024-01-11 00:00:00+00:00,95484,802,0.0483,374336.19
MKT-01262,Campaign 1262,Search,SMB,2025-12-28 00:00:00+00:00,2026-01-22 00:00:00+00:00,429753,3580,0.0184,2962408.89
MKT-01263,Campaign 1263,Search,SMB,2025-05-13 00:00:00+00:00,2025-07-26 00:00:00+00:00,810317,6821,0.0435,6921238.99
MKT-01264,Campaign 1264,Social,Mid-Market,2024-04-13 00:00:00+00:00,2024-06-09 00:00:00+00:00,56945,704,0.0606,357249.38
MKT-01265,Campaign 1265,Events,Mid-Market,2023-11-27 00:00:00+00:00,2024-02-20 00:00:00+00:00,892466,7476,0.0364,3978321.81
MKT-01266,Campaign 1266,Email,SMB,2023-02-27 00:00:00+00:00,2023-03-27 00:00:00+00:00,482260,3909,0.0603,3624819.68
MKT-01267,Campaign 1267,Search,Enterprise,2026-01-17 00:00:00+00:00,2026-02-01 00:00:00+00:00,341229,2919,0.0154,1377842.11
MKT-01268,Campaign 1268,Content,Enterprise,2023-07-04 00:00:00+00:00,2023-08-11 00:00:00+00:00,92127,1239,0.0475,397619.99
MKT-01269,Campaign 1269,Events,Mid-Market,2023-03-23 00:00:00+00:00,2023-04-20 00:00:00+00:00,568049,9870,0.0477,4182355.19
MKT-01270,Campaign 1270,Events,Mid-Market,2024-06-05 00:00:00+00:00,2024-08-19 00:00:00+00:00,907747,8841,0.004,7324491.18
MKT-01271,Campaign 1271,Events,Enterprise,2024-07-06 00:00:00+00:00,2024-09-03 00:00:00+00:00,391517,6676,0.0513,1932883.38
MKT-01272,Campaign 1272,Social,SMB,2023-08-24 00:00:00+00:00,2023-10-09 00:00:00+00:00,768802,11510,0.004,4840743.06
MKT-01273,Campaign 1273,Search,Enterprise,2023-09-27 00:00:00+00:00,2023-12-25 00:00:00+00:00,306613,3679,0.0458,1947683.29
MKT-01274,Campaign 1274,Search,SMB,2025-02-07 00:00:00+00:00,2025-02-24 00:00:00+00:00,763283,6780,0.0502,5605428.18
MKT-01275,Campaign 1275,Partner,Mid-Market,2024-09-02 00:00:00+00:00,2024-11-16 00:00:00+00:00,884656,11311,0.0362,3663129.55
MKT-01276,Campaign 1276,Email,Mid-Market,2023-09-30 00:00:00+00:00,2023-12-22 00:00:00+00:00,88280,2098,0.0457,322269.68
MKT-01277,Campaign 1277,Content,Mid-Market,2024-04-04 00:00:00+00:00,2024-04-18 00:00:00+00:00,261528,2999,0.0792,1909340.53
MKT-01278,Campaign 1278,Social,Mid-Market,2025-06-10 00:00:00+00:00,2025-07-02 00:00:00+00:00,24951,594,0.0342,212404.1
MKT-01279,Campaign 1279,Email,Enterprise,2026-02-12 00:00:00+00:00,2026-03-12 00:00:00+00:00,712222,12636,0.0243,6091855.36
MKT-01280,Campaign 1280,Content,Mid-Market,2023-08-29 00:00:00+00:00,2023-10-20 00:00:00+00:00,259370,5765,0.0756,2024860.3
MKT-01281,Campaign 1281,Partner,Mid-Market,2023-08-08 00:00:00+00:00,2023-09-23 00:00:00+00:00,889766,10206,0.046,7441177.36
MKT-01282,Campaign 1282,Events,Mid-Market,2024-11-06 00:00:00+00:00,2024-12-27 00:00:00+00:00,767988,13437,0.0614,3484576.5
MKT-01283,Campaign 1283,Events,Mid-Market,2024-03-20 00:00:00+00:00,2024-06-02 00:00:00+00:00,150020,1659,0.0166,503511.96
MKT-01284,Campaign 1284,Content,Mid-Market,2024-08-23 00:00:00+00:00,2024-10-07 00:00:00+00:00,541092,5721,0.004,2280523.57
MKT-01285,Campaign 1285,Email,Enterprise,2024-07-24 00:00:00+00:00,2024-10-23 00:00:00+00:00,429632,5522,0.0287,2834069.19
MKT-01286,Campaign 1286,Social,Enterprise,2025-07-13 00:00:00+00:00,2025-07-27 00:00:00+00:00,606442,17240,0.0397,3730380.93
MKT-01287,Campaign 1287,Partner,SMB,2023-02-19 00:00:00+00:00,2023-03-19 00:00:00+00:00,552311,14623,0.0341,4752841.89
MKT-01288,Campaign 1288,Search,Mid-Market,2024-11-30 00:00:00+00:00,2025-01-02 00:00:00+00:00,134060,1710,0.0341,506264.05
MKT-01289,Campaign 1289,Search,Enterprise,2026-02-10 00:00:00+00:00,2026-03-04 00:00:00+00:00,588123,10910,0.0125,2591111.54
MKT-01290,Campaign 1290,Content,Enterprise,2024-08-15 00:00:00+00:00,2024-09-10 00:00:00+00:00,433587,5529,0.046,1428008.7
MKT-01291,Campaign 1291,Content,Mid-Market,2023-07-12 00:00:00+00:00,2023-08-02 00:00:00+00:00,300624,3459,0.0382,1377307.13
MKT-01292,Campaign 1292,Events,Mid-Market,2025-11-07 00:00:00+00:00,2025-12-03 00:00:00+00:00,437437,5682,0.0072,2384989.03
MKT-01293,Campaign 1293,Social,Mid-Market,2023-06-29 00:00:00+00:00,2023-08-13 00:00:00+00:00,857011,10275,0.0375,4516147.34
MKT-01294,Campaign 1294,Partner,Enterprise,2025-10-10 00:00:00+00:00,2025-11-02 00:00:00+00:00,901452,7390,0.0403,3126159.85
MKT-01295,Campaign 1295,Content,Mid-Market,2024-11-22 00:00:00+00:00,2025-01-12 00:00:00+00:00,313196,3407,0.0593,2017400.73
MKT-01296,Campaign 1296,Search,Enterprise,2025-10-11 00:00:00+00:00,2025-12-28 00:00:00+00:00,716321,13593,0.0338,3403742.6
MKT-01297,Campaign 1297,Social,Mid-Market,2023-04-08 00:00:00+00:00,2023-05-30 00:00:00+00:00,725734,14635,0.0579,2555791.36
MKT-01298,Campaign 1298,Social,Enterprise,2023-09-30 00:00:00+00:00,2023-10-21 00:00:00+00:00,138987,1152,0.0561,755617.14
MKT-01299,Campaign 1299,Social,Mid-Market,2025-08-07 00:00:00+00:00,2025-09-30 00:00:00+00:00,475733,3860,0.0292,3995754.18
MKT-01300,Campaign 1300,Search,Mid-Market,2025-04-06 00:00:00+00:00,2025-05-15 00:00:00+00:00,432059,5666,0.0531,3595841.25
MKT-01301,Campaign 1301,Search,Mid-Market,2025-01-02 00:00:00+00:00,2025-03-22 00:00:00+00:00,448361,3984,0.0606,1947903.07
MKT-01302,Campaign 1302,Social,Enterprise,2025-01-06 00:00:00+00:00,2025-03-06 00:00:00+00:00,713833,7729,0.0598,3018308.15
MKT-01303,Campaign 1303,Social,Mid-Market,2026-01-11 00:00:00+00:00,2026-02-13 00:00:00+00:00,884169,22686,0.0479,6085167.29
MKT-01304,Campaign 1304,Partner,Mid-Market,2025-09-03 00:00:00+00:00,2025-09-20 00:00:00+00:00,725842,6940,0.0406,5947032.17
MKT-01305,Campaign 1305,Partner,SMB,2023-09-22 00:00:00+00:00,2023-11-08 00:00:00+00:00,93375,1368,0.0204,579518.86
MKT-01306,Campaign 1306,Partner,Enterprise,2024-12-27 00:00:00+00:00,2025-02-19 00:00:00+00:00,428382,4925,0.0612,2782460.65
MKT-01307,Campaign 1307,Content,SMB,2025-01-23 00:00:00+00:00,2025-02-11 00:00:00+00:00,880764,7650,0.0188,5791555.65
MKT-01308,Campaign 1308,Content,SMB,2023-08-09 00:00:00+00:00,2023-09-28 00:00:00+00:00,760999,9234,0.0395,5225449.87
MKT-01309,Campaign 1309,Partner,Mid-Market,2023-11-09 00:00:00+00:00,2024-01-20 00:00:00+00:00,826040,9418,0.0595,6844259.5
MKT-01310,Campaign 1310,Email,Mid-Market,2023-11-27 00:00:00+00:00,2024-02-15 00:00:00+00:00,446826,4149,0.0262,3050716.37
MKT-01311,Campaign 1311,Social,SMB,2025-04-09 00:00:00+00:00,2025-06-18 00:00:00+00:00,741207,6891,0.042,2888658.39
MKT-01312,Campaign 1312,Social,SMB,2024-07-11 00:00:00+00:00,2024-08-03 00:00:00+00:00,48158,525,0.0169,402272.48
MKT-01313,Campaign 1313,Partner,Enterprise,2024-08-03 00:00:00+00:00,2024-09-07 00:00:00+00:00,419794,10933,0.0363,2306853.02
MKT-01314,Campaign 1314,Content,Enterprise,2024-09-28 00:00:00+00:00,2024-10-16 00:00:00+00:00,750411,6600,0.0261,2433485.5
MKT-01315,Campaign 1315,Search,Mid-Market,2023-06-02 00:00:00+00:00,2023-07-28 00:00:00+00:00,473751,5195,0.0295,3111056.32
MKT-01316,Campaign 1316,Email,Enterprise,2024-05-05 00:00:00+00:00,2024-05-30 00:00:00+00:00,914836,10886,0.0512,7415542.99
MKT-01317,Campaign 1317,Email,Enterprise,2024-03-01 00:00:00+00:00,2024-03-21 00:00:00+00:00,52386,470,0.0527,355827.89
MKT-01318,Campaign 1318,Email,SMB,2025-09-18 00:00:00+00:00,2025-11-08 00:00:00+00:00,268757,3900,0.0329,894913.71
MKT-01319,Campaign 1319,Events,SMB,2023-04-04 00:00:00+00:00,2023-06-10 00:00:00+00:00,414811,9455,0.0465,2551862.18
MKT-01320,Campaign 1320,Social,Enterprise,2025-09-07 00:00:00+00:00,2025-09-29 00:00:00+00:00,618728,10650,0.0347,4630484.83
MKT-01321,Campaign 1321,Search,Enterprise,2025-12-01 00:00:00+00:00,2025-12-29 00:00:00+00:00,279399,2385,0.0364,1575695.84
MKT-01322,Campaign 1322,Search,Mid-Market,2025-05-11 00:00:00+00:00,2025-07-12 00:00:00+00:00,383749,3615,0.0236,1713435.66
MKT-01323,Campaign 1323,Search,Mid-Market,2025-12-28 00:00:00+00:00,2026-02-22 00:00:00+00:00,502067,6345,0.0338,4279523.52
MKT-01324,Campaign 1324,Social,Enterprise,2024-05-27 00:00:00+00:00,2024-08-10 00:00:00+00:00,384284,3529,0.0106,1351661.85
MKT-01325,Campaign 1325,Partner,SMB,2023-07-17 00:00:00+00:00,2023-08-05 00:00:00+00:00,499219,4401,0.0758,1728877.73
MKT-01326,Campaign 1326,Social,SMB,2025-05-26 00:00:00+00:00,2025-07-22 00:00:00+00:00,845498,7901,0.0614,5726064.84
MKT-01327,Campaign 1327,Email,Mid-Market,2023-05-20 00:00:00+00:00,2023-07-10 00:00:00+00:00,542186,4349,0.0813,2690133.35
MKT-01328,Campaign 1328,Partner,Mid-Market,2025-09-14 00:00:00+00:00,2025-10-25 00:00:00+00:00,883908,7285,0.0602,7357307.12
MKT-01329,Campaign 1329,Content,Enterprise,2024-10-23 00:00:00+00:00,2024-12-27 00:00:00+00:00,361676,4226,0.0471,2798386.76
MKT-01330,Campaign 1330,Events,SMB,2024-11-27 00:00:00+00:00,2025-01-14 00:00:00+00:00,116121,1220,0.0072,684799.38
MKT-01331,Campaign 1331,Search,Mid-Market,2024-09-02 00:00:00+00:00,2024-11-28 00:00:00+00:00,686132,5527,0.0588,4013742.46
MKT-01332,Campaign 1332,Search,Enterprise,2024-11-27 00:00:00+00:00,2024-12-29 00:00:00+00:00,673800,5774,0.0638,5225999.58
MKT-01333,Campaign 1333,Search,Mid-Market,2025-10-02 00:00:00+00:00,2025-12-16 00:00:00+00:00,182870,2335,0.024,1362121.85
MKT-01334,Campaign 1334,Search,Enterprise,2023-09-27 00:00:00+00:00,2023-12-16 00:00:00+00:00,180353,3269,0.0512,1215375.5
MKT-01335,Campaign 1335,Social,Mid-Market,2024-07-09 00:00:00+00:00,2024-10-04 00:00:00+00:00,112959,2259,0.0447,793011.62
MKT-01336,Campaign 1336,Email,Enterprise,2024-02-13 00:00:00+00:00,2024-03-23 00:00:00+00:00,496971,10451,0.0411,4088797.61
MKT-01337,Campaign 1337,Content,Mid-Market,2023-07-18 00:00:00+00:00,2023-08-30 00:00:00+00:00,337580,9181,0.051,1247152.22
MKT-01338,Campaign 1338,Events,SMB,2025-02-26 00:00:00+00:00,2025-05-17 00:00:00+00:00,740374,7211,0.0497,3212714.9
MKT-01339,Campaign 1339,Content,Enterprise,2024-07-15 00:00:00+00:00,2024-09-22 00:00:00+00:00,856414,10324,0.0263,4268637.32
MKT-01340,Campaign 1340,Partner,Enterprise,2025-11-03 00:00:00+00:00,2026-01-31 00:00:00+00:00,219547,2894,0.0577,1155487.7
MKT-01341,Campaign 1341,Search,Enterprise,2023-09-16 00:00:00+00:00,2023-10-26 00:00:00+00:00,433560,12344,0.0189,1694622.75
MKT-01342,Campaign 1342,Social,Mid-Market,2025-03-01 00:00:00+00:00,2025-04-03 00:00:00+00:00,311265,4007,0.05,2130473.78
MKT-01343,Campaign 1343,Email,Enterprise,2025-05-13 00:00:00+00:00,2025-07-18 00:00:00+00:00,183620,5054,0.0469,1013200.47
MKT-01344,Campaign 1344,Events,Mid-Market,2024-01-29 00:00:00+00:00,2024-04-18 00:00:00+00:00,869870,8958,0.0302,3968471.71
MKT-01345,Campaign 1345,Partner,Mid-Market,2025-01-17 00:00:00+00:00,2025-04-13 00:00:00+00:00,680706,5499,0.0622,5448350.85
MKT-01346,Campaign 1346,Events,SMB,2025-06-23 00:00:00+00:00,2025-09-10 00:00:00+00:00,394765,3428,0.0119,2446340.28
MKT-01347,Campaign 1347,Partner,SMB,2023-11-01 00:00:00+00:00,2024-01-30 00:00:00+00:00,149133,2847,0.0465,743589.04
MKT-01348,Campaign 1348,Search,Enterprise,2024-07-07 00:00:00+00:00,2024-09-06 00:00:00+00:00,87186,941,0.0453,682771.02
MKT-01349,Campaign 1349,Email,Mid-Market,2024-04-05 00:00:00+00:00,2024-04-19 00:00:00+00:00,633089,10731,0.0675,3704074.15
MKT-01350,Campaign 1350,Content,Mid-Market,2024-02-18 00:00:00+00:00,2024-05-07 00:00:00+00:00,393656,4703,0.0527,2183589.9
MKT-01351,Campaign 1351,Search,SMB,2024-07-04 00:00:00+00:00,2024-08-09 00:00:00+00:00,33380,437,0.0066,241385.63
MKT-01352,Campaign 1352,Content,Enterprise,2024-02-09 00:00:00+00:00,2024-03-27 00:00:00+00:00,425298,7309,0.0347,3590102.94
MKT-01353,Campaign 1353,Email,Enterprise,2026-02-17 00:00:00+00:00,2026-04-28 00:00:00+00:00,377174,4513,0.068,2720798.17
MKT-01354,Campaign 1354,Email,Enterprise,2025-07-08 00:00:00+00:00,2025-09-07 00:00:00+00:00,720398,7502,0.0395,5995462.04
MKT-01355,Campaign 1355,Search,Enterprise,2024-02-06 00:00:00+00:00,2024-04-10 00:00:00+00:00,505064,5220,0.0243,4428146.92
MKT-01356,Campaign 1356,Events,SMB,2025-09-11 00:00:00+00:00,2025-10-26 00:00:00+00:00,332233,6461,0.0412,2621830.09
MKT-01357,Campaign 1357,Social,SMB,2024-03-31 00:00:00+00:00,2024-05-04 00:00:00+00:00,52220,1417,0.0688,374272.66
MKT-01358,Campaign 1358,Email,Mid-Market,2024-01-11 00:00:00+00:00,2024-04-11 00:00:00+00:00,132266,1240,0.0284,784633.07
MKT-01359,Campaign 1359,Partner,Mid-Market,2024-12-14 00:00:00+00:00,2025-02-19 00:00:00+00:00,552937,5857,0.0252,2953555.24
MKT-01360,Campaign 1360,Content,Mid-Market,2023-08-25 00:00:00+00:00,2023-10-19 00:00:00+00:00,719875,9488,0.0384,5086510.68
MKT-01361,Campaign 1361,Partner,Enterprise,2023-06-08 00:00:00+00:00,2023-07-16 00:00:00+00:00,201850,2193,0.0316,1174503.29
MKT-01362,Campaign 1362,Search,Mid-Market,2024-09-08 00:00:00+00:00,2024-10-10 00:00:00+00:00,356541,3108,0.0538,2150867.54
MKT-01363,Campaign 1363,Events,Enterprise,2023-09-01 00:00:00+00:00,2023-11-04 00:00:00+00:00,101661,1498,0.0364,777809.42
MKT-01364,Campaign 1364,Social,Enterprise,2025-08-28 00:00:00+00:00,2025-11-02 00:00:00+00:00,46143,613,0.0476,357188.86
MKT-01365,Campaign 1365,Content,Mid-Market,2024-02-22 00:00:00+00:00,2024-05-07 00:00:00+00:00,666879,8130,0.0681,2965147.97
MKT-01366,Campaign 1366,Partner,Mid-Market,2023-05-03 00:00:00+00:00,2023-07-15 00:00:00+00:00,768779,7942,0.0268,5085506.2
MKT-01367,Campaign 1367,Events,Mid-Market,2024-08-07 00:00:00+00:00,2024-09-30 00:00:00+00:00,736049,9279,0.0586,6358317.47
MKT-01368,Campaign 1368,Social,SMB,2024-07-14 00:00:00+00:00,2024-10-03 00:00:00+00:00,889816,8966,0.0565,7300160.63
MKT-01369,Campaign 1369,Content,Mid-Market,2023-08-17 00:00:00+00:00,2023-10-17 00:00:00+00:00,633523,10618,0.0221,2153484.69
MKT-01370,Campaign 1370,Content,Enterprise,2023-01-01 00:00:00+00:00,2023-01-15 00:00:00+00:00,886407,19279,0.064,7054122.94
MKT-01371,Campaign 1371,Events,Mid-Market,2023-07-30 00:00:00+00:00,2023-08-21 00:00:00+00:00,275625,6778,0.0223,2234300.04
MKT-01372,Campaign 1372,Content,Enterprise,2024-11-12 00:00:00+00:00,2025-01-23 00:00:00+00:00,577765,13608,0.0187,2727950.6
MKT-01373,Campaign 1373,Partner,Enterprise,2024-06-26 00:00:00+00:00,2024-09-17 00:00:00+00:00,286973,7769,0.0286,2474904.81
MKT-01374,Campaign 1374,Partner,SMB,2023-10-25 00:00:00+00:00,2023-12-19 00:00:00+00:00,255918,2074,0.0291,1433064.99
MKT-01375,Campaign 1375,Search,SMB,2024-08-13 00:00:00+00:00,2024-11-09 00:00:00+00:00,275971,2673,0.0365,2040866.16
MKT-01376,Campaign 1376,Social,Mid-Market,2024-03-04 00:00:00+00:00,2024-05-13 00:00:00+00:00,800178,9593,0.0243,2746161.32
MKT-01377,Campaign 1377,Social,Enterprise,2024-02-14 00:00:00+00:00,2024-04-30 00:00:00+00:00,688205,11745,0.0511,2831640.44
MKT-01378,Campaign 1378,Social,Mid-Market,2024-01-05 00:00:00+00:00,2024-02-29 00:00:00+00:00,178485,1771,0.0399,981284.28
MKT-01379,Campaign 1379,Partner,Mid-Market,2024-06-30 00:00:00+00:00,2024-09-05 00:00:00+00:00,490388,3934,0.0449,1838829.32
MKT-01380,Campaign 1380,Partner,Enterprise,2024-07-19 00:00:00+00:00,2024-08-27 00:00:00+00:00,693876,10272,0.0529,4510320.88
MKT-01381,Campaign 1381,Partner,Enterprise,2023-06-18 00:00:00+00:00,2023-09-11 00:00:00+00:00,699819,10095,0.0664,3254125.09
MKT-01382,Campaign 1382,Email,Mid-Market,2025-02-21 00:00:00+00:00,2025-03-09 00:00:00+00:00,804786,7212,0.0351,3856711.07
MKT-01383,Campaign 1383,Partner,SMB,2024-01-24 00:00:00+00:00,2024-02-08 00:00:00+00:00,662758,9503,0.0322,4607073.16
MKT-01384,Campaign 1384,Partner,Enterprise,2023-04-25 00:00:00+00:00,2023-06-02 00:00:00+00:00,854643,7488,0.0548,5132360.25
MKT-01385,Campaign 1385,Search,SMB,2023-08-19 00:00:00+00:00,2023-09-18 00:00:00+00:00,712441,14157,0.0621,3146471.53
MKT-01386,Campaign 1386,Events,Mid-Market,2025-01-22 00:00:00+00:00,2025-03-28 00:00:00+00:00,531465,4533,0.0433,2328752.35
MKT-01387,Campaign 1387,Search,Enterprise,2024-10-05 00:00:00+00:00,2024-12-14 00:00:00+00:00,137613,2912,0.0431,695411.59
MKT-01388,Campaign 1388,Content,SMB,2023-11-17 00:00:00+00:00,2023-12-01 00:00:00+00:00,881312,8710,0.0386,4386752.85
MKT-01389,Campaign 1389,Search,Enterprise,2024-08-22 00:00:00+00:00,2024-09-21 00:00:00+00:00,460149,7236,0.0321,3855830.21
MKT-01390,Campaign 1390,Partner,SMB,2025-05-12 00:00:00+00:00,2025-08-05 00:00:00+00:00,50374,466,0.0357,371958.16
MKT-01391,Campaign 1391,Search,Mid-Market,2025-01-30 00:00:00+00:00,2025-04-04 00:00:00+00:00,443832,8840,0.0407,2088169.96
MKT-01392,Campaign 1392,Partner,Enterprise,2023-05-03 00:00:00+00:00,2023-06-17 00:00:00+00:00,52357,568,0.0526,445574.57
MKT-01393,Campaign 1393,Search,Mid-Market,2025-03-03 00:00:00+00:00,2025-04-15 00:00:00+00:00,247009,3064,0.0554,2057536.68
MKT-01394,Campaign 1394,Events,Mid-Market,2025-07-05 00:00:00+00:00,2025-07-23 00:00:00+00:00,704929,11579,0.0273,5635895.01
MKT-01395,Campaign 1395,Social,SMB,2023-09-27 00:00:00+00:00,2023-11-13 00:00:00+00:00,713003,9051,0.043,5203360.25
MKT-01396,Campaign 1396,Partner,Mid-Market,2025-03-05 00:00:00+00:00,2025-05-26 00:00:00+00:00,917993,7562,0.0305,6893469.79
MKT-01397,Campaign 1397,Content,SMB,2024-07-25 00:00:00+00:00,2024-09-19 00:00:00+00:00,212541,2058,0.0379,1244170.36
MKT-01398,Campaign 1398,Email,Enterprise,2023-04-23 00:00:00+00:00,2023-05-21 00:00:00+00:00,151259,3759,0.0441,732533.12
MKT-01399,Campaign 1399,Social,Mid-Market,2025-10-25 00:00:00+00:00,2026-01-23 00:00:00+00:00,282951,2300,0.0574,1735622.12
MKT-01400,Campaign 1400,Events,Mid-Market,2025-10-17 00:00:00+00:00,2025-11-04 00:00:00+00:00,355777,3563,0.0398,2655898.76
MKT-01401,Campaign 1401,Search,SMB,2025-08-08 00:00:00+00:00,2025-08-23 00:00:00+00:00,240472,4164,0.0491,1282278.21
MKT-01402,Campaign 1402,Content,SMB,2023-03-28 00:00:00+00:00,2023-04-17 00:00:00+00:00,907434,7474,0.0249,4569041.29
MKT-01403,Campaign 1403,Search,Mid-Market,2025-10-27 00:00:00+00:00,2025-11-17 00:00:00+00:00,741460,9316,0.0238,2995294.93
MKT-01404,Campaign 1404,Partner,Enterprise,2023-06-07 00:00:00+00:00,2023-08-01 00:00:00+00:00,804347,9587,0.0379,6016752.05
MKT-01405,Campaign 1405,Partner,Mid-Market,2024-06-01 00:00:00+00:00,2024-08-18 00:00:00+00:00,608162,10611,0.0954,4206013.53
MKT-01406,Campaign 1406,Content,Mid-Market,2023-08-04 00:00:00+00:00,2023-09-09 00:00:00+00:00,388614,3117,0.0294,2425918.84
MKT-01407,Campaign 1407,Partner,Enterprise,2024-08-25 00:00:00+00:00,2024-10-30 00:00:00+00:00,268884,4310,0.0445,1323447.06
MKT-01408,Campaign 1408,Partner,SMB,2023-08-08 00:00:00+00:00,2023-10-26 00:00:00+00:00,821325,8851,0.0485,5177856.77
MKT-01409,Campaign 1409,Social,Mid-Market,2024-06-05 00:00:00+00:00,2024-08-06 00:00:00+00:00,142867,1632,0.0425,500340.26
MKT-01410,Campaign 1410,Email,Mid-Market,2025-11-18 00:00:00+00:00,2026-01-13 00:00:00+00:00,424861,4279,0.0324,1720657.92
MKT-01411,Campaign 1411,Events,Mid-Market,2025-01-08 00:00:00+00:00,2025-01-26 00:00:00+00:00,87270,2095,0.0509,423986.51
MKT-01412,Campaign 1412,Content,SMB,2024-04-15 00:00:00+00:00,2024-05-20 00:00:00+00:00,324054,4066,0.0274,1215750.27
MKT-01413,Campaign 1413,Events,Mid-Market,2023-12-02 00:00:00+00:00,2024-02-24 00:00:00+00:00,852083,15296,0.0481,2867516.8
MKT-01414,Campaign 1414,Social,Enterprise,2023-07-05 00:00:00+00:00,2023-09-02 00:00:00+00:00,548000,11910,0.0327,2447087.83
MKT-01415,Campaign 1415,Email,Mid-Market,2025-11-25 00:00:00+00:00,2026-01-13 00:00:00+00:00,104465,1269,0.0579,850116.04
MKT-01416,Campaign 1416,Social,Enterprise,2024-09-22 00:00:00+00:00,2024-12-18 00:00:00+00:00,269280,3553,0.0134,871187.72
MKT-01417,Campaign 1417,Partner,Mid-Market,2025-12-20 00:00:00+00:00,2026-02-23 00:00:00+00:00,164193,2163,0.0402,1261732.87
MKT-01418,Campaign 1418,Social,Enterprise,2025-05-04 00:00:00+00:00,2025-07-24 00:00:00+00:00,610578,8822,0.0241,3902540.91
MKT-01419,Campaign 1419,Content,SMB,2023-04-26 00:00:00+00:00,2023-05-19 00:00:00+00:00,405571,6425,0.0552,1409285.76
MKT-01420,Campaign 1420,Partner,SMB,2026-01-30 00:00:00+00:00,2026-02-23 00:00:00+00:00,280207,7456,0.0554,1553410.41
MKT-01421,Campaign 1421,Social,SMB,2025-05-13 00:00:00+00:00,2025-08-03 00:00:00+00:00,635882,7194,0.004,4290523.79
MKT-01422,Campaign 1422,Events,Enterprise,2024-11-18 00:00:00+00:00,2025-02-08 00:00:00+00:00,475856,4069,0.0221,1738894.68
MKT-01423,Campaign 1423,Social,Enterprise,2024-10-12 00:00:00+00:00,2024-11-19 00:00:00+00:00,650694,8218,0.0569,2474337.41
MKT-01424,Campaign 1424,Events,SMB,2023-05-17 00:00:00+00:00,2023-06-28 00:00:00+00:00,715207,11641,0.0399,2720622.9
MKT-01425,Campaign 1425,Email,Mid-Market,2024-11-01 00:00:00+00:00,2024-12-04 00:00:00+00:00,170750,2721,0.0518,1267667.64
MKT-01426,Campaign 1426,Partner,Enterprise,2023-05-26 00:00:00+00:00,2023-07-08 00:00:00+00:00,796037,13611,0.0417,2932028.33
MKT-01427,Campaign 1427,Social,Mid-Market,2025-03-12 00:00:00+00:00,2025-03-27 00:00:00+00:00,101885,1368,0.0446,682922.49
MKT-01428,Campaign 1428,Partner,Mid-Market,2025-11-30 00:00:00+00:00,2026-01-22 00:00:00+00:00,54263,1361,0.0578,264775.02
MKT-01429,Campaign 1429,Partner,Mid-Market,2024-06-16 00:00:00+00:00,2024-08-27 00:00:00+00:00,64141,1139,0.0229,419992.21
MKT-01430,Campaign 1430,Social,Mid-Market,2025-05-30 00:00:00+00:00,2025-08-11 00:00:00+00:00,672481,5610,0.0349,2244048.76
MKT-01431,Campaign 1431,Partner,Mid-Market,2024-09-07 00:00:00+00:00,2024-10-31 00:00:00+00:00,82220,1082,0.0254,505013.29
MKT-01432,Campaign 1432,Partner,Enterprise,2023-06-20 00:00:00+00:00,2023-08-05 00:00:00+00:00,819404,20907,0.0463,6389444.62
MKT-01433,Campaign 1433,Social,SMB,2024-06-19 00:00:00+00:00,2024-07-12 00:00:00+00:00,682791,18944,0.0211,5162362.63
MKT-01434,Campaign 1434,Events,SMB,2025-06-29 00:00:00+00:00,2025-09-02 00:00:00+00:00,682313,5541,0.0568,4217415.15
MKT-01435,Campaign 1435,Search,SMB,2026-01-10 00:00:00+00:00,2026-02-28 00:00:00+00:00,303964,2887,0.0334,1333619.84
MKT-01436,Campaign 1436,Content,Enterprise,2023-04-22 00:00:00+00:00,2023-05-19 00:00:00+00:00,225806,3839,0.0502,1686162.93
MKT-01437,Campaign 1437,Partner,Enterprise,2024-12-01 00:00:00+00:00,2025-01-22 00:00:00+00:00,305818,4724,0.0301,1908765.66
MKT-01438,Campaign 1438,Search,Mid-Market,2024-03-06 00:00:00+00:00,2024-04-12 00:00:00+00:00,691513,6714,0.0549,3335099.15
MKT-01439,Campaign 1439,Partner,Mid-Market,2023-07-23 00:00:00+00:00,2023-08-12 00:00:00+00:00,208476,2249,0.061,1751005.8
MKT-01440,Campaign 1440,Social,Enterprise,2023-01-25 00:00:00+00:00,2023-04-22 00:00:00+00:00,743823,7879,0.0542,4597314.34
MKT-01441,Campaign 1441,Events,SMB,2024-06-14 00:00:00+00:00,2024-09-02 00:00:00+00:00,337861,4923,0.0279,2791928.96
MKT-01442,Campaign 1442,Social,Enterprise,2026-01-26 00:00:00+00:00,2026-03-13 00:00:00+00:00,180053,1631,0.0654,1010095.53
MKT-01443,Campaign 1443,Search,Enterprise,2026-02-07 00:00:00+00:00,2026-05-02 00:00:00+00:00,375163,3800,0.0531,2153400.01
MKT-01444,Campaign 1444,Search,SMB,2024-01-26 00:00:00+00:00,2024-04-05 00:00:00+00:00,840358,8368,0.0318,4375317.13
MKT-01445,Campaign 1445,Search,Enterprise,2025-11-14 00:00:00+00:00,2025-12-29 00:00:00+00:00,291602,5530,0.0465,1552357.92
MKT-01446,Campaign 1446,Partner,SMB,2023-05-24 00:00:00+00:00,2023-06-13 00:00:00+00:00,263732,4230,0.0666,1348174.23
MKT-01447,Campaign 1447,Content,Mid-Market,2025-04-02 00:00:00+00:00,2025-07-01 00:00:00+00:00,671246,9929,0.0277,4997429.96
MKT-01448,Campaign 1448,Partner,Mid-Market,2025-07-22 00:00:00+00:00,2025-08-07 00:00:00+00:00,871706,13965,0.0272,4157022.49
MKT-01449,Campaign 1449,Content,Enterprise,2024-06-25 00:00:00+00:00,2024-09-19 00:00:00+00:00,222136,4180,0.0399,988325.47
MKT-01450,Campaign 1450,Events,Mid-Market,2024-04-24 00:00:00+00:00,2024-05-12 00:00:00+00:00,468593,4899,0.0196,3799687.21
MKT-01451,Campaign 1451,Email,SMB,2023-12-27 00:00:00+00:00,2024-03-14 00:00:00+00:00,726966,7776,0.0437,6308294.01
MKT-01452,Campaign 1452,Content,Mid-Market,2024-12-14 00:00:00+00:00,2025-02-20 00:00:00+00:00,134707,1594,0.0537,820097.09
MKT-01453,Campaign 1453,Social,Enterprise,2025-02-23 00:00:00+00:00,2025-05-08 00:00:00+00:00,211779,2348,0.0447,870856.77
MKT-01454,Campaign 1454,Events,Enterprise,2025-09-18 00:00:00+00:00,2025-10-06 00:00:00+00:00,656111,5353,0.0304,2464681.48
MKT-01455,Campaign 1455,Search,Enterprise,2024-07-26 00:00:00+00:00,2024-10-19 00:00:00+00:00,276774,6724,0.0565,1836358.19
MKT-01456,Campaign 1456,Events,SMB,2023-10-27 00:00:00+00:00,2023-12-26 00:00:00+00:00,529670,5537,0.0393,4010540.05
MKT-01457,Campaign 1457,Social,Mid-Market,2025-03-24 00:00:00+00:00,2025-06-12 00:00:00+00:00,443972,4115,0.0294,3197348.6
MKT-01458,Campaign 1458,Social,Mid-Market,2024-09-11 00:00:00+00:00,2024-10-14 00:00:00+00:00,706064,9502,0.0461,5799343.37
MKT-01459,Campaign 1459,Partner,SMB,2025-02-17 00:00:00+00:00,2025-04-10 00:00:00+00:00,455127,7240,0.0613,2514750.86
MKT-01460,Campaign 1460,Content,Mid-Market,2023-07-10 00:00:00+00:00,2023-08-03 00:00:00+00:00,287489,3407,0.0327,2431924.97
MKT-01461,Campaign 1461,Partner,Mid-Market,2024-05-06 00:00:00+00:00,2024-07-12 00:00:00+00:00,278385,2687,0.0676,1955006.08
MKT-01462,Campaign 1462,Email,Enterprise,2025-09-05 00:00:00+00:00,2025-11-12 00:00:00+00:00,69435,615,0.0432,512790.48
MKT-01463,Campaign 1463,Partner,SMB,2023-02-07 00:00:00+00:00,2023-03-02 00:00:00+00:00,125727,1328,0.044,850685.74
MKT-01464,Campaign 1464,Content,Mid-Market,2024-01-04 00:00:00+00:00,2024-02-29 00:00:00+00:00,173420,1866,0.0438,634418.51
MKT-01465,Campaign 1465,Partner,SMB,2024-08-26 00:00:00+00:00,2024-10-26 00:00:00+00:00,806411,6975,0.0331,6536928.32
MKT-01466,Campaign 1466,Email,Enterprise,2024-07-14 00:00:00+00:00,2024-10-05 00:00:00+00:00,448564,5408,0.0217,2101662.61
MKT-01467,Campaign 1467,Events,Enterprise,2024-10-14 00:00:00+00:00,2024-11-05 00:00:00+00:00,896795,13288,0.0733,3363756.26
MKT-01468,Campaign 1468,Email,Enterprise,2025-04-12 00:00:00+00:00,2025-06-21 00:00:00+00:00,59274,1141,0.0231,490900.19
MKT-01469,Campaign 1469,Events,Mid-Market,2024-12-03 00:00:00+00:00,2025-02-03 00:00:00+00:00,910062,19339,0.0619,4312735.98
MKT-01470,Campaign 1470,Partner,Mid-Market,2025-11-05 00:00:00+00:00,2025-12-14 00:00:00+00:00,612553,8945,0.0697,5352060.42
MKT-01471,Campaign 1471,Social,Enterprise,2024-12-19 00:00:00+00:00,2025-01-17 00:00:00+00:00,465123,12394,0.0306,3723949.63
MKT-01472,Campaign 1472,Partner,Enterprise,2024-02-05 00:00:00+00:00,2024-02-28 00:00:00+00:00,473313,5118,0.0519,3268723.24
MKT-01473,Campaign 1473,Events,Enterprise,2024-12-22 00:00:00+00:00,2025-01-12 00:00:00+00:00,879945,7734,0.053,7196743.85
MKT-01474,Campaign 1474,Social,Mid-Market,2023-04-08 00:00:00+00:00,2023-06-10 00:00:00+00:00,207111,2232,0.0531,1607885.42
MKT-01475,Campaign 1475,Content,Enterprise,2025-08-09 00:00:00+00:00,2025-10-17 00:00:00+00:00,317186,2572,0.0319,2180682.6
MKT-01476,Campaign 1476,Content,Mid-Market,2024-08-25 00:00:00+00:00,2024-10-05 00:00:00+00:00,738595,6248,0.0358,4780974.73
MKT-01477,Campaign 1477,Events,SMB,2024-10-25 00:00:00+00:00,2025-01-19 00:00:00+00:00,30909,349,0.0549,226762.63
MKT-01478,Campaign 1478,Search,Mid-Market,2023-01-16 00:00:00+00:00,2023-02-11 00:00:00+00:00,607880,13004,0.0158,2590268.66
MKT-01479,Campaign 1479,Events,SMB,2023-02-22 00:00:00+00:00,2023-03-19 00:00:00+00:00,575086,10922,0.01,3967707.49
MKT-01480,Campaign 1480,Search,Mid-Market,2024-03-27 00:00:00+00:00,2024-05-24 00:00:00+00:00,513432,7667,0.0437,1809786.91
MKT-01481,Campaign 1481,Content,Enterprise,2023-04-25 00:00:00+00:00,2023-07-05 00:00:00+00:00,417701,8293,0.0399,3380112.64
MKT-01482,Campaign 1482,Search,SMB,2024-04-14 00:00:00+00:00,2024-06-18 00:00:00+00:00,670090,9271,0.0445,4785336.35
MKT-01483,Campaign 1483,Partner,Enterprise,2025-10-16 00:00:00+00:00,2026-01-14 00:00:00+00:00,858113,6891,0.0304,3342154.79
MKT-01484,Campaign 1484,Events,SMB,2024-06-19 00:00:00+00:00,2024-07-25 00:00:00+00:00,552749,4432,0.0546,4751231.4
MKT-01485,Campaign 1485,Partner,SMB,2025-04-18 00:00:00+00:00,2025-05-31 00:00:00+00:00,759396,7393,0.0556,6513166.9
MKT-01486,Campaign 1486,Events,Enterprise,2024-04-14 00:00:00+00:00,2024-06-23 00:00:00+00:00,26606,295,0.0446,169465.36
MKT-01487,Campaign 1487,Social,Enterprise,2024-05-10 00:00:00+00:00,2024-06-12 00:00:00+00:00,152157,1362,0.0208,492657.7
MKT-01488,Campaign 1488,Content,Enterprise,2025-04-28 00:00:00+00:00,2025-05-17 00:00:00+00:00,511474,4206,0.0587,4116910.26
MKT-01489,Campaign 1489,Partner,Mid-Market,2025-11-02 00:00:00+00:00,2026-01-11 00:00:00+00:00,740051,6641,0.0139,6098748.84
MKT-01490,Campaign 1490,Email,Mid-Market,2023-09-30 00:00:00+00:00,2023-12-09 00:00:00+00:00,244919,2616,0.0218,973873.95
MKT-01491,Campaign 1491,Content,SMB,2026-02-18 00:00:00+00:00,2026-03-19 00:00:00+00:00,677221,8592,0.0541,3988918.66
MKT-01492,Campaign 1492,Partner,SMB,2024-08-20 00:00:00+00:00,2024-09-11 00:00:00+00:00,711534,10350,0.024,5989617.58
MKT-01493,Campaign 1493,Email,Mid-Market,2023-10-07 00:00:00+00:00,2023-10-27 00:00:00+00:00,572478,7692,0.0302,4537575.88
MKT-01494,Campaign 1494,Events,Enterprise,2024-01-09 00:00:00+00:00,2024-03-16 00:00:00+00:00,618501,12513,0.0441,5285076.88
MKT-01495,Campaign 1495,Social,SMB,2023-05-13 00:00:00+00:00,2023-05-31 00:00:00+00:00,206340,3518,0.0567,1482496.43
MKT-01496,Campaign 1496,Email,Mid-Market,2024-12-15 00:00:00+00:00,2025-01-31 00:00:00+00:00,553383,5328,0.0513,2559984.12
MKT-01497,Campaign 1497,Email,Mid-Market,2023-04-30 00:00:00+00:00,2023-05-15 00:00:00+00:00,159483,1722,0.0631,1145898.53
MKT-01498,Campaign 1498,Events,Mid-Market,2024-04-30 00:00:00+00:00,2024-05-25 00:00:00+00:00,499938,7882,0.0348,2808251.36
MKT-01499,Campaign 1499,Social,SMB,2023-02-01 00:00:00+00:00,2023-04-24 00:00:00+00:00,832240,10244,0.0281,5949720.87
MKT-01500,Campaign 1500,Social,Mid-Market,2023-08-26 00:00:00+00:00,2023-09-10 00:00:00+00:00,250100,3648,0.0215,1465371.34
MKT-01501,Campaign 1501,Email,Enterprise,2024-06-29 00:00:00+00:00,2024-09-21 00:00:00+00:00,760818,13460,0.0438,6066908.83
MKT-01502,Campaign 1502,Partner,Mid-Market,2024-11-13 00:00:00+00:00,2025-01-31 00:00:00+00:00,608471,13652,0.0464,4034314.54
MKT-01503,Campaign 1503,Search,Mid-Market,2025-03-14 00:00:00+00:00,2025-05-18 00:00:00+00:00,542304,6549,0.0812,2886256.43
MKT-01504,Campaign 1504,Events,Mid-Market,2023-10-12 00:00:00+00:00,2024-01-02 00:00:00+00:00,734386,8015,0.0518,3449567.89
MKT-01505,Campaign 1505,Events,Enterprise,2024-01-12 00:00:00+00:00,2024-03-27 00:00:00+00:00,577208,16423,0.0146,4191546.79
MKT-01506,Campaign 1506,Partner,Enterprise,2024-03-31 00:00:00+00:00,2024-05-12 00:00:00+00:00,372097,9682,0.0604,3019924.91
MKT-01507,Campaign 1507,Social,Enterprise,2024-05-07 00:00:00+00:00,2024-06-25 00:00:00+00:00,160712,3102,0.0285,1361078.55
MKT-01508,Campaign 1508,Email,Mid-Market,2024-04-23 00:00:00+00:00,2024-06-27 00:00:00+00:00,334597,3264,0.021,2759043.42
MKT-01509,Campaign 1509,Search,Mid-Market,2023-06-01 00:00:00+00:00,2023-08-17 00:00:00+00:00,606954,6007,0.0586,2034281.52
MKT-01510,Campaign 1510,Social,Enterprise,2025-10-30 00:00:00+00:00,2026-01-19 00:00:00+00:00,864195,11906,0.0555,5709341.49
MKT-01511,Campaign 1511,Partner,Mid-Market,2023-12-16 00:00:00+00:00,2024-01-21 00:00:00+00:00,865568,6932,0.0594,6251828.33
MKT-01512,Campaign 1512,Email,Mid-Market,2025-04-30 00:00:00+00:00,2025-05-20 00:00:00+00:00,740789,9200,0.032,3273810.72
MKT-01513,Campaign 1513,Partner,Mid-Market,2024-12-26 00:00:00+00:00,2025-02-17 00:00:00+00:00,690223,7332,0.0776,3396684.33
MKT-01514,Campaign 1514,Email,Mid-Market,2024-12-24 00:00:00+00:00,2025-02-15 00:00:00+00:00,75136,903,0.0567,544502.2
MKT-01515,Campaign 1515,Partner,SMB,2026-02-07 00:00:00+00:00,2026-04-30 00:00:00+00:00,542414,4565,0.0268,4573979.59
MKT-01516,Campaign 1516,Social,Enterprise,2023-05-10 00:00:00+00:00,2023-06-26 00:00:00+00:00,267663,5747,0.0775,1150437.36
MKT-01517,Campaign 1517,Events,SMB,2024-01-27 00:00:00+00:00,2024-03-05 00:00:00+00:00,400857,10032,0.0512,2957020.73
MKT-01518,Campaign 1518,Events,Enterprise,2023-12-22 00:00:00+00:00,2024-01-21 00:00:00+00:00,786769,9309,0.0417,4393411.61
MKT-01519,Campaign 1519,Events,Mid-Market,2026-02-18 00:00:00+00:00,2026-03-09 00:00:00+00:00,210566,2241,0.0331,1040373.67
MKT-01520,Campaign 1520,Social,SMB,2023-02-27 00:00:00+00:00,2023-04-01 00:00:00+00:00,698338,6324,0.004,3385452.28
MKT-01521,Campaign 1521,Social,SMB,2023-12-13 00:00:00+00:00,2024-01-24 00:00:00+00:00,40376,510,0.0542,315386.54
MKT-01522,Campaign 1522,Events,Mid-Market,2024-09-11 00:00:00+00:00,2024-12-05 00:00:00+00:00,193018,3849,0.0321,680410.13
MKT-01523,Campaign 1523,Content,SMB,2023-01-07 00:00:00+00:00,2023-03-21 00:00:00+00:00,428280,6338,0.0382,3165311.6
MKT-01524,Campaign 1524,Events,Mid-Market,2023-05-16 00:00:00+00:00,2023-07-23 00:00:00+00:00,459203,4360,0.0404,2139599.2
MKT-01525,Campaign 1525,Email,Mid-Market,2025-10-23 00:00:00+00:00,2025-11-07 00:00:00+00:00,316355,5197,0.0282,1572555.15
MKT-01526,Campaign 1526,Search,Mid-Market,2023-02-03 00:00:00+00:00,2023-04-06 00:00:00+00:00,186889,1664,0.0503,1343523.09
MKT-01527,Campaign 1527,Search,Mid-Market,2023-07-28 00:00:00+00:00,2023-08-17 00:00:00+00:00,463339,10118,0.0285,2754517.31
MKT-01528,Campaign 1528,Partner,Enterprise,2024-02-15 00:00:00+00:00,2024-04-19 00:00:00+00:00,550181,7517,0.0164,1938392.54
MKT-01529,Campaign 1529,Search,SMB,2024-03-01 00:00:00+00:00,2024-04-15 00:00:00+00:00,489986,4945,0.043,3738439.35
MKT-01530,Campaign 1530,Email,Enterprise,2025-05-05 00:00:00+00:00,2025-06-20 00:00:00+00:00,97657,1455,0.0327,561233.12
MKT-01531,Campaign 1531,Search,Enterprise,2023-12-21 00:00:00+00:00,2024-02-02 00:00:00+00:00,569965,6018,0.0107,3078738.98
MKT-01532,Campaign 1532,Partner,Mid-Market,2024-05-04 00:00:00+00:00,2024-07-18 00:00:00+00:00,255744,2070,0.0223,1611461.19
MKT-01533,Campaign 1533,Social,Enterprise,2024-08-12 00:00:00+00:00,2024-08-28 00:00:00+00:00,587436,15115,0.0447,4094436.33
MKT-01534,Campaign 1534,Partner,Enterprise,2023-04-10 00:00:00+00:00,2023-06-21 00:00:00+00:00,93448,2463,0.0442,794643.3
MKT-01535,Campaign 1535,Email,Mid-Market,2024-02-17 00:00:00+00:00,2024-03-24 00:00:00+00:00,77205,865,0.0643,274896.48
MKT-01536,Campaign 1536,Partner,Mid-Market,2024-09-12 00:00:00+00:00,2024-10-30 00:00:00+00:00,851687,7055,0.0608,5941768.1
MKT-01537,Campaign 1537,Email,SMB,2023-11-19 00:00:00+00:00,2024-01-24 00:00:00+00:00,161552,2041,0.049,656576.11
MKT-01538,Campaign 1538,Social,Mid-Market,2024-05-31 00:00:00+00:00,2024-06-25 00:00:00+00:00,180308,2345,0.0307,580927.37
MKT-01539,Campaign 1539,Content,SMB,2024-09-15 00:00:00+00:00,2024-10-11 00:00:00+00:00,264400,4777,0.0333,2072049.88
MKT-01540,Campaign 1540,Partner,Mid-Market,2026-01-10 00:00:00+00:00,2026-01-31 00:00:00+00:00,488602,7199,0.049,4171107.54
MKT-01541,Campaign 1541,Events,Mid-Market,2024-10-30 00:00:00+00:00,2024-11-30 00:00:00+00:00,333607,9425,0.0579,1640767.49
MKT-01542,Campaign 1542,Events,Enterprise,2023-06-07 00:00:00+00:00,2023-08-22 00:00:00+00:00,180247,2192,0.0507,1041434.88
MKT-01543,Campaign 1543,Content,SMB,2025-04-26 00:00:00+00:00,2025-05-20 00:00:00+00:00,538436,4966,0.0345,3497001.49
MKT-01544,Campaign 1544,Content,Mid-Market,2025-02-24 00:00:00+00:00,2025-05-03 00:00:00+00:00,133428,1267,0.0453,877900.36
MKT-01545,Campaign 1545,Search,Enterprise,2024-01-21 00:00:00+00:00,2024-03-15 00:00:00+00:00,570683,7645,0.0379,4490351.09
MKT-01546,Campaign 1546,Events,Enterprise,2025-04-08 00:00:00+00:00,2025-05-27 00:00:00+00:00,21412,287,0.0082,109762.46
MKT-01547,Campaign 1547,Content,Mid-Market,2023-05-23 00:00:00+00:00,2023-08-08 00:00:00+00:00,388564,4048,0.0386,2567580.56
MKT-01548,Campaign 1548,Search,SMB,2025-09-02 00:00:00+00:00,2025-09-26 00:00:00+00:00,92034,772,0.0354,339504.32
MKT-01549,Campaign 1549,Content,Mid-Market,2023-07-03 00:00:00+00:00,2023-07-20 00:00:00+00:00,267013,2623,0.0547,2083914.52
MKT-01550,Campaign 1550,Events,Enterprise,2025-08-31 00:00:00+00:00,2025-11-13 00:00:00+00:00,495518,6203,0.0243,3427200.49
MKT-01551,Campaign 1551,Search,Enterprise,2023-12-31 00:00:00+00:00,2024-01-24 00:00:00+00:00,102981,880,0.0262,675511.79
MKT-01552,Campaign 1552,Events,Mid-Market,2024-04-09 00:00:00+00:00,2024-05-21 00:00:00+00:00,492606,3976,0.0589,1734748.61
MKT-01553,Campaign 1553,Social,Mid-Market,2023-11-01 00:00:00+00:00,2024-01-08 00:00:00+00:00,293176,2946,0.0273,1020293.66
MKT-01554,Campaign 1554,Content,Mid-Market,2025-05-09 00:00:00+00:00,2025-07-22 00:00:00+00:00,247759,2129,0.031,909795.95
MKT-01555,Campaign 1555,Content,Mid-Market,2025-01-03 00:00:00+00:00,2025-03-12 00:00:00+00:00,320592,2679,0.0499,1441340.23
MKT-01556,Campaign 1556,Social,Mid-Market,2024-03-26 00:00:00+00:00,2024-06-02 00:00:00+00:00,859791,9961,0.0534,4811739.15
MKT-01557,Campaign 1557,Partner,Mid-Market,2025-05-30 00:00:00+00:00,2025-07-12 00:00:00+00:00,627573,10210,0.0643,3544967.94
MKT-01558,Campaign 1558,Email,Enterprise,2025-10-25 00:00:00+00:00,2026-01-19 00:00:00+00:00,414976,4110,0.0363,1692018.63
MKT-01559,Campaign 1559,Social,Enterprise,2024-04-23 00:00:00+00:00,2024-05-24 00:00:00+00:00,202020,4047,0.0372,1148617.39
MKT-01560,Campaign 1560,Partner,Mid-Market,2025-03-21 00:00:00+00:00,2025-04-09 00:00:00+00:00,745904,11462,0.0394,4542141.92
MKT-01561,Campaign 1561,Email,Enterprise,2025-11-03 00:00:00+00:00,2026-01-22 00:00:00+00:00,512359,7232,0.0324,1926690.81
MKT-01562,Campaign 1562,Events,Mid-Market,2023-02-18 00:00:00+00:00,2023-04-23 00:00:00+00:00,477674,4292,0.0489,1860882.3
MKT-01563,Campaign 1563,Social,Enterprise,2023-11-25 00:00:00+00:00,2024-01-18 00:00:00+00:00,801707,10829,0.0367,5904742.48
MKT-01564,Campaign 1564,Email,Mid-Market,2023-08-05 00:00:00+00:00,2023-10-19 00:00:00+00:00,237822,2612,0.0224,2089420.53
MKT-01565,Campaign 1565,Partner,Enterprise,2024-11-10 00:00:00+00:00,2025-01-19 00:00:00+00:00,872966,7739,0.0137,3703212.81
MKT-01566,Campaign 1566,Partner,Enterprise,2025-11-05 00:00:00+00:00,2025-12-11 00:00:00+00:00,161572,3419,0.04,936654.62
MKT-01567,Campaign 1567,Content,Enterprise,2026-01-22 00:00:00+00:00,2026-02-07 00:00:00+00:00,645788,6733,0.0519,2744909.37
MKT-01568,Campaign 1568,Search,Mid-Market,2024-10-09 00:00:00+00:00,2024-12-19 00:00:00+00:00,176031,1837,0.031,621792.29
MKT-01569,Campaign 1569,Partner,Mid-Market,2025-12-02 00:00:00+00:00,2026-02-09 00:00:00+00:00,74936,886,0.0211,315433.39
MKT-01570,Campaign 1570,Email,Mid-Market,2025-06-12 00:00:00+00:00,2025-07-19 00:00:00+00:00,626793,5375,0.0666,3268997.88
MKT-01571,Campaign 1571,Partner,SMB,2025-06-02 00:00:00+00:00,2025-07-12 00:00:00+00:00,607740,7352,0.0363,3810819.65
MKT-01572,Campaign 1572,Email,Mid-Market,2025-09-05 00:00:00+00:00,2025-11-07 00:00:00+00:00,693426,14092,0.0564,4253172.83
MKT-01573,Campaign 1573,Social,Enterprise,2025-08-04 00:00:00+00:00,2025-08-22 00:00:00+00:00,27768,291,0.0588,158891.69
MKT-01574,Campaign 1574,Search,SMB,2023-02-24 00:00:00+00:00,2023-05-02 00:00:00+00:00,168771,2326,0.0662,879747.63
MKT-01575,Campaign 1575,Content,Mid-Market,2024-11-04 00:00:00+00:00,2024-12-01 00:00:00+00:00,365044,2938,0.0411,1950897.64
MKT-01576,Campaign 1576,Content,Mid-Market,2023-05-06 00:00:00+00:00,2023-07-28 00:00:00+00:00,909245,8402,0.0191,2920910.34
MKT-01577,Campaign 1577,Social,Mid-Market,2023-06-10 00:00:00+00:00,2023-07-05 00:00:00+00:00,862297,18220,0.0114,3837773.69
MKT-01578,Campaign 1578,Content,Enterprise,2025-12-14 00:00:00+00:00,2026-03-12 00:00:00+00:00,842686,12284,0.0378,3518392.92
MKT-01579,Campaign 1579,Partner,SMB,2025-02-18 00:00:00+00:00,2025-04-07 00:00:00+00:00,664616,13524,0.0691,4295518.61
MKT-01580,Campaign 1580,Events,SMB,2024-11-30 00:00:00+00:00,2025-03-01 00:00:00+00:00,237080,2036,0.0432,1351911.22
MKT-01581,Campaign 1581,Events,SMB,2025-12-23 00:00:00+00:00,2026-03-08 00:00:00+00:00,707651,18743,0.0637,3132133.32
MKT-01582,Campaign 1582,Email,Mid-Market,2025-04-07 00:00:00+00:00,2025-06-14 00:00:00+00:00,301188,4224,0.0265,1185726.22
MKT-01583,Campaign 1583,Content,Enterprise,2024-08-02 00:00:00+00:00,2024-08-30 00:00:00+00:00,347345,6486,0.0652,2426113.39
MKT-01584,Campaign 1584,Events,Enterprise,2024-03-29 00:00:00+00:00,2024-05-27 00:00:00+00:00,894426,11796,0.0528,7371038.74
MKT-01585,Campaign 1585,Content,Mid-Market,2023-12-18 00:00:00+00:00,2024-01-17 00:00:00+00:00,265825,2500,0.0441,1230993.29
MKT-01586,Campaign 1586,Content,Enterprise,2023-10-06 00:00:00+00:00,2023-12-12 00:00:00+00:00,917835,24724,0.057,6095830.38
MKT-01587,Campaign 1587,Content,Enterprise,2024-02-28 00:00:00+00:00,2024-04-11 00:00:00+00:00,755118,12869,0.0329,3098529.46
MKT-01588,Campaign 1588,Content,Enterprise,2023-04-25 00:00:00+00:00,2023-07-06 00:00:00+00:00,388695,3523,0.0494,1769758.63
MKT-01589,Campaign 1589,Events,SMB,2023-01-16 00:00:00+00:00,2023-02-23 00:00:00+00:00,279647,4558,0.0285,1182040.08
MKT-01590,Campaign 1590,Social,SMB,2023-09-04 00:00:00+00:00,2023-11-20 00:00:00+00:00,773715,12307,0.0322,4824711.12
MKT-01591,Campaign 1591,Email,Mid-Market,2024-06-11 00:00:00+00:00,2024-08-02 00:00:00+00:00,846375,13992,0.0273,2909435.05
MKT-01592,Campaign 1592,Partner,SMB,2023-04-29 00:00:00+00:00,2023-06-04 00:00:00+00:00,848526,8799,0.0277,4925323.42
MKT-01593,Campaign 1593,Events,SMB,2024-01-14 00:00:00+00:00,2024-04-14 00:00:00+00:00,287023,2502,0.0142,2366667.73
MKT-01594,Campaign 1594,Search,Enterprise,2025-12-02 00:00:00+00:00,2026-02-09 00:00:00+00:00,811856,11799,0.0784,3233281.46
MKT-01595,Campaign 1595,Partner,Mid-Market,2024-10-18 00:00:00+00:00,2024-11-18 00:00:00+00:00,353911,2889,0.0228,2303351.49
MKT-01596,Campaign 1596,Partner,Mid-Market,2025-09-28 00:00:00+00:00,2025-10-26 00:00:00+00:00,622070,12752,0.0585,2135843.75
MKT-01597,Campaign 1597,Social,Enterprise,2023-07-27 00:00:00+00:00,2023-10-12 00:00:00+00:00,562447,4957,0.015,3533545.18
MKT-01598,Campaign 1598,Social,Mid-Market,2025-05-17 00:00:00+00:00,2025-06-08 00:00:00+00:00,395336,5911,0.0328,3020597.63
MKT-01599,Campaign 1599,Partner,Enterprise,2023-05-17 00:00:00+00:00,2023-06-08 00:00:00+00:00,331512,6598,0.0363,1422474.84
MKT-01600,Campaign 1600,Partner,Mid-Market,2023-01-26 00:00:00+00:00,2023-04-11 00:00:00+00:00,473191,4923,0.0648,2529142.76
MKT-01601,Campaign 1601,Content,Mid-Market,2023-01-02 00:00:00+00:00,2023-01-26 00:00:00+00:00,76699,1329,0.0473,424347.17
MKT-01602,Campaign 1602,Partner,Enterprise,2024-08-22 00:00:00+00:00,2024-10-20 00:00:00+00:00,661438,13900,0.0248,5311316.78
MKT-01603,Campaign 1603,Partner,Enterprise,2023-01-05 00:00:00+00:00,2023-03-30 00:00:00+00:00,57583,727,0.0381,197926.51
MKT-01604,Campaign 1604,Search,SMB,2023-10-03 00:00:00+00:00,2023-11-23 00:00:00+00:00,251573,4941,0.061,1251568.01
MKT-01605,Campaign 1605,Email,Mid-Market,2025-03-07 00:00:00+00:00,2025-06-04 00:00:00+00:00,573051,6993,0.0588,2145999.29
MKT-01606,Campaign 1606,Events,SMB,2023-03-28 00:00:00+00:00,2023-05-12 00:00:00+00:00,658248,5525,0.0313,4535798.67
MKT-01607,Campaign 1607,Search,Enterprise,2025-10-13 00:00:00+00:00,2025-12-23 00:00:00+00:00,714981,20221,0.0185,4342031.2
MKT-01608,Campaign 1608,Email,Mid-Market,2023-01-25 00:00:00+00:00,2023-02-27 00:00:00+00:00,492296,7236,0.0317,3045670.31
MKT-01609,Campaign 1609,Search,Enterprise,2025-08-09 00:00:00+00:00,2025-09-20 00:00:00+00:00,523594,5784,0.0529,2188805.88
MKT-01610,Campaign 1610,Content,Mid-Market,2025-04-04 00:00:00+00:00,2025-06-02 00:00:00+00:00,542680,6870,0.0139,2862516.24
MKT-01611,Campaign 1611,Search,Enterprise,2025-08-29 00:00:00+00:00,2025-10-10 00:00:00+00:00,807834,9170,0.0392,6540450.51
MKT-01612,Campaign 1612,Events,Enterprise,2024-03-11 00:00:00+00:00,2024-03-31 00:00:00+00:00,772022,20805,0.0225,5143113.68
MKT-01613,Campaign 1613,Partner,SMB,2023-03-10 00:00:00+00:00,2023-04-21 00:00:00+00:00,420863,5068,0.0342,3377386.1
MKT-01614,Campaign 1614,Search,Mid-Market,2024-11-08 00:00:00+00:00,2025-01-15 00:00:00+00:00,868622,9199,0.0502,5845908.92
MKT-01615,Campaign 1615,Email,Enterprise,2025-12-31 00:00:00+00:00,2026-02-19 00:00:00+00:00,256009,2880,0.041,1642274.59
MKT-01616,Campaign 1616,Partner,SMB,2025-06-09 00:00:00+00:00,2025-07-31 00:00:00+00:00,293556,7560,0.0531,2416573.45
MKT-01617,Campaign 1617,Events,Mid-Market,2025-01-22 00:00:00+00:00,2025-02-19 00:00:00+00:00,120103,2701,0.0616,721194.38
MKT-01618,Campaign 1618,Content,Enterprise,2024-05-30 00:00:00+00:00,2024-08-01 00:00:00+00:00,705927,7280,0.1017,5097366.86
MKT-01619,Campaign 1619,Search,Enterprise,2023-09-30 00:00:00+00:00,2023-11-20 00:00:00+00:00,540145,11234,0.0565,2088705.66
MKT-01620,Campaign 1620,Events,Mid-Market,2023-05-29 00:00:00+00:00,2023-06-14 00:00:00+00:00,558633,8883,0.0516,2365551.25
MKT-01621,Campaign 1621,Events,Enterprise,2023-03-01 00:00:00+00:00,2023-05-05 00:00:00+00:00,729144,9712,0.0315,4190022.25
MKT-01622,Campaign 1622,Content,SMB,2025-12-20 00:00:00+00:00,2026-02-01 00:00:00+00:00,280197,3753,0.0563,1435405.59
MKT-01623,Campaign 1623,Events,Mid-Market,2025-12-16 00:00:00+00:00,2026-01-06 00:00:00+00:00,236519,5917,0.067,1066108.03
MKT-01624,Campaign 1624,Social,SMB,2025-01-13 00:00:00+00:00,2025-02-27 00:00:00+00:00,601625,7953,0.0312,3036742.99
MKT-01625,Campaign 1625,Social,Enterprise,2024-05-10 00:00:00+00:00,2024-07-02 00:00:00+00:00,22058,302,0.033,155013.22
MKT-01626,Campaign 1626,Social,Enterprise,2023-08-17 00:00:00+00:00,2023-10-15 00:00:00+00:00,608683,10086,0.0316,4136252.51
MKT-01627,Campaign 1627,Social,Mid-Market,2026-01-09 00:00:00+00:00,2026-03-08 00:00:00+00:00,211766,2596,0.0208,816333.91
MKT-01628,Campaign 1628,Content,Mid-Market,2025-02-24 00:00:00+00:00,2025-05-19 00:00:00+00:00,757808,7521,0.0417,6604722.6
MKT-01629,Campaign 1629,Social,Mid-Market,2023-03-13 00:00:00+00:00,2023-05-03 00:00:00+00:00,231462,1862,0.0204,1647195.19
MKT-01630,Campaign 1630,Email,Mid-Market,2024-05-07 00:00:00+00:00,2024-07-15 00:00:00+00:00,383929,3141,0.0404,1708902.87
MKT-01631,Campaign 1631,Search,Enterprise,2024-02-03 00:00:00+00:00,2024-04-10 00:00:00+00:00,627251,6473,0.0471,2313072.71
MKT-01632,Campaign 1632,Content,Mid-Market,2025-06-30 00:00:00+00:00,2025-09-14 00:00:00+00:00,749823,13342,0.0465,6132494.91
MKT-01633,Campaign 1633,Email,SMB,2025-04-22 00:00:00+00:00,2025-07-14 00:00:00+00:00,787801,7183,0.0341,4121737.86
MKT-01634,Campaign 1634,Content,Mid-Market,2025-04-08 00:00:00+00:00,2025-06-20 00:00:00+00:00,238463,3667,0.0172,1070457.62
MKT-01635,Campaign 1635,Events,SMB,2025-06-17 00:00:00+00:00,2025-09-15 00:00:00+00:00,792638,15155,0.0615,3787671.72
MKT-01636,Campaign 1636,Events,Mid-Market,2023-10-28 00:00:00+00:00,2023-11-26 00:00:00+00:00,434040,6751,0.0137,2040747.68
MKT-01637,Campaign 1637,Partner,Enterprise,2024-05-03 00:00:00+00:00,2024-07-13 00:00:00+00:00,417560,10423,0.0439,3150346.5
MKT-01638,Campaign 1638,Partner,SMB,2025-05-01 00:00:00+00:00,2025-06-24 00:00:00+00:00,576516,8168,0.0658,3926022.43
MKT-01639,Campaign 1639,Content,SMB,2023-10-19 00:00:00+00:00,2023-11-25 00:00:00+00:00,904816,8447,0.0435,4653424.78
MKT-01640,Campaign 1640,Partner,Mid-Market,2024-09-25 00:00:00+00:00,2024-12-05 00:00:00+00:00,557767,15621,0.0625,2817160.52
MKT-01641,Campaign 1641,Content,Enterprise,2025-07-22 00:00:00+00:00,2025-10-20 00:00:00+00:00,321173,9173,0.0502,2748722.6
MKT-01642,Campaign 1642,Email,Enterprise,2025-02-12 00:00:00+00:00,2025-04-08 00:00:00+00:00,61999,1219,0.0197,422037.23
MKT-01643,Campaign 1643,Search,Enterprise,2024-01-25 00:00:00+00:00,2024-04-08 00:00:00+00:00,804280,15270,0.063,5834536.08
MKT-01644,Campaign 1644,Email,Enterprise,2024-03-30 00:00:00+00:00,2024-06-26 00:00:00+00:00,336166,3616,0.0326,1636822.02
MKT-01645,Campaign 1645,Social,SMB,2025-01-02 00:00:00+00:00,2025-01-17 00:00:00+00:00,752180,15217,0.0351,6578123.18
MKT-01646,Campaign 1646,Content,Mid-Market,2023-04-30 00:00:00+00:00,2023-06-23 00:00:00+00:00,305435,4310,0.0529,2254086.51
MKT-01647,Campaign 1647,Partner,Enterprise,2025-06-27 00:00:00+00:00,2025-09-26 00:00:00+00:00,110203,1192,0.0268,500994.66
MKT-01648,Campaign 1648,Events,Enterprise,2023-02-11 00:00:00+00:00,2023-04-08 00:00:00+00:00,891248,15676,0.057,7454112.7
MKT-01649,Campaign 1649,Events,Enterprise,2025-07-02 00:00:00+00:00,2025-07-28 00:00:00+00:00,93597,1861,0.0487,503186.32
MKT-01650,Campaign 1650,Social,Mid-Market,2025-06-29 00:00:00+00:00,2025-07-22 00:00:00+00:00,891760,7764,0.0685,3193007.62
MKT-01651,Campaign 1651,Partner,Mid-Market,2025-01-06 00:00:00+00:00,2025-02-12 00:00:00+00:00,199431,3643,0.0604,1057169.64
MKT-01652,Campaign 1652,Search,SMB,2023-11-20 00:00:00+00:00,2023-12-10 00:00:00+00:00,345088,2991,0.0387,2669356.52
MKT-01653,Campaign 1653,Partner,Enterprise,2024-04-14 00:00:00+00:00,2024-05-10 00:00:00+00:00,159688,1328,0.0353,898066.95
MKT-01654,Campaign 1654,Email,SMB,2024-11-08 00:00:00+00:00,2024-11-26 00:00:00+00:00,727127,6136,0.0303,4447142.44
MKT-01655,Campaign 1655,Email,Enterprise,2025-12-20 00:00:00+00:00,2026-02-03 00:00:00+00:00,70811,903,0.038,417972.62
MKT-01656,Campaign 1656,Email,SMB,2025-08-25 00:00:00+00:00,2025-09-19 00:00:00+00:00,516095,5165,0.0276,4412071.02
MKT-01657,Campaign 1657,Content,Mid-Market,2023-03-10 00:00:00+00:00,2023-04-05 00:00:00+00:00,897516,15689,0.0371,3092030.91
MKT-01658,Campaign 1658,Email,SMB,2025-12-28 00:00:00+00:00,2026-03-04 00:00:00+00:00,374972,9193,0.0218,1776952.39
MKT-01659,Campaign 1659,Search,SMB,2025-03-09 00:00:00+00:00,2025-03-31 00:00:00+00:00,192087,2348,0.0264,1452102.68
MKT-01660,Campaign 1660,Partner,Mid-Market,2026-01-20 00:00:00+00:00,2026-02-16 00:00:00+00:00,723344,16375,0.0639,2557792.28
MKT-01661,Campaign 1661,Content,Mid-Market,2024-02-21 00:00:00+00:00,2024-04-11 00:00:00+00:00,573513,5456,0.0206,2946153.97
MKT-01662,Campaign 1662,Content,Enterprise,2025-07-15 00:00:00+00:00,2025-08-06 00:00:00+00:00,876798,10878,0.0191,7067407.84
MKT-01663,Campaign 1663,Social,Mid-Market,2023-05-13 00:00:00+00:00,2023-05-28 00:00:00+00:00,409198,10045,0.0304,1536930.67
MKT-01664,Campaign 1664,Email,Enterprise,2024-08-23 00:00:00+00:00,2024-10-23 00:00:00+00:00,342374,3431,0.0638,1411484.48
MKT-01665,Campaign 1665,Social,Mid-Market,2024-05-07 00:00:00+00:00,2024-07-20 00:00:00+00:00,310316,3941,0.0269,1560064.84
MKT-01666,Campaign 1666,Partner,Enterprise,2023-11-03 00:00:00+00:00,2024-01-22 00:00:00+00:00,170067,2218,0.0371,1230581.06
MKT-01667,Campaign 1667,Events,Enterprise,2024-01-10 00:00:00+00:00,2024-01-24 00:00:00+00:00,513248,5991,0.0465,2699851.32
MKT-01668,Campaign 1668,Events,SMB,2023-01-21 00:00:00+00:00,2023-02-06 00:00:00+00:00,874952,8255,0.0504,6859222.49
MKT-01669,Campaign 1669,Content,SMB,2025-02-01 00:00:00+00:00,2025-02-20 00:00:00+00:00,609504,12790,0.0402,1965165.66
MKT-01670,Campaign 1670,Content,SMB,2023-09-17 00:00:00+00:00,2023-11-09 00:00:00+00:00,656767,14524,0.0482,2339071.97
MKT-01671,Campaign 1671,Search,Enterprise,2023-01-22 00:00:00+00:00,2023-04-06 00:00:00+00:00,678610,13461,0.0574,5366958.98
MKT-01672,Campaign 1672,Email,SMB,2023-09-29 00:00:00+00:00,2023-10-27 00:00:00+00:00,212427,3400,0.0214,1136069.02
MKT-01673,Campaign 1673,Content,Enterprise,2025-06-16 00:00:00+00:00,2025-09-06 00:00:00+00:00,725722,7079,0.0311,4368614.68
MKT-01674,Campaign 1674,Email,Enterprise,2024-08-28 00:00:00+00:00,2024-11-21 00:00:00+00:00,25691,290,0.0285,212537.35
MKT-01675,Campaign 1675,Email,Enterprise,2023-09-12 00:00:00+00:00,2023-11-30 00:00:00+00:00,423890,10434,0.0361,1674601.32
MKT-01676,Campaign 1676,Social,Enterprise,2024-12-22 00:00:00+00:00,2025-02-06 00:00:00+00:00,616158,5659,0.0618,4138042.52
MKT-01677,Campaign 1677,Partner,Enterprise,2023-08-21 00:00:00+00:00,2023-09-28 00:00:00+00:00,167729,4290,0.0576,1237709.24
MKT-01678,Campaign 1678,Partner,SMB,2026-02-01 00:00:00+00:00,2026-04-06 00:00:00+00:00,579833,10812,0.0406,3352057.14
MKT-01679,Campaign 1679,Email,Mid-Market,2023-05-05 00:00:00+00:00,2023-07-30 00:00:00+00:00,80533,700,0.0549,369856.22
MKT-01680,Campaign 1680,Social,Mid-Market,2024-03-25 00:00:00+00:00,2024-05-11 00:00:00+00:00,219880,3307,0.0759,727879.68
MKT-01681,Campaign 1681,Search,Mid-Market,2024-09-02 00:00:00+00:00,2024-10-23 00:00:00+00:00,708194,10786,0.0221,4535863.45
MKT-01682,Campaign 1682,Email,Mid-Market,2025-12-15 00:00:00+00:00,2026-03-02 00:00:00+00:00,597468,11485,0.0314,2537331.74
MKT-01683,Campaign 1683,Email,Mid-Market,2023-04-07 00:00:00+00:00,2023-06-29 00:00:00+00:00,878500,17196,0.0377,4009211.47
MKT-01684,Campaign 1684,Events,SMB,2025-07-17 00:00:00+00:00,2025-09-07 00:00:00+00:00,157289,4168,0.048,799563.25
MKT-01685,Campaign 1685,Search,Enterprise,2023-10-17 00:00:00+00:00,2024-01-14 00:00:00+00:00,775174,6961,0.0502,5022119.31
MKT-01686,Campaign 1686,Partner,Enterprise,2025-03-24 00:00:00+00:00,2025-06-19 00:00:00+00:00,382410,3795,0.025,3119992.94
MKT-01687,Campaign 1687,Social,Enterprise,2023-05-21 00:00:00+00:00,2023-07-22 00:00:00+00:00,727274,10563,0.0449,5357442.25
MKT-01688,Campaign 1688,Events,Mid-Market,2023-07-21 00:00:00+00:00,2023-08-31 00:00:00+00:00,298869,2902,0.0555,1885616.29
MKT-01689,Campaign 1689,Email,Mid-Market,2026-02-22 00:00:00+00:00,2026-05-16 00:00:00+00:00,715671,11837,0.0225,2697805.2
MKT-01690,Campaign 1690,Events,Mid-Market,2024-12-11 00:00:00+00:00,2025-02-19 00:00:00+00:00,797299,12120,0.0444,3363960.21
MKT-01691,Campaign 1691,Content,Mid-Market,2023-01-30 00:00:00+00:00,2023-03-12 00:00:00+00:00,675483,5896,0.0322,3176795.38
MKT-01692,Campaign 1692,Search,Mid-Market,2024-11-12 00:00:00+00:00,2024-12-02 00:00:00+00:00,281448,5098,0.0189,1837481.61
MKT-01693,Campaign 1693,Email,Enterprise,2025-04-03 00:00:00+00:00,2025-06-03 00:00:00+00:00,787891,7041,0.0577,5517334.92
MKT-01694,Campaign 1694,Search,SMB,2025-06-28 00:00:00+00:00,2025-07-24 00:00:00+00:00,272072,4757,0.0495,1311900.13
MKT-01695,Campaign 1695,Partner,Mid-Market,2023-10-25 00:00:00+00:00,2023-12-03 00:00:00+00:00,122296,1044,0.0276,775011.83
MKT-01696,Campaign 1696,Email,Enterprise,2024-10-28 00:00:00+00:00,2024-12-22 00:00:00+00:00,698291,12577,0.0567,5115917.35
MKT-01697,Campaign 1697,Email,Enterprise,2023-06-28 00:00:00+00:00,2023-09-15 00:00:00+00:00,215776,3520,0.0759,1386659.27
MKT-01698,Campaign 1698,Search,Enterprise,2026-01-12 00:00:00+00:00,2026-02-15 00:00:00+00:00,33622,396,0.0437,290424.62
MKT-01699,Campaign 1699,Events,Mid-Market,2023-09-11 00:00:00+00:00,2023-11-26 00:00:00+00:00,93097,1755,0.0199,401696.38
MKT-01700,Campaign 1700,Social,Mid-Market,2023-08-17 00:00:00+00:00,2023-09-04 00:00:00+00:00,666453,17876,0.0372,4615903.84
MKT-01701,Campaign 1701,Search,Mid-Market,2025-02-27 00:00:00+00:00,2025-05-05 00:00:00+00:00,52334,842,0.011,181728.98
MKT-01702,Campaign 1702,Content,Enterprise,2023-07-10 00:00:00+00:00,2023-08-12 00:00:00+00:00,60442,818,0.0401,216026.09
MKT-01703,Campaign 1703,Events,Enterprise,2023-06-06 00:00:00+00:00,2023-08-09 00:00:00+00:00,915930,25357,0.0359,2947790.18
MKT-01704,Campaign 1704,Social,Enterprise,2025-04-15 00:00:00+00:00,2025-05-20 00:00:00+00:00,68457,647,0.0545,340721.73
MKT-01705,Campaign 1705,Email,Mid-Market,2023-06-18 00:00:00+00:00,2023-08-06 00:00:00+00:00,645561,10739,0.0324,2172830.38
MKT-01706,Campaign 1706,Partner,Mid-Market,2026-02-19 00:00:00+00:00,2026-04-22 00:00:00+00:00,460512,9063,0.0563,3705173.33
MKT-01707,Campaign 1707,Email,Enterprise,2025-07-25 00:00:00+00:00,2025-08-13 00:00:00+00:00,319911,3500,0.0292,1926247.32
MKT-01708,Campaign 1708,Events,Enterprise,2023-10-01 00:00:00+00:00,2023-10-27 00:00:00+00:00,881918,7736,0.0401,6335054.98
MKT-01709,Campaign 1709,Social,Enterprise,2023-03-25 00:00:00+00:00,2023-06-14 00:00:00+00:00,326675,4319,0.0195,2321214.21
MKT-01710,Campaign 1710,Search,Mid-Market,2023-03-03 00:00:00+00:00,2023-05-28 00:00:00+00:00,164711,2246,0.0249,1348979.36
MKT-01711,Campaign 1711,Search,Enterprise,2024-09-30 00:00:00+00:00,2024-11-24 00:00:00+00:00,372582,4672,0.0545,1406491.11
MKT-01712,Campaign 1712,Social,Mid-Market,2025-01-25 00:00:00+00:00,2025-03-02 00:00:00+00:00,292299,5936,0.0591,1006669.85
MKT-01713,Campaign 1713,Content,Enterprise,2024-02-25 00:00:00+00:00,2024-03-31 00:00:00+00:00,710367,11293,0.0315,5109664.66
MKT-01714,Campaign 1714,Search,Mid-Market,2025-05-09 00:00:00+00:00,2025-08-06 00:00:00+00:00,632299,8324,0.0503,4932002.02
MKT-01715,Campaign 1715,Search,Enterprise,2024-11-04 00:00:00+00:00,2025-01-15 00:00:00+00:00,107217,860,0.0545,350200.93
MKT-01716,Campaign 1716,Search,Enterprise,2024-08-09 00:00:00+00:00,2024-09-25 00:00:00+00:00,823209,11745,0.0249,5128600.95
MKT-01717,Campaign 1717,Partner,SMB,2023-01-09 00:00:00+00:00,2023-02-27 00:00:00+00:00,805755,20390,0.0492,4378938.35
MKT-01718,Campaign 1718,Content,SMB,2023-09-20 00:00:00+00:00,2023-11-30 00:00:00+00:00,464643,8003,0.0422,3858147.8
MKT-01719,Campaign 1719,Email,Mid-Market,2023-10-30 00:00:00+00:00,2023-12-17 00:00:00+00:00,370486,3123,0.0476,2633275.19
MKT-01720,Campaign 1720,Content,Enterprise,2024-07-24 00:00:00+00:00,2024-09-28 00:00:00+00:00,466602,4217,0.0401,4056285.17
MKT-01721,Campaign 1721,Email,SMB,2023-08-25 00:00:00+00:00,2023-11-06 00:00:00+00:00,480846,5285,0.0079,2486314.5
MKT-01722,Campaign 1722,Content,Mid-Market,2023-12-20 00:00:00+00:00,2024-01-24 00:00:00+00:00,298833,3595,0.0447,1192464.36
MKT-01723,Campaign 1723,Email,Mid-Market,2023-07-08 00:00:00+00:00,2023-09-18 00:00:00+00:00,409137,4416,0.0393,3018026.83
MKT-01724,Campaign 1724,Email,Mid-Market,2023-09-08 00:00:00+00:00,2023-10-26 00:00:00+00:00,358394,2947,0.0367,2653778.27
MKT-01725,Campaign 1725,Content,Mid-Market,2025-09-14 00:00:00+00:00,2025-12-13 00:00:00+00:00,900626,12077,0.0157,5003455.56
MKT-01726,Campaign 1726,Search,Mid-Market,2024-07-30 00:00:00+00:00,2024-08-30 00:00:00+00:00,145225,1357,0.058,619624.59
MKT-01727,Campaign 1727,Search,Enterprise,2025-12-22 00:00:00+00:00,2026-02-05 00:00:00+00:00,70858,621,0.0427,257705.72
MKT-01728,Campaign 1728,Partner,Mid-Market,2023-02-24 00:00:00+00:00,2023-05-17 00:00:00+00:00,127507,2366,0.0096,865412.67
MKT-01729,Campaign 1729,Content,Enterprise,2024-06-09 00:00:00+00:00,2024-08-05 00:00:00+00:00,157383,2255,0.0638,678732.37
MKT-01730,Campaign 1730,Social,Mid-Market,2025-04-04 00:00:00+00:00,2025-06-26 00:00:00+00:00,681151,6823,0.0488,2464907.65
MKT-01731,Campaign 1731,Events,Enterprise,2025-08-06 00:00:00+00:00,2025-08-28 00:00:00+00:00,336380,5995,0.0567,2276428.03
MKT-01732,Campaign 1732,Social,Mid-Market,2025-05-30 00:00:00+00:00,2025-07-11 00:00:00+00:00,455030,7142,0.0373,3046330.14
MKT-01733,Campaign 1733,Search,SMB,2024-05-12 00:00:00+00:00,2024-08-05 00:00:00+00:00,763633,11445,0.0418,4712082.55
MKT-01734,Campaign 1734,Email,Mid-Market,2026-02-07 00:00:00+00:00,2026-03-24 00:00:00+00:00,719194,5864,0.059,5346650.43
MKT-01735,Campaign 1735,Content,SMB,2023-10-10 00:00:00+00:00,2023-11-16 00:00:00+00:00,841037,8617,0.049,4373618.7
MKT-01736,Campaign 1736,Search,Mid-Market,2025-10-07 00:00:00+00:00,2025-11-13 00:00:00+00:00,602928,7358,0.0398,3675928.01
MKT-01737,Campaign 1737,Content,Mid-Market,2026-02-22 00:00:00+00:00,2026-05-18 00:00:00+00:00,711688,9461,0.0318,6079041.62
MKT-01738,Campaign 1738,Search,Mid-Market,2023-12-05 00:00:00+00:00,2024-01-11 00:00:00+00:00,21111,218,0.004,99387.96
MKT-01739,Campaign 1739,Content,Mid-Market,2025-07-30 00:00:00+00:00,2025-08-22 00:00:00+00:00,298958,2591,0.0566,1167111.86
MKT-01740,Campaign 1740,Events,Mid-Market,2023-12-16 00:00:00+00:00,2024-01-05 00:00:00+00:00,472392,8473,0.0571,2526708.86
MKT-01741,Campaign 1741,Partner,Enterprise,2025-10-03 00:00:00+00:00,2026-01-01 00:00:00+00:00,841579,8272,0.0539,5066476.92
MKT-01742,Campaign 1742,Events,Mid-Market,2024-05-25 00:00:00+00:00,2024-07-27 00:00:00+00:00,513684,9000,0.0603,3959695.15
MKT-01743,Campaign 1743,Content,Enterprise,2024-02-21 00:00:00+00:00,2024-05-19 00:00:00+00:00,668054,6366,0.0272,3959810.44
MKT-01744,Campaign 1744,Events,Mid-Market,2025-04-12 00:00:00+00:00,2025-06-24 00:00:00+00:00,141578,1395,0.0365,975168.45
MKT-01745,Campaign 1745,Search,Enterprise,2023-09-20 00:00:00+00:00,2023-11-09 00:00:00+00:00,715336,7354,0.0344,4690459.26
MKT-01746,Campaign 1746,Search,Mid-Market,2023-02-17 00:00:00+00:00,2023-03-29 00:00:00+00:00,880459,14911,0.0107,5047061.67
MKT-01747,Campaign 1747,Partner,Mid-Market,2025-11-11 00:00:00+00:00,2025-12-12 00:00:00+00:00,338322,2722,0.0324,2595263.2
MKT-01748,Campaign 1748,Search,Mid-Market,2026-01-11 00:00:00+00:00,2026-03-05 00:00:00+00:00,737950,11348,0.0447,2852266.01
MKT-01749,Campaign 1749,Partner,Mid-Market,2023-02-21 00:00:00+00:00,2023-03-11 00:00:00+00:00,203070,1777,0.0588,1505944.63
MKT-01750,Campaign 1750,Social,SMB,2025-03-19 00:00:00+00:00,2025-04-03 00:00:00+00:00,829651,16211,0.0503,5563432.27
MKT-01751,Campaign 1751,Events,SMB,2023-05-08 00:00:00+00:00,2023-07-26 00:00:00+00:00,641986,9314,0.0319,5453391.68
MKT-01752,Campaign 1752,Email,Enterprise,2025-09-05 00:00:00+00:00,2025-11-07 00:00:00+00:00,556767,15016,0.0573,2684735.46
MKT-01753,Campaign 1753,Content,SMB,2023-09-24 00:00:00+00:00,2023-12-03 00:00:00+00:00,549355,12469,0.0469,2284583.61
MKT-01754,Campaign 1754,Partner,Mid-Market,2025-03-04 00:00:00+00:00,2025-04-12 00:00:00+00:00,768974,10233,0.0159,3710552.83
MKT-01755,Campaign 1755,Email,Enterprise,2023-07-19 00:00:00+00:00,2023-09-15 00:00:00+00:00,253629,2323,0.0454,1155604.92
MKT-01756,Campaign 1756,Search,Mid-Market,2025-11-24 00:00:00+00:00,2025-12-19 00:00:00+00:00,180666,1898,0.055,1449977.72
MKT-01757,Campaign 1757,Social,Mid-Market,2023-10-31 00:00:00+00:00,2023-12-23 00:00:00+00:00,562721,6492,0.051,3824227.29
MKT-01758,Campaign 1758,Social,Enterprise,2025-07-28 00:00:00+00:00,2025-08-11 00:00:00+00:00,788593,21807,0.0237,4765698.44
MKT-01759,Campaign 1759,Partner,Mid-Market,2025-08-29 00:00:00+00:00,2025-10-23 00:00:00+00:00,847702,7713,0.0274,6257208.92
MKT-01760,Campaign 1760,Partner,Mid-Market,2024-05-16 00:00:00+00:00,2024-07-02 00:00:00+00:00,848200,13173,0.0757,3006833.22
MKT-01761,Campaign 1761,Email,Mid-Market,2023-06-06 00:00:00+00:00,2023-07-18 00:00:00+00:00,167423,1978,0.0281,890610.74
MKT-01762,Campaign 1762,Email,Enterprise,2025-03-26 00:00:00+00:00,2025-05-31 00:00:00+00:00,35168,322,0.0435,180901.23
MKT-01763,Campaign 1763,Events,SMB,2023-03-14 00:00:00+00:00,2023-05-14 00:00:00+00:00,207568,5220,0.004,1734794.95
MKT-01764,Campaign 1764,Email,Mid-Market,2025-12-19 00:00:00+00:00,2026-01-20 00:00:00+00:00,596086,9392,0.0636,2994257.43
MKT-01765,Campaign 1765,Email,Mid-Market,2024-03-03 00:00:00+00:00,2024-03-17 00:00:00+00:00,385047,3184,0.0552,1880477.42
MKT-01766,Campaign 1766,Search,SMB,2025-12-22 00:00:00+00:00,2026-01-18 00:00:00+00:00,103630,2371,0.0702,877291.61
MKT-01767,Campaign 1767,Content,SMB,2023-01-26 00:00:00+00:00,2023-04-18 00:00:00+00:00,368815,5438,0.0258,2887943.81
MKT-01768,Campaign 1768,Social,Enterprise,2025-11-01 00:00:00+00:00,2026-01-01 00:00:00+00:00,601523,5189,0.0621,4413967.11
MKT-01769,Campaign 1769,Email,Enterprise,2023-06-16 00:00:00+00:00,2023-08-21 00:00:00+00:00,65965,1439,0.026,231700.75
MKT-01770,Campaign 1770,Email,SMB,2025-05-12 00:00:00+00:00,2025-07-11 00:00:00+00:00,826153,8557,0.0674,3790464.41
MKT-01771,Campaign 1771,Content,Enterprise,2024-03-17 00:00:00+00:00,2024-06-02 00:00:00+00:00,382218,3940,0.004,1646602.15
MKT-01772,Campaign 1772,Content,Enterprise,2024-12-30 00:00:00+00:00,2025-02-05 00:00:00+00:00,180706,3176,0.0593,1437764.68
MKT-01773,Campaign 1773,Content,Enterprise,2023-09-03 00:00:00+00:00,2023-10-21 00:00:00+00:00,369202,7683,0.0432,3114403.59
MKT-01774,Campaign 1774,Events,SMB,2024-09-24 00:00:00+00:00,2024-12-13 00:00:00+00:00,463490,4482,0.0535,3240982.89
MKT-01775,Campaign 1775,Social,Mid-Market,2024-11-05 00:00:00+00:00,2024-11-28 00:00:00+00:00,728584,13104,0.0516,5819334.42
MKT-01776,Campaign 1776,Search,Enterprise,2023-08-07 00:00:00+00:00,2023-10-06 00:00:00+00:00,104443,994,0.0499,614331.85
MKT-01777,Campaign 1777,Events,Enterprise,2025-03-19 00:00:00+00:00,2025-06-05 00:00:00+00:00,441345,3783,0.0815,1747227.82
MKT-01778,Campaign 1778,Partner,Mid-Market,2024-06-11 00:00:00+00:00,2024-08-27 00:00:00+00:00,604723,15413,0.0721,4437171.7
MKT-01779,Campaign 1779,Partner,Mid-Market,2024-04-13 00:00:00+00:00,2024-05-24 00:00:00+00:00,746542,12405,0.052,6080940.76
MKT-01780,Campaign 1780,Content,Mid-Market,2023-06-04 00:00:00+00:00,2023-08-29 00:00:00+00:00,124864,1242,0.0461,1004774.83
MKT-01781,Campaign 1781,Content,SMB,2023-03-21 00:00:00+00:00,2023-04-24 00:00:00+00:00,121328,1411,0.0665,527646.91
MKT-01782,Campaign 1782,Search,Enterprise,2023-06-26 00:00:00+00:00,2023-08-31 00:00:00+00:00,894577,10982,0.0677,7673141.35
MKT-01783,Campaign 1783,Email,Enterprise,2024-12-02 00:00:00+00:00,2024-12-31 00:00:00+00:00,858338,11126,0.0447,4870248.38
MKT-01784,Campaign 1784,Events,Mid-Market,2023-07-01 00:00:00+00:00,2023-08-06 00:00:00+00:00,307184,2535,0.0439,1832995.67
MKT-01785,Campaign 1785,Events,Mid-Market,2023-04-03 00:00:00+00:00,2023-05-27 00:00:00+00:00,452811,4314,0.0276,2704708.59
MKT-01786,Campaign 1786,Email,Enterprise,2024-06-27 00:00:00+00:00,2024-09-01 00:00:00+00:00,184664,2178,0.048,823536.19
MKT-01787,Campaign 1787,Events,Mid-Market,2025-07-01 00:00:00+00:00,2025-08-05 00:00:00+00:00,734188,11394,0.0465,4368519.67
MKT-01788,Campaign 1788,Events,Enterprise,2023-04-11 00:00:00+00:00,2023-05-27 00:00:00+00:00,877490,23627,0.0587,5655041.15
MKT-01789,Campaign 1789,Events,Enterprise,2024-10-22 00:00:00+00:00,2024-12-04 00:00:00+00:00,479428,4994,0.0719,4045613.46
MKT-01790,Campaign 1790,Search,SMB,2025-09-15 00:00:00+00:00,2025-10-13 00:00:00+00:00,599081,12228,0.0627,5138688.72
MKT-01791,Campaign 1791,Social,Mid-Market,2025-11-27 00:00:00+00:00,2026-01-25 00:00:00+00:00,624633,12712,0.0598,2780744.85
MKT-01792,Campaign 1792,Search,Mid-Market,2025-11-08 00:00:00+00:00,2025-12-05 00:00:00+00:00,457642,10305,0.0393,1819250.2
MKT-01793,Campaign 1793,Email,Mid-Market,2025-11-10 00:00:00+00:00,2026-01-02 00:00:00+00:00,406513,3556,0.0364,1780305.91
MKT-01794,Campaign 1794,Events,SMB,2025-02-16 00:00:00+00:00,2025-03-13 00:00:00+00:00,697755,8020,0.0549,3435656.64
MKT-01795,Campaign 1795,Email,Mid-Market,2025-05-23 00:00:00+00:00,2025-07-19 00:00:00+00:00,301798,2813,0.0523,1878971.2
MKT-01796,Campaign 1796,Email,Enterprise,2024-08-18 00:00:00+00:00,2024-10-07 00:00:00+00:00,798911,21976,0.0542,4579070.3
MKT-01797,Campaign 1797,Social,Enterprise,2025-03-27 00:00:00+00:00,2025-06-25 00:00:00+00:00,383321,4927,0.0272,1246542.14
MKT-01798,Campaign 1798,Partner,SMB,2026-01-01 00:00:00+00:00,2026-03-02 00:00:00+00:00,747818,8199,0.0271,2598285.36
MKT-01799,Campaign 1799,Events,SMB,2023-07-25 00:00:00+00:00,2023-09-25 00:00:00+00:00,431273,3672,0.0346,3142315.55
MKT-01800,Campaign 1800,Partner,SMB,2024-01-06 00:00:00+00:00,2024-04-05 00:00:00+00:00,338843,3810,0.0543,2646417.38
MKT-01801,Campaign 1801,Search,Enterprise,2024-08-28 00:00:00+00:00,2024-10-04 00:00:00+00:00,125253,2674,0.0428,952766.43
MKT-01802,Campaign 1802,Partner,Mid-Market,2024-11-25 00:00:00+00:00,2025-01-30 00:00:00+00:00,375341,3793,0.0673,1211091.25
MKT-01803,Campaign 1803,Partner,Mid-Market,2025-08-31 00:00:00+00:00,2025-10-05 00:00:00+00:00,647980,9659,0.0264,3752328.54
MKT-01804,Campaign 1804,Partner,Mid-Market,2025-07-06 00:00:00+00:00,2025-08-07 00:00:00+00:00,493085,8677,0.0267,4159598.16
MKT-01805,Campaign 1805,Search,SMB,2023-10-27 00:00:00+00:00,2023-11-13 00:00:00+00:00,567748,5096,0.0391,4977472.07
MKT-01806,Campaign 1806,Content,SMB,2025-04-26 00:00:00+00:00,2025-07-14 00:00:00+00:00,546820,6407,0.0337,4750731.41
MKT-01807,Campaign 1807,Events,Enterprise,2023-02-02 00:00:00+00:00,2023-03-27 00:00:00+00:00,425027,5357,0.0294,3449434.4
MKT-01808,Campaign 1808,Events,Enterprise,2025-08-28 00:00:00+00:00,2025-11-26 00:00:00+00:00,289583,2616,0.0436,1962358.51
MKT-01809,Campaign 1809,Search,Enterprise,2024-02-02 00:00:00+00:00,2024-02-22 00:00:00+00:00,177046,1479,0.0442,1434213.57
MKT-01810,Campaign 1810,Partner,SMB,2023-09-25 00:00:00+00:00,2023-11-10 00:00:00+00:00,140812,1522,0.0221,1168341.85
MKT-01811,Campaign 1811,Content,SMB,2024-04-03 00:00:00+00:00,2024-07-03 00:00:00+00:00,676369,6090,0.0327,4355248.03
MKT-01812,Campaign 1812,Content,Mid-Market,2025-07-11 00:00:00+00:00,2025-10-01 00:00:00+00:00,413843,5668,0.0537,1636103.37
MKT-01813,Campaign 1813,Events,Enterprise,2026-01-03 00:00:00+00:00,2026-03-17 00:00:00+00:00,85432,734,0.0378,357127.5
MKT-01814,Campaign 1814,Email,Mid-Market,2023-02-10 00:00:00+00:00,2023-04-23 00:00:00+00:00,753317,7552,0.029,5301644.73
MKT-01815,Campaign 1815,Email,Mid-Market,2025-07-08 00:00:00+00:00,2025-08-06 00:00:00+00:00,355566,3040,0.0364,2404608.81
MKT-01816,Campaign 1816,Search,SMB,2024-09-26 00:00:00+00:00,2024-11-03 00:00:00+00:00,267241,2370,0.0225,1480300.15
MKT-01817,Campaign 1817,Email,SMB,2023-08-17 00:00:00+00:00,2023-10-23 00:00:00+00:00,443103,6614,0.0706,1694158.02
MKT-01818,Campaign 1818,Content,Enterprise,2023-01-12 00:00:00+00:00,2023-01-26 00:00:00+00:00,356013,3106,0.0563,1577850.87
MKT-01819,Campaign 1819,Content,Enterprise,2024-03-13 00:00:00+00:00,2024-06-09 00:00:00+00:00,381041,4532,0.0814,3347896.84
MKT-01820,Campaign 1820,Search,Enterprise,2024-02-06 00:00:00+00:00,2024-04-14 00:00:00+00:00,265153,2488,0.0436,861203.73
MKT-01821,Campaign 1821,Social,Mid-Market,2025-07-23 00:00:00+00:00,2025-10-12 00:00:00+00:00,52408,530,0.0364,411784.21
MKT-01822,Campaign 1822,Email,Enterprise,2024-10-28 00:00:00+00:00,2025-01-25 00:00:00+00:00,568005,4806,0.0282,3769267.93
MKT-01823,Campaign 1823,Email,Mid-Market,2025-05-29 00:00:00+00:00,2025-07-31 00:00:00+00:00,686893,6983,0.0493,2357808.96
MKT-01824,Campaign 1824,Partner,Mid-Market,2025-03-27 00:00:00+00:00,2025-04-20 00:00:00+00:00,876544,8778,0.0348,4888530.99
MKT-01825,Campaign 1825,Events,Mid-Market,2023-11-07 00:00:00+00:00,2023-12-02 00:00:00+00:00,150179,1204,0.0266,1165652.66
MKT-01826,Campaign 1826,Social,SMB,2024-07-26 00:00:00+00:00,2024-10-19 00:00:00+00:00,180509,1594,0.0632,1201376.5
MKT-01827,Campaign 1827,Search,Mid-Market,2025-05-16 00:00:00+00:00,2025-07-05 00:00:00+00:00,399249,4430,0.0426,3347506.56
MKT-01828,Campaign 1828,Social,SMB,2025-12-26 00:00:00+00:00,2026-01-25 00:00:00+00:00,721124,7031,0.0462,6191354.57
MKT-01829,Campaign 1829,Social,SMB,2024-05-14 00:00:00+00:00,2024-06-07 00:00:00+00:00,587419,10132,0.0455,4600211.62
MKT-01830,Campaign 1830,Partner,Enterprise,2024-08-11 00:00:00+00:00,2024-10-06 00:00:00+00:00,617490,7318,0.0486,4484685.89
MKT-01831,Campaign 1831,Search,Enterprise,2023-12-25 00:00:00+00:00,2024-02-21 00:00:00+00:00,499368,4048,0.014,1900805.27
MKT-01832,Campaign 1832,Email,Enterprise,2023-03-24 00:00:00+00:00,2023-05-20 00:00:00+00:00,908600,18006,0.0236,6801926.42
MKT-01833,Campaign 1833,Content,Mid-Market,2023-12-25 00:00:00+00:00,2024-02-08 00:00:00+00:00,372221,3217,0.0715,2518849.23
MKT-01834,Campaign 1834,Events,Mid-Market,2023-07-28 00:00:00+00:00,2023-08-28 00:00:00+00:00,107828,1058,0.0413,573985.77
MKT-01835,Campaign 1835,Search,Mid-Market,2025-01-08 00:00:00+00:00,2025-02-01 00:00:00+00:00,448775,7352,0.0486,3415453.84
MKT-01836,Campaign 1836,Social,Mid-Market,2025-08-30 00:00:00+00:00,2025-09-14 00:00:00+00:00,837490,6968,0.0548,4760755.2
MKT-01837,Campaign 1837,Social,Mid-Market,2024-10-23 00:00:00+00:00,2024-11-21 00:00:00+00:00,516623,7050,0.036,3686492.36
MKT-01838,Campaign 1838,Email,Enterprise,2025-12-22 00:00:00+00:00,2026-01-18 00:00:00+00:00,746378,9633,0.0249,5352695.13
MKT-01839,Campaign 1839,Events,Enterprise,2024-03-02 00:00:00+00:00,2024-03-28 00:00:00+00:00,641239,8176,0.0201,4786191.45
MKT-01840,Campaign 1840,Partner,SMB,2025-02-08 00:00:00+00:00,2025-03-24 00:00:00+00:00,834922,15881,0.0259,4297260.8
MKT-01841,Campaign 1841,Content,Enterprise,2023-06-19 00:00:00+00:00,2023-08-13 00:00:00+00:00,567749,6142,0.031,2403062.23
MKT-01842,Campaign 1842,Content,Mid-Market,2025-05-05 00:00:00+00:00,2025-06-02 00:00:00+00:00,695339,8486,0.0298,5059456.2
MKT-01843,Campaign 1843,Events,Mid-Market,2024-01-30 00:00:00+00:00,2024-03-27 00:00:00+00:00,571602,4630,0.0214,3100882.75
MKT-01844,Campaign 1844,Email,SMB,2024-12-12 00:00:00+00:00,2025-02-16 00:00:00+00:00,271708,2593,0.0567,2350990.52
MKT-01845,Campaign 1845,Email,Mid-Market,2023-07-17 00:00:00+00:00,2023-08-31 00:00:00+00:00,48909,657,0.0656,429632.61
MKT-01846,Campaign 1846,Events,Mid-Market,2025-01-04 00:00:00+00:00,2025-02-25 00:00:00+00:00,394206,3426,0.027,3347285.79
MKT-01847,Campaign 1847,Search,SMB,2025-04-01 00:00:00+00:00,2025-05-31 00:00:00+00:00,868612,7346,0.0146,5067002.5
MKT-01848,Campaign 1848,Partner,Mid-Market,2025-11-17 00:00:00+00:00,2025-12-28 00:00:00+00:00,116025,1340,0.043,985524.84
MKT-01849,Campaign 1849,Search,SMB,2023-06-16 00:00:00+00:00,2023-07-27 00:00:00+00:00,236483,1947,0.0662,806772.32
MKT-01850,Campaign 1850,Social,SMB,2024-05-16 00:00:00+00:00,2024-06-17 00:00:00+00:00,19884,243,0.0207,135578.29
MKT-01851,Campaign 1851,Partner,Enterprise,2024-08-13 00:00:00+00:00,2024-10-16 00:00:00+00:00,396631,7245,0.0212,3441055.3
MKT-01852,Campaign 1852,Partner,Mid-Market,2025-02-06 00:00:00+00:00,2025-04-12 00:00:00+00:00,872225,10602,0.0041,2849961.11
MKT-01853,Campaign 1853,Email,SMB,2023-05-28 00:00:00+00:00,2023-07-25 00:00:00+00:00,408248,5176,0.0461,3046285.78
MKT-01854,Campaign 1854,Content,Mid-Market,2025-02-13 00:00:00+00:00,2025-05-07 00:00:00+00:00,763958,9416,0.026,4984931.79
MKT-01855,Campaign 1855,Email,Mid-Market,2023-06-01 00:00:00+00:00,2023-07-01 00:00:00+00:00,554557,10917,0.0561,1986329.69
MKT-01856,Campaign 1856,Social,Mid-Market,2024-03-31 00:00:00+00:00,2024-06-03 00:00:00+00:00,91431,1713,0.0536,400833.8
MKT-01857,Campaign 1857,Content,SMB,2023-10-03 00:00:00+00:00,2023-11-06 00:00:00+00:00,288342,4092,0.0659,1141622.72
MKT-01858,Campaign 1858,Email,Mid-Market,2024-05-30 00:00:00+00:00,2024-07-14 00:00:00+00:00,428146,4156,0.0595,3152995.21
MKT-01859,Campaign 1859,Email,Mid-Market,2024-06-09 00:00:00+00:00,2024-07-14 00:00:00+00:00,306408,5485,0.0167,2322939.42
MKT-01860,Campaign 1860,Search,Mid-Market,2024-01-04 00:00:00+00:00,2024-01-20 00:00:00+00:00,278289,6575,0.0375,2407369.85
MKT-01861,Campaign 1861,Social,Mid-Market,2025-07-12 00:00:00+00:00,2025-09-03 00:00:00+00:00,560139,9485,0.0602,4218563.17
MKT-01862,Campaign 1862,Search,Enterprise,2026-01-01 00:00:00+00:00,2026-03-17 00:00:00+00:00,286185,4046,0.0201,2169589.61
MKT-01863,Campaign 1863,Email,Enterprise,2026-02-06 00:00:00+00:00,2026-05-07 00:00:00+00:00,793021,19827,0.036,4487522.54
MKT-01864,Campaign 1864,Events,Enterprise,2023-06-01 00:00:00+00:00,2023-07-25 00:00:00+00:00,824989,11473,0.0431,3351701.6
MKT-01865,Campaign 1865,Events,Mid-Market,2024-10-29 00:00:00+00:00,2025-01-06 00:00:00+00:00,37984,432,0.0412,211588.01
MKT-01866,Campaign 1866,Social,Mid-Market,2023-10-19 00:00:00+00:00,2023-11-07 00:00:00+00:00,912988,8359,0.0467,3461018.39
MKT-01867,Campaign 1867,Search,SMB,2025-12-05 00:00:00+00:00,2025-12-21 00:00:00+00:00,523690,6663,0.0311,4159825.83
MKT-01868,Campaign 1868,Social,SMB,2025-06-07 00:00:00+00:00,2025-08-16 00:00:00+00:00,398701,3955,0.027,2269040.09
MKT-01869,Campaign 1869,Content,Mid-Market,2025-09-06 00:00:00+00:00,2025-10-28 00:00:00+00:00,515126,5365,0.0492,3938962.69
MKT-01870,Campaign 1870,Email,Mid-Market,2024-01-30 00:00:00+00:00,2024-03-01 00:00:00+00:00,752692,9000,0.0391,6425118.3
MKT-01871,Campaign 1871,Social,Mid-Market,2023-06-13 00:00:00+00:00,2023-08-03 00:00:00+00:00,131168,1536,0.0758,679259.52
MKT-01872,Campaign 1872,Partner,Enterprise,2025-03-07 00:00:00+00:00,2025-04-13 00:00:00+00:00,167550,2741,0.0242,730801.9
MKT-01873,Campaign 1873,Email,Enterprise,2024-11-14 00:00:00+00:00,2024-12-16 00:00:00+00:00,55860,1159,0.0411,255447.62
MKT-01874,Campaign 1874,Social,SMB,2025-04-15 00:00:00+00:00,2025-06-18 00:00:00+00:00,712288,8614,0.0208,5243954.06
MKT-01875,Campaign 1875,Social,Enterprise,2024-03-14 00:00:00+00:00,2024-05-18 00:00:00+00:00,733482,12360,0.0479,3338170.01
MKT-01876,Campaign 1876,Events,Enterprise,2024-09-27 00:00:00+00:00,2024-10-25 00:00:00+00:00,63826,934,0.0387,323922.98
MKT-01877,Campaign 1877,Content,Enterprise,2023-03-20 00:00:00+00:00,2023-06-11 00:00:00+00:00,762998,7448,0.0504,5049662.88
MKT-01878,Campaign 1878,Partner,Mid-Market,2024-04-14 00:00:00+00:00,2024-05-23 00:00:00+00:00,326569,3425,0.0306,1860464.47
MKT-01879,Campaign 1879,Events,Enterprise,2025-01-26 00:00:00+00:00,2025-03-30 00:00:00+00:00,57819,1196,0.0126,254000.29
MKT-01880,Campaign 1880,Search,Mid-Market,2025-03-17 00:00:00+00:00,2025-05-24 00:00:00+00:00,530957,11371,0.0624,3134036.97
MKT-01881,Campaign 1881,Partner,SMB,2024-04-09 00:00:00+00:00,2024-06-01 00:00:00+00:00,626104,5585,0.0564,3562819.38
MKT-01882,Campaign 1882,Social,Mid-Market,2023-01-12 00:00:00+00:00,2023-02-19 00:00:00+00:00,74773,1068,0.0571,513446.12
MKT-01883,Campaign 1883,Content,Mid-Market,2024-05-01 00:00:00+00:00,2024-07-26 00:00:00+00:00,245946,4785,0.0562,1343435.11
MKT-01884,Campaign 1884,Events,SMB,2025-03-25 00:00:00+00:00,2025-04-15 00:00:00+00:00,124393,1379,0.0436,961391.08
MKT-01885,Campaign 1885,Search,Mid-Market,2023-05-09 00:00:00+00:00,2023-06-19 00:00:00+00:00,229373,1878,0.0518,1037114.46
MKT-01886,Campaign 1886,Social,Mid-Market,2024-10-24 00:00:00+00:00,2024-11-14 00:00:00+00:00,305718,3420,0.0275,1843652.42
MKT-01887,Campaign 1887,Email,SMB,2025-12-24 00:00:00+00:00,2026-02-22 00:00:00+00:00,843160,9456,0.0353,6482076.9
MKT-01888,Campaign 1888,Content,Enterprise,2025-08-28 00:00:00+00:00,2025-10-23 00:00:00+00:00,446426,3882,0.0602,2099641.25
MKT-01889,Campaign 1889,Events,SMB,2023-08-17 00:00:00+00:00,2023-10-05 00:00:00+00:00,573934,10845,0.0745,2596893.42
MKT-01890,Campaign 1890,Search,Enterprise,2025-05-02 00:00:00+00:00,2025-08-01 00:00:00+00:00,211554,2472,0.0473,1355957.74
MKT-01891,Campaign 1891,Events,Enterprise,2023-12-04 00:00:00+00:00,2024-02-16 00:00:00+00:00,559857,9878,0.004,3481380.13
MKT-01892,Campaign 1892,Social,Mid-Market,2024-10-08 00:00:00+00:00,2024-12-01 00:00:00+00:00,304503,3155,0.0477,2598215.38
MKT-01893,Campaign 1893,Partner,SMB,2025-02-11 00:00:00+00:00,2025-04-26 00:00:00+00:00,414654,4817,0.0647,3196219.96
MKT-01894,Campaign 1894,Search,Enterprise,2025-06-17 00:00:00+00:00,2025-09-15 00:00:00+00:00,170666,1523,0.0371,839703.62
MKT-01895,Campaign 1895,Content,Enterprise,2024-03-16 00:00:00+00:00,2024-05-20 00:00:00+00:00,593101,6790,0.0259,2369597.95
MKT-01896,Campaign 1896,Search,Enterprise,2023-07-15 00:00:00+00:00,2023-10-07 00:00:00+00:00,109370,1229,0.0574,503681.62
MKT-01897,Campaign 1897,Events,Mid-Market,2025-10-06 00:00:00+00:00,2025-11-28 00:00:00+00:00,390385,4957,0.0363,2133634.51
MKT-01898,Campaign 1898,Search,SMB,2024-03-31 00:00:00+00:00,2024-06-21 00:00:00+00:00,396761,9929,0.0362,1470026.03
MKT-01899,Campaign 1899,Email,Mid-Market,2024-05-13 00:00:00+00:00,2024-06-19 00:00:00+00:00,357211,4616,0.0153,1677370.41
MKT-01900,Campaign 1900,Email,Mid-Market,2024-09-03 00:00:00+00:00,2024-10-21 00:00:00+00:00,217341,5586,0.0156,1671915.01
MKT-01901,Campaign 1901,Events,Enterprise,2023-05-29 00:00:00+00:00,2023-08-08 00:00:00+00:00,127152,1408,0.0554,818105.47
MKT-01902,Campaign 1902,Email,SMB,2025-06-06 00:00:00+00:00,2025-08-03 00:00:00+00:00,605976,10790,0.0222,2070313.37
MKT-01903,Campaign 1903,Content,Enterprise,2025-11-21 00:00:00+00:00,2026-01-01 00:00:00+00:00,861277,23795,0.0703,2799688.77
MKT-01904,Campaign 1904,Email,Enterprise,2023-08-16 00:00:00+00:00,2023-10-18 00:00:00+00:00,223195,2155,0.0739,1195016.33
MKT-01905,Campaign 1905,Content,Enterprise,2025-02-25 00:00:00+00:00,2025-03-21 00:00:00+00:00,118540,1835,0.0253,407270.63
MKT-01906,Campaign 1906,Email,Mid-Market,2025-03-22 00:00:00+00:00,2025-04-05 00:00:00+00:00,189607,2025,0.031,933019.83
MKT-01907,Campaign 1907,Partner,SMB,2024-02-23 00:00:00+00:00,2024-04-19 00:00:00+00:00,286176,2955,0.0533,1284355.42
MKT-01908,Campaign 1908,Search,Mid-Market,2023-11-14 00:00:00+00:00,2023-12-01 00:00:00+00:00,349718,4374,0.0664,2065206.57
MKT-01909,Campaign 1909,Email,Mid-Market,2024-06-06 00:00:00+00:00,2024-06-21 00:00:00+00:00,288396,8220,0.0447,1820379.09
MKT-01910,Campaign 1910,Events,Mid-Market,2023-08-17 00:00:00+00:00,2023-11-13 00:00:00+00:00,111395,1041,0.0316,783021.98
MKT-01911,Campaign 1911,Email,Mid-Market,2024-05-03 00:00:00+00:00,2024-06-15 00:00:00+00:00,696445,10151,0.0358,3881332.51
MKT-01912,Campaign 1912,Social,Enterprise,2024-04-03 00:00:00+00:00,2024-05-21 00:00:00+00:00,55334,956,0.0438,362943.43
MKT-01913,Campaign 1913,Email,Enterprise,2024-05-29 00:00:00+00:00,2024-07-12 00:00:00+00:00,307081,3014,0.0334,2042863.75
MKT-01914,Campaign 1914,Events,Enterprise,2023-08-15 00:00:00+00:00,2023-11-02 00:00:00+00:00,708102,6677,0.0615,3578261.58
MKT-01915,Campaign 1915,Email,SMB,2025-12-30 00:00:00+00:00,2026-02-14 00:00:00+00:00,561985,5196,0.0309,2719151.14
MKT-01916,Campaign 1916,Partner,SMB,2024-05-16 00:00:00+00:00,2024-06-08 00:00:00+00:00,173789,1667,0.0493,1205474.64
MKT-01917,Campaign 1917,Events,SMB,2024-09-10 00:00:00+00:00,2024-11-22 00:00:00+00:00,124865,2415,0.0542,557515.81
MKT-01918,Campaign 1918,Content,Mid-Market,2024-09-15 00:00:00+00:00,2024-10-19 00:00:00+00:00,569681,5428,0.0422,2019884.65
MKT-01919,Campaign 1919,Social,Mid-Market,2024-03-31 00:00:00+00:00,2024-05-08 00:00:00+00:00,25896,454,0.0384,90642.94
MKT-01920,Campaign 1920,Content,Mid-Market,2024-03-03 00:00:00+00:00,2024-03-21 00:00:00+00:00,292834,4678,0.0416,1486625.17
MKT-01921,Campaign 1921,Social,SMB,2023-08-09 00:00:00+00:00,2023-10-30 00:00:00+00:00,774774,13280,0.0281,6717411.42
MKT-01922,Campaign 1922,Email,Mid-Market,2025-12-17 00:00:00+00:00,2026-02-28 00:00:00+00:00,312364,5712,0.0544,1864130.01
MKT-01923,Campaign 1923,Partner,SMB,2025-06-01 00:00:00+00:00,2025-06-20 00:00:00+00:00,327923,3767,0.0399,1626514.24
MKT-01924,Campaign 1924,Social,Enterprise,2025-02-14 00:00:00+00:00,2025-03-20 00:00:00+00:00,160582,1773,0.038,1115370.84
MKT-01925,Campaign 1925,Content,Mid-Market,2024-12-23 00:00:00+00:00,2025-03-20 00:00:00+00:00,424245,4147,0.0245,1694534.15
MKT-01926,Campaign 1926,Events,SMB,2024-04-09 00:00:00+00:00,2024-06-23 00:00:00+00:00,225315,4264,0.0732,1817322.86
MKT-01927,Campaign 1927,Events,Mid-Market,2025-01-23 00:00:00+00:00,2025-03-06 00:00:00+00:00,37524,483,0.0557,329082.88
MKT-01928,Campaign 1928,Content,Enterprise,2025-12-24 00:00:00+00:00,2026-03-08 00:00:00+00:00,534102,6026,0.0186,3574549.85
MKT-01929,Campaign 1929,Events,Mid-Market,2023-05-02 00:00:00+00:00,2023-06-12 00:00:00+00:00,31955,470,0.051,123739.92
MKT-01930,Campaign 1930,Partner,Enterprise,2024-01-01 00:00:00+00:00,2024-01-23 00:00:00+00:00,548097,9974,0.0323,4593204.28
MKT-01931,Campaign 1931,Social,SMB,2023-07-12 00:00:00+00:00,2023-09-05 00:00:00+00:00,197959,4711,0.0275,756427.78
MKT-01932,Campaign 1932,Email,Mid-Market,2025-01-05 00:00:00+00:00,2025-02-10 00:00:00+00:00,276641,4607,0.0303,1091111.5
MKT-01933,Campaign 1933,Social,SMB,2023-12-16 00:00:00+00:00,2024-03-15 00:00:00+00:00,92899,1133,0.0503,670443.02
MKT-01934,Campaign 1934,Partner,Enterprise,2024-06-24 00:00:00+00:00,2024-08-18 00:00:00+00:00,207672,4140,0.0397,1506937.64
MKT-01935,Campaign 1935,Content,Enterprise,2023-03-15 00:00:00+00:00,2023-04-19 00:00:00+00:00,345265,3032,0.0412,1541790.13
MKT-01936,Campaign 1936,Social,Mid-Market,2025-09-30 00:00:00+00:00,2025-12-15 00:00:00+00:00,327711,3322,0.0465,2304626.13
MKT-01937,Campaign 1937,Content,Enterprise,2025-12-25 00:00:00+00:00,2026-03-16 00:00:00+00:00,903208,20448,0.057,7578868.19
MKT-01938,Campaign 1938,Search,Mid-Market,2024-05-19 00:00:00+00:00,2024-08-03 00:00:00+00:00,97259,1827,0.079,765586.13
MKT-01939,Campaign 1939,Partner,Enterprise,2024-10-17 00:00:00+00:00,2025-01-15 00:00:00+00:00,453053,11430,0.0378,2122925.85
MKT-01940,Campaign 1940,Content,Enterprise,2023-02-15 00:00:00+00:00,2023-04-12 00:00:00+00:00,495477,4422,0.0352,2541729.0
MKT-01941,Campaign 1941,Partner,Mid-Market,2025-07-13 00:00:00+00:00,2025-08-24 00:00:00+00:00,901018,16133,0.0437,7805658.66
MKT-01942,Campaign 1942,Content,SMB,2023-12-21 00:00:00+00:00,2024-02-27 00:00:00+00:00,760608,6231,0.0533,4410421.31
MKT-01943,Campaign 1943,Content,Mid-Market,2024-03-20 00:00:00+00:00,2024-04-11 00:00:00+00:00,573499,4667,0.0596,4592357.68
MKT-01944,Campaign 1944,Partner,Mid-Market,2023-12-30 00:00:00+00:00,2024-03-26 00:00:00+00:00,586078,10285,0.0261,1977944.64
MKT-01945,Campaign 1945,Social,SMB,2024-09-04 00:00:00+00:00,2024-11-20 00:00:00+00:00,830806,7023,0.0808,2810059.04
MKT-01946,Campaign 1946,Email,SMB,2024-03-30 00:00:00+00:00,2024-05-15 00:00:00+00:00,37737,565,0.0231,155927.9
MKT-01947,Campaign 1947,Social,Mid-Market,2025-05-15 00:00:00+00:00,2025-06-25 00:00:00+00:00,731361,11264,0.0563,3456442.83
MKT-01948,Campaign 1948,Search,Mid-Market,2025-04-20 00:00:00+00:00,2025-05-14 00:00:00+00:00,264059,2260,0.054,2152932.13
MKT-01949,Campaign 1949,Email,Enterprise,2023-12-24 00:00:00+00:00,2024-02-11 00:00:00+00:00,584851,6612,0.0196,2340974.84
MKT-01950,Campaign 1950,Search,SMB,2025-03-25 00:00:00+00:00,2025-04-18 00:00:00+00:00,443250,4586,0.0463,3456279.01
MKT-01951,Campaign 1951,Social,Enterprise,2025-07-19 00:00:00+00:00,2025-08-13 00:00:00+00:00,435239,6013,0.0141,3078361.65
MKT-01952,Campaign 1952,Search,Enterprise,2023-05-05 00:00:00+00:00,2023-06-17 00:00:00+00:00,838969,10230,0.0287,4890290.39
MKT-01953,Campaign 1953,Partner,SMB,2023-07-11 00:00:00+00:00,2023-09-16 00:00:00+00:00,811971,7757,0.0409,4983390.24
MKT-01954,Campaign 1954,Social,Mid-Market,2023-03-07 00:00:00+00:00,2023-03-30 00:00:00+00:00,171695,3410,0.0443,1107241.83
MKT-01955,Campaign 1955,Content,Mid-Market,2026-01-01 00:00:00+00:00,2026-01-27 00:00:00+00:00,374412,3022,0.0619,1836350.81
MKT-01956,Campaign 1956,Social,Mid-Market,2023-08-06 00:00:00+00:00,2023-10-27 00:00:00+00:00,84867,792,0.0309,650379.57
MKT-01957,Campaign 1957,Events,Mid-Market,2025-10-02 00:00:00+00:00,2025-12-25 00:00:00+00:00,230486,3899,0.0478,954136.88
MKT-01958,Campaign 1958,Social,SMB,2024-05-31 00:00:00+00:00,2024-07-26 00:00:00+00:00,495660,5057,0.0568,2048418.79
MKT-01959,Campaign 1959,Events,Mid-Market,2023-12-29 00:00:00+00:00,2024-01-29 00:00:00+00:00,229489,6342,0.0411,1528057.72
MKT-01960,Campaign 1960,Content,Mid-Market,2024-10-23 00:00:00+00:00,2025-01-04 00:00:00+00:00,522600,5093,0.0419,2609800.88
MKT-01961,Campaign 1961,Email,Enterprise,2026-02-05 00:00:00+00:00,2026-03-02 00:00:00+00:00,527470,4940,0.0187,1729015.93
MKT-01962,Campaign 1962,Social,SMB,2024-06-12 00:00:00+00:00,2024-09-11 00:00:00+00:00,903804,18987,0.0161,6145142.75
MKT-01963,Campaign 1963,Social,Mid-Market,2023-03-15 00:00:00+00:00,2023-04-02 00:00:00+00:00,694060,11111,0.0285,5350740.68
MKT-01964,Campaign 1964,Search,Enterprise,2025-07-22 00:00:00+00:00,2025-09-05 00:00:00+00:00,506066,5418,0.0643,3503073.89
MKT-01965,Campaign 1965,Partner,SMB,2025-04-26 00:00:00+00:00,2025-06-07 00:00:00+00:00,139945,1419,0.0643,819476.81
MKT-01966,Campaign 1966,Email,Mid-Market,2024-08-06 00:00:00+00:00,2024-10-21 00:00:00+00:00,33216,806,0.062,234791.5
MKT-01967,Campaign 1967,Email,Mid-Market,2023-12-15 00:00:00+00:00,2024-03-15 00:00:00+00:00,737843,10053,0.0479,4178968.52
MKT-01968,Campaign 1968,Partner,Enterprise,2025-04-30 00:00:00+00:00,2025-07-10 00:00:00+00:00,621665,7949,0.0504,4229805.68
MKT-01969,Campaign 1969,Events,Enterprise,2025-11-09 00:00:00+00:00,2025-12-06 00:00:00+00:00,828372,8592,0.0354,4584945.13
MKT-01970,Campaign 1970,Email,Enterprise,2026-02-10 00:00:00+00:00,2026-03-15 00:00:00+00:00,203422,3059,0.036,1483602.84
MKT-01971,Campaign 1971,Search,Enterprise,2023-10-23 00:00:00+00:00,2023-11-06 00:00:00+00:00,506983,7525,0.0095,4333494.25
MKT-01972,Campaign 1972,Events,SMB,2025-01-25 00:00:00+00:00,2025-02-17 00:00:00+00:00,752201,13791,0.0454,5550392.1
MKT-01973,Campaign 1973,Email,SMB,2024-08-13 00:00:00+00:00,2024-09-14 00:00:00+00:00,333982,2858,0.0495,2184064.26
MKT-01974,Campaign 1974,Events,Enterprise,2024-12-12 00:00:00+00:00,2024-12-26 00:00:00+00:00,416155,9559,0.0321,1671795.88
MKT-01975,Campaign 1975,Search,Mid-Market,2023-05-06 00:00:00+00:00,2023-06-08 00:00:00+00:00,722279,9138,0.0566,2676516.85
MKT-01976,Campaign 1976,Search,SMB,2025-05-29 00:00:00+00:00,2025-08-15 00:00:00+00:00,796350,16639,0.0617,2623911.12
MKT-01977,Campaign 1977,Content,Enterprise,2024-10-20 00:00:00+00:00,2024-11-18 00:00:00+00:00,452384,11995,0.024,2697189.68
MKT-01978,Campaign 1978,Partner,SMB,2024-08-03 00:00:00+00:00,2024-11-01 00:00:00+00:00,176350,1808,0.079,832463.72
MKT-01979,Campaign 1979,Events,Mid-Market,2024-01-23 00:00:00+00:00,2024-02-23 00:00:00+00:00,798664,16002,0.0507,3314410.15
MKT-01980,Campaign 1980,Search,Mid-Market,2025-11-21 00:00:00+00:00,2026-01-04 00:00:00+00:00,556174,6362,0.0668,2584880.0
MKT-01981,Campaign 1981,Events,SMB,2025-08-08 00:00:00+00:00,2025-10-10 00:00:00+00:00,416500,4566,0.031,3583706.49
MKT-01982,Campaign 1982,Partner,Enterprise,2024-12-28 00:00:00+00:00,2025-02-21 00:00:00+00:00,651381,5302,0.0652,2893026.29
MKT-01983,Campaign 1983,Partner,Mid-Market,2025-01-12 00:00:00+00:00,2025-02-08 00:00:00+00:00,355621,4819,0.0526,2189722.93
MKT-01984,Campaign 1984,Content,Enterprise,2025-11-02 00:00:00+00:00,2025-12-01 00:00:00+00:00,57019,1364,0.0373,495651.46
MKT-01985,Campaign 1985,Content,Mid-Market,2025-04-25 00:00:00+00:00,2025-05-28 00:00:00+00:00,516211,6754,0.0244,2043153.41
MKT-01986,Campaign 1986,Search,Mid-Market,2024-07-14 00:00:00+00:00,2024-09-26 00:00:00+00:00,445850,9479,0.0422,2030447.39
MKT-01987,Campaign 1987,Email,Mid-Market,2024-03-29 00:00:00+00:00,2024-06-04 00:00:00+00:00,856637,10492,0.0545,5574022.53
MKT-01988,Campaign 1988,Search,Enterprise,2023-09-22 00:00:00+00:00,2023-10-07 00:00:00+00:00,631340,8079,0.0432,4588801.23
MKT-01989,Campaign 1989,Search,SMB,2025-03-26 00:00:00+00:00,2025-04-29 00:00:00+00:00,848978,11185,0.0434,6773379.39
MKT-01990,Campaign 1990,Content,SMB,2025-08-26 00:00:00+00:00,2025-09-19 00:00:00+00:00,580045,5456,0.0342,4003285.44
MKT-01991,Campaign 1991,Email,SMB,2023-09-07 00:00:00+00:00,2023-11-18 00:00:00+00:00,380197,5544,0.0208,1275508.14
MKT-01992,Campaign 1992,Content,Mid-Market,2023-07-27 00:00:00+00:00,2023-10-22 00:00:00+00:00,113929,1101,0.0448,502434.16
MKT-01993,Campaign 1993,Content,Mid-Market,2024-07-22 00:00:00+00:00,2024-08-08 00:00:00+00:00,807128,7659,0.0271,5060391.06
MKT-01994,Campaign 1994,Email,SMB,2026-01-11 00:00:00+00:00,2026-02-17 00:00:00+00:00,48065,708,0.0572,187149.09
MKT-01995,Campaign 1995,Events,Enterprise,2024-09-15 00:00:00+00:00,2024-12-11 00:00:00+00:00,885631,13974,0.0554,3503101.65
MKT-01996,Campaign 1996,Search,Mid-Market,2025-11-18 00:00:00+00:00,2026-01-13 00:00:00+00:00,213874,5814,0.0687,1657499.39
MKT-01997,Campaign 1997,Social,Mid-Market,2024-01-06 00:00:00+00:00,2024-02-25 00:00:00+00:00,560644,5337,0.036,4156944.69
MKT-01998,Campaign 1998,Events,Mid-Market,2024-03-14 00:00:00+00:00,2024-05-01 00:00:00+00:00,234552,2318,0.0413,1014491.86
MKT-01999,Campaign 1999,Content,Enterprise,2024-05-18 00:00:00+00:00,2024-06-15 00:00:00+00:00,441924,9096,0.0185,2634764.33
MKT-02000,Campaign 2000,Events,Enterprise,2025-09-20 00:00:00+00:00,2025-10-17 00:00:00+00:00,557470,11349,0.0331,4840732.95
MKT-02001,Campaign 2001,Social,SMB,2025-10-03 00:00:00+00:00,2025-11-16 00:00:00+00:00,694466,6671,0.0419,4522194.29
MKT-02002,Campaign 2002,Email,Enterprise,2025-11-12 00:00:00+00:00,2026-01-20 00:00:00+00:00,39482,848,0.0433,286352.28
MKT-02003,Campaign 2003,Events,SMB,2024-07-06 00:00:00+00:00,2024-09-14 00:00:00+00:00,884761,8292,0.0359,6072366.21
MKT-02004,Campaign 2004,Partner,Mid-Market,2024-03-09 00:00:00+00:00,2024-06-01 00:00:00+00:00,263828,4804,0.032,1463700.88
MKT-02005,Campaign 2005,Search,Enterprise,2025-06-06 00:00:00+00:00,2025-08-04 00:00:00+00:00,652636,8320,0.0459,5074817.25
MKT-02006,Campaign 2006,Social,Mid-Market,2025-10-19 00:00:00+00:00,2025-12-16 00:00:00+00:00,228283,4387,0.0372,830542.24
MKT-02007,Campaign 2007,Social,SMB,2024-08-28 00:00:00+00:00,2024-10-04 00:00:00+00:00,892332,15397,0.063,5883695.44
MKT-02008,Campaign 2008,Partner,Enterprise,2025-02-09 00:00:00+00:00,2025-03-15 00:00:00+00:00,772200,8868,0.046,4251444.31
MKT-02009,Campaign 2009,Social,Mid-Market,2023-01-19 00:00:00+00:00,2023-03-27 00:00:00+00:00,149508,1338,0.0335,1211431.41
MKT-02010,Campaign 2010,Events,SMB,2023-12-30 00:00:00+00:00,2024-03-19 00:00:00+00:00,338155,3831,0.0593,2254733.08
MKT-02011,Campaign 2011,Search,Enterprise,2025-07-06 00:00:00+00:00,2025-09-21 00:00:00+00:00,399134,7393,0.0259,1885380.88
MKT-02012,Campaign 2012,Search,SMB,2024-06-17 00:00:00+00:00,2024-07-23 00:00:00+00:00,668164,7879,0.0357,4994095.22
MKT-02013,Campaign 2013,Search,Enterprise,2026-01-22 00:00:00+00:00,2026-03-15 00:00:00+00:00,838323,16511,0.0252,4538115.68
MKT-02014,Campaign 2014,Email,Mid-Market,2025-11-22 00:00:00+00:00,2026-02-07 00:00:00+00:00,762243,9357,0.0379,5755464.2
MKT-02015,Campaign 2015,Search,Enterprise,2025-10-24 00:00:00+00:00,2025-11-26 00:00:00+00:00,292242,5321,0.064,1120620.92
MKT-02016,Campaign 2016,Events,Mid-Market,2025-01-04 00:00:00+00:00,2025-03-25 00:00:00+00:00,656580,6228,0.045,3446496.36
MKT-02017,Campaign 2017,Social,Enterprise,2025-08-10 00:00:00+00:00,2025-09-13 00:00:00+00:00,829866,7423,0.0144,5296224.58
MKT-02018,Campaign 2018,Email,SMB,2025-01-15 00:00:00+00:00,2025-04-05 00:00:00+00:00,119434,1309,0.0359,466073.16
MKT-02019,Campaign 2019,Events,SMB,2024-04-19 00:00:00+00:00,2024-07-08 00:00:00+00:00,209009,2963,0.0463,1258874.58
MKT-02020,Campaign 2020,Email,SMB,2025-04-15 00:00:00+00:00,2025-06-24 00:00:00+00:00,684536,6198,0.0466,5569631.26
MKT-02021,Campaign 2021,Partner,SMB,2024-05-27 00:00:00+00:00,2024-06-28 00:00:00+00:00,361898,5345,0.0392,1287696.01
MKT-02022,Campaign 2022,Partner,Mid-Market,2025-05-08 00:00:00+00:00,2025-08-04 00:00:00+00:00,783819,11755,0.0543,4426924.27
MKT-02023,Campaign 2023,Events,Enterprise,2024-06-15 00:00:00+00:00,2024-08-29 00:00:00+00:00,801490,17335,0.0514,6127291.77
MKT-02024,Campaign 2024,Events,SMB,2024-01-23 00:00:00+00:00,2024-04-15 00:00:00+00:00,356271,3148,0.0396,1376771.05
MKT-02025,Campaign 2025,Events,Mid-Market,2024-05-01 00:00:00+00:00,2024-07-02 00:00:00+00:00,915611,19285,0.0458,3192025.66
MKT-02026,Campaign 2026,Social,SMB,2025-09-04 00:00:00+00:00,2025-11-29 00:00:00+00:00,818714,6808,0.0398,4837423.39
MKT-02027,Campaign 2027,Email,SMB,2024-05-16 00:00:00+00:00,2024-06-11 00:00:00+00:00,264033,2617,0.0429,2243344.08
MKT-02028,Campaign 2028,Events,Mid-Market,2024-11-06 00:00:00+00:00,2024-12-23 00:00:00+00:00,639893,5779,0.0451,4404087.68
MKT-02029,Campaign 2029,Content,Mid-Market,2025-07-01 00:00:00+00:00,2025-07-19 00:00:00+00:00,412518,5246,0.0583,3306798.56
MKT-02030,Campaign 2030,Social,Enterprise,2026-01-25 00:00:00+00:00,2026-02-26 00:00:00+00:00,658745,11431,0.0496,5571065.2
MKT-02031,Campaign 2031,Partner,Mid-Market,2025-07-09 00:00:00+00:00,2025-07-24 00:00:00+00:00,482521,6095,0.0421,2929364.74
MKT-02032,Campaign 2032,Social,Enterprise,2024-09-29 00:00:00+00:00,2024-12-29 00:00:00+00:00,510883,4767,0.0355,1840752.29
MKT-02033,Campaign 2033,Search,SMB,2023-12-13 00:00:00+00:00,2024-01-08 00:00:00+00:00,533003,6886,0.0526,2012231.73
MKT-02034,Campaign 2034,Content,Enterprise,2023-08-12 00:00:00+00:00,2023-09-05 00:00:00+00:00,363867,6093,0.0471,2622557.23
MKT-02035,Campaign 2035,Social,SMB,2024-11-13 00:00:00+00:00,2024-12-03 00:00:00+00:00,506874,5938,0.0405,3498356.05
MKT-02036,Campaign 2036,Events,SMB,2023-03-21 00:00:00+00:00,2023-05-19 00:00:00+00:00,307587,8129,0.0371,1378613.13
MKT-02037,Campaign 2037,Social,Mid-Market,2025-07-29 00:00:00+00:00,2025-10-25 00:00:00+00:00,763403,7500,0.0431,5682310.19
MKT-02038,Campaign 2038,Social,Mid-Market,2025-03-02 00:00:00+00:00,2025-05-08 00:00:00+00:00,738272,7787,0.0313,3359466.72
MKT-02039,Campaign 2039,Partner,Mid-Market,2024-11-16 00:00:00+00:00,2025-02-02 00:00:00+00:00,308725,5593,0.0189,1957250.48
MKT-02040,Campaign 2040,Social,SMB,2024-10-09 00:00:00+00:00,2024-11-19 00:00:00+00:00,775172,14207,0.0672,4091538.21
MKT-02041,Campaign 2041,Search,Mid-Market,2025-08-16 00:00:00+00:00,2025-09-11 00:00:00+00:00,490717,4689,0.0676,3501547.21
MKT-02042,Campaign 2042,Email,SMB,2025-09-25 00:00:00+00:00,2025-10-30 00:00:00+00:00,317358,5161,0.0444,2229690.18
MKT-02043,Campaign 2043,Partner,Enterprise,2025-11-11 00:00:00+00:00,2026-01-20 00:00:00+00:00,316512,3686,0.0506,2474129.01
MKT-02044,Campaign 2044,Partner,SMB,2025-09-05 00:00:00+00:00,2025-09-30 00:00:00+00:00,587606,6902,0.0386,2805917.93
MKT-02045,Campaign 2045,Events,SMB,2025-04-22 00:00:00+00:00,2025-06-13 00:00:00+00:00,720586,8039,0.0504,3925170.5
MKT-02046,Campaign 2046,Partner,SMB,2024-03-11 00:00:00+00:00,2024-03-28 00:00:00+00:00,670196,17446,0.044,2993902.11
MKT-02047,Campaign 2047,Partner,Mid-Market,2025-08-23 00:00:00+00:00,2025-09-14 00:00:00+00:00,588057,7692,0.0454,3617082.79
MKT-02048,Campaign 2048,Events,Mid-Market,2026-02-16 00:00:00+00:00,2026-05-17 00:00:00+00:00,211433,2021,0.0266,729209.58
MKT-02049,Campaign 2049,Email,Mid-Market,2025-06-30 00:00:00+00:00,2025-08-14 00:00:00+00:00,317280,3096,0.0709,2604555.26
MKT-02050,Campaign 2050,Partner,Enterprise,2025-09-02 00:00:00+00:00,2025-10-20 00:00:00+00:00,586477,7934,0.0246,2991048.22
MKT-02051,Campaign 2051,Partner,Mid-Market,2025-01-05 00:00:00+00:00,2025-02-11 00:00:00+00:00,242636,5358,0.0558,1222485.65
MKT-02052,Campaign 2052,Events,Mid-Market,2023-03-23 00:00:00+00:00,2023-04-28 00:00:00+00:00,324092,3909,0.0296,1785678.18
MKT-02053,Campaign 2053,Search,Enterprise,2025-10-24 00:00:00+00:00,2025-12-30 00:00:00+00:00,366746,4087,0.0109,1846973.91
MKT-02054,Campaign 2054,Partner,Enterprise,2024-01-24 00:00:00+00:00,2024-02-21 00:00:00+00:00,264356,2434,0.0575,1822475.46
MKT-02055,Campaign 2055,Search,Mid-Market,2024-11-01 00:00:00+00:00,2024-12-25 00:00:00+00:00,760960,7308,0.0451,6426095.89
MKT-02056,Campaign 2056,Partner,Mid-Market,2025-01-17 00:00:00+00:00,2025-02-18 00:00:00+00:00,302986,4426,0.0206,1835202.99
MKT-02057,Campaign 2057,Events,Enterprise,2025-08-09 00:00:00+00:00,2025-08-26 00:00:00+00:00,366799,4019,0.0531,2836482.68
MKT-02058,Campaign 2058,Events,SMB,2023-02-20 00:00:00+00:00,2023-04-16 00:00:00+00:00,312078,3788,0.0367,1570035.77
MKT-02059,Campaign 2059,Content,Enterprise,2023-03-15 00:00:00+00:00,2023-04-12 00:00:00+00:00,895108,16333,0.0717,4952074.22
MKT-02060,Campaign 2060,Social,Mid-Market,2023-11-29 00:00:00+00:00,2024-01-01 00:00:00+00:00,464565,7893,0.02,3830798.43
MKT-02061,Campaign 2061,Email,SMB,2024-06-30 00:00:00+00:00,2024-09-16 00:00:00+00:00,43039,434,0.0324,150429.43
MKT-02062,Campaign 2062,Partner,Mid-Market,2024-09-26 00:00:00+00:00,2024-10-31 00:00:00+00:00,337847,3374,0.0557,2038145.21
MKT-02063,Campaign 2063,Content,Mid-Market,2023-06-15 00:00:00+00:00,2023-08-18 00:00:00+00:00,726150,7289,0.0357,5702908.38
MKT-02064,Campaign 2064,Content,SMB,2026-01-06 00:00:00+00:00,2026-04-06 00:00:00+00:00,666737,10189,0.0295,4402043.46
MKT-02065,Campaign 2065,Partner,Mid-Market,2025-07-20 00:00:00+00:00,2025-09-03 00:00:00+00:00,183986,2276,0.0462,693445.52
MKT-02066,Campaign 2066,Events,Enterprise,2025-09-26 00:00:00+00:00,2025-11-25 00:00:00+00:00,829339,15731,0.0601,2933155.69
MKT-02067,Campaign 2067,Content,Mid-Market,2024-02-20 00:00:00+00:00,2024-03-13 00:00:00+00:00,453014,4660,0.0417,3686185.34
MKT-02068,Campaign 2068,Partner,Enterprise,2023-02-10 00:00:00+00:00,2023-03-03 00:00:00+00:00,715058,10662,0.0391,3914249.34
MKT-02069,Campaign 2069,Events,Enterprise,2025-04-02 00:00:00+00:00,2025-06-13 00:00:00+00:00,319899,4983,0.0304,1853567.63
MKT-02070,Campaign 2070,Email,Mid-Market,2025-06-30 00:00:00+00:00,2025-09-10 00:00:00+00:00,514672,7758,0.0353,2164480.93
MKT-02071,Campaign 2071,Social,Mid-Market,2023-01-12 00:00:00+00:00,2023-02-15 00:00:00+00:00,605930,15398,0.0247,3532298.47
MKT-02072,Campaign 2072,Search,Enterprise,2023-06-19 00:00:00+00:00,2023-07-09 00:00:00+00:00,633241,8480,0.0621,3500717.13
MKT-02073,Campaign 2073,Partner,Enterprise,2024-05-13 00:00:00+00:00,2024-06-21 00:00:00+00:00,622203,7510,0.0539,4713043.06
MKT-02074,Campaign 2074,Partner,Mid-Market,2025-11-26 00:00:00+00:00,2026-01-03 00:00:00+00:00,827602,20048,0.0219,3080653.46
MKT-02075,Campaign 2075,Search,Mid-Market,2023-05-07 00:00:00+00:00,2023-06-17 00:00:00+00:00,702580,10265,0.0334,4757893.37
MKT-02076,Campaign 2076,Email,Mid-Market,2025-02-03 00:00:00+00:00,2025-03-15 00:00:00+00:00,552016,4460,0.0545,4768789.71
MKT-02077,Campaign 2077,Social,Mid-Market,2025-11-14 00:00:00+00:00,2026-02-06 00:00:00+00:00,323597,4241,0.0529,1560409.69
MKT-02078,Campaign 2078,Content,SMB,2023-06-16 00:00:00+00:00,2023-08-23 00:00:00+00:00,66276,933,0.0409,480924.81
MKT-02079,Campaign 2079,Partner,Mid-Market,2026-01-26 00:00:00+00:00,2026-02-20 00:00:00+00:00,253306,2886,0.0385,945714.46
MKT-02080,Campaign 2080,Search,Mid-Market,2026-02-06 00:00:00+00:00,2026-02-25 00:00:00+00:00,286534,4220,0.0424,1692252.8
MKT-02081,Campaign 2081,Email,Mid-Market,2024-06-29 00:00:00+00:00,2024-09-24 00:00:00+00:00,782030,17017,0.0353,4085573.29
MKT-02082,Campaign 2082,Content,Mid-Market,2023-05-05 00:00:00+00:00,2023-07-03 00:00:00+00:00,316258,2958,0.0597,2287080.32
MKT-02083,Campaign 2083,Events,Mid-Market,2025-06-26 00:00:00+00:00,2025-07-25 00:00:00+00:00,32854,307,0.0537,281062.59
MKT-02084,Campaign 2084,Search,SMB,2023-08-16 00:00:00+00:00,2023-10-10 00:00:00+00:00,905400,8987,0.0471,6770715.1
MKT-02085,Campaign 2085,Email,Mid-Market,2024-01-30 00:00:00+00:00,2024-02-28 00:00:00+00:00,427776,7186,0.025,1824104.72
MKT-02086,Campaign 2086,Search,Mid-Market,2023-03-28 00:00:00+00:00,2023-05-07 00:00:00+00:00,683768,7974,0.0326,5320700.66
MKT-02087,Campaign 2087,Social,Enterprise,2024-01-23 00:00:00+00:00,2024-03-05 00:00:00+00:00,83416,1078,0.0324,281313.26
MKT-02088,Campaign 2088,Email,SMB,2024-03-05 00:00:00+00:00,2024-04-25 00:00:00+00:00,404100,4202,0.0366,2838810.3
MKT-02089,Campaign 2089,Content,Mid-Market,2024-04-18 00:00:00+00:00,2024-06-25 00:00:00+00:00,807939,8110,0.0453,2797910.52
MKT-02090,Campaign 2090,Social,SMB,2023-07-20 00:00:00+00:00,2023-09-08 00:00:00+00:00,335607,4763,0.0677,2652479.67
MKT-02091,Campaign 2091,Events,Enterprise,2023-06-12 00:00:00+00:00,2023-07-08 00:00:00+00:00,439564,4189,0.0452,3600654.69
MKT-02092,Campaign 2092,Events,Mid-Market,2026-02-14 00:00:00+00:00,2026-05-14 00:00:00+00:00,885455,9712,0.0204,6057917.19
MKT-02093,Campaign 2093,Partner,Mid-Market,2025-08-31 00:00:00+00:00,2025-10-06 00:00:00+00:00,119890,1182,0.0533,546300.84
MKT-02094,Campaign 2094,Events,SMB,2024-09-07 00:00:00+00:00,2024-11-12 00:00:00+00:00,708517,7154,0.0208,3059623.26
MKT-02095,Campaign 2095,Search,SMB,2024-02-20 00:00:00+00:00,2024-04-05 00:00:00+00:00,397222,3800,0.0497,1761996.17
MKT-02096,Campaign 2096,Content,Mid-Market,2025-06-12 00:00:00+00:00,2025-07-19 00:00:00+00:00,203008,2352,0.0354,1002675.5
MKT-02097,Campaign 2097,Content,Mid-Market,2025-06-05 00:00:00+00:00,2025-08-04 00:00:00+00:00,234861,2601,0.0516,1411745.19
MKT-02098,Campaign 2098,Content,Mid-Market,2023-12-09 00:00:00+00:00,2024-02-23 00:00:00+00:00,445971,9969,0.0508,1562036.64
MKT-02099,Campaign 2099,Social,Enterprise,2024-02-10 00:00:00+00:00,2024-03-31 00:00:00+00:00,512660,6196,0.0451,3868079.01
MKT-02100,Campaign 2100,Social,Mid-Market,2023-10-30 00:00:00+00:00,2023-12-18 00:00:00+00:00,221725,1900,0.0257,1329321.8
MKT-02101,Campaign 2101,Search,SMB,2023-04-22 00:00:00+00:00,2023-06-18 00:00:00+00:00,136911,2258,0.0324,865981.32
MKT-02102,Campaign 2102,Partner,Mid-Market,2024-07-20 00:00:00+00:00,2024-08-10 00:00:00+00:00,910887,12854,0.0505,6219094.99
MKT-02103,Campaign 2103,Social,Mid-Market,2025-10-05 00:00:00+00:00,2025-11-01 00:00:00+00:00,686265,7732,0.0452,2810293.34
MKT-02104,Campaign 2104,Content,SMB,2025-06-13 00:00:00+00:00,2025-07-07 00:00:00+00:00,533998,8641,0.0715,3511550.93
MKT-02105,Campaign 2105,Events,Enterprise,2024-08-05 00:00:00+00:00,2024-09-15 00:00:00+00:00,730571,13547,0.0446,3983132.69
MKT-02106,Campaign 2106,Social,Enterprise,2024-12-25 00:00:00+00:00,2025-02-21 00:00:00+00:00,91431,784,0.0548,532523.58
MKT-02107,Campaign 2107,Email,Mid-Market,2025-11-03 00:00:00+00:00,2025-12-29 00:00:00+00:00,810422,19937,0.0359,5323888.64
MKT-02108,Campaign 2108,Email,Mid-Market,2024-07-05 00:00:00+00:00,2024-07-31 00:00:00+00:00,298715,5252,0.0286,1362193.11
MKT-02109,Campaign 2109,Search,Mid-Market,2025-07-01 00:00:00+00:00,2025-09-05 00:00:00+00:00,213815,2322,0.0606,787108.01
MKT-02110,Campaign 2110,Search,Mid-Market,2023-06-14 00:00:00+00:00,2023-08-31 00:00:00+00:00,497237,4493,0.0308,2742748.71
MKT-02111,Campaign 2111,Events,Mid-Market,2025-01-07 00:00:00+00:00,2025-03-24 00:00:00+00:00,846231,17983,0.0194,3431749.34
MKT-02112,Campaign 2112,Content,SMB,2024-07-25 00:00:00+00:00,2024-08-20 00:00:00+00:00,480682,7626,0.0208,1748181.31
MKT-02113,Campaign 2113,Social,Mid-Market,2023-03-29 00:00:00+00:00,2023-05-07 00:00:00+00:00,239502,2210,0.0479,1738850.03
MKT-02114,Campaign 2114,Content,Mid-Market,2025-01-06 00:00:00+00:00,2025-02-17 00:00:00+00:00,216800,4346,0.0313,1437819.6
MKT-02115,Campaign 2115,Search,SMB,2023-10-18 00:00:00+00:00,2023-11-10 00:00:00+00:00,361598,8919,0.0178,1478485.89
MKT-02116,Campaign 2116,Partner,Mid-Market,2023-03-16 00:00:00+00:00,2023-05-12 00:00:00+00:00,636132,16431,0.0728,3787410.53
MKT-02117,Campaign 2117,Content,Enterprise,2024-02-06 00:00:00+00:00,2024-04-30 00:00:00+00:00,618457,5344,0.0071,5144990.83
MKT-02118,Campaign 2118,Search,Mid-Market,2024-12-20 00:00:00+00:00,2025-03-21 00:00:00+00:00,228437,2104,0.0354,1896197.73
MKT-02119,Campaign 2119,Social,Mid-Market,2023-05-31 00:00:00+00:00,2023-07-21 00:00:00+00:00,533934,6928,0.068,3032005.98
MKT-02120,Campaign 2120,Events,Mid-Market,2026-01-10 00:00:00+00:00,2026-01-27 00:00:00+00:00,904636,7756,0.043,7532697.5
MKT-02121,Campaign 2121,Events,Mid-Market,2023-07-07 00:00:00+00:00,2023-09-22 00:00:00+00:00,786407,18077,0.0814,6253876.59
MKT-02122,Campaign 2122,Content,SMB,2023-08-25 00:00:00+00:00,2023-10-27 00:00:00+00:00,761729,19859,0.0545,2956119.55
MKT-02123,Campaign 2123,Social,Enterprise,2023-04-12 00:00:00+00:00,2023-06-28 00:00:00+00:00,505191,6394,0.0231,2407313.02
MKT-02124,Campaign 2124,Search,Enterprise,2023-09-22 00:00:00+00:00,2023-11-13 00:00:00+00:00,421492,4023,0.054,1971842.75
MKT-02125,Campaign 2125,Events,Mid-Market,2023-07-16 00:00:00+00:00,2023-09-17 00:00:00+00:00,784732,18875,0.0329,2681737.56
MKT-02126,Campaign 2126,Email,Mid-Market,2024-05-26 00:00:00+00:00,2024-07-14 00:00:00+00:00,348543,5255,0.0379,2184678.45
MKT-02127,Campaign 2127,Social,Enterprise,2025-12-23 00:00:00+00:00,2026-01-25 00:00:00+00:00,438003,9208,0.0259,2900821.39
MKT-02128,Campaign 2128,Search,Enterprise,2025-04-06 00:00:00+00:00,2025-05-08 00:00:00+00:00,177336,1779,0.0315,618857.82
MKT-02129,Campaign 2129,Social,Enterprise,2026-01-20 00:00:00+00:00,2026-04-04 00:00:00+00:00,484103,8200,0.0536,3174031.61
MKT-02130,Campaign 2130,Content,Enterprise,2024-07-11 00:00:00+00:00,2024-07-25 00:00:00+00:00,93965,1117,0.0275,413789.52
MKT-02131,Campaign 2131,Search,Mid-Market,2023-02-11 00:00:00+00:00,2023-05-02 00:00:00+00:00,417670,11702,0.011,1950906.89
MKT-02132,Campaign 2132,Events,SMB,2023-06-21 00:00:00+00:00,2023-09-06 00:00:00+00:00,698733,9500,0.0486,2344540.25
MKT-02133,Campaign 2133,Social,SMB,2023-12-14 00:00:00+00:00,2024-02-25 00:00:00+00:00,175979,4157,0.0381,574590.29
MKT-02134,Campaign 2134,Events,Mid-Market,2025-04-16 00:00:00+00:00,2025-06-27 00:00:00+00:00,818068,7047,0.0567,5643426.6
MKT-02135,Campaign 2135,Content,Mid-Market,2023-07-25 00:00:00+00:00,2023-10-13 00:00:00+00:00,606952,6497,0.0297,2677240.49
MKT-02136,Campaign 2136,Social,Mid-Market,2024-09-01 00:00:00+00:00,2024-09-23 00:00:00+00:00,468350,5534,0.0584,4014374.16
MKT-02137,Campaign 2137,Email,Enterprise,2026-01-03 00:00:00+00:00,2026-02-24 00:00:00+00:00,351232,5432,0.0534,2896715.01
MKT-02138,Campaign 2138,Email,Mid-Market,2025-06-01 00:00:00+00:00,2025-07-27 00:00:00+00:00,825541,22109,0.0503,2827676.33
MKT-02139,Campaign 2139,Partner,Mid-Market,2024-10-09 00:00:00+00:00,2024-11-30 00:00:00+00:00,794390,11401,0.0204,6232897.56
MKT-02140,Campaign 2140,Partner,Enterprise,2023-10-29 00:00:00+00:00,2023-12-08 00:00:00+00:00,874224,16364,0.041,6107651.83
MKT-02141,Campaign 2141,Email,SMB,2024-01-26 00:00:00+00:00,2024-04-16 00:00:00+00:00,614702,7689,0.0564,3375610.45
MKT-02142,Campaign 2142,Search,Enterprise,2026-02-04 00:00:00+00:00,2026-02-26 00:00:00+00:00,550508,12404,0.0331,2475428.65
MKT-02143,Campaign 2143,Events,Mid-Market,2024-05-15 00:00:00+00:00,2024-06-27 00:00:00+00:00,326819,3836,0.0084,2084891.45
MKT-02144,Campaign 2144,Partner,Enterprise,2023-07-04 00:00:00+00:00,2023-08-22 00:00:00+00:00,247390,2261,0.0312,2051616.73
MKT-02145,Campaign 2145,Email,Mid-Market,2024-03-11 00:00:00+00:00,2024-04-07 00:00:00+00:00,794663,10987,0.0268,3054723.38
MKT-02146,Campaign 2146,Email,Mid-Market,2026-01-14 00:00:00+00:00,2026-01-28 00:00:00+00:00,754982,19108,0.0323,6303683.22
MKT-02147,Campaign 2147,Partner,SMB,2024-02-29 00:00:00+00:00,2024-05-17 00:00:00+00:00,343017,3926,0.0189,2405949.2
MKT-02148,Campaign 2148,Email,Enterprise,2023-04-12 00:00:00+00:00,2023-06-01 00:00:00+00:00,215444,1807,0.0544,776733.18
MKT-02149,Campaign 2149,Partner,Mid-Market,2025-05-30 00:00:00+00:00,2025-06-15 00:00:00+00:00,487959,4080,0.0517,2911345.02
MKT-02150,Campaign 2150,Events,Mid-Market,2023-10-30 00:00:00+00:00,2023-11-24 00:00:00+00:00,856226,12378,0.0275,3022037.57
MKT-02151,Campaign 2151,Search,Enterprise,2024-10-30 00:00:00+00:00,2024-12-04 00:00:00+00:00,791679,10739,0.0351,5591463.61
MKT-02152,Campaign 2152,Search,SMB,2023-06-11 00:00:00+00:00,2023-07-22 00:00:00+00:00,190065,3114,0.028,684171.62
MKT-02153,Campaign 2153,Content,Mid-Market,2024-06-09 00:00:00+00:00,2024-07-15 00:00:00+00:00,659638,5650,0.0498,3557426.23
MKT-02154,Campaign 2154,Events,Mid-Market,2025-08-05 00:00:00+00:00,2025-09-17 00:00:00+00:00,338136,6275,0.026,1277330.76
MKT-02155,Campaign 2155,Partner,Enterprise,2023-04-25 00:00:00+00:00,2023-05-27 00:00:00+00:00,531046,6243,0.0283,4555541.61
MKT-02156,Campaign 2156,Events,Mid-Market,2025-03-11 00:00:00+00:00,2025-03-30 00:00:00+00:00,126988,1604,0.0436,606360.68
MKT-02157,Campaign 2157,Social,Mid-Market,2023-02-14 00:00:00+00:00,2023-05-15 00:00:00+00:00,47381,1104,0.0284,283452.33
MKT-02158,Campaign 2158,Search,Mid-Market,2024-08-09 00:00:00+00:00,2024-10-10 00:00:00+00:00,273378,3405,0.0688,1236947.98
MKT-02159,Campaign 2159,Content,Mid-Market,2025-11-09 00:00:00+00:00,2025-12-08 00:00:00+00:00,663236,7735,0.0305,4210684.38
MKT-02160,Campaign 2160,Search,Enterprise,2025-12-15 00:00:00+00:00,2026-02-06 00:00:00+00:00,472725,7905,0.0537,1802755.29
MKT-02161,Campaign 2161,Email,Mid-Market,2023-12-27 00:00:00+00:00,2024-02-10 00:00:00+00:00,355544,7019,0.0561,2528464.79
MKT-02162,Campaign 2162,Email,Enterprise,2023-07-24 00:00:00+00:00,2023-09-27 00:00:00+00:00,368238,4898,0.0195,1534541.73
MKT-02163,Campaign 2163,Social,Mid-Market,2023-11-14 00:00:00+00:00,2024-01-06 00:00:00+00:00,80368,659,0.0378,686335.01
MKT-02164,Campaign 2164,Content,SMB,2024-02-22 00:00:00+00:00,2024-05-10 00:00:00+00:00,585122,4827,0.0281,3776378.02
MKT-02165,Campaign 2165,Events,Mid-Market,2024-02-17 00:00:00+00:00,2024-03-13 00:00:00+00:00,347349,4953,0.0565,2877689.51
MKT-02166,Campaign 2166,Events,SMB,2023-01-12 00:00:00+00:00,2023-02-20 00:00:00+00:00,348103,3265,0.0408,1278815.08
MKT-02167,Campaign 2167,Email,SMB,2024-06-30 00:00:00+00:00,2024-08-28 00:00:00+00:00,626912,5978,0.0562,3088046.1
MKT-02168,Campaign 2168,Events,SMB,2024-04-29 00:00:00+00:00,2024-06-21 00:00:00+00:00,531684,4441,0.0681,3351234.43
MKT-02169,Campaign 2169,Content,SMB,2023-06-06 00:00:00+00:00,2023-07-19 00:00:00+00:00,179766,1903,0.0696,1169640.9
MKT-02170,Campaign 2170,Content,SMB,2023-02-28 00:00:00+00:00,2023-05-13 00:00:00+00:00,585743,9512,0.0248,4505992.0
MKT-02171,Campaign 2171,Social,Enterprise,2023-04-23 00:00:00+00:00,2023-06-05 00:00:00+00:00,59189,479,0.0231,194645.25
MKT-02172,Campaign 2172,Events,SMB,2023-09-04 00:00:00+00:00,2023-10-15 00:00:00+00:00,852886,12938,0.0231,6111287.7
MKT-02173,Campaign 2173,Email,Enterprise,2024-04-11 00:00:00+00:00,2024-06-01 00:00:00+00:00,500833,10647,0.0602,3151917.53
MKT-02174,Campaign 2174,Search,SMB,2023-08-14 00:00:00+00:00,2023-10-10 00:00:00+00:00,813667,10390,0.054,6973338.34
MKT-02175,Campaign 2175,Partner,Mid-Market,2025-12-10 00:00:00+00:00,2026-01-07 00:00:00+00:00,891946,7335,0.0529,6873017.08
MKT-02176,Campaign 2176,Content,Enterprise,2024-10-12 00:00:00+00:00,2024-12-08 00:00:00+00:00,256823,2757,0.0508,1255865.78
MKT-02177,Campaign 2177,Email,SMB,2025-05-26 00:00:00+00:00,2025-06-29 00:00:00+00:00,774902,8582,0.0354,2560439.74
MKT-02178,Campaign 2178,Content,Mid-Market,2023-11-29 00:00:00+00:00,2024-01-02 00:00:00+00:00,442842,6832,0.0434,2795130.86
MKT-02179,Campaign 2179,Partner,Mid-Market,2024-01-01 00:00:00+00:00,2024-03-04 00:00:00+00:00,669926,6633,0.0474,4087362.51
MKT-02180,Campaign 2180,Content,SMB,2023-04-05 00:00:00+00:00,2023-05-30 00:00:00+00:00,107679,2101,0.0438,870798.87
MKT-02181,Campaign 2181,Search,SMB,2024-04-06 00:00:00+00:00,2024-07-01 00:00:00+00:00,234055,5356,0.0316,879340.84
MKT-02182,Campaign 2182,Social,SMB,2025-02-09 00:00:00+00:00,2025-03-13 00:00:00+00:00,218539,1923,0.0678,1417310.12
MKT-02183,Campaign 2183,Social,Mid-Market,2023-08-07 00:00:00+00:00,2023-09-29 00:00:00+00:00,280080,3428,0.0228,2459219.75
MKT-02184,Campaign 2184,Events,Enterprise,2023-07-11 00:00:00+00:00,2023-08-05 00:00:00+00:00,283234,2468,0.0353,946063.56
MKT-02185,Campaign 2185,Content,Mid-Market,2023-06-21 00:00:00+00:00,2023-08-02 00:00:00+00:00,406132,10633,0.0654,1423326.05
MKT-02186,Campaign 2186,Email,Mid-Market,2023-09-20 00:00:00+00:00,2023-12-05 00:00:00+00:00,878812,8932,0.0569,2827304.56
MKT-02187,Campaign 2187,Social,Mid-Market,2023-01-10 00:00:00+00:00,2023-03-04 00:00:00+00:00,28490,614,0.0217,100517.98
MKT-02188,Campaign 2188,Email,Mid-Market,2024-09-30 00:00:00+00:00,2024-12-20 00:00:00+00:00,699796,14469,0.0069,3125802.22
MKT-02189,Campaign 2189,Email,SMB,2023-08-29 00:00:00+00:00,2023-11-01 00:00:00+00:00,816146,15196,0.0255,5624150.87
MKT-02190,Campaign 2190,Social,Enterprise,2026-01-29 00:00:00+00:00,2026-04-15 00:00:00+00:00,826760,21414,0.0439,4975052.15
MKT-02191,Campaign 2191,Partner,Enterprise,2025-07-31 00:00:00+00:00,2025-08-24 00:00:00+00:00,332272,2681,0.043,1223497.37
MKT-02192,Campaign 2192,Search,Enterprise,2025-08-03 00:00:00+00:00,2025-10-04 00:00:00+00:00,287366,3071,0.0415,1491966.74
MKT-02193,Campaign 2193,Social,SMB,2024-07-10 00:00:00+00:00,2024-09-30 00:00:00+00:00,245683,2111,0.0512,1344356.03
MKT-02194,Campaign 2194,Social,Mid-Market,2025-07-28 00:00:00+00:00,2025-08-16 00:00:00+00:00,792668,16485,0.0424,5350903.7
MKT-02195,Campaign 2195,Search,Mid-Market,2024-08-24 00:00:00+00:00,2024-09-17 00:00:00+00:00,699661,6563,0.0573,3261837.34
MKT-02196,Campaign 2196,Search,Mid-Market,2025-01-21 00:00:00+00:00,2025-03-17 00:00:00+00:00,714336,16511,0.0541,2305267.02
MKT-02197,Campaign 2197,Content,SMB,2025-11-14 00:00:00+00:00,2026-01-27 00:00:00+00:00,763979,16186,0.0075,2720371.42
MKT-02198,Campaign 2198,Email,Mid-Market,2023-12-08 00:00:00+00:00,2024-03-05 00:00:00+00:00,149186,1312,0.0434,519322.51
MKT-02199,Campaign 2199,Content,SMB,2024-09-25 00:00:00+00:00,2024-11-24 00:00:00+00:00,840156,16468,0.0386,6565405.37
MKT-02200,Campaign 2200,Social,Mid-Market,2024-11-07 00:00:00+00:00,2025-01-30 00:00:00+00:00,308067,2868,0.0464,1016018.56
MKT-02201,Campaign 2201,Content,Mid-Market,2025-12-12 00:00:00+00:00,2026-02-01 00:00:00+00:00,715670,6109,0.0381,3420417.42
MKT-02202,Campaign 2202,Events,Enterprise,2025-07-06 00:00:00+00:00,2025-09-20 00:00:00+00:00,659602,17176,0.0162,3399877.75
MKT-02203,Campaign 2203,Search,Mid-Market,2023-07-09 00:00:00+00:00,2023-08-02 00:00:00+00:00,348295,2920,0.0493,2697241.44
MKT-02204,Campaign 2204,Social,Enterprise,2023-07-26 00:00:00+00:00,2023-10-02 00:00:00+00:00,312193,3694,0.0531,2354983.53
MKT-02205,Campaign 2205,Email,Mid-Market,2023-04-30 00:00:00+00:00,2023-06-06 00:00:00+00:00,596551,6600,0.0125,4295285.62
MKT-02206,Campaign 2206,Partner,Mid-Market,2026-01-04 00:00:00+00:00,2026-02-26 00:00:00+00:00,245033,2217,0.0696,1670588.11
MKT-02207,Campaign 2207,Partner,Enterprise,2024-12-22 00:00:00+00:00,2025-03-13 00:00:00+00:00,568891,5960,0.057,3703994.79
MKT-02208,Campaign 2208,Content,SMB,2025-07-22 00:00:00+00:00,2025-09-08 00:00:00+00:00,912242,7492,0.0276,7792303.18
MKT-02209,Campaign 2209,Content,Enterprise,2024-11-09 00:00:00+00:00,2024-11-29 00:00:00+00:00,288907,2455,0.0244,932945.68
MKT-02210,Campaign 2210,Events,SMB,2024-10-22 00:00:00+00:00,2024-12-21 00:00:00+00:00,454683,7892,0.0452,2720767.84
MKT-02211,Campaign 2211,Search,SMB,2023-04-13 00:00:00+00:00,2023-05-01 00:00:00+00:00,272138,2678,0.0441,1880317.83
MKT-02212,Campaign 2212,Search,Enterprise,2024-07-16 00:00:00+00:00,2024-09-04 00:00:00+00:00,332095,4760,0.0519,2232855.87
MKT-02213,Campaign 2213,Content,Mid-Market,2025-04-14 00:00:00+00:00,2025-05-12 00:00:00+00:00,60903,1338,0.0499,528823.8
MKT-02214,Campaign 2214,Search,Mid-Market,2025-05-09 00:00:00+00:00,2025-06-24 00:00:00+00:00,339868,5455,0.0514,2517771.61
MKT-02215,Campaign 2215,Search,Mid-Market,2024-02-11 00:00:00+00:00,2024-04-18 00:00:00+00:00,517327,13084,0.0242,3381028.2
MKT-02216,Campaign 2216,Partner,Enterprise,2026-01-07 00:00:00+00:00,2026-03-08 00:00:00+00:00,575634,7003,0.0398,2720389.32
MKT-02217,Campaign 2217,Events,Mid-Market,2023-07-24 00:00:00+00:00,2023-08-24 00:00:00+00:00,392809,11117,0.0475,3227500.12
MKT-02218,Campaign 2218,Email,Mid-Market,2023-10-17 00:00:00+00:00,2024-01-10 00:00:00+00:00,599783,11826,0.0382,3003958.5
MKT-02219,Campaign 2219,Email,Enterprise,2025-03-07 00:00:00+00:00,2025-04-03 00:00:00+00:00,35287,283,0.0524,254064.62
MKT-02220,Campaign 2220,Partner,Enterprise,2023-04-15 00:00:00+00:00,2023-05-16 00:00:00+00:00,798605,6675,0.0592,4063779.53
MKT-02221,Campaign 2221,Content,Mid-Market,2024-08-19 00:00:00+00:00,2024-10-23 00:00:00+00:00,216322,2425,0.0287,1414836.52
MKT-02222,Campaign 2222,Partner,SMB,2025-01-02 00:00:00+00:00,2025-01-26 00:00:00+00:00,610845,4943,0.0414,3424692.71
MKT-02223,Campaign 2223,Events,SMB,2023-10-18 00:00:00+00:00,2024-01-16 00:00:00+00:00,136562,1779,0.0335,793937.24
MKT-02224,Campaign 2224,Social,SMB,2024-02-07 00:00:00+00:00,2024-03-04 00:00:00+00:00,863462,11000,0.0352,4742984.71
MKT-02225,Campaign 2225,Email,Mid-Market,2024-05-08 00:00:00+00:00,2024-06-21 00:00:00+00:00,383505,5119,0.0157,2924190.58
MKT-02226,Campaign 2226,Social,Enterprise,2023-11-27 00:00:00+00:00,2024-02-03 00:00:00+00:00,536094,14025,0.0486,3486346.96
MKT-02227,Campaign 2227,Partner,SMB,2025-07-20 00:00:00+00:00,2025-10-01 00:00:00+00:00,386782,5878,0.0879,2329382.96
MKT-02228,Campaign 2228,Partner,SMB,2024-05-15 00:00:00+00:00,2024-08-04 00:00:00+00:00,463055,5625,0.0487,2762753.67
MKT-02229,Campaign 2229,Search,Enterprise,2023-07-27 00:00:00+00:00,2023-09-18 00:00:00+00:00,750875,9243,0.0786,4369976.38
MKT-02230,Campaign 2230,Search,Mid-Market,2024-12-12 00:00:00+00:00,2025-02-23 00:00:00+00:00,726497,9000,0.0627,5626134.69
MKT-02231,Campaign 2231,Content,Mid-Market,2024-10-17 00:00:00+00:00,2024-12-22 00:00:00+00:00,138393,2063,0.03,829249.28
MKT-02232,Campaign 2232,Email,Mid-Market,2023-08-08 00:00:00+00:00,2023-09-22 00:00:00+00:00,210386,2115,0.0488,1253586.43
MKT-02233,Campaign 2233,Content,Mid-Market,2023-02-25 00:00:00+00:00,2023-03-24 00:00:00+00:00,323873,2686,0.0546,1279431.14
MKT-02234,Campaign 2234,Search,SMB,2024-06-22 00:00:00+00:00,2024-08-19 00:00:00+00:00,590308,5514,0.0537,2700180.08
MKT-02235,Campaign 2235,Email,Enterprise,2025-12-26 00:00:00+00:00,2026-03-10 00:00:00+00:00,556493,8688,0.0305,4302610.37
MKT-02236,Campaign 2236,Events,SMB,2024-06-21 00:00:00+00:00,2024-07-08 00:00:00+00:00,379158,6241,0.0454,2964469.98
MKT-02237,Campaign 2237,Social,Enterprise,2024-01-11 00:00:00+00:00,2024-03-10 00:00:00+00:00,262738,2292,0.0688,1356451.92
MKT-02238,Campaign 2238,Email,Mid-Market,2023-09-16 00:00:00+00:00,2023-11-05 00:00:00+00:00,138880,2546,0.0171,597934.7
MKT-02239,Campaign 2239,Social,Mid-Market,2025-05-26 00:00:00+00:00,2025-08-19 00:00:00+00:00,72729,1595,0.0585,554513.74
MKT-02240,Campaign 2240,Events,Mid-Market,2023-01-02 00:00:00+00:00,2023-03-15 00:00:00+00:00,304818,5173,0.0609,2537536.47
MKT-02241,Campaign 2241,Email,Mid-Market,2024-09-04 00:00:00+00:00,2024-11-19 00:00:00+00:00,768793,9216,0.0146,5475495.88
MKT-02242,Campaign 2242,Email,Enterprise,2023-08-25 00:00:00+00:00,2023-11-08 00:00:00+00:00,588441,16486,0.032,3129400.54
MKT-02243,Campaign 2243,Partner,SMB,2023-02-22 00:00:00+00:00,2023-04-04 00:00:00+00:00,393023,7463,0.0376,2344313.53
MKT-02244,Campaign 2244,Social,Enterprise,2023-01-30 00:00:00+00:00,2023-04-01 00:00:00+00:00,867512,14951,0.056,7034672.95
MKT-02245,Campaign 2245,Social,Enterprise,2024-06-19 00:00:00+00:00,2024-07-20 00:00:00+00:00,908075,10653,0.0421,3677806.58
MKT-02246,Campaign 2246,Email,Enterprise,2023-02-10 00:00:00+00:00,2023-04-29 00:00:00+00:00,515900,5126,0.0332,1788485.65
MKT-02247,Campaign 2247,Social,Mid-Market,2026-02-10 00:00:00+00:00,2026-03-22 00:00:00+00:00,482153,3907,0.0433,3993026.56
MKT-02248,Campaign 2248,Email,Mid-Market,2024-10-22 00:00:00+00:00,2024-12-01 00:00:00+00:00,390485,7373,0.0489,2501073.5
MKT-02249,Campaign 2249,Social,Mid-Market,2024-06-13 00:00:00+00:00,2024-08-28 00:00:00+00:00,752512,7699,0.0394,5096232.13
MKT-02250,Campaign 2250,Email,Enterprise,2026-02-12 00:00:00+00:00,2026-03-04 00:00:00+00:00,825250,14853,0.068,3278996.25
MKT-02251,Campaign 2251,Email,SMB,2025-06-15 00:00:00+00:00,2025-09-01 00:00:00+00:00,713546,8034,0.0425,5186070.49
MKT-02252,Campaign 2252,Events,Enterprise,2024-01-15 00:00:00+00:00,2024-03-09 00:00:00+00:00,197686,3409,0.0539,1256554.83
MKT-02253,Campaign 2253,Events,SMB,2025-07-26 00:00:00+00:00,2025-08-09 00:00:00+00:00,604192,7869,0.0251,3071439.2
MKT-02254,Campaign 2254,Email,Mid-Market,2025-08-17 00:00:00+00:00,2025-11-16 00:00:00+00:00,91188,1168,0.0478,633834.2
MKT-02255,Campaign 2255,Email,Mid-Market,2023-01-02 00:00:00+00:00,2023-03-24 00:00:00+00:00,193317,1595,0.0339,1612526.59
MKT-02256,Campaign 2256,Email,Mid-Market,2024-03-31 00:00:00+00:00,2024-06-22 00:00:00+00:00,309482,5306,0.0339,2584494.71
MKT-02257,Campaign 2257,Events,Mid-Market,2025-09-19 00:00:00+00:00,2025-12-10 00:00:00+00:00,59645,545,0.0667,202548.73
MKT-02258,Campaign 2258,Social,SMB,2025-01-28 00:00:00+00:00,2025-04-20 00:00:00+00:00,96719,960,0.0315,359457.44
MKT-02259,Campaign 2259,Social,SMB,2025-11-25 00:00:00+00:00,2025-12-14 00:00:00+00:00,244506,2902,0.0338,1530404.24
MKT-02260,Campaign 2260,Partner,Mid-Market,2024-07-02 00:00:00+00:00,2024-09-01 00:00:00+00:00,396416,4011,0.0143,2659596.7
MKT-02261,Campaign 2261,Partner,Enterprise,2023-06-05 00:00:00+00:00,2023-07-31 00:00:00+00:00,144199,2147,0.0278,1215538.21
MKT-02262,Campaign 2262,Events,Mid-Market,2026-02-03 00:00:00+00:00,2026-05-02 00:00:00+00:00,235486,2568,0.0148,1566126.82
MKT-02263,Campaign 2263,Partner,SMB,2024-03-05 00:00:00+00:00,2024-04-10 00:00:00+00:00,384150,7978,0.0609,2945767.06
MKT-02264,Campaign 2264,Search,SMB,2024-12-31 00:00:00+00:00,2025-02-26 00:00:00+00:00,187174,1765,0.0479,1340347.87
MKT-02265,Campaign 2265,Content,Mid-Market,2024-06-24 00:00:00+00:00,2024-07-26 00:00:00+00:00,880311,13498,0.0549,4954170.16
MKT-02266,Campaign 2266,Social,Mid-Market,2024-10-07 00:00:00+00:00,2024-11-23 00:00:00+00:00,191668,1549,0.0494,973978.31
MKT-02267,Campaign 2267,Email,Mid-Market,2026-01-02 00:00:00+00:00,2026-01-29 00:00:00+00:00,294749,3977,0.0267,1997383.34
MKT-02268,Campaign 2268,Email,Mid-Market,2024-02-06 00:00:00+00:00,2024-04-11 00:00:00+00:00,242487,2042,0.0551,1652375.56
MKT-02269,Campaign 2269,Email,Mid-Market,2026-02-21 00:00:00+00:00,2026-03-15 00:00:00+00:00,349031,5978,0.0389,1812514.84
MKT-02270,Campaign 2270,Search,Mid-Market,2025-07-25 00:00:00+00:00,2025-09-20 00:00:00+00:00,505122,8244,0.0513,2483225.3
MKT-02271,Campaign 2271,Partner,Mid-Market,2023-02-27 00:00:00+00:00,2023-05-03 00:00:00+00:00,327531,3054,0.004,1253978.15
MKT-02272,Campaign 2272,Search,SMB,2026-02-19 00:00:00+00:00,2026-04-28 00:00:00+00:00,19539,170,0.0229,72949.23
MKT-02273,Campaign 2273,Content,Mid-Market,2024-12-17 00:00:00+00:00,2025-01-11 00:00:00+00:00,573860,7268,0.0307,2117792.11
MKT-02274,Campaign 2274,Search,Mid-Market,2023-11-12 00:00:00+00:00,2023-12-25 00:00:00+00:00,574562,14097,0.0469,4090106.98
MKT-02275,Campaign 2275,Events,SMB,2024-11-13 00:00:00+00:00,2024-12-29 00:00:00+00:00,861117,12958,0.0168,5322022.84
MKT-02276,Campaign 2276,Content,Mid-Market,2023-05-31 00:00:00+00:00,2023-08-28 00:00:00+00:00,652984,6076,0.0784,5288538.25
MKT-02277,Campaign 2277,Events,Enterprise,2025-10-21 00:00:00+00:00,2025-11-23 00:00:00+00:00,860931,11018,0.0622,3299839.33
MKT-02278,Campaign 2278,Email,Mid-Market,2026-01-22 00:00:00+00:00,2026-04-19 00:00:00+00:00,662782,6650,0.0628,5829137.21
MKT-02279,Campaign 2279,Events,Enterprise,2026-02-04 00:00:00+00:00,2026-03-09 00:00:00+00:00,726704,10522,0.065,4166598.52
MKT-02280,Campaign 2280,Content,Enterprise,2025-03-25 00:00:00+00:00,2025-06-09 00:00:00+00:00,475985,12536,0.0507,3619945.5
MKT-02281,Campaign 2281,Events,Mid-Market,2025-10-23 00:00:00+00:00,2026-01-03 00:00:00+00:00,634942,6621,0.0239,2848151.45
MKT-02282,Campaign 2282,Email,Enterprise,2023-03-09 00:00:00+00:00,2023-03-25 00:00:00+00:00,436734,7068,0.0493,2176798.34
MKT-02283,Campaign 2283,Social,Enterprise,2026-01-17 00:00:00+00:00,2026-03-19 00:00:00+00:00,317987,4031,0.0341,1234920.25
MKT-02284,Campaign 2284,Partner,Mid-Market,2023-08-22 00:00:00+00:00,2023-09-25 00:00:00+00:00,560822,4789,0.0383,2903000.77
MKT-02285,Campaign 2285,Social,Enterprise,2026-01-12 00:00:00+00:00,2026-01-28 00:00:00+00:00,439410,7992,0.0557,2323190.84
MKT-02286,Campaign 2286,Events,SMB,2025-05-22 00:00:00+00:00,2025-08-16 00:00:00+00:00,287670,4326,0.033,1443676.77
MKT-02287,Campaign 2287,Search,Mid-Market,2025-02-27 00:00:00+00:00,2025-05-11 00:00:00+00:00,885723,18048,0.0321,7332133.54
MKT-02288,Campaign 2288,Social,Mid-Market,2025-11-17 00:00:00+00:00,2026-02-02 00:00:00+00:00,121290,3166,0.0574,965110.7
MKT-02289,Campaign 2289,Content,Mid-Market,2023-06-08 00:00:00+00:00,2023-08-10 00:00:00+00:00,125863,1745,0.0289,477733.6
MKT-02290,Campaign 2290,Content,SMB,2023-03-16 00:00:00+00:00,2023-04-18 00:00:00+00:00,476447,10857,0.0371,2570221.38
MKT-02291,Campaign 2291,Partner,Mid-Market,2023-06-13 00:00:00+00:00,2023-08-15 00:00:00+00:00,34417,555,0.0407,171032.69
MKT-02292,Campaign 2292,Content,SMB,2023-05-14 00:00:00+00:00,2023-07-11 00:00:00+00:00,800166,7181,0.0513,6729431.6
MKT-02293,Campaign 2293,Partner,Enterprise,2023-02-06 00:00:00+00:00,2023-04-12 00:00:00+00:00,308423,7934,0.0537,2026659.95
MKT-02294,Campaign 2294,Partner,Mid-Market,2023-05-31 00:00:00+00:00,2023-06-16 00:00:00+00:00,456507,4962,0.0314,3736343.26
MKT-02295,Campaign 2295,Partner,Mid-Market,2024-10-12 00:00:00+00:00,2024-12-03 00:00:00+00:00,531595,7596,0.0152,2933131.31
MKT-02296,Campaign 2296,Events,Mid-Market,2025-12-06 00:00:00+00:00,2026-02-22 00:00:00+00:00,270182,3850,0.0625,1800583.07
MKT-02297,Campaign 2297,Partner,Enterprise,2023-01-16 00:00:00+00:00,2023-03-03 00:00:00+00:00,122423,1528,0.006,486825.59
MKT-02298,Campaign 2298,Email,Enterprise,2025-12-06 00:00:00+00:00,2026-01-27 00:00:00+00:00,208599,3158,0.0485,804027.21
MKT-02299,Campaign 2299,Partner,Mid-Market,2023-07-11 00:00:00+00:00,2023-10-03 00:00:00+00:00,99826,2357,0.0412,662077.61
MKT-02300,Campaign 2300,Search,Mid-Market,2024-12-18 00:00:00+00:00,2025-02-08 00:00:00+00:00,77665,677,0.0462,493766.09
MKT-02301,Campaign 2301,Email,SMB,2024-05-28 00:00:00+00:00,2024-07-17 00:00:00+00:00,652082,12463,0.0469,5349231.97
MKT-02302,Campaign 2302,Email,Mid-Market,2024-04-19 00:00:00+00:00,2024-05-13 00:00:00+00:00,852107,8821,0.0382,6004189.45
MKT-02303,Campaign 2303,Events,Enterprise,2024-02-14 00:00:00+00:00,2024-04-02 00:00:00+00:00,380126,3699,0.0407,1669355.81
MKT-02304,Campaign 2304,Partner,Mid-Market,2024-10-05 00:00:00+00:00,2024-10-21 00:00:00+00:00,313602,5848,0.0473,1918265.89
MKT-02305,Campaign 2305,Content,Enterprise,2024-01-01 00:00:00+00:00,2024-03-20 00:00:00+00:00,357934,7257,0.0463,1230071.43
MKT-02306,Campaign 2306,Email,Enterprise,2025-01-11 00:00:00+00:00,2025-04-08 00:00:00+00:00,828142,7067,0.004,5687804.06
MKT-02307,Campaign 2307,Partner,Enterprise,2025-02-28 00:00:00+00:00,2025-04-23 00:00:00+00:00,274570,7358,0.0409,1066887.67
MKT-02308,Campaign 2308,Content,Enterprise,2025-09-02 00:00:00+00:00,2025-11-12 00:00:00+00:00,870426,11720,0.0548,4810238.2
MKT-02309,Campaign 2309,Social,SMB,2024-09-24 00:00:00+00:00,2024-11-23 00:00:00+00:00,275265,6671,0.0304,940203.86
MKT-02310,Campaign 2310,Events,Mid-Market,2025-02-10 00:00:00+00:00,2025-03-16 00:00:00+00:00,419012,5717,0.0494,2905234.09
MKT-02311,Campaign 2311,Search,Enterprise,2023-05-03 00:00:00+00:00,2023-06-02 00:00:00+00:00,270598,5182,0.0583,1902507.69
MKT-02312,Campaign 2312,Search,Mid-Market,2025-02-22 00:00:00+00:00,2025-03-09 00:00:00+00:00,398688,3388,0.0435,1602172.38
MKT-02313,Campaign 2313,Events,Mid-Market,2024-08-15 00:00:00+00:00,2024-10-25 00:00:00+00:00,633046,9999,0.044,2647481.41
MKT-02314,Campaign 2314,Search,SMB,2026-01-23 00:00:00+00:00,2026-03-27 00:00:00+00:00,302850,2836,0.0203,1516046.72
MKT-02315,Campaign 2315,Events,Mid-Market,2025-03-27 00:00:00+00:00,2025-04-24 00:00:00+00:00,56527,823,0.0405,495924.26
MKT-02316,Campaign 2316,Social,SMB,2023-07-10 00:00:00+00:00,2023-09-29 00:00:00+00:00,593509,7172,0.05,4846224.17
MKT-02317,Campaign 2317,Partner,Mid-Market,2025-04-22 00:00:00+00:00,2025-05-10 00:00:00+00:00,653241,6811,0.035,3785433.07
MKT-02318,Campaign 2318,Events,SMB,2025-05-16 00:00:00+00:00,2025-07-05 00:00:00+00:00,210913,2208,0.0358,1627589.62
MKT-02319,Campaign 2319,Partner,Mid-Market,2024-11-11 00:00:00+00:00,2024-11-26 00:00:00+00:00,637708,5719,0.0503,2055141.7
MKT-02320,Campaign 2320,Content,Enterprise,2025-12-22 00:00:00+00:00,2026-02-25 00:00:00+00:00,322811,5076,0.0477,1243708.13
MKT-02321,Campaign 2321,Content,Mid-Market,2024-09-05 00:00:00+00:00,2024-10-26 00:00:00+00:00,644942,8177,0.0495,4694771.67
MKT-02322,Campaign 2322,Content,Mid-Market,2023-07-29 00:00:00+00:00,2023-10-25 00:00:00+00:00,283607,2574,0.0169,2329832.36
MKT-02323,Campaign 2323,Events,Enterprise,2023-02-01 00:00:00+00:00,2023-04-04 00:00:00+00:00,83111,1300,0.0488,319451.98
MKT-02324,Campaign 2324,Partner,Enterprise,2024-03-07 00:00:00+00:00,2024-04-27 00:00:00+00:00,355711,6598,0.0164,2699793.16
MKT-02325,Campaign 2325,Content,Mid-Market,2023-10-01 00:00:00+00:00,2023-11-17 00:00:00+00:00,97955,1632,0.0377,345976.94
MKT-02326,Campaign 2326,Social,Mid-Market,2024-03-03 00:00:00+00:00,2024-05-19 00:00:00+00:00,85158,1319,0.073,438733.36
MKT-02327,Campaign 2327,Content,Mid-Market,2024-06-17 00:00:00+00:00,2024-09-03 00:00:00+00:00,216496,4400,0.0511,1622748.8
MKT-02328,Campaign 2328,Content,Enterprise,2025-09-13 00:00:00+00:00,2025-10-24 00:00:00+00:00,495142,9635,0.0472,2911137.8
MKT-02329,Campaign 2329,Email,Enterprise,2024-02-06 00:00:00+00:00,2024-05-03 00:00:00+00:00,160289,4036,0.0286,1181389.2
MKT-02330,Campaign 2330,Content,Enterprise,2024-11-15 00:00:00+00:00,2024-11-29 00:00:00+00:00,100599,1826,0.0667,481677.33
MKT-02331,Campaign 2331,Email,Enterprise,2025-03-31 00:00:00+00:00,2025-06-18 00:00:00+00:00,363050,3112,0.047,2521815.45
MKT-02332,Campaign 2332,Events,Mid-Market,2024-12-23 00:00:00+00:00,2025-03-13 00:00:00+00:00,724818,8052,0.0049,5523885.94
MKT-02333,Campaign 2333,Search,Mid-Market,2025-04-13 00:00:00+00:00,2025-05-25 00:00:00+00:00,295846,4566,0.0311,1275895.76
MKT-02334,Campaign 2334,Search,Mid-Market,2024-11-22 00:00:00+00:00,2025-02-18 00:00:00+00:00,397067,3707,0.0464,1684351.73
MKT-02335,Campaign 2335,Partner,Mid-Market,2025-05-17 00:00:00+00:00,2025-07-07 00:00:00+00:00,804926,9051,0.0384,2778656.43
MKT-02336,Campaign 2336,Social,Mid-Market,2024-05-20 00:00:00+00:00,2024-06-07 00:00:00+00:00,681925,13169,0.0593,3641604.63
MKT-02337,Campaign 2337,Partner,Enterprise,2024-01-15 00:00:00+00:00,2024-02-25 00:00:00+00:00,402699,4429,0.0239,1320144.3
MKT-02338,Campaign 2338,Email,Mid-Market,2023-07-29 00:00:00+00:00,2023-10-01 00:00:00+00:00,135559,1137,0.0448,834114.79
MKT-02339,Campaign 2339,Search,Enterprise,2023-01-14 00:00:00+00:00,2023-03-07 00:00:00+00:00,609140,14540,0.032,2895709.38
MKT-02340,Campaign 2340,Social,SMB,2023-02-22 00:00:00+00:00,2023-05-02 00:00:00+00:00,539997,4350,0.0445,4718878.95
MKT-02341,Campaign 2341,Social,SMB,2023-02-23 00:00:00+00:00,2023-05-14 00:00:00+00:00,270807,3700,0.0332,2188845.32
MKT-02342,Campaign 2342,Events,Mid-Market,2023-11-18 00:00:00+00:00,2024-02-07 00:00:00+00:00,190525,2412,0.0429,1196120.34
MKT-02343,Campaign 2343,Search,Enterprise,2024-04-15 00:00:00+00:00,2024-06-18 00:00:00+00:00,273000,7367,0.0662,2248179.63
MKT-02344,Campaign 2344,Events,Enterprise,2026-02-01 00:00:00+00:00,2026-04-08 00:00:00+00:00,540872,9203,0.0167,4646958.19
MKT-02345,Campaign 2345,Partner,Enterprise,2024-06-26 00:00:00+00:00,2024-07-24 00:00:00+00:00,377629,5479,0.0749,2477595.54
MKT-02346,Campaign 2346,Content,Enterprise,2025-07-27 00:00:00+00:00,2025-10-13 00:00:00+00:00,399205,3269,0.0977,2077489.04
MKT-02347,Campaign 2347,Partner,Mid-Market,2024-10-17 00:00:00+00:00,2024-12-15 00:00:00+00:00,721419,7110,0.034,5874819.26
MKT-02348,Campaign 2348,Email,Mid-Market,2023-08-29 00:00:00+00:00,2023-11-08 00:00:00+00:00,601167,5030,0.0644,2821361.8
MKT-02349,Campaign 2349,Events,Mid-Market,2024-06-21 00:00:00+00:00,2024-08-08 00:00:00+00:00,758308,7514,0.0563,3819756.87
MKT-02350,Campaign 2350,Search,Enterprise,2023-11-22 00:00:00+00:00,2024-01-04 00:00:00+00:00,99838,897,0.0543,682855.73
MKT-02351,Campaign 2351,Content,Enterprise,2025-01-30 00:00:00+00:00,2025-04-10 00:00:00+00:00,650962,17195,0.0298,2202893.84
MKT-02352,Campaign 2352,Search,Enterprise,2024-08-25 00:00:00+00:00,2024-09-18 00:00:00+00:00,831421,7371,0.0269,3206890.6
MKT-02353,Campaign 2353,Content,Mid-Market,2023-05-01 00:00:00+00:00,2023-06-01 00:00:00+00:00,341303,3154,0.0344,2152128.46
MKT-02354,Campaign 2354,Search,Enterprise,2025-02-02 00:00:00+00:00,2025-04-26 00:00:00+00:00,453053,5122,0.0352,1802803.61
MKT-02355,Campaign 2355,Content,SMB,2024-09-29 00:00:00+00:00,2024-11-19 00:00:00+00:00,277573,2828,0.0223,2219204.22
MKT-02356,Campaign 2356,Social,Enterprise,2023-03-22 00:00:00+00:00,2023-06-18 00:00:00+00:00,625006,5981,0.0294,5058529.91
MKT-02357,Campaign 2357,Search,Mid-Market,2025-03-20 00:00:00+00:00,2025-05-14 00:00:00+00:00,503382,12714,0.0581,3056570.8
MKT-02358,Campaign 2358,Partner,SMB,2023-03-17 00:00:00+00:00,2023-04-01 00:00:00+00:00,249518,4347,0.0667,927569.84
MKT-02359,Campaign 2359,Content,SMB,2024-04-18 00:00:00+00:00,2024-06-22 00:00:00+00:00,66473,556,0.0275,316983.07
MKT-02360,Campaign 2360,Partner,Enterprise,2025-01-09 00:00:00+00:00,2025-03-18 00:00:00+00:00,670293,10804,0.0811,4336195.52
MKT-02361,Campaign 2361,Social,Mid-Market,2025-01-06 00:00:00+00:00,2025-03-25 00:00:00+00:00,511234,11537,0.019,1793404.36
MKT-02362,Campaign 2362,Content,SMB,2024-11-27 00:00:00+00:00,2024-12-18 00:00:00+00:00,865863,8974,0.023,4488004.14
MKT-02363,Campaign 2363,Events,Enterprise,2025-02-02 00:00:00+00:00,2025-03-31 00:00:00+00:00,232628,3363,0.0118,977180.86
MKT-02364,Campaign 2364,Search,Mid-Market,2024-09-23 00:00:00+00:00,2024-12-01 00:00:00+00:00,880875,8057,0.0131,5661285.97
MKT-02365,Campaign 2365,Social,SMB,2024-04-09 00:00:00+00:00,2024-04-28 00:00:00+00:00,444504,5104,0.0603,3593185.58
MKT-02366,Campaign 2366,Partner,SMB,2024-01-02 00:00:00+00:00,2024-02-01 00:00:00+00:00,737198,5932,0.0343,6069666.74
MKT-02367,Campaign 2367,Search,SMB,2025-05-13 00:00:00+00:00,2025-08-02 00:00:00+00:00,360559,3625,0.0412,1351081.81
MKT-02368,Campaign 2368,Events,Mid-Market,2024-07-15 00:00:00+00:00,2024-10-13 00:00:00+00:00,378976,4053,0.0362,1413643.62
MKT-02369,Campaign 2369,Social,Mid-Market,2025-02-08 00:00:00+00:00,2025-03-10 00:00:00+00:00,604199,7604,0.0205,4389416.98
MKT-02370,Campaign 2370,Social,Enterprise,2025-02-02 00:00:00+00:00,2025-04-14 00:00:00+00:00,183557,4502,0.0134,593737.69
MKT-02371,Campaign 2371,Events,SMB,2025-01-08 00:00:00+00:00,2025-03-10 00:00:00+00:00,778186,20505,0.0054,4656441.47
MKT-02372,Campaign 2372,Events,SMB,2023-09-24 00:00:00+00:00,2023-12-01 00:00:00+00:00,257844,2518,0.036,1778065.68
MKT-02373,Campaign 2373,Events,Mid-Market,2024-11-24 00:00:00+00:00,2025-01-27 00:00:00+00:00,540898,5227,0.0471,2907897.48
MKT-02374,Campaign 2374,Search,SMB,2023-02-06 00:00:00+00:00,2023-03-09 00:00:00+00:00,696609,12921,0.0249,3893974.25
MKT-02375,Campaign 2375,Partner,Enterprise,2025-01-18 00:00:00+00:00,2025-02-02 00:00:00+00:00,362452,4281,0.004,2052933.47
MKT-02376,Campaign 2376,Search,SMB,2024-07-20 00:00:00+00:00,2024-08-21 00:00:00+00:00,273360,4239,0.0545,1327746.4
MKT-02377,Campaign 2377,Email,Mid-Market,2024-05-18 00:00:00+00:00,2024-06-26 00:00:00+00:00,605114,5985,0.0567,3361916.52
MKT-02378,Campaign 2378,Email,Enterprise,2025-03-19 00:00:00+00:00,2025-05-15 00:00:00+00:00,271478,2496,0.017,2089923.98
MKT-02379,Campaign 2379,Events,Mid-Market,2025-05-01 00:00:00+00:00,2025-06-15 00:00:00+00:00,448912,6005,0.0203,3538256.74
MKT-02380,Campaign 2380,Events,Mid-Market,2023-08-15 00:00:00+00:00,2023-09-10 00:00:00+00:00,265047,2730,0.0519,1735798.78
MKT-02381,Campaign 2381,Content,Mid-Market,2024-08-20 00:00:00+00:00,2024-11-19 00:00:00+00:00,557015,8252,0.0084,2730088.73
MKT-02382,Campaign 2382,Events,Mid-Market,2024-02-22 00:00:00+00:00,2024-03-31 00:00:00+00:00,307497,3749,0.0174,1682314.12
MKT-02383,Campaign 2383,Partner,Enterprise,2024-09-10 00:00:00+00:00,2024-10-29 00:00:00+00:00,625512,6156,0.0628,4466137.72
MKT-02384,Campaign 2384,Partner,Enterprise,2024-01-04 00:00:00+00:00,2024-03-29 00:00:00+00:00,509476,11088,0.031,2982718.21
MKT-02385,Campaign 2385,Email,SMB,2024-07-09 00:00:00+00:00,2024-09-10 00:00:00+00:00,82683,2256,0.0401,321112.47
MKT-02386,Campaign 2386,Social,Mid-Market,2025-08-08 00:00:00+00:00,2025-09-26 00:00:00+00:00,645753,6930,0.0205,4469967.64
MKT-02387,Campaign 2387,Partner,Mid-Market,2023-09-19 00:00:00+00:00,2023-10-13 00:00:00+00:00,639623,6032,0.0578,2381530.96
MKT-02388,Campaign 2388,Email,Enterprise,2026-01-28 00:00:00+00:00,2026-03-09 00:00:00+00:00,369160,4034,0.0381,3222562.4
MKT-02389,Campaign 2389,Search,Mid-Market,2025-10-23 00:00:00+00:00,2026-01-21 00:00:00+00:00,511592,9948,0.0557,2555790.85
MKT-02390,Campaign 2390,Events,SMB,2024-08-03 00:00:00+00:00,2024-10-22 00:00:00+00:00,366272,4556,0.0309,1496780.83
MKT-02391,Campaign 2391,Social,Mid-Market,2025-07-06 00:00:00+00:00,2025-08-17 00:00:00+00:00,514225,7190,0.021,3361597.4
MKT-02392,Campaign 2392,Email,Mid-Market,2024-04-02 00:00:00+00:00,2024-06-07 00:00:00+00:00,767367,6395,0.0374,5702836.65
MKT-02393,Campaign 2393,Email,SMB,2025-11-25 00:00:00+00:00,2025-12-27 00:00:00+00:00,72840,749,0.0257,526155.92
MKT-02394,Campaign 2394,Partner,SMB,2024-12-20 00:00:00+00:00,2025-02-07 00:00:00+00:00,196893,2408,0.0309,925004.41
MKT-02395,Campaign 2395,Events,SMB,2024-11-22 00:00:00+00:00,2025-01-18 00:00:00+00:00,561962,7936,0.0256,3498245.87
MKT-02396,Campaign 2396,Search,SMB,2026-01-29 00:00:00+00:00,2026-04-13 00:00:00+00:00,568895,8684,0.0189,4025194.3
MKT-02397,Campaign 2397,Search,Mid-Market,2025-04-14 00:00:00+00:00,2025-05-28 00:00:00+00:00,650051,13793,0.0516,5044192.45
MKT-02398,Campaign 2398,Partner,SMB,2025-05-09 00:00:00+00:00,2025-06-08 00:00:00+00:00,519093,5282,0.0468,3068724.67
MKT-02399,Campaign 2399,Content,SMB,2026-01-11 00:00:00+00:00,2026-02-14 00:00:00+00:00,603721,7226,0.0231,1958823.33
MKT-02400,Campaign 2400,Partner,SMB,2023-03-23 00:00:00+00:00,2023-04-14 00:00:00+00:00,432792,10309,0.0677,2408827.65
