operating_date,warehouse_id,throughput_units,on_time_delivery_rate,fulfillment_rate,incident_count,labor_hours,downtime_minutes
2023-01-01 00:00:00+00:00,WH-North,1368,0.9497,0.9559,0,52.55,0
2023-01-02 00:00:00+00:00,WH-North,1273,0.9432,0.956,0,61.55,0
2023-01-03 00:00:00+00:00,WH-North,981,0.9242,0.9414,2,40.38,58
2023-01-04 00:00:00+00:00,WH-North,1322,0.8936,0.9671,0,60.61,0
2023-01-05 00:00:00+00:00,WH-North,1345,0.9033,0.9819,0,69.8,0
2023-01-06 00:00:00+00:00,WH-North,904,0.9506,0.9518,0,48.13,0
2023-01-07 00:00:00+00:00,WH-North,1250,0.919,0.958,0,47.38,0
2023-01-08 00:00:00+00:00,WH-North,1507,0.932,0.9801,0,83.14,0
2023-01-09 00:00:00+00:00,WH-North,1390,0.9393,0.9854,0,51.47,0
2023-01-10 00:00:00+00:00,WH-North,1716,0.8571,0.9607,1,66.82,12
2023-01-11 00:00:00+00:00,WH-North,1727,0.9217,0.999,0,67.4,0
2023-01-12 00:00:00+00:00,WH-North,1430,0.9093,0.9508,0,57.99,0
2023-01-13 00:00:00+00:00,WH-North,1659,0.9681,0.9635,0,71.96,0
2023-01-14 00:00:00+00:00,WH-North,1059,0.9664,0.9961,0,47.27,0
2023-01-15 00:00:00+00:00,WH-North,1385,0.8753,0.9733,1,51.15,58
2023-01-16 00:00:00+00:00,WH-North,1545,0.9382,0.9559,1,65.76,23
2023-01-17 00:00:00+00:00,WH-North,1456,0.9318,0.9804,0,59.92,0
2023-01-18 00:00:00+00:00,WH-North,1925,0.8384,0.9222,2,80.41,158
2023-01-19 00:00:00+00:00,WH-North,1508,0.9403,0.9585,0,67.85,0
2023-01-20 00:00:00+00:00,WH-North,1494,0.9302,0.9454,0,63.28,0
2023-01-21 00:00:00+00:00,WH-North,1332,0.8871,0.9878,0,67.09,0
2023-01-22 00:00:00+00:00,WH-North,1383,0.9788,0.9247,1,53.04,84
2023-01-23 00:00:00+00:00,WH-North,1545,0.9352,0.9598,0,59.94,0
2023-01-24 00:00:00+00:00,WH-North,1140,0.9495,0.9981,0,57.99,0
2023-01-25 00:00:00+00:00,WH-North,1215,0.9205,0.9867,0,58.71,0
2023-01-26 00:00:00+00:00,WH-North,1722,0.9429,0.9742,0,66.07,0
2023-01-27 00:00:00+00:00,WH-North,1487,0.9386,0.9804,0,77.4,0
2023-01-28 00:00:00+00:00,WH-North,1558,0.9083,0.9596,0,56.88,0
2023-01-29 00:00:00+00:00,WH-North,1722,0.949,0.958,0,67.92,0
2023-01-30 00:00:00+00:00,WH-North,1081,0.9841,0.9639,0,45.48,0
2023-01-31 00:00:00+00:00,WH-North,1689,0.9293,0.93,0,65.81,0
2023-02-01 00:00:00+00:00,WH-North,1478,0.9429,0.9582,0,67.7,0
2023-02-02 00:00:00+00:00,WH-North,1196,0.9826,0.9222,0,55.67,0
2023-02-03 00:00:00+00:00,WH-North,1666,0.9343,0.9755,0,79.72,0
2023-02-04 00:00:00+00:00,WH-North,1456,0.9349,0.9382,0,74.79,0
2023-02-05 00:00:00+00:00,WH-North,1421,0.9109,0.9667,0,69.59,0
2023-02-06 00:00:00+00:00,WH-North,1370,0.9707,0.9817,0,51.69,0
2023-02-07 00:00:00+00:00,WH-North,1625,0.9301,0.9758,0,86.43,0
2023-02-08 00:00:00+00:00,WH-North,1554,0.9089,0.9808,0,73.6,0
2023-02-09 00:00:00+00:00,WH-North,1509,0.8811,0.926,3,80.56,141
2023-02-10 00:00:00+00:00,WH-North,1301,0.8775,0.9561,1,49.04,12
2023-02-11 00:00:00+00:00,WH-North,1299,0.9337,0.9827,0,61.5,0
2023-02-12 00:00:00+00:00,WH-North,1482,0.9592,0.9816,0,56.5,0
2023-02-13 00:00:00+00:00,WH-North,1550,0.995,0.9525,0,71.76,0
2023-02-14 00:00:00+00:00,WH-North,1643,0.9923,0.9626,0,60.1,0
2023-02-15 00:00:00+00:00,WH-North,1545,0.9552,0.9856,0,83.97,0
2023-02-16 00:00:00+00:00,WH-North,1435,0.9896,0.9633,0,74.71,0
2023-02-17 00:00:00+00:00,WH-North,1506,0.9866,0.9754,0,70.07,0
2023-02-18 00:00:00+00:00,WH-North,1311,0.9683,0.9419,0,65.84,0
2023-02-19 00:00:00+00:00,WH-North,1418,0.887,0.9821,0,51.63,0
2023-02-20 00:00:00+00:00,WH-North,1783,0.899,0.968,1,98.7,64
2023-02-21 00:00:00+00:00,WH-North,1819,0.8687,0.9389,1,95.12,85
2023-02-22 00:00:00+00:00,WH-North,1311,0.9399,0.9701,0,59.28,0
2023-02-23 00:00:00+00:00,WH-North,1495,0.9599,0.9591,0,56.22,0
2023-02-24 00:00:00+00:00,WH-North,1315,0.9539,0.9458,0,63.85,0
2023-02-25 00:00:00+00:00,WH-North,1500,0.9846,0.9731,0,60.52,0
2023-02-26 00:00:00+00:00,WH-North,1321,0.9311,0.9626,0,62.25,0
2023-02-27 00:00:00+00:00,WH-North,1427,0.9652,0.9455,0,56.83,0
2023-02-28 00:00:00+00:00,WH-North,1408,0.9575,0.9511,0,51.13,0
2023-03-01 00:00:00+00:00,WH-North,1606,0.995,0.9902,0,57.79,0
2023-03-02 00:00:00+00:00,WH-North,1327,0.9181,0.9771,0,71.71,0
2023-03-03 00:00:00+00:00,WH-North,1135,0.9224,0.9559,1,45.94,32
2023-03-04 00:00:00+00:00,WH-North,1045,0.8576,0.955,1,37.48,74
2023-03-05 00:00:00+00:00,WH-North,1431,0.922,0.9543,0,74.11,0
2023-03-06 00:00:00+00:00,WH-North,1567,0.9869,0.9488,0,68.93,0
2023-03-07 00:00:00+00:00,WH-North,1365,0.9093,0.9575,1,57.39,20
2023-03-08 00:00:00+00:00,WH-North,1077,0.9041,0.9548,1,44.38,77
2023-03-09 00:00:00+00:00,WH-North,1410,0.9375,0.9766,0,53.79,0
2023-03-10 00:00:00+00:00,WH-North,1395,0.9134,0.999,0,51.91,0
2023-03-11 00:00:00+00:00,WH-North,1459,0.9423,0.9591,1,52.33,33
2023-03-12 00:00:00+00:00,WH-North,1488,0.9854,0.9464,0,56.38,0
2023-03-13 00:00:00+00:00,WH-North,1120,0.9362,0.9743,0,46.56,0
2023-03-14 00:00:00+00:00,WH-North,1550,0.995,0.9777,0,85.84,0
2023-03-15 00:00:00+00:00,WH-North,1242,0.9856,0.9693,0,59.35,0
2023-03-16 00:00:00+00:00,WH-North,1751,0.953,0.9697,0,64.93,0
2023-03-17 00:00:00+00:00,WH-North,1301,0.9072,0.9679,0,53.26,0
2023-03-18 00:00:00+00:00,WH-North,1119,0.9116,0.9587,1,47.38,14
2023-03-19 00:00:00+00:00,WH-North,1551,0.9464,0.9516,0,85.93,0
2023-03-20 00:00:00+00:00,WH-North,1445,0.8768,0.999,0,72.06,0
2023-03-21 00:00:00+00:00,WH-North,1792,0.9535,0.9885,0,65.24,0
2023-03-22 00:00:00+00:00,WH-North,1222,0.9341,0.9457,0,59.76,0
2023-03-23 00:00:00+00:00,WH-North,1218,0.9229,0.9534,1,57.51,58
2023-03-24 00:00:00+00:00,WH-North,1511,0.9655,0.9595,0,62.51,0
2023-03-25 00:00:00+00:00,WH-North,1321,0.9452,0.9609,0,56.9,0
2023-03-26 00:00:00+00:00,WH-North,1415,0.8785,0.9781,0,58.91,0
2023-03-27 00:00:00+00:00,WH-North,1270,0.9041,0.9744,0,64.17,0
2023-03-28 00:00:00+00:00,WH-North,1614,0.9361,0.9938,0,78.35,0
2023-03-29 00:00:00+00:00,WH-North,1235,0.9225,0.9603,1,44.63,19
2023-03-30 00:00:00+00:00,WH-North,1452,0.8902,0.9584,1,52.1,44
2023-03-31 00:00:00+00:00,WH-North,1429,0.9104,0.9666,0,52.31,0
2023-04-01 00:00:00+00:00,WH-North,1366,0.936,0.9688,1,68.54,20
2023-04-02 00:00:00+00:00,WH-North,1540,0.8869,0.9702,0,80.64,0
2023-04-03 00:00:00+00:00,WH-North,1493,0.9564,0.9719,0,60.74,0
2023-04-04 00:00:00+00:00,WH-North,1461,0.9667,0.9664,0,75.04,0
2023-04-05 00:00:00+00:00,WH-North,1483,0.9683,0.9628,0,58.87,0
2023-04-06 00:00:00+00:00,WH-North,1538,0.9068,0.9675,0,60.74,0
2023-04-07 00:00:00+00:00,WH-North,1480,0.9182,0.966,0,61.3,0
2023-04-08 00:00:00+00:00,WH-North,1573,0.9388,0.9791,1,84.5,54
2023-04-09 00:00:00+00:00,WH-North,1610,0.9636,0.9856,0,71.6,0
2023-04-10 00:00:00+00:00,WH-North,1586,0.9316,0.9877,0,82.66,0
2023-04-11 00:00:00+00:00,WH-North,1244,0.9339,0.9755,0,60.97,0
2023-04-12 00:00:00+00:00,WH-North,1225,0.9167,0.9372,1,54.75,25
2023-04-13 00:00:00+00:00,WH-North,1499,0.946,0.978,0,70.46,0
2023-04-14 00:00:00+00:00,WH-North,1465,0.9045,0.9439,1,64.44,23
2023-04-15 00:00:00+00:00,WH-North,1597,0.9545,0.9425,0,87.56,0
2023-04-16 00:00:00+00:00,WH-North,1533,0.8869,0.9587,1,61.94,37
2023-04-17 00:00:00+00:00,WH-North,1847,0.923,0.9482,2,91.17,112
2023-04-18 00:00:00+00:00,WH-North,1240,0.9194,0.9516,1,53.94,66
2023-04-19 00:00:00+00:00,WH-North,1219,0.9695,0.9526,0,49.51,0
2023-04-20 00:00:00+00:00,WH-North,1391,0.9566,0.9673,0,56.57,0
2023-04-21 00:00:00+00:00,WH-North,1555,0.9083,0.9855,0,63.53,0
2023-04-22 00:00:00+00:00,WH-North,1391,0.9213,0.9611,1,67.98,63
2023-04-23 00:00:00+00:00,WH-North,1568,0.9772,0.965,1,71.48,16
2023-04-24 00:00:00+00:00,WH-North,1218,0.995,0.9815,0,46.22,0
2023-04-25 00:00:00+00:00,WH-North,1500,0.9144,0.9422,1,68.79,61
2023-04-26 00:00:00+00:00,WH-North,1410,0.9115,0.9787,0,69.08,0
2023-04-27 00:00:00+00:00,WH-North,1801,0.92,0.9783,1,71.29,67
2023-04-28 00:00:00+00:00,WH-North,1180,0.947,0.9456,2,53.04,128
2023-04-29 00:00:00+00:00,WH-North,1496,0.9012,0.9283,0,58.58,0
2023-04-30 00:00:00+00:00,WH-North,1113,0.9533,0.999,1,43.86,15
2023-05-01 00:00:00+00:00,WH-North,1767,0.903,0.9548,0,73.45,0
2023-05-02 00:00:00+00:00,WH-North,1419,0.9155,0.9488,2,51.41,60
2023-05-03 00:00:00+00:00,WH-North,1239,0.9423,0.9935,1,66.11,68
2023-05-04 00:00:00+00:00,WH-North,1646,0.9867,0.9647,0,59.95,0
2023-05-05 00:00:00+00:00,WH-North,1647,0.9812,0.9585,0,75.69,0
2023-05-06 00:00:00+00:00,WH-North,1524,0.951,0.9745,0,80.61,0
2023-05-07 00:00:00+00:00,WH-North,1601,0.9129,0.9691,0,70.06,0
2023-05-08 00:00:00+00:00,WH-North,1338,0.9403,0.9553,0,62.1,0
2023-05-09 00:00:00+00:00,WH-North,1577,0.9195,0.9736,1,64.16,66
2023-05-10 00:00:00+00:00,WH-North,1647,0.995,0.9591,0,88.18,0
2023-05-11 00:00:00+00:00,WH-North,1572,0.9592,0.9606,0,65.41,0
2023-05-12 00:00:00+00:00,WH-North,1577,0.9673,0.964,0,62.57,0
2023-05-13 00:00:00+00:00,WH-North,1437,0.934,0.9277,1,60.52,75
2023-05-14 00:00:00+00:00,WH-North,1378,0.8675,0.9539,1,61.19,28
2023-05-15 00:00:00+00:00,WH-North,1600,0.971,0.996,0,64.78,0
2023-05-16 00:00:00+00:00,WH-North,1424,0.9067,0.9949,0,72.21,0
2023-05-17 00:00:00+00:00,WH-North,1394,0.9178,0.986,0,69.47,0
2023-05-18 00:00:00+00:00,WH-North,1289,0.8925,0.9466,1,58.41,36
2023-05-19 00:00:00+00:00,WH-North,1262,0.9485,0.9638,0,49.62,0
2023-05-20 00:00:00+00:00,WH-North,1395,0.9509,0.9434,2,59.86,98
2023-05-21 00:00:00+00:00,WH-North,1396,0.9479,0.974,1,50.37,73
2023-05-22 00:00:00+00:00,WH-North,1397,0.8908,0.9451,0,65.56,0
2023-05-23 00:00:00+00:00,WH-North,1658,0.9533,0.9707,0,59.91,0
2023-05-24 00:00:00+00:00,WH-North,1626,0.893,0.9456,2,65.73,58
2023-05-25 00:00:00+00:00,WH-North,1169,0.9202,0.9759,0,54.33,0
2023-05-26 00:00:00+00:00,WH-North,1457,0.9143,0.9575,0,73.94,0
2023-05-27 00:00:00+00:00,WH-North,1395,0.968,0.9629,0,57.53,0
2023-05-28 00:00:00+00:00,WH-North,1656,0.9375,0.9716,0,64.9,0
2023-05-29 00:00:00+00:00,WH-North,1295,0.9376,0.9614,0,55.16,0
2023-05-30 00:00:00+00:00,WH-North,1486,0.9637,0.9684,0,65.97,0
2023-05-31 00:00:00+00:00,WH-North,1362,0.9327,0.9777,0,75.24,0
2023-06-01 00:00:00+00:00,WH-North,1237,0.9695,0.9656,0,56.1,0
2023-06-02 00:00:00+00:00,WH-North,1249,0.9269,0.9775,0,56.51,0
2023-06-03 00:00:00+00:00,WH-North,1586,0.9581,0.9845,1,70.37,60
2023-06-04 00:00:00+00:00,WH-North,1255,0.9242,0.964,0,68.77,0
2023-06-05 00:00:00+00:00,WH-North,1502,0.9219,0.9493,0,60.9,0
2023-06-06 00:00:00+00:00,WH-North,1275,0.9293,0.9601,0,64.61,0
2023-06-07 00:00:00+00:00,WH-North,1047,0.9175,0.9438,1,45.2,80
2023-06-08 00:00:00+00:00,WH-North,1470,0.9328,0.9693,1,64.34,21
2023-06-09 00:00:00+00:00,WH-North,1442,0.8582,0.9725,2,59.44,50
2023-06-10 00:00:00+00:00,WH-North,1576,0.9598,0.9452,0,63.92,0
2023-06-11 00:00:00+00:00,WH-North,1476,0.9578,0.955,0,52.88,0
2023-06-12 00:00:00+00:00,WH-North,1781,0.9342,0.9534,1,82.76,26
2023-06-13 00:00:00+00:00,WH-North,1903,0.9714,0.9562,0,91.93,0
2023-06-14 00:00:00+00:00,WH-North,1220,0.9452,0.9609,0,53.13,0
2023-06-15 00:00:00+00:00,WH-North,1484,0.9424,0.999,0,55.36,0
2023-06-16 00:00:00+00:00,WH-North,1346,0.995,0.9804,1,59.54,47
2023-06-17 00:00:00+00:00,WH-North,1412,0.9374,0.9476,2,68.58,134
2023-06-18 00:00:00+00:00,WH-North,1185,0.9641,0.973,0,52.61,0
2023-06-19 00:00:00+00:00,WH-North,1276,0.8943,0.972,1,52.6,89
2023-06-20 00:00:00+00:00,WH-North,1020,0.9324,0.968,0,53.25,0
2023-06-21 00:00:00+00:00,WH-North,1530,0.9753,0.9589,0,56.75,0
2023-06-22 00:00:00+00:00,WH-North,1397,0.9252,0.9661,0,59.1,0
2023-06-23 00:00:00+00:00,WH-North,1256,0.9117,0.9622,0,44.91,0
2023-06-24 00:00:00+00:00,WH-North,1586,0.9564,0.965,0,60.16,0
2023-06-25 00:00:00+00:00,WH-North,1296,0.9009,0.9696,0,64.68,0
2023-06-26 00:00:00+00:00,WH-North,1717,0.9194,0.9562,1,72.83,80
2023-06-27 00:00:00+00:00,WH-North,1378,0.9135,0.9862,0,67.13,0
2023-06-28 00:00:00+00:00,WH-North,1593,0.8898,0.9819,0,67.29,0
2023-06-29 00:00:00+00:00,WH-North,1395,0.9843,0.9881,0,66.48,0
2023-06-30 00:00:00+00:00,WH-North,1392,0.9682,0.9981,0,66.91,0
2023-07-01 00:00:00+00:00,WH-North,1123,0.995,0.945,0,60.24,0
2023-07-02 00:00:00+00:00,WH-North,1754,0.9426,0.9761,0,88.04,0
2023-07-03 00:00:00+00:00,WH-North,1291,0.9707,0.9416,0,56.03,0
2023-07-04 00:00:00+00:00,WH-North,1728,0.9303,0.9631,0,91.43,0
2023-07-05 00:00:00+00:00,WH-North,1383,0.9769,0.9821,0,60.15,0
2023-07-06 00:00:00+00:00,WH-North,1370,0.9362,0.9873,0,65.38,0
2023-07-07 00:00:00+00:00,WH-North,1641,0.9174,0.999,0,90.41,0
2023-07-08 00:00:00+00:00,WH-North,1292,0.939,0.967,0,64.71,0
2023-07-09 00:00:00+00:00,WH-North,1527,0.907,0.9662,0,57.8,0
2023-07-10 00:00:00+00:00,WH-North,1753,0.9917,0.9514,0,65.95,0
2023-07-11 00:00:00+00:00,WH-North,1488,0.9543,0.9461,1,58.14,28
2023-07-12 00:00:00+00:00,WH-North,1361,0.995,0.9737,0,52.61,0
2023-07-13 00:00:00+00:00,WH-North,1319,0.9521,0.9801,0,68.59,0
2023-07-14 00:00:00+00:00,WH-North,1620,0.9113,0.9602,0,66.22,0
2023-07-15 00:00:00+00:00,WH-North,1593,0.8925,0.9647,0,84.29,0
2023-07-16 00:00:00+00:00,WH-North,1210,0.9701,0.9602,0,61.5,0
2023-07-17 00:00:00+00:00,WH-North,931,0.995,0.9616,0,49.21,0
2023-07-18 00:00:00+00:00,WH-North,1441,0.9662,0.9618,0,73.03,0
2023-07-19 00:00:00+00:00,WH-North,1197,0.9739,0.9964,0,57.37,0
2023-07-20 00:00:00+00:00,WH-North,1529,0.9342,0.9445,2,64.31,44
2023-07-21 00:00:00+00:00,WH-North,1576,0.927,0.9815,0,60.08,0
2023-07-22 00:00:00+00:00,WH-North,1415,0.962,0.9659,0,59.3,0
2023-07-23 00:00:00+00:00,WH-North,1536,0.9824,0.9547,1,59.13,84
2023-07-24 00:00:00+00:00,WH-North,1687,0.9517,0.9738,1,65.02,68
2023-07-25 00:00:00+00:00,WH-North,1373,0.8077,0.9762,1,50.56,32
2023-07-26 00:00:00+00:00,WH-North,1289,0.9612,0.9796,0,56.24,0
2023-07-27 00:00:00+00:00,WH-North,1801,0.9044,0.9551,1,80.66,18
2023-07-28 00:00:00+00:00,WH-North,1599,0.8963,0.9532,1,63.74,25
2023-07-29 00:00:00+00:00,WH-North,1226,0.9047,0.9812,0,61.49,0
2023-07-30 00:00:00+00:00,WH-North,1422,0.9403,0.9599,0,53.23,0
2023-07-31 00:00:00+00:00,WH-North,1627,0.9225,0.9745,0,59.98,0
2023-08-01 00:00:00+00:00,WH-North,1425,0.8686,0.9884,0,73.77,0
2023-08-02 00:00:00+00:00,WH-North,1273,0.9073,0.971,1,64.04,59
2023-08-03 00:00:00+00:00,WH-North,1257,0.9316,0.9435,1,56.2,31
2023-08-04 00:00:00+00:00,WH-North,1831,0.8568,0.9454,1,73.12,79
2023-08-05 00:00:00+00:00,WH-North,1029,0.8863,0.9499,0,53.09,0
2023-08-06 00:00:00+00:00,WH-North,1426,0.9648,0.9875,0,62.56,0
2023-08-07 00:00:00+00:00,WH-North,1547,0.8807,0.9675,2,61.76,126
2023-08-08 00:00:00+00:00,WH-North,1381,0.9002,0.9723,0,50.53,0
2023-08-09 00:00:00+00:00,WH-North,1174,0.893,0.977,1,54.63,85
2023-08-10 00:00:00+00:00,WH-North,1225,0.9184,0.9659,0,58.13,0
2023-08-11 00:00:00+00:00,WH-North,1425,0.9364,0.9546,0,52.05,0
2023-08-12 00:00:00+00:00,WH-North,1482,0.8871,0.9549,2,61.3,166
2023-08-13 00:00:00+00:00,WH-North,1628,0.9718,0.9592,0,59.98,0
2023-08-14 00:00:00+00:00,WH-North,1147,0.8735,0.9576,1,44.51,41
2023-08-15 00:00:00+00:00,WH-North,1411,0.9536,0.9877,0,50.69,0
2023-08-16 00:00:00+00:00,WH-North,1746,0.9071,0.9773,0,69.83,0
2023-08-17 00:00:00+00:00,WH-North,1060,0.9375,0.9619,0,48.25,0
2023-08-18 00:00:00+00:00,WH-North,1192,0.9786,0.9559,0,48.85,0
2023-08-19 00:00:00+00:00,WH-North,1377,0.8817,0.969,0,52.9,0
2023-08-20 00:00:00+00:00,WH-North,1199,0.9785,0.9747,0,45.34,0
2023-08-21 00:00:00+00:00,WH-North,1473,0.9341,0.9532,0,76.75,0
2023-08-22 00:00:00+00:00,WH-North,1064,0.9488,0.9339,1,44.96,36
2023-08-23 00:00:00+00:00,WH-North,1440,0.8791,0.952,0,75.16,0
2023-08-24 00:00:00+00:00,WH-North,1359,0.8941,0.9666,0,69.36,0
2023-08-25 00:00:00+00:00,WH-North,1425,0.9391,0.9552,1,73.13,48
2023-08-26 00:00:00+00:00,WH-North,1672,0.9373,0.9597,0,91.08,0
2023-08-27 00:00:00+00:00,WH-North,1400,0.9526,0.9567,1,63.75,32
2023-08-28 00:00:00+00:00,WH-North,1113,0.9295,0.9726,0,46.6,0
2023-08-29 00:00:00+00:00,WH-North,1646,0.8903,0.9548,1,63.3,40
2023-08-30 00:00:00+00:00,WH-North,1447,0.9222,0.9344,1,73.47,65
2023-08-31 00:00:00+00:00,WH-North,1343,0.9648,0.9791,0,58.57,0
2023-09-01 00:00:00+00:00,WH-North,1456,0.927,0.9623,0,70.21,0
2023-09-02 00:00:00+00:00,WH-North,1536,0.8627,0.964,1,70.46,56
2023-09-03 00:00:00+00:00,WH-North,1187,0.9779,0.9755,0,44.04,0
2023-09-04 00:00:00+00:00,WH-North,1318,0.9221,0.9811,0,60.67,0
2023-09-05 00:00:00+00:00,WH-North,1581,0.9373,0.9633,0,65.92,0
2023-09-06 00:00:00+00:00,WH-North,1713,0.9131,0.9739,1,79.03,68
2023-09-07 00:00:00+00:00,WH-North,933,0.9611,0.9573,0,40.57,0
2023-09-08 00:00:00+00:00,WH-North,1303,0.9526,0.9335,1,49.8,22
2023-09-09 00:00:00+00:00,WH-North,1181,0.9363,0.99,0,58.09,0
2023-09-10 00:00:00+00:00,WH-North,1491,0.995,0.9628,0,73.79,0
2023-09-11 00:00:00+00:00,WH-North,1380,0.8652,0.9623,0,51.77,0
2023-09-12 00:00:00+00:00,WH-North,1276,0.9366,0.9632,0,62.63,0
2023-09-13 00:00:00+00:00,WH-North,1206,0.9401,0.961,0,49.52,0
2023-09-14 00:00:00+00:00,WH-North,1267,0.9299,0.9876,1,64.34,79
2023-09-15 00:00:00+00:00,WH-North,1390,0.8714,0.9467,3,55.41,264
2023-09-16 00:00:00+00:00,WH-North,1568,0.9196,0.984,0,62.62,0
2023-09-17 00:00:00+00:00,WH-North,1591,0.9544,0.974,1,66.27,27
2023-09-18 00:00:00+00:00,WH-North,1756,0.9561,0.9745,0,70.3,0
2023-09-19 00:00:00+00:00,WH-North,1511,0.8742,0.9939,1,61.49,48
2023-09-20 00:00:00+00:00,WH-North,1420,0.9467,0.9729,1,65.22,55
2023-09-21 00:00:00+00:00,WH-North,1270,0.9522,0.9674,0,64.23,0
2023-09-22 00:00:00+00:00,WH-North,1363,0.8913,0.946,0,65.45,0
2023-09-23 00:00:00+00:00,WH-North,1606,0.9775,0.9494,0,68.79,0
2023-09-24 00:00:00+00:00,WH-North,1317,0.9095,0.9353,1,48.95,57
2023-09-25 00:00:00+00:00,WH-North,1419,0.8732,0.9362,1,58.17,20
2023-09-26 00:00:00+00:00,WH-North,1545,0.925,0.9621,1,67.63,66
2023-09-27 00:00:00+00:00,WH-North,1422,0.995,0.9417,0,65.0,0
2023-09-28 00:00:00+00:00,WH-North,1633,0.9251,0.9581,1,74.78,85
2023-09-29 00:00:00+00:00,WH-North,1308,0.9594,0.9744,0,63.38,0
2023-09-30 00:00:00+00:00,WH-North,1457,0.9171,0.9613,0,68.27,0
2023-10-01 00:00:00+00:00,WH-North,1201,0.9078,0.9522,0,62.61,0
2023-10-02 00:00:00+00:00,WH-North,1693,0.9282,0.9853,0,67.5,0
2023-10-03 00:00:00+00:00,WH-North,1322,0.8929,0.9479,1,62.39,18
2023-10-04 00:00:00+00:00,WH-North,1520,0.9819,0.9498,0,55.82,0
2023-10-05 00:00:00+00:00,WH-North,1337,0.9426,0.9878,0,73.57,0
2023-10-06 00:00:00+00:00,WH-North,1283,0.9439,0.9423,0,58.77,0
2023-10-07 00:00:00+00:00,WH-North,1176,0.9277,0.9964,0,48.84,0
2023-10-08 00:00:00+00:00,WH-North,1466,0.9203,0.9828,0,73.44,0
2023-10-09 00:00:00+00:00,WH-North,1131,0.9218,0.999,0,50.17,0
2023-10-10 00:00:00+00:00,WH-North,1425,0.9214,0.9663,0,59.28,0
2023-10-11 00:00:00+00:00,WH-North,1715,0.9644,0.9553,0,80.57,0
2023-10-12 00:00:00+00:00,WH-North,1515,0.9134,0.9459,0,64.19,0
2023-10-13 00:00:00+00:00,WH-North,1281,0.9631,0.9658,0,55.79,0
2023-10-14 00:00:00+00:00,WH-North,1777,0.9663,0.9629,0,92.43,0
2023-10-15 00:00:00+00:00,WH-North,1632,0.9598,0.9664,0,58.78,0
2023-10-16 00:00:00+00:00,WH-North,1280,0.9065,0.9598,0,55.54,0
2023-10-17 00:00:00+00:00,WH-North,1360,0.9119,0.9813,0,54.06,0
2023-10-18 00:00:00+00:00,WH-North,1199,0.9645,0.9587,0,57.29,0
2023-10-19 00:00:00+00:00,WH-North,1432,0.9591,0.9556,0,54.98,0
2023-10-20 00:00:00+00:00,WH-North,1429,0.9466,0.9721,0,51.73,0
2023-10-21 00:00:00+00:00,WH-North,1367,0.8731,0.9448,2,57.07,102
2023-10-22 00:00:00+00:00,WH-North,1657,0.9469,0.9939,0,87.1,0
2023-10-23 00:00:00+00:00,WH-North,1217,0.9569,0.9664,0,61.69,0
2023-10-24 00:00:00+00:00,WH-North,1653,0.9783,0.9622,0,77.57,0
2023-10-25 00:00:00+00:00,WH-North,1546,0.901,0.9599,0,68.15,0
2023-10-26 00:00:00+00:00,WH-North,1599,0.9556,0.9802,0,70.47,0
2023-10-27 00:00:00+00:00,WH-North,1480,0.9348,0.9447,2,58.94,32
2023-10-28 00:00:00+00:00,WH-North,1489,0.9798,0.9553,0,80.51,0
2023-10-29 00:00:00+00:00,WH-North,1524,0.9893,0.9773,0,69.09,0
2023-10-30 00:00:00+00:00,WH-North,1606,0.9507,0.9552,1,76.47,58
2023-10-31 00:00:00+00:00,WH-North,1505,0.9531,0.9866,0,60.7,0
2023-11-01 00:00:00+00:00,WH-North,1472,0.8822,0.9842,0,60.51,0
2023-11-02 00:00:00+00:00,WH-North,1199,0.8668,0.941,1,63.6,60
2023-11-03 00:00:00+00:00,WH-North,1340,0.9553,0.9526,1,52.97,49
2023-11-04 00:00:00+00:00,WH-North,1414,0.9691,0.9655,0,70.34,0
2023-11-05 00:00:00+00:00,WH-North,1673,0.8967,0.9446,1,75.13,21
2023-11-06 00:00:00+00:00,WH-North,1145,0.9642,0.9619,0,49.56,0
2023-11-07 00:00:00+00:00,WH-North,1549,0.9023,0.9388,1,62.78,39
2023-11-08 00:00:00+00:00,WH-North,1355,0.9157,0.9413,1,75.03,87
2023-11-09 00:00:00+00:00,WH-North,1357,0.9215,0.9613,1,68.67,75
2023-11-10 00:00:00+00:00,WH-North,1613,0.9193,0.9616,0,60.15,0
2023-11-11 00:00:00+00:00,WH-North,1308,0.975,0.9702,0,55.18,0
2023-11-12 00:00:00+00:00,WH-North,1364,0.9236,0.9787,0,50.72,0
2023-11-13 00:00:00+00:00,WH-North,1611,0.9082,0.9889,0,75.6,0
2023-11-14 00:00:00+00:00,WH-North,1785,0.9466,0.9668,0,86.49,0
2023-11-15 00:00:00+00:00,WH-North,1456,0.9293,0.9836,0,69.15,0
2023-11-16 00:00:00+00:00,WH-North,1559,0.887,0.9852,0,82.08,0
2023-11-17 00:00:00+00:00,WH-North,1461,0.9411,0.9923,0,52.22,0
2023-11-18 00:00:00+00:00,WH-North,1193,0.8861,0.9695,1,60.43,12
2023-11-19 00:00:00+00:00,WH-North,1447,0.9099,0.9779,0,63.74,0
2023-11-20 00:00:00+00:00,WH-North,1620,0.8959,0.9924,0,69.03,0
2023-11-21 00:00:00+00:00,WH-North,1346,0.9741,0.9878,0,48.88,0
2023-11-22 00:00:00+00:00,WH-North,1398,0.9254,0.9814,0,51.76,0
2023-11-23 00:00:00+00:00,WH-North,1559,0.9383,0.9674,0,79.34,0
2023-11-24 00:00:00+00:00,WH-North,1558,0.9074,0.9838,2,63.08,164
2023-11-25 00:00:00+00:00,WH-North,1497,0.893,0.949,1,57.33,52
2023-11-26 00:00:00+00:00,WH-North,1205,0.8864,0.953,1,55.87,59
2023-11-27 00:00:00+00:00,WH-North,1218,0.8795,0.9305,2,44.36,168
2023-11-28 00:00:00+00:00,WH-North,1615,0.9255,0.9751,1,63.67,21
2023-11-29 00:00:00+00:00,WH-North,1197,0.8594,0.9578,2,61.3,40
2023-11-30 00:00:00+00:00,WH-North,1473,0.923,0.9485,1,75.91,32
2023-12-01 00:00:00+00:00,WH-North,1576,0.9631,0.9514,0,67.42,0
2023-12-02 00:00:00+00:00,WH-North,1347,0.9722,0.9679,0,52.12,0
2023-12-03 00:00:00+00:00,WH-North,1766,0.9612,0.9722,0,68.54,0
2023-12-04 00:00:00+00:00,WH-North,1506,0.924,0.9604,0,76.47,0
2023-12-05 00:00:00+00:00,WH-North,1637,0.9593,0.996,0,85.71,0
2023-12-06 00:00:00+00:00,WH-North,1545,0.9262,0.9369,0,81.25,0
2023-12-07 00:00:00+00:00,WH-North,1415,0.9183,0.9861,0,70.52,0
2023-12-08 00:00:00+00:00,WH-North,1372,0.9171,0.9501,1,70.11,48
2023-12-09 00:00:00+00:00,WH-North,1637,0.9557,0.9925,0,62.82,0
2023-12-10 00:00:00+00:00,WH-North,1450,0.9815,0.9455,0,65.41,0
2023-12-11 00:00:00+00:00,WH-North,1454,0.9408,0.9674,0,74.65,0
2023-12-12 00:00:00+00:00,WH-North,1109,0.9418,0.999,0,57.2,0
2023-12-13 00:00:00+00:00,WH-North,1461,0.9152,0.9308,1,54.78,80
2023-12-14 00:00:00+00:00,WH-North,1593,0.995,0.9637,0,63.56,0
2023-12-15 00:00:00+00:00,WH-North,1373,0.9502,0.965,0,61.78,0
2023-12-16 00:00:00+00:00,WH-North,1639,0.9054,0.9704,0,71.56,0
2023-12-17 00:00:00+00:00,WH-North,1242,0.8878,0.9617,1,51.56,44
2023-12-18 00:00:00+00:00,WH-North,1520,0.9093,0.9746,1,69.44,71
2023-12-19 00:00:00+00:00,WH-North,1294,0.932,0.9575,0,50.63,0
2023-12-20 00:00:00+00:00,WH-North,1474,0.9559,0.9856,0,53.09,0
2023-12-21 00:00:00+00:00,WH-North,1261,0.922,0.988,1,48.4,61
2023-12-22 00:00:00+00:00,WH-North,1559,0.9553,0.9708,0,58.43,0
2023-12-23 00:00:00+00:00,WH-North,1572,0.9745,0.9523,0,58.52,0
2023-12-24 00:00:00+00:00,WH-North,1558,0.9411,0.9534,0,58.34,0
2023-12-25 00:00:00+00:00,WH-North,1177,0.9791,0.989,0,53.34,0
2023-12-26 00:00:00+00:00,WH-North,1395,0.994,0.9692,1,52.43,16
2023-12-27 00:00:00+00:00,WH-North,1451,0.931,0.979,0,64.55,0
2023-12-28 00:00:00+00:00,WH-North,1046,0.9127,0.965,0,37.71,0
2023-12-29 00:00:00+00:00,WH-North,1170,0.9406,0.965,0,48.05,0
2023-12-30 00:00:00+00:00,WH-North,1498,0.9787,0.9633,1,80.24,27
2023-12-31 00:00:00+00:00,WH-North,1176,0.9235,0.9755,0,47.95,0
2024-01-01 00:00:00+00:00,WH-North,1328,0.9824,0.9743,0,63.97,0
2024-01-02 00:00:00+00:00,WH-North,1312,0.9343,0.9901,0,69.2,0
2024-01-03 00:00:00+00:00,WH-North,1434,0.9442,0.9729,0,63.05,0
2024-01-04 00:00:00+00:00,WH-North,1219,0.9246,0.9708,1,65.27,86
2024-01-05 00:00:00+00:00,WH-North,1523,0.9575,0.9794,0,61.77,0
2024-01-06 00:00:00+00:00,WH-North,1199,0.8736,0.9722,1,63.84,58
2024-01-07 00:00:00+00:00,WH-North,1264,0.8968,0.9676,0,60.32,0
2024-01-08 00:00:00+00:00,WH-North,1418,0.9166,0.9572,1,51.08,21
2024-01-09 00:00:00+00:00,WH-North,1251,0.9388,0.9852,0,62.67,0
2024-01-10 00:00:00+00:00,WH-North,1297,0.9429,0.9838,0,50.36,0
2024-01-11 00:00:00+00:00,WH-North,1801,0.9017,0.976,0,93.18,0
2024-01-12 00:00:00+00:00,WH-North,1931,0.9346,0.9473,0,72.83,0
2024-01-13 00:00:00+00:00,WH-North,919,0.933,0.9582,0,38.62,0
2024-01-14 00:00:00+00:00,WH-North,1634,0.945,0.954,0,70.13,0
2024-01-15 00:00:00+00:00,WH-North,1222,0.8681,0.958,2,43.87,140
2024-01-16 00:00:00+00:00,WH-North,1788,0.909,0.9333,2,97.06,44
2024-01-17 00:00:00+00:00,WH-North,1442,0.9587,0.9662,0,54.71,0
2024-01-18 00:00:00+00:00,WH-North,1398,0.916,0.9606,0,51.87,0
2024-01-19 00:00:00+00:00,WH-North,1574,0.9071,0.9646,0,74.43,0
2024-01-20 00:00:00+00:00,WH-North,1690,0.995,0.9874,0,74.89,0
2024-01-21 00:00:00+00:00,WH-North,1658,0.9576,0.9804,0,68.7,0
2024-01-22 00:00:00+00:00,WH-North,1552,0.9437,0.9613,0,78.74,0
2024-01-23 00:00:00+00:00,WH-North,1334,0.9333,0.964,1,52.7,55
2024-01-24 00:00:00+00:00,WH-North,1437,0.907,0.961,0,58.87,0
2024-01-25 00:00:00+00:00,WH-North,1195,0.951,0.9698,1,45.49,23
2024-01-26 00:00:00+00:00,WH-North,1597,0.9326,0.937,0,87.52,0
2024-01-27 00:00:00+00:00,WH-North,1632,0.9915,0.945,0,62.51,0
2024-01-28 00:00:00+00:00,WH-North,1285,0.9677,0.9919,0,69.78,0
2024-01-29 00:00:00+00:00,WH-North,1149,0.9168,0.9841,0,46.93,0
2024-01-30 00:00:00+00:00,WH-North,1339,0.9527,0.925,1,55.5,12
2024-01-31 00:00:00+00:00,WH-North,1175,0.9229,0.9534,1,50.32,84
2024-02-01 00:00:00+00:00,WH-North,1313,0.9565,0.9924,0,48.59,0
2024-02-02 00:00:00+00:00,WH-North,1619,0.8856,0.9421,0,60.68,0
2024-02-03 00:00:00+00:00,WH-North,1268,0.9698,0.9549,0,52.02,0
2024-02-04 00:00:00+00:00,WH-North,1236,0.995,0.9898,0,68.57,0
2024-02-05 00:00:00+00:00,WH-North,1477,0.9174,0.9777,0,57.88,0
2024-02-06 00:00:00+00:00,WH-North,1436,0.9467,0.9767,0,69.33,0
2024-02-07 00:00:00+00:00,WH-North,1328,0.9635,0.9501,0,60.74,0
2024-02-08 00:00:00+00:00,WH-North,1339,0.9224,0.949,1,63.36,21
2024-02-09 00:00:00+00:00,WH-North,1114,0.9084,0.9404,1,43.64,35
2024-02-10 00:00:00+00:00,WH-North,1482,0.9402,0.9866,0,57.08,0
2024-02-11 00:00:00+00:00,WH-North,1396,0.9328,0.9589,0,70.76,0
2024-02-12 00:00:00+00:00,WH-North,1435,0.8337,0.9635,1,61.91,56
2024-02-13 00:00:00+00:00,WH-North,1337,0.9337,0.9738,0,49.95,0
2024-02-14 00:00:00+00:00,WH-North,1500,0.932,0.9669,0,60.79,0
2024-02-15 00:00:00+00:00,WH-North,1668,0.9678,0.9885,0,81.84,0
2024-02-16 00:00:00+00:00,WH-North,1262,0.886,0.967,1,54.19,67
2024-02-17 00:00:00+00:00,WH-North,1370,0.9408,0.9662,0,72.24,0
2024-02-18 00:00:00+00:00,WH-North,1317,0.9733,0.9374,0,59.97,0
2024-02-19 00:00:00+00:00,WH-North,1204,0.9378,0.9595,0,66.88,0
2024-02-20 00:00:00+00:00,WH-North,1607,0.9283,0.999,0,65.2,0
2024-02-21 00:00:00+00:00,WH-North,1349,0.9758,0.999,0,65.94,0
2024-02-22 00:00:00+00:00,WH-North,1330,0.9845,0.9608,0,71.95,0
2024-02-23 00:00:00+00:00,WH-North,1143,0.9181,0.9568,0,41.9,0
2024-02-24 00:00:00+00:00,WH-North,1737,0.99,0.9766,0,84.39,0
2024-02-25 00:00:00+00:00,WH-North,1723,0.9348,0.9657,1,94.39,15
2024-02-26 00:00:00+00:00,WH-North,1414,0.9211,0.9766,0,57.7,0
2024-02-27 00:00:00+00:00,WH-North,1119,0.9453,0.9805,0,48.32,0
2024-02-28 00:00:00+00:00,WH-North,1528,0.91,0.9929,0,61.18,0
2024-02-29 00:00:00+00:00,WH-North,1512,0.9335,0.98,0,66.31,0
2024-03-01 00:00:00+00:00,WH-North,1675,0.8987,0.9462,0,72.69,0
2024-03-02 00:00:00+00:00,WH-North,1490,0.9605,0.9817,0,76.83,0
2024-03-03 00:00:00+00:00,WH-North,1363,0.9308,0.9657,1,57.45,45
2024-03-04 00:00:00+00:00,WH-North,1498,0.9202,0.9752,0,68.54,0
2024-03-05 00:00:00+00:00,WH-North,1149,0.995,0.9546,0,42.09,0
2024-03-06 00:00:00+00:00,WH-North,1203,0.9283,0.9755,0,43.6,0
2024-03-07 00:00:00+00:00,WH-North,1303,0.9435,0.969,0,63.06,0
2024-03-08 00:00:00+00:00,WH-North,1482,0.9801,0.9514,0,69.91,0
2024-03-09 00:00:00+00:00,WH-North,1180,0.9076,0.9608,1,52.79,75
2024-03-10 00:00:00+00:00,WH-North,1506,0.9614,0.9755,0,70.19,0
2024-03-11 00:00:00+00:00,WH-North,1416,0.9048,0.9699,0,63.46,0
2024-03-12 00:00:00+00:00,WH-North,1399,0.894,0.9793,0,64.24,0
2024-03-13 00:00:00+00:00,WH-North,1721,0.9588,0.9807,0,64.74,0
2024-03-14 00:00:00+00:00,WH-North,1220,0.9738,0.976,0,48.37,0
2024-03-15 00:00:00+00:00,WH-North,1456,0.9801,0.9988,0,52.25,0
2024-03-16 00:00:00+00:00,WH-North,1609,0.9251,0.97,0,61.37,0
2024-03-17 00:00:00+00:00,WH-North,1785,0.9611,0.974,0,81.31,0
2024-03-18 00:00:00+00:00,WH-North,1258,0.9304,0.9562,0,62.05,0
2024-03-19 00:00:00+00:00,WH-North,1234,0.9357,0.9803,0,54.54,0
2024-03-20 00:00:00+00:00,WH-North,1432,0.9461,0.9368,1,61.73,57
2024-03-21 00:00:00+00:00,WH-North,1640,0.9573,0.9736,0,66.08,0
2024-03-22 00:00:00+00:00,WH-North,1473,0.904,0.9505,1,77.54,68
2024-03-23 00:00:00+00:00,WH-North,1389,0.9616,0.9726,0,67.4,0
2024-03-24 00:00:00+00:00,WH-North,1397,0.9015,0.9954,1,64.53,42
2024-03-25 00:00:00+00:00,WH-North,1643,0.9383,0.9595,0,76.1,0
2024-03-26 00:00:00+00:00,WH-North,1459,0.9192,0.9737,1,64.03,20
2024-03-27 00:00:00+00:00,WH-North,1489,0.903,0.9618,1,60.4,36
2024-03-28 00:00:00+00:00,WH-North,1144,0.887,0.9833,1,58.91,68
2024-03-29 00:00:00+00:00,WH-North,1114,0.9696,0.9533,0,46.8,0
2024-03-30 00:00:00+00:00,WH-North,1504,0.9215,0.9457,0,83.55,0
2024-03-31 00:00:00+00:00,WH-North,1541,0.9588,0.9277,2,66.38,172
2024-04-01 00:00:00+00:00,WH-North,1446,0.9033,0.9402,2,63.62,106
2024-04-02 00:00:00+00:00,WH-North,1226,0.9358,0.9744,0,47.44,0
2024-04-03 00:00:00+00:00,WH-North,1604,0.9145,0.9539,0,65.75,0
2024-04-04 00:00:00+00:00,WH-North,1362,0.9008,0.9617,1,75.57,32
2024-04-05 00:00:00+00:00,WH-North,1343,0.9293,0.9506,1,52.56,43
2024-04-06 00:00:00+00:00,WH-North,1508,0.9671,0.9834,0,57.29,0
2024-04-07 00:00:00+00:00,WH-North,1709,0.9588,0.9729,0,82.98,0
2024-04-08 00:00:00+00:00,WH-North,1215,0.8995,0.9855,0,48.81,0
2024-04-09 00:00:00+00:00,WH-North,1430,0.8667,0.9534,2,62.8,96
2024-04-10 00:00:00+00:00,WH-North,1078,0.9818,0.9705,0,39.11,0
2024-04-11 00:00:00+00:00,WH-North,1384,0.994,0.9624,0,65.95,0
2024-04-12 00:00:00+00:00,WH-North,1437,0.9296,0.9534,0,61.24,0
2024-04-13 00:00:00+00:00,WH-North,1335,0.9231,0.9571,1,70.74,77
2024-04-14 00:00:00+00:00,WH-North,946,0.9533,0.9772,0,44.06,0
2024-04-15 00:00:00+00:00,WH-North,1482,0.9667,0.9909,0,63.41,0
2024-04-16 00:00:00+00:00,WH-North,1526,0.8848,0.9113,2,58.32,118
2024-04-17 00:00:00+00:00,WH-North,1036,0.9361,0.9716,1,41.77,37
2024-04-18 00:00:00+00:00,WH-North,1531,0.917,0.948,0,54.92,0
2024-04-19 00:00:00+00:00,WH-North,1279,0.9491,0.9762,0,70.67,0
2024-04-20 00:00:00+00:00,WH-North,1564,0.9019,0.9694,0,79.79,0
2024-04-21 00:00:00+00:00,WH-North,1576,0.9295,0.9807,0,64.2,0
2024-04-22 00:00:00+00:00,WH-North,1289,0.9031,0.9702,2,70.92,112
2024-04-23 00:00:00+00:00,WH-North,1473,0.9749,0.9878,0,52.79,0
2024-04-24 00:00:00+00:00,WH-North,1479,0.9557,0.975,0,77.49,0
2024-04-25 00:00:00+00:00,WH-North,1264,0.9598,0.9802,0,47.63,0
2024-04-26 00:00:00+00:00,WH-North,1567,0.9134,0.9562,1,72.64,25
2024-04-27 00:00:00+00:00,WH-North,1636,0.8955,0.9734,1,78.52,74
2024-04-28 00:00:00+00:00,WH-North,1391,0.9171,0.9467,1,58.05,87
2024-04-29 00:00:00+00:00,WH-North,1191,0.9419,0.9775,0,65.04,0
2024-04-30 00:00:00+00:00,WH-North,1915,0.9627,0.9728,0,100.31,0
2024-05-01 00:00:00+00:00,WH-North,1315,0.9503,0.9688,0,67.21,0
2024-05-02 00:00:00+00:00,WH-North,1218,0.9706,0.9685,0,48.05,0
2024-05-03 00:00:00+00:00,WH-North,1108,0.9415,0.9443,0,53.89,0
2024-05-04 00:00:00+00:00,WH-North,1313,0.9191,0.9608,1,55.21,70
2024-05-05 00:00:00+00:00,WH-North,1589,0.9173,0.9665,1,67.6,29
2024-05-06 00:00:00+00:00,WH-North,1550,0.9232,0.999,0,65.91,0
2024-05-07 00:00:00+00:00,WH-North,1711,0.9247,0.9873,0,63.48,0
2024-05-08 00:00:00+00:00,WH-North,1413,0.8961,0.9628,2,57.66,142
2024-05-09 00:00:00+00:00,WH-North,1462,0.9238,0.94,1,65.33,42
2024-05-10 00:00:00+00:00,WH-North,1051,0.8969,0.9867,1,39.19,54
2024-05-11 00:00:00+00:00,WH-North,1399,0.995,0.9979,0,75.65,0
2024-05-12 00:00:00+00:00,WH-North,1269,0.995,0.9449,1,63.58,72
2024-05-13 00:00:00+00:00,WH-North,1614,0.9284,0.9619,1,62.14,58
2024-05-14 00:00:00+00:00,WH-North,1632,0.9158,0.9692,0,83.12,0
2024-05-15 00:00:00+00:00,WH-North,1329,0.995,0.978,0,50.77,0
2024-05-16 00:00:00+00:00,WH-North,1061,0.9561,0.9601,0,43.34,0
2024-05-17 00:00:00+00:00,WH-North,1473,0.9214,0.9561,1,63.4,55
2024-05-18 00:00:00+00:00,WH-North,1235,0.9783,0.9518,0,52.96,0
2024-05-19 00:00:00+00:00,WH-North,1526,0.8844,0.9414,1,84.59,43
2024-05-20 00:00:00+00:00,WH-North,1523,0.905,0.9666,0,62.02,0
2024-05-21 00:00:00+00:00,WH-North,1456,0.9349,0.992,0,68.19,0
2024-05-22 00:00:00+00:00,WH-North,1550,0.9137,0.9544,1,64.07,79
2024-05-23 00:00:00+00:00,WH-North,1435,0.951,0.9729,0,58.83,0
2024-05-24 00:00:00+00:00,WH-North,1621,0.9754,0.998,0,65.51,0
2024-05-25 00:00:00+00:00,WH-North,1492,0.883,0.934,1,53.53,85
2024-05-26 00:00:00+00:00,WH-North,1219,0.9823,0.9692,0,45.27,0
2024-05-27 00:00:00+00:00,WH-North,1782,0.8853,0.9791,0,68.59,0
2024-05-28 00:00:00+00:00,WH-North,1532,0.9312,0.9944,0,61.44,0
2024-05-29 00:00:00+00:00,WH-North,1303,0.9042,0.9609,1,50.58,15
2024-05-30 00:00:00+00:00,WH-North,1610,0.9412,0.9932,0,78.07,0
2024-05-31 00:00:00+00:00,WH-North,1212,0.937,0.9643,1,49.1,13
2024-06-01 00:00:00+00:00,WH-North,1796,0.9061,0.9577,1,86.22,52
2024-06-02 00:00:00+00:00,WH-North,1422,0.9507,0.973,0,50.82,0
2024-06-03 00:00:00+00:00,WH-North,1011,0.9211,0.9989,0,37.11,0
2024-06-04 00:00:00+00:00,WH-North,1404,0.9431,0.9947,0,68.5,0
2024-06-05 00:00:00+00:00,WH-North,1703,0.9295,0.9655,0,86.72,0
2024-06-06 00:00:00+00:00,WH-North,1471,0.8772,0.9619,1,60.41,66
2024-06-07 00:00:00+00:00,WH-North,1526,0.9261,0.9954,0,69.74,0
2024-06-08 00:00:00+00:00,WH-North,1418,0.9629,0.9697,0,54.26,0
2024-06-09 00:00:00+00:00,WH-North,1403,0.9117,0.9531,0,53.05,0
2024-06-10 00:00:00+00:00,WH-North,1604,0.9087,0.9864,1,82.99,68
2024-06-11 00:00:00+00:00,WH-North,1098,0.9019,0.9683,1,52.08,73
2024-06-12 00:00:00+00:00,WH-North,1636,0.9703,0.9396,1,81.66,83
2024-06-13 00:00:00+00:00,WH-North,1723,0.9577,0.974,0,70.44,0
2024-06-14 00:00:00+00:00,WH-North,1281,0.91,0.9641,1,70.25,20
2024-06-15 00:00:00+00:00,WH-North,1286,0.8851,0.9488,1,52.37,20
2024-06-16 00:00:00+00:00,WH-North,1370,0.8971,0.9507,0,60.05,0
2024-06-17 00:00:00+00:00,WH-North,1733,0.9134,0.9373,1,89.23,40
2024-06-18 00:00:00+00:00,WH-North,1251,0.9034,0.9623,0,66.98,0
2024-06-19 00:00:00+00:00,WH-North,1238,0.9734,0.9642,0,51.25,0
2024-06-20 00:00:00+00:00,WH-North,1549,0.9493,0.972,0,58.89,0
2024-06-21 00:00:00+00:00,WH-North,1104,0.9851,0.999,0,42.84,0
2024-06-22 00:00:00+00:00,WH-North,1435,0.8127,0.9487,2,78.57,90
2024-06-23 00:00:00+00:00,WH-North,1496,0.9122,0.9701,1,56.67,22
2024-06-24 00:00:00+00:00,WH-North,1416,0.8986,0.9703,1,67.63,86
2024-06-25 00:00:00+00:00,WH-North,1261,0.9175,0.9557,0,56.45,0
2024-06-26 00:00:00+00:00,WH-North,1319,0.9544,0.9872,0,68.46,0
2024-06-27 00:00:00+00:00,WH-North,1534,0.9403,0.9491,0,75.52,0
2024-06-28 00:00:00+00:00,WH-North,984,0.912,0.9762,0,52.44,0
2024-06-29 00:00:00+00:00,WH-North,1507,0.943,0.9651,0,67.35,0
2024-06-30 00:00:00+00:00,WH-North,1405,0.9348,0.9571,0,54.7,0
2024-07-01 00:00:00+00:00,WH-North,1369,0.9383,0.9452,1,53.89,50
2024-07-02 00:00:00+00:00,WH-North,1320,0.9295,0.9603,1,55.98,48
2024-07-03 00:00:00+00:00,WH-North,1214,0.9337,0.95,0,44.44,0
2024-07-04 00:00:00+00:00,WH-North,1381,0.9329,0.9866,0,72.31,0
2024-07-05 00:00:00+00:00,WH-North,1438,0.9838,0.9865,0,55.87,0
2024-07-06 00:00:00+00:00,WH-North,1399,0.9331,0.9675,2,67.67,66
2024-07-07 00:00:00+00:00,WH-North,1749,0.995,0.9633,0,64.93,0
2024-07-08 00:00:00+00:00,WH-North,1494,0.9528,0.9985,0,81.09,0
2024-07-09 00:00:00+00:00,WH-North,1383,0.9598,0.9829,0,65.6,0
2024-07-10 00:00:00+00:00,WH-North,1312,0.9011,0.9759,1,63.82,54
2024-07-11 00:00:00+00:00,WH-North,1379,0.9472,0.9646,1,65.21,89
2024-07-12 00:00:00+00:00,WH-North,1547,0.9341,0.9578,0,85.52,0
2024-07-13 00:00:00+00:00,WH-North,1484,0.8771,0.9634,0,66.49,0
2024-07-14 00:00:00+00:00,WH-North,1464,0.9221,0.9699,0,60.44,0
2024-07-15 00:00:00+00:00,WH-North,1225,0.9345,0.9949,0,59.34,0
2024-07-16 00:00:00+00:00,WH-North,1361,0.9461,0.9571,0,49.2,0
2024-07-17 00:00:00+00:00,WH-North,1665,0.9679,0.9813,0,62.14,0
2024-07-18 00:00:00+00:00,WH-North,1157,0.9457,0.9732,0,44.63,0
2024-07-19 00:00:00+00:00,WH-North,1679,0.995,0.9851,0,85.38,0
2024-07-20 00:00:00+00:00,WH-North,1294,0.937,0.9749,1,55.71,85
2024-07-21 00:00:00+00:00,WH-North,1238,0.9116,0.9459,1,68.57,39
2024-07-22 00:00:00+00:00,WH-North,1542,0.8853,0.9749,0,58.99,0
2024-07-23 00:00:00+00:00,WH-North,1112,0.9825,0.9827,0,52.03,0
2024-07-24 00:00:00+00:00,WH-North,1444,0.9261,0.9729,0,69.1,0
2024-07-25 00:00:00+00:00,WH-North,1853,0.9032,0.9537,1,101.76,13
2024-07-26 00:00:00+00:00,WH-North,1309,0.9168,0.9641,1,60.47,23
2024-07-27 00:00:00+00:00,WH-North,1237,0.9306,0.9614,0,61.28,0
2024-07-28 00:00:00+00:00,WH-North,1079,0.9395,0.9938,0,55.2,0
2024-07-29 00:00:00+00:00,WH-North,1356,0.954,0.9507,0,74.3,0
2024-07-30 00:00:00+00:00,WH-North,1650,0.9263,0.9564,1,66.61,18
2024-07-31 00:00:00+00:00,WH-North,1498,0.9355,0.967,0,56.52,0
2024-08-01 00:00:00+00:00,WH-North,1202,0.9615,0.9693,0,50.98,0
2024-08-02 00:00:00+00:00,WH-North,1332,0.9355,0.9533,0,70.99,0
2024-08-03 00:00:00+00:00,WH-North,1436,0.9269,0.9696,0,65.47,0
2024-08-04 00:00:00+00:00,WH-North,1290,0.995,0.9796,0,51.11,0
2024-08-05 00:00:00+00:00,WH-North,1369,0.8994,0.9881,0,61.12,0
2024-08-06 00:00:00+00:00,WH-North,1249,0.8892,0.9691,0,56.49,0
2024-08-07 00:00:00+00:00,WH-North,1518,0.9013,0.9763,1,54.37,81
2024-08-08 00:00:00+00:00,WH-North,1566,0.975,0.9305,1,83.54,59
2024-08-09 00:00:00+00:00,WH-North,1362,0.8695,0.9202,2,50.77,112
2024-08-10 00:00:00+00:00,WH-North,1514,0.895,0.9507,1,82.43,30
2024-08-11 00:00:00+00:00,WH-North,1468,0.8861,0.9771,0,79.52,0
2024-08-12 00:00:00+00:00,WH-North,1640,0.9026,0.9723,1,62.72,18
2024-08-13 00:00:00+00:00,WH-North,1382,0.9606,0.9839,0,60.19,0
2024-08-14 00:00:00+00:00,WH-North,1264,0.9793,0.9764,0,58.02,0
2024-08-15 00:00:00+00:00,WH-North,1269,0.9428,0.975,0,57.57,0
2024-08-16 00:00:00+00:00,WH-North,1610,0.9275,0.9722,0,69.51,0
2024-08-17 00:00:00+00:00,WH-North,1632,0.995,0.9723,0,80.58,0
2024-08-18 00:00:00+00:00,WH-North,1451,0.974,0.9687,0,78.72,0
2024-08-19 00:00:00+00:00,WH-North,1326,0.9065,0.9419,1,61.32,21
2024-08-20 00:00:00+00:00,WH-North,1094,0.9627,0.9522,0,39.89,0
2024-08-21 00:00:00+00:00,WH-North,1446,0.8779,0.9426,3,62.65,66
2024-08-22 00:00:00+00:00,WH-North,1475,0.9773,0.9805,0,60.52,0
2024-08-23 00:00:00+00:00,WH-North,1558,0.8783,0.9847,0,63.44,0
2024-08-24 00:00:00+00:00,WH-North,1509,0.913,0.9718,0,74.85,0
2024-08-25 00:00:00+00:00,WH-North,1453,0.9432,0.9663,0,68.74,0
2024-08-26 00:00:00+00:00,WH-North,1354,0.9357,0.9592,0,69.19,0
2024-08-27 00:00:00+00:00,WH-North,1359,0.9321,0.9473,0,53.52,0
2024-08-28 00:00:00+00:00,WH-North,1472,0.9246,0.9653,0,62.43,0
2024-08-29 00:00:00+00:00,WH-North,1583,0.995,0.999,0,57.32,0
2024-08-30 00:00:00+00:00,WH-North,1521,0.9314,0.9543,1,58.9,70
2024-08-31 00:00:00+00:00,WH-North,1488,0.9814,0.9627,0,53.19,0
2024-09-01 00:00:00+00:00,WH-North,1757,0.9345,0.95,0,82.11,0
2024-09-02 00:00:00+00:00,WH-North,1457,0.912,0.9847,0,67.33,0
2024-09-03 00:00:00+00:00,WH-North,1727,0.9206,0.965,0,74.95,0
2024-09-04 00:00:00+00:00,WH-North,1487,0.8829,0.9714,1,62.57,29
2024-09-05 00:00:00+00:00,WH-North,1521,0.953,0.9919,0,80.38,0
2024-09-06 00:00:00+00:00,WH-North,1641,0.957,0.9532,0,70.15,0
2024-09-07 00:00:00+00:00,WH-North,1624,0.8689,0.953,1,86.51,80
2024-09-08 00:00:00+00:00,WH-North,1108,0.9332,0.96,0,40.66,0
2024-09-09 00:00:00+00:00,WH-North,1297,0.9686,0.9745,0,64.58,0
2024-09-10 00:00:00+00:00,WH-North,1482,0.9581,0.9579,0,60.47,0
2024-09-11 00:00:00+00:00,WH-North,1495,0.9494,0.9618,0,77.65,0
2024-09-12 00:00:00+00:00,WH-North,1484,0.9448,0.9825,0,75.68,0
2024-09-13 00:00:00+00:00,WH-North,1690,0.9527,0.9487,1,84.76,72
2024-09-14 00:00:00+00:00,WH-North,1733,0.9555,0.9527,0,72.41,0
2024-09-15 00:00:00+00:00,WH-North,1692,0.995,0.9737,0,71.11,0
2024-09-16 00:00:00+00:00,WH-North,1721,0.8366,0.9246,3,66.16,213
2024-09-17 00:00:00+00:00,WH-North,1611,0.9555,0.9479,0,59.32,0
2024-09-18 00:00:00+00:00,WH-North,1378,0.9363,0.9521,0,68.7,0
2024-09-19 00:00:00+00:00,WH-North,1226,0.9504,0.9431,2,45.91,52
2024-09-20 00:00:00+00:00,WH-North,1416,0.8913,0.971,1,53.76,78
2024-09-21 00:00:00+00:00,WH-North,1591,0.8916,0.9633,1,65.58,60
2024-09-22 00:00:00+00:00,WH-North,1362,0.8863,0.9809,0,67.78,0
2024-09-23 00:00:00+00:00,WH-North,1386,0.9744,0.9575,0,73.78,0
2024-09-24 00:00:00+00:00,WH-North,1146,0.9474,0.9517,1,41.47,41
2024-09-25 00:00:00+00:00,WH-North,1549,0.8866,0.9605,1,71.97,12
2024-09-26 00:00:00+00:00,WH-North,1359,0.9282,0.9732,0,48.67,0
2024-09-27 00:00:00+00:00,WH-North,1770,0.9473,0.9904,0,63.5,0
2024-09-28 00:00:00+00:00,WH-North,1229,0.9383,0.9714,0,52.58,0
2024-09-29 00:00:00+00:00,WH-North,1473,0.9766,0.9819,0,64.17,0
2024-09-30 00:00:00+00:00,WH-North,1339,0.9534,0.9696,0,52.62,0
2024-10-01 00:00:00+00:00,WH-North,1033,0.8846,0.947,0,54.72,0
2024-10-02 00:00:00+00:00,WH-North,1264,0.9247,0.9552,0,45.64,0
2024-10-03 00:00:00+00:00,WH-North,1466,0.934,0.9711,1,54.49,66
2024-10-04 00:00:00+00:00,WH-North,1540,0.9543,0.9502,1,82.49,71
2024-10-05 00:00:00+00:00,WH-North,1788,0.9727,0.999,0,93.26,0
2024-10-06 00:00:00+00:00,WH-North,1554,0.9623,0.973,0,63.99,0
2024-10-07 00:00:00+00:00,WH-North,1378,0.9436,0.9382,2,59.92,26
2024-10-08 00:00:00+00:00,WH-North,1464,0.9269,0.9485,0,68.5,0
2024-10-09 00:00:00+00:00,WH-North,1560,0.9519,0.9644,0,59.47,0
2024-10-10 00:00:00+00:00,WH-North,1169,0.9418,0.9419,0,60.26,0
2024-10-11 00:00:00+00:00,WH-North,1566,0.9132,0.9528,1,61.96,80
2024-10-12 00:00:00+00:00,WH-North,1526,0.9896,0.9815,0,55.98,0
2024-10-13 00:00:00+00:00,WH-North,1054,0.8722,0.954,2,43.43,158
2024-10-14 00:00:00+00:00,WH-North,1407,0.9533,0.9824,0,64.87,0
2024-10-15 00:00:00+00:00,WH-North,1461,0.9468,0.9856,0,53.69,0
2024-10-16 00:00:00+00:00,WH-North,1554,0.9319,0.969,1,59.1,29
2024-10-17 00:00:00+00:00,WH-North,1486,0.9657,0.9683,0,72.14,0
2024-10-18 00:00:00+00:00,WH-North,1489,0.9046,0.9722,0,54.71,0
2024-10-19 00:00:00+00:00,WH-North,1465,0.9386,0.9688,0,56.98,0
2024-10-20 00:00:00+00:00,WH-North,1576,0.9769,0.9799,0,58.74,0
2024-10-21 00:00:00+00:00,WH-North,1681,0.976,0.9979,0,68.48,0
2024-10-22 00:00:00+00:00,WH-North,1578,0.9181,0.9752,0,73.14,0
2024-10-23 00:00:00+00:00,WH-North,1300,0.9381,0.9584,0,59.69,0
2024-10-24 00:00:00+00:00,WH-North,1191,0.9236,0.9733,0,43.89,0
2024-10-25 00:00:00+00:00,WH-North,1454,0.9571,0.9697,0,56.09,0
2024-10-26 00:00:00+00:00,WH-North,1342,0.9379,0.999,0,50.92,0
2024-10-27 00:00:00+00:00,WH-North,1504,0.8592,0.98,0,73.74,0
2024-10-28 00:00:00+00:00,WH-North,1223,0.8971,0.946,0,47.24,0
2024-10-29 00:00:00+00:00,WH-North,1404,0.978,0.9368,0,50.72,0
2024-10-30 00:00:00+00:00,WH-North,1355,0.924,0.9515,1,50.84,59
2024-10-31 00:00:00+00:00,WH-North,1666,0.947,0.9478,0,71.9,0
2024-11-01 00:00:00+00:00,WH-North,1548,0.9147,0.9781,0,70.64,0
2024-11-02 00:00:00+00:00,WH-North,1646,0.9079,0.9756,0,69.83,0
2024-11-03 00:00:00+00:00,WH-North,1238,0.9744,0.9883,0,58.31,0
2024-11-04 00:00:00+00:00,WH-North,1626,0.9086,0.9574,0,62.54,0
2024-11-05 00:00:00+00:00,WH-North,1383,0.9645,0.9956,0,73.1,0
2024-11-06 00:00:00+00:00,WH-North,1598,0.9222,0.9599,1,63.92,55
2024-11-07 00:00:00+00:00,WH-North,1498,0.9206,0.9633,0,68.35,0
2024-11-08 00:00:00+00:00,WH-North,1344,0.9263,0.9667,1,48.94,73
2024-11-09 00:00:00+00:00,WH-North,1548,0.9223,0.9787,1,55.53,15
2024-11-10 00:00:00+00:00,WH-North,1685,0.9364,0.9492,1,76.44,70
2024-11-11 00:00:00+00:00,WH-North,1422,0.9431,0.9851,0,73.42,0
2024-11-12 00:00:00+00:00,WH-North,1331,0.9637,0.9777,0,54.19,0
2024-11-13 00:00:00+00:00,WH-North,1426,0.9213,0.9671,0,73.99,0
2024-11-14 00:00:00+00:00,WH-North,1350,0.9412,0.9428,0,51.77,0
2024-11-15 00:00:00+00:00,WH-North,1399,0.9633,0.9517,0,51.62,0
2024-11-16 00:00:00+00:00,WH-North,1762,0.8503,0.9616,2,90.35,24
2024-11-17 00:00:00+00:00,WH-North,1582,0.8804,0.9693,0,65.13,0
2024-11-18 00:00:00+00:00,WH-North,1270,0.995,0.9831,0,45.78,0
2024-11-19 00:00:00+00:00,WH-North,1664,0.8941,0.9686,0,83.5,0
2024-11-20 00:00:00+00:00,WH-North,1604,0.8881,0.9656,0,65.43,0
2024-11-21 00:00:00+00:00,WH-North,1580,0.9093,0.9401,1,86.75,72
2024-11-22 00:00:00+00:00,WH-North,1547,0.9463,0.9759,0,71.45,0
2024-11-23 00:00:00+00:00,WH-North,1397,0.9436,0.9675,0,68.01,0
2024-11-24 00:00:00+00:00,WH-North,1589,0.9751,0.9538,0,68.85,0
2024-11-25 00:00:00+00:00,WH-North,1544,0.9158,0.9904,0,81.1,0
2024-11-26 00:00:00+00:00,WH-North,1645,0.9209,0.9886,0,64.77,0
2024-11-27 00:00:00+00:00,WH-North,1486,0.9349,0.9653,0,60.54,0
2024-11-28 00:00:00+00:00,WH-North,1520,0.9511,0.9952,0,54.36,0
2024-11-29 00:00:00+00:00,WH-North,1469,0.9794,0.982,1,66.01,25
2024-11-30 00:00:00+00:00,WH-North,1015,0.9523,0.9877,0,50.08,0
2024-12-01 00:00:00+00:00,WH-North,1223,0.9516,0.9757,0,54.0,0
2024-12-02 00:00:00+00:00,WH-North,1318,0.9317,0.9873,0,53.42,0
2024-12-03 00:00:00+00:00,WH-North,1388,0.9568,0.9739,0,66.35,0
2024-12-04 00:00:00+00:00,WH-North,1381,0.8756,0.9659,0,60.24,0
2024-12-05 00:00:00+00:00,WH-North,1414,0.9539,0.96,0,76.73,0
2024-12-06 00:00:00+00:00,WH-North,1270,0.8961,0.9565,0,66.22,0
2024-12-07 00:00:00+00:00,WH-North,1673,0.9507,0.9875,0,65.14,0
2024-12-08 00:00:00+00:00,WH-North,1334,0.9491,0.952,0,52.66,0
2024-12-09 00:00:00+00:00,WH-North,1645,0.953,0.9688,0,85.23,0
2024-12-10 00:00:00+00:00,WH-North,1466,0.9017,0.9677,0,61.83,0
2024-12-11 00:00:00+00:00,WH-North,1558,0.9485,0.9896,0,67.0,0
2024-12-12 00:00:00+00:00,WH-North,1284,0.9318,0.9856,1,62.53,66
2024-12-13 00:00:00+00:00,WH-North,1173,0.9391,0.9593,1,58.02,45
2024-12-14 00:00:00+00:00,WH-North,1691,0.8748,0.9494,2,88.49,94
2024-12-15 00:00:00+00:00,WH-North,1704,0.9312,0.9354,1,63.68,86
2024-12-16 00:00:00+00:00,WH-North,1338,0.8991,0.9688,0,63.69,0
2024-12-17 00:00:00+00:00,WH-North,1356,0.9573,0.9679,1,56.07,28
2024-12-18 00:00:00+00:00,WH-North,1539,0.9309,0.9463,1,65.42,34
2024-12-19 00:00:00+00:00,WH-North,1068,0.9319,0.9586,1,43.91,81
2024-12-20 00:00:00+00:00,WH-North,1490,0.9698,0.9716,0,80.98,0
2024-12-21 00:00:00+00:00,WH-North,1179,0.9061,0.9331,0,44.88,0
2024-12-22 00:00:00+00:00,WH-North,1199,0.995,0.9795,0,59.07,0
2024-12-23 00:00:00+00:00,WH-North,1576,0.9883,0.9763,0,67.92,0
2024-12-24 00:00:00+00:00,WH-North,1202,0.9772,0.9425,0,58.22,0
2024-12-25 00:00:00+00:00,WH-North,1242,0.9352,0.9737,0,62.87,0
2024-12-26 00:00:00+00:00,WH-North,1174,0.9365,0.9615,1,44.74,54
2024-12-27 00:00:00+00:00,WH-North,1486,0.9886,0.9528,0,69.47,0
2024-12-28 00:00:00+00:00,WH-North,1775,0.9208,0.9595,0,82.53,0
2024-12-29 00:00:00+00:00,WH-North,1374,0.9694,0.9743,0,50.03,0
2024-12-30 00:00:00+00:00,WH-North,1582,0.9604,0.9566,0,65.9,0
2024-12-31 00:00:00+00:00,WH-North,1187,0.9644,0.9761,0,47.08,0
2025-01-01 00:00:00+00:00,WH-North,1537,0.9945,0.9557,1,84.61,41
2025-01-02 00:00:00+00:00,WH-North,1583,0.9774,0.9697,0,59.1,0
2025-01-03 00:00:00+00:00,WH-North,1364,0.9075,0.9597,0,68.17,0
2025-01-04 00:00:00+00:00,WH-North,1297,0.9667,0.9796,0,52.71,0
2025-01-05 00:00:00+00:00,WH-North,1890,0.9087,0.9645,1,71.8,24
2025-01-06 00:00:00+00:00,WH-North,1332,0.9238,0.9686,1,50.69,89
2025-01-07 00:00:00+00:00,WH-North,1475,0.9501,0.9533,1,81.7,71
2025-01-08 00:00:00+00:00,WH-North,1554,0.9181,0.9628,0,85.11,0
2025-01-09 00:00:00+00:00,WH-North,1714,0.9485,0.9517,0,61.5,0
2025-01-10 00:00:00+00:00,WH-North,1581,0.9717,0.9596,0,63.59,0
2025-01-11 00:00:00+00:00,WH-North,1757,0.929,0.9755,1,65.19,70
2025-01-12 00:00:00+00:00,WH-North,1242,0.9193,0.9574,0,64.01,0
2025-01-13 00:00:00+00:00,WH-North,1558,0.9006,0.9542,1,68.73,89
2025-01-14 00:00:00+00:00,WH-North,1439,0.9622,0.9717,1,54.24,32
2025-01-15 00:00:00+00:00,WH-North,1333,0.9351,0.9784,0,69.34,0
2025-01-16 00:00:00+00:00,WH-North,1479,0.9634,0.9803,0,55.92,0
2025-01-17 00:00:00+00:00,WH-North,1194,0.9742,0.9558,0,46.41,0
2025-01-18 00:00:00+00:00,WH-North,1474,0.9878,0.999,0,57.03,0
2025-01-19 00:00:00+00:00,WH-North,1404,0.9261,0.9558,1,70.19,28
2025-01-20 00:00:00+00:00,WH-North,1362,0.8568,0.955,2,60.84,50
2025-01-21 00:00:00+00:00,WH-North,1300,0.9373,0.959,0,50.55,0
2025-01-22 00:00:00+00:00,WH-North,1571,0.9125,0.9707,0,71.73,0
2025-01-23 00:00:00+00:00,WH-North,1454,0.9289,0.9686,0,63.11,0
2025-01-24 00:00:00+00:00,WH-North,1340,0.9379,0.9552,0,65.78,0
2025-01-25 00:00:00+00:00,WH-North,1615,0.9379,0.9663,0,81.14,0
2025-01-26 00:00:00+00:00,WH-North,1212,0.8997,0.9805,0,50.18,0
2025-01-27 00:00:00+00:00,WH-North,1606,0.9375,0.9669,0,64.38,0
2025-01-28 00:00:00+00:00,WH-North,1273,0.9733,0.9507,0,52.88,0
2025-01-29 00:00:00+00:00,WH-North,1200,0.9689,0.9636,1,46.71,37
2025-01-30 00:00:00+00:00,WH-North,1364,0.9058,0.9443,0,61.75,0
2025-01-31 00:00:00+00:00,WH-North,1200,0.9296,0.978,0,55.47,0
2025-02-01 00:00:00+00:00,WH-North,1472,0.9629,0.9632,1,60.72,73
2025-02-02 00:00:00+00:00,WH-North,1452,0.9059,0.9793,0,76.51,0
2025-02-03 00:00:00+00:00,WH-North,1179,0.9147,0.9568,0,44.99,0
2025-02-04 00:00:00+00:00,WH-North,1403,0.9227,0.9748,0,52.56,0
2025-02-05 00:00:00+00:00,WH-North,1650,0.9315,0.9712,0,67.23,0
2025-02-06 00:00:00+00:00,WH-North,1321,0.9194,0.9719,0,51.64,0
2025-02-07 00:00:00+00:00,WH-North,1333,0.937,0.9812,0,70.57,0
2025-02-08 00:00:00+00:00,WH-North,1442,0.9077,0.999,0,59.04,0
2025-02-09 00:00:00+00:00,WH-North,1804,0.9478,0.9765,0,97.55,0
2025-02-10 00:00:00+00:00,WH-North,1254,0.9359,0.9761,0,60.42,0
2025-02-11 00:00:00+00:00,WH-North,1219,0.9095,0.953,0,55.58,0
2025-02-12 00:00:00+00:00,WH-North,1467,0.9646,0.9849,0,57.12,0
2025-02-13 00:00:00+00:00,WH-North,1328,0.9433,0.9545,0,50.28,0
2025-02-14 00:00:00+00:00,WH-North,1633,0.9168,0.958,0,61.19,0
2025-02-15 00:00:00+00:00,WH-North,1568,0.8928,0.9798,0,80.7,0
2025-02-16 00:00:00+00:00,WH-North,1466,0.9158,0.954,1,64.27,60
2025-02-17 00:00:00+00:00,WH-North,1501,0.9072,0.9678,0,59.89,0
2025-02-18 00:00:00+00:00,WH-North,1542,0.9173,0.9967,0,78.46,0
2025-02-19 00:00:00+00:00,WH-North,1488,0.9727,0.9875,0,55.97,0
2025-02-20 00:00:00+00:00,WH-North,1418,0.9395,0.9604,0,53.69,0
2025-02-21 00:00:00+00:00,WH-North,1648,0.9524,0.9656,0,70.35,0
2025-02-22 00:00:00+00:00,WH-North,1512,0.9346,0.983,0,72.72,0
2025-02-23 00:00:00+00:00,WH-North,1612,0.9684,0.9309,1,59.27,64
2025-02-24 00:00:00+00:00,WH-North,1519,0.9803,0.9342,0,83.53,0
2025-02-25 00:00:00+00:00,WH-North,1220,0.935,0.938,1,52.61,59
2025-02-26 00:00:00+00:00,WH-North,1058,0.9647,0.9703,0,45.55,0
2025-02-27 00:00:00+00:00,WH-North,1426,0.9414,0.9644,0,66.39,0
2025-02-28 00:00:00+00:00,WH-North,1118,0.9647,0.972,0,51.61,0
2025-03-01 00:00:00+00:00,WH-North,1623,0.9558,0.9515,1,88.32,64
2025-03-02 00:00:00+00:00,WH-North,1509,0.9492,0.9689,0,60.58,0
2025-03-03 00:00:00+00:00,WH-North,1564,0.9224,0.9382,0,72.1,0
2025-03-04 00:00:00+00:00,WH-North,1635,0.9553,0.9878,0,62.98,0
2025-03-05 00:00:00+00:00,WH-North,1524,0.961,0.9558,1,71.93,61
2025-03-06 00:00:00+00:00,WH-North,1618,0.9703,0.9312,0,69.51,0
2025-03-07 00:00:00+00:00,WH-North,1406,0.8847,0.9786,0,55.53,0
2025-03-08 00:00:00+00:00,WH-North,1458,0.9473,0.9564,0,72.97,0
2025-03-09 00:00:00+00:00,WH-North,1458,0.913,0.9522,1,58.22,54
2025-03-10 00:00:00+00:00,WH-North,1310,0.9176,0.9568,1,54.2,61
2025-03-11 00:00:00+00:00,WH-North,1231,0.9733,0.9772,0,66.89,0
2025-03-12 00:00:00+00:00,WH-North,1574,0.916,0.9708,1,58.56,47
2025-03-13 00:00:00+00:00,WH-North,1387,0.9477,0.9793,0,68.23,0
2025-03-14 00:00:00+00:00,WH-North,1258,0.9119,0.9718,0,45.61,0
2025-03-15 00:00:00+00:00,WH-North,1544,0.9221,0.9547,1,62.64,69
2025-03-16 00:00:00+00:00,WH-North,1306,0.8479,0.9774,1,56.21,79
2025-03-17 00:00:00+00:00,WH-North,1451,0.9793,0.9544,0,61.68,0
2025-03-18 00:00:00+00:00,WH-North,1487,0.9428,0.9676,0,72.12,0
2025-03-19 00:00:00+00:00,WH-North,1395,0.9284,0.9718,0,58.47,0
2025-03-20 00:00:00+00:00,WH-North,1407,0.9517,0.98,0,57.23,0
2025-03-21 00:00:00+00:00,WH-North,1696,0.8705,0.9659,0,70.84,0
2025-03-22 00:00:00+00:00,WH-North,1692,0.9684,0.9623,0,78.32,0
2025-03-23 00:00:00+00:00,WH-North,1310,0.97,0.9431,0,58.95,0
2025-03-24 00:00:00+00:00,WH-North,1589,0.9732,0.9876,0,65.98,0
2025-03-25 00:00:00+00:00,WH-North,1421,0.9187,0.9488,1,56.77,15
2025-03-26 00:00:00+00:00,WH-North,1410,0.995,0.9738,0,54.38,0
2025-03-27 00:00:00+00:00,WH-North,1143,0.9783,0.9625,0,51.09,0
2025-03-28 00:00:00+00:00,WH-North,1317,0.9216,0.959,1,54.08,52
2025-03-29 00:00:00+00:00,WH-North,1562,0.937,0.9936,0,60.68,0
2025-03-30 00:00:00+00:00,WH-North,1529,0.8962,0.9832,1,73.99,43
2025-03-31 00:00:00+00:00,WH-North,1544,0.9191,0.9642,2,80.99,170
2025-04-01 00:00:00+00:00,WH-North,1295,0.9502,0.9485,0,46.48,0
2025-04-02 00:00:00+00:00,WH-North,1637,0.9694,0.9893,0,77.85,0
2025-04-03 00:00:00+00:00,WH-North,1321,0.9499,0.9613,0,71.87,0
2025-04-04 00:00:00+00:00,WH-North,1538,0.9668,0.9743,0,62.47,0
2025-04-05 00:00:00+00:00,WH-North,1051,0.9517,0.9766,0,53.76,0
2025-04-06 00:00:00+00:00,WH-North,1585,0.9549,0.9656,0,59.71,0
2025-04-07 00:00:00+00:00,WH-North,1478,0.952,0.9672,1,68.74,88
2025-04-08 00:00:00+00:00,WH-North,1327,0.995,0.9788,0,55.19,0
2025-04-09 00:00:00+00:00,WH-North,1237,0.9291,0.9964,0,60.1,0
2025-04-10 00:00:00+00:00,WH-North,1578,0.9501,0.9585,0,84.98,0
2025-04-11 00:00:00+00:00,WH-North,1437,0.9532,0.973,0,61.66,0
2025-04-12 00:00:00+00:00,WH-North,1700,0.9515,0.9667,0,77.11,0
2025-04-13 00:00:00+00:00,WH-North,1377,0.9812,0.9671,0,63.76,0
2025-04-14 00:00:00+00:00,WH-North,1338,0.9535,0.9712,0,59.36,0
2025-04-15 00:00:00+00:00,WH-North,1233,0.9315,0.9542,0,49.67,0
2025-04-16 00:00:00+00:00,WH-North,1438,0.995,0.9887,0,52.07,0
2025-04-17 00:00:00+00:00,WH-North,1325,0.9707,0.963,0,61.77,0
2025-04-18 00:00:00+00:00,WH-North,1223,0.901,0.9721,0,63.1,0
2025-04-19 00:00:00+00:00,WH-North,1373,0.9303,0.9398,0,73.5,0
2025-04-20 00:00:00+00:00,WH-North,2018,0.9504,0.9723,1,75.56,28
2025-04-21 00:00:00+00:00,WH-North,1524,0.9369,0.9374,1,57.64,14
2025-04-22 00:00:00+00:00,WH-North,1377,0.981,0.9725,0,54.53,0
2025-04-23 00:00:00+00:00,WH-North,1198,0.9528,0.9943,0,59.53,0
2025-04-24 00:00:00+00:00,WH-North,1360,0.9141,0.9418,1,74.23,81
2025-04-25 00:00:00+00:00,WH-North,1564,0.9445,0.953,0,66.84,0
2025-04-26 00:00:00+00:00,WH-North,1236,0.9289,0.9386,1,57.15,72
2025-04-27 00:00:00+00:00,WH-North,1568,0.9531,0.9739,1,75.16,61
2025-04-28 00:00:00+00:00,WH-North,1595,0.9797,0.9925,0,63.33,0
2025-04-29 00:00:00+00:00,WH-North,1208,0.9268,0.9775,0,55.68,0
2025-04-30 00:00:00+00:00,WH-North,1331,0.9117,0.9783,1,61.99,80
2025-05-01 00:00:00+00:00,WH-North,1378,0.938,0.9851,1,56.33,65
2025-05-02 00:00:00+00:00,WH-North,1123,0.9679,0.9633,0,43.95,0
2025-05-03 00:00:00+00:00,WH-North,1529,0.9481,0.9822,0,61.46,0
2025-05-04 00:00:00+00:00,WH-North,1211,0.9062,0.9701,0,51.14,0
2025-05-05 00:00:00+00:00,WH-North,1083,0.946,0.9897,0,39.97,0
2025-05-06 00:00:00+00:00,WH-North,1368,0.9262,0.9592,1,75.98,59
2025-05-07 00:00:00+00:00,WH-North,1375,0.8948,0.9793,0,54.12,0
2025-05-08 00:00:00+00:00,WH-North,1704,0.9423,0.9849,0,77.07,0
2025-05-09 00:00:00+00:00,WH-North,1777,0.9532,0.9655,0,93.14,0
2025-05-10 00:00:00+00:00,WH-North,1321,0.9345,0.986,0,71.53,0
2025-05-11 00:00:00+00:00,WH-North,1579,0.8881,0.9635,1,83.2,40
2025-05-12 00:00:00+00:00,WH-North,1403,0.9708,0.9652,0,56.83,0
2025-05-13 00:00:00+00:00,WH-North,1371,0.995,0.975,0,62.34,0
2025-05-14 00:00:00+00:00,WH-North,1242,0.9864,0.9981,0,58.46,0
2025-05-15 00:00:00+00:00,WH-North,1185,0.944,0.953,1,51.25,82
2025-05-16 00:00:00+00:00,WH-North,1511,0.889,0.9661,1,80.48,39
2025-05-17 00:00:00+00:00,WH-North,1404,0.8951,0.9564,0,59.46,0
2025-05-18 00:00:00+00:00,WH-North,1483,0.9263,0.9646,1,78.58,30
2025-05-19 00:00:00+00:00,WH-North,1439,0.9246,0.9675,0,53.46,0
2025-05-20 00:00:00+00:00,WH-North,1340,0.9308,0.9562,0,62.56,0
2025-05-21 00:00:00+00:00,WH-North,1396,0.9622,0.9717,0,52.51,0
2025-05-22 00:00:00+00:00,WH-North,1231,0.9437,0.9395,2,53.32,36
2025-05-23 00:00:00+00:00,WH-North,1474,0.9328,0.9848,0,55.75,0
2025-05-24 00:00:00+00:00,WH-North,855,0.954,0.9628,0,42.6,0
2025-05-25 00:00:00+00:00,WH-North,1240,0.93,0.9603,1,51.05,37
2025-05-26 00:00:00+00:00,WH-North,1404,0.9547,0.9697,0,50.63,0
2025-05-27 00:00:00+00:00,WH-North,1235,0.9608,0.9625,0,48.72,0
2025-05-28 00:00:00+00:00,WH-North,1326,0.9344,0.9623,0,49.5,0
2025-05-29 00:00:00+00:00,WH-North,1583,0.9586,0.9663,0,65.86,0
2025-05-30 00:00:00+00:00,WH-North,1526,0.9704,0.9638,0,78.52,0
2025-05-31 00:00:00+00:00,WH-North,1416,0.9506,0.9734,0,56.26,0
2025-06-01 00:00:00+00:00,WH-North,1361,0.9612,0.9781,0,59.2,0
2025-06-02 00:00:00+00:00,WH-North,1157,0.9542,0.973,1,44.39,65
2025-06-03 00:00:00+00:00,WH-North,1394,0.9823,0.9728,0,57.58,0
2025-06-04 00:00:00+00:00,WH-North,1587,0.9487,0.9895,0,87.15,0
2025-06-05 00:00:00+00:00,WH-North,1049,0.995,0.9552,0,41.01,0
2025-06-06 00:00:00+00:00,WH-North,1571,0.995,0.9536,0,59.06,0
2025-06-07 00:00:00+00:00,WH-North,1745,0.9795,0.9776,0,69.52,0
2025-06-08 00:00:00+00:00,WH-North,1824,0.9313,0.9698,1,89.48,42
2025-06-09 00:00:00+00:00,WH-North,1556,0.9041,0.9524,1,76.69,77
2025-06-10 00:00:00+00:00,WH-North,1488,0.9403,0.9666,0,63.73,0
2025-06-11 00:00:00+00:00,WH-North,1323,0.9232,0.9424,0,54.24,0
2025-06-12 00:00:00+00:00,WH-North,1659,0.938,0.9483,0,70.37,0
2025-06-13 00:00:00+00:00,WH-North,1427,0.9162,0.9487,1,71.99,17
2025-06-14 00:00:00+00:00,WH-North,1596,0.9721,0.9769,0,67.05,0
2025-06-15 00:00:00+00:00,WH-North,1263,0.9575,0.9885,0,46.63,0
2025-06-16 00:00:00+00:00,WH-North,1294,0.8924,0.9417,2,57.29,62
2025-06-17 00:00:00+00:00,WH-North,1633,0.9875,0.9601,0,59.9,0
2025-06-18 00:00:00+00:00,WH-North,1372,0.9084,0.9395,2,54.49,62
2025-06-19 00:00:00+00:00,WH-North,1533,0.9061,0.9632,0,61.44,0
2025-06-20 00:00:00+00:00,WH-North,1850,0.9365,0.9525,0,68.06,0
2025-06-21 00:00:00+00:00,WH-North,1503,0.9369,0.9731,0,62.22,0
2025-06-22 00:00:00+00:00,WH-North,1509,0.9061,0.9424,1,71.98,63
2025-06-23 00:00:00+00:00,WH-North,1448,0.8986,0.9836,1,57.04,70
2025-06-24 00:00:00+00:00,WH-North,1451,0.995,0.9798,0,57.06,0
2025-06-25 00:00:00+00:00,WH-North,1377,0.9428,0.9476,1,50.93,88
2025-06-26 00:00:00+00:00,WH-North,1257,0.9199,0.9763,0,66.43,0
2025-06-27 00:00:00+00:00,WH-North,1472,0.9359,0.9627,0,55.0,0
2025-06-28 00:00:00+00:00,WH-North,1110,0.9584,0.9645,0,39.87,0
2025-06-29 00:00:00+00:00,WH-North,1383,0.8747,0.957,0,51.79,0
2025-06-30 00:00:00+00:00,WH-North,1553,0.9093,0.9694,0,75.92,0
2025-07-01 00:00:00+00:00,WH-North,1744,0.9616,0.9774,0,68.6,0
2025-07-02 00:00:00+00:00,WH-North,1510,0.9055,0.9603,1,55.47,44
2025-07-03 00:00:00+00:00,WH-North,1361,0.939,0.9541,0,49.26,0
2025-07-04 00:00:00+00:00,WH-North,1249,0.9488,0.9645,0,58.68,0
2025-07-05 00:00:00+00:00,WH-North,1338,0.9414,0.9708,0,59.98,0
2025-07-06 00:00:00+00:00,WH-North,1387,0.9402,0.9855,0,74.56,0
2025-07-07 00:00:00+00:00,WH-North,1221,0.8519,0.9446,3,59.66,117
2025-07-08 00:00:00+00:00,WH-North,1138,0.9199,0.9857,0,63.1,0
2025-07-09 00:00:00+00:00,WH-North,1483,0.9806,0.9901,0,67.47,0
2025-07-10 00:00:00+00:00,WH-North,1799,0.9167,0.9503,0,83.37,0
2025-07-11 00:00:00+00:00,WH-North,1391,0.9389,0.9369,1,56.5,87
2025-07-12 00:00:00+00:00,WH-North,1356,0.9334,0.9798,0,52.43,0
2025-07-13 00:00:00+00:00,WH-North,1805,0.9379,0.964,0,64.7,0
2025-07-14 00:00:00+00:00,WH-North,1412,0.9806,0.9895,0,63.78,0
2025-07-15 00:00:00+00:00,WH-North,1276,0.9549,0.966,0,45.93,0
2025-07-16 00:00:00+00:00,WH-North,1422,0.9364,0.9719,0,55.8,0
2025-07-17 00:00:00+00:00,WH-North,1689,0.9248,0.9755,0,69.68,0
2025-07-18 00:00:00+00:00,WH-North,1740,0.9809,0.9459,1,65.87,14
2025-07-19 00:00:00+00:00,WH-North,959,0.8911,0.9684,0,42.04,0
2025-07-20 00:00:00+00:00,WH-North,1424,0.9398,0.9488,1,67.51,88
2025-07-21 00:00:00+00:00,WH-North,1575,0.97,0.9847,0,85.91,0
2025-07-22 00:00:00+00:00,WH-North,1330,0.9608,0.9874,0,67.99,0
2025-07-23 00:00:00+00:00,WH-North,1624,0.9183,0.9801,0,67.17,0
2025-07-24 00:00:00+00:00,WH-North,1366,0.941,0.9706,1,60.93,53
2025-07-25 00:00:00+00:00,WH-North,1498,0.9517,0.9623,0,66.34,0
2025-07-26 00:00:00+00:00,WH-North,1385,0.935,0.9723,0,50.31,0
2025-07-27 00:00:00+00:00,WH-North,1377,0.9154,0.956,0,58.98,0
2025-07-28 00:00:00+00:00,WH-North,1499,0.9025,0.9586,1,60.18,89
2025-07-29 00:00:00+00:00,WH-North,1568,0.9136,0.9303,1,76.54,54
2025-07-30 00:00:00+00:00,WH-North,1397,0.9038,0.9411,1,61.41,29
2025-07-31 00:00:00+00:00,WH-North,1355,0.9089,0.9897,0,60.11,0
2025-08-01 00:00:00+00:00,WH-North,1249,0.9411,0.9718,0,56.12,0
2025-08-02 00:00:00+00:00,WH-North,1460,0.9294,0.9751,0,67.18,0
2025-08-03 00:00:00+00:00,WH-North,1431,0.8286,0.9562,1,70.33,23
2025-08-04 00:00:00+00:00,WH-North,1639,0.946,0.9591,0,87.46,0
2025-08-05 00:00:00+00:00,WH-North,1640,0.9833,0.9387,0,79.71,0
2025-08-06 00:00:00+00:00,WH-North,1747,0.8606,0.9439,3,70.64,249
2025-08-07 00:00:00+00:00,WH-North,1427,0.9231,0.9523,0,66.42,0
2025-08-08 00:00:00+00:00,WH-North,1352,0.9777,0.9616,0,71.86,0
2025-08-09 00:00:00+00:00,WH-North,1340,0.8978,0.9668,0,48.82,0
2025-08-10 00:00:00+00:00,WH-North,1392,0.9346,0.991,0,71.56,0
2025-08-11 00:00:00+00:00,WH-North,1362,0.8888,0.952,1,68.72,58
2025-08-12 00:00:00+00:00,WH-North,1374,0.9467,0.9675,0,72.39,0
2025-08-13 00:00:00+00:00,WH-North,1528,0.9504,0.9447,1,65.35,22
2025-08-14 00:00:00+00:00,WH-North,1232,0.9033,0.9589,0,53.69,0
2025-08-15 00:00:00+00:00,WH-North,1258,0.874,0.9718,0,62.28,0
2025-08-16 00:00:00+00:00,WH-North,1340,0.938,0.989,0,60.39,0
2025-08-17 00:00:00+00:00,WH-North,1431,0.9014,0.9643,0,70.08,0
2025-08-18 00:00:00+00:00,WH-North,1555,0.9204,0.9449,0,70.8,0
2025-08-19 00:00:00+00:00,WH-North,1399,0.9087,0.977,1,68.36,28
2025-08-20 00:00:00+00:00,WH-North,1503,0.9801,0.964,0,64.46,0
2025-08-21 00:00:00+00:00,WH-North,1242,0.9536,0.9541,1,49.11,42
2025-08-22 00:00:00+00:00,WH-North,1610,0.8589,0.9442,1,72.73,22
2025-08-23 00:00:00+00:00,WH-North,1242,0.9153,0.9562,0,52.12,0
2025-08-24 00:00:00+00:00,WH-North,1216,0.9348,0.9679,0,61.7,0
2025-08-25 00:00:00+00:00,WH-North,1446,0.9441,0.999,0,63.96,0
2025-08-26 00:00:00+00:00,WH-North,1335,0.9499,0.9464,0,65.78,0
2025-08-27 00:00:00+00:00,WH-North,1332,0.9329,0.9943,0,51.83,0
2025-08-28 00:00:00+00:00,WH-North,1326,0.9239,0.9681,0,58.44,0
2025-08-29 00:00:00+00:00,WH-North,1391,0.995,0.9608,0,55.65,0
2025-08-30 00:00:00+00:00,WH-North,1381,0.9101,0.9687,0,52.65,0
2025-08-31 00:00:00+00:00,WH-North,1367,0.995,0.9734,0,65.08,0
2025-09-01 00:00:00+00:00,WH-North,1547,0.9152,0.9774,1,75.44,71
2025-09-02 00:00:00+00:00,WH-North,1633,0.9223,0.9897,0,61.41,0
2025-09-03 00:00:00+00:00,WH-North,1771,0.995,0.9798,0,90.27,0
2025-09-04 00:00:00+00:00,WH-North,1371,0.8824,0.9721,0,51.04,0
2025-09-05 00:00:00+00:00,WH-North,1765,0.9332,0.9241,1,74.98,32
2025-09-06 00:00:00+00:00,WH-North,1375,0.9087,0.9579,0,56.93,0
2025-09-07 00:00:00+00:00,WH-North,1486,0.9624,0.9883,0,62.55,0
2025-09-08 00:00:00+00:00,WH-North,1301,0.9084,0.9727,0,67.51,0
2025-09-09 00:00:00+00:00,WH-North,1610,0.8581,0.9294,4,75.68,328
2025-09-10 00:00:00+00:00,WH-North,1418,0.9659,0.9519,0,76.25,0
2025-09-11 00:00:00+00:00,WH-North,1638,0.9197,0.9603,1,88.53,71
2025-09-12 00:00:00+00:00,WH-North,1168,0.9442,0.9499,0,47.59,0
2025-09-13 00:00:00+00:00,WH-North,1543,0.9446,0.9786,0,66.21,0
2025-09-14 00:00:00+00:00,WH-North,1515,0.927,0.9856,0,55.85,0
2025-09-15 00:00:00+00:00,WH-North,1317,0.9285,0.9588,0,48.07,0
2025-09-16 00:00:00+00:00,WH-North,1562,0.8889,0.9628,1,58.76,83
2025-09-17 00:00:00+00:00,WH-North,1019,0.9324,0.9761,0,37.63,0
2025-09-18 00:00:00+00:00,WH-North,1579,0.9008,0.9629,0,81.21,0
2025-09-19 00:00:00+00:00,WH-North,1089,0.9356,0.999,0,51.59,0
2025-09-20 00:00:00+00:00,WH-North,1012,0.8824,0.9524,2,40.91,84
2025-09-21 00:00:00+00:00,WH-North,1320,0.9592,0.9753,0,58.57,0
2025-09-22 00:00:00+00:00,WH-North,1450,0.9433,0.9585,0,59.54,0
2025-09-23 00:00:00+00:00,WH-North,1651,0.9267,0.9688,0,86.23,0
2025-09-24 00:00:00+00:00,WH-North,1705,0.9214,0.9638,1,69.24,28
2025-09-25 00:00:00+00:00,WH-North,1495,0.9552,0.9743,1,58.62,80
2025-09-26 00:00:00+00:00,WH-North,1267,0.9297,0.9424,1,45.74,20
2025-09-27 00:00:00+00:00,WH-North,1430,0.9556,0.9587,0,75.73,0
2025-09-28 00:00:00+00:00,WH-North,1401,0.9338,0.9483,0,63.66,0
2025-09-29 00:00:00+00:00,WH-North,1115,0.978,0.9549,0,50.22,0
2025-09-30 00:00:00+00:00,WH-North,1465,0.8938,0.9477,0,64.49,0
2025-10-01 00:00:00+00:00,WH-North,1238,0.9172,0.9728,0,61.22,0
2025-10-02 00:00:00+00:00,WH-North,1227,0.8805,0.958,0,50.3,0
2025-10-03 00:00:00+00:00,WH-North,1423,0.9492,0.9271,2,74.53,82
2025-10-04 00:00:00+00:00,WH-North,1550,0.995,0.9932,0,56.78,0
2025-10-05 00:00:00+00:00,WH-North,1686,0.9397,0.9615,1,92.77,80
2025-10-06 00:00:00+00:00,WH-North,1558,0.9351,0.9261,2,58.69,126
2025-10-07 00:00:00+00:00,WH-North,1445,0.9301,0.9653,0,63.9,0
2025-10-08 00:00:00+00:00,WH-North,1593,0.8571,0.9307,2,69.49,158
2025-10-09 00:00:00+00:00,WH-North,1088,0.9365,0.9645,0,54.7,0
2025-10-10 00:00:00+00:00,WH-North,1425,0.9249,0.9484,0,61.5,0
2025-10-11 00:00:00+00:00,WH-North,1885,0.9806,0.9602,0,96.89,0
2025-10-12 00:00:00+00:00,WH-North,1836,0.9675,0.9845,0,98.36,0
2025-10-13 00:00:00+00:00,WH-North,1830,0.9418,0.9635,1,65.69,37
2025-10-14 00:00:00+00:00,WH-North,1212,0.9423,0.9695,0,63.91,0
2025-10-15 00:00:00+00:00,WH-North,1508,0.9231,0.977,1,57.38,34
2025-10-16 00:00:00+00:00,WH-North,1280,0.8881,0.956,1,48.15,80
2025-10-17 00:00:00+00:00,WH-North,1669,0.9652,0.9531,0,63.39,0
2025-10-18 00:00:00+00:00,WH-North,1862,0.9261,0.9429,0,85.04,0
2025-10-19 00:00:00+00:00,WH-North,1359,0.9497,0.9371,0,59.55,0
2025-10-20 00:00:00+00:00,WH-North,1529,0.9433,0.9686,1,73.65,52
2025-10-21 00:00:00+00:00,WH-North,1409,0.9582,0.999,0,76.13,0
2025-10-22 00:00:00+00:00,WH-North,1348,0.9514,0.9792,0,54.24,0
2025-10-23 00:00:00+00:00,WH-North,1315,0.904,0.968,0,62.57,0
2025-10-24 00:00:00+00:00,WH-North,1462,0.9269,0.9524,0,55.68,0
2025-10-25 00:00:00+00:00,WH-North,1518,0.9328,0.9795,0,66.82,0
2025-10-26 00:00:00+00:00,WH-North,1394,0.8862,0.9497,1,58.71,87
2025-10-27 00:00:00+00:00,WH-North,1273,0.9021,0.9847,0,55.99,0
2025-10-28 00:00:00+00:00,WH-North,1319,0.9377,0.9748,1,51.1,89
2025-10-29 00:00:00+00:00,WH-North,1283,0.8572,0.9514,2,63.74,174
2025-10-30 00:00:00+00:00,WH-North,1580,0.9315,0.9702,0,63.42,0
2025-10-31 00:00:00+00:00,WH-North,1399,0.912,0.9762,0,52.18,0
2025-11-01 00:00:00+00:00,WH-North,1631,0.9271,0.9872,0,89.72,0
2025-11-02 00:00:00+00:00,WH-North,1544,0.9188,0.9598,1,74.22,33
2025-11-03 00:00:00+00:00,WH-North,1219,0.9188,0.9523,3,43.63,99
2025-11-04 00:00:00+00:00,WH-North,1376,0.9782,0.9756,0,49.27,0
2025-11-05 00:00:00+00:00,WH-North,1260,0.9329,0.9782,1,57.18,56
2025-11-06 00:00:00+00:00,WH-North,1502,0.9811,0.9804,1,58.31,40
2025-11-07 00:00:00+00:00,WH-North,1327,0.9365,0.9907,0,59.98,0
2025-11-08 00:00:00+00:00,WH-North,1680,0.9321,0.9714,0,63.75,0
2025-11-09 00:00:00+00:00,WH-North,1284,0.9384,0.9632,1,48.93,27
2025-11-10 00:00:00+00:00,WH-North,1482,0.9195,0.9326,1,66.07,47
2025-11-11 00:00:00+00:00,WH-North,1229,0.9113,0.9926,0,49.98,0
2025-11-12 00:00:00+00:00,WH-North,1388,0.9733,0.9647,0,51.35,0
2025-11-13 00:00:00+00:00,WH-North,1147,0.9036,0.9666,1,60.79,72
2025-11-14 00:00:00+00:00,WH-North,1481,0.9312,0.9639,0,78.68,0
2025-11-15 00:00:00+00:00,WH-North,1634,0.9448,0.9819,0,70.47,0
2025-11-16 00:00:00+00:00,WH-North,1430,0.8622,0.9635,2,52.67,146
2025-11-17 00:00:00+00:00,WH-North,1228,0.9079,0.9442,0,52.4,0
2025-11-18 00:00:00+00:00,WH-North,1277,0.9457,0.9793,0,59.17,0
2025-11-19 00:00:00+00:00,WH-North,1559,0.8903,0.9567,1,84.57,62
2025-11-20 00:00:00+00:00,WH-North,1379,0.995,0.9782,0,66.85,0
2025-11-21 00:00:00+00:00,WH-North,1405,0.9314,0.9695,0,54.77,0
2025-11-22 00:00:00+00:00,WH-North,1460,0.9375,0.9688,0,56.41,0
2025-11-23 00:00:00+00:00,WH-North,1534,0.9195,0.9691,1,65.44,42
2025-11-24 00:00:00+00:00,WH-North,1492,0.9774,0.988,0,61.33,0
2025-11-25 00:00:00+00:00,WH-North,1544,0.9282,0.9734,0,69.0,0
2025-11-26 00:00:00+00:00,WH-North,1424,0.9159,0.9457,1,73.42,68
2025-11-27 00:00:00+00:00,WH-North,1377,0.9409,0.9874,0,74.16,0
2025-11-28 00:00:00+00:00,WH-North,1075,0.8688,0.9388,1,45.19,35
2025-11-29 00:00:00+00:00,WH-North,1593,0.9347,0.9795,0,58.66,0
2025-11-30 00:00:00+00:00,WH-North,1453,0.9467,0.9868,0,67.25,0
2025-12-01 00:00:00+00:00,WH-North,1536,0.9071,0.962,1,67.87,63
2025-12-02 00:00:00+00:00,WH-North,1271,0.9698,0.9515,0,51.95,0
2025-12-03 00:00:00+00:00,WH-North,1436,0.9428,0.9719,0,64.39,0
2025-12-04 00:00:00+00:00,WH-North,1221,0.9094,0.9607,0,48.59,0
2025-12-05 00:00:00+00:00,WH-North,1660,0.8607,0.9719,1,76.1,43
2025-12-06 00:00:00+00:00,WH-North,1433,0.8803,0.9799,0,69.44,0
2025-12-07 00:00:00+00:00,WH-North,1565,0.9643,0.9649,0,59.08,0
2025-12-08 00:00:00+00:00,WH-North,1289,0.9756,0.9885,0,68.79,0
2025-12-09 00:00:00+00:00,WH-North,1409,0.9316,0.9703,0,51.86,0
2025-12-10 00:00:00+00:00,WH-North,1201,0.9365,0.9771,0,53.12,0
2025-12-11 00:00:00+00:00,WH-North,1242,0.9777,0.9713,0,62.85,0
2025-12-12 00:00:00+00:00,WH-North,1617,0.8669,0.9511,2,69.05,130
2025-12-13 00:00:00+00:00,WH-North,1354,0.9282,0.9603,0,62.42,0
2025-12-14 00:00:00+00:00,WH-North,1433,0.9363,0.978,0,74.86,0
2025-12-15 00:00:00+00:00,WH-North,1402,0.9586,0.9505,0,70.98,0
2025-12-16 00:00:00+00:00,WH-North,1460,0.9806,0.961,0,67.44,0
2025-12-17 00:00:00+00:00,WH-North,1331,0.9782,0.999,0,57.37,0
2025-12-18 00:00:00+00:00,WH-North,1314,0.9157,0.9414,0,49.63,0
2025-12-19 00:00:00+00:00,WH-North,1717,0.9466,0.9861,0,79.9,0
2025-12-20 00:00:00+00:00,WH-North,1594,0.9085,0.9602,0,60.22,0
2025-12-21 00:00:00+00:00,WH-North,1453,0.9481,0.9744,0,63.76,0
2025-12-22 00:00:00+00:00,WH-North,1479,0.909,0.9725,1,80.92,15
2025-12-23 00:00:00+00:00,WH-North,1397,0.9356,0.9564,0,77.03,0
2025-12-24 00:00:00+00:00,WH-North,1190,0.931,0.9679,1,50.02,70
2025-12-25 00:00:00+00:00,WH-North,1394,0.8708,0.9662,1,64.11,31
2025-12-26 00:00:00+00:00,WH-North,1757,0.9177,0.9536,1,69.76,28
2025-12-27 00:00:00+00:00,WH-North,1431,0.8731,0.9502,2,54.36,136
2025-12-28 00:00:00+00:00,WH-North,1209,0.8976,0.9204,2,65.58,60
2025-12-29 00:00:00+00:00,WH-North,1194,0.8874,0.938,0,58.0,0
2025-12-30 00:00:00+00:00,WH-North,1324,0.9917,0.9735,0,64.45,0
2025-12-31 00:00:00+00:00,WH-North,1317,0.9296,0.9479,0,72.33,0
2026-01-01 00:00:00+00:00,WH-North,1773,0.9536,0.9817,0,90.74,0
2026-01-02 00:00:00+00:00,WH-North,1186,0.8571,0.9716,1,44.58,73
2026-01-03 00:00:00+00:00,WH-North,1677,0.8803,0.9569,0,74.89,0
2026-01-04 00:00:00+00:00,WH-North,1474,0.9106,0.9867,0,67.3,0
2026-01-05 00:00:00+00:00,WH-North,918,0.9832,0.9797,0,44.76,0
2026-01-06 00:00:00+00:00,WH-North,1662,0.9221,0.999,0,85.64,0
2026-01-07 00:00:00+00:00,WH-North,1023,0.9574,0.9605,0,38.89,0
2026-01-08 00:00:00+00:00,WH-North,1235,0.9163,0.9539,2,67.6,56
2026-01-09 00:00:00+00:00,WH-North,1290,0.8955,0.9614,0,48.7,0
2026-01-10 00:00:00+00:00,WH-North,1631,0.9292,0.9619,0,59.28,0
2026-01-11 00:00:00+00:00,WH-North,1549,0.9789,0.968,0,62.15,0
2026-01-12 00:00:00+00:00,WH-North,1553,0.946,0.9781,1,56.63,29
2026-01-13 00:00:00+00:00,WH-North,1279,0.9063,0.9563,1,58.45,14
2026-01-14 00:00:00+00:00,WH-North,1373,0.8951,0.9525,1,54.92,78
2026-01-15 00:00:00+00:00,WH-North,1357,0.9525,0.9608,0,54.48,0
2026-01-16 00:00:00+00:00,WH-North,1007,0.9005,0.9677,0,50.66,0
2026-01-17 00:00:00+00:00,WH-North,1564,0.9593,0.9891,0,70.25,0
2026-01-18 00:00:00+00:00,WH-North,1198,0.9856,0.9485,0,56.1,0
2026-01-19 00:00:00+00:00,WH-North,1399,0.9927,0.955,0,72.84,0
2026-01-20 00:00:00+00:00,WH-North,1442,0.9827,0.9493,0,71.39,0
2026-01-21 00:00:00+00:00,WH-North,1527,0.9388,0.9603,1,84.73,13
2026-01-22 00:00:00+00:00,WH-North,1145,0.9414,0.9575,0,41.66,0
2026-01-23 00:00:00+00:00,WH-North,1275,0.9096,0.9706,1,59.51,50
2026-01-24 00:00:00+00:00,WH-North,1326,0.9286,0.9542,0,57.17,0
2026-01-25 00:00:00+00:00,WH-North,1419,0.8775,0.9454,0,75.49,0
2026-01-26 00:00:00+00:00,WH-North,1630,0.9604,0.992,0,64.08,0
2026-01-27 00:00:00+00:00,WH-North,895,0.9833,0.9621,0,34.69,0
2026-01-28 00:00:00+00:00,WH-North,1448,0.9227,0.9724,1,59.04,62
2026-01-29 00:00:00+00:00,WH-North,1375,0.9561,0.9572,0,52.46,0
2026-01-30 00:00:00+00:00,WH-North,1275,0.9469,0.9666,0,70.2,0
2026-01-31 00:00:00+00:00,WH-North,1752,0.9184,0.9527,2,70.37,162
2026-02-01 00:00:00+00:00,WH-North,1453,0.9235,0.9641,2,52.53,100
2026-02-02 00:00:00+00:00,WH-North,1439,0.9597,0.9577,1,61.76,12
2026-02-03 00:00:00+00:00,WH-North,1426,0.9308,0.9613,0,73.0,0
2026-02-04 00:00:00+00:00,WH-North,1409,0.9607,0.9862,0,56.35,0
2026-02-05 00:00:00+00:00,WH-North,1581,0.9634,0.9611,0,64.45,0
2026-02-06 00:00:00+00:00,WH-North,1406,0.9073,0.9814,1,65.0,56
2026-02-07 00:00:00+00:00,WH-North,1404,0.956,0.9696,0,55.06,0
2026-02-08 00:00:00+00:00,WH-North,1491,0.9121,0.9814,0,74.09,0
2026-02-09 00:00:00+00:00,WH-North,1340,0.9094,0.9711,1,72.26,65
2026-02-10 00:00:00+00:00,WH-North,1524,0.8434,0.9545,1,59.3,26
2026-02-11 00:00:00+00:00,WH-North,1526,0.947,0.999,0,57.48,0
2026-02-12 00:00:00+00:00,WH-North,1419,0.9902,0.9436,0,60.68,0
2026-02-13 00:00:00+00:00,WH-North,1382,0.9946,0.95,0,49.4,0
2026-02-14 00:00:00+00:00,WH-North,1485,0.8878,0.957,0,58.48,0
2026-02-15 00:00:00+00:00,WH-North,1426,0.8911,0.9558,1,69.86,24
2026-02-16 00:00:00+00:00,WH-North,1282,0.9498,0.9664,0,47.08,0
2026-02-17 00:00:00+00:00,WH-North,1607,0.9218,0.9606,0,57.57,0
2026-02-18 00:00:00+00:00,WH-North,1460,0.9268,0.9664,0,66.84,0
2026-02-19 00:00:00+00:00,WH-North,1451,0.8937,0.9757,0,61.52,0
2026-02-20 00:00:00+00:00,WH-North,1385,0.9403,0.9472,0,49.63,0
2026-02-21 00:00:00+00:00,WH-North,1196,0.9634,0.999,0,65.92,0
2026-02-22 00:00:00+00:00,WH-North,1447,0.9528,0.9666,0,63.16,0
2026-02-23 00:00:00+00:00,WH-North,1313,0.9155,0.9559,1,54.08,47
2026-02-24 00:00:00+00:00,WH-North,1601,0.9607,0.9781,0,62.86,0
2026-02-25 00:00:00+00:00,WH-North,1305,0.8894,0.9211,0,70.8,0
2026-02-26 00:00:00+00:00,WH-North,1516,0.896,0.922,2,76.68,84
2026-02-27 00:00:00+00:00,WH-North,1420,0.9299,0.9704,0,75.72,0
2026-02-28 00:00:00+00:00,WH-North,1684,0.9602,0.9505,1,69.09,62
2026-03-01 00:00:00+00:00,WH-North,1890,0.9317,0.9787,0,94.35,0
2026-03-02 00:00:00+00:00,WH-North,1359,0.9285,0.9731,1,49.27,42
2026-03-03 00:00:00+00:00,WH-North,1442,0.962,0.9739,0,54.28,0
2026-03-04 00:00:00+00:00,WH-North,1513,0.9377,0.9539,1,72.09,84
2026-03-05 00:00:00+00:00,WH-North,1361,0.9473,0.9607,0,70.29,0
2026-03-06 00:00:00+00:00,WH-North,1177,0.8893,0.9773,1,51.52,71
2026-03-07 00:00:00+00:00,WH-North,1505,0.9046,0.9833,0,54.08,0
2026-03-08 00:00:00+00:00,WH-North,1489,0.9814,0.938,1,58.63,33
2026-03-09 00:00:00+00:00,WH-North,1366,0.9074,0.9756,0,75.3,0
2026-03-10 00:00:00+00:00,WH-North,1746,0.9582,0.9969,0,85.46,0
2026-03-11 00:00:00+00:00,WH-North,1252,0.9004,0.9582,0,63.39,0
2026-03-12 00:00:00+00:00,WH-North,1579,0.9355,0.9573,0,66.93,0
2026-03-13 00:00:00+00:00,WH-North,1388,0.9559,0.9675,0,68.89,0
2026-03-14 00:00:00+00:00,WH-North,1452,0.9442,0.9748,0,63.38,0
2026-03-15 00:00:00+00:00,WH-North,1235,0.8885,0.9752,0,47.48,0
2026-03-16 00:00:00+00:00,WH-North,1713,0.9257,0.9521,1,82.97,50
2026-03-17 00:00:00+00:00,WH-North,1318,0.9429,0.9831,0,55.82,0
2026-03-18 00:00:00+00:00,WH-North,1229,0.9126,0.937,1,51.46,24
2026-03-19 00:00:00+00:00,WH-North,1250,0.9597,0.9833,0,53.86,0
2026-03-20 00:00:00+00:00,WH-North,1419,0.9186,0.9586,0,60.74,0
2026-03-21 00:00:00+00:00,WH-North,1350,0.9574,0.9665,0,49.9,0
2026-03-22 00:00:00+00:00,WH-North,1559,0.9499,0.9767,0,73.96,0
2026-03-23 00:00:00+00:00,WH-North,1434,0.9467,0.969,0,71.9,0
2026-03-24 00:00:00+00:00,WH-North,1371,0.9402,0.9788,0,53.43,0
2026-03-25 00:00:00+00:00,WH-North,1161,0.9017,0.9661,0,41.92,0
2026-03-26 00:00:00+00:00,WH-North,1640,0.9359,0.9896,0,77.0,0
2026-03-27 00:00:00+00:00,WH-North,1273,0.9584,0.9467,0,46.38,0
2026-03-28 00:00:00+00:00,WH-North,1526,0.909,0.9508,0,70.77,0
2026-03-29 00:00:00+00:00,WH-North,1659,0.9415,0.9731,2,91.65,108
2026-03-30 00:00:00+00:00,WH-North,1715,0.8453,0.9505,1,67.86,69
2026-03-31 00:00:00+00:00,WH-North,1044,0.8836,0.9454,1,54.18,52
2026-04-01 00:00:00+00:00,WH-North,1456,0.9324,0.9501,1,65.06,60
2026-04-02 00:00:00+00:00,WH-North,1226,0.8844,0.9271,1,57.49,27
2026-04-03 00:00:00+00:00,WH-North,1661,0.9542,0.999,0,63.31,0
2026-04-04 00:00:00+00:00,WH-North,1711,0.957,0.9503,1,85.32,38
2026-04-05 00:00:00+00:00,WH-North,1095,0.9154,0.9627,0,55.42,0
2026-04-06 00:00:00+00:00,WH-North,1422,0.8714,0.9532,0,59.14,0
2026-04-07 00:00:00+00:00,WH-North,1245,0.9443,0.9663,1,51.81,12
2026-04-08 00:00:00+00:00,WH-North,1292,0.9115,0.9674,0,60.34,0
2026-04-09 00:00:00+00:00,WH-North,1474,0.9261,0.9729,1,73.24,65
2026-04-10 00:00:00+00:00,WH-North,1249,0.9061,0.9656,1,59.52,55
2026-04-11 00:00:00+00:00,WH-North,1518,0.9285,0.9715,1,59.9,75
2026-04-12 00:00:00+00:00,WH-North,1544,0.9122,0.9623,0,57.81,0
2026-04-13 00:00:00+00:00,WH-North,1363,0.9022,0.9577,2,50.79,150
2026-04-14 00:00:00+00:00,WH-North,1468,0.995,0.958,0,71.61,0
2026-04-15 00:00:00+00:00,WH-North,1555,0.955,0.9844,0,69.99,0
2026-04-16 00:00:00+00:00,WH-North,1314,0.9853,0.967,0,53.95,0
2026-04-17 00:00:00+00:00,WH-North,1422,0.9445,0.9656,0,57.57,0
2026-04-18 00:00:00+00:00,WH-North,1128,0.9183,0.9849,0,60.75,0
2026-04-19 00:00:00+00:00,WH-North,1672,0.9486,0.9615,1,61.19,59
2026-04-20 00:00:00+00:00,WH-North,1042,0.9395,0.969,0,47.15,0
2026-04-21 00:00:00+00:00,WH-North,1441,0.9128,0.9714,0,73.15,0
2026-04-22 00:00:00+00:00,WH-North,1453,0.991,0.9931,0,77.98,0
2026-04-23 00:00:00+00:00,WH-North,1407,0.9351,0.902,3,56.85,165
2026-04-24 00:00:00+00:00,WH-North,1278,0.901,0.9784,0,58.67,0
2026-04-25 00:00:00+00:00,WH-North,1283,0.883,0.9462,2,52.78,158
2026-04-26 00:00:00+00:00,WH-North,1355,0.9516,0.9704,1,48.75,27
2026-04-27 00:00:00+00:00,WH-North,1318,0.9729,0.9586,0,66.41,0
2026-04-28 00:00:00+00:00,WH-North,1388,0.9674,0.9592,0,72.85,0
2026-04-29 00:00:00+00:00,WH-North,1070,0.995,0.9447,0,38.23,0
2026-04-30 00:00:00+00:00,WH-North,1521,0.9064,0.9742,0,58.65,0
2026-05-01 00:00:00+00:00,WH-North,1527,0.9399,0.9725,1,69.95,22
2026-05-02 00:00:00+00:00,WH-North,1511,0.8529,0.9724,1,62.27,30
2026-05-03 00:00:00+00:00,WH-North,1410,0.9194,0.9572,0,71.69,0
2026-05-04 00:00:00+00:00,WH-North,1467,0.953,0.9566,1,70.87,73
2026-05-05 00:00:00+00:00,WH-North,1730,0.8991,0.957,0,62.09,0
2026-05-06 00:00:00+00:00,WH-North,1807,0.9165,0.9752,0,71.69,0
2026-05-07 00:00:00+00:00,WH-North,1479,0.995,0.9822,0,57.72,0
2026-05-08 00:00:00+00:00,WH-North,1233,0.951,0.9838,0,57.7,0
2026-05-09 00:00:00+00:00,WH-North,1269,0.9264,0.9598,1,55.71,16
2026-05-10 00:00:00+00:00,WH-North,1516,0.9712,0.9664,0,82.56,0
2026-05-11 00:00:00+00:00,WH-North,1408,0.995,0.9889,0,69.57,0
2026-05-12 00:00:00+00:00,WH-North,1404,0.964,0.9796,0,58.63,0
2026-05-13 00:00:00+00:00,WH-North,1816,0.9386,0.9766,0,71.12,0
2026-05-14 00:00:00+00:00,WH-North,1543,0.9387,0.9764,0,59.95,0
2026-05-15 00:00:00+00:00,WH-North,1317,0.956,0.9716,0,48.71,0
2026-05-16 00:00:00+00:00,WH-North,1363,0.9731,0.9787,0,52.3,0
2026-05-17 00:00:00+00:00,WH-North,1565,0.9253,0.9763,0,57.21,0
2026-05-18 00:00:00+00:00,WH-North,1117,0.9844,0.9488,0,39.98,0
2026-05-19 00:00:00+00:00,WH-North,1444,0.8943,0.981,0,69.61,0
2026-05-20 00:00:00+00:00,WH-North,1433,0.8828,0.9624,1,53.07,32
2026-05-21 00:00:00+00:00,WH-North,1280,0.9677,0.9579,0,62.34,0
2026-05-22 00:00:00+00:00,WH-North,1608,0.9501,0.9628,0,62.65,0
2026-05-23 00:00:00+00:00,WH-North,1329,0.9243,0.9423,1,49.01,43
2026-05-24 00:00:00+00:00,WH-North,1531,0.9934,0.9447,1,56.85,59
2026-05-25 00:00:00+00:00,WH-North,1582,0.9268,0.9758,1,58.61,15
2026-05-26 00:00:00+00:00,WH-North,1517,0.952,0.9697,1,55.17,81
2026-05-27 00:00:00+00:00,WH-North,1527,0.9812,0.9825,0,73.55,0
2026-05-28 00:00:00+00:00,WH-North,1405,0.9276,0.9679,0,52.07,0
2026-05-29 00:00:00+00:00,WH-North,1459,0.9069,0.9661,0,73.53,0
2026-05-30 00:00:00+00:00,WH-North,1410,0.9103,0.986,0,74.04,0
2026-05-31 00:00:00+00:00,WH-North,1530,0.9512,0.9805,1,78.22,70
2026-06-01 00:00:00+00:00,WH-North,1058,0.9186,0.9813,0,38.54,0
2026-06-02 00:00:00+00:00,WH-North,1478,0.9347,0.9825,0,70.71,0
2026-06-03 00:00:00+00:00,WH-North,1439,0.9582,0.9594,0,78.17,0
2026-06-04 00:00:00+00:00,WH-North,1734,0.9619,0.9627,0,88.31,0
2026-06-05 00:00:00+00:00,WH-North,1407,0.897,0.9523,2,52.98,38
2026-06-06 00:00:00+00:00,WH-North,1531,0.868,0.9056,3,61.11,141
2026-06-07 00:00:00+00:00,WH-North,1289,0.9392,0.9679,0,68.64,0
2026-06-08 00:00:00+00:00,WH-North,1557,0.8985,0.9614,0,72.41,0
2026-06-09 00:00:00+00:00,WH-North,1242,0.9212,0.9687,1,51.55,62
2026-06-10 00:00:00+00:00,WH-North,1563,0.8596,0.962,1,69.35,89
2026-06-11 00:00:00+00:00,WH-North,1308,0.8856,0.9662,0,47.99,0
2026-06-12 00:00:00+00:00,WH-North,1467,0.9295,0.985,0,54.21,0
2026-06-13 00:00:00+00:00,WH-North,1485,0.9129,0.9597,0,68.63,0
2026-06-14 00:00:00+00:00,WH-North,1648,0.9291,0.999,0,60.79,0
2026-06-15 00:00:00+00:00,WH-North,1283,0.9001,0.9581,0,56.04,0
2026-06-16 00:00:00+00:00,WH-North,1205,0.9514,0.9706,1,61.3,75
2026-06-17 00:00:00+00:00,WH-North,1263,0.9374,0.9741,0,48.63,0
2026-06-18 00:00:00+00:00,WH-North,1472,0.9167,0.8944,1,76.92,17
2026-06-19 00:00:00+00:00,WH-North,1234,0.9016,0.9924,0,46.75,0
2026-06-20 00:00:00+00:00,WH-North,1637,0.9552,0.9712,0,62.03,0
2026-06-21 00:00:00+00:00,WH-North,1515,0.9513,0.96,0,57.63,0
2026-06-22 00:00:00+00:00,WH-North,1412,0.9281,0.9704,1,59.19,18
2026-06-23 00:00:00+00:00,WH-North,1196,0.9633,0.9806,0,46.74,0
2026-06-24 00:00:00+00:00,WH-North,1773,0.9747,0.9764,0,75.3,0
2026-06-25 00:00:00+00:00,WH-North,1225,0.9204,0.9814,0,55.87,0
2026-06-26 00:00:00+00:00,WH-North,1926,0.9469,0.9379,0,101.59,0
2026-06-27 00:00:00+00:00,WH-North,1604,0.9882,0.9554,0,61.78,0
2026-06-28 00:00:00+00:00,WH-North,1565,0.9705,0.9818,0,70.98,0
2026-06-29 00:00:00+00:00,WH-North,1469,0.8822,0.9325,1,55.72,29
2026-06-30 00:00:00+00:00,WH-North,1472,0.9623,0.981,0,66.69,0
2026-07-01 00:00:00+00:00,WH-North,1451,0.9306,0.9809,0,62.02,0
2026-07-02 00:00:00+00:00,WH-North,1584,0.9347,0.9655,0,65.71,0
2026-07-03 00:00:00+00:00,WH-North,1624,0.9578,0.9585,1,72.87,89
2026-07-04 00:00:00+00:00,WH-North,1199,0.9543,0.9616,1,50.81,39
2026-07-05 00:00:00+00:00,WH-North,1268,0.9512,0.9803,0,56.97,0
2026-07-06 00:00:00+00:00,WH-North,1853,0.9456,0.9787,0,77.86,0
2026-07-07 00:00:00+00:00,WH-North,1886,0.9716,0.9568,1,67.53,32
2026-07-08 00:00:00+00:00,WH-North,1558,0.9734,0.9584,0,75.2,0
2026-07-09 00:00:00+00:00,WH-North,1370,0.922,0.9773,0,60.97,0
2026-07-10 00:00:00+00:00,WH-North,1373,0.99,0.9792,0,49.52,0
2026-07-11 00:00:00+00:00,WH-North,1570,0.9389,0.9942,0,74.53,0
2026-07-12 00:00:00+00:00,WH-North,1363,0.9099,0.9643,1,69.26,28
2026-07-13 00:00:00+00:00,WH-North,1361,0.9521,0.9748,0,65.37,0
2026-07-14 00:00:00+00:00,WH-North,1415,0.9625,0.9953,0,76.82,0
2026-07-15 00:00:00+00:00,WH-North,1535,0.9294,0.9498,1,57.68,75
2026-07-16 00:00:00+00:00,WH-North,1669,0.8994,0.9436,0,77.37,0
2026-07-17 00:00:00+00:00,WH-North,1242,0.9404,0.9748,0,52.72,0
2026-07-18 00:00:00+00:00,WH-North,1374,0.9253,0.9942,0,69.46,0
2026-07-19 00:00:00+00:00,WH-North,1421,0.9476,0.9772,0,73.47,0
2026-07-20 00:00:00+00:00,WH-North,1394,0.951,0.9358,1,67.68,77
2026-07-21 00:00:00+00:00,WH-North,1888,0.9126,0.9592,0,75.82,0
2026-07-22 00:00:00+00:00,WH-North,1304,0.9326,0.9884,0,69.44,0
2026-07-23 00:00:00+00:00,WH-North,1352,0.9043,0.9129,2,65.33,146
2026-07-24 00:00:00+00:00,WH-North,1631,0.9508,0.9767,0,76.72,0
2026-07-25 00:00:00+00:00,WH-North,1264,0.9349,0.9787,0,61.19,0
2026-07-26 00:00:00+00:00,WH-North,1192,0.8904,0.9854,0,65.48,0
2026-07-27 00:00:00+00:00,WH-North,1315,0.9007,0.9917,0,59.07,0
2026-07-28 00:00:00+00:00,WH-North,1559,0.8835,0.9883,0,82.05,0
2026-07-29 00:00:00+00:00,WH-North,1247,0.9493,0.9383,1,49.61,59
2026-07-30 00:00:00+00:00,WH-North,1241,0.9107,0.9477,0,67.04,0
2026-07-31 00:00:00+00:00,WH-North,1348,0.9294,0.9675,0,55.61,0
2026-08-01 00:00:00+00:00,WH-North,1213,0.9451,0.9437,0,43.6,0
2026-08-02 00:00:00+00:00,WH-North,1313,0.9516,0.9526,0,63.58,0
2026-08-03 00:00:00+00:00,WH-North,1499,0.9349,0.9662,0,78.01,0
2026-08-04 00:00:00+00:00,WH-North,1706,0.9082,0.9696,0,67.65,0
2023-01-01 00:00:00+00:00,WH-South,1932,0.9412,0.9611,1,72.73,89
2023-01-02 00:00:00+00:00,WH-South,1677,0.9325,0.9548,0,79.58,0
2023-01-03 00:00:00+00:00,WH-South,2327,0.9315,0.985,0,95.03,0
2023-01-04 00:00:00+00:00,WH-South,1909,0.9586,0.9667,0,69.73,0
2023-01-05 00:00:00+00:00,WH-South,1510,0.9734,0.9321,1,79.85,33
2023-01-06 00:00:00+00:00,WH-South,2019,0.9398,0.9614,0,97.97,0
2023-01-07 00:00:00+00:00,WH-South,1860,0.9266,0.9731,1,67.84,76
2023-01-08 00:00:00+00:00,WH-South,1793,0.9031,0.9438,2,88.92,40
2023-01-09 00:00:00+00:00,WH-South,1572,0.9213,0.9971,0,62.78,0
2023-01-10 00:00:00+00:00,WH-South,1756,0.9665,0.9628,0,66.12,0
2023-01-11 00:00:00+00:00,WH-South,2087,0.9499,0.9399,1,99.82,43
2023-01-12 00:00:00+00:00,WH-South,1969,0.995,0.9726,0,89.14,0
2023-01-13 00:00:00+00:00,WH-South,2125,0.9486,0.9605,0,79.81,0
2023-01-14 00:00:00+00:00,WH-South,1820,0.9773,0.9516,1,88.7,76
2023-01-15 00:00:00+00:00,WH-South,1664,0.984,0.9888,0,72.05,0
2023-01-16 00:00:00+00:00,WH-South,1518,0.9435,0.9822,0,80.28,0
2023-01-17 00:00:00+00:00,WH-South,2078,0.9524,0.972,0,96.28,0
2023-01-18 00:00:00+00:00,WH-South,2070,0.9059,0.9743,0,98.0,0
2023-01-19 00:00:00+00:00,WH-South,1923,0.9109,0.9901,0,94.22,0
2023-01-20 00:00:00+00:00,WH-South,1811,0.9759,0.999,0,69.4,0
2023-01-21 00:00:00+00:00,WH-South,1640,0.949,0.9544,0,79.5,0
2023-01-22 00:00:00+00:00,WH-South,1811,0.924,0.9818,0,81.82,0
2023-01-23 00:00:00+00:00,WH-South,1895,0.9422,0.9519,0,93.43,0
2023-01-24 00:00:00+00:00,WH-South,2038,0.9263,0.984,1,75.97,65
2023-01-25 00:00:00+00:00,WH-South,1909,0.9629,0.9794,0,97.77,0
2023-01-26 00:00:00+00:00,WH-South,1726,0.9876,0.9633,0,63.21,0
2023-01-27 00:00:00+00:00,WH-South,1966,0.9624,0.999,0,83.02,0
2023-01-28 00:00:00+00:00,WH-South,2352,0.9025,0.9603,0,101.15,0
2023-01-29 00:00:00+00:00,WH-South,1781,0.9519,0.9473,1,79.44,28
2023-01-30 00:00:00+00:00,WH-South,1827,0.9738,0.9606,0,66.83,0
2023-01-31 00:00:00+00:00,WH-South,1706,0.9092,0.9792,0,62.98,0
2023-02-01 00:00:00+00:00,WH-South,1896,0.9205,0.9465,0,73.7,0
2023-02-02 00:00:00+00:00,WH-South,1889,0.9419,0.9434,1,68.82,18
2023-02-03 00:00:00+00:00,WH-South,1778,0.9143,0.9595,0,68.67,0
2023-02-04 00:00:00+00:00,WH-South,2019,0.9174,0.9467,0,100.19,0
2023-02-05 00:00:00+00:00,WH-South,2007,0.9946,0.9606,0,84.88,0
2023-02-06 00:00:00+00:00,WH-South,1851,0.8992,0.9602,0,73.82,0
2023-02-07 00:00:00+00:00,WH-South,2385,0.9764,0.9603,0,86.8,0
2023-02-08 00:00:00+00:00,WH-South,1921,0.9401,0.9669,1,70.32,61
2023-02-09 00:00:00+00:00,WH-South,1433,0.9244,0.9611,0,65.79,0
2023-02-10 00:00:00+00:00,WH-South,1716,0.991,0.9801,0,77.36,0
2023-02-11 00:00:00+00:00,WH-South,1901,0.9662,0.9476,0,93.62,0
2023-02-12 00:00:00+00:00,WH-South,1654,0.9153,0.9518,0,68.62,0
2023-02-13 00:00:00+00:00,WH-South,1947,0.9306,0.9696,1,99.15,35
2023-02-14 00:00:00+00:00,WH-South,2085,0.923,0.9854,0,103.73,0
2023-02-15 00:00:00+00:00,WH-South,1894,0.9243,0.956,0,73.85,0
2023-02-16 00:00:00+00:00,WH-South,1756,0.8927,0.9861,0,76.2,0
2023-02-17 00:00:00+00:00,WH-South,2137,0.9733,0.975,0,103.96,0
2023-02-18 00:00:00+00:00,WH-South,1851,0.995,0.9867,0,75.29,0
2023-02-19 00:00:00+00:00,WH-South,2215,0.9057,0.9673,0,117.45,0
2023-02-20 00:00:00+00:00,WH-South,1698,0.995,0.999,0,65.65,0
2023-02-21 00:00:00+00:00,WH-South,1824,0.9337,0.9736,0,79.12,0
2023-02-22 00:00:00+00:00,WH-South,1362,0.9229,0.999,0,56.36,0
2023-02-23 00:00:00+00:00,WH-South,1820,0.9259,0.95,0,77.67,0
2023-02-24 00:00:00+00:00,WH-South,1820,0.9289,0.9578,2,78.65,32
2023-02-25 00:00:00+00:00,WH-South,1980,0.9631,0.9487,0,90.04,0
2023-02-26 00:00:00+00:00,WH-South,2078,0.9294,0.9655,0,83.92,0
2023-02-27 00:00:00+00:00,WH-South,2005,0.9364,0.9466,0,101.23,0
2023-02-28 00:00:00+00:00,WH-South,1921,0.9466,0.9726,1,83.55,51
2023-03-01 00:00:00+00:00,WH-South,1623,0.9815,0.974,0,83.66,0
2023-03-02 00:00:00+00:00,WH-South,1973,0.947,0.9828,0,80.29,0
2023-03-03 00:00:00+00:00,WH-South,1992,0.9378,0.9508,0,89.34,0
2023-03-04 00:00:00+00:00,WH-South,1841,0.9365,0.9588,1,71.33,57
2023-03-05 00:00:00+00:00,WH-South,1763,0.9392,0.9758,0,75.07,0
2023-03-06 00:00:00+00:00,WH-South,1892,0.9214,0.9647,0,87.86,0
2023-03-07 00:00:00+00:00,WH-South,1862,0.9453,0.999,0,72.38,0
2023-03-08 00:00:00+00:00,WH-South,1804,0.9086,0.9566,1,65.9,34
2023-03-09 00:00:00+00:00,WH-South,1476,0.9126,0.9751,0,57.56,0
2023-03-10 00:00:00+00:00,WH-South,1592,0.9611,0.9677,0,70.79,0
2023-03-11 00:00:00+00:00,WH-South,1757,0.9348,0.9362,1,78.81,58
2023-03-12 00:00:00+00:00,WH-South,1645,0.8941,0.961,0,64.49,0
2023-03-13 00:00:00+00:00,WH-South,2045,0.9769,0.9774,0,94.97,0
2023-03-14 00:00:00+00:00,WH-South,1936,0.8818,0.9153,4,101.88,188
2023-03-15 00:00:00+00:00,WH-South,1616,0.875,0.9643,1,73.06,82
2023-03-16 00:00:00+00:00,WH-South,1717,0.8854,0.9663,0,82.71,0
2023-03-17 00:00:00+00:00,WH-South,1957,0.8933,0.9376,2,104.39,174
2023-03-18 00:00:00+00:00,WH-South,2092,0.93,0.9821,0,84.57,0
2023-03-19 00:00:00+00:00,WH-South,1781,0.9338,0.9693,0,82.39,0
2023-03-20 00:00:00+00:00,WH-South,2180,0.935,0.9622,0,93.0,0
2023-03-21 00:00:00+00:00,WH-South,1806,0.9321,0.9695,0,79.35,0
2023-03-22 00:00:00+00:00,WH-South,1831,0.972,0.9691,0,94.15,0
2023-03-23 00:00:00+00:00,WH-South,1722,0.8957,0.987,0,94.94,0
2023-03-24 00:00:00+00:00,WH-South,1821,0.9027,0.9697,0,86.25,0
2023-03-25 00:00:00+00:00,WH-South,1793,0.9335,0.955,0,66.88,0
2023-03-26 00:00:00+00:00,WH-South,1433,0.8917,0.9611,0,78.35,0
2023-03-27 00:00:00+00:00,WH-South,1953,0.9192,0.999,0,81.91,0
2023-03-28 00:00:00+00:00,WH-South,1634,0.9226,0.931,1,78.21,77
2023-03-29 00:00:00+00:00,WH-South,2051,0.9361,0.9624,0,79.58,0
2023-03-30 00:00:00+00:00,WH-South,1789,0.9634,0.9649,0,97.24,0
2023-03-31 00:00:00+00:00,WH-South,1786,0.9084,0.956,0,76.12,0
2023-04-01 00:00:00+00:00,WH-South,1837,0.8788,0.9677,1,84.98,79
2023-04-02 00:00:00+00:00,WH-South,1708,0.8562,0.9743,0,69.92,0
2023-04-03 00:00:00+00:00,WH-South,1948,0.995,0.9463,0,88.63,0
2023-04-04 00:00:00+00:00,WH-South,1761,0.9201,0.9644,0,86.17,0
2023-04-05 00:00:00+00:00,WH-South,2161,0.9481,0.9589,0,78.9,0
2023-04-06 00:00:00+00:00,WH-South,1706,0.9444,0.9652,0,64.29,0
2023-04-07 00:00:00+00:00,WH-South,2332,0.9187,0.9488,0,100.56,0
2023-04-08 00:00:00+00:00,WH-South,1869,0.9018,0.9687,0,78.52,0
2023-04-09 00:00:00+00:00,WH-South,1783,0.9414,0.9888,0,76.17,0
2023-04-10 00:00:00+00:00,WH-South,1963,0.9298,0.9728,0,99.31,0
2023-04-11 00:00:00+00:00,WH-South,1857,0.9137,0.9554,0,68.64,0
2023-04-12 00:00:00+00:00,WH-South,1461,0.8552,0.9461,1,56.4,45
2023-04-13 00:00:00+00:00,WH-South,2029,0.9378,0.9857,0,74.86,0
2023-04-14 00:00:00+00:00,WH-South,1786,0.9694,0.9479,0,81.95,0
2023-04-15 00:00:00+00:00,WH-South,1938,0.9194,0.9688,0,87.2,0
2023-04-16 00:00:00+00:00,WH-South,1705,0.9295,0.9889,0,62.07,0
2023-04-17 00:00:00+00:00,WH-South,1818,0.9128,0.9531,1,69.32,16
2023-04-18 00:00:00+00:00,WH-South,1784,0.9665,0.9703,0,72.55,0
2023-04-19 00:00:00+00:00,WH-South,1846,0.9749,0.9691,0,91.78,0
2023-04-20 00:00:00+00:00,WH-South,1678,0.9482,0.971,0,62.45,0
2023-04-21 00:00:00+00:00,WH-South,2051,0.995,0.9559,0,95.0,0
2023-04-22 00:00:00+00:00,WH-South,1676,0.9104,0.9466,2,69.17,162
2023-04-23 00:00:00+00:00,WH-South,1847,0.9377,0.9805,0,89.86,0
2023-04-24 00:00:00+00:00,WH-South,1849,0.9736,0.9882,0,84.55,0
2023-04-25 00:00:00+00:00,WH-South,1978,0.9206,0.9481,0,99.95,0
2023-04-26 00:00:00+00:00,WH-South,1592,0.9074,0.974,0,58.9,0
2023-04-27 00:00:00+00:00,WH-South,1606,0.9146,0.9861,1,73.53,80
2023-04-28 00:00:00+00:00,WH-South,1708,0.9578,0.9611,0,66.14,0
2023-04-29 00:00:00+00:00,WH-South,1782,0.9163,0.9484,1,64.32,32
2023-04-30 00:00:00+00:00,WH-South,1997,0.9622,0.9637,0,83.64,0
2023-05-01 00:00:00+00:00,WH-South,1825,0.9656,0.9707,0,84.11,0
2023-05-02 00:00:00+00:00,WH-South,1438,0.9246,0.9702,1,58.98,73
2023-05-03 00:00:00+00:00,WH-South,1760,0.9371,0.9796,0,65.51,0
2023-05-04 00:00:00+00:00,WH-South,1936,0.8898,0.9534,1,94.61,56
2023-05-05 00:00:00+00:00,WH-South,1576,0.9354,0.9613,2,65.06,98
2023-05-06 00:00:00+00:00,WH-South,1819,0.8882,0.969,1,74.08,39
2023-05-07 00:00:00+00:00,WH-South,1943,0.9266,0.9892,0,72.96,0
2023-05-08 00:00:00+00:00,WH-South,1748,0.9287,0.9575,1,66.87,38
2023-05-09 00:00:00+00:00,WH-South,1956,0.9002,0.9857,0,91.17,0
2023-05-10 00:00:00+00:00,WH-South,1796,0.885,0.9525,1,65.68,34
2023-05-11 00:00:00+00:00,WH-South,1593,0.9381,0.9526,1,63.6,64
2023-05-12 00:00:00+00:00,WH-South,1549,0.8991,0.9888,0,69.95,0
2023-05-13 00:00:00+00:00,WH-South,1998,0.9411,0.9858,0,88.43,0
2023-05-14 00:00:00+00:00,WH-South,1766,0.8978,0.9467,0,87.09,0
2023-05-15 00:00:00+00:00,WH-South,1622,0.9447,0.9776,0,79.11,0
2023-05-16 00:00:00+00:00,WH-South,1655,0.9082,0.9821,0,77.79,0
2023-05-17 00:00:00+00:00,WH-South,2170,0.9513,0.9834,0,90.54,0
2023-05-18 00:00:00+00:00,WH-South,1939,0.9688,0.9696,0,96.02,0
2023-05-19 00:00:00+00:00,WH-South,1878,0.9431,0.9535,0,70.83,0
2023-05-20 00:00:00+00:00,WH-South,1846,0.9404,0.9835,0,67.35,0
2023-05-21 00:00:00+00:00,WH-South,1925,0.9813,0.9489,0,72.6,0
2023-05-22 00:00:00+00:00,WH-South,2247,0.924,0.9802,0,106.8,0
2023-05-23 00:00:00+00:00,WH-South,1559,0.9815,0.9977,0,65.24,0
2023-05-24 00:00:00+00:00,WH-South,1741,0.9371,0.9321,1,81.22,37
2023-05-25 00:00:00+00:00,WH-South,1685,0.9731,0.9772,1,90.48,15
2023-05-26 00:00:00+00:00,WH-South,1686,0.9535,0.948,1,88.28,33
2023-05-27 00:00:00+00:00,WH-South,2016,0.915,0.9635,0,83.51,0
2023-05-28 00:00:00+00:00,WH-South,1706,0.995,0.9405,1,69.75,18
2023-05-29 00:00:00+00:00,WH-South,2280,0.8949,0.944,0,97.89,0
2023-05-30 00:00:00+00:00,WH-South,1677,0.9413,0.9358,1,80.84,51
2023-05-31 00:00:00+00:00,WH-South,1704,0.8406,0.9539,1,67.27,67
2023-06-01 00:00:00+00:00,WH-South,2094,0.9468,0.9577,0,75.91,0
2023-06-02 00:00:00+00:00,WH-South,1698,0.9296,0.9485,0,75.44,0
2023-06-03 00:00:00+00:00,WH-South,1943,0.9537,0.9788,0,82.01,0
2023-06-04 00:00:00+00:00,WH-South,1764,0.9645,0.9735,0,77.43,0
2023-06-05 00:00:00+00:00,WH-South,1908,0.9337,0.9637,1,98.67,60
2023-06-06 00:00:00+00:00,WH-South,1801,0.9285,0.9627,1,80.67,86
2023-06-07 00:00:00+00:00,WH-South,2035,0.9391,0.9827,0,80.74,0
2023-06-08 00:00:00+00:00,WH-South,2193,0.942,0.9646,0,107.27,0
2023-06-09 00:00:00+00:00,WH-South,1445,0.9352,0.9774,0,65.42,0
2023-06-10 00:00:00+00:00,WH-South,2187,0.9418,0.9664,1,88.41,29
2023-06-11 00:00:00+00:00,WH-South,1706,0.9177,0.9356,0,61.01,0
2023-06-12 00:00:00+00:00,WH-South,1716,0.9187,0.9874,0,89.22,0
2023-06-13 00:00:00+00:00,WH-South,1691,0.9139,0.9266,0,71.74,0
2023-06-14 00:00:00+00:00,WH-South,1925,0.9734,0.959,0,91.04,0
2023-06-15 00:00:00+00:00,WH-South,1865,0.9573,0.9692,0,82.63,0
2023-06-16 00:00:00+00:00,WH-South,1731,0.9692,0.9679,0,83.23,0
2023-06-17 00:00:00+00:00,WH-South,2030,0.9679,0.9656,0,105.97,0
2023-06-18 00:00:00+00:00,WH-South,1720,0.9559,0.9669,0,94.57,0
2023-06-19 00:00:00+00:00,WH-South,1817,0.9312,0.9677,0,67.59,0
2023-06-20 00:00:00+00:00,WH-South,1902,0.9514,0.9547,0,94.95,0
2023-06-21 00:00:00+00:00,WH-South,1757,0.933,0.9455,1,93.89,71
2023-06-22 00:00:00+00:00,WH-South,1983,0.9405,0.9535,0,72.1,0
2023-06-23 00:00:00+00:00,WH-South,1855,0.9705,0.9792,0,68.96,0
2023-06-24 00:00:00+00:00,WH-South,2123,0.9504,0.9549,0,105.84,0
2023-06-25 00:00:00+00:00,WH-South,1595,0.9257,0.9583,1,57.25,79
2023-06-26 00:00:00+00:00,WH-South,1957,0.9165,0.9788,0,78.15,0
2023-06-27 00:00:00+00:00,WH-South,1823,0.904,0.9726,1,69.96,44
2023-06-28 00:00:00+00:00,WH-South,1733,0.9072,0.985,0,75.07,0
2023-06-29 00:00:00+00:00,WH-South,1859,0.9055,0.9588,1,71.87,19
2023-06-30 00:00:00+00:00,WH-South,1642,0.9479,0.9675,0,83.08,0
2023-07-01 00:00:00+00:00,WH-South,1979,0.9297,0.9623,0,82.48,0
2023-07-02 00:00:00+00:00,WH-South,1747,0.9384,0.9779,1,79.93,45
2023-07-03 00:00:00+00:00,WH-South,1819,0.9153,0.9687,0,98.38,0
2023-07-04 00:00:00+00:00,WH-South,1808,0.9074,0.9746,0,100.28,0
2023-07-05 00:00:00+00:00,WH-South,1900,0.8991,0.9649,0,71.4,0
2023-07-06 00:00:00+00:00,WH-South,2145,0.9265,0.9649,0,77.19,0
2023-07-07 00:00:00+00:00,WH-South,1795,0.9179,0.9586,0,64.89,0
2023-07-08 00:00:00+00:00,WH-South,1952,0.8881,0.9709,0,81.17,0
2023-07-09 00:00:00+00:00,WH-South,2070,0.9265,0.9824,0,82.67,0
2023-07-10 00:00:00+00:00,WH-South,1860,0.9044,0.9722,0,81.06,0
2023-07-11 00:00:00+00:00,WH-South,1944,0.9293,0.9869,0,90.82,0
2023-07-12 00:00:00+00:00,WH-South,1651,0.9397,0.969,1,68.47,57
2023-07-13 00:00:00+00:00,WH-South,1665,0.9581,0.984,0,67.47,0
2023-07-14 00:00:00+00:00,WH-South,1537,0.9149,0.9538,1,56.4,60
2023-07-15 00:00:00+00:00,WH-South,2041,0.9308,0.9219,1,80.49,48
2023-07-16 00:00:00+00:00,WH-South,1799,0.9319,0.9652,1,96.11,57
2023-07-17 00:00:00+00:00,WH-South,1647,0.8705,0.9611,0,66.09,0
2023-07-18 00:00:00+00:00,WH-South,2052,0.9104,0.9737,1,83.47,73
2023-07-19 00:00:00+00:00,WH-South,1943,0.9124,0.9355,1,104.24,87
2023-07-20 00:00:00+00:00,WH-South,1771,0.9153,0.9746,0,79.47,0
2023-07-21 00:00:00+00:00,WH-South,1824,0.9855,0.9808,0,71.65,0
2023-07-22 00:00:00+00:00,WH-South,1617,0.9857,0.9776,0,81.56,0
2023-07-23 00:00:00+00:00,WH-South,1642,0.9551,0.9626,0,64.4,0
2023-07-24 00:00:00+00:00,WH-South,1871,0.9552,0.9818,0,70.86,0
2023-07-25 00:00:00+00:00,WH-South,1602,0.9236,0.9827,0,85.59,0
2023-07-26 00:00:00+00:00,WH-South,1893,0.8748,0.935,2,68.94,44
2023-07-27 00:00:00+00:00,WH-South,1765,0.9552,0.9717,0,77.17,0
2023-07-28 00:00:00+00:00,WH-South,1969,0.9583,0.9687,0,73.9,0
2023-07-29 00:00:00+00:00,WH-South,1768,0.9034,0.9591,1,77.16,28
2023-07-30 00:00:00+00:00,WH-South,1392,0.9307,0.9438,1,56.22,85
2023-07-31 00:00:00+00:00,WH-South,1947,0.9498,0.9876,0,72.4,0
2023-08-01 00:00:00+00:00,WH-South,1767,0.9619,0.9686,0,66.31,0
2023-08-02 00:00:00+00:00,WH-South,1963,0.9594,0.9842,0,81.73,0
2023-08-03 00:00:00+00:00,WH-South,2156,0.9227,0.9623,1,118.74,72
2023-08-04 00:00:00+00:00,WH-South,1912,0.9699,0.9971,0,74.48,0
2023-08-05 00:00:00+00:00,WH-South,2177,0.9763,0.9639,0,102.65,0
2023-08-06 00:00:00+00:00,WH-South,1793,0.9554,0.9593,0,82.63,0
2023-08-07 00:00:00+00:00,WH-South,1852,0.9129,0.9841,0,91.07,0
2023-08-08 00:00:00+00:00,WH-South,1911,0.9544,0.9519,0,88.09,0
2023-08-09 00:00:00+00:00,WH-South,1619,0.9591,0.9661,1,68.66,23
2023-08-10 00:00:00+00:00,WH-South,2013,0.9414,0.9354,2,71.92,60
2023-08-11 00:00:00+00:00,WH-South,1622,0.9687,0.9901,0,77.46,0
2023-08-12 00:00:00+00:00,WH-South,1798,0.9535,0.9804,0,80.7,0
2023-08-13 00:00:00+00:00,WH-South,1501,0.8361,0.9505,2,65.56,90
2023-08-14 00:00:00+00:00,WH-South,2063,0.995,0.978,0,98.02,0
2023-08-15 00:00:00+00:00,WH-South,1879,0.9383,0.9841,0,68.15,0
2023-08-16 00:00:00+00:00,WH-South,2037,0.8894,0.9707,1,75.35,22
2023-08-17 00:00:00+00:00,WH-South,2371,0.9253,0.9428,0,107.87,0
2023-08-18 00:00:00+00:00,WH-South,1749,0.995,0.9603,0,73.13,0
2023-08-19 00:00:00+00:00,WH-South,1811,0.9098,0.9807,1,99.8,14
2023-08-20 00:00:00+00:00,WH-South,1522,0.9662,0.9678,0,83.49,0
2023-08-21 00:00:00+00:00,WH-South,1737,0.8467,0.9607,2,77.31,98
2023-08-22 00:00:00+00:00,WH-South,1642,0.8942,0.9172,2,58.67,134
2023-08-23 00:00:00+00:00,WH-South,1973,0.9473,0.9453,0,90.13,0
2023-08-24 00:00:00+00:00,WH-South,1991,0.8833,0.976,0,102.64,0
2023-08-25 00:00:00+00:00,WH-South,1934,0.9652,0.9341,1,75.52,19
2023-08-26 00:00:00+00:00,WH-South,1866,0.995,0.9719,1,93.94,52
2023-08-27 00:00:00+00:00,WH-South,1821,0.8549,0.9304,2,70.81,70
2023-08-28 00:00:00+00:00,WH-South,1941,0.9776,0.9602,1,95.77,37
2023-08-29 00:00:00+00:00,WH-South,1657,0.8913,0.9685,0,86.27,0
2023-08-30 00:00:00+00:00,WH-South,1851,0.8633,0.9263,1,102.7,41
2023-08-31 00:00:00+00:00,WH-South,1446,0.9612,0.9956,0,61.07,0
2023-09-01 00:00:00+00:00,WH-South,1873,0.995,0.9734,0,73.18,0
2023-09-02 00:00:00+00:00,WH-South,1653,0.9308,0.9753,0,60.5,0
2023-09-03 00:00:00+00:00,WH-South,1773,0.9336,0.9475,0,86.81,0
2023-09-04 00:00:00+00:00,WH-South,1569,0.9004,0.9591,1,57.11,37
2023-09-05 00:00:00+00:00,WH-South,1536,0.9748,0.9783,0,71.91,0
2023-09-06 00:00:00+00:00,WH-South,1808,0.9008,0.9554,0,85.54,0
2023-09-07 00:00:00+00:00,WH-South,1751,0.9537,0.9628,0,80.0,0
2023-09-08 00:00:00+00:00,WH-South,1920,0.9404,0.9808,0,105.29,0
2023-09-09 00:00:00+00:00,WH-South,1491,0.8774,0.989,0,58.38,0
2023-09-10 00:00:00+00:00,WH-South,1910,0.8903,0.9728,0,94.62,0
2023-09-11 00:00:00+00:00,WH-South,1752,0.9486,0.9649,0,95.12,0
2023-09-12 00:00:00+00:00,WH-South,1931,0.9289,0.9736,0,87.22,0
2023-09-13 00:00:00+00:00,WH-South,1534,0.9435,0.9664,0,63.16,0
2023-09-14 00:00:00+00:00,WH-South,1672,0.9524,0.9609,0,70.95,0
2023-09-15 00:00:00+00:00,WH-South,1754,0.995,0.9664,0,72.38,0
2023-09-16 00:00:00+00:00,WH-South,1691,0.9653,0.9896,0,88.09,0
2023-09-17 00:00:00+00:00,WH-South,1830,0.896,0.9609,0,73.0,0
2023-09-18 00:00:00+00:00,WH-South,1767,0.9181,0.9907,1,76.61,86
2023-09-19 00:00:00+00:00,WH-South,1609,0.9114,0.9774,0,80.44,0
2023-09-20 00:00:00+00:00,WH-South,1943,0.9219,0.9785,0,99.93,0
2023-09-21 00:00:00+00:00,WH-South,1755,0.9481,0.9623,0,81.43,0
2023-09-22 00:00:00+00:00,WH-South,1839,0.9497,0.9534,0,90.58,0
2023-09-23 00:00:00+00:00,WH-South,1748,0.9141,0.9714,1,84.87,77
2023-09-24 00:00:00+00:00,WH-South,1786,0.9417,0.9767,0,78.39,0
2023-09-25 00:00:00+00:00,WH-South,1909,0.9145,0.9403,1,86.72,89
2023-09-26 00:00:00+00:00,WH-South,1974,0.9005,0.9618,0,105.24,0
2023-09-27 00:00:00+00:00,WH-South,2169,0.9833,0.9612,0,113.15,0
2023-09-28 00:00:00+00:00,WH-South,1598,0.9063,0.9698,0,70.86,0
2023-09-29 00:00:00+00:00,WH-South,2143,0.9642,0.9946,0,117.51,0
2023-09-30 00:00:00+00:00,WH-South,2084,0.928,0.9616,1,104.96,58
2023-10-01 00:00:00+00:00,WH-South,2030,0.9024,0.9693,1,85.35,81
2023-10-02 00:00:00+00:00,WH-South,1948,0.9476,0.9575,1,70.27,31
2023-10-03 00:00:00+00:00,WH-South,2063,0.9759,0.9941,0,103.48,0
2023-10-04 00:00:00+00:00,WH-South,1628,0.995,0.9702,0,65.52,0
2023-10-05 00:00:00+00:00,WH-South,1482,0.9483,0.9579,0,59.16,0
2023-10-06 00:00:00+00:00,WH-South,1667,0.9114,0.9771,1,60.49,69
2023-10-07 00:00:00+00:00,WH-South,1869,0.9146,0.999,0,77.73,0
2023-10-08 00:00:00+00:00,WH-South,1787,0.9659,0.9835,0,65.22,0
2023-10-09 00:00:00+00:00,WH-South,1950,0.9579,0.9464,0,105.61,0
2023-10-10 00:00:00+00:00,WH-South,1595,0.918,0.9397,1,64.01,57
2023-10-11 00:00:00+00:00,WH-South,1875,0.9049,0.9492,0,81.76,0
2023-10-12 00:00:00+00:00,WH-South,1744,0.9383,0.9717,0,94.33,0
2023-10-13 00:00:00+00:00,WH-South,2008,0.9618,0.9746,1,71.72,46
2023-10-14 00:00:00+00:00,WH-South,1722,0.8855,0.9744,1,90.76,60
2023-10-15 00:00:00+00:00,WH-South,2134,0.9713,0.9768,0,99.04,0
2023-10-16 00:00:00+00:00,WH-South,1772,0.9358,0.999,0,87.68,0
2023-10-17 00:00:00+00:00,WH-South,2208,0.9506,0.9449,0,87.31,0
2023-10-18 00:00:00+00:00,WH-South,1736,0.9041,0.9544,1,82.38,44
2023-10-19 00:00:00+00:00,WH-South,1728,0.9022,0.9642,0,67.34,0
2023-10-20 00:00:00+00:00,WH-South,1969,0.938,0.9395,0,102.27,0
2023-10-21 00:00:00+00:00,WH-South,1634,0.9221,0.9547,1,75.98,40
2023-10-22 00:00:00+00:00,WH-South,1915,0.9622,0.9921,0,82.22,0
2023-10-23 00:00:00+00:00,WH-South,1727,0.895,0.951,1,70.64,69
2023-10-24 00:00:00+00:00,WH-South,1683,0.9295,0.9706,0,86.53,0
2023-10-25 00:00:00+00:00,WH-South,1779,0.9463,0.9593,0,63.67,0
2023-10-26 00:00:00+00:00,WH-South,1776,0.9522,0.946,0,70.27,0
2023-10-27 00:00:00+00:00,WH-South,1821,0.8893,0.9928,1,87.94,70
2023-10-28 00:00:00+00:00,WH-South,1730,0.9471,0.9563,1,66.89,43
2023-10-29 00:00:00+00:00,WH-South,1915,0.9496,0.9894,0,93.23,0
2023-10-30 00:00:00+00:00,WH-South,1604,0.9125,0.9692,0,65.23,0
2023-10-31 00:00:00+00:00,WH-South,1721,0.9204,0.9741,1,83.45,12
2023-11-01 00:00:00+00:00,WH-South,1728,0.9157,0.9546,1,87.25,68
2023-11-02 00:00:00+00:00,WH-South,1636,0.9429,0.9683,0,87.82,0
2023-11-03 00:00:00+00:00,WH-South,2081,0.995,0.976,0,84.72,0
2023-11-04 00:00:00+00:00,WH-South,2022,0.9449,0.9876,0,85.12,0
2023-11-05 00:00:00+00:00,WH-South,1750,0.8766,0.9749,1,75.73,73
2023-11-06 00:00:00+00:00,WH-South,1993,0.9238,0.9668,0,82.08,0
2023-11-07 00:00:00+00:00,WH-South,1928,0.9318,0.972,0,91.07,0
2023-11-08 00:00:00+00:00,WH-South,1603,0.9233,0.9613,1,84.35,47
2023-11-09 00:00:00+00:00,WH-South,1644,0.9144,0.9379,1,81.52,25
2023-11-10 00:00:00+00:00,WH-South,1458,0.9328,0.9617,1,79.63,80
2023-11-11 00:00:00+00:00,WH-South,1965,0.9466,0.9636,1,94.51,72
2023-11-12 00:00:00+00:00,WH-South,1794,0.9288,0.9681,1,70.51,21
2023-11-13 00:00:00+00:00,WH-South,2094,0.8597,0.9656,0,105.46,0
2023-11-14 00:00:00+00:00,WH-South,1740,0.9115,0.9446,0,79.49,0
2023-11-15 00:00:00+00:00,WH-South,1930,0.9278,0.999,0,69.65,0
2023-11-16 00:00:00+00:00,WH-South,1974,0.9468,0.9691,0,90.63,0
2023-11-17 00:00:00+00:00,WH-South,1805,0.9216,0.9793,2,83.44,122
2023-11-18 00:00:00+00:00,WH-South,1800,0.9741,0.9749,0,87.13,0
2023-11-19 00:00:00+00:00,WH-South,1966,0.9384,0.9638,0,88.55,0
2023-11-20 00:00:00+00:00,WH-South,1760,0.8927,0.9529,3,86.68,228
2023-11-21 00:00:00+00:00,WH-South,1859,0.9517,0.9598,0,67.74,0
2023-11-22 00:00:00+00:00,WH-South,2122,0.9006,0.9685,0,83.83,0
2023-11-23 00:00:00+00:00,WH-South,1855,0.9316,0.9662,0,91.48,0
2023-11-24 00:00:00+00:00,WH-South,2024,0.9574,0.9914,0,108.22,0
2023-11-25 00:00:00+00:00,WH-South,1692,0.9332,0.9711,0,90.6,0
2023-11-26 00:00:00+00:00,WH-South,2035,0.8901,0.9797,1,95.89,31
2023-11-27 00:00:00+00:00,WH-South,1819,0.9559,0.999,0,80.75,0
2023-11-28 00:00:00+00:00,WH-South,2045,0.9171,0.9612,1,109.78,23
2023-11-29 00:00:00+00:00,WH-South,1984,0.9411,0.9557,0,109.31,0
2023-11-30 00:00:00+00:00,WH-South,1827,0.8718,0.9628,0,98.78,0
2023-12-01 00:00:00+00:00,WH-South,2018,0.9034,0.9827,0,101.56,0
2023-12-02 00:00:00+00:00,WH-South,2139,0.9429,0.9515,0,77.13,0
2023-12-03 00:00:00+00:00,WH-South,1801,0.8731,0.939,2,70.82,140
2023-12-04 00:00:00+00:00,WH-South,2049,0.9646,0.9519,1,73.18,14
2023-12-05 00:00:00+00:00,WH-South,1871,0.8962,0.9787,0,80.78,0
2023-12-06 00:00:00+00:00,WH-South,1623,0.9416,0.9599,0,63.41,0
2023-12-07 00:00:00+00:00,WH-South,1856,0.995,0.9654,0,71.9,0
2023-12-08 00:00:00+00:00,WH-South,1640,0.9526,0.9762,0,80.83,0
2023-12-09 00:00:00+00:00,WH-South,1642,0.995,0.9473,0,62.17,0
2023-12-10 00:00:00+00:00,WH-South,1502,0.9637,0.9703,0,63.47,0
2023-12-11 00:00:00+00:00,WH-South,1825,0.9677,0.9837,0,78.68,0
2023-12-12 00:00:00+00:00,WH-South,1882,0.93,0.9648,0,86.05,0
2023-12-13 00:00:00+00:00,WH-South,1982,0.9383,0.9499,0,98.07,0
2023-12-14 00:00:00+00:00,WH-South,2041,0.9421,0.9639,0,107.85,0
2023-12-15 00:00:00+00:00,WH-South,2061,0.9119,0.9313,2,83.26,74
2023-12-16 00:00:00+00:00,WH-South,1955,0.919,0.9428,1,98.07,65
2023-12-17 00:00:00+00:00,WH-South,1860,0.9535,0.9758,0,82.68,0
2023-12-18 00:00:00+00:00,WH-South,1677,0.9935,0.9856,0,81.89,0
2023-12-19 00:00:00+00:00,WH-South,2190,0.9475,0.9798,0,99.93,0
2023-12-20 00:00:00+00:00,WH-South,1727,0.934,0.9669,0,80.99,0
2023-12-21 00:00:00+00:00,WH-South,1663,0.8904,0.9773,0,62.49,0
2023-12-22 00:00:00+00:00,WH-South,1915,0.9314,0.9487,1,69.4,61
2023-12-23 00:00:00+00:00,WH-South,1671,0.9732,0.9777,0,64.92,0
2023-12-24 00:00:00+00:00,WH-South,1662,0.9359,0.9711,0,81.06,0
2023-12-25 00:00:00+00:00,WH-South,2152,0.9028,0.9584,1,109.78,57
2023-12-26 00:00:00+00:00,WH-South,1525,0.942,0.9691,0,79.47,0
2023-12-27 00:00:00+00:00,WH-South,1936,0.8859,0.9343,2,91.99,62
2023-12-28 00:00:00+00:00,WH-South,1898,0.8675,0.9854,1,69.14,16
2023-12-29 00:00:00+00:00,WH-South,2115,0.8704,0.9617,1,78.42,51
2023-12-30 00:00:00+00:00,WH-South,1647,0.995,0.9769,0,65.41,0
2023-12-31 00:00:00+00:00,WH-South,1900,0.9502,0.9872,0,96.57,0
2024-01-01 00:00:00+00:00,WH-South,1752,0.9169,0.9905,0,87.09,0
2024-01-02 00:00:00+00:00,WH-South,2042,0.9496,0.9783,0,101.68,0
2024-01-03 00:00:00+00:00,WH-South,2194,0.8852,0.9481,2,119.78,62
2024-01-04 00:00:00+00:00,WH-South,1793,0.9109,0.9383,2,64.83,76
2024-01-05 00:00:00+00:00,WH-South,1846,0.9502,0.9645,1,72.69,38
2024-01-06 00:00:00+00:00,WH-South,1447,0.874,0.9756,1,52.95,53
2024-01-07 00:00:00+00:00,WH-South,2286,0.9761,0.943,1,125.66,85
2024-01-08 00:00:00+00:00,WH-South,1916,0.9594,0.9733,0,74.0,0
2024-01-09 00:00:00+00:00,WH-South,1884,0.9647,0.9662,0,86.85,0
2024-01-10 00:00:00+00:00,WH-South,1478,0.9836,0.9724,0,61.13,0
2024-01-11 00:00:00+00:00,WH-South,1674,0.9382,0.9894,0,70.35,0
2024-01-12 00:00:00+00:00,WH-South,1844,0.9432,0.9419,0,89.27,0
2024-01-13 00:00:00+00:00,WH-South,2009,0.9322,0.9625,1,98.94,27
2024-01-14 00:00:00+00:00,WH-South,1855,0.9153,0.9591,0,76.74,0
2024-01-15 00:00:00+00:00,WH-South,2044,0.9204,0.9463,1,109.23,56
2024-01-16 00:00:00+00:00,WH-South,1582,0.902,0.9635,2,73.35,96
2024-01-17 00:00:00+00:00,WH-South,2024,0.9178,0.9621,0,109.0,0
2024-01-18 00:00:00+00:00,WH-South,1970,0.9115,0.9566,0,91.87,0
2024-01-19 00:00:00+00:00,WH-South,1675,0.9423,0.9787,0,73.31,0
2024-01-20 00:00:00+00:00,WH-South,1995,0.8886,0.9768,1,86.84,67
2024-01-21 00:00:00+00:00,WH-South,1915,0.9631,0.9589,0,90.08,0
2024-01-22 00:00:00+00:00,WH-South,1853,0.9226,0.9874,0,85.44,0
2024-01-23 00:00:00+00:00,WH-South,1972,0.9188,0.9546,1,75.5,34
2024-01-24 00:00:00+00:00,WH-South,1672,0.9577,0.9711,0,78.54,0
2024-01-25 00:00:00+00:00,WH-South,1892,0.9342,0.9911,0,91.01,0
2024-01-26 00:00:00+00:00,WH-South,1840,0.9445,0.9512,1,68.17,71
2024-01-27 00:00:00+00:00,WH-South,2007,0.9013,0.983,0,100.23,0
2024-01-28 00:00:00+00:00,WH-South,1898,0.9619,0.9741,0,78.88,0
2024-01-29 00:00:00+00:00,WH-South,1654,0.9574,0.9851,0,74.37,0
2024-01-30 00:00:00+00:00,WH-South,1931,0.923,0.9431,1,70.25,24
2024-01-31 00:00:00+00:00,WH-South,1933,0.9221,0.9941,1,80.19,55
2024-02-01 00:00:00+00:00,WH-South,1965,0.9903,0.9773,1,90.24,36
2024-02-02 00:00:00+00:00,WH-South,1879,0.9882,0.9641,0,68.83,0
2024-02-03 00:00:00+00:00,WH-South,2169,0.9481,0.9572,1,101.11,40
2024-02-04 00:00:00+00:00,WH-South,1542,0.9425,0.9856,0,70.24,0
2024-02-05 00:00:00+00:00,WH-South,2021,0.9247,0.995,0,77.66,0
2024-02-06 00:00:00+00:00,WH-South,1865,0.936,0.9466,0,95.54,0
2024-02-07 00:00:00+00:00,WH-South,1638,0.945,0.9577,0,87.51,0
2024-02-08 00:00:00+00:00,WH-South,1899,0.8633,0.9682,1,91.89,55
2024-02-09 00:00:00+00:00,WH-South,2028,0.9597,0.9911,0,81.12,0
2024-02-10 00:00:00+00:00,WH-South,1520,0.9422,0.9975,0,81.63,0
2024-02-11 00:00:00+00:00,WH-South,1741,0.9309,0.9919,0,96.35,0
2024-02-12 00:00:00+00:00,WH-South,1752,0.9062,0.9707,1,82.02,29
2024-02-13 00:00:00+00:00,WH-South,1836,0.9374,0.9495,1,83.73,89
2024-02-14 00:00:00+00:00,WH-South,1964,0.9606,0.9525,0,108.12,0
2024-02-15 00:00:00+00:00,WH-South,1758,0.9555,0.9855,0,93.92,0
2024-02-16 00:00:00+00:00,WH-South,1606,0.9595,0.9881,0,80.23,0
2024-02-17 00:00:00+00:00,WH-South,1870,0.8854,0.971,0,77.92,0
2024-02-18 00:00:00+00:00,WH-South,1833,0.995,0.9541,0,66.18,0
2024-02-19 00:00:00+00:00,WH-South,1751,0.9237,0.9575,0,76.49,0
2024-02-20 00:00:00+00:00,WH-South,1805,0.9259,0.999,0,70.04,0
2024-02-21 00:00:00+00:00,WH-South,1650,0.8985,0.9623,1,72.29,26
2024-02-22 00:00:00+00:00,WH-South,2008,0.9886,0.9573,0,95.6,0
2024-02-23 00:00:00+00:00,WH-South,2071,0.8722,0.939,0,95.03,0
2024-02-24 00:00:00+00:00,WH-South,1582,0.9184,0.989,0,69.59,0
2024-02-25 00:00:00+00:00,WH-South,2050,0.9152,0.9513,0,108.25,0
2024-02-26 00:00:00+00:00,WH-South,1898,0.9523,0.9627,0,86.69,0
2024-02-27 00:00:00+00:00,WH-South,1826,0.8878,0.976,0,66.13,0
2024-02-28 00:00:00+00:00,WH-South,1835,0.9027,0.9627,0,90.31,0
2024-02-29 00:00:00+00:00,WH-South,1618,0.9551,0.9628,0,58.03,0
2024-03-01 00:00:00+00:00,WH-South,1924,0.995,0.9604,0,71.95,0
2024-03-02 00:00:00+00:00,WH-South,1890,0.9636,0.9497,0,92.89,0
2024-03-03 00:00:00+00:00,WH-South,1804,0.9629,0.9433,0,76.05,0
2024-03-04 00:00:00+00:00,WH-South,1864,0.9619,0.9601,0,76.91,0
2024-03-05 00:00:00+00:00,WH-South,1531,0.9196,0.936,1,59.47,75
2024-03-06 00:00:00+00:00,WH-South,1840,0.9887,0.9905,0,87.69,0
2024-03-07 00:00:00+00:00,WH-South,1704,0.9249,0.9407,1,63.95,42
2024-03-08 00:00:00+00:00,WH-South,1414,0.9619,0.9972,0,51.48,0
2024-03-09 00:00:00+00:00,WH-South,1645,0.9554,0.9771,0,73.03,0
2024-03-10 00:00:00+00:00,WH-South,1902,0.9281,0.9634,0,86.27,0
2024-03-11 00:00:00+00:00,WH-South,1647,0.995,0.9631,0,84.27,0
2024-03-12 00:00:00+00:00,WH-South,2214,0.9386,0.9712,0,101.43,0
2024-03-13 00:00:00+00:00,WH-South,2063,0.9559,0.9597,1,105.24,41
2024-03-14 00:00:00+00:00,WH-South,2237,0.8748,0.9646,0,92.43,0
2024-03-15 00:00:00+00:00,WH-South,1966,0.9471,0.9698,0,73.73,0
2024-03-16 00:00:00+00:00,WH-South,1674,0.9036,0.9324,1,66.46,81
2024-03-17 00:00:00+00:00,WH-South,1921,0.8726,0.9419,1,96.39,26
2024-03-18 00:00:00+00:00,WH-South,1772,0.9562,0.999,0,70.71,0
2024-03-19 00:00:00+00:00,WH-South,1903,0.9097,0.9493,1,92.76,87
2024-03-20 00:00:00+00:00,WH-South,1806,0.8927,0.9552,2,85.59,122
2024-03-21 00:00:00+00:00,WH-South,1969,0.9601,0.9599,0,79.98,0
2024-03-22 00:00:00+00:00,WH-South,1951,0.9167,0.9815,1,71.74,57
2024-03-23 00:00:00+00:00,WH-South,1767,0.9124,0.952,0,89.04,0
2024-03-24 00:00:00+00:00,WH-South,1811,0.9077,0.9985,0,73.43,0
2024-03-25 00:00:00+00:00,WH-South,1818,0.9378,0.9621,1,69.66,78
2024-03-26 00:00:00+00:00,WH-South,1953,0.9554,0.9772,0,70.89,0
2024-03-27 00:00:00+00:00,WH-South,1708,0.9514,0.9814,0,89.66,0
2024-03-28 00:00:00+00:00,WH-South,1840,0.9486,0.9617,0,80.23,0
2024-03-29 00:00:00+00:00,WH-South,1479,0.9444,0.9775,0,80.21,0
2024-03-30 00:00:00+00:00,WH-South,1684,0.9189,0.9732,0,85.62,0
2024-03-31 00:00:00+00:00,WH-South,1656,0.924,0.9529,0,62.95,0
2024-04-01 00:00:00+00:00,WH-South,2041,0.9548,0.999,0,110.96,0
2024-04-02 00:00:00+00:00,WH-South,1673,0.8681,0.9523,2,62.38,94
2024-04-03 00:00:00+00:00,WH-South,1767,0.8806,0.961,1,93.66,74
2024-04-04 00:00:00+00:00,WH-South,1830,0.9528,0.9796,0,66.96,0
2024-04-05 00:00:00+00:00,WH-South,1916,0.9471,0.9655,0,102.12,0
2024-04-06 00:00:00+00:00,WH-South,2024,0.9039,0.9812,0,81.57,0
2024-04-07 00:00:00+00:00,WH-South,1758,0.9292,0.9706,0,88.09,0
2024-04-08 00:00:00+00:00,WH-South,1851,0.9585,0.9945,0,72.71,0
2024-04-09 00:00:00+00:00,WH-South,2089,0.9643,0.958,0,93.94,0
2024-04-10 00:00:00+00:00,WH-South,1940,0.9348,0.9693,0,80.81,0
2024-04-11 00:00:00+00:00,WH-South,1545,0.9165,0.9915,0,83.33,0
2024-04-12 00:00:00+00:00,WH-South,1940,0.9385,0.9644,0,95.68,0
2024-04-13 00:00:00+00:00,WH-South,1744,0.9384,0.9831,0,83.6,0
2024-04-14 00:00:00+00:00,WH-South,1670,0.947,0.9816,1,73.47,66
2024-04-15 00:00:00+00:00,WH-South,1520,0.9511,0.9668,0,68.31,0
2024-04-16 00:00:00+00:00,WH-South,1670,0.9301,0.9732,0,91.18,0
2024-04-17 00:00:00+00:00,WH-South,1745,0.9239,0.9548,1,84.92,81
2024-04-18 00:00:00+00:00,WH-South,2004,0.9344,0.9822,0,94.86,0
2024-04-19 00:00:00+00:00,WH-South,1618,0.9315,0.9684,0,79.5,0
2024-04-20 00:00:00+00:00,WH-South,1732,0.8894,0.9505,0,63.65,0
2024-04-21 00:00:00+00:00,WH-South,1883,0.861,0.9446,1,77.85,12
2024-04-22 00:00:00+00:00,WH-South,1737,0.8795,0.9695,1,95.65,52
2024-04-23 00:00:00+00:00,WH-South,1849,0.9748,0.9608,0,67.99,0
2024-04-24 00:00:00+00:00,WH-South,2018,0.9893,0.9732,0,78.87,0
2024-04-25 00:00:00+00:00,WH-South,1898,0.9574,0.9903,0,98.22,0
2024-04-26 00:00:00+00:00,WH-South,1817,0.9747,0.9685,0,70.04,0
2024-04-27 00:00:00+00:00,WH-South,2128,0.8888,0.9855,1,81.01,43
2024-04-28 00:00:00+00:00,WH-South,1992,0.9095,0.9479,1,78.49,15
2024-04-29 00:00:00+00:00,WH-South,1761,0.929,0.9746,0,89.2,0
2024-04-30 00:00:00+00:00,WH-South,2075,0.9171,0.9545,1,112.91,21
2024-05-01 00:00:00+00:00,WH-South,1773,0.9489,0.9841,0,96.01,0
2024-05-02 00:00:00+00:00,WH-South,2064,0.9121,0.9592,1,95.69,34
2024-05-03 00:00:00+00:00,WH-South,1949,0.928,0.962,1,104.68,45
2024-05-04 00:00:00+00:00,WH-South,1713,0.967,0.9658,0,75.31,0
2024-05-05 00:00:00+00:00,WH-South,1850,0.9421,0.9635,0,90.36,0
2024-05-06 00:00:00+00:00,WH-South,1824,0.9173,0.9595,1,91.57,54
2024-05-07 00:00:00+00:00,WH-South,2060,0.9115,0.9795,0,81.35,0
2024-05-08 00:00:00+00:00,WH-South,2053,0.9138,0.9549,0,76.11,0
2024-05-09 00:00:00+00:00,WH-South,1882,0.9235,0.9874,0,77.6,0
2024-05-10 00:00:00+00:00,WH-South,1922,0.8731,0.9539,2,78.45,36
2024-05-11 00:00:00+00:00,WH-South,1864,0.9293,0.9742,0,71.57,0
2024-05-12 00:00:00+00:00,WH-South,1807,0.9293,0.9845,0,69.25,0
2024-05-13 00:00:00+00:00,WH-South,1462,0.9022,0.9747,1,74.41,80
2024-05-14 00:00:00+00:00,WH-South,2083,0.995,0.9808,0,82.21,0
2024-05-15 00:00:00+00:00,WH-South,2024,0.9868,0.9561,0,76.4,0
2024-05-16 00:00:00+00:00,WH-South,1986,0.931,0.9765,0,109.55,0
2024-05-17 00:00:00+00:00,WH-South,1649,0.902,0.9603,1,65.62,68
2024-05-18 00:00:00+00:00,WH-South,1979,0.9312,0.9697,0,77.67,0
2024-05-19 00:00:00+00:00,WH-South,1719,0.8821,0.9724,1,81.98,81
2024-05-20 00:00:00+00:00,WH-South,2060,0.9187,0.9826,0,94.15,0
2024-05-21 00:00:00+00:00,WH-South,1415,0.9211,0.9456,1,67.4,39
2024-05-22 00:00:00+00:00,WH-South,1815,0.951,0.971,0,88.83,0
2024-05-23 00:00:00+00:00,WH-South,1951,0.9221,0.9264,0,79.85,0
2024-05-24 00:00:00+00:00,WH-South,1932,0.9565,0.9735,0,84.38,0
2024-05-25 00:00:00+00:00,WH-South,1769,0.8887,0.9702,1,96.15,47
2024-05-26 00:00:00+00:00,WH-South,1787,0.9122,0.9692,1,76.3,28
2024-05-27 00:00:00+00:00,WH-South,1934,0.9131,0.964,0,77.4,0
2024-05-28 00:00:00+00:00,WH-South,1978,0.9448,0.9583,0,102.06,0
2024-05-29 00:00:00+00:00,WH-South,1576,0.9336,0.9505,1,67.18,18
2024-05-30 00:00:00+00:00,WH-South,1696,0.9455,0.9579,1,64.29,39
2024-05-31 00:00:00+00:00,WH-South,1698,0.9847,0.9955,0,65.02,0
2024-06-01 00:00:00+00:00,WH-South,1705,0.9379,0.9783,0,81.67,0
2024-06-02 00:00:00+00:00,WH-South,1814,0.8832,0.9677,0,77.89,0
2024-06-03 00:00:00+00:00,WH-South,1821,0.9478,0.999,0,85.83,0
2024-06-04 00:00:00+00:00,WH-South,1567,0.9019,0.9759,0,85.12,0
2024-06-05 00:00:00+00:00,WH-South,1683,0.878,0.9677,2,85.48,116
2024-06-06 00:00:00+00:00,WH-South,1814,0.8948,0.9523,1,69.53,51
2024-06-07 00:00:00+00:00,WH-South,1818,0.91,0.9847,1,80.96,85
2024-06-08 00:00:00+00:00,WH-South,1773,0.8985,0.9715,1,94.97,15
2024-06-09 00:00:00+00:00,WH-South,1552,0.8692,0.9643,0,67.91,0
2024-06-10 00:00:00+00:00,WH-South,1840,0.9467,0.9602,0,90.77,0
2024-06-11 00:00:00+00:00,WH-South,2204,0.9432,0.9454,2,114.2,140
2024-06-12 00:00:00+00:00,WH-South,1904,0.8956,0.9779,0,71.68,0
2024-06-13 00:00:00+00:00,WH-South,2047,0.9406,0.985,0,74.73,0
2024-06-14 00:00:00+00:00,WH-South,1908,0.9393,0.9635,0,70.61,0
2024-06-15 00:00:00+00:00,WH-South,1757,0.9323,0.9552,0,84.64,0
2024-06-16 00:00:00+00:00,WH-South,2059,0.9023,0.9841,0,74.55,0
2024-06-17 00:00:00+00:00,WH-South,1772,0.9427,0.9765,0,92.21,0
2024-06-18 00:00:00+00:00,WH-South,2105,0.8783,0.9867,1,80.25,27
2024-06-19 00:00:00+00:00,WH-South,1825,0.9579,0.9473,1,80.55,56
2024-06-20 00:00:00+00:00,WH-South,2010,0.9167,0.9725,0,86.6,0
2024-06-21 00:00:00+00:00,WH-South,1697,0.95,0.9942,0,72.49,0
2024-06-22 00:00:00+00:00,WH-South,1590,0.9472,0.9947,0,69.73,0
2024-06-23 00:00:00+00:00,WH-South,2140,0.9262,0.9939,0,87.63,0
2024-06-24 00:00:00+00:00,WH-South,1947,0.9392,0.9531,0,92.29,0
2024-06-25 00:00:00+00:00,WH-South,2292,0.9711,0.9828,0,93.71,0
2024-06-26 00:00:00+00:00,WH-South,1910,0.9573,0.9581,0,68.76,0
2024-06-27 00:00:00+00:00,WH-South,1692,0.9181,0.9718,1,69.54,22
2024-06-28 00:00:00+00:00,WH-South,1841,0.995,0.9704,0,85.2,0
2024-06-29 00:00:00+00:00,WH-South,1626,0.9407,0.9655,1,83.37,85
2024-06-30 00:00:00+00:00,WH-South,2182,0.9481,0.9478,0,86.11,0
2024-07-01 00:00:00+00:00,WH-South,2117,0.918,0.9524,0,89.5,0
2024-07-02 00:00:00+00:00,WH-South,1892,0.9902,0.9746,0,83.56,0
2024-07-03 00:00:00+00:00,WH-South,1675,0.8996,0.9747,0,60.41,0
2024-07-04 00:00:00+00:00,WH-South,1818,0.9136,0.9763,1,65.63,89
2024-07-05 00:00:00+00:00,WH-South,1962,0.8919,0.9596,0,102.33,0
2024-07-06 00:00:00+00:00,WH-South,1941,0.9125,0.9622,0,89.23,0
2024-07-07 00:00:00+00:00,WH-South,2207,0.9839,0.9822,0,116.7,0
2024-07-08 00:00:00+00:00,WH-South,2166,0.9777,0.9574,0,80.49,0
2024-07-09 00:00:00+00:00,WH-South,1757,0.9247,0.9678,0,68.44,0
2024-07-10 00:00:00+00:00,WH-South,2055,0.9579,0.973,0,73.81,0
2024-07-11 00:00:00+00:00,WH-South,1896,0.937,0.9556,0,80.07,0
2024-07-12 00:00:00+00:00,WH-South,1882,0.9325,0.9645,0,84.65,0
2024-07-13 00:00:00+00:00,WH-South,1518,0.9842,0.9792,0,81.84,0
2024-07-14 00:00:00+00:00,WH-South,1992,0.9042,0.9576,1,95.72,57
2024-07-15 00:00:00+00:00,WH-South,1799,0.9464,0.9626,0,88.9,0
2024-07-16 00:00:00+00:00,WH-South,1788,0.92,0.9872,0,96.64,0
2024-07-17 00:00:00+00:00,WH-South,1826,0.9274,0.9834,0,68.3,0
2024-07-18 00:00:00+00:00,WH-South,1651,0.9427,0.9639,1,64.2,48
2024-07-19 00:00:00+00:00,WH-South,1750,0.9366,0.9811,0,73.29,0
2024-07-20 00:00:00+00:00,WH-South,1673,0.9379,0.9652,0,75.44,0
2024-07-21 00:00:00+00:00,WH-South,1850,0.9008,0.9415,1,84.9,61
2024-07-22 00:00:00+00:00,WH-South,1978,0.9298,0.9796,0,84.18,0
2024-07-23 00:00:00+00:00,WH-South,1689,0.9287,0.9809,0,66.54,0
2024-07-24 00:00:00+00:00,WH-South,2029,0.8916,0.9676,1,73.79,82
2024-07-25 00:00:00+00:00,WH-South,1832,0.8977,0.9681,0,80.4,0
2024-07-26 00:00:00+00:00,WH-South,1948,0.9853,0.9499,1,87.15,82
2024-07-27 00:00:00+00:00,WH-South,1823,0.8924,0.9716,0,80.02,0
2024-07-28 00:00:00+00:00,WH-South,1835,0.9608,0.9615,0,86.64,0
2024-07-29 00:00:00+00:00,WH-South,1845,0.9264,0.964,1,77.59,71
2024-07-30 00:00:00+00:00,WH-South,1686,0.9266,0.9753,0,71.99,0
2024-07-31 00:00:00+00:00,WH-South,1910,0.9424,0.9945,0,78.16,0
2024-08-01 00:00:00+00:00,WH-South,1942,0.9483,0.9754,0,90.15,0
2024-08-02 00:00:00+00:00,WH-South,1772,0.9039,0.9598,0,70.9,0
2024-08-03 00:00:00+00:00,WH-South,1802,0.9434,0.9609,0,83.86,0
2024-08-04 00:00:00+00:00,WH-South,1635,0.8962,0.9852,0,82.4,0
2024-08-05 00:00:00+00:00,WH-South,1933,0.8913,0.9662,0,79.8,0
2024-08-06 00:00:00+00:00,WH-South,1674,0.9393,0.9541,0,87.09,0
2024-08-07 00:00:00+00:00,WH-South,2062,0.8912,0.9617,2,89.49,146
2024-08-08 00:00:00+00:00,WH-South,1809,0.9664,0.9884,0,81.33,0
2024-08-09 00:00:00+00:00,WH-South,1907,0.9234,0.9467,1,100.85,40
2024-08-10 00:00:00+00:00,WH-South,1732,0.9047,0.9452,1,82.72,89
2024-08-11 00:00:00+00:00,WH-South,1883,0.9321,0.999,0,88.8,0
2024-08-12 00:00:00+00:00,WH-South,2322,0.9445,0.999,0,108.01,0
2024-08-13 00:00:00+00:00,WH-South,1931,0.9431,0.9352,0,86.49,0
2024-08-14 00:00:00+00:00,WH-South,2006,0.9337,0.9801,0,98.19,0
2024-08-15 00:00:00+00:00,WH-South,1919,0.9676,0.9488,0,85.91,0
2024-08-16 00:00:00+00:00,WH-South,1547,0.9188,0.9515,0,56.71,0
2024-08-17 00:00:00+00:00,WH-South,1803,0.9011,0.9756,0,72.89,0
2024-08-18 00:00:00+00:00,WH-South,1888,0.9339,0.9665,1,69.42,27
2024-08-19 00:00:00+00:00,WH-South,1807,0.898,0.9239,0,90.48,0
2024-08-20 00:00:00+00:00,WH-South,1691,0.923,0.9791,0,70.07,0
2024-08-21 00:00:00+00:00,WH-South,2127,0.9864,0.9847,0,87.6,0
2024-08-22 00:00:00+00:00,WH-South,1718,0.9029,0.9506,0,64.17,0
2024-08-23 00:00:00+00:00,WH-South,1510,0.9339,0.9549,0,54.73,0
2024-08-24 00:00:00+00:00,WH-South,1897,0.9576,0.9686,0,86.29,0
2024-08-25 00:00:00+00:00,WH-South,1755,0.9672,0.9903,0,85.36,0
2024-08-26 00:00:00+00:00,WH-South,2064,0.9346,0.9539,0,84.88,0
2024-08-27 00:00:00+00:00,WH-South,1860,0.9385,0.973,2,66.47,104
2024-08-28 00:00:00+00:00,WH-South,2077,0.8919,0.9779,0,82.74,0
2024-08-29 00:00:00+00:00,WH-South,1725,0.8937,0.9547,1,70.83,68
2024-08-30 00:00:00+00:00,WH-South,2036,0.955,0.9606,0,106.31,0
2024-08-31 00:00:00+00:00,WH-South,1700,0.9638,0.9832,0,70.23,0
2024-09-01 00:00:00+00:00,WH-South,2169,0.9676,0.9894,0,93.7,0
2024-09-02 00:00:00+00:00,WH-South,1944,0.9009,0.9675,0,104.66,0
2024-09-03 00:00:00+00:00,WH-South,1567,0.9104,0.967,0,74.35,0
2024-09-04 00:00:00+00:00,WH-South,1682,0.9555,0.974,1,91.08,35
2024-09-05 00:00:00+00:00,WH-South,1591,0.9861,0.9515,0,57.26,0
2024-09-06 00:00:00+00:00,WH-South,1764,0.9519,0.9613,1,75.59,77
2024-09-07 00:00:00+00:00,WH-South,1559,0.8798,0.9643,0,61.89,0
2024-09-08 00:00:00+00:00,WH-South,1617,0.8875,0.9555,1,59.33,44
2024-09-09 00:00:00+00:00,WH-South,1476,0.9251,0.9674,0,73.18,0
2024-09-10 00:00:00+00:00,WH-South,1721,0.9529,0.9372,1,84.61,49
2024-09-11 00:00:00+00:00,WH-South,1914,0.9451,0.951,1,89.6,26
2024-09-12 00:00:00+00:00,WH-South,1636,0.961,0.9854,0,69.78,0
2024-09-13 00:00:00+00:00,WH-South,1937,0.9628,0.9418,3,98.02,78
2024-09-14 00:00:00+00:00,WH-South,2007,0.9017,0.931,2,104.27,78
2024-09-15 00:00:00+00:00,WH-South,1649,0.9862,0.9744,0,59.65,0
2024-09-16 00:00:00+00:00,WH-South,2022,0.9622,0.9876,0,96.13,0
2024-09-17 00:00:00+00:00,WH-South,1725,0.8755,0.9582,2,62.92,168
2024-09-18 00:00:00+00:00,WH-South,1727,0.917,0.969,0,92.77,0
2024-09-19 00:00:00+00:00,WH-South,2083,0.9586,0.9771,0,75.68,0
2024-09-20 00:00:00+00:00,WH-South,1818,0.9858,0.9855,0,71.26,0
2024-09-21 00:00:00+00:00,WH-South,1589,0.9563,0.9692,1,70.38,43
2024-09-22 00:00:00+00:00,WH-South,1944,0.9408,0.9567,0,69.71,0
2024-09-23 00:00:00+00:00,WH-South,1650,0.9452,0.9956,0,75.16,0
2024-09-24 00:00:00+00:00,WH-South,1768,0.9398,0.9597,0,97.73,0
2024-09-25 00:00:00+00:00,WH-South,2126,0.8917,0.9571,0,87.34,0
2024-09-26 00:00:00+00:00,WH-South,1892,0.8838,0.987,0,88.47,0
2024-09-27 00:00:00+00:00,WH-South,1504,0.9434,0.9307,1,54.83,83
2024-09-28 00:00:00+00:00,WH-South,1606,0.907,0.9666,0,81.64,0
2024-09-29 00:00:00+00:00,WH-South,1901,0.95,0.9525,0,86.85,0
2024-09-30 00:00:00+00:00,WH-South,1907,0.8815,0.982,0,88.93,0
2024-10-01 00:00:00+00:00,WH-South,2037,0.9217,0.958,0,79.2,0
2024-10-02 00:00:00+00:00,WH-South,2284,0.8876,0.9914,0,109.99,0
2024-10-03 00:00:00+00:00,WH-South,1652,0.964,0.9514,0,61.78,0
2024-10-04 00:00:00+00:00,WH-South,1918,0.995,0.979,0,104.45,0
2024-10-05 00:00:00+00:00,WH-South,1801,0.9533,0.9581,0,93.16,0
2024-10-06 00:00:00+00:00,WH-South,1830,0.8701,0.999,0,90.71,0
2024-10-07 00:00:00+00:00,WH-South,1834,0.9116,0.9943,0,79.78,0
2024-10-08 00:00:00+00:00,WH-South,1917,0.923,0.9572,0,75.94,0
2024-10-09 00:00:00+00:00,WH-South,1796,0.8888,0.9896,0,89.5,0
2024-10-10 00:00:00+00:00,WH-South,2084,0.9795,0.999,0,91.13,0
2024-10-11 00:00:00+00:00,WH-South,1495,0.9511,0.9666,0,64.98,0
2024-10-12 00:00:00+00:00,WH-South,1930,0.9598,0.9832,0,95.57,0
2024-10-13 00:00:00+00:00,WH-South,1848,0.9093,0.9573,0,71.76,0
2024-10-14 00:00:00+00:00,WH-South,1899,0.9872,0.9738,0,83.26,0
2024-10-15 00:00:00+00:00,WH-South,2089,0.8859,0.9581,0,90.49,0
2024-10-16 00:00:00+00:00,WH-South,1765,0.8882,0.9688,0,72.39,0
2024-10-17 00:00:00+00:00,WH-South,1577,0.9119,0.9799,1,64.15,31
2024-10-18 00:00:00+00:00,WH-South,2008,0.9263,0.9726,0,88.66,0
2024-10-19 00:00:00+00:00,WH-South,1968,0.9421,0.9629,0,79.14,0
2024-10-20 00:00:00+00:00,WH-South,1939,0.947,0.988,0,89.44,0
2024-10-21 00:00:00+00:00,WH-South,1989,0.9773,0.9622,1,93.32,73
2024-10-22 00:00:00+00:00,WH-South,1673,0.995,0.999,0,71.07,0
2024-10-23 00:00:00+00:00,WH-South,1882,0.8855,0.9584,0,86.77,0
2024-10-24 00:00:00+00:00,WH-South,1780,0.9363,0.9544,1,71.58,78
2024-10-25 00:00:00+00:00,WH-South,1972,0.9574,0.9543,0,81.64,0
2024-10-26 00:00:00+00:00,WH-South,1842,0.9484,0.9763,0,75.27,0
2024-10-27 00:00:00+00:00,WH-South,1499,0.892,0.9806,0,68.56,0
2024-10-28 00:00:00+00:00,WH-South,1603,0.9536,0.9371,0,62.94,0
2024-10-29 00:00:00+00:00,WH-South,1853,0.9824,0.9557,0,81.01,0
2024-10-30 00:00:00+00:00,WH-South,1853,0.9925,0.9925,0,101.27,0
2024-10-31 00:00:00+00:00,WH-South,2087,0.9225,0.9802,1,90.76,27
2024-11-01 00:00:00+00:00,WH-South,1635,0.9569,0.9675,0,58.76,0
2024-11-02 00:00:00+00:00,WH-South,1536,0.9632,0.9928,0,80.74,0
2024-11-03 00:00:00+00:00,WH-South,1616,0.9429,0.9632,1,70.65,26
2024-11-04 00:00:00+00:00,WH-South,1974,0.9408,0.9819,0,81.8,0
2024-11-05 00:00:00+00:00,WH-South,2143,0.954,0.961,0,77.64,0
2024-11-06 00:00:00+00:00,WH-South,1910,0.8882,0.9642,2,91.63,84
2024-11-07 00:00:00+00:00,WH-South,1820,0.9185,0.9513,0,67.54,0
2024-11-08 00:00:00+00:00,WH-South,1550,0.9547,0.9751,0,56.16,0
2024-11-09 00:00:00+00:00,WH-South,1970,0.9821,0.999,0,98.56,0
2024-11-10 00:00:00+00:00,WH-South,1570,0.9722,0.9403,0,63.85,0
2024-11-11 00:00:00+00:00,WH-South,1968,0.9304,0.9748,0,102.71,0
2024-11-12 00:00:00+00:00,WH-South,1774,0.9433,0.9553,0,79.11,0
2024-11-13 00:00:00+00:00,WH-South,1918,0.9795,0.9914,0,97.63,0
2024-11-14 00:00:00+00:00,WH-South,1428,0.9463,0.9693,0,58.13,0
2024-11-15 00:00:00+00:00,WH-South,1972,0.995,0.9827,0,79.49,0
2024-11-16 00:00:00+00:00,WH-South,1748,0.9276,0.9536,0,84.26,0
2024-11-17 00:00:00+00:00,WH-South,1643,0.8971,0.9559,1,58.95,27
2024-11-18 00:00:00+00:00,WH-South,1633,0.9402,0.9747,1,86.17,26
2024-11-19 00:00:00+00:00,WH-South,1731,0.9368,0.9433,0,79.83,0
2024-11-20 00:00:00+00:00,WH-South,1876,0.9365,0.9492,1,87.9,34
2024-11-21 00:00:00+00:00,WH-South,1955,0.9669,0.9746,1,104.53,43
2024-11-22 00:00:00+00:00,WH-South,1927,0.9525,0.9597,0,75.34,0
2024-11-23 00:00:00+00:00,WH-South,2157,0.9309,0.9786,0,101.17,0
2024-11-24 00:00:00+00:00,WH-South,2015,0.9265,0.955,0,99.15,0
2024-11-25 00:00:00+00:00,WH-South,2083,0.8887,0.9741,1,84.82,36
2024-11-26 00:00:00+00:00,WH-South,1973,0.9169,0.9812,0,99.21,0
2024-11-27 00:00:00+00:00,WH-South,2100,0.8575,0.9565,1,102.91,69
2024-11-28 00:00:00+00:00,WH-South,1719,0.9356,0.9553,0,82.87,0
2024-11-29 00:00:00+00:00,WH-South,1774,0.8979,0.9886,0,69.5,0
2024-11-30 00:00:00+00:00,WH-South,1968,0.8964,0.9399,3,74.91,258
2024-12-01 00:00:00+00:00,WH-South,1716,0.8946,0.999,0,85.44,0
2024-12-02 00:00:00+00:00,WH-South,2249,0.9174,0.9679,0,101.52,0
2024-12-03 00:00:00+00:00,WH-South,1944,0.9221,0.9488,1,73.34,40
2024-12-04 00:00:00+00:00,WH-South,1539,0.9561,0.9626,1,58.52,16
2024-12-05 00:00:00+00:00,WH-South,1700,0.9371,0.9459,1,80.62,61
2024-12-06 00:00:00+00:00,WH-South,2043,0.9239,0.9952,0,83.11,0
2024-12-07 00:00:00+00:00,WH-South,1612,0.995,0.948,0,59.78,0
2024-12-08 00:00:00+00:00,WH-South,1935,0.9404,0.9493,1,76.14,49
2024-12-09 00:00:00+00:00,WH-South,1863,0.9362,0.9409,0,98.14,0
2024-12-10 00:00:00+00:00,WH-South,1849,0.875,0.9534,2,101.27,54
2024-12-11 00:00:00+00:00,WH-South,1753,0.9566,0.9863,0,73.03,0
2024-12-12 00:00:00+00:00,WH-South,1689,0.9195,0.9431,0,85.83,0
2024-12-13 00:00:00+00:00,WH-South,2057,0.894,0.9609,0,101.98,0
2024-12-14 00:00:00+00:00,WH-South,1939,0.8984,0.97,0,106.97,0
2024-12-15 00:00:00+00:00,WH-South,1873,0.9315,0.9334,1,90.23,43
2024-12-16 00:00:00+00:00,WH-South,1787,0.8714,0.9613,2,66.14,40
2024-12-17 00:00:00+00:00,WH-South,1899,0.8873,0.9571,1,84.95,63
2024-12-18 00:00:00+00:00,WH-South,1929,0.9356,0.9865,0,84.89,0
2024-12-19 00:00:00+00:00,WH-South,1727,0.9114,0.9736,0,73.43,0
2024-12-20 00:00:00+00:00,WH-South,1896,0.995,0.9812,0,94.84,0
2024-12-21 00:00:00+00:00,WH-South,1909,0.9153,0.9666,0,70.54,0
2024-12-22 00:00:00+00:00,WH-South,1552,0.8954,0.9449,0,67.04,0
2024-12-23 00:00:00+00:00,WH-South,1649,0.9037,0.9844,1,61.92,41
2024-12-24 00:00:00+00:00,WH-South,1870,0.9657,0.9625,0,78.91,0
2024-12-25 00:00:00+00:00,WH-South,1893,0.8555,0.9457,1,92.95,46
2024-12-26 00:00:00+00:00,WH-South,1629,0.9397,0.9543,0,79.01,0
2024-12-27 00:00:00+00:00,WH-South,1621,0.9449,0.9506,0,61.85,0
2024-12-28 00:00:00+00:00,WH-South,2043,0.9491,0.9947,0,75.98,0
2024-12-29 00:00:00+00:00,WH-South,1623,0.995,0.9446,0,73.4,0
2024-12-30 00:00:00+00:00,WH-South,1942,0.9656,0.9609,0,93.29,0
2024-12-31 00:00:00+00:00,WH-South,1873,0.9327,0.9571,0,84.53,0
2025-01-01 00:00:00+00:00,WH-South,2182,0.9453,0.9754,0,83.61,0
2025-01-02 00:00:00+00:00,WH-South,1992,0.9687,0.9827,0,99.66,0
2025-01-03 00:00:00+00:00,WH-South,1874,0.928,0.979,0,95.71,0
2025-01-04 00:00:00+00:00,WH-South,1932,0.992,0.999,0,72.99,0
2025-01-05 00:00:00+00:00,WH-South,1830,0.9055,0.941,0,87.73,0
2025-01-06 00:00:00+00:00,WH-South,2050,0.864,0.9804,1,80.88,12
2025-01-07 00:00:00+00:00,WH-South,1578,0.9436,0.9446,0,80.29,0
2025-01-08 00:00:00+00:00,WH-South,1986,0.8915,0.9545,2,92.71,168
2025-01-09 00:00:00+00:00,WH-South,2041,0.9479,0.9427,0,108.92,0
2025-01-10 00:00:00+00:00,WH-South,1668,0.9122,0.9607,0,62.73,0
2025-01-11 00:00:00+00:00,WH-South,1803,0.8811,0.9345,2,73.6,118
2025-01-12 00:00:00+00:00,WH-South,1670,0.9558,0.9958,0,90.42,0
2025-01-13 00:00:00+00:00,WH-South,1820,0.9394,0.9844,0,70.16,0
2025-01-14 00:00:00+00:00,WH-South,1599,0.9717,0.9574,0,60.69,0
2025-01-15 00:00:00+00:00,WH-South,1984,0.995,0.9573,0,75.33,0
2025-01-16 00:00:00+00:00,WH-South,1932,0.995,0.9485,0,101.03,0
2025-01-17 00:00:00+00:00,WH-South,1438,0.8817,0.9553,2,51.71,108
2025-01-18 00:00:00+00:00,WH-South,1699,0.995,0.959,0,79.24,0
2025-01-19 00:00:00+00:00,WH-South,1564,0.9402,0.9884,0,70.39,0
2025-01-20 00:00:00+00:00,WH-South,1700,0.9791,0.9748,0,67.86,0
2025-01-21 00:00:00+00:00,WH-South,2189,0.9395,0.9739,0,103.69,0
2025-01-22 00:00:00+00:00,WH-South,2111,0.9769,0.9627,0,87.44,0
2025-01-23 00:00:00+00:00,WH-South,1641,0.9546,0.9631,1,71.28,55
2025-01-24 00:00:00+00:00,WH-South,1892,0.9522,0.9794,0,99.13,0
2025-01-25 00:00:00+00:00,WH-South,1983,0.9598,0.9484,0,79.61,0
2025-01-26 00:00:00+00:00,WH-South,2003,0.9024,0.9623,0,105.94,0
2025-01-27 00:00:00+00:00,WH-South,2073,0.9396,0.9735,0,107.48,0
2025-01-28 00:00:00+00:00,WH-South,1578,0.995,0.9721,0,65.38,0
2025-01-29 00:00:00+00:00,WH-South,1955,0.8683,0.9832,1,87.25,60
2025-01-30 00:00:00+00:00,WH-South,1859,0.9761,0.9862,0,73.32,0
2025-01-31 00:00:00+00:00,WH-South,1720,0.9266,0.9473,1,81.57,39
2025-02-01 00:00:00+00:00,WH-South,1855,0.9326,0.9832,1,77.25,48
2025-02-02 00:00:00+00:00,WH-South,1788,0.9065,0.936,0,69.64,0
2025-02-03 00:00:00+00:00,WH-South,1824,0.9384,0.9388,1,76.02,55
2025-02-04 00:00:00+00:00,WH-South,1581,0.9487,0.9503,0,79.92,0
2025-02-05 00:00:00+00:00,WH-South,1808,0.8878,0.9503,1,71.46,62
2025-02-06 00:00:00+00:00,WH-South,1894,0.9017,0.9582,0,81.43,0
2025-02-07 00:00:00+00:00,WH-South,1724,0.9165,0.9434,1,70.02,41
2025-02-08 00:00:00+00:00,WH-South,1945,0.9553,0.9949,0,105.06,0
2025-02-09 00:00:00+00:00,WH-South,1521,0.9226,0.9711,0,56.48,0
2025-02-10 00:00:00+00:00,WH-South,1625,0.8698,0.9625,1,87.99,47
2025-02-11 00:00:00+00:00,WH-South,2075,0.9046,0.9976,0,89.26,0
2025-02-12 00:00:00+00:00,WH-South,1768,0.9094,0.9576,1,74.21,21
2025-02-13 00:00:00+00:00,WH-South,1698,0.9651,0.9625,0,61.93,0
2025-02-14 00:00:00+00:00,WH-South,2106,0.9371,0.9786,0,78.2,0
2025-02-15 00:00:00+00:00,WH-South,1989,0.9389,0.9661,0,76.45,0
2025-02-16 00:00:00+00:00,WH-South,1829,0.9507,0.9518,0,87.86,0
2025-02-17 00:00:00+00:00,WH-South,1920,0.958,0.9695,0,90.75,0
2025-02-18 00:00:00+00:00,WH-South,1802,0.8611,0.9654,2,84.54,108
2025-02-19 00:00:00+00:00,WH-South,1956,0.9472,0.9592,0,71.15,0
2025-02-20 00:00:00+00:00,WH-South,1604,0.9129,0.995,0,74.03,0
2025-02-21 00:00:00+00:00,WH-South,1660,0.9384,0.9609,1,60.29,49
2025-02-22 00:00:00+00:00,WH-South,1806,0.9281,0.999,0,80.94,0
2025-02-23 00:00:00+00:00,WH-South,2168,0.9256,0.9767,0,90.41,0
2025-02-24 00:00:00+00:00,WH-South,1892,0.8992,0.9533,0,82.43,0
2025-02-25 00:00:00+00:00,WH-South,1810,0.9638,0.9566,0,66.68,0
2025-02-26 00:00:00+00:00,WH-South,1610,0.9405,0.9704,0,81.27,0
2025-02-27 00:00:00+00:00,WH-South,1542,0.9622,0.949,0,74.8,0
2025-02-28 00:00:00+00:00,WH-South,1848,0.8975,0.999,0,78.33,0
2025-03-01 00:00:00+00:00,WH-South,1875,0.9,0.9679,0,70.77,0
2025-03-02 00:00:00+00:00,WH-South,1730,0.9131,0.9502,1,64.18,24
2025-03-03 00:00:00+00:00,WH-South,1843,0.9641,0.9691,0,100.55,0
2025-03-04 00:00:00+00:00,WH-South,1663,0.9335,0.9762,0,86.55,0
2025-03-05 00:00:00+00:00,WH-South,1805,0.9598,0.9667,0,84.1,0
2025-03-06 00:00:00+00:00,WH-South,1696,0.8842,0.9702,0,66.27,0
2025-03-07 00:00:00+00:00,WH-South,2181,0.8677,0.9684,1,96.2,14
2025-03-08 00:00:00+00:00,WH-South,1717,0.9566,0.9541,0,74.94,0
2025-03-09 00:00:00+00:00,WH-South,1750,0.8729,0.9539,1,69.41,85
2025-03-10 00:00:00+00:00,WH-South,1861,0.9178,0.9811,0,100.54,0
2025-03-11 00:00:00+00:00,WH-South,1855,0.973,0.9581,0,70.02,0
2025-03-12 00:00:00+00:00,WH-South,1949,0.8959,0.9816,0,81.3,0
2025-03-13 00:00:00+00:00,WH-South,1793,0.9817,0.999,0,94.68,0
2025-03-14 00:00:00+00:00,WH-South,1575,0.9247,0.9857,0,65.74,0
2025-03-15 00:00:00+00:00,WH-South,1828,0.9403,0.95,1,82.02,64
2025-03-16 00:00:00+00:00,WH-South,2058,0.8995,0.9731,0,81.14,0
2025-03-17 00:00:00+00:00,WH-South,2044,0.9457,0.965,0,94.03,0
2025-03-18 00:00:00+00:00,WH-South,1481,0.9728,0.9592,0,80.1,0
2025-03-19 00:00:00+00:00,WH-South,1699,0.9751,0.9504,1,81.05,36
2025-03-20 00:00:00+00:00,WH-South,1988,0.9295,0.965,1,86.53,32
2025-03-21 00:00:00+00:00,WH-South,1951,0.9415,0.9818,0,72.38,0
2025-03-22 00:00:00+00:00,WH-South,1562,0.9817,0.9717,1,70.64,30
2025-03-23 00:00:00+00:00,WH-South,1955,0.9752,0.9648,0,89.54,0
2025-03-24 00:00:00+00:00,WH-South,1755,0.9141,0.9475,0,75.36,0
2025-03-25 00:00:00+00:00,WH-South,1954,0.9444,0.9755,0,91.79,0
2025-03-26 00:00:00+00:00,WH-South,1936,0.9298,0.9719,0,91.0,0
2025-03-27 00:00:00+00:00,WH-South,1763,0.9684,0.9702,0,94.66,0
2025-03-28 00:00:00+00:00,WH-South,1984,0.9227,0.9613,1,82.37,79
2025-03-29 00:00:00+00:00,WH-South,1929,0.9184,0.9781,0,71.06,0
2025-03-30 00:00:00+00:00,WH-South,1923,0.965,0.9826,0,93.83,0
2025-03-31 00:00:00+00:00,WH-South,1735,0.9438,0.9642,1,95.44,16
2025-04-01 00:00:00+00:00,WH-South,1961,0.9357,0.9799,0,104.05,0
2025-04-02 00:00:00+00:00,WH-South,1902,0.9525,0.9754,0,78.39,0
2025-04-03 00:00:00+00:00,WH-South,1893,0.9226,0.9574,1,81.67,45
2025-04-04 00:00:00+00:00,WH-South,1643,0.8481,0.9587,1,64.79,48
2025-04-05 00:00:00+00:00,WH-South,1921,0.876,0.9638,1,85.72,29
2025-04-06 00:00:00+00:00,WH-South,1838,0.9565,0.9655,1,71.26,46
2025-04-07 00:00:00+00:00,WH-South,1680,0.9114,0.9692,0,67.26,0
2025-04-08 00:00:00+00:00,WH-South,1981,0.9763,0.9597,0,84.65,0
2025-04-09 00:00:00+00:00,WH-South,2055,0.995,0.9545,0,96.94,0
2025-04-10 00:00:00+00:00,WH-South,1794,0.9278,0.9678,0,76.11,0
2025-04-11 00:00:00+00:00,WH-South,1942,0.8974,0.9438,0,83.74,0
2025-04-12 00:00:00+00:00,WH-South,1821,0.9259,0.9545,0,77.73,0
2025-04-13 00:00:00+00:00,WH-South,1680,0.8983,0.9635,0,62.34,0
2025-04-14 00:00:00+00:00,WH-South,1837,0.9198,0.9821,1,90.33,64
2025-04-15 00:00:00+00:00,WH-South,2033,0.914,0.9783,0,79.15,0
2025-04-16 00:00:00+00:00,WH-South,1817,0.9317,0.9704,1,68.65,66
2025-04-17 00:00:00+00:00,WH-South,1992,0.9194,0.9716,0,101.9,0
2025-04-18 00:00:00+00:00,WH-South,1540,0.9276,0.9742,0,66.71,0
2025-04-19 00:00:00+00:00,WH-South,1738,0.9575,0.961,1,80.04,17
2025-04-20 00:00:00+00:00,WH-South,1657,0.9657,0.956,0,80.78,0
2025-04-21 00:00:00+00:00,WH-South,1699,0.9188,0.9626,0,85.4,0
2025-04-22 00:00:00+00:00,WH-South,2008,0.8876,0.9835,0,108.61,0
2025-04-23 00:00:00+00:00,WH-South,1663,0.9495,0.9913,1,77.19,25
2025-04-24 00:00:00+00:00,WH-South,1632,0.9298,0.998,0,59.75,0
2025-04-25 00:00:00+00:00,WH-South,2172,0.9823,0.9614,1,100.97,14
2025-04-26 00:00:00+00:00,WH-South,1684,0.9148,0.9595,0,70.61,0
2025-04-27 00:00:00+00:00,WH-South,1431,0.9196,0.9848,1,58.17,52
2025-04-28 00:00:00+00:00,WH-South,1791,0.9421,0.9028,0,66.03,0
2025-04-29 00:00:00+00:00,WH-South,1625,0.9561,0.959,0,80.16,0
2025-04-30 00:00:00+00:00,WH-South,1796,0.995,0.9868,0,94.05,0
2025-05-01 00:00:00+00:00,WH-South,1912,0.8494,0.9191,3,104.95,159
2025-05-02 00:00:00+00:00,WH-South,1926,0.9412,0.9679,0,95.42,0
2025-05-03 00:00:00+00:00,WH-South,1603,0.9299,0.9757,0,67.73,0
2025-05-04 00:00:00+00:00,WH-South,1522,0.9361,0.9894,0,56.57,0
2025-05-05 00:00:00+00:00,WH-South,1837,0.9304,0.9516,0,72.91,0
2025-05-06 00:00:00+00:00,WH-South,1918,0.9166,0.9443,0,78.07,0
2025-05-07 00:00:00+00:00,WH-South,2079,0.9047,0.973,1,106.79,53
2025-05-08 00:00:00+00:00,WH-South,1631,0.9427,0.9426,0,65.38,0
2025-05-09 00:00:00+00:00,WH-South,1997,0.9339,0.9892,0,99.64,0
2025-05-10 00:00:00+00:00,WH-South,1932,0.9279,0.9383,1,99.76,49
2025-05-11 00:00:00+00:00,WH-South,1813,0.9008,0.9383,1,67.44,89
2025-05-12 00:00:00+00:00,WH-South,1934,0.9231,0.9684,0,72.84,0
2025-05-13 00:00:00+00:00,WH-South,1900,0.9359,0.942,0,73.74,0
2025-05-14 00:00:00+00:00,WH-South,1898,0.978,0.9719,0,74.83,0
2025-05-15 00:00:00+00:00,WH-South,1997,0.9656,0.9659,0,98.91,0
2025-05-16 00:00:00+00:00,WH-South,1705,0.9017,0.9726,0,73.45,0
2025-05-17 00:00:00+00:00,WH-South,1677,0.995,0.9489,1,61.72,70
2025-05-18 00:00:00+00:00,WH-South,1693,0.9304,0.9748,0,62.72,0
2025-05-19 00:00:00+00:00,WH-South,1515,0.9184,0.9216,0,69.53,0
2025-05-20 00:00:00+00:00,WH-South,2189,0.9373,0.9973,0,90.15,0
2025-05-21 00:00:00+00:00,WH-South,2301,0.9061,0.974,0,90.92,0
2025-05-22 00:00:00+00:00,WH-South,1779,0.995,0.9806,0,65.46,0
2025-05-23 00:00:00+00:00,WH-South,1855,0.8891,0.9618,0,96.83,0
2025-05-24 00:00:00+00:00,WH-South,1967,0.9288,0.9586,0,72.58,0
2025-05-25 00:00:00+00:00,WH-South,1544,0.9185,0.9632,0,74.19,0
2025-05-26 00:00:00+00:00,WH-South,1945,0.939,0.9524,0,72.05,0
2025-05-27 00:00:00+00:00,WH-South,1891,0.8947,0.9808,1,87.8,54
2025-05-28 00:00:00+00:00,WH-South,1933,0.9423,0.9456,0,84.27,0
2025-05-29 00:00:00+00:00,WH-South,1939,0.9351,0.951,1,94.23,52
2025-05-30 00:00:00+00:00,WH-South,1775,0.8937,0.9817,0,83.78,0
2025-05-31 00:00:00+00:00,WH-South,1586,0.9903,0.9687,0,57.5,0
2025-06-01 00:00:00+00:00,WH-South,1854,0.995,0.9487,0,81.25,0
2025-06-02 00:00:00+00:00,WH-South,1992,0.9234,0.9584,1,88.04,57
2025-06-03 00:00:00+00:00,WH-South,2037,0.9425,0.9897,0,91.89,0
2025-06-04 00:00:00+00:00,WH-South,1659,0.9269,0.9656,0,82.67,0
2025-06-05 00:00:00+00:00,WH-South,1692,0.9114,0.9465,2,63.67,40
2025-06-06 00:00:00+00:00,WH-South,1853,0.9292,0.9392,0,68.88,0
2025-06-07 00:00:00+00:00,WH-South,1541,0.9392,0.9862,0,61.48,0
2025-06-08 00:00:00+00:00,WH-South,1442,0.9903,0.9737,0,73.74,0
2025-06-09 00:00:00+00:00,WH-South,1881,0.9318,0.9602,0,70.04,0
2025-06-10 00:00:00+00:00,WH-South,2014,0.9221,0.9558,1,79.15,12
2025-06-11 00:00:00+00:00,WH-South,1752,0.9581,0.966,0,67.73,0
2025-06-12 00:00:00+00:00,WH-South,1663,0.9322,0.9705,1,70.79,84
2025-06-13 00:00:00+00:00,WH-South,2177,0.9466,0.9654,0,103.7,0
2025-06-14 00:00:00+00:00,WH-South,2040,0.9677,0.9582,1,91.95,16
2025-06-15 00:00:00+00:00,WH-South,1580,0.9025,0.9705,0,67.06,0
2025-06-16 00:00:00+00:00,WH-South,1935,0.9291,0.9508,1,92.19,78
2025-06-17 00:00:00+00:00,WH-South,1884,0.917,0.9649,1,67.38,27
2025-06-18 00:00:00+00:00,WH-South,1830,0.8875,0.9604,1,84.9,83
2025-06-19 00:00:00+00:00,WH-South,1553,0.9821,0.9695,0,86.0,0
2025-06-20 00:00:00+00:00,WH-South,2186,0.9407,0.9759,0,104.06,0
2025-06-21 00:00:00+00:00,WH-South,1768,0.9602,0.9811,0,69.21,0
2025-06-22 00:00:00+00:00,WH-South,1902,0.9374,0.9934,0,94.15,0
2025-06-23 00:00:00+00:00,WH-South,1623,0.9572,0.9639,0,63.85,0
2025-06-24 00:00:00+00:00,WH-South,1833,0.9929,0.9927,0,77.78,0
2025-06-25 00:00:00+00:00,WH-South,1987,0.9001,0.9888,0,98.25,0
2025-06-26 00:00:00+00:00,WH-South,1787,0.9653,0.9499,0,81.26,0
2025-06-27 00:00:00+00:00,WH-South,2011,0.995,0.9629,0,76.62,0
2025-06-28 00:00:00+00:00,WH-South,1868,0.8935,0.9485,1,72.85,77
2025-06-29 00:00:00+00:00,WH-South,1631,0.9221,0.961,2,75.58,68
2025-06-30 00:00:00+00:00,WH-South,1809,0.954,0.9699,0,72.95,0
2025-07-01 00:00:00+00:00,WH-South,1594,0.934,0.999,0,73.6,0
2025-07-02 00:00:00+00:00,WH-South,2103,0.8986,0.9338,0,87.0,0
2025-07-03 00:00:00+00:00,WH-South,2068,0.9294,0.9557,1,73.91,47
2025-07-04 00:00:00+00:00,WH-South,1806,0.9613,0.9803,1,75.22,23
2025-07-05 00:00:00+00:00,WH-South,1860,0.9143,0.9673,0,83.3,0
2025-07-06 00:00:00+00:00,WH-South,1730,0.9326,0.9733,1,67.81,45
2025-07-07 00:00:00+00:00,WH-South,2129,0.9248,0.9722,0,114.44,0
2025-07-08 00:00:00+00:00,WH-South,1583,0.8991,0.9722,1,77.92,46
2025-07-09 00:00:00+00:00,WH-South,1960,0.9477,0.9741,0,75.54,0
2025-07-10 00:00:00+00:00,WH-South,2038,0.9302,0.9871,0,90.14,0
2025-07-11 00:00:00+00:00,WH-South,2037,0.918,0.9603,0,85.11,0
2025-07-12 00:00:00+00:00,WH-South,1993,0.9187,0.953,0,85.18,0
2025-07-13 00:00:00+00:00,WH-South,1775,0.8668,0.9606,0,83.83,0
2025-07-14 00:00:00+00:00,WH-South,1659,0.929,0.965,0,75.79,0
2025-07-15 00:00:00+00:00,WH-South,1855,0.9789,0.9503,0,70.76,0
2025-07-16 00:00:00+00:00,WH-South,1576,0.9313,0.9387,0,85.94,0
2025-07-17 00:00:00+00:00,WH-South,1747,0.9399,0.9427,1,84.08,53
2025-07-18 00:00:00+00:00,WH-South,2108,0.9574,0.9603,0,85.82,0
2025-07-19 00:00:00+00:00,WH-South,1791,0.937,0.9763,0,70.79,0
2025-07-20 00:00:00+00:00,WH-South,1810,0.923,0.9659,0,74.95,0
2025-07-21 00:00:00+00:00,WH-South,1617,0.9472,0.9628,0,59.06,0
2025-07-22 00:00:00+00:00,WH-South,2274,0.9678,0.9666,0,95.29,0
2025-07-23 00:00:00+00:00,WH-South,1692,0.9355,0.967,0,72.74,0
2025-07-24 00:00:00+00:00,WH-South,1891,0.9263,0.9583,0,98.62,0
2025-07-25 00:00:00+00:00,WH-South,1998,0.9534,0.9461,1,101.97,78
2025-07-26 00:00:00+00:00,WH-South,1567,0.8959,0.9476,1,76.4,48
2025-07-27 00:00:00+00:00,WH-South,1739,0.9491,0.9906,0,68.68,0
2025-07-28 00:00:00+00:00,WH-South,2168,0.9342,0.9823,0,81.89,0
2025-07-29 00:00:00+00:00,WH-South,2026,0.9235,0.946,0,110.47,0
2025-07-30 00:00:00+00:00,WH-South,2149,0.9115,0.9731,0,94.15,0
2025-07-31 00:00:00+00:00,WH-South,1745,0.9597,0.9707,0,96.64,0
2025-08-01 00:00:00+00:00,WH-South,1616,0.9167,0.9864,0,64.23,0
2025-08-02 00:00:00+00:00,WH-South,1895,0.9634,0.9676,0,90.97,0
2025-08-03 00:00:00+00:00,WH-South,1937,0.9217,0.969,0,78.47,0
2025-08-04 00:00:00+00:00,WH-South,1741,0.907,0.9446,0,64.4,0
2025-08-05 00:00:00+00:00,WH-South,1755,0.9438,0.9424,0,73.57,0
2025-08-06 00:00:00+00:00,WH-South,1848,0.8953,0.9441,0,78.76,0
2025-08-07 00:00:00+00:00,WH-South,2138,0.995,0.9688,0,83.22,0
2025-08-08 00:00:00+00:00,WH-South,1955,0.984,0.9601,0,70.26,0
2025-08-09 00:00:00+00:00,WH-South,1816,0.8451,0.9607,0,96.05,0
2025-08-10 00:00:00+00:00,WH-South,1432,0.9027,0.9736,1,54.32,87
2025-08-11 00:00:00+00:00,WH-South,2008,0.9386,0.9599,0,88.83,0
2025-08-12 00:00:00+00:00,WH-South,1885,0.9098,0.9562,1,75.38,26
2025-08-13 00:00:00+00:00,WH-South,1812,0.866,0.9711,0,90.29,0
2025-08-14 00:00:00+00:00,WH-South,1930,0.956,0.9724,0,101.99,0
2025-08-15 00:00:00+00:00,WH-South,1850,0.9416,0.9546,0,101.34,0
2025-08-16 00:00:00+00:00,WH-South,2160,0.8996,0.9496,0,109.69,0
2025-08-17 00:00:00+00:00,WH-South,1930,0.9249,0.9643,0,106.78,0
2025-08-18 00:00:00+00:00,WH-South,1822,0.8882,0.9773,1,92.31,52
2025-08-19 00:00:00+00:00,WH-South,1728,0.8891,0.9685,1,77.26,80
2025-08-20 00:00:00+00:00,WH-South,1629,0.9658,0.9704,0,60.17,0
2025-08-21 00:00:00+00:00,WH-South,1845,0.9039,0.9582,1,69.06,65
2025-08-22 00:00:00+00:00,WH-South,1568,0.9399,0.964,0,74.13,0
2025-08-23 00:00:00+00:00,WH-South,1731,0.9195,0.9732,0,73.69,0
2025-08-24 00:00:00+00:00,WH-South,1680,0.937,0.9711,0,85.39,0
2025-08-25 00:00:00+00:00,WH-South,1993,0.9361,0.9988,0,107.86,0
2025-08-26 00:00:00+00:00,WH-South,1874,0.8953,0.9578,1,96.25,70
2025-08-27 00:00:00+00:00,WH-South,1666,0.8538,0.9614,2,67.0,132
2025-08-28 00:00:00+00:00,WH-South,1839,0.899,0.954,1,70.59,60
2025-08-29 00:00:00+00:00,WH-South,2032,0.9426,0.999,0,89.94,0
2025-08-30 00:00:00+00:00,WH-South,1596,0.9054,0.9769,0,59.79,0
2025-08-31 00:00:00+00:00,WH-South,1808,0.9119,0.9952,0,96.32,0
2025-09-01 00:00:00+00:00,WH-South,1692,0.9364,0.9799,0,93.61,0
2025-09-02 00:00:00+00:00,WH-South,1829,0.9627,0.9436,0,89.79,0
2025-09-03 00:00:00+00:00,WH-South,1864,0.9297,0.982,1,79.26,41
2025-09-04 00:00:00+00:00,WH-South,1754,0.9747,0.9754,0,91.52,0
2025-09-05 00:00:00+00:00,WH-South,2057,0.9263,0.9781,0,108.4,0
2025-09-06 00:00:00+00:00,WH-South,2427,0.9881,0.973,0,87.32,0
2025-09-07 00:00:00+00:00,WH-South,1722,0.9341,0.986,1,85.77,68
2025-09-08 00:00:00+00:00,WH-South,2096,0.956,0.9629,0,89.99,0
2025-09-09 00:00:00+00:00,WH-South,1895,0.893,0.9313,3,81.28,120
2025-09-10 00:00:00+00:00,WH-South,2244,0.9105,0.999,0,90.74,0
2025-09-11 00:00:00+00:00,WH-South,1984,0.9611,0.9853,0,104.91,0
2025-09-12 00:00:00+00:00,WH-South,2142,0.9042,0.9365,1,114.1,19
2025-09-13 00:00:00+00:00,WH-South,1819,0.9422,0.9558,0,74.86,0
2025-09-14 00:00:00+00:00,WH-South,1652,0.871,0.9479,1,66.62,12
2025-09-15 00:00:00+00:00,WH-South,1611,0.924,0.967,0,71.36,0
2025-09-16 00:00:00+00:00,WH-South,1792,0.989,0.9848,0,95.7,0
2025-09-17 00:00:00+00:00,WH-South,1820,0.8721,0.9869,0,93.72,0
2025-09-18 00:00:00+00:00,WH-South,2068,0.9603,0.9869,0,85.6,0
2025-09-19 00:00:00+00:00,WH-South,1832,0.9318,0.9698,1,98.27,85
2025-09-20 00:00:00+00:00,WH-South,1817,0.9159,0.9989,0,70.64,0
2025-09-21 00:00:00+00:00,WH-South,2114,0.9169,0.9929,0,114.27,0
2025-09-22 00:00:00+00:00,WH-South,1699,0.9743,0.9711,0,81.39,0
2025-09-23 00:00:00+00:00,WH-South,1811,0.9,0.9496,1,69.26,13
2025-09-24 00:00:00+00:00,WH-South,2309,0.9298,0.9579,1,89.26,12
2025-09-25 00:00:00+00:00,WH-South,1922,0.9056,0.982,0,77.59,0
2025-09-26 00:00:00+00:00,WH-South,1605,0.9711,0.9819,0,68.44,0
2025-09-27 00:00:00+00:00,WH-South,2115,0.9438,0.9709,0,93.88,0
2025-09-28 00:00:00+00:00,WH-South,1731,0.9043,0.9534,0,92.89,0
2025-09-29 00:00:00+00:00,WH-South,2074,0.9436,0.9371,0,85.08,0
2025-09-30 00:00:00+00:00,WH-South,1969,0.9188,0.979,0,89.35,0
2025-10-01 00:00:00+00:00,WH-South,1812,0.9524,0.9766,0,88.16,0
2025-10-02 00:00:00+00:00,WH-South,1669,0.927,0.9569,0,73.36,0
2025-10-03 00:00:00+00:00,WH-South,1807,0.9793,0.999,0,70.1,0
2025-10-04 00:00:00+00:00,WH-South,1617,0.9251,0.9727,0,84.09,0
2025-10-05 00:00:00+00:00,WH-South,1706,0.8982,0.9744,0,77.27,0
2025-10-06 00:00:00+00:00,WH-South,1866,0.9887,0.9561,0,77.33,0
2025-10-07 00:00:00+00:00,WH-South,1634,0.9833,0.9928,0,77.08,0
2025-10-08 00:00:00+00:00,WH-South,2243,0.9156,0.9762,0,95.8,0
2025-10-09 00:00:00+00:00,WH-South,1694,0.9938,0.9745,0,82.24,0
2025-10-10 00:00:00+00:00,WH-South,1842,0.9687,0.9743,0,102.1,0
2025-10-11 00:00:00+00:00,WH-South,2192,0.9034,0.9641,0,107.4,0
2025-10-12 00:00:00+00:00,WH-South,1661,0.8975,0.944,2,63.41,76
2025-10-13 00:00:00+00:00,WH-South,1794,0.9659,0.9696,0,76.69,0
2025-10-14 00:00:00+00:00,WH-South,1831,0.9754,0.9771,0,90.61,0
2025-10-15 00:00:00+00:00,WH-South,1858,0.9673,0.999,0,69.49,0
2025-10-16 00:00:00+00:00,WH-South,1764,0.8717,0.9187,2,83.08,90
2025-10-17 00:00:00+00:00,WH-South,1650,0.9322,0.9688,0,74.73,0
2025-10-18 00:00:00+00:00,WH-South,1844,0.9286,0.9918,0,86.27,0
2025-10-19 00:00:00+00:00,WH-South,2197,0.9417,0.9643,0,83.35,0
2025-10-20 00:00:00+00:00,WH-South,1864,0.8949,0.9726,0,84.55,0
2025-10-21 00:00:00+00:00,WH-South,1941,0.8283,0.9767,2,106.06,90
2025-10-22 00:00:00+00:00,WH-South,2081,0.9,0.9871,0,94.31,0
2025-10-23 00:00:00+00:00,WH-South,2028,0.929,0.9654,0,76.38,0
2025-10-24 00:00:00+00:00,WH-South,2226,0.9572,0.9689,0,84.24,0
2025-10-25 00:00:00+00:00,WH-South,1799,0.9316,0.959,1,81.45,82
2025-10-26 00:00:00+00:00,WH-South,1625,0.9188,0.9607,0,71.86,0
2025-10-27 00:00:00+00:00,WH-South,2050,0.8466,0.934,4,75.95,108
2025-10-28 00:00:00+00:00,WH-South,1528,0.993,0.9624,0,59.86,0
2025-10-29 00:00:00+00:00,WH-South,1637,0.9446,0.9473,1,70.31,64
2025-10-30 00:00:00+00:00,WH-South,1641,0.9565,0.9356,1,82.23,43
2025-10-31 00:00:00+00:00,WH-South,1885,0.9067,0.9457,1,78.54,37
2025-11-01 00:00:00+00:00,WH-South,1939,0.9043,0.965,1,99.04,83
2025-11-02 00:00:00+00:00,WH-South,1893,0.9159,0.9767,1,73.22,62
2025-11-03 00:00:00+00:00,WH-South,1731,0.9464,0.9703,0,64.85,0
2025-11-04 00:00:00+00:00,WH-South,1585,0.9639,0.9754,0,65.91,0
2025-11-05 00:00:00+00:00,WH-South,1372,0.9362,0.9697,0,64.17,0
2025-11-06 00:00:00+00:00,WH-South,1769,0.971,0.9863,0,66.79,0
2025-11-07 00:00:00+00:00,WH-South,1745,0.905,0.9619,1,75.73,67
2025-11-08 00:00:00+00:00,WH-South,1978,0.8996,0.9805,0,85.58,0
2025-11-09 00:00:00+00:00,WH-South,1978,0.8894,0.9442,1,98.24,45
2025-11-10 00:00:00+00:00,WH-South,1687,0.9456,0.9793,0,70.35,0
2025-11-11 00:00:00+00:00,WH-South,1959,0.9596,0.9827,0,72.25,0
2025-11-12 00:00:00+00:00,WH-South,1935,0.9644,0.999,0,75.82,0
2025-11-13 00:00:00+00:00,WH-South,1883,0.9437,0.9588,0,90.02,0
2025-11-14 00:00:00+00:00,WH-South,1844,0.9479,0.9516,0,96.35,0
2025-11-15 00:00:00+00:00,WH-South,1794,0.9759,0.9627,0,67.26,0
2025-11-16 00:00:00+00:00,WH-South,2145,0.9544,0.9416,0,113.45,0
2025-11-17 00:00:00+00:00,WH-South,2016,0.9152,0.9668,0,83.41,0
2025-11-18 00:00:00+00:00,WH-South,1819,0.931,0.999,0,77.41,0
2025-11-19 00:00:00+00:00,WH-South,2103,0.9644,0.9655,0,112.71,0
2025-11-20 00:00:00+00:00,WH-South,2052,0.9261,0.9482,1,74.26,34
2025-11-21 00:00:00+00:00,WH-South,1469,0.945,0.9739,0,73.72,0
2025-11-22 00:00:00+00:00,WH-South,1891,0.9311,0.9431,0,71.69,0
2025-11-23 00:00:00+00:00,WH-South,1701,0.9093,0.9683,0,75.36,0
2025-11-24 00:00:00+00:00,WH-South,1755,0.9823,0.9709,0,84.77,0
2025-11-25 00:00:00+00:00,WH-South,1744,0.9507,0.962,0,62.37,0
2025-11-26 00:00:00+00:00,WH-South,1543,0.8943,0.9599,0,62.75,0
2025-11-27 00:00:00+00:00,WH-South,1891,0.8848,0.999,0,68.25,0
2025-11-28 00:00:00+00:00,WH-South,2048,0.9704,0.9382,1,77.6,69
2025-11-29 00:00:00+00:00,WH-South,1601,0.9016,0.9521,1,59.66,60
2025-11-30 00:00:00+00:00,WH-South,1877,0.9517,0.9932,0,68.01,0
2025-12-01 00:00:00+00:00,WH-South,1701,0.9274,0.9727,1,87.25,52
2025-12-02 00:00:00+00:00,WH-South,1975,0.945,0.999,0,89.52,0
2025-12-03 00:00:00+00:00,WH-South,2035,0.9685,0.9521,0,88.4,0
2025-12-04 00:00:00+00:00,WH-South,1836,0.9444,0.9772,0,92.39,0
2025-12-05 00:00:00+00:00,WH-South,1870,0.8737,0.9677,1,86.24,54
2025-12-06 00:00:00+00:00,WH-South,1898,0.8945,0.9798,0,70.71,0
2025-12-07 00:00:00+00:00,WH-South,1967,0.8993,0.9628,1,70.54,74
2025-12-08 00:00:00+00:00,WH-South,2067,0.9248,0.955,0,102.21,0
2025-12-09 00:00:00+00:00,WH-South,1733,0.9458,0.9558,0,78.91,0
2025-12-10 00:00:00+00:00,WH-South,2013,0.905,0.9629,0,105.75,0
2025-12-11 00:00:00+00:00,WH-South,2012,0.9528,0.979,0,93.2,0
2025-12-12 00:00:00+00:00,WH-South,1859,0.9397,0.9254,1,74.79,36
2025-12-13 00:00:00+00:00,WH-South,1831,0.8991,0.9759,1,86.57,39
2025-12-14 00:00:00+00:00,WH-South,1644,0.9073,0.9745,0,81.51,0
2025-12-15 00:00:00+00:00,WH-South,1729,0.9622,0.9698,0,70.41,0
2025-12-16 00:00:00+00:00,WH-South,1849,0.9549,0.9461,1,71.83,70
2025-12-17 00:00:00+00:00,WH-South,2166,0.9741,0.9518,0,96.01,0
2025-12-18 00:00:00+00:00,WH-South,1721,0.9419,0.9374,0,74.36,0
2025-12-19 00:00:00+00:00,WH-South,2081,0.9281,0.9516,1,92.2,67
2025-12-20 00:00:00+00:00,WH-South,2165,0.9582,0.9516,1,82.12,46
2025-12-21 00:00:00+00:00,WH-South,1905,0.973,0.9903,0,70.84,0
2025-12-22 00:00:00+00:00,WH-South,1477,0.9132,0.9379,1,64.21,33
2025-12-23 00:00:00+00:00,WH-South,1495,0.9463,0.9763,0,61.59,0
2025-12-24 00:00:00+00:00,WH-South,1836,0.9709,0.9707,0,68.57,0
2025-12-25 00:00:00+00:00,WH-South,1923,0.972,0.9728,0,80.52,0
2025-12-26 00:00:00+00:00,WH-South,1648,0.9148,0.968,0,69.91,0
2025-12-27 00:00:00+00:00,WH-South,1686,0.9514,0.9778,0,80.58,0
2025-12-28 00:00:00+00:00,WH-South,1664,0.8995,0.9655,0,75.35,0
2025-12-29 00:00:00+00:00,WH-South,1542,0.9131,0.9343,1,56.86,17
2025-12-30 00:00:00+00:00,WH-South,1965,0.929,0.9625,0,92.76,0
2025-12-31 00:00:00+00:00,WH-South,1797,0.9534,0.9914,0,67.24,0
2026-01-01 00:00:00+00:00,WH-South,1963,0.9386,0.9708,0,90.52,0
2026-01-02 00:00:00+00:00,WH-South,2036,0.9186,0.9822,0,111.87,0
2026-01-03 00:00:00+00:00,WH-South,1745,0.9124,0.9706,1,70.52,60
2026-01-04 00:00:00+00:00,WH-South,1900,0.9479,0.9751,1,82.9,68
2026-01-05 00:00:00+00:00,WH-South,1709,0.9343,0.9637,0,75.32,0
2026-01-06 00:00:00+00:00,WH-South,1774,0.9758,0.9555,0,67.61,0
2026-01-07 00:00:00+00:00,WH-South,1904,0.9124,0.9763,0,89.22,0
2026-01-08 00:00:00+00:00,WH-South,1773,0.9632,0.9606,0,77.12,0
2026-01-09 00:00:00+00:00,WH-South,1773,0.9223,0.9616,0,79.16,0
2026-01-10 00:00:00+00:00,WH-South,1706,0.8978,0.9745,0,72.05,0
2026-01-11 00:00:00+00:00,WH-South,1949,0.9448,0.96,0,89.9,0
2026-01-12 00:00:00+00:00,WH-South,2014,0.969,0.9687,0,85.42,0
2026-01-13 00:00:00+00:00,WH-South,1943,0.9211,0.9323,2,76.94,110
2026-01-14 00:00:00+00:00,WH-South,1999,0.9434,0.9703,1,91.65,30
2026-01-15 00:00:00+00:00,WH-South,1667,0.9598,0.9411,0,74.1,0
2026-01-16 00:00:00+00:00,WH-South,1525,0.9561,0.9713,1,62.44,24
2026-01-17 00:00:00+00:00,WH-South,2145,0.995,0.9887,1,106.01,84
2026-01-18 00:00:00+00:00,WH-South,1802,0.9104,0.9574,1,93.92,85
2026-01-19 00:00:00+00:00,WH-South,2082,0.9229,0.9735,1,107.44,41
2026-01-20 00:00:00+00:00,WH-South,1742,0.9638,0.9551,0,69.56,0
2026-01-21 00:00:00+00:00,WH-South,1936,0.9405,0.9981,0,74.49,0
2026-01-22 00:00:00+00:00,WH-South,1993,0.9319,0.9363,0,90.74,0
2026-01-23 00:00:00+00:00,WH-South,1776,0.9487,0.9658,0,83.9,0
2026-01-24 00:00:00+00:00,WH-South,2001,0.9086,0.9644,1,82.92,83
2026-01-25 00:00:00+00:00,WH-South,2018,0.9277,0.9666,0,102.56,0
2026-01-26 00:00:00+00:00,WH-South,1846,0.9819,0.9825,0,91.75,0
2026-01-27 00:00:00+00:00,WH-South,1753,0.9233,0.9573,1,87.64,22
2026-01-28 00:00:00+00:00,WH-South,1896,0.9208,0.9671,0,99.58,0
2026-01-29 00:00:00+00:00,WH-South,1724,0.9244,0.958,1,62.74,16
2026-01-30 00:00:00+00:00,WH-South,1783,0.9453,0.9586,0,94.52,0
2026-01-31 00:00:00+00:00,WH-South,1652,0.9659,0.9728,0,88.59,0
2026-02-01 00:00:00+00:00,WH-South,1940,0.9686,0.9835,0,105.02,0
2026-02-02 00:00:00+00:00,WH-South,1793,0.9382,0.9786,1,86.21,87
2026-02-03 00:00:00+00:00,WH-South,1884,0.9423,0.946,0,79.55,0
2026-02-04 00:00:00+00:00,WH-South,1867,0.9288,0.9911,0,72.11,0
2026-02-05 00:00:00+00:00,WH-South,1783,0.8991,0.948,0,90.38,0
2026-02-06 00:00:00+00:00,WH-South,2187,0.9116,0.9579,1,121.25,51
2026-02-07 00:00:00+00:00,WH-South,1741,0.9059,0.96,1,81.85,59
2026-02-08 00:00:00+00:00,WH-South,2034,0.9307,0.9779,0,74.41,0
2026-02-09 00:00:00+00:00,WH-South,2052,0.9196,0.9573,1,93.1,86
2026-02-10 00:00:00+00:00,WH-South,2038,0.9638,0.9541,0,85.6,0
2026-02-11 00:00:00+00:00,WH-South,1839,0.8901,0.9544,0,97.4,0
2026-02-12 00:00:00+00:00,WH-South,1734,0.8864,0.9611,0,73.94,0
2026-02-13 00:00:00+00:00,WH-South,1518,0.9208,0.9489,0,54.61,0
2026-02-14 00:00:00+00:00,WH-South,2153,0.9495,0.9559,1,109.17,60
2026-02-15 00:00:00+00:00,WH-South,1733,0.9232,0.983,0,87.31,0
2026-02-16 00:00:00+00:00,WH-South,1667,0.948,0.9899,0,65.59,0
2026-02-17 00:00:00+00:00,WH-South,1921,0.8567,0.9652,1,84.71,45
2026-02-18 00:00:00+00:00,WH-South,1852,0.9072,0.9436,0,75.96,0
2026-02-19 00:00:00+00:00,WH-South,2045,0.9771,0.9747,0,102.74,0
2026-02-20 00:00:00+00:00,WH-South,1983,0.9612,0.9892,1,75.01,53
2026-02-21 00:00:00+00:00,WH-South,1984,0.9237,0.9797,0,86.24,0
2026-02-22 00:00:00+00:00,WH-South,2070,0.9614,0.9924,0,90.05,0
2026-02-23 00:00:00+00:00,WH-South,1873,0.955,0.9643,1,74.89,71
2026-02-24 00:00:00+00:00,WH-South,1631,0.9833,0.9422,0,69.22,0
2026-02-25 00:00:00+00:00,WH-South,1700,0.915,0.954,0,91.32,0
2026-02-26 00:00:00+00:00,WH-South,2096,0.9229,0.975,0,85.6,0
2026-02-27 00:00:00+00:00,WH-South,2019,0.8843,0.9776,1,108.37,76
2026-02-28 00:00:00+00:00,WH-South,2261,0.995,0.9584,1,83.2,16
2026-03-01 00:00:00+00:00,WH-South,1620,0.9108,0.9498,1,58.1,62
2026-03-02 00:00:00+00:00,WH-South,1704,0.9316,0.9615,1,89.57,47
2026-03-03 00:00:00+00:00,WH-South,1940,0.9488,0.9904,0,72.17,0
2026-03-04 00:00:00+00:00,WH-South,1741,0.9537,0.9796,1,62.96,66
2026-03-05 00:00:00+00:00,WH-South,1600,0.9373,0.9785,0,68.54,0
2026-03-06 00:00:00+00:00,WH-South,1577,0.9382,0.949,1,78.01,31
2026-03-07 00:00:00+00:00,WH-South,1572,0.9455,0.9736,0,59.33,0
2026-03-08 00:00:00+00:00,WH-South,1326,0.88,0.9688,1,58.14,44
2026-03-09 00:00:00+00:00,WH-South,1774,0.9302,0.993,0,92.54,0
2026-03-10 00:00:00+00:00,WH-South,1945,0.9443,0.977,0,75.74,0
2026-03-11 00:00:00+00:00,WH-South,1863,0.8836,0.9649,1,74.62,40
2026-03-12 00:00:00+00:00,WH-South,1778,0.9339,0.9216,0,68.0,0
2026-03-13 00:00:00+00:00,WH-South,1865,0.9345,0.9794,0,98.47,0
2026-03-14 00:00:00+00:00,WH-South,2028,0.9282,0.956,1,86.91,60
2026-03-15 00:00:00+00:00,WH-South,1962,0.9245,0.964,0,94.13,0
2026-03-16 00:00:00+00:00,WH-South,1657,0.9696,0.9781,0,62.14,0
2026-03-17 00:00:00+00:00,WH-South,1983,0.9028,0.9528,1,82.5,49
2026-03-18 00:00:00+00:00,WH-South,1649,0.9391,0.9519,1,69.04,44
2026-03-19 00:00:00+00:00,WH-South,1900,0.9456,0.9684,1,70.71,51
2026-03-20 00:00:00+00:00,WH-South,2053,0.9739,0.9666,0,94.0,0
2026-03-21 00:00:00+00:00,WH-South,2019,0.9166,0.9536,0,102.24,0
2026-03-22 00:00:00+00:00,WH-South,1885,0.9415,0.9421,0,76.0,0
2026-03-23 00:00:00+00:00,WH-South,2140,0.9406,0.963,1,86.56,65
2026-03-24 00:00:00+00:00,WH-South,1808,0.9132,0.9862,0,89.61,0
2026-03-25 00:00:00+00:00,WH-South,1853,0.8754,0.9726,0,67.85,0
2026-03-26 00:00:00+00:00,WH-South,1831,0.9125,0.9494,0,83.91,0
2026-03-27 00:00:00+00:00,WH-South,1532,0.9371,0.9802,1,76.04,74
2026-03-28 00:00:00+00:00,WH-South,2027,0.9424,0.9552,0,83.72,0
2026-03-29 00:00:00+00:00,WH-South,1900,0.9939,0.9622,0,105.54,0
2026-03-30 00:00:00+00:00,WH-South,1897,0.9231,0.9429,0,86.71,0
2026-03-31 00:00:00+00:00,WH-South,2005,0.9602,0.9787,0,76.1,0
2026-04-01 00:00:00+00:00,WH-South,1491,0.9327,0.9604,0,64.79,0
2026-04-02 00:00:00+00:00,WH-South,1484,0.9001,0.9714,0,56.36,0
2026-04-03 00:00:00+00:00,WH-South,2072,0.9678,0.9971,0,96.87,0
2026-04-04 00:00:00+00:00,WH-South,1954,0.9148,0.9709,0,94.01,0
2026-04-05 00:00:00+00:00,WH-South,1881,0.995,0.9495,0,68.8,0
2026-04-06 00:00:00+00:00,WH-South,1683,0.875,0.9476,2,76.93,34
2026-04-07 00:00:00+00:00,WH-South,1674,0.9736,0.9836,0,77.12,0
2026-04-08 00:00:00+00:00,WH-South,1544,0.9344,0.9548,0,58.94,0
2026-04-09 00:00:00+00:00,WH-South,1667,0.9387,0.9769,0,78.45,0
2026-04-10 00:00:00+00:00,WH-South,1978,0.9655,0.9807,0,75.43,0
2026-04-11 00:00:00+00:00,WH-South,1664,0.9365,0.9744,0,89.2,0
2026-04-12 00:00:00+00:00,WH-South,1697,0.9517,0.9443,0,70.47,0
2026-04-13 00:00:00+00:00,WH-South,1967,0.9196,0.9702,0,70.41,0
2026-04-14 00:00:00+00:00,WH-South,1956,0.9078,0.9574,0,108.14,0
2026-04-15 00:00:00+00:00,WH-South,1861,0.9267,0.9326,2,70.13,78
2026-04-16 00:00:00+00:00,WH-South,1802,0.9298,0.9662,0,67.14,0
2026-04-17 00:00:00+00:00,WH-South,2028,0.9038,0.9682,1,89.14,55
2026-04-18 00:00:00+00:00,WH-South,1816,0.9116,0.969,0,66.31,0
2026-04-19 00:00:00+00:00,WH-South,1939,0.9479,0.9663,0,79.16,0
2026-04-20 00:00:00+00:00,WH-South,1710,0.9186,0.939,1,92.43,46
2026-04-21 00:00:00+00:00,WH-South,1749,0.9688,0.9875,0,67.97,0
2026-04-22 00:00:00+00:00,WH-South,1964,0.915,0.9444,1,83.26,12
2026-04-23 00:00:00+00:00,WH-South,1675,0.904,0.999,0,61.24,0
2026-04-24 00:00:00+00:00,WH-South,2004,0.931,0.9634,0,98.03,0
2026-04-25 00:00:00+00:00,WH-South,1861,0.9312,0.9558,0,72.58,0
2026-04-26 00:00:00+00:00,WH-South,1750,0.9756,0.9667,0,72.17,0
2026-04-27 00:00:00+00:00,WH-South,1633,0.886,0.9647,0,61.34,0
2026-04-28 00:00:00+00:00,WH-South,1898,0.984,0.9728,0,78.93,0
2026-04-29 00:00:00+00:00,WH-South,1798,0.995,0.9784,0,90.67,0
2026-04-30 00:00:00+00:00,WH-South,1850,0.9597,0.9794,0,79.18,0
2026-05-01 00:00:00+00:00,WH-South,1918,0.995,0.9735,0,71.08,0
2026-05-02 00:00:00+00:00,WH-South,1842,0.9173,0.9866,1,66.45,44
2026-05-03 00:00:00+00:00,WH-South,1885,0.9691,0.9624,0,97.74,0
2026-05-04 00:00:00+00:00,WH-South,1699,0.9232,0.9639,0,89.61,0
2026-05-05 00:00:00+00:00,WH-South,1746,0.9761,0.9781,0,66.89,0
2026-05-06 00:00:00+00:00,WH-South,1952,0.9263,0.9689,0,84.57,0
2026-05-07 00:00:00+00:00,WH-South,1884,0.9251,0.9438,0,83.71,0
2026-05-08 00:00:00+00:00,WH-South,1814,0.9629,0.9577,0,65.72,0
2026-05-09 00:00:00+00:00,WH-South,1658,0.8699,0.9599,1,60.06,49
2026-05-10 00:00:00+00:00,WH-South,1775,0.9125,0.9648,1,85.34,17
2026-05-11 00:00:00+00:00,WH-South,1811,0.9718,0.9853,0,98.52,0
2026-05-12 00:00:00+00:00,WH-South,1863,0.9033,0.983,0,67.45,0
2026-05-13 00:00:00+00:00,WH-South,1678,0.9279,0.9608,1,91.05,54
2026-05-14 00:00:00+00:00,WH-South,1769,0.9618,0.9531,0,69.57,0
2026-05-15 00:00:00+00:00,WH-South,2135,0.9416,0.9616,0,97.63,0
2026-05-16 00:00:00+00:00,WH-South,2026,0.995,0.992,0,81.02,0
2026-05-17 00:00:00+00:00,WH-South,1658,0.9362,0.9413,1,71.48,43
2026-05-18 00:00:00+00:00,WH-South,2015,0.9085,0.9661,1,82.42,71
2026-05-19 00:00:00+00:00,WH-South,1955,0.9892,0.9718,0,74.18,0
2026-05-20 00:00:00+00:00,WH-South,1958,0.9123,0.9742,0,94.59,0
2026-05-21 00:00:00+00:00,WH-South,1878,0.8675,0.9659,2,83.22,82
2026-05-22 00:00:00+00:00,WH-South,1458,0.9038,0.9575,1,60.16,69
2026-05-23 00:00:00+00:00,WH-South,2000,0.9552,0.9963,0,75.42,0
2026-05-24 00:00:00+00:00,WH-South,1866,0.9065,0.9686,2,87.2,30
2026-05-25 00:00:00+00:00,WH-South,1977,0.9199,0.9489,1,81.3,68
2026-05-26 00:00:00+00:00,WH-South,2214,0.9388,0.9868,0,87.26,0
2026-05-27 00:00:00+00:00,WH-South,1558,0.9656,0.9568,1,83.89,13
2026-05-28 00:00:00+00:00,WH-South,1848,0.8804,0.9646,0,71.44,0
2026-05-29 00:00:00+00:00,WH-South,1653,0.9341,0.9748,0,63.87,0
2026-05-30 00:00:00+00:00,WH-South,1459,0.9586,0.9678,0,64.27,0
2026-05-31 00:00:00+00:00,WH-South,2007,0.8925,0.9349,1,93.6,80
2026-06-01 00:00:00+00:00,WH-South,1864,0.9809,0.9826,0,93.26,0
2026-06-02 00:00:00+00:00,WH-South,1725,0.859,0.9583,0,78.35,0
2026-06-03 00:00:00+00:00,WH-South,1608,0.9435,0.9575,0,57.72,0
2026-06-04 00:00:00+00:00,WH-South,1692,0.902,0.9703,1,88.39,38
2026-06-05 00:00:00+00:00,WH-South,2438,0.9437,0.9802,0,91.09,0
2026-06-06 00:00:00+00:00,WH-South,1827,0.9282,0.9901,1,65.48,33
2026-06-07 00:00:00+00:00,WH-South,1830,0.9583,0.9609,0,73.71,0
2026-06-08 00:00:00+00:00,WH-South,1229,0.9473,0.9755,1,50.9,31
2026-06-09 00:00:00+00:00,WH-South,2062,0.9326,0.9668,0,92.6,0
2026-06-10 00:00:00+00:00,WH-South,1847,0.8633,0.9533,0,87.36,0
2026-06-11 00:00:00+00:00,WH-South,1926,0.9332,0.9412,1,74.44,81
2026-06-12 00:00:00+00:00,WH-South,1604,0.949,0.9854,0,79.72,0
2026-06-13 00:00:00+00:00,WH-South,1805,0.9248,0.9656,1,79.62,41
2026-06-14 00:00:00+00:00,WH-South,2120,0.8721,0.9721,1,78.18,63
2026-06-15 00:00:00+00:00,WH-South,1931,0.8866,0.9704,0,95.69,0
2026-06-16 00:00:00+00:00,WH-South,1497,0.9197,0.9904,0,71.35,0
2026-06-17 00:00:00+00:00,WH-South,1707,0.9655,0.9506,1,62.73,23
2026-06-18 00:00:00+00:00,WH-South,1798,0.8973,0.9973,0,95.49,0
2026-06-19 00:00:00+00:00,WH-South,1888,0.8938,0.9909,0,71.41,0
2026-06-20 00:00:00+00:00,WH-South,1840,0.9263,0.9629,1,72.47,41
2026-06-21 00:00:00+00:00,WH-South,1678,0.9601,0.9605,0,62.23,0
2026-06-22 00:00:00+00:00,WH-South,1877,0.9679,0.9873,0,79.97,0
2026-06-23 00:00:00+00:00,WH-South,1964,0.9069,0.9735,0,100.39,0
2026-06-24 00:00:00+00:00,WH-South,1668,0.9006,0.9717,0,73.5,0
2026-06-25 00:00:00+00:00,WH-South,1914,0.995,0.9681,0,85.18,0
2026-06-26 00:00:00+00:00,WH-South,1862,0.9733,0.9435,0,89.15,0
2026-06-27 00:00:00+00:00,WH-South,1949,0.9672,0.9662,0,90.4,0
2026-06-28 00:00:00+00:00,WH-South,1822,0.8637,0.9467,3,66.73,177
2026-06-29 00:00:00+00:00,WH-South,1974,0.9487,0.9407,0,92.31,0
2026-06-30 00:00:00+00:00,WH-South,1885,0.9773,0.9658,0,72.4,0
2026-07-01 00:00:00+00:00,WH-South,1978,0.9446,0.9558,0,75.85,0
2026-07-02 00:00:00+00:00,WH-South,1758,0.9496,0.9581,0,96.69,0
2026-07-03 00:00:00+00:00,WH-South,1841,0.9656,0.9835,0,73.06,0
2026-07-04 00:00:00+00:00,WH-South,2123,0.995,0.9781,0,113.5,0
2026-07-05 00:00:00+00:00,WH-South,1726,0.8825,0.9427,0,69.07,0
2026-07-06 00:00:00+00:00,WH-South,1980,0.8849,0.9794,0,105.44,0
2026-07-07 00:00:00+00:00,WH-South,1884,0.9336,0.9711,0,74.16,0
2026-07-08 00:00:00+00:00,WH-South,1894,0.8681,0.9499,2,102.93,116
2026-07-09 00:00:00+00:00,WH-South,1918,0.969,0.9943,0,98.1,0
2026-07-10 00:00:00+00:00,WH-South,1743,0.9239,0.9853,0,66.11,0
2026-07-11 00:00:00+00:00,WH-South,1865,0.9128,0.9429,1,77.97,14
2026-07-12 00:00:00+00:00,WH-South,1838,0.9503,0.9738,0,68.03,0
2026-07-13 00:00:00+00:00,WH-South,2238,0.9154,0.9751,0,89.38,0
2026-07-14 00:00:00+00:00,WH-South,1998,0.9453,0.9653,0,106.87,0
2026-07-15 00:00:00+00:00,WH-South,2069,0.9346,0.9892,0,83.87,0
2026-07-16 00:00:00+00:00,WH-South,1817,0.995,0.9744,0,65.84,0
2026-07-17 00:00:00+00:00,WH-South,1998,0.9425,0.9593,0,73.95,0
2026-07-18 00:00:00+00:00,WH-South,1892,0.9896,0.999,0,76.51,0
2026-07-19 00:00:00+00:00,WH-South,2148,0.9262,0.982,0,92.79,0
2026-07-20 00:00:00+00:00,WH-South,1767,0.8824,0.9731,0,87.12,0
2026-07-21 00:00:00+00:00,WH-South,1972,0.9189,0.9748,1,83.42,23
2026-07-22 00:00:00+00:00,WH-South,1844,0.9325,0.9703,0,82.54,0
2026-07-23 00:00:00+00:00,WH-South,1979,0.9333,0.9653,0,75.69,0
2026-07-24 00:00:00+00:00,WH-South,1664,0.9194,0.9402,2,64.2,84
2026-07-25 00:00:00+00:00,WH-South,1909,0.9323,0.9682,1,96.89,26
2026-07-26 00:00:00+00:00,WH-South,1960,0.8829,0.9578,1,76.71,44
2026-07-27 00:00:00+00:00,WH-South,1967,0.949,0.9793,0,99.54,0
2026-07-28 00:00:00+00:00,WH-South,1796,0.9366,0.9656,1,64.59,42
2026-07-29 00:00:00+00:00,WH-South,1862,0.9277,0.9559,0,97.59,0
2026-07-30 00:00:00+00:00,WH-South,1801,0.9193,0.9378,2,74.98,134
2026-07-31 00:00:00+00:00,WH-South,2103,0.9163,0.9695,0,77.6,0
2026-08-01 00:00:00+00:00,WH-South,1698,0.888,0.9669,0,77.74,0
2026-08-02 00:00:00+00:00,WH-South,1703,0.9161,0.9557,0,72.36,0
2026-08-03 00:00:00+00:00,WH-South,2145,0.9052,0.9763,0,78.06,0
2026-08-04 00:00:00+00:00,WH-South,1663,0.9456,0.948,0,77.54,0
2023-01-01 00:00:00+00:00,WH-East,1459,0.8862,0.9533,0,65.81,0
2023-01-02 00:00:00+00:00,WH-East,1555,0.9524,0.9697,1,59.36,45
2023-01-03 00:00:00+00:00,WH-East,1439,0.9566,0.9674,0,52.34,0
2023-01-04 00:00:00+00:00,WH-East,1644,0.9364,0.9724,0,77.66,0
2023-01-05 00:00:00+00:00,WH-East,1656,0.8821,0.9693,2,71.31,56
2023-01-06 00:00:00+00:00,WH-East,1302,0.9668,0.948,0,71.91,0
2023-01-07 00:00:00+00:00,WH-East,1418,0.9687,0.9732,0,63.07,0
2023-01-08 00:00:00+00:00,WH-East,1465,0.9673,0.9656,0,73.21,0
2023-01-09 00:00:00+00:00,WH-East,1451,0.9225,0.9734,0,78.55,0
2023-01-10 00:00:00+00:00,WH-East,1120,0.905,0.9661,0,57.9,0
2023-01-11 00:00:00+00:00,WH-East,1487,0.9049,0.9717,0,62.6,0
2023-01-12 00:00:00+00:00,WH-East,1370,0.8722,0.9659,2,51.66,52
2023-01-13 00:00:00+00:00,WH-East,1457,0.9254,0.9394,0,53.89,0
2023-01-14 00:00:00+00:00,WH-East,1222,0.9167,0.9861,0,60.41,0
2023-01-15 00:00:00+00:00,WH-East,1691,0.91,0.9761,0,77.47,0
2023-01-16 00:00:00+00:00,WH-East,1487,0.9654,0.9633,0,74.05,0
2023-01-17 00:00:00+00:00,WH-East,1334,0.9538,0.9802,0,72.38,0
2023-01-18 00:00:00+00:00,WH-East,1640,0.873,0.9555,1,67.58,74
2023-01-19 00:00:00+00:00,WH-East,2013,0.9159,0.9844,0,77.04,0
2023-01-20 00:00:00+00:00,WH-East,1510,0.9307,0.9494,1,61.19,53
2023-01-21 00:00:00+00:00,WH-East,1573,0.9621,0.9563,1,56.83,73
2023-01-22 00:00:00+00:00,WH-East,1397,0.9388,0.9448,1,58.2,60
2023-01-23 00:00:00+00:00,WH-East,1669,0.9301,0.9401,1,90.02,54
2023-01-24 00:00:00+00:00,WH-East,1421,0.9013,0.9696,1,69.47,35
2023-01-25 00:00:00+00:00,WH-East,1384,0.9335,0.9639,0,51.27,0
2023-01-26 00:00:00+00:00,WH-East,1692,0.9457,0.9565,0,91.05,0
2023-01-27 00:00:00+00:00,WH-East,1508,0.9356,0.9857,0,57.45,0
2023-01-28 00:00:00+00:00,WH-East,1369,0.9593,0.9618,0,51.75,0
2023-01-29 00:00:00+00:00,WH-East,1783,0.9065,0.9924,0,87.88,0
2023-01-30 00:00:00+00:00,WH-East,1762,0.9271,0.9849,0,67.55,0
2023-01-31 00:00:00+00:00,WH-East,1441,0.9151,0.977,0,62.17,0
2023-02-01 00:00:00+00:00,WH-East,1431,0.9061,0.953,1,54.53,46
2023-02-02 00:00:00+00:00,WH-East,1281,0.9387,0.9577,0,69.59,0
2023-02-03 00:00:00+00:00,WH-East,1442,0.9319,0.9856,0,59.06,0
2023-02-04 00:00:00+00:00,WH-East,1352,0.9347,0.9695,1,60.53,87
2023-02-05 00:00:00+00:00,WH-East,1462,0.9086,0.9606,0,67.63,0
2023-02-06 00:00:00+00:00,WH-East,1555,0.9088,0.969,0,57.85,0
2023-02-07 00:00:00+00:00,WH-East,1275,0.9189,0.9814,1,63.84,67
2023-02-08 00:00:00+00:00,WH-East,1579,0.9921,0.9725,0,62.13,0
2023-02-09 00:00:00+00:00,WH-East,1682,0.914,0.9834,0,62.51,0
2023-02-10 00:00:00+00:00,WH-East,1767,0.9755,0.9704,0,68.05,0
2023-02-11 00:00:00+00:00,WH-East,1573,0.951,0.9922,0,58.98,0
2023-02-12 00:00:00+00:00,WH-East,1297,0.9815,0.9905,0,48.36,0
2023-02-13 00:00:00+00:00,WH-East,1415,0.9095,0.9823,1,55.94,46
2023-02-14 00:00:00+00:00,WH-East,1426,0.9714,0.9742,0,77.89,0
2023-02-15 00:00:00+00:00,WH-East,1815,0.9274,0.9982,0,87.6,0
2023-02-16 00:00:00+00:00,WH-East,1402,0.9898,0.9617,0,54.72,0
2023-02-17 00:00:00+00:00,WH-East,1610,0.9018,0.9617,1,66.48,58
2023-02-18 00:00:00+00:00,WH-East,1717,0.9257,0.9675,0,72.6,0
2023-02-19 00:00:00+00:00,WH-East,1381,0.9539,0.9539,0,51.23,0
2023-02-20 00:00:00+00:00,WH-East,1486,0.9505,0.9877,0,73.21,0
2023-02-21 00:00:00+00:00,WH-East,1434,0.9098,0.9497,1,71.6,71
2023-02-22 00:00:00+00:00,WH-East,1405,0.8813,0.9338,1,62.04,15
2023-02-23 00:00:00+00:00,WH-East,1291,0.995,0.9754,0,55.06,0
2023-02-24 00:00:00+00:00,WH-East,1484,0.9566,0.9684,0,67.36,0
2023-02-25 00:00:00+00:00,WH-East,1369,0.8696,0.9531,1,60.78,75
2023-02-26 00:00:00+00:00,WH-East,1864,0.949,0.9836,0,72.01,0
2023-02-27 00:00:00+00:00,WH-East,1406,0.877,0.9493,1,53.9,55
2023-02-28 00:00:00+00:00,WH-East,1288,0.8961,0.9714,1,62.04,87
2023-03-01 00:00:00+00:00,WH-East,1680,0.9248,0.9523,0,77.24,0
2023-03-02 00:00:00+00:00,WH-East,1499,0.9671,0.9767,0,56.72,0
2023-03-03 00:00:00+00:00,WH-East,1363,0.904,0.9816,0,70.64,0
2023-03-04 00:00:00+00:00,WH-East,1383,0.9763,0.9635,0,50.14,0
2023-03-05 00:00:00+00:00,WH-East,1347,0.909,0.9536,0,66.63,0
2023-03-06 00:00:00+00:00,WH-East,1528,0.9341,0.9833,0,75.47,0
2023-03-07 00:00:00+00:00,WH-East,1525,0.9224,0.9824,2,69.41,118
2023-03-08 00:00:00+00:00,WH-East,1668,0.8862,0.9417,0,71.83,0
2023-03-09 00:00:00+00:00,WH-East,1399,0.9367,0.9707,0,60.28,0
2023-03-10 00:00:00+00:00,WH-East,1750,0.9362,0.977,0,63.28,0
2023-03-11 00:00:00+00:00,WH-East,1625,0.9116,0.956,1,82.96,51
2023-03-12 00:00:00+00:00,WH-East,1477,0.9475,0.9847,0,54.71,0
2023-03-13 00:00:00+00:00,WH-East,1680,0.9623,0.9862,0,79.32,0
2023-03-14 00:00:00+00:00,WH-East,1340,0.9458,0.988,1,65.98,35
2023-03-15 00:00:00+00:00,WH-East,1443,0.9302,0.9579,1,55.47,13
2023-03-16 00:00:00+00:00,WH-East,1758,0.867,0.9821,0,78.12,0
2023-03-17 00:00:00+00:00,WH-East,1676,0.9301,0.959,0,62.93,0
2023-03-18 00:00:00+00:00,WH-East,1606,0.9599,0.9732,0,70.33,0
2023-03-19 00:00:00+00:00,WH-East,1282,0.991,0.9889,0,59.91,0
2023-03-20 00:00:00+00:00,WH-East,1117,0.9733,0.9573,0,44.11,0
2023-03-21 00:00:00+00:00,WH-East,1783,0.9215,0.9497,1,74.96,85
2023-03-22 00:00:00+00:00,WH-East,1278,0.931,0.9782,0,56.83,0
2023-03-23 00:00:00+00:00,WH-East,1422,0.9341,0.9303,0,73.13,0
2023-03-24 00:00:00+00:00,WH-East,1807,0.939,0.9736,0,66.97,0
2023-03-25 00:00:00+00:00,WH-East,1486,0.9614,0.9718,0,70.26,0
2023-03-26 00:00:00+00:00,WH-East,1701,0.9204,0.9515,0,64.94,0
2023-03-27 00:00:00+00:00,WH-East,1462,0.9409,0.9729,0,56.15,0
2023-03-28 00:00:00+00:00,WH-East,1476,0.9382,0.9738,0,62.26,0
2023-03-29 00:00:00+00:00,WH-East,1712,0.8989,0.96,1,73.29,60
2023-03-30 00:00:00+00:00,WH-East,1717,0.8637,0.9439,1,66.67,34
2023-03-31 00:00:00+00:00,WH-East,1528,0.9526,0.9594,1,70.72,63
2023-04-01 00:00:00+00:00,WH-East,1500,0.9357,0.9426,0,66.37,0
2023-04-02 00:00:00+00:00,WH-East,1800,0.9663,0.9595,0,87.4,0
2023-04-03 00:00:00+00:00,WH-East,1215,0.9154,0.946,0,47.36,0
2023-04-04 00:00:00+00:00,WH-East,1459,0.9651,0.9704,0,69.49,0
2023-04-05 00:00:00+00:00,WH-East,1096,0.9409,0.9306,0,52.14,0
2023-04-06 00:00:00+00:00,WH-East,1389,0.9334,0.9839,0,66.5,0
2023-04-07 00:00:00+00:00,WH-East,1512,0.9043,0.9705,0,60.98,0
2023-04-08 00:00:00+00:00,WH-East,1313,0.9341,0.9894,0,49.54,0
2023-04-09 00:00:00+00:00,WH-East,1299,0.9076,0.9649,0,68.03,0
2023-04-10 00:00:00+00:00,WH-East,1181,0.9772,0.9302,0,58.96,0
2023-04-11 00:00:00+00:00,WH-East,1651,0.9362,0.9494,1,84.39,18
2023-04-12 00:00:00+00:00,WH-East,1250,0.9835,0.9671,0,54.21,0
2023-04-13 00:00:00+00:00,WH-East,1354,0.8904,0.992,0,65.31,0
2023-04-14 00:00:00+00:00,WH-East,1493,0.9212,0.9446,1,65.62,39
2023-04-15 00:00:00+00:00,WH-East,1116,0.9252,0.9778,0,45.24,0
2023-04-16 00:00:00+00:00,WH-East,1889,0.8833,0.9401,1,85.88,55
2023-04-17 00:00:00+00:00,WH-East,1442,0.9333,0.9569,1,52.72,29
2023-04-18 00:00:00+00:00,WH-East,1347,0.9865,0.9986,0,62.33,0
2023-04-19 00:00:00+00:00,WH-East,1532,0.9136,0.9758,1,66.49,71
2023-04-20 00:00:00+00:00,WH-East,1544,0.9444,0.9548,0,69.6,0
2023-04-21 00:00:00+00:00,WH-East,1793,0.9125,0.9678,0,81.17,0
2023-04-22 00:00:00+00:00,WH-East,1802,0.9673,0.9755,0,77.53,0
2023-04-23 00:00:00+00:00,WH-East,1516,0.9721,0.9426,1,58.89,17
2023-04-24 00:00:00+00:00,WH-East,1671,0.8984,0.962,1,74.04,86
2023-04-25 00:00:00+00:00,WH-East,1777,0.91,0.9429,1,65.07,78
2023-04-26 00:00:00+00:00,WH-East,1725,0.9657,0.9989,0,73.45,0
2023-04-27 00:00:00+00:00,WH-East,1505,0.9477,0.9844,0,58.5,0
2023-04-28 00:00:00+00:00,WH-East,1814,0.9463,0.9919,0,92.05,0
2023-04-29 00:00:00+00:00,WH-East,1915,0.9402,0.9841,0,82.61,0
2023-04-30 00:00:00+00:00,WH-East,1252,0.8792,0.9445,1,51.55,40
2023-05-01 00:00:00+00:00,WH-East,1595,0.9287,0.999,1,86.53,68
2023-05-02 00:00:00+00:00,WH-East,1680,0.9204,0.9513,1,80.7,55
2023-05-03 00:00:00+00:00,WH-East,1535,0.8819,0.9698,0,67.6,0
2023-05-04 00:00:00+00:00,WH-East,1503,0.995,0.9552,0,58.03,0
2023-05-05 00:00:00+00:00,WH-East,1526,0.888,0.9652,0,83.45,0
2023-05-06 00:00:00+00:00,WH-East,1419,0.9706,0.9586,0,52.81,0
2023-05-07 00:00:00+00:00,WH-East,1582,0.9445,0.971,1,57.44,70
2023-05-08 00:00:00+00:00,WH-East,1516,0.9534,0.9778,0,63.15,0
2023-05-09 00:00:00+00:00,WH-East,1454,0.9305,0.9522,1,54.01,69
2023-05-10 00:00:00+00:00,WH-East,1443,0.945,0.9696,0,62.06,0
2023-05-11 00:00:00+00:00,WH-East,1537,0.9212,0.9592,0,70.75,0
2023-05-12 00:00:00+00:00,WH-East,1702,0.9149,0.9921,0,65.45,0
2023-05-13 00:00:00+00:00,WH-East,1353,0.9318,0.997,0,51.05,0
2023-05-14 00:00:00+00:00,WH-East,1468,0.8907,0.9321,1,57.23,27
2023-05-15 00:00:00+00:00,WH-East,1783,0.995,0.9905,0,78.7,0
2023-05-16 00:00:00+00:00,WH-East,1455,0.8971,0.999,0,69.25,0
2023-05-17 00:00:00+00:00,WH-East,1629,0.9228,0.999,0,66.53,0
2023-05-18 00:00:00+00:00,WH-East,1719,0.9844,0.9382,0,72.94,0
2023-05-19 00:00:00+00:00,WH-East,1531,0.9299,0.9739,0,83.82,0
2023-05-20 00:00:00+00:00,WH-East,1697,0.887,0.9853,2,68.07,104
2023-05-21 00:00:00+00:00,WH-East,1336,0.8942,0.9524,0,52.84,0
2023-05-22 00:00:00+00:00,WH-East,1455,0.9342,0.951,0,54.61,0
2023-05-23 00:00:00+00:00,WH-East,1273,0.9107,0.9293,1,61.79,81
2023-05-24 00:00:00+00:00,WH-East,1526,0.9549,0.9665,0,57.6,0
2023-05-25 00:00:00+00:00,WH-East,1406,0.9504,0.9527,0,77.54,0
2023-05-26 00:00:00+00:00,WH-East,1417,0.9124,0.9771,0,76.97,0
2023-05-27 00:00:00+00:00,WH-East,1499,0.9223,0.9782,0,65.44,0
2023-05-28 00:00:00+00:00,WH-East,1426,0.9531,0.9673,0,63.83,0
2023-05-29 00:00:00+00:00,WH-East,1528,0.9393,0.9599,1,60.99,67
2023-05-30 00:00:00+00:00,WH-East,1857,0.9108,0.9531,2,77.68,162
2023-05-31 00:00:00+00:00,WH-East,1536,0.95,0.9395,0,76.72,0
2023-06-01 00:00:00+00:00,WH-East,1227,0.9692,0.961,0,63.37,0
2023-06-02 00:00:00+00:00,WH-East,1464,0.9415,0.9606,0,74.97,0
2023-06-03 00:00:00+00:00,WH-East,1599,0.8878,0.9664,0,69.39,0
2023-06-04 00:00:00+00:00,WH-East,1711,0.8903,0.943,1,91.23,71
2023-06-05 00:00:00+00:00,WH-East,1540,0.9276,0.9752,1,80.08,31
2023-06-06 00:00:00+00:00,WH-East,1517,0.9507,0.956,0,63.19,0
2023-06-07 00:00:00+00:00,WH-East,1564,0.984,0.9899,0,74.52,0
2023-06-08 00:00:00+00:00,WH-East,1686,0.9262,0.9523,1,92.43,50
2023-06-09 00:00:00+00:00,WH-East,1342,0.96,0.9779,0,47.98,0
2023-06-10 00:00:00+00:00,WH-East,1589,0.9036,0.9652,1,86.67,76
2023-06-11 00:00:00+00:00,WH-East,1557,0.9313,0.9734,0,56.33,0
2023-06-12 00:00:00+00:00,WH-East,1427,0.9755,0.9676,0,60.18,0
2023-06-13 00:00:00+00:00,WH-East,1478,0.9824,0.9727,0,61.72,0
2023-06-14 00:00:00+00:00,WH-East,1807,0.9659,0.9838,0,68.27,0
2023-06-15 00:00:00+00:00,WH-East,1627,0.8833,0.935,1,90.2,57
2023-06-16 00:00:00+00:00,WH-East,1310,0.9132,0.9613,0,58.84,0
2023-06-17 00:00:00+00:00,WH-East,1569,0.9008,0.9431,1,80.91,72
2023-06-18 00:00:00+00:00,WH-East,1561,0.9379,0.9837,0,68.58,0
2023-06-19 00:00:00+00:00,WH-East,1565,0.8905,0.983,0,64.13,0
2023-06-20 00:00:00+00:00,WH-East,1473,0.9473,0.9732,0,76.11,0
2023-06-21 00:00:00+00:00,WH-East,1507,0.949,0.9591,0,60.21,0
2023-06-22 00:00:00+00:00,WH-East,1392,0.9145,0.9867,0,54.82,0
2023-06-23 00:00:00+00:00,WH-East,1767,0.8988,0.957,2,65.19,132
2023-06-24 00:00:00+00:00,WH-East,1606,0.95,0.9894,0,78.38,0
2023-06-25 00:00:00+00:00,WH-East,1313,0.9216,0.9674,0,53.35,0
2023-06-26 00:00:00+00:00,WH-East,1478,0.9444,0.9532,0,64.31,0
2023-06-27 00:00:00+00:00,WH-East,1690,0.9824,0.9794,0,85.39,0
2023-06-28 00:00:00+00:00,WH-East,1699,0.9543,0.9733,0,63.09,0
2023-06-29 00:00:00+00:00,WH-East,1382,0.9386,0.9354,1,58.29,12
2023-06-30 00:00:00+00:00,WH-East,1574,0.9284,0.9686,0,79.16,0
2023-07-01 00:00:00+00:00,WH-East,1720,0.9374,0.969,0,72.23,0
2023-07-02 00:00:00+00:00,WH-East,1292,0.9562,0.964,0,50.07,0
2023-07-03 00:00:00+00:00,WH-East,1412,0.9108,0.9621,0,74.51,0
2023-07-04 00:00:00+00:00,WH-East,1520,0.9406,0.9808,0,60.6,0
2023-07-05 00:00:00+00:00,WH-East,1574,0.9127,0.9838,0,84.49,0
2023-07-06 00:00:00+00:00,WH-East,1723,0.9287,0.9698,0,90.69,0
2023-07-07 00:00:00+00:00,WH-East,1671,0.9161,0.9759,0,63.05,0
2023-07-08 00:00:00+00:00,WH-East,1516,0.95,0.9378,1,58.26,40
2023-07-09 00:00:00+00:00,WH-East,1514,0.9767,0.9735,0,56.45,0
2023-07-10 00:00:00+00:00,WH-East,1384,0.9169,0.9605,1,61.31,31
2023-07-11 00:00:00+00:00,WH-East,1618,0.9333,0.9797,1,64.95,60
2023-07-12 00:00:00+00:00,WH-East,1645,0.9333,0.9783,0,73.42,0
2023-07-13 00:00:00+00:00,WH-East,1464,0.9659,0.9648,0,71.57,0
2023-07-14 00:00:00+00:00,WH-East,1480,0.9197,0.9392,2,64.42,30
2023-07-15 00:00:00+00:00,WH-East,1601,0.921,0.9784,0,59.19,0
2023-07-16 00:00:00+00:00,WH-East,1515,0.909,0.9929,0,67.26,0
2023-07-17 00:00:00+00:00,WH-East,1361,0.8804,0.9432,1,72.27,81
2023-07-18 00:00:00+00:00,WH-East,1220,0.9725,0.9651,1,48.34,18
2023-07-19 00:00:00+00:00,WH-East,1773,0.882,0.9429,1,64.93,39
2023-07-20 00:00:00+00:00,WH-East,1728,0.8834,0.976,0,82.3,0
2023-07-21 00:00:00+00:00,WH-East,1276,0.9471,0.9586,0,54.96,0
2023-07-22 00:00:00+00:00,WH-East,1449,0.8928,0.957,0,67.83,0
2023-07-23 00:00:00+00:00,WH-East,1873,0.9783,0.9646,0,67.84,0
2023-07-24 00:00:00+00:00,WH-East,1580,0.9149,0.9481,0,84.3,0
2023-07-25 00:00:00+00:00,WH-East,1562,0.8922,0.9652,0,85.29,0
2023-07-26 00:00:00+00:00,WH-East,1497,0.9185,0.9718,1,54.77,38
2023-07-27 00:00:00+00:00,WH-East,1577,0.859,0.9412,2,75.35,24
2023-07-28 00:00:00+00:00,WH-East,1764,0.8526,0.9785,1,65.52,19
2023-07-29 00:00:00+00:00,WH-East,1555,0.844,0.9433,2,69.22,170
2023-07-30 00:00:00+00:00,WH-East,1688,0.8871,0.9636,1,61.28,21
2023-07-31 00:00:00+00:00,WH-East,1646,0.9757,0.9771,0,65.9,0
2023-08-01 00:00:00+00:00,WH-East,1640,0.944,0.9976,0,71.76,0
2023-08-02 00:00:00+00:00,WH-East,1667,0.9574,0.999,0,88.77,0
2023-08-03 00:00:00+00:00,WH-East,1668,0.9145,0.9925,0,66.69,0
2023-08-04 00:00:00+00:00,WH-East,1449,0.9399,0.9863,0,65.52,0
2023-08-05 00:00:00+00:00,WH-East,1483,0.8961,0.9467,1,63.66,68
2023-08-06 00:00:00+00:00,WH-East,1544,0.9387,0.9845,0,77.91,0
2023-08-07 00:00:00+00:00,WH-East,1666,0.9531,0.955,1,85.19,59
2023-08-08 00:00:00+00:00,WH-East,1437,0.9008,0.9637,0,74.28,0
2023-08-09 00:00:00+00:00,WH-East,1442,0.9268,0.9767,0,61.54,0
2023-08-10 00:00:00+00:00,WH-East,1675,0.924,0.9609,1,71.05,68
2023-08-11 00:00:00+00:00,WH-East,1698,0.929,0.9793,0,88.02,0
2023-08-12 00:00:00+00:00,WH-East,1789,0.9282,0.9639,1,71.25,49
2023-08-13 00:00:00+00:00,WH-East,1590,0.8827,0.9774,1,69.71,79
2023-08-14 00:00:00+00:00,WH-East,1602,0.8831,0.9825,1,81.9,73
2023-08-15 00:00:00+00:00,WH-East,1505,0.8791,0.9221,1,78.13,48
2023-08-16 00:00:00+00:00,WH-East,1513,0.9198,0.9619,0,67.67,0
2023-08-17 00:00:00+00:00,WH-East,1379,0.9754,0.994,0,73.37,0
2023-08-18 00:00:00+00:00,WH-East,1787,0.9838,0.9873,0,95.37,0
2023-08-19 00:00:00+00:00,WH-East,1267,0.9818,0.9618,0,60.22,0
2023-08-20 00:00:00+00:00,WH-East,1631,0.923,0.9747,0,81.26,0
2023-08-21 00:00:00+00:00,WH-East,1730,0.9107,0.9507,1,77.49,56
2023-08-22 00:00:00+00:00,WH-East,1808,0.8954,0.9596,0,73.42,0
2023-08-23 00:00:00+00:00,WH-East,1368,0.9232,0.9492,2,50.32,36
2023-08-24 00:00:00+00:00,WH-East,1832,0.9561,0.9691,0,93.32,0
2023-08-25 00:00:00+00:00,WH-East,1427,0.8997,0.9623,1,52.59,31
2023-08-26 00:00:00+00:00,WH-East,1512,0.8796,0.999,1,59.68,58
2023-08-27 00:00:00+00:00,WH-East,1439,0.9434,0.9728,0,76.82,0
2023-08-28 00:00:00+00:00,WH-East,1202,0.8924,0.9508,0,57.32,0
2023-08-29 00:00:00+00:00,WH-East,1442,0.8708,0.9417,1,69.39,81
2023-08-30 00:00:00+00:00,WH-East,1476,0.9282,0.955,1,67.5,50
2023-08-31 00:00:00+00:00,WH-East,1423,0.8925,0.9728,0,64.77,0
2023-09-01 00:00:00+00:00,WH-East,1464,0.9208,0.9765,0,75.23,0
2023-09-02 00:00:00+00:00,WH-East,1517,0.9728,0.9769,0,80.07,0
2023-09-03 00:00:00+00:00,WH-East,1521,0.9328,0.9779,0,80.0,0
2023-09-04 00:00:00+00:00,WH-East,1282,0.964,0.9834,0,65.71,0
2023-09-05 00:00:00+00:00,WH-East,1918,0.995,0.9459,0,76.33,0
2023-09-06 00:00:00+00:00,WH-East,1501,0.9674,0.9739,0,61.27,0
2023-09-07 00:00:00+00:00,WH-East,1376,0.9388,0.9684,0,66.74,0
2023-09-08 00:00:00+00:00,WH-East,1498,0.9492,0.973,0,65.5,0
2023-09-09 00:00:00+00:00,WH-East,1398,0.8934,0.9613,2,57.84,120
2023-09-10 00:00:00+00:00,WH-East,1413,0.8974,0.9599,0,69.59,0
2023-09-11 00:00:00+00:00,WH-East,1695,0.944,0.9793,0,83.25,0
2023-09-12 00:00:00+00:00,WH-East,1489,0.9556,0.9862,0,60.85,0
2023-09-13 00:00:00+00:00,WH-East,1734,0.8761,0.9525,2,63.65,58
2023-09-14 00:00:00+00:00,WH-East,1439,0.9437,0.9646,1,54.64,67
2023-09-15 00:00:00+00:00,WH-East,1532,0.9318,0.9636,0,56.8,0
2023-09-16 00:00:00+00:00,WH-East,1399,0.9648,0.9597,0,52.75,0
2023-09-17 00:00:00+00:00,WH-East,1419,0.929,0.9766,0,72.12,0
2023-09-18 00:00:00+00:00,WH-East,1356,0.9528,0.9376,1,49.41,15
2023-09-19 00:00:00+00:00,WH-East,1406,0.9215,0.9729,0,73.86,0
2023-09-20 00:00:00+00:00,WH-East,1618,0.9311,0.9488,0,73.09,0
2023-09-21 00:00:00+00:00,WH-East,1481,0.9484,0.9673,0,56.36,0
2023-09-22 00:00:00+00:00,WH-East,1629,0.9581,0.9832,0,86.85,0
2023-09-23 00:00:00+00:00,WH-East,1609,0.9386,0.9867,0,83.65,0
2023-09-24 00:00:00+00:00,WH-East,1604,0.8987,0.9677,0,86.4,0
2023-09-25 00:00:00+00:00,WH-East,1541,0.9568,0.9646,0,67.43,0
2023-09-26 00:00:00+00:00,WH-East,1698,0.9348,0.999,0,61.76,0
2023-09-27 00:00:00+00:00,WH-East,1662,0.906,0.932,1,61.44,42
2023-09-28 00:00:00+00:00,WH-East,1679,0.9341,0.9823,0,67.96,0
2023-09-29 00:00:00+00:00,WH-East,1625,0.8935,0.959,2,80.74,170
2023-09-30 00:00:00+00:00,WH-East,1473,0.8764,0.9515,1,77.71,81
2023-10-01 00:00:00+00:00,WH-East,1456,0.986,0.9764,0,65.84,0
2023-10-02 00:00:00+00:00,WH-East,1179,0.921,0.9681,0,47.77,0
2023-10-03 00:00:00+00:00,WH-East,1791,0.9353,0.9672,1,68.64,40
2023-10-04 00:00:00+00:00,WH-East,1619,0.9327,0.9568,0,76.44,0
2023-10-05 00:00:00+00:00,WH-East,1609,0.8955,0.9761,1,63.98,24
2023-10-06 00:00:00+00:00,WH-East,1599,0.9297,0.9573,0,62.7,0
2023-10-07 00:00:00+00:00,WH-East,2212,0.9622,0.9391,0,105.11,0
2023-10-08 00:00:00+00:00,WH-East,1727,0.9286,0.9112,3,73.83,63
2023-10-09 00:00:00+00:00,WH-East,1366,0.9728,0.969,0,51.45,0
2023-10-10 00:00:00+00:00,WH-East,1413,0.9646,0.9732,0,65.57,0
2023-10-11 00:00:00+00:00,WH-East,1799,0.9005,0.9229,0,68.58,0
2023-10-12 00:00:00+00:00,WH-East,1484,0.9818,0.9761,0,68.36,0
2023-10-13 00:00:00+00:00,WH-East,1602,0.9746,0.9326,1,57.96,37
2023-10-14 00:00:00+00:00,WH-East,1179,0.905,0.9648,0,54.63,0
2023-10-15 00:00:00+00:00,WH-East,1676,0.9086,0.9815,0,80.12,0
2023-10-16 00:00:00+00:00,WH-East,1774,0.9088,0.9426,1,79.66,27
2023-10-17 00:00:00+00:00,WH-East,1489,0.9439,0.9387,0,56.84,0
2023-10-18 00:00:00+00:00,WH-East,1316,0.9484,0.9681,0,61.02,0
2023-10-19 00:00:00+00:00,WH-East,1628,0.904,0.9904,0,73.54,0
2023-10-20 00:00:00+00:00,WH-East,1395,0.9208,0.9647,2,52.87,46
2023-10-21 00:00:00+00:00,WH-East,1499,0.8811,0.9653,1,67.7,56
2023-10-22 00:00:00+00:00,WH-East,1731,0.8886,0.9668,0,75.21,0
2023-10-23 00:00:00+00:00,WH-East,1486,0.9473,0.9754,0,70.15,0
2023-10-24 00:00:00+00:00,WH-East,1745,0.9106,0.9505,0,94.3,0
2023-10-25 00:00:00+00:00,WH-East,1456,0.9328,0.977,0,54.15,0
2023-10-26 00:00:00+00:00,WH-East,1559,0.9479,0.9597,0,73.71,0
2023-10-27 00:00:00+00:00,WH-East,1500,0.9511,0.9502,1,79.76,86
2023-10-28 00:00:00+00:00,WH-East,1222,0.9038,0.976,1,51.45,80
2023-10-29 00:00:00+00:00,WH-East,1481,0.9792,0.9782,0,55.28,0
2023-10-30 00:00:00+00:00,WH-East,1559,0.8783,0.9719,0,72.85,0
2023-10-31 00:00:00+00:00,WH-East,1394,0.8974,0.9483,0,58.97,0
2023-11-01 00:00:00+00:00,WH-East,1844,0.912,0.9656,0,95.0,0
2023-11-02 00:00:00+00:00,WH-East,1461,0.9063,0.9702,0,61.1,0
2023-11-03 00:00:00+00:00,WH-East,1716,0.9364,0.9681,0,64.42,0
2023-11-04 00:00:00+00:00,WH-East,1446,0.9301,0.9729,0,53.96,0
2023-11-05 00:00:00+00:00,WH-East,1593,0.9543,0.9582,0,75.81,0
2023-11-06 00:00:00+00:00,WH-East,1578,0.9613,0.9618,0,67.47,0
2023-11-07 00:00:00+00:00,WH-East,1527,0.9637,0.9715,0,75.96,0
2023-11-08 00:00:00+00:00,WH-East,1325,0.9297,0.9709,0,60.78,0
2023-11-09 00:00:00+00:00,WH-East,1958,0.9562,0.9971,0,103.37,0
2023-11-10 00:00:00+00:00,WH-East,1633,0.954,0.9647,1,66.31,85
2023-11-11 00:00:00+00:00,WH-East,1225,0.907,0.9735,0,62.81,0
2023-11-12 00:00:00+00:00,WH-East,1431,0.9227,0.9793,0,60.04,0
2023-11-13 00:00:00+00:00,WH-East,1570,0.8974,0.968,1,67.51,30
2023-11-14 00:00:00+00:00,WH-East,1788,0.8881,0.9686,0,87.27,0
2023-11-15 00:00:00+00:00,WH-East,1530,0.9167,0.9733,0,55.11,0
2023-11-16 00:00:00+00:00,WH-East,1391,0.9352,0.9811,0,53.96,0
2023-11-17 00:00:00+00:00,WH-East,1754,0.9666,0.9838,0,70.02,0
2023-11-18 00:00:00+00:00,WH-East,1435,0.9881,0.9787,0,56.54,0
2023-11-19 00:00:00+00:00,WH-East,1568,0.9272,0.9985,0,82.57,0
2023-11-20 00:00:00+00:00,WH-East,1406,0.9138,0.9438,1,59.11,42
2023-11-21 00:00:00+00:00,WH-East,1608,0.9315,0.9914,0,83.52,0
2023-11-22 00:00:00+00:00,WH-East,1482,0.9616,0.9691,0,64.2,0
2023-11-23 00:00:00+00:00,WH-East,1873,0.9383,0.9612,0,76.51,0
2023-11-24 00:00:00+00:00,WH-East,1835,0.8977,0.9622,0,96.22,0
2023-11-25 00:00:00+00:00,WH-East,1132,0.9061,0.9655,1,54.3,86
2023-11-26 00:00:00+00:00,WH-East,1590,0.9201,0.9813,0,69.8,0
2023-11-27 00:00:00+00:00,WH-East,1833,0.8635,0.9612,2,79.66,172
2023-11-28 00:00:00+00:00,WH-East,1746,0.995,0.9635,0,89.27,0
2023-11-29 00:00:00+00:00,WH-East,1603,0.9175,0.9533,0,76.19,0
2023-11-30 00:00:00+00:00,WH-East,1640,0.9701,0.955,0,80.93,0
2023-12-01 00:00:00+00:00,WH-East,1353,0.9626,0.9579,0,58.02,0
2023-12-02 00:00:00+00:00,WH-East,1564,0.9122,0.9567,0,57.32,0
2023-12-03 00:00:00+00:00,WH-East,1212,0.9224,0.9611,0,62.95,0
2023-12-04 00:00:00+00:00,WH-East,1455,0.9238,0.9469,0,69.21,0
2023-12-05 00:00:00+00:00,WH-East,1414,0.9458,0.9627,1,62.28,15
2023-12-06 00:00:00+00:00,WH-East,1277,0.9285,0.9724,0,50.16,0
2023-12-07 00:00:00+00:00,WH-East,1788,0.962,0.9787,0,95.42,0
2023-12-08 00:00:00+00:00,WH-East,1457,0.8852,0.9599,1,54.91,20
2023-12-09 00:00:00+00:00,WH-East,1657,0.995,0.9906,0,60.41,0
2023-12-10 00:00:00+00:00,WH-East,1785,0.9553,0.9738,0,65.4,0
2023-12-11 00:00:00+00:00,WH-East,1514,0.8984,0.9729,0,68.34,0
2023-12-12 00:00:00+00:00,WH-East,1537,0.8925,0.9596,1,74.79,30
2023-12-13 00:00:00+00:00,WH-East,1655,0.911,0.9456,1,71.67,80
2023-12-14 00:00:00+00:00,WH-East,1361,0.9383,0.9699,0,58.47,0
2023-12-15 00:00:00+00:00,WH-East,1718,0.9347,0.9518,1,61.54,77
2023-12-16 00:00:00+00:00,WH-East,1464,0.9768,0.9739,0,76.6,0
2023-12-17 00:00:00+00:00,WH-East,1433,0.9119,0.9555,1,52.74,83
2023-12-18 00:00:00+00:00,WH-East,1695,0.9455,0.9684,0,67.22,0
2023-12-19 00:00:00+00:00,WH-East,1547,0.9575,0.9561,1,71.3,78
2023-12-20 00:00:00+00:00,WH-East,1318,0.8897,0.9364,0,63.13,0
2023-12-21 00:00:00+00:00,WH-East,1363,0.9319,0.9677,0,52.66,0
2023-12-22 00:00:00+00:00,WH-East,1370,0.9064,0.9605,0,56.6,0
2023-12-23 00:00:00+00:00,WH-East,1590,0.9737,0.9273,1,57.72,14
2023-12-24 00:00:00+00:00,WH-East,1588,0.9051,0.9746,1,85.35,56
2023-12-25 00:00:00+00:00,WH-East,1349,0.935,0.9557,0,48.86,0
2023-12-26 00:00:00+00:00,WH-East,1862,0.9626,0.9665,1,68.13,50
2023-12-27 00:00:00+00:00,WH-East,1430,0.9269,0.9692,0,69.21,0
2023-12-28 00:00:00+00:00,WH-East,1287,0.9071,0.9629,1,54.39,63
2023-12-29 00:00:00+00:00,WH-East,1433,0.9059,0.9621,1,53.66,80
2023-12-30 00:00:00+00:00,WH-East,1663,0.995,0.9709,0,77.83,0
2023-12-31 00:00:00+00:00,WH-East,1505,0.8991,0.9656,1,71.32,81
2024-01-01 00:00:00+00:00,WH-East,1907,0.8975,0.932,2,94.61,66
2024-01-02 00:00:00+00:00,WH-East,1562,0.9099,0.9653,1,60.08,16
2024-01-03 00:00:00+00:00,WH-East,1434,0.9606,0.999,0,52.79,0
2024-01-04 00:00:00+00:00,WH-East,1564,0.9776,0.9816,0,61.87,0
2024-01-05 00:00:00+00:00,WH-East,1529,0.8664,0.9526,1,80.44,33
2024-01-06 00:00:00+00:00,WH-East,1650,0.9248,0.9859,1,83.14,28
2024-01-07 00:00:00+00:00,WH-East,1801,0.9697,0.9839,0,69.99,0
2024-01-08 00:00:00+00:00,WH-East,1326,0.9793,0.9678,0,50.92,0
2024-01-09 00:00:00+00:00,WH-East,1470,0.8985,0.9314,1,70.87,84
2024-01-10 00:00:00+00:00,WH-East,1121,0.9241,0.9712,0,42.93,0
2024-01-11 00:00:00+00:00,WH-East,1468,0.8979,0.9562,0,63.79,0
2024-01-12 00:00:00+00:00,WH-East,1377,0.9892,0.9406,0,63.63,0
2024-01-13 00:00:00+00:00,WH-East,1575,0.9643,0.9617,0,60.49,0
2024-01-14 00:00:00+00:00,WH-East,2073,0.9437,0.9814,0,89.57,0
2024-01-15 00:00:00+00:00,WH-East,1703,0.9159,0.9883,0,83.28,0
2024-01-16 00:00:00+00:00,WH-East,1367,0.8817,0.9453,2,62.77,122
2024-01-17 00:00:00+00:00,WH-East,1214,0.9724,0.9672,1,44.33,84
2024-01-18 00:00:00+00:00,WH-East,1487,0.8813,0.9469,1,63.53,28
2024-01-19 00:00:00+00:00,WH-East,1381,0.8872,0.9842,0,64.92,0
2024-01-20 00:00:00+00:00,WH-East,1588,0.9291,0.9511,0,77.9,0
2024-01-21 00:00:00+00:00,WH-East,1779,0.9578,0.9702,0,77.96,0
2024-01-22 00:00:00+00:00,WH-East,1221,0.9889,0.9571,0,49.73,0
2024-01-23 00:00:00+00:00,WH-East,1510,0.9165,0.9641,1,60.04,13
2024-01-24 00:00:00+00:00,WH-East,1659,0.9105,0.9905,0,73.51,0
2024-01-25 00:00:00+00:00,WH-East,1708,0.995,0.9656,0,93.01,0
2024-01-26 00:00:00+00:00,WH-East,1423,0.933,0.9719,0,53.64,0
2024-01-27 00:00:00+00:00,WH-East,1584,0.882,0.9472,1,61.04,55
2024-01-28 00:00:00+00:00,WH-East,1435,0.981,0.9433,0,75.37,0
2024-01-29 00:00:00+00:00,WH-East,1476,0.9036,0.9712,0,53.77,0
2024-01-30 00:00:00+00:00,WH-East,1505,0.9746,0.9545,0,61.08,0
2024-01-31 00:00:00+00:00,WH-East,1586,0.9823,0.9562,0,70.06,0
2024-02-01 00:00:00+00:00,WH-East,1641,0.9248,0.9728,0,82.15,0
2024-02-02 00:00:00+00:00,WH-East,1580,0.9554,0.9555,0,58.83,0
2024-02-03 00:00:00+00:00,WH-East,1644,0.9934,0.9687,0,61.91,0
2024-02-04 00:00:00+00:00,WH-East,1797,0.9313,0.9835,0,67.7,0
2024-02-05 00:00:00+00:00,WH-East,1434,0.9245,0.9905,0,61.68,0
2024-02-06 00:00:00+00:00,WH-East,1680,0.964,0.9834,0,64.87,0
2024-02-07 00:00:00+00:00,WH-East,1799,0.936,0.9608,1,92.17,87
2024-02-08 00:00:00+00:00,WH-East,1519,0.9048,0.9429,1,59.4,68
2024-02-09 00:00:00+00:00,WH-East,1612,0.9625,0.9376,1,73.16,24
2024-02-10 00:00:00+00:00,WH-East,1445,0.9671,0.9731,0,59.33,0
2024-02-11 00:00:00+00:00,WH-East,1607,0.995,0.999,0,71.16,0
2024-02-12 00:00:00+00:00,WH-East,1539,0.9331,0.9415,0,71.41,0
2024-02-13 00:00:00+00:00,WH-East,1685,0.9764,0.9776,0,78.69,0
2024-02-14 00:00:00+00:00,WH-East,1552,0.948,0.9662,0,70.78,0
2024-02-15 00:00:00+00:00,WH-East,1785,0.8795,0.9354,3,73.51,60
2024-02-16 00:00:00+00:00,WH-East,1545,0.9222,0.9405,0,84.04,0
2024-02-17 00:00:00+00:00,WH-East,1583,0.9431,0.941,1,63.85,80
2024-02-18 00:00:00+00:00,WH-East,1897,0.9117,0.9584,0,77.64,0
2024-02-19 00:00:00+00:00,WH-East,1378,0.884,0.935,2,63.03,42
2024-02-20 00:00:00+00:00,WH-East,1378,0.9739,0.9855,1,66.04,68
2024-02-21 00:00:00+00:00,WH-East,1279,0.9402,0.9434,1,68.4,53
2024-02-22 00:00:00+00:00,WH-East,1216,0.9385,0.9757,0,55.1,0
2024-02-23 00:00:00+00:00,WH-East,1565,0.9554,0.9922,0,72.04,0
2024-02-24 00:00:00+00:00,WH-East,1712,0.913,0.9501,0,86.7,0
2024-02-25 00:00:00+00:00,WH-East,1603,0.995,0.9761,0,87.56,0
2024-02-26 00:00:00+00:00,WH-East,1634,0.937,0.9696,0,79.64,0
2024-02-27 00:00:00+00:00,WH-East,1661,0.9459,0.9718,0,59.5,0
2024-02-28 00:00:00+00:00,WH-East,1521,0.9943,0.9687,0,69.87,0
2024-02-29 00:00:00+00:00,WH-East,1635,0.9458,0.978,0,67.25,0
2024-03-01 00:00:00+00:00,WH-East,1628,0.936,0.9468,1,85.78,62
2024-03-02 00:00:00+00:00,WH-East,1350,0.9448,0.9628,2,68.67,80
2024-03-03 00:00:00+00:00,WH-East,1612,0.919,0.999,0,83.19,0
2024-03-04 00:00:00+00:00,WH-East,1590,0.9258,0.9744,0,71.35,0
2024-03-05 00:00:00+00:00,WH-East,2040,0.9083,0.9938,0,73.0,0
2024-03-06 00:00:00+00:00,WH-East,1742,0.9061,0.9807,0,70.0,0
2024-03-07 00:00:00+00:00,WH-East,1194,0.8955,0.9942,0,65.46,0
2024-03-08 00:00:00+00:00,WH-East,1470,0.995,0.9734,0,57.16,0
2024-03-09 00:00:00+00:00,WH-East,1610,0.9282,0.9566,0,61.94,0
2024-03-10 00:00:00+00:00,WH-East,1419,0.9326,0.9602,0,77.61,0
2024-03-11 00:00:00+00:00,WH-East,1422,0.9191,0.9628,0,75.41,0
2024-03-12 00:00:00+00:00,WH-East,1096,0.9278,0.9755,2,54.04,82
2024-03-13 00:00:00+00:00,WH-East,1670,0.8708,0.9902,0,63.67,0
2024-03-14 00:00:00+00:00,WH-East,1388,0.9669,0.9928,0,70.28,0
2024-03-15 00:00:00+00:00,WH-East,1655,0.9925,0.9595,0,59.73,0
2024-03-16 00:00:00+00:00,WH-East,1545,0.9602,0.9669,0,85.53,0
2024-03-17 00:00:00+00:00,WH-East,1468,0.9684,0.9595,0,62.05,0
2024-03-18 00:00:00+00:00,WH-East,1531,0.9273,0.9718,0,83.77,0
2024-03-19 00:00:00+00:00,WH-East,1753,0.9634,0.9834,0,82.05,0
2024-03-20 00:00:00+00:00,WH-East,1553,0.8899,0.9403,0,71.36,0
2024-03-21 00:00:00+00:00,WH-East,1398,0.8961,0.9627,0,57.58,0
2024-03-22 00:00:00+00:00,WH-East,1593,0.9883,0.9687,0,72.83,0
2024-03-23 00:00:00+00:00,WH-East,1648,0.9494,0.9726,0,80.32,0
2024-03-24 00:00:00+00:00,WH-East,1280,0.9116,0.9419,1,52.01,35
2024-03-25 00:00:00+00:00,WH-East,1500,0.9215,0.9601,0,70.73,0
2024-03-26 00:00:00+00:00,WH-East,1655,0.9326,0.985,0,76.56,0
2024-03-27 00:00:00+00:00,WH-East,1499,0.9471,0.9537,1,72.36,56
2024-03-28 00:00:00+00:00,WH-East,1681,0.864,0.9551,2,84.41,44
2024-03-29 00:00:00+00:00,WH-East,1283,0.9003,0.9667,0,67.37,0
2024-03-30 00:00:00+00:00,WH-East,1731,0.9356,0.9908,0,77.1,0
2024-03-31 00:00:00+00:00,WH-East,1934,0.9548,0.9653,0,77.11,0
2024-04-01 00:00:00+00:00,WH-East,1361,0.8878,0.9662,0,67.79,0
2024-04-02 00:00:00+00:00,WH-East,1505,0.9241,0.9606,0,58.63,0
2024-04-03 00:00:00+00:00,WH-East,1512,0.9917,0.9706,0,60.47,0
2024-04-04 00:00:00+00:00,WH-East,1484,0.961,0.9588,0,79.64,0
2024-04-05 00:00:00+00:00,WH-East,1403,0.9128,0.9591,1,71.34,21
2024-04-06 00:00:00+00:00,WH-East,1811,0.9543,0.9392,0,86.57,0
2024-04-07 00:00:00+00:00,WH-East,1200,0.944,0.9835,0,43.84,0
2024-04-08 00:00:00+00:00,WH-East,1602,0.9314,0.9684,1,85.86,81
2024-04-09 00:00:00+00:00,WH-East,1611,0.8939,0.9644,1,64.08,40
2024-04-10 00:00:00+00:00,WH-East,1512,0.9348,0.9677,0,64.46,0
2024-04-11 00:00:00+00:00,WH-East,1493,0.973,0.9717,0,54.08,0
2024-04-12 00:00:00+00:00,WH-East,1488,0.9067,0.9788,0,56.82,0
2024-04-13 00:00:00+00:00,WH-East,1486,0.9315,0.9937,0,71.5,0
2024-04-14 00:00:00+00:00,WH-East,1433,0.9252,0.957,1,76.9,75
2024-04-15 00:00:00+00:00,WH-East,1278,0.9263,0.9512,0,60.72,0
2024-04-16 00:00:00+00:00,WH-East,1613,0.9096,0.9781,0,57.98,0
2024-04-17 00:00:00+00:00,WH-East,1562,0.8756,0.9584,1,56.88,22
2024-04-18 00:00:00+00:00,WH-East,1564,0.995,0.9629,1,75.59,30
2024-04-19 00:00:00+00:00,WH-East,1718,0.9498,0.9645,0,92.57,0
2024-04-20 00:00:00+00:00,WH-East,1601,0.9347,0.9711,0,74.71,0
2024-04-21 00:00:00+00:00,WH-East,1749,0.9425,0.9696,0,75.16,0
2024-04-22 00:00:00+00:00,WH-East,1126,0.9485,0.9583,0,44.67,0
2024-04-23 00:00:00+00:00,WH-East,1479,0.9114,0.9417,1,55.73,34
2024-04-24 00:00:00+00:00,WH-East,1592,0.8891,0.9686,0,60.48,0
2024-04-25 00:00:00+00:00,WH-East,1393,0.9713,0.9695,0,54.42,0
2024-04-26 00:00:00+00:00,WH-East,1576,0.973,0.9513,0,59.07,0
2024-04-27 00:00:00+00:00,WH-East,1579,0.8971,0.9344,0,65.35,0
2024-04-28 00:00:00+00:00,WH-East,1285,0.9035,0.9657,0,54.61,0
2024-04-29 00:00:00+00:00,WH-East,1764,0.9523,0.943,0,63.5,0
2024-04-30 00:00:00+00:00,WH-East,1624,0.9354,0.9778,0,68.15,0
2024-05-01 00:00:00+00:00,WH-East,1546,0.8778,0.953,1,78.96,72
2024-05-02 00:00:00+00:00,WH-East,1594,0.9437,0.9831,0,69.49,0
2024-05-03 00:00:00+00:00,WH-East,1297,0.9599,0.9903,0,46.4,0
2024-05-04 00:00:00+00:00,WH-East,1457,0.9682,0.9713,1,75.04,42
2024-05-05 00:00:00+00:00,WH-East,1318,0.9431,0.9734,0,68.73,0
2024-05-06 00:00:00+00:00,WH-East,1889,0.965,0.9603,0,72.9,0
2024-05-07 00:00:00+00:00,WH-East,1491,0.9576,0.9674,0,58.38,0
2024-05-08 00:00:00+00:00,WH-East,1525,0.8853,0.9613,2,75.66,126
2024-05-09 00:00:00+00:00,WH-East,1641,0.9342,0.9711,0,74.55,0
2024-05-10 00:00:00+00:00,WH-East,1483,0.877,0.9593,1,57.52,61
2024-05-11 00:00:00+00:00,WH-East,1610,0.9468,0.9617,1,59.36,64
2024-05-12 00:00:00+00:00,WH-East,1471,0.9529,0.9614,0,73.67,0
2024-05-13 00:00:00+00:00,WH-East,1310,0.9276,0.9694,0,58.66,0
2024-05-14 00:00:00+00:00,WH-East,1550,0.8952,0.9801,0,81.09,0
2024-05-15 00:00:00+00:00,WH-East,1257,0.9467,0.9393,1,55.32,28
2024-05-16 00:00:00+00:00,WH-East,1287,0.858,0.9657,0,46.71,0
2024-05-17 00:00:00+00:00,WH-East,1682,0.8951,0.9557,1,62.85,46
2024-05-18 00:00:00+00:00,WH-East,1231,0.9668,0.9857,0,48.05,0
2024-05-19 00:00:00+00:00,WH-East,1815,0.9576,0.9731,0,70.17,0
2024-05-20 00:00:00+00:00,WH-East,1555,0.9627,0.985,0,84.38,0
2024-05-21 00:00:00+00:00,WH-East,1927,0.9689,0.959,0,86.71,0
2024-05-22 00:00:00+00:00,WH-East,1628,0.9217,0.9451,1,59.56,43
2024-05-23 00:00:00+00:00,WH-East,1349,0.9178,0.9399,0,67.84,0
2024-05-24 00:00:00+00:00,WH-East,1440,0.977,0.9473,0,74.61,0
2024-05-25 00:00:00+00:00,WH-East,1859,0.8837,0.9454,0,73.2,0
2024-05-26 00:00:00+00:00,WH-East,1588,0.9801,0.9961,0,79.31,0
2024-05-27 00:00:00+00:00,WH-East,1368,0.9136,0.9683,0,52.01,0
2024-05-28 00:00:00+00:00,WH-East,1779,0.9305,0.9955,0,88.18,0
2024-05-29 00:00:00+00:00,WH-East,1504,0.9188,0.9663,1,59.77,80
2024-05-30 00:00:00+00:00,WH-East,1430,0.9261,0.9593,0,73.28,0
2024-05-31 00:00:00+00:00,WH-East,1338,0.9559,0.9591,0,55.87,0
2024-06-01 00:00:00+00:00,WH-East,1086,0.9024,0.9622,1,48.94,75
2024-06-02 00:00:00+00:00,WH-East,1543,0.8756,0.9331,1,56.43,37
2024-06-03 00:00:00+00:00,WH-East,1273,0.8815,0.9777,0,50.86,0
2024-06-04 00:00:00+00:00,WH-East,1521,0.9106,0.9487,1,65.39,37
2024-06-05 00:00:00+00:00,WH-East,1948,0.9895,0.9729,0,82.56,0
2024-06-06 00:00:00+00:00,WH-East,1279,0.9652,0.9885,0,46.9,0
2024-06-07 00:00:00+00:00,WH-East,1774,0.9595,0.963,1,66.42,66
2024-06-08 00:00:00+00:00,WH-East,1559,0.9437,0.9382,1,70.55,42
2024-06-09 00:00:00+00:00,WH-East,1571,0.9667,0.9645,0,59.79,0
2024-06-10 00:00:00+00:00,WH-East,1304,0.9349,0.9763,0,47.07,0
2024-06-11 00:00:00+00:00,WH-East,1449,0.9645,0.9637,0,62.6,0
2024-06-12 00:00:00+00:00,WH-East,1848,0.9211,0.9627,0,88.66,0
2024-06-13 00:00:00+00:00,WH-East,1355,0.9519,0.9492,0,52.25,0
2024-06-14 00:00:00+00:00,WH-East,1581,0.9341,0.9498,0,72.91,0
2024-06-15 00:00:00+00:00,WH-East,1713,0.995,0.9724,0,79.29,0
2024-06-16 00:00:00+00:00,WH-East,1757,0.9441,0.967,1,73.63,85
2024-06-17 00:00:00+00:00,WH-East,1769,0.8935,0.91,2,68.95,44
2024-06-18 00:00:00+00:00,WH-East,1685,0.9073,0.9867,0,82.0,0
2024-06-19 00:00:00+00:00,WH-East,1517,0.9326,0.9779,0,56.23,0
2024-06-20 00:00:00+00:00,WH-East,1685,0.9775,0.9858,0,93.33,0
2024-06-21 00:00:00+00:00,WH-East,1317,0.9558,0.9683,0,50.6,0
2024-06-22 00:00:00+00:00,WH-East,1654,0.9334,0.9639,0,90.08,0
2024-06-23 00:00:00+00:00,WH-East,1654,0.931,0.9722,0,88.05,0
2024-06-24 00:00:00+00:00,WH-East,1451,0.8951,0.977,0,61.81,0
2024-06-25 00:00:00+00:00,WH-East,1296,0.8995,0.9598,0,67.02,0
2024-06-26 00:00:00+00:00,WH-East,1687,0.8861,0.949,1,61.31,15
2024-06-27 00:00:00+00:00,WH-East,1366,0.8999,0.957,0,60.9,0
2024-06-28 00:00:00+00:00,WH-East,1787,0.9315,0.9685,0,87.61,0
2024-06-29 00:00:00+00:00,WH-East,1555,0.9597,0.9833,0,63.58,0
2024-06-30 00:00:00+00:00,WH-East,1722,0.9642,0.9665,0,67.12,0
2024-07-01 00:00:00+00:00,WH-East,1404,0.9768,0.9613,0,64.3,0
2024-07-02 00:00:00+00:00,WH-East,1709,0.9104,0.9666,0,65.52,0
2024-07-03 00:00:00+00:00,WH-East,1485,0.8923,0.9545,0,57.34,0
2024-07-04 00:00:00+00:00,WH-East,1796,0.9814,0.9569,1,68.21,37
2024-07-05 00:00:00+00:00,WH-East,1516,0.9762,0.9926,0,82.38,0
2024-07-06 00:00:00+00:00,WH-East,1646,0.9689,0.9393,1,80.03,78
2024-07-07 00:00:00+00:00,WH-East,1619,0.9108,0.9298,1,61.88,49
2024-07-08 00:00:00+00:00,WH-East,1788,0.9355,0.9789,0,90.7,0
2024-07-09 00:00:00+00:00,WH-East,1621,0.9481,0.971,0,71.03,0
2024-07-10 00:00:00+00:00,WH-East,1297,0.9042,0.9671,1,62.43,65
2024-07-11 00:00:00+00:00,WH-East,1312,0.9406,0.9597,0,66.39,0
2024-07-12 00:00:00+00:00,WH-East,1508,0.9365,0.9352,0,61.34,0
2024-07-13 00:00:00+00:00,WH-East,1683,0.968,0.9661,0,66.5,0
2024-07-14 00:00:00+00:00,WH-East,1836,0.9408,0.9745,0,71.76,0
2024-07-15 00:00:00+00:00,WH-East,1546,0.8997,0.9813,0,82.23,0
2024-07-16 00:00:00+00:00,WH-East,1136,0.9469,0.9769,0,40.65,0
2024-07-17 00:00:00+00:00,WH-East,1625,0.9198,0.973,0,73.63,0
2024-07-18 00:00:00+00:00,WH-East,1589,0.9273,0.9652,0,62.06,0
2024-07-19 00:00:00+00:00,WH-East,1480,0.9708,0.9608,0,58.41,0
2024-07-20 00:00:00+00:00,WH-East,1681,0.914,0.9268,0,74.72,0
2024-07-21 00:00:00+00:00,WH-East,1704,0.9358,0.9539,1,88.08,18
2024-07-22 00:00:00+00:00,WH-East,1667,0.9768,0.946,0,65.71,0
2024-07-23 00:00:00+00:00,WH-East,1159,0.9259,0.9488,1,46.77,68
2024-07-24 00:00:00+00:00,WH-East,1748,0.9472,0.9852,0,94.58,0
2024-07-25 00:00:00+00:00,WH-East,1181,0.8995,0.9858,0,42.54,0
2024-07-26 00:00:00+00:00,WH-East,1281,0.9869,0.9643,0,54.13,0
2024-07-27 00:00:00+00:00,WH-East,1681,0.9217,0.9834,0,73.02,0
2024-07-28 00:00:00+00:00,WH-East,1624,0.9519,0.9962,0,87.25,0
2024-07-29 00:00:00+00:00,WH-East,1500,0.9581,0.9687,1,74.92,63
2024-07-30 00:00:00+00:00,WH-East,1411,0.9046,0.9554,0,63.39,0
2024-07-31 00:00:00+00:00,WH-East,1348,0.8923,0.96,1,66.93,46
2024-08-01 00:00:00+00:00,WH-East,1328,0.9466,0.9599,0,48.92,0
2024-08-02 00:00:00+00:00,WH-East,1596,0.9103,0.9691,0,58.49,0
2024-08-03 00:00:00+00:00,WH-East,1747,0.9358,0.9565,1,77.28,60
2024-08-04 00:00:00+00:00,WH-East,1987,0.906,0.9921,0,76.19,0
2024-08-05 00:00:00+00:00,WH-East,1452,0.8959,0.9667,0,64.86,0
2024-08-06 00:00:00+00:00,WH-East,1403,0.9145,0.999,0,74.1,0
2024-08-07 00:00:00+00:00,WH-East,1237,0.876,0.957,0,45.89,0
2024-08-08 00:00:00+00:00,WH-East,1433,0.901,0.9644,1,77.78,87
2024-08-09 00:00:00+00:00,WH-East,1401,0.957,0.9592,0,65.51,0
2024-08-10 00:00:00+00:00,WH-East,1496,0.9435,0.9428,0,81.17,0
2024-08-11 00:00:00+00:00,WH-East,1488,0.9036,0.9576,1,72.01,80
2024-08-12 00:00:00+00:00,WH-East,1696,0.9812,0.9491,0,70.76,0
2024-08-13 00:00:00+00:00,WH-East,1518,0.9765,0.9824,0,57.41,0
2024-08-14 00:00:00+00:00,WH-East,1865,0.9272,0.9629,0,76.92,0
2024-08-15 00:00:00+00:00,WH-East,1375,0.9175,0.9769,2,70.37,120
2024-08-16 00:00:00+00:00,WH-East,1371,0.9373,0.9788,0,66.28,0
2024-08-17 00:00:00+00:00,WH-East,1527,0.9479,0.953,0,55.11,0
2024-08-18 00:00:00+00:00,WH-East,1524,0.9422,0.9733,0,76.2,0
2024-08-19 00:00:00+00:00,WH-East,1373,0.951,0.9676,0,72.88,0
2024-08-20 00:00:00+00:00,WH-East,1636,0.9187,0.9725,1,68.09,34
2024-08-21 00:00:00+00:00,WH-East,1678,0.945,0.9821,0,62.73,0
2024-08-22 00:00:00+00:00,WH-East,1279,0.8699,0.9834,0,53.84,0
2024-08-23 00:00:00+00:00,WH-East,1518,0.9876,0.9668,0,62.05,0
2024-08-24 00:00:00+00:00,WH-East,1480,0.9081,0.9738,1,60.5,13
2024-08-25 00:00:00+00:00,WH-East,1220,0.9724,0.9726,0,56.28,0
2024-08-26 00:00:00+00:00,WH-East,1386,0.9448,0.984,1,56.77,18
2024-08-27 00:00:00+00:00,WH-East,1912,0.885,0.983,0,93.88,0
2024-08-28 00:00:00+00:00,WH-East,1561,0.9824,0.9752,0,58.14,0
2024-08-29 00:00:00+00:00,WH-East,1702,0.9148,0.9697,0,80.44,0
2024-08-30 00:00:00+00:00,WH-East,1264,0.9471,0.9574,0,57.22,0
2024-08-31 00:00:00+00:00,WH-East,1420,0.9287,0.9678,1,64.03,66
2024-09-01 00:00:00+00:00,WH-East,1360,0.8961,0.9306,1,70.32,49
2024-09-02 00:00:00+00:00,WH-East,1823,0.8781,0.9337,3,81.62,69
2024-09-03 00:00:00+00:00,WH-East,1465,0.9152,0.9711,0,58.71,0
2024-09-04 00:00:00+00:00,WH-East,1499,0.9155,0.9886,0,77.01,0
2024-09-05 00:00:00+00:00,WH-East,1329,0.914,0.9691,0,69.42,0
2024-09-06 00:00:00+00:00,WH-East,1603,0.9075,0.9926,0,76.28,0
2024-09-07 00:00:00+00:00,WH-East,1744,0.9371,0.9822,0,80.49,0
2024-09-08 00:00:00+00:00,WH-East,1246,0.9698,0.9245,0,48.71,0
2024-09-09 00:00:00+00:00,WH-East,1482,0.9821,0.9644,0,57.54,0
2024-09-10 00:00:00+00:00,WH-East,1564,0.9232,0.9477,0,77.72,0
2024-09-11 00:00:00+00:00,WH-East,1742,0.9382,0.9524,1,82.77,61
2024-09-12 00:00:00+00:00,WH-East,1563,0.9218,0.956,0,56.65,0
2024-09-13 00:00:00+00:00,WH-East,1584,0.9843,0.9802,0,71.63,0
2024-09-14 00:00:00+00:00,WH-East,1598,0.9339,0.9915,0,65.44,0
2024-09-15 00:00:00+00:00,WH-East,1525,0.9686,0.9897,0,62.95,0
2024-09-16 00:00:00+00:00,WH-East,1441,0.9628,0.9537,0,77.62,0
2024-09-17 00:00:00+00:00,WH-East,1414,0.9408,0.969,0,55.44,0
2024-09-18 00:00:00+00:00,WH-East,1465,0.9001,0.9808,0,58.0,0
2024-09-19 00:00:00+00:00,WH-East,1478,0.9652,0.9795,0,77.09,0
2024-09-20 00:00:00+00:00,WH-East,1414,0.9321,0.9446,0,53.31,0
2024-09-21 00:00:00+00:00,WH-East,1374,0.9646,0.9756,0,65.39,0
2024-09-22 00:00:00+00:00,WH-East,1506,0.9424,0.9896,0,57.62,0
2024-09-23 00:00:00+00:00,WH-East,1531,0.9157,0.9522,0,62.47,0
2024-09-24 00:00:00+00:00,WH-East,1447,0.9037,0.9482,1,62.05,69
2024-09-25 00:00:00+00:00,WH-East,1615,0.9228,0.9851,0,85.03,0
2024-09-26 00:00:00+00:00,WH-East,1485,0.8931,0.9574,1,54.39,30
2024-09-27 00:00:00+00:00,WH-East,1698,0.9259,0.9755,0,73.89,0
2024-09-28 00:00:00+00:00,WH-East,1524,0.9227,0.9943,0,69.97,0
2024-09-29 00:00:00+00:00,WH-East,1360,0.9291,0.9595,0,54.03,0
2024-09-30 00:00:00+00:00,WH-East,1772,0.9344,0.9882,0,76.52,0
2024-10-01 00:00:00+00:00,WH-East,1522,0.9667,0.999,0,77.21,0
2024-10-02 00:00:00+00:00,WH-East,1645,0.995,0.9882,0,73.66,0
2024-10-03 00:00:00+00:00,WH-East,1794,0.8767,0.9889,1,79.9,41
2024-10-04 00:00:00+00:00,WH-East,1807,0.9033,0.9606,1,98.43,49
2024-10-05 00:00:00+00:00,WH-East,1934,0.952,0.9574,0,102.32,0
2024-10-06 00:00:00+00:00,WH-East,1517,0.9473,0.9498,0,73.11,0
2024-10-07 00:00:00+00:00,WH-East,1536,0.8781,0.9802,0,56.36,0
2024-10-08 00:00:00+00:00,WH-East,1655,0.9192,0.9466,1,71.94,85
2024-10-09 00:00:00+00:00,WH-East,1456,0.9516,0.9755,0,63.47,0
2024-10-10 00:00:00+00:00,WH-East,1367,0.9516,0.9815,1,67.63,21
2024-10-11 00:00:00+00:00,WH-East,1626,0.9529,0.9657,0,73.84,0
2024-10-12 00:00:00+00:00,WH-East,1358,0.9635,0.9756,0,64.02,0
2024-10-13 00:00:00+00:00,WH-East,1277,0.9116,0.944,1,60.35,63
2024-10-14 00:00:00+00:00,WH-East,1722,0.9281,0.9565,0,63.28,0
2024-10-15 00:00:00+00:00,WH-East,1552,0.9352,0.9529,1,66.56,29
2024-10-16 00:00:00+00:00,WH-East,1679,0.9366,0.9743,0,65.79,0
2024-10-17 00:00:00+00:00,WH-East,1290,0.9309,0.9575,0,70.16,0
2024-10-18 00:00:00+00:00,WH-East,1332,0.8938,0.9825,0,67.79,0
2024-10-19 00:00:00+00:00,WH-East,1634,0.9179,0.9702,0,84.05,0
2024-10-20 00:00:00+00:00,WH-East,1416,0.9663,0.957,0,55.1,0
2024-10-21 00:00:00+00:00,WH-East,1465,0.8943,0.9707,0,81.08,0
2024-10-22 00:00:00+00:00,WH-East,1735,0.8906,0.9707,1,69.4,34
2024-10-23 00:00:00+00:00,WH-East,1352,0.9697,0.9896,0,56.79,0
2024-10-24 00:00:00+00:00,WH-East,1516,0.8666,0.9419,1,58.91,81
2024-10-25 00:00:00+00:00,WH-East,1540,0.9296,0.9819,1,57.16,50
2024-10-26 00:00:00+00:00,WH-East,1390,0.9318,0.9482,1,60.55,67
2024-10-27 00:00:00+00:00,WH-East,1430,0.9429,0.9955,0,51.59,0
2024-10-28 00:00:00+00:00,WH-East,1575,0.9287,0.9379,0,67.54,0
2024-10-29 00:00:00+00:00,WH-East,1446,0.9341,0.9593,0,63.82,0
2024-10-30 00:00:00+00:00,WH-East,1145,0.8677,0.9647,2,41.81,68
2024-10-31 00:00:00+00:00,WH-East,1607,0.9693,0.9603,0,75.47,0
2024-11-01 00:00:00+00:00,WH-East,1522,0.9792,0.9409,0,78.97,0
2024-11-02 00:00:00+00:00,WH-East,1337,0.9278,0.9883,0,55.23,0
2024-11-03 00:00:00+00:00,WH-East,1650,0.9082,0.9623,1,59.39,31
2024-11-04 00:00:00+00:00,WH-East,1642,0.856,0.9356,0,72.28,0
2024-11-05 00:00:00+00:00,WH-East,1543,0.9268,0.9714,0,81.1,0
2024-11-06 00:00:00+00:00,WH-East,1492,0.9432,0.9685,0,78.75,0
2024-11-07 00:00:00+00:00,WH-East,1414,0.876,0.9594,1,77.41,89
2024-11-08 00:00:00+00:00,WH-East,1427,0.9129,0.9622,1,69.0,79
2024-11-09 00:00:00+00:00,WH-East,1742,0.9821,0.9783,0,66.65,0
2024-11-10 00:00:00+00:00,WH-East,1496,0.8907,0.957,0,73.52,0
2024-11-11 00:00:00+00:00,WH-East,1204,0.9109,0.9445,0,43.07,0
2024-11-12 00:00:00+00:00,WH-East,1536,0.9002,0.9614,1,56.41,69
2024-11-13 00:00:00+00:00,WH-East,1363,0.9153,0.998,0,64.62,0
2024-11-14 00:00:00+00:00,WH-East,1825,0.8792,0.9865,1,74.55,80
2024-11-15 00:00:00+00:00,WH-East,1545,0.9291,0.9795,0,70.68,0
2024-11-16 00:00:00+00:00,WH-East,1595,0.9386,0.9552,0,74.18,0
2024-11-17 00:00:00+00:00,WH-East,1202,0.995,0.969,0,46.7,0
2024-11-18 00:00:00+00:00,WH-East,1541,0.931,0.9823,1,66.27,29
2024-11-19 00:00:00+00:00,WH-East,1281,0.8912,0.9473,2,70.39,56
2024-11-20 00:00:00+00:00,WH-East,1490,0.9463,0.9492,0,64.23,0
2024-11-21 00:00:00+00:00,WH-East,1642,0.9098,0.9683,0,71.99,0
2024-11-22 00:00:00+00:00,WH-East,1442,0.9303,0.9786,0,51.9,0
2024-11-23 00:00:00+00:00,WH-East,1377,0.9233,0.9781,0,75.51,0
2024-11-24 00:00:00+00:00,WH-East,1289,0.9396,0.9796,0,63.97,0
2024-11-25 00:00:00+00:00,WH-East,1726,0.939,0.9808,0,64.65,0
2024-11-26 00:00:00+00:00,WH-East,1605,0.9175,0.9725,0,85.72,0
2024-11-27 00:00:00+00:00,WH-East,1534,0.9245,0.9904,0,66.19,0
2024-11-28 00:00:00+00:00,WH-East,1832,0.9577,0.9694,0,74.42,0
2024-11-29 00:00:00+00:00,WH-East,1547,0.8939,0.9517,1,78.52,15
2024-11-30 00:00:00+00:00,WH-East,1303,0.9342,0.9567,0,63.03,0
2024-12-01 00:00:00+00:00,WH-East,1534,0.92,0.9568,0,73.72,0
2024-12-02 00:00:00+00:00,WH-East,1652,0.9611,0.9705,0,88.48,0
2024-12-03 00:00:00+00:00,WH-East,1563,0.9374,0.9735,0,55.86,0
2024-12-04 00:00:00+00:00,WH-East,1472,0.9299,0.9316,0,57.04,0
2024-12-05 00:00:00+00:00,WH-East,1705,0.9275,0.98,1,64.99,39
2024-12-06 00:00:00+00:00,WH-East,1467,0.9623,0.9646,0,68.3,0
2024-12-07 00:00:00+00:00,WH-East,1615,0.977,0.9595,1,62.63,31
2024-12-08 00:00:00+00:00,WH-East,1827,0.8987,0.9441,1,92.01,30
2024-12-09 00:00:00+00:00,WH-East,1579,0.9387,0.9724,0,65.86,0
2024-12-10 00:00:00+00:00,WH-East,1334,0.891,0.9448,1,69.52,14
2024-12-11 00:00:00+00:00,WH-East,787,0.986,0.9647,0,30.11,0
2024-12-12 00:00:00+00:00,WH-East,1656,0.9023,0.999,0,72.46,0
2024-12-13 00:00:00+00:00,WH-East,1353,0.9446,0.9904,0,49.94,0
2024-12-14 00:00:00+00:00,WH-East,1420,0.9742,0.966,0,58.11,0
2024-12-15 00:00:00+00:00,WH-East,1055,0.8693,0.9606,1,51.39,66
2024-12-16 00:00:00+00:00,WH-East,1568,0.8815,0.9723,1,66.2,70
2024-12-17 00:00:00+00:00,WH-East,1831,0.9512,0.9475,0,99.27,0
2024-12-18 00:00:00+00:00,WH-East,1569,0.8991,0.9501,0,73.22,0
2024-12-19 00:00:00+00:00,WH-East,1257,0.8831,0.9676,1,51.3,18
2024-12-20 00:00:00+00:00,WH-East,1487,0.9573,0.9728,1,78.52,49
2024-12-21 00:00:00+00:00,WH-East,1474,0.9159,0.9792,0,79.24,0
2024-12-22 00:00:00+00:00,WH-East,1948,0.9477,0.9798,0,73.0,0
2024-12-23 00:00:00+00:00,WH-East,1863,0.9149,0.962,0,79.93,0
2024-12-24 00:00:00+00:00,WH-East,1485,0.8709,0.9659,0,81.66,0
2024-12-25 00:00:00+00:00,WH-East,1459,0.9578,0.9686,0,60.71,0
2024-12-26 00:00:00+00:00,WH-East,1652,0.9133,0.9538,1,62.09,78
2024-12-27 00:00:00+00:00,WH-East,1473,0.9706,0.9554,0,73.79,0
2024-12-28 00:00:00+00:00,WH-East,1598,0.9267,0.9586,1,71.11,31
2024-12-29 00:00:00+00:00,WH-East,1447,0.9397,0.9615,0,75.44,0
2024-12-30 00:00:00+00:00,WH-East,1422,0.9572,0.9518,0,56.27,0
2024-12-31 00:00:00+00:00,WH-East,1310,0.9871,0.969,0,53.34,0
2025-01-01 00:00:00+00:00,WH-East,1379,0.9257,0.9586,0,52.68,0
2025-01-02 00:00:00+00:00,WH-East,1546,0.9278,0.9685,0,59.74,0
2025-01-03 00:00:00+00:00,WH-East,1313,0.9649,0.9561,1,56.98,44
2025-01-04 00:00:00+00:00,WH-East,1337,0.9022,0.9852,0,73.51,0
2025-01-05 00:00:00+00:00,WH-East,1547,0.8865,0.953,1,56.72,37
2025-01-06 00:00:00+00:00,WH-East,1481,0.8825,0.9322,2,57.46,26
2025-01-07 00:00:00+00:00,WH-East,1657,0.935,0.9488,0,63.07,0
2025-01-08 00:00:00+00:00,WH-East,1428,0.8674,0.9953,1,52.95,29
2025-01-09 00:00:00+00:00,WH-East,1466,0.946,0.9896,0,58.48,0
2025-01-10 00:00:00+00:00,WH-East,1883,0.9172,0.9609,1,84.18,34
2025-01-11 00:00:00+00:00,WH-East,1666,0.9287,0.974,1,73.31,21
2025-01-12 00:00:00+00:00,WH-East,1207,0.959,0.9394,1,57.35,76
2025-01-13 00:00:00+00:00,WH-East,1366,0.9327,0.9329,0,73.38,0
2025-01-14 00:00:00+00:00,WH-East,1544,0.935,0.9591,0,75.71,0
2025-01-15 00:00:00+00:00,WH-East,1698,0.9156,0.988,0,83.72,0
2025-01-16 00:00:00+00:00,WH-East,1408,0.8941,0.9683,1,62.41,74
2025-01-17 00:00:00+00:00,WH-East,1385,0.9473,0.9758,0,57.51,0
2025-01-18 00:00:00+00:00,WH-East,1562,0.9418,0.9628,1,63.61,79
2025-01-19 00:00:00+00:00,WH-East,1567,0.9569,0.9455,0,72.58,0
2025-01-20 00:00:00+00:00,WH-East,1385,0.9158,0.9929,0,53.38,0
2025-01-21 00:00:00+00:00,WH-East,1591,0.9241,0.9573,1,61.64,67
2025-01-22 00:00:00+00:00,WH-East,1589,0.9395,0.9676,1,85.26,84
2025-01-23 00:00:00+00:00,WH-East,1531,0.9411,0.9572,0,83.83,0
2025-01-24 00:00:00+00:00,WH-East,1720,0.9609,0.9845,0,63.44,0
2025-01-25 00:00:00+00:00,WH-East,1449,0.9664,0.9904,0,80.18,0
2025-01-26 00:00:00+00:00,WH-East,1825,0.9296,0.9564,1,88.16,69
2025-01-27 00:00:00+00:00,WH-East,1688,0.9856,0.9736,0,80.61,0
2025-01-28 00:00:00+00:00,WH-East,1605,0.9403,0.9625,0,87.4,0
2025-01-29 00:00:00+00:00,WH-East,1466,0.9073,0.9892,0,76.83,0
2025-01-30 00:00:00+00:00,WH-East,1686,0.9238,0.9923,0,65.33,0
2025-01-31 00:00:00+00:00,WH-East,1218,0.9679,0.9882,0,47.77,0
2025-02-01 00:00:00+00:00,WH-East,1440,0.9313,0.9682,0,52.98,0
2025-02-02 00:00:00+00:00,WH-East,1553,0.9256,0.9575,1,58.08,49
2025-02-03 00:00:00+00:00,WH-East,1531,0.9432,0.999,0,69.36,0
2025-02-04 00:00:00+00:00,WH-East,1860,0.9751,0.9567,0,93.66,0
2025-02-05 00:00:00+00:00,WH-East,1521,0.9536,0.971,1,61.61,80
2025-02-06 00:00:00+00:00,WH-East,1330,0.9383,0.982,0,59.53,0
2025-02-07 00:00:00+00:00,WH-East,1717,0.9716,0.9768,0,70.94,0
2025-02-08 00:00:00+00:00,WH-East,1413,0.9309,0.9422,1,66.56,16
2025-02-09 00:00:00+00:00,WH-East,1556,0.9251,0.967,0,74.72,0
2025-02-10 00:00:00+00:00,WH-East,1824,0.8651,0.9244,2,85.46,90
2025-02-11 00:00:00+00:00,WH-East,1509,0.8542,0.9612,1,77.05,26
2025-02-12 00:00:00+00:00,WH-East,1463,0.9492,0.9704,0,60.57,0
2025-02-13 00:00:00+00:00,WH-East,1633,0.9102,0.9633,1,74.07,51
2025-02-14 00:00:00+00:00,WH-East,1746,0.9407,0.949,0,81.02,0
2025-02-15 00:00:00+00:00,WH-East,1408,0.9778,0.9767,0,56.82,0
2025-02-16 00:00:00+00:00,WH-East,1534,0.9352,0.9916,0,68.29,0
2025-02-17 00:00:00+00:00,WH-East,1540,0.8761,0.9743,0,75.47,0
2025-02-18 00:00:00+00:00,WH-East,1468,0.9014,0.999,0,79.96,0
2025-02-19 00:00:00+00:00,WH-East,1864,0.8767,0.9415,1,83.53,57
2025-02-20 00:00:00+00:00,WH-East,1421,0.9497,0.969,0,77.96,0
2025-02-21 00:00:00+00:00,WH-East,1786,0.9336,0.9463,0,77.62,0
2025-02-22 00:00:00+00:00,WH-East,1597,0.9488,0.9644,0,62.3,0
2025-02-23 00:00:00+00:00,WH-East,1904,0.9408,0.9765,0,68.98,0
2025-02-24 00:00:00+00:00,WH-East,1474,0.924,0.9766,0,65.66,0
2025-02-25 00:00:00+00:00,WH-East,1417,0.8609,0.9806,1,54.16,34
2025-02-26 00:00:00+00:00,WH-East,1813,0.9659,0.9639,0,79.79,0
2025-02-27 00:00:00+00:00,WH-East,1589,0.9304,0.9565,0,64.08,0
2025-02-28 00:00:00+00:00,WH-East,1008,0.9403,0.999,0,47.53,0
2025-03-01 00:00:00+00:00,WH-East,1311,0.9588,0.9461,0,49.07,0
2025-03-02 00:00:00+00:00,WH-East,1600,0.9334,0.999,0,84.28,0
2025-03-03 00:00:00+00:00,WH-East,1651,0.9519,0.9825,0,81.25,0
2025-03-04 00:00:00+00:00,WH-East,1630,0.9648,0.9589,0,67.54,0
2025-03-05 00:00:00+00:00,WH-East,1026,0.9093,0.9689,1,37.54,79
2025-03-06 00:00:00+00:00,WH-East,1855,0.8716,0.9751,1,66.67,28
2025-03-07 00:00:00+00:00,WH-East,1468,0.8976,0.9535,1,65.48,80
2025-03-08 00:00:00+00:00,WH-East,1476,0.9699,0.9544,1,77.09,14
2025-03-09 00:00:00+00:00,WH-East,1595,0.933,0.9665,0,64.19,0
2025-03-10 00:00:00+00:00,WH-East,1627,0.9289,0.9714,0,69.85,0
2025-03-11 00:00:00+00:00,WH-East,1296,0.9217,0.9658,1,50.92,82
2025-03-12 00:00:00+00:00,WH-East,1398,0.9584,0.9387,0,67.01,0
2025-03-13 00:00:00+00:00,WH-East,1217,0.9115,0.9774,0,60.94,0
2025-03-14 00:00:00+00:00,WH-East,1639,0.9086,0.9612,0,64.47,0
2025-03-15 00:00:00+00:00,WH-East,1474,0.9637,0.9636,0,77.72,0
2025-03-16 00:00:00+00:00,WH-East,1751,0.9467,0.9627,0,70.83,0
2025-03-17 00:00:00+00:00,WH-East,1565,0.9077,0.9737,1,86.14,33
2025-03-18 00:00:00+00:00,WH-East,1463,0.9509,0.9917,0,81.16,0
2025-03-19 00:00:00+00:00,WH-East,1652,0.9115,0.9621,0,69.3,0
2025-03-20 00:00:00+00:00,WH-East,1579,0.9017,0.942,1,73.86,40
2025-03-21 00:00:00+00:00,WH-East,1738,0.9417,0.9504,0,85.16,0
2025-03-22 00:00:00+00:00,WH-East,1666,0.9238,0.954,0,87.97,0
2025-03-23 00:00:00+00:00,WH-East,1609,0.9106,0.9467,0,78.8,0
2025-03-24 00:00:00+00:00,WH-East,1589,0.908,0.9749,0,58.19,0
2025-03-25 00:00:00+00:00,WH-East,1727,0.9567,0.9781,0,67.01,0
2025-03-26 00:00:00+00:00,WH-East,1465,0.9484,0.9764,0,53.37,0
2025-03-27 00:00:00+00:00,WH-East,1400,0.9375,0.9686,0,54.03,0
2025-03-28 00:00:00+00:00,WH-East,1511,0.9406,0.9679,0,79.24,0
2025-03-29 00:00:00+00:00,WH-East,1879,0.9393,0.9877,0,75.22,0
2025-03-30 00:00:00+00:00,WH-East,1762,0.9615,0.9533,0,71.08,0
2025-03-31 00:00:00+00:00,WH-East,1540,0.9925,0.975,0,61.75,0
2025-04-01 00:00:00+00:00,WH-East,1235,0.8836,0.9763,0,45.62,0
2025-04-02 00:00:00+00:00,WH-East,1486,0.923,0.9599,1,56.46,23
2025-04-03 00:00:00+00:00,WH-East,1543,0.9546,0.9489,0,75.37,0
2025-04-04 00:00:00+00:00,WH-East,1611,0.8931,0.9489,1,68.19,69
2025-04-05 00:00:00+00:00,WH-East,1467,0.8765,0.98,0,69.46,0
2025-04-06 00:00:00+00:00,WH-East,1574,0.9234,0.978,0,71.57,0
2025-04-07 00:00:00+00:00,WH-East,1145,0.8992,0.9541,2,50.7,52
2025-04-08 00:00:00+00:00,WH-East,1630,0.8958,0.9388,1,58.44,23
2025-04-09 00:00:00+00:00,WH-East,1371,0.9207,0.9621,1,55.0,28
2025-04-10 00:00:00+00:00,WH-East,1339,0.9355,0.9735,0,59.32,0
2025-04-11 00:00:00+00:00,WH-East,1263,0.9612,0.9875,0,65.87,0
2025-04-12 00:00:00+00:00,WH-East,1668,0.9463,0.9635,0,86.37,0
2025-04-13 00:00:00+00:00,WH-East,1641,0.9687,0.9674,0,59.47,0
2025-04-14 00:00:00+00:00,WH-East,1429,0.9355,0.9865,0,56.05,0
2025-04-15 00:00:00+00:00,WH-East,1585,0.9173,0.9636,0,67.05,0
2025-04-16 00:00:00+00:00,WH-East,1532,0.9436,0.9512,1,65.51,89
2025-04-17 00:00:00+00:00,WH-East,1478,0.8584,0.9871,1,71.77,20
2025-04-18 00:00:00+00:00,WH-East,1675,0.9067,0.9613,1,63.37,88
2025-04-19 00:00:00+00:00,WH-East,1668,0.9148,0.9241,1,76.41,83
2025-04-20 00:00:00+00:00,WH-East,1468,0.9088,0.9642,1,72.25,88
2025-04-21 00:00:00+00:00,WH-East,1532,0.991,0.9937,1,78.75,65
2025-04-22 00:00:00+00:00,WH-East,1571,0.9352,0.9707,0,58.14,0
2025-04-23 00:00:00+00:00,WH-East,1447,0.91,0.9929,0,54.29,0
2025-04-24 00:00:00+00:00,WH-East,1778,0.9127,0.9626,0,79.29,0
2025-04-25 00:00:00+00:00,WH-East,1367,0.9559,0.9556,0,54.96,0
2025-04-26 00:00:00+00:00,WH-East,1639,0.9464,0.9883,0,76.28,0
2025-04-27 00:00:00+00:00,WH-East,1425,0.9115,0.9581,1,63.95,76
2025-04-28 00:00:00+00:00,WH-East,1176,0.9232,0.9799,0,52.92,0
2025-04-29 00:00:00+00:00,WH-East,1407,0.9455,0.9763,0,61.58,0
2025-04-30 00:00:00+00:00,WH-East,1076,0.9495,0.9667,0,48.64,0
2025-05-01 00:00:00+00:00,WH-East,1047,0.983,0.9805,0,46.88,0
2025-05-02 00:00:00+00:00,WH-East,1610,0.9354,0.9571,0,65.2,0
2025-05-03 00:00:00+00:00,WH-East,1528,0.8838,0.9646,0,83.88,0
2025-05-04 00:00:00+00:00,WH-East,1545,0.9138,0.9746,0,71.07,0
2025-05-05 00:00:00+00:00,WH-East,1770,0.9488,0.9761,0,91.31,0
2025-05-06 00:00:00+00:00,WH-East,1542,0.935,0.9911,0,62.28,0
2025-05-07 00:00:00+00:00,WH-East,1679,0.9643,0.9331,0,63.06,0
2025-05-08 00:00:00+00:00,WH-East,1323,0.8949,0.9418,1,59.65,54
2025-05-09 00:00:00+00:00,WH-East,1612,0.8849,0.9413,0,57.89,0
2025-05-10 00:00:00+00:00,WH-East,1465,0.9359,0.9986,0,68.1,0
2025-05-11 00:00:00+00:00,WH-East,1690,0.935,0.9592,0,75.99,0
2025-05-12 00:00:00+00:00,WH-East,1133,0.9103,0.9949,0,59.68,0
2025-05-13 00:00:00+00:00,WH-East,1646,0.9175,0.9606,1,59.81,83
2025-05-14 00:00:00+00:00,WH-East,1741,0.9793,0.9707,0,91.34,0
2025-05-15 00:00:00+00:00,WH-East,1923,0.8871,0.9689,0,81.03,0
2025-05-16 00:00:00+00:00,WH-East,1534,0.9723,0.9609,0,71.5,0
2025-05-17 00:00:00+00:00,WH-East,1484,0.9374,0.9901,1,65.83,77
2025-05-18 00:00:00+00:00,WH-East,1465,0.9541,0.973,0,80.28,0
2025-05-19 00:00:00+00:00,WH-East,1351,0.9411,0.9569,1,58.23,21
2025-05-20 00:00:00+00:00,WH-East,1425,0.9181,0.9892,0,55.75,0
2025-05-21 00:00:00+00:00,WH-East,1637,0.9295,0.9652,1,61.43,65
2025-05-22 00:00:00+00:00,WH-East,1436,0.9207,0.9387,1,56.71,74
2025-05-23 00:00:00+00:00,WH-East,1500,0.995,0.9551,0,73.61,0
2025-05-24 00:00:00+00:00,WH-East,1552,0.9566,0.9717,0,70.39,0
2025-05-25 00:00:00+00:00,WH-East,1492,0.9715,0.9932,0,54.07,0
2025-05-26 00:00:00+00:00,WH-East,1660,0.9677,0.9758,0,66.92,0
2025-05-27 00:00:00+00:00,WH-East,1666,0.9298,0.987,0,63.59,0
2025-05-28 00:00:00+00:00,WH-East,1568,0.961,0.9477,0,83.88,0
2025-05-29 00:00:00+00:00,WH-East,1305,0.9084,0.9521,1,60.14,69
2025-05-30 00:00:00+00:00,WH-East,1584,0.9239,0.9829,0,58.29,0
2025-05-31 00:00:00+00:00,WH-East,1313,0.9234,0.9548,0,62.2,0
2025-06-01 00:00:00+00:00,WH-East,1322,0.9537,0.9663,0,53.93,0
2025-06-02 00:00:00+00:00,WH-East,1694,0.9023,0.9457,3,61.49,168
2025-06-03 00:00:00+00:00,WH-East,1276,0.9052,0.9534,0,60.53,0
2025-06-04 00:00:00+00:00,WH-East,1444,0.961,0.9453,0,79.43,0
2025-06-05 00:00:00+00:00,WH-East,1246,0.9404,0.9673,0,66.02,0
2025-06-06 00:00:00+00:00,WH-East,1481,0.9372,0.9885,0,73.2,0
2025-06-07 00:00:00+00:00,WH-East,1565,0.9113,0.9566,1,76.41,52
2025-06-08 00:00:00+00:00,WH-East,1715,0.9483,0.9809,0,85.87,0
2025-06-09 00:00:00+00:00,WH-East,1483,0.9624,0.993,0,59.51,0
2025-06-10 00:00:00+00:00,WH-East,1159,0.9429,0.9814,0,51.64,0
2025-06-11 00:00:00+00:00,WH-East,1440,0.9124,0.9556,0,79.82,0
2025-06-12 00:00:00+00:00,WH-East,1783,0.9761,0.9799,0,73.65,0
2025-06-13 00:00:00+00:00,WH-East,1684,0.946,0.9653,0,83.12,0
2025-06-14 00:00:00+00:00,WH-East,1921,0.9069,0.9502,1,100.21,48
2025-06-15 00:00:00+00:00,WH-East,1730,0.9274,0.9649,0,84.55,0
2025-06-16 00:00:00+00:00,WH-East,1463,0.9371,0.9603,0,75.7,0
2025-06-17 00:00:00+00:00,WH-East,1655,0.9833,0.9502,0,74.33,0
2025-06-18 00:00:00+00:00,WH-East,1524,0.9235,0.9582,0,55.47,0
2025-06-19 00:00:00+00:00,WH-East,1539,0.955,0.9742,0,65.91,0
2025-06-20 00:00:00+00:00,WH-East,1695,0.934,0.98,0,90.72,0
2025-06-21 00:00:00+00:00,WH-East,1961,0.9086,0.9876,1,79.67,16
2025-06-22 00:00:00+00:00,WH-East,1292,0.9811,0.965,0,50.58,0
2025-06-23 00:00:00+00:00,WH-East,1244,0.9556,0.9748,1,47.46,39
2025-06-24 00:00:00+00:00,WH-East,1553,0.8921,0.9524,2,72.49,52
2025-06-25 00:00:00+00:00,WH-East,1645,0.9261,0.9424,2,59.76,94
2025-06-26 00:00:00+00:00,WH-East,1573,0.9396,0.9633,0,56.63,0
2025-06-27 00:00:00+00:00,WH-East,1431,0.9377,0.9746,1,79.08,59
2025-06-28 00:00:00+00:00,WH-East,1448,0.9721,0.9892,1,75.99,67
2025-06-29 00:00:00+00:00,WH-East,1580,0.9225,0.9922,0,60.04,0
2025-06-30 00:00:00+00:00,WH-East,1368,0.9473,0.9461,0,74.08,0
2025-07-01 00:00:00+00:00,WH-East,1614,0.9398,0.982,1,62.72,52
2025-07-02 00:00:00+00:00,WH-East,1534,0.9364,0.9671,1,58.49,43
2025-07-03 00:00:00+00:00,WH-East,1574,0.9298,0.9708,0,66.18,0
2025-07-04 00:00:00+00:00,WH-East,1394,0.9578,0.9746,0,58.93,0
2025-07-05 00:00:00+00:00,WH-East,1672,0.9348,0.972,0,75.37,0
2025-07-06 00:00:00+00:00,WH-East,1626,0.9189,0.974,1,63.78,46
2025-07-07 00:00:00+00:00,WH-East,1550,0.9325,0.9576,0,77.56,0
2025-07-08 00:00:00+00:00,WH-East,1491,0.919,0.9747,0,56.66,0
2025-07-09 00:00:00+00:00,WH-East,1199,0.9644,0.954,0,64.81,0
2025-07-10 00:00:00+00:00,WH-East,1383,0.8702,0.986,0,56.12,0
2025-07-11 00:00:00+00:00,WH-East,1574,0.9736,0.9748,0,72.88,0
2025-07-12 00:00:00+00:00,WH-East,1396,0.9554,0.9837,0,51.21,0
2025-07-13 00:00:00+00:00,WH-East,1460,0.9633,0.9571,0,62.87,0
2025-07-14 00:00:00+00:00,WH-East,1450,0.9556,0.9756,0,52.69,0
2025-07-15 00:00:00+00:00,WH-East,1597,0.9461,0.9641,1,70.91,34
2025-07-16 00:00:00+00:00,WH-East,1795,0.9217,0.9833,0,93.69,0
2025-07-17 00:00:00+00:00,WH-East,1634,0.9109,0.9825,0,65.05,0
2025-07-18 00:00:00+00:00,WH-East,1481,0.9764,0.9672,0,65.49,0
2025-07-19 00:00:00+00:00,WH-East,1408,0.9402,0.9632,0,62.12,0
2025-07-20 00:00:00+00:00,WH-East,1178,0.8647,0.9754,0,56.96,0
2025-07-21 00:00:00+00:00,WH-East,1912,0.8896,0.9671,0,69.73,0
2025-07-22 00:00:00+00:00,WH-East,1355,0.9364,0.9563,1,60.19,59
2025-07-23 00:00:00+00:00,WH-East,1602,0.9755,0.9816,0,59.32,0
2025-07-24 00:00:00+00:00,WH-East,1592,0.9394,0.9873,0,82.3,0
2025-07-25 00:00:00+00:00,WH-East,1534,0.9648,0.9863,0,73.49,0
2025-07-26 00:00:00+00:00,WH-East,1430,0.9903,0.9746,0,72.02,0
2025-07-27 00:00:00+00:00,WH-East,1446,0.9426,0.9625,1,58.44,77
2025-07-28 00:00:00+00:00,WH-East,1414,0.9444,0.9823,0,55.57,0
2025-07-29 00:00:00+00:00,WH-East,1397,0.913,0.9557,1,54.1,34
2025-07-30 00:00:00+00:00,WH-East,1594,0.8855,0.9331,3,65.82,57
2025-07-31 00:00:00+00:00,WH-East,1557,0.9446,0.9411,1,64.6,24
2025-08-01 00:00:00+00:00,WH-East,1622,0.9425,0.9798,0,66.84,0
2025-08-02 00:00:00+00:00,WH-East,1502,0.9325,0.9641,1,65.67,15
2025-08-03 00:00:00+00:00,WH-East,1788,0.9461,0.9678,0,68.96,0
2025-08-04 00:00:00+00:00,WH-East,1614,0.9062,0.999,0,60.19,0
2025-08-05 00:00:00+00:00,WH-East,1374,0.9601,0.9667,0,55.07,0
2025-08-06 00:00:00+00:00,WH-East,1628,0.9104,0.9676,1,61.23,36
2025-08-07 00:00:00+00:00,WH-East,1541,0.9203,0.9557,1,60.93,31
2025-08-08 00:00:00+00:00,WH-East,1575,0.9538,0.985,0,65.6,0
2025-08-09 00:00:00+00:00,WH-East,1562,0.9022,0.9709,0,83.67,0
2025-08-10 00:00:00+00:00,WH-East,1809,0.9168,0.9733,0,74.72,0
2025-08-11 00:00:00+00:00,WH-East,2027,0.9572,0.9524,1,92.96,67
2025-08-12 00:00:00+00:00,WH-East,1284,0.8884,0.9928,1,59.62,47
2025-08-13 00:00:00+00:00,WH-East,1419,0.8952,0.9451,2,74.74,72
2025-08-14 00:00:00+00:00,WH-East,1466,0.9165,0.999,0,61.19,0
2025-08-15 00:00:00+00:00,WH-East,1766,0.9468,0.9469,1,68.34,27
2025-08-16 00:00:00+00:00,WH-East,1648,0.9202,0.9695,0,66.0,0
2025-08-17 00:00:00+00:00,WH-East,1604,0.9105,0.9388,1,81.34,15
2025-08-18 00:00:00+00:00,WH-East,1688,0.911,0.9696,1,87.22,30
2025-08-19 00:00:00+00:00,WH-East,1722,0.9496,0.9691,0,91.6,0
2025-08-20 00:00:00+00:00,WH-East,2147,0.9534,0.9477,0,92.83,0
2025-08-21 00:00:00+00:00,WH-East,1630,0.932,0.9879,0,59.96,0
2025-08-22 00:00:00+00:00,WH-East,1488,0.9522,0.9598,0,65.28,0
2025-08-23 00:00:00+00:00,WH-East,1577,0.9733,0.959,0,75.36,0
2025-08-24 00:00:00+00:00,WH-East,1337,0.942,0.9718,0,63.61,0
2025-08-25 00:00:00+00:00,WH-East,1627,0.9195,0.9608,0,63.32,0
2025-08-26 00:00:00+00:00,WH-East,1430,0.9568,0.97,0,61.81,0
2025-08-27 00:00:00+00:00,WH-East,1610,0.9185,0.9268,1,79.04,83
2025-08-28 00:00:00+00:00,WH-East,1534,0.9812,0.9653,0,65.73,0
2025-08-29 00:00:00+00:00,WH-East,1745,0.8469,0.9083,2,83.6,128
2025-08-30 00:00:00+00:00,WH-East,1471,0.995,0.9588,0,75.81,0
2025-08-31 00:00:00+00:00,WH-East,1301,0.9735,0.9686,2,65.02,100
2025-09-01 00:00:00+00:00,WH-East,1651,0.995,0.9617,0,76.65,0
2025-09-02 00:00:00+00:00,WH-East,1721,0.9308,0.9688,1,89.59,75
2025-09-03 00:00:00+00:00,WH-East,1598,0.9217,0.9827,0,69.57,0
2025-09-04 00:00:00+00:00,WH-East,1584,0.9076,0.9459,0,75.56,0
2025-09-05 00:00:00+00:00,WH-East,1733,0.9,0.9843,1,82.88,28
2025-09-06 00:00:00+00:00,WH-East,1934,0.995,0.9815,0,76.15,0
2025-09-07 00:00:00+00:00,WH-East,1636,0.9562,0.9539,1,84.56,14
2025-09-08 00:00:00+00:00,WH-East,1675,0.9066,0.9798,1,73.03,64
2025-09-09 00:00:00+00:00,WH-East,1367,0.9224,0.9634,0,74.64,0
2025-09-10 00:00:00+00:00,WH-East,1604,0.9553,0.9752,0,58.69,0
2025-09-11 00:00:00+00:00,WH-East,1427,0.9609,0.9697,1,64.54,28
2025-09-12 00:00:00+00:00,WH-East,1775,0.9204,0.9483,1,84.85,62
2025-09-13 00:00:00+00:00,WH-East,1345,0.9238,0.9539,2,58.62,44
2025-09-14 00:00:00+00:00,WH-East,1476,0.9683,0.982,0,65.31,0
2025-09-15 00:00:00+00:00,WH-East,1764,0.9916,0.9904,0,68.23,0
2025-09-16 00:00:00+00:00,WH-East,1693,0.9159,0.947,0,70.57,0
2025-09-17 00:00:00+00:00,WH-East,1463,0.9458,0.953,0,65.23,0
2025-09-18 00:00:00+00:00,WH-East,999,0.9602,0.9712,0,50.12,0
2025-09-19 00:00:00+00:00,WH-East,1283,0.9569,0.9763,0,50.0,0
2025-09-20 00:00:00+00:00,WH-East,1601,0.9208,0.9726,0,60.51,0
2025-09-21 00:00:00+00:00,WH-East,1792,0.9471,0.986,0,77.65,0
2025-09-22 00:00:00+00:00,WH-East,1591,0.9602,0.9669,0,63.76,0
2025-09-23 00:00:00+00:00,WH-East,1457,0.9512,0.9769,0,64.49,0
2025-09-24 00:00:00+00:00,WH-East,1792,0.9661,0.9543,0,98.66,0
2025-09-25 00:00:00+00:00,WH-East,1424,0.9742,0.9831,0,52.53,0
2025-09-26 00:00:00+00:00,WH-East,1530,0.9795,0.9864,0,72.55,0
2025-09-27 00:00:00+00:00,WH-East,1273,0.995,0.9701,0,65.42,0
2025-09-28 00:00:00+00:00,WH-East,1514,0.9251,0.9726,0,54.7,0
2025-09-29 00:00:00+00:00,WH-East,1374,0.9644,0.9937,0,51.22,0
2025-09-30 00:00:00+00:00,WH-East,1626,0.9139,0.9698,0,72.39,0
2025-10-01 00:00:00+00:00,WH-East,1520,0.9373,0.9615,0,67.68,0
2025-10-02 00:00:00+00:00,WH-East,1600,0.9356,0.9666,1,64.46,88
2025-10-03 00:00:00+00:00,WH-East,1761,0.9538,0.9528,0,87.29,0
2025-10-04 00:00:00+00:00,WH-East,1650,0.9714,0.9585,0,66.22,0
2025-10-05 00:00:00+00:00,WH-East,1397,0.8761,0.9742,1,71.99,22
2025-10-06 00:00:00+00:00,WH-East,1683,0.9423,0.9692,0,80.91,0
2025-10-07 00:00:00+00:00,WH-East,1744,0.9495,0.9977,0,63.47,0
2025-10-08 00:00:00+00:00,WH-East,1856,0.9946,0.959,0,69.63,0
2025-10-09 00:00:00+00:00,WH-East,1676,0.8719,0.964,1,60.85,70
2025-10-10 00:00:00+00:00,WH-East,1590,0.9559,0.9795,0,80.4,0
2025-10-11 00:00:00+00:00,WH-East,1435,0.949,0.9644,0,59.36,0
2025-10-12 00:00:00+00:00,WH-East,1556,0.9343,0.9675,0,58.52,0
2025-10-13 00:00:00+00:00,WH-East,1522,0.9353,0.9632,0,66.55,0
2025-10-14 00:00:00+00:00,WH-East,1311,0.8928,0.9647,0,49.68,0
2025-10-15 00:00:00+00:00,WH-East,1410,0.9444,0.9792,0,54.24,0
2025-10-16 00:00:00+00:00,WH-East,1417,0.8962,0.9577,1,50.9,63
2025-10-17 00:00:00+00:00,WH-East,1466,0.9208,0.9888,0,74.8,0
2025-10-18 00:00:00+00:00,WH-East,1228,0.9405,0.9594,0,51.92,0
2025-10-19 00:00:00+00:00,WH-East,1672,0.8951,0.9545,1,59.8,36
2025-10-20 00:00:00+00:00,WH-East,1618,0.9084,0.9459,1,62.31,86
2025-10-21 00:00:00+00:00,WH-East,1566,0.9091,0.9586,0,82.45,0
2025-10-22 00:00:00+00:00,WH-East,1297,0.9363,0.9404,1,63.84,69
2025-10-23 00:00:00+00:00,WH-East,1684,0.9293,0.9626,0,61.85,0
2025-10-24 00:00:00+00:00,WH-East,1515,0.9516,0.9673,0,55.79,0
2025-10-25 00:00:00+00:00,WH-East,1125,0.9375,0.9486,2,42.25,74
2025-10-26 00:00:00+00:00,WH-East,1386,0.9749,0.9434,0,65.06,0
2025-10-27 00:00:00+00:00,WH-East,1380,0.9615,0.9643,0,66.7,0
2025-10-28 00:00:00+00:00,WH-East,1158,0.974,0.9655,1,43.28,76
2025-10-29 00:00:00+00:00,WH-East,1156,0.9139,0.976,0,55.4,0
2025-10-30 00:00:00+00:00,WH-East,1557,0.9861,0.9692,0,66.12,0
2025-10-31 00:00:00+00:00,WH-East,1627,0.9288,0.9516,0,85.08,0
2025-11-01 00:00:00+00:00,WH-East,1473,0.9324,0.9698,1,57.88,26
2025-11-02 00:00:00+00:00,WH-East,1322,0.9504,0.9531,0,51.19,0
2025-11-03 00:00:00+00:00,WH-East,1328,0.9252,0.9545,1,63.87,62
2025-11-04 00:00:00+00:00,WH-East,1676,0.9023,0.9565,0,83.47,0
2025-11-05 00:00:00+00:00,WH-East,1481,0.9379,0.9776,0,55.82,0
2025-11-06 00:00:00+00:00,WH-East,1159,0.9811,0.9549,0,55.74,0
2025-11-07 00:00:00+00:00,WH-East,1761,0.9609,0.9741,0,97.66,0
2025-11-08 00:00:00+00:00,WH-East,1693,0.9189,0.9678,0,72.3,0
2025-11-09 00:00:00+00:00,WH-East,1657,0.8834,0.946,0,85.9,0
2025-11-10 00:00:00+00:00,WH-East,1636,0.9308,0.9787,0,59.97,0
2025-11-11 00:00:00+00:00,WH-East,1681,0.995,0.9626,0,61.88,0
2025-11-12 00:00:00+00:00,WH-East,1641,0.9434,0.9677,0,66.47,0
2025-11-13 00:00:00+00:00,WH-East,1424,0.9375,0.969,1,62.91,29
2025-11-14 00:00:00+00:00,WH-East,1485,0.94,0.9713,0,54.06,0
2025-11-15 00:00:00+00:00,WH-East,1640,0.9154,0.9618,1,62.12,33
2025-11-16 00:00:00+00:00,WH-East,1275,0.9463,0.9694,0,63.94,0
2025-11-17 00:00:00+00:00,WH-East,1597,0.9777,0.9697,0,72.24,0
2025-11-18 00:00:00+00:00,WH-East,1352,0.8804,0.9535,0,68.55,0
2025-11-19 00:00:00+00:00,WH-East,1250,0.8836,0.9422,1,50.59,64
2025-11-20 00:00:00+00:00,WH-East,1700,0.9283,0.985,1,86.81,13
2025-11-21 00:00:00+00:00,WH-East,1621,0.9619,0.9593,0,79.24,0
2025-11-22 00:00:00+00:00,WH-East,1552,0.9684,0.9562,0,84.29,0
2025-11-23 00:00:00+00:00,WH-East,1433,0.9455,0.9806,0,67.17,0
2025-11-24 00:00:00+00:00,WH-East,1518,0.9634,0.9442,0,71.1,0
2025-11-25 00:00:00+00:00,WH-East,1627,0.9772,0.9684,0,74.82,0
2025-11-26 00:00:00+00:00,WH-East,1534,0.8892,0.9422,2,66.97,128
2025-11-27 00:00:00+00:00,WH-East,1668,0.9069,0.9546,2,62.56,60
2025-11-28 00:00:00+00:00,WH-East,1254,0.9835,0.994,0,49.31,0
2025-11-29 00:00:00+00:00,WH-East,1244,0.9211,0.9892,0,66.79,0
2025-11-30 00:00:00+00:00,WH-East,1253,0.9722,0.9447,2,58.03,96
2025-12-01 00:00:00+00:00,WH-East,1144,0.9021,0.9621,0,55.21,0
2025-12-02 00:00:00+00:00,WH-East,1774,0.8801,0.9473,1,72.14,45
2025-12-03 00:00:00+00:00,WH-East,1452,0.8954,0.9625,0,73.75,0
2025-12-04 00:00:00+00:00,WH-East,1840,0.9108,0.9687,0,70.13,0
2025-12-05 00:00:00+00:00,WH-East,1593,0.9564,0.974,0,61.55,0
2025-12-06 00:00:00+00:00,WH-East,1349,0.9536,0.9456,0,57.2,0
2025-12-07 00:00:00+00:00,WH-East,1546,0.904,0.9955,1,75.66,68
2025-12-08 00:00:00+00:00,WH-East,1692,0.9011,0.9308,3,73.41,180
2025-12-09 00:00:00+00:00,WH-East,1678,0.9298,0.9659,0,64.22,0
2025-12-10 00:00:00+00:00,WH-East,1824,0.9206,0.9668,0,75.2,0
2025-12-11 00:00:00+00:00,WH-East,1326,0.9549,0.9802,0,59.46,0
2025-12-12 00:00:00+00:00,WH-East,1680,0.9662,0.9777,0,65.42,0
2025-12-13 00:00:00+00:00,WH-East,1839,0.9675,0.9855,0,68.38,0
2025-12-14 00:00:00+00:00,WH-East,1738,0.9536,0.9938,0,87.38,0
2025-12-15 00:00:00+00:00,WH-East,1383,0.9617,0.9408,1,59.06,41
2025-12-16 00:00:00+00:00,WH-East,1831,0.9589,0.9817,0,65.81,0
2025-12-17 00:00:00+00:00,WH-East,1238,0.9209,0.975,0,67.69,0
2025-12-18 00:00:00+00:00,WH-East,1465,0.995,0.994,0,64.52,0
2025-12-19 00:00:00+00:00,WH-East,1767,0.924,0.9398,0,65.54,0
2025-12-20 00:00:00+00:00,WH-East,1567,0.9356,0.9879,0,85.74,0
2025-12-21 00:00:00+00:00,WH-East,1354,0.9669,0.9442,1,65.53,51
2025-12-22 00:00:00+00:00,WH-East,1640,0.892,0.9614,1,72.23,79
2025-12-23 00:00:00+00:00,WH-East,1503,0.9611,0.9642,0,57.83,0
2025-12-24 00:00:00+00:00,WH-East,1690,0.9737,0.9579,0,67.76,0
2025-12-25 00:00:00+00:00,WH-East,1776,0.9165,0.9565,0,98.3,0
2025-12-26 00:00:00+00:00,WH-East,1966,0.995,0.9648,1,105.75,53
2025-12-27 00:00:00+00:00,WH-East,1525,0.8977,0.9526,2,72.61,138
2025-12-28 00:00:00+00:00,WH-East,1568,0.9326,0.9709,0,69.25,0
2025-12-29 00:00:00+00:00,WH-East,1547,0.9676,0.9872,0,66.54,0
2025-12-30 00:00:00+00:00,WH-East,1623,0.9688,0.9558,0,82.49,0
2025-12-31 00:00:00+00:00,WH-East,1819,0.9733,0.9845,0,99.83,0
2026-01-01 00:00:00+00:00,WH-East,1557,0.985,0.9634,0,80.93,0
2026-01-02 00:00:00+00:00,WH-East,1603,0.9422,0.9767,0,58.94,0
2026-01-03 00:00:00+00:00,WH-East,1453,0.9097,0.9942,0,59.87,0
2026-01-04 00:00:00+00:00,WH-East,1640,0.9422,0.987,0,72.95,0
2026-01-05 00:00:00+00:00,WH-East,1721,0.9038,0.9711,0,90.98,0
2026-01-06 00:00:00+00:00,WH-East,1880,0.9231,0.9658,0,79.96,0
2026-01-07 00:00:00+00:00,WH-East,1654,0.9294,0.9637,0,61.76,0
2026-01-08 00:00:00+00:00,WH-East,1497,0.9453,0.97,0,54.1,0
2026-01-09 00:00:00+00:00,WH-East,1699,0.8373,0.9939,1,66.09,44
2026-01-10 00:00:00+00:00,WH-East,1568,0.9203,0.9379,1,66.3,43
2026-01-11 00:00:00+00:00,WH-East,1274,0.9189,0.9461,1,54.73,45
2026-01-12 00:00:00+00:00,WH-East,1715,0.9104,0.9897,0,66.37,0
2026-01-13 00:00:00+00:00,WH-East,1599,0.8924,0.9743,1,64.86,50
2026-01-14 00:00:00+00:00,WH-East,1341,0.8761,0.9626,1,58.9,44
2026-01-15 00:00:00+00:00,WH-East,1506,0.946,0.9637,0,79.37,0
2026-01-16 00:00:00+00:00,WH-East,1773,0.9934,0.969,0,80.87,0
2026-01-17 00:00:00+00:00,WH-East,1510,0.9467,0.9786,0,57.36,0
2026-01-18 00:00:00+00:00,WH-East,1298,0.8495,0.9521,2,59.23,62
2026-01-19 00:00:00+00:00,WH-East,1284,0.9341,0.9735,0,65.72,0
2026-01-20 00:00:00+00:00,WH-East,1559,0.9155,0.9573,0,60.02,0
2026-01-21 00:00:00+00:00,WH-East,1449,0.995,0.9842,0,54.31,0
2026-01-22 00:00:00+00:00,WH-East,1363,0.928,0.9637,0,67.19,0
2026-01-23 00:00:00+00:00,WH-East,1716,0.9536,0.9748,0,69.86,0
2026-01-24 00:00:00+00:00,WH-East,1418,0.8997,0.9825,0,55.07,0
2026-01-25 00:00:00+00:00,WH-East,1619,0.9374,0.9475,0,82.32,0
2026-01-26 00:00:00+00:00,WH-East,1458,0.9028,0.9643,1,75.55,52
2026-01-27 00:00:00+00:00,WH-East,1587,0.9135,0.9671,0,80.6,0
2026-01-28 00:00:00+00:00,WH-East,1446,0.9837,0.9728,0,57.79,0
2026-01-29 00:00:00+00:00,WH-East,1250,0.9878,0.9408,0,44.96,0
2026-01-30 00:00:00+00:00,WH-East,1569,0.9409,0.9611,0,68.69,0
2026-01-31 00:00:00+00:00,WH-East,1463,0.9216,0.9677,0,79.29,0
2026-02-01 00:00:00+00:00,WH-East,1414,0.9742,0.9578,0,64.53,0
2026-02-02 00:00:00+00:00,WH-East,1598,0.9443,0.9736,1,57.2,82
2026-02-03 00:00:00+00:00,WH-East,1415,0.9317,0.9539,0,58.6,0
2026-02-04 00:00:00+00:00,WH-East,1316,0.9426,0.9462,1,49.54,23
2026-02-05 00:00:00+00:00,WH-East,1631,0.9438,0.9679,0,85.71,0
2026-02-06 00:00:00+00:00,WH-East,1540,0.9742,0.9462,0,76.81,0
2026-02-07 00:00:00+00:00,WH-East,1576,0.9157,0.9467,1,73.33,12
2026-02-08 00:00:00+00:00,WH-East,1250,0.8848,0.9534,1,62.23,19
2026-02-09 00:00:00+00:00,WH-East,1068,0.9523,0.9936,0,52.66,0
2026-02-10 00:00:00+00:00,WH-East,1564,0.9317,0.9645,0,57.6,0
2026-02-11 00:00:00+00:00,WH-East,1597,0.9122,0.946,1,63.56,61
2026-02-12 00:00:00+00:00,WH-East,1799,0.9307,0.9889,0,76.63,0
2026-02-13 00:00:00+00:00,WH-East,1311,0.9739,0.9698,0,55.26,0
2026-02-14 00:00:00+00:00,WH-East,1808,0.9025,0.9703,1,88.08,68
2026-02-15 00:00:00+00:00,WH-East,1287,0.9217,0.969,0,55.19,0
2026-02-16 00:00:00+00:00,WH-East,1606,0.9063,0.999,0,78.78,0
2026-02-17 00:00:00+00:00,WH-East,1786,0.9144,0.9665,0,84.86,0
2026-02-18 00:00:00+00:00,WH-East,1548,0.9277,0.9525,0,69.54,0
2026-02-19 00:00:00+00:00,WH-East,1802,0.9374,0.9822,0,71.33,0
2026-02-20 00:00:00+00:00,WH-East,1868,0.8913,0.9296,2,99.37,130
2026-02-21 00:00:00+00:00,WH-East,1570,0.966,0.9608,0,64.68,0
2026-02-22 00:00:00+00:00,WH-East,1432,0.9244,0.9322,2,59.07,90
2026-02-23 00:00:00+00:00,WH-East,1438,0.9669,0.9696,1,52.67,16
2026-02-24 00:00:00+00:00,WH-East,1953,0.9579,0.9816,0,76.24,0
2026-02-25 00:00:00+00:00,WH-East,1375,0.9549,0.9722,0,75.91,0
2026-02-26 00:00:00+00:00,WH-East,1612,0.9083,0.9694,0,88.68,0
2026-02-27 00:00:00+00:00,WH-East,1695,0.9031,0.9723,0,72.81,0
2026-02-28 00:00:00+00:00,WH-East,1520,0.8968,0.9494,2,76.24,104
2026-03-01 00:00:00+00:00,WH-East,1502,0.913,0.9516,1,64.1,18
2026-03-02 00:00:00+00:00,WH-East,1702,0.8994,0.9637,1,75.82,22
2026-03-03 00:00:00+00:00,WH-East,1632,0.8997,0.9254,1,61.16,42
2026-03-04 00:00:00+00:00,WH-East,1234,0.9454,0.999,0,51.24,0
2026-03-05 00:00:00+00:00,WH-East,1797,0.8861,0.9685,0,87.81,0
2026-03-06 00:00:00+00:00,WH-East,1571,0.9196,0.9631,0,67.71,0
2026-03-07 00:00:00+00:00,WH-East,1541,0.919,0.9627,0,62.59,0
2026-03-08 00:00:00+00:00,WH-East,1452,0.9679,0.9518,0,70.19,0
2026-03-09 00:00:00+00:00,WH-East,1410,0.9778,0.9806,0,59.61,0
2026-03-10 00:00:00+00:00,WH-East,1771,0.9604,0.9737,0,70.59,0
2026-03-11 00:00:00+00:00,WH-East,1359,0.9102,0.9558,0,51.26,0
2026-03-12 00:00:00+00:00,WH-East,1441,0.9697,0.9675,1,51.51,61
2026-03-13 00:00:00+00:00,WH-East,1384,0.9831,0.9632,1,70.2,71
2026-03-14 00:00:00+00:00,WH-East,1230,0.9389,0.9759,0,58.15,0
2026-03-15 00:00:00+00:00,WH-East,1424,0.9174,0.9935,0,59.95,0
2026-03-16 00:00:00+00:00,WH-East,1341,0.8799,0.9601,2,70.47,106
2026-03-17 00:00:00+00:00,WH-East,1541,0.9258,0.9276,1,84.03,79
2026-03-18 00:00:00+00:00,WH-East,1647,0.9758,0.9773,0,71.47,0
2026-03-19 00:00:00+00:00,WH-East,1285,0.9859,0.9696,0,61.59,0
2026-03-20 00:00:00+00:00,WH-East,1715,0.881,0.999,1,88.74,20
2026-03-21 00:00:00+00:00,WH-East,1698,0.9151,0.9694,0,72.29,0
2026-03-22 00:00:00+00:00,WH-East,1446,0.9268,0.9707,1,61.99,77
2026-03-23 00:00:00+00:00,WH-East,1357,0.9226,0.9753,0,72.46,0
2026-03-24 00:00:00+00:00,WH-East,1475,0.9192,0.9514,0,69.18,0
2026-03-25 00:00:00+00:00,WH-East,1548,0.9791,0.9793,0,81.25,0
2026-03-26 00:00:00+00:00,WH-East,1379,0.9316,0.9869,0,74.03,0
2026-03-27 00:00:00+00:00,WH-East,1399,0.9658,0.9608,0,56.59,0
2026-03-28 00:00:00+00:00,WH-East,1432,0.9016,0.9564,1,69.45,32
2026-03-29 00:00:00+00:00,WH-East,1555,0.9372,0.9645,0,61.37,0
2026-03-30 00:00:00+00:00,WH-East,1683,0.9486,0.9642,1,68.38,64
2026-03-31 00:00:00+00:00,WH-East,1604,0.9049,0.9749,1,73.48,50
2026-04-01 00:00:00+00:00,WH-East,1840,0.9603,0.9554,0,69.22,0
2026-04-02 00:00:00+00:00,WH-East,1446,0.9316,0.9426,0,57.55,0
2026-04-03 00:00:00+00:00,WH-East,1607,0.8914,0.9737,1,62.61,71
2026-04-04 00:00:00+00:00,WH-East,1447,0.9465,0.9637,1,57.15,52
2026-04-05 00:00:00+00:00,WH-East,1340,0.8985,0.9673,0,59.69,0
2026-04-06 00:00:00+00:00,WH-East,1854,0.8723,0.9772,1,83.76,28
2026-04-07 00:00:00+00:00,WH-East,1610,0.9423,0.9655,0,78.18,0
2026-04-08 00:00:00+00:00,WH-East,1380,0.9394,0.9613,0,57.01,0
2026-04-09 00:00:00+00:00,WH-East,1450,0.9387,0.9537,0,56.5,0
2026-04-10 00:00:00+00:00,WH-East,1480,0.9618,0.9922,0,63.43,0
2026-04-11 00:00:00+00:00,WH-East,1318,0.9037,0.9512,1,56.46,35
2026-04-12 00:00:00+00:00,WH-East,1620,0.9006,0.9562,1,69.45,83
2026-04-13 00:00:00+00:00,WH-East,1399,0.9258,0.9875,0,74.61,0
2026-04-14 00:00:00+00:00,WH-East,1535,0.9653,0.9646,1,59.57,39
2026-04-15 00:00:00+00:00,WH-East,1403,0.904,0.9684,0,55.17,0
2026-04-16 00:00:00+00:00,WH-East,1602,0.9617,0.9793,0,68.95,0
2026-04-17 00:00:00+00:00,WH-East,1385,0.9574,0.9568,0,51.54,0
2026-04-18 00:00:00+00:00,WH-East,1479,0.9453,0.983,0,58.47,0
2026-04-19 00:00:00+00:00,WH-East,1736,0.8376,0.928,1,80.1,78
2026-04-20 00:00:00+00:00,WH-East,1553,0.9261,0.9671,0,62.84,0
2026-04-21 00:00:00+00:00,WH-East,1237,0.8885,0.9509,1,66.29,48
2026-04-22 00:00:00+00:00,WH-East,1610,0.9641,0.9663,0,66.92,0
2026-04-23 00:00:00+00:00,WH-East,1347,0.8893,0.949,1,48.22,89
2026-04-24 00:00:00+00:00,WH-East,1685,0.9556,0.979,0,63.58,0
2026-04-25 00:00:00+00:00,WH-East,1600,0.9145,0.9777,0,87.59,0
2026-04-26 00:00:00+00:00,WH-East,1658,0.9188,0.967,0,69.21,0
2026-04-27 00:00:00+00:00,WH-East,1532,0.9532,0.9509,0,81.02,0
2026-04-28 00:00:00+00:00,WH-East,1391,0.9585,0.9769,1,50.87,30
2026-04-29 00:00:00+00:00,WH-East,1223,0.963,0.9611,0,46.29,0
2026-04-30 00:00:00+00:00,WH-East,1671,0.9023,0.9817,0,71.52,0
2026-05-01 00:00:00+00:00,WH-East,1392,0.9647,0.9616,1,52.91,33
2026-05-02 00:00:00+00:00,WH-East,1381,0.8836,0.9824,0,54.69,0
2026-05-03 00:00:00+00:00,WH-East,1560,0.9648,0.976,0,62.64,0
2026-05-04 00:00:00+00:00,WH-East,1880,0.9092,0.9702,0,67.45,0
2026-05-05 00:00:00+00:00,WH-East,1388,0.9278,0.9398,0,59.43,0
2026-05-06 00:00:00+00:00,WH-East,1462,0.9148,0.9726,1,65.48,33
2026-05-07 00:00:00+00:00,WH-East,1470,0.836,0.9152,3,53.09,132
2026-05-08 00:00:00+00:00,WH-East,1497,0.9099,0.9813,0,65.91,0
2026-05-09 00:00:00+00:00,WH-East,1293,0.926,0.9555,0,53.87,0
2026-05-10 00:00:00+00:00,WH-East,1742,0.908,0.9391,3,66.39,216
2026-05-11 00:00:00+00:00,WH-East,1200,0.9243,0.9624,0,66.37,0
2026-05-12 00:00:00+00:00,WH-East,1278,0.938,0.9636,0,63.33,0
2026-05-13 00:00:00+00:00,WH-East,1271,0.9251,0.9547,0,70.17,0
2026-05-14 00:00:00+00:00,WH-East,1551,0.9212,0.9508,0,78.51,0
2026-05-15 00:00:00+00:00,WH-East,1719,0.953,0.999,0,74.1,0
2026-05-16 00:00:00+00:00,WH-East,1834,0.9635,0.9505,0,93.94,0
2026-05-17 00:00:00+00:00,WH-East,1660,0.9126,0.9645,1,64.61,43
2026-05-18 00:00:00+00:00,WH-East,1694,0.8888,0.9495,1,64.84,42
2026-05-19 00:00:00+00:00,WH-East,1422,0.8646,0.96,0,69.41,0
2026-05-20 00:00:00+00:00,WH-East,1170,0.9555,0.9878,0,49.79,0
2026-05-21 00:00:00+00:00,WH-East,1523,0.9387,0.955,0,58.24,0
2026-05-22 00:00:00+00:00,WH-East,1622,0.9125,0.9749,1,59.86,63
2026-05-23 00:00:00+00:00,WH-East,1808,0.9244,0.9757,0,64.58,0
2026-05-24 00:00:00+00:00,WH-East,1707,0.9158,0.9536,1,79.33,19
2026-05-25 00:00:00+00:00,WH-East,1674,0.8674,0.9731,0,76.6,0
2026-05-26 00:00:00+00:00,WH-East,1480,0.9318,0.9707,0,56.32,0
2026-05-27 00:00:00+00:00,WH-East,1419,0.8835,0.9758,1,70.28,42
2026-05-28 00:00:00+00:00,WH-East,1288,0.8669,0.9863,0,47.57,0
2026-05-29 00:00:00+00:00,WH-East,1557,0.8856,0.9524,1,79.88,50
2026-05-30 00:00:00+00:00,WH-East,1596,0.9084,0.9748,0,57.56,0
2026-05-31 00:00:00+00:00,WH-East,1545,0.9663,0.9695,0,62.36,0
2026-06-01 00:00:00+00:00,WH-East,1392,0.8927,0.9582,0,69.69,0
2026-06-02 00:00:00+00:00,WH-East,1719,0.9285,0.9637,0,72.02,0
2026-06-03 00:00:00+00:00,WH-East,1443,0.9414,0.9731,0,67.25,0
2026-06-04 00:00:00+00:00,WH-East,1447,0.9062,0.9829,0,59.51,0
2026-06-05 00:00:00+00:00,WH-East,1702,0.9888,0.9682,0,71.89,0
2026-06-06 00:00:00+00:00,WH-East,1425,0.9648,0.954,1,74.45,28
2026-06-07 00:00:00+00:00,WH-East,1294,0.9223,0.9404,0,64.73,0
2026-06-08 00:00:00+00:00,WH-East,1325,0.9021,0.997,0,65.5,0
2026-06-09 00:00:00+00:00,WH-East,1384,0.9111,0.9704,0,61.34,0
2026-06-10 00:00:00+00:00,WH-East,1440,0.9304,0.9791,0,56.67,0
2026-06-11 00:00:00+00:00,WH-East,1777,0.921,0.9786,0,92.32,0
2026-06-12 00:00:00+00:00,WH-East,1453,0.953,0.9825,0,54.68,0
2026-06-13 00:00:00+00:00,WH-East,1570,0.8826,0.9617,1,67.35,16
2026-06-14 00:00:00+00:00,WH-East,1750,0.9317,0.9491,0,66.55,0
2026-06-15 00:00:00+00:00,WH-East,1438,0.8881,0.9454,2,66.09,150
2026-06-16 00:00:00+00:00,WH-East,1698,0.8609,0.9285,2,66.96,116
2026-06-17 00:00:00+00:00,WH-East,1606,0.9223,0.9669,1,69.9,49
2026-06-18 00:00:00+00:00,WH-East,1611,0.9268,0.9408,1,87.75,51
2026-06-19 00:00:00+00:00,WH-East,1300,0.9638,0.968,0,48.98,0
2026-06-20 00:00:00+00:00,WH-East,1656,0.9019,0.9895,0,65.57,0
2026-06-21 00:00:00+00:00,WH-East,1368,0.9391,0.9573,0,63.55,0
2026-06-22 00:00:00+00:00,WH-East,1569,0.8849,0.9836,1,74.42,12
2026-06-23 00:00:00+00:00,WH-East,1542,0.9633,0.9784,0,82.18,0
2026-06-24 00:00:00+00:00,WH-East,1735,0.9699,0.9572,0,88.58,0
2026-06-25 00:00:00+00:00,WH-East,1454,0.9312,0.9443,1,69.47,49
2026-06-26 00:00:00+00:00,WH-East,1371,0.9242,0.939,1,64.97,81
2026-06-27 00:00:00+00:00,WH-East,1185,0.9602,0.9801,0,52.01,0
2026-06-28 00:00:00+00:00,WH-East,1630,0.8977,0.9428,2,65.65,94
2026-06-29 00:00:00+00:00,WH-East,1297,0.8737,0.9834,0,62.64,0
2026-06-30 00:00:00+00:00,WH-East,1716,0.9296,0.9499,1,82.8,25
2026-07-01 00:00:00+00:00,WH-East,1499,0.881,0.9464,3,65.39,96
2026-07-02 00:00:00+00:00,WH-East,1686,0.995,0.9581,0,70.94,0
2026-07-03 00:00:00+00:00,WH-East,1605,0.9843,0.9924,0,85.44,0
2026-07-04 00:00:00+00:00,WH-East,1273,0.959,0.9408,0,61.08,0
2026-07-05 00:00:00+00:00,WH-East,1225,0.9595,0.9718,0,63.0,0
2026-07-06 00:00:00+00:00,WH-East,1118,0.9153,0.9419,1,52.54,12
2026-07-07 00:00:00+00:00,WH-East,1454,0.9015,0.9549,0,62.7,0
2026-07-08 00:00:00+00:00,WH-East,1568,0.9824,0.9901,0,76.97,0
2026-07-09 00:00:00+00:00,WH-East,1558,0.933,0.9615,1,63.58,63
2026-07-10 00:00:00+00:00,WH-East,2035,0.904,0.9729,0,93.29,0
2026-07-11 00:00:00+00:00,WH-East,1672,0.8372,0.9579,3,67.59,117
2026-07-12 00:00:00+00:00,WH-East,1506,0.9628,0.9711,0,56.13,0
2026-07-13 00:00:00+00:00,WH-East,1653,0.9349,0.9629,0,59.71,0
2026-07-14 00:00:00+00:00,WH-East,1640,0.8802,0.9616,0,72.96,0
2026-07-15 00:00:00+00:00,WH-East,1703,0.9671,0.9515,0,82.92,0
2026-07-16 00:00:00+00:00,WH-East,1562,0.8941,0.9507,0,64.86,0
2026-07-17 00:00:00+00:00,WH-East,1509,0.9313,0.9484,0,73.42,0
2026-07-18 00:00:00+00:00,WH-East,1382,0.9364,0.9569,0,49.66,0
2026-07-19 00:00:00+00:00,WH-East,1572,0.8206,0.9439,2,71.39,118
2026-07-20 00:00:00+00:00,WH-East,1531,0.9271,0.9393,0,71.35,0
2026-07-21 00:00:00+00:00,WH-East,1469,0.928,0.93,0,53.14,0
2026-07-22 00:00:00+00:00,WH-East,1774,0.9455,0.9676,0,81.86,0
2026-07-23 00:00:00+00:00,WH-East,1444,0.9896,0.948,1,72.65,16
2026-07-24 00:00:00+00:00,WH-East,1117,0.9274,0.9737,1,45.14,71
2026-07-25 00:00:00+00:00,WH-East,1713,0.9136,0.9784,0,82.12,0
2026-07-26 00:00:00+00:00,WH-East,1444,0.9107,0.982,1,52.68,63
2026-07-27 00:00:00+00:00,WH-East,1410,0.9608,0.9584,1,61.07,80
2026-07-28 00:00:00+00:00,WH-East,1347,0.9622,0.9311,1,49.93,27
2026-07-29 00:00:00+00:00,WH-East,1467,0.9134,0.9521,0,52.92,0
2026-07-30 00:00:00+00:00,WH-East,1546,0.9586,0.9828,0,56.1,0
2026-07-31 00:00:00+00:00,WH-East,1562,0.9559,0.9704,0,70.54,0
2026-08-01 00:00:00+00:00,WH-East,1124,0.9658,0.9701,0,42.52,0
2026-08-02 00:00:00+00:00,WH-East,1715,0.995,0.9717,0,91.05,0
2026-08-03 00:00:00+00:00,WH-East,1429,0.938,0.9625,2,74.4,34
2026-08-04 00:00:00+00:00,WH-East,1445,0.9597,0.9496,0,61.83,0
2023-01-01 00:00:00+00:00,WH-West,2446,0.9392,0.9422,0,109.77,0
2023-01-02 00:00:00+00:00,WH-West,2493,0.8851,0.9896,0,116.58,0
2023-01-03 00:00:00+00:00,WH-West,2420,0.9283,0.9687,0,91.3,0
2023-01-04 00:00:00+00:00,WH-West,2539,0.9294,0.9806,0,119.6,0
2023-01-05 00:00:00+00:00,WH-West,2139,0.9046,0.9282,1,108.16,21
2023-01-06 00:00:00+00:00,WH-West,2518,0.9397,0.9632,0,135.33,0
2023-01-07 00:00:00+00:00,WH-West,2561,0.9458,0.9289,0,109.39,0
2023-01-08 00:00:00+00:00,WH-West,2271,0.9146,0.9741,0,107.57,0
2023-01-09 00:00:00+00:00,WH-West,2482,0.9606,0.9569,0,101.35,0
2023-01-10 00:00:00+00:00,WH-West,2747,0.9399,0.999,0,109.13,0
2023-01-11 00:00:00+00:00,WH-West,2864,0.8996,0.9693,0,107.86,0
2023-01-12 00:00:00+00:00,WH-West,2356,0.8414,0.9533,1,129.33,50
2023-01-13 00:00:00+00:00,WH-West,2222,0.9081,0.967,1,111.25,30
2023-01-14 00:00:00+00:00,WH-West,2653,0.9547,0.9486,0,100.86,0
2023-01-15 00:00:00+00:00,WH-West,2338,0.9511,0.9559,0,84.53,0
2023-01-16 00:00:00+00:00,WH-West,2228,0.9507,0.9532,0,111.92,0
2023-01-17 00:00:00+00:00,WH-West,2328,0.9564,0.9722,0,92.1,0
2023-01-18 00:00:00+00:00,WH-West,2544,0.892,0.9492,1,114.56,62
2023-01-19 00:00:00+00:00,WH-West,2496,0.9403,0.9334,1,91.26,26
2023-01-20 00:00:00+00:00,WH-West,2509,0.8881,0.9692,0,134.36,0
2023-01-21 00:00:00+00:00,WH-West,2333,0.9239,0.9684,0,123.98,0
2023-01-22 00:00:00+00:00,WH-West,2258,0.9098,0.9519,0,87.81,0
2023-01-23 00:00:00+00:00,WH-West,2369,0.898,0.9725,1,109.22,56
2023-01-24 00:00:00+00:00,WH-West,2386,0.8883,0.9768,1,101.3,40
2023-01-25 00:00:00+00:00,WH-West,2400,0.9189,0.9271,1,95.87,53
2023-01-26 00:00:00+00:00,WH-West,2634,0.9215,0.9435,1,99.93,74
2023-01-27 00:00:00+00:00,WH-West,2476,0.9291,0.999,0,97.84,0
2023-01-28 00:00:00+00:00,WH-West,2153,0.9193,0.9578,0,86.16,0
2023-01-29 00:00:00+00:00,WH-West,2271,0.932,0.9692,0,90.64,0
2023-01-30 00:00:00+00:00,WH-West,2309,0.947,0.9922,0,101.36,0
2023-01-31 00:00:00+00:00,WH-West,2137,0.9232,0.9699,0,89.11,0
2023-02-01 00:00:00+00:00,WH-West,2553,0.9076,0.9695,0,112.97,0
2023-02-02 00:00:00+00:00,WH-West,2234,0.9026,0.9466,1,121.42,31
2023-02-03 00:00:00+00:00,WH-West,2502,0.9549,0.9501,0,117.62,0
2023-02-04 00:00:00+00:00,WH-West,2573,0.919,0.9729,0,122.65,0
2023-02-05 00:00:00+00:00,WH-West,2653,0.945,0.9751,0,121.27,0
2023-02-06 00:00:00+00:00,WH-West,2034,0.9288,0.9827,0,85.83,0
2023-02-07 00:00:00+00:00,WH-West,2288,0.9009,0.9414,1,109.26,28
2023-02-08 00:00:00+00:00,WH-West,2276,0.9152,0.945,0,97.4,0
2023-02-09 00:00:00+00:00,WH-West,2149,0.9521,0.9752,0,99.68,0
2023-02-10 00:00:00+00:00,WH-West,2296,0.9363,0.9498,0,93.44,0
2023-02-11 00:00:00+00:00,WH-West,2099,0.9508,0.9646,1,115.42,70
2023-02-12 00:00:00+00:00,WH-West,2514,0.9271,0.953,1,116.89,83
2023-02-13 00:00:00+00:00,WH-West,2457,0.9411,0.9531,0,125.91,0
2023-02-14 00:00:00+00:00,WH-West,2288,0.9293,0.9855,0,115.69,0
2023-02-15 00:00:00+00:00,WH-West,2208,0.995,0.9903,0,108.98,0
2023-02-16 00:00:00+00:00,WH-West,2497,0.9498,0.9697,0,90.02,0
2023-02-17 00:00:00+00:00,WH-West,2597,0.9388,0.99,0,127.39,0
2023-02-18 00:00:00+00:00,WH-West,2385,0.9112,0.9769,0,121.89,0
2023-02-19 00:00:00+00:00,WH-West,2627,0.9314,0.9478,0,128.25,0
2023-02-20 00:00:00+00:00,WH-West,2470,0.9604,0.9831,0,96.02,0
2023-02-21 00:00:00+00:00,WH-West,2206,0.9278,0.9501,2,95.85,68
2023-02-22 00:00:00+00:00,WH-West,2299,0.9527,0.9798,0,85.4,0
2023-02-23 00:00:00+00:00,WH-West,2225,0.9169,0.9718,0,107.56,0
2023-02-24 00:00:00+00:00,WH-West,2297,0.995,0.9699,0,93.49,0
2023-02-25 00:00:00+00:00,WH-West,2469,0.9643,0.9423,0,92.25,0
2023-02-26 00:00:00+00:00,WH-West,2295,0.9287,0.9866,0,98.36,0
2023-02-27 00:00:00+00:00,WH-West,2162,0.9722,0.9839,1,81.32,78
2023-02-28 00:00:00+00:00,WH-West,2528,0.9345,0.9628,0,108.89,0
2023-03-01 00:00:00+00:00,WH-West,1940,0.9258,0.9786,0,74.66,0
2023-03-02 00:00:00+00:00,WH-West,2443,0.92,0.999,0,90.26,0
2023-03-03 00:00:00+00:00,WH-West,2516,0.9422,0.9504,0,120.54,0
2023-03-04 00:00:00+00:00,WH-West,2248,0.9459,0.9685,0,90.2,0
2023-03-05 00:00:00+00:00,WH-West,2587,0.9365,0.9923,1,116.35,81
2023-03-06 00:00:00+00:00,WH-West,2376,0.9414,0.9537,1,130.62,61
2023-03-07 00:00:00+00:00,WH-West,2437,0.9623,0.9912,0,103.48,0
2023-03-08 00:00:00+00:00,WH-West,2703,0.8803,0.944,3,100.91,252
2023-03-09 00:00:00+00:00,WH-West,2355,0.9185,0.9338,1,115.03,85
2023-03-10 00:00:00+00:00,WH-West,2200,0.9239,0.9471,0,93.43,0
2023-03-11 00:00:00+00:00,WH-West,2159,0.9778,0.9645,0,89.1,0
2023-03-12 00:00:00+00:00,WH-West,2515,0.9138,0.951,1,96.52,61
2023-03-13 00:00:00+00:00,WH-West,2606,0.9108,0.9519,2,134.3,94
2023-03-14 00:00:00+00:00,WH-West,2439,0.9577,0.9448,0,107.03,0
2023-03-15 00:00:00+00:00,WH-West,2280,0.9469,0.9566,2,110.06,58
2023-03-16 00:00:00+00:00,WH-West,2290,0.9303,0.9768,0,113.7,0
2023-03-17 00:00:00+00:00,WH-West,2568,0.989,0.9328,1,110.11,83
2023-03-18 00:00:00+00:00,WH-West,2410,0.9627,0.9714,0,133.51,0
2023-03-19 00:00:00+00:00,WH-West,2159,0.9165,0.9784,0,95.26,0
2023-03-20 00:00:00+00:00,WH-West,2147,0.9114,0.9348,1,96.6,37
2023-03-21 00:00:00+00:00,WH-West,2055,0.936,0.9679,0,80.23,0
2023-03-22 00:00:00+00:00,WH-West,2378,0.8749,0.9663,2,103.15,156
2023-03-23 00:00:00+00:00,WH-West,2740,0.951,0.9793,2,118.1,130
2023-03-24 00:00:00+00:00,WH-West,2661,0.963,0.9839,0,120.78,0
2023-03-25 00:00:00+00:00,WH-West,2349,0.9309,0.9773,0,104.89,0
2023-03-26 00:00:00+00:00,WH-West,2344,0.9226,0.9716,0,106.08,0
2023-03-27 00:00:00+00:00,WH-West,2104,0.9451,0.9496,0,80.05,0
2023-03-28 00:00:00+00:00,WH-West,2356,0.9481,0.9939,0,110.42,0
2023-03-29 00:00:00+00:00,WH-West,2302,0.9742,0.9862,0,94.77,0
2023-03-30 00:00:00+00:00,WH-West,2709,0.9383,0.967,0,111.53,0
2023-03-31 00:00:00+00:00,WH-West,2629,0.9347,0.9737,0,132.35,0
2023-04-01 00:00:00+00:00,WH-West,2179,0.9402,0.9674,0,110.69,0
2023-04-02 00:00:00+00:00,WH-West,2186,0.8834,0.9641,0,105.67,0
2023-04-03 00:00:00+00:00,WH-West,2098,0.9564,0.9695,0,97.4,0
2023-04-04 00:00:00+00:00,WH-West,2236,0.9075,0.949,0,99.46,0
2023-04-05 00:00:00+00:00,WH-West,2477,0.9058,0.9754,0,125.98,0
2023-04-06 00:00:00+00:00,WH-West,2412,0.9459,0.9861,0,102.24,0
2023-04-07 00:00:00+00:00,WH-West,2320,0.9573,0.951,0,114.56,0
2023-04-08 00:00:00+00:00,WH-West,2115,0.9259,0.9835,0,75.77,0
2023-04-09 00:00:00+00:00,WH-West,2678,0.9827,0.9629,0,147.07,0
2023-04-10 00:00:00+00:00,WH-West,2254,0.9134,0.9609,0,95.31,0
2023-04-11 00:00:00+00:00,WH-West,2275,0.9752,0.9963,0,119.52,0
2023-04-12 00:00:00+00:00,WH-West,2283,0.9402,0.999,0,91.29,0
2023-04-13 00:00:00+00:00,WH-West,2171,0.8771,0.9599,0,89.44,0
2023-04-14 00:00:00+00:00,WH-West,2138,0.9828,0.9698,0,103.93,0
2023-04-15 00:00:00+00:00,WH-West,2342,0.8563,0.9555,0,97.13,0
2023-04-16 00:00:00+00:00,WH-West,2446,0.9487,0.9757,0,100.08,0
2023-04-17 00:00:00+00:00,WH-West,2564,0.9294,0.9486,1,116.01,84
2023-04-18 00:00:00+00:00,WH-West,2360,0.9681,0.9678,0,90.63,0
2023-04-19 00:00:00+00:00,WH-West,2416,0.9602,0.9778,0,117.23,0
2023-04-20 00:00:00+00:00,WH-West,2411,0.947,0.9493,0,133.8,0
2023-04-21 00:00:00+00:00,WH-West,2464,0.9607,0.9592,0,116.99,0
2023-04-22 00:00:00+00:00,WH-West,2300,0.9219,0.9748,0,109.29,0
2023-04-23 00:00:00+00:00,WH-West,2266,0.941,0.9639,0,83.73,0
2023-04-24 00:00:00+00:00,WH-West,2314,0.9502,0.985,1,88.06,30
2023-04-25 00:00:00+00:00,WH-West,2356,0.9052,0.9809,0,106.12,0
2023-04-26 00:00:00+00:00,WH-West,2401,0.9581,0.9783,0,93.38,0
2023-04-27 00:00:00+00:00,WH-West,2425,0.9581,0.9613,0,113.02,0
2023-04-28 00:00:00+00:00,WH-West,2475,0.8619,0.9366,2,91.23,74
2023-04-29 00:00:00+00:00,WH-West,2870,0.9306,0.9882,0,130.9,0
2023-04-30 00:00:00+00:00,WH-West,2375,0.9439,0.9643,1,125.32,82
2023-05-01 00:00:00+00:00,WH-West,2507,0.9226,0.9626,2,116.22,62
2023-05-02 00:00:00+00:00,WH-West,2301,0.9278,0.981,0,84.16,0
2023-05-03 00:00:00+00:00,WH-West,2146,0.9193,0.9799,0,82.03,0
2023-05-04 00:00:00+00:00,WH-West,2251,0.948,0.952,0,104.43,0
2023-05-05 00:00:00+00:00,WH-West,2067,0.9662,0.9974,0,79.01,0
2023-05-06 00:00:00+00:00,WH-West,2173,0.9485,0.9781,0,78.09,0
2023-05-07 00:00:00+00:00,WH-West,2267,0.9427,0.9631,0,98.54,0
2023-05-08 00:00:00+00:00,WH-West,2503,0.9266,0.989,1,93.59,81
2023-05-09 00:00:00+00:00,WH-West,2322,0.9273,0.9795,0,92.31,0
2023-05-10 00:00:00+00:00,WH-West,2336,0.9458,0.9848,0,103.17,0
2023-05-11 00:00:00+00:00,WH-West,2747,0.9031,0.9623,1,139.26,16
2023-05-12 00:00:00+00:00,WH-West,2364,0.9281,0.9756,0,115.33,0
2023-05-13 00:00:00+00:00,WH-West,2393,0.9809,0.983,0,109.5,0
2023-05-14 00:00:00+00:00,WH-West,2664,0.8936,0.9567,0,119.38,0
2023-05-15 00:00:00+00:00,WH-West,2496,0.8894,0.9652,1,95.18,28
2023-05-16 00:00:00+00:00,WH-West,2528,0.9118,0.9541,1,112.99,25
2023-05-17 00:00:00+00:00,WH-West,2141,0.9324,0.9925,0,100.73,0
2023-05-18 00:00:00+00:00,WH-West,2347,0.8948,0.9639,0,98.95,0
2023-05-19 00:00:00+00:00,WH-West,2031,0.931,0.9606,0,77.65,0
2023-05-20 00:00:00+00:00,WH-West,2268,0.9581,0.999,0,84.47,0
2023-05-21 00:00:00+00:00,WH-West,2034,0.943,0.98,0,97.81,0
2023-05-22 00:00:00+00:00,WH-West,2514,0.9175,0.9658,0,100.18,0
2023-05-23 00:00:00+00:00,WH-West,2534,0.8802,0.9599,1,108.74,82
2023-05-24 00:00:00+00:00,WH-West,2267,0.879,0.9823,0,105.38,0
2023-05-25 00:00:00+00:00,WH-West,2301,0.8968,0.9682,0,91.46,0
2023-05-26 00:00:00+00:00,WH-West,2542,0.9374,0.9633,1,138.0,72
2023-05-27 00:00:00+00:00,WH-West,2310,0.9282,0.9599,0,86.63,0
2023-05-28 00:00:00+00:00,WH-West,2415,0.9805,0.9634,0,102.43,0
2023-05-29 00:00:00+00:00,WH-West,2059,0.9073,0.989,0,97.09,0
2023-05-30 00:00:00+00:00,WH-West,2264,0.9732,0.9944,0,82.88,0
2023-05-31 00:00:00+00:00,WH-West,2136,0.9343,0.965,0,105.12,0
2023-06-01 00:00:00+00:00,WH-West,2187,0.9286,0.9796,0,83.68,0
2023-06-02 00:00:00+00:00,WH-West,2419,0.9408,0.9471,0,94.48,0
2023-06-03 00:00:00+00:00,WH-West,2707,0.9748,0.9779,0,145.57,0
2023-06-04 00:00:00+00:00,WH-West,2299,0.9717,0.9755,0,105.22,0
2023-06-05 00:00:00+00:00,WH-West,2662,0.9555,0.9445,0,144.85,0
2023-06-06 00:00:00+00:00,WH-West,2239,0.9192,0.9815,0,97.04,0
2023-06-07 00:00:00+00:00,WH-West,2519,0.8718,0.9352,1,91.17,16
2023-06-08 00:00:00+00:00,WH-West,1804,0.9779,0.9346,0,84.3,0
2023-06-09 00:00:00+00:00,WH-West,1961,0.9665,0.9806,0,84.99,0
2023-06-10 00:00:00+00:00,WH-West,2451,0.9449,0.9454,0,104.79,0
2023-06-11 00:00:00+00:00,WH-West,2382,0.9276,0.9833,0,109.35,0
2023-06-12 00:00:00+00:00,WH-West,2542,0.901,0.9432,1,118.75,66
2023-06-13 00:00:00+00:00,WH-West,2066,0.9062,0.9713,0,85.83,0
2023-06-14 00:00:00+00:00,WH-West,2238,0.8799,0.9781,0,81.61,0
2023-06-15 00:00:00+00:00,WH-West,2559,0.953,0.9368,0,105.78,0
2023-06-16 00:00:00+00:00,WH-West,2340,0.9543,0.9437,1,115.32,50
2023-06-17 00:00:00+00:00,WH-West,2418,0.9317,0.9585,2,125.28,138
2023-06-18 00:00:00+00:00,WH-West,2460,0.8851,0.9677,1,110.79,29
2023-06-19 00:00:00+00:00,WH-West,2295,0.9621,0.999,0,106.97,0
2023-06-20 00:00:00+00:00,WH-West,2344,0.9418,0.9524,0,96.96,0
2023-06-21 00:00:00+00:00,WH-West,2272,0.9341,0.946,0,115.29,0
2023-06-22 00:00:00+00:00,WH-West,2441,0.9436,0.9529,0,127.51,0
2023-06-23 00:00:00+00:00,WH-West,2361,0.9602,0.9787,0,114.32,0
2023-06-24 00:00:00+00:00,WH-West,2670,0.9419,0.9531,1,101.98,30
2023-06-25 00:00:00+00:00,WH-West,2622,0.9931,0.973,0,142.53,0
2023-06-26 00:00:00+00:00,WH-West,2247,0.9435,0.9698,0,88.49,0
2023-06-27 00:00:00+00:00,WH-West,2234,0.9046,0.9415,1,99.24,35
2023-06-28 00:00:00+00:00,WH-West,2511,0.9091,0.9853,0,126.89,0
2023-06-29 00:00:00+00:00,WH-West,2227,0.9259,0.9468,0,99.61,0
2023-06-30 00:00:00+00:00,WH-West,2320,0.9227,0.935,0,87.81,0
2023-07-01 00:00:00+00:00,WH-West,2688,0.9491,0.958,0,112.41,0
2023-07-02 00:00:00+00:00,WH-West,2407,0.9507,0.9797,0,126.4,0
2023-07-03 00:00:00+00:00,WH-West,2630,0.913,0.9735,0,97.31,0
2023-07-04 00:00:00+00:00,WH-West,2532,0.9497,0.9936,0,108.93,0
2023-07-05 00:00:00+00:00,WH-West,2405,0.9098,0.9823,0,118.42,0
2023-07-06 00:00:00+00:00,WH-West,2125,0.9092,0.983,0,81.02,0
2023-07-07 00:00:00+00:00,WH-West,2152,0.955,0.9625,1,88.24,59
2023-07-08 00:00:00+00:00,WH-West,2510,0.9482,0.9668,0,129.75,0
2023-07-09 00:00:00+00:00,WH-West,2179,0.9758,0.9886,0,100.4,0
2023-07-10 00:00:00+00:00,WH-West,2203,0.9083,0.984,0,101.83,0
2023-07-11 00:00:00+00:00,WH-West,2353,0.9295,0.9799,0,102.75,0
2023-07-12 00:00:00+00:00,WH-West,2252,0.9252,0.9705,0,91.41,0
2023-07-13 00:00:00+00:00,WH-West,2353,0.9568,0.9528,1,88.25,82
2023-07-14 00:00:00+00:00,WH-West,2377,0.9194,0.9796,0,132.04,0
2023-07-15 00:00:00+00:00,WH-West,2163,0.8286,0.9555,3,83.3,72
2023-07-16 00:00:00+00:00,WH-West,2553,0.9288,0.9787,0,138.85,0
2023-07-17 00:00:00+00:00,WH-West,2375,0.9145,0.9424,0,98.08,0
2023-07-18 00:00:00+00:00,WH-West,2326,0.9257,0.9489,0,119.68,0
2023-07-19 00:00:00+00:00,WH-West,2099,0.9031,0.9491,1,80.91,46
2023-07-20 00:00:00+00:00,WH-West,2425,0.9234,0.9779,0,134.43,0
2023-07-21 00:00:00+00:00,WH-West,2484,0.8805,0.9527,2,90.52,80
2023-07-22 00:00:00+00:00,WH-West,2447,0.9142,0.9594,0,87.6,0
2023-07-23 00:00:00+00:00,WH-West,2563,0.9175,0.9498,2,103.55,166
2023-07-24 00:00:00+00:00,WH-West,2362,0.9333,0.9645,0,97.39,0
2023-07-25 00:00:00+00:00,WH-West,2224,0.9339,0.9597,1,85.42,77
2023-07-26 00:00:00+00:00,WH-West,2342,0.9451,0.9683,0,86.26,0
2023-07-27 00:00:00+00:00,WH-West,2343,0.918,0.9833,0,121.72,0
2023-07-28 00:00:00+00:00,WH-West,2537,0.9595,0.9657,1,102.39,54
2023-07-29 00:00:00+00:00,WH-West,2327,0.9415,0.9598,1,127.18,67
2023-07-30 00:00:00+00:00,WH-West,2115,0.9372,0.9645,0,106.41,0
2023-07-31 00:00:00+00:00,WH-West,2186,0.9194,0.9682,0,84.95,0
2023-08-01 00:00:00+00:00,WH-West,2430,0.994,0.9756,0,127.07,0
2023-08-02 00:00:00+00:00,WH-West,2337,0.9491,0.9762,0,91.15,0
2023-08-03 00:00:00+00:00,WH-West,2668,0.9372,0.9607,1,129.03,68
2023-08-04 00:00:00+00:00,WH-West,2155,0.969,0.9852,0,83.14,0
2023-08-05 00:00:00+00:00,WH-West,2246,0.8759,0.9435,1,82.05,41
2023-08-06 00:00:00+00:00,WH-West,2174,0.9735,0.9581,0,104.24,0
2023-08-07 00:00:00+00:00,WH-West,2575,0.9222,0.971,0,138.63,0
2023-08-08 00:00:00+00:00,WH-West,2150,0.995,0.9626,0,107.35,0
2023-08-09 00:00:00+00:00,WH-West,2285,0.9424,0.9599,1,88.03,60
2023-08-10 00:00:00+00:00,WH-West,2621,0.8962,0.9506,0,144.24,0
2023-08-11 00:00:00+00:00,WH-West,2701,0.9543,0.9519,0,129.5,0
2023-08-12 00:00:00+00:00,WH-West,2561,0.9244,0.9585,1,100.83,44
2023-08-13 00:00:00+00:00,WH-West,2326,0.9192,0.9714,0,85.67,0
2023-08-14 00:00:00+00:00,WH-West,2479,0.9181,0.9507,1,126.56,15
2023-08-15 00:00:00+00:00,WH-West,2696,0.9052,0.9689,1,118.18,42
2023-08-16 00:00:00+00:00,WH-West,2363,0.9077,0.971,0,111.34,0
2023-08-17 00:00:00+00:00,WH-West,2466,0.9241,0.9657,0,104.43,0
2023-08-18 00:00:00+00:00,WH-West,2312,0.8689,0.95,0,120.7,0
2023-08-19 00:00:00+00:00,WH-West,2186,0.9342,0.9601,0,78.47,0
2023-08-20 00:00:00+00:00,WH-West,2715,0.995,0.9839,0,137.98,0
2023-08-21 00:00:00+00:00,WH-West,1989,0.9358,0.9626,0,83.97,0
2023-08-22 00:00:00+00:00,WH-West,2504,0.9061,0.9428,1,127.13,20
2023-08-23 00:00:00+00:00,WH-West,2470,0.9504,0.9339,2,121.69,40
2023-08-24 00:00:00+00:00,WH-West,2707,0.9002,0.9817,1,103.97,44
2023-08-25 00:00:00+00:00,WH-West,2247,0.9662,0.9638,1,91.31,18
2023-08-26 00:00:00+00:00,WH-West,2716,0.9044,0.9787,0,111.49,0
2023-08-27 00:00:00+00:00,WH-West,2287,0.9137,0.9879,1,91.95,80
2023-08-28 00:00:00+00:00,WH-West,2076,0.8396,0.9155,3,96.2,126
2023-08-29 00:00:00+00:00,WH-West,2556,0.9459,0.9792,0,99.51,0
2023-08-30 00:00:00+00:00,WH-West,2292,0.9625,0.9751,1,83.69,69
2023-08-31 00:00:00+00:00,WH-West,2215,0.991,0.9903,0,116.88,0
2023-09-01 00:00:00+00:00,WH-West,2351,0.9069,0.9655,0,99.8,0
2023-09-02 00:00:00+00:00,WH-West,2092,0.9222,0.999,0,84.82,0
2023-09-03 00:00:00+00:00,WH-West,2126,0.9086,0.9695,0,96.9,0
2023-09-04 00:00:00+00:00,WH-West,2335,0.902,0.9589,0,129.62,0
2023-09-05 00:00:00+00:00,WH-West,2304,0.9593,0.9708,0,93.56,0
2023-09-06 00:00:00+00:00,WH-West,2492,0.9206,0.9751,0,127.22,0
2023-09-07 00:00:00+00:00,WH-West,2187,0.9463,0.9904,0,84.01,0
2023-09-08 00:00:00+00:00,WH-West,2275,0.9226,0.9649,1,102.67,44
2023-09-09 00:00:00+00:00,WH-West,2638,0.9194,0.9799,0,126.17,0
2023-09-10 00:00:00+00:00,WH-West,2249,0.9828,0.987,0,88.63,0
2023-09-11 00:00:00+00:00,WH-West,2427,0.9095,0.9838,0,89.03,0
2023-09-12 00:00:00+00:00,WH-West,2371,0.9726,0.9864,0,92.38,0
2023-09-13 00:00:00+00:00,WH-West,2245,0.9238,0.9449,0,106.35,0
2023-09-14 00:00:00+00:00,WH-West,2575,0.947,0.9798,0,98.82,0
2023-09-15 00:00:00+00:00,WH-West,2741,0.9118,0.9671,0,136.69,0
2023-09-16 00:00:00+00:00,WH-West,2166,0.9797,0.9569,0,84.36,0
2023-09-17 00:00:00+00:00,WH-West,2694,0.9742,0.9606,0,124.43,0
2023-09-18 00:00:00+00:00,WH-West,2257,0.9199,0.9543,0,113.0,0
2023-09-19 00:00:00+00:00,WH-West,2366,0.8898,0.974,0,91.56,0
2023-09-20 00:00:00+00:00,WH-West,2201,0.9774,0.9721,0,84.25,0
2023-09-21 00:00:00+00:00,WH-West,2165,0.8992,0.9721,0,94.72,0
2023-09-22 00:00:00+00:00,WH-West,2287,0.9156,0.9212,2,95.38,118
2023-09-23 00:00:00+00:00,WH-West,2363,0.9684,0.9506,0,125.55,0
2023-09-24 00:00:00+00:00,WH-West,2471,0.9077,0.9542,0,127.51,0
2023-09-25 00:00:00+00:00,WH-West,2303,0.9564,0.9751,0,96.0,0
2023-09-26 00:00:00+00:00,WH-West,2674,0.9403,0.9823,0,118.03,0
2023-09-27 00:00:00+00:00,WH-West,2304,0.9206,0.9665,0,91.01,0
2023-09-28 00:00:00+00:00,WH-West,2380,0.9499,0.9816,0,98.49,0
2023-09-29 00:00:00+00:00,WH-West,2512,0.9733,0.9567,0,90.34,0
2023-09-30 00:00:00+00:00,WH-West,1980,0.8717,0.9597,2,73.79,156
2023-10-01 00:00:00+00:00,WH-West,2037,0.9601,0.9462,0,80.07,0
2023-10-02 00:00:00+00:00,WH-West,2512,0.9457,0.9652,1,109.68,71
2023-10-03 00:00:00+00:00,WH-West,2608,0.8973,0.9385,2,105.32,106
2023-10-04 00:00:00+00:00,WH-West,2525,0.9431,0.9723,0,115.13,0
2023-10-05 00:00:00+00:00,WH-West,2316,0.9452,0.9801,0,120.82,0
2023-10-06 00:00:00+00:00,WH-West,2303,0.9651,0.963,1,82.46,73
2023-10-07 00:00:00+00:00,WH-West,2425,0.94,0.9655,0,133.22,0
2023-10-08 00:00:00+00:00,WH-West,2327,0.8986,0.9776,0,83.21,0
2023-10-09 00:00:00+00:00,WH-West,2087,0.995,0.9588,0,76.97,0
2023-10-10 00:00:00+00:00,WH-West,2136,0.8815,0.9506,2,84.78,148
2023-10-11 00:00:00+00:00,WH-West,2422,0.9721,0.9774,0,97.24,0
2023-10-12 00:00:00+00:00,WH-West,2670,0.9913,0.993,0,138.48,0
2023-10-13 00:00:00+00:00,WH-West,2393,0.9035,0.9942,0,100.17,0
2023-10-14 00:00:00+00:00,WH-West,2175,0.9625,0.9688,0,92.55,0
2023-10-15 00:00:00+00:00,WH-West,2356,0.9871,0.9963,0,97.55,0
2023-10-16 00:00:00+00:00,WH-West,2435,0.9144,0.9549,1,131.77,46
2023-10-17 00:00:00+00:00,WH-West,2438,0.9746,0.9553,0,113.92,0
2023-10-18 00:00:00+00:00,WH-West,2419,0.9333,0.9576,0,126.82,0
2023-10-19 00:00:00+00:00,WH-West,2162,0.9503,0.9804,0,77.39,0
2023-10-20 00:00:00+00:00,WH-West,2426,0.913,0.9587,1,90.87,74
2023-10-21 00:00:00+00:00,WH-West,2313,0.8948,0.9851,1,126.13,14
2023-10-22 00:00:00+00:00,WH-West,2296,0.9343,0.9625,0,125.83,0
2023-10-23 00:00:00+00:00,WH-West,2345,0.9258,0.9692,1,111.29,63
2023-10-24 00:00:00+00:00,WH-West,2334,0.9478,0.9752,0,117.27,0
2023-10-25 00:00:00+00:00,WH-West,1850,0.9097,0.9606,0,68.84,0
2023-10-26 00:00:00+00:00,WH-West,2660,0.9399,0.9868,0,132.81,0
2023-10-27 00:00:00+00:00,WH-West,2142,0.8946,0.9505,1,77.73,19
2023-10-28 00:00:00+00:00,WH-West,2343,0.9079,0.9854,0,113.4,0
2023-10-29 00:00:00+00:00,WH-West,2302,0.9179,0.9783,0,103.73,0
2023-10-30 00:00:00+00:00,WH-West,2033,0.9552,0.9679,0,83.85,0
2023-10-31 00:00:00+00:00,WH-West,2068,0.9217,0.9783,1,80.66,14
2023-11-01 00:00:00+00:00,WH-West,2097,0.9326,0.9597,1,77.11,56
2023-11-02 00:00:00+00:00,WH-West,2271,0.9249,0.9734,1,107.23,75
2023-11-03 00:00:00+00:00,WH-West,2616,0.888,0.9537,1,132.51,52
2023-11-04 00:00:00+00:00,WH-West,2286,0.9074,0.9655,0,99.21,0
2023-11-05 00:00:00+00:00,WH-West,2484,0.8956,0.9922,0,111.88,0
2023-11-06 00:00:00+00:00,WH-West,1989,0.9341,0.9787,0,102.84,0
2023-11-07 00:00:00+00:00,WH-West,1967,0.9005,0.9947,1,76.88,54
2023-11-08 00:00:00+00:00,WH-West,2225,0.979,0.9688,0,87.14,0
2023-11-09 00:00:00+00:00,WH-West,2179,0.9225,0.9813,0,118.32,0
2023-11-10 00:00:00+00:00,WH-West,2337,0.9478,0.9521,1,96.66,27
2023-11-11 00:00:00+00:00,WH-West,2347,0.9692,0.9731,0,129.15,0
2023-11-12 00:00:00+00:00,WH-West,2362,0.9503,0.999,0,119.48,0
2023-11-13 00:00:00+00:00,WH-West,2375,0.8976,0.9864,0,91.81,0
2023-11-14 00:00:00+00:00,WH-West,2389,0.9173,0.9633,2,121.55,40
2023-11-15 00:00:00+00:00,WH-West,2395,0.995,0.9622,0,99.93,0
2023-11-16 00:00:00+00:00,WH-West,2484,0.931,0.9934,0,118.45,0
2023-11-17 00:00:00+00:00,WH-West,2469,0.9107,0.9666,0,125.26,0
2023-11-18 00:00:00+00:00,WH-West,2352,0.9851,0.9546,0,120.21,0
2023-11-19 00:00:00+00:00,WH-West,2297,0.9421,0.9661,0,122.3,0
2023-11-20 00:00:00+00:00,WH-West,2040,0.9295,0.9741,0,93.62,0
2023-11-21 00:00:00+00:00,WH-West,2532,0.9269,0.989,0,107.63,0
2023-11-22 00:00:00+00:00,WH-West,2350,0.8946,0.9792,0,128.92,0
2023-11-23 00:00:00+00:00,WH-West,2215,0.8949,0.9708,0,81.21,0
2023-11-24 00:00:00+00:00,WH-West,2315,0.9337,0.975,0,83.26,0
2023-11-25 00:00:00+00:00,WH-West,2170,0.9269,0.938,0,87.14,0
2023-11-26 00:00:00+00:00,WH-West,2327,0.9174,0.9505,0,113.11,0
2023-11-27 00:00:00+00:00,WH-West,2367,0.8843,0.9349,1,87.07,37
2023-11-28 00:00:00+00:00,WH-West,2154,0.9654,0.987,0,84.79,0
2023-11-29 00:00:00+00:00,WH-West,2596,0.937,0.9747,0,126.75,0
2023-11-30 00:00:00+00:00,WH-West,2155,0.9404,0.9657,1,88.95,51
2023-12-01 00:00:00+00:00,WH-West,2330,0.924,0.9734,0,94.0,0
2023-12-02 00:00:00+00:00,WH-West,2520,0.903,0.9779,0,128.3,0
2023-12-03 00:00:00+00:00,WH-West,2096,0.9428,0.9738,0,90.94,0
2023-12-04 00:00:00+00:00,WH-West,2520,0.9626,0.9498,1,110.44,51
2023-12-05 00:00:00+00:00,WH-West,2334,0.8984,0.9498,1,93.21,34
2023-12-06 00:00:00+00:00,WH-West,2270,0.9769,0.9748,0,104.38,0
2023-12-07 00:00:00+00:00,WH-West,2234,0.995,0.975,0,90.28,0
2023-12-08 00:00:00+00:00,WH-West,2025,0.9379,0.979,0,81.12,0
2023-12-09 00:00:00+00:00,WH-West,2498,0.9521,0.9526,0,123.41,0
2023-12-10 00:00:00+00:00,WH-West,2380,0.914,0.97,0,90.51,0
2023-12-11 00:00:00+00:00,WH-West,2387,0.9749,0.9802,0,88.95,0
2023-12-12 00:00:00+00:00,WH-West,2189,0.9356,0.965,1,91.02,57
2023-12-13 00:00:00+00:00,WH-West,2228,0.9614,0.9528,0,80.19,0
2023-12-14 00:00:00+00:00,WH-West,2303,0.9168,0.9532,0,126.77,0
2023-12-15 00:00:00+00:00,WH-West,2143,0.9832,0.9828,0,82.04,0
2023-12-16 00:00:00+00:00,WH-West,2419,0.9115,0.986,0,107.88,0
2023-12-17 00:00:00+00:00,WH-West,2156,0.943,0.9759,0,86.45,0
2023-12-18 00:00:00+00:00,WH-West,2171,0.9261,0.9517,1,96.28,43
2023-12-19 00:00:00+00:00,WH-West,2294,0.9339,0.999,0,85.79,0
2023-12-20 00:00:00+00:00,WH-West,2020,0.9447,0.9676,0,76.09,0
2023-12-21 00:00:00+00:00,WH-West,1900,0.8833,0.9265,2,83.01,42
2023-12-22 00:00:00+00:00,WH-West,2333,0.9567,0.9627,0,84.18,0
2023-12-23 00:00:00+00:00,WH-West,2404,0.8752,0.953,2,102.7,42
2023-12-24 00:00:00+00:00,WH-West,2428,0.9096,0.9826,0,126.82,0
2023-12-25 00:00:00+00:00,WH-West,2501,0.9153,0.998,1,127.71,89
2023-12-26 00:00:00+00:00,WH-West,2195,0.9232,0.9592,1,105.05,43
2023-12-27 00:00:00+00:00,WH-West,2393,0.9055,0.9836,1,99.16,25
2023-12-28 00:00:00+00:00,WH-West,2468,0.9444,0.9692,0,107.69,0
2023-12-29 00:00:00+00:00,WH-West,2233,0.9549,0.986,0,83.83,0
2023-12-30 00:00:00+00:00,WH-West,2188,0.9244,0.9599,1,116.41,46
2023-12-31 00:00:00+00:00,WH-West,2284,0.9167,0.981,0,88.73,0
2024-01-01 00:00:00+00:00,WH-West,2487,0.9721,0.9628,0,117.17,0
2024-01-02 00:00:00+00:00,WH-West,2231,0.995,0.9672,0,94.67,0
2024-01-03 00:00:00+00:00,WH-West,2347,0.9041,0.9706,0,91.85,0
2024-01-04 00:00:00+00:00,WH-West,2193,0.9507,0.9599,0,117.92,0
2024-01-05 00:00:00+00:00,WH-West,2647,0.9301,0.9883,0,94.59,0
2024-01-06 00:00:00+00:00,WH-West,2283,0.8944,0.9456,1,113.75,48
2024-01-07 00:00:00+00:00,WH-West,2308,0.948,0.9548,1,85.58,53
2024-01-08 00:00:00+00:00,WH-West,2437,0.995,0.9745,1,95.23,72
2024-01-09 00:00:00+00:00,WH-West,2645,0.9557,0.9568,0,101.05,0
2024-01-10 00:00:00+00:00,WH-West,2178,0.986,0.9666,0,114.56,0
2024-01-11 00:00:00+00:00,WH-West,2141,0.9195,0.9329,2,79.32,104
2024-01-12 00:00:00+00:00,WH-West,2348,0.9513,0.9743,0,119.18,0
2024-01-13 00:00:00+00:00,WH-West,2329,0.9364,0.9697,0,102.97,0
2024-01-14 00:00:00+00:00,WH-West,2151,0.8698,0.9331,3,97.78,84
2024-01-15 00:00:00+00:00,WH-West,2338,0.8607,0.9488,1,104.05,27
2024-01-16 00:00:00+00:00,WH-West,2385,0.899,0.9699,0,105.91,0
2024-01-17 00:00:00+00:00,WH-West,2079,0.946,0.9579,0,89.77,0
2024-01-18 00:00:00+00:00,WH-West,2381,0.9007,0.982,0,100.38,0
2024-01-19 00:00:00+00:00,WH-West,2247,0.9162,0.9877,0,90.68,0
2024-01-20 00:00:00+00:00,WH-West,2252,0.9543,0.97,1,103.72,12
2024-01-21 00:00:00+00:00,WH-West,2502,0.9449,0.9562,0,93.56,0
2024-01-22 00:00:00+00:00,WH-West,2133,0.9188,0.9727,0,97.05,0
2024-01-23 00:00:00+00:00,WH-West,2300,0.875,0.9553,0,107.82,0
2024-01-24 00:00:00+00:00,WH-West,2534,0.9333,0.9852,0,98.57,0
2024-01-25 00:00:00+00:00,WH-West,2506,0.9233,0.9551,2,133.04,26
2024-01-26 00:00:00+00:00,WH-West,2525,0.9687,0.9511,0,105.97,0
2024-01-27 00:00:00+00:00,WH-West,2345,0.9259,0.9607,0,84.62,0
2024-01-28 00:00:00+00:00,WH-West,2177,0.9218,0.9732,1,107.15,52
2024-01-29 00:00:00+00:00,WH-West,2379,0.964,0.9273,0,130.21,0
2024-01-30 00:00:00+00:00,WH-West,2429,0.8733,0.9499,2,96.81,28
2024-01-31 00:00:00+00:00,WH-West,2467,0.9392,0.9361,1,110.45,62
2024-02-01 00:00:00+00:00,WH-West,2385,0.9442,0.969,0,86.33,0
2024-02-02 00:00:00+00:00,WH-West,2303,0.9286,0.9616,1,90.62,85
2024-02-03 00:00:00+00:00,WH-West,2406,0.8991,0.9615,0,99.96,0
2024-02-04 00:00:00+00:00,WH-West,2632,0.8981,0.9907,0,94.68,0
2024-02-05 00:00:00+00:00,WH-West,2357,0.9226,0.9785,0,89.69,0
2024-02-06 00:00:00+00:00,WH-West,2136,0.8945,0.9542,1,82.2,76
2024-02-07 00:00:00+00:00,WH-West,2375,0.9318,0.9527,0,104.02,0
2024-02-08 00:00:00+00:00,WH-West,2121,0.8831,0.95,1,96.17,86
2024-02-09 00:00:00+00:00,WH-West,2212,0.9872,0.9659,0,105.63,0
2024-02-10 00:00:00+00:00,WH-West,2367,0.9066,0.9382,1,103.79,81
2024-02-11 00:00:00+00:00,WH-West,2585,0.9064,0.9614,0,142.07,0
2024-02-12 00:00:00+00:00,WH-West,2104,0.9376,0.9848,0,99.71,0
2024-02-13 00:00:00+00:00,WH-West,2460,0.9007,0.9904,0,89.71,0
2024-02-14 00:00:00+00:00,WH-West,2817,0.886,0.9706,0,111.4,0
2024-02-15 00:00:00+00:00,WH-West,2354,0.9227,0.9685,0,109.87,0
2024-02-16 00:00:00+00:00,WH-West,2544,0.9136,0.968,1,94.32,34
2024-02-17 00:00:00+00:00,WH-West,2084,0.9303,0.9557,1,104.82,74
2024-02-18 00:00:00+00:00,WH-West,2316,0.9496,0.9796,0,111.72,0
2024-02-19 00:00:00+00:00,WH-West,1981,0.9259,0.9885,0,72.39,0
2024-02-20 00:00:00+00:00,WH-West,2483,0.917,0.9531,0,127.12,0
2024-02-21 00:00:00+00:00,WH-West,2051,0.9685,0.9558,1,87.64,32
2024-02-22 00:00:00+00:00,WH-West,2204,0.9345,0.969,0,103.93,0
2024-02-23 00:00:00+00:00,WH-West,2578,0.9444,0.974,0,122.65,0
2024-02-24 00:00:00+00:00,WH-West,2080,0.9599,0.9848,0,81.79,0
2024-02-25 00:00:00+00:00,WH-West,2315,0.9687,0.9609,0,112.34,0
2024-02-26 00:00:00+00:00,WH-West,2079,0.9568,0.9796,0,81.02,0
2024-02-27 00:00:00+00:00,WH-West,2271,0.924,0.9669,1,109.59,38
2024-02-28 00:00:00+00:00,WH-West,2459,0.8894,0.9626,1,110.27,48
2024-02-29 00:00:00+00:00,WH-West,2260,0.9131,0.9483,0,81.79,0
2024-03-01 00:00:00+00:00,WH-West,2202,0.9457,0.9618,0,117.39,0
2024-03-02 00:00:00+00:00,WH-West,2372,0.927,0.9781,0,88.89,0
2024-03-03 00:00:00+00:00,WH-West,2378,0.975,0.9889,0,131.67,0
2024-03-04 00:00:00+00:00,WH-West,2242,0.9091,0.9478,1,92.06,37
2024-03-05 00:00:00+00:00,WH-West,2546,0.9329,0.9733,0,121.25,0
2024-03-06 00:00:00+00:00,WH-West,2334,0.9099,0.9703,0,118.44,0
2024-03-07 00:00:00+00:00,WH-West,2211,0.9376,0.986,0,96.21,0
2024-03-08 00:00:00+00:00,WH-West,2157,0.9299,0.9602,1,115.4,23
2024-03-09 00:00:00+00:00,WH-West,2348,0.9367,0.9755,0,99.3,0
2024-03-10 00:00:00+00:00,WH-West,2464,0.9941,0.9607,0,114.75,0
2024-03-11 00:00:00+00:00,WH-West,2492,0.9113,0.9422,1,109.03,67
2024-03-12 00:00:00+00:00,WH-West,2352,0.9908,0.9761,0,84.35,0
2024-03-13 00:00:00+00:00,WH-West,2111,0.9717,0.999,0,82.73,0
2024-03-14 00:00:00+00:00,WH-West,2527,0.9361,0.9985,0,101.98,0
2024-03-15 00:00:00+00:00,WH-West,2083,0.9122,0.9871,0,98.41,0
2024-03-16 00:00:00+00:00,WH-West,2229,0.8872,0.9556,2,122.42,116
2024-03-17 00:00:00+00:00,WH-West,2453,0.9336,0.9936,0,93.84,0
2024-03-18 00:00:00+00:00,WH-West,2153,0.9219,0.9274,2,110.75,100
2024-03-19 00:00:00+00:00,WH-West,2012,0.9515,0.9717,0,93.74,0
2024-03-20 00:00:00+00:00,WH-West,2246,0.9097,0.969,0,120.55,0
2024-03-21 00:00:00+00:00,WH-West,2227,0.9884,0.9639,0,88.82,0
2024-03-22 00:00:00+00:00,WH-West,2058,0.9245,0.9823,0,83.94,0
2024-03-23 00:00:00+00:00,WH-West,2136,0.9424,0.9703,0,110.8,0
2024-03-24 00:00:00+00:00,WH-West,2278,0.9528,0.973,0,81.41,0
2024-03-25 00:00:00+00:00,WH-West,2500,0.9572,0.965,0,90.41,0
2024-03-26 00:00:00+00:00,WH-West,2504,0.9255,0.9824,0,111.17,0
2024-03-27 00:00:00+00:00,WH-West,2317,0.9479,0.9612,0,127.11,0
2024-03-28 00:00:00+00:00,WH-West,2450,0.9468,0.9752,1,106.49,47
2024-03-29 00:00:00+00:00,WH-West,2390,0.9367,0.9657,0,87.76,0
2024-03-30 00:00:00+00:00,WH-West,2196,0.9235,0.9594,0,102.63,0
2024-03-31 00:00:00+00:00,WH-West,2349,0.9575,0.9891,0,104.58,0
2024-04-01 00:00:00+00:00,WH-West,2142,0.8958,0.9365,2,104.85,98
2024-04-02 00:00:00+00:00,WH-West,2474,0.9429,0.957,0,103.92,0
2024-04-03 00:00:00+00:00,WH-West,2304,0.947,0.9615,0,119.48,0
2024-04-04 00:00:00+00:00,WH-West,2404,0.9442,0.9546,0,104.14,0
2024-04-05 00:00:00+00:00,WH-West,2097,0.9808,0.9708,0,92.74,0
2024-04-06 00:00:00+00:00,WH-West,2568,0.9585,0.9766,0,92.59,0
2024-04-07 00:00:00+00:00,WH-West,2554,0.8942,0.9688,0,92.65,0
2024-04-08 00:00:00+00:00,WH-West,2072,0.9503,0.9729,0,87.93,0
2024-04-09 00:00:00+00:00,WH-West,1904,0.951,0.9729,0,83.36,0
2024-04-10 00:00:00+00:00,WH-West,2289,0.9755,0.9784,0,85.91,0
2024-04-11 00:00:00+00:00,WH-West,2233,0.9549,0.9507,1,85.24,57
2024-04-12 00:00:00+00:00,WH-West,2199,0.902,0.9672,0,99.0,0
2024-04-13 00:00:00+00:00,WH-West,2137,0.9064,0.9714,0,105.63,0
2024-04-14 00:00:00+00:00,WH-West,2127,0.9243,0.968,1,78.93,80
2024-04-15 00:00:00+00:00,WH-West,2427,0.9282,0.9769,1,99.62,50
2024-04-16 00:00:00+00:00,WH-West,2154,0.9502,0.9783,0,87.18,0
2024-04-17 00:00:00+00:00,WH-West,2126,0.9706,0.9732,0,76.79,0
2024-04-18 00:00:00+00:00,WH-West,2294,0.9087,0.9468,0,90.12,0
2024-04-19 00:00:00+00:00,WH-West,2421,0.9245,0.9851,0,124.09,0
2024-04-20 00:00:00+00:00,WH-West,2183,0.9124,0.9601,0,85.25,0
2024-04-21 00:00:00+00:00,WH-West,2282,0.9368,0.9365,1,105.94,16
2024-04-22 00:00:00+00:00,WH-West,2468,0.984,0.9782,1,88.99,25
2024-04-23 00:00:00+00:00,WH-West,2306,0.9383,0.999,0,94.8,0
2024-04-24 00:00:00+00:00,WH-West,2273,0.8811,0.9477,0,91.51,0
2024-04-25 00:00:00+00:00,WH-West,2432,0.9067,0.9783,0,103.16,0
2024-04-26 00:00:00+00:00,WH-West,2497,0.995,0.9805,0,124.27,0
2024-04-27 00:00:00+00:00,WH-West,2261,0.9555,0.9628,0,96.11,0
2024-04-28 00:00:00+00:00,WH-West,2374,0.9155,0.956,0,101.05,0
2024-04-29 00:00:00+00:00,WH-West,2300,0.9652,0.9532,0,112.0,0
2024-04-30 00:00:00+00:00,WH-West,2267,0.9906,0.9602,0,120.69,0
2024-05-01 00:00:00+00:00,WH-West,2481,0.9533,0.9685,0,110.05,0
2024-05-02 00:00:00+00:00,WH-West,2221,0.9786,0.9911,0,81.8,0
2024-05-03 00:00:00+00:00,WH-West,2449,0.9851,0.9635,0,89.19,0
2024-05-04 00:00:00+00:00,WH-West,2094,0.9527,0.9565,0,93.37,0
2024-05-05 00:00:00+00:00,WH-West,2188,0.8788,0.9948,0,97.39,0
2024-05-06 00:00:00+00:00,WH-West,2678,0.9703,0.9649,0,120.76,0
2024-05-07 00:00:00+00:00,WH-West,2339,0.9788,0.9415,0,110.07,0
2024-05-08 00:00:00+00:00,WH-West,2802,0.9345,0.9694,0,140.38,0
2024-05-09 00:00:00+00:00,WH-West,2345,0.8953,0.9665,1,106.75,48
2024-05-10 00:00:00+00:00,WH-West,2136,0.9148,0.9727,0,113.61,0
2024-05-11 00:00:00+00:00,WH-West,2269,0.8872,0.9635,3,116.82,42
2024-05-12 00:00:00+00:00,WH-West,2496,0.9209,0.9772,0,122.2,0
2024-05-13 00:00:00+00:00,WH-West,2461,0.9184,0.9744,0,112.82,0
2024-05-14 00:00:00+00:00,WH-West,2404,0.8987,0.9512,1,119.85,71
2024-05-15 00:00:00+00:00,WH-West,2449,0.9247,0.9889,0,123.95,0
2024-05-16 00:00:00+00:00,WH-West,2506,0.9675,0.9623,0,118.21,0
2024-05-17 00:00:00+00:00,WH-West,2272,0.8831,0.9852,0,112.58,0
2024-05-18 00:00:00+00:00,WH-West,2553,0.8846,0.9582,1,107.57,66
2024-05-19 00:00:00+00:00,WH-West,2825,0.9841,0.9382,0,129.39,0
2024-05-20 00:00:00+00:00,WH-West,2576,0.8906,0.9358,3,105.54,192
2024-05-21 00:00:00+00:00,WH-West,2271,0.9343,0.9582,0,109.43,0
2024-05-22 00:00:00+00:00,WH-West,2132,0.9352,0.9824,1,77.65,67
2024-05-23 00:00:00+00:00,WH-West,2121,0.9002,0.9795,1,79.86,33
2024-05-24 00:00:00+00:00,WH-West,2258,0.8989,0.9327,1,124.05,22
2024-05-25 00:00:00+00:00,WH-West,2457,0.9312,0.9876,0,114.03,0
2024-05-26 00:00:00+00:00,WH-West,2155,0.9077,0.9686,0,105.32,0
2024-05-27 00:00:00+00:00,WH-West,2592,0.9657,0.9589,0,133.28,0
2024-05-28 00:00:00+00:00,WH-West,2136,0.9577,0.9769,0,92.4,0
2024-05-29 00:00:00+00:00,WH-West,2375,0.8911,0.9545,0,93.25,0
2024-05-30 00:00:00+00:00,WH-West,2121,0.8903,0.9748,0,80.84,0
2024-05-31 00:00:00+00:00,WH-West,2364,0.9813,0.9521,0,84.48,0
2024-06-01 00:00:00+00:00,WH-West,2479,0.9613,0.9767,0,118.31,0
2024-06-02 00:00:00+00:00,WH-West,2362,0.9054,0.9511,1,111.44,78
2024-06-03 00:00:00+00:00,WH-West,2312,0.9253,0.9771,0,99.57,0
2024-06-04 00:00:00+00:00,WH-West,2219,0.995,0.9483,0,121.39,0
2024-06-05 00:00:00+00:00,WH-West,2093,0.9811,0.999,0,108.05,0
2024-06-06 00:00:00+00:00,WH-West,2326,0.9287,0.9797,0,103.13,0
2024-06-07 00:00:00+00:00,WH-West,2204,0.9307,0.9583,0,83.51,0
2024-06-08 00:00:00+00:00,WH-West,2469,0.9647,0.9834,0,116.34,0
2024-06-09 00:00:00+00:00,WH-West,2291,0.9218,0.9715,1,86.3,58
2024-06-10 00:00:00+00:00,WH-West,2438,0.995,0.9714,0,100.83,0
2024-06-11 00:00:00+00:00,WH-West,2234,0.8985,0.962,2,113.94,172
2024-06-12 00:00:00+00:00,WH-West,2348,0.9651,0.9843,0,99.99,0
2024-06-13 00:00:00+00:00,WH-West,2716,0.8507,0.9935,1,142.28,22
2024-06-14 00:00:00+00:00,WH-West,2101,0.9448,0.9385,0,93.82,0
2024-06-15 00:00:00+00:00,WH-West,2239,0.964,0.966,0,99.6,0
2024-06-16 00:00:00+00:00,WH-West,2386,0.8864,0.9757,1,92.03,28
2024-06-17 00:00:00+00:00,WH-West,2318,0.8993,0.9649,0,97.56,0
2024-06-18 00:00:00+00:00,WH-West,2026,0.965,0.9793,0,77.66,0
2024-06-19 00:00:00+00:00,WH-West,2216,0.9392,0.9698,0,113.48,0
2024-06-20 00:00:00+00:00,WH-West,2411,0.9332,0.9487,1,95.69,12
2024-06-21 00:00:00+00:00,WH-West,2495,0.8937,0.9919,0,90.51,0
2024-06-22 00:00:00+00:00,WH-West,2301,0.9263,0.9641,0,102.21,0
2024-06-23 00:00:00+00:00,WH-West,2072,0.9294,0.9924,0,92.59,0
2024-06-24 00:00:00+00:00,WH-West,2207,0.9414,0.9682,0,107.23,0
2024-06-25 00:00:00+00:00,WH-West,2218,0.938,0.9736,0,79.79,0
2024-06-26 00:00:00+00:00,WH-West,2402,0.9213,0.9895,0,97.94,0
2024-06-27 00:00:00+00:00,WH-West,2156,0.9408,0.9722,0,88.87,0
2024-06-28 00:00:00+00:00,WH-West,2562,0.9714,0.9605,1,119.24,26
2024-06-29 00:00:00+00:00,WH-West,2342,0.9072,0.9683,0,115.59,0
2024-06-30 00:00:00+00:00,WH-West,2477,0.9169,0.9834,0,106.42,0
2024-07-01 00:00:00+00:00,WH-West,2225,0.9316,0.9822,1,97.23,64
2024-07-02 00:00:00+00:00,WH-West,2414,0.9369,0.957,1,109.5,64
2024-07-03 00:00:00+00:00,WH-West,2745,0.9447,0.9946,0,102.63,0
2024-07-04 00:00:00+00:00,WH-West,2268,0.9192,0.9585,0,85.0,0
2024-07-05 00:00:00+00:00,WH-West,2373,0.904,0.9607,1,94.47,17
2024-07-06 00:00:00+00:00,WH-West,2166,0.9322,0.9656,0,88.33,0
2024-07-07 00:00:00+00:00,WH-West,2348,0.9156,0.9554,0,85.27,0
2024-07-08 00:00:00+00:00,WH-West,2349,0.9265,0.974,1,109.18,24
2024-07-09 00:00:00+00:00,WH-West,2316,0.8928,0.9636,0,90.41,0
2024-07-10 00:00:00+00:00,WH-West,2591,0.9839,0.9733,0,131.38,0
2024-07-11 00:00:00+00:00,WH-West,2127,0.9479,0.9759,0,108.91,0
2024-07-12 00:00:00+00:00,WH-West,2367,0.9519,0.9692,0,106.99,0
2024-07-13 00:00:00+00:00,WH-West,2348,0.9218,0.956,0,127.94,0
2024-07-14 00:00:00+00:00,WH-West,2361,0.9111,0.9572,0,127.41,0
2024-07-15 00:00:00+00:00,WH-West,2756,0.9255,0.9844,0,99.49,0
2024-07-16 00:00:00+00:00,WH-West,2410,0.9232,0.9506,1,93.4,54
2024-07-17 00:00:00+00:00,WH-West,2539,0.9443,0.991,0,103.32,0
2024-07-18 00:00:00+00:00,WH-West,2278,0.9815,0.9685,0,85.59,0
2024-07-19 00:00:00+00:00,WH-West,2434,0.9636,0.9428,1,92.17,64
2024-07-20 00:00:00+00:00,WH-West,2381,0.9406,0.9874,0,104.42,0
2024-07-21 00:00:00+00:00,WH-West,2595,0.9166,0.9739,1,101.84,44
2024-07-22 00:00:00+00:00,WH-West,2277,0.9826,0.9542,0,123.63,0
2024-07-23 00:00:00+00:00,WH-West,2229,0.9624,0.952,0,86.84,0
2024-07-24 00:00:00+00:00,WH-West,2664,0.9533,0.9685,1,135.04,70
2024-07-25 00:00:00+00:00,WH-West,2522,0.9622,0.9654,0,98.91,0
2024-07-26 00:00:00+00:00,WH-West,2379,0.9194,0.9562,1,96.28,12
2024-07-27 00:00:00+00:00,WH-West,2179,0.9557,0.9701,0,104.33,0
2024-07-28 00:00:00+00:00,WH-West,2289,0.928,0.9715,1,113.08,88
2024-07-29 00:00:00+00:00,WH-West,2611,0.9722,0.9791,0,108.48,0
2024-07-30 00:00:00+00:00,WH-West,2038,0.953,0.9691,0,80.51,0
2024-07-31 00:00:00+00:00,WH-West,2089,0.9634,0.9607,0,97.65,0
2024-08-01 00:00:00+00:00,WH-West,2227,0.9329,0.9693,0,90.38,0
2024-08-02 00:00:00+00:00,WH-West,1980,0.9156,0.9783,0,82.28,0
2024-08-03 00:00:00+00:00,WH-West,2219,0.9587,0.9602,0,116.26,0
2024-08-04 00:00:00+00:00,WH-West,2040,0.9128,0.9563,0,87.22,0
2024-08-05 00:00:00+00:00,WH-West,2495,0.9561,0.9764,0,101.07,0
2024-08-06 00:00:00+00:00,WH-West,1998,0.9389,0.9721,0,74.7,0
2024-08-07 00:00:00+00:00,WH-West,2203,0.9296,0.9951,0,84.09,0
2024-08-08 00:00:00+00:00,WH-West,2477,0.9675,0.9713,0,95.13,0
2024-08-09 00:00:00+00:00,WH-West,2399,0.902,0.9972,0,88.02,0
2024-08-10 00:00:00+00:00,WH-West,2590,0.9411,0.9477,1,141.21,73
2024-08-11 00:00:00+00:00,WH-West,2580,0.9578,0.9598,1,126.1,82
2024-08-12 00:00:00+00:00,WH-West,2197,0.8635,0.9853,1,109.62,30
2024-08-13 00:00:00+00:00,WH-West,2386,0.9765,0.948,0,98.79,0
2024-08-14 00:00:00+00:00,WH-West,2295,0.9382,0.9686,1,110.51,15
2024-08-15 00:00:00+00:00,WH-West,2385,0.9436,0.9686,0,129.82,0
2024-08-16 00:00:00+00:00,WH-West,1997,0.9231,0.9918,0,80.72,0
2024-08-17 00:00:00+00:00,WH-West,2288,0.922,0.9642,0,103.8,0
2024-08-18 00:00:00+00:00,WH-West,2630,0.9148,0.9753,0,112.25,0
2024-08-19 00:00:00+00:00,WH-West,2323,0.952,0.97,0,84.52,0
2024-08-20 00:00:00+00:00,WH-West,2152,0.8955,0.9642,1,99.62,43
2024-08-21 00:00:00+00:00,WH-West,2491,0.9359,0.9667,0,109.35,0
2024-08-22 00:00:00+00:00,WH-West,2214,0.9187,0.9619,2,92.52,40
2024-08-23 00:00:00+00:00,WH-West,2147,0.9189,0.9724,0,77.24,0
2024-08-24 00:00:00+00:00,WH-West,2171,0.898,0.9484,1,91.19,23
2024-08-25 00:00:00+00:00,WH-West,2430,0.935,0.9308,1,112.2,38
2024-08-26 00:00:00+00:00,WH-West,2217,0.984,0.954,0,118.47,0
2024-08-27 00:00:00+00:00,WH-West,2621,0.9309,0.9621,1,109.03,78
2024-08-28 00:00:00+00:00,WH-West,2600,0.9458,0.9475,0,125.25,0
2024-08-29 00:00:00+00:00,WH-West,2154,0.9439,0.986,0,93.21,0
2024-08-30 00:00:00+00:00,WH-West,2343,0.9346,0.9606,0,112.42,0
2024-08-31 00:00:00+00:00,WH-West,2295,0.9199,0.971,0,100.57,0
2024-09-01 00:00:00+00:00,WH-West,2087,0.9417,0.9682,0,95.3,0
2024-09-02 00:00:00+00:00,WH-West,2560,0.995,0.9515,0,96.41,0
2024-09-03 00:00:00+00:00,WH-West,2388,0.9361,0.9646,0,119.8,0
2024-09-04 00:00:00+00:00,WH-West,2322,0.9039,0.9752,0,118.95,0
2024-09-05 00:00:00+00:00,WH-West,2520,0.995,0.9685,0,127.57,0
2024-09-06 00:00:00+00:00,WH-West,2387,0.9608,0.965,0,90.73,0
2024-09-07 00:00:00+00:00,WH-West,2101,0.946,0.9921,0,110.92,0
2024-09-08 00:00:00+00:00,WH-West,2214,0.9668,0.9565,1,93.48,74
2024-09-09 00:00:00+00:00,WH-West,2151,0.9239,0.955,1,94.1,67
2024-09-10 00:00:00+00:00,WH-West,2136,0.9408,0.9559,1,112.98,55
2024-09-11 00:00:00+00:00,WH-West,2378,0.9771,0.949,0,99.6,0
2024-09-12 00:00:00+00:00,WH-West,2347,0.8962,0.9572,0,95.15,0
2024-09-13 00:00:00+00:00,WH-West,2452,0.9026,0.9689,1,130.14,86
2024-09-14 00:00:00+00:00,WH-West,2386,0.8811,0.9685,1,106.75,38
2024-09-15 00:00:00+00:00,WH-West,2198,0.9408,0.975,0,103.2,0
2024-09-16 00:00:00+00:00,WH-West,2413,0.9247,0.9587,0,123.15,0
2024-09-17 00:00:00+00:00,WH-West,2653,0.8957,0.9741,0,113.98,0
2024-09-18 00:00:00+00:00,WH-West,2339,0.916,0.9562,1,106.06,56
2024-09-19 00:00:00+00:00,WH-West,2341,0.9615,0.9735,1,87.28,70
2024-09-20 00:00:00+00:00,WH-West,2331,0.8982,0.9354,1,83.96,42
2024-09-21 00:00:00+00:00,WH-West,2239,0.9437,0.9422,0,109.96,0
2024-09-22 00:00:00+00:00,WH-West,2028,0.9333,0.999,0,79.88,0
2024-09-23 00:00:00+00:00,WH-West,2540,0.9675,0.9637,0,118.82,0
2024-09-24 00:00:00+00:00,WH-West,2188,0.9632,0.9755,0,104.6,0
2024-09-25 00:00:00+00:00,WH-West,2605,0.9258,0.9937,0,97.97,0
2024-09-26 00:00:00+00:00,WH-West,2299,0.9554,0.9402,0,101.04,0
2024-09-27 00:00:00+00:00,WH-West,2408,0.9469,0.9759,0,113.31,0
2024-09-28 00:00:00+00:00,WH-West,2368,0.9267,0.9714,0,86.23,0
2024-09-29 00:00:00+00:00,WH-West,2404,0.9482,0.9855,0,94.37,0
2024-09-30 00:00:00+00:00,WH-West,2495,0.9156,0.985,0,124.23,0
2024-10-01 00:00:00+00:00,WH-West,1973,0.9565,0.9848,0,80.86,0
2024-10-02 00:00:00+00:00,WH-West,2098,0.9433,0.97,0,83.41,0
2024-10-03 00:00:00+00:00,WH-West,2388,0.9393,0.9572,1,89.53,43
2024-10-04 00:00:00+00:00,WH-West,2370,0.9305,0.9979,0,118.32,0
2024-10-05 00:00:00+00:00,WH-West,2009,0.8835,0.9628,0,74.28,0
2024-10-06 00:00:00+00:00,WH-West,2224,0.9273,0.9447,1,115.41,69
2024-10-07 00:00:00+00:00,WH-West,2271,0.9523,0.9719,0,101.83,0
2024-10-08 00:00:00+00:00,WH-West,1988,0.8822,0.9442,1,82.65,31
2024-10-09 00:00:00+00:00,WH-West,2894,0.9377,0.9773,0,129.53,0
2024-10-10 00:00:00+00:00,WH-West,2413,0.995,0.9743,0,124.99,0
2024-10-11 00:00:00+00:00,WH-West,2482,0.912,0.999,0,92.77,0
2024-10-12 00:00:00+00:00,WH-West,2262,0.9411,0.9492,0,86.54,0
2024-10-13 00:00:00+00:00,WH-West,2216,0.9477,0.9845,0,94.42,0
2024-10-14 00:00:00+00:00,WH-West,2273,0.8933,0.9869,1,98.62,85
2024-10-15 00:00:00+00:00,WH-West,2293,0.9284,0.9567,1,100.4,78
2024-10-16 00:00:00+00:00,WH-West,2290,0.9139,0.97,0,81.9,0
2024-10-17 00:00:00+00:00,WH-West,2374,0.9487,0.9539,0,90.73,0
2024-10-18 00:00:00+00:00,WH-West,2300,0.9318,0.9798,0,121.93,0
2024-10-19 00:00:00+00:00,WH-West,2118,0.9419,0.9543,0,105.05,0
2024-10-20 00:00:00+00:00,WH-West,2479,0.9529,0.9677,0,106.42,0
2024-10-21 00:00:00+00:00,WH-West,2185,0.9576,0.979,0,110.87,0
2024-10-22 00:00:00+00:00,WH-West,2070,0.9227,0.999,0,74.79,0
2024-10-23 00:00:00+00:00,WH-West,2337,0.9449,0.9623,0,98.66,0
2024-10-24 00:00:00+00:00,WH-West,2350,0.9347,0.9885,0,117.76,0
2024-10-25 00:00:00+00:00,WH-West,2424,0.9481,0.9937,0,122.16,0
2024-10-26 00:00:00+00:00,WH-West,2389,0.9658,0.9508,1,97.07,29
2024-10-27 00:00:00+00:00,WH-West,2358,0.9033,0.9668,0,121.05,0
2024-10-28 00:00:00+00:00,WH-West,2273,0.8987,0.9847,0,85.85,0
2024-10-29 00:00:00+00:00,WH-West,2544,0.9395,0.9491,1,116.85,34
2024-10-30 00:00:00+00:00,WH-West,2228,0.967,0.9705,0,101.13,0
2024-10-31 00:00:00+00:00,WH-West,2363,0.9414,0.9867,0,97.17,0
2024-11-01 00:00:00+00:00,WH-West,2396,0.9865,0.9671,0,92.48,0
2024-11-02 00:00:00+00:00,WH-West,2554,0.9093,0.9682,0,132.93,0
2024-11-03 00:00:00+00:00,WH-West,2435,0.9334,0.9425,0,115.26,0
2024-11-04 00:00:00+00:00,WH-West,2408,0.9515,0.952,1,132.68,62
2024-11-05 00:00:00+00:00,WH-West,2080,0.9161,0.9458,1,95.93,88
2024-11-06 00:00:00+00:00,WH-West,2516,0.941,0.9527,0,120.58,0
2024-11-07 00:00:00+00:00,WH-West,2267,0.9314,0.9532,1,121.53,81
2024-11-08 00:00:00+00:00,WH-West,2620,0.947,0.9872,1,111.85,71
2024-11-09 00:00:00+00:00,WH-West,2245,0.8704,0.9704,1,81.47,51
2024-11-10 00:00:00+00:00,WH-West,2316,0.9272,0.9557,0,102.93,0
2024-11-11 00:00:00+00:00,WH-West,2378,0.9683,0.9302,1,95.27,67
2024-11-12 00:00:00+00:00,WH-West,2443,0.9402,0.999,0,110.32,0
2024-11-13 00:00:00+00:00,WH-West,2117,0.9073,0.9666,0,96.38,0
2024-11-14 00:00:00+00:00,WH-West,2118,0.947,0.971,0,110.53,0
2024-11-15 00:00:00+00:00,WH-West,2372,0.967,0.9673,0,99.82,0
2024-11-16 00:00:00+00:00,WH-West,2423,0.8997,0.9803,0,119.98,0
2024-11-17 00:00:00+00:00,WH-West,2079,0.8577,0.9333,1,114.81,43
2024-11-18 00:00:00+00:00,WH-West,2459,0.9351,0.9467,1,111.38,30
2024-11-19 00:00:00+00:00,WH-West,2495,0.9115,0.9574,0,99.02,0
2024-11-20 00:00:00+00:00,WH-West,2272,0.9625,0.9555,0,104.28,0
2024-11-21 00:00:00+00:00,WH-West,2119,0.9024,0.9693,2,86.92,118
2024-11-22 00:00:00+00:00,WH-West,2395,0.9311,0.9728,1,108.46,75
2024-11-23 00:00:00+00:00,WH-West,2318,0.9074,0.9509,0,125.06,0
2024-11-24 00:00:00+00:00,WH-West,2018,0.9255,0.9928,0,84.13,0
2024-11-25 00:00:00+00:00,WH-West,2209,0.9602,0.9651,0,109.52,0
2024-11-26 00:00:00+00:00,WH-West,2134,0.9318,0.9755,0,88.68,0
2024-11-27 00:00:00+00:00,WH-West,2398,0.8769,0.9607,1,124.53,49
2024-11-28 00:00:00+00:00,WH-West,2455,0.8922,0.9437,0,87.89,0
2024-11-29 00:00:00+00:00,WH-West,2441,0.9192,0.9433,0,105.08,0
2024-11-30 00:00:00+00:00,WH-West,2182,0.9122,0.9274,1,91.02,41
2024-12-01 00:00:00+00:00,WH-West,1965,0.9522,0.9553,0,86.05,0
2024-12-02 00:00:00+00:00,WH-West,2488,0.9322,0.9774,1,90.59,23
2024-12-03 00:00:00+00:00,WH-West,2168,0.9916,0.9629,0,94.54,0
2024-12-04 00:00:00+00:00,WH-West,2241,0.9291,0.9643,0,120.13,0
2024-12-05 00:00:00+00:00,WH-West,2344,0.9659,0.9867,0,84.29,0
2024-12-06 00:00:00+00:00,WH-West,2273,0.9315,0.996,0,98.18,0
2024-12-07 00:00:00+00:00,WH-West,2685,0.9523,0.99,0,112.68,0
2024-12-08 00:00:00+00:00,WH-West,2313,0.9648,0.9459,0,123.47,0
2024-12-09 00:00:00+00:00,WH-West,2380,0.9207,0.9628,0,85.8,0
2024-12-10 00:00:00+00:00,WH-West,2326,0.9161,0.9609,1,91.14,62
2024-12-11 00:00:00+00:00,WH-West,2259,0.9604,0.9288,2,81.14,106
2024-12-12 00:00:00+00:00,WH-West,2404,0.9289,0.9519,1,95.76,38
2024-12-13 00:00:00+00:00,WH-West,2425,0.9463,0.9815,0,119.12,0
2024-12-14 00:00:00+00:00,WH-West,2262,0.9002,0.969,1,109.69,35
2024-12-15 00:00:00+00:00,WH-West,2540,0.9383,0.9534,0,102.18,0
2024-12-16 00:00:00+00:00,WH-West,2302,0.8621,0.9688,1,87.23,20
2024-12-17 00:00:00+00:00,WH-West,2288,0.9339,0.9853,0,108.16,0
2024-12-18 00:00:00+00:00,WH-West,2195,0.9859,0.9686,0,114.32,0
2024-12-19 00:00:00+00:00,WH-West,2418,0.9559,0.9418,1,131.47,77
2024-12-20 00:00:00+00:00,WH-West,2548,0.9827,0.9698,0,132.45,0
2024-12-21 00:00:00+00:00,WH-West,2375,0.9353,0.9746,0,90.36,0
2024-12-22 00:00:00+00:00,WH-West,2604,0.8841,0.953,1,118.61,89
2024-12-23 00:00:00+00:00,WH-West,2263,0.9194,0.9705,1,81.92,13
2024-12-24 00:00:00+00:00,WH-West,2239,0.9234,0.9431,0,83.49,0
2024-12-25 00:00:00+00:00,WH-West,2129,0.9358,0.9756,0,79.32,0
2024-12-26 00:00:00+00:00,WH-West,1870,0.9651,0.9643,0,85.11,0
2024-12-27 00:00:00+00:00,WH-West,2315,0.9454,0.9449,1,109.5,42
2024-12-28 00:00:00+00:00,WH-West,2600,0.9631,0.9693,0,93.46,0
2024-12-29 00:00:00+00:00,WH-West,2345,0.9435,0.9719,1,85.11,74
2024-12-30 00:00:00+00:00,WH-West,2360,0.9249,0.9649,0,122.42,0
2024-12-31 00:00:00+00:00,WH-West,2580,0.916,0.9607,0,120.7,0
2025-01-01 00:00:00+00:00,WH-West,1773,0.9338,0.9607,0,63.71,0
2025-01-02 00:00:00+00:00,WH-West,2371,0.9292,0.9702,0,92.1,0
2025-01-03 00:00:00+00:00,WH-West,2457,0.9748,0.9711,0,132.7,0
2025-01-04 00:00:00+00:00,WH-West,2278,0.9717,0.9477,0,84.61,0
2025-01-05 00:00:00+00:00,WH-West,2350,0.9231,0.9564,0,86.78,0
2025-01-06 00:00:00+00:00,WH-West,2270,0.8935,0.9544,0,96.13,0
2025-01-07 00:00:00+00:00,WH-West,2612,0.9277,0.9326,0,142.83,0
2025-01-08 00:00:00+00:00,WH-West,2352,0.9792,0.9604,0,92.72,0
2025-01-09 00:00:00+00:00,WH-West,2404,0.8988,0.999,0,110.03,0
2025-01-10 00:00:00+00:00,WH-West,2457,0.9178,0.9942,0,136.15,0
2025-01-11 00:00:00+00:00,WH-West,1954,0.8712,0.9622,0,77.81,0
2025-01-12 00:00:00+00:00,WH-West,2383,0.9402,0.9733,0,111.22,0
2025-01-13 00:00:00+00:00,WH-West,2223,0.9188,0.9415,0,85.68,0
2025-01-14 00:00:00+00:00,WH-West,2557,0.8938,0.9586,1,108.94,53
2025-01-15 00:00:00+00:00,WH-West,2377,0.8966,0.9648,0,118.28,0
2025-01-16 00:00:00+00:00,WH-West,2347,0.8895,0.9779,0,89.19,0
2025-01-17 00:00:00+00:00,WH-West,2239,0.9408,0.9848,1,113.71,81
2025-01-18 00:00:00+00:00,WH-West,2270,0.967,0.976,0,111.45,0
2025-01-19 00:00:00+00:00,WH-West,2071,0.9316,0.9734,0,91.82,0
2025-01-20 00:00:00+00:00,WH-West,2381,0.995,0.9564,0,124.37,0
2025-01-21 00:00:00+00:00,WH-West,2255,0.9519,0.965,0,83.32,0
2025-01-22 00:00:00+00:00,WH-West,2458,0.9735,0.9823,0,89.57,0
2025-01-23 00:00:00+00:00,WH-West,2517,0.928,0.9652,0,113.97,0
2025-01-24 00:00:00+00:00,WH-West,2117,0.886,0.9361,1,108.71,77
2025-01-25 00:00:00+00:00,WH-West,2149,0.9154,0.9765,0,101.52,0
2025-01-26 00:00:00+00:00,WH-West,2339,0.8735,0.9847,0,110.47,0
2025-01-27 00:00:00+00:00,WH-West,2473,0.9423,0.9634,1,117.57,57
2025-01-28 00:00:00+00:00,WH-West,2107,0.9598,0.9764,0,88.06,0
2025-01-29 00:00:00+00:00,WH-West,2114,0.8977,0.9802,1,82.45,35
2025-01-30 00:00:00+00:00,WH-West,2235,0.9476,0.9927,0,90.3,0
2025-01-31 00:00:00+00:00,WH-West,2264,0.891,0.9478,2,101.06,72
2025-02-01 00:00:00+00:00,WH-West,2517,0.929,0.999,0,92.96,0
2025-02-02 00:00:00+00:00,WH-West,2625,0.9195,0.973,1,100.04,76
2025-02-03 00:00:00+00:00,WH-West,2445,0.9558,0.9493,1,96.89,21
2025-02-04 00:00:00+00:00,WH-West,2367,0.952,0.9607,0,117.32,0
2025-02-05 00:00:00+00:00,WH-West,1972,0.914,0.9909,0,70.74,0
2025-02-06 00:00:00+00:00,WH-West,2255,0.9412,0.9681,0,111.51,0
2025-02-07 00:00:00+00:00,WH-West,2409,0.9536,0.9632,0,114.03,0
2025-02-08 00:00:00+00:00,WH-West,2554,0.9747,0.9724,0,109.58,0
2025-02-09 00:00:00+00:00,WH-West,2449,0.9432,0.9571,0,123.91,0
2025-02-10 00:00:00+00:00,WH-West,2313,0.9457,0.9851,0,112.38,0
2025-02-11 00:00:00+00:00,WH-West,2374,0.9165,0.9491,1,128.4,75
2025-02-12 00:00:00+00:00,WH-West,2590,0.9485,0.9756,0,101.75,0
2025-02-13 00:00:00+00:00,WH-West,2112,0.9832,0.987,0,84.31,0
2025-02-14 00:00:00+00:00,WH-West,2160,0.964,0.9856,0,82.08,0
2025-02-15 00:00:00+00:00,WH-West,2180,0.9336,0.962,0,85.64,0
2025-02-16 00:00:00+00:00,WH-West,2040,0.952,0.9703,0,95.73,0
2025-02-17 00:00:00+00:00,WH-West,2246,0.995,0.9938,0,111.52,0
2025-02-18 00:00:00+00:00,WH-West,2453,0.9352,0.9804,0,115.41,0
2025-02-19 00:00:00+00:00,WH-West,2180,0.8841,0.9518,1,101.64,71
2025-02-20 00:00:00+00:00,WH-West,2422,0.9077,0.9455,0,120.76,0
2025-02-21 00:00:00+00:00,WH-West,2572,0.9517,0.9692,0,133.07,0
2025-02-22 00:00:00+00:00,WH-West,1839,0.9928,0.9436,0,82.32,0
2025-02-23 00:00:00+00:00,WH-West,2369,0.9273,0.9709,0,129.05,0
2025-02-24 00:00:00+00:00,WH-West,2271,0.8973,0.9922,1,123.8,69
2025-02-25 00:00:00+00:00,WH-West,2237,0.8712,0.9568,3,119.39,195
2025-02-26 00:00:00+00:00,WH-West,2503,0.9528,0.99,0,97.53,0
2025-02-27 00:00:00+00:00,WH-West,2285,0.9447,0.9682,2,125.26,122
2025-02-28 00:00:00+00:00,WH-West,2351,0.9913,0.9653,0,128.7,0
2025-03-01 00:00:00+00:00,WH-West,2667,0.9514,0.984,0,134.93,0
2025-03-02 00:00:00+00:00,WH-West,2461,0.9644,0.9932,0,99.88,0
2025-03-03 00:00:00+00:00,WH-West,2522,0.9355,0.9692,0,109.25,0
2025-03-04 00:00:00+00:00,WH-West,2351,0.9067,0.9875,0,100.3,0
2025-03-05 00:00:00+00:00,WH-West,1860,0.9626,0.976,0,80.2,0
2025-03-06 00:00:00+00:00,WH-West,2577,0.9311,0.9966,0,99.08,0
2025-03-07 00:00:00+00:00,WH-West,2240,0.9645,0.9474,1,82.95,88
2025-03-08 00:00:00+00:00,WH-West,2349,0.9063,0.9701,0,98.82,0
2025-03-09 00:00:00+00:00,WH-West,2104,0.914,0.9624,0,87.54,0
2025-03-10 00:00:00+00:00,WH-West,2183,0.8746,0.9445,1,81.14,50
2025-03-11 00:00:00+00:00,WH-West,2353,0.8624,0.9727,1,91.53,79
2025-03-12 00:00:00+00:00,WH-West,2455,0.995,0.9725,0,126.68,0
2025-03-13 00:00:00+00:00,WH-West,2291,0.9303,0.9696,1,91.58,72
2025-03-14 00:00:00+00:00,WH-West,2265,0.9475,0.9782,0,100.52,0
2025-03-15 00:00:00+00:00,WH-West,2244,0.9382,0.97,1,105.52,17
2025-03-16 00:00:00+00:00,WH-West,1871,0.9386,0.987,0,88.74,0
2025-03-17 00:00:00+00:00,WH-West,2405,0.9465,0.9873,0,95.26,0
2025-03-18 00:00:00+00:00,WH-West,2465,0.9029,0.9567,0,97.8,0
2025-03-19 00:00:00+00:00,WH-West,2464,0.9603,0.9762,0,101.04,0
2025-03-20 00:00:00+00:00,WH-West,2459,0.9354,0.9824,0,119.62,0
2025-03-21 00:00:00+00:00,WH-West,2243,0.8973,0.9481,1,121.25,45
2025-03-22 00:00:00+00:00,WH-West,2015,0.9012,0.9574,1,74.93,79
2025-03-23 00:00:00+00:00,WH-West,2589,0.9144,0.967,0,118.49,0
2025-03-24 00:00:00+00:00,WH-West,2232,0.9027,0.9506,2,121.46,112
2025-03-25 00:00:00+00:00,WH-West,2229,0.9269,0.972,0,98.61,0
2025-03-26 00:00:00+00:00,WH-West,2445,0.8935,0.9274,2,106.27,138
2025-03-27 00:00:00+00:00,WH-West,2288,0.9688,0.9845,0,84.03,0
2025-03-28 00:00:00+00:00,WH-West,2350,0.9401,0.9648,0,114.28,0
2025-03-29 00:00:00+00:00,WH-West,2359,0.9532,0.9832,0,92.24,0
2025-03-30 00:00:00+00:00,WH-West,2466,0.9225,0.9858,0,119.67,0
2025-03-31 00:00:00+00:00,WH-West,2566,0.936,0.9646,1,98.71,17
2025-04-01 00:00:00+00:00,WH-West,2498,0.9461,0.9662,0,112.86,0
2025-04-02 00:00:00+00:00,WH-West,2823,0.9231,0.9799,0,125.12,0
2025-04-03 00:00:00+00:00,WH-West,2526,0.9236,0.957,0,94.11,0
2025-04-04 00:00:00+00:00,WH-West,2255,0.9458,0.9834,0,99.8,0
2025-04-05 00:00:00+00:00,WH-West,2634,0.9071,0.936,0,101.86,0
2025-04-06 00:00:00+00:00,WH-West,2469,0.96,0.9666,0,91.99,0
2025-04-07 00:00:00+00:00,WH-West,2377,0.9606,0.9714,0,90.17,0
2025-04-08 00:00:00+00:00,WH-West,2620,0.9526,0.9786,0,138.08,0
2025-04-09 00:00:00+00:00,WH-West,2316,0.9341,0.9804,1,103.53,18
2025-04-10 00:00:00+00:00,WH-West,2370,0.9182,0.987,0,91.75,0
2025-04-11 00:00:00+00:00,WH-West,2480,0.9134,0.9567,1,119.32,53
2025-04-12 00:00:00+00:00,WH-West,2244,0.9336,0.9741,1,96.17,25
2025-04-13 00:00:00+00:00,WH-West,2423,0.9706,0.9682,0,122.71,0
2025-04-14 00:00:00+00:00,WH-West,2104,0.9413,0.9676,1,84.71,40
2025-04-15 00:00:00+00:00,WH-West,2308,0.9573,0.9566,0,116.11,0
2025-04-16 00:00:00+00:00,WH-West,1994,0.9562,0.9495,1,101.64,82
2025-04-17 00:00:00+00:00,WH-West,2234,0.995,0.9677,1,84.37,89
2025-04-18 00:00:00+00:00,WH-West,2448,0.9376,0.9859,0,124.56,0
2025-04-19 00:00:00+00:00,WH-West,2338,0.9782,0.962,0,92.41,0
2025-04-20 00:00:00+00:00,WH-West,2443,0.9792,0.9789,0,87.55,0
2025-04-21 00:00:00+00:00,WH-West,2430,0.906,0.9757,0,97.83,0
2025-04-22 00:00:00+00:00,WH-West,2150,0.9591,0.9663,0,84.61,0
2025-04-23 00:00:00+00:00,WH-West,2275,0.9738,0.9348,1,86.94,53
2025-04-24 00:00:00+00:00,WH-West,2169,0.9234,0.9547,0,81.53,0
2025-04-25 00:00:00+00:00,WH-West,2454,0.9575,0.9828,0,96.48,0
2025-04-26 00:00:00+00:00,WH-West,2094,0.9672,0.999,0,85.36,0
2025-04-27 00:00:00+00:00,WH-West,2032,0.9424,0.9697,0,106.04,0
2025-04-28 00:00:00+00:00,WH-West,2198,0.9455,0.9919,0,93.57,0
2025-04-29 00:00:00+00:00,WH-West,2691,0.9203,0.9764,1,128.06,56
2025-04-30 00:00:00+00:00,WH-West,2452,0.9043,0.9807,0,98.54,0
2025-05-01 00:00:00+00:00,WH-West,2371,0.9421,0.957,0,90.04,0
2025-05-02 00:00:00+00:00,WH-West,2485,0.9341,0.9525,0,126.08,0
2025-05-03 00:00:00+00:00,WH-West,2320,0.9543,0.9809,0,84.51,0
2025-05-04 00:00:00+00:00,WH-West,2177,0.9017,0.9826,0,91.38,0
2025-05-05 00:00:00+00:00,WH-West,2303,0.9626,0.981,0,120.92,0
2025-05-06 00:00:00+00:00,WH-West,2331,0.9362,0.9562,1,101.73,82
2025-05-07 00:00:00+00:00,WH-West,2328,0.9225,0.984,1,86.42,24
2025-05-08 00:00:00+00:00,WH-West,2360,0.9788,0.9842,0,93.35,0
2025-05-09 00:00:00+00:00,WH-West,2411,0.9329,0.9639,0,122.74,0
2025-05-10 00:00:00+00:00,WH-West,2381,0.9239,0.9638,0,102.38,0
2025-05-11 00:00:00+00:00,WH-West,2562,0.9056,0.922,1,103.46,29
2025-05-12 00:00:00+00:00,WH-West,2406,0.961,0.9742,0,113.0,0
2025-05-13 00:00:00+00:00,WH-West,2236,0.9772,0.9941,0,81.47,0
2025-05-14 00:00:00+00:00,WH-West,2710,0.8845,0.9725,1,125.9,70
2025-05-15 00:00:00+00:00,WH-West,2424,0.943,0.955,1,110.31,25
2025-05-16 00:00:00+00:00,WH-West,2667,0.9489,0.9653,0,120.48,0
2025-05-17 00:00:00+00:00,WH-West,2624,0.8666,0.9435,1,101.48,49
2025-05-18 00:00:00+00:00,WH-West,2270,0.9127,0.9789,0,87.16,0
2025-05-19 00:00:00+00:00,WH-West,2574,0.9409,0.9763,0,118.47,0
2025-05-20 00:00:00+00:00,WH-West,2424,0.9405,0.985,0,126.39,0
2025-05-21 00:00:00+00:00,WH-West,2125,0.9378,0.9621,0,92.27,0
2025-05-22 00:00:00+00:00,WH-West,2417,0.9498,0.9463,0,123.72,0
2025-05-23 00:00:00+00:00,WH-West,2469,0.9485,0.979,0,109.95,0
2025-05-24 00:00:00+00:00,WH-West,2493,0.8941,0.9744,0,110.19,0
2025-05-25 00:00:00+00:00,WH-West,2287,0.8565,0.967,2,86.14,120
2025-05-26 00:00:00+00:00,WH-West,2313,0.9319,0.9544,2,94.87,110
2025-05-27 00:00:00+00:00,WH-West,2200,0.955,0.9689,1,89.63,66
2025-05-28 00:00:00+00:00,WH-West,2241,0.8971,0.9804,0,115.49,0
2025-05-29 00:00:00+00:00,WH-West,2485,0.9304,0.9642,1,118.15,21
2025-05-30 00:00:00+00:00,WH-West,2399,0.9406,0.9537,1,92.12,85
2025-05-31 00:00:00+00:00,WH-West,2397,0.9723,0.9811,0,98.92,0
2025-06-01 00:00:00+00:00,WH-West,2446,0.8936,0.9531,2,106.22,154
2025-06-02 00:00:00+00:00,WH-West,2307,0.931,0.9406,1,111.06,65
2025-06-03 00:00:00+00:00,WH-West,2300,0.9376,0.9631,0,98.35,0
2025-06-04 00:00:00+00:00,WH-West,2330,0.9918,0.9869,0,99.23,0
2025-06-05 00:00:00+00:00,WH-West,2258,0.9226,0.9427,1,91.44,57
2025-06-06 00:00:00+00:00,WH-West,2222,0.9127,0.9501,1,87.81,21
2025-06-07 00:00:00+00:00,WH-West,2617,0.9244,0.9938,1,141.13,19
2025-06-08 00:00:00+00:00,WH-West,2348,0.948,0.9807,0,107.6,0
2025-06-09 00:00:00+00:00,WH-West,2393,0.9059,0.9385,1,110.91,29
2025-06-10 00:00:00+00:00,WH-West,2640,0.9164,0.9257,2,104.05,128
2025-06-11 00:00:00+00:00,WH-West,2342,0.9831,0.9804,0,85.55,0
2025-06-12 00:00:00+00:00,WH-West,2221,0.9488,0.9712,0,107.03,0
2025-06-13 00:00:00+00:00,WH-West,2158,0.883,0.9765,0,114.26,0
2025-06-14 00:00:00+00:00,WH-West,2403,0.8996,0.9836,0,123.61,0
2025-06-15 00:00:00+00:00,WH-West,2316,0.9061,0.9782,0,98.23,0
2025-06-16 00:00:00+00:00,WH-West,2348,0.9481,0.9685,0,117.54,0
2025-06-17 00:00:00+00:00,WH-West,2646,0.9164,0.9812,0,104.14,0
2025-06-18 00:00:00+00:00,WH-West,2360,0.9706,0.9659,0,112.25,0
2025-06-19 00:00:00+00:00,WH-West,2384,0.961,0.9513,0,86.59,0
2025-06-20 00:00:00+00:00,WH-West,2558,0.9463,0.9735,0,130.96,0
2025-06-21 00:00:00+00:00,WH-West,2397,0.9315,0.9836,0,88.57,0
2025-06-22 00:00:00+00:00,WH-West,2519,0.9124,0.9539,1,109.9,61
2025-06-23 00:00:00+00:00,WH-West,2600,0.9073,0.9823,0,140.31,0
2025-06-24 00:00:00+00:00,WH-West,2625,0.9527,0.9686,0,103.36,0
2025-06-25 00:00:00+00:00,WH-West,2439,0.9079,0.9581,2,119.47,44
2025-06-26 00:00:00+00:00,WH-West,2046,0.9438,0.9584,0,111.29,0
2025-06-27 00:00:00+00:00,WH-West,2451,0.9527,0.9551,0,123.67,0
2025-06-28 00:00:00+00:00,WH-West,2444,0.9034,0.9639,1,102.37,50
2025-06-29 00:00:00+00:00,WH-West,2388,0.9092,0.94,1,127.53,55
2025-06-30 00:00:00+00:00,WH-West,2267,0.9347,0.9825,0,89.78,0
2025-07-01 00:00:00+00:00,WH-West,1956,0.9144,0.9769,0,71.78,0
2025-07-02 00:00:00+00:00,WH-West,2236,0.9485,0.9649,0,96.69,0
2025-07-03 00:00:00+00:00,WH-West,2232,0.9208,0.956,0,113.08,0
2025-07-04 00:00:00+00:00,WH-West,2485,0.8993,0.9897,0,97.73,0
2025-07-05 00:00:00+00:00,WH-West,2176,0.9652,0.9767,0,104.49,0
2025-07-06 00:00:00+00:00,WH-West,2371,0.955,0.9471,0,92.57,0
2025-07-07 00:00:00+00:00,WH-West,2256,0.8869,0.9816,0,106.85,0
2025-07-08 00:00:00+00:00,WH-West,2231,0.8623,0.9493,1,106.17,12
2025-07-09 00:00:00+00:00,WH-West,2571,0.9491,0.9688,0,94.31,0
2025-07-10 00:00:00+00:00,WH-West,2365,0.9881,0.977,0,106.94,0
2025-07-11 00:00:00+00:00,WH-West,2616,0.9201,0.9686,2,112.6,56
2025-07-12 00:00:00+00:00,WH-West,2300,0.9121,0.9791,0,95.22,0
2025-07-13 00:00:00+00:00,WH-West,2280,0.8959,0.9576,2,117.96,48
2025-07-14 00:00:00+00:00,WH-West,2571,0.9622,0.9562,0,104.15,0
2025-07-15 00:00:00+00:00,WH-West,2297,0.9411,0.9575,0,91.01,0
2025-07-16 00:00:00+00:00,WH-West,2497,0.9229,0.9519,1,127.56,54
2025-07-17 00:00:00+00:00,WH-West,2404,0.9552,0.9787,0,119.71,0
2025-07-18 00:00:00+00:00,WH-West,2379,0.995,0.9559,0,112.75,0
2025-07-19 00:00:00+00:00,WH-West,2594,0.9505,0.9591,0,136.66,0
2025-07-20 00:00:00+00:00,WH-West,2326,0.9067,0.9857,0,84.91,0
2025-07-21 00:00:00+00:00,WH-West,2336,0.9308,0.9706,1,93.7,62
2025-07-22 00:00:00+00:00,WH-West,2412,0.9777,0.9646,0,105.5,0
2025-07-23 00:00:00+00:00,WH-West,2433,0.9471,0.9625,1,127.43,82
2025-07-24 00:00:00+00:00,WH-West,2502,0.9293,0.95,0,120.61,0
2025-07-25 00:00:00+00:00,WH-West,2209,0.9634,0.9717,0,79.58,0
2025-07-26 00:00:00+00:00,WH-West,2359,0.9596,0.9498,0,127.53,0
2025-07-27 00:00:00+00:00,WH-West,2144,0.9556,0.9773,1,100.67,21
2025-07-28 00:00:00+00:00,WH-West,2281,0.9265,0.9786,0,114.46,0
2025-07-29 00:00:00+00:00,WH-West,2100,0.9055,0.9726,0,104.66,0
2025-07-30 00:00:00+00:00,WH-West,2197,0.9454,0.9721,0,112.44,0
2025-07-31 00:00:00+00:00,WH-West,2483,0.8925,0.972,0,118.97,0
2025-08-01 00:00:00+00:00,WH-West,2321,0.9018,0.9455,2,84.89,120
2025-08-02 00:00:00+00:00,WH-West,2482,0.8718,0.9731,1,101.97,21
2025-08-03 00:00:00+00:00,WH-West,2374,0.9321,0.9747,0,88.39,0
2025-08-04 00:00:00+00:00,WH-West,2330,0.9479,0.9856,0,96.86,0
2025-08-05 00:00:00+00:00,WH-West,2500,0.9064,0.9501,2,120.25,156
2025-08-06 00:00:00+00:00,WH-West,2303,0.9289,0.9879,0,94.9,0
2025-08-07 00:00:00+00:00,WH-West,2104,0.9053,0.9583,0,89.37,0
2025-08-08 00:00:00+00:00,WH-West,2296,0.893,0.9395,0,93.09,0
2025-08-09 00:00:00+00:00,WH-West,2435,0.9528,0.9529,0,114.41,0
2025-08-10 00:00:00+00:00,WH-West,2166,0.9124,0.959,0,98.05,0
2025-08-11 00:00:00+00:00,WH-West,2190,0.9534,0.9559,0,108.81,0
2025-08-12 00:00:00+00:00,WH-West,2485,0.9139,0.958,2,89.13,164
2025-08-13 00:00:00+00:00,WH-West,2169,0.9632,0.9609,0,102.59,0
2025-08-14 00:00:00+00:00,WH-West,2314,0.9392,0.9779,1,112.04,31
2025-08-15 00:00:00+00:00,WH-West,1999,0.8933,0.9323,3,92.2,108
2025-08-16 00:00:00+00:00,WH-West,2737,0.9508,0.9621,1,102.77,73
2025-08-17 00:00:00+00:00,WH-West,2414,0.9229,0.9748,0,111.5,0
2025-08-18 00:00:00+00:00,WH-West,2343,0.9318,0.9661,0,100.08,0
2025-08-19 00:00:00+00:00,WH-West,2470,0.8981,0.9719,1,92.49,32
2025-08-20 00:00:00+00:00,WH-West,2762,0.8795,0.9668,1,142.7,48
2025-08-21 00:00:00+00:00,WH-West,2219,0.957,0.9703,0,94.55,0
2025-08-22 00:00:00+00:00,WH-West,2660,0.9489,0.944,0,95.13,0
2025-08-23 00:00:00+00:00,WH-West,2538,0.9208,0.9704,0,128.27,0
2025-08-24 00:00:00+00:00,WH-West,2491,0.9425,0.9544,0,110.61,0
2025-08-25 00:00:00+00:00,WH-West,2630,0.9413,0.9608,1,111.08,20
2025-08-26 00:00:00+00:00,WH-West,2155,0.9335,0.9618,0,117.99,0
2025-08-27 00:00:00+00:00,WH-West,2395,0.9497,0.9647,0,108.27,0
2025-08-28 00:00:00+00:00,WH-West,2722,0.9562,0.9588,1,116.49,56
2025-08-29 00:00:00+00:00,WH-West,2551,0.9201,0.9446,1,130.0,35
2025-08-30 00:00:00+00:00,WH-West,1927,0.9014,0.9597,1,100.62,29
2025-08-31 00:00:00+00:00,WH-West,2464,0.9642,0.9947,0,108.7,0
2025-09-01 00:00:00+00:00,WH-West,2096,0.9573,0.9988,0,75.24,0
2025-09-02 00:00:00+00:00,WH-West,2368,0.9676,0.9641,0,87.46,0
2025-09-03 00:00:00+00:00,WH-West,2329,0.9066,0.9801,0,117.26,0
2025-09-04 00:00:00+00:00,WH-West,2594,0.9623,0.9765,0,104.35,0
2025-09-05 00:00:00+00:00,WH-West,2474,0.9823,0.9453,1,94.91,40
2025-09-06 00:00:00+00:00,WH-West,2463,0.8896,0.9838,0,122.92,0
2025-09-07 00:00:00+00:00,WH-West,2080,0.995,0.9559,0,98.94,0
2025-09-08 00:00:00+00:00,WH-West,2413,0.9668,0.9489,0,99.3,0
2025-09-09 00:00:00+00:00,WH-West,2209,0.9425,0.9697,0,88.21,0
2025-09-10 00:00:00+00:00,WH-West,1903,0.925,0.9491,1,82.85,83
2025-09-11 00:00:00+00:00,WH-West,2337,0.9444,0.9754,1,108.28,18
2025-09-12 00:00:00+00:00,WH-West,2385,0.9386,0.9488,0,85.91,0
2025-09-13 00:00:00+00:00,WH-West,1961,0.9581,0.9269,1,107.92,38
2025-09-14 00:00:00+00:00,WH-West,2288,0.9829,0.9483,0,99.17,0
2025-09-15 00:00:00+00:00,WH-West,2355,0.9141,0.9768,1,120.22,74
2025-09-16 00:00:00+00:00,WH-West,2295,0.9447,0.9677,0,107.0,0
2025-09-17 00:00:00+00:00,WH-West,2280,0.8908,0.99,0,120.65,0
2025-09-18 00:00:00+00:00,WH-West,2084,0.971,0.9508,1,76.31,33
2025-09-19 00:00:00+00:00,WH-West,2731,0.9199,0.9682,0,150.25,0
2025-09-20 00:00:00+00:00,WH-West,2616,0.9341,0.9554,0,144.65,0
2025-09-21 00:00:00+00:00,WH-West,2292,0.9301,0.9804,0,98.64,0
2025-09-22 00:00:00+00:00,WH-West,2430,0.9173,0.9616,1,129.61,22
2025-09-23 00:00:00+00:00,WH-West,2205,0.9091,0.9567,1,119.85,76
2025-09-24 00:00:00+00:00,WH-West,2232,0.9371,0.9614,0,90.87,0
2025-09-25 00:00:00+00:00,WH-West,2394,0.9335,0.9556,1,115.83,52
2025-09-26 00:00:00+00:00,WH-West,2502,0.9714,0.9534,0,91.0,0
2025-09-27 00:00:00+00:00,WH-West,2268,0.9578,0.9855,0,83.1,0
2025-09-28 00:00:00+00:00,WH-West,2098,0.9398,0.987,0,94.44,0
2025-09-29 00:00:00+00:00,WH-West,1927,0.9323,0.9715,1,79.56,32
2025-09-30 00:00:00+00:00,WH-West,1990,0.9906,0.9688,0,87.73,0
2025-10-01 00:00:00+00:00,WH-West,2376,0.9422,0.9813,0,128.28,0
2025-10-02 00:00:00+00:00,WH-West,2565,0.9916,0.9811,0,97.48,0
2025-10-03 00:00:00+00:00,WH-West,2148,0.9689,0.9835,0,105.28,0
2025-10-04 00:00:00+00:00,WH-West,2382,0.9458,0.9587,0,89.38,0
2025-10-05 00:00:00+00:00,WH-West,2591,0.9646,0.972,0,96.88,0
2025-10-06 00:00:00+00:00,WH-West,2626,0.9284,0.9674,0,110.08,0
2025-10-07 00:00:00+00:00,WH-West,2278,0.9266,0.9686,1,101.08,16
2025-10-08 00:00:00+00:00,WH-West,2225,0.9398,0.9395,1,116.18,66
2025-10-09 00:00:00+00:00,WH-West,2472,0.9713,0.9792,0,93.94,0
2025-10-10 00:00:00+00:00,WH-West,2306,0.9582,0.9793,0,82.38,0
2025-10-11 00:00:00+00:00,WH-West,1977,0.9305,0.999,0,75.19,0
2025-10-12 00:00:00+00:00,WH-West,2473,0.9424,0.9492,1,90.84,58
2025-10-13 00:00:00+00:00,WH-West,2294,0.9319,0.9678,0,84.57,0
2025-10-14 00:00:00+00:00,WH-West,2369,0.9549,0.9693,0,100.27,0
2025-10-15 00:00:00+00:00,WH-West,2613,0.9322,0.9601,1,95.59,57
2025-10-16 00:00:00+00:00,WH-West,2457,0.9882,0.9463,1,107.59,18
2025-10-17 00:00:00+00:00,WH-West,2427,0.9086,0.9698,1,98.63,75
2025-10-18 00:00:00+00:00,WH-West,2447,0.9189,0.9899,0,99.41,0
2025-10-19 00:00:00+00:00,WH-West,2328,0.949,0.9726,1,118.92,56
2025-10-20 00:00:00+00:00,WH-West,2488,0.9268,0.947,0,100.38,0
2025-10-21 00:00:00+00:00,WH-West,2420,0.9521,0.988,0,87.25,0
2025-10-22 00:00:00+00:00,WH-West,2355,0.9392,0.9945,0,101.56,0
2025-10-23 00:00:00+00:00,WH-West,2119,0.9383,0.9878,0,109.64,0
2025-10-24 00:00:00+00:00,WH-West,2377,0.953,0.9604,0,119.86,0
2025-10-25 00:00:00+00:00,WH-West,2134,0.9308,0.9744,0,107.89,0
2025-10-26 00:00:00+00:00,WH-West,2161,0.9263,0.9445,0,91.7,0
2025-10-27 00:00:00+00:00,WH-West,2147,0.9086,0.9449,0,77.71,0
2025-10-28 00:00:00+00:00,WH-West,2578,0.9147,0.972,0,120.63,0
2025-10-29 00:00:00+00:00,WH-West,2151,0.943,0.9647,2,82.29,124
2025-10-30 00:00:00+00:00,WH-West,2549,0.9384,0.9988,0,103.71,0
2025-10-31 00:00:00+00:00,WH-West,2229,0.9159,0.9713,0,103.73,0
2025-11-01 00:00:00+00:00,WH-West,2447,0.9721,0.9648,0,106.17,0
2025-11-02 00:00:00+00:00,WH-West,2215,0.9029,0.9691,1,86.28,49
2025-11-03 00:00:00+00:00,WH-West,2456,0.9411,0.9149,2,113.89,86
2025-11-04 00:00:00+00:00,WH-West,2869,0.8937,0.9649,1,140.59,23
2025-11-05 00:00:00+00:00,WH-West,2479,0.9258,0.9729,0,94.72,0
2025-11-06 00:00:00+00:00,WH-West,2508,0.988,0.9689,0,110.54,0
2025-11-07 00:00:00+00:00,WH-West,2162,0.9567,0.9621,0,91.17,0
2025-11-08 00:00:00+00:00,WH-West,2330,0.9645,0.9809,0,84.01,0
2025-11-09 00:00:00+00:00,WH-West,2177,0.8925,0.9601,0,117.28,0
2025-11-10 00:00:00+00:00,WH-West,2081,0.9505,0.9644,0,99.99,0
2025-11-11 00:00:00+00:00,WH-West,2516,0.9333,0.9622,0,92.76,0
2025-11-12 00:00:00+00:00,WH-West,2317,0.9893,0.9552,0,89.1,0
2025-11-13 00:00:00+00:00,WH-West,2302,0.9435,0.9883,0,118.63,0
2025-11-14 00:00:00+00:00,WH-West,2393,0.9187,0.9481,0,97.96,0
2025-11-15 00:00:00+00:00,WH-West,2074,0.904,0.9522,0,101.41,0
2025-11-16 00:00:00+00:00,WH-West,2344,0.902,0.9487,1,93.53,13
2025-11-17 00:00:00+00:00,WH-West,2273,0.929,0.9724,0,106.22,0
2025-11-18 00:00:00+00:00,WH-West,2428,0.9048,0.9683,0,98.5,0
2025-11-19 00:00:00+00:00,WH-West,2117,0.9158,0.9375,1,79.66,18
2025-11-20 00:00:00+00:00,WH-West,2440,0.9405,0.9702,0,92.71,0
2025-11-21 00:00:00+00:00,WH-West,2114,0.932,0.9456,1,79.16,44
2025-11-22 00:00:00+00:00,WH-West,2197,0.9318,0.9685,1,109.51,89
2025-11-23 00:00:00+00:00,WH-West,2337,0.9333,0.9746,0,128.99,0
2025-11-24 00:00:00+00:00,WH-West,2497,0.9162,0.999,0,101.84,0
2025-11-25 00:00:00+00:00,WH-West,2417,0.9091,0.999,0,89.12,0
2025-11-26 00:00:00+00:00,WH-West,2217,0.9356,0.9743,0,86.72,0
2025-11-27 00:00:00+00:00,WH-West,2707,0.9129,0.9417,1,115.3,55
2025-11-28 00:00:00+00:00,WH-West,2626,0.9283,0.9716,0,106.22,0
2025-11-29 00:00:00+00:00,WH-West,2413,0.9568,0.9681,0,130.74,0
2025-11-30 00:00:00+00:00,WH-West,2324,0.9809,0.9709,0,99.26,0
2025-12-01 00:00:00+00:00,WH-West,2248,0.9119,0.9802,0,111.82,0
2025-12-02 00:00:00+00:00,WH-West,2228,0.9417,0.9961,0,102.29,0
2025-12-03 00:00:00+00:00,WH-West,2223,0.9367,0.9637,1,99.74,55
2025-12-04 00:00:00+00:00,WH-West,2427,0.9608,0.9705,0,103.73,0
2025-12-05 00:00:00+00:00,WH-West,2478,0.9191,0.9542,0,122.84,0
2025-12-06 00:00:00+00:00,WH-West,2497,0.9392,0.9229,0,116.0,0
2025-12-07 00:00:00+00:00,WH-West,2568,0.8957,0.9805,0,130.2,0
2025-12-08 00:00:00+00:00,WH-West,2175,0.9527,0.9582,1,94.46,57
2025-12-09 00:00:00+00:00,WH-West,2267,0.9349,0.9547,1,81.75,49
2025-12-10 00:00:00+00:00,WH-West,2160,0.9544,0.9597,0,95.43,0
2025-12-11 00:00:00+00:00,WH-West,2335,0.866,0.9629,2,119.19,134
2025-12-12 00:00:00+00:00,WH-West,2342,0.9545,0.9825,0,102.18,0
2025-12-13 00:00:00+00:00,WH-West,2160,0.928,0.9702,0,96.31,0
2025-12-14 00:00:00+00:00,WH-West,2327,0.9713,0.9203,1,87.54,39
2025-12-15 00:00:00+00:00,WH-West,2093,0.9814,0.9399,0,109.23,0
2025-12-16 00:00:00+00:00,WH-West,2428,0.89,0.957,0,91.51,0
2025-12-17 00:00:00+00:00,WH-West,2419,0.9749,0.9593,0,93.77,0
2025-12-18 00:00:00+00:00,WH-West,2566,0.9335,0.9687,0,129.87,0
2025-12-19 00:00:00+00:00,WH-West,2328,0.9159,0.9675,1,129.33,50
2025-12-20 00:00:00+00:00,WH-West,2515,0.9385,0.9464,1,104.96,85
2025-12-21 00:00:00+00:00,WH-West,2454,0.9523,0.9812,0,95.56,0
2025-12-22 00:00:00+00:00,WH-West,2503,0.9166,0.966,1,105.4,52
2025-12-23 00:00:00+00:00,WH-West,2482,0.9538,0.9576,0,95.48,0
2025-12-24 00:00:00+00:00,WH-West,2650,0.8849,0.9561,2,143.06,62
2025-12-25 00:00:00+00:00,WH-West,2272,0.9865,0.9882,0,89.27,0
2025-12-26 00:00:00+00:00,WH-West,2286,0.9655,0.982,0,114.99,0
2025-12-27 00:00:00+00:00,WH-West,2493,0.9505,0.9877,0,121.85,0
2025-12-28 00:00:00+00:00,WH-West,2576,0.9688,0.9725,0,93.59,0
2025-12-29 00:00:00+00:00,WH-West,2392,0.8949,0.9563,0,100.18,0
2025-12-30 00:00:00+00:00,WH-West,2467,0.912,0.9467,1,128.77,59
2025-12-31 00:00:00+00:00,WH-West,2628,0.9918,0.9751,0,112.7,0
2026-01-01 00:00:00+00:00,WH-West,2257,0.9069,0.9532,1,99.74,43
2026-01-02 00:00:00+00:00,WH-West,2183,0.9373,0.9507,1,86.67,39
2026-01-03 00:00:00+00:00,WH-West,2174,0.9065,0.9717,0,87.36,0
2026-01-04 00:00:00+00:00,WH-West,2409,0.876,0.9493,2,116.86,126
2026-01-05 00:00:00+00:00,WH-West,2181,0.9222,0.976,0,97.47,0
2026-01-06 00:00:00+00:00,WH-West,2451,0.949,0.9515,1,106.92,80
2026-01-07 00:00:00+00:00,WH-West,2342,0.9277,0.9723,0,123.08,0
2026-01-08 00:00:00+00:00,WH-West,2341,0.9274,0.9673,0,95.44,0
2026-01-09 00:00:00+00:00,WH-West,2212,0.9045,0.9683,1,109.65,84
2026-01-10 00:00:00+00:00,WH-West,2189,0.9041,0.9537,0,82.91,0
2026-01-11 00:00:00+00:00,WH-West,2562,0.8892,0.9963,0,99.47,0
2026-01-12 00:00:00+00:00,WH-West,2189,0.9339,0.9626,0,105.22,0
2026-01-13 00:00:00+00:00,WH-West,2169,0.8858,0.9611,1,89.84,32
2026-01-14 00:00:00+00:00,WH-West,2250,0.9743,0.9592,0,96.29,0
2026-01-15 00:00:00+00:00,WH-West,2100,0.906,0.9806,0,85.12,0
2026-01-16 00:00:00+00:00,WH-West,2657,0.8795,0.9602,0,110.63,0
2026-01-17 00:00:00+00:00,WH-West,2346,0.995,0.9832,0,93.14,0
2026-01-18 00:00:00+00:00,WH-West,2765,0.9524,0.9715,0,132.86,0
2026-01-19 00:00:00+00:00,WH-West,2737,0.9711,0.9898,0,114.55,0
2026-01-20 00:00:00+00:00,WH-West,2338,0.9141,0.9586,1,106.15,61
2026-01-21 00:00:00+00:00,WH-West,2188,0.92,0.9738,0,89.96,0
2026-01-22 00:00:00+00:00,WH-West,2252,0.8846,0.9611,2,91.56,54
2026-01-23 00:00:00+00:00,WH-West,2100,0.995,0.96,0,106.04,0
2026-01-24 00:00:00+00:00,WH-West,2300,0.9471,0.958,0,124.02,0
2026-01-25 00:00:00+00:00,WH-West,2230,0.9728,0.9667,0,104.24,0
2026-01-26 00:00:00+00:00,WH-West,2626,0.9483,0.9623,0,105.23,0
2026-01-27 00:00:00+00:00,WH-West,2408,0.9475,0.9637,0,95.45,0
2026-01-28 00:00:00+00:00,WH-West,2309,0.9875,0.9476,1,89.43,65
2026-01-29 00:00:00+00:00,WH-West,2300,0.9697,0.9545,0,102.08,0
2026-01-30 00:00:00+00:00,WH-West,2097,0.8793,0.9629,0,94.94,0
2026-01-31 00:00:00+00:00,WH-West,2476,0.905,0.9518,0,103.4,0
2026-02-01 00:00:00+00:00,WH-West,2356,0.9627,0.9558,0,98.73,0
2026-02-02 00:00:00+00:00,WH-West,2424,0.9128,0.9721,1,106.94,22
2026-02-03 00:00:00+00:00,WH-West,2379,0.9565,0.999,0,110.71,0
2026-02-04 00:00:00+00:00,WH-West,2404,0.8626,0.9844,0,98.11,0
2026-02-05 00:00:00+00:00,WH-West,2277,0.9287,0.9733,0,96.96,0
2026-02-06 00:00:00+00:00,WH-West,2205,0.9578,0.9723,1,83.66,65
2026-02-07 00:00:00+00:00,WH-West,2089,0.9212,0.9569,0,90.1,0
2026-02-08 00:00:00+00:00,WH-West,2414,0.9268,0.9535,2,130.1,122
2026-02-09 00:00:00+00:00,WH-West,2232,0.9196,0.9841,0,85.73,0
2026-02-10 00:00:00+00:00,WH-West,2487,0.8923,0.9724,1,134.86,64
2026-02-11 00:00:00+00:00,WH-West,2367,0.9127,0.9759,0,131.04,0
2026-02-12 00:00:00+00:00,WH-West,2099,0.9198,0.9841,0,76.47,0
2026-02-13 00:00:00+00:00,WH-West,2504,0.9596,0.9843,0,98.12,0
2026-02-14 00:00:00+00:00,WH-West,2311,0.9586,0.9393,0,85.32,0
2026-02-15 00:00:00+00:00,WH-West,2277,0.9453,0.9782,0,111.49,0
2026-02-16 00:00:00+00:00,WH-West,2457,0.9435,0.9641,0,123.51,0
2026-02-17 00:00:00+00:00,WH-West,2318,0.9466,0.9845,0,113.47,0
2026-02-18 00:00:00+00:00,WH-West,2420,0.9761,0.9674,0,94.33,0
2026-02-19 00:00:00+00:00,WH-West,2377,0.995,0.9597,0,87.76,0
2026-02-20 00:00:00+00:00,WH-West,2553,0.9467,0.9827,0,107.15,0
2026-02-21 00:00:00+00:00,WH-West,1963,0.8954,0.9466,1,88.02,45
2026-02-22 00:00:00+00:00,WH-West,2351,0.9713,0.991,0,101.38,0
2026-02-23 00:00:00+00:00,WH-West,2451,0.961,0.9863,0,131.5,0
2026-02-24 00:00:00+00:00,WH-West,2527,0.9515,0.9652,0,94.92,0
2026-02-25 00:00:00+00:00,WH-West,2305,0.9426,0.9713,0,94.47,0
2026-02-26 00:00:00+00:00,WH-West,2366,0.9345,0.9633,0,108.8,0
2026-02-27 00:00:00+00:00,WH-West,2334,0.8944,0.9413,1,118.42,55
2026-02-28 00:00:00+00:00,WH-West,2407,0.9148,0.961,0,104.45,0
2026-03-01 00:00:00+00:00,WH-West,2302,0.9297,0.9643,1,106.68,66
2026-03-02 00:00:00+00:00,WH-West,2857,0.9831,0.9682,0,157.87,0
2026-03-03 00:00:00+00:00,WH-West,2693,0.9125,0.969,0,137.69,0
2026-03-04 00:00:00+00:00,WH-West,1896,0.9463,0.9688,0,95.84,0
2026-03-05 00:00:00+00:00,WH-West,2593,0.9233,0.9426,0,113.8,0
2026-03-06 00:00:00+00:00,WH-West,2434,0.995,0.9619,0,108.34,0
2026-03-07 00:00:00+00:00,WH-West,2626,0.9101,0.9703,0,104.01,0
2026-03-08 00:00:00+00:00,WH-West,2376,0.9181,0.9684,0,95.38,0
2026-03-09 00:00:00+00:00,WH-West,2182,0.89,0.9476,1,94.43,75
2026-03-10 00:00:00+00:00,WH-West,2329,0.9277,0.9823,0,98.39,0
2026-03-11 00:00:00+00:00,WH-West,2589,0.9521,0.9707,0,143.21,0
2026-03-12 00:00:00+00:00,WH-West,2461,0.9054,0.976,0,125.47,0
2026-03-13 00:00:00+00:00,WH-West,2074,0.9345,0.9824,0,87.56,0
2026-03-14 00:00:00+00:00,WH-West,2423,0.9229,0.9686,2,121.1,74
2026-03-15 00:00:00+00:00,WH-West,2318,0.9805,0.9759,0,87.76,0
2026-03-16 00:00:00+00:00,WH-West,2210,0.9366,0.958,0,97.68,0
2026-03-17 00:00:00+00:00,WH-West,2401,0.9097,0.9624,1,107.34,50
2026-03-18 00:00:00+00:00,WH-West,2265,0.8831,0.9768,1,107.62,37
2026-03-19 00:00:00+00:00,WH-West,2343,0.9357,0.9747,0,106.13,0
2026-03-20 00:00:00+00:00,WH-West,2419,0.9277,0.9855,0,91.37,0
2026-03-21 00:00:00+00:00,WH-West,2086,0.9348,0.9647,0,91.67,0
2026-03-22 00:00:00+00:00,WH-West,2108,0.9162,0.9803,0,103.61,0
2026-03-23 00:00:00+00:00,WH-West,2643,0.9491,0.9736,1,117.68,68
2026-03-24 00:00:00+00:00,WH-West,2300,0.9143,0.9575,0,88.04,0
2026-03-25 00:00:00+00:00,WH-West,1988,0.9624,0.9355,0,89.19,0
2026-03-26 00:00:00+00:00,WH-West,2179,0.9381,0.9594,0,119.99,0
2026-03-27 00:00:00+00:00,WH-West,2158,0.9271,0.9632,0,95.33,0
2026-03-28 00:00:00+00:00,WH-West,2301,0.9434,0.9783,1,117.83,27
2026-03-29 00:00:00+00:00,WH-West,2130,0.9412,0.9837,0,86.92,0
2026-03-30 00:00:00+00:00,WH-West,2239,0.9364,0.9471,0,103.22,0
2026-03-31 00:00:00+00:00,WH-West,2250,0.9864,0.999,0,112.63,0
2026-04-01 00:00:00+00:00,WH-West,2568,0.9531,0.9661,0,110.09,0
2026-04-02 00:00:00+00:00,WH-West,2121,0.9604,0.9548,0,85.12,0
2026-04-03 00:00:00+00:00,WH-West,2498,0.9287,0.9694,0,104.24,0
2026-04-04 00:00:00+00:00,WH-West,2437,0.922,0.9276,2,115.78,136
2026-04-05 00:00:00+00:00,WH-West,2179,0.9731,0.9659,0,102.43,0
2026-04-06 00:00:00+00:00,WH-West,2041,0.9319,0.9633,0,87.14,0
2026-04-07 00:00:00+00:00,WH-West,2236,0.9663,0.9769,0,111.26,0
2026-04-08 00:00:00+00:00,WH-West,2615,0.9777,0.9778,0,93.43,0
2026-04-09 00:00:00+00:00,WH-West,2232,0.9728,0.9915,0,81.1,0
2026-04-10 00:00:00+00:00,WH-West,2085,0.9003,0.9627,0,83.63,0
2026-04-11 00:00:00+00:00,WH-West,2380,0.9361,0.9587,1,111.0,69
2026-04-12 00:00:00+00:00,WH-West,2611,0.9357,0.9632,1,139.8,89
2026-04-13 00:00:00+00:00,WH-West,2439,0.9175,0.9388,0,127.32,0
2026-04-14 00:00:00+00:00,WH-West,2248,0.9207,0.9552,2,96.28,128
2026-04-15 00:00:00+00:00,WH-West,2472,0.9241,0.9435,0,96.84,0
2026-04-16 00:00:00+00:00,WH-West,2243,0.9279,0.9526,0,110.54,0
2026-04-17 00:00:00+00:00,WH-West,2417,0.9573,0.9817,0,99.28,0
2026-04-18 00:00:00+00:00,WH-West,2848,0.8929,0.951,1,131.67,24
2026-04-19 00:00:00+00:00,WH-West,2521,0.9477,0.9915,0,131.33,0
2026-04-20 00:00:00+00:00,WH-West,2156,0.91,0.9311,0,91.03,0
2026-04-21 00:00:00+00:00,WH-West,2345,0.9868,0.9817,0,94.23,0
2026-04-22 00:00:00+00:00,WH-West,2364,0.928,0.9866,0,103.52,0
2026-04-23 00:00:00+00:00,WH-West,2308,0.9734,0.9572,0,87.89,0
2026-04-24 00:00:00+00:00,WH-West,2378,0.8894,0.9494,0,128.13,0
2026-04-25 00:00:00+00:00,WH-West,2201,0.9503,0.9708,0,89.58,0
2026-04-26 00:00:00+00:00,WH-West,2532,0.9467,0.9785,0,92.31,0
2026-04-27 00:00:00+00:00,WH-West,2277,0.9814,0.9607,0,121.23,0
2026-04-28 00:00:00+00:00,WH-West,2267,0.8812,0.9514,0,125.94,0
2026-04-29 00:00:00+00:00,WH-West,2488,0.9252,0.9705,0,109.56,0
2026-04-30 00:00:00+00:00,WH-West,2836,0.8863,0.9832,0,103.7,0
2026-05-01 00:00:00+00:00,WH-West,2385,0.928,0.9781,0,107.76,0
2026-05-02 00:00:00+00:00,WH-West,2327,0.9503,0.9585,1,100.56,41
2026-05-03 00:00:00+00:00,WH-West,2274,0.8986,0.9818,1,109.19,31
2026-05-04 00:00:00+00:00,WH-West,2569,0.9794,0.9596,0,129.69,0
2026-05-05 00:00:00+00:00,WH-West,2677,0.9514,0.9681,0,111.75,0
2026-05-06 00:00:00+00:00,WH-West,2330,0.9176,0.9284,2,114.45,120
2026-05-07 00:00:00+00:00,WH-West,2333,0.9707,0.9847,0,109.1,0
2026-05-08 00:00:00+00:00,WH-West,2207,0.9549,0.9873,0,100.38,0
2026-05-09 00:00:00+00:00,WH-West,2170,0.9503,0.956,0,97.46,0
2026-05-10 00:00:00+00:00,WH-West,2269,0.9802,0.9621,0,104.01,0
2026-05-11 00:00:00+00:00,WH-West,2353,0.9159,0.9673,0,87.3,0
2026-05-12 00:00:00+00:00,WH-West,2500,0.9551,0.9652,1,132.0,65
2026-05-13 00:00:00+00:00,WH-West,2466,0.9414,0.9788,0,99.76,0
2026-05-14 00:00:00+00:00,WH-West,2481,0.9118,0.9726,1,94.73,30
2026-05-15 00:00:00+00:00,WH-West,2154,0.9556,0.9719,0,95.92,0
2026-05-16 00:00:00+00:00,WH-West,2174,0.9149,0.9556,0,110.79,0
2026-05-17 00:00:00+00:00,WH-West,2218,0.9679,0.9856,0,81.27,0
2026-05-18 00:00:00+00:00,WH-West,2655,0.8991,0.9577,1,140.1,29
2026-05-19 00:00:00+00:00,WH-West,2445,0.9438,0.956,0,117.01,0
2026-05-20 00:00:00+00:00,WH-West,2155,0.995,0.9782,0,90.31,0
2026-05-21 00:00:00+00:00,WH-West,2466,0.9067,0.9518,0,88.27,0
2026-05-22 00:00:00+00:00,WH-West,2175,0.9451,0.9779,0,83.15,0
2026-05-23 00:00:00+00:00,WH-West,2619,0.9636,0.9681,0,122.81,0
2026-05-24 00:00:00+00:00,WH-West,2688,0.951,0.9831,0,107.39,0
2026-05-25 00:00:00+00:00,WH-West,2278,0.9299,0.9662,0,85.58,0
2026-05-26 00:00:00+00:00,WH-West,2501,0.9764,0.9778,0,115.01,0
2026-05-27 00:00:00+00:00,WH-West,2101,0.9391,0.9644,0,81.91,0
2026-05-28 00:00:00+00:00,WH-West,1887,0.962,0.9653,0,90.52,0
2026-05-29 00:00:00+00:00,WH-West,2357,0.995,0.9737,0,88.06,0
2026-05-30 00:00:00+00:00,WH-West,2285,0.9353,0.9561,1,98.51,37
2026-05-31 00:00:00+00:00,WH-West,2321,0.9512,0.9703,0,113.67,0
2026-06-01 00:00:00+00:00,WH-West,2499,0.9308,0.999,1,102.65,77
2026-06-02 00:00:00+00:00,WH-West,2366,0.953,0.9713,0,102.55,0
2026-06-03 00:00:00+00:00,WH-West,2134,0.9874,0.9765,0,107.46,0
2026-06-04 00:00:00+00:00,WH-West,2423,0.928,0.9837,0,118.48,0
2026-06-05 00:00:00+00:00,WH-West,2226,0.9308,0.9534,0,80.05,0
2026-06-06 00:00:00+00:00,WH-West,2205,0.8836,0.9564,1,103.31,89
2026-06-07 00:00:00+00:00,WH-West,2262,0.8817,0.9697,1,101.89,68
2026-06-08 00:00:00+00:00,WH-West,2369,0.9809,0.9756,0,88.46,0
2026-06-09 00:00:00+00:00,WH-West,2359,0.8833,0.9419,1,123.86,87
2026-06-10 00:00:00+00:00,WH-West,2644,0.9399,0.9969,0,101.55,0
2026-06-11 00:00:00+00:00,WH-West,2488,0.9945,0.9423,0,137.59,0
2026-06-12 00:00:00+00:00,WH-West,2497,0.9412,0.951,0,114.97,0
2026-06-13 00:00:00+00:00,WH-West,2037,0.9418,0.9845,0,102.25,0
2026-06-14 00:00:00+00:00,WH-West,2416,0.9191,0.9552,1,109.73,29
2026-06-15 00:00:00+00:00,WH-West,2173,0.9091,0.9433,1,91.82,22
2026-06-16 00:00:00+00:00,WH-West,2168,0.9455,0.9642,0,103.71,0
2026-06-17 00:00:00+00:00,WH-West,2166,0.9279,0.9742,1,94.26,74
2026-06-18 00:00:00+00:00,WH-West,2783,0.9538,0.9823,0,150.95,0
2026-06-19 00:00:00+00:00,WH-West,2185,0.9264,0.9657,0,102.58,0
2026-06-20 00:00:00+00:00,WH-West,2294,0.9214,0.9725,1,87.26,36
2026-06-21 00:00:00+00:00,WH-West,2126,0.9058,0.9558,1,92.96,14
2026-06-22 00:00:00+00:00,WH-West,2633,0.9622,0.9344,0,124.91,0
2026-06-23 00:00:00+00:00,WH-West,2398,0.8048,0.9555,2,105.11,98
2026-06-24 00:00:00+00:00,WH-West,2192,0.9665,0.9812,0,114.65,0
2026-06-25 00:00:00+00:00,WH-West,2476,0.9397,0.9773,0,116.27,0
2026-06-26 00:00:00+00:00,WH-West,2309,0.9693,0.9789,0,92.78,0
2026-06-27 00:00:00+00:00,WH-West,2738,0.995,0.9739,0,105.52,0
2026-06-28 00:00:00+00:00,WH-West,2344,0.8308,0.9444,3,95.87,168
2026-06-29 00:00:00+00:00,WH-West,2494,0.9478,0.946,1,102.66,20
2026-06-30 00:00:00+00:00,WH-West,2377,0.9142,0.9442,1,96.8,63
2026-07-01 00:00:00+00:00,WH-West,1812,0.9293,0.9766,1,67.89,55
2026-07-02 00:00:00+00:00,WH-West,1987,0.9019,0.9697,1,104.63,46
2026-07-03 00:00:00+00:00,WH-West,2365,0.9586,0.9369,0,107.39,0
2026-07-04 00:00:00+00:00,WH-West,2065,0.9345,0.9773,0,109.17,0
2026-07-05 00:00:00+00:00,WH-West,2113,0.9154,0.9561,1,86.25,56
2026-07-06 00:00:00+00:00,WH-West,2525,0.9368,0.9664,0,110.35,0
2026-07-07 00:00:00+00:00,WH-West,2139,0.9383,0.9687,0,87.78,0
2026-07-08 00:00:00+00:00,WH-West,2261,0.9073,0.9878,1,101.89,73
2026-07-09 00:00:00+00:00,WH-West,2319,0.8956,0.9385,2,96.99,98
2026-07-10 00:00:00+00:00,WH-West,2315,0.9089,0.9783,1,93.43,51
2026-07-11 00:00:00+00:00,WH-West,2485,0.918,0.9614,0,133.62,0
2026-07-12 00:00:00+00:00,WH-West,2471,0.9012,0.9553,1,117.09,13
2026-07-13 00:00:00+00:00,WH-West,2047,0.9061,0.9459,2,77.71,122
2026-07-14 00:00:00+00:00,WH-West,2450,0.9274,0.9578,0,118.07,0
2026-07-15 00:00:00+00:00,WH-West,2188,0.9481,0.9639,0,119.59,0
2026-07-16 00:00:00+00:00,WH-West,2295,0.934,0.9799,0,86.31,0
2026-07-17 00:00:00+00:00,WH-West,2297,0.9678,0.9896,0,105.06,0
2026-07-18 00:00:00+00:00,WH-West,2619,0.9005,0.9276,1,104.04,51
2026-07-19 00:00:00+00:00,WH-West,2519,0.9044,0.9617,0,91.08,0
2026-07-20 00:00:00+00:00,WH-West,2299,0.9032,0.972,1,123.48,43
2026-07-21 00:00:00+00:00,WH-West,2356,0.9427,0.9816,0,103.31,0
2026-07-22 00:00:00+00:00,WH-West,2349,0.9129,0.9775,0,97.07,0
2026-07-23 00:00:00+00:00,WH-West,2569,0.9606,0.9631,0,94.72,0
2026-07-24 00:00:00+00:00,WH-West,2410,0.9373,0.9542,1,108.66,35
2026-07-25 00:00:00+00:00,WH-West,2345,0.9203,0.9587,0,107.21,0
2026-07-26 00:00:00+00:00,WH-West,2467,0.9711,0.9847,0,97.9,0
2026-07-27 00:00:00+00:00,WH-West,2488,0.9657,0.9775,0,111.78,0
2026-07-28 00:00:00+00:00,WH-West,2581,0.9039,0.9718,1,95.77,81
2026-07-29 00:00:00+00:00,WH-West,2538,0.9343,0.9972,0,128.39,0
2026-07-30 00:00:00+00:00,WH-West,2402,0.9426,0.9557,1,113.6,71
2026-07-31 00:00:00+00:00,WH-West,2583,0.9269,0.9528,2,122.05,92
2026-08-01 00:00:00+00:00,WH-West,2262,0.995,0.9518,0,100.87,0
2026-08-02 00:00:00+00:00,WH-West,2717,0.9242,0.9717,0,115.16,0
2026-08-03 00:00:00+00:00,WH-West,2213,0.9499,0.9723,0,110.23,0
2026-08-04 00:00:00+00:00,WH-West,2324,0.8924,0.9275,1,110.56,37
