employee_id,employee_name,hire_date,salary,performance_score,manager_id,is_active,hire_year,hire_month,hire_quarter,hire_dayofweek,hire_day,hire_is_month_start,hire_is_month_end,tenure_days,salary_performance_ratio,department_frequency,level_frequency,region_frequency,department_Customer Success,department_Executive,department_Finance,department_IT,department_Marketing,department_Operations,department_Sales,department_Supply Chain,level_Director,level_Junior,level_Lead,level_Mid,level_Senior,level_VP,region_Asia Pacific,region_Europe,region_Latin America,region_Middle East & Africa,region_North America,salary_robust_scaled,performance_score_robust_scaled,tenure_days_robust_scaled
EMP-00001,Employee 0001,2023-03-30 00:00:00+00:00,105863,62.68,Unknown,1,2023,3,1,3,30,0,0,1224,1688.9438417358008,0.12142857142857143,0.30238095238095236,0.1738095238095238,1.0,0.0,0.0,0.0,0.0,0.0,0.0,0.0,0.0,0.0,0.0,1.0,0.0,0.0,0.0,0.0,1.0,0.0,0.0,-0.6014040517779222,-1.0266528210453443,0.8042168674698795
EMP-00002,Employee 0002,2024-10-16 00:00:00+00:00,72649,74.91,Unknown,1,2024,10,4,2,16,0,0,658,969.8171138699773,0.11428571428571428,0.20238095238095238,0.20714285714285716,0.0,0.0,1.0,0.0,0.0,0.0,0.0,0.0,0.0,1.0,0.0,0.0,0.0,0.0,0.0,0.0,0.0,0.0,1.0,-0.8503187875767461,-0.17999307718933938,-0.33232931726907633
EMP-00003,Employee 0003,2024-02-23 00:00:00+00:00,303501,80.64,Unknown,1,2024,2,1,4,23,0,0,894,3763.653273809524,0.12142857142857143,0.30238095238095236,0.22857142857142856,1.0,0.0,0.0,0.0,0.0,0.0,0.0,0.0,0.0,0.0,0.0,1.0,0.0,0.0,0.0,1.0,0.0,0.0,0.0,0.8797487920171019,0.21668397369331907,0.14156626506024098
EMP-00004,Employee 0004,2025-08-20 00:00:00+00:00,280829,65.34,Unknown,1,2025,8,3,2,20,0,0,350,4297.964493419038,0.1380952380952381,0.30238095238095236,0.19285714285714287,0.0,0.0,0.0,0.0,0.0,0.0,0.0,1.0,0.0,0.0,0.0,1.0,0.0,0.0,1.0,0.0,0.0,0.0,0.0,0.7098386670688592,-0.8425060574593282,-0.9508032128514057
EMP-00005,Employee 0005,2025-03-22 00:00:00+00:00,116350,75.73,Unknown,1,2025,3,1,5,22,0,0,501,1536.3792420441039,0.10952380952380952,0.15,0.19285714285714287,0.0,1.0,0.0,0.0,0.0,0.0,0.0,0.0,0.0,0.0,1.0,0.0,0.0,0.0,1.0,0.0,0.0,0.0,0.0,-0.5228116258634806,-0.12322602976808586,-0.6475903614457831
EMP-00006,Employee 0006,2024-10-26 00:00:00+00:00,156272,77.3,Unknown,1,2024,10,4,5,26,0,0,648,2021.6300129366107,0.12142857142857143,0.15,0.1738095238095238,1.0,0.0,0.0,0.0,0.0,0.0,0.0,0.0,0.0,0.0,1.0,0.0,0.0,0.0,0.0,0.0,1.0,0.0,0.0,-0.2236253163987777,-0.014537902388370222,-0.35240963855421686
EMP-00007,Employee 0007,2023-12-11 00:00:00+00:00,282831,82.97,Unknown,1,2023,12,4,0,11,0,0,968,3408.834518500663,0.1357142857142857,0.30238095238095236,0.1738095238095238,0.0,0.0,0.0,1.0,0.0,0.0,0.0,0.0,0.0,0.0,0.0,1.0,0.0,0.0,0.0,0.0,1.0,0.0,0.0,0.7248421987443348,0.377985462097611,0.2901606425702811
EMP-00008,Employee 0008,2023-12-29 00:00:00+00:00,294254,60.48,Unknown,1,2023,12,4,4,29,0,0,950,4865.310846560847,0.11428571428571428,0.20238095238095238,0.20714285714285716,0.0,0.0,0.0,0.0,0.0,1.0,0.0,0.0,0.0,1.0,0.0,0.0,0.0,0.0,0.0,0.0,0.0,0.0,1.0,0.8104492628447131,-1.1789546555901695,0.2540160642570281
EMP-00009,Employee 0009,2024-04-16 00:00:00+00:00,201464,71.46,Unknown,1,2024,4,2,1,16,0,0,841,2819.2555275678706,0.1357142857142857,0.30238095238095236,0.22857142857142856,0.0,0.0,0.0,0.0,1.0,0.0,0.0,0.0,0.0,0.0,0.0,1.0,0.0,0.0,0.0,1.0,0.0,0.0,0.0,0.1150558042196496,-0.41883004499826987,0.035140562248995984
EMP-00010,Employee 0010,2024-03-14 00:00:00+00:00,228402,79.94,Unknown,1,2024,3,1,3,14,0,0,874,2857.1678759069305,0.1380952380952381,0.30238095238095236,0.20714285714285716,0.0,0.0,0.0,0.0,0.0,0.0,0.0,1.0,0.0,0.0,0.0,1.0,0.0,0.0,0.0,0.0,0.0,0.0,1.0,0.31693649166918036,0.16822429906541997,0.10140562248995984
EMP-00011,Employee 0011,2023-03-31 00:00:00+00:00,316778,73.63,Unknown,1,2023,3,1,4,31,0,1,1223,4302.295260084205,0.1357142857142857,0.30238095238095236,0.1976190476190476,0.0,0.0,0.0,1.0,0.0,0.0,0.0,0.0,0.0,0.0,0.0,1.0,0.0,0.0,0.0,0.0,0.0,1.0,0.0,0.9792502356011623,-0.26860505365178317,0.8022088353413654
EMP-00012,Employee 0012,2023-01-07 00:00:00+00:00,193042,65.92,Unknown,1,2023,1,1,5,7,0,0,1306,2928.4283980582522,0.11428571428571428,0.2261904761904762,0.22857142857142856,0.0,0.0,1.0,0.0,0.0,0.0,0.0,0.0,0.0,0.0,0.0,0.0,1.0,0.0,0.0,1.0,0.0,0.0,0.0,0.051939049089352325,-0.8023537556247835,0.9688755020080321
EMP-00013,Employee 0013,2024-11-13 00:00:00+00:00,128612,88.29,Unknown,1,2024,11,4,2,13,0,0,630,1456.699512968626,0.12142857142857143,0.30238095238095236,0.19285714285714287,1.0,0.0,0.0,0.0,0.0,0.0,0.0,0.0,0.0,0.0,0.0,1.0,0.0,0.0,1.0,0.0,0.0,0.0,0.0,-0.43091686791908435,0.7462789892696432,-0.3885542168674699
EMP-00014,Employee 0014,2023-02-27 00:00:00+00:00,269668,88.66,Unknown,1,2023,2,1,0,27,0,0,1255,3041.597112564855,0.12142857142857143,0.30238095238095236,0.1976190476190476,1.0,0.0,0.0,0.0,0.0,0.0,0.0,0.0,0.0,0.0,0.0,1.0,0.0,0.0,0.0,0.0,0.0,1.0,0.0,0.6261951021188179,0.7718933887158176,0.8664658634538153
EMP-00015,Employee 0015,2024-04-10 00:00:00+00:00,284345,86.29,Unknown,1,2024,4,2,2,10,0,0,847,3295.2254027117856,0.1357142857142857,0.20238095238095238,0.1738095238095238,0.0,0.0,0.0,1.0,0.0,0.0,0.0,0.0,0.0,1.0,0.0,0.0,0.0,0.0,0.0,0.0,1.0,0.0,0.0,0.7361885258955186,0.6078227760470749,0.04718875502008032
EMP-00016,Employee 0016,2023-04-13 00:00:00+00:00,246657,73.97,EMP-00007,1,2023,4,2,3,13,0,0,1210,3334.5545491415437,0.11428571428571428,0.15,0.1976190476190476,0.0,0.0,0.0,0.0,0.0,1.0,0.0,0.0,0.0,0.0,1.0,0.0,0.0,0.0,0.0,0.0,0.0,1.0,0.0,0.4537444191096431,-0.24506749740394632,0.7761044176706827
EMP-00017,Employee 0017,2024-04-07 00:00:00+00:00,266741,75.74,EMP-00011,1,2024,4,2,6,7,0,0,850,3521.7982571956695,0.1357142857142857,0.2261904761904762,0.22857142857142856,0.0,0.0,0.0,0.0,1.0,0.0,0.0,0.0,0.0,0.0,0.0,0.0,1.0,0.0,0.0,1.0,0.0,0.0,0.0,0.6042593692446336,-0.12253374870197364,0.05321285140562249
EMP-00018,Employee 0018,2024-01-29 00:00:00+00:00,206259,91.73,EMP-00010,1,2024,1,1,0,29,0,0,919,2248.544641883789,0.11428571428571428,0.15,0.22857142857142856,0.0,0.0,0.0,0.0,0.0,1.0,0.0,0.0,0.0,0.0,1.0,0.0,0.0,0.0,0.0,1.0,0.0,0.0,0.0,0.15099083637944247,0.9844236760124605,0.19176706827309237
EMP-00019,Employee 0019,2023-03-22 00:00:00+00:00,209924,86.82,EMP-00009,1,2023,3,1,2,22,0,0,1232,2417.9221377562776,0.11428571428571428,0.30238095238095236,0.19285714285714287,0.0,0.0,1.0,0.0,0.0,0.0,0.0,0.0,0.0,0.0,0.0,1.0,0.0,0.0,1.0,0.0,0.0,0.0,0.0,0.1784573416694614,0.6445136725510545,0.820281124497992
EMP-00020,Employee 0020,2023-10-14 00:00:00+00:00,71112,91.9,EMP-00004,1,2023,10,4,5,14,0,0,1026,773.7976060935799,0.11428571428571428,0.15,0.1738095238095238,0.0,0.0,1.0,0.0,0.0,0.0,0.0,0.0,0.0,0.0,1.0,0.0,0.0,0.0,0.0,0.0,1.0,0.0,0.0,-0.8618374829739518,0.9961924541363789,0.4066265060240964
EMP-00021,Employee 0021,2023-03-10 00:00:00+00:00,83664,78.92,EMP-00012,1,2023,3,1,4,10,0,0,1244,1060.1115053218448,0.10952380952380952,0.07857142857142857,0.1976190476190476,0.0,1.0,0.0,0.0,0.0,0.0,0.0,0.0,1.0,0.0,0.0,0.0,0.0,0.0,0.0,0.0,0.0,1.0,0.0,-0.7677693862753657,0.0976116303219104,0.8443775100401606
EMP-00022,Employee 0022,2024-02-05 00:00:00+00:00,266274,84.7,EMP-00004,1,2024,2,1,0,5,0,0,912,3143.7308146399055,0.12142857142857143,0.15,0.1738095238095238,1.0,0.0,0.0,0.0,0.0,0.0,0.0,0.0,0.0,0.0,1.0,0.0,0.0,0.0,0.0,0.0,1.0,0.0,0.0,0.6007595444232315,0.49775008653513286,0.17771084337349397
EMP-00023,Employee 0023,2023-03-28 00:00:00+00:00,306676,85.31,EMP-00007,1,2023,3,1,1,28,0,0,1226,3594.842339702262,0.11428571428571428,0.20238095238095238,0.1976190476190476,0.0,0.0,1.0,0.0,0.0,0.0,0.0,0.0,0.0,1.0,0.0,0.0,0.0,0.0,0.0,0.0,0.0,1.0,0.0,0.9035431042396967,0.5399792315680162,0.8082329317269076
EMP-00024,Employee 0024,2024-02-11 00:00:00+00:00,274123,93.87,EMP-00012,1,2024,2,1,6,11,0,0,906,2920.240758495792,0.1357142857142857,0.30238095238095236,0.20714285714285716,0.0,0.0,0.0,0.0,1.0,0.0,0.0,0.0,0.0,0.0,0.0,1.0,0.0,0.0,0.0,0.0,0.0,0.0,1.0,0.6595820819461125,1.1325718241606086,0.16566265060240964
EMP-00025,Employee 0025,2023-03-25 00:00:00+00:00,240645,52.93,EMP-00014,1,2023,3,1,5,25,0,0,1229,4546.476478367656,0.1357142857142857,0.07857142857142857,0.1976190476190476,0.0,0.0,0.0,1.0,0.0,0.0,0.0,0.0,1.0,0.0,0.0,0.0,0.0,0.0,0.0,0.0,0.0,1.0,0.0,0.40868885845381936,-1.7016268605053646,0.8142570281124498
EMP-00026,Employee 0026,2023-12-17 00:00:00+00:00,291101,79.35,EMP-00001,1,2023,12,4,6,17,0,0,962,3668.569628229364,0.11428571428571428,0.2261904761904762,0.22857142857142856,0.0,0.0,0.0,0.0,0.0,1.0,0.0,0.0,0.0,0.0,0.0,0.0,1.0,0.0,0.0,1.0,0.0,0.0,0.0,0.786819824596574,0.12737971616476207,0.2781124497991968
EMP-00027,Employee 0027,2023-11-26 00:00:00+00:00,192217,88.49,EMP-00013,1,2023,11,4,6,26,0,0,983,2172.188947903718,0.1357142857142857,0.15,0.20714285714285716,0.0,0.0,0.0,1.0,0.0,0.0,0.0,0.0,0.0,0.0,1.0,0.0,0.0,0.0,0.0,0.0,0.0,0.0,1.0,0.04575627504726075,0.7601246105918992,0.32028112449799195
EMP-00028,Employee 0028,2024-05-28 00:00:00+00:00,75652,90.94,EMP-00011,1,2024,5,2,1,28,0,0,799,831.8891576863866,0.10952380952380952,0.30238095238095236,0.20714285714285716,0.0,1.0,0.0,0.0,0.0,0.0,0.0,0.0,0.0,0.0,0.0,1.0,0.0,0.0,0.0,0.0,0.0,0.0,1.0,-0.8278134900635327,0.9297334717895456,-0.04919678714859438
EMP-00029,Employee 0029,2024-02-28 00:00:00+00:00,122169,73.02,EMP-00003,1,2024,2,1,2,28,0,0,889,1673.089564502876,0.10952380952380952,0.30238095238095236,0.22857142857142856,0.0,1.0,0.0,0.0,0.0,0.0,0.0,0.0,0.0,0.0,0.0,1.0,0.0,0.0,0.0,1.0,0.0,0.0,0.0,-0.479202459619928,-0.31083419868466644,0.13152610441767068
EMP-00030,Employee 0030,2025-07-24 00:00:00+00:00,312424,82.29,EMP-00002,1,2025,7,3,3,24,0,0,377,3796.6217037307083,0.11428571428571428,0.30238095238095236,0.22857142857142856,0.0,0.0,1.0,0.0,0.0,0.0,0.0,0.0,0.0,0.0,0.0,1.0,0.0,0.0,0.0,1.0,0.0,0.0,0.0,0.9466201772020512,0.33091034960193827,-0.8965863453815262
EMP-00031,Employee 0031,2025-06-15 00:00:00+00:00,282173,86.09,EMP-00003,1,2025,6,2,6,15,0,0,416,3277.6512951562318,0.11428571428571428,0.15,0.20714285714285716,0.0,0.0,1.0,0.0,0.0,0.0,0.0,0.0,0.0,0.0,1.0,0.0,0.0,0.0,0.0,0.0,0.0,0.0,1.0,0.7199109680537938,0.5939771547248178,-0.8182730923694779
EMP-00032,Employee 0032,2024-06-06 00:00:00+00:00,167000,91.8,EMP-00002,1,2024,6,2,3,6,0,0,790,1819.1721132897603,0.1380952380952381,0.20238095238095238,0.22857142857142856,0.0,0.0,0.0,0.0,0.0,0.0,0.0,1.0,0.0,1.0,0.0,0.0,0.0,0.0,0.0,1.0,0.0,0.0,0.0,-0.1432267710368887,0.9892696434752499,-0.06726907630522089
EMP-00033,Employee 0033,2023-02-08 00:00:00+00:00,72084,81.91,EMP-00005,1,2023,2,1,2,8,0,0,1274,880.0390672689538,0.13095238095238096,0.30238095238095236,0.19285714285714287,0.0,0.0,0.0,0.0,0.0,0.0,1.0,0.0,0.0,0.0,0.0,1.0,0.0,0.0,1.0,0.0,0.0,0.0,0.0,-0.854553051011633,0.30460366908964964,0.9046184738955824
EMP-00034,Employee 0034,2025-03-31 00:00:00+00:00,107253,80.83,EMP-00004,1,2025,3,1,0,31,0,1,492,1326.8959544723493,0.1380952380952381,0.15,0.20714285714285716,0.0,0.0,0.0,0.0,0.0,0.0,0.0,1.0,0.0,0.0,1.0,0.0,0.0,0.0,0.0,0.0,0.0,0.0,1.0,-0.5909870143009437,0.22983731394946288,-0.6656626506024096
EMP-00035,Employee 0035,2024-11-05 00:00:00+00:00,260614,75.02,EMP-00002,1,2024,11,4,1,5,0,0,638,3473.9269528125833,0.1357142857142857,0.15,0.22857142857142856,0.0,0.0,0.0,0.0,1.0,0.0,0.0,0.0,0.0,0.0,1.0,0.0,0.0,0.0,0.0,1.0,0.0,0.0,0.0,0.5583419673587002,-0.17237798546209815,-0.37248995983935745
EMP-00036,Employee 0036,2025-02-18 00:00:00+00:00,241328,90.33,EMP-00006,1,2025,2,1,1,18,0,0,533,2671.62625927156,0.13095238095238096,0.15,0.1976190476190476,0.0,0.0,0.0,0.0,0.0,0.0,1.0,0.0,0.0,0.0,1.0,0.0,0.0,0.0,0.0,0.0,0.0,1.0,0.0,0.4138074459335146,0.8875043267566622,-0.5833333333333334
EMP-00037,Employee 0037,2025-06-19 00:00:00+00:00,279981,91.68,EMP-00013,1,2025,6,2,3,19,0,0,412,3053.8939790575914,0.11428571428571428,0.20238095238095238,0.1976190476190476,0.0,0.0,0.0,0.0,0.0,1.0,0.0,0.0,0.0,1.0,0.0,0.0,0.0,0.0,0.0,0.0,0.0,1.0,0.0,0.7034835247807457,0.9809622706818965,-0.8263052208835341
EMP-00038,Employee 0038,2024-02-22 00:00:00+00:00,258666,89.48,EMP-00015,1,2024,2,1,3,22,0,0,895,2890.768886902101,0.12142857142857143,0.2261904761904762,0.19285714285714287,1.0,0.0,0.0,0.0,0.0,0.0,0.0,0.0,0.0,0.0,0.0,0.0,1.0,0.0,1.0,0.0,0.0,0.0,0.0,0.5437431263477979,0.8286604361370712,0.14357429718875503
EMP-00039,Employee 0039,2024-04-29 00:00:00+00:00,259522,86.16,EMP-00013,1,2024,4,2,0,29,0,0,828,3012.0937790157845,0.1357142857142857,0.30238095238095236,0.19285714285714287,0.0,0.0,0.0,1.0,0.0,0.0,0.0,0.0,0.0,0.0,0.0,1.0,0.0,0.0,1.0,0.0,0.0,0.0,0.0,0.5501582228084408,0.5988231221876072,0.009036144578313253
EMP-00040,Employee 0040,2023-08-28 00:00:00+00:00,48148,80.7,EMP-00007,1,2023,8,3,0,28,0,0,1073,596.6294919454771,0.10952380952380952,0.04047619047619048,0.20714285714285716,0.0,1.0,0.0,0.0,0.0,0.0,0.0,0.0,0.0,0.0,0.0,0.0,0.0,1.0,0.0,0.0,0.0,0.0,1.0,-1.0339359352195165,0.22083766008999628,0.501004016064257
EMP-00041,Employee 0041,2023-03-13 00:00:00+00:00,120426,71.54,EMP-00010,1,2023,3,1,0,13,0,0,1241,1683.337992731339,0.11428571428571428,0.2261904761904762,0.1976190476190476,0.0,0.0,1.0,0.0,0.0,0.0,0.0,0.0,0.0,0.0,0.0,0.0,1.0,0.0,0.0,0.0,0.0,1.0,0.0,-0.4922649749597651,-0.41329179646936626,0.8383534136546185
EMP-00042,Employee 0042,2023-02-01 00:00:00+00:00,136422,69.86,EMP-00007,1,2023,2,1,2,1,1,0,1281,1952.7912968794733,0.11428571428571428,0.07857142857142857,0.22857142857142856,0.0,0.0,0.0,0.0,0.0,1.0,0.0,0.0,1.0,0.0,0.0,0.0,0.0,0.0,0.0,1.0,0.0,0.0,0.0,-0.3723866069872841,-0.5295950155763242,0.9186746987951807
EMP-00043,Employee 0043,2024-12-14 00:00:00+00:00,219623,89.33,EMP-00009,1,2024,12,4,5,14,0,0,599,2458.558155155043,0.1357142857142857,0.30238095238095236,0.20714285714285716,0.0,0.0,0.0,0.0,1.0,0.0,0.0,0.0,0.0,0.0,0.0,1.0,0.0,0.0,0.0,0.0,0.0,0.0,1.0,0.2511442815897598,0.8182762201453782,-0.4508032128514056
EMP-00044,Employee 0044,2023-02-25 00:00:00+00:00,175394,90.46,EMP-00012,1,2023,2,1,5,25,0,0,1257,1938.9122263984082,0.1357142857142857,0.15,0.20714285714285716,0.0,0.0,0.0,1.0,0.0,0.0,0.0,0.0,0.0,0.0,1.0,0.0,0.0,0.0,0.0,0.0,0.0,0.0,1.0,-0.08031985551044421,0.8965039806161289,0.8704819277108434
EMP-00045,Employee 0045,2025-05-28 00:00:00+00:00,87661,80.7,EMP-00006,1,2025,5,2,2,28,0,0,434,1086.2577447335811,0.1380952380952381,0.30238095238095236,0.1976190476190476,0.0,0.0,0.0,0.0,0.0,0.0,0.0,1.0,0.0,0.0,0.0,1.0,0.0,0.0,0.0,0.0,0.0,1.0,0.0,-0.7378147828253778,0.22083766008999628,-0.7821285140562249
EMP-00046,Employee 0046,2023-08-08 00:00:00+00:00,278949,80.69,EMP-00005,1,2023,8,3,1,8,0,0,1093,3457.0454827116123,0.1357142857142857,0.30238095238095236,0.22857142857142856,0.0,0.0,0.0,0.0,1.0,0.0,0.0,0.0,0.0,0.0,0.0,1.0,0.0,0.0,0.0,1.0,0.0,0.0,0.0,0.6957494365244566,0.22014537902388306,0.5411646586345381
EMP-00047,Employee 0047,2024-05-30 00:00:00+00:00,147957,80.35,EMP-00014,1,2024,5,2,3,30,0,0,797,1841.406347230865,0.10952380952380952,0.15,0.19285714285714287,0.0,1.0,0.0,0.0,0.0,0.0,0.0,0.0,0.0,0.0,1.0,0.0,0.0,0.0,1.0,0.0,0.0,0.0,0.0,-0.2859401844714946,0.19660782277604621,-0.05321285140562249
EMP-00048,Employee 0048,2025-05-27 00:00:00+00:00,53418,91.18,EMP-00009,1,2025,5,2,1,27,0,0,435,585.8521605615266,0.13095238095238096,0.30238095238095236,0.20714285714285716,0.0,0.0,0.0,0.0,0.0,0.0,1.0,0.0,0.0,0.0,0.0,1.0,0.0,0.0,0.0,0.0,0.0,0.0,1.0,-0.9944411240657922,0.9463482173762544,-0.7801204819277109
EMP-00049,Employee 0049,2023-07-14 00:00:00+00:00,269513,86.32,EMP-00008,1,2023,7,3,4,14,0,0,1118,3122.254402224282,0.1380952380952381,0.20238095238095238,0.22857142857142856,0.0,0.0,0.0,0.0,0.0,0.0,0.0,1.0,0.0,1.0,0.0,0.0,0.0,0.0,0.0,1.0,0.0,0.0,0.0,0.6250334900260613,0.6098996192454125,0.5913654618473896
EMP-00050,Employee 0050,2023-04-16 00:00:00+00:00,252465,73.26,EMP-00011,1,2023,4,2,6,16,0,0,1207,3446.1506961506957,0.11428571428571428,0.20238095238095238,0.22857142857142856,0.0,0.0,0.0,0.0,0.0,1.0,0.0,0.0,0.0,1.0,0.0,0.0,0.0,0.0,0.0,1.0,0.0,0.0,0.0,0.49727114836596775,-0.2942194530979576,0.7700803212851406
EMP-00051,Employee 0051,2024-01-22 00:00:00+00:00,304535,83.6,EMP-00001,1,2024,1,1,0,22,0,0,926,3642.763157894737,0.12142857142857143,0.2261904761904762,0.1976190476190476,1.0,0.0,0.0,0.0,0.0,0.0,0.0,0.0,0.0,0.0,0.0,0.0,1.0,0.0,0.0,0.0,0.0,1.0,0.0,0.8874978688165234,0.4215991692627197,0.20582329317269077
EMP-00052,Employee 0052,2025-04-05 00:00:00+00:00,301338,60.59,EMP-00013,1,2025,4,2,5,5,0,0,487,4973.39494966166,0.12142857142857143,0.2261904761904762,0.19285714285714287,1.0,0.0,0.0,0.0,0.0,0.0,0.0,0.0,0.0,0.0,0.0,0.0,1.0,0.0,1.0,0.0,0.0,0.0,0.0,0.8635386826194728,-1.1713395638629278,-0.6757028112449799
EMP-00053,Employee 0053,2023-09-24 00:00:00+00:00,155505,71.21,EMP-00013,1,2023,9,3,6,24,0,0,1046,2183.7522819828678,0.1357142857142857,0.07857142857142857,0.22857142857142856,0.0,0.0,0.0,1.0,0.0,0.0,0.0,0.0,1.0,0.0,0.0,0.0,0.0,0.0,0.0,1.0,0.0,0.0,0.0,-0.2293734226900313,-0.4361370716510909,0.4467871485943775
EMP-00054,Employee 0054,2024-04-02 00:00:00+00:00,304113,58.76,EMP-00002,1,2024,4,2,1,2,0,0,855,5175.510551395508,0.11428571428571428,0.15,0.1738095238095238,0.0,0.0,1.0,0.0,0.0,0.0,0.0,0.0,0.0,0.0,1.0,0.0,0.0,0.0,0.0,0.0,1.0,0.0,0.0,0.884335286215599,-1.2980269989615782,0.06325301204819277
EMP-00055,Employee 0055,2024-10-10 00:00:00+00:00,261293,68.58,EMP-00005,1,2024,10,4,3,10,0,0,664,3810.0466608340625,0.1357142857142857,0.2261904761904762,0.22857142857142856,0.0,0.0,0.0,1.0,0.0,0.0,0.0,0.0,0.0,0.0,0.0,0.0,1.0,0.0,0.0,1.0,0.0,0.0,0.0,0.5634305777521307,-0.6182069920387679,-0.32028112449799195
EMP-00056,Employee 0056,2024-10-07 00:00:00+00:00,109244,69.6,EMP-00010,1,2024,10,4,0,7,0,0,667,1569.5977011494253,0.12142857142857143,0.2261904761904762,0.1976190476190476,1.0,0.0,0.0,0.0,0.0,0.0,0.0,0.0,0.0,0.0,0.0,0.0,1.0,0.0,0.0,0.0,0.0,1.0,0.0,-0.576065919612696,-0.5475943232952584,-0.3142570281124498
EMP-00057,Employee 0057,2025-04-15 00:00:00+00:00,234552,55.09,EMP-00013,1,2025,4,2,1,15,0,0,477,4257.614812125612,0.1357142857142857,0.30238095238095236,0.1976190476190476,0.0,0.0,0.0,0.0,1.0,0.0,0.0,0.0,0.0,0.0,0.0,1.0,0.0,0.0,0.0,0.0,0.0,1.0,0.0,0.36302626180113573,-1.5520941502249908,-0.6957831325301205
EMP-00058,Employee 0058,2023-05-24 00:00:00+00:00,215943,90.9,EMP-00001,1,2023,5,2,2,24,0,0,1169,2375.6105610561053,0.13095238095238096,0.30238095238095236,0.20714285714285716,0.0,0.0,0.0,0.0,0.0,0.0,1.0,0.0,0.0,0.0,0.0,1.0,0.0,0.0,0.0,0.0,0.0,0.0,1.0,0.22356536222624832,0.9269643475250947,0.6937751004016064
EMP-00059,Employee 0059,2025-08-29 00:00:00+00:00,121751,72.4,EMP-00003,1,2025,8,3,4,29,0,0,341,1681.6436464088397,0.12142857142857143,0.15,0.19285714285714287,1.0,0.0,0.0,0.0,0.0,0.0,0.0,0.0,0.0,0.0,1.0,0.0,0.0,0.0,1.0,0.0,0.0,0.0,0.0,-0.48233506513458774,-0.35375562478366196,-0.9688755020080321
EMP-00060,Employee 0060,2025-03-05 00:00:00+00:00,177663,74.45,EMP-00008,1,2025,3,1,2,5,0,0,518,2386.339825386165,0.1357142857142857,0.30238095238095236,0.22857142857142856,0.0,0.0,0.0,1.0,0.0,0.0,0.0,0.0,0.0,0.0,0.0,1.0,0.0,0.0,0.0,1.0,0.0,0.0,0.0,-0.06331535332680083,-0.21183800623052965,-0.6134538152610441
EMP-00061,Employee 0061,2025-09-03 00:00:00+00:00,108975,68.53,EMP-00002,1,2025,9,3,2,3,0,0,336,1590.1794834379104,0.1357142857142857,0.30238095238095236,0.1976190476190476,0.0,0.0,0.0,1.0,0.0,0.0,0.0,0.0,0.0,0.0,0.0,1.0,0.0,0.0,0.0,0.0,0.0,1.0,0.0,-0.5780818786639962,-0.6216683973693319,-0.9789156626506024
EMP-00062,Employee 0062,2023-03-31 00:00:00+00:00,215598,84.22,EMP-00006,1,2023,3,1,4,31,0,1,1223,2559.9382569460936,0.11428571428571428,0.07857142857142857,0.20714285714285716,0.0,0.0,1.0,0.0,0.0,0.0,0.0,0.0,1.0,0.0,0.0,0.0,0.0,0.0,0.0,0.0,0.0,0.0,1.0,0.2209798385359191,0.4645205953617162,0.8022088353413654
EMP-00063,Employee 0063,2025-02-09 00:00:00+00:00,180359,93.19,EMP-00008,1,2025,2,1,6,9,0,0,542,1935.3900633115143,0.1380952380952381,0.15,0.19285714285714287,0.0,0.0,0.0,0.0,0.0,0.0,0.0,1.0,0.0,0.0,1.0,0.0,0.0,0.0,1.0,0.0,0.0,0.0,0.0,-0.04311079718440217,1.085496711664935,-0.5652610441767069
EMP-00064,Employee 0064,2024-06-07 00:00:00+00:00,196638,83.75,EMP-00013,1,2024,6,2,4,7,0,0,789,2347.9164179104478,0.1357142857142857,0.2261904761904762,0.22857142857142856,0.0,0.0,0.0,1.0,0.0,0.0,0.0,0.0,0.0,0.0,0.0,0.0,1.0,0.0,0.0,1.0,0.0,0.0,0.0,0.07888844964130542,0.4319833852544127,-0.06927710843373494
EMP-00065,Employee 0065,2025-03-03 00:00:00+00:00,226228,81.83,EMP-00004,1,2025,3,1,0,3,0,0,520,2764.6095563974095,0.1357142857142857,0.2261904761904762,0.19285714285714287,0.0,0.0,0.0,0.0,1.0,0.0,0.0,0.0,0.0,0.0,0.0,0.0,1.0,0.0,1.0,0.0,0.0,0.0,0.0,0.3006439452843233,0.29906542056074703,-0.6094377510040161
EMP-00066,Employee 0066,2023-04-14 00:00:00+00:00,294059,56.28,EMP-00011,1,2023,4,2,4,14,0,0,1209,5224.928926794599,0.10952380952380952,0.30238095238095236,0.20714285714285716,0.0,1.0,0.0,0.0,0.0,0.0,0.0,0.0,0.0,0.0,0.0,1.0,0.0,0.0,0.0,0.0,0.0,0.0,1.0,0.8089878798893096,-1.4697127033575628,0.7740963855421686
EMP-00067,Employee 0067,2024-05-05 00:00:00+00:00,161813,76.88,EMP-00005,1,2024,5,2,6,5,0,0,822,2104.747658688866,0.13095238095238096,0.15,0.20714285714285716,0.0,0.0,0.0,0.0,0.0,0.0,1.0,0.0,0.0,0.0,1.0,0.0,0.0,0.0,0.0,0.0,0.0,0.0,1.0,-0.1820995576506208,-0.04361370716510968,-0.0030120481927710845
EMP-00068,Employee 0068,2025-05-05 00:00:00+00:00,247283,85.12,EMP-00011,1,2025,5,2,0,5,0,0,457,2905.110432330827,0.12142857142857143,0.15,0.22857142857142856,1.0,0.0,0.0,0.0,0.0,0.0,0.0,0.0,0.0,0.0,1.0,0.0,0.0,0.0,0.0,1.0,0.0,0.0,0.0,0.45843583311006647,0.5268258913118723,-0.7359437751004017
EMP-00069,Employee 0069,2025-03-26 00:00:00+00:00,182888,91.19,EMP-00003,1,2025,3,1,2,26,0,0,497,2005.5707862704244,0.11428571428571428,0.2261904761904762,0.1738095238095238,0.0,0.0,1.0,0.0,0.0,0.0,0.0,0.0,0.0,0.0,0.0,0.0,1.0,0.0,0.0,0.0,1.0,0.0,0.0,-0.024157784393554177,0.9470404984423666,-0.6556224899598394
EMP-00070,Employee 0070,2024-08-11 00:00:00+00:00,196519,84.67,EMP-00003,1,2024,8,3,6,11,0,0,724,2320.999173260895,0.1357142857142857,0.30238095238095236,0.1976190476190476,0.0,0.0,0.0,0.0,1.0,0.0,0.0,0.0,0.0,0.0,0.0,1.0,0.0,0.0,0.0,0.0,0.0,1.0,0.0,0.07799663132493101,0.49567324333679424,-0.19979919678714858
EMP-00071,Employee 0071,2024-10-25 00:00:00+00:00,106016,99.0,EMP-00012,1,2024,10,4,4,25,0,0,649,1070.8686868686868,0.1357142857142857,0.20238095238095238,0.1976190476190476,0.0,0.0,0.0,1.0,0.0,0.0,0.0,0.0,0.0,1.0,0.0,0.0,0.0,0.0,0.0,0.0,0.0,1.0,0.0,-0.600257428228298,1.4877120110764959,-0.35040160642570284
EMP-00072,Employee 0072,2024-06-29 00:00:00+00:00,319281,69.99,EMP-00005,1,2024,6,2,5,29,0,0,767,4561.808829832834,0.1357142857142857,0.2261904761904762,0.1738095238095238,0.0,0.0,0.0,0.0,1.0,0.0,0.0,0.0,0.0,0.0,0.0,0.0,1.0,0.0,0.0,0.0,1.0,0.0,0.0,0.9980083973312899,-0.5205953617168575,-0.11345381526104417
EMP-00073,Employee 0073,2025-05-07 00:00:00+00:00,197700,69.99,EMP-00014,1,2025,5,2,2,7,0,0,455,2824.689241320189,0.10952380952380952,0.2261904761904762,0.20714285714285716,0.0,1.0,0.0,0.0,0.0,0.0,0.0,0.0,0.0,0.0,0.0,0.0,1.0,0.0,0.0,0.0,0.0,0.0,1.0,0.08684736604457967,-0.5205953617168575,-0.7399598393574297
EMP-00074,Employee 0074,2023-09-30 00:00:00+00:00,303337,82.22,EMP-00005,1,2023,9,3,5,30,0,1,1040,3689.3334954998786,0.11428571428571428,0.2261904761904762,0.1976190476190476,0.0,0.0,0.0,0.0,0.0,1.0,0.0,0.0,0.0,0.0,0.0,0.0,1.0,0.0,0.0,0.0,0.0,1.0,0.0,0.8785197314802498,0.3260643821391479,0.4347389558232932
EMP-00075,Employee 0075,2025-08-06 00:00:00+00:00,227269,92.05,EMP-00004,1,2025,8,3,2,6,0,0,364,2468.9733840304184,0.1357142857142857,0.20238095238095238,0.1976190476190476,0.0,0.0,0.0,1.0,0.0,0.0,0.0,0.0,0.0,1.0,0.0,0.0,0.0,0.0,0.0,0.0,0.0,1.0,0.0,0.30844548198470795,1.006576670128071,-0.9226907630522089
EMP-00076,Employee 0076,2024-05-26 00:00:00+00:00,88724,93.83,EMP-00003,1,2024,5,2,6,26,0,0,801,945.5824363210061,0.1380952380952381,0.2261904761904762,0.19285714285714287,0.0,0.0,0.0,0.0,0.0,0.0,0.0,1.0,0.0,0.0,0.0,0.0,1.0,0.0,1.0,0.0,0.0,0.0,0.0,-0.7298483721505374,1.1298026998961568,-0.045180722891566265
EMP-00077,Employee 0077,2025-09-16 00:00:00+00:00,222292,55.61,EMP-00006,1,2025,9,3,1,16,0,0,323,3997.338608163999,0.12142857142857143,0.15,0.19285714285714287,1.0,0.0,0.0,0.0,0.0,0.0,0.0,0.0,0.0,0.0,1.0,0.0,0.0,0.0,1.0,0.0,0.0,0.0,0.0,0.2711464923998719,-1.5160955347871232,-1.0050200803212852
EMP-00078,Employee 0078,2023-01-21 00:00:00+00:00,220934,79.21,EMP-00007,0,2023,1,1,5,21,0,0,1292,2789.2185330135085,0.11428571428571428,0.2261904761904762,0.1976190476190476,0.0,0.0,0.0,0.0,0.0,1.0,0.0,0.0,0.0,0.0,0.0,0.0,1.0,0.0,0.0,0.0,0.0,1.0,0.0,0.2609692716130108,0.11768778123918226,0.9407630522088354
EMP-00079,Employee 0079,2024-06-17 00:00:00+00:00,267216,88.48,EMP-00004,1,2024,6,2,0,17,0,0,779,3020.0723327305604,0.1380952380952381,0.30238095238095236,0.22857142857142856,0.0,0.0,0.0,0.0,0.0,0.0,0.0,1.0,0.0,0.0,0.0,1.0,0.0,0.0,0.0,1.0,0.0,0.0,0.0,0.6078191482385652,0.759432329525787,-0.0893574297188755
EMP-00080,Employee 0080,2024-04-25 00:00:00+00:00,302548,88.17,EMP-00007,1,2024,4,2,3,25,0,0,832,3431.41658160372,0.1357142857142857,0.04047619047619048,0.22857142857142856,0.0,0.0,0.0,0.0,1.0,0.0,0.0,0.0,0.0,0.0,0.0,0.0,0.0,1.0,0.0,1.0,0.0,0.0,0.0,0.8726067512145403,0.7379716164762887,0.01706827309236948
EMP-00081,Employee 0081,2024-05-01 00:00:00+00:00,57542,84.21,EMP-00011,1,2024,5,2,2,1,1,0,826,683.3155207220045,0.11428571428571428,0.2261904761904762,0.1738095238095238,0.0,0.0,0.0,0.0,0.0,1.0,0.0,0.0,0.0,0.0,0.0,0.0,1.0,0.0,0.0,0.0,1.0,0.0,0.0,-0.9635347481269005,0.463828314295603,0.0050200803212851405
EMP-00082,Employee 0082,2023-08-03 00:00:00+00:00,277848,77.06,EMP-00006,1,2023,8,3,3,3,0,0,1098,3605.6060212821176,0.13095238095238096,0.15,0.22857142857142856,0.0,0.0,0.0,0.0,0.0,0.0,1.0,0.0,0.0,0.0,1.0,0.0,0.0,0.0,0.0,1.0,0.0,0.0,0.0,0.6874982435301017,-0.031152647975078062,0.5512048192771084
EMP-00083,Employee 0083,2024-01-06 00:00:00+00:00,211872,44.61,EMP-00001,1,2024,1,1,5,6,0,0,942,4749.428379287156,0.11428571428571428,0.30238095238095236,0.1976190476190476,0.0,0.0,1.0,0.0,0.0,0.0,0.0,0.0,0.0,0.0,0.0,1.0,0.0,0.0,0.0,0.0,0.0,1.0,0.0,0.1930561826803637,-2.277604707511249,0.23795180722891565
EMP-00084,Employee 0084,2025-06-11 00:00:00+00:00,291179,99.0,EMP-00012,1,2025,6,2,2,11,0,0,420,2941.2020202020203,0.1380952380952381,0.30238095238095236,0.19285714285714287,0.0,0.0,0.0,0.0,0.0,0.0,0.0,1.0,0.0,0.0,0.0,1.0,0.0,0.0,1.0,0.0,0.0,0.0,0.0,0.7874043777787354,1.4877120110764959,-0.8102409638554217
EMP-00085,Employee 0085,2023-05-06 00:00:00+00:00,155620,84.73,EMP-00001,1,2023,5,2,5,6,0,0,1187,1836.6576183170068,0.1357142857142857,0.07857142857142857,0.22857142857142856,0.0,0.0,0.0,1.0,0.0,0.0,0.0,0.0,1.0,0.0,0.0,0.0,0.0,0.0,0.0,1.0,0.0,0.0,0.0,-0.22851158145992156,0.4998269297334715,0.7299196787148594
EMP-00086,Employee 0086,2023-09-30 00:00:00+00:00,215744,68.3,EMP-00011,1,2023,9,3,5,30,0,1,1040,3158.770131771596,0.1357142857142857,0.07857142857142857,0.1976190476190476,0.0,0.0,0.0,0.0,1.0,0.0,0.0,0.0,1.0,0.0,0.0,0.0,0.0,0.0,0.0,0.0,0.0,1.0,0.0,0.22207400218458015,-0.6375908618899275,0.4347389558232932
EMP-00087,Employee 0087,2024-09-10 00:00:00+00:00,95810,74.44,EMP-00004,1,2024,9,3,1,10,0,0,694,1287.0768404083826,0.1357142857142857,0.20238095238095238,0.20714285714285716,0.0,0.0,0.0,0.0,1.0,0.0,0.0,0.0,0.0,1.0,0.0,0.0,0.0,0.0,0.0,0.0,0.0,0.0,1.0,-0.6767439638326455,-0.21253028729664283,-0.2600401606425703
EMP-00088,Employee 0088,2024-05-26 00:00:00+00:00,69242,80.87,EMP-00012,1,2024,5,2,6,26,0,0,801,856.2136762705576,0.12142857142857143,0.07857142857142857,0.1976190476190476,1.0,0.0,0.0,0.0,0.0,0.0,0.0,0.0,1.0,0.0,0.0,0.0,0.0,0.0,0.0,0.0,0.0,1.0,0.0,-0.8758517708026927,0.2326064382139147,-0.045180722891566265
EMP-00089,Employee 0089,2025-09-22 00:00:00+00:00,60908,83.23,EMP-00008,1,2025,9,3,0,22,0,0,317,731.8034362609635,0.12142857142857143,0.2261904761904762,0.19285714285714287,1.0,0.0,0.0,0.0,0.0,0.0,0.0,0.0,0.0,0.0,0.0,0.0,1.0,0.0,1.0,0.0,0.0,0.0,0.0,-0.9383090300351669,0.39598476981654523,-1.0170682730923695
EMP-00090,Employee 0090,2023-01-04 00:00:00+00:00,52628,62.71,EMP-00013,1,2023,1,1,2,4,0,0,1309,839.2281932706107,0.1357142857142857,0.30238095238095236,0.22857142857142856,0.0,0.0,0.0,0.0,1.0,0.0,0.0,0.0,0.0,0.0,0.0,1.0,0.0,0.0,0.0,1.0,0.0,0.0,0.0,-1.0003615986030678,-1.0245759778470056,0.9748995983935743
EMP-00091,Employee 0091,2023-09-24 00:00:00+00:00,173881,67.1,EMP-00006,1,2023,9,3,6,24,0,0,1046,2591.3710879284654,0.1357142857142857,0.30238095238095236,0.1738095238095238,0.0,0.0,0.0,1.0,0.0,0.0,0.0,0.0,0.0,0.0,0.0,1.0,0.0,0.0,0.0,0.0,1.0,0.0,0.0,-0.09165868839006185,-0.7206645898234687,0.4467871485943775
EMP-00092,Employee 0092,2025-01-12 00:00:00+00:00,130043,83.5,EMP-00004,1,2025,1,1,6,12,0,0,570,1557.4011976047905,0.1357142857142857,0.2261904761904762,0.1976190476190476,0.0,0.0,0.0,1.0,0.0,0.0,0.0,0.0,0.0,0.0,0.0,0.0,1.0,0.0,0.0,0.0,0.0,1.0,0.0,-0.4201925653078928,0.4146763586015917,-0.5090361445783133
EMP-00093,Employee 0093,2023-06-05 00:00:00+00:00,130755,71.65,EMP-00002,1,2023,6,2,0,5,0,0,1157,1824.9127704117236,0.11428571428571428,0.20238095238095238,0.20714285714285716,0.0,0.0,0.0,0.0,0.0,1.0,0.0,0.0,0.0,1.0,0.0,0.0,0.0,0.0,0.0,0.0,0.0,0.0,1.0,-0.4148566439527786,-0.4056767047421251,0.6696787148594378
EMP-00094,Employee 0094,2023-06-10 00:00:00+00:00,215639,58.44,EMP-00015,1,2023,6,2,5,10,0,0,1152,3689.92128678987,0.11428571428571428,0.2261904761904762,0.19285714285714287,0.0,0.0,1.0,0.0,0.0,0.0,0.0,0.0,0.0,0.0,0.0,0.0,1.0,0.0,1.0,0.0,0.0,0.0,0.0,0.22128710367013213,-1.3201799930771891,0.6596385542168675
EMP-00095,Employee 0095,2023-09-16 00:00:00+00:00,294541,69.29,EMP-00013,1,2023,9,3,5,16,0,0,1054,4250.844277673546,0.10952380952380952,0.15,0.1738095238095238,0.0,1.0,0.0,0.0,0.0,0.0,0.0,0.0,0.0,0.0,1.0,0.0,0.0,0.0,0.0,0.0,1.0,0.0,0.0,0.8126001187842044,-0.5690550363447556,0.46285140562248994
EMP-00096,Employee 0096,2025-09-25 00:00:00+00:00,299729,77.86,EMP-00010,1,2025,9,3,3,25,0,0,314,3849.5890059080402,0.1357142857142857,0.2261904761904762,0.19285714285714287,0.0,0.0,0.0,0.0,1.0,0.0,0.0,0.0,0.0,0.0,0.0,0.0,1.0,0.0,1.0,0.0,0.0,0.0,0.0,0.8514803996695026,0.02422983731394906,-1.0230923694779117
EMP-00097,Employee 0097,2024-04-30 00:00:00+00:00,207707,59.97,EMP-00013,1,2024,4,2,1,30,0,1,827,3463.5150908787728,0.13095238095238096,0.15,0.22857142857142856,0.0,0.0,0.0,0.0,0.0,0.0,1.0,0.0,0.0,0.0,1.0,0.0,0.0,0.0,0.0,1.0,0.0,0.0,0.0,0.16184254160725894,-1.2142609899619243,0.007028112449799197
EMP-00098,Employee 0098,2023-10-20 00:00:00+00:00,155229,95.98,EMP-00012,1,2023,10,4,4,20,0,0,1020,1617.3056886851427,0.13095238095238096,0.2261904761904762,0.22857142857142856,0.0,0.0,0.0,0.0,0.0,0.0,1.0,0.0,0.0,0.0,0.0,0.0,1.0,0.0,0.0,1.0,0.0,0.0,0.0,-0.23144184164229467,1.278643129110418,0.39457831325301207
EMP-00099,Employee 0099,2025-04-20 00:00:00+00:00,161094,91.07,EMP-00001,1,2025,4,2,6,20,0,0,472,1768.9030416163391,0.1357142857142857,0.2261904761904762,0.19285714285714287,0.0,0.0,0.0,0.0,1.0,0.0,0.0,0.0,0.0,0.0,0.0,0.0,1.0,0.0,1.0,0.0,0.0,0.0,0.0,-0.18748793890669818,0.9387331256490122,-0.7058232931726908
EMP-00100,Employee 0100,2024-10-27 00:00:00+00:00,218493,88.08,EMP-00014,1,2024,10,4,6,27,0,0,647,2480.6198910081744,0.12142857142857143,0.30238095238095236,0.1738095238095238,1.0,0.0,0.0,0.0,0.0,0.0,0.0,0.0,0.0,0.0,0.0,1.0,0.0,0.0,0.0,0.0,1.0,0.0,0.0,0.2426757547199859,0.7317410868812729,-0.35441767068273095
EMP-00101,Employee 0101,2023-09-30 00:00:00+00:00,295136,79.0,EMP-00015,1,2023,9,3,5,30,0,1,1040,3735.8987341772154,0.1380952380952381,0.2261904761904762,0.19285714285714287,0.0,0.0,0.0,0.0,0.0,0.0,0.0,1.0,0.0,0.0,0.0,0.0,1.0,0.0,1.0,0.0,0.0,0.0,0.0,0.8170592103660764,0.10314987885081302,0.4347389558232932
EMP-00102,Employee 0102,2025-08-17 00:00:00+00:00,193142,64.41,EMP-00013,1,2025,8,3,6,17,0,0,353,2998.6337525229005,0.11428571428571428,0.04047619047619048,0.19285714285714287,0.0,0.0,0.0,0.0,0.0,1.0,0.0,0.0,0.0,0.0,0.0,0.0,0.0,1.0,1.0,0.0,0.0,0.0,0.0,0.052688476245969486,-0.9068881966078229,-0.9447791164658634
EMP-00103,Employee 0103,2025-09-17 00:00:00+00:00,157450,68.77,EMP-00010,1,2025,9,3,2,17,0,0,322,2289.515777228443,0.1357142857142857,0.20238095238095238,0.22857142857142856,0.0,0.0,0.0,0.0,1.0,0.0,0.0,0.0,0.0,1.0,0.0,0.0,0.0,0.0,0.0,1.0,0.0,0.0,0.0,-0.21479706449382754,-0.605053651782624,-1.0070281124497993
EMP-00104,Employee 0104,2025-01-26 00:00:00+00:00,112193,92.55,EMP-00009,1,2025,1,1,6,26,0,0,556,1212.242031334414,0.11428571428571428,0.20238095238095238,0.1976190476190476,0.0,0.0,0.0,0.0,0.0,1.0,0.0,0.0,0.0,1.0,0.0,0.0,0.0,0.0,0.0,0.0,0.0,1.0,0.0,-0.553965312764056,1.041190723433713,-0.5371485943775101
EMP-00105,Employee 0105,2024-01-22 00:00:00+00:00,73799,69.27,EMP-00007,1,2024,1,1,0,22,0,0,926,1065.3818391800203,0.12142857142857143,0.2261904761904762,0.19285714285714287,1.0,0.0,0.0,0.0,0.0,0.0,0.0,0.0,0.0,0.0,0.0,0.0,1.0,0.0,1.0,0.0,0.0,0.0,0.0,-0.8417003752756487,-0.570439598476982,0.20582329317269077
EMP-00106,Employee 0106,2023-12-16 00:00:00+00:00,133315,77.64,EMP-00008,1,2023,12,4,5,16,0,0,963,1717.091705306543,0.11428571428571428,0.04047619047619048,0.1976190476190476,0.0,0.0,1.0,0.0,0.0,0.0,0.0,0.0,0.0,0.0,0.0,0.0,0.0,1.0,0.0,0.0,0.0,1.0,0.0,-0.3956713087433793,0.008999653859466624,0.28012048192771083
EMP-00107,Employee 0107,2023-10-17 00:00:00+00:00,265323,74.81,EMP-00004,1,2023,10,4,1,17,0,0,1023,3546.6247827830503,0.12142857142857143,0.30238095238095236,0.22857142857142856,1.0,0.0,0.0,0.0,0.0,0.0,0.0,0.0,0.0,0.0,0.0,1.0,0.0,0.0,0.0,1.0,0.0,0.0,0.0,0.5936324921638023,-0.1869158878504674,0.4006024096385542
EMP-00108,Employee 0108,2025-07-09 00:00:00+00:00,149502,76.28,EMP-00009,1,2025,7,3,2,9,0,0,392,1959.9108547456738,0.13095238095238096,0.30238095238095236,0.1738095238095238,0.0,0.0,0.0,0.0,0.0,0.0,1.0,0.0,0.0,0.0,0.0,1.0,0.0,0.0,0.0,0.0,1.0,0.0,0.0,-0.27436153490175946,-0.08515057113187978,-0.8664658634538153
EMP-00109,Employee 0109,2023-03-20 00:00:00+00:00,276938,76.62,EMP-00005,0,2023,3,1,0,20,0,0,1234,3614.4348734012005,0.10952380952380952,0.07857142857142857,0.19285714285714287,0.0,1.0,0.0,0.0,0.0,0.0,0.0,0.0,1.0,0.0,0.0,0.0,0.0,0.0,1.0,0.0,0.0,0.0,0.0,0.6806784564048856,-0.06161301488404293,0.8242971887550201
EMP-00110,Employee 0110,2023-08-01 00:00:00+00:00,255959,75.37,EMP-00014,1,2023,8,3,1,1,1,0,1100,3396.032904338596,0.11428571428571428,0.30238095238095236,0.20714285714285716,0.0,0.0,0.0,0.0,0.0,1.0,0.0,0.0,0.0,0.0,0.0,1.0,0.0,0.0,0.0,0.0,0.0,0.0,1.0,0.5234561332181714,-0.1481481481481481,0.5552208835341366
EMP-00111,Employee 0111,2023-06-24 00:00:00+00:00,261915,73.03,EMP-00001,1,2023,6,2,5,24,0,0,1138,3586.402848144598,0.11428571428571428,0.30238095238095236,0.20714285714285716,0.0,0.0,0.0,0.0,0.0,1.0,0.0,0.0,0.0,0.0,0.0,1.0,0.0,0.0,0.0,0.0,0.0,0.0,1.0,0.5680920146662894,-0.31014191761855325,0.6315261044176707
EMP-00112,Employee 0112,2024-09-26 00:00:00+00:00,229845,74.49,EMP-00001,0,2024,9,3,3,26,0,0,678,3085.581957309706,0.1357142857142857,0.30238095238095236,0.20714285714285716,0.0,0.0,0.0,0.0,1.0,0.0,0.0,0.0,0.0,0.0,0.0,1.0,0.0,0.0,0.0,0.0,0.0,0.0,1.0,0.327750725539166,-0.20906888196607884,-0.2921686746987952
EMP-00113,Employee 0113,2023-04-05 00:00:00+00:00,55060,75.7,EMP-00013,1,2023,4,2,2,5,0,0,1218,727.344782034346,0.1357142857142857,0.2261904761904762,0.19285714285714287,0.0,0.0,0.0,1.0,0.0,0.0,0.0,0.0,0.0,0.0,0.0,0.0,1.0,0.0,1.0,0.0,0.0,0.0,0.0,-0.9821355301541385,-0.12530287296642445,0.7921686746987951
EMP-00114,Employee 0114,2025-01-15 00:00:00+00:00,177048,67.61,EMP-00006,1,2025,1,1,2,15,0,0,567,2618.6658778287238,0.11428571428571428,0.20238095238095238,0.19285714285714287,0.0,0.0,1.0,0.0,0.0,0.0,0.0,0.0,0.0,1.0,0.0,0.0,0.0,0.0,1.0,0.0,0.0,0.0,0.0,-0.06792433033999637,-0.6853582554517135,-0.5150602409638554
EMP-00115,Employee 0115,2023-05-19 00:00:00+00:00,243488,62.59,EMP-00009,1,2023,5,2,4,19,0,0,1174,3890.206103211375,0.10952380952380952,0.30238095238095236,0.1738095238095238,0.0,1.0,0.0,0.0,0.0,0.0,0.0,0.0,0.0,0.0,0.0,1.0,0.0,0.0,0.0,0.0,1.0,0.0,0.0,0.42999507251644525,-1.0328833506403596,0.7038152610441767
EMP-00116,Employee 0116,2023-12-23 00:00:00+00:00,317643,73.93,EMP-00005,1,2023,12,4,5,23,0,0,956,4296.537264980387,0.11428571428571428,0.2261904761904762,0.20714285714285716,0.0,0.0,1.0,0.0,0.0,0.0,0.0,0.0,0.0,0.0,0.0,0.0,1.0,0.0,0.0,0.0,0.0,0.0,1.0,0.9857327805059009,-0.24783662166839712,0.2660642570281124
EMP-00117,Employee 0117,2023-07-05 00:00:00+00:00,254364,68.37,EMP-00004,1,2023,7,3,2,5,0,0,1127,3720.403685827117,0.12142857142857143,0.20238095238095238,0.20714285714285716,1.0,0.0,0.0,0.0,0.0,0.0,0.0,0.0,0.0,1.0,0.0,0.0,0.0,0.0,0.0,0.0,0.0,0.0,1.0,0.5115027700701277,-0.6327448944271371,0.6094377510040161
EMP-00118,Employee 0118,2025-04-11 00:00:00+00:00,129183,77.27,EMP-00007,0,2025,4,2,4,11,0,0,481,1671.8390060825677,0.1357142857142857,0.30238095238095236,0.1738095238095238,0.0,0.0,0.0,1.0,0.0,0.0,0.0,0.0,0.0,0.0,0.0,1.0,0.0,0.0,0.0,0.0,1.0,0.0,0.0,-0.4266376388548004,-0.016614745586708824,-0.6877510040160643
EMP-00119,Employee 0119,2024-10-02 00:00:00+00:00,204238,66.26,EMP-00002,1,2024,10,4,2,2,0,0,672,3082.372472079686,0.1357142857142857,0.30238095238095236,0.19285714285714287,0.0,0.0,0.0,0.0,1.0,0.0,0.0,0.0,0.0,0.0,0.0,1.0,0.0,0.0,1.0,0.0,0.0,0.0,0.0,0.13584491354420963,-0.7788161993769467,-0.3042168674698795
EMP-00120,Employee 0120,2024-04-17 00:00:00+00:00,247423,57.18,EMP-00010,1,2024,4,2,2,17,0,0,840,4327.089891570479,0.11428571428571428,0.20238095238095238,0.20714285714285716,0.0,0.0,1.0,0.0,0.0,0.0,0.0,0.0,0.0,1.0,0.0,0.0,0.0,0.0,0.0,0.0,0.0,0.0,1.0,0.45948503112933053,-1.407407407407407,0.03313253012048193
EMP-00121,Employee 0121,2025-07-25 00:00:00+00:00,278392,94.0,EMP-00002,1,2025,7,3,4,25,0,0,376,2961.6170212765956,0.12142857142857143,0.07857142857142857,0.19285714285714287,1.0,0.0,0.0,0.0,0.0,0.0,0.0,0.0,1.0,0.0,0.0,0.0,0.0,0.0,1.0,0.0,0.0,0.0,0.0,0.691575127262099,1.1415714780200752,-0.8985943775100401
EMP-00122,Employee 0122,2025-05-11 00:00:00+00:00,78090,71.04,EMP-00012,1,2025,5,2,6,11,0,0,451,1099.2398648648648,0.11428571428571428,0.30238095238095236,0.22857142857142856,0.0,0.0,1.0,0.0,0.0,0.0,0.0,0.0,0.0,0.0,0.0,1.0,0.0,0.0,0.0,1.0,0.0,0.0,0.0,-0.8095424559852064,-0.44790584977500836,-0.7479919678714859
EMP-00123,Employee 0123,2024-07-25 00:00:00+00:00,300269,53.54,EMP-00006,1,2024,7,3,3,25,0,0,741,5608.311542771759,0.1357142857142857,0.30238095238095236,0.22857142857142856,0.0,0.0,0.0,1.0,0.0,0.0,0.0,0.0,0.0,0.0,0.0,1.0,0.0,0.0,0.0,1.0,0.0,0.0,0.0,0.8555273063152353,-1.6593977154724815,-0.16566265060240964
EMP-00124,Employee 0124,2023-08-03 00:00:00+00:00,170855,86.18,EMP-00001,1,2023,8,3,3,3,0,0,1098,1982.536551404038,0.13095238095238096,0.2261904761904762,0.20714285714285716,0.0,0.0,0.0,0.0,0.0,0.0,1.0,0.0,0.0,0.0,0.0,0.0,1.0,0.0,0.0,0.0,0.0,0.0,1.0,-0.11433635414929713,0.6002076843198336,0.5512048192771084
EMP-00125,Employee 0125,2023-04-24 00:00:00+00:00,292382,72.59,EMP-00007,0,2023,4,2,0,24,0,0,1199,4027.855076456812,0.1357142857142857,0.20238095238095238,0.20714285714285716,0.0,0.0,0.0,1.0,0.0,0.0,0.0,0.0,0.0,1.0,0.0,0.0,0.0,0.0,0.0,0.0,0.0,0.0,1.0,0.7964199864728398,-0.3406022845275181,0.7540160642570282
EMP-00126,Employee 0126,2025-06-14 00:00:00+00:00,259663,77.25,EMP-00007,1,2025,6,2,5,14,0,0,417,3361.3333333333335,0.1357142857142857,0.2261904761904762,0.1976190476190476,0.0,0.0,0.0,0.0,1.0,0.0,0.0,0.0,0.0,0.0,0.0,0.0,1.0,0.0,0.0,0.0,0.0,1.0,0.0,0.551214915099271,-0.01799930771893423,-0.8162650602409639
EMP-00127,Employee 0127,2024-12-09 00:00:00+00:00,190579,79.29,EMP-00001,1,2024,12,4,0,9,0,0,604,2403.569176440913,0.1380952380952381,0.30238095238095236,0.1976190476190476,0.0,0.0,0.0,0.0,0.0,0.0,0.0,1.0,0.0,0.0,0.0,1.0,0.0,0.0,0.0,0.0,0.0,1.0,0.0,0.033480658221871656,0.12322602976808586,-0.4407630522088353
EMP-00128,Employee 0128,2024-06-17 00:00:00+00:00,178057,88.12,EMP-00005,1,2024,6,2,0,17,0,0,779,2020.6196096232409,0.12142857142857143,0.2261904761904762,0.19285714285714287,1.0,0.0,0.0,0.0,0.0,0.0,0.0,0.0,0.0,0.0,0.0,0.0,1.0,0.0,1.0,0.0,0.0,0.0,0.0,-0.06036261032972921,0.7345102111457248,-0.0893574297188755
EMP-00129,Employee 0129,2023-04-04 00:00:00+00:00,123265,80.36,EMP-00005,1,2023,4,2,1,4,0,0,1219,1533.9099054255848,0.11428571428571428,0.20238095238095238,0.20714285714285716,0.0,0.0,0.0,0.0,0.0,1.0,0.0,0.0,0.0,1.0,0.0,0.0,0.0,0.0,0.0,0.0,0.0,0.0,1.0,-0.47098873798340396,0.19730010384215943,0.7941767068273092
EMP-00130,Employee 0130,2024-03-04 00:00:00+00:00,207344,61.59,EMP-00012,1,2024,3,1,0,4,0,0,884,3366.5205390485467,0.12142857142857143,0.15,0.22857142857142856,1.0,0.0,0.0,0.0,0.0,0.0,0.0,0.0,0.0,0.0,1.0,0.0,0.0,0.0,0.0,1.0,0.0,0.0,0.0,0.15912212102873866,-1.1021114572516437,0.1214859437751004
EMP-00131,Employee 0131,2025-08-14 00:00:00+00:00,128146,63.84,EMP-00012,1,2025,8,3,3,14,0,0,356,2007.2994987468671,0.13095238095238096,0.15,0.22857142857142856,0.0,0.0,0.0,0.0,0.0,0.0,1.0,0.0,0.0,0.0,1.0,0.0,0.0,0.0,0.0,1.0,0.0,0.0,0.0,-0.43440919846892034,-0.9463482173762544,-0.9387550200803213
EMP-00132,Employee 0132,2023-08-24 00:00:00+00:00,177958,61.19,EMP-00005,0,2023,8,3,3,24,0,0,1077,2908.285667592744,0.11428571428571428,0.04047619047619048,0.22857142857142856,0.0,0.0,1.0,0.0,0.0,0.0,0.0,0.0,0.0,0.0,0.0,0.0,0.0,1.0,0.0,1.0,0.0,0.0,0.0,-0.061104543214780205,-1.1298026998961577,0.5090361445783133
EMP-00133,Employee 0133,2023-11-06 00:00:00+00:00,112337,71.52,EMP-00014,1,2023,11,4,0,6,0,0,1003,1570.707494407159,0.12142857142857143,0.07857142857142857,0.20714285714285716,1.0,0.0,0.0,0.0,0.0,0.0,0.0,0.0,1.0,0.0,0.0,0.0,0.0,0.0,0.0,0.0,0.0,0.0,1.0,-0.5528861376585272,-0.4146763586015927,0.3604417670682731
EMP-00134,Employee 0134,2023-04-14 00:00:00+00:00,109397,81.28,EMP-00004,1,2023,4,2,4,14,0,0,1209,1345.927657480315,0.10952380952380952,0.2261904761904762,0.20714285714285716,0.0,1.0,0.0,0.0,0.0,0.0,0.0,0.0,0.0,0.0,0.0,0.0,1.0,0.0,0.0,0.0,0.0,0.0,1.0,-0.5749192960630718,0.26098996192454094,0.7740963855421686
EMP-00135,Employee 0135,2023-11-02 00:00:00+00:00,295003,68.06,EMP-00008,1,2023,11,4,3,2,0,0,1007,4334.454892741698,0.1380952380952381,0.20238095238095238,0.1976190476190476,0.0,0.0,0.0,0.0,0.0,0.0,0.0,1.0,0.0,1.0,0.0,0.0,0.0,0.0,0.0,0.0,0.0,1.0,0.0,0.8160624722477756,-0.6542056074766354,0.3684738955823293
EMP-00136,Employee 0136,2023-10-19 00:00:00+00:00,284948,69.54,EMP-00003,1,2023,10,4,3,19,0,0,1021,4097.612884670692,0.10952380952380952,0.20238095238095238,0.1976190476190476,0.0,1.0,0.0,0.0,0.0,0.0,0.0,0.0,0.0,1.0,0.0,0.0,0.0,0.0,0.0,0.0,0.0,1.0,0.0,0.7407075716499201,-0.5517480096919346,0.3965863453815261
EMP-00137,Employee 0137,2025-02-17 00:00:00+00:00,204366,69.08,EMP-00003,1,2025,2,1,0,17,0,0,534,2958.39606253619,0.13095238095238096,0.20238095238095238,0.20714285714285716,0.0,0.0,0.0,0.0,0.0,0.0,1.0,0.0,0.0,1.0,0.0,0.0,0.0,0.0,0.0,0.0,0.0,0.0,1.0,0.1368041803046796,-0.5835929387331258,-0.5813253012048193
EMP-00138,Employee 0138,2024-02-02 00:00:00+00:00,228560,70.57,EMP-00008,1,2024,2,1,4,2,0,0,915,3238.7700155873604,0.10952380952380952,0.15,0.22857142857142856,0.0,1.0,0.0,0.0,0.0,0.0,0.0,0.0,0.0,0.0,1.0,0.0,0.0,0.0,0.0,1.0,0.0,0.0,0.0,0.3181205865766355,-0.4804430598823128,0.18373493975903615
EMP-00139,Employee 0139,2024-11-21 00:00:00+00:00,48336,84.49,EMP-00004,1,2024,11,4,3,21,0,0,622,572.0913717599716,0.12142857142857143,0.15,0.20714285714285716,1.0,0.0,0.0,0.0,0.0,0.0,0.0,0.0,0.0,0.0,1.0,0.0,0.0,0.0,0.0,0.0,0.0,0.0,1.0,-1.0325270121650763,0.48321218414676265,-0.4046184738955823
EMP-00140,Employee 0140,2024-08-22 00:00:00+00:00,250157,73.88,EMP-00001,1,2024,8,3,3,22,0,0,713,3385.9907958852195,0.10952380952380952,0.30238095238095236,0.20714285714285716,0.0,1.0,0.0,0.0,0.0,0.0,0.0,0.0,0.0,0.0,0.0,1.0,0.0,0.0,0.0,0.0,0.0,0.0,1.0,0.4799743695912437,-0.25129802699896214,-0.22188755020080322
EMP-00141,Employee 0141,2023-10-13 00:00:00+00:00,309418,89.26,EMP-00015,1,2023,10,4,4,13,0,0,1027,3466.4799462245123,0.12142857142857143,0.30238095238095236,0.1738095238095238,1.0,0.0,0.0,0.0,0.0,0.0,0.0,0.0,0.0,0.0,0.0,1.0,0.0,0.0,0.0,0.0,1.0,0.0,0.0,0.9240923968741394,0.8134302526825887,0.4086345381526104
EMP-00142,Employee 0142,2024-12-24 00:00:00+00:00,306159,71.25,EMP-00011,1,2024,12,4,1,24,0,0,589,4296.968421052631,0.1380952380952381,0.20238095238095238,0.22857142857142856,0.0,0.0,0.0,0.0,0.0,0.0,0.0,1.0,0.0,1.0,0.0,0.0,0.0,0.0,0.0,1.0,0.0,0.0,0.0,0.8996685658399861,-0.4333679473866391,-0.4708835341365462
EMP-00143,Employee 0143,2025-05-07 00:00:00+00:00,62277,77.45,EMP-00011,1,2025,5,2,2,7,0,0,455,804.0929632020658,0.1357142857142857,0.04047619047619048,0.19285714285714287,0.0,0.0,0.0,0.0,1.0,0.0,0.0,0.0,0.0,0.0,0.0,0.0,0.0,1.0,1.0,0.0,0.0,0.0,0.0,-0.928049372261078,-0.004153686396677206,-0.7399598393574297
EMP-00144,Employee 0144,2023-02-12 00:00:00+00:00,236335,75.01,EMP-00014,1,2023,2,1,6,12,0,0,1270,3150.713238234902,0.10952380952380952,0.30238095238095236,0.22857142857142856,0.0,1.0,0.0,0.0,0.0,0.0,0.0,0.0,0.0,0.0,0.0,1.0,0.0,0.0,0.0,1.0,0.0,0.0,0.0,0.37638854800361976,-0.17307026652821036,0.8965863453815262
EMP-00145,Employee 0145,2024-12-06 00:00:00+00:00,177530,80.33,EMP-00011,1,2024,12,4,4,6,0,0,607,2210.008714054525,0.1380952380952381,0.15,0.1738095238095238,0.0,0.0,0.0,0.0,0.0,0.0,0.0,1.0,0.0,0.0,1.0,0.0,0.0,0.0,0.0,0.0,1.0,0.0,0.0,-0.06431209144510165,0.1952232606438208,-0.4347389558232932
EMP-00146,Employee 0146,2025-08-09 00:00:00+00:00,65672,83.06,EMP-00003,1,2025,8,3,5,9,0,0,361,790.6573561281001,0.13095238095238096,0.15,0.19285714285714287,0.0,0.0,0.0,0.0,0.0,0.0,1.0,0.0,0.0,0.0,1.0,0.0,0.0,0.0,1.0,0.0,0.0,0.0,0.0,-0.9026063202939253,0.3842159916926268,-0.928714859437751
EMP-00147,Employee 0147,2024-07-18 00:00:00+00:00,262576,77.51,EMP-00014,1,2024,7,3,3,18,0,0,748,3387.6403044768413,0.1357142857142857,0.15,0.20714285714285716,0.0,0.0,0.0,1.0,0.0,0.0,0.0,0.0,0.0,0.0,1.0,0.0,0.0,0.0,0.0,0.0,0.0,0.0,1.0,0.5730457281715289,0.0,-0.15160642570281124
EMP-00148,Employee 0148,2023-09-06 00:00:00+00:00,219193,99.0,EMP-00008,1,2023,9,3,2,6,0,0,1064,2214.070707070707,0.1357142857142857,0.2261904761904762,0.1976190476190476,0.0,0.0,0.0,0.0,1.0,0.0,0.0,0.0,0.0,0.0,0.0,0.0,1.0,0.0,0.0,0.0,0.0,1.0,0.0,0.24792174481630602,1.4877120110764959,0.48293172690763053
EMP-00149,Employee 0149,2023-04-01 00:00:00+00:00,118904,94.06,EMP-00013,1,2023,4,2,5,1,1,0,1222,1264.1292791834999,0.13095238095238096,0.30238095238095236,0.22857142857142856,0.0,0.0,0.0,0.0,0.0,0.0,1.0,0.0,0.0,0.0,0.0,1.0,0.0,0.0,0.0,1.0,0.0,0.0,0.0,-0.5036712562834783,1.1457251644167523,0.8002008032128514
EMP-00150,Employee 0150,2024-11-09 00:00:00+00:00,185377,71.35,EMP-00014,1,2024,11,4,5,9,0,0,634,2598.135949544499,0.10952380952380952,0.30238095238095236,0.1738095238095238,0.0,1.0,0.0,0.0,0.0,0.0,0.0,0.0,0.0,0.0,0.0,1.0,0.0,0.0,0.0,0.0,1.0,0.0,0.0,-0.0055045424653530454,-0.4264451367255111,-0.38052208835341367
EMP-00151,Employee 0151,2023-04-15 00:00:00+00:00,143569,92.17,EMP-00001,1,2023,4,2,5,15,0,0,1208,1557.65433438212,0.13095238095238096,0.07857142857142857,0.1738095238095238,0.0,0.0,0.0,0.0,0.0,0.0,1.0,0.0,1.0,0.0,0.0,0.0,0.0,0.0,0.0,0.0,1.0,0.0,0.0,-0.3188250481038556,1.0148840429214254,0.7720883534136547
EMP-00152,Employee 0152,2025-03-17 00:00:00+00:00,108251,90.98,EMP-00013,1,2025,3,1,0,17,0,0,506,1189.8329303143548,0.1357142857142857,0.2261904761904762,0.22857142857142856,0.0,0.0,0.0,0.0,1.0,0.0,0.0,0.0,0.0,0.0,0.0,0.0,1.0,0.0,0.0,1.0,0.0,0.0,0.0,-0.5835077312779045,0.9325025960539973,-0.6375502008032129
EMP-00153,Employee 0153,2025-03-07 00:00:00+00:00,164335,63.21,EMP-00002,1,2025,3,1,4,7,0,0,516,2599.825976902389,0.10952380952380952,0.2261904761904762,0.22857142857142856,0.0,1.0,0.0,0.0,0.0,0.0,0.0,0.0,0.0,0.0,0.0,0.0,1.0,0.0,0.0,1.0,0.0,0.0,0.0,-0.163199004760736,-0.9899619245413636,-0.6174698795180723
EMP-00154,Employee 0154,2024-02-22 00:00:00+00:00,209369,54.41,EMP-00012,1,2024,2,1,3,22,0,0,895,3847.987502297372,0.11428571428571428,0.2261904761904762,0.22857142857142856,0.0,0.0,0.0,0.0,0.0,1.0,0.0,0.0,0.0,0.0,0.0,0.0,1.0,0.0,0.0,1.0,0.0,0.0,0.0,0.17429802095023617,-1.5991692627206644,0.14357429718875503
EMP-00155,Employee 0155,2024-09-05 00:00:00+00:00,61862,80.06,EMP-00010,1,2024,9,3,3,5,0,0,699,772.6954783912066,0.1357142857142857,0.30238095238095236,0.1976190476190476,0.0,0.0,0.0,1.0,0.0,0.0,0.0,0.0,0.0,0.0,0.0,1.0,0.0,0.0,0.0,0.0,0.0,1.0,0.0,-0.9311594949610391,0.17653167185877439,-0.25
EMP-00156,Employee 0156,2024-03-13 00:00:00+00:00,231066,76.24,EMP-00003,1,2024,3,1,2,13,0,0,875,3030.771248688353,0.1357142857142857,0.2261904761904762,0.19285714285714287,0.0,0.0,0.0,1.0,0.0,0.0,0.0,0.0,0.0,0.0,0.0,0.0,1.0,0.0,1.0,0.0,0.0,0.0,0.0,0.33690123112146153,-0.08791969539633157,0.10341365461847389
EMP-00157,Employee 0157,2025-02-07 00:00:00+00:00,181680,50.43,EMP-00014,1,2025,2,1,4,7,0,0,544,3602.61748958953,0.13095238095238096,0.15,0.1738095238095238,0.0,0.0,0.0,0.0,0.0,0.0,1.0,0.0,0.0,0.0,1.0,0.0,0.0,0.0,0.0,0.0,1.0,0.0,0.0,-0.03321086444548948,-1.874697127033575,-0.5612449799196787
EMP-00158,Employee 0158,2023-02-17 00:00:00+00:00,200087,79.11,EMP-00007,1,2023,2,1,4,17,0,0,1265,2529.2251295664264,0.1357142857142857,0.30238095238095236,0.20714285714285716,0.0,0.0,0.0,0.0,1.0,0.0,0.0,0.0,0.0,0.0,0.0,1.0,0.0,0.0,0.0,0.0,0.0,0.0,1.0,0.1047361922730313,0.11076497057805423,0.8865461847389559
EMP-00159,Employee 0159,2024-05-30 00:00:00+00:00,87394,78.22,EMP-00006,1,2024,5,2,3,30,0,0,797,1117.284581948351,0.1357142857142857,0.20238095238095238,0.20714285714285716,0.0,0.0,0.0,0.0,1.0,0.0,0.0,0.0,0.0,1.0,0.0,0.0,0.0,0.0,0.0,0.0,0.0,0.0,1.0,-0.7398157533335457,0.04915195569401131,-0.05321285140562249
EMP-00160,Employee 0160,2024-02-13 00:00:00+00:00,89677,71.02,EMP-00015,1,2024,2,1,1,13,0,0,904,1262.700647704872,0.11428571428571428,0.20238095238095238,0.22857142857142856,0.0,0.0,0.0,0.0,0.0,1.0,0.0,0.0,0.0,1.0,0.0,0.0,0.0,0.0,0.0,1.0,0.0,0.0,0.0,-0.7227063313479759,-0.44929041190723473,0.16164658634538154
EMP-00161,Employee 0161,2024-04-01 00:00:00+00:00,194768,95.07,EMP-00009,1,2024,4,2,0,1,1,0,856,2048.679920058904,0.10952380952380952,0.07857142857142857,0.20714285714285716,0.0,1.0,0.0,0.0,0.0,0.0,0.0,0.0,1.0,0.0,0.0,0.0,0.0,0.0,0.0,0.0,0.0,0.0,1.0,0.06487416181256452,1.2156455520941487,0.06526104417670683
EMP-00162,Employee 0162,2025-07-26 00:00:00+00:00,220733,75.25,EMP-00004,1,2025,7,3,5,26,0,0,375,2933.328903654485,0.11428571428571428,0.2261904761904762,0.22857142857142856,0.0,0.0,0.0,0.0,0.0,1.0,0.0,0.0,0.0,0.0,0.0,0.0,1.0,0.0,0.0,1.0,0.0,0.0,0.0,0.25946292302821033,-0.15645552094150253,-0.9006024096385542
EMP-00163,Employee 0163,2024-05-19 00:00:00+00:00,220219,73.37,EMP-00013,0,2024,5,2,6,19,0,0,808,3001.4856208259503,0.1357142857142857,0.2261904761904762,0.22857142857142856,0.0,0.0,0.0,0.0,1.0,0.0,0.0,0.0,0.0,0.0,0.0,0.0,1.0,0.0,0.0,1.0,0.0,0.0,0.0,0.2556108674431981,-0.2866043613707164,-0.03112449799196787
EMP-00164,Employee 0164,2024-01-05 00:00:00+00:00,54753,77.72,EMP-00003,1,2024,1,1,4,5,0,0,943,704.4904786412764,0.12142857142857143,0.20238095238095238,0.20714285714285716,1.0,0.0,0.0,0.0,0.0,0.0,0.0,0.0,0.0,1.0,0.0,0.0,0.0,0.0,0.0,0.0,0.0,0.0,1.0,-0.9844362715249532,0.014537902388369238,0.2399598393574297
EMP-00165,Employee 0165,2024-11-26 00:00:00+00:00,176836,62.72,EMP-00010,1,2024,11,4,1,26,0,0,617,2819.451530612245,0.11428571428571428,0.30238095238095236,0.1976190476190476,0.0,0.0,0.0,0.0,0.0,1.0,0.0,0.0,0.0,0.0,0.0,1.0,0.0,0.0,0.0,0.0,0.0,1.0,0.0,-0.06951311591202475,-1.0238836967808929,-0.4146586345381526
EMP-00166,Employee 0166,2025-06-16 00:00:00+00:00,91365,67.64,EMP-00007,1,2025,6,2,0,16,0,0,415,1350.7539917208753,0.1357142857142857,0.20238095238095238,0.22857142857142856,0.0,0.0,0.0,1.0,0.0,0.0,0.0,0.0,0.0,1.0,0.0,0.0,0.0,0.0,0.0,1.0,0.0,0.0,0.0,-0.7100560009442782,-0.6832814122533748,-0.820281124497992
EMP-00167,Employee 0167,2025-03-20 00:00:00+00:00,197103,46.72,EMP-00013,1,2025,3,1,3,20,0,0,503,4218.814212328767,0.13095238095238096,0.2261904761904762,0.20714285714285716,0.0,0.0,0.0,0.0,0.0,0.0,1.0,0.0,0.0,0.0,0.0,0.0,1.0,0.0,0.0,0.0,0.0,0.0,1.0,0.08237328591957523,-2.1315334025614394,-0.643574297188755
EMP-00168,Employee 0168,2024-12-01 00:00:00+00:00,265113,81.96,EMP-00003,1,2024,12,4,6,1,1,0,612,3234.6632503660326,0.1357142857142857,0.30238095238095236,0.19285714285714287,0.0,0.0,0.0,0.0,1.0,0.0,0.0,0.0,0.0,0.0,0.0,1.0,0.0,0.0,1.0,0.0,0.0,0.0,0.0,0.5920586951349063,0.30806507442021364,-0.4246987951807229
EMP-00169,Employee 0169,2025-07-03 00:00:00+00:00,308977,87.79,EMP-00009,1,2025,7,3,3,3,0,0,398,3519.5010821278047,0.12142857142857143,0.04047619047619048,0.1738095238095238,1.0,0.0,0.0,0.0,0.0,0.0,0.0,0.0,0.0,0.0,0.0,0.0,0.0,1.0,0.0,0.0,1.0,0.0,0.0,0.9207874231134576,0.711664935964001,-0.8544176706827309
EMP-00170,Employee 0170,2025-06-03 00:00:00+00:00,181237,80.82,EMP-00008,1,2025,6,2,1,3,0,0,428,2242.4771096263303,0.13095238095238096,0.2261904761904762,0.1976190476190476,0.0,0.0,0.0,0.0,0.0,0.0,1.0,0.0,0.0,0.0,0.0,0.0,1.0,0.0,0.0,0.0,0.0,1.0,0.0,-0.036530826749303504,0.2291450328833497,-0.7941767068273092
EMP-00171,Employee 0171,2023-07-30 00:00:00+00:00,182876,79.96,EMP-00008,1,2023,7,3,6,30,0,0,1102,2287.093546773387,0.11428571428571428,0.20238095238095238,0.22857142857142856,0.0,0.0,0.0,0.0,0.0,1.0,0.0,0.0,0.0,1.0,0.0,0.0,0.0,0.0,0.0,1.0,0.0,0.0,0.0,-0.024247715652348237,0.16960886119764537,0.5592369477911646
EMP-00172,Employee 0172,2023-07-15 00:00:00+00:00,208633,76.71,EMP-00010,1,2023,7,3,5,15,0,0,1117,2719.7627427975494,0.10952380952380952,0.30238095238095236,0.1738095238095238,0.0,1.0,0.0,0.0,0.0,0.0,0.0,0.0,0.0,0.0,0.0,1.0,0.0,0.0,0.0,0.0,1.0,0.0,0.0,0.16878223707753387,-0.0553824852890281,0.5893574297188755
EMP-00173,Employee 0173,2024-04-02 00:00:00+00:00,62692,94.21,EMP-00006,1,2024,4,2,1,2,0,0,855,665.4495276509925,0.11428571428571428,0.20238095238095238,0.20714285714285716,0.0,0.0,0.0,0.0,0.0,1.0,0.0,0.0,0.0,1.0,0.0,0.0,0.0,0.0,0.0,0.0,0.0,0.0,1.0,-0.9249392495611167,1.1561093804084444,0.06325301204819277
EMP-00174,Employee 0174,2024-10-30 00:00:00+00:00,140262,75.96,EMP-00006,1,2024,10,4,2,30,0,0,644,1846.52448657188,0.12142857142857143,0.30238095238095236,0.20714285714285716,1.0,0.0,0.0,0.0,0.0,0.0,0.0,0.0,0.0,0.0,0.0,1.0,0.0,0.0,0.0,0.0,0.0,0.0,1.0,-0.3436086041731851,-0.10730356524749121,-0.3604417670682731
EMP-00175,Employee 0175,2025-07-22 00:00:00+00:00,133427,87.42,EMP-00005,1,2025,7,3,1,22,0,0,379,1526.275451841684,0.1357142857142857,0.04047619047619048,0.1738095238095238,0.0,0.0,0.0,1.0,0.0,0.0,0.0,0.0,0.0,0.0,0.0,0.0,0.0,1.0,0.0,0.0,1.0,0.0,0.0,-0.3948319503279681,0.6860505365178257,-0.892570281124498
EMP-00176,Employee 0176,2023-04-10 00:00:00+00:00,201975,86.3,EMP-00004,1,2023,4,2,0,10,0,0,1213,2340.3823870220162,0.10952380952380952,0.04047619047619048,0.19285714285714287,0.0,1.0,0.0,0.0,0.0,0.0,0.0,0.0,0.0,0.0,0.0,0.0,0.0,1.0,1.0,0.0,0.0,0.0,0.0,0.11888537698996329,0.6085150571131871,0.7821285140562249
EMP-00177,Employee 0177,2025-05-26 00:00:00+00:00,90458,62.4,EMP-00015,1,2025,5,2,0,26,0,0,436,1449.647435897436,0.11428571428571428,0.30238095238095236,0.20714285714285716,0.0,0.0,1.0,0.0,0.0,0.0,0.0,0.0,0.0,0.0,0.0,1.0,0.0,0.0,0.0,0.0,0.0,0.0,1.0,-0.7168533052547958,-1.046036690896504,-0.7781124497991968
EMP-00178,Employee 0178,2024-05-02 00:00:00+00:00,58303,84.75,EMP-00007,1,2024,5,2,3,2,0,0,825,687.9410029498525,0.11428571428571428,0.30238095238095236,0.22857142857142856,0.0,0.0,1.0,0.0,0.0,0.0,0.0,0.0,0.0,0.0,0.0,1.0,0.0,0.0,0.0,1.0,0.0,0.0,0.0,-0.9578316074650439,0.5012114918656969,0.0030120481927710845
EMP-00179,Employee 0179,2024-10-05 00:00:00+00:00,140704,65.26,EMP-00006,1,2024,10,4,5,5,0,0,669,2156.052712228011,0.1357142857142857,0.30238095238095236,0.22857142857142856,0.0,0.0,0.0,1.0,0.0,0.0,0.0,0.0,0.0,0.0,0.0,1.0,0.0,0.0,0.0,1.0,0.0,0.0,0.0,-0.3402961361409373,-0.8480443059882308,-0.3102409638554217
EMP-00180,Employee 0180,2024-12-25 00:00:00+00:00,54494,71.35,EMP-00012,1,2024,12,4,2,25,0,0,588,763.7561317449195,0.1380952380952381,0.2261904761904762,0.20714285714285716,0.0,0.0,0.0,0.0,0.0,0.0,0.0,1.0,0.0,0.0,0.0,0.0,1.0,0.0,0.0,0.0,0.0,0.0,1.0,-0.9863772878605915,-0.4264451367255111,-0.47289156626506024
EMP-00181,Employee 0181,2023-08-02 00:00:00+00:00,239603,75.54,EMP-00002,1,2023,8,3,2,2,0,0,1099,3171.869208366428,0.1380952380952381,0.30238095238095236,0.22857142857142856,0.0,0.0,0.0,0.0,0.0,0.0,0.0,1.0,0.0,0.0,0.0,1.0,0.0,0.0,0.0,1.0,0.0,0.0,0.0,0.40087982748186857,-0.1363793700242297,0.5532128514056225
EMP-00182,Employee 0182,2023-06-11 00:00:00+00:00,293856,91.31,EMP-00013,1,2023,6,2,6,11,0,0,1151,3218.223633775052,0.1380952380952381,0.30238095238095236,0.19285714285714287,0.0,0.0,0.0,0.0,0.0,0.0,0.0,1.0,0.0,0.0,0.0,1.0,0.0,0.0,1.0,0.0,0.0,0.0,0.0,0.8074665427613767,0.9553478712357211,0.6576305220883534
EMP-00183,Employee 0183,2023-12-11 00:00:00+00:00,234372,69.65,EMP-00001,1,2023,12,4,0,11,0,0,968,3364.996410624551,0.13095238095238096,0.20238095238095238,0.20714285714285716,0.0,0.0,0.0,0.0,0.0,0.0,1.0,0.0,0.0,1.0,0.0,0.0,0.0,0.0,0.0,0.0,0.0,0.0,1.0,0.36167729291922485,-0.5441329179646933,0.2901606425702811
EMP-00184,Employee 0184,2025-08-16 00:00:00+00:00,125880,81.17,EMP-00001,1,2025,8,3,5,16,0,0,354,1550.8192682025378,0.13095238095238096,0.30238095238095236,0.20714285714285716,0.0,0.0,0.0,0.0,0.0,0.0,1.0,0.0,0.0,0.0,0.0,1.0,0.0,0.0,0.0,0.0,0.0,0.0,1.0,-0.4513912178378652,0.25337487019729976,-0.9427710843373494
EMP-00185,Employee 0185,2024-12-29 00:00:00+00:00,240163,60.37,EMP-00004,1,2024,12,4,6,29,0,0,584,3978.1845287394403,0.11428571428571428,0.30238095238095236,0.19285714285714287,0.0,0.0,1.0,0.0,0.0,0.0,0.0,0.0,0.0,0.0,0.0,1.0,0.0,0.0,1.0,0.0,0.0,0.0,0.0,0.40507661955892466,-1.1865697473174108,-0.48092369477911645
EMP-00186,Employee 0186,2024-04-14 00:00:00+00:00,266579,75.48,EMP-00001,1,2024,4,2,6,14,0,0,843,3531.783253842077,0.12142857142857143,0.30238095238095236,0.1738095238095238,1.0,0.0,0.0,0.0,0.0,0.0,0.0,0.0,0.0,0.0,0.0,1.0,0.0,0.0,0.0,0.0,1.0,0.0,0.0,0.6030452972509138,-0.14053305642090688,0.0391566265060241
EMP-00187,Employee 0187,2025-01-27 00:00:00+00:00,291098,72.28,EMP-00008,1,2025,1,1,0,27,0,0,555,4027.365799667958,0.11428571428571428,0.2261904761904762,0.1738095238095238,0.0,0.0,1.0,0.0,0.0,0.0,0.0,0.0,0.0,0.0,0.0,0.0,1.0,0.0,0.0,0.0,1.0,0.0,0.0,0.7867973417818754,-0.3620629975770164,-0.5391566265060241
EMP-00188,Employee 0188,2024-03-23 00:00:00+00:00,188434,91.41,EMP-00014,1,2024,3,1,5,23,0,0,865,2061.415600043759,0.1380952380952381,0.20238095238095238,0.22857142857142856,0.0,0.0,0.0,0.0,0.0,0.0,0.0,1.0,0.0,1.0,0.0,0.0,0.0,0.0,0.0,1.0,0.0,0.0,0.0,0.01740544571243356,0.9622706818968491,0.08333333333333333
EMP-00189,Employee 0189,2023-04-02 00:00:00+00:00,157623,69.29,EMP-00003,1,2023,4,2,6,2,0,0,1221,2274.8304228604416,0.12142857142857143,0.30238095238095236,0.20714285714285716,1.0,0.0,0.0,0.0,0.0,0.0,0.0,0.0,0.0,0.0,0.0,1.0,0.0,0.0,0.0,0.0,0.0,0.0,1.0,-0.21350055551287983,-0.5690550363447556,0.7981927710843374
EMP-00190,Employee 0190,2025-06-04 00:00:00+00:00,68471,60.35,EMP-00004,1,2025,6,2,2,4,0,0,427,1134.5650372825187,0.12142857142857143,0.15,0.22857142857142856,1.0,0.0,0.0,0.0,0.0,0.0,0.0,0.0,0.0,0.0,1.0,0.0,0.0,0.0,0.0,1.0,0.0,0.0,0.0,-0.881629854180211,-1.187954309449636,-0.7961847389558233
EMP-00191,Employee 0191,2025-04-09 00:00:00+00:00,172605,72.8,EMP-00002,1,2025,4,2,2,9,0,0,483,2370.9478021978025,0.11428571428571428,0.2261904761904762,0.19285714285714287,0.0,0.0,1.0,0.0,0.0,0.0,0.0,0.0,0.0,0.0,0.0,0.0,1.0,0.0,1.0,0.0,0.0,0.0,0.0,-0.10122137890849682,-0.3260643821391489,-0.6837349397590361
EMP-00192,Employee 0192,2025-05-10 00:00:00+00:00,65065,70.78,EMP-00007,0,2025,5,2,5,10,0,0,452,919.2568522181407,0.1357142857142857,0.07857142857142857,0.19285714285714287,0.0,0.0,0.0,0.0,1.0,0.0,0.0,0.0,1.0,0.0,0.0,0.0,0.0,0.0,1.0,0.0,0.0,0.0,0.0,-0.9071553431345915,-0.46590515749394257,-0.7459839357429718
EMP-00193,Employee 0193,2024-09-08 00:00:00+00:00,151905,80.25,EMP-00007,1,2024,9,3,6,8,0,0,696,1892.8971962616822,0.11428571428571428,0.30238095238095236,0.1976190476190476,0.0,0.0,1.0,0.0,0.0,0.0,0.0,0.0,0.0,0.0,0.0,1.0,0.0,0.0,0.0,0.0,0.0,1.0,0.0,-0.2563528003282491,0.1896850121149182,-0.2560240963855422
EMP-00194,Employee 0194,2025-07-05 00:00:00+00:00,64872,92.1,EMP-00002,1,2025,7,3,5,5,0,0,396,704.3648208469056,0.1357142857142857,0.20238095238095238,0.19285714285714287,0.0,0.0,0.0,0.0,1.0,0.0,0.0,0.0,0.0,1.0,0.0,0.0,0.0,0.0,1.0,0.0,0.0,0.0,0.0,-0.9086017375468626,1.0100380754586349,-0.858433734939759
EMP-00195,Employee 0195,2025-08-14 00:00:00+00:00,150218,73.89,EMP-00015,1,2025,8,3,3,14,0,0,356,2032.994992556503,0.12142857142857143,0.2261904761904762,0.1738095238095238,1.0,0.0,0.0,0.0,0.0,0.0,0.0,0.0,0.0,0.0,0.0,0.0,1.0,0.0,0.0,0.0,1.0,0.0,0.0,-0.2689956364603806,-0.2506057459328489,-0.9387550200803213
EMP-00196,Employee 0196,2024-10-31 00:00:00+00:00,184657,81.62,EMP-00006,1,2024,10,4,3,31,0,1,643,2262.398921832884,0.11428571428571428,0.30238095238095236,0.1976190476190476,0.0,0.0,0.0,0.0,0.0,1.0,0.0,0.0,0.0,0.0,0.0,1.0,0.0,0.0,0.0,0.0,0.0,1.0,0.0,-0.010900417992996602,0.2845275181723778,-0.36244979919678716
EMP-00197,Employee 0197,2025-02-05 00:00:00+00:00,139935,76.51,EMP-00004,1,2025,2,1,2,5,0,0,546,1828.9766043654422,0.1380952380952381,0.20238095238095238,0.19285714285714287,0.0,0.0,0.0,0.0,0.0,0.0,0.0,1.0,0.0,1.0,0.0,0.0,0.0,0.0,1.0,0.0,0.0,0.0,0.0,-0.34605923097532326,-0.06922810661128415,-0.5572289156626506
EMP-00198,Employee 0198,2024-10-23 00:00:00+00:00,138749,83.11,EMP-00012,0,2024,10,4,2,23,0,0,651,1669.4621585850077,0.11428571428571428,0.20238095238095238,0.20714285714285716,0.0,0.0,1.0,0.0,0.0,0.0,0.0,0.0,0.0,1.0,0.0,0.0,0.0,0.0,0.0,0.0,0.0,0.0,1.0,-0.35494743705280274,0.3876773970231908,-0.3463855421686747
EMP-00199,Employee 0199,2024-01-06 00:00:00+00:00,248646,66.86,EMP-00010,1,2024,1,1,5,6,0,0,942,3718.9051749925216,0.12142857142857143,0.2261904761904762,0.22857142857142856,1.0,0.0,0.0,0.0,0.0,0.0,0.0,0.0,0.0,0.0,0.0,0.0,1.0,0.0,0.0,1.0,0.0,0.0,0.0,0.4686505252547584,-0.7372793354101765,0.23795180722891565
EMP-00200,Employee 0200,2023-08-18 00:00:00+00:00,314008,77.37,EMP-00001,1,2023,8,3,4,18,0,0,1083,4058.523975701176,0.13095238095238096,0.30238095238095236,0.1976190476190476,0.0,0.0,0.0,0.0,0.0,0.0,1.0,0.0,0.0,0.0,0.0,1.0,0.0,0.0,0.0,0.0,0.0,1.0,0.0,0.958491103362867,-0.00969193492557982,0.5210843373493976
EMP-00201,Employee 0201,2024-10-05 00:00:00+00:00,118877,88.01,EMP-00015,1,2024,10,4,5,5,0,0,669,1350.7215089194408,0.11428571428571428,0.30238095238095236,0.22857142857142856,0.0,0.0,0.0,0.0,0.0,1.0,0.0,0.0,0.0,0.0,0.0,1.0,0.0,0.0,0.0,1.0,0.0,0.0,0.0,-0.503873601615765,0.7268951194184835,-0.3102409638554217
EMP-00202,Employee 0202,2025-01-12 00:00:00+00:00,77241,69.24,EMP-00007,1,2025,1,1,6,12,0,0,570,1115.5545927209707,0.1380952380952381,0.30238095238095236,0.22857142857142856,0.0,0.0,0.0,0.0,0.0,0.0,0.0,1.0,0.0,0.0,0.0,1.0,0.0,0.0,0.0,1.0,0.0,0.0,0.0,-0.815905092544886,-0.5725164416753206,-0.5090361445783133
EMP-00203,Employee 0203,2025-02-03 00:00:00+00:00,57520,75.71,EMP-00013,1,2025,2,1,0,3,0,0,548,759.7411174217409,0.12142857142857143,0.15,0.22857142857142856,1.0,0.0,0.0,0.0,0.0,0.0,0.0,0.0,0.0,0.0,1.0,0.0,0.0,0.0,0.0,1.0,0.0,0.0,0.0,-0.9636996221013563,-0.12461059190031225,-0.5532128514056225
EMP-00204,Employee 0204,2024-09-13 00:00:00+00:00,155920,76.86,EMP-00010,1,2024,9,3,4,13,0,0,691,2028.623471246422,0.11428571428571428,0.30238095238095236,0.1976190476190476,0.0,0.0,0.0,0.0,0.0,1.0,0.0,0.0,0.0,0.0,0.0,1.0,0.0,0.0,0.0,0.0,0.0,1.0,0.0,-0.22626329999007008,-0.04499826929733509,-0.2660642570281124
EMP-00205,Employee 0205,2024-12-02 00:00:00+00:00,182953,61.3,EMP-00012,1,2024,12,4,0,2,0,0,611,2984.551386623165,0.1357142857142857,0.2261904761904762,0.20714285714285716,0.0,0.0,0.0,0.0,1.0,0.0,0.0,0.0,0.0,0.0,0.0,0.0,1.0,0.0,0.0,0.0,0.0,0.0,1.0,-0.023670656741753022,-1.1221876081689166,-0.4267068273092369
EMP-00206,Employee 0206,2023-12-10 00:00:00+00:00,51786,85.55,EMP-00005,1,2023,12,4,6,10,0,0,969,605.3302162478083,0.12142857142857143,0.04047619047619048,0.20714285714285716,1.0,0.0,0.0,0.0,0.0,0.0,0.0,0.0,0.0,0.0,0.0,0.0,0.0,1.0,0.0,0.0,0.0,0.0,1.0,-1.0066717752617842,0.556593977154724,0.2921686746987952
EMP-00207,Employee 0207,2023-01-18 00:00:00+00:00,183776,71.34,EMP-00004,1,2023,1,1,2,18,0,0,1295,2576.058312307261,0.1380952380952381,0.20238095238095238,0.1738095238095238,0.0,0.0,0.0,0.0,0.0,0.0,0.0,1.0,0.0,1.0,0.0,0.0,0.0,0.0,0.0,0.0,1.0,0.0,0.0,-0.017502871242793788,-0.4271374177916233,0.9467871485943775
EMP-00208,Employee 0208,2025-08-24 00:00:00+00:00,214964,77.1,EMP-00013,1,2025,8,3,6,24,0,0,346,2788.1193255512326,0.11428571428571428,0.2261904761904762,0.1976190476190476,0.0,0.0,1.0,0.0,0.0,0.0,0.0,0.0,0.0,0.0,0.0,0.0,1.0,0.0,0.0,0.0,0.0,1.0,0.0,0.2162284703629663,-0.02838352371062725,-0.9588353413654619
EMP-00209,Employee 0209,2023-06-21 00:00:00+00:00,174038,84.37,EMP-00013,1,2023,6,2,2,21,0,0,1141,2062.7948322863576,0.12142857142857143,0.2261904761904762,0.1738095238095238,1.0,0.0,0.0,0.0,0.0,0.0,0.0,0.0,0.0,0.0,0.0,0.0,1.0,0.0,0.0,0.0,1.0,0.0,0.0,-0.09048208775417291,0.47490481135340923,0.6375502008032129
EMP-00210,Employee 0210,2024-05-01 00:00:00+00:00,73702,85.48,EMP-00001,1,2024,5,2,2,1,1,0,826,862.2133832475432,0.1357142857142857,0.30238095238095236,0.1976190476190476,0.0,0.0,0.0,1.0,0.0,0.0,0.0,0.0,0.0,0.0,0.0,1.0,0.0,0.0,0.0,0.0,0.0,1.0,0.0,-0.8424273196175673,0.5517480096919346,0.0050200803212851405
EMP-00211,Employee 0211,2025-06-26 00:00:00+00:00,171247,64.54,EMP-00002,1,2025,6,2,3,26,0,0,405,2653.3467616981716,0.1357142857142857,0.15,0.19285714285714287,0.0,0.0,0.0,0.0,1.0,0.0,0.0,0.0,0.0,0.0,1.0,0.0,0.0,0.0,1.0,0.0,0.0,0.0,0.0,-0.11139859969535786,-0.8978885427483553,-0.8403614457831325
EMP-00212,Employee 0212,2024-12-24 00:00:00+00:00,233160,82.17,EMP-00007,0,2024,12,4,1,24,0,0,589,2837.5319459656807,0.12142857142857143,0.2261904761904762,0.22857142857142856,1.0,0.0,0.0,0.0,0.0,0.0,0.0,0.0,0.0,0.0,0.0,0.0,1.0,0.0,0.0,1.0,0.0,0.0,0.0,0.3525942357810249,0.3226029768085839,-0.4708835341365462
EMP-00213,Employee 0213,2025-07-07 00:00:00+00:00,181586,88.44,EMP-00005,1,2025,7,3,0,7,0,0,394,2053.2112166440525,0.1357142857142857,0.2261904761904762,0.20714285714285716,0.0,0.0,0.0,0.0,1.0,0.0,0.0,0.0,0.0,0.0,0.0,0.0,1.0,0.0,0.0,0.0,0.0,0.0,1.0,-0.03391532597270961,0.7566632052613352,-0.8624497991967871
EMP-00214,Employee 0214,2024-10-27 00:00:00+00:00,243509,70.4,EMP-00013,1,2024,10,4,6,27,0,0,647,3458.934659090909,0.1357142857142857,0.20238095238095238,0.22857142857142856,0.0,0.0,0.0,1.0,0.0,0.0,0.0,0.0,0.0,1.0,0.0,0.0,0.0,0.0,0.0,1.0,0.0,0.0,0.0,0.43015245221933485,-0.49221183800623025,-0.35441767068273095
EMP-00215,Employee 0215,2023-01-03 00:00:00+00:00,306034,86.36,EMP-00009,1,2023,1,1,1,3,0,0,1310,3543.700787401575,0.11428571428571428,0.2261904761904762,0.1976190476190476,0.0,0.0,1.0,0.0,0.0,0.0,0.0,0.0,0.0,0.0,0.0,0.0,1.0,0.0,0.0,0.0,0.0,1.0,0.0,0.8987317818942147,0.6126687435098643,0.9769076305220884
EMP-00216,Employee 0216,2023-01-11 00:00:00+00:00,316208,82.17,EMP-00002,1,2023,1,1,2,11,0,0,1302,3848.217110867713,0.1357142857142857,0.20238095238095238,0.1738095238095238,0.0,0.0,0.0,1.0,0.0,0.0,0.0,0.0,0.0,1.0,0.0,0.0,0.0,0.0,0.0,0.0,1.0,0.0,0.0,0.9749785008084445,0.3226029768085839,0.9608433734939759
EMP-00217,Employee 0217,2025-03-10 00:00:00+00:00,115836,83.06,EMP-00007,0,2025,3,1,0,10,0,0,513,1394.6063086925114,0.1357142857142857,0.20238095238095238,0.1976190476190476,0.0,0.0,0.0,0.0,1.0,0.0,0.0,0.0,0.0,1.0,0.0,0.0,0.0,0.0,0.0,0.0,0.0,1.0,0.0,-0.5266636814484928,0.3842159916926268,-0.6234939759036144
EMP-00218,Employee 0218,2024-04-01 00:00:00+00:00,108156,87.14,EMP-00003,1,2024,4,2,0,1,1,0,856,1241.1751204957538,0.1357142857142857,0.30238095238095236,0.20714285714285716,0.0,0.0,0.0,0.0,1.0,0.0,0.0,0.0,0.0,0.0,0.0,1.0,0.0,0.0,0.0,0.0,0.0,0.0,1.0,-0.5842196870766908,0.666666666666666,0.06526104417670683
EMP-00219,Employee 0219,2024-06-11 00:00:00+00:00,97235,67.93,EMP-00011,1,2024,6,2,1,11,0,0,785,1431.3999705579272,0.1357142857142857,0.20238095238095238,0.22857142857142856,0.0,0.0,0.0,1.0,0.0,0.0,0.0,0.0,0.0,1.0,0.0,0.0,0.0,0.0,0.0,1.0,0.0,0.0,0.0,-0.6660646268508509,-0.663205261336102,-0.07730923694779117
EMP-00220,Employee 0220,2024-08-29 00:00:00+00:00,226567,67.28,EMP-00010,0,2024,8,3,3,29,0,0,706,3367.5237812128416,0.10952380952380952,0.20238095238095238,0.22857142857142856,0.0,1.0,0.0,0.0,0.0,0.0,0.0,0.0,0.0,1.0,0.0,0.0,0.0,0.0,0.0,1.0,0.0,0.0,0.0,0.3031845033452555,-0.7082035306334371,-0.2359437751004016
EMP-00221,Employee 0221,2024-07-06 00:00:00+00:00,210352,90.46,EMP-00009,1,2024,7,3,5,6,0,0,760,2325.3592748175993,0.1357142857142857,0.04047619047619048,0.1738095238095238,0.0,0.0,0.0,1.0,0.0,0.0,0.0,0.0,0.0,0.0,0.0,0.0,0.0,1.0,0.0,0.0,1.0,0.0,0.0,0.18166488989978286,0.8965039806161289,-0.12751004016064257
EMP-00222,Employee 0222,2025-09-26 00:00:00+00:00,131171,74.31,EMP-00005,1,2025,9,3,4,26,0,0,313,1765.1863813753196,0.1357142857142857,0.15,0.1976190476190476,0.0,0.0,0.0,1.0,0.0,0.0,0.0,0.0,0.0,0.0,1.0,0.0,0.0,0.0,0.0,0.0,0.0,1.0,0.0,-0.4117390269812512,-0.22152994115610947,-1.0251004016064258
EMP-00223,Employee 0223,2023-02-08 00:00:00+00:00,91084,61.78,EMP-00010,1,2023,2,1,2,8,0,0,1274,1474.3282615733247,0.10952380952380952,0.30238095238095236,0.1738095238095238,0.0,1.0,0.0,0.0,0.0,0.0,0.0,0.0,0.0,0.0,0.0,1.0,0.0,0.0,0.0,0.0,1.0,0.0,0.0,-0.7121618912543725,-1.0889581169954998,0.9046184738955824
EMP-00224,Employee 0224,2023-06-04 00:00:00+00:00,130805,76.02,EMP-00004,1,2023,6,2,6,4,0,0,1158,1720.6656143120233,0.12142857142857143,0.20238095238095238,0.1738095238095238,1.0,0.0,0.0,0.0,0.0,0.0,0.0,0.0,0.0,1.0,0.0,0.0,0.0,0.0,0.0,0.0,1.0,0.0,0.0,-0.41448193037447,-0.103149878850814,0.6716867469879518
EMP-00225,Employee 0225,2023-03-29 00:00:00+00:00,89870,76.64,EMP-00005,1,2023,3,1,2,29,0,0,1225,1172.6252609603341,0.11428571428571428,0.30238095238095236,0.1976190476190476,0.0,0.0,0.0,0.0,0.0,1.0,0.0,0.0,0.0,0.0,0.0,1.0,0.0,0.0,0.0,0.0,0.0,1.0,0.0,-0.7212599369357048,-0.06022845275181752,0.8062248995983936
EMP-00226,Employee 0226,2024-11-12 00:00:00+00:00,281000,80.53,EMP-00008,1,2024,11,4,1,12,0,0,631,3489.3828386936543,0.13095238095238096,0.20238095238095238,0.1738095238095238,0.0,0.0,0.0,0.0,0.0,0.0,1.0,0.0,0.0,1.0,0.0,0.0,0.0,0.0,0.0,0.0,1.0,0.0,0.0,0.7111201875066746,0.20906888196607784,-0.3865461847389558
EMP-00227,Employee 0227,2024-06-03 00:00:00+00:00,179656,73.6,EMP-00003,1,2024,6,2,0,3,0,0,793,2440.9782608695655,0.13095238095238096,0.30238095238095236,0.22857142857142856,0.0,0.0,0.0,0.0,0.0,0.0,1.0,0.0,0.0,0.0,0.0,1.0,0.0,0.0,0.0,1.0,0.0,0.0,0.0,-0.04837927009542081,-0.2706818968501218,-0.06124497991967871
EMP-00228,Employee 0228,2024-03-12 00:00:00+00:00,290192,96.96,EMP-00010,0,2024,3,1,1,12,0,0,876,2992.904290429043,0.10952380952380952,0.2261904761904762,0.1976190476190476,0.0,1.0,0.0,0.0,0.0,0.0,0.0,0.0,0.0,0.0,0.0,0.0,1.0,0.0,0.0,0.0,0.0,1.0,0.0,0.780007531742924,1.3464866735894758,0.10542168674698796
EMP-00229,Employee 0229,2025-06-13 00:00:00+00:00,290463,67.99,EMP-00014,1,2025,6,2,4,13,0,0,418,4272.142962200324,0.1380952380952381,0.30238095238095236,0.1976190476190476,0.0,0.0,0.0,0.0,0.0,0.0,0.0,1.0,0.0,0.0,0.0,1.0,0.0,0.0,0.0,0.0,0.0,1.0,0.0,0.7820384793373565,-0.6590515749394258,-0.8142570281124498
EMP-00230,Employee 0230,2024-04-15 00:00:00+00:00,121162,56.49,EMP-00011,1,2024,4,2,0,15,0,0,842,2144.8397946539208,0.11428571428571428,0.15,0.1738095238095238,0.0,0.0,1.0,0.0,0.0,0.0,0.0,0.0,0.0,0.0,1.0,0.0,0.0,0.0,0.0,0.0,1.0,0.0,0.0,-0.4867491910870628,-1.455174800969193,0.03714859437751004
EMP-00231,Employee 0231,2025-04-17 00:00:00+00:00,79260,61.71,EMP-00003,1,2025,4,2,3,17,0,0,475,1284.3947496353912,0.1357142857142857,0.07857142857142857,0.20714285714285716,0.0,0.0,0.0,0.0,1.0,0.0,0.0,0.0,1.0,0.0,0.0,0.0,0.0,0.0,0.0,0.0,0.0,0.0,1.0,-0.8007741582527855,-1.0938040844582897,-0.6997991967871486
EMP-00232,Employee 0232,2023-06-08 00:00:00+00:00,210737,69.74,EMP-00006,0,2023,6,2,3,8,0,0,1154,3021.752222540866,0.11428571428571428,0.20238095238095238,0.1738095238095238,0.0,0.0,0.0,0.0,0.0,1.0,0.0,0.0,0.0,1.0,0.0,0.0,0.0,0.0,0.0,0.0,1.0,0.0,0.0,0.18455018445275892,-0.5379023883696785,0.6636546184738956
EMP-00233,Employee 0233,2023-12-04 00:00:00+00:00,84725,83.07,EMP-00012,1,2023,12,4,0,4,0,0,975,1019.9229565426749,0.1357142857142857,0.2261904761904762,0.19285714285714287,0.0,0.0,0.0,1.0,0.0,0.0,0.0,0.0,0.0,0.0,0.0,0.0,1.0,0.0,1.0,0.0,0.0,0.0,0.0,-0.7598179641436577,0.384908272758739,0.3042168674698795
EMP-00234,Employee 0234,2024-06-14 00:00:00+00:00,249332,75.57,EMP-00009,1,2024,6,2,4,14,0,0,782,3299.3515945481013,0.13095238095238096,0.20238095238095238,0.1738095238095238,0.0,0.0,0.0,0.0,0.0,0.0,1.0,0.0,0.0,1.0,0.0,0.0,0.0,0.0,0.0,0.0,1.0,0.0,0.0,0.4737915955491521,-0.13430252682589208,-0.08333333333333333
EMP-00235,Employee 0235,2025-05-03 00:00:00+00:00,232784,81.64,EMP-00012,1,2025,5,2,5,3,0,0,459,2851.347378735914,0.13095238095238096,0.2261904761904762,0.20714285714285716,0.0,0.0,0.0,0.0,0.0,0.0,1.0,0.0,0.0,0.0,0.0,0.0,1.0,0.0,0.0,0.0,0.0,0.0,1.0,0.34977638967214436,0.2859120803046032,-0.7319277108433735
EMP-00236,Employee 0236,2023-02-15 00:00:00+00:00,140297,70.44,EMP-00014,1,2023,2,1,2,15,0,0,1267,1991.7234525837594,0.12142857142857143,0.20238095238095238,0.22857142857142856,1.0,0.0,0.0,0.0,0.0,0.0,0.0,0.0,0.0,1.0,0.0,0.0,0.0,0.0,0.0,1.0,0.0,0.0,0.0,-0.34334630466836913,-0.48944271374177944,0.8905622489959839
EMP-00237,Employee 0237,2024-03-16 00:00:00+00:00,185438,82.34,EMP-00011,0,2024,3,1,5,16,0,0,872,2252.101044449842,0.1357142857142857,0.30238095238095236,0.19285714285714287,0.0,0.0,0.0,0.0,1.0,0.0,0.0,0.0,0.0,0.0,0.0,1.0,0.0,0.0,1.0,0.0,0.0,0.0,0.0,-0.005047391899816578,0.3343717549325023,0.09738955823293173
EMP-00238,Employee 0238,2024-02-19 00:00:00+00:00,89881,60.38,EMP-00015,1,2024,2,1,0,19,0,0,898,1488.5889367340178,0.1357142857142857,0.30238095238095236,0.20714285714285716,0.0,0.0,0.0,0.0,1.0,0.0,0.0,0.0,0.0,0.0,0.0,1.0,0.0,0.0,0.0,0.0,0.0,0.0,1.0,-0.7211774999484769,-1.1858774662512976,0.1495983935742972
EMP-00239,Employee 0239,2025-02-18 00:00:00+00:00,110979,79.55,EMP-00005,1,2025,2,1,1,18,0,0,533,1395.0848522941546,0.11428571428571428,0.07857142857142857,0.19285714285714287,0.0,0.0,0.0,0.0,0.0,1.0,0.0,0.0,1.0,0.0,0.0,0.0,0.0,0.0,1.0,0.0,0.0,0.0,0.0,-0.5630633584453884,0.1412253374870191,-0.5833333333333334
EMP-00240,Employee 0240,2024-02-10 00:00:00+00:00,270060,84.36,EMP-00010,1,2024,2,1,5,10,0,0,907,3201.280227596017,0.1357142857142857,0.30238095238095236,0.1738095238095238,0.0,0.0,0.0,0.0,1.0,0.0,0.0,0.0,0.0,0.0,0.0,1.0,0.0,0.0,0.0,0.0,1.0,0.0,0.0,0.6291328565727572,0.474212530287296,0.1676706827309237
EMP-00241,Employee 0241,2023-11-19 00:00:00+00:00,145968,67.63,EMP-00006,1,2023,11,4,6,19,0,0,990,2158.3321011385483,0.1357142857142857,0.20238095238095238,0.19285714285714287,0.0,0.0,0.0,0.0,1.0,0.0,0.0,0.0,0.0,1.0,0.0,0.0,0.0,0.0,1.0,0.0,0.0,0.0,0.0,-0.30084629061660995,-0.683973693319488,0.33433734939759036
EMP-00242,Employee 0242,2023-06-23 00:00:00+00:00,190244,96.27,EMP-00009,1,2023,6,2,4,23,0,0,1139,1976.1504103043524,0.1357142857142857,0.20238095238095238,0.1738095238095238,0.0,0.0,0.0,1.0,0.0,0.0,0.0,0.0,0.0,1.0,0.0,0.0,0.0,0.0,0.0,0.0,1.0,0.0,0.0,0.03097007724720417,1.2987192800276899,0.6335341365461847
EMP-00243,Employee 0243,2025-01-13 00:00:00+00:00,269080,57.14,EMP-00009,1,2025,1,1,0,13,0,0,569,4709.135456772839,0.1380952380952381,0.20238095238095238,0.19285714285714287,0.0,0.0,0.0,0.0,0.0,0.0,0.0,1.0,0.0,1.0,0.0,0.0,0.0,0.0,1.0,0.0,0.0,0.0,0.0,0.621788470437909,-1.4101765316718584,-0.5110441767068273
EMP-00244,Employee 0244,2025-09-24 00:00:00+00:00,123562,85.48,EMP-00012,1,2025,9,3,2,24,0,0,315,1445.5077211043517,0.1357142857142857,0.2261904761904762,0.22857142857142856,0.0,0.0,0.0,1.0,0.0,0.0,0.0,0.0,0.0,0.0,0.0,0.0,1.0,0.0,0.0,1.0,0.0,0.0,0.0,-0.46876293932825097,0.5517480096919346,-1.0210843373493976
EMP-00245,Employee 0245,2025-02-07 00:00:00+00:00,181838,86.96,EMP-00010,1,2025,2,1,4,7,0,0,544,2091.0533578656855,0.1380952380952381,0.04047619047619048,0.20714285714285716,0.0,0.0,0.0,0.0,0.0,0.0,0.0,1.0,0.0,0.0,0.0,0.0,0.0,1.0,0.0,0.0,0.0,0.0,1.0,-0.032026769538034364,0.6542056074766344,-0.5612449799196787
EMP-00246,Employee 0246,2024-12-13 00:00:00+00:00,55501,68.25,EMP-00014,1,2024,12,4,4,13,0,0,600,813.2014652014652,0.13095238095238096,0.2261904761904762,0.20714285714285716,0.0,0.0,0.0,0.0,0.0,0.0,1.0,0.0,0.0,0.0,0.0,0.0,1.0,0.0,0.0,0.0,0.0,0.0,1.0,-0.9788305563934567,-0.6410522672204916,-0.44879518072289154
EMP-00247,Employee 0247,2024-07-10 00:00:00+00:00,78519,81.25,EMP-00011,1,2024,7,3,2,10,0,0,756,966.3876923076923,0.10952380952380952,0.2261904761904762,0.22857142857142856,0.0,1.0,0.0,0.0,0.0,0.0,0.0,0.0,0.0,0.0,0.0,0.0,1.0,0.0,0.0,1.0,0.0,0.0,0.0,-0.8063274134833187,0.2589131187262024,-0.1355421686746988
EMP-00248,Employee 0248,2025-08-13 00:00:00+00:00,281328,68.31,EMP-00004,1,2025,8,3,2,13,0,0,357,4118.401405357927,0.1357142857142857,0.2261904761904762,0.1976190476190476,0.0,0.0,0.0,0.0,1.0,0.0,0.0,0.0,0.0,0.0,0.0,0.0,1.0,0.0,0.0,0.0,0.0,1.0,0.0,0.7135783085803789,-0.6368985808238143,-0.9367469879518072
EMP-00249,Employee 0249,2023-08-17 00:00:00+00:00,268494,80.98,EMP-00008,1,2023,8,3,3,17,0,0,1084,3315.5593973820696,0.1380952380952381,0.20238095238095238,0.1738095238095238,0.0,0.0,0.0,0.0,0.0,0.0,0.0,1.0,0.0,1.0,0.0,0.0,0.0,0.0,0.0,0.0,1.0,0.0,0.0,0.6173968273001325,0.24022152994115592,0.5230923694779116
EMP-00250,Employee 0250,2025-01-12 00:00:00+00:00,168995,75.31,EMP-00006,1,2025,1,1,6,12,0,0,570,2243.9915017925905,0.11428571428571428,0.07857142857142857,0.20714285714285716,0.0,0.0,0.0,0.0,0.0,1.0,0.0,0.0,1.0,0.0,0.0,0.0,0.0,0.0,0.0,0.0,0.0,0.0,1.0,-0.1282756992623763,-0.15230183454482532,-0.5090361445783133
EMP-00251,Employee 0251,2023-09-29 00:00:00+00:00,161230,77.76,EMP-00009,1,2023,9,3,4,29,0,0,1041,2073.4310699588477,0.1357142857142857,0.04047619047619048,0.1738095238095238,0.0,0.0,0.0,1.0,0.0,0.0,0.0,0.0,0.0,0.0,0.0,0.0,0.0,1.0,0.0,0.0,1.0,0.0,0.0,-0.18646871797369885,0.017307026652821036,0.4367469879518072
EMP-00252,Employee 0252,2024-05-08 00:00:00+00:00,198866,71.31,EMP-00001,1,2024,5,2,2,8,0,0,819,2788.7533305286775,0.11428571428571428,0.20238095238095238,0.19285714285714287,0.0,0.0,1.0,0.0,0.0,0.0,0.0,0.0,0.0,1.0,0.0,0.0,0.0,0.0,1.0,0.0,0.0,0.0,0.0,0.09558568669073576,-0.4292142609899619,-0.009036144578313253
EMP-00253,Employee 0253,2023-05-05 00:00:00+00:00,188680,71.37,EMP-00015,1,2023,5,2,4,5,0,0,1188,2643.6878240156925,0.1380952380952381,0.30238095238095236,0.22857142857142856,0.0,0.0,0.0,0.0,0.0,0.0,0.0,1.0,0.0,0.0,0.0,1.0,0.0,0.0,0.0,1.0,0.0,0.0,0.0,0.019249036517711773,-0.42506057459328467,0.7319277108433735
EMP-00254,Employee 0254,2024-09-04 00:00:00+00:00,84487,69.24,EMP-00015,1,2024,9,3,2,4,0,0,700,1220.205083766609,0.10952380952380952,0.2261904761904762,0.1738095238095238,0.0,1.0,0.0,0.0,0.0,0.0,0.0,0.0,0.0,0.0,0.0,0.0,1.0,0.0,0.0,0.0,1.0,0.0,0.0,-0.7616016007764065,-0.5725164416753206,-0.24799196787148595
EMP-00255,Employee 0255,2024-03-01 00:00:00+00:00,93560,84.81,EMP-00008,1,2024,3,1,4,1,1,0,887,1103.1717957787996,0.13095238095238096,0.07857142857142857,0.20714285714285716,0.0,0.0,0.0,0.0,0.0,0.0,1.0,0.0,1.0,0.0,0.0,0.0,0.0,0.0,0.0,0.0,0.0,0.0,1.0,-0.6936060748565316,0.505365178262374,0.12751004016064257
EMP-00256,Employee 0256,2023-06-17 00:00:00+00:00,70494,96.1,EMP-00013,1,2023,6,2,5,17,0,0,1145,733.5483870967743,0.1357142857142857,0.2261904761904762,0.20714285714285716,0.0,0.0,0.0,1.0,0.0,0.0,0.0,0.0,0.0,0.0,0.0,0.0,1.0,0.0,0.0,0.0,0.0,0.0,1.0,-0.8664689428018458,1.2869505019037715,0.6455823293172691
EMP-00257,Employee 0257,2025-02-18 00:00:00+00:00,210380,99.0,EMP-00012,0,2025,2,1,1,18,0,0,533,2125.050505050505,0.11428571428571428,0.30238095238095236,0.1738095238095238,0.0,0.0,1.0,0.0,0.0,0.0,0.0,0.0,0.0,0.0,0.0,1.0,0.0,0.0,0.0,0.0,1.0,0.0,0.0,0.18187472950363565,1.4877120110764959,-0.5833333333333334
EMP-00258,Employee 0258,2023-06-02 00:00:00+00:00,144829,88.04,EMP-00002,1,2023,6,2,4,2,0,0,1160,1645.0363471149476,0.1357142857142857,0.30238095238095236,0.19285714285714287,0.0,0.0,0.0,1.0,0.0,0.0,0.0,0.0,0.0,0.0,0.0,1.0,0.0,0.0,1.0,0.0,0.0,0.0,0.0,-0.3093822659304794,0.7289719626168222,0.6757028112449799
EMP-00259,Employee 0259,2024-12-27 00:00:00+00:00,210986,77.7,EMP-00003,1,2024,12,4,4,27,0,0,586,2715.392535392535,0.10952380952380952,0.30238095238095236,0.19285714285714287,0.0,1.0,0.0,0.0,0.0,0.0,0.0,0.0,0.0,0.0,0.0,1.0,0.0,0.0,1.0,0.0,0.0,0.0,0.0,0.18641625807273565,0.01315334025614383,-0.47690763052208834
EMP-00260,Employee 0260,2024-05-01 00:00:00+00:00,110321,88.73,EMP-00014,1,2024,5,2,2,1,1,0,826,1243.333709004846,0.1357142857142857,0.07857142857142857,0.1738095238095238,0.0,0.0,0.0,1.0,0.0,0.0,0.0,0.0,1.0,0.0,0.0,0.0,0.0,0.0,0.0,0.0,1.0,0.0,0.0,-0.5679945891359293,0.776739356178608,0.0050200803212851405
EMP-00261,Employee 0261,2025-08-27 00:00:00+00:00,146850,81.63,EMP-00003,1,2025,8,3,2,27,0,0,343,1798.9709665564133,0.1357142857142857,0.15,0.1976190476190476,0.0,0.0,0.0,1.0,0.0,0.0,0.0,0.0,0.0,0.0,1.0,0.0,0.0,0.0,0.0,0.0,0.0,1.0,0.0,-0.29423634309524654,0.28521979923849,-0.964859437751004
EMP-00262,Employee 0262,2023-07-23 00:00:00+00:00,57334,74.0,EMP-00011,1,2023,7,3,6,23,0,0,1109,774.7837837837837,0.1357142857142857,0.15,0.20714285714285716,0.0,0.0,0.0,1.0,0.0,0.0,0.0,0.0,0.0,0.0,1.0,0.0,0.0,0.0,0.0,0.0,0.0,0.0,1.0,-0.9650935566126642,-0.2429906542056077,0.5732931726907631
EMP-00263,Employee 0263,2024-06-19 00:00:00+00:00,157168,99.0,EMP-00015,1,2024,6,2,2,19,0,0,777,1587.5555555555557,0.11428571428571428,0.20238095238095238,0.1738095238095238,0.0,0.0,0.0,0.0,0.0,1.0,0.0,0.0,0.0,1.0,0.0,0.0,0.0,0.0,0.0,0.0,1.0,0.0,0.0,-0.21691044907548793,1.4877120110764959,-0.09337349397590361
EMP-00264,Employee 0264,2025-02-09 00:00:00+00:00,95905,88.55,EMP-00013,1,2025,2,1,6,9,0,0,542,1083.0604178430265,0.11428571428571428,0.30238095238095236,0.19285714285714287,0.0,0.0,0.0,0.0,0.0,1.0,0.0,0.0,0.0,0.0,0.0,1.0,0.0,0.0,1.0,0.0,0.0,0.0,0.0,-0.6760320080338591,0.7642782969885764,-0.5652610441767069
EMP-00265,Employee 0265,2024-02-27 00:00:00+00:00,306804,69.63,EMP-00015,1,2024,2,1,1,27,0,0,890,4406.204222317967,0.1357142857142857,0.15,0.22857142857142856,0.0,0.0,0.0,1.0,0.0,0.0,0.0,0.0,0.0,0.0,1.0,0.0,0.0,0.0,0.0,1.0,0.0,0.0,0.0,0.9045023710001667,-0.5455174800969197,0.13353413654618473
EMP-00266,Employee 0266,2023-10-24 00:00:00+00:00,225826,88.41,EMP-00013,1,2023,10,4,1,24,0,0,1016,2554.3038117859974,0.13095238095238096,0.20238095238095238,0.19285714285714287,0.0,0.0,0.0,0.0,0.0,0.0,1.0,0.0,0.0,1.0,0.0,0.0,0.0,0.0,1.0,0.0,0.0,0.0,0.0,0.2976312481147223,0.7545863620629966,0.3865461847389558
EMP-00267,Employee 0267,2023-11-16 00:00:00+00:00,194799,84.17,EMP-00001,1,2023,11,4,3,16,0,0,993,2314.351906855174,0.1380952380952381,0.30238095238095236,0.19285714285714287,0.0,0.0,0.0,0.0,0.0,0.0,0.0,1.0,0.0,0.0,0.0,1.0,0.0,0.0,1.0,0.0,0.0,0.0,0.0,0.06510648423111584,0.4610591900311522,0.34036144578313254
EMP-00268,Employee 0268,2023-03-29 00:00:00+00:00,116246,67.53,EMP-00004,0,2023,3,1,2,29,0,0,1225,1721.3978972308603,0.10952380952380952,0.15,0.19285714285714287,0.0,1.0,0.0,0.0,0.0,0.0,0.0,0.0,0.0,0.0,1.0,0.0,0.0,0.0,1.0,0.0,0.0,0.0,0.0,-0.5235910301063624,-0.6908965039806161,0.8062248995983936
EMP-00269,Employee 0269,2025-05-27 00:00:00+00:00,129785,78.67,EMP-00015,1,2025,5,2,1,27,0,0,435,1649.7394178212787,0.11428571428571428,0.2261904761904762,0.22857142857142856,0.0,0.0,1.0,0.0,0.0,0.0,0.0,0.0,0.0,0.0,0.0,0.0,1.0,0.0,0.0,1.0,0.0,0.0,0.0,-0.42212608737196505,0.08030460366908937,-0.7801204819277109
EMP-00270,Employee 0270,2024-08-08 00:00:00+00:00,310706,77.22,EMP-00005,1,2024,8,3,3,8,0,0,727,4023.646723646724,0.1380952380952381,0.2261904761904762,0.20714285714285716,0.0,0.0,0.0,0.0,0.0,0.0,0.0,1.0,0.0,0.0,0.0,0.0,1.0,0.0,0.0,0.0,0.0,0.0,1.0,0.9337450186513684,-0.020076150917272835,-0.19377510040160642
EMP-00271,Employee 0271,2024-03-31 00:00:00+00:00,101876,49.29,EMP-00002,1,2024,3,1,6,31,0,1,857,2066.869547575573,0.11428571428571428,0.30238095238095236,0.1738095238095238,0.0,0.0,1.0,0.0,0.0,0.0,0.0,0.0,0.0,0.0,0.0,1.0,0.0,0.0,0.0,0.0,1.0,0.0,0.0,-0.6312837125122485,-1.953617168570439,0.06726907630522089
EMP-00272,Employee 0272,2024-07-09 00:00:00+00:00,293034,62.36,EMP-00006,1,2024,7,3,1,9,0,0,757,4699.0699166132135,0.10952380952380952,0.20238095238095238,0.1976190476190476,0.0,1.0,0.0,0.0,0.0,0.0,0.0,0.0,0.0,1.0,0.0,0.0,0.0,0.0,0.0,0.0,0.0,1.0,0.0,0.8013062515339837,-1.0488058151609552,-0.13353413654618473
EMP-00273,Employee 0273,2023-01-25 00:00:00+00:00,288660,89.88,EMP-00002,1,2023,1,1,2,25,0,0,1288,3211.615487316422,0.11428571428571428,0.15,0.1976190476190476,0.0,0.0,0.0,0.0,0.0,1.0,0.0,0.0,0.0,0.0,1.0,0.0,0.0,0.0,0.0,0.0,0.0,1.0,0.0,0.7685263077035491,0.8563516787815842,0.9327309236947792
EMP-00274,Employee 0274,2023-09-19 00:00:00+00:00,142036,69.99,EMP-00011,1,2023,9,3,1,19,0,0,1051,2029.3756250892986,0.12142857142857143,0.30238095238095236,0.1976190476190476,1.0,0.0,0.0,0.0,0.0,0.0,0.0,0.0,0.0,0.0,0.0,1.0,0.0,0.0,0.0,0.0,0.0,1.0,0.0,-0.3303137664147967,-0.5205953617168575,0.4568273092369478
EMP-00275,Employee 0275,2023-03-23 00:00:00+00:00,97763,84.4,EMP-00013,1,2023,3,1,3,23,0,0,1231,1158.3293838862558,0.11428571428571428,0.2261904761904762,0.22857142857142856,0.0,0.0,1.0,0.0,0.0,0.0,0.0,0.0,0.0,0.0,0.0,0.0,1.0,0.0,0.0,1.0,0.0,0.0,0.0,-0.6621076514639123,0.4769816545517478,0.8182730923694779
EMP-00276,Employee 0276,2023-05-09 00:00:00+00:00,263238,91.89,EMP-00010,1,2023,5,2,1,9,0,0,1184,2864.707802807705,0.12142857142857143,0.2261904761904762,0.1976190476190476,1.0,0.0,0.0,0.0,0.0,0.0,0.0,0.0,0.0,0.0,0.0,0.0,1.0,0.0,0.0,0.0,0.0,1.0,0.0,0.5780069359483345,0.9955001730702657,0.7238955823293173
EMP-00277,Employee 0277,2025-06-09 00:00:00+00:00,291956,55.19,EMP-00011,1,2025,6,2,0,9,0,0,422,5290.016307302048,0.1357142857142857,0.30238095238095236,0.1738095238095238,0.0,0.0,0.0,0.0,1.0,0.0,0.0,0.0,0.0,0.0,0.0,1.0,0.0,0.0,0.0,0.0,1.0,0.0,0.0,0.7932274267856507,-1.5451713395638627,-0.8062248995983936
EMP-00278,Employee 0278,2024-09-20 00:00:00+00:00,96883,95.7,EMP-00008,1,2024,9,3,4,20,0,0,684,1012.3615464994775,0.12142857142857143,0.15,0.19285714285714287,1.0,0.0,0.0,0.0,0.0,0.0,0.0,0.0,0.0,0.0,1.0,0.0,0.0,0.0,1.0,0.0,0.0,0.0,0.0,-0.6687026104421433,1.2592592592592584,-0.28012048192771083
EMP-00279,Employee 0279,2023-02-11 00:00:00+00:00,297912,76.09,EMP-00011,0,2023,2,1,5,11,0,0,1271,3915.2582468129845,0.10952380952380952,0.20238095238095238,0.22857142857142856,0.0,1.0,0.0,0.0,0.0,0.0,0.0,0.0,0.0,1.0,0.0,0.0,0.0,0.0,0.0,1.0,0.0,0.0,0.0,0.8378633082337689,-0.09830391138802361,0.8985943775100401
EMP-00280,Employee 0280,2025-01-10 00:00:00+00:00,174547,82.24,EMP-00009,1,2025,1,1,4,10,0,0,572,2122.410019455253,0.13095238095238096,0.30238095238095236,0.1738095238095238,0.0,0.0,0.0,0.0,0.0,0.0,1.0,0.0,0.0,0.0,0.0,1.0,0.0,0.0,0.0,0.0,1.0,0.0,0.0,-0.08666750352699155,0.3274489442713733,-0.5050200803212851
EMP-00281,Employee 0281,2024-11-18 00:00:00+00:00,255211,99.0,EMP-00006,1,2024,11,4,0,18,0,0,625,2577.8888888888887,0.1357142857142857,0.2261904761904762,0.20714285714285716,0.0,0.0,0.0,0.0,1.0,0.0,0.0,0.0,0.0,0.0,0.0,0.0,1.0,0.0,0.0,0.0,0.0,0.0,1.0,0.517850418086675,1.4877120110764959,-0.3985943775100402
EMP-00282,Employee 0282,2023-07-09 00:00:00+00:00,164717,88.6,EMP-00007,1,2023,7,3,6,9,0,0,1123,1859.1083521444696,0.11428571428571428,0.20238095238095238,0.1976190476190476,0.0,0.0,0.0,0.0,0.0,1.0,0.0,0.0,0.0,1.0,0.0,0.0,0.0,0.0,0.0,0.0,0.0,1.0,0.0,-0.16033619302245847,0.7677397023191405,0.6014056224899599
EMP-00283,Employee 0283,2023-11-21 00:00:00+00:00,238635,76.04,EMP-00001,1,2023,11,4,1,21,0,0,988,3138.2824829037345,0.1357142857142857,0.07857142857142857,0.1976190476190476,0.0,0.0,0.0,1.0,0.0,0.0,0.0,0.0,1.0,0.0,0.0,0.0,0.0,0.0,0.0,0.0,0.0,1.0,0.0,0.3936253726058144,-0.10176531671858761,0.33032128514056225
EMP-00284,Employee 0284,2025-01-15 00:00:00+00:00,285443,72.12,EMP-00005,1,2025,1,1,2,15,0,0,567,3957.8896283971158,0.11428571428571428,0.30238095238095236,0.1976190476190476,0.0,0.0,1.0,0.0,0.0,0.0,0.0,0.0,0.0,0.0,0.0,1.0,0.0,0.0,0.0,0.0,0.0,1.0,0.0,0.7444172360751751,-0.3731394946348216,-0.5150602409638554
EMP-00285,Employee 0285,2023-11-14 00:00:00+00:00,104885,73.05,EMP-00010,1,2023,11,4,1,14,0,0,995,1435.7973990417522,0.13095238095238096,0.2261904761904762,0.1976190476190476,0.0,0.0,0.0,0.0,0.0,0.0,1.0,0.0,0.0,0.0,0.0,0.0,1.0,0.0,0.0,0.0,0.0,1.0,0.0,-0.6087334493696381,-0.3087573554863278,0.34437751004016065
EMP-00286,Employee 0286,2024-10-17 00:00:00+00:00,158184,71.77,EMP-00013,1,2024,10,4,3,17,0,0,657,2204.040685523199,0.10952380952380952,0.20238095238095238,0.1976190476190476,0.0,1.0,0.0,0.0,0.0,0.0,0.0,0.0,0.0,1.0,0.0,0.0,0.0,0.0,0.0,0.0,0.0,1.0,0.0,-0.20929626916425756,-0.3973693319487716,-0.33433734939759036
EMP-00287,Employee 0287,2024-03-06 00:00:00+00:00,196311,91.88,EMP-00004,1,2024,3,1,2,6,0,0,882,2136.602089682194,0.11428571428571428,0.2261904761904762,0.1738095238095238,0.0,0.0,1.0,0.0,0.0,0.0,0.0,0.0,0.0,0.0,0.0,0.0,1.0,0.0,0.0,0.0,1.0,0.0,0.0,0.07643782283916731,0.9948078920041525,0.11746987951807229
EMP-00288,Employee 0288,2025-02-13 00:00:00+00:00,92226,83.94,EMP-00009,1,2025,2,1,3,13,0,0,538,1098.7133666904933,0.10952380952380952,0.30238095238095236,0.20714285714285716,0.0,1.0,0.0,0.0,0.0,0.0,0.0,0.0,0.0,0.0,0.0,1.0,0.0,0.0,0.0,0.0,0.0,0.0,1.0,-0.7036034331258044,0.44513672551055655,-0.5732931726907631
EMP-00289,Employee 0289,2024-06-06 00:00:00+00:00,82411,80.3,EMP-00010,1,2024,6,2,3,6,0,0,790,1026.2889165628892,0.1357142857142857,0.30238095238095236,0.22857142857142856,0.0,0.0,0.0,1.0,0.0,0.0,0.0,0.0,0.0,0.0,0.0,1.0,0.0,0.0,0.0,1.0,0.0,0.0,0.0,-0.7771597085477788,0.19314641744548222,-0.06726907630522089
EMP-00290,Employee 0290,2023-03-05 00:00:00+00:00,238059,75.59,EMP-00012,1,2023,3,1,6,5,0,0,1249,3149.3451514750627,0.1357142857142857,0.07857142857142857,0.20714285714285716,0.0,0.0,0.0,0.0,1.0,0.0,0.0,0.0,1.0,0.0,0.0,0.0,0.0,0.0,0.0,0.0,0.0,0.0,1.0,0.3893086721836996,-0.13291796469366568,0.8544176706827309
EMP-00291,Employee 0291,2024-10-01 00:00:00+00:00,271660,86.01,EMP-00004,1,2024,10,4,1,1,1,0,673,3158.469945355191,0.12142857142857143,0.2261904761904762,0.22857142857142856,1.0,0.0,0.0,0.0,0.0,0.0,0.0,0.0,0.0,0.0,0.0,0.0,1.0,0.0,0.0,1.0,0.0,0.0,0.0,0.6411236910786318,0.5884389061959152,-0.30220883534136544
EMP-00292,Employee 0292,2025-08-24 00:00:00+00:00,222196,57.27,EMP-00003,1,2025,8,3,6,24,0,0,346,3879.797450672254,0.1357142857142857,0.2261904761904762,0.19285714285714287,0.0,0.0,0.0,0.0,1.0,0.0,0.0,0.0,0.0,0.0,0.0,0.0,1.0,0.0,1.0,0.0,0.0,0.0,0.0,0.27042704232951936,-1.4011768778123912,-0.9588353413654619
EMP-00293,Employee 0293,2025-02-23 00:00:00+00:00,206214,98.49,EMP-00013,1,2025,2,1,6,23,0,0,528,2093.75571123972,0.10952380952380952,0.04047619047619048,0.1976190476190476,0.0,1.0,0.0,0.0,0.0,0.0,0.0,0.0,0.0,0.0,0.0,0.0,0.0,1.0,0.0,0.0,0.0,1.0,0.0,0.15065359415896473,1.4524056767047406,-0.5933734939759037
EMP-00294,Employee 0294,2024-10-21 00:00:00+00:00,135590,75.05,EMP-00004,1,2024,10,4,0,21,0,0,653,1806.6622251832111,0.1357142857142857,0.20238095238095238,0.1738095238095238,0.0,0.0,0.0,0.0,1.0,0.0,0.0,0.0,0.0,1.0,0.0,0.0,0.0,0.0,0.0,0.0,1.0,0.0,0.0,-0.37862184093033885,-0.17030114226375956,-0.34236947791164657
EMP-00295,Employee 0295,2023-04-20 00:00:00+00:00,286242,67.53,EMP-00003,1,2023,4,2,3,20,0,0,1203,4238.738338516215,0.11428571428571428,0.20238095238095238,0.1976190476190476,0.0,0.0,0.0,0.0,0.0,1.0,0.0,0.0,0.0,1.0,0.0,0.0,0.0,0.0,0.0,0.0,0.0,1.0,0.0,0.7504051590565461,-0.6908965039806161,0.7620481927710844
EMP-00296,Employee 0296,2023-09-16 00:00:00+00:00,249765,90.61,EMP-00007,1,2023,9,3,5,16,0,0,1054,2756.483831806644,0.1380952380952381,0.15,0.1976190476190476,0.0,0.0,0.0,0.0,0.0,0.0,0.0,1.0,0.0,0.0,1.0,0.0,0.0,0.0,0.0,0.0,0.0,1.0,0.0,0.47703661513730444,0.9068881966078219,0.46285140562248994
EMP-00297,Employee 0297,2025-06-19 00:00:00+00:00,180609,90.36,EMP-00005,1,2025,6,2,3,19,0,0,412,1998.7715803452854,0.10952380952380952,0.20238095238095238,0.1976190476190476,0.0,1.0,0.0,0.0,0.0,0.0,0.0,0.0,0.0,1.0,0.0,0.0,0.0,0.0,0.0,0.0,0.0,1.0,0.0,-0.04123722929285927,0.8895811699550009,-0.8263052208835341
EMP-00298,Employee 0298,2025-05-27 00:00:00+00:00,222138,77.18,EMP-00004,1,2025,5,2,1,27,0,0,435,2878.1808758745788,0.11428571428571428,0.15,0.20714285714285716,0.0,0.0,0.0,0.0,0.0,1.0,0.0,0.0,0.0,0.0,1.0,0.0,0.0,0.0,0.0,0.0,0.0,0.0,1.0,0.2699923745786814,-0.02284527518172365,-0.7801204819277109
EMP-00299,Employee 0299,2023-02-15 00:00:00+00:00,262396,92.6,EMP-00002,1,2023,2,1,2,15,0,0,1267,2833.650107991361,0.13095238095238096,0.2261904761904762,0.1976190476190476,0.0,0.0,0.0,0.0,0.0,0.0,1.0,0.0,0.0,0.0,0.0,0.0,1.0,0.0,0.0,0.0,0.0,1.0,0.0,0.571696759289618,1.044652128764277,0.8905622489959839
EMP-00300,Employee 0300,2024-08-03 00:00:00+00:00,90042,89.03,EMP-00010,1,2024,8,3,5,3,0,0,732,1011.3669549590026,0.11428571428571428,0.30238095238095236,0.19285714285714287,0.0,0.0,1.0,0.0,0.0,0.0,0.0,0.0,0.0,0.0,0.0,1.0,0.0,0.0,1.0,0.0,0.0,0.0,0.0,-0.7199709222263233,0.7975077881619931,-0.18373493975903615
EMP-00301,Employee 0301,2025-04-01 00:00:00+00:00,201778,82.18,EMP-00004,1,2025,4,2,1,1,1,0,491,2455.3175955220245,0.1380952380952381,0.2261904761904762,0.22857142857142856,0.0,0.0,0.0,0.0,0.0,0.0,0.0,1.0,0.0,0.0,0.0,0.0,1.0,0.0,0.0,1.0,0.0,0.0,0.0,0.11740900549142749,0.3232952578746971,-0.6676706827309237
EMP-00302,Employee 0302,2023-06-10 00:00:00+00:00,102971,59.96,EMP-00011,1,2023,6,2,5,10,0,0,1152,1717.3282188125418,0.10952380952380952,0.30238095238095236,0.19285714285714287,0.0,1.0,0.0,0.0,0.0,0.0,0.0,0.0,0.0,0.0,0.0,1.0,0.0,0.0,1.0,0.0,0.0,0.0,0.0,-0.6230774851472906,-1.214953271028037,0.6596385542168675
EMP-00303,Employee 0303,2025-08-15 00:00:00+00:00,146364,79.39,EMP-00005,1,2025,8,3,4,15,0,0,355,1843.6075072427257,0.10952380952380952,0.30238095238095236,0.19285714285714287,0.0,1.0,0.0,0.0,0.0,0.0,0.0,0.0,0.0,0.0,0.0,1.0,0.0,0.0,1.0,0.0,0.0,0.0,0.0,-0.297878559076406,0.13014884042921387,-0.9407630522088354
EMP-00304,Employee 0304,2025-05-02 00:00:00+00:00,228137,78.1,EMP-00004,1,2025,5,2,4,2,0,0,460,2921.088348271447,0.1380952380952381,0.15,0.1738095238095238,0.0,0.0,0.0,0.0,0.0,0.0,0.0,1.0,0.0,0.0,1.0,0.0,0.0,0.0,0.0,0.0,1.0,0.0,0.0,0.3149505097041449,0.0408445829006569,-0.7299196787148594
EMP-00305,Employee 0305,2024-07-07 00:00:00+00:00,266521,75.26,EMP-00013,1,2024,7,3,6,7,0,0,759,3541.3366994419343,0.11428571428571428,0.30238095238095236,0.19285714285714287,0.0,0.0,1.0,0.0,0.0,0.0,0.0,0.0,0.0,0.0,0.0,1.0,0.0,0.0,1.0,0.0,0.0,0.0,0.0,0.6026106295000759,-0.15576323987538934,-0.12951807228915663
EMP-00306,Employee 0306,2024-12-23 00:00:00+00:00,211249,73.92,EMP-00001,1,2024,12,4,0,23,0,0,590,2857.805735930736,0.10952380952380952,0.30238095238095236,0.19285714285714287,0.0,1.0,0.0,0.0,0.0,0.0,0.0,0.0,0.0,0.0,0.0,1.0,0.0,0.0,1.0,0.0,0.0,0.0,0.0,0.18838725149463878,-0.2485289027345103,-0.46887550200803213
EMP-00307,Employee 0307,2023-02-20 00:00:00+00:00,296388,86.27,EMP-00002,1,2023,2,1,0,20,0,0,1262,3435.585951083807,0.13095238095238096,0.2261904761904762,0.19285714285714287,0.0,0.0,0.0,0.0,0.0,0.0,1.0,0.0,0.0,0.0,0.0,0.0,1.0,0.0,1.0,0.0,0.0,0.0,0.0,0.8264420383669233,0.6064382139148485,0.8805220883534136
EMP-00308,Employee 0308,2023-10-08 00:00:00+00:00,57479,64.31,EMP-00010,1,2023,10,4,6,8,0,0,1032,893.780127507386,0.10952380952380952,0.30238095238095236,0.1976190476190476,0.0,1.0,0.0,0.0,0.0,0.0,0.0,0.0,0.0,0.0,0.0,1.0,0.0,0.0,0.0,0.0,0.0,1.0,0.0,-0.9640068872355693,-0.9138110072689509,0.4186746987951807
EMP-00309,Employee 0309,2023-05-01 00:00:00+00:00,105832,91.13,EMP-00001,1,2023,5,2,0,1,1,0,1192,1161.3299681773292,0.1380952380952381,0.30238095238095236,0.20714285714285716,0.0,0.0,0.0,0.0,0.0,0.0,0.0,1.0,0.0,0.0,0.0,1.0,0.0,0.0,0.0,0.0,0.0,0.0,1.0,-0.6016363741964735,0.9428868120456894,0.7399598393574297
EMP-00310,Employee 0310,2024-06-27 00:00:00+00:00,117561,77.45,EMP-00015,1,2024,6,2,3,27,0,0,769,1517.895416397676,0.1380952380952381,0.2261904761904762,0.1738095238095238,0.0,0.0,0.0,0.0,0.0,0.0,0.0,1.0,0.0,0.0,0.0,0.0,1.0,0.0,0.0,0.0,1.0,0.0,0.0,-0.5137360629968468,-0.004153686396677206,-0.10943775100401607
EMP-00311,Employee 0311,2025-03-16 00:00:00+00:00,246278,68.74,EMP-00007,1,2025,3,1,6,16,0,0,507,3582.7465813209196,0.11428571428571428,0.2261904761904762,0.19285714285714287,0.0,0.0,0.0,0.0,0.0,1.0,0.0,0.0,0.0,0.0,0.0,0.0,1.0,0.0,1.0,0.0,0.0,0.0,0.0,0.45090409018606403,-0.6071304949809627,-0.6355421686746988
EMP-00312,Employee 0312,2024-02-04 00:00:00+00:00,73220,74.81,EMP-00005,1,2024,2,1,6,4,0,0,913,978.7461569308915,0.1357142857142857,0.20238095238095238,0.19285714285714287,0.0,0.0,0.0,0.0,1.0,0.0,0.0,0.0,0.0,1.0,0.0,0.0,0.0,0.0,1.0,0.0,0.0,0.0,0.0,-0.846039558512462,-0.1869158878504674,0.17971887550200802
EMP-00313,Employee 0313,2024-02-04 00:00:00+00:00,102534,80.19,EMP-00005,1,2024,2,1,6,4,0,0,913,1278.6382341937897,0.11428571428571428,0.07857142857142857,0.22857142857142856,0.0,0.0,0.0,0.0,0.0,1.0,0.0,0.0,1.0,0.0,0.0,0.0,0.0,0.0,0.0,1.0,0.0,0.0,0.0,-0.6263524818217076,0.185531325718241,0.17971887550200802
EMP-00314,Employee 0314,2023-01-07 00:00:00+00:00,312939,93.87,EMP-00010,1,2023,1,1,5,7,0,0,1306,3333.7488015340364,0.11428571428571428,0.30238095238095236,0.22857142857142856,0.0,0.0,0.0,0.0,0.0,1.0,0.0,0.0,0.0,0.0,0.0,1.0,0.0,0.0,0.0,1.0,0.0,0.0,0.0,0.9504797270586296,1.1325718241606086,0.9688755020080321
EMP-00315,Employee 0315,2023-06-03 00:00:00+00:00,155481,85.81,EMP-00006,1,2023,6,2,5,3,0,0,1159,1811.9216874490153,0.13095238095238096,0.30238095238095236,0.22857142857142856,0.0,0.0,0.0,0.0,0.0,0.0,1.0,0.0,0.0,0.0,0.0,1.0,0.0,0.0,0.0,1.0,0.0,0.0,0.0,-0.22955328520761942,0.5745932848736582,0.6736947791164659
EMP-00316,Employee 0316,2024-04-22 00:00:00+00:00,179416,90.99,EMP-00001,1,2024,4,2,0,22,0,0,835,1971.821079239477,0.13095238095238096,0.20238095238095238,0.1738095238095238,0.0,0.0,0.0,0.0,0.0,0.0,1.0,0.0,0.0,1.0,0.0,0.0,0.0,0.0,0.0,0.0,1.0,0.0,0.0,-0.050177895271302,0.9331948771201096,0.023092369477911646
EMP-00317,Employee 0317,2024-03-31 00:00:00+00:00,298450,77.31,EMP-00001,0,2024,3,1,6,31,0,1,857,3860.4320269046693,0.1357142857142857,0.07857142857142857,0.20714285714285716,0.0,0.0,0.0,1.0,0.0,0.0,0.0,0.0,1.0,0.0,0.0,0.0,0.0,0.0,0.0,0.0,0.0,0.0,1.0,0.8418952263363692,-0.013845621322257026,0.06726907630522089
EMP-00318,Employee 0318,2023-08-24 00:00:00+00:00,185862,75.67,EMP-00009,1,2023,8,3,3,24,0,0,1077,2456.2177877626536,0.13095238095238096,0.20238095238095238,0.22857142857142856,0.0,0.0,0.0,0.0,0.0,0.0,1.0,0.0,0.0,1.0,0.0,0.0,0.0,0.0,0.0,1.0,0.0,0.0,0.0,-0.0018698207557598162,-0.12737971616476307,0.5090361445783133
EMP-00319,Employee 0319,2023-06-13 00:00:00+00:00,107422,98.43,EMP-00002,1,2023,6,2,1,13,0,0,1149,1091.3542619120187,0.1380952380952381,0.2261904761904762,0.19285714285714287,0.0,0.0,0.0,0.0,0.0,0.0,0.0,1.0,0.0,0.0,0.0,0.0,1.0,0.0,1.0,0.0,0.0,0.0,0.0,-0.5897204824062607,1.4482519903080644,0.6536144578313253
EMP-00320,Employee 0320,2023-06-04 00:00:00+00:00,87841,76.48,EMP-00009,1,2023,6,2,6,4,0,0,1158,1148.548640167364,0.1380952380952381,0.20238095238095238,0.1738095238095238,0.0,0.0,0.0,0.0,0.0,0.0,0.0,1.0,0.0,1.0,0.0,0.0,0.0,0.0,0.0,0.0,1.0,0.0,0.0,-0.736465813943467,-0.07130494980962275,0.6716867469879518
EMP-00321,Employee 0321,2024-11-16 00:00:00+00:00,132848,71.97,EMP-00015,1,2024,11,4,5,16,0,0,627,1845.8802278727248,0.1380952380952381,0.15,0.19285714285714287,0.0,0.0,0.0,0.0,0.0,0.0,0.0,1.0,0.0,0.0,1.0,0.0,0.0,0.0,1.0,0.0,0.0,0.0,0.0,-0.3991711335647814,-0.3835237106265146,-0.39457831325301207
EMP-00322,Employee 0322,2023-04-03 00:00:00+00:00,175441,70.85,EMP-00009,1,2023,4,2,0,3,0,0,1220,2476.2314749470715,0.13095238095238096,0.07857142857142857,0.20714285714285716,0.0,0.0,0.0,0.0,0.0,0.0,1.0,0.0,1.0,0.0,0.0,0.0,0.0,0.0,0.0,0.0,0.0,0.0,1.0,-0.07996762474683414,-0.46105919003115314,0.7961847389558233
EMP-00323,Employee 0323,2024-01-09 00:00:00+00:00,216566,81.24,EMP-00012,1,2024,1,1,1,9,0,0,939,2665.755785327425,0.1380952380952381,0.30238095238095236,0.1738095238095238,0.0,0.0,0.0,0.0,0.0,0.0,0.0,1.0,0.0,0.0,0.0,1.0,0.0,0.0,0.0,0.0,1.0,0.0,0.0,0.2282342934119732,0.25822083766008913,0.2319277108433735
EMP-00324,Employee 0324,2023-08-12 00:00:00+00:00,310111,66.08,EMP-00008,1,2023,8,3,5,12,0,0,1089,4692.963075060533,0.1357142857142857,0.20238095238095238,0.22857142857142856,0.0,0.0,0.0,0.0,1.0,0.0,0.0,0.0,0.0,1.0,0.0,0.0,0.0,0.0,0.0,1.0,0.0,0.0,0.0,0.9292859270694963,-0.7912772585669783,0.5331325301204819
EMP-00325,Employee 0325,2023-11-21 00:00:00+00:00,169229,80.01,EMP-00003,1,2023,11,4,1,21,0,0,988,2115.0981127359078,0.1357142857142857,0.20238095238095238,0.1976190476190476,0.0,0.0,0.0,1.0,0.0,0.0,0.0,0.0,0.0,1.0,0.0,0.0,0.0,0.0,0.0,0.0,0.0,1.0,0.0,-0.12652203971589215,0.17307026652821036,0.33032128514056225
EMP-00326,Employee 0326,2025-01-29 00:00:00+00:00,283253,79.8,EMP-00007,1,2025,1,1,2,29,0,0,553,3549.5363408521303,0.1357142857142857,0.07857142857142857,0.19285714285714287,0.0,0.0,0.0,1.0,0.0,0.0,0.0,0.0,1.0,0.0,0.0,0.0,0.0,0.0,1.0,0.0,0.0,0.0,0.0,0.7280047813452593,0.15853236413984015,-0.5431726907630522
EMP-00327,Employee 0327,2025-03-27 00:00:00+00:00,51323,84.5,EMP-00010,1,2025,3,1,3,27,0,0,496,607.3727810650887,0.1357142857142857,0.2261904761904762,0.1976190476190476,0.0,0.0,0.0,0.0,1.0,0.0,0.0,0.0,0.0,0.0,0.0,0.0,1.0,0.0,0.0,0.0,0.0,1.0,0.0,-1.0101416229969218,0.48390446521287583,-0.6576305220883534
EMP-00328,Employee 0328,2023-12-25 00:00:00+00:00,179015,58.75,EMP-00013,1,2023,12,4,0,25,0,0,954,3047.063829787234,0.1357142857142857,0.07857142857142857,0.19285714285714287,0.0,0.0,0.0,0.0,1.0,0.0,0.0,0.0,1.0,0.0,0.0,0.0,0.0,0.0,1.0,0.0,0.0,0.0,0.0,-0.053183098169336813,-1.298719280027691,0.2620481927710843
EMP-00329,Employee 0329,2025-04-06 00:00:00+00:00,153715,56.02,EMP-00007,1,2025,4,2,6,6,0,0,486,2743.9307390217778,0.1380952380952381,0.30238095238095236,0.22857142857142856,0.0,0.0,0.0,0.0,0.0,0.0,0.0,1.0,0.0,0.0,0.0,1.0,0.0,0.0,0.0,1.0,0.0,0.0,0.0,-0.24278816879347848,-1.4877120110764965,-0.677710843373494
EMP-00330,Employee 0330,2023-05-20 00:00:00+00:00,287543,73.18,EMP-00001,1,2023,5,2,5,20,0,0,1173,3929.2566274938504,0.1357142857142857,0.15,0.1976190476190476,0.0,0.0,0.0,0.0,1.0,0.0,0.0,0.0,0.0,0.0,1.0,0.0,0.0,0.0,0.0,0.0,0.0,1.0,0.0,0.7601552063641354,-0.2997577016268602,0.7018072289156626
EMP-00331,Employee 0331,2025-02-01 00:00:00+00:00,305325,76.47,EMP-00009,1,2025,2,1,5,1,1,0,550,3992.7422518634758,0.1357142857142857,0.07857142857142857,0.22857142857142856,0.0,0.0,0.0,1.0,0.0,0.0,0.0,0.0,1.0,0.0,0.0,0.0,0.0,0.0,0.0,1.0,0.0,0.0,0.0,0.893418343353799,-0.07199723087573595,-0.5491967871485943
EMP-00332,Employee 0332,2023-06-19 00:00:00+00:00,162699,65.71,EMP-00006,1,2023,6,2,0,19,0,0,1143,2476.0158271191603,0.1380952380952381,0.30238095238095236,0.1738095238095238,0.0,0.0,0.0,0.0,0.0,0.0,0.0,1.0,0.0,0.0,0.0,1.0,0.0,0.0,0.0,0.0,1.0,0.0,0.0,-0.17545963304299275,-0.8168916580131537,0.641566265060241
EMP-00333,Employee 0333,2023-10-28 00:00:00+00:00,305781,62.95,EMP-00013,1,2023,10,4,5,28,0,0,1012,4857.521842732327,0.11428571428571428,0.20238095238095238,0.1738095238095238,0.0,0.0,0.0,0.0,0.0,1.0,0.0,0.0,0.0,1.0,0.0,0.0,0.0,0.0,0.0,0.0,1.0,0.0,0.0,0.8968357311879732,-1.0079612322602973,0.3785140562248996
EMP-00334,Employee 0334,2024-10-14 00:00:00+00:00,214595,82.76,EMP-00007,1,2024,10,4,0,14,0,0,660,2592.9797003383273,0.1357142857142857,0.30238095238095236,0.19285714285714287,0.0,0.0,0.0,1.0,0.0,0.0,0.0,0.0,0.0,0.0,0.0,1.0,0.0,0.0,1.0,0.0,0.0,0.0,0.0,0.21346308415504897,0.36344755970924175,-0.32831325301204817
EMP-00335,Employee 0335,2023-11-14 00:00:00+00:00,165104,74.57,EMP-00010,1,2023,11,4,1,14,0,0,995,2214.080729515891,0.13095238095238096,0.2261904761904762,0.1976190476190476,0.0,0.0,0.0,0.0,0.0,0.0,1.0,0.0,0.0,0.0,0.0,0.0,1.0,0.0,0.0,0.0,0.0,1.0,0.0,-0.15743590992635004,-0.20353063343717623,0.34437751004016065
EMP-00336,Employee 0336,2024-02-08 00:00:00+00:00,152001,86.9,EMP-00013,1,2024,2,1,3,8,0,0,909,1749.1484464902185,0.11428571428571428,0.2261904761904762,0.1976190476190476,0.0,0.0,0.0,0.0,0.0,1.0,0.0,0.0,0.0,0.0,0.0,0.0,1.0,0.0,0.0,0.0,0.0,1.0,0.0,-0.25563335025789663,0.6500519210799581,0.1716867469879518
EMP-00337,Employee 0337,2023-04-12 00:00:00+00:00,50861,62.86,EMP-00009,1,2023,4,2,2,12,0,0,1211,809.1154947502387,0.1357142857142857,0.04047619047619048,0.22857142857142856,0.0,0.0,0.0,0.0,1.0,0.0,0.0,0.0,0.0,0.0,0.0,0.0,0.0,1.0,0.0,1.0,0.0,0.0,0.0,-1.013603976460493,-1.0141917618553131,0.7781124497991968
EMP-00338,Employee 0338,2024-09-13 00:00:00+00:00,233148,76.81,EMP-00006,1,2024,9,3,4,13,0,0,691,3035.386017445645,0.1380952380952381,0.15,0.20714285714285716,0.0,0.0,0.0,0.0,0.0,0.0,0.0,1.0,0.0,0.0,1.0,0.0,0.0,0.0,0.0,0.0,0.0,0.0,1.0,0.3525043045222308,-0.0484596746278991,-0.2660642570281124
EMP-00339,Employee 0339,2024-04-13 00:00:00+00:00,149382,96.4,EMP-00006,1,2024,4,2,5,13,0,0,844,1549.6058091286307,0.1380952380952381,0.20238095238095238,0.20714285714285716,0.0,0.0,0.0,0.0,0.0,0.0,0.0,1.0,0.0,1.0,0.0,0.0,0.0,0.0,0.0,0.0,0.0,0.0,1.0,-0.27526084748970003,1.3077189338871575,0.04116465863453815
EMP-00340,Employee 0340,2023-02-22 00:00:00+00:00,238923,74.73,EMP-00002,1,2023,2,1,2,22,0,0,1260,3197.1497390606182,0.10952380952380952,0.07857142857142857,0.20714285714285716,0.0,1.0,0.0,0.0,0.0,0.0,0.0,0.0,1.0,0.0,0.0,0.0,0.0,0.0,0.0,0.0,0.0,0.0,1.0,0.39578372281687185,-0.19245413637937,0.8765060240963856
EMP-00341,Employee 0341,2023-09-07 00:00:00+00:00,152195,71.58,EMP-00003,1,2023,9,3,3,7,0,0,1063,2126.2224084939926,0.12142857142857143,0.15,0.19285714285714287,1.0,0.0,0.0,0.0,0.0,0.0,0.0,0.0,0.0,0.0,1.0,0.0,0.0,0.0,1.0,0.0,0.0,0.0,0.0,-0.25417946157405935,-0.41052267220491545,0.48092369477911645
EMP-00342,Employee 0342,2024-12-29 00:00:00+00:00,76246,88.03,EMP-00002,1,2024,12,4,6,29,0,0,584,866.1365443598773,0.13095238095238096,0.30238095238095236,0.22857142857142856,0.0,0.0,0.0,0.0,0.0,0.0,1.0,0.0,0.0,0.0,0.0,1.0,0.0,0.0,0.0,1.0,0.0,0.0,0.0,-0.8233618927532268,0.728279681550709,-0.48092369477911645
EMP-00343,Employee 0343,2023-12-30 00:00:00+00:00,293285,91.4,EMP-00004,1,2023,12,4,5,30,0,0,949,3208.807439824945,0.12142857142857143,0.07857142857142857,0.19285714285714287,1.0,0.0,0.0,0.0,0.0,0.0,0.0,0.0,1.0,0.0,0.0,0.0,0.0,0.0,1.0,0.0,0.0,0.0,0.0,0.8031873136970927,0.9615784008307369,0.2520080321285141
EMP-00344,Employee 0344,2025-08-20 00:00:00+00:00,292410,71.01,EMP-00002,0,2025,8,3,2,20,0,0,350,4117.870722433459,0.1380952380952381,0.30238095238095236,0.19285714285714287,0.0,0.0,0.0,0.0,0.0,0.0,0.0,1.0,0.0,0.0,0.0,1.0,0.0,0.0,1.0,0.0,0.0,0.0,0.0,0.7966298260766926,-0.449982692973347,-0.9508032128514057
EMP-00345,Employee 0345,2025-06-29 00:00:00+00:00,134942,71.82,EMP-00011,1,2025,6,2,6,29,0,0,402,1878.891673628516,0.13095238095238096,0.2261904761904762,0.22857142857142856,0.0,0.0,0.0,0.0,0.0,0.0,1.0,0.0,0.0,0.0,0.0,0.0,1.0,0.0,0.0,1.0,0.0,0.0,0.0,-0.3834781289052181,-0.3939079266182076,-0.8463855421686747
EMP-00346,Employee 0346,2025-02-25 00:00:00+00:00,116172,87.52,EMP-00010,1,2025,2,1,1,25,0,0,526,1327.3765996343693,0.11428571428571428,0.15,0.1738095238095238,0.0,0.0,1.0,0.0,0.0,0.0,0.0,0.0,0.0,0.0,1.0,0.0,0.0,0.0,0.0,0.0,1.0,0.0,0.0,-0.5241456062022591,0.6929733471789536,-0.5973895582329317
EMP-00347,Employee 0347,2025-06-19 00:00:00+00:00,210401,81.3,EMP-00012,1,2025,6,2,3,19,0,0,412,2587.958179581796,0.10952380952380952,0.20238095238095238,0.22857142857142856,0.0,1.0,0.0,0.0,0.0,0.0,0.0,0.0,0.0,1.0,0.0,0.0,0.0,0.0,0.0,1.0,0.0,0.0,0.0,0.18203210920652527,0.26237452405676637,-0.8263052208835341
EMP-00348,Employee 0348,2024-12-22 00:00:00+00:00,255252,81.55,EMP-00008,1,2024,12,4,6,22,0,0,591,3130.006131207848,0.13095238095238096,0.2261904761904762,0.1976190476190476,0.0,0.0,0.0,0.0,0.0,0.0,1.0,0.0,0.0,0.0,0.0,0.0,1.0,0.0,0.0,0.0,0.0,1.0,0.0,0.5181576832208881,0.2796815507095874,-0.46686746987951805
EMP-00349,Employee 0349,2024-03-23 00:00:00+00:00,180530,80.6,EMP-00005,1,2024,3,1,5,23,0,0,865,2239.826302729529,0.11428571428571428,0.2261904761904762,0.20714285714285716,0.0,0.0,1.0,0.0,0.0,0.0,0.0,0.0,0.0,0.0,0.0,0.0,1.0,0.0,0.0,0.0,0.0,0.0,1.0,-0.041829276746586826,0.21391484942886727,0.08333333333333333
EMP-00350,Employee 0350,2023-07-18 00:00:00+00:00,304268,77.44,EMP-00004,1,2023,7,3,1,18,0,0,1114,3929.0805785123966,0.13095238095238096,0.2261904761904762,0.1738095238095238,0.0,0.0,0.0,0.0,0.0,0.0,1.0,0.0,0.0,0.0,0.0,0.0,1.0,0.0,0.0,0.0,1.0,0.0,0.0,0.8854968983083555,-0.004845967462790402,0.5833333333333334
EMP-00351,Employee 0351,2024-09-19 00:00:00+00:00,186361,89.03,EMP-00002,1,2024,9,3,3,19,0,0,685,2093.238234303044,0.1357142857142857,0.2261904761904762,0.22857142857142856,0.0,0.0,0.0,0.0,1.0,0.0,0.0,0.0,0.0,0.0,0.0,0.0,1.0,0.0,0.0,1.0,0.0,0.0,0.0,0.0018698207557598162,0.7975077881619931,-0.2781124497991968
EMP-00352,Employee 0352,2024-02-10 00:00:00+00:00,127755,93.27,EMP-00003,1,2024,2,1,5,10,0,0,907,1369.7330331296237,0.13095238095238096,0.20238095238095238,0.20714285714285716,0.0,0.0,0.0,0.0,0.0,0.0,1.0,0.0,0.0,1.0,0.0,0.0,0.0,0.0,0.0,0.0,0.0,0.0,1.0,-0.4373394586512934,1.0910349601938376,0.1676706827309237
EMP-00353,Employee 0353,2025-08-27 00:00:00+00:00,239432,66.67,EMP-00008,1,2025,8,3,2,27,0,0,343,3591.300434978251,0.13095238095238096,0.20238095238095238,0.20714285714285716,0.0,0.0,0.0,0.0,0.0,0.0,1.0,0.0,0.0,1.0,0.0,0.0,0.0,0.0,0.0,0.0,0.0,0.0,1.0,0.3995983070440532,-0.7504326756663203,-0.964859437751004
EMP-00354,Employee 0354,2023-06-05 00:00:00+00:00,313237,87.76,EMP-00014,1,2023,6,2,0,5,0,0,1157,3569.2456700091157,0.1357142857142857,0.20238095238095238,0.1738095238095238,0.0,0.0,0.0,1.0,0.0,0.0,0.0,0.0,0.0,1.0,0.0,0.0,0.0,0.0,0.0,0.0,1.0,0.0,0.0,0.9527130199853487,0.7095880927656625,0.6696787148594378
EMP-00355,Employee 0355,2024-05-31 00:00:00+00:00,230204,77.52,EMP-00006,0,2024,5,2,4,31,0,1,796,2969.6078431372553,0.13095238095238096,0.20238095238095238,0.1976190476190476,0.0,0.0,0.0,0.0,0.0,0.0,1.0,0.0,0.0,1.0,0.0,0.0,0.0,0.0,0.0,0.0,0.0,1.0,0.0,0.3304411690314216,0.0006922810661122118,-0.055220883534136546
EMP-00356,Employee 0356,2025-02-01 00:00:00+00:00,258604,63.85,EMP-00009,1,2025,2,1,5,1,1,0,550,4050.18010963195,0.12142857142857143,0.30238095238095236,0.20714285714285716,1.0,0.0,0.0,0.0,0.0,0.0,0.0,0.0,0.0,0.0,0.0,1.0,0.0,0.0,0.0,0.0,0.0,0.0,1.0,0.5432784815106952,-0.9456559363101417,-0.5491967871485943
EMP-00357,Employee 0357,2024-06-18 00:00:00+00:00,318600,67.83,EMP-00004,1,2024,6,2,1,18,0,0,778,4697.03670942061,0.1357142857142857,0.2261904761904762,0.22857142857142856,0.0,0.0,0.0,1.0,0.0,0.0,0.0,0.0,0.0,0.0,0.0,0.0,1.0,0.0,0.0,1.0,0.0,0.0,0.0,0.992904798394727,-0.670128071997231,-0.09136546184738956
EMP-00358,Employee 0358,2025-01-12 00:00:00+00:00,247499,73.5,EMP-00013,1,2025,1,1,6,12,0,0,570,3367.3333333333335,0.1357142857142857,0.20238095238095238,0.1738095238095238,0.0,0.0,0.0,1.0,0.0,0.0,0.0,0.0,0.0,1.0,0.0,0.0,0.0,0.0,0.0,0.0,1.0,0.0,0.0,0.46005459576835955,-0.27760470751124977,-0.5090361445783133
EMP-00359,Employee 0359,2023-01-21 00:00:00+00:00,281901,89.64,EMP-00002,1,2023,1,1,5,21,0,0,1292,3144.812583668005,0.1380952380952381,0.15,0.1738095238095238,0.0,0.0,0.0,0.0,0.0,0.0,0.0,1.0,0.0,0.0,1.0,0.0,0.0,0.0,0.0,0.0,1.0,0.0,0.0,0.7178725261877952,0.8397369331948764,0.9407630522088354
EMP-00360,Employee 0360,2023-05-04 00:00:00+00:00,76828,66.62,EMP-00004,1,2023,5,2,3,4,0,0,1189,1153.2272590813568,0.1380952380952381,0.15,0.19285714285714287,0.0,0.0,0.0,0.0,0.0,0.0,0.0,1.0,0.0,0.0,1.0,0.0,0.0,0.0,1.0,0.0,0.0,0.0,0.0,-0.8190002267017149,-0.7538940809968844,0.7339357429718876
EMP-00361,Employee 0361,2023-02-14 00:00:00+00:00,94978,58.19,EMP-00015,1,2023,2,1,1,14,0,0,1268,1632.2048461935042,0.11428571428571428,0.20238095238095238,0.20714285714285716,0.0,0.0,1.0,0.0,0.0,0.0,0.0,0.0,0.0,1.0,0.0,0.0,0.0,0.0,0.0,0.0,0.0,0.0,1.0,-0.6829791977757002,-1.3374870197300102,0.892570281124498
EMP-00362,Employee 0362,2025-01-15 00:00:00+00:00,174044,75.09,EMP-00008,1,2025,1,1,2,15,0,0,567,2317.805300306299,0.1357142857142857,0.20238095238095238,0.19285714285714287,0.0,0.0,0.0,1.0,0.0,0.0,0.0,0.0,0.0,1.0,0.0,0.0,0.0,0.0,1.0,0.0,0.0,0.0,0.0,-0.09043712212477588,-0.16753201799930775,-0.5150602409638554
EMP-00363,Employee 0363,2024-11-05 00:00:00+00:00,259563,72.75,EMP-00012,1,2024,11,4,1,5,0,0,638,3567.8762886597938,0.10952380952380952,0.30238095238095236,0.19285714285714287,0.0,1.0,0.0,0.0,0.0,0.0,0.0,0.0,0.0,0.0,0.0,1.0,0.0,0.0,1.0,0.0,0.0,0.0,0.0,0.5504654879426538,-0.3295257874697129,-0.37248995983935745
EMP-00364,Employee 0364,2024-07-25 00:00:00+00:00,176774,89.78,EMP-00004,1,2024,7,3,3,25,0,0,741,1968.9685898863888,0.11428571428571428,0.2261904761904762,0.1738095238095238,0.0,0.0,0.0,0.0,0.0,1.0,0.0,0.0,0.0,0.0,0.0,0.0,1.0,0.0,0.0,0.0,1.0,0.0,0.0,-0.06997776074912739,0.8494288681204561,-0.16566265060240964
EMP-00365,Employee 0365,2024-02-26 00:00:00+00:00,275908,80.83,EMP-00013,1,2024,2,1,0,26,0,0,891,3413.4356055919834,0.13095238095238096,0.20238095238095238,0.1976190476190476,0.0,0.0,0.0,0.0,0.0,0.0,1.0,0.0,0.0,1.0,0.0,0.0,0.0,0.0,0.0,0.0,0.0,1.0,0.0,0.6729593566917288,0.22983731394946288,0.1355421686746988
EMP-00366,Employee 0366,2025-09-07 00:00:00+00:00,291457,85.84,EMP-00003,1,2025,9,3,6,7,0,0,332,3395.351817334576,0.1357142857142857,0.30238095238095236,0.20714285714285716,0.0,0.0,0.0,0.0,1.0,0.0,0.0,0.0,0.0,0.0,0.0,1.0,0.0,0.0,0.0,0.0,0.0,0.0,1.0,0.7894877852741311,0.5766701280719968,-0.9869477911646586
EMP-00367,Employee 0367,2024-04-23 00:00:00+00:00,133369,73.67,EMP-00007,1,2024,4,2,1,23,0,0,834,1810.356997420931,0.11428571428571428,0.04047619047619048,0.1976190476190476,0.0,0.0,0.0,0.0,0.0,1.0,0.0,0.0,0.0,0.0,0.0,0.0,0.0,1.0,0.0,0.0,0.0,1.0,0.0,-0.39526661807880603,-0.26583592938733136,0.02108433734939759
EMP-00368,Employee 0368,2025-09-16 00:00:00+00:00,181376,64.61,EMP-00006,1,2025,9,3,1,16,0,0,323,2807.2434607645873,0.1380952380952381,0.2261904761904762,0.19285714285714287,0.0,0.0,0.0,0.0,0.0,0.0,0.0,1.0,0.0,0.0,0.0,0.0,1.0,0.0,1.0,0.0,0.0,0.0,0.0,-0.03548912300160565,-0.8930425752855659,-1.0050200803212852
EMP-00369,Employee 0369,2023-05-21 00:00:00+00:00,252815,92.43,EMP-00014,1,2023,5,2,6,21,0,0,1172,2735.2050200151466,0.13095238095238096,0.20238095238095238,0.1738095238095238,0.0,0.0,0.0,0.0,0.0,0.0,1.0,0.0,0.0,1.0,0.0,0.0,0.0,0.0,0.0,0.0,1.0,0.0,0.0,0.4998941434141278,1.0328833506403596,0.6997991967871486
EMP-00370,Employee 0370,2023-03-22 00:00:00+00:00,152917,71.51,EMP-00001,1,2023,3,1,2,22,0,0,1232,2138.400223744931,0.11428571428571428,0.2261904761904762,0.1976190476190476,0.0,0.0,1.0,0.0,0.0,0.0,0.0,0.0,0.0,0.0,0.0,0.0,1.0,0.0,0.0,0.0,0.0,1.0,0.0,-0.24876859750328342,-0.4153686396677049,0.820281124497992
EMP-00371,Employee 0371,2025-03-28 00:00:00+00:00,61665,85.12,EMP-00015,1,2025,3,1,4,28,0,0,495,724.4478383458646,0.10952380952380952,0.30238095238095236,0.1738095238095238,0.0,1.0,0.0,0.0,0.0,0.0,0.0,0.0,0.0,0.0,0.0,1.0,0.0,0.0,0.0,0.0,1.0,0.0,0.0,-0.932635866459575,0.5268258913118723,-0.6596385542168675
EMP-00372,Employee 0372,2025-04-16 00:00:00+00:00,163429,73.95,EMP-00014,1,2025,4,2,2,16,0,0,476,2209.99323867478,0.13095238095238096,0.15,0.20714285714285716,0.0,0.0,0.0,0.0,0.0,0.0,1.0,0.0,0.0,0.0,1.0,0.0,0.0,0.0,0.0,0.0,0.0,0.0,1.0,-0.1699888147996875,-0.24645205953617172,-0.6977911646586346
EMP-00373,Employee 0373,2024-10-06 00:00:00+00:00,247900,85.23,EMP-00005,1,2024,10,4,6,6,0,0,668,2908.600258125073,0.1380952380952381,0.07857142857142857,0.22857142857142856,0.0,0.0,0.0,0.0,0.0,0.0,0.0,1.0,1.0,0.0,0.0,0.0,0.0,0.0,0.0,1.0,0.0,0.0,0.0,0.46305979866639435,0.5344409830391136,-0.31224899598393574
EMP-00374,Employee 0374,2023-06-10 00:00:00+00:00,310128,81.32,EMP-00007,1,2023,6,2,5,10,0,0,1152,3813.6743728480083,0.13095238095238096,0.30238095238095236,0.1976190476190476,0.0,0.0,0.0,0.0,0.0,0.0,1.0,0.0,0.0,0.0,0.0,1.0,0.0,0.0,0.0,0.0,0.0,1.0,0.0,0.9294133296861212,0.26375908618899174,0.6596385542168675
EMP-00375,Employee 0375,2024-02-05 00:00:00+00:00,106638,79.41,EMP-00012,1,2024,2,1,0,5,0,0,912,1342.8787306384586,0.11428571428571428,0.07857142857142857,0.20714285714285716,0.0,0.0,1.0,0.0,0.0,0.0,0.0,0.0,1.0,0.0,0.0,0.0,0.0,0.0,0.0,0.0,0.0,0.0,1.0,-0.5955959913141392,0.13153340256143928,0.17771084337349397
EMP-00376,Employee 0376,2024-07-03 00:00:00+00:00,214965,82.55,EMP-00002,1,2024,7,3,2,3,0,0,763,2604.058146577832,0.10952380952380952,0.15,0.1738095238095238,0.0,1.0,0.0,0.0,0.0,0.0,0.0,0.0,0.0,0.0,1.0,0.0,0.0,0.0,0.0,0.0,1.0,0.0,0.0,0.21623596463453248,0.34890965732087154,-0.1214859437751004
EMP-00377,Employee 0377,2025-03-14 00:00:00+00:00,211675,75.35,EMP-00005,1,2025,3,1,4,14,0,0,509,2809.2236230922363,0.1380952380952381,0.20238095238095238,0.19285714285714287,0.0,0.0,0.0,0.0,0.0,0.0,0.0,1.0,0.0,1.0,0.0,0.0,0.0,0.0,1.0,0.0,0.0,0.0,0.0,0.1915798111818279,-0.14953271028037451,-0.6315261044176707
EMP-00378,Employee 0378,2024-05-20 00:00:00+00:00,183471,59.25,EMP-00008,1,2024,5,2,0,20,0,0,807,3096.5569620253164,0.11428571428571428,0.15,0.1976190476190476,0.0,0.0,0.0,0.0,0.0,1.0,0.0,0.0,0.0,0.0,1.0,0.0,0.0,0.0,0.0,0.0,0.0,1.0,0.0,-0.01978862407047613,-1.264105226722049,-0.03313253012048193
EMP-00379,Employee 0379,2024-09-22 00:00:00+00:00,285317,81.18,EMP-00013,1,2024,9,3,6,22,0,0,682,3514.621828036462,0.1357142857142857,0.20238095238095238,0.1976190476190476,0.0,0.0,0.0,1.0,0.0,0.0,0.0,0.0,0.0,1.0,0.0,0.0,0.0,0.0,0.0,0.0,0.0,1.0,0.0,0.7434729578578374,0.25406715126341295,-0.28413654618473894
EMP-00380,Employee 0380,2023-10-01 00:00:00+00:00,255778,90.6,EMP-00014,1,2023,10,4,6,1,1,0,1039,2823.1567328918322,0.13095238095238096,0.20238095238095238,0.20714285714285716,0.0,0.0,0.0,0.0,0.0,0.0,1.0,0.0,0.0,1.0,0.0,0.0,0.0,0.0,0.0,0.0,0.0,0.0,1.0,0.5220996700646943,0.9061959155417088,0.4327309236947791
EMP-00381,Employee 0381,2023-01-25 00:00:00+00:00,62351,77.51,EMP-00008,1,2023,1,1,2,25,0,0,1288,804.4252354534898,0.11428571428571428,0.15,0.1976190476190476,0.0,0.0,0.0,0.0,0.0,1.0,0.0,0.0,0.0,0.0,1.0,0.0,0.0,0.0,0.0,0.0,0.0,1.0,0.0,-0.9274947961651813,0.0,0.9327309236947792
EMP-00382,Employee 0382,2024-12-23 00:00:00+00:00,124398,74.55,EMP-00015,1,2024,12,4,0,23,0,0,590,1668.6519114688128,0.12142857142857143,0.30238095238095236,0.1976190476190476,1.0,0.0,0.0,0.0,0.0,0.0,0.0,0.0,0.0,0.0,0.0,1.0,0.0,0.0,0.0,0.0,0.0,1.0,0.0,-0.4624977282989315,-0.20491519556940163,-0.46887550200803213
EMP-00383,Employee 0383,2023-03-03 00:00:00+00:00,55482,80.87,EMP-00015,1,2023,3,1,4,3,0,0,1251,686.0640534190676,0.11428571428571428,0.07857142857142857,0.1976190476190476,0.0,0.0,1.0,0.0,0.0,0.0,0.0,0.0,1.0,0.0,0.0,0.0,0.0,0.0,0.0,0.0,0.0,1.0,0.0,-0.978972947553214,0.2326064382139147,0.858433734939759
EMP-00384,Employee 0384,2024-06-19 00:00:00+00:00,280674,88.77,EMP-00001,1,2024,6,2,2,19,0,0,777,3161.8114227779656,0.1380952380952381,0.30238095238095236,0.19285714285714287,0.0,0.0,0.0,0.0,0.0,0.0,0.0,1.0,0.0,0.0,0.0,1.0,0.0,0.0,1.0,0.0,0.0,0.0,0.0,0.7086770549761027,0.7795084804430589,-0.09337349397590361
EMP-00385,Employee 0385,2024-03-19 00:00:00+00:00,188310,74.91,EMP-00009,1,2024,3,1,1,19,0,0,869,2513.8165798958753,0.12142857142857143,0.2261904761904762,0.1976190476190476,1.0,0.0,0.0,0.0,0.0,0.0,0.0,0.0,0.0,0.0,0.0,0.0,1.0,0.0,0.0,0.0,0.0,1.0,0.0,0.01647615603822828,-0.17999307718933938,0.09136546184738956
EMP-00386,Employee 0386,2024-09-14 00:00:00+00:00,217493,61.56,EMP-00015,1,2024,9,3,5,14,0,0,690,3533.0246913580245,0.1380952380952381,0.15,0.22857142857142856,0.0,0.0,0.0,0.0,0.0,0.0,0.0,1.0,0.0,0.0,1.0,0.0,0.0,0.0,0.0,1.0,0.0,0.0,0.0,0.2351814831538143,-1.1041883004499824,-0.2680722891566265
EMP-00387,Employee 0387,2024-08-20 00:00:00+00:00,105486,79.74,EMP-00004,1,2024,8,3,1,20,0,0,715,1322.8743416102334,0.1357142857142857,0.15,0.20714285714285716,0.0,0.0,0.0,1.0,0.0,0.0,0.0,0.0,0.0,0.0,1.0,0.0,0.0,0.0,0.0,0.0,0.0,0.0,1.0,-0.6042293921583689,0.15437867774316294,-0.2178714859437751
EMP-00388,Employee 0388,2024-11-22 00:00:00+00:00,119895,82.01,EMP-00005,0,2024,11,4,4,22,0,0,621,1461.9558590415802,0.1380952380952381,0.20238095238095238,0.19285714285714287,0.0,0.0,0.0,0.0,0.0,0.0,0.0,1.0,0.0,1.0,0.0,0.0,0.0,0.0,1.0,0.0,0.0,0.0,0.0,-0.49624443316140227,0.3115264797507787,-0.4066265060240964
EMP-00389,Employee 0389,2023-03-28 00:00:00+00:00,119981,79.92,EMP-00005,1,2023,3,1,1,28,0,0,1226,1501.2637637637638,0.1380952380952381,0.30238095238095236,0.22857142857142856,0.0,0.0,0.0,0.0,0.0,0.0,0.0,1.0,0.0,0.0,0.0,1.0,0.0,0.0,0.0,1.0,0.0,0.0,0.0,-0.49559992580671147,0.16683973693319457,0.8082329317269076
EMP-00390,Employee 0390,2024-02-09 00:00:00+00:00,74532,72.56,EMP-00011,1,2024,2,1,4,9,0,0,908,1027.1775082690187,0.11428571428571428,0.15,0.1976190476190476,0.0,0.0,0.0,0.0,0.0,1.0,0.0,0.0,0.0,0.0,1.0,0.0,0.0,0.0,0.0,0.0,0.0,1.0,0.0,-0.8362070742176448,-0.34267912772585674,0.16967871485943775
EMP-00391,Employee 0391,2023-11-13 00:00:00+00:00,157194,81.68,EMP-00007,1,2023,11,4,0,13,0,0,996,1924.5102840352595,0.13095238095238096,0.30238095238095236,0.1738095238095238,0.0,0.0,0.0,0.0,0.0,0.0,1.0,0.0,0.0,0.0,0.0,1.0,0.0,0.0,0.0,0.0,1.0,0.0,0.0,-0.21671559801476747,0.288681204569055,0.3463855421686747
EMP-00392,Employee 0392,2023-02-11 00:00:00+00:00,184679,75.46,EMP-00012,1,2023,2,1,5,11,0,0,1271,2447.376093294461,0.11428571428571428,0.2261904761904762,0.19285714285714287,0.0,0.0,1.0,0.0,0.0,0.0,0.0,0.0,0.0,0.0,0.0,0.0,1.0,0.0,1.0,0.0,0.0,0.0,0.0,-0.010735544018540828,-0.14191761855313328,0.8985943775100401
EMP-00393,Employee 0393,2025-08-24 00:00:00+00:00,247030,73.19,EMP-00006,1,2025,8,3,6,24,0,0,346,3375.187867194972,0.1380952380952381,0.20238095238095238,0.20714285714285716,0.0,0.0,0.0,0.0,0.0,0.0,0.0,1.0,0.0,1.0,0.0,0.0,0.0,0.0,0.0,0.0,0.0,0.0,1.0,0.4565397824038251,-0.29906542056074803,-0.9588353413654619
EMP-00394,Employee 0394,2023-09-15 00:00:00+00:00,255407,74.86,EMP-00014,1,2023,9,3,4,15,0,0,1055,3411.795351322469,0.10952380952380952,0.2261904761904762,0.20714285714285716,0.0,1.0,0.0,0.0,0.0,0.0,0.0,0.0,0.0,0.0,0.0,0.0,1.0,0.0,0.0,0.0,0.0,0.0,1.0,0.5193192953136446,-0.18345448251990337,0.464859437751004
EMP-00395,Employee 0395,2023-03-13 00:00:00+00:00,148473,79.9,EMP-00004,1,2023,3,1,0,13,0,0,1241,1858.2352941176468,0.1357142857142857,0.30238095238095236,0.1738095238095238,0.0,0.0,0.0,0.0,1.0,0.0,0.0,0.0,0.0,0.0,0.0,1.0,0.0,0.0,0.0,0.0,1.0,0.0,0.0,-0.28207314034335007,0.16545517480096913,0.8383534136546185
EMP-00396,Employee 0396,2023-06-25 00:00:00+00:00,137049,81.09,EMP-00007,1,2023,6,2,6,25,0,0,1137,1690.0850906400294,0.1380952380952381,0.15,0.20714285714285716,0.0,0.0,0.0,0.0,0.0,0.0,0.0,1.0,0.0,0.0,1.0,0.0,0.0,0.0,0.0,0.0,0.0,0.0,1.0,-0.3676876987152945,0.24783662166839712,0.6295180722891566
EMP-00397,Employee 0397,2024-12-25 00:00:00+00:00,50587,72.35,EMP-00013,1,2024,12,4,2,25,0,0,588,699.1983413959917,0.11428571428571428,0.15,0.1738095238095238,0.0,0.0,0.0,0.0,0.0,1.0,0.0,0.0,0.0,0.0,1.0,0.0,0.0,0.0,0.0,0.0,1.0,0.0,0.0,-1.015657406869624,-0.35721703011422695,-0.47289156626506024
EMP-00398,Employee 0398,2025-01-23 00:00:00+00:00,309953,80.19,EMP-00012,1,2025,1,1,3,23,0,0,559,3865.23257263998,0.1357142857142857,0.2261904761904762,0.20714285714285716,0.0,0.0,0.0,0.0,1.0,0.0,0.0,0.0,0.0,0.0,0.0,0.0,1.0,0.0,0.0,0.0,0.0,0.0,1.0,0.9281018321620411,0.185531325718241,-0.5311244979919679
EMP-00399,Employee 0399,2023-08-02 00:00:00+00:00,97097,82.2,EMP-00006,1,2023,8,3,2,2,0,0,1099,1181.2287104622872,0.13095238095238096,0.20238095238095238,0.22857142857142856,0.0,0.0,0.0,0.0,0.0,0.0,1.0,0.0,0.0,1.0,0.0,0.0,0.0,0.0,0.0,1.0,0.0,0.0,0.0,-0.6670988363269825,0.32467982000692247,0.5532128514056225
EMP-00400,Employee 0400,2023-09-07 00:00:00+00:00,193720,84.13,EMP-00011,1,2023,9,3,3,7,0,0,1063,2302.626886960656,0.1380952380952381,0.30238095238095236,0.22857142857142856,0.0,0.0,0.0,0.0,0.0,0.0,0.0,1.0,0.0,0.0,0.0,1.0,0.0,0.0,0.0,1.0,0.0,0.0,0.0,0.057020165211216674,0.4582900657667004,0.48092369477911645
EMP-00401,Employee 0401,2024-05-05 00:00:00+00:00,207509,83.3,EMP-00007,1,2024,5,2,6,5,0,0,822,2491.1044417767107,0.1357142857142857,0.20238095238095238,0.22857142857142856,0.0,0.0,0.0,0.0,1.0,0.0,0.0,0.0,0.0,1.0,0.0,0.0,0.0,0.0,0.0,1.0,0.0,0.0,0.0,0.16035867583715696,0.40083073727933466,-0.0030120481927710845
EMP-00402,Employee 0402,2024-01-01 00:00:00+00:00,279381,92.33,EMP-00005,1,2024,1,1,0,1,1,0,947,3025.896241741579,0.11428571428571428,0.30238095238095236,0.19285714285714287,0.0,0.0,1.0,0.0,0.0,0.0,0.0,0.0,0.0,0.0,0.0,1.0,0.0,0.0,1.0,0.0,0.0,0.0,0.0,0.6989869618410427,1.0259605399792306,0.24799196787148595
EMP-00403,Employee 0403,2024-08-21 00:00:00+00:00,81696,85.55,EMP-00005,1,2024,8,3,2,21,0,0,714,954.9503214494448,0.12142857142857143,0.30238095238095236,0.22857142857142856,1.0,0.0,0.0,0.0,0.0,0.0,0.0,0.0,0.0,0.0,0.0,1.0,0.0,0.0,0.0,1.0,0.0,0.0,0.0,-0.7825181127175915,0.556593977154724,-0.21987951807228914
EMP-00404,Employee 0404,2024-03-22 00:00:00+00:00,81669,99.0,EMP-00013,1,2024,3,1,4,22,0,0,866,824.939393939394,0.1380952380952381,0.30238095238095236,0.22857142857142856,0.0,0.0,0.0,0.0,0.0,0.0,0.0,1.0,0.0,0.0,0.0,1.0,0.0,0.0,0.0,1.0,0.0,0.0,0.0,-0.7827204580498781,1.4877120110764959,0.0853413654618474
EMP-00405,Employee 0405,2024-06-01 00:00:00+00:00,318674,89.35,EMP-00013,1,2024,6,2,5,1,1,0,795,3566.580861779519,0.11428571428571428,0.04047619047619048,0.22857142857142856,0.0,0.0,0.0,0.0,0.0,1.0,0.0,0.0,0.0,0.0,0.0,0.0,0.0,1.0,0.0,1.0,0.0,0.0,0.0,0.9934593744906237,0.8196607822776035,-0.0572289156626506
EMP-00406,Employee 0406,2025-04-15 00:00:00+00:00,196344,89.0,EMP-00014,1,2025,4,2,1,15,0,0,477,2206.112359550562,0.12142857142857143,0.2261904761904762,0.1976190476190476,1.0,0.0,0.0,0.0,0.0,0.0,0.0,0.0,0.0,0.0,0.0,0.0,1.0,0.0,0.0,0.0,0.0,1.0,0.0,0.07668513380085097,0.7954309449636545,-0.6957831325301205
EMP-00407,Employee 0407,2024-10-17 00:00:00+00:00,97373,64.51,EMP-00006,1,2024,10,4,3,17,0,0,657,1509.4248953650595,0.1357142857142857,0.30238095238095236,0.22857142857142856,0.0,0.0,0.0,1.0,0.0,0.0,0.0,0.0,0.0,0.0,0.0,1.0,0.0,0.0,0.0,1.0,0.0,0.0,0.0,-0.6650304173747192,-0.899965385946694,-0.33433734939759036
EMP-00408,Employee 0408,2025-04-24 00:00:00+00:00,314013,86.32,EMP-00009,1,2025,4,2,3,24,0,0,468,3637.7780352177947,0.1380952380952381,0.15,0.1738095238095238,0.0,0.0,0.0,0.0,0.0,0.0,0.0,1.0,0.0,0.0,1.0,0.0,0.0,0.0,0.0,0.0,1.0,0.0,0.0,0.9585285747206979,0.6098996192454125,-0.713855421686747
EMP-00409,Employee 0409,2023-08-23 00:00:00+00:00,239303,87.36,EMP-00002,1,2023,8,3,2,23,0,0,1078,2739.2742673992675,0.13095238095238096,0.30238095238095236,0.1976190476190476,0.0,0.0,0.0,0.0,0.0,0.0,1.0,0.0,0.0,0.0,0.0,1.0,0.0,0.0,0.0,0.0,0.0,1.0,0.0,0.39863154601201706,0.6818968501211484,0.5110441767068273
EMP-00410,Employee 0410,2023-08-08 00:00:00+00:00,166193,77.51,EMP-00013,1,2023,8,3,1,8,0,0,1093,2144.1491420461875,0.11428571428571428,0.30238095238095236,0.19285714285714287,0.0,0.0,1.0,0.0,0.0,0.0,0.0,0.0,0.0,0.0,0.0,1.0,0.0,0.0,1.0,0.0,0.0,0.0,0.0,-0.14927464819078917,0.0,0.5411646586345381
EMP-00411,Employee 0411,2024-05-07 00:00:00+00:00,103911,55.47,EMP-00003,1,2024,5,2,1,7,0,0,820,1873.2828555976205,0.10952380952380952,0.20238095238095238,0.22857142857142856,0.0,1.0,0.0,0.0,0.0,0.0,0.0,0.0,0.0,1.0,0.0,0.0,0.0,0.0,0.0,1.0,0.0,0.0,0.0,-0.6160328698750892,-1.525787469712703,-0.007028112449799197
EMP-00412,Employee 0412,2024-02-13 00:00:00+00:00,259677,52.38,EMP-00010,1,2024,2,1,1,13,0,0,904,4957.560137457044,0.1380952380952381,0.2261904761904762,0.22857142857142856,0.0,0.0,0.0,0.0,0.0,0.0,0.0,1.0,0.0,0.0,0.0,0.0,1.0,0.0,0.0,1.0,0.0,0.0,0.0,0.5513198349011974,-1.7397023191415708,0.16164658634538154
EMP-00413,Employee 0413,2025-04-15 00:00:00+00:00,258280,74.92,EMP-00014,1,2025,4,2,1,15,0,0,477,3447.410571276028,0.1357142857142857,0.30238095238095236,0.22857142857142856,0.0,0.0,0.0,0.0,1.0,0.0,0.0,0.0,0.0,0.0,0.0,1.0,0.0,0.0,0.0,1.0,0.0,0.0,0.0,0.5408503375232556,-0.17930079612322616,-0.6957831325301205
EMP-00414,Employee 0414,2023-09-02 00:00:00+00:00,239787,72.08,EMP-00012,1,2023,9,3,5,2,0,0,1068,3326.678690344062,0.13095238095238096,0.30238095238095236,0.19285714285714287,0.0,0.0,0.0,0.0,0.0,0.0,1.0,0.0,0.0,0.0,0.0,1.0,0.0,0.0,1.0,0.0,0.0,0.0,0.0,0.4022587734500441,-0.3759086188992734,0.49096385542168675
EMP-00415,Employee 0415,2024-03-14 00:00:00+00:00,253714,61.59,EMP-00013,1,2024,3,1,3,14,0,0,874,4119.402500405909,0.13095238095238096,0.30238095238095236,0.1738095238095238,0.0,0.0,0.0,0.0,0.0,0.0,1.0,0.0,0.0,0.0,0.0,1.0,0.0,0.0,0.0,0.0,1.0,0.0,0.0,0.5066314935521161,-1.1021114572516437,0.10140562248995984
EMP-00416,Employee 0416,2025-09-03 00:00:00+00:00,140702,82.26,EMP-00010,1,2025,9,3,2,3,0,0,336,1710.454655968879,0.10952380952380952,0.15,0.1738095238095238,0.0,1.0,0.0,0.0,0.0,0.0,0.0,0.0,0.0,0.0,1.0,0.0,0.0,0.0,0.0,0.0,1.0,0.0,0.0,-0.3403111246840696,0.3288335064035997,-0.9789156626506024
EMP-00417,Employee 0417,2023-11-27 00:00:00+00:00,272472,65.53,EMP-00015,1,2023,11,4,0,27,0,0,982,4157.9734472760565,0.12142857142857143,0.15,0.20714285714285716,1.0,0.0,0.0,0.0,0.0,0.0,0.0,0.0,0.0,0.0,1.0,0.0,0.0,0.0,0.0,0.0,0.0,0.0,1.0,0.6472090395903631,-0.8293527172031844,0.31827309236947793
EMP-00418,Employee 0418,2024-06-17 00:00:00+00:00,273818,59.68,EMP-00011,1,2024,6,2,0,17,0,0,779,4588.103217158177,0.11428571428571428,0.2261904761904762,0.20714285714285716,0.0,0.0,1.0,0.0,0.0,0.0,0.0,0.0,0.0,0.0,0.0,0.0,1.0,0.0,0.0,0.0,0.0,0.0,1.0,0.6572963291184301,-1.2343371408791968,-0.0893574297188755
EMP-00419,Employee 0419,2024-04-09 00:00:00+00:00,73490,99.0,EMP-00010,1,2024,4,2,1,9,0,0,848,742.3232323232323,0.11428571428571428,0.07857142857142857,0.1738095238095238,0.0,0.0,0.0,0.0,0.0,1.0,0.0,0.0,1.0,0.0,0.0,0.0,0.0,0.0,0.0,0.0,1.0,0.0,0.0,-0.8440161051895957,1.4877120110764959,0.04919678714859438
EMP-00420,Employee 0420,2023-01-01 00:00:00+00:00,168390,83.55,EMP-00001,1,2023,1,1,6,1,1,0,1312,2015.4398563734292,0.13095238095238096,0.30238095238095236,0.1976190476190476,0.0,0.0,0.0,0.0,0.0,0.0,1.0,0.0,0.0,0.0,0.0,1.0,0.0,0.0,0.0,0.0,0.0,1.0,0.0,-0.13280973355991013,0.4181377639321557,0.9809236947791165
