campaign_id,campaign_name,start_date,end_date,budget,leads_generated,conversion_rate,attributed_revenue,campaign_start_year,campaign_start_month,campaign_start_quarter,campaign_start_dayofweek,campaign_start_day,campaign_start_is_month_start,campaign_start_is_month_end,campaign_duration_days,cost_per_lead,revenue_per_budget,channel_frequency,target_segment_frequency,channel_target_encoded,target_segment_target_encoded,channel_Content,channel_Email,channel_Events,channel_Partner,channel_Search,channel_Social,target_segment_Enterprise,target_segment_Mid-Market,target_segment_SMB,budget_standard_scaled,leads_generated_standard_scaled,conversion_rate_standard_scaled,attributed_revenue_standard_scaled,cost_per_lead_standard_scaled
MKT-00001,Campaign 0001,2025-03-14 00:00:00+00:00,2025-04-16 00:00:00+00:00,353787,4510,0.0299,1942996.12,2025,3,1,4,14,0,0,33,78.4450110864745,5.491994109450037,0.16875,0.2520833333333333,2935005.225015562,2828093.8678722903,0.0,0.0,0.0,0.0,0.0,1.0,0.0,0.0,1.0,-0.44659014237617334,-0.4596821756449647,-0.7425651602331571,-0.4929347094965107,-0.06283815326855456
MKT-00002,Campaign 0002,2024-12-10 00:00:00+00:00,2025-01-25 00:00:00+00:00,278977,4960,0.0482,2089934.29,2024,12,4,1,10,0,0,46,56.245362903225804,7.491421479190041,0.16791666666666666,0.3254166666666667,2855926.099785614,2755334.291556837,1.0,0.0,0.0,0.0,0.0,0.0,1.0,0.0,0.0,-0.7376348623167792,-0.36194990945527006,0.38375363729411777,-0.409409794022816,-0.9193331013665718
MKT-00003,Campaign 0003,2023-12-09 00:00:00+00:00,2023-12-23 00:00:00+00:00,915221,8948,0.0734,3673297.84,2023,12,4,5,9,0,0,14,102.28218596334376,4.013563762195142,0.16875,0.2520833333333333,2935005.225015562,2828093.8678722903,0.0,0.0,0.0,0.0,0.0,1.0,0.0,0.0,1.0,1.7376419294743026,0.5041751517991794,1.934750014216923,0.49063072422971965,0.8568349735503306
MKT-00004,Campaign 0004,2025-06-27 00:00:00+00:00,2025-07-26 00:00:00+00:00,303133,4962,0.0454,2289439.68,2025,6,2,4,27,0,0,29,61.090890769850866,7.552591370784442,0.15833333333333333,0.4225,2745646.1699524573,2841772.1179897054,0.0,0.0,1.0,0.0,0.0,0.0,0.0,1.0,0.0,-0.6436571019253171,-0.3615155438277603,0.21142070652491743,-0.29600378905966374,-0.7323855378567976
MKT-00005,Campaign 0005,2026-01-21 00:00:00+00:00,2026-03-20 00:00:00+00:00,618517,6991,0.0474,3565506.41,2026,1,1,2,21,0,0,58,88.47332284365613,5.764605354420332,0.15958333333333333,0.2520833333333333,2694009.023235263,2828093.8678722903,0.0,0.0,0.0,0.0,1.0,0.0,0.0,0.0,1.0,0.5833292361811931,0.07914838528088511,0.33451565707434605,0.4293582170279582,0.3240688052146534
MKT-00006,Campaign 0006,2023-06-03 00:00:00+00:00,2023-06-29 00:00:00+00:00,830041,7378,0.072,2978024.23,2023,6,2,5,3,0,0,26,112.50216860937924,3.587803771139016,0.15958333333333333,0.4225,2694009.023235263,2841772.1179897054,0.0,0.0,0.0,0.0,1.0,0.0,0.0,1.0,0.0,1.406253221486857,0.1631981342040225,1.848583548832322,0.09541231701571545,1.2511368757121795
MKT-00007,Campaign 0007,2023-08-02 00:00:00+00:00,2023-10-21 00:00:00+00:00,130532,1387,0.0413,1104904.12,2023,8,3,2,2,0,0,80,94.11103100216295,8.464622621272946,0.1675,0.3254166666666667,2698290.221362763,2755334.291556837,0.0,1.0,0.0,0.0,0.0,0.0,1.0,0.0,0.0,-1.3151530210065698,-1.1379441030014457,-0.04092394210141188,-0.9693362017648557,0.5415798448830953
MKT-00008,Campaign 0008,2025-10-11 00:00:00+00:00,2025-12-17 00:00:00+00:00,891912,12767,0.0266,3782242.03,2025,10,4,5,11,0,0,67,69.86073470666562,4.240600003139323,0.16791666666666666,0.4225,2855926.099785614,2841772.1179897054,1.0,0.0,0.0,0.0,0.0,0.0,0.0,1.0,0.0,1.6469593819927417,1.3335963175290546,-0.9456718286397149,0.5525585014784776,-0.3940321114652149
MKT-00009,Campaign 0009,2023-06-14 00:00:00+00:00,2023-07-31 00:00:00+00:00,548424,6615,0.0476,1884044.39,2023,6,2,2,14,0,0,47,82.90612244897959,3.435379177424766,0.1675,0.2520833333333333,2698290.221362763,2828093.8678722903,0.0,1.0,0.0,0.0,0.0,0.0,0.0,0.0,1.0,0.31063577869159437,-0.002512352690948646,0.3468251521292893,-0.5264449830032386,0.10927805836453999
MKT-00010,Campaign 0010,2024-08-24 00:00:00+00:00,2024-11-03 00:00:00+00:00,66999,583,0.0681,413313.64,2024,8,3,5,24,0,0,71,114.92109777015438,6.168952372423469,0.15833333333333333,0.3254166666666667,2745646.1699524573,2755334.291556837,0.0,0.0,1.0,0.0,0.0,0.0,1.0,0.0,0.0,-1.5623251128657667,-1.3125590852603666,1.6085483952609354,-1.3624609860493744,1.344462706324856
MKT-00011,Campaign 0011,2025-03-17 00:00:00+00:00,2025-04-17 00:00:00+00:00,29268,317,0.056,118087.3,2025,3,1,0,17,0,0,31,92.32807570977918,4.034689763564303,0.1675,0.2520833333333333,2698290.221362763,2828093.8678722903,0.0,1.0,0.0,0.0,0.0,0.0,0.0,0.0,1.0,-1.709115760213434,-1.370329713719164,0.8638239444368907,-1.530278205319958,0.47279081777753873
MKT-00012,Campaign 0012,2025-01-18 00:00:00+00:00,2025-03-10 00:00:00+00:00,822106,9738,0.0451,2855275.03,2025,1,1,5,18,0,0,51,84.42246867940028,3.473122723833666,0.16791666666666666,0.4225,2855926.099785614,2841772.1179897054,1.0,0.0,0.0,0.0,0.0,0.0,0.0,1.0,0.0,1.3753824842494728,0.6757495746655322,0.192956463942503,0.025637277933197526,0.16778091729285383
MKT-00013,Campaign 0013,2023-11-17 00:00:00+00:00,2024-01-28 00:00:00+00:00,434824,6053,0.0111,3029139.92,2023,11,4,4,17,0,0,72,71.83611432347597,6.966358618659504,0.16875,0.2520833333333333,2935005.225015562,2828093.8678722903,0.0,0.0,0.0,0.0,0.0,1.0,0.0,0.0,1.0,-0.13131957734707458,-0.12456909402118951,-1.8996576953977893,0.12446830489571681,-0.3178190720328817
MKT-00014,Campaign 0014,2026-01-30 00:00:00+00:00,2026-03-20 00:00:00+00:00,763983,7420,0.0172,2906653.61,2026,1,1,4,30,0,0,49,102.96266846361186,3.804605089380261,0.1675,0.2520833333333333,2698290.221362763,2828093.8678722903,0.0,1.0,0.0,0.0,0.0,0.0,0.0,0.0,1.0,1.1492577381312021,0.17231981238172733,-1.5242180962220309,0.054842701899335586,0.8830889852778012
MKT-00015,Campaign 0015,2023-04-19 00:00:00+00:00,2023-06-15 00:00:00+00:00,227478,4505,0.0473,1958042.34,2023,4,2,2,19,0,0,57,50.494561598224195,8.60761190093108,0.1675,0.3254166666666667,2698290.221362763,2755334.291556837,0.0,1.0,0.0,0.0,0.0,0.0,1.0,0.0,0.0,-0.9379892538716684,-0.4607680897137391,0.32836090954687486,-0.48438189946969046,-1.1412074403016388
MKT-00016,Campaign 0016,2024-08-20 00:00:00+00:00,2024-10-01 00:00:00+00:00,188616,1897,0.0364,1461140.78,2024,8,3,1,20,0,0,42,99.42857142857143,7.746642808669466,0.15833333333333333,0.4225,2745646.1699524573,2841772.1179897054,0.0,0.0,1.0,0.0,0.0,0.0,0.0,1.0,0.0,-1.0891800025193334,-1.0271808679864582,-0.3425065709475129,-0.7668385327444008,0.7467383444201517
MKT-00017,Campaign 0017,2025-05-05 00:00:00+00:00,2025-07-31 00:00:00+00:00,788089,9231,0.0405,6368149.67,2025,5,2,0,5,0,0,87,85.37417397898386,8.08049556585614,0.15833333333333333,0.4225,2745646.1699524573,2841772.1179897054,0.0,0.0,1.0,0.0,0.0,0.0,0.0,1.0,0.0,1.243040975918774,0.5656378880918096,-0.09016192232118359,2.0224809665110923,0.20449910194347923
MKT-00018,Campaign 0018,2025-10-08 00:00:00+00:00,2026-01-03 00:00:00+00:00,445372,10331,0.0576,3093664.87,2025,10,4,2,8,0,0,87,43.11025070177137,6.9462491355540985,0.16791666666666666,0.2520833333333333,2855926.099785614,2828093.8678722903,1.0,0.0,0.0,0.0,0.0,0.0,0.0,0.0,1.0,-0.0902830888303855,0.8045389832221742,0.9622999048764337,0.16114659614362328,-1.4261049722710593
MKT-00019,Campaign 0019,2023-01-23 00:00:00+00:00,2023-03-07 00:00:00+00:00,101383,919,0.0219,633986.92,2023,1,1,0,23,0,0,43,110.31882480957563,6.253384887012616,0.15958333333333333,0.3254166666666667,2694009.023235263,2755334.291556837,0.0,0.0,0.0,0.0,1.0,0.0,1.0,0.0,0.0,-1.4285558086225132,-1.239585659838728,-1.2349449624308728,-1.2370223947064787,1.1669002734445817
MKT-00020,Campaign 0020,2024-01-09 00:00:00+00:00,2024-02-13 00:00:00+00:00,455235,5240,0.032,3201816.52,2024,1,1,1,9,0,0,35,86.87690839694656,7.033326787263721,0.15958333333333333,0.2520833333333333,2694009.023235263,2828093.8678722903,0.0,0.0,0.0,0.0,1.0,0.0,0.0,0.0,1.0,-0.051911559986992956,-0.30113872160390454,-0.6133154621562567,0.22262386528744485,0.26247679720665323
MKT-00021,Campaign 0021,2025-12-17 00:00:00+00:00,2026-01-23 00:00:00+00:00,276654,3070,0.0612,1793583.43,2025,12,4,2,17,0,0,37,90.11530944625407,6.483128492629783,0.1675,0.3254166666666667,2698290.221362763,2755334.291556837,0.0,1.0,0.0,0.0,0.0,0.0,1.0,0.0,0.0,-0.7466723824935206,-0.7724254274519876,1.1838708158654057,-0.5778662307135461,0.38741905375737407
MKT-00022,Campaign 0022,2025-08-12 00:00:00+00:00,2025-09-11 00:00:00+00:00,204109,2345,0.0219,1576663.88,2025,8,3,1,12,0,0,30,87.04008528784648,7.724617140841413,0.1675,0.4225,2698290.221362763,2841772.1179897054,0.0,1.0,0.0,0.0,0.0,0.0,0.0,1.0,0.0,-1.0289052284778977,-0.9298829674242733,-1.2349449624308728,-0.7011710675598326,0.26877240070218883
MKT-00023,Campaign 0023,2023-03-26 00:00:00+00:00,2023-05-19 00:00:00+00:00,623504,5316,0.0606,2642468.6,2023,3,1,6,26,0,0,54,117.28818660647103,4.238094061946676,0.15833333333333333,0.4225,2745646.1699524573,2841772.1179897054,0.0,0.0,1.0,0.0,0.0,0.0,0.0,1.0,0.0,0.6027309206932077,-0.2846328277585339,1.1469423307005773,-0.09532951427612908,1.435788461276876
MKT-00024,Campaign 0024,2025-12-11 00:00:00+00:00,2026-03-08 00:00:00+00:00,362597,4306,0.0476,1429421.78,2025,12,4,3,11,0,0,87,84.20738504412448,3.9421776241943536,0.16791666666666666,0.4225,2855926.099785614,2841772.1179897054,1.0,0.0,0.0,0.0,0.0,0.0,0.0,1.0,0.0,-0.41231525957070964,-0.5039874696509596,0.3468251521292893,-0.784868747724689,0.15948267555894705
MKT-00025,Campaign 0025,2025-03-27 00:00:00+00:00,2025-06-25 00:00:00+00:00,276757,2664,0.04,1936245.26,2025,3,1,3,27,0,0,90,103.88776276276276,6.996192544362022,0.16791666666666666,0.3254166666666667,2855926.099785614,2755334.291556837,1.0,0.0,0.0,0.0,0.0,0.0,1.0,0.0,0.0,-0.7462716659295067,-0.8606016498364676,-0.12093565995854084,-0.49677213996726416,0.918780478548172
MKT-00026,Campaign 0026,2023-08-04 00:00:00+00:00,2023-09-30 00:00:00+00:00,163397,1960,0.0443,705608.66,2023,8,3,4,4,0,0,57,83.3658163265306,4.318369737510481,0.1675,0.4225,2698290.221362763,2841772.1179897054,0.0,1.0,0.0,0.0,0.0,0.0,0.0,1.0,0.0,-1.1872933134695025,-1.0134983507199011,0.14371848372273127,-1.1963100339932689,0.12701372158514596
MKT-00027,Campaign 0027,2023-09-15 00:00:00+00:00,2023-11-14 00:00:00+00:00,769598,7192,0.0479,6685553.77,2023,9,3,4,15,0,0,60,107.00750834260289,8.687072692496601,0.15833333333333333,0.3254166666666667,2745646.1699524573,2755334.291556837,0.0,0.0,1.0,0.0,0.0,0.0,1.0,0.0,0.0,1.1711026265480784,0.12280213084561538,0.3652893947117033,2.2029048184176743,1.0391448332635072
MKT-00028,Campaign 0028,2024-07-27 00:00:00+00:00,2024-08-20 00:00:00+00:00,523321,4949,0.0525,2113949.58,2024,7,3,5,27,0,0,24,105.74277631844816,4.0394893000663075,0.15833333333333333,0.4225,2745646.1699524573,2841772.1179897054,0.0,0.0,1.0,0.0,0.0,0.0,0.0,1.0,0.0,0.21297376018245084,-0.36433892040657373,0.6484077809753899,-0.3957586435605075,0.9903496190130541
MKT-00029,Campaign 0029,2025-03-30 00:00:00+00:00,2025-05-13 00:00:00+00:00,844133,6793,0.0094,5828648.15,2025,3,1,6,30,0,0,44,124.26512586486089,6.90489312703093,0.15833333333333333,0.4225,2745646.1699524573,2841772.1179897054,0.0,0.0,1.0,0.0,0.0,0.0,0.0,1.0,0.0,1.4610774721672877,0.036146188157419455,-2.0042884033648036,1.7158089911085828,1.7049689986741656
MKT-00030,Campaign 0030,2025-10-26 00:00:00+00:00,2026-01-10 00:00:00+00:00,324165,3657,0.0623,2485486.43,2025,10,4,6,26,0,0,76,88.64232977850698,7.6673497447287655,0.15833333333333333,0.2520833333333333,2745646.1699524573,2828093.8678722903,0.0,0.0,1.0,0.0,0.0,0.0,0.0,0.0,1.0,-0.5618331138249185,-0.6449391157778748,1.2515730386675918,-0.18456379887438676,0.3305893403464896
MKT-00031,Campaign 0031,2024-05-23 00:00:00+00:00,2024-07-15 00:00:00+00:00,23230,344,0.0459,111298.02,2024,5,2,3,23,0,0,53,67.52906976744185,4.791133017649591,0.16791666666666666,0.3254166666666667,2855926.099785614,2755334.291556837,1.0,0.0,0.0,0.0,0.0,0.0,1.0,0.0,0.0,-1.7326063098592217,-1.3644657777477822,0.2421944441622747,-1.5341374750939536,-0.4839911605734508
MKT-00032,Campaign 0032,2024-02-14 00:00:00+00:00,2024-04-16 00:00:00+00:00,434672,3731,0.0604,3023825.44,2024,2,1,2,14,0,0,62,116.50281425891183,6.9565682629660985,0.1675,0.4225,2698290.221362763,2841772.1179897054,0.0,1.0,0.0,0.0,0.0,0.0,0.0,1.0,0.0,-0.13191092606290097,-0.6288675875600139,1.1346328356456346,0.12144736423212586,1.405487645583413
MKT-00033,Campaign 0033,2025-04-02 00:00:00+00:00,2025-06-04 00:00:00+00:00,323258,3450,0.0492,2766670.28,2025,4,2,2,2,0,0,63,93.69797101449275,8.55870629651857,0.15833333333333333,0.2520833333333333,2745646.1699524573,2828093.8678722903,0.0,0.0,1.0,0.0,0.0,0.0,0.0,0.0,1.0,-0.5653617538594878,-0.6898959582251343,0.4453011125688323,-0.024728833570150124,0.5256433854500171
MKT-00034,Campaign 0034,2025-03-11 00:00:00+00:00,2025-05-26 00:00:00+00:00,464854,5152,0.0769,3969952.65,2025,3,1,1,11,0,0,76,90.22787267080746,8.54021402418824,0.1675,0.4225,2698290.221362763,2841772.1179897054,0.0,1.0,0.0,0.0,0.0,0.0,0.0,1.0,0.0,-0.014489301450584887,-0.3202508092143337,2.150166177678423,0.6592599369803275,0.3917619078591947
MKT-00035,Campaign 0035,2025-04-27 00:00:00+00:00,2025-06-19 00:00:00+00:00,455425,4470,0.0306,1834919.82,2025,4,2,6,27,0,0,53,101.8847874720358,4.0290274359115115,0.1675,0.3254166666666667,2698290.221362763,2755334.291556837,0.0,1.0,0.0,0.0,0.0,0.0,1.0,0.0,0.0,-0.05117237409220997,-0.4683694881951598,-0.699481927540857,-0.5543691470031822,0.8415027575900847
MKT-00036,Campaign 0036,2023-04-27 00:00:00+00:00,2023-06-26 00:00:00+00:00,491825,6114,0.0679,1888120.98,2023,4,2,3,27,0,0,60,80.44242721622506,3.83900976973517,0.16791666666666666,0.2520833333333333,2855926.099785614,2828093.8678722903,1.0,0.0,0.0,0.0,0.0,0.0,0.0,0.0,1.0,0.09044008153989874,-0.11132094238214202,1.596238900205993,-0.5241277033258688,0.014225087115216922
MKT-00037,Campaign 0037,2024-03-07 00:00:00+00:00,2024-03-27 00:00:00+00:00,734521,7412,0.0282,3603575.51,2024,3,1,3,7,0,0,20,99.09889368591473,4.906021080404781,0.15958333333333333,0.3254166666666667,2694009.023235263,2755334.291556837,0.0,0.0,0.0,0.0,1.0,0.0,1.0,0.0,0.0,1.034637239014906,0.17058234987168833,-0.8471958682001717,0.4509980561498119,0.7340188941498142
MKT-00038,Campaign 0038,2023-12-12 00:00:00+00:00,2024-03-02 00:00:00+00:00,183972,1489,0.0507,649643.19,2023,12,4,1,12,0,0,81,123.55406312961719,3.531206868436501,0.17791666666666667,0.4225,2915925.030689836,2841772.1179897054,0.0,0.0,0.0,1.0,0.0,0.0,0.0,1.0,0.0,-1.1072472619686609,-1.115791455998448,0.537622325480904,-1.228122810422944,1.6775351566830776
MKT-00039,Campaign 0039,2026-02-05 00:00:00+00:00,2026-03-31 00:00:00+00:00,899396,9040,0.059,3587191.61,2026,2,1,3,5,0,0,54,99.49070796460177,3.988445145408696,0.15958333333333333,0.4225,2694009.023235263,2841772.1179897054,0.0,0.0,0.0,0.0,1.0,0.0,0.0,1.0,0.0,1.6760755253430357,0.524155970664628,1.048466370261034,0.4416848609287917,0.7491356630065992
MKT-00040,Campaign 0040,2025-01-28 00:00:00+00:00,2025-04-09 00:00:00+00:00,29723,287,0.0423,159014.64,2025,1,1,1,28,0,0,71,103.56445993031359,5.349885274030213,0.16791666666666666,0.3254166666666667,2855926.099785614,2755334.291556837,1.0,0.0,0.0,0.0,0.0,0.0,1.0,0.0,0.0,-1.7073456045180326,-1.3768451981318102,0.020623533173302226,-1.5070136402715217,0.9063069816525121
MKT-00041,Campaign 0041,2025-02-13 00:00:00+00:00,2025-04-14 00:00:00+00:00,495467,5054,0.0108,1620255.26,2025,2,1,3,13,0,0,60,98.03462603878117,3.2701577703459566,0.15958333333333333,0.4225,2694009.023235263,2841772.1179897054,0.0,0.0,0.0,0.0,1.0,0.0,0.0,1.0,0.0,0.10460910800726524,-0.34153472496231163,-1.9181219379802035,-0.6763921668161952,0.6929578892334443
MKT-00042,Campaign 0042,2024-05-23 00:00:00+00:00,2024-07-29 00:00:00+00:00,534942,5786,0.0441,1921084.23,2024,5,2,3,23,0,0,67,92.45454545454545,3.591200971320255,0.16791666666666666,0.4225,2855926.099785614,2841772.1179897054,1.0,0.0,0.0,0.0,0.0,0.0,0.0,1.0,0.0,0.2581847037786249,-0.18255690529374166,0.13140898866778847,-0.5053902121077036,0.47767020580141245
MKT-00043,Campaign 0043,2025-12-03 00:00:00+00:00,2026-01-20 00:00:00+00:00,724446,7833,0.0345,6233012.42,2025,12,4,2,3,0,0,48,92.4864036767522,8.603833025511909,0.16791666666666666,0.4225,2855926.099785614,2841772.1179897054,1.0,0.0,0.0,0.0,0.0,0.0,0.0,1.0,0.0,0.9954409343310185,0.2620163144624915,-0.4594467739694703,1.9456641163788393,0.4788993426845841
MKT-00044,Campaign 0044,2025-01-27 00:00:00+00:00,2025-04-17 00:00:00+00:00,292010,2359,0.0564,2110661.17,2025,1,1,0,27,0,0,80,123.7855023314964,7.228044142323893,0.15958333333333333,0.4225,2694009.023235263,2841772.1179897054,0.0,0.0,0.0,0.0,1.0,0.0,0.0,1.0,0.0,-0.6869306003867443,-0.9268424080317051,0.8884429345467764,-0.397627893513007,1.686464420136494
MKT-00045,Campaign 0045,2024-12-16 00:00:00+00:00,2025-01-01 00:00:00+00:00,654318,6938,0.0278,3238266.99,2024,12,4,0,16,0,0,16,94.30931104064572,4.9490721484049045,0.16791666666666666,0.3254166666666667,2855926.099785614,2755334.291556837,1.0,0.0,0.0,0.0,0.0,0.0,1.0,0.0,0.0,0.7226113110186966,0.06763769615187662,-0.8718148583100576,0.2433436171785053,0.5492297792364391
MKT-00046,Campaign 0046,2024-09-27 00:00:00+00:00,2024-11-01 00:00:00+00:00,76252,1945,0.0333,295370.44,2024,9,3,4,27,0,0,35,39.20411311053984,3.8736090856633267,0.16791666666666666,0.3254166666666667,2855926.099785614,2755334.291556837,1.0,0.0,0.0,0.0,0.0,0.0,1.0,0.0,0.0,-1.5263267597898353,-1.0167560929262243,-0.5333037442991276,-1.4295041227013219,-1.5768094828042514
MKT-00047,Campaign 0047,2023-11-16 00:00:00+00:00,2023-12-16 00:00:00+00:00,413493,7643,0.0312,2432791.27,2023,11,4,3,16,0,0,30,54.10087661912861,5.883512586670149,0.16875,0.3254166666666667,2935005.225015562,2755334.291556837,0.0,0.0,0.0,0.0,0.0,1.0,1.0,0.0,0.0,-0.21430681061873696,0.2207515798490649,-0.6625534423760283,-0.2145176140394513,-1.0020705237542245
MKT-00048,Campaign 0048,2025-12-04 00:00:00+00:00,2025-12-24 00:00:00+00:00,356797,5966,0.037,2335066.25,2025,12,4,3,4,0,0,20,59.80506201810258,6.5445232162826485,0.15958333333333333,0.3254166666666667,2694009.023235263,2755334.291556837,0.0,0.0,0.0,0.0,1.0,0.0,1.0,0.0,0.0,-0.4348798816219797,-0.1434639988178638,-0.3055780857826844,-0.270068013470485,-0.7819946947632842
MKT-00049,Campaign 0049,2024-05-31 00:00:00+00:00,2024-07-19 00:00:00+00:00,885431,9208,0.0434,4190512.16,2024,5,2,4,31,0,1,49,96.15888357949609,4.732737118984992,0.15958333333333333,0.4225,2694009.023235263,2841772.1179897054,0.0,0.0,0.0,0.0,1.0,0.0,0.0,1.0,0.0,1.6217453620764863,0.5606426833754474,0.08832575597548838,0.7846338573828311,0.6205889973010534
MKT-00050,Campaign 0050,2023-05-19 00:00:00+00:00,2023-06-05 00:00:00+00:00,909741,18321,0.0511,5799293.25,2023,5,2,4,19,0,0,17,49.655641067627315,6.374664052735889,0.16791666666666666,0.3254166666666667,2855926.099785614,2755334.291556837,1.0,0.0,0.0,0.0,0.0,0.0,1.0,0.0,0.0,1.7163222520879302,2.5398296651236416,0.5622413155907897,1.6991226151911558,-1.1735742233416566
MKT-00051,Campaign 0051,2023-07-25 00:00:00+00:00,2023-09-05 00:00:00+00:00,815456,7067,0.0499,4677178.84,2023,7,3,1,25,0,0,42,115.38927409084476,5.735660587450457,0.16791666666666666,0.2520833333333333,2855926.099785614,2828093.8678722903,1.0,0.0,0.0,0.0,0.0,0.0,0.0,0.0,1.0,1.3495109779320684,0.09565427912625575,0.4883843452611324,1.0612726185084365,1.3625256346280628
MKT-00052,Campaign 0052,2024-12-18 00:00:00+00:00,2025-01-15 00:00:00+00:00,575466,11465,0.0215,3893915.93,2024,12,4,2,18,0,0,28,50.1932839075447,6.7665438618441405,0.15833333333333333,0.3254166666666667,2745646.1699524573,2755334.291556837,0.0,0.0,1.0,0.0,0.0,0.0,1.0,0.0,0.0,0.41584138377960217,1.0508242940202048,-1.2595639525407587,0.616037943601092,-1.1528311749622777
MKT-00053,Campaign 0053,2025-06-20 00:00:00+00:00,2025-08-11 00:00:00+00:00,55982,507,0.0281,310605.92,2025,6,2,4,20,0,0,52,110.41814595660749,5.548317673537922,0.16791666666666666,0.2520833333333333,2855926.099785614,2828093.8678722903,1.0,0.0,0.0,0.0,0.0,0.0,0.0,0.0,1.0,-1.6051862234069463,-1.3290649791057374,-0.8533506157276431,-1.4208437305159478,1.1707322287967514
MKT-00054,Campaign 0054,2024-06-08 00:00:00+00:00,2024-07-28 00:00:00+00:00,670194,5704,0.0326,4030360.64,2024,6,2,5,8,0,0,50,117.49544179523141,6.013722355019592,0.16875,0.4225,2935005.225015562,2841772.1179897054,0.0,0.0,0.0,0.0,0.0,1.0,0.0,1.0,0.0,0.7843761282059317,-0.2003658960216416,-0.5763869769914282,0.6935980007978216,1.443784670076001
MKT-00055,Campaign 0055,2024-11-13 00:00:00+00:00,2025-01-18 00:00:00+00:00,198463,1596,0.0364,770907.48,2024,11,4,2,13,0,0,66,124.35025062656642,3.8843889289187405,0.15958333333333333,0.4225,2694009.023235263,2841772.1179897054,0.0,0.0,0.0,0.0,1.0,0.0,0.0,1.0,0.0,-1.0508707209091859,-1.0925528949266763,-0.3425065709475129,-1.159191847336718,1.70825323668357
MKT-00056,Campaign 0056,2025-12-01 00:00:00+00:00,2025-12-15 00:00:00+00:00,779039,21372,0.0281,3425197.65,2025,12,4,0,1,1,0,14,36.451384989706156,4.3966959933969925,0.15833333333333333,0.3254166666666667,2745646.1699524573,2755334.291556837,0.0,0.0,1.0,0.0,0.0,0.0,1.0,0.0,0.0,1.207832384614637,3.2024544298897712,-0.8533506157276431,0.349601695497719,-1.6830137662919717
MKT-00057,Campaign 0057,2023-06-23 00:00:00+00:00,2023-07-20 00:00:00+00:00,361192,4611,0.03,2101975.17,2023,6,2,4,23,0,0,27,78.33268271524615,5.819550737557864,0.16875,0.2520833333333333,2935005.225015562,2828093.8678722903,0.0,0.0,0.0,0.0,0.0,1.0,0.0,0.0,1.0,-0.41778134474002593,-0.43774671145572214,-0.7364104127056856,-0.4025653268280164,-0.06717194638504871
MKT-00058,Campaign 0058,2025-09-11 00:00:00+00:00,2025-11-16 00:00:00+00:00,628409,5919,0.0628,3876051.31,2025,9,3,3,11,0,0,66,106.16810272005407,6.168039143296802,0.16791666666666666,0.3254166666666667,2855926.099785614,2755334.291556837,1.0,0.0,0.0,0.0,0.0,0.0,1.0,0.0,0.0,0.6218135881348421,-0.15367159106434303,1.2823467763049488,0.6058830541297607,1.0067593346653518
MKT-00059,Campaign 0059,2024-08-21 00:00:00+00:00,2024-09-15 00:00:00+00:00,522708,4433,0.0469,3936598.34,2024,8,3,2,21,0,0,25,117.91292578389353,7.531161451517864,0.16791666666666666,0.3254166666666667,2855926.099785614,2755334.291556837,1.0,0.0,0.0,0.0,0.0,0.0,1.0,0.0,0.0,0.21058891305875627,-0.47640525230409025,0.3037419194369888,0.6403001532601857,1.4598918139482506
MKT-00060,Campaign 0060,2023-12-31 00:00:00+00:00,2024-03-28 00:00:00+00:00,415217,5102,0.0243,1752855.6,2023,12,4,6,31,0,1,88,81.38318306546452,4.2215410255360455,0.16791666666666666,0.2520833333333333,2855926.099785614,2828093.8678722903,1.0,0.0,0.0,0.0,0.0,0.0,0.0,0.0,1.0,-0.20759967123660084,-0.33110994990207754,-1.0872310217715582,-0.6010173871365301,0.05052082593126102
MKT-00061,Campaign 0061,2023-06-22 00:00:00+00:00,2023-09-15 00:00:00+00:00,595680,10507,0.0484,4231089.63,2023,6,2,3,22,0,0,85,56.69363281621776,7.102957342868654,0.15833333333333333,0.4225,2745646.1699524573,2841772.1179897054,0.0,0.0,1.0,0.0,0.0,0.0,0.0,1.0,0.0,0.4944829820803562,0.8427631584430326,0.3960631323490606,0.8076995437996849,-0.9020381914340956
MKT-00062,Campaign 0062,2025-08-17 00:00:00+00:00,2025-10-02 00:00:00+00:00,800915,12068,0.0354,4608448.55,2025,8,3,6,17,0,0,46,66.36683791846205,5.753979573362966,0.16875,0.3254166666666667,2935005.225015562,2755334.291556837,0.0,0.0,0.0,0.0,0.0,1.0,1.0,0.0,0.0,1.2929399142687032,1.1817855307143956,-0.4040540462222274,1.0222038614745594,-0.528831767908884
MKT-00063,Campaign 0063,2024-10-13 00:00:00+00:00,2024-12-23 00:00:00+00:00,679167,9513,0.0716,2285463.09,2024,10,4,6,13,0,0,71,71.39356669820246,3.365097376639324,0.1675,0.3254166666666667,2698290.221362763,2755334.291556837,0.0,1.0,0.0,0.0,0.0,0.0,1.0,0.0,0.0,0.8192851547000777,0.6268834415706849,1.8239645587224362,-0.29826422515753787,-0.3348932077223628
MKT-00064,Campaign 0064,2024-10-23 00:00:00+00:00,2024-12-18 00:00:00+00:00,293256,2757,0.0319,1023195.95,2024,10,4,2,23,0,0,56,106.36779107725789,3.489087861799929,0.17791666666666667,0.3254166666666667,2915925.030689836,2755334.291556837,0.0,0.0,0.0,1.0,0.0,0.0,1.0,0.0,0.0,-0.6820830970977989,-0.8404036481572641,-0.6194702096837282,-1.0157820503334085,1.0144636040180584
MKT-00065,Campaign 0065,2025-01-22 00:00:00+00:00,2025-03-19 00:00:00+00:00,182563,1533,0.0341,1116247.53,2025,1,1,2,22,0,0,56,119.08871493803001,6.114314127178015,0.17791666666666667,0.3254166666666667,2915925.030689836,2755334.291556837,0.0,0.0,0.0,1.0,0.0,0.0,1.0,0.0,0.0,-1.1127289089462882,-1.1062354121932334,-0.48406576407935636,-0.9628882014839657,1.5052554819772888
MKT-00066,Campaign 0066,2023-12-01 00:00:00+00:00,2024-02-27 00:00:00+00:00,247491,3242,0.0373,1727359.26,2023,12,4,4,1,1,0,88,76.33898827884022,6.979483132719977,0.16875,0.3254166666666667,2935005.225015562,2755334.291556837,0.0,0.0,0.0,0.0,0.0,1.0,1.0,0.0,0.0,-0.8601296364385532,-0.7350699834861487,-0.28711384320027,-0.6155104194329618,-0.14409159838752095
MKT-00067,Campaign 0067,2023-05-07 00:00:00+00:00,2023-07-31 00:00:00+00:00,491402,4052,0.0243,3944402.98,2023,5,2,6,7,0,0,85,121.27393879565646,8.026835421915255,0.15958333333333333,0.3254166666666667,2694009.023235263,2755334.291556837,0.0,0.0,0.0,0.0,1.0,0.0,1.0,0.0,0.0,0.08879442031098715,-0.5591519043446984,-1.0872310217715582,0.6447365900029506,1.589564619629867
MKT-00068,Campaign 0068,2023-04-16 00:00:00+00:00,2023-05-09 00:00:00+00:00,252360,2593,0.0494,1136284.88,2023,4,2,6,16,0,0,23,97.32356344003085,4.502634648914249,0.15958333333333333,0.3254166666666667,2694009.023235263,2755334.291556837,0.0,0.0,0.0,0.0,1.0,0.0,1.0,0.0,0.0,-0.8411870252717197,-0.876021629613064,0.4576106076237751,-0.9514982545078544,0.665524052508471
MKT-00069,Campaign 0069,2025-03-23 00:00:00+00:00,2025-04-30 00:00:00+00:00,736550,9614,0.0427,5727921.1,2025,3,1,6,23,0,0,38,76.61223216143125,7.776690109293327,0.1675,0.4225,2698290.221362763,2841772.1179897054,0.0,1.0,0.0,0.0,0.0,0.0,0.0,1.0,0.0,1.0425309662807725,0.6488189057599274,0.04524252328318829,1.6585521303680095,-0.13354944911082647
MKT-00070,Campaign 0070,2023-07-11 00:00:00+00:00,2023-08-24 00:00:00+00:00,332897,7455,0.0474,1393104.38,2023,7,3,1,11,0,0,44,44.6541918175721,4.184791031460181,0.15958333333333333,0.4225,2694009.023235263,2841772.1179897054,0.0,0.0,0.0,0.0,1.0,0.0,0.0,1.0,0.0,-0.5278616862815236,0.17992121086314802,0.33451565707434605,-0.8055128578645143,-1.366537462239888
MKT-00071,Campaign 0071,2023-05-05 00:00:00+00:00,2023-06-16 00:00:00+00:00,197856,2458,0.0425,1354335.55,2023,5,2,4,5,0,0,42,80.4947111472742,6.845056758450591,0.16791666666666666,0.4225,2855926.099785614,2841772.1179897054,1.0,0.0,0.0,0.0,0.0,0.0,0.0,1.0,0.0,-1.0532322253204136,-0.9053413094699723,0.032933028228245474,-0.8275504485651745,0.016242277767998956
MKT-00072,Campaign 0072,2024-12-24 00:00:00+00:00,2025-03-24 00:00:00+00:00,719161,10233,0.0449,2985564.96,2024,12,4,1,24,0,0,90,70.27860842372716,4.151455598954893,0.17791666666666667,0.3254166666666667,2915925.030689836,2755334.291556837,0.0,0.0,0.0,1.0,0.0,0.0,1.0,0.0,0.0,0.9748798950998182,0.7832550674741963,0.18064696888756016,0.09969873786783273,-0.37790993130038614
MKT-00073,Campaign 0073,2024-04-27 00:00:00+00:00,2024-07-11 00:00:00+00:00,691995,14853,0.068,4640831.64,2024,4,2,5,27,0,0,75,46.58957786305797,6.706452561073418,0.17791666666666667,0.4225,2915925.030689836,2841772.1179897054,0.0,0.0,0.0,1.0,0.0,0.0,0.0,1.0,0.0,0.8691918739541625,1.786639667021728,1.6023936477334646,1.0406115689819215,-1.2918674333774998
MKT-00074,Campaign 0074,2024-07-26 00:00:00+00:00,2024-08-19 00:00:00+00:00,115341,1007,0.0508,545217.52,2024,7,3,4,26,0,0,24,114.53922542204567,4.727005314675615,0.15958333333333333,0.2520833333333333,2694009.023235263,2828093.8678722903,0.0,0.0,0.0,0.0,1.0,0.0,0.0,0.0,1.0,-1.3742528785205084,-1.2204735722282989,0.5437770730083753,-1.2874820991634661,1.329729511714131
MKT-00075,Campaign 0075,2023-05-10 00:00:00+00:00,2023-07-10 00:00:00+00:00,488110,10660,0.0133,2595940.06,2023,5,2,2,10,0,0,61,45.788930581613506,5.318350494765524,0.16875,0.2520833333333333,2935005.225015562,2828093.8678722903,0.0,0.0,0.0,0.0,0.0,1.0,0.0,0.0,1.0,0.07598705207085249,0.8759921289475288,-1.7642532497934174,-0.12177800189928667,-1.3227575783971421
MKT-00076,Campaign 0076,2023-06-03 00:00:00+00:00,2023-08-24 00:00:00+00:00,490092,4109,0.047,3342786.05,2023,6,2,5,3,0,0,82,119.27281577026041,6.820731719758739,0.17791666666666667,0.2520833333333333,2915925.030689836,2828093.8678722903,0.0,0.0,0.0,1.0,0.0,0.0,0.0,0.0,1.0,0.08369792808906236,-0.5467724839606704,0.30989666696446044,0.30275599213791843,1.5123583617817067
MKT-00077,Campaign 0077,2025-01-15 00:00:00+00:00,2025-02-16 00:00:00+00:00,360360,9679,0.0607,2223610.92,2025,1,1,2,15,0,0,32,37.23111891724351,6.170526473526473,0.17791666666666667,0.3254166666666667,2915925.030689836,2755334.291556837,0.0,0.0,0.0,1.0,0.0,0.0,1.0,0.0,0.0,-0.42101820086875985,0.6629357886539945,1.1530970782280485,-0.33342321258139507,-1.6529304891029077
MKT-00078,Campaign 0078,2025-10-24 00:00:00+00:00,2025-12-08 00:00:00+00:00,559523,10750,0.0049,2068810.57,2025,10,4,4,24,0,0,45,52.0486511627907,3.6974540278058274,0.16791666666666666,0.2520833333333333,2855926.099785614,2828093.8678722903,1.0,0.0,0.0,0.0,0.0,0.0,0.0,0.0,1.0,0.3538159063031541,0.8955385821854677,-2.281252042101019,-0.4214172725934964,-1.081248388250199
MKT-00079,Campaign 0079,2023-10-07 00:00:00+00:00,2023-12-08 00:00:00+00:00,486520,4903,0.0234,3239724.51,2023,10,4,5,7,0,0,62,99.22904344279013,6.658974985612102,0.1675,0.3254166666666667,2698290.221362763,2755334.291556837,0.0,1.0,0.0,0.0,0.0,0.0,1.0,0.0,0.0,0.06980123326714224,-0.37432932983929806,-1.1426237495188012,0.24417212371837294,0.739040262431861
MKT-00080,Campaign 0080,2024-10-26 00:00:00+00:00,2024-12-19 00:00:00+00:00,857155,7091,0.0516,5443622.64,2024,10,4,5,26,0,0,54,120.87928359892823,6.35080311028927,0.17791666666666667,0.3254166666666667,2915925.030689836,2755334.291556837,0.0,0.0,0.0,1.0,0.0,0.0,1.0,0.0,0.0,1.5117389391244669,0.1008666666563728,0.593015053228147,1.4969467092524371,1.5743382439932734
MKT-00081,Campaign 0081,2023-08-12 00:00:00+00:00,2023-10-23 00:00:00+00:00,137062,3391,0.0575,1007333.11,2023,8,3,5,12,0,0,72,40.41934532586258,7.3494703856648815,0.16875,0.4225,2935005.225015562,2841772.1179897054,0.0,0.0,0.0,0.0,0.0,1.0,0.0,1.0,0.0,-1.2897483689385019,-0.7027097442366721,0.9561451573489625,-1.0247990563991078,-1.529924043692866
MKT-00082,Campaign 0082,2026-01-15 00:00:00+00:00,2026-04-03 00:00:00+00:00,364404,6320,0.0448,2905033.17,2026,1,1,3,15,0,0,78,57.65886075949367,7.97201229953568,0.16875,0.3254166666666667,2935005.225015562,2755334.291556837,0.0,0.0,0.0,0.0,0.0,1.0,1.0,0.0,0.0,-0.40528521266611567,-0.06658128274863735,0.17449222136008855,0.05392158579975309,-0.8647982833799366
MKT-00083,Campaign 0083,2024-09-04 00:00:00+00:00,2024-10-07 00:00:00+00:00,381703,4301,0.049,1642178.71,2024,9,3,2,4,0,0,33,88.74750058126017,4.302242083504714,0.17791666666666667,0.4225,2915925.030689836,2841772.1179897054,0.0,0.0,0.0,1.0,0.0,0.0,0.0,1.0,0.0,-0.3379842821721638,-0.505073383719734,0.4329916175138895,-0.6639300930872127,0.3346469839857926
MKT-00084,Campaign 0084,2023-11-13 00:00:00+00:00,2024-02-11 00:00:00+00:00,448691,3743,0.0639,3129035.22,2023,11,4,0,13,0,0,90,119.87469943895272,6.973697310621342,0.16791666666666666,0.2520833333333333,2855926.099785614,2828093.8678722903,1.0,0.0,0.0,0.0,0.0,0.0,0.0,0.0,1.0,-0.07737067838415009,-0.6262613937949554,1.350048999107135,0.1812523691638331,1.5355799154442848
MKT-00085,Campaign 0085,2023-05-17 00:00:00+00:00,2023-06-29 00:00:00+00:00,674433,9195,0.0338,3491558.72,2023,5,2,2,17,0,0,43,73.34779771615008,5.177028288947902,0.15958333333333333,0.4225,2694009.023235263,2841772.1179897054,0.0,0.0,0.0,0.0,1.0,0.0,0.0,1.0,0.0,0.8008677545637479,0.5578193067966339,-0.5025300066617708,0.3873237030774647,-0.2594961122156159
MKT-00086,Campaign 0086,2023-07-31 00:00:00+00:00,2023-08-16 00:00:00+00:00,638747,7320,0.0269,2888200.76,2023,7,3,0,31,0,1,16,87.26051912568306,4.52166626222902,0.17791666666666667,0.4225,2915925.030689836,2841772.1179897054,0.0,0.0,0.0,1.0,0.0,0.0,0.0,1.0,0.0,0.662033081715192,0.15060153100623963,-0.9272075860573005,0.044353441440335886,0.27727706108862477
MKT-00087,Campaign 0087,2025-07-26 00:00:00+00:00,2025-08-16 00:00:00+00:00,869409,12982,0.038,6253999.35,2025,7,3,5,26,0,0,21,66.97034355261131,7.193391545291111,0.17791666666666667,0.3254166666666667,2915925.030689836,2755334.291556837,0.0,0.0,0.0,1.0,0.0,0.0,1.0,0.0,0.0,1.5594125388858915,1.3802906224863531,-0.2440306105079699,1.957593838617127,-0.5055476364428921
MKT-00088,Campaign 0088,2025-09-29 00:00:00+00:00,2025-11-09 00:00:00+00:00,167300,3610,0.0448,1016856.71,2025,9,3,0,29,0,0,41,46.34349030470914,6.0780436939629405,0.15833333333333333,0.4225,2745646.1699524573,2841772.1179897054,0.0,0.0,1.0,0.0,0.0,0.0,0.0,1.0,0.0,-1.1721088790098289,-0.655146708024354,0.17449222136008855,-1.0193855012622413,-1.3013618518825005
MKT-00089,Campaign 0089,2024-12-19 00:00:00+00:00,2025-02-02 00:00:00+00:00,249975,6759,0.047,2051364.89,2024,12,4,3,19,0,0,45,36.98402130492676,8.206280188018802,0.17791666666666667,0.3254166666666667,2915925.030689836,2755334.291556837,0.0,0.0,0.0,1.0,0.0,0.0,1.0,0.0,0.0,-0.8504657534772851,0.02876197248975364,0.30989666696446044,-0.4313340215728878,-1.6624638769696614
MKT-00090,Campaign 0090,2025-05-13 00:00:00+00:00,2025-06-18 00:00:00+00:00,385572,4036,0.0544,1753325.3,2025,5,2,1,13,0,0,36,95.53320118929634,4.547335646779331,0.16791666666666666,0.3254166666666667,2855926.099785614,2755334.291556837,1.0,0.0,0.0,0.0,0.0,0.0,1.0,0.0,0.0,-0.3229321230831355,-0.5626268293647764,0.7653479839973473,-0.6007503928436381,0.5964492540989808
MKT-00091,Campaign 0091,2023-08-23 00:00:00+00:00,2023-10-08 00:00:00+00:00,677450,5943,0.0686,2826380.03,2023,8,3,2,23,0,0,46,113.99125021033149,4.172086545132482,0.16875,0.4225,2935005.225015562,2841772.1179897054,0.0,0.0,0.0,0.0,0.0,1.0,0.0,1.0,0.0,0.8126052484824862,-0.14845920353422598,1.6393221328982928,0.009212325637872158,1.3085878252945105
MKT-00092,Campaign 0092,2023-09-01 00:00:00+00:00,2023-10-20 00:00:00+00:00,46625,936,0.045,280689.72,2023,9,3,4,1,1,0,49,49.81303418803419,6.020154852546916,0.16875,0.2520833333333333,2935005.225015562,2828093.8678722903,0.0,0.0,0.0,0.0,0.0,1.0,0.0,0.0,1.0,-1.6415891834989695,-1.235893552004895,0.18680171641503135,-1.437849169445085,-1.1675017661846285
MKT-00093,Campaign 0093,2023-05-27 00:00:00+00:00,2023-06-27 00:00:00+00:00,222178,2542,0.022,1691064.6,2023,5,2,5,27,0,0,31,87.40283241542093,7.611305349764604,0.16791666666666666,0.3254166666666667,2855926.099785614,2755334.291556837,1.0,0.0,0.0,0.0,0.0,0.0,1.0,0.0,0.0,-0.9586086498840358,-0.8870979531145626,-1.2287902149034016,-0.6361416033428097,0.2827677162873712
MKT-00094,Campaign 0094,2024-02-09 00:00:00+00:00,2024-03-06 00:00:00+00:00,19637,193,0.0297,119723.6,2024,2,1,4,9,0,0,26,101.74611398963731,6.096837602485105,0.15958333333333333,0.2520833333333333,2694009.023235263,2828093.8678722903,0.0,0.0,0.0,0.0,1.0,0.0,0.0,0.0,1.0,-1.7465847041747757,-1.3972603826247687,-0.7548746552880999,-1.5293480738286673,0.8361525314905969
MKT-00095,Campaign 0095,2024-11-17 00:00:00+00:00,2024-12-04 00:00:00+00:00,73747,1191,0.0442,412325.91,2024,11,4,6,17,0,0,17,61.92023509655751,5.59108723066701,0.17791666666666667,0.4225,2915925.030689836,2841772.1179897054,0.0,0.0,0.0,1.0,0.0,0.0,0.0,1.0,0.0,-1.5360723422447373,-1.1805119344974015,0.13756373619526008,-1.3630224471371288,-0.7003882187914445
MKT-00096,Campaign 0096,2024-01-01 00:00:00+00:00,2024-02-08 00:00:00+00:00,400896,5766,0.0653,2730283.12,2024,1,1,0,1,1,0,38,69.52757544224765,6.810452386653895,0.16875,0.3254166666666667,2935005.225015562,2755334.291556837,0.0,0.0,0.0,0.0,0.0,1.0,1.0,0.0,0.0,-0.2633148354428489,-0.18690056156883922,1.436215464491735,-0.04541259779103146,-0.40688588394532843
MKT-00097,Campaign 0097,2023-05-05 00:00:00+00:00,2023-07-06 00:00:00+00:00,253423,2144,0.0525,1565815.27,2023,5,2,4,5,0,0,62,118.20102611940298,6.178662828551473,0.1675,0.4225,2698290.221362763,2841772.1179897054,0.0,1.0,0.0,0.0,0.0,0.0,0.0,1.0,0.0,-0.8370514747130129,-0.9735367129890037,0.6484077809753899,-0.7073378058093771,1.4710071469423738
MKT-00098,Campaign 0098,2025-03-21 00:00:00+00:00,2025-05-22 00:00:00+00:00,754166,11560,0.0278,5106221.66,2025,3,1,4,21,0,0,62,65.23927335640138,6.770686639281007,0.16875,0.4225,2935005.225015562,2841772.1179897054,0.0,0.0,0.0,0.0,0.0,1.0,0.0,1.0,0.0,1.1110651700833887,1.071456661326918,-0.8718148583100576,1.305155914966366,-0.5723348605294261
MKT-00099,Campaign 0099,2023-03-28 00:00:00+00:00,2023-04-12 00:00:00+00:00,117740,1989,0.0316,876398.78,2023,3,1,1,28,0,0,15,59.195575666163904,7.443509257686428,0.1675,0.2520833333333333,2698290.221362763,2828093.8678722903,0.0,1.0,0.0,0.0,0.0,0.0,0.0,0.0,1.0,-1.3649196839858537,-1.0072000491210096,-0.6379344522661423,-1.099226816360014,-0.8055095710829941
MKT-00100,Campaign 0100,2023-09-05 00:00:00+00:00,2023-11-20 00:00:00+00:00,364325,8483,0.0373,3169313.93,2023,9,3,1,5,0,0,76,42.94766002593422,8.699139312427091,0.16875,0.3254166666666667,2935005.225015562,2755334.291556837,0.0,0.0,0.0,0.0,0.0,1.0,1.0,0.0,0.0,-0.4055925583802623,0.4031851434031616,-0.28711384320027,0.20414822970258528,-1.4323779587307026
MKT-00101,Campaign 0101,2023-03-12 00:00:00+00:00,2023-05-27 00:00:00+00:00,83320,931,0.0432,380699.43,2023,3,1,6,12,0,0,76,89.4951664876477,4.56912421987518,0.15833333333333333,0.3254166666666667,2745646.1699524573,2755334.291556837,0.0,0.0,1.0,0.0,0.0,0.0,1.0,0.0,0.0,-1.498829044503908,-1.2369794660736695,0.07601626092054556,-1.3810000704376673,0.36349302994111765
MKT-00102,Campaign 0102,2023-03-30 00:00:00+00:00,2023-06-26 00:00:00+00:00,516911,6702,0.0376,3396697.51,2023,3,1,3,30,0,0,88,77.12787227693227,6.571145729148731,0.15833333333333333,0.4225,2745646.1699524573,2841772.1179897054,0.0,0.0,1.0,0.0,0.0,0.0,0.0,1.0,0.0,0.1880359623637196,0.016382552105725652,-0.26864960061785553,0.3334011957603909,-0.11365529807213794
MKT-00103,Campaign 0103,2023-03-03 00:00:00+00:00,2023-04-16 00:00:00+00:00,599621,4941,0.028,3938950.14,2023,3,1,4,3,0,0,44,121.35620319773325,6.569066360250892,0.16875,0.3254166666666667,2935005.225015562,2755334.291556837,0.0,0.0,0.0,0.0,0.0,1.0,1.0,0.0,0.0,0.5098152537189864,-0.3660763829166127,-0.8595053632551145,0.6416370005627693,1.5927385007745347
MKT-00104,Campaign 0104,2025-07-29 00:00:00+00:00,2025-09-01 00:00:00+00:00,443065,5015,0.03,1987239.48,2025,7,3,1,29,0,0,34,88.34795613160519,4.485209799916491,0.15958333333333333,0.4225,2694009.023235263,2841772.1179897054,0.0,0.0,0.0,0.0,1.0,0.0,0.0,1.0,0.0,-0.09925836177388206,-0.3500048546987518,-0.7364104127056856,-0.4677851999832764,0.3192319738088153
MKT-00105,Campaign 0105,2023-08-05 00:00:00+00:00,2023-09-23 00:00:00+00:00,121692,2161,0.0408,1045058.38,2023,8,3,5,5,0,0,49,56.312818139750114,8.587732800841469,0.16875,0.4225,2935005.225015562,2841772.1179897054,0.0,0.0,0.0,0.0,0.0,1.0,0.0,1.0,0.0,-1.3495446173743677,-0.9698446051551708,-0.07169767973876914,-1.0033546625566345,-0.9167305795234814
MKT-00106,Campaign 0106,2023-01-14 00:00:00+00:00,2023-04-14 00:00:00+00:00,405731,10085,0.0454,3088163.08,2023,1,1,5,14,0,0,90,40.231135349529005,7.611355996953646,0.15833333333333333,0.4225,2745646.1699524573,2841772.1179897054,0.0,0.0,1.0,0.0,0.0,0.0,0.0,1.0,0.0,-0.24450449964666082,0.7511120110384745,0.21142070652491743,0.15801918177127863,-1.5371854602964405
MKT-00107,Campaign 0107,2025-07-10 00:00:00+00:00,2025-09-01 00:00:00+00:00,785913,6777,0.0264,3498420.95,2025,7,3,3,10,0,0,53,115.9676848162904,4.451409952501104,0.15958333333333333,0.2520833333333333,2694009.023235263,2828093.8678722903,0.0,0.0,0.0,0.0,1.0,0.0,0.0,0.0,1.0,1.2345753521974698,0.03267126313734143,-0.9579813236946577,0.3912244402427027,1.384841567753693
MKT-00108,Campaign 0108,2024-11-30 00:00:00+00:00,2025-01-06 00:00:00+00:00,570200,5580,0.0471,4956829.9,2024,11,4,5,30,0,1,37,102.18637992831542,8.693142581550333,0.15958333333333333,0.3254166666666667,2694009.023235263,2755334.291556837,0.0,0.0,0.0,0.0,1.0,0.0,1.0,0.0,0.0,0.3953542631378801,-0.22729656492724634,0.316051414491932,1.2202362911105193,0.85313863636869
MKT-00109,Campaign 0109,2026-01-03 00:00:00+00:00,2026-02-05 00:00:00+00:00,543652,6121,0.071,2425537.45,2026,1,1,5,3,0,0,33,88.81751347818984,4.461562635656634,0.15833333333333333,0.3254166666666667,2745646.1699524573,2755334.291556837,0.0,0.0,1.0,0.0,0.0,0.0,1.0,0.0,0.0,0.29207054137630806,-0.10980066268585788,1.7870360735576074,-0.21864094497763695,0.33734818411414497
MKT-00110,Campaign 0110,2023-12-21 00:00:00+00:00,2024-03-16 00:00:00+00:00,874545,11561,0.0453,4036308.16,2023,12,4,3,21,0,0,86,75.64613787734625,4.615323579690011,0.1675,0.4225,2698290.221362763,2841772.1179897054,0.0,1.0,0.0,0.0,0.0,0.0,0.0,1.0,0.0,1.579393900757499,1.071673844140673,0.20526595899744582,0.6969787840570532,-0.17082278186253885
MKT-00111,Campaign 0111,2026-01-05 00:00:00+00:00,2026-02-13 00:00:00+00:00,204522,5282,0.0464,669584.8,2026,1,1,0,5,0,0,39,38.72056039379023,3.2739010962145882,0.15958333333333333,0.4225,2694009.023235263,2841772.1179897054,0.0,0.0,0.0,0.0,1.0,0.0,0.0,1.0,0.0,-1.0272984717697642,-0.29201704342619966,0.2729681817996315,-1.216787285489842,-1.5954656549929453
MKT-00112,Campaign 0112,2024-05-01 00:00:00+00:00,2024-07-12 00:00:00+00:00,514889,5920,0.0201,1972137.9,2024,5,2,2,1,1,0,72,86.97449324324324,3.8302195230428304,0.1675,0.4225,2698290.221362763,2841772.1179897054,0.0,1.0,0.0,0.0,0.0,0.0,0.0,1.0,0.0,0.18016946826239752,-0.15345440825058815,-1.3457304179253589,-0.47636947861570555,0.2662417635328808
MKT-00113,Campaign 0113,2024-11-18 00:00:00+00:00,2025-01-08 00:00:00+00:00,297758,6434,0.0538,1084896.04,2024,11,4,0,18,0,0,51,46.27883120920112,3.6435495939655693,0.16791666666666666,0.4225,2855926.099785614,2841772.1179897054,1.0,0.0,0.0,0.0,0.0,0.0,0.0,1.0,0.0,-0.66456828184352,-0.04182244198058138,0.7284194988325189,-0.9807095106252486,-1.3038564945089992
MKT-00114,Campaign 0114,2023-03-19 00:00:00+00:00,2023-05-04 00:00:00+00:00,783528,7591,0.0327,6603853.84,2023,3,1,6,19,0,0,46,103.21802134106179,8.42835717421713,0.15958333333333333,0.3254166666666667,2694009.023235263,2755334.291556837,0.0,0.0,0.0,0.0,1.0,0.0,1.0,0.0,0.0,1.2252966239919045,0.2094580735338113,-0.5702322294639566,2.156463653760072,0.8929408733668739
MKT-00115,Campaign 0115,2023-05-22 00:00:00+00:00,2023-06-17 00:00:00+00:00,715268,6203,0.0591,5720550.24,2023,5,2,0,22,0,0,26,115.31001128486217,7.997771800220337,0.17791666666666667,0.2520833333333333,2915925.030689836,2828093.8678722903,0.0,0.0,0.0,1.0,0.0,0.0,0.0,0.0,1.0,0.9597343651609226,-0.09199167195795796,1.0546211177885054,1.654362269704382,1.3594675594578718
MKT-00116,Campaign 0116,2023-07-10 00:00:00+00:00,2023-10-07 00:00:00+00:00,320195,2708,0.0708,2245371.98,2023,7,3,0,10,0,0,89,118.2403988183161,7.0125141866675,0.16791666666666666,0.3254166666666667,2855926.099785614,2755334.291556837,1.0,0.0,0.0,0.0,0.0,0.0,1.0,0.0,0.0,-0.5772782085738051,-0.851045606031253,1.774726578502665,-0.3210534471411558,1.4725262033451465
MKT-00117,Campaign 0117,2025-04-21 00:00:00+00:00,2025-05-28 00:00:00+00:00,780234,19440,0.0312,4188383.2,2025,4,2,0,21,0,0,37,40.135493827160495,5.368111617796712,0.15833333333333333,0.4225,2745646.1699524573,2841772.1179897054,0.0,0.0,1.0,0.0,0.0,0.0,0.0,1.0,0.0,1.2124814748476143,2.7828572337153488,-0.6625534423760283,0.7834236803127963,-1.540875450338663
MKT-00118,Campaign 0118,2024-07-30 00:00:00+00:00,2024-08-15 00:00:00+00:00,269417,3648,0.0317,1996498.93,2024,7,3,1,30,0,0,16,73.85334429824562,7.410441546004892,0.15958333333333333,0.4225,2694009.023235263,2841772.1179897054,0.0,0.0,0.0,0.0,1.0,0.0,0.0,1.0,0.0,-0.7748275841805967,-0.6468937611016686,-0.6317797047386711,-0.4625217971616481,-0.23999138448214788
MKT-00119,Campaign 0119,2025-04-13 00:00:00+00:00,2025-06-19 00:00:00+00:00,413348,4628,0.0505,2441110.65,2025,4,2,6,13,0,0,67,89.31460674157303,5.905703305689153,0.16791666666666666,0.3254166666666667,2855926.099785614,2755334.291556837,1.0,0.0,0.0,0.0,0.0,0.0,1.0,0.0,0.0,-0.2148709261700187,-0.43405460362188925,0.5253128304259612,-0.20978858065558967,0.35652677042807257
MKT-00120,Campaign 0120,2024-03-16 00:00:00+00:00,2024-05-30 00:00:00+00:00,89522,1183,0.0217,768313.02,2024,3,1,5,16,0,0,75,75.67371090448013,8.582393378164028,0.16875,0.4225,2935005.225015562,2841772.1179897054,0.0,0.0,0.0,0.0,0.0,1.0,0.0,1.0,0.0,-1.4747004607173604,-1.1822493970074404,-1.2472544574858158,-1.160666631269306,-0.16975897408283896
MKT-00121,Campaign 0121,2024-02-13 00:00:00+00:00,2024-05-09 00:00:00+00:00,417010,4415,0.0436,1411208.82,2024,2,1,1,13,0,0,86,94.45300113250283,3.384112659168845,0.17791666666666667,0.4225,2915925.030689836,2841772.1179897054,0.0,0.0,0.0,1.0,0.0,0.0,0.0,1.0,0.0,-0.20062409066109613,-0.480314542951678,0.1006352510304312,-0.795221646120836,0.5547735534778805
MKT-00122,Campaign 0122,2024-06-02 00:00:00+00:00,2024-08-07 00:00:00+00:00,544545,6742,0.0374,1765214.24,2024,6,2,6,2,0,0,66,80.76905962622368,3.2416315272383365,0.1675,0.3254166666666667,2698290.221362763,2755334.291556837,0.0,1.0,0.0,0.0,0.0,0.0,1.0,0.0,0.0,0.2955447150817881,0.02506986465592073,-0.28095909567279836,-0.5939922937835244,0.026827043990371394
MKT-00123,Campaign 0123,2024-03-04 00:00:00+00:00,2024-03-30 00:00:00+00:00,605496,13532,0.0407,3227670.75,2024,3,1,0,4,0,0,26,44.745492166715934,5.330622745649848,0.16791666666666666,0.4225,2855926.099785614,2841772.1179897054,1.0,0.0,0.0,0.0,0.0,0.0,0.0,1.0,0.0,0.5326716596760919,1.4997411700515355,-0.07785242726624077,0.2373203350705343,-1.3630149610202387
MKT-00124,Campaign 0124,2023-01-07 00:00:00+00:00,2023-01-28 00:00:00+00:00,682547,13980,0.0097,5399601.85,2023,1,1,5,7,0,0,21,48.82310443490701,7.910959758082593,0.17791666666666667,0.4225,2915925.030689836,2841772.1179897054,0.0,0.0,0.0,1.0,0.0,0.0,0.0,1.0,0.0,0.8324348827230592,1.5970390706137203,-1.9858241607823894,1.4719237164940866,-1.2056947062495584
MKT-00125,Campaign 0125,2023-12-16 00:00:00+00:00,2024-01-04 00:00:00+00:00,692498,7469,0.0501,4859210.48,2023,12,4,5,16,0,0,19,92.71629401526309,7.016930705937058,0.1675,0.4225,2698290.221362763,2841772.1179897054,0.0,1.0,0.0,0.0,0.0,0.0,0.0,1.0,0.0,0.8711487713492986,0.1829617702557163,0.5006938403160752,1.1647459184994333,0.48776884872025594
MKT-00126,Campaign 0126,2025-12-03 00:00:00+00:00,2026-01-08 00:00:00+00:00,585074,5464,0.0813,2934199.25,2025,12,4,2,3,0,0,36,107.07796486090776,5.015090826117722,0.15833333333333333,0.4225,2745646.1699524573,2841772.1179897054,0.0,0.0,1.0,0.0,0.0,0.0,0.0,1.0,0.0,0.45322084734315443,-0.2524897713228121,2.4209750688871665,0.07050062967037585,1.041863148954394
MKT-00127,Campaign 0127,2025-05-25 00:00:00+00:00,2025-08-01 00:00:00+00:00,374515,10276,0.0354,1406632.21,2025,5,2,6,25,0,0,68,36.44560140132347,3.75587682736339,0.15958333333333333,0.2520833333333333,2694009.023235263,2828093.8678722903,0.0,0.0,0.0,0.0,1.0,0.0,0.0,0.0,1.0,-0.36594885170742747,0.792593928465656,-0.4040540462222274,-0.797823155064401,-1.683236905604395
MKT-00128,Campaign 0128,2024-08-20 00:00:00+00:00,2024-10-07 00:00:00+00:00,785021,11938,0.019,4987252.12,2024,8,3,1,20,0,0,48,65.75816719718546,6.353017460679396,0.1675,0.2520833333333333,2698290.221362763,2828093.8678722903,0.0,1.0,0.0,0.0,0.0,0.0,0.0,0.0,1.0,1.2311050689440677,1.1535517649262617,-1.4134326407275448,1.237529369920621,-0.5523151760027996
MKT-00129,Campaign 0129,2024-04-28 00:00:00+00:00,2024-05-30 00:00:00+00:00,301827,5487,0.0548,1914742.98,2024,4,2,6,28,0,0,32,55.00765445598688,6.34384259857468,0.16791666666666666,0.4225,2855926.099785614,2841772.1179897054,1.0,0.0,0.0,0.0,0.0,0.0,0.0,1.0,0.0,-0.6487380323389307,-0.2474945666064499,0.7899669741072334,-0.5089948055924841,-0.967085706431651
MKT-00130,Campaign 0130,2024-05-15 00:00:00+00:00,2024-06-16 00:00:00+00:00,208229,1733,0.0281,702871.06,2024,5,2,2,15,0,0,32,120.15522215810734,3.3754715241392894,0.1675,0.2520833333333333,2698290.221362763,2828093.8678722903,0.0,1.0,0.0,0.0,0.0,0.0,0.0,0.0,1.0,-1.0128765659173404,-1.0627988494422582,-0.8533506157276431,-1.197866183825547,1.5464028928986728
MKT-00131,Campaign 0131,2025-03-09 00:00:00+00:00,2025-05-11 00:00:00+00:00,269338,4160,0.0425,2112843.46,2025,3,1,6,9,0,0,63,64.74471153846154,7.844579895892893,0.16875,0.3254166666666667,2935005.225015562,2755334.291556837,0.0,0.0,0.0,0.0,0.0,1.0,1.0,0.0,0.0,-0.7751349298947433,-0.5356961604591717,0.032933028228245474,-0.396387401762027,-0.5914157799697294
MKT-00132,Campaign 0132,2025-09-24 00:00:00+00:00,2025-12-19 00:00:00+00:00,617860,8187,0.0306,4595815.43,2025,9,3,2,24,0,0,86,75.46842555270551,7.438279594082801,0.16791666666666666,0.3254166666666667,2855926.099785614,2755334.291556837,1.0,0.0,0.0,0.0,0.0,0.0,1.0,0.0,0.0,0.5807732091660752,0.338899030531718,-0.699481927540857,1.0150227438645536,-0.1776791836853569
MKT-00133,Campaign 0133,2024-07-01 00:00:00+00:00,2024-08-08 00:00:00+00:00,594803,5898,0.0191,3556527.93,2024,7,3,0,1,1,0,38,100.84825364530349,5.979337578996744,0.17791666666666667,0.4225,2915925.030689836,2841772.1179897054,0.0,0.0,0.0,1.0,0.0,0.0,0.0,1.0,0.0,0.49107105560812103,-0.15823243015319544,-1.4072778932000733,0.42425452761163934,0.8015117640932224
MKT-00134,Campaign 0134,2023-03-13 00:00:00+00:00,2023-04-08 00:00:00+00:00,465189,10215,0.047,1938750.85,2023,3,1,0,13,0,0,26,45.53979441997063,4.167662713434755,0.1675,0.4225,2698290.221362763,2841772.1179897054,0.0,1.0,0.0,0.0,0.0,0.0,0.0,1.0,0.0,-0.01318600000452015,0.7793457768266085,0.30989666696446044,-0.4953478729237741,-1.3323696164832532
MKT-00135,Campaign 0135,2025-01-25 00:00:00+00:00,2025-02-23 00:00:00+00:00,833982,13739,0.031,5152089.25,2025,1,1,5,25,0,0,29,60.701797801877866,6.177698379581334,0.15958333333333333,0.4225,2694009.023235263,2841772.1179897054,0.0,0.0,0.0,0.0,1.0,0.0,0.0,1.0,0.0,1.4215854931254872,1.544698012498795,-0.6748629374309711,1.3312286949508458,-0.7473973145596736
MKT-00136,Campaign 0136,2024-05-28 00:00:00+00:00,2024-07-24 00:00:00+00:00,303044,2613,0.0164,2038921.97,2024,5,2,1,28,0,0,57,115.9755070799847,6.728138389144811,0.16875,0.4225,2935005.225015562,2841772.1179897054,0.0,0.0,0.0,0.0,0.0,1.0,0.0,1.0,0.0,-0.6440033521602418,-0.8716779733379664,-1.5734560764418024,-0.43840702269469256,1.3851433621461784
MKT-00137,Campaign 0137,2025-09-18 00:00:00+00:00,2025-12-05 00:00:00+00:00,126406,1358,0.0467,1049374.17,2025,9,3,3,18,0,0,78,93.08247422680412,8.301616774520197,0.1675,0.3254166666666667,2698290.221362763,2755334.291556837,0.0,1.0,0.0,0.0,0.0,0.0,1.0,0.0,0.0,-1.331205026279594,-1.144242404600337,0.291432424382046,-1.0009014130371106,0.5018966177141366
MKT-00138,Campaign 0138,2024-10-24 00:00:00+00:00,2024-12-19 00:00:00+00:00,457576,5769,0.088,2067523.87,2024,10,4,3,24,0,0,56,79.31634598717282,4.5184272558001295,0.16875,0.3254166666666667,2935005.225015562,2755334.291556837,0.0,0.0,0.0,0.0,0.0,1.0,1.0,0.0,0.0,-0.04280401167285102,-0.18624901312757458,2.8333431532277533,-0.42214867893086944,-0.02922077634486342
MKT-00139,Campaign 0139,2023-01-18 00:00:00+00:00,2023-04-17 00:00:00+00:00,278286,2997,0.0583,2110333.15,2023,1,1,2,18,0,0,89,92.85485485485485,7.583324888783482,0.16875,0.3254166666666667,2935005.225015562,2755334.291556837,0.0,0.0,0.0,0.0,0.0,1.0,1.0,0.0,0.0,-0.7403231647025426,-0.7882797728560936,1.0053831375687339,-0.39781435182246927,0.49311472889524516
MKT-00140,Campaign 0140,2023-11-16 00:00:00+00:00,2024-01-10 00:00:00+00:00,668802,7250,0.0414,4025783.89,2023,11,4,3,16,0,0,55,92.24855172413793,6.019395710539143,0.16791666666666666,0.4225,2855926.099785614,2841772.1179897054,1.0,0.0,0.0,0.0,0.0,0.0,0.0,1.0,0.0,0.7789606189136269,0.13539873404339825,-0.034769194573940676,0.6909964122732454,0.4697226659135036
MKT-00141,Campaign 0141,2023-11-08 00:00:00+00:00,2023-12-17 00:00:00+00:00,483582,8465,0.0905,1692683.59,2023,11,4,2,8,0,0,39,57.12722976963969,3.5003031336981114,0.17791666666666667,0.4225,2915925.030689836,2841772.1179897054,0.0,0.0,0.0,1.0,0.0,0.0,0.0,1.0,0.0,0.058371085062550614,0.3992758527555738,2.9872118414145397,-0.6352213114751298,-0.8853093857768597
MKT-00142,Campaign 0142,2023-10-26 00:00:00+00:00,2023-11-19 00:00:00+00:00,821449,6821,0.0139,6313183.7,2023,10,4,3,26,0,0,24,120.42940917753995,7.685423805981869,0.16875,0.4225,2935005.225015562,2841772.1179897054,0.0,0.0,0.0,0.0,0.0,1.0,0.0,1.0,0.0,1.372826457234355,0.04222730694255601,-1.7273247646285887,1.9912363416584784,1.556981429776356
MKT-00143,Campaign 0143,2024-06-16 00:00:00+00:00,2024-07-04 00:00:00+00:00,696036,10616,0.0512,4482840.95,2024,6,2,6,16,0,0,18,65.56480783722682,6.440530303030303,0.15833333333333333,0.4225,2745646.1699524573,2841772.1179897054,0.0,0.0,1.0,0.0,0.0,0.0,0.0,1.0,0.0,0.8849131908005733,0.8664360851423142,0.5683960631182613,0.9508040055157325,-0.5597752633701751
MKT-00144,Campaign 0144,2023-07-05 00:00:00+00:00,2023-08-26 00:00:00+00:00,559635,7735,0.0713,1943343.27,2023,7,3,2,5,0,0,52,72.35100193923724,3.472519177678308,0.15833333333333333,0.3254166666666667,2745646.1699524573,2755334.291556837,0.0,0.0,1.0,0.0,0.0,0.0,1.0,0.0,0.0,0.3542516369358683,0.24073239871451357,1.8055003161400223,-0.4927373770102909,-0.29795395353652077
MKT-00145,Campaign 0145,2025-06-12 00:00:00+00:00,2025-08-04 00:00:00+00:00,396542,8805,0.0257,2784364.89,2025,6,2,3,12,0,0,53,45.036002271436686,7.021614078710452,0.16791666666666666,0.4225,2855926.099785614,2841772.1179897054,1.0,0.0,0.0,0.0,0.0,0.0,0.0,1.0,0.0,-0.28025386378961264,0.473118009432232,-1.0010645563869578,-0.01467058386831961,-1.3518066555997725
MKT-00146,Campaign 0146,2025-03-22 00:00:00+00:00,2025-06-15 00:00:00+00:00,615998,7493,0.0468,3895415.34,2025,3,1,5,22,0,0,85,82.20979580942213,6.323746732943938,0.17791666666666667,0.4225,2915925.030689836,2841772.1179897054,0.0,0.0,0.0,1.0,0.0,0.0,0.0,1.0,0.0,0.5735291873972019,0.18817415778583335,0.2975871719095176,0.6168902619164105,0.08241275653254708
MKT-00147,Campaign 0147,2024-02-11 00:00:00+00:00,2024-02-27 00:00:00+00:00,340558,3808,0.0319,1856011.9,2024,2,1,6,11,0,0,16,89.43224789915966,5.449914258364214,0.17791666666666667,0.3254166666666667,2915925.030689836,2755334.291556837,0.0,0.0,0.0,1.0,0.0,0.0,1.0,0.0,0.0,-0.4980569329134581,-0.6121445109008884,-0.6194702096837282,-0.5423796537410543,0.36106553862519125
MKT-00148,Campaign 0148,2025-02-07 00:00:00+00:00,2025-03-09 00:00:00+00:00,860644,10720,0.0366,3192153.43,2025,2,1,4,7,0,0,30,80.2839552238806,3.7090288551363866,0.15958333333333333,0.4225,2694009.023235263,2841772.1179897054,0.0,0.0,0.0,0.0,1.0,0.0,0.0,1.0,0.0,1.5253127264239292,0.8890230977728214,-0.3301970758925701,0.21713101904153956,0.008111005498352556
MKT-00149,Campaign 0149,2025-10-02 00:00:00+00:00,2025-11-01 00:00:00+00:00,554480,5371,0.0486,4539948.15,2025,10,4,3,2,0,0,30,103.23589648110222,8.187758169816766,0.1675,0.2520833333333333,2698290.221362763,2828093.8678722903,0.0,1.0,0.0,0.0,0.0,0.0,0.0,0.0,1.0,0.3341963564747826,-0.27268777300201563,0.40837262740400343,0.9832657821455857,0.8936305224556701
MKT-00150,Campaign 0150,2024-04-15 00:00:00+00:00,2024-05-04 00:00:00+00:00,685768,10499,0.0138,5765432.58,2024,4,2,0,15,0,0,19,65.31745880560054,8.407263943491094,0.15958333333333333,0.4225,2694009.023235263,2841772.1179897054,0.0,0.0,0.0,0.0,1.0,0.0,0.0,1.0,0.0,0.8449660288656696,0.8410256959329936,-1.73347951215606,1.679874998321879,-0.5693183513622051
MKT-00151,Campaign 0151,2024-06-20 00:00:00+00:00,2024-07-11 00:00:00+00:00,212446,2396,0.0259,1793762.3,2024,6,2,3,20,0,0,21,88.6669449081803,8.443379964791053,0.17791666666666667,0.3254166666666667,2915925.030689836,2755334.291556837,0.0,0.0,0.0,1.0,0.0,0.0,1.0,0.0,0.0,-0.996470529505236,-0.9188066439227747,-0.988755061332015,-0.5777645546029019,0.331539028109014
MKT-00152,Campaign 0152,2023-04-26 00:00:00+00:00,2023-07-23 00:00:00+00:00,217394,3993,0.0426,1465175.0,2023,4,2,2,26,0,0,88,54.443776609065864,6.7397214274543,0.16791666666666666,0.4225,2855926.099785614,2841772.1179897054,1.0,0.0,0.0,0.0,0.0,0.0,0.0,1.0,0.0,-0.9772205726242559,-0.5719656903562361,0.03908777575571667,-0.7645453376916634,-0.988840939813983
MKT-00153,Campaign 0153,2024-09-29 00:00:00+00:00,2024-10-15 00:00:00+00:00,448966,3749,0.0139,1595599.83,2024,9,3,6,29,0,0,16,119.75620165377434,3.553943572564515,0.17791666666666667,0.2520833333333333,2915925.030689836,2828093.8678722903,0.0,0.0,0.0,1.0,0.0,0.0,0.0,0.0,1.0,-0.07630080406275366,-0.6249582969124261,-1.7273247646285887,-0.6904071957682885,1.531008097299767
MKT-00154,Campaign 0154,2023-08-02 00:00:00+00:00,2023-10-26 00:00:00+00:00,709621,6959,0.0361,4803523.31,2023,8,3,2,2,0,0,85,101.97169133496192,6.769139174291628,0.17791666666666667,0.3254166666666667,2915925.030689836,2755334.291556837,0.0,0.0,0.0,1.0,0.0,0.0,1.0,0.0,0.0,0.9377649822775568,0.07219853524072904,-0.3609708135299273,1.1330913377514946,0.8448556359308591
MKT-00155,Campaign 0155,2023-02-02 00:00:00+00:00,2023-04-12 00:00:00+00:00,840335,14664,0.0177,6614500.62,2023,2,1,3,2,0,0,69,57.30598745226405,7.871266364009592,0.15958333333333333,0.2520833333333333,2694009.023235263,2828093.8678722903,0.0,0.0,0.0,0.0,1.0,0.0,0.0,0.0,1.0,1.4463015351757837,1.7455921152220562,-1.4934443585846735,2.16251566461312,-0.8784126525116451
MKT-00156,Campaign 0156,2024-04-09 00:00:00+00:00,2024-06-05 00:00:00+00:00,133773,3097,0.0186,1172459.2,2024,4,2,1,9,0,0,57,43.19438165967065,8.764542919722215,0.16791666666666666,0.3254166666666667,2855926.099785614,2755334.291556837,1.0,0.0,0.0,0.0,0.0,0.0,1.0,0.0,0.0,-1.3025440658224032,-0.7665614914806059,-1.4380516308374307,-0.9309354761615718,-1.4228590766683646
MKT-00157,Campaign 0157,2025-03-18 00:00:00+00:00,2025-04-12 00:00:00+00:00,105637,2110,0.0567,670362.26,2025,3,1,1,18,0,0,25,50.064928909952606,6.345903991972509,0.17791666666666667,0.3254166666666667,2915925.030689836,2755334.291556837,0.0,0.0,0.0,1.0,0.0,0.0,1.0,0.0,0.0,-1.41200582548353,-0.9809209286566695,0.9069071771291908,-1.2163453493966936,-1.1577832988019574
MKT-00158,Campaign 0158,2023-10-13 00:00:00+00:00,2024-01-04 00:00:00+00:00,138998,2867,0.0436,721929.44,2023,10,4,4,13,0,0,83,48.482036972445066,5.1938117095209995,0.15833333333333333,0.4225,2745646.1699524573,2841772.1179897054,0.0,0.0,1.0,0.0,0.0,0.0,0.0,1.0,0.0,-1.2822164537158711,-0.8165135386442276,0.1006352510304312,-1.1870327184396263,-1.2188535885952567
MKT-00159,Campaign 0159,2023-06-17 00:00:00+00:00,2023-09-02 00:00:00+00:00,106491,1079,0.0385,609537.89,2023,6,2,5,17,0,0,77,98.69416126042633,5.723844174625086,0.1675,0.4225,2698290.221362763,2841772.1179897054,0.0,1.0,0.0,0.0,0.0,0.0,0.0,1.0,0.0,-1.4086833794090843,-1.2048364096379476,-0.21325687287061262,-1.2509200985104925,0.7184037242651018
MKT-00160,Campaign 0160,2025-04-27 00:00:00+00:00,2025-07-25 00:00:00+00:00,875716,24439,0.035,5620231.4,2025,4,2,6,27,0,0,89,35.832726379966445,6.417869948704832,0.16875,0.4225,2935005.225015562,2841772.1179897054,0.0,0.0,0.0,0.0,0.0,1.0,0.0,1.0,0.0,1.583949620140609,3.868554119675979,-0.42867303633211307,1.5973374501396693,-1.7068825217544679
MKT-00161,Campaign 0161,2023-07-28 00:00:00+00:00,2023-08-31 00:00:00+00:00,153079,2612,0.047,1197593.4,2023,7,3,4,28,0,0,34,58.60604900459418,7.823368326158389,0.16791666666666666,0.4225,2855926.099785614,2841772.1179897054,1.0,0.0,0.0,0.0,0.0,0.0,0.0,1.0,0.0,-1.2274349980082964,-0.8718951561517212,0.30989666696446044,-0.9166482972039264,-0.828254373308489
MKT-00162,Campaign 0162,2023-04-02 00:00:00+00:00,2023-04-29 00:00:00+00:00,119092,1673,0.0344,1011097.09,2023,4,2,6,2,0,0,27,71.18469814704125,8.490050465186577,0.15833333333333333,0.2520833333333333,2745646.1699524573,2828093.8678722903,0.0,0.0,1.0,0.0,0.0,0.0,0.0,0.0,1.0,-1.3596597927766612,-1.0758298182675508,-0.46560152149694195,-1.0226594754356,-0.3429516624063936
MKT-00163,Campaign 0163,2023-01-13 00:00:00+00:00,2023-03-06 00:00:00+00:00,303562,8085,0.0299,1352838.77,2023,1,1,4,13,0,0,52,37.54632034632035,4.456548481035176,0.16791666666666666,0.2520833333333333,2855926.099785614,2828093.8678722903,1.0,0.0,0.0,0.0,0.0,0.0,0.0,0.0,1.0,-0.6419880979839387,0.31674638352872053,-0.7425651602331571,-0.8284012718943524,-1.6407695562174354
MKT-00164,Campaign 0164,2024-03-25 00:00:00+00:00,2024-04-25 00:00:00+00:00,765297,13271,0.0587,3518291.79,2024,3,1,0,25,0,0,31,57.666867606058325,4.597289405289711,0.17791666666666667,0.2520833333333333,2915925.030689836,2828093.8678722903,0.0,0.0,0.0,1.0,0.0,0.0,0.0,0.0,1.0,1.1543697921614382,1.4430564556615126,1.0300021276786198,0.4025197369745954,-0.8644893675099095
MKT-00165,Campaign 0165,2024-04-04 00:00:00+00:00,2024-04-26 00:00:00+00:00,842474,7997,0.0321,6640673.93,2024,4,2,3,4,0,0,22,105.34875578341878,7.8823488083905255,0.16791666666666666,0.4225,2855926.099785614,2841772.1179897054,1.0,0.0,0.0,0.0,0.0,0.0,0.0,1.0,0.0,1.454623212170209,0.2976342959182914,-0.6071607146287854,2.1773935108896647,0.9751477295545447
MKT-00166,Campaign 0166,2025-10-17 00:00:00+00:00,2025-12-11 00:00:00+00:00,627614,5618,0.0635,3627121.64,2025,10,4,4,17,0,0,55,111.71484514061943,5.7792235992186285,0.15833333333333333,0.4225,2745646.1699524573,2841772.1179897054,0.0,0.0,1.0,0.0,0.0,0.0,0.0,1.0,0.0,0.618720678732987,-0.219043618004561,1.3254300089972493,0.4643825192745579,1.2207607829045184
MKT-00167,Campaign 0167,2025-04-19 00:00:00+00:00,2025-05-08 00:00:00+00:00,553047,7192,0.0331,2621581.49,2025,4,2,5,19,0,0,19,76.89752502780868,4.740250810509776,0.1675,0.4225,2698290.221362763,2841772.1179897054,0.0,1.0,0.0,0.0,0.0,0.0,0.0,1.0,0.0,0.32862133864728776,0.12280213084561538,-0.5456132393540709,-0.10720249525336428,-0.12254243238859502
MKT-00168,Campaign 0168,2024-01-24 00:00:00+00:00,2024-04-01 00:00:00+00:00,699083,7045,0.054,2709037.46,2024,1,1,2,24,0,0,68,99.23108587650816,3.8751299344999093,0.1675,0.2520833333333333,2698290.221362763,2828093.8678722903,0.0,1.0,0.0,0.0,0.0,0.0,0.0,0.0,1.0,0.8967673982816458,0.09087625722364846,0.7407289938874617,-0.05748939142254919,0.7391190625167489
MKT-00169,Campaign 0169,2024-01-23 00:00:00+00:00,2024-02-18 00:00:00+00:00,100203,902,0.0461,423819.35,2024,1,1,1,23,0,0,26,111.08980044345898,4.229607396984122,0.15958333333333333,0.2520833333333333,2694009.023235263,2828093.8678722903,0.0,0.0,0.0,0.0,1.0,0.0,0.0,0.0,1.0,-1.4331465420743232,-1.2432777676725608,0.25450393921721753,-1.3564891644339212,1.1966456428340855
MKT-00170,Campaign 0170,2025-05-25 00:00:00+00:00,2025-08-10 00:00:00+00:00,524030,12381,0.051,2652978.43,2025,5,2,6,25,0,0,77,42.3253372102415,5.062646088964373,0.15833333333333333,0.3254166666666667,2745646.1699524573,2755334.291556837,0.0,0.0,1.0,0.0,0.0,0.0,1.0,0.0,0.0,0.21573209070561472,1.249763751419672,0.5560865680633181,-0.08935535070520052,-1.4563880846267134
MKT-00171,Campaign 0171,2023-07-07 00:00:00+00:00,2023-09-17 00:00:00+00:00,70517,653,0.0466,237160.05,2023,7,3,4,7,0,0,72,107.98928024502297,3.3631613653445265,0.1675,0.4225,2698290.221362763,2841772.1179897054,0.0,1.0,0.0,0.0,0.0,0.0,0.0,1.0,0.0,-1.548638502456048,-1.2973562882975254,0.2852776768545748,-1.4625929920158154,1.077023031497382
MKT-00172,Campaign 0172,2023-12-12 00:00:00+00:00,2024-02-02 00:00:00+00:00,701857,6355,0.0534,6063896.5,2023,12,4,1,12,0,0,52,110.44169944925255,8.639789159330176,0.16875,0.3254166666666667,2935005.225015562,2755334.291556837,0.0,0.0,0.0,0.0,0.0,1.0,1.0,0.0,0.0,0.9075595123454773,-0.05897988426721666,0.7038005087226332,1.849532573953504,1.1716409570474895
MKT-00173,Campaign 0173,2025-03-27 00:00:00+00:00,2025-06-08 00:00:00+00:00,464487,4672,0.0653,2908503.68,2025,3,1,3,27,0,0,73,99.41930650684931,6.261754753093197,0.17791666666666667,0.4225,2915925.030689836,2841772.1179897054,0.0,0.0,0.0,1.0,0.0,0.0,0.0,1.0,0.0,-0.015917097363139388,-0.4244985598166746,1.436215464491735,0.05589434791051459,0.746380890167543
MKT-00174,Campaign 0174,2025-01-12 00:00:00+00:00,2025-01-27 00:00:00+00:00,879095,12242,0.0279,6866456.22,2025,1,1,6,12,0,0,15,71.80975330828296,7.810823881378008,0.1675,0.4225,2698290.221362763,2841772.1179897054,0.0,1.0,0.0,0.0,0.0,0.0,0.0,1.0,0.0,1.5970954577115126,1.2195753403077443,-0.865660110782586,2.3057362463933613,-0.31883611861637573
MKT-00175,Campaign 0175,2025-11-27 00:00:00+00:00,2026-02-26 00:00:00+00:00,559910,6878,0.0658,3171831.85,2025,11,4,3,27,0,0,91,81.40593195696424,5.664895876122949,0.15958333333333333,0.2520833333333333,2694009.023235263,2828093.8678722903,0.0,0.0,0.0,0.0,1.0,0.0,0.0,0.0,1.0,0.35532151125726474,0.054606727326584004,1.4669892021290922,0.2055795055594271,0.05139851149111776
MKT-00176,Campaign 0176,2024-10-03 00:00:00+00:00,2024-10-22 00:00:00+00:00,687325,14057,0.0372,5886004.64,2024,10,4,3,3,0,0,19,48.89556804439069,8.563641130469573,0.1675,0.3254166666666667,2698290.221362763,2755334.291556837,0.0,1.0,0.0,0.0,0.0,0.0,1.0,0.0,0.0,0.8510234627508123,1.6137621472728458,-0.2932685907277416,1.7484124730977606,-1.2028989540407213
MKT-00177,Campaign 0177,2023-10-16 00:00:00+00:00,2023-12-28 00:00:00+00:00,74802,729,0.013,416814.27,2023,10,4,0,16,0,0,73,102.60905349794238,5.572234298548167,0.16875,0.3254166666666667,2935005.225015562,2755334.291556837,0.0,0.0,0.0,0.0,0.0,1.0,1.0,0.0,0.0,-1.5319679153026529,-1.2808503944521545,-1.7827174923758318,-1.360471102652469,0.8694460018769966
MKT-00178,Campaign 0178,2024-08-23 00:00:00+00:00,2024-11-10 00:00:00+00:00,306528,3075,0.0529,1664490.7,2024,8,3,4,23,0,0,79,99.6839024390244,5.4301424339701425,0.17791666666666667,0.3254166666666667,2915925.030689836,2755334.291556837,0.0,0.0,0.0,1.0,0.0,0.0,1.0,0.0,0.0,-0.6304490171211685,-0.7713395133832132,0.673026771085276,-0.651247159314457,0.7565893888484478
MKT-00179,Campaign 0179,2023-12-21 00:00:00+00:00,2024-02-18 00:00:00+00:00,431637,4740,0.0553,3139125.8,2023,12,4,3,21,0,0,59,91.0626582278481,7.272605916545616,0.16875,0.2520833333333333,2935005.225015562,2828093.8678722903,0.0,0.0,0.0,0.0,0.0,1.0,0.0,0.0,1.0,-0.1437184481190397,-0.409730128481343,0.8207407117445906,0.18698821602772506,0.42396915756191816
MKT-00180,Campaign 0180,2023-06-19 00:00:00+00:00,2023-08-15 00:00:00+00:00,824515,7502,0.05,5235659.12,2023,6,2,0,19,0,0,57,109.906025059984,6.349986501155224,0.15833333333333333,0.3254166666666667,2745646.1699524573,2755334.291556837,0.0,0.0,1.0,0.0,0.0,0.0,1.0,0.0,0.0,1.3847545833049055,0.19012880310962724,0.494539092788604,1.3787328004388728,1.150973854377808
MKT-00181,Campaign 0181,2024-09-09 00:00:00+00:00,2024-10-17 00:00:00+00:00,629870,14840,0.0366,3096145.81,2024,9,3,0,9,0,0,38,42.44407008086253,4.915531474748758,0.16791666666666666,0.3254166666666667,2855926.099785614,2755334.291556837,1.0,0.0,0.0,0.0,0.0,0.0,1.0,0.0,0.0,0.6274975386205155,1.7838162904429147,-0.3301970758925701,0.16255685124476754,-1.4518071965414316
MKT-00182,Campaign 0182,2023-02-28 00:00:00+00:00,2023-03-18 00:00:00+00:00,449707,5456,0.027,1441601.61,2023,2,1,1,28,0,1,18,82.42430351906158,3.2056463653000735,0.1675,0.3254166666666667,2698290.221362763,2755334.291556837,0.0,1.0,0.0,0.0,0.0,0.0,1.0,0.0,0.0,-0.07341797907310002,-0.25422723383285106,-0.9210528385298291,-0.7779452963761797,0.09068877821170587
MKT-00183,Campaign 0183,2023-09-06 00:00:00+00:00,2023-11-08 00:00:00+00:00,604114,9504,0.0335,2351091.74,2023,9,3,2,6,0,0,63,63.5641835016835,3.89180144807106,0.17791666666666667,0.4225,2915925.030689836,2841772.1179897054,0.0,0.0,0.0,1.0,0.0,0.0,0.0,1.0,0.0,0.5272950549045651,0.624928796246891,-0.5209942492441848,-0.2609585513227356,-0.6369622810332655
MKT-00184,Campaign 0184,2023-06-03 00:00:00+00:00,2023-08-10 00:00:00+00:00,161526,1823,0.0447,752216.94,2023,6,2,5,3,0,0,68,88.60449808008777,4.656940306823669,0.16791666666666666,0.3254166666666667,2855926.099785614,2755334.291556837,1.0,0.0,0.0,0.0,0.0,0.0,1.0,0.0,0.0,-1.194572349307076,-1.0432523962043192,0.1683374738326169,-1.1698162192998214,0.32912973800024736
MKT-00185,Campaign 0185,2025-08-16 00:00:00+00:00,2025-10-02 00:00:00+00:00,636649,17707,0.0376,2419834.88,2025,8,3,5,16,0,0,47,35.95465070311177,3.800893239445911,0.15958333333333333,0.4225,2694009.023235263,2841772.1179897054,0.0,0.0,0.0,0.0,1.0,0.0,0.0,1.0,0.0,0.6538709132559568,2.4064794174781468,-0.26864960061785553,-0.2218824898888935,-1.7021785027555074
MKT-00186,Campaign 0186,2025-05-17 00:00:00+00:00,2025-07-19 00:00:00+00:00,834483,13748,0.0253,5086946.91,2025,5,2,5,17,0,0,63,60.69850160023276,6.095926352004774,0.16875,0.3254166666666667,2935005.225015562,2755334.291556837,0.0,0.0,0.0,0.0,0.0,1.0,1.0,0.0,0.0,1.4235346096164676,1.546652657822589,-1.0256835464968437,1.29419945712749,-0.7475244868478848
MKT-00187,Campaign 0187,2025-10-30 00:00:00+00:00,2025-12-09 00:00:00+00:00,320239,7481,0.0378,1631373.76,2025,10,4,3,30,0,0,40,42.80697767678118,5.094238240813892,0.15833333333333333,0.4225,2745646.1699524573,2841772.1179897054,0.0,0.0,1.0,0.0,0.0,0.0,0.0,1.0,0.0,-0.5771070286823816,0.18556796402077483,-0.2563401055629127,-0.6700720134299494,-1.4378056898524534
MKT-00188,Campaign 0188,2026-02-21 00:00:00+00:00,2026-04-09 00:00:00+00:00,390980,5259,0.0287,2782627.48,2026,2,1,5,21,0,0,47,74.34493249667237,7.1170583661568365,0.17791666666666667,0.3254166666666667,2915925.030689836,2755334.291556837,0.0,0.0,0.0,1.0,0.0,0.0,1.0,0.0,0.0,-0.3018925582463651,-0.29701224814256183,-0.8164221305628144,-0.01565818990283851,-0.22102519163883835
MKT-00189,Campaign 0189,2025-10-13 00:00:00+00:00,2025-11-20 00:00:00+00:00,879648,7449,0.0313,5152557.64,2025,10,4,0,13,0,0,38,118.08940797422473,5.857522145221725,0.15958333333333333,0.3254166666666667,2694009.023235263,2755334.291556837,0.0,0.0,0.0,0.0,1.0,0.0,1.0,0.0,0.0,1.5992468777105389,0.17861811398061878,-0.6563986948485567,1.3314949445928461,1.4667007553873317
MKT-00190,Campaign 0190,2023-10-26 00:00:00+00:00,2024-01-14 00:00:00+00:00,242373,6196,0.0536,1061730.44,2023,10,4,3,26,0,0,80,39.11765655261459,4.380564006716919,0.15958333333333333,0.2520833333333333,2694009.023235263,2828093.8678722903,0.0,0.0,0.0,0.0,1.0,0.0,0.0,0.0,1.0,-0.8800409701727602,-0.0935119516542421,0.716110003777576,-0.9938776668769389,-1.5801451034628167
MKT-00191,Campaign 0191,2023-04-26 00:00:00+00:00,2023-07-05 00:00:00+00:00,628254,5333,0.023,3555210.34,2023,4,2,2,26,0,0,70,117.80498781173823,5.658874181461638,0.15833333333333333,0.3254166666666667,2745646.1699524573,2755334.291556837,0.0,0.0,1.0,0.0,0.0,0.0,1.0,0.0,0.0,0.6212105680627823,-0.28094071992470093,-1.1672427396286869,0.4235055622925598,1.4557274088596728
MKT-00192,Campaign 0192,2023-11-01 00:00:00+00:00,2023-12-07 00:00:00+00:00,595117,6079,0.0473,4332682.68,2023,11,4,2,1,1,0,36,97.89718703734167,7.280388024539712,0.1675,0.3254166666666667,2698290.221362763,2755334.291556837,0.0,1.0,0.0,0.0,0.0,0.0,1.0,0.0,0.0,0.49229265756055185,-0.11892234086356271,0.32836090954687486,0.8654486699386917,0.6876552912177966
MKT-00193,Campaign 0193,2025-11-05 00:00:00+00:00,2026-01-02 00:00:00+00:00,206708,1806,0.0333,1263646.86,2025,11,4,2,5,0,0,58,114.4562569213732,6.113197650792423,0.15958333333333333,0.4225,2694009.023235263,2841772.1179897054,0.0,0.0,0.0,0.0,1.0,0.0,0.0,1.0,0.0,-1.018793943527682,-1.0469445040381522,-0.5333037442991276,-0.8791011461590679,1.326528465414178
MKT-00194,Campaign 0194,2024-03-17 00:00:00+00:00,2024-05-29 00:00:00+00:00,915921,8614,0.0463,5112450.32,2024,3,1,6,17,0,0,73,106.3293475737172,5.581759038170323,0.16875,0.3254166666666667,2935005.225015562,2755334.291556837,0.0,0.0,0.0,0.0,0.0,1.0,1.0,0.0,0.0,1.7403652459287664,0.43163609200505043,0.2668134342721603,1.3086965082649922,1.0129803973339706
MKT-00195,Campaign 0195,2025-04-03 00:00:00+00:00,2025-04-24 00:00:00+00:00,876252,11935,0.0272,4566391.51,2025,4,2,3,3,0,0,21,73.4186845412652,5.211276561993581,0.16791666666666666,0.3254166666666667,2855926.099785614,2755334.291556837,1.0,0.0,0.0,0.0,0.0,0.0,1.0,0.0,0.0,1.5860349024543126,1.1529002164849969,-0.9087433434748863,0.9982971345085587,-0.25676119465761543
MKT-00196,Campaign 0196,2024-02-19 00:00:00+00:00,2024-03-29 00:00:00+00:00,778950,10357,0.0385,5515553.88,2024,2,1,0,19,0,0,39,75.21000289659167,7.080754708261121,0.1675,0.3254166666666667,2698290.221362763,2755334.291556837,0.0,1.0,0.0,0.0,0.0,0.0,1.0,0.0,0.0,1.2074861343797123,0.8101857363798011,-0.21325687287061262,1.5378350008441866,-0.18764950833232982
MKT-00197,Campaign 0197,2024-10-27 00:00:00+00:00,2024-12-18 00:00:00+00:00,610274,16728,0.0282,4395062.47,2024,10,4,6,27,0,0,52,36.48218555714969,7.20178554223185,0.1675,0.4225,2698290.221362763,2841772.1179897054,0.0,1.0,0.0,0.0,0.0,0.0,0.0,1.0,0.0,0.5512602397038451,2.1938574428121225,-0.8471958682001717,0.900907575456685,-1.6818254352789674
MKT-00198,Campaign 0198,2025-01-03 00:00:00+00:00,2025-03-01 00:00:00+00:00,244362,3046,0.0466,1643048.25,2025,1,1,4,3,0,0,57,80.22390019697964,6.723828786799912,0.1675,0.4225,2698290.221362763,2841772.1179897054,0.0,1.0,0.0,0.0,0.0,0.0,0.0,1.0,0.0,-0.8723028609900056,-0.7776378149821046,0.2852776768545748,-0.6634358154260644,0.005793994583406118
MKT-00199,Campaign 0199,2025-10-31 00:00:00+00:00,2025-12-01 00:00:00+00:00,31269,389,0.0127,199802.22,2025,10,4,4,31,0,1,31,80.38303341902314,6.38978605008155,0.15833333333333333,0.2520833333333333,2745646.1699524573,2828093.8678722903,0.0,0.0,1.0,0.0,0.0,0.0,0.0,0.0,1.0,-1.7013309656057458,-1.3546925511288128,-1.801181734958246,-1.483828519809789,0.011933587410722115
MKT-00200,Campaign 0200,2024-05-29 00:00:00+00:00,2024-08-28 00:00:00+00:00,660887,6398,0.0404,3442623.37,2024,5,2,2,29,0,0,91,103.29587371053454,5.209095306761973,0.1675,0.3254166666666667,2698290.221362763,2755334.291556837,0.0,1.0,0.0,0.0,0.0,0.0,1.0,0.0,0.0,0.7481676907177989,-0.04964102327575695,-0.09631666984865521,0.3595070984986431,0.8959445318303079
MKT-00201,Campaign 0201,2025-12-17 00:00:00+00:00,2026-01-15 00:00:00+00:00,648542,7519,0.0208,4785952.75,2025,12,4,2,17,0,0,29,86.25375714855699,7.379557145103941,0.16875,0.2520833333333333,2935005.225015562,2828093.8678722903,0.0,0.0,0.0,0.0,0.0,1.0,0.0,0.0,1.0,0.7001400598172939,0.19382091094346016,-1.3026471852330588,1.1231036025100292,0.23843470916359222
MKT-00202,Campaign 0202,2024-12-19 00:00:00+00:00,2025-02-18 00:00:00+00:00,247545,4084,0.0314,2008507.66,2024,12,4,3,19,0,0,61,60.61336924583741,8.113707245147346,0.15958333333333333,0.3254166666666667,2694009.023235263,2755334.291556837,0.0,0.0,0.0,0.0,1.0,0.0,1.0,0.0,0.0,-0.8599195520263517,-0.5522020543045423,-0.6502439473210855,-0.45569560517765634,-0.7508090177943854
MKT-00203,Campaign 0203,2024-05-03 00:00:00+00:00,2024-06-04 00:00:00+00:00,130117,2347,0.0365,508237.61,2024,5,2,4,3,0,0,32,55.43971026842778,3.9060046727176307,0.16791666666666666,0.3254166666666667,2855926.099785614,2755334.291556837,1.0,0.0,0.0,0.0,0.0,0.0,1.0,0.0,0.0,-1.316767558618859,-0.9294486017967637,-0.33635182342004166,-1.3085028037018094,-0.950416360251145
MKT-00204,Campaign 0204,2023-04-22 00:00:00+00:00,2023-06-18 00:00:00+00:00,480112,4590,0.0533,4011212.12,2023,4,2,5,22,0,0,57,104.5995642701525,8.354742476755424,0.16875,0.3254166666666667,2935005.225015562,2755334.291556837,0.0,0.0,0.0,0.0,0.0,1.0,1.0,0.0,0.0,0.04487121635256662,-0.44230755054457455,0.6976457611951616,0.6827132966093432,0.9462428234509122
MKT-00205,Campaign 0205,2026-02-22 00:00:00+00:00,2026-05-08 00:00:00+00:00,916152,11369,0.0148,4124241.33,2026,2,1,6,22,0,0,75,80.58334066320697,4.501699859848584,0.16791666666666666,0.2520833333333333,2855926.099785614,2828093.8678722903,1.0,0.0,0.0,0.0,0.0,0.0,0.0,0.0,1.0,1.7412639403587393,1.0299747438997366,-1.6719320368813455,0.7469631454492225,0.019661734329750553
MKT-00206,Campaign 0206,2025-05-03 00:00:00+00:00,2025-06-30 00:00:00+00:00,144761,3287,0.0119,572234.11,2025,5,2,5,3,0,0,58,44.040462427745666,3.952957702696168,0.16875,0.3254166666666667,2935005.225015562,2755334.291556837,0.0,0.0,0.0,0.0,0.0,1.0,1.0,0.0,0.0,-1.25979577839148,-0.7252967568671793,-1.8504197151780175,-1.272124902349749,-1.3902160411771103
MKT-00207,Campaign 0207,2026-01-24 00:00:00+00:00,2026-03-09 00:00:00+00:00,298950,2796,0.0598,2073138.06,2026,1,1,5,24,0,0,44,106.9206008583691,6.934731761164074,0.17791666666666667,0.3254166666666667,2915925.030689836,2755334.291556837,0.0,0.0,0.0,1.0,0.0,0.0,1.0,0.0,0.0,-0.6599308629667763,-0.8319335184208239,1.0977043504808055,-0.4189573723751715,1.035791815207378
MKT-00208,Campaign 0208,2025-06-05 00:00:00+00:00,2025-08-12 00:00:00+00:00,278400,3942,0.0363,1574016.2,2025,6,2,3,5,0,0,68,70.62404870624049,5.653793821839081,0.1675,0.4225,2698290.221362763,2841772.1179897054,0.0,1.0,0.0,0.0,0.0,0.0,0.0,1.0,0.0,-0.7398796531656727,-0.5830420138577348,-0.3486613184749845,-0.7026761036454282,-0.36458233915117955
MKT-00209,Campaign 0209,2024-02-02 00:00:00+00:00,2024-04-05 00:00:00+00:00,173718,2893,0.0139,1509124.69,2024,2,1,4,2,0,0,63,60.047701348081574,8.687209673148436,0.16875,0.3254166666666667,2935005.225015562,2755334.291556837,0.0,0.0,0.0,0.0,0.0,1.0,1.0,0.0,0.0,-1.1471399575744752,-0.8108667854866008,-1.7273247646285887,-0.7395627607183346,-0.7726333139602447
MKT-00210,Campaign 0210,2025-12-28 00:00:00+00:00,2026-03-14 00:00:00+00:00,911410,20145,0.0351,5031743.31,2025,12,4,6,28,0,0,76,45.242491933482256,5.520833993482626,0.1675,0.4225,2698290.221362763,2841772.1179897054,0.0,1.0,0.0,0.0,0.0,0.0,0.0,1.0,0.0,1.7228154166057872,2.935971117412537,-0.4225182888046419,1.2628197548769196,-1.3438399819427571
MKT-00211,Campaign 0211,2023-07-21 00:00:00+00:00,2023-09-18 00:00:00+00:00,790227,15068,0.0341,5423468.77,2023,7,3,4,21,0,0,59,52.44405362357313,6.863178263967189,0.17791666666666667,0.4225,2915925.030689836,2841772.1179897054,0.0,0.0,0.0,1.0,0.0,0.0,0.0,1.0,0.0,1.2513587624611215,1.8333339719790265,-0.48406576407935636,1.485490528137497,-1.0659931820716964
MKT-00212,Campaign 0212,2025-01-22 00:00:00+00:00,2025-04-07 00:00:00+00:00,428511,10793,0.0325,1728157.12,2025,1,1,2,22,0,0,75,39.70267766144723,4.032935257204599,0.16875,0.3254166666666667,2935005.225015562,2755334.291556837,0.0,0.0,0.0,0.0,0.0,1.0,1.0,0.0,0.0,-0.15588000131425872,0.9048774431769274,-0.5825417245188994,-0.6150568872495962,-1.55757413206229
MKT-00213,Campaign 0213,2024-04-16 00:00:00+00:00,2024-06-14 00:00:00+00:00,351801,3521,0.0454,1952136.0,2024,4,2,1,16,0,0,59,99.91508094291395,5.548977973342884,0.16791666666666666,0.2520833333333333,2855926.099785614,2828093.8678722903,1.0,0.0,0.0,0.0,0.0,0.0,0.0,0.0,1.0,-0.45431658020269444,-0.674475978448538,0.21142070652491743,-0.4877392745428856,0.7655085941915157
MKT-00214,Campaign 0214,2024-10-24 00:00:00+00:00,2025-01-05 00:00:00+00:00,687252,7594,0.0146,4821749.77,2024,10,4,3,24,0,0,73,90.4993415854622,7.01598506806819,0.15833333333333333,0.3254166666666667,2745646.1699524573,2755334.291556837,0.0,0.0,1.0,0.0,0.0,0.0,1.0,0.0,0.0,0.8507394597491326,0.21010962197507593,-1.6842415319362884,1.1434519100308735,0.40223557627268286
MKT-00215,Campaign 0215,2023-01-21 00:00:00+00:00,2023-02-11 00:00:00+00:00,904584,7433,0.0424,3507160.76,2023,1,1,5,21,0,0,21,121.69837212431051,3.877097936731138,0.16875,0.3254166666666667,2935005.225015562,2755334.291556837,0.0,0.0,0.0,0.0,0.0,1.0,1.0,0.0,0.0,1.696259190722689,0.17514318896054074,0.026778280700773847,0.39619246108783857,1.6059398792193826
MKT-00216,Campaign 0216,2024-10-30 00:00:00+00:00,2024-12-09 00:00:00+00:00,413384,8273,0.0342,2653713.03,2024,10,4,2,30,0,0,40,49.967847213828115,6.419486554873918,0.1675,0.4225,2698290.221362763,2841772.1179897054,0.0,1.0,0.0,0.0,0.0,0.0,0.0,1.0,0.0,-0.21473086989521775,0.3575767525146374,-0.4779110165518848,-0.08893777777022423,-1.161528852857456
MKT-00217,Campaign 0217,2024-07-22 00:00:00+00:00,2024-08-14 00:00:00+00:00,801980,12809,0.0406,6855258.9,2024,7,3,0,22,0,0,23,62.610664376610195,8.54791752911544,0.17791666666666667,0.2520833333333333,2915925.030689836,2828093.8678722903,0.0,0.0,0.0,1.0,0.0,0.0,0.0,0.0,1.0,1.2970832457315657,1.3427179957067594,-0.08400717479371239,2.299371288897757,-0.673750445728433
MKT-00218,Campaign 0218,2023-04-16 00:00:00+00:00,2023-05-18 00:00:00+00:00,19589,211,0.0559,95359.25,2023,4,2,6,16,0,0,32,92.8388625592417,4.867999897901884,0.16875,0.4225,2935005.225015562,2841772.1179897054,0.0,0.0,0.0,0.0,0.0,1.0,0.0,1.0,0.0,-1.7467714458745105,-1.393351091977181,0.8576691969094191,-1.5431976424895641,0.49249772270271075
MKT-00219,Campaign 0219,2023-12-18 00:00:00+00:00,2024-01-23 00:00:00+00:00,584303,6874,0.0577,3839756.53,2023,12,4,0,18,0,0,36,85.00189118417224,6.571516028498912,0.17791666666666667,0.2520833333333333,2915925.030689836,2828093.8678722903,0.0,0.0,0.0,1.0,0.0,0.0,0.0,0.0,1.0,0.4502213087911666,0.053737996071564494,0.9684546524039054,0.5852518020076173,0.19013588634709108
MKT-00220,Campaign 0220,2024-01-14 00:00:00+00:00,2024-02-28 00:00:00+00:00,608146,7238,0.067,4086525.56,2024,1,1,6,14,0,0,45,84.02127659574468,6.719645545642001,0.15958333333333333,0.3254166666666667,2694009.023235263,2755334.291556837,0.0,0.0,0.0,0.0,1.0,0.0,1.0,0.0,0.0,0.5429813576822756,0.13279254027833973,1.54084617245875,0.7255241517468012,0.15230233898244502
MKT-00221,Campaign 0221,2023-07-23 00:00:00+00:00,2023-09-03 00:00:00+00:00,399961,9222,0.011,3151471.63,2023,7,3,6,23,0,0,42,43.37031012795489,7.879447321113808,0.17791666666666667,0.3254166666666667,2915925.030689836,2755334.291556837,0.0,0.0,0.0,1.0,0.0,0.0,1.0,0.0,0.0,-0.26695240813559673,0.5636832427680156,-1.9058124429252605,0.1940060277181974,-1.4160714986370255
MKT-00222,Campaign 0222,2025-10-21 00:00:00+00:00,2025-12-14 00:00:00+00:00,396063,10743,0.0473,1604902.35,2025,10,4,1,21,0,0,54,36.86707623568836,4.052139053635407,0.15958333333333333,0.4225,2694009.023235263,2841772.1179897054,0.0,0.0,0.0,0.0,1.0,0.0,0.0,1.0,0.0,-0.28211739033488137,0.8940183024891836,0.32836090954687486,-0.6851193104169712,-1.6669757890585766
MKT-00223,Campaign 0223,2025-05-20 00:00:00+00:00,2025-07-22 00:00:00+00:00,149500,1495,0.0539,1076982.4,2025,5,2,1,20,0,0,63,100.0,7.203895652173912,0.17791666666666667,0.2520833333333333,2915925.030689836,2828093.8678722903,0.0,0.0,0.0,1.0,0.0,0.0,0.0,0.0,1.0,-1.241358925994761,-1.114488359115919,0.7345742463599905,-0.985207906869664,0.7687848958153557
MKT-00224,Campaign 0224,2025-10-13 00:00:00+00:00,2025-12-29 00:00:00+00:00,253810,2571,0.0321,1598676.5,2025,10,4,0,13,0,0,77,98.72034227926876,6.298713604664907,0.15958333333333333,0.3254166666666667,2694009.023235263,2755334.291556837,0.0,0.0,0.0,0.0,1.0,0.0,1.0,0.0,0.0,-0.8355458697589022,-0.8807996515156712,-0.6071607146287854,-0.6886583064110136,0.7194138263257068
MKT-00225,Campaign 0225,2023-05-10 00:00:00+00:00,2023-07-15 00:00:00+00:00,612535,16304,0.0411,3828422.3,2023,5,2,2,10,0,0,66,37.56961481844946,6.250128237570098,0.17791666666666667,0.4225,2915925.030689836,2841772.1179897054,0.0,0.0,0.0,1.0,0.0,0.0,0.0,1.0,0.0,0.5600565518517626,2.1017719297800546,-0.053233437156355125,0.578809019967325,-1.639870821357653
MKT-00226,Campaign 0226,2026-01-02 00:00:00+00:00,2026-02-25 00:00:00+00:00,194501,1771,0.0628,1316048.39,2026,1,1,4,2,0,0,54,109.82552230378317,6.766280841743744,0.15958333333333333,0.2520833333333333,2694009.023235263,2828093.8678722903,0.0,0.0,0.0,0.0,1.0,0.0,0.0,0.0,1.0,-1.06628469204145,-1.0545459025195727,1.2823467763049488,-0.8493142407964772,1.147867940111743
MKT-00227,Campaign 0227,2024-08-04 00:00:00+00:00,2024-08-21 00:00:00+00:00,277289,2666,0.0382,2118546.18,2024,8,3,6,4,0,0,17,104.00937734433609,7.640209961448165,0.15833333333333333,0.3254166666666667,2745646.1699524573,2755334.291556837,0.0,0.0,1.0,0.0,0.0,0.0,1.0,0.0,0.0,-0.7442019454241143,-0.8601672842089578,-0.2317211154530271,-0.39314577158540126,0.9234725472635315
MKT-00228,Campaign 0228,2025-02-11 00:00:00+00:00,2025-03-25 00:00:00+00:00,456426,8368,0.0622,3296966.5,2025,2,1,1,11,0,0,42,54.544216061185466,7.223441477917559,0.15958333333333333,0.3254166666666667,2694009.023235263,2755334.291556837,0.0,0.0,0.0,0.0,1.0,0.0,1.0,0.0,0.0,-0.04727803156232698,0.3782091198213507,1.2454182911401204,0.2767105198090286,-0.9849658386132764
MKT-00229,Campaign 0229,2026-01-22 00:00:00+00:00,2026-03-16 00:00:00+00:00,113249,1317,0.0406,397078.04,2026,1,1,3,22,0,0,53,85.99012908124526,3.506238818885818,0.15958333333333333,0.4225,2694009.023235263,2841772.1179897054,0.0,0.0,0.0,0.0,1.0,0.0,0.0,1.0,0.0,-1.3823917042672769,-1.1531468999642869,-0.08400717479371239,-1.3716898822420025,0.22826355212698116
MKT-00230,Campaign 0230,2023-09-14 00:00:00+00:00,2023-11-08 00:00:00+00:00,827626,14109,0.0487,4869645.77,2023,9,3,3,14,0,0,55,58.659437238642,5.883872389219285,0.1675,0.4225,2698290.221362763,2841772.1179897054,0.0,1.0,0.0,0.0,0.0,0.0,0.0,1.0,0.0,1.3968577797189576,1.6250556535880996,0.414527374931475,1.1706777108662052,-0.8261945770282788
MKT-00231,Campaign 0231,2025-09-15 00:00:00+00:00,2025-12-07 00:00:00+00:00,836735,7601,0.0562,5821801.53,2025,9,3,0,15,0,0,83,110.08222602289173,6.957760258624296,0.16791666666666666,0.4225,2855926.099785614,2841772.1179897054,1.0,0.0,0.0,0.0,0.0,0.0,0.0,1.0,0.0,1.432295907695685,0.21162990167136006,0.8761334394918335,1.711917127226104,1.1577719456509101
MKT-00232,Campaign 0232,2025-08-13 00:00:00+00:00,2025-09-01 00:00:00+00:00,325663,6424,0.024,1057334.08,2025,8,3,2,13,0,0,19,50.69473848069738,3.246712337600526,0.15833333333333333,0.2520833333333333,2745646.1699524573,2828093.8678722903,0.0,0.0,1.0,0.0,0.0,0.0,0.0,0.0,1.0,-0.5560052166123663,-0.043994270118130153,-1.1056952643539724,-0.9963767152684625,-1.1334843229283793
MKT-00233,Campaign 0233,2024-01-03 00:00:00+00:00,2024-03-28 00:00:00+00:00,274131,2498,0.0483,1338449.88,2024,1,1,2,3,0,0,85,109.74019215372297,4.882519233505149,0.16875,0.3254166666666667,2935005.225015562,2755334.291556837,0.0,0.0,0.0,0.0,0.0,1.0,1.0,0.0,0.0,-0.7564879930858232,-0.8966539969197772,0.3899083848215894,-0.8365804320200727,1.1445757779187333
MKT-00234,Campaign 0234,2024-10-27 00:00:00+00:00,2024-12-21 00:00:00+00:00,527998,5602,0.0337,2025722.54,2024,10,4,6,27,0,0,55,94.25169582292038,3.8366102523115617,0.1675,0.4225,2698290.221362763,2841772.1179897054,0.0,1.0,0.0,0.0,0.0,0.0,0.0,1.0,0.0,0.23116940455034568,-0.22251854302463903,-0.508684754189242,-0.44591005117974136,0.5470068997336658
MKT-00235,Campaign 0235,2025-02-22 00:00:00+00:00,2025-04-08 00:00:00+00:00,816941,15803,0.0609,4062604.11,2025,2,1,5,22,0,0,45,51.69531101689552,4.9729467733899995,0.15958333333333333,0.2520833333333333,2694009.023235263,2828093.8678722903,0.0,0.0,0.0,0.0,1.0,0.0,0.0,0.0,1.0,1.3552882992676092,1.9929633400888611,1.1654065732829917,0.7119263432994916,-1.0948807687015158
MKT-00236,Campaign 0236,2023-04-21 00:00:00+00:00,2023-06-14 00:00:00+00:00,64305,569,0.0366,479182.82,2023,4,2,4,21,0,0,54,113.0140597539543,7.451719461939196,0.16791666666666666,0.4225,2855926.099785614,2841772.1179897054,1.0,0.0,0.0,0.0,0.0,0.0,0.0,1.0,0.0,-1.5728059907633738,-1.315599644652935,-0.3301970758925701,-1.3250185863528112,1.270886385960521
MKT-00237,Campaign 0237,2023-02-20 00:00:00+00:00,2023-05-04 00:00:00+00:00,51056,465,0.0364,387822.85,2023,2,1,0,20,0,0,73,109.79784946236559,7.596028870260106,0.17791666666666667,0.4225,2915925.030689836,2841772.1179897054,0.0,0.0,0.0,1.0,0.0,0.0,0.0,1.0,0.0,-1.6243505903422146,-1.3381866572834422,-0.3425065709475129,-1.3769508635271444,1.146800281350756
MKT-00238,Campaign 0238,2023-03-09 00:00:00+00:00,2023-05-08 00:00:00+00:00,669530,7262,0.0282,4652997.17,2023,3,1,3,9,0,0,60,92.19636463784082,6.949647021044613,0.16791666666666666,0.4225,2855926.099785614,2841772.1179897054,1.0,0.0,0.0,0.0,0.0,0.0,0.0,1.0,0.0,0.7817928680262691,0.13800492780845677,-0.8471958682001717,1.047526891698563,0.46770921167312707
MKT-00239,Campaign 0239,2025-06-09 00:00:00+00:00,2025-07-28 00:00:00+00:00,647586,8103,0.0409,2562774.55,2025,6,2,0,9,0,0,49,79.91928915216586,3.9574273532781743,0.16875,0.3254166666666667,2935005.225015562,2755334.291556837,0.0,0.0,0.0,0.0,0.0,1.0,1.0,0.0,0.0,0.6964207876309121,0.3206556741763083,-0.06554293221129794,-0.14063046494134032,-0.005958345762903085
MKT-00240,Campaign 0240,2024-12-18 00:00:00+00:00,2025-03-09 00:00:00+00:00,724112,7904,0.0505,5253735.53,2024,12,4,2,18,0,0,81,91.61336032388664,7.255418402125638,0.16875,0.4225,2935005.225015562,2841772.1179897054,0.0,0.0,0.0,0.0,0.0,1.0,0.0,1.0,0.0,0.9941415233370317,0.2774362942390878,0.5253128304259612,1.3890080789272186,0.4452160511734984
MKT-00241,Campaign 0241,2024-01-30 00:00:00+00:00,2024-02-28 00:00:00+00:00,558177,5857,0.0429,4058518.45,2024,1,1,1,30,0,0,29,95.30083660577087,7.271024155420235,0.15958333333333333,0.3254166666666667,2694009.023235263,2755334.291556837,0.0,0.0,0.0,0.0,1.0,0.0,1.0,0.0,0.0,0.34857935780642835,-0.1671369255171454,0.05755201833813111,0.7096039079094616,0.5874842880660218
MKT-00242,Campaign 0242,2025-01-27 00:00:00+00:00,2025-03-26 00:00:00+00:00,358463,8101,0.0773,1234855.77,2025,1,1,0,27,0,0,58,44.24922849030984,3.444862566010997,0.16791666666666666,0.2520833333333333,2855926.099785614,2828093.8678722903,1.0,0.0,0.0,0.0,0.0,0.0,0.0,0.0,1.0,-0.42839838846035627,0.32022130854879854,2.1747851677883085,-0.8954670322909392,-1.3821615406532934
MKT-00243,Campaign 0243,2025-01-03 00:00:00+00:00,2025-03-08 00:00:00+00:00,56684,797,0.0347,356829.76,2025,1,1,4,3,0,0,64,71.12170639899624,6.29507021381695,0.15833333333333333,0.3254166666666667,2745646.1699524573,2755334.291556837,0.0,0.0,1.0,0.0,0.0,0.0,1.0,0.0,0.0,-1.602455126048327,-1.266081963116823,-0.4471372789145275,-1.3945684452795142,-0.34538197632520257
MKT-00244,Campaign 0244,2023-12-22 00:00:00+00:00,2024-02-17 00:00:00+00:00,414371,3475,0.028,2492508.31,2023,12,4,4,22,0,0,57,119.24345323741007,6.0151610754613625,0.15833333333333333,0.3254166666666667,2745646.1699524573,2755334.291556837,0.0,0.0,1.0,0.0,0.0,0.0,1.0,0.0,0.0,-0.21089099369442402,-0.6844663878812624,-0.8595053632551145,-0.18057231093448375,1.5112255122499445
MKT-00245,Campaign 0245,2024-07-29 00:00:00+00:00,2024-09-19 00:00:00+00:00,114774,1097,0.0399,783598.06,2024,7,3,0,29,0,0,52,104.62534184138559,6.827313328802691,0.15833333333333333,0.4225,2745646.1699524573,2841772.1179897054,0.0,0.0,1.0,0.0,0.0,0.0,0.0,1.0,0.0,-1.376458764848624,-1.2009271189903599,-0.12709040748601247,-1.1519780674059337,0.9472373599117214
MKT-00246,Campaign 0246,2025-12-12 00:00:00+00:00,2026-02-17 00:00:00+00:00,80532,1920,0.0475,568439.76,2025,12,4,4,12,0,0,67,41.94375,7.058557592013113,0.17791666666666667,0.4225,2915925.030689836,2841772.1179897054,0.0,0.0,0.0,1.0,0.0,0.0,0.0,1.0,0.0,-1.509675624896829,-1.022185663270096,0.3406704046018177,-1.2742817467083496,-1.4711102782008112
MKT-00247,Campaign 0247,2025-10-24 00:00:00+00:00,2025-12-31 00:00:00+00:00,533447,4755,0.0216,1904485.89,2025,10,4,4,24,0,0,68,112.18654048370136,3.5701501554981094,0.16791666666666666,0.4225,2855926.099785614,2841772.1179897054,1.0,0.0,0.0,0.0,0.0,0.0,0.0,1.0,0.0,0.25236847792230616,-0.40647238627501986,-1.253409205013287,-0.5148253027005948,1.2389594802467534
MKT-00248,Campaign 0248,2023-07-23 00:00:00+00:00,2023-10-20 00:00:00+00:00,848332,20874,0.0629,3896847.31,2023,7,3,6,23,0,0,89,40.64060553798984,4.593540394562506,0.17791666666666667,0.4225,2915925.030689836,2841772.1179897054,0.0,0.0,0.0,1.0,0.0,0.0,0.0,1.0,0.0,1.4774134804419916,3.094297388639842,1.2885015238324204,0.6177042449217174,-1.5213875005757054
MKT-00249,Campaign 0249,2023-10-22 00:00:00+00:00,2024-01-11 00:00:00+00:00,695782,7202,0.0379,5442099.58,2023,10,4,6,22,0,0,81,96.60955290197167,7.82155844790466,0.16875,0.2520833333333333,2935005.225015562,2828093.8678722903,0.0,0.0,0.0,0.0,0.0,1.0,0.0,0.0,1.0,0.8839250159728108,0.12497395898316414,-0.2501853580354411,1.4960809474305679,0.6379764799664026
MKT-00250,Campaign 0250,2023-06-27 00:00:00+00:00,2023-09-05 00:00:00+00:00,514962,7883,0.0691,3144748.5,2023,6,2,1,27,0,0,70,65.32563744767221,6.10675836275298,0.1675,0.4225,2698290.221362763,2841772.1179897054,0.0,1.0,0.0,0.0,0.0,0.0,0.0,1.0,0.0,0.1804534712640773,0.27287545515023537,1.67009587053565,0.19018435997203822,-0.5690028073698471
MKT-00251,Campaign 0251,2025-12-15 00:00:00+00:00,2025-12-30 00:00:00+00:00,197472,3323,0.0633,1532639.64,2025,12,4,0,15,0,0,15,59.4258200421306,7.761301045211472,0.16791666666666666,0.4225,2855926.099785614,2841772.1179897054,1.0,0.0,0.0,0.0,0.0,0.0,0.0,1.0,0.0,-1.0547261589182908,-0.7174781755720037,1.3131205139423061,-0.7261960214216756,-0.7966264057636328
MKT-00252,Campaign 0252,2024-02-29 00:00:00+00:00,2024-03-29 00:00:00+00:00,143997,1840,0.0526,666991.61,2024,2,1,3,29,0,1,29,78.25923913043478,4.631982680194726,0.1675,0.3254166666666667,2698290.221362763,2755334.291556837,0.0,1.0,0.0,0.0,0.0,0.0,1.0,0.0,0.0,-1.262768083778923,-1.0395602883704862,0.6545625285028616,-1.2182613475089705,-0.0700055074776346
MKT-00253,Campaign 0253,2024-08-19 00:00:00+00:00,2024-11-16 00:00:00+00:00,105516,2505,0.0417,892197.63,2024,8,3,0,19,0,0,89,42.122155688622755,8.455567212555442,0.17791666666666667,0.2520833333333333,2915925.030689836,2828093.8678722903,0.0,0.0,0.0,1.0,0.0,0.0,0.0,0.0,1.0,-1.4124765701849442,-0.8951337172234931,-0.016304951991526234,-1.0902461845008344,-1.4642271253798294
MKT-00254,Campaign 0254,2024-07-27 00:00:00+00:00,2024-09-12 00:00:00+00:00,689110,5647,0.0258,3991664.15,2024,7,3,5,27,0,0,47,122.03116699132282,5.792491982412097,0.17791666666666667,0.3254166666666667,2915925.030689836,2755334.291556837,0.0,0.0,0.0,1.0,0.0,0.0,1.0,0.0,0.0,0.8579679197096945,-0.21274531640566957,-0.9949098088594864,0.6716015307425686,1.6187795927137647
MKT-00255,Campaign 0255,2023-02-21 00:00:00+00:00,2023-03-08 00:00:00+00:00,765028,6319,0.0319,4532645.82,2023,2,1,1,21,0,0,15,121.06789048900143,5.924810359882253,0.16791666666666666,0.4225,2855926.099785614,2841772.1179897054,1.0,0.0,0.0,0.0,0.0,0.0,0.0,1.0,0.0,1.1533232605525086,-0.06679846556239223,-0.6194702096837282,0.9791148763869865,1.5816149741103782
MKT-00256,Campaign 0256,2024-06-19 00:00:00+00:00,2024-07-13 00:00:00+00:00,720274,14310,0.0248,3489624.58,2024,6,2,2,19,0,0,24,50.33361285814116,4.844857068282348,0.17791666666666667,0.2520833333333333,2915925.030689836,2828093.8678722903,0.0,0.0,0.0,1.0,0.0,0.0,0.0,0.0,1.0,0.9792099682624154,1.66870939915283,-1.056457284134201,0.38622426866900367,-1.147417078474548
MKT-00257,Campaign 0257,2023-04-06 00:00:00+00:00,2023-04-23 00:00:00+00:00,26718,220,0.0241,204231.84,2023,4,2,3,6,0,0,17,121.44545454545455,7.643979339770941,0.15833333333333333,0.2520833333333333,2745646.1699524573,2828093.8678722903,0.0,0.0,1.0,0.0,0.0,0.0,0.0,0.0,1.0,-1.7190364130118372,-1.391396446653387,-1.0995405168265011,-1.4813105652437253,1.5961819485176354
MKT-00258,Campaign 0258,2025-03-06 00:00:00+00:00,2025-03-22 00:00:00+00:00,199592,1647,0.0466,1417582.51,2025,3,1,3,6,0,0,16,121.18518518518519,7.10240144895587,0.1675,0.4225,2698290.221362763,2841772.1179897054,0.0,1.0,0.0,0.0,0.0,0.0,0.0,1.0,0.0,-1.0464784005133438,-1.0814765714251775,0.2852776768545748,-0.7915986125788671,1.5861403753190284
MKT-00259,Campaign 0259,2024-02-10 00:00:00+00:00,2024-05-05 00:00:00+00:00,446870,9716,0.0472,3592777.05,2024,2,1,5,10,0,0,85,45.993207081103336,8.039870767784814,0.15958333333333333,0.4225,2694009.023235263,2841772.1179897054,0.0,0.0,0.0,0.0,1.0,0.0,0.0,1.0,0.0,-0.08445519161783333,0.6709715527629249,0.3222061620194032,0.44485982495538456,-1.3148762917936812
MKT-00260,Campaign 0260,2023-08-17 00:00:00+00:00,2023-11-02 00:00:00+00:00,427034,11789,0.0171,2380120.73,2023,8,3,3,17,0,0,77,36.22308932055306,5.57360943156751,0.16875,0.3254166666666667,2935005.225015562,2755334.291556837,0.0,0.0,0.0,0.0,0.0,1.0,1.0,0.0,0.0,-0.16162619903317696,1.1211915256767848,-1.5303728437495023,-0.2444574343152439,-1.6918217476477229
MKT-00261,Campaign 0261,2023-08-07 00:00:00+00:00,2023-08-27 00:00:00+00:00,138927,1799,0.0342,1079608.86,2023,8,3,0,7,0,0,20,77.22456920511395,7.7710514154915895,0.1675,0.4225,2698290.221362763,2841772.1179897054,0.0,1.0,0.0,0.0,0.0,0.0,0.0,1.0,0.0,-1.2824926758133952,-1.0484647837344363,-0.4779110165518848,-0.9837149329916371,-0.10992458892753515
MKT-00262,Campaign 0262,2024-08-19 00:00:00+00:00,2024-09-29 00:00:00+00:00,417901,6390,0.029,2367971.77,2024,8,3,0,19,0,0,41,65.39921752738654,5.666346263828036,0.17791666666666667,0.4225,2915925.030689836,2841772.1179897054,0.0,0.0,0.0,1.0,0.0,0.0,0.0,1.0,0.0,-0.19715769785977172,-0.05137848578579597,-0.7979578879804,-0.25136333805076266,-0.5661639801039479
MKT-00263,Campaign 0263,2023-07-14 00:00:00+00:00,2023-10-09 00:00:00+00:00,547320,6983,0.0653,2682454.37,2023,7,3,4,14,0,0,87,78.37892023485608,4.901071347657678,0.16791666666666666,0.4225,2855926.099785614,2841772.1179897054,1.0,0.0,0.0,0.0,0.0,0.0,0.0,1.0,0.0,0.3063407195976975,0.07741092277084609,1.436215464491735,-0.072600171319152,-0.06538803514323129
MKT-00264,Campaign 0264,2024-07-31 00:00:00+00:00,2024-09-03 00:00:00+00:00,354157,4353,0.0085,3089604.6,2024,7,3,2,31,0,1,34,81.35929244199403,8.723827567999503,0.17791666666666667,0.3254166666666667,2915925.030689836,2755334.291556837,0.0,0.0,0.0,1.0,0.0,0.0,1.0,0.0,0.0,-0.44515067510738543,-0.49377987740448037,-2.059681131112047,0.1588385933384272,0.04959909067940107
MKT-00265,Campaign 0265,2023-02-23 00:00:00+00:00,2023-05-10 00:00:00+00:00,501971,4881,0.0727,2373205.69,2023,2,1,3,23,0,0,76,102.84183568940792,4.727774492948796,0.16875,0.4225,2935005.225015562,2841772.1179897054,0.0,0.0,0.0,0.0,0.0,1.0,0.0,1.0,0.0,0.12991260832131016,-0.37910735174190535,1.8916667815246224,-0.24838819057481362,0.8784270798360545
MKT-00266,Campaign 0266,2025-11-06 00:00:00+00:00,2025-12-27 00:00:00+00:00,798041,8688,0.0513,3442061.06,2025,11,4,3,6,0,0,51,91.85554788213628,4.3131381219761895,0.17791666666666667,0.3254166666666667,2915925.030689836,2755334.291556837,0.0,0.0,0.0,1.0,0.0,0.0,1.0,0.0,0.0,1.2817587549970912,0.44770762022291133,0.5745508106457325,0.3591874613667799,0.45456000196140023
MKT-00267,Campaign 0267,2023-06-27 00:00:00+00:00,2023-08-24 00:00:00+00:00,162970,2012,0.004,1056152.18,2023,6,2,1,27,0,0,58,80.99900596421472,6.480653985396085,0.16791666666666666,0.4225,2855926.099785614,2841772.1179897054,1.0,0.0,0.0,0.0,0.0,0.0,0.0,1.0,0.0,-1.1889545365067253,-1.0022048444046474,-2.336644769848262,-0.997048549534524,0.03569871056802352
MKT-00268,Campaign 0268,2025-07-14 00:00:00+00:00,2025-08-12 00:00:00+00:00,655801,8178,0.0317,4911778.94,2025,7,3,0,14,0,0,29,80.19087796527268,7.4897399363526445,0.1675,0.3254166666666667,2698290.221362763,2755334.291556837,0.0,1.0,0.0,0.0,0.0,0.0,1.0,0.0,0.0,0.7283808514500817,0.3369443852079241,-0.6317797047386711,1.1946277128492766,0.004519948508510208
MKT-00269,Campaign 0269,2026-02-09 00:00:00+00:00,2026-03-17 00:00:00+00:00,707175,5914,0.0491,2812180.22,2026,2,1,0,9,0,0,36,119.57642881298614,3.9766397567787326,0.16875,0.4225,2935005.225015562,2841772.1179897054,0.0,0.0,0.0,0.0,0.0,1.0,0.0,1.0,0.0,0.9282489364952452,-0.15475750513311742,0.4391463650413607,0.0011406453522629745,1.524072197745444
MKT-00270,Campaign 0270,2025-10-08 00:00:00+00:00,2025-10-25 00:00:00+00:00,815044,13215,0.0311,6266556.88,2025,10,4,2,8,0,0,17,61.67567158531971,7.688611755929741,0.16875,0.3254166666666667,2935005.225015562,2755334.291556837,0.0,0.0,0.0,0.0,0.0,1.0,1.0,0.0,0.0,1.3479081116760128,1.4308942180912394,-0.6687081899034998,1.9647319881653922,-0.709823837326262
MKT-00271,Campaign 0271,2025-08-26 00:00:00+00:00,2025-09-16 00:00:00+00:00,249554,4787,0.0376,2155164.52,2025,8,3,1,26,0,0,21,52.13160643409233,8.636064819638234,0.15958333333333333,0.4225,2694009.023235263,2841772.1179897054,0.0,0.0,0.0,0.0,1.0,0.0,0.0,1.0,0.0,-0.8521036338020411,-0.3995225362348638,-0.26864960061785553,-0.3723305963774413,-1.0780478523587536
MKT-00272,Campaign 0272,2025-10-03 00:00:00+00:00,2025-12-08 00:00:00+00:00,495999,7841,0.0784,3011732.34,2025,10,4,4,3,0,0,66,63.25711006249203,6.072053250107359,0.15833333333333333,0.2520833333333333,2745646.1699524573,2828093.8678722903,0.0,0.0,1.0,0.0,0.0,0.0,0.0,0.0,1.0,0.10667882851265759,0.26375377697253055,2.2424873905904947,0.11457321332011337,-0.6488096241619299
MKT-00273,Campaign 0273,2024-08-09 00:00:00+00:00,2024-11-07 00:00:00+00:00,411931,3890,0.0352,3546255.99,2024,8,3,4,9,0,0,90,105.8948586118252,8.608859226423844,0.16791666666666666,0.4225,2855926.099785614,2841772.1179897054,1.0,0.0,0.0,0.0,0.0,0.0,0.0,1.0,0.0,-0.22038369676426867,-0.5943355201729884,-0.41636354127717023,0.41841558923197353,0.9962171766832193
MKT-00274,Campaign 0274,2023-04-26 00:00:00+00:00,2023-05-27 00:00:00+00:00,748057,12101,0.0247,2969500.14,2023,4,2,2,26,0,0,31,61.81778365424345,3.9696174756736453,0.16875,0.4225,2935005.225015562,2841772.1179897054,0.0,0.0,0.0,0.0,0.0,1.0,0.0,1.0,0.0,1.0872983983400768,1.1889525635683065,-1.0626120316616723,0.09056691914026789,-0.7043409455213016
MKT-00275,Campaign 0275,2025-05-12 00:00:00+00:00,2025-07-25 00:00:00+00:00,176275,1883,0.0567,1128159.59,2025,5,2,0,12,0,0,74,93.61391396707381,6.399997674088782,0.15958333333333333,0.2520833333333333,2694009.023235263,2828093.8678722903,0.0,0.0,0.0,0.0,1.0,0.0,0.0,0.0,1.0,-1.1371920716115274,-1.0302214273790267,0.9069071771291908,-0.9561169601882725,0.5224003414219284
MKT-00276,Campaign 0276,2024-08-03 00:00:00+00:00,2024-08-19 00:00:00+00:00,231606,3350,0.0196,1887836.98,2024,8,3,5,3,0,0,16,69.13611940298507,8.151071129418064,0.16875,0.2520833333333333,2935005.225015562,2828093.8678722903,0.0,0.0,0.0,0.0,0.0,1.0,0.0,0.0,1.0,-0.9219294676944886,-0.711614239600622,-1.3765041555627162,-0.524289139091637,-0.4219888314003179
MKT-00277,Campaign 0277,2023-09-23 00:00:00+00:00,2023-11-09 00:00:00+00:00,275638,3890,0.0532,1587121.17,2023,9,3,5,23,0,0,47,70.85809768637532,5.7579911695774895,0.15958333333333333,0.3254166666666667,2694009.023235263,2755334.291556837,0.0,0.0,0.0,0.0,1.0,0.0,1.0,0.0,0.0,-0.7506250818045707,-0.5943355201729884,0.69149101366769,-0.6952267696055712,-0.3555523866294888
MKT-00278,Campaign 0278,2025-09-28 00:00:00+00:00,2025-12-08 00:00:00+00:00,270168,2651,0.0513,2114373.62,2025,9,3,6,28,0,0,71,101.91173142210486,7.8261438068165,0.17791666666666667,0.4225,2915925.030689836,2841772.1179897054,0.0,0.0,0.0,1.0,0.0,0.0,0.0,1.0,0.0,-0.771905854670165,-0.8634250264152811,0.5745508106457325,-0.39551760404601327,0.8425422946550628
MKT-00279,Campaign 0279,2024-05-05 00:00:00+00:00,2024-06-14 00:00:00+00:00,777399,15007,0.0712,5338153.02,2024,5,2,6,5,0,0,40,51.80242553475045,6.866683672091165,0.15958333333333333,0.4225,2694009.023235263,2841772.1179897054,0.0,0.0,0.0,0.0,1.0,0.0,0.0,1.0,0.0,1.2014520432070366,1.820085820339979,1.7993455686125506,1.436994001963768,-1.090748133686159
MKT-00280,Campaign 0280,2025-08-06 00:00:00+00:00,2025-11-01 00:00:00+00:00,463254,5115,0.0486,2157602.83,2025,8,3,2,6,0,0,87,90.56774193548387,4.65749422563,0.16875,0.3254166666666667,2935005.225015562,2755334.291556837,0.0,0.0,0.0,0.0,0.0,1.0,1.0,0.0,0.0,-0.02071402477507318,-0.3282865733232641,0.40837262740400343,-0.37094457369423606,0.40487456197903726
MKT-00281,Campaign 0281,2023-12-25 00:00:00+00:00,2024-01-13 00:00:00+00:00,640132,7415,0.0383,5275958.81,2023,12,4,0,25,0,0,19,86.3293324342549,8.241985731067967,0.17791666666666667,0.4225,2915925.030689836,2841772.1179897054,0.0,0.0,0.0,1.0,0.0,0.0,0.0,1.0,0.0,0.6674213578429523,0.17123389831295294,-0.22556636792555546,1.401640586760603,0.241350514399198
MKT-00282,Campaign 0282,2025-11-18 00:00:00+00:00,2025-12-11 00:00:00+00:00,461026,4286,0.0415,2433268.52,2025,11,4,1,18,0,0,23,107.56556229584695,5.277942068343217,0.17791666666666667,0.4225,2915925.030689836,2841772.1179897054,0.0,0.0,0.0,1.0,0.0,0.0,0.0,1.0,0.0,-0.02938195200442313,-0.5083311259260571,-0.028614447046469055,-0.21424632805630736,1.0606753722961177
MKT-00283,Campaign 0283,2025-12-04 00:00:00+00:00,2026-01-25 00:00:00+00:00,706953,6031,0.0762,2443356.42,2025,12,4,3,4,0,0,52,117.21986403581495,3.456179434842203,0.15958333333333333,0.2520833333333333,2694009.023235263,2828093.8678722903,0.0,0.0,0.0,0.0,1.0,0.0,0.0,0.0,1.0,0.9273852561339725,-0.1293471159237968,2.1070829449861233,-0.20851200460034575,1.4331524764123882
MKT-00284,Campaign 0284,2023-02-18 00:00:00+00:00,2023-04-09 00:00:00+00:00,57218,1195,0.043,257214.47,2023,2,1,5,18,0,0,50,47.88117154811715,4.4953418504666365,0.1675,0.2520833333333333,2698290.221362763,2828093.8678722903,0.0,1.0,0.0,0.0,0.0,0.0,0.0,0.0,1.0,-1.600377624638779,-1.179643203242382,0.06370676586560231,-1.4511933418406837,-1.2420358568985879
MKT-00285,Campaign 0285,2026-02-02 00:00:00+00:00,2026-02-18 00:00:00+00:00,225972,3886,0.0386,1734494.84,2026,2,1,0,2,0,0,16,58.15028306742151,7.675706901740039,0.16875,0.3254166666666667,2935005.225015562,2755334.291556837,0.0,0.0,0.0,0.0,0.0,1.0,1.0,0.0,0.0,-0.943848274700843,-0.5952042514280079,-0.207102125343141,-0.6114543003431719,-0.845838490835095
MKT-00286,Campaign 0286,2024-04-27 00:00:00+00:00,2024-05-27 00:00:00+00:00,546271,11429,0.041,3946316.33,2024,4,2,5,27,0,0,30,47.796920115495666,7.224099997986348,0.16875,0.4225,2935005.225015562,2841772.1179897054,0.0,0.0,0.0,0.0,0.0,1.0,0.0,1.0,0.0,0.3022596353680798,1.0430057127250292,-0.05938818468382632,0.6458242066312344,-1.245286400592554
MKT-00287,Campaign 0287,2023-03-15 00:00:00+00:00,2023-05-22 00:00:00+00:00,257954,2065,0.0496,1790703.7,2023,3,1,2,15,0,0,68,124.91719128329298,6.9419497274707895,0.16875,0.2520833333333333,2935005.225015562,2828093.8678722903,0.0,0.0,0.0,0.0,0.0,1.0,0.0,0.0,1.0,-0.8194238363484776,-0.990694155275639,0.4699201026787179,-0.579503172325362,1.7301266377550375
MKT-00288,Campaign 0288,2023-05-14 00:00:00+00:00,2023-05-31 00:00:00+00:00,32064,357,0.036,118481.6,2023,5,2,6,14,0,0,17,89.81512605042016,3.6951596806387226,0.1675,0.4225,2698290.221362763,2841772.1179897054,0.0,1.0,0.0,0.0,0.0,0.0,0.0,1.0,0.0,-1.6982380562038908,-1.361642401168969,-0.36712556105739896,-1.5300540710860058,0.3758375385949555
MKT-00289,Campaign 0289,2024-02-08 00:00:00+00:00,2024-03-29 00:00:00+00:00,704546,5897,0.0255,5288181.74,2024,2,1,3,8,0,0,50,119.47532643717145,7.505800529702816,0.17791666666666667,0.2520833333333333,2915925.030689836,2828093.8678722903,0.0,0.0,0.0,1.0,0.0,0.0,0.0,0.0,1.0,0.9180209379826955,-0.15844961296695032,-1.0133740514419007,1.4085885376918752,1.5201715199774364
MKT-00290,Campaign 0290,2023-05-21 00:00:00+00:00,2023-07-04 00:00:00+00:00,192088,1578,0.0313,1271517.88,2023,5,2,6,21,0,0,44,121.72877059569075,6.619455041439339,0.1675,0.4225,2698290.221362763,2841772.1179897054,0.0,1.0,0.0,0.0,0.0,0.0,0.0,1.0,0.0,-1.075672352905194,-1.096462185574264,-0.6563986948485567,-0.8746269766482339,1.6071126967772176
MKT-00291,Campaign 0291,2025-06-28 00:00:00+00:00,2025-07-15 00:00:00+00:00,794579,6827,0.0278,3121887.79,2025,6,2,5,28,0,0,17,116.38772520873005,3.9289835120233483,0.16875,0.4225,2935005.225015562,2841772.1179897054,0.0,0.0,0.0,0.0,0.0,1.0,0.0,1.0,0.0,1.2682900099037295,0.04353040382508527,-0.8718148583100576,0.1771895141098729,1.401047341428662
MKT-00292,Campaign 0292,2024-10-04 00:00:00+00:00,2024-12-19 00:00:00+00:00,301323,5108,0.0395,1710148.16,2024,10,4,4,4,0,0,76,58.99040720438528,5.6754650657268115,0.16875,0.4225,2935005.225015562,2841772.1179897054,0.0,0.0,0.0,0.0,0.0,1.0,0.0,1.0,0.0,-0.6506988201861446,-0.32980685301954826,-0.1517093975958981,-0.6252938247435719,-0.8134252708982297
MKT-00293,Campaign 0293,2023-10-19 00:00:00+00:00,2023-11-12 00:00:00+00:00,490013,6079,0.0322,2438847.35,2023,10,4,3,19,0,0,24,80.60750123375556,4.977107444088218,0.16791666666666666,0.2520833333333333,2855926.099785614,2828093.8678722903,1.0,0.0,0.0,0.0,0.0,0.0,0.0,0.0,1.0,0.08339058237491576,-0.11892234086356271,-0.6010059671013138,-0.2110751213903191,0.020593884535340126
MKT-00294,Campaign 0294,2026-02-07 00:00:00+00:00,2026-03-17 00:00:00+00:00,773666,13811,0.0391,5564827.66,2026,2,1,5,7,0,0,38,56.01810151328651,7.192803690481423,0.16875,0.3254166666666667,2935005.225015562,2755334.291556837,0.0,0.0,0.0,0.0,0.0,1.0,1.0,0.0,0.0,1.1869289856005898,1.560335175089146,-0.17632838770578374,1.565843981149096,-0.9281011787150955
MKT-00295,Campaign 0295,2024-06-21 00:00:00+00:00,2024-07-26 00:00:00+00:00,323596,4388,0.0396,1792926.77,2024,6,2,4,21,0,0,35,73.74567000911577,5.540633289657475,0.17791666666666667,0.4225,2915925.030689836,2841772.1179897054,0.0,0.0,0.0,1.0,0.0,0.0,0.0,1.0,0.0,-0.5640467810571896,-0.4861784789230597,-0.1455546500684265,-0.5782394997626635,-0.2441456162933235
MKT-00296,Campaign 0296,2025-05-19 00:00:00+00:00,2025-06-09 00:00:00+00:00,194742,2655,0.0462,1366745.03,2025,5,2,0,19,0,0,21,73.34915254237288,7.018234535950129,0.16875,0.2520833333333333,2935005.225015562,2828093.8678722903,0.0,0.0,0.0,0.0,0.0,1.0,0.0,0.0,1.0,-1.065347093090699,-0.8625562951602616,0.26065868674468873,-0.8204964559363531,-0.2594438410351992
MKT-00297,Campaign 0297,2024-03-01 00:00:00+00:00,2024-05-06 00:00:00+00:00,392863,3350,0.0266,3275760.53,2024,3,1,4,1,1,0,66,117.27253731343284,8.338175216296774,0.17791666666666667,0.3254166666666667,2915925.030689836,2755334.291556837,0.0,0.0,0.0,1.0,0.0,0.0,1.0,0.0,0.0,-0.29456683698385794,-0.711614239600622,-0.9456718286397149,0.26465628739421276,1.435184688626162
MKT-00298,Campaign 0298,2024-09-10 00:00:00+00:00,2024-11-10 00:00:00+00:00,370443,3797,0.0692,2072855.65,2024,9,3,1,10,0,0,61,97.5620226494601,5.595612955299465,0.17791666666666667,0.4225,2915925.030689836,2841772.1179897054,0.0,0.0,0.0,1.0,0.0,0.0,0.0,1.0,0.0,-0.38179077256825017,-0.614533521852192,1.6762506180631216,-0.4191179043280258,0.674724158137069
MKT-00299,Campaign 0299,2024-08-17 00:00:00+00:00,2024-09-18 00:00:00+00:00,560302,5506,0.0619,4542229.79,2024,8,3,5,17,0,0,32,101.76207773338176,8.106752769042409,0.16875,0.2520833333333333,2935005.225015562,2828093.8678722903,0.0,0.0,0.0,0.0,0.0,1.0,0.0,0.0,1.0,0.3568465684717644,-0.24336809314510724,1.2269540485577057,0.9845627479927946,0.8367684361102102
MKT-00300,Campaign 0300,2025-08-19 00:00:00+00:00,2025-11-06 00:00:00+00:00,601029,5915,0.0506,3104855.82,2025,8,3,1,19,0,0,79,101.61098901098902,5.16590018118926,0.17791666666666667,0.4225,2915925.030689836,2841772.1179897054,0.0,0.0,0.0,1.0,0.0,0.0,0.0,1.0,0.0,0.5152930102445361,-0.15454032231936254,0.5314675779534325,0.16750793270321376,0.8309392118641424
MKT-00301,Campaign 0301,2025-06-10 00:00:00+00:00,2025-06-30 00:00:00+00:00,886398,10527,0.0538,4402006.49,2025,6,2,1,10,0,0,20,84.20233684810488,4.96617376167365,0.16875,0.4225,2935005.225015562,2841772.1179897054,0.0,0.0,0.0,0.0,0.0,1.0,0.0,1.0,0.0,1.6255074292357239,0.8471068147181301,0.7284194988325189,0.9048548049855929,0.15928790876119847
MKT-00302,Campaign 0302,2024-12-26 00:00:00+00:00,2025-02-04 00:00:00+00:00,152968,2315,0.0238,623100.45,2024,12,4,3,26,0,0,40,66.0768898488121,4.073403914544218,0.1675,0.3254166666666667,2698290.221362763,2755334.291556837,0.0,1.0,0.0,0.0,0.0,0.0,1.0,0.0,0.0,-1.2278668381889326,-0.9363984518369197,-1.1180047594089153,-1.2432106539352201,-0.5400183891929702
MKT-00303,Campaign 0303,2023-06-25 00:00:00+00:00,2023-07-14 00:00:00+00:00,194035,1756,0.0327,1411962.14,2023,6,2,6,25,0,0,19,110.49829157175398,7.276842528409823,0.1675,0.2520833333333333,2698290.221362763,2828093.8678722903,0.0,1.0,0.0,0.0,0.0,0.0,0.0,0.0,1.0,-1.068097642709707,-1.057803644725896,-0.5702322294639566,-0.794793432067778,1.1738243640377493
MKT-00304,Campaign 0304,2023-04-09 00:00:00+00:00,2023-05-27 00:00:00+00:00,84729,1279,0.0344,624302.32,2023,4,2,6,9,0,0,48,66.24628616106332,7.368224810867589,0.16875,0.4225,2935005.225015562,2841772.1179897054,0.0,0.0,0.0,0.0,0.0,1.0,0.0,1.0,0.0,-1.4933473975262808,-1.1613998468869722,-0.46560152149694195,-1.2425274680063336,-0.5334828313106121
MKT-00305,Campaign 0305,2023-03-23 00:00:00+00:00,2023-04-18 00:00:00+00:00,92919,1134,0.0193,365626.57,2023,3,1,3,23,0,0,26,81.93915343915344,3.934895661812977,0.15833333333333333,0.2520833333333333,2745646.1699524573,2828093.8678722903,0.0,0.0,1.0,0.0,0.0,0.0,0.0,0.0,1.0,-1.4614845950090563,-1.1928913548814295,-1.3949683981451304,-1.3895680235940655,0.07197097741231226
MKT-00306,Campaign 0306,2024-12-21 00:00:00+00:00,2025-01-17 00:00:00+00:00,24332,500,0.036,204342.21,2024,12,4,5,21,0,0,27,48.664,8.398085237547262,0.15833333333333333,0.2520833333333333,2745646.1699524573,2828093.8678722903,0.0,0.0,1.0,0.0,0.0,0.0,0.0,0.0,1.0,-1.7283190316694805,-1.3305852588020215,-0.36712556105739896,-1.4812478269850355,-1.2118331884269773
MKT-00307,Campaign 0307,2025-09-28 00:00:00+00:00,2025-12-27 00:00:00+00:00,339735,3847,0.0784,1805799.88,2025,9,3,6,28,0,0,90,88.3116714322849,5.315318939761873,0.16791666666666666,0.2520833333333333,2855926.099785614,2828093.8678722903,1.0,0.0,0.0,0.0,0.0,0.0,0.0,0.0,1.0,-0.5012587749734918,-0.6036743811644482,2.2424873905904947,-0.5709219632462257,0.31783205695407274
MKT-00308,Campaign 0308,2023-03-31 00:00:00+00:00,2023-06-30 00:00:00+00:00,886305,11464,0.0437,6064557.08,2023,3,1,4,31,0,1,91,77.31202023726448,6.842517056769396,0.15833333333333333,0.3254166666666667,2745646.1699524573,2755334.291556837,0.0,0.0,1.0,0.0,0.0,0.0,1.0,0.0,0.0,1.625145617192488,1.05060711120645,0.10678999855790282,1.8499080712709377,-0.1065505999965123
MKT-00309,Campaign 0309,2024-11-24 00:00:00+00:00,2024-12-12 00:00:00+00:00,58917,516,0.0665,472834.68,2024,11,4,6,24,0,0,18,114.18023255813954,8.02543714038393,0.1675,0.4225,2698290.221362763,2841772.1179897054,0.0,1.0,0.0,0.0,0.0,0.0,0.0,1.0,0.0,-1.5937677465585882,-1.3271103337819434,1.5100724348213928,-1.3286270963602187,1.3158790411210493
MKT-00310,Campaign 0310,2024-03-04 00:00:00+00:00,2024-06-01 00:00:00+00:00,53664,862,0.0654,323203.5,2024,3,1,0,4,0,0,89,62.25522041763341,6.022724731663685,0.15833333333333333,0.3254166666666667,2745646.1699524573,2755334.291556837,0.0,0.0,1.0,0.0,0.0,0.0,1.0,0.0,0.0,-1.6142042913232988,-1.251965080222756,1.4423702120192068,-1.4136828151140948,-0.6874639943704017
MKT-00311,Campaign 0311,2025-11-21 00:00:00+00:00,2025-12-31 00:00:00+00:00,318459,5106,0.0269,2590058.89,2025,11,4,4,21,0,0,40,62.369565217391305,8.133099990893648,0.1675,0.4225,2698290.221362763,2841772.1179897054,0.0,1.0,0.0,0.0,0.0,0.0,0.0,1.0,0.0,-0.5840320333808748,-0.330241218647058,-0.9272075860573005,-0.1251210694435226,-0.6830524044872875
MKT-00312,Campaign 0312,2024-02-27 00:00:00+00:00,2024-05-13 00:00:00+00:00,606595,13135,0.0426,4521999.85,2024,2,1,1,27,0,0,76,46.181575942139325,7.4547265473668585,0.17791666666666667,0.2520833333333333,2915925.030689836,2828093.8678722903,0.0,0.0,0.0,1.0,0.0,0.0,0.0,0.0,1.0,0.5369472665095998,1.4135195929908493,0.03908777575571667,0.9730633259669319,-1.3076087451855307
MKT-00313,Campaign 0313,2025-04-22 00:00:00+00:00,2025-05-13 00:00:00+00:00,615866,7856,0.0357,3263399.02,2025,4,2,1,22,0,0,21,78.39434826883911,5.298878359902966,0.15833333333333333,0.4225,2745646.1699524573,2841772.1179897054,0.0,0.0,1.0,0.0,0.0,0.0,0.0,1.0,0.0,0.5730156477229317,0.2670115191788537,-0.385589803639813,0.25762956263047565,-0.06479279899099717
MKT-00314,Campaign 0314,2026-02-08 00:00:00+00:00,2026-02-27 00:00:00+00:00,21811,209,0.0569,124455.9,2026,2,1,6,8,0,0,19,104.35885167464114,5.706107010224199,0.1675,0.4225,2698290.221362763,2841772.1179897054,0.0,1.0,0.0,0.0,0.0,0.0,0.0,1.0,0.0,-1.7381268613576273,-1.3937854576046906,0.9192166721841336,-1.5266580651161854,0.9369557788861876
MKT-00315,Campaign 0315,2024-02-07 00:00:00+00:00,2024-04-02 00:00:00+00:00,38424,412,0.0495,260999.1,2024,2,1,2,7,0,0,55,93.2621359223301,6.792606183635228,0.15833333333333333,0.3254166666666667,2745646.1699524573,2755334.291556837,0.0,0.0,1.0,0.0,0.0,0.0,1.0,0.0,0.0,-1.6734947809890497,-1.3496973464124506,0.4637653551512467,-1.44904202267801,0.5088282291214219
MKT-00316,Campaign 0316,2023-05-27 00:00:00+00:00,2023-07-03 00:00:00+00:00,763634,17760,0.0687,6198911.39,2023,5,2,5,27,0,0,37,42.99740990990991,8.117647184384142,0.15833333333333333,0.4225,2745646.1699524573,2841772.1179897054,0.0,0.0,1.0,0.0,0.0,0.0,0.0,1.0,0.0,1.1478999703560482,2.4179901066071556,1.6454768804257642,1.926279870281886,-1.4304585353262453
MKT-00317,Campaign 0317,2025-12-24 00:00:00+00:00,2026-02-03 00:00:00+00:00,749091,12077,0.0453,6540437.46,2025,12,4,2,24,0,0,41,62.026248240457065,8.731165452528465,0.1675,0.2520833333333333,2698290.221362763,2828093.8678722903,0.0,1.0,0.0,0.0,0.0,0.0,0.0,0.0,1.0,1.0913211257885274,1.1837401760381894,0.20526595899744582,2.1204155133813827,-0.6962980763967344
MKT-00318,Campaign 0318,2025-09-01 00:00:00+00:00,2025-09-30 00:00:00+00:00,622046,9680,0.0552,2544908.92,2025,9,3,0,1,1,0,29,64.26095041322314,4.091190876558969,0.15833333333333333,0.4225,2745646.1699524573,2841772.1179897054,0.0,0.0,1.0,0.0,0.0,0.0,0.0,1.0,0.0,0.5970586415637676,0.6631529714677493,0.814585964217119,-0.15078592853282438,-0.6100799928632271
MKT-00319,Campaign 0319,2023-09-13 00:00:00+00:00,2023-10-24 00:00:00+00:00,150657,1691,0.0317,1006458.83,2023,9,3,2,13,0,0,41,89.09343583678297,6.6804650962119245,0.1675,0.2520833333333333,2698290.221362763,2828093.8678722903,0.0,1.0,0.0,0.0,0.0,0.0,0.0,0.0,1.0,-1.2368576729407406,-1.071920527619963,-0.6317797047386711,-1.025296028445924,0.3479936729188115
MKT-00320,Campaign 0320,2023-12-16 00:00:00+00:00,2024-01-08 00:00:00+00:00,901780,8510,0.0185,7465887.85,2023,12,4,5,16,0,0,23,105.96709753231492,8.279056809864933,0.16875,0.4225,2935005.225015562,2841772.1179897054,0.0,0.0,0.0,0.0,0.0,1.0,0.0,1.0,0.0,1.6853503630965232,0.40904907937454327,-1.4442063783649022,2.646474641515671,0.9990042600615131
MKT-00321,Campaign 0321,2024-09-21 00:00:00+00:00,2024-11-01 00:00:00+00:00,684187,5499,0.0527,3240837.4,2024,9,3,5,21,0,0,41,124.42025822876887,4.736771379754365,0.17791666666666667,0.4225,2915925.030689836,2841772.1179897054,0.0,0.0,0.0,1.0,0.0,0.0,0.0,1.0,0.0,0.8388152241306597,-0.24488837284139137,0.6607172760303327,0.24480473023022437,1.71095423253359
MKT-00322,Campaign 0322,2024-07-06 00:00:00+00:00,2024-08-21 00:00:00+00:00,862398,14882,0.0444,5179383.63,2024,7,3,5,6,0,0,46,57.9490659857546,6.005792719834694,0.15958333333333333,0.3254166666666667,2694009.023235263,2755334.291556837,0.0,0.0,0.0,0.0,1.0,0.0,1.0,0.0,0.0,1.5321365793683994,1.7929379686206195,0.1498732312502029,1.3467437975440446,-0.8536017406170794
MKT-00323,Campaign 0323,2024-07-21 00:00:00+00:00,2024-08-16 00:00:00+00:00,572903,10930,0.0509,4084366.51,2024,7,3,6,21,0,0,26,52.4156450137237,7.129246155108281,0.16875,0.3254166666666667,2935005.225015562,2755334.291556837,0.0,0.0,0.0,0.0,0.0,1.0,1.0,0.0,0.0,0.4058701551041875,0.9346314886613456,0.5499318205358469,0.724296870443696,-1.0670892278566422
MKT-00324,Campaign 0324,2025-10-16 00:00:00+00:00,2025-12-01 00:00:00+00:00,888626,12162,0.0646,5186351.97,2025,10,4,3,16,0,0,46,73.0657786548265,5.836372073290676,0.16875,0.2520833333333333,2935005.225015562,2828093.8678722903,0.0,0.0,0.0,0.0,0.0,1.0,0.0,0.0,1.0,1.6341753564650738,1.202200715207354,1.3931322317994355,1.3507048514314854,-0.2703768207429365
MKT-00325,Campaign 0325,2025-08-17 00:00:00+00:00,2025-10-25 00:00:00+00:00,120442,1256,0.0474,500777.89,2025,8,3,6,17,0,0,69,95.89331210191082,4.157834393317946,0.16875,0.4225,2935005.225015562,2841772.1179897054,0.0,0.0,0.0,0.0,0.0,1.0,0.0,1.0,0.0,-1.354407682471624,-1.1663950516033343,0.33451565707434605,-1.312743175570177,0.6103428606491067
MKT-00326,Campaign 0326,2024-04-28 00:00:00+00:00,2024-07-25 00:00:00+00:00,87203,875,0.0553,371886.44,2024,4,2,6,28,0,0,88,99.66057142857143,4.264606034196071,0.1675,0.3254166666666667,2698290.221362763,2755334.291556837,0.0,1.0,0.0,0.0,0.0,0.0,1.0,0.0,0.0,-1.4837224190857907,-1.2491417036439425,0.8207407117445906,-1.3860096894142786,0.7556892442866046
MKT-00327,Campaign 0327,2025-04-02 00:00:00+00:00,2025-04-29 00:00:00+00:00,882763,8047,0.0583,5760251.03,2025,4,2,2,2,0,0,27,109.7008823163912,6.5252519985545385,0.16875,0.4225,2935005.225015562,2841772.1179897054,0.0,0.0,0.0,0.0,0.0,1.0,0.0,1.0,0.0,1.611365635932902,0.30849343660603523,1.0053831375687339,1.676929619828512,1.1430591468078575
MKT-00328,Campaign 0328,2025-02-17 00:00:00+00:00,2025-04-28 00:00:00+00:00,546012,8653,0.0396,4770395.52,2025,2,1,0,17,0,0,70,63.10088986478678,8.736796114371112,0.16875,0.4225,2935005.225015562,2841772.1179897054,0.0,0.0,0.0,0.0,0.0,1.0,0.0,1.0,0.0,0.30125200827992826,0.44010622174149067,-0.1455546500684265,1.114260316107627,-0.6548368282428659
MKT-00329,Campaign 0329,2024-07-25 00:00:00+00:00,2024-09-25 00:00:00+00:00,568969,5140,0.0324,2177075.7,2024,7,3,3,25,0,0,62,110.69435797665369,3.8263520508147195,0.16791666666666666,0.2520833333333333,2855926.099785614,2828093.8678722903,1.0,0.0,0.0,0.0,0.0,0.0,0.0,0.0,1.0,0.3905651166301019,-0.3228570029793922,-0.588696472046371,-0.3598754973556628,1.1813888931646144
MKT-00330,Campaign 0330,2025-10-13 00:00:00+00:00,2025-11-02 00:00:00+00:00,691420,7254,0.0737,4113111.27,2025,10,4,0,13,0,0,20,95.31568789633306,5.948788392004859,0.16791666666666666,0.3254166666666667,2855926.099785614,2755334.291556837,1.0,0.0,0.0,0.0,0.0,0.0,1.0,0.0,0.0,0.8669548640094246,0.13626746529841774,1.953214256799337,0.7406364209451869,0.5880572726121847
MKT-00331,Campaign 0331,2025-04-08 00:00:00+00:00,2025-05-05 00:00:00+00:00,858028,23360,0.0482,3166205.57,2025,4,2,1,8,0,0,27,36.730650684931504,3.6900958593425854,0.1675,0.3254166666666667,2698290.221362763,2755334.291556837,0.0,1.0,0.0,0.0,0.0,0.0,1.0,0.0,0.0,1.5151353037883908,3.6342138636344665,0.38375363729411777,0.20238132661496794,-1.6722392866622415
MKT-00332,Campaign 0332,2023-08-17 00:00:00+00:00,2023-09-04 00:00:00+00:00,129550,1057,0.0466,964594.09,2023,8,3,3,17,0,0,18,122.56385998107852,7.445728213045156,0.1675,0.3254166666666667,2698290.221362763,2755334.291556837,0.0,1.0,0.0,0.0,0.0,0.0,1.0,0.0,0.0,-1.3189734449469745,-1.209614431540555,0.2852776768545748,-1.0490934452085543,1.6393316686226642
MKT-00333,Campaign 0333,2024-02-05 00:00:00+00:00,2024-03-10 00:00:00+00:00,257409,4455,0.0263,1991213.64,2024,2,1,0,5,0,0,34,57.779797979797976,7.735602251669522,0.15833333333333333,0.3254166666666667,2745646.1699524573,2755334.291556837,0.0,0.0,1.0,0.0,0.0,0.0,1.0,0.0,0.0,-0.8215441327308814,-0.47162723040148297,-0.9641360712221292,-0.46552614518438423,-0.8601323482546306
MKT-00334,Campaign 0334,2024-01-15 00:00:00+00:00,2024-04-12 00:00:00+00:00,206867,4948,0.046,1474937.38,2024,1,1,0,15,0,0,88,41.808205335489085,7.129882388201114,0.15958333333333333,0.3254166666666667,2694009.023235263,2755334.291556837,0.0,0.0,0.0,0.0,1.0,0.0,1.0,0.0,0.0,-1.018175361647311,-0.3645561032203286,0.2483491916897459,-0.7589960514556767,-1.4763397899226611
MKT-00335,Campaign 0335,2025-11-30 00:00:00+00:00,2026-01-12 00:00:00+00:00,258989,3458,0.0472,1789558.89,2025,11,4,6,30,0,1,43,74.8956043956044,6.909787249651529,0.16875,0.2520833333333333,2935005.225015562,2828093.8678722903,0.0,0.0,0.0,0.0,0.0,1.0,0.0,0.0,1.0,-0.8153972184479492,-0.6881584957150954,0.3222061620194032,-0.5801539233077884,-0.1997794630758644
MKT-00336,Campaign 0336,2024-11-29 00:00:00+00:00,2025-02-13 00:00:00+00:00,386167,4646,0.027,3015069.85,2024,11,4,4,29,0,0,76,83.11816616444253,7.807683851805049,0.16791666666666666,0.2520833333333333,2855926.099785614,2828093.8678722903,1.0,0.0,0.0,0.0,0.0,0.0,0.0,0.0,1.0,-0.32061730409684147,-0.4301453129743014,-0.9210528385298291,0.1164703734701454,0.1174590155387615
MKT-00337,Campaign 0337,2023-01-03 00:00:00+00:00,2023-03-03 00:00:00+00:00,531815,6898,0.0538,3841416.04,2023,1,1,1,3,0,0,59,77.09698463322702,7.22321867566729,0.15958333333333333,0.4225,2694009.023235263,2841772.1179897054,0.0,0.0,0.0,0.0,1.0,0.0,0.0,1.0,0.0,0.24601926013132808,0.05895038360168154,0.7284194988325189,0.586195126893709,-0.11484698861488057
MKT-00338,Campaign 0338,2024-03-05 00:00:00+00:00,2024-03-22 00:00:00+00:00,784135,7531,0.0379,5189269.78,2024,3,1,1,5,0,0,17,104.12096667109282,6.617827006829182,0.16791666666666666,0.2520833333333333,2855926.099785614,2828093.8678722903,1.0,0.0,0.0,0.0,0.0,0.0,0.0,0.0,1.0,1.2276581284031323,0.19642710470851868,-0.2501853580354411,1.3523634390783736,0.9277778269616538
MKT-00339,Campaign 0339,2025-02-16 00:00:00+00:00,2025-03-13 00:00:00+00:00,229725,5046,0.0066,1656412.23,2025,2,1,6,16,0,0,25,45.52615933412604,7.210413450865165,0.16791666666666666,0.4225,2855926.099785614,2841772.1179897054,1.0,0.0,0.0,0.0,0.0,0.0,0.0,1.0,0.0,-0.9292474080528401,-0.34327218747235066,-2.1766213341340044,-0.6558392508309552,-1.332895678069742
MKT-00340,Campaign 0340,2024-05-23 00:00:00+00:00,2024-08-11 00:00:00+00:00,754132,6977,0.0336,2870627.04,2024,5,2,3,23,0,0,80,108.08829009602981,3.8065312703876777,0.16875,0.4225,2935005.225015562,2841772.1179897054,0.0,0.0,0.0,0.0,0.0,1.0,0.0,1.0,0.0,1.1109328947127433,0.07610782588831683,-0.5148395017167137,0.034363909941758246,1.0808429765928762
MKT-00341,Campaign 0341,2025-01-25 00:00:00+00:00,2025-03-21 00:00:00+00:00,536467,6820,0.0575,2758095.85,2025,1,1,5,25,0,0,55,78.6608504398827,5.141221827251257,0.15833333333333333,0.2520833333333333,2745646.1699524573,2828093.8678722903,0.0,0.0,1.0,0.0,0.0,0.0,0.0,0.0,1.0,0.2641176431972778,0.04201012412880114,0.9561451573489625,-0.029602846503515818,-0.054510754822017005
MKT-00342,Campaign 0342,2025-04-01 00:00:00+00:00,2025-05-23 00:00:00+00:00,754323,17980,0.0276,5204236.07,2025,4,2,1,1,1,0,52,41.953448275862065,6.899214355123734,0.17791666666666667,0.2520833333333333,2915925.030689836,2828093.8678722903,0.0,0.0,0.0,1.0,0.0,0.0,0.0,0.0,1.0,1.111675971059604,2.4657703256332284,-0.8841243533650004,1.3608708140321029,-1.470736104510645
MKT-00343,Campaign 0343,2023-04-11 00:00:00+00:00,2023-05-27 00:00:00+00:00,743179,6053,0.0807,5698449.54,2023,4,2,1,11,0,0,46,122.77862217082439,7.667667600941361,0.16875,0.3254166666666667,2935005.225015562,2755334.291556837,0.0,0.0,0.0,0.0,0.0,1.0,1.0,0.0,0.0,1.0683207731045432,-0.12456909402118951,2.3840465837223377,1.641799440730743,1.6476175085171272
MKT-00344,Campaign 0344,2025-09-25 00:00:00+00:00,2025-12-06 00:00:00+00:00,266132,2304,0.0496,1164474.89,2025,9,3,3,25,0,0,72,115.50868055555556,4.375553822914944,0.17791666666666667,0.2520833333333333,2915925.030689836,2828093.8678722903,0.0,0.0,0.0,1.0,0.0,0.0,0.0,0.0,1.0,-0.7876077192561868,-0.9387874627882233,0.4699201026787179,-0.9354740437636168,1.3671325109601034
MKT-00345,Campaign 0345,2025-03-01 00:00:00+00:00,2025-03-30 00:00:00+00:00,720790,11329,0.0778,3640691.42,2025,3,1,5,1,1,0,29,63.62344425809869,5.050973820391515,0.16791666666666666,0.3254166666666667,2855926.099785614,2755334.291556837,1.0,0.0,0.0,0.0,0.0,0.0,1.0,0.0,0.0,0.9812174415345628,1.0212874313495415,2.205558905425666,0.4720960679562695,-0.6346759142372199
MKT-00346,Campaign 0346,2024-03-09 00:00:00+00:00,2024-05-07 00:00:00+00:00,708591,8807,0.0244,4034315.64,2024,3,1,5,9,0,0,59,80.45770409901215,5.693433362828487,0.1675,0.3254166666666667,2698290.221362763,2755334.291556837,0.0,1.0,0.0,0.0,0.0,0.0,1.0,0.0,0.0,0.9337578166374174,0.47355237505974174,-1.0810762742440865,0.6958461643668825,0.014814491632884131
MKT-00347,Campaign 0347,2024-06-22 00:00:00+00:00,2024-08-17 00:00:00+00:00,524920,9221,0.0226,4362002.28,2024,6,2,5,22,0,0,56,56.92658063116799,8.309842033071707,0.16791666666666666,0.3254166666666667,2855926.099785614,2755334.291556837,1.0,0.0,0.0,0.0,0.0,0.0,1.0,0.0,0.0,0.21919459305486133,0.5634660599542608,-1.1918617297385727,0.8821149800725567,-0.8930507234783693
MKT-00348,Campaign 0348,2023-11-03 00:00:00+00:00,2024-01-09 00:00:00+00:00,103360,1281,0.0382,543946.34,2023,11,4,4,3,0,0,67,80.68696330991413,5.262638738390093,0.15833333333333333,0.4225,2745646.1699524573,2841772.1179897054,0.0,0.0,1.0,0.0,0.0,0.0,0.0,1.0,0.0,-1.4208643848646922,-1.1609654812594625,-0.2317211154530271,-1.2882046833773015,0.023659647840839588
MKT-00349,Campaign 0349,2024-11-19 00:00:00+00:00,2025-02-18 00:00:00+00:00,877351,15286,0.0217,3495031.79,2024,11,4,1,19,0,0,91,57.39572157529766,3.9836186315397146,0.15958333333333333,0.3254166666666667,2694009.023235263,2755334.291556837,0.0,0.0,0.0,0.0,1.0,0.0,1.0,0.0,0.0,1.5903105092878203,1.8806798253775898,-1.2472544574858158,0.3892979203838611,-0.8749505785897581
MKT-00350,Campaign 0350,2025-04-21 00:00:00+00:00,2025-05-30 00:00:00+00:00,873474,12784,0.0347,7056504.28,2025,4,2,0,21,0,0,39,68.32556320400501,8.07866551265407,0.16791666666666666,0.2520833333333333,2855926.099785614,2828093.8678722903,1.0,0.0,0.0,0.0,0.0,0.0,0.0,0.0,1.0,1.5752272265821696,1.3372884253628876,-0.4471372789145275,2.4137663664597793,-0.4532612769744695
MKT-00351,Campaign 0351,2024-09-07 00:00:00+00:00,2024-12-02 00:00:00+00:00,327574,5497,0.0674,1777106.04,2024,9,3,5,7,0,0,86,59.591413498271784,5.425052171417756,0.1675,0.4225,2698290.221362763,2841772.1179897054,0.0,1.0,0.0,0.0,0.0,0.0,0.0,1.0,0.0,-0.5485705626916806,-0.24532273846890112,1.5654651625686358,-0.587232568997037,-0.7902375676409623
MKT-00352,Campaign 0352,2024-11-17 00:00:00+00:00,2025-01-10 00:00:00+00:00,465584,6180,0.0371,3739232.1,2024,11,4,6,17,0,0,54,75.33721682847896,8.0312727671054,0.1675,0.4225,2698290.221362763,2841772.1179897054,0.0,1.0,0.0,0.0,0.0,0.0,0.0,1.0,0.0,-0.011649271433787101,-0.09698687667432014,-0.2994233382552128,0.5281101177278191,-0.18274140847913664
MKT-00353,Campaign 0353,2025-06-05 00:00:00+00:00,2025-07-06 00:00:00+00:00,401991,9782,0.0165,1475264.11,2025,6,2,3,5,0,0,31,41.0949703537109,3.669893380697578,0.16875,0.2520833333333333,2935005.225015562,2828093.8678722903,0.0,0.0,0.0,0.0,0.0,1.0,0.0,0.0,1.0,-0.2590547904176522,0.6853056184707468,-1.567301328914331,-0.7588103264283899,-1.5038574403672638
MKT-00354,Campaign 0354,2025-05-04 00:00:00+00:00,2025-06-02 00:00:00+00:00,664689,7996,0.0468,5648022.26,2025,5,2,6,4,0,0,29,83.12768884442221,8.497240453806215,0.1675,0.4225,2698290.221362763,2841772.1179897054,0.0,1.0,0.0,0.0,0.0,0.0,0.0,1.0,0.0,0.7629591895176142,0.2974171131045365,0.2975871719095176,1.613134769736349,0.11782641448254773
MKT-00355,Campaign 0355,2025-06-13 00:00:00+00:00,2025-08-29 00:00:00+00:00,305074,5568,0.0632,2607598.73,2025,6,2,4,13,0,0,77,54.79058908045977,8.547430230042547,0.1675,0.2520833333333333,2698290.221362763,2828093.8678722903,0.0,1.0,0.0,0.0,0.0,0.0,0.0,0.0,1.0,-0.6361057344422972,-0.22990275869230486,1.3069657664148353,-0.1151507965496781,-0.975460406607587
MKT-00356,Campaign 0356,2025-12-17 00:00:00+00:00,2026-01-30 00:00:00+00:00,896286,17854,0.0121,4303685.56,2025,12,4,2,17,0,0,44,50.20085134983757,4.80168780947153,0.17791666666666667,0.3254166666666667,2915925.030689836,2755334.291556837,0.0,0.0,0.0,1.0,0.0,0.0,1.0,0.0,0.0,1.6639762193810614,2.4384052911001137,-1.8381102201230748,0.8489656689799852,-1.152539211952758
MKT-00357,Campaign 0357,2025-03-13 00:00:00+00:00,2025-05-13 00:00:00+00:00,98540,1482,0.0204,335377.38,2025,3,1,3,13,0,0,61,66.49122807017544,3.4034643799472297,0.15833333333333333,0.3254166666666667,2745646.1699524573,2755334.291556837,0.0,0.0,1.0,0.0,0.0,0.0,1.0,0.0,0.0,-1.4396163638797133,-1.1173117356947322,-1.3272661753429444,-1.4067627459585657,-0.5240326136314729
MKT-00358,Campaign 0358,2023-09-21 00:00:00+00:00,2023-10-12 00:00:00+00:00,392209,3902,0.0429,2136262.07,2023,9,3,3,21,0,0,21,100.51486417221938,5.446744133867402,0.16791666666666666,0.3254166666666667,2855926.099785614,2755334.291556837,1.0,0.0,0.0,0.0,0.0,0.0,1.0,0.0,0.0,-0.29711119264274255,-0.59172932640793,0.05755201833813111,-0.3830754255698544,0.7886491098255269
MKT-00359,Campaign 0359,2023-10-19 00:00:00+00:00,2024-01-03 00:00:00+00:00,430819,6427,0.0228,1935444.89,2023,10,4,3,19,0,0,76,67.03267465380426,4.492478024413964,0.16875,0.2520833333333333,2935005.225015562,2828093.8678722903,0.0,0.0,0.0,0.0,0.0,1.0,0.0,0.0,1.0,-0.14690083791868436,-0.04334272167686552,-1.1795522346836298,-0.49722709892447514,-0.5031428112474445
MKT-00360,Campaign 0360,2025-05-22 00:00:00+00:00,2025-07-26 00:00:00+00:00,291799,2836,0.0393,2197076.78,2025,5,2,3,22,0,0,65,102.8910437235543,7.529418469562952,0.16791666666666666,0.4225,2855926.099785614,2841772.1179897054,1.0,0.0,0.0,0.0,0.0,0.0,0.0,1.0,0.0,-0.6877514857751611,-0.8232462058706288,-0.16401889265084094,-0.3485061675458348,0.8803255978803188
MKT-00361,Campaign 0361,2023-05-04 00:00:00+00:00,2023-06-02 00:00:00+00:00,442883,3597,0.065,1526056.78,2023,5,2,3,4,0,0,29,123.12566027244927,3.4457334781420825,0.17791666666666667,0.3254166666666667,2915925.030689836,2755334.291556837,0.0,0.0,0.0,1.0,0.0,0.0,1.0,0.0,0.0,-0.09996642405204259,-0.6579700846031674,1.4177512219093211,-0.729937954678876,1.6610067468683691
MKT-00362,Campaign 0362,2023-11-09 00:00:00+00:00,2023-11-27 00:00:00+00:00,302526,2522,0.036,1164441.86,2023,11,4,3,9,0,0,18,119.95479777954004,3.8490637498925717,0.15833333333333333,0.4225,2745646.1699524573,2841772.1179897054,0.0,0.0,1.0,0.0,0.0,0.0,0.0,1.0,0.0,-0.6460186063365448,-0.8914416093896602,-0.36712556105739896,-0.9354928191979242,1.5386702267635355
MKT-00363,Campaign 0363,2025-08-13 00:00:00+00:00,2025-10-07 00:00:00+00:00,338624,6169,0.0493,2334166.07,2025,8,3,2,13,0,0,55,54.891230345274764,6.893091068559818,0.15833333333333333,0.3254166666666667,2745646.1699524573,2755334.291556837,0.0,0.0,1.0,0.0,0.0,0.0,1.0,0.0,0.0,-0.5055810672319333,-0.09937588762562378,0.4514558600963035,-0.2705797080043908,-0.9715775191774484
MKT-00364,Campaign 0364,2023-10-10 00:00:00+00:00,2023-11-16 00:00:00+00:00,101562,855,0.0505,788765.61,2023,10,4,1,10,0,0,37,118.7859649122807,7.766345778933065,0.15833333333333333,0.4225,2745646.1699524573,2841772.1179897054,0.0,0.0,1.0,0.0,0.0,0.0,0.0,1.0,0.0,-1.427859417700586,-1.25348535991904,0.5253128304259612,-1.149040647013696,1.4935749424727716
MKT-00365,Campaign 0365,2025-05-03 00:00:00+00:00,2025-07-01 00:00:00+00:00,381280,3382,0.0293,1292483.12,2025,5,2,5,3,0,0,59,112.73802483737434,3.3898529164918174,0.15958333333333333,0.4225,2694009.023235263,2841772.1179897054,0.0,0.0,0.0,0.0,1.0,0.0,0.0,1.0,0.0,-0.3396299434010754,-0.704664389560466,-0.7794936453979858,-0.8627095837823383,1.260236554503832
MKT-00366,Campaign 0366,2025-04-08 00:00:00+00:00,2025-04-29 00:00:00+00:00,628308,16735,0.0251,2904438.68,2025,4,2,1,8,0,0,21,37.544547355841054,4.622635204390204,0.15833333333333333,0.3254166666666667,2745646.1699524573,2755334.291556837,0.0,0.0,1.0,0.0,0.0,0.0,1.0,0.0,0.0,0.6214206524749838,2.1953777225084066,-1.0379930415517864,0.05358365640400836,-1.6408379607874541
MKT-00367,Campaign 0367,2024-03-30 00:00:00+00:00,2024-06-08 00:00:00+00:00,846247,6912,0.0579,5597435.56,2024,3,1,5,30,0,0,70,122.43156828703704,6.614422928530322,0.16875,0.2520833333333333,2935005.225015562,2828093.8678722903,0.0,0.0,0.0,0.0,0.0,1.0,0.0,0.0,1.0,1.469301887859768,0.06199094299424982,0.9807641474588482,1.5843794787075225,1.6342276612669369
MKT-00368,Campaign 0368,2023-11-26 00:00:00+00:00,2024-01-30 00:00:00+00:00,916451,7562,0.0428,4374553.91,2023,11,4,6,26,0,0,65,121.19161597460989,4.77336367138014,0.15958333333333333,0.4225,2694009.023235263,2841772.1179897054,0.0,0.0,0.0,0.0,1.0,0.0,0.0,1.0,0.0,1.742427185530003,0.20315977193491985,0.051397270810659486,0.8892497758496315,1.5863884845957643
MKT-00369,Campaign 0369,2024-01-28 00:00:00+00:00,2024-04-25 00:00:00+00:00,728257,7155,0.0453,4984102.2,2024,1,1,6,28,0,0,88,101.78294898672257,6.843878191352778,0.1675,0.4225,2698290.221362763,2841772.1179897054,0.0,1.0,0.0,0.0,0.0,0.0,0.0,1.0,0.0,1.010267447199534,0.11476636673668493,0.20526595899744582,1.2357388426413654,0.8375736796392662
MKT-00370,Campaign 0370,2023-01-15 00:00:00+00:00,2023-03-06 00:00:00+00:00,805464,9018,0.0414,5371254.08,2023,1,1,6,15,0,0,50,89.31736526946108,6.668521597489149,0.16791666666666666,0.4225,2855926.099785614,2841772.1179897054,1.0,0.0,0.0,0.0,0.0,0.0,0.0,1.0,0.0,1.310637580770639,0.5193779487620208,-0.034769194573940676,1.4558098293188366,0.35663319847507574
MKT-00371,Campaign 0371,2024-10-30 00:00:00+00:00,2024-12-18 00:00:00+00:00,331252,2669,0.04,1998473.48,2024,10,4,2,30,0,0,49,124.11090295991008,6.033091060582276,0.15958333333333333,0.4225,2694009.023235263,2841772.1179897054,0.0,0.0,0.0,0.0,1.0,0.0,0.0,1.0,0.0,-0.5342614799495131,-0.8595157357676932,-0.12093565995854084,-0.4613993922627128,1.699018853073613
MKT-00372,Campaign 0372,2024-04-30 00:00:00+00:00,2024-06-11 00:00:00+00:00,890130,16928,0.0451,6752833.4,2024,4,2,1,30,0,1,42,52.58329395085066,7.586345140597441,0.15958333333333333,0.3254166666666667,2694009.023235263,2755334.291556837,0.0,0.0,0.0,0.0,1.0,0.0,1.0,0.0,0.0,1.6400265963900929,2.237294005563098,0.192956463942503,2.2411489683812373,-1.0606210862663805
MKT-00373,Campaign 0373,2023-06-28 00:00:00+00:00,2023-08-29 00:00:00+00:00,798788,7626,0.0241,2873277.12,2023,6,2,2,28,0,0,62,104.74534487280357,3.5970459245757325,0.1675,0.4225,2698290.221362763,2841772.1179897054,0.0,1.0,0.0,0.0,0.0,0.0,0.0,1.0,0.0,1.2846649226992117,0.21705947201523199,-1.0995405168265011,0.03587031027326186,0.9518672526612608
MKT-00374,Campaign 0374,2024-02-21 00:00:00+00:00,2024-04-11 00:00:00+00:00,208183,1788,0.0482,791462.41,2024,2,1,2,21,0,0,50,116.4334451901566,3.801762920123161,0.15958333333333333,0.2520833333333333,2694009.023235263,2828093.8678722903,0.0,0.0,0.0,0.0,1.0,0.0,0.0,0.0,1.0,-1.0130555267129193,-1.05085379468574,0.38375363729411777,-1.1475076893618519,1.4028112852892016
MKT-00375,Campaign 0375,2023-05-20 00:00:00+00:00,2023-08-04 00:00:00+00:00,669895,8374,0.026,2631101.66,2023,5,2,5,20,0,0,76,79.99701456890375,3.9276329275483475,0.15958333333333333,0.2520833333333333,2694009.023235263,2828093.8678722903,0.0,0.0,0.0,0.0,1.0,0.0,0.0,0.0,1.0,0.783212883034668,0.37951221670387997,-0.9826003138045436,-0.10179088985127442,-0.0029595853219583418
MKT-00376,Campaign 0376,2023-01-28 00:00:00+00:00,2023-02-23 00:00:00+00:00,80647,1304,0.0792,699348.24,2023,1,1,5,28,0,0,26,61.84585889570552,8.671720460773495,0.15958333333333333,0.3254166666666667,2694009.023235263,2755334.291556837,0.0,0.0,0.0,0.0,1.0,0.0,1.0,0.0,0.0,-1.5092282229078815,-1.1559702765431004,2.291725370810267,-1.1998686808127428,-0.7032577615771056
MKT-00377,Campaign 0377,2025-01-21 00:00:00+00:00,2025-02-14 00:00:00+00:00,311198,4147,0.0518,1476117.57,2025,1,1,1,21,0,0,24,75.04171690378587,4.743338871072436,0.17791666666666667,0.3254166666666667,2915925.030689836,2755334.291556837,0.0,0.0,0.0,1.0,0.0,0.0,1.0,0.0,0.0,-0.6122806059178183,-0.538519537037985,0.6053245482830898,-0.7583251892148246,-0.19414222846393056
MKT-00378,Campaign 0378,2024-02-06 00:00:00+00:00,2024-04-29 00:00:00+00:00,266932,2179,0.0465,1442777.97,2024,2,1,1,6,0,0,83,122.50206516750804,5.405039373323543,0.17791666666666667,0.3254166666666667,2915925.030689836,2755334.291556837,0.0,0.0,0.0,1.0,0.0,0.0,1.0,0.0,0.0,-0.7844953575939426,-0.965935314507583,0.27912292932710314,-0.7772766112444225,1.6369475341893214
MKT-00379,Campaign 0379,2023-08-13 00:00:00+00:00,2023-11-11 00:00:00+00:00,728847,7157,0.025,3434125.09,2023,8,3,6,13,0,0,90,101.83694285315076,4.7117228855987605,0.16875,0.2520833333333333,2935005.225015562,2828093.8678722903,0.0,0.0,0.0,0.0,0.0,1.0,0.0,0.0,1.0,1.0125628139254392,0.11520073236419469,-1.0441477890792579,0.35467637195106316,0.8396568421039271
MKT-00380,Campaign 0380,2024-02-20 00:00:00+00:00,2024-04-01 00:00:00+00:00,567580,6738,0.0597,4160090.32,2024,2,1,1,20,0,0,41,84.23567824280202,7.329522393319003,0.16875,0.2520833333333333,2935005.225015562,2828093.8678722903,0.0,0.0,0.0,0.0,0.0,1.0,0.0,0.0,1.0,0.3851612786940305,0.024201133400901225,1.0915496029533345,0.7673409945783312,0.16057426861181068
MKT-00381,Campaign 0381,2025-07-17 00:00:00+00:00,2025-09-19 00:00:00+00:00,291218,6482,0.0344,1364168.29,2025,7,3,3,17,0,0,64,44.92718296821968,4.6843542981546475,0.17791666666666667,0.4225,2915925.030689836,2841772.1179897054,0.0,0.0,0.0,1.0,0.0,0.0,0.0,1.0,0.0,-0.6900118384323659,-0.03139766692034729,-0.46560152149694195,-0.8219611671866544,-1.3560050637318093
MKT-00382,Campaign 0382,2024-09-03 00:00:00+00:00,2024-11-08 00:00:00+00:00,678442,6976,0.0517,4326867.09,2024,9,3,1,3,0,0,66,97.25372706422019,6.377652164812909,0.1675,0.4225,2698290.221362763,2841772.1179897054,0.0,1.0,0.0,0.0,0.0,0.0,0.0,1.0,0.0,0.8164645769436689,0.07589064307456195,0.5991698007556187,0.8621428804138892,0.6628296628234829
MKT-00383,Campaign 0383,2025-04-07 00:00:00+00:00,2025-06-01 00:00:00+00:00,108714,1848,0.0313,414871.99,2025,4,2,0,7,0,0,55,58.827922077922075,3.816178137130452,0.1675,0.3254166666666667,2698290.221362763,2755334.291556837,0.0,1.0,0.0,0.0,0.0,0.0,1.0,0.0,0.0,-1.4000349044401232,-1.0378228258604472,-0.6563986948485567,-1.361575164128301,-0.8196941851084023
MKT-00384,Campaign 0384,2024-07-20 00:00:00+00:00,2024-10-15 00:00:00+00:00,723816,5837,0.0114,5613618.25,2024,7,3,5,20,0,0,87,124.00479698475245,7.7555874006653625,0.16875,0.4225,2935005.225015562,2841772.1179897054,0.0,0.0,0.0,0.0,0.0,1.0,0.0,1.0,0.0,0.9929899495220014,-0.17148058179224296,-1.8811934528153749,1.5935782989622396,1.6949251291129739
MKT-00385,Campaign 0385,2025-09-13 00:00:00+00:00,2025-12-06 00:00:00+00:00,798907,9798,0.0667,6827751.21,2025,9,3,5,13,0,0,84,81.53776280873647,8.546365484342983,0.1675,0.3254166666666667,2698290.221362763,2755334.291556837,0.0,1.0,0.0,0.0,0.0,0.0,1.0,0.0,0.0,1.2851278864964704,0.6887805434908248,1.5223819298763352,2.2837349332651353,0.056484738876990445
MKT-00386,Campaign 0386,2023-07-08 00:00:00+00:00,2023-07-31 00:00:00+00:00,60039,664,0.0513,311579.77,2023,7,3,5,8,0,0,23,90.42018072289157,5.189622911774014,0.16791666666666666,0.3254166666666667,2855926.099785614,2755334.291556837,1.0,0.0,0.0,0.0,0.0,0.0,1.0,0.0,0.0,-1.5894026593272907,-1.2949672773462215,0.5745508106457325,-1.4202901593170274,0.3991814342286667
MKT-00387,Campaign 0387,2026-01-31 00:00:00+00:00,2026-03-22 00:00:00+00:00,690547,5527,0.0357,2588995.78,2026,1,1,5,31,0,1,50,124.94065496652796,3.749195608698611,0.16875,0.4225,2935005.225015562,2841772.1179897054,0.0,0.0,0.0,0.0,0.0,1.0,0.0,1.0,0.0,0.8635584993455007,-0.2388072540562548,-0.385589803639813,-0.12572537922150112,1.7310319010271686
MKT-00388,Campaign 0388,2025-03-12 00:00:00+00:00,2025-05-17 00:00:00+00:00,565521,5503,0.0735,2916047.0,2025,3,1,2,12,0,0,66,102.76594584771942,5.156390302040066,0.16791666666666666,0.2520833333333333,2855926.099785614,2828093.8678722903,1.0,0.0,0.0,0.0,0.0,0.0,0.0,0.0,1.0,0.37715083786582965,-0.24401964158637185,1.9409047617443937,0.060182241011340724,0.8754991385695258
MKT-00389,Campaign 0389,2023-12-20 00:00:00+00:00,2024-03-08 00:00:00+00:00,226661,2877,0.0417,933202.99,2023,12,4,2,20,0,0,79,78.78380257212373,4.117174944079484,0.16875,0.3254166666666667,2935005.225015562,2755334.291556837,0.0,0.0,0.0,0.0,0.0,1.0,1.0,0.0,0.0,-0.9411677532192352,-0.8143417105066788,-0.016304951991526234,-1.0669372700916755,-0.049767081442463536
MKT-00390,Campaign 0390,2025-11-16 00:00:00+00:00,2025-11-30 00:00:00+00:00,257086,3039,0.0614,2104133.15,2025,11,4,6,16,0,0,14,84.59559065482067,8.184549722660899,0.1675,0.3254166666666667,2698290.221362763,2755334.291556837,0.0,1.0,0.0,0.0,0.0,0.0,1.0,0.0,0.0,-0.8228007487520125,-0.7791580946783888,1.196180310920349,-0.40133865375121186,0.1744602167181572
MKT-00391,Campaign 0391,2024-09-19 00:00:00+00:00,2024-11-05 00:00:00+00:00,213548,1834,0.0159,1836743.08,2024,9,3,3,19,0,0,47,116.43838604143947,8.60107835240789,0.15833333333333333,0.4225,2745646.1699524573,2841772.1179897054,0.0,0.0,1.0,0.0,0.0,0.0,0.0,1.0,0.0,-0.9921832513154946,-1.0408633852530156,-1.6042298140791595,-0.5533327407556662,1.4030019105697533
MKT-00392,Campaign 0392,2025-07-02 00:00:00+00:00,2025-09-27 00:00:00+00:00,254857,2136,0.0368,1237771.06,2025,7,3,2,2,0,0,87,119.31507490636704,4.85672773359178,0.17791666666666667,0.3254166666666667,2915925.030689836,2755334.291556837,0.0,0.0,0.0,1.0,0.0,0.0,1.0,0.0,0.0,-0.8314725664334403,-0.9752741754990427,-0.31788758083762725,-0.8938098771022546,1.5139887811598676
MKT-00393,Campaign 0393,2024-03-25 00:00:00+00:00,2024-05-14 00:00:00+00:00,315337,4013,0.0373,2350041.05,2024,3,1,0,25,0,0,50,78.5788686768004,7.45247481266074,0.17791666666666667,0.3254166666666667,2915925.030689836,2755334.291556837,0.0,0.0,0.0,1.0,0.0,0.0,1.0,0.0,0.0,-0.5961780247677827,-0.5676220340811385,-0.28711384320027,-0.26155580112814075,-0.05767373134022776
MKT-00394,Campaign 0394,2023-07-02 00:00:00+00:00,2023-08-11 00:00:00+00:00,724881,10936,0.0262,5419136.87,2023,7,3,6,2,0,0,40,66.28392465252378,7.475898623360249,0.16875,0.4225,2935005.225015562,2841772.1179897054,0.0,0.0,0.0,0.0,0.0,1.0,0.0,1.0,0.0,0.9971332809848639,0.9359345855438749,-0.9702908187496005,1.4830281211173166,-0.5320306831718756
MKT-00395,Campaign 0395,2024-06-12 00:00:00+00:00,2024-07-01 00:00:00+00:00,274806,2608,0.0278,2076230.54,2024,6,2,2,12,0,0,19,105.37039877300613,7.555259128257753,0.17791666666666667,0.3254166666666667,2915925.030689836,2755334.291556837,0.0,0.0,0.0,1.0,0.0,0.0,1.0,0.0,0.0,-0.7538619379333046,-0.8727638874067407,-0.8718148583100576,-0.4171994960479783,0.9759827477985406
MKT-00396,Campaign 0396,2024-09-27 00:00:00+00:00,2024-11-02 00:00:00+00:00,824630,16715,0.0444,3062235.43,2024,9,3,4,27,0,0,36,49.33472928507329,3.7134659544280466,0.15833333333333333,0.3254166666666667,2745646.1699524573,2755334.291556837,0.0,0.0,1.0,0.0,0.0,0.0,1.0,0.0,0.0,1.3852019852938533,2.1910340662333088,0.1498732312502029,0.14328097743212337,-1.1859554700296133
MKT-00397,Campaign 0397,2023-04-18 00:00:00+00:00,2023-06-18 00:00:00+00:00,509659,7200,0.0392,4053692.32,2023,4,2,1,18,0,0,61,70.78597222222223,7.95373439888239,0.15958333333333333,0.2520833333333333,2694009.023235263,2828093.8678722903,0.0,0.0,0.0,0.0,1.0,0.0,0.0,0.0,1.0,0.15982240389547642,0.1245395933556544,-0.17017364017831255,0.7068605628663385,-0.3583350926961083
MKT-00398,Campaign 0398,2023-08-05 00:00:00+00:00,2023-09-11 00:00:00+00:00,557301,15090,0.0389,3159070.4,2023,8,3,5,5,0,0,37,36.93180914512922,5.668517372120272,0.15958333333333333,0.4225,2694009.023235263,2841772.1179897054,0.0,0.0,0.0,0.0,1.0,0.0,0.0,1.0,0.0,0.345171321786271,1.838111993881634,-0.188637882760727,0.19832544058385407,-1.6644782985824158
MKT-00399,Campaign 0399,2023-09-23 00:00:00+00:00,2023-10-22 00:00:00+00:00,830189,7515,0.0338,6477452.36,2023,9,3,5,23,0,0,29,110.4709248170326,7.8023827827157435,0.1675,0.4225,2698290.221362763,2841772.1179897054,0.0,1.0,0.0,0.0,0.0,0.0,0.0,1.0,0.0,1.4068290083943722,0.19295217968844064,-0.5025300066617708,2.0846125279923435,1.1727685145499007
MKT-00400,Campaign 0400,2024-04-03 00:00:00+00:00,2024-07-03 00:00:00+00:00,34976,888,0.0583,177404.71,2024,4,2,2,3,0,0,91,39.387387387387385,5.072184069075938,0.16791666666666666,0.3254166666666667,2855926.099785614,2755334.291556837,1.0,0.0,0.0,0.0,0.0,0.0,1.0,0.0,0.0,-1.686909059753322,-1.2463183270651292,1.0053831375687339,-1.4965600662117298,-1.5697384927173597
MKT-00401,Campaign 0401,2023-08-17 00:00:00+00:00,2023-09-03 00:00:00+00:00,395423,4698,0.0221,3296659.6,2023,8,3,3,17,0,0,17,84.16836951894423,8.337045644790516,0.17791666666666667,0.4225,2915925.030689836,2841772.1179897054,0.0,0.0,0.0,1.0,0.0,0.0,0.0,1.0,0.0,-0.28460727966467664,-0.41885180665904787,-1.2226354673759299,0.2765360668635559,0.157977399442027
MKT-00402,Campaign 0402,2025-10-05 00:00:00+00:00,2025-11-11 00:00:00+00:00,313505,2518,0.0429,1393231.56,2025,10,4,6,5,0,0,37,124.50555996822875,4.444048930639065,0.1675,0.3254166666666667,2698290.221362763,2755334.291556837,0.0,1.0,0.0,0.0,0.0,0.0,1.0,0.0,0.0,-0.6033053329743218,-0.8923103406446796,0.05755201833813111,-0.8054405642001113,1.7142452986040193
MKT-00403,Campaign 0403,2025-03-06 00:00:00+00:00,2025-05-03 00:00:00+00:00,740436,11498,0.0348,3121867.88,2025,3,1,3,6,0,0,58,64.39693859801704,4.2162562058030675,0.1675,0.2520833333333333,2698290.221362763,2828093.8678722903,0.0,1.0,0.0,0.0,0.0,0.0,0.0,0.0,1.0,1.0576492630551235,1.0579913268741157,-0.4409825313870563,0.1771781965531952,-0.6048333694791285
MKT-00404,Campaign 0404,2023-05-15 00:00:00+00:00,2023-08-08 00:00:00+00:00,865909,8070,0.0335,2829744.16,2023,5,2,0,15,0,0,85,107.2997521685254,3.2679463546400376,0.17791666666666667,0.4225,2915925.030689836,2841772.1179897054,0.0,0.0,0.0,1.0,0.0,0.0,0.0,1.0,0.0,1.5457959566135735,0.3134886413223974,-0.5209942492441848,0.011124617548766041,1.0504200281877376
MKT-00405,Campaign 0405,2024-01-10 00:00:00+00:00,2024-03-21 00:00:00+00:00,882938,18729,0.0071,4247401.57,2024,1,1,2,10,0,0,71,47.14282663249506,4.810532075864897,0.15958333333333333,0.4225,2694009.023235263,2841772.1179897054,0.0,0.0,0.0,0.0,1.0,0.0,0.0,1.0,0.0,1.6120464650465178,2.628440253135631,-2.145847596496647,0.8169718343809003,-1.2705222853754754
MKT-00406,Campaign 0406,2025-12-18 00:00:00+00:00,2026-03-12 00:00:00+00:00,578337,12398,0.0414,3225098.7,2025,12,4,3,18,0,0,84,46.647604452331024,5.576504183546963,0.15833333333333333,0.3254166666666667,2745646.1699524573,2755334.291556837,0.0,0.0,1.0,0.0,0.0,0.0,1.0,0.0,0.0,0.42701087169498086,1.253455859253505,-0.034769194573940676,0.23585828978411144,-1.2896286825577803
MKT-00407,Campaign 0407,2025-08-06 00:00:00+00:00,2025-09-23 00:00:00+00:00,268441,4847,0.0322,2012023.53,2025,8,3,2,6,0,0,48,55.38291726841345,7.495216937800112,0.15833333333333333,0.4225,2745646.1699524573,2841772.1179897054,0.0,0.0,1.0,0.0,0.0,0.0,0.0,1.0,0.0,-0.7786246654085346,-0.3864915674095712,-0.6010059671013138,-0.4536970588192356,-0.9526075173901265
MKT-00408,Campaign 0408,2024-01-23 00:00:00+00:00,2024-04-12 00:00:00+00:00,770478,7187,0.0464,2741786.84,2024,1,1,1,23,0,0,80,107.2043968276054,3.5585530540781174,0.17791666666666667,0.3254166666666667,2915925.030689836,2755334.291556837,0.0,0.0,0.0,1.0,0.0,0.0,1.0,0.0,0.0,1.1745262243765469,0.121716216776841,0.2729681817996315,-0.03887347156785181,1.0467410794450374
MKT-00409,Campaign 0409,2023-11-04 00:00:00+00:00,2023-12-12 00:00:00+00:00,537252,5878,0.0912,2397524.12,2023,11,4,5,4,0,0,38,91.40047635250085,4.462568999277806,0.16791666666666666,0.4225,2855926.099785614,2841772.1179897054,1.0,0.0,0.0,0.0,0.0,0.0,0.0,1.0,0.0,0.26717164807835486,-0.162576086428293,3.0302950741068404,-0.23456472448562132,0.43700267569484735
MKT-00410,Campaign 0410,2024-12-12 00:00:00+00:00,2025-01-07 00:00:00+00:00,448930,4087,0.0448,2944767.46,2024,12,4,3,12,0,0,26,109.8434059212136,6.559524781146281,0.1675,0.3254166666666667,2698290.221362763,2755334.291556837,0.0,1.0,0.0,0.0,0.0,0.0,1.0,0.0,0.0,-0.07644086033755465,-0.5515505058632777,0.17449222136008855,0.07650797852301401,1.1485579162706643
MKT-00411,Campaign 0411,2025-04-20 00:00:00+00:00,2025-07-12 00:00:00+00:00,425411,7007,0.0494,3188588.92,2025,4,2,6,20,0,0,83,60.71228771228771,7.495313755403598,0.16791666666666666,0.3254166666666667,2855926.099785614,2755334.291556837,1.0,0.0,0.0,0.0,0.0,0.0,1.0,0.0,0.0,-0.16794040275545477,0.08262331030096313,0.4576106076237751,0.21510482396605196,-0.7469925984489556
MKT-00412,Campaign 0412,2024-07-21 00:00:00+00:00,2024-09-24 00:00:00+00:00,420964,8298,0.0295,2973878.85,2024,7,3,6,21,0,0,65,50.73077850084358,7.064449335335088,0.15833333333333333,0.3254166666666667,2745646.1699524573,2755334.291556837,0.0,0.0,1.0,0.0,0.0,0.0,1.0,0.0,0.0,-0.18524124314545443,0.3630063228585093,-0.767184150343043,0.09305593464001052,-1.132093846154614
MKT-00413,Campaign 0413,2024-08-25 00:00:00+00:00,2024-09-13 00:00:00+00:00,801438,9511,0.0448,6010028.72,2024,8,3,6,25,0,0,19,84.26432551782148,7.499056346217674,0.1675,0.4225,2698290.221362763,2841772.1179897054,0.0,1.0,0.0,0.0,0.0,0.0,0.0,1.0,0.0,1.2949746207053954,0.6264490759431751,0.17449222136008855,1.8189121996065551,0.16167952244864625
MKT-00414,Campaign 0414,2024-09-28 00:00:00+00:00,2024-11-10 00:00:00+00:00,517679,13575,0.0402,3908463.96,2024,9,3,5,28,0,0,43,38.134732965009206,7.549975873079649,0.15833333333333333,0.3254166666666667,2745646.1699524573,2755334.291556837,0.0,0.0,1.0,0.0,0.0,0.0,1.0,0.0,0.0,0.191023829559474,1.5090800310429953,-0.10862616490359803,0.6243075645992218,-1.6180677353982922
MKT-00415,Campaign 0415,2024-12-01 00:00:00+00:00,2024-12-29 00:00:00+00:00,814550,10328,0.0288,3365839.94,2024,12,4,6,1,1,0,28,78.86812548412084,4.1321465103431345,0.15958333333333333,0.2520833333333333,2694009.023235263,2828093.8678722903,0.0,0.0,0.0,0.0,1.0,0.0,0.0,0.0,1.0,1.345986228349577,0.8038874347809096,-0.8102673830353431,0.31586064842695394,-0.046513779969473
MKT-00416,Campaign 0416,2024-12-22 00:00:00+00:00,2025-02-10 00:00:00+00:00,778826,6421,0.0274,3733849.05,2024,12,4,6,22,0,0,50,121.2935679800654,4.79420184996392,0.16875,0.4225,2935005.225015562,2841772.1179897054,0.0,0.0,0.0,0.0,0.0,1.0,0.0,1.0,0.0,1.2070037183220645,-0.044645818559394784,-0.8964338484199432,0.5250501994217677,1.5903219423199728
MKT-00417,Campaign 0417,2024-01-18 00:00:00+00:00,2024-03-24 00:00:00+00:00,266968,2858,0.0496,2197331.96,2024,1,1,3,18,0,0,66,93.4107767669699,8.23069416559288,0.16875,0.4225,2935005.225015562,2841772.1179897054,0.0,0.0,0.0,0.0,0.0,1.0,0.0,1.0,0.0,-0.7843553013191417,-0.8184681839680215,0.4699201026787179,-0.34836111409967724,0.5145630106577832
MKT-00418,Campaign 0418,2023-04-13 00:00:00+00:00,2023-05-09 00:00:00+00:00,872457,10831,0.0312,6350890.57,2023,4,2,3,13,0,0,26,80.55184193518603,7.2793164247636275,0.16875,0.4225,2935005.225015562,2841772.1179897054,0.0,0.0,0.0,0.0,0.0,1.0,0.0,1.0,0.0,1.5712706368190419,0.9131303900996127,-0.6625534423760283,2.0126702762823245,0.018446467258905634
MKT-00419,Campaign 0419,2025-01-07 00:00:00+00:00,2025-04-02 00:00:00+00:00,321656,6108,0.0269,2760434.88,2025,1,1,1,7,0,0,85,52.661427635887364,8.58194742209068,0.17791666666666667,0.4225,2915925.030689836,2841772.1179897054,0.0,0.0,0.0,1.0,0.0,0.0,0.0,1.0,0.0,-0.5715942580881317,-0.11262403926467128,-0.9272075860573005,-0.028273258126034196,-1.0576065742363785
MKT-00420,Campaign 0420,2023-08-19 00:00:00+00:00,2023-11-17 00:00:00+00:00,500019,6549,0.0631,4312763.75,2023,8,3,5,19,0,0,90,76.35043518094365,8.625199742409789,0.17791666666666667,0.3254166666666667,2915925.030689836,2755334.291556837,0.0,0.0,0.0,1.0,0.0,0.0,1.0,0.0,0.0,0.12231844586543443,-0.01684641839877053,1.3008110188873636,0.8541260371294195,-0.14364996013532746
MKT-00421,Campaign 0421,2024-12-23 00:00:00+00:00,2025-02-26 00:00:00+00:00,859596,10170,0.0665,2766302.16,2024,12,4,0,23,0,0,65,84.52271386430678,3.2181421970320945,0.17791666666666667,0.4225,2915925.030689836,2841772.1179897054,0.0,0.0,0.0,1.0,0.0,0.0,0.0,1.0,0.0,1.5212355326463893,0.769572550207639,1.5100724348213928,-0.02493808615499004,0.1716485233798888
MKT-00422,Campaign 0422,2025-05-16 00:00:00+00:00,2025-06-19 00:00:00+00:00,881586,10999,0.0271,5750207.08,2025,5,2,4,16,0,0,34,80.15146831530139,6.522570775851704,0.16875,0.3254166666666667,2935005.225015562,2755334.291556837,0.0,0.0,0.0,0.0,0.0,1.0,1.0,0.0,0.0,1.6067865738373253,0.9496171028104321,-0.9148980910023576,1.6712202791257387,0.0029994664797818767
MKT-00423,Campaign 0423,2025-05-26 00:00:00+00:00,2025-06-26 00:00:00+00:00,148980,1771,0.0589,1142700.72,2025,5,2,0,26,0,0,31,84.1219649915302,7.670161900926298,0.15958333333333333,0.4225,2694009.023235263,2841772.1179897054,0.0,0.0,0.0,0.0,1.0,0.0,0.0,1.0,0.0,-1.2433819610752197,-1.0545459025195727,1.0423116227335627,-0.9478512613971279,0.1561870447944709
MKT-00424,Campaign 0424,2025-05-12 00:00:00+00:00,2025-07-31 00:00:00+00:00,724890,5942,0.0158,4956227.79,2025,5,2,0,12,0,0,80,121.99427802086839,6.837213632413194,0.15833333333333333,0.4225,2745646.1699524573,2841772.1179897054,0.0,0.0,1.0,0.0,0.0,0.0,0.0,1.0,0.0,0.9971682950535641,-0.14867638634798086,-1.610384561606631,1.2198940302340167,1.6173563621934453
MKT-00425,Campaign 0425,2024-08-05 00:00:00+00:00,2024-09-21 00:00:00+00:00,488939,9329,0.0268,1751337.48,2024,8,3,0,5,0,0,47,52.41065494693965,3.581914062899462,0.1675,0.3254166666666667,2698290.221362763,2755334.291556837,0.0,1.0,0.0,0.0,0.0,0.0,1.0,0.0,0.0,0.07921223684335299,0.5869218038397875,-0.9333623335847718,-0.6018803408855725,-1.067281751943327
MKT-00426,Campaign 0426,2024-09-30 00:00:00+00:00,2024-10-18 00:00:00+00:00,718153,10137,0.0226,5039145.39,2024,9,3,0,30,0,1,18,70.84472723685508,7.016813116425051,0.16791666666666666,0.4225,2855926.099785614,2841772.1179897054,1.0,0.0,0.0,0.0,0.0,0.0,0.0,1.0,0.0,0.9709583194053906,0.7624055173537281,-1.1918617297385727,1.267027362106066,-0.35606823815890737
MKT-00427,Campaign 0427,2025-05-29 00:00:00+00:00,2025-07-13 00:00:00+00:00,801880,16579,0.034,4683059.38,2025,5,2,3,29,0,0,45,48.3672115326618,5.840099990023445,0.16875,0.2520833333333333,2935005.225015562,2828093.8678722903,0.0,0.0,0.0,0.0,0.0,1.0,0.0,0.0,1.0,1.2966942005237854,2.1614972035626456,-0.49022051160682756,1.0646153279381219,-1.2232837222746595
MKT-00428,Campaign 0428,2025-12-23 00:00:00+00:00,2026-03-08 00:00:00+00:00,870078,12075,0.042,5578489.27,2025,12,4,1,23,0,0,75,72.05614906832298,6.411481809676833,0.16875,0.3254166666666667,2935005.225015562,2755334.291556837,0.0,0.0,0.0,0.0,0.0,1.0,1.0,0.0,0.0,1.5620152513259433,1.1833058104106797,0.002159290590888208,1.5736097292898585,-0.30932980923863124
MKT-00429,Campaign 0429,2026-01-27 00:00:00+00:00,2026-03-31 00:00:00+00:00,111769,2561,0.0219,854764.46,2026,1,1,1,27,0,0,63,43.64271768840297,7.647598708049638,0.1675,0.4225,2698290.221362763,2841772.1179897054,0.0,1.0,0.0,0.0,0.0,0.0,0.0,1.0,0.0,-1.3881495733424285,-0.88297147965322,-1.2349449624308728,-1.1115245382476004,-1.4055616158937694
MKT-00430,Campaign 0430,2023-02-20 00:00:00+00:00,2023-05-07 00:00:00+00:00,144641,2161,0.035,599685.13,2023,2,1,0,20,0,0,76,66.93243868579361,4.146024502042989,0.16791666666666666,0.2520833333333333,2855926.099785614,2828093.8678722903,1.0,0.0,0.0,0.0,0.0,0.0,0.0,0.0,1.0,-1.2602626326408164,-0.9698446051551708,-0.42867303633211307,-1.2565207599736277,-0.5070100617331355
MKT-00431,Campaign 0431,2024-01-06 00:00:00+00:00,2024-03-12 00:00:00+00:00,618754,8860,0.0268,3219238.53,2024,1,1,5,6,0,0,66,69.83679458239277,5.202776111346351,0.16791666666666666,0.2520833333333333,2855926.099785614,2828093.8678722903,1.0,0.0,0.0,0.0,0.0,0.0,0.0,0.0,1.0,0.584251273323633,0.48506306418875017,-0.9333623335847718,0.23252715939156937,-0.39495575653054577
MKT-00432,Campaign 0432,2025-11-03 00:00:00+00:00,2025-12-07 00:00:00+00:00,62035,617,0.0457,216143.34,2025,11,4,0,3,0,0,34,100.54294975688816,3.4842160070927704,0.15833333333333333,0.3254166666666667,2745646.1699524573,2755334.291556837,0.0,0.0,1.0,0.0,0.0,0.0,1.0,0.0,0.0,-1.5816373169799915,-1.3051748695927008,0.22988494910733145,-1.4745396422720771,0.7897326928257903
MKT-00433,Campaign 0433,2025-01-07 00:00:00+00:00,2025-03-06 00:00:00+00:00,572516,4882,0.0439,3665632.19,2025,1,1,1,7,0,0,58,117.27079065956575,6.40267204759343,0.16875,0.3254166666666667,2935005.225015562,2755334.291556837,0.0,0.0,0.0,0.0,0.0,1.0,1.0,0.0,0.0,0.4043645501500769,-0.3788901689281505,0.11909949361284564,0.48627329437809624,1.4351173001612239
MKT-00434,Campaign 0434,2024-05-13 00:00:00+00:00,2024-07-10 00:00:00+00:00,125759,1561,0.0642,464473.04,2024,5,2,0,13,0,0,58,80.5631005765535,3.6933582487138095,0.15833333333333333,0.3254166666666667,2745646.1699524573,2755334.291556837,0.0,0.0,1.0,0.0,0.0,0.0,1.0,0.0,0.0,-1.333722148773934,-1.100154293408097,1.368513241689549,-1.3333801518407755,0.018880842136114497
MKT-00435,Campaign 0435,2024-11-28 00:00:00+00:00,2025-02-26 00:00:00+00:00,659321,6287,0.014,3040698.45,2024,11,4,3,28,0,0,90,104.87052648321934,4.611863492896481,0.15958333333333333,0.4225,2694009.023235263,2841772.1179897054,0.0,0.0,0.0,0.0,1.0,0.0,0.0,1.0,0.0,0.742075242763956,-0.0737483156025483,-1.7211700171011173,0.13103858708481841,0.9566969425748506
MKT-00436,Campaign 0436,2025-11-15 00:00:00+00:00,2025-12-22 00:00:00+00:00,528882,7392,0.0601,3917204.4,2025,11,4,5,15,0,0,37,71.5478896103896,7.40657537976335,0.16875,0.2520833333333333,2935005.225015562,2828093.8678722903,0.0,0.0,0.0,0.0,0.0,1.0,0.0,0.0,1.0,0.23460856418712547,0.16623869359659077,1.1161685930632201,0.6292759435589086,-0.328939203696128
MKT-00437,Campaign 0437,2025-06-09 00:00:00+00:00,2025-07-18 00:00:00+00:00,850850,14077,0.0602,3261594.94,2025,6,2,0,9,0,0,39,60.4425658876181,3.833337180466592,0.1675,0.3254166666666667,2698290.221362763,2755334.291556837,0.0,1.0,0.0,0.0,0.0,0.0,1.0,0.0,0.0,1.487209638773905,1.6181058035479434,1.1223233405906912,0.2566040589815069,-0.7573988615714323
MKT-00438,Campaign 0438,2024-06-20 00:00:00+00:00,2024-07-20 00:00:00+00:00,792815,16345,0.0333,4074052.56,2024,6,2,3,20,0,0,30,48.505047415111655,5.1387178093250006,0.16791666666666666,0.4225,2855926.099785614,2841772.1179897054,1.0,0.0,0.0,0.0,0.0,0.0,0.0,1.0,0.0,1.2614272524384813,2.1106764251440047,-0.5333037442991276,0.7184340520762841,-1.2179658120082248
MKT-00439,Campaign 0439,2025-04-13 00:00:00+00:00,2025-05-26 00:00:00+00:00,305562,4335,0.036,2263799.07,2025,4,2,6,13,0,0,43,70.4871972318339,7.4086407013961155,0.15958333333333333,0.4225,2694009.023235263,2841772.1179897054,0.0,0.0,0.0,0.0,1.0,0.0,0.0,1.0,0.0,-0.6342071938283284,-0.4976891680520682,-0.36712556105739896,-0.31057882958823435,-0.3698622695132044
MKT-00440,Campaign 0440,2025-06-04 00:00:00+00:00,2025-08-05 00:00:00+00:00,64792,627,0.0472,486861.91,2025,6,2,2,4,0,0,62,103.3365231259968,7.514228762810223,0.17791666666666667,0.3254166666666667,2915925.030689836,2755334.291556837,0.0,0.0,0.0,1.0,0.0,0.0,1.0,0.0,0.0,-1.5709113406014827,-1.3030030414551521,0.3222061620194032,-1.3206535167241034,0.8975128458278622
MKT-00441,Campaign 0441,2025-03-11 00:00:00+00:00,2025-04-27 00:00:00+00:00,534864,6006,0.0581,3954920.39,2025,3,1,1,11,0,0,47,89.05494505494505,7.394254221633911,0.16875,0.3254166666666667,2935005.225015562,2755334.291556837,0.0,0.0,0.0,0.0,0.0,1.0,1.0,0.0,0.0,0.2578812485165561,-0.13477668626766873,0.9930736425137909,0.650715062317205,0.34650864216875665
MKT-00442,Campaign 0442,2026-02-05 00:00:00+00:00,2026-04-16 00:00:00+00:00,477225,8733,0.0091,3125378.11,2026,2,1,3,5,0,0,70,54.64616970113363,6.549066184713709,0.17791666666666667,0.3254166666666667,2915925.030689836,2755334.291556837,0.0,0.0,0.0,1.0,0.0,0.0,1.0,0.0,0.0,0.033639481203943056,0.45748084684188084,-2.022752645947218,0.1791735369337323,-0.9810323178279471
MKT-00443,Campaign 0443,2024-05-20 00:00:00+00:00,2024-06-07 00:00:00+00:00,395050,3861,0.0346,2805514.38,2024,5,2,0,20,0,0,18,102.31805231805232,7.101669105176559,0.1675,0.4225,2698290.221362763,2841772.1179897054,0.0,1.0,0.0,0.0,0.0,0.0,0.0,1.0,0.0,-0.28605841828969797,-0.6006338217718799,-0.4532920264419991,-0.00264845670720326,0.858218750057102
MKT-00444,Campaign 0444,2025-10-02 00:00:00+00:00,2025-12-10 00:00:00+00:00,583065,13566,0.0489,4037382.86,2025,10,4,3,2,0,0,69,42.97987616099071,6.924412989975388,0.16791666666666666,0.3254166666666667,2855926.099785614,2755334.291556837,1.0,0.0,0.0,0.0,0.0,0.0,1.0,0.0,0.0,0.4454049291188438,1.5071253857192013,0.42683686998641784,0.6975896820058949,-1.4311350130454663
MKT-00445,Campaign 0445,2023-07-25 00:00:00+00:00,2023-10-17 00:00:00+00:00,647060,13194,0.0431,4050293.81,2023,7,3,1,25,0,0,84,49.04198878278005,6.259533598120731,0.15958333333333333,0.4225,2694009.023235263,2841772.1179897054,0.0,0.0,0.0,0.0,1.0,0.0,0.0,1.0,0.0,0.6943744098379866,1.426333379002387,0.06986151339307393,0.7049287281328142,-1.197249827455828
MKT-00446,Campaign 0446,2023-04-13 00:00:00+00:00,2023-07-01 00:00:00+00:00,567577,11056,0.0424,3047801.39,2023,4,2,3,13,0,0,79,51.336559334298116,5.369846540645587,0.15958333333333333,0.2520833333333333,2694009.023235263,2828093.8678722903,0.0,0.0,0.0,0.0,1.0,0.0,0.0,0.0,1.0,0.3851496073377971,0.96199652319446,0.026778280700773847,0.1350761524302608,-1.1087219341663903
MKT-00447,Campaign 0447,2023-07-17 00:00:00+00:00,2023-09-04 00:00:00+00:00,877487,9091,0.0159,3351882.41,2023,7,3,0,17,0,0,49,96.52260477395227,3.8198656048465676,0.15833333333333333,0.3254166666666667,2745646.1699524573,2755334.291556837,0.0,0.0,1.0,0.0,0.0,0.0,1.0,0.0,0.0,1.590839610770402,0.5352322941661268,-1.6042298140791595,0.3079266887657472,0.6346218938134838
MKT-00448,Campaign 0448,2025-06-21 00:00:00+00:00,2025-08-29 00:00:00+00:00,280319,4629,0.034,2202787.54,2025,6,2,5,21,0,0,69,60.557139771008856,7.858145684024272,0.15958333333333333,0.3254166666666667,2694009.023235263,2755334.291556837,0.0,0.0,0.0,0.0,1.0,0.0,1.0,0.0,0.0,-0.7324138756283646,-0.43383742080813437,-0.49022051160682756,-0.34525996714541757,-0.7529784333061682
MKT-00449,Campaign 0449,2023-08-22 00:00:00+00:00,2023-11-04 00:00:00+00:00,480486,4200,0.0357,2879075.04,2023,8,3,1,22,0,0,74,114.40142857142857,5.992006093829997,0.16791666666666666,0.4225,2855926.099785614,2841772.1179897054,1.0,0.0,0.0,0.0,0.0,0.0,0.0,1.0,0.0,0.046326245429665756,-0.5270088479089766,-0.385589803639813,0.03916605553756751,1.3244131073529832
MKT-00450,Campaign 0450,2024-06-16 00:00:00+00:00,2024-07-29 00:00:00+00:00,235999,5453,0.0277,1790156.07,2024,6,2,6,16,0,0,43,43.278745644599304,7.585439217962788,0.15958333333333333,0.2520833333333333,2694009.023235263,2828093.8678722903,0.0,0.0,0.0,0.0,1.0,0.0,0.0,0.0,1.0,-0.9048387117166904,-0.2548787822741157,-0.8779696058375289,-0.579814464819755,-1.4196041905415053
MKT-00451,Campaign 0451,2024-02-29 00:00:00+00:00,2024-04-12 00:00:00+00:00,626617,5252,0.0597,3652698.0,2024,2,1,3,29,0,1,43,119.31016755521706,5.829235402167512,0.16875,0.4225,2935005.225015562,2841772.1179897054,0.0,0.0,0.0,0.0,0.0,1.0,0.0,1.0,0.0,0.6148418980114152,-0.298532527838846,1.0915496029533345,0.4789210378033022,1.5137994483635182
MKT-00452,Campaign 0452,2023-11-29 00:00:00+00:00,2024-02-27 00:00:00+00:00,38399,1083,0.036,260349.74,2023,11,4,2,29,0,0,90,35.45614035087719,6.780117711398734,0.16791666666666666,0.2520833333333333,2855926.099785614,2828093.8678722903,1.0,0.0,0.0,0.0,0.0,0.0,0.0,0.0,1.0,-1.673592042290995,-1.203967678382928,-0.36712556105739896,-1.4494111421458242,-1.7214117624332739
MKT-00453,Campaign 0453,2023-08-06 00:00:00+00:00,2023-10-23 00:00:00+00:00,574202,4884,0.0283,4993409.38,2023,8,3,6,6,0,0,78,117.56797706797707,8.696259121354506,0.1675,0.3254166666666667,2698290.221362763,2755334.291556837,0.0,1.0,0.0,0.0,0.0,0.0,1.0,0.0,0.0,0.41092385235325646,-0.3784558033006407,-0.8410411206727003,1.241029376903487,1.4465831871584673
MKT-00454,Campaign 0454,2025-03-29 00:00:00+00:00,2025-06-25 00:00:00+00:00,161767,3459,0.0733,603817.76,2025,3,1,5,29,0,0,88,46.7669846776525,3.7326386716697475,0.16791666666666666,0.3254166666666667,2855926.099785614,2755334.291556837,1.0,0.0,0.0,0.0,0.0,0.0,1.0,0.0,0.0,-1.193634750356325,-0.6879413129013404,1.9285952666894512,-1.2541716251543085,-1.2850228185798185
MKT-00455,Campaign 0455,2025-03-03 00:00:00+00:00,2025-05-23 00:00:00+00:00,22300,600,0.0491,107512.1,2025,3,1,0,3,0,0,81,37.166666666666664,4.821170403587444,0.17791666666666667,0.2520833333333333,2915925.030689836,2828093.8678722903,0.0,0.0,0.0,1.0,0.0,0.0,0.0,0.0,1.0,-1.7362244302915806,-1.3088669774265338,0.4391463650413607,-1.5362895275388029,-1.6554171513489462
MKT-00456,Campaign 0456,2024-05-14 00:00:00+00:00,2024-07-02 00:00:00+00:00,29669,501,0.0446,137727.78,2024,5,2,1,14,0,0,49,59.21956087824351,4.64214432572719,0.1675,0.2520833333333333,2698290.221362763,2828093.8678722903,0.0,1.0,0.0,0.0,0.0,0.0,0.0,0.0,1.0,-1.7075556889302341,-1.3303680759882666,0.1621827263051457,-1.519113853457792,-0.8045841864640277
MKT-00457,Campaign 0457,2025-02-22 00:00:00+00:00,2025-04-08 00:00:00+00:00,609186,9331,0.0399,5000735.73,2025,2,1,5,22,0,0,45,65.28625013396206,8.208881573115601,0.16791666666666666,0.4225,2855926.099785614,2841772.1179897054,1.0,0.0,0.0,0.0,0.0,0.0,0.0,1.0,0.0,0.547027427843193,0.5873561694672973,-0.12709040748601247,1.2451939364898814,-0.5705224276328993
MKT-00458,Campaign 0458,2024-11-07 00:00:00+00:00,2025-02-04 00:00:00+00:00,458249,4528,0.0312,1783777.47,2024,11,4,3,7,0,0,89,101.20340106007068,3.892594353724722,0.15833333333333333,0.2520833333333333,2745646.1699524573,2828093.8678722903,0.0,0.0,1.0,0.0,0.0,0.0,0.0,0.0,1.0,-0.04018573742448813,-0.45577288499737695,-0.6625534423760283,-0.5834402893814772,0.815213871625165
MKT-00459,Campaign 0459,2023-06-09 00:00:00+00:00,2023-07-31 00:00:00+00:00,539115,4653,0.0286,4258353.56,2023,6,2,4,9,0,0,52,115.86395873629917,7.898785157155708,0.15833333333333333,0.3254166666666667,2745646.1699524573,2755334.291556837,0.0,0.0,1.0,0.0,0.0,0.0,1.0,0.0,0.0,0.2744195602993059,-0.4286250332780173,-0.8225768780902859,0.8231973375229272,1.380839663634981
MKT-00460,Campaign 0460,2025-06-18 00:00:00+00:00,2025-09-16 00:00:00+00:00,615946,8834,0.0232,2331380.17,2025,6,2,2,18,0,0,90,69.7244736246321,3.7850398736252853,0.16791666666666666,0.3254166666666667,2855926.099785614,2755334.291556837,1.0,0.0,0.0,0.0,0.0,0.0,1.0,0.0,0.0,0.5733268838891561,0.4794163110311234,-1.1549332445737441,-0.2721633132855656,-0.3992892636245969
MKT-00461,Campaign 0461,2024-02-22 00:00:00+00:00,2024-04-24 00:00:00+00:00,176207,3058,0.0366,1532965.39,2024,2,1,3,22,0,0,62,57.621648136036626,8.699798475656472,0.15958333333333333,0.4225,2694009.023235263,2841772.1179897054,0.0,0.0,0.0,0.0,1.0,0.0,0.0,1.0,0.0,-1.137456622352818,-0.775031621217046,-0.3301970758925701,-0.7260108534614679,-0.8662340009072297
MKT-00462,Campaign 0462,2025-08-03 00:00:00+00:00,2025-10-13 00:00:00+00:00,569043,9449,0.0177,2281963.33,2025,8,3,6,3,0,0,71,60.22256323420468,4.0101773152468265,0.1675,0.4225,2698290.221362763,2841772.1179897054,0.0,1.0,0.0,0.0,0.0,0.0,0.0,1.0,0.0,0.3908530100838595,0.6129837414903727,-1.4934443585846735,-0.30025361401530165,-0.7658868862311629
MKT-00463,Campaign 0463,2023-02-05 00:00:00+00:00,2023-04-15 00:00:00+00:00,439785,3863,0.0564,1498974.67,2023,2,1,6,5,0,0,69,113.84545689878333,3.408426094568937,0.1675,0.3254166666666667,2698290.221362763,2755334.291556837,0.0,1.0,0.0,0.0,0.0,0.0,1.0,0.0,0.0,-0.11201904458908306,-0.6001994561443701,0.8884429345467764,-0.7453323954058791,1.3029629057562944
MKT-00464,Campaign 0464,2024-06-21 00:00:00+00:00,2024-09-05 00:00:00+00:00,665717,16701,0.0312,5541573.45,2024,6,2,4,21,0,0,76,39.86090653254296,8.324218023574582,0.16875,0.4225,2935005.225015562,2841772.1179897054,0.0,0.0,0.0,0.0,0.0,1.0,0.0,1.0,0.0,0.7669585742535979,2.1879935068407406,-0.6625534423760283,1.5526254558016146,-1.5514694304193601
MKT-00465,Campaign 0465,2025-12-17 00:00:00+00:00,2026-01-11 00:00:00+00:00,468267,6319,0.0557,3934135.28,2025,12,4,2,17,0,0,25,74.10460515904416,8.401478814437063,0.16875,0.4225,2935005.225015562,2841772.1179897054,0.0,0.0,0.0,0.0,0.0,1.0,0.0,1.0,0.0,-0.0012111885090357911,-0.06679846556239223,0.8453597018544763,0.6389000617910553,-0.23029737239005107
MKT-00466,Campaign 0466,2024-05-21 00:00:00+00:00,2024-06-12 00:00:00+00:00,92454,1685,0.0286,532904.5,2024,5,2,1,21,0,0,22,54.868842729970325,5.763996149436476,0.16791666666666666,0.4225,2855926.099785614,2841772.1179897054,1.0,0.0,0.0,0.0,0.0,0.0,0.0,1.0,0.0,-1.4632936552252356,-1.0732236245024922,-0.8225768780902859,-1.2944812604755058,-0.9724412661724428
MKT-00467,Campaign 0467,2025-08-03 00:00:00+00:00,2025-09-08 00:00:00+00:00,152929,2278,0.0482,1019351.53,2025,8,3,6,3,0,0,36,67.13301141352063,6.6655214511309175,0.15958333333333333,0.3254166666666667,2694009.023235263,2755334.291556837,0.0,0.0,0.0,0.0,1.0,0.0,1.0,0.0,0.0,-1.2280185658199672,-0.9444342159458502,0.38375363729411777,-1.0179673562722629,-0.49927167207009293
MKT-00468,Campaign 0468,2024-04-20 00:00:00+00:00,2024-05-25 00:00:00+00:00,528794,9040,0.0195,2267230.22,2024,4,2,5,20,0,0,35,58.49491150442478,4.287549064475013,0.16875,0.2520833333333333,2935005.225015562,2828093.8678722903,0.0,0.0,0.0,0.0,0.0,1.0,0.0,0.0,1.0,0.23426620440427862,0.524155970664628,-1.3826589030901877,-0.30862844111036236,-0.8325422208749726
MKT-00469,Campaign 0469,2025-03-13 00:00:00+00:00,2025-05-04 00:00:00+00:00,31915,303,0.0318,272983.59,2025,3,1,3,13,0,0,52,105.33003300330033,8.55345730847564,0.15833333333333333,0.2520833333333333,2745646.1699524573,2828093.8678722903,0.0,0.0,1.0,0.0,0.0,0.0,0.0,0.0,1.0,-1.6988177335634838,-1.3733702731117323,-0.6256249572111995,-1.4422296095776883,0.9744253772697952
MKT-00470,Campaign 0470,2025-02-17 00:00:00+00:00,2025-03-12 00:00:00+00:00,201769,3496,0.0337,1594110.18,2025,2,1,0,17,0,0,23,57.714244851258584,7.900669478462994,0.15833333333333333,0.2520833333333333,2745646.1699524573,2828093.8678722903,0.0,0.0,1.0,0.0,0.0,0.0,0.0,0.0,1.0,-1.038008886339962,-0.6799055487924099,-0.508684754189242,-0.6912539661502484,-0.8626614839851857
MKT-00471,Campaign 0471,2023-10-11 00:00:00+00:00,2023-12-05 00:00:00+00:00,848932,7314,0.046,6933760.51,2023,10,4,2,11,0,0,55,116.06945583811867,8.167627689850306,0.16791666666666666,0.4225,2855926.099785614,2841772.1179897054,1.0,0.0,0.0,0.0,0.0,0.0,0.0,1.0,0.0,1.4797477516886748,0.14929843412371038,0.2483491916897459,2.3439944139836277,1.388768042864432
MKT-00472,Campaign 0472,2025-12-25 00:00:00+00:00,2026-01-19 00:00:00+00:00,600229,6088,0.0219,4761547.98,2025,12,4,3,25,0,0,25,98.59214848883049,7.93288558200287,0.15833333333333333,0.2520833333333333,2745646.1699524573,2828093.8678722903,0.0,0.0,1.0,0.0,0.0,0.0,0.0,0.0,1.0,0.512180648582292,-0.11696769553976882,-1.2349449624308728,1.1092310576743005,0.7144679220941809
MKT-00473,Campaign 0473,2023-12-11 00:00:00+00:00,2024-02-19 00:00:00+00:00,766469,12495,0.0652,4831413.61,2023,12,4,0,11,0,0,70,61.34205682272909,6.3034690378867255,0.16791666666666666,0.2520833333333333,2855926.099785614,2828093.8678722903,1.0,0.0,0.0,0.0,0.0,0.0,0.0,0.0,1.0,1.1589294019966259,1.2745225921877281,1.4300607169642634,1.1489451826036257,-0.7226951835931545
MKT-00474,Campaign 0474,2023-11-05 00:00:00+00:00,2024-01-18 00:00:00+00:00,746584,18259,0.0416,3777482.75,2023,11,4,6,5,0,0,74,40.88854811325921,5.059688862874104,0.1675,0.4225,2698290.221362763,2841772.1179897054,0.0,1.0,0.0,0.0,0.0,0.0,0.0,1.0,0.0,1.0815677624294697,2.526364330670839,-0.022459699518997858,0.5498531563682477,-1.5118215128004187
MKT-00475,Campaign 0475,2023-07-22 00:00:00+00:00,2023-10-19 00:00:00+00:00,741434,14684,0.0409,6496715.65,2023,7,3,5,22,0,0,89,50.49264505584309,8.76236542969435,0.16791666666666666,0.4225,2855926.099785614,2841772.1179897054,1.0,0.0,0.0,0.0,0.0,0.0,0.0,1.0,0.0,1.061531934228773,1.7499357714971537,-0.06554293221129794,2.095562471557009,-1.1412813833143243
MKT-00476,Campaign 0476,2023-11-25 00:00:00+00:00,2023-12-24 00:00:00+00:00,593262,7246,0.0187,3221579.99,2023,11,4,5,25,0,0,29,81.87441346950041,5.430282050763407,0.1675,0.4225,2698290.221362763,2841772.1179897054,0.0,1.0,0.0,0.0,0.0,0.0,0.0,1.0,0.0,0.48507586895622323,0.13453000278837873,-1.431896883309959,0.2338581290680331,0.06947321454282307
MKT-00477,Campaign 0477,2026-02-11 00:00:00+00:00,2026-03-03 00:00:00+00:00,513071,4692,0.0469,4433973.14,2026,2,1,2,11,0,0,20,109.3501705029838,8.642026425192615,0.15958333333333333,0.3254166666666667,2694009.023235263,2755334.291556837,0.0,0.0,0.0,0.0,1.0,0.0,1.0,0.0,0.0,0.1730966263849477,-0.4201549035415771,0.3037419194369888,0.9230257930905021,1.1295281712742724
MKT-00478,Campaign 0478,2025-01-15 00:00:00+00:00,2025-02-27 00:00:00+00:00,374490,5385,0.0595,1687447.24,2025,1,1,2,15,0,0,43,69.54317548746518,4.50598744959812,0.17791666666666667,0.3254166666666667,2915925.030689836,2755334.291556837,0.0,0.0,0.0,1.0,0.0,0.0,1.0,0.0,0.0,-0.36604611300937256,-0.2696472136094473,1.079240107898391,-0.6381978402500608,-0.406284011347681
MKT-00479,Campaign 0479,2024-12-06 00:00:00+00:00,2025-02-14 00:00:00+00:00,628013,8840,0.0271,4117430.0,2024,12,4,4,6,0,0,70,71.04219457013575,6.556281478249654,0.16875,0.2520833333333333,2935005.225015562,2828093.8678722903,0.0,0.0,0.0,0.0,0.0,1.0,0.0,0.0,1.0,0.6202729691120312,0.48071940791365264,-0.9148980910023576,0.7430913416659479,-0.3484496591628266
MKT-00480,Campaign 0480,2024-05-30 00:00:00+00:00,2024-07-17 00:00:00+00:00,366585,3123,0.0323,2303351.9,2024,5,2,3,30,0,0,48,117.38232468780019,6.283268273388163,0.17791666666666667,0.4225,2915925.030689836,2841772.1179897054,0.0,0.0,0.0,1.0,0.0,0.0,0.0,1.0,0.0,-0.3968001366844226,-0.7609147383229791,-0.5948512195738422,-0.2880955852243266,1.4394204463613474
MKT-00481,Campaign 0481,2023-10-01 00:00:00+00:00,2023-10-31 00:00:00+00:00,597292,8136,0.0378,2801034.76,2023,10,4,6,1,1,0,30,73.41347099311702,4.689556799689264,0.16791666666666666,0.3254166666666667,2855926.099785614,2755334.291556837,1.0,0.0,0.0,0.0,0.0,0.0,1.0,0.0,0.0,0.5007543908297781,0.32782270703021926,-0.2563401055629127,-0.0051948330630152435,-0.25696234098271575
MKT-00482,Campaign 0482,2023-02-24 00:00:00+00:00,2023-03-15 00:00:00+00:00,521921,10372,0.0368,2429178.75,2023,2,1,4,24,0,0,19,50.32018897030466,4.654303524862958,0.17791666666666667,0.2520833333333333,2915925.030689836,2828093.8678722903,0.0,0.0,0.0,1.0,0.0,0.0,0.0,0.0,1.0,0.20752712727352357,0.8134434785861242,-0.31788758083762725,-0.21657109971745472,-1.147934991732492
MKT-00483,Campaign 0483,2025-05-09 00:00:00+00:00,2025-06-04 00:00:00+00:00,301906,5869,0.0267,2287667.32,2025,5,2,4,9,0,0,26,51.440790594649854,7.5774158844143535,0.16875,0.2520833333333333,2935005.225015562,2828093.8678722903,0.0,0.0,0.0,0.0,0.0,1.0,0.0,0.0,1.0,-0.6484306866247841,-0.16453073175208688,-0.9395170811122433,-0.29701126192521654,-1.1047005394493101
MKT-00484,Campaign 0484,2023-03-25 00:00:00+00:00,2023-06-14 00:00:00+00:00,822858,7379,0.0483,4161851.46,2023,3,1,5,25,0,0,81,111.51348421195284,5.057800325207994,0.16875,0.4225,2935005.225015562,2841772.1179897054,0.0,0.0,0.0,0.0,0.0,1.0,0.0,1.0,0.0,1.3783081042119825,0.16341531701777737,0.3899083848215894,0.7683420895942644,1.212991983294559
MKT-00485,Campaign 0485,2023-07-27 00:00:00+00:00,2023-10-12 00:00:00+00:00,864693,11058,0.0607,6002991.62,2023,7,3,3,27,0,0,77,78.19614758545849,6.942338633480322,0.15958333333333333,0.2520833333333333,2694009.023235263,2828093.8678722903,0.0,0.0,0.0,0.0,1.0,0.0,0.0,0.0,1.0,1.5410651668869624,0.9624308888219698,1.1530970782280485,1.814912060073853,-0.07243967170824908
MKT-00486,Campaign 0486,2024-11-26 00:00:00+00:00,2025-02-13 00:00:00+00:00,610103,5781,0.0408,3751804.74,2024,11,4,1,26,0,0,79,105.53589344404082,6.149461222121511,0.16875,0.2520833333333333,2935005.225015562,2828093.8678722903,0.0,0.0,0.0,0.0,0.0,1.0,0.0,0.0,1.0,0.5505949723985404,-0.18364281936251606,-0.07169767973876914,0.535256856340946,0.9823677746470884
MKT-00487,Campaign 0487,2024-07-17 00:00:00+00:00,2024-09-08 00:00:00+00:00,360260,4163,0.0275,1531912.77,2024,7,3,2,17,0,0,53,86.53855392745616,4.252242186198856,0.15833333333333333,0.3254166666666667,2745646.1699524573,2755334.291556837,0.0,0.0,1.0,0.0,0.0,0.0,1.0,0.0,0.0,-0.42140724607654034,-0.535044612017907,-0.8902791008924718,-0.7266092003479571,0.24942258610417342
MKT-00488,Campaign 0488,2024-03-10 00:00:00+00:00,2024-03-25 00:00:00+00:00,106540,1976,0.0241,508765.21,2024,3,1,6,10,0,0,15,53.917004048582996,4.775344565421438,0.16875,0.4225,2935005.225015562,2841772.1179897054,0.0,0.0,0.0,0.0,0.0,1.0,0.0,1.0,0.0,-1.408492747257272,-1.010023425699823,-1.0995405168265011,-1.3082028969763893,-1.0091645968884533
MKT-00489,Campaign 0489,2025-01-29 00:00:00+00:00,2025-04-05 00:00:00+00:00,680142,11850,0.0807,3402948.19,2025,1,1,2,29,0,0,66,57.395949367088605,5.00329076869242,0.16791666666666666,0.3254166666666667,2855926.099785614,2755334.291556837,1.0,0.0,0.0,0.0,0.0,0.0,1.0,0.0,0.0,0.8230783454759377,1.1344396773158325,2.3840465837223377,0.3369543060152221,-0.8749417900487616
MKT-00490,Campaign 0490,2024-12-18 00:00:00+00:00,2025-02-16 00:00:00+00:00,725899,15339,0.0349,3423467.71,2024,12,4,2,18,0,0,60,47.323749918508376,4.716176368888784,0.15833333333333333,0.2520833333333333,2745646.1699524573,2828093.8678722903,0.0,0.0,1.0,0.0,0.0,0.0,0.0,0.0,1.0,1.0010937612000694,1.8921905145065983,-0.4348277838595847,0.3486183356785886,-1.2635419999590323
MKT-00491,Campaign 0491,2023-12-10 00:00:00+00:00,2024-02-11 00:00:00+00:00,556522,12623,0.05,2097683.46,2023,12,4,6,10,0,0,63,44.08793472233225,3.7692732003406872,0.15833333333333333,0.3254166666666667,2745646.1699524573,2755334.291556837,0.0,0.0,1.0,0.0,0.0,0.0,1.0,0.0,0.0,0.34214065961766077,1.3023219923483522,0.494539092788604,-0.4050048884135976,-1.3883844905078204
MKT-00492,Campaign 0492,2025-05-15 00:00:00+00:00,2025-07-14 00:00:00+00:00,65814,731,0.0153,213766.95,2025,5,2,3,15,0,0,60,90.0328317373461,3.248046768164828,0.15958333333333333,0.4225,2694009.023235263,2841772.1179897054,0.0,0.0,0.0,0.0,1.0,0.0,0.0,1.0,0.0,-1.5669352985779657,-1.280416028824645,-1.6411582992439884,-1.4758904674108584,0.38423694292267707
MKT-00493,Campaign 0493,2026-01-20 00:00:00+00:00,2026-02-22 00:00:00+00:00,791469,7456,0.0299,6077670.08,2026,1,1,1,20,0,0,33,106.15195815450643,7.6789742617841,0.16791666666666666,0.2520833333333333,2855926.099785614,2828093.8678722903,1.0,0.0,0.0,0.0,0.0,0.0,0.0,0.0,1.0,1.2561907039417555,0.1801383936769029,-0.7425651602331571,1.8573619698502284,1.0061364536756783
MKT-00494,Campaign 0494,2024-01-28 00:00:00+00:00,2024-03-30 00:00:00+00:00,354708,3669,0.0592,1660114.44,2024,1,1,6,28,0,0,62,96.67702371218316,4.680228356845631,0.16791666666666666,0.3254166666666667,2855926.099785614,2755334.291556837,1.0,0.0,0.0,0.0,0.0,0.0,1.0,0.0,0.0,-0.44300703601251473,-0.6423329220128162,1.0607758653159771,-0.6537347821465019,0.640579602665159
MKT-00495,Campaign 0495,2025-07-08 00:00:00+00:00,2025-10-04 00:00:00+00:00,84010,722,0.0279,691728.74,2025,7,3,1,8,0,0,88,116.3573407202216,8.233885727889536,0.15833333333333333,0.2520833333333333,2745646.1699524573,2828093.8678722903,0.0,0.0,1.0,0.0,0.0,0.0,0.0,0.0,1.0,-1.4961446325702226,-1.2823706741484389,-0.865660110782586,-1.204199877352429,1.3998750633505048
MKT-00496,Campaign 0496,2024-10-30 00:00:00+00:00,2024-12-03 00:00:00+00:00,358578,3075,0.0288,1200915.46,2024,10,4,2,30,0,0,34,116.61073170731707,3.3491052434895616,0.17791666666666667,0.3254166666666667,2915925.030689836,2755334.291556837,0.0,0.0,0.0,1.0,0.0,0.0,1.0,0.0,0.0,-0.42795098647140867,-0.7713395133832132,-0.8102673830353431,-0.9147599193869265,1.4096512588356478
MKT-00497,Campaign 0497,2024-09-02 00:00:00+00:00,2024-10-05 00:00:00+00:00,475423,3957,0.0477,3609022.84,2024,9,3,0,2,0,0,33,120.14733383876674,7.5911826731142575,0.15833333333333333,0.3254166666666667,2745646.1699524573,2755334.291556837,0.0,0.0,1.0,0.0,0.0,0.0,1.0,0.0,0.0,0.02662888655973811,-0.5797842716514117,0.3529798996567605,0.4540945135087632,1.5460985499825857
MKT-00498,Campaign 0498,2024-04-30 00:00:00+00:00,2024-05-27 00:00:00+00:00,580805,5571,0.0314,2830624.11,2024,4,2,1,30,0,1,27,104.25507090288997,4.873622145126161,0.16791666666666666,0.3254166666666667,2855926.099785614,2755334.291556837,1.0,0.0,0.0,0.0,0.0,0.0,1.0,0.0,0.0,0.43661250742300406,-0.22925121025104023,-0.6502439473210855,0.0116248126265396,0.9329517646792568
MKT-00499,Campaign 0499,2025-01-01 00:00:00+00:00,2025-03-05 00:00:00+00:00,894599,11465,0.0507,6224676.36,2025,1,1,2,1,1,0,63,78.02869603139992,6.958063176909431,0.1675,0.2520833333333333,2698290.221362763,2828093.8678722903,0.0,1.0,0.0,0.0,0.0,0.0,0.0,0.0,1.0,1.6574130267258043,1.0508242940202048,0.537622325480904,1.9409256014859178,-0.07890019797057751
MKT-00500,Campaign 0500,2025-11-27 00:00:00+00:00,2025-12-17 00:00:00+00:00,772153,11645,0.0314,5472010.32,2025,11,4,3,27,0,0,20,66.30768570201803,7.08669178258713,0.16875,0.4225,2935005.225015562,2841772.1179897054,0.0,0.0,0.0,0.0,0.0,1.0,0.0,1.0,0.0,1.1810427316068706,1.0899172004960826,-0.6502439473210855,1.5130832827002645,-0.5311139470738373
MKT-00501,Campaign 0501,2023-07-10 00:00:00+00:00,2023-09-08 00:00:00+00:00,210809,5008,0.0403,931795.93,2023,7,3,0,10,0,0,60,42.094448881789134,4.420095584154377,0.15833333333333333,0.4225,2745646.1699524573,2841772.1179897054,0.0,0.0,1.0,0.0,0.0,0.0,0.0,1.0,0.0,-1.002839199556603,-0.35152513439503597,-0.1024714173761264,-1.0677370933613297,-1.4652960945763245
MKT-00502,Campaign 0502,2026-01-14 00:00:00+00:00,2026-03-25 00:00:00+00:00,267193,2240,0.0524,1157027.72,2026,1,1,2,14,0,0,70,119.28258928571428,4.33030700654583,0.15833333333333333,0.2520833333333333,2745646.1699524573,2828093.8678722903,0.0,0.0,1.0,0.0,0.0,0.0,0.0,0.0,1.0,-0.7834799496016355,-0.9526871628685355,0.6422530334479187,-0.9397072817627578,1.5127354383255465
MKT-00503,Campaign 0503,2023-08-25 00:00:00+00:00,2023-10-01 00:00:00+00:00,904459,14902,0.0346,7201631.05,2023,8,3,4,25,0,0,37,60.69379949000134,7.96236319169802,0.17791666666666667,0.4225,2915925.030689836,2841772.1179897054,0.0,0.0,0.0,1.0,0.0,0.0,0.0,1.0,0.0,1.6957728842129633,1.797281624895717,-0.4532920264419991,2.496261617334486,-0.7477059011489299
MKT-00504,Campaign 0504,2025-02-16 00:00:00+00:00,2025-04-09 00:00:00+00:00,590501,12085,0.0219,2640032.89,2025,2,1,6,16,0,0,52,48.86230864708316,4.470835595536672,0.16791666666666666,0.2520833333333333,2855926.099785614,2828093.8678722903,1.0,0.0,0.0,0.0,0.0,0.0,0.0,0.0,1.0,0.4743343307694031,1.1854776385482284,-1.2349449624308728,-0.09671405902626738,-1.204182150311921
MKT-00505,Campaign 0505,2024-11-14 00:00:00+00:00,2024-12-17 00:00:00+00:00,770745,18076,0.035,2987705.02,2024,11,4,3,14,0,0,33,42.63913476432839,3.8763858604337362,0.15958333333333333,0.3254166666666667,2694009.023235263,2755334.291556837,0.0,0.0,0.0,0.0,1.0,0.0,1.0,0.0,0.0,1.1755649750813209,2.4866198757536964,-0.42867303633211307,0.10091522457519161,-1.444281315294948
MKT-00506,Campaign 0506,2024-03-14 00:00:00+00:00,2024-05-14 00:00:00+00:00,539733,9466,0.0261,3810303.63,2024,3,1,3,14,0,0,61,57.018064652440316,7.059608417495317,0.1675,0.3254166666666667,2698290.221362763,2755334.291556837,0.0,1.0,0.0,0.0,0.0,0.0,1.0,0.0,0.0,0.2768238596833895,0.6166758493242056,-0.9764455662770719,0.5685097193822847,-0.8895211359189338
MKT-00507,Campaign 0507,2025-04-06 00:00:00+00:00,2025-05-04 00:00:00+00:00,313754,2804,0.0341,1385604.97,2025,4,2,6,6,0,0,28,111.89514978601997,4.4162145183806425,0.15833333333333333,0.2520833333333333,2745646.1699524573,2828093.8678722903,0.0,0.0,1.0,0.0,0.0,0.0,0.0,0.0,1.0,-0.6023366104069483,-0.8301960559107848,-0.48406576407935636,-0.8097757909495839,1.2277172002598482
MKT-00508,Campaign 0508,2025-12-27 00:00:00+00:00,2026-02-22 00:00:00+00:00,568203,4718,0.0421,4120620.73,2025,12,4,5,27,0,0,57,120.4330224671471,7.252022129415016,0.1675,0.2520833333333333,2698290.221362763,2828093.8678722903,0.0,1.0,0.0,0.0,0.0,0.0,0.0,0.0,1.0,0.3875850303385031,-0.4145081503839503,0.008314038118359405,0.7449050668099958,1.557120835782658
MKT-00509,Campaign 0509,2025-08-03 00:00:00+00:00,2025-09-30 00:00:00+00:00,743504,12927,0.0421,4289789.52,2025,8,3,6,3,0,0,58,57.51558752997602,5.769692590759431,0.15958333333333333,0.4225,2694009.023235263,2841772.1179897054,0.0,0.0,0.0,0.0,1.0,0.0,0.0,1.0,0.0,1.0695851700298298,1.3683455677298348,0.008314038118359405,0.8410666624358102,-0.8703259744616427
MKT-00510,Campaign 0510,2024-01-21 00:00:00+00:00,2024-03-26 00:00:00+00:00,35064,317,0.0565,183220.79,2024,1,1,6,21,0,0,65,110.61198738170347,5.225324834588182,0.15958333333333333,0.3254166666666667,2694009.023235263,2755334.291556837,0.0,0.0,0.0,0.0,1.0,0.0,1.0,0.0,0.0,-1.6865666999704751,-1.370329713719164,0.894597682074248,-1.4932539981533874,1.1782109149433233
MKT-00511,Campaign 0511,2024-04-10 00:00:00+00:00,2024-07-03 00:00:00+00:00,107530,1222,0.0294,380856.91,2024,4,2,2,10,0,0,84,87.99509001636662,3.5418665488700825,0.17791666666666667,0.2520833333333333,2915925.030689836,2828093.8678722903,0.0,0.0,0.0,1.0,0.0,0.0,0.0,0.0,1.0,-1.4046411997002446,-1.1737792672710003,-0.7733388978705144,-1.3809105531686774,0.30561788215465735
MKT-00512,Campaign 0512,2024-08-31 00:00:00+00:00,2024-11-08 00:00:00+00:00,479727,7857,0.0417,2325976.82,2024,8,3,5,31,0,1,69,61.057273768613975,4.848542650299024,0.16791666666666666,0.3254166666666667,2855926.099785614,2755334.291556837,1.0,0.0,0.0,0.0,0.0,0.0,1.0,0.0,0.0,0.04337339230261163,0.26722870199260856,-0.016304951991526234,-0.27523477083825454,-0.7336825310114606
MKT-00513,Campaign 0513,2023-09-04 00:00:00+00:00,2023-10-09 00:00:00+00:00,908802,14789,0.0639,4240106.35,2023,9,3,0,4,0,0,35,61.45121373994185,4.66559971258866,0.15833333333333333,0.4225,2745646.1699524573,2841772.1179897054,0.0,0.0,1.0,0.0,0.0,0.0,0.0,1.0,0.0,1.7126691175868711,1.772739966941416,1.350048999107135,0.8128249702008028,-0.7184837498185765
MKT-00514,Campaign 0514,2025-12-17 00:00:00+00:00,2026-01-16 00:00:00+00:00,862340,12159,0.0472,6362083.62,2025,12,4,2,17,0,0,30,70.92195081832388,7.377697451121367,0.17791666666666667,0.2520833333333333,2915925.030689836,2828093.8678722903,0.0,0.0,0.0,1.0,0.0,0.0,0.0,0.0,1.0,1.5319109331478866,1.2015491667660894,0.3222061620194032,2.019032806557085,-0.35308883925780354
MKT-00515,Campaign 0515,2023-01-07 00:00:00+00:00,2023-02-23 00:00:00+00:00,364367,7611,0.0571,2186467.02,2023,1,1,5,7,0,0,47,47.87373538299829,6.000727343584902,0.15833333333333333,0.4225,2745646.1699524573,2841772.1179897054,0.0,0.0,1.0,0.0,0.0,0.0,0.0,1.0,0.0,-0.40542915939299445,0.21380172980890882,0.9315261672390764,-0.3545371349057534,-1.2423227550424212
MKT-00516,Campaign 0516,2024-11-30 00:00:00+00:00,2025-02-05 00:00:00+00:00,240388,2571,0.0411,1997819.64,2024,11,4,5,30,0,1,67,93.49980552314274,8.310812686157378,0.16791666666666666,0.2520833333333333,2855926.099785614,2828093.8678722903,1.0,0.0,0.0,0.0,0.0,0.0,0.0,0.0,1.0,-0.8877635175472035,-0.8807996515156712,-0.053233437156355125,-0.4617710583228885,0.5179978704928604
MKT-00517,Campaign 0517,2023-11-07 00:00:00+00:00,2023-12-21 00:00:00+00:00,345291,9076,0.0549,1263596.98,2023,11,4,1,7,0,0,44,38.04440282062583,3.659513222180711,0.1675,0.4225,2698290.221362763,2841772.1179897054,0.0,1.0,0.0,0.0,0.0,0.0,0.0,1.0,0.0,-0.47964342322920617,0.5319745519598036,0.7961217216347046,-0.8791294997365204,-1.6215528046969898
MKT-00518,Campaign 0518,2024-04-06 00:00:00+00:00,2024-05-11 00:00:00+00:00,726425,6308,0.039,4401554.1,2024,4,2,5,6,0,0,35,115.15932149651236,6.0591996420828025,0.16875,0.2520833333333333,2935005.225015562,2828093.8678722903,0.0,0.0,0.0,0.0,0.0,1.0,0.0,0.0,1.0,1.003140138992995,-0.06918747651369589,-0.18248313523325538,0.9045976503163112,1.3536537266715956
MKT-00519,Campaign 0519,2023-07-06 00:00:00+00:00,2023-09-12 00:00:00+00:00,649913,6300,0.0194,2954344.41,2023,7,3,3,6,0,0,68,103.16079365079365,4.545753677799952,0.17791666666666667,0.3254166666666667,2915925.030689836,2755334.291556837,0.0,0.0,0.0,1.0,0.0,0.0,1.0,0.0,0.0,0.7054738696159648,-0.0709249390237349,-1.388813650617659,0.08195185970954176,0.8907329452411047
MKT-00520,Campaign 0520,2023-02-06 00:00:00+00:00,2023-02-22 00:00:00+00:00,668479,10139,0.0523,3871624.24,2023,2,1,0,6,0,0,16,65.93145280599664,5.791691646259643,0.17791666666666667,0.4225,2915925.030689836,2841772.1179897054,0.0,0.0,0.0,1.0,0.0,0.0,0.0,1.0,0.0,0.7777040028924959,0.7628398829812378,0.636098285920447,0.603366549074974,-0.5456295633615659
MKT-00521,Campaign 0521,2024-11-10 00:00:00+00:00,2025-01-28 00:00:00+00:00,612030,7694,0.0479,2638685.74,2024,11,4,6,10,0,0,79,79.54639979204575,4.31136666503276,0.16791666666666666,0.4225,2855926.099785614,2841772.1179897054,1.0,0.0,0.0,0.0,0.0,0.0,0.0,1.0,0.0,0.5580918735524709,0.23182790335056364,0.3652893947117033,-0.09747982730744564,-0.020344963537475433
MKT-00522,Campaign 0522,2025-06-27 00:00:00+00:00,2025-09-12 00:00:00+00:00,907320,12542,0.0426,4468038.4,2025,6,2,4,27,0,0,77,72.34252910221655,4.924435039456863,0.16875,0.4225,2935005.225015562,2841772.1179897054,0.0,0.0,0.0,0.0,0.0,1.0,0.0,1.0,0.0,1.7069034676075638,1.2847301844342072,0.03908777575571667,0.9423897062390699,-0.2982808480009905
MKT-00523,Campaign 0523,2023-05-06 00:00:00+00:00,2023-05-26 00:00:00+00:00,816473,6766,0.0268,5734785.78,2023,5,2,5,6,0,0,20,120.67292344073307,7.023852325796445,0.15958333333333333,0.4225,2694009.023235263,2841772.1179897054,0.0,0.0,0.0,0.0,1.0,0.0,0.0,1.0,0.0,1.3534675676951964,0.030282252186037778,-0.9333623335847718,1.6624542602009456,1.5663765667845226
MKT-00524,Campaign 0524,2023-04-10 00:00:00+00:00,2023-06-21 00:00:00+00:00,304663,3848,0.0669,2374721.35,2023,4,2,0,10,0,0,72,79.1743762993763,7.794584015781372,0.15958333333333333,0.2520833333333333,2694009.023235263,2828093.8678722903,0.0,0.0,0.0,0.0,1.0,0.0,0.0,0.0,1.0,-0.6377047102462752,-0.6034571983506932,1.5346914249312784,-0.24752663517782678,-0.03469817487735566
MKT-00525,Campaign 0525,2023-09-19 00:00:00+00:00,2023-11-14 00:00:00+00:00,722670,6009,0.0547,4561019.69,2023,9,3,1,19,0,0,56,120.26460309535696,6.311344998408679,0.16791666666666666,0.3254166666666667,2855926.099785614,2755334.291556837,1.0,0.0,0.0,0.0,0.0,0.0,1.0,0.0,0.0,0.9885314914408366,-0.1341251378264041,0.7838122265797618,0.9952435997364852,1.5506229696944493
MKT-00526,Campaign 0526,2023-04-14 00:00:00+00:00,2023-06-25 00:00:00+00:00,786684,7473,0.0318,3921456.71,2023,4,2,4,14,0,0,72,105.27017262143717,4.984792763040814,0.16791666666666666,0.3254166666666667,2855926.099785614,2755334.291556837,1.0,0.0,0.0,0.0,0.0,0.0,1.0,0.0,0.0,1.2375748907494577,0.18383050151073582,-0.6256249572111995,0.6316931087741686,0.9721158760455505
MKT-00527,Campaign 0527,2024-05-12 00:00:00+00:00,2024-07-24 00:00:00+00:00,846652,8076,0.0647,4438596.94,2024,5,2,6,12,0,0,73,104.8355621594849,5.242528146156863,0.15833333333333333,0.4225,2745646.1699524573,2841772.1179897054,0.0,0.0,1.0,0.0,0.0,0.0,0.0,1.0,0.0,1.470877520951279,0.3147917382049266,1.3992869793269063,0.9256541265192316,0.9553479677444832
MKT-00528,Campaign 0528,2023-09-19 00:00:00+00:00,2023-11-01 00:00:00+00:00,267053,2702,0.0639,1624796.34,2023,9,3,1,19,0,0,43,98.83530717986676,6.084171831059752,0.15958333333333333,0.2520833333333333,2694009.023235263,2828093.8678722903,0.0,0.0,0.0,0.0,1.0,0.0,0.0,0.0,1.0,-0.7840246128925282,-0.8523487029137823,1.350048999107135,-0.6738108543964251,0.7238493406076437
MKT-00529,Campaign 0529,2024-07-25 00:00:00+00:00,2024-10-10 00:00:00+00:00,348372,3633,0.0388,2190226.68,2024,7,3,3,25,0,0,77,95.89099917423617,6.2870342048155425,0.17791666666666667,0.2520833333333333,2915925.030689836,2828093.8678722903,0.0,0.0,0.0,1.0,0.0,0.0,0.0,0.0,1.0,-0.4676569403774884,-0.6501515033079919,-0.19479263028819818,-0.3524000095848797,0.6102536245111146
MKT-00530,Campaign 0530,2024-12-26 00:00:00+00:00,2025-03-10 00:00:00+00:00,431406,6102,0.0283,3358687.13,2024,12,4,3,26,0,0,74,70.69911504424779,7.785443711955791,0.17791666666666667,0.2520833333333333,2915925.030689836,2828093.8678722903,0.0,0.0,0.0,1.0,0.0,0.0,0.0,0.0,1.0,-0.1446171425490127,-0.11392713614720054,-0.8410411206727003,0.31179473518841694,-0.36168616986305596
MKT-00531,Campaign 0531,2023-12-29 00:00:00+00:00,2024-03-06 00:00:00+00:00,478662,10840,0.0495,4094795.97,2023,12,4,4,29,0,0,68,44.1570110701107,8.554671083144266,0.17791666666666667,0.2520833333333333,2915925.030689836,2828093.8678722903,0.0,0.0,0.0,1.0,0.0,0.0,0.0,0.0,1.0,0.0392300608397491,0.9150850354234067,0.4637653551512467,0.7302253488297838,-1.385719423817712
MKT-00532,Campaign 0532,2025-10-24 00:00:00+00:00,2025-11-29 00:00:00+00:00,452885,5638,0.0389,1957419.71,2025,10,4,4,24,0,0,36,80.32724370344094,4.322112037272155,0.1675,0.3254166666666667,2698290.221362763,2755334.291556837,0.0,1.0,0.0,0.0,0.0,0.0,1.0,0.0,0.0,-0.061054122369835144,-0.21469996172946346,-0.188637882760727,-0.4847358246487055,0.009781138454885499
MKT-00533,Campaign 0533,2024-08-07 00:00:00+00:00,2024-09-07 00:00:00+00:00,850157,8059,0.0851,7122714.8,2024,8,3,2,7,0,0,31,105.49162427100137,8.378116983098415,0.15958333333333333,0.4225,2694009.023235263,2841772.1179897054,0.0,0.0,0.0,0.0,1.0,0.0,0.0,1.0,0.0,1.4845135554839861,0.3110996303710937,2.6548554749310815,2.4514027960305933,0.9806598050994727
MKT-00534,Campaign 0534,2023-01-10 00:00:00+00:00,2023-02-16 00:00:00+00:00,651396,14134,0.0255,4196498.62,2023,1,1,1,10,0,0,37,46.087165699731145,6.442315611394605,0.16791666666666666,0.4225,2855926.099785614,2841772.1179897054,1.0,0.0,0.0,0.0,0.0,0.0,0.0,1.0,0.0,0.7112434100473498,1.6304852239319714,-1.0133740514419007,0.7880367755319182,-1.3112512306431305
MKT-00535,Campaign 0535,2024-05-13 00:00:00+00:00,2024-06-20 00:00:00+00:00,385354,4967,0.067,2002065.55,2024,5,2,0,13,0,0,38,77.58284678880612,5.195393196904664,0.1675,0.4225,2698290.221362763,2841772.1179897054,0.0,1.0,0.0,0.0,0.0,0.0,0.0,1.0,0.0,-0.3237802416360971,-0.3604296297589859,1.54084617245875,-0.45935753109671623,-0.096101714892952
MKT-00536,Campaign 0536,2025-02-18 00:00:00+00:00,2025-04-01 00:00:00+00:00,241400,4172,0.0355,1026930.07,2025,2,1,1,18,0,0,42,57.86193672099712,4.254059942004971,0.15833333333333333,0.2520833333333333,2745646.1699524573,2828093.8678722903,0.0,0.0,1.0,0.0,0.0,0.0,0.0,0.0,1.0,-0.8838263800444646,-0.5330899666941131,-0.3978992986947562,-1.0136594428627383,-0.856963315290708
MKT-00537,Campaign 0537,2024-06-07 00:00:00+00:00,2024-08-19 00:00:00+00:00,107710,1422,0.0383,739753.12,2024,6,2,4,7,0,0,73,75.74542897327707,6.868007798718782,0.16791666666666666,0.2520833333333333,2855926.099785614,2828093.8678722903,1.0,0.0,0.0,0.0,0.0,0.0,0.0,0.0,1.0,-1.4039409183262397,-1.130342704520025,-0.22556636792555546,-1.1769011007297407,-0.16699198592587006
MKT-00538,Campaign 0538,2024-08-22 00:00:00+00:00,2024-10-31 00:00:00+00:00,321643,6035,0.0285,2250898.86,2024,8,3,3,22,0,0,70,53.29627174813587,6.998127924437964,0.15833333333333333,0.2520833333333333,2745646.1699524573,2828093.8678722903,0.0,0.0,1.0,0.0,0.0,0.0,0.0,0.0,1.0,-0.5716448339651432,-0.1284783846687773,-0.8287316256177573,-0.3179117707147157,-1.033113358376277
MKT-00539,Campaign 0539,2025-05-04 00:00:00+00:00,2025-06-13 00:00:00+00:00,844119,8796,0.0439,6953334.75,2025,5,2,6,4,0,0,40,95.9662346521146,8.237386849484492,0.16875,0.3254166666666667,2935005.225015562,2755334.291556837,0.0,0.0,0.0,0.0,0.0,1.0,1.0,0.0,0.0,1.4610230058381986,0.47116336410843807,0.11909949361284564,2.355121112658736,0.613156319463246
MKT-00540,Campaign 0540,2024-12-15 00:00:00+00:00,2025-01-17 00:00:00+00:00,898028,9646,0.028,4515970.28,2024,12,4,6,15,0,0,33,93.09848641924114,5.028763334773526,0.17791666666666667,0.3254166666666667,2915925.030689836,2755334.291556837,0.0,0.0,0.0,1.0,0.0,0.0,1.0,0.0,0.0,1.6707533869005982,0.6557687558000835,-0.8595053632551145,0.9696359025507245,0.5025143915552837
MKT-00541,Campaign 0541,2023-06-11 00:00:00+00:00,2023-08-20 00:00:00+00:00,765922,10399,0.0383,4758341.95,2023,6,2,6,11,0,0,70,73.65342821425138,6.212567271863192,0.15833333333333333,0.3254166666666667,2745646.1699524573,2755334.291556837,0.0,0.0,1.0,0.0,0.0,0.0,1.0,0.0,0.0,1.1568013247100664,0.8193074145575059,-0.22556636792555546,1.1074086354625896,-0.24770443986803495
MKT-00542,Campaign 0542,2025-03-04 00:00:00+00:00,2025-03-23 00:00:00+00:00,607193,10533,0.0218,4118761.43,2025,3,1,1,4,0,0,19,57.646729326877434,6.783282135993004,0.1675,0.3254166666666667,2698290.221362763,2755334.291556837,0.0,1.0,0.0,0.0,0.0,0.0,1.0,0.0,0.0,0.5392737568521273,0.8484099116006594,-1.2410997099583443,0.7438481741364296,-0.8652663318221113
MKT-00543,Campaign 0543,2023-05-27 00:00:00+00:00,2023-07-24 00:00:00+00:00,64799,1078,0.01,489708.89,2023,5,2,5,27,0,0,58,60.11038961038961,7.557352582601584,0.1675,0.4225,2698290.221362763,2841772.1179897054,0.0,1.0,0.0,0.0,0.0,0.0,0.0,1.0,0.0,-1.570884107436938,-1.2050535924517025,-1.967359918199975,-1.3190351913845724,-0.770214708965757
MKT-00544,Campaign 0544,2025-01-27 00:00:00+00:00,2025-03-02 00:00:00+00:00,514259,9746,0.0383,4103061.08,2025,1,1,0,27,0,0,34,52.76616047609276,7.978588765583101,0.16791666666666666,0.4225,2855926.099785614,2841772.1179897054,1.0,0.0,0.0,0.0,0.0,0.0,0.0,1.0,0.0,0.17771848345338026,0.6774870371755712,-0.22556636792555546,0.7349235332030531,-1.0535658278337592
MKT-00545,Campaign 0545,2025-03-02 00:00:00+00:00,2025-05-01 00:00:00+00:00,65893,540,0.0628,482540.43,2025,3,1,6,2,0,0,60,122.02407407407408,7.323090920128086,0.16791666666666666,0.4225,2855926.099785614,2841772.1179897054,1.0,0.0,0.0,0.0,0.0,0.0,0.0,1.0,0.0,-1.5666279528638192,-1.3218979462518263,1.2823467763049488,-1.3231100006433005,1.6185059375755988
MKT-00546,Campaign 0546,2025-08-13 00:00:00+00:00,2025-10-01 00:00:00+00:00,67988,1220,0.0459,331624.49,2025,8,3,2,13,0,0,49,55.72786885245902,4.877691504383126,0.15958333333333333,0.4225,2694009.023235263,2841772.1179897054,0.0,0.0,0.0,0.0,1.0,0.0,0.0,1.0,0.0,-1.5584774557608172,-1.17421363289851,0.2421944441622747,-1.4088960229691072,-0.9392987799437207
MKT-00547,Campaign 0547,2026-02-03 00:00:00+00:00,2026-02-22 00:00:00+00:00,294892,4021,0.0392,1774951.92,2026,2,1,1,3,0,0,19,73.33797562795324,6.0189897318340275,0.15958333333333333,0.3254166666666667,2694009.023235263,2755334.291556837,0.0,0.0,0.0,0.0,1.0,0.0,1.0,0.0,0.0,-0.6757183174985096,-0.5658845715710996,-0.17017364017831255,-0.5884570479116731,-0.2598750627670357
MKT-00548,Campaign 0548,2023-05-06 00:00:00+00:00,2023-06-13 00:00:00+00:00,917990,11450,0.0837,5667884.87,2023,5,2,5,6,0,0,38,80.17379912663756,6.1742337825030775,0.15958333333333333,0.2520833333333333,2694009.023235263,2828093.8678722903,0.0,0.0,0.0,0.0,1.0,0.0,0.0,0.0,1.0,1.7484145912777453,1.0475665518138817,2.5686890095464814,1.6244253882416495,0.003861021894466163
MKT-00549,Campaign 0549,2026-01-26 00:00:00+00:00,2026-03-20 00:00:00+00:00,468720,4913,0.0048,4069747.31,2026,1,1,0,26,0,0,53,95.40403012416039,8.682683286396996,0.16875,0.3254166666666667,2935005.225015562,2755334.291556837,0.0,0.0,0.0,0.0,0.0,1.0,1.0,0.0,0.0,0.0005511862822099576,-0.37215750170174927,-2.2874067896284904,0.715986793870039,0.5914656451779681
MKT-00550,Campaign 0550,2023-09-14 00:00:00+00:00,2023-11-23 00:00:00+00:00,708535,6904,0.0464,4396839.52,2023,9,3,3,14,0,0,70,102.62673812282735,6.205536099134128,0.17791666666666667,0.4225,2915925.030689836,2841772.1179897054,0.0,0.0,0.0,1.0,0.0,0.0,0.0,1.0,0.0,0.9335399513210603,0.0602534804842108,0.2729681817996315,0.9019177142861159,0.8701283006120014
MKT-00551,Campaign 0551,2023-01-20 00:00:00+00:00,2023-04-15 00:00:00+00:00,737866,10588,0.0278,2528712.75,2023,1,1,4,20,0,0,85,69.68889308651303,3.427062298574538,0.17791666666666667,0.2520833333333333,2915925.030689836,2828093.8678722903,0.0,0.0,0.0,1.0,0.0,0.0,0.0,0.0,1.0,1.0476508012151642,0.8603549663571777,-0.8718148583100576,-0.15999241130205707,-0.400662012908641
MKT-00552,Campaign 0552,2025-08-29 00:00:00+00:00,2025-09-18 00:00:00+00:00,899380,11029,0.0426,6654514.25,2025,8,3,4,29,0,0,20,81.54683108169371,7.399001812359626,0.1675,0.2520833333333333,2698290.221362763,2828093.8678722903,0.0,1.0,0.0,0.0,0.0,0.0,0.0,0.0,1.0,1.6760132781097907,0.9561325872230784,0.03908777575571667,2.185260844191345,0.056834606132170985
MKT-00553,Campaign 0553,2025-11-03 00:00:00+00:00,2026-01-10 00:00:00+00:00,850578,7331,0.0293,4598601.47,2025,11,4,0,3,0,0,68,116.02482608102578,5.406442995233829,0.17791666666666667,0.3254166666666667,2915925.030689836,2755334.291556837,0.0,0.0,0.0,1.0,0.0,0.0,1.0,0.0,0.0,1.4861514358087422,0.15299054195754327,-0.7794936453979858,1.0166064287267396,1.3870461614558
MKT-00554,Campaign 0554,2023-03-23 00:00:00+00:00,2023-05-27 00:00:00+00:00,321268,7085,0.0311,1958645.88,2023,3,1,3,23,0,0,65,45.344812985179956,6.096610555673145,0.1675,0.3254166666666667,2698290.221362763,2755334.291556837,0.0,1.0,0.0,0.0,0.0,0.0,1.0,0.0,0.0,-0.5731037534943201,0.09956356977384354,-0.6687081899034998,-0.48403882573000134,-1.339892285873894
MKT-00555,Campaign 0555,2024-06-10 00:00:00+00:00,2024-06-24 00:00:00+00:00,826979,11060,0.0462,6073570.99,2024,6,2,0,10,0,0,14,74.77206148282097,7.344286844043198,0.16875,0.4225,2935005.225015562,2841772.1179897054,0.0,0.0,0.0,0.0,0.0,1.0,0.0,1.0,0.0,1.3943406572246175,0.9628652544494796,0.26065868674468873,1.855031900367472,-0.20454592963420193
MKT-00556,Campaign 0556,2026-02-01 00:00:00+00:00,2026-03-11 00:00:00+00:00,132121,2538,0.0389,1135567.09,2026,2,1,6,1,1,0,38,52.057131599684794,8.594902324384467,0.17791666666666667,0.4225,2915925.030689836,2841772.1179897054,0.0,0.0,0.0,1.0,0.0,0.0,0.0,1.0,0.0,-1.3089710926549374,-0.8879666843695821,-0.188637882760727,-0.9519062720371175,-1.08092120057148
MKT-00557,Campaign 0557,2025-03-30 00:00:00+00:00,2025-04-23 00:00:00+00:00,528132,13490,0.0302,4070524.88,2025,3,1,6,30,0,0,24,39.14988880652335,7.707400574098899,0.15833333333333333,0.2520833333333333,2745646.1699524573,2828093.8678722903,0.0,0.0,1.0,0.0,0.0,0.0,0.0,0.0,1.0,0.2316907251287716,1.4906194918738307,-0.7241009176507427,0.7164287924911248,-1.578901535888647
MKT-00558,Campaign 0558,2024-06-06 00:00:00+00:00,2024-07-04 00:00:00+00:00,690872,14114,0.0204,3198743.2,2024,6,2,3,6,0,0,28,48.94941193141562,4.6300084530853765,0.17791666666666667,0.3254166666666667,2915925.030689836,2755334.291556837,0.0,0.0,0.0,1.0,0.0,0.0,1.0,0.0,0.0,0.8648228962707873,1.626141567656874,-1.3272661753429444,0.22087688019008314,-1.2008215780011495
MKT-00559,Campaign 0559,2025-06-10 00:00:00+00:00,2025-07-19 00:00:00+00:00,706232,12301,0.0541,3116407.17,2025,6,2,1,10,0,0,39,57.41256808389562,4.412724388019801,0.1675,0.2520833333333333,2698290.221362763,2828093.8678722903,0.0,1.0,0.0,0.0,0.0,0.0,0.0,0.0,1.0,0.9245802401858749,1.2323891263192819,0.7468837414149333,0.17407413352330747,-0.8743006156088973
MKT-00560,Campaign 0560,2024-02-11 00:00:00+00:00,2024-03-14 00:00:00+00:00,682957,7966,0.038,5924155.57,2024,2,1,6,11,0,0,32,85.73399447652523,8.674273153361046,0.16791666666666666,0.3254166666666667,2855926.099785614,2755334.291556837,1.0,0.0,0.0,0.0,0.0,0.0,1.0,0.0,0.0,0.8340299680749593,0.2909016286918902,-0.2440306105079699,1.7700988273207166,0.21838150385464292
MKT-00561,Campaign 0561,2023-11-27 00:00:00+00:00,2024-01-27 00:00:00+00:00,776467,7465,0.0221,3411594.09,2023,11,4,0,27,0,0,61,104.01433355659745,4.393739965768024,0.17791666666666667,0.4225,2915925.030689836,2841772.1179897054,0.0,0.0,0.0,1.0,0.0,0.0,0.0,1.0,0.0,1.197826141870522,0.1820930390006968,-1.2226354673759299,0.34186894505485355,0.9236637651931364
MKT-00562,Campaign 0562,2024-05-25 00:00:00+00:00,2024-06-23 00:00:00+00:00,803067,6710,0.0147,3189660.1,2024,5,2,5,25,0,0,29,119.68211624441133,3.9718480525286184,0.16875,0.4225,2935005.225015562,2841772.1179897054,0.0,0.0,0.0,0.0,0.0,1.0,0.0,1.0,0.0,1.30131216714014,0.01812001461576467,-1.6780867844088172,0.2157137210208957,1.5281497736757437
MKT-00563,Campaign 0563,2025-09-16 00:00:00+00:00,2025-10-11 00:00:00+00:00,604098,4982,0.0462,4958398.6,2025,9,3,1,16,0,0,25,121.25612203934163,8.207937453856823,0.17791666666666667,0.2520833333333333,2915925.030689836,2828093.8678722903,0.0,0.0,0.0,1.0,0.0,0.0,0.0,0.0,1.0,0.5272328076713202,-0.35717188755266277,0.26065868674468873,1.2211279963420703,1.588877223070733
MKT-00564,Campaign 0564,2023-11-24 00:00:00+00:00,2024-02-13 00:00:00+00:00,24495,214,0.0368,139451.25,2023,11,4,4,24,0,0,81,114.46261682242991,5.693049601959584,0.17791666666666667,0.4225,2915925.030689836,2841772.1179897054,0.0,0.0,0.0,1.0,0.0,0.0,0.0,1.0,0.0,-1.7276848879807982,-1.3926995435359162,-0.31788758083762725,-1.5181341714182546,1.3267738397138298
MKT-00565,Campaign 0565,2024-11-14 00:00:00+00:00,2025-01-07 00:00:00+00:00,123269,1515,0.0445,428094.29,2024,11,4,3,14,0,0,54,81.36567656765676,3.472846295500085,0.16791666666666666,0.3254166666666667,2855926.099785614,2755334.291556837,1.0,0.0,0.0,0.0,0.0,0.0,1.0,0.0,0.0,-1.343409374447669,-1.1101447028408213,0.1560279787776741,-1.3540591355166214,0.04984539959984066
MKT-00566,Campaign 0566,2025-08-07 00:00:00+00:00,2025-09-13 00:00:00+00:00,547576,7485,0.0824,3570703.22,2025,8,3,3,7,0,0,37,73.1564462257849,6.52092717723202,0.17791666666666667,0.4225,2915925.030689836,2841772.1179897054,0.0,0.0,0.0,1.0,0.0,0.0,0.0,1.0,0.0,0.3073366753296156,0.18643669527579435,2.4886772916893527,0.4323122698515564,-0.2668787330326643
MKT-00567,Campaign 0567,2023-01-30 00:00:00+00:00,2023-04-18 00:00:00+00:00,654088,8661,0.0547,3444588.8,2023,1,1,0,30,0,0,78,75.52107146980718,5.266246743557441,0.16875,0.4225,2935005.225015562,2841772.1179897054,0.0,0.0,0.0,0.0,0.0,1.0,0.0,1.0,0.0,0.7217165070408014,0.4418436842515297,0.7838122265797618,0.36062431926312816,-0.17564802708038005
MKT-00568,Campaign 0568,2024-12-09 00:00:00+00:00,2025-02-24 00:00:00+00:00,146482,1201,0.0413,827939.96,2024,12,4,0,9,0,0,77,121.96669442131557,5.65216176731612,0.16791666666666666,0.2520833333333333,2855926.099785614,2828093.8678722903,1.0,0.0,0.0,0.0,0.0,0.0,0.0,0.0,1.0,-1.2531003103655771,-1.1783401063598526,-0.04092394210141188,-1.1267725442294643,1.6162921465143345
MKT-00569,Campaign 0569,2025-10-14 00:00:00+00:00,2025-10-28 00:00:00+00:00,100888,1145,0.0149,661391.97,2025,10,4,1,14,0,0,14,88.1117903930131,6.555705039251447,0.15833333333333333,0.4225,2745646.1699524573,2841772.1179897054,0.0,0.0,1.0,0.0,0.0,0.0,0.0,1.0,0.0,-1.4304815824010266,-1.1905023439301259,-1.6657772893538743,-1.2214443833238517,0.31012035364491575
MKT-00570,Campaign 0570,2023-11-28 00:00:00+00:00,2024-01-03 00:00:00+00:00,449989,4408,0.0679,3939230.71,2023,11,4,1,28,0,0,36,102.08461887477314,8.75406001035581,0.15833333333333333,0.4225,2745646.1699524573,2841772.1179897054,0.0,0.0,1.0,0.0,0.0,0.0,0.0,1.0,0.0,-0.07232087158715896,-0.4818348226479622,1.596238900205993,0.6417964865937607,0.8492125458490277
MKT-00571,Campaign 0571,2023-07-03 00:00:00+00:00,2023-08-28 00:00:00+00:00,844511,20675,0.0431,3224303.19,2023,7,3,0,3,0,0,56,40.84696493349456,3.8179528626625348,0.16791666666666666,0.2520833333333333,2855926.099785614,2828093.8678722903,1.0,0.0,0.0,0.0,0.0,0.0,0.0,0.0,1.0,1.4625480630526981,3.0510780087026217,0.06986151339307393,0.23540609342486388,-1.513425852792669
MKT-00572,Campaign 0572,2025-06-15 00:00:00+00:00,2025-06-29 00:00:00+00:00,919347,7495,0.081,4161343.81,2025,6,2,6,15,0,0,14,122.66137424949967,4.52641256239483,0.16791666666666666,0.3254166666666667,2855926.099785614,2755334.291556837,1.0,0.0,0.0,0.0,0.0,0.0,1.0,0.0,0.0,1.7536939347473268,0.1886085234133431,2.4025108263047525,0.7680535231629537,1.6430939119510612
MKT-00573,Campaign 0573,2024-01-25 00:00:00+00:00,2024-03-31 00:00:00+00:00,192361,2349,0.0289,1516522.86,2024,1,1,3,25,0,0,66,81.89059174116646,7.883733501073503,0.15958333333333333,0.3254166666666667,2694009.023235263,2755334.291556837,0.0,0.0,0.0,0.0,1.0,0.0,1.0,0.0,0.0,-1.074610259487953,-0.9290142361692539,-0.8041126355078716,-0.7353573760731466,0.07009739596392256
MKT-00574,Campaign 0574,2025-03-25 00:00:00+00:00,2025-04-08 00:00:00+00:00,690298,7735,0.0212,2736721.94,2025,3,1,1,25,0,0,14,89.24343891402715,3.964551454589177,0.17791666666666667,0.4225,2915925.030689836,2841772.1179897054,0.0,0.0,0.0,1.0,0.0,0.0,0.0,1.0,0.0,0.8625897767781272,0.24073239871451357,-1.278028195123173,-0.04175254202573697,0.3537810113846409
MKT-00575,Campaign 0575,2024-07-18 00:00:00+00:00,2024-10-16 00:00:00+00:00,709163,6584,0.0649,6136430.74,2024,7,3,3,18,0,0,90,107.7100546780073,8.653061059305125,0.17791666666666667,0.4225,2915925.030689836,2841772.1179897054,0.0,0.0,0.0,1.0,0.0,0.0,0.0,1.0,0.0,0.935983155225922,-0.009245019917349833,1.4115964743818494,1.8907636323296135,1.0662501000727667
MKT-00576,Campaign 0576,2024-11-06 00:00:00+00:00,2024-12-18 00:00:00+00:00,256413,6018,0.0459,1292187.87,2024,11,4,2,6,0,0,42,42.60767696909272,5.039478770577155,0.16791666666666666,0.2520833333333333,2855926.099785614,2828093.8678722903,1.0,0.0,0.0,0.0,0.0,0.0,0.0,0.0,1.0,-0.8254190230003754,-0.1321704925026102,0.2421944441622747,-0.8628774144507998,-1.445495003118973
MKT-00577,Campaign 0577,2024-02-29 00:00:00+00:00,2024-04-24 00:00:00+00:00,766772,21219,0.0618,5159477.68,2024,2,1,3,29,0,1,55,36.13610443470475,6.728829013057336,0.17791666666666667,0.3254166666666667,2915925.030689836,2755334.291556837,0.0,0.0,0.0,1.0,0.0,0.0,1.0,0.0,0.0,1.160108208976201,3.169225459385275,1.2207993010302347,1.3354285430313908,-1.695177751971529
MKT-00578,Campaign 0578,2024-05-25 00:00:00+00:00,2024-08-13 00:00:00+00:00,581667,4807,0.0224,2500092.88,2024,5,2,5,25,0,0,80,121.00416059912628,4.298151485300008,0.15833333333333333,0.4225,2745646.1699524573,2841772.1179897054,0.0,0.0,1.0,0.0,0.0,0.0,0.0,1.0,0.0,0.43996607711407215,-0.39517887995976625,-1.2041712247935157,-0.1762609698571156,1.5791561815984276
MKT-00579,Campaign 0579,2023-02-24 00:00:00+00:00,2023-04-22 00:00:00+00:00,851589,15712,0.0222,4234288.0,2023,2,1,4,24,0,0,57,54.19991089613035,4.9722201672403,0.16875,0.3254166666666667,2935005.225015562,2755334.291556837,0.0,0.0,0.0,0.0,0.0,1.0,1.0,0.0,0.0,1.4900846828594032,1.9731997040371674,-1.2164807198484584,0.8095176117932064,-0.9982496362680646
MKT-00580,Campaign 0580,2025-09-01 00:00:00+00:00,2025-10-31 00:00:00+00:00,452228,10157,0.0255,2852246.56,2025,9,3,0,1,1,0,60,44.523776705720195,6.307098543212716,0.1675,0.4225,2698290.221362763,2841772.1179897054,0.0,1.0,0.0,0.0,0.0,0.0,0.0,1.0,0.0,-0.06361014938495314,0.7667491736288257,-1.0133740514419007,0.023915787181239757,-1.371569068305658
MKT-00581,Campaign 0581,2024-01-22 00:00:00+00:00,2024-04-19 00:00:00+00:00,227804,1910,0.004,1959763.3,2024,1,1,0,22,0,0,88,119.26910994764398,8.60284850134326,0.16875,0.3254166666666667,2935005.225015562,2755334.291556837,0.0,0.0,0.0,0.0,0.0,1.0,1.0,0.0,0.0,-0.9367209664943039,-1.024357491407645,-2.336644769848262,-0.48340364420399873,1.5122153857163512
MKT-00582,Campaign 0582,2023-08-27 00:00:00+00:00,2023-11-02 00:00:00+00:00,426849,6206,0.0336,2271572.72,2023,8,3,6,27,0,0,67,68.78005156300354,5.321724356856875,0.1675,0.4225,2698290.221362763,2841772.1179897054,0.0,1.0,0.0,0.0,0.0,0.0,0.0,1.0,0.0,-0.1623459326675709,-0.09134012351669334,-0.5148395017167137,-0.30616000867075516,-0.4357264502853992
MKT-00583,Campaign 0583,2023-02-20 00:00:00+00:00,2023-04-06 00:00:00+00:00,338454,3024,0.012,2794485.3,2023,2,1,0,20,0,0,45,111.92261904761905,8.25661773830417,0.15833333333333333,0.4225,2745646.1699524573,2841772.1179897054,0.0,0.0,1.0,0.0,0.0,0.0,0.0,1.0,0.0,-0.5062424440851602,-0.782415836884712,-1.844264967650546,-0.008917780564664008,1.228777004613205
MKT-00584,Campaign 0584,2025-11-08 00:00:00+00:00,2025-12-24 00:00:00+00:00,76935,647,0.0432,335984.72,2025,11,4,5,8,0,0,46,118.91035548686244,4.367124455709365,0.1675,0.4225,2698290.221362763,2841772.1179897054,0.0,1.0,0.0,0.0,0.0,0.0,0.0,1.0,0.0,-1.5236695810206944,-1.2986593851800545,0.07601626092054556,-1.4064175121628557,1.4983741130650632
MKT-00585,Campaign 0585,2025-04-11 00:00:00+00:00,2025-06-14 00:00:00+00:00,98851,1876,0.0405,335998.34,2025,4,2,4,11,0,0,64,52.69243070362474,3.399038350648957,0.15958333333333333,0.3254166666666667,2694009.023235263,2755334.291556837,0.0,0.0,0.0,0.0,1.0,0.0,1.0,0.0,0.0,-1.4384064332835158,-1.0317417070753108,-0.09016192232118359,-1.4064097700673281,-1.0564104304653867
MKT-00586,Campaign 0586,2024-11-16 00:00:00+00:00,2024-12-21 00:00:00+00:00,599753,14546,0.0277,4741235.07,2024,11,4,5,16,0,0,35,41.23147256977863,7.905312803770886,0.17791666666666667,0.4225,2915925.030689836,2841772.1179897054,0.0,0.0,0.0,1.0,0.0,0.0,0.0,1.0,0.0,0.5103287933932568,1.7199645431989807,-0.8779696058375289,1.0976844725305301,-1.498590984903595
MKT-00587,Campaign 0587,2024-09-08 00:00:00+00:00,2024-09-22 00:00:00+00:00,569984,14791,0.0502,4069665.17,2024,9,3,6,8,0,0,14,38.53586640524643,7.139963876178981,0.1675,0.4225,2698290.221362763,2841772.1179897054,0.0,1.0,0.0,0.0,0.0,0.0,0.0,1.0,0.0,0.39451392548907416,1.7731743325689255,0.5068485878435468,0.7159401025538411,-1.6025914196368736
MKT-00588,Campaign 0588,2025-12-22 00:00:00+00:00,2026-02-24 00:00:00+00:00,570546,9529,0.0445,2194634.96,2025,12,4,0,22,0,0,64,59.87469828943226,3.8465521798417655,0.1675,0.3254166666666667,2698290.221362763,2755334.291556837,0.0,1.0,0.0,0.0,0.0,0.0,1.0,0.0,0.0,0.39670035955680066,0.6303583665907629,0.1560279787776741,-0.3498941854386802,-0.7793080254023139
MKT-00589,Campaign 0589,2025-04-03 00:00:00+00:00,2025-06-07 00:00:00+00:00,221293,4335,0.0633,734062.12,2025,4,2,3,3,0,0,65,51.0479815455594,3.317150203576254,0.1675,0.4225,2698290.221362763,2841772.1179897054,0.0,1.0,0.0,0.0,0.0,0.0,0.0,1.0,0.0,-0.9620516999728934,-0.4976891680520682,1.3131205139423061,-1.1801360688388494,-1.1198556880055395
MKT-00590,Campaign 0590,2025-12-11 00:00:00+00:00,2026-02-08 00:00:00+00:00,99700,858,0.0716,777363.65,2025,12,4,3,11,0,0,59,116.2004662004662,7.797027582748245,0.15958333333333333,0.2520833333333333,2694009.023235263,2828093.8678722903,0.0,0.0,0.0,0.0,1.0,0.0,0.0,0.0,1.0,-1.4351034394694593,-1.2528338114777755,1.8239645587224362,-1.1555219292103809,1.3938226145663302
MKT-00591,Campaign 0591,2024-07-31 00:00:00+00:00,2024-09-07 00:00:00+00:00,793469,6691,0.0441,3299443.22,2024,7,3,2,31,0,1,38,118.58750560454342,4.158250946161728,0.17791666666666667,0.2520833333333333,2915925.030689836,2828093.8678722903,0.0,0.0,0.0,1.0,0.0,0.0,0.0,0.0,1.0,1.2639716080973658,0.013993541154422005,0.13140898866778847,0.2781183761111183,1.48591809164897
MKT-00592,Campaign 0592,2023-04-07 00:00:00+00:00,2023-04-23 00:00:00+00:00,134402,1797,0.0489,790464.78,2023,4,2,4,7,0,0,16,74.79243183082916,5.881346854957516,0.15958333333333333,0.2520833333333333,2694009.023235263,2828093.8678722903,0.0,0.0,0.0,0.0,1.0,0.0,0.0,0.0,1.0,-1.3000969714654638,-1.048899149361946,0.42683686998641784,-1.1480747779639764,-0.2037600117666758
MKT-00593,Campaign 0593,2023-10-24 00:00:00+00:00,2023-11-21 00:00:00+00:00,832362,12470,0.0513,6638825.87,2023,10,4,1,24,0,0,28,66.74915797914996,7.975887738748285,0.17791666666666667,0.2520833333333333,2915925.030689836,2828093.8678722903,0.0,0.0,0.0,1.0,0.0,0.0,0.0,0.0,1.0,1.4152829607594428,1.269093021843856,0.5745508106457325,2.176343007434434,-0.5140812998909806
MKT-00594,Campaign 0594,2024-01-20 00:00:00+00:00,2024-03-17 00:00:00+00:00,433536,6045,0.0728,2769949.38,2024,1,1,5,20,0,0,57,71.7181141439206,6.389202695969884,0.17791666666666667,0.2520833333333333,2915925.030689836,2828093.8678722903,0.0,0.0,0.0,1.0,0.0,0.0,0.0,0.0,1.0,-0.13633047962328765,-0.12630655653122852,1.8978215290520941,-0.02286487575490171,-0.3223716918235004
MKT-00595,Campaign 0595,2025-11-02 00:00:00+00:00,2025-11-18 00:00:00+00:00,467261,4246,0.0195,3850826.31,2025,11,4,6,2,0,0,16,110.04733867169101,8.241274812149955,0.16875,0.4225,2935005.225015562,2841772.1179897054,0.0,0.0,0.0,0.0,0.0,1.0,0.0,1.0,0.0,-0.0051249832993078065,-0.5170184384762523,-1.3826589030901877,0.591544261201933,1.1564259405336539
MKT-00596,Campaign 0596,2025-01-23 00:00:00+00:00,2025-03-27 00:00:00+00:00,503548,10484,0.0329,1715924.35,2025,1,1,3,23,0,0,63,48.030141167493326,3.407667888662054,0.16791666666666666,0.4225,2855926.099785614,2841772.1179897054,1.0,0.0,0.0,0.0,0.0,0.0,0.0,1.0,0.0,0.13604785124800892,0.8377679537266705,-0.5579227344090137,-0.6220104315890905,-1.2362883907512616
MKT-00597,Campaign 0597,2023-07-29 00:00:00+00:00,2023-08-26 00:00:00+00:00,678511,13968,0.0199,3781453.06,2023,7,3,5,29,0,0,28,48.57610252004582,5.573163972286374,0.15833333333333333,0.3254166666666667,2745646.1699524573,2755334.291556837,0.0,0.0,1.0,0.0,0.0,0.0,1.0,0.0,0.0,0.8167330181370375,1.594432876848662,-1.3580399129803018,0.5521100226893294,-1.2152244019682852
MKT-00598,Campaign 0598,2023-05-29 00:00:00+00:00,2023-07-10 00:00:00+00:00,190535,3164,0.0319,819719.55,2023,5,2,0,29,0,0,42,60.21965865992415,4.302199333455796,0.15958333333333333,0.2520833333333333,2694009.023235263,2828093.8678722903,0.0,0.0,0.0,0.0,1.0,0.0,0.0,0.0,1.0,-1.0817142249820253,-0.7520102429590292,-0.6194702096837282,-1.1314453195226988,-0.7659989489619373
MKT-00599,Campaign 0599,2024-06-02 00:00:00+00:00,2024-08-31 00:00:00+00:00,127233,1454,0.0358,693311.39,2024,6,2,6,2,0,0,90,87.50550206327372,5.449147548198973,0.16875,0.4225,2935005.225015562,2841772.1179897054,0.0,0.0,0.0,0.0,0.0,1.0,0.0,1.0,0.0,-1.327987622411249,-1.1233928544798688,-0.3794350561123418,-1.203300242441538,0.2867288617065708
MKT-00600,Campaign 0600,2024-09-20 00:00:00+00:00,2024-10-30 00:00:00+00:00,768260,7751,0.028,5733329.75,2024,9,3,4,20,0,0,40,99.1175332215198,7.462746661286544,0.16875,0.2520833333333333,2935005.225015562,2828093.8678722903,0.0,0.0,0.0,0.0,0.0,1.0,0.0,0.0,1.0,1.165897201667975,0.2442073237345916,-0.8595053632551145,1.661626600630412,0.7347380347392893
MKT-00601,Campaign 0601,2024-04-30 00:00:00+00:00,2024-06-14 00:00:00+00:00,102370,824,0.0487,839343.95,2024,4,2,1,30,0,1,45,124.23543689320388,8.199120347758132,0.15958333333333333,0.2520833333333333,2694009.023235263,2828093.8678722903,0.0,0.0,0.0,0.0,1.0,0.0,0.0,0.0,1.0,-1.4247159324217193,-1.2602180271454413,0.414527374931475,-1.1202901081081156,1.7038235546550282
MKT-00602,Campaign 0602,2024-01-28 00:00:00+00:00,2024-04-12 00:00:00+00:00,657289,16995,0.05,2648853.42,2024,1,1,6,28,0,0,75,38.675433951162105,4.029967670233337,0.15833333333333333,0.4225,2745646.1699524573,2841772.1179897054,0.0,0.0,1.0,0.0,0.0,0.0,0.0,1.0,0.0,0.7341698441418558,2.2518452540846745,0.494539092788604,-0.09170015404376235,-1.5972066992571419
MKT-00603,Campaign 0603,2024-12-08 00:00:00+00:00,2024-12-27 00:00:00+00:00,77040,1147,0.0419,395884.08,2024,12,4,6,8,0,0,19,67.16652136006975,5.1386822429906545,0.16875,0.2520833333333333,2935005.225015562,2828093.8678722903,0.0,0.0,0.0,0.0,0.0,1.0,0.0,0.0,1.0,-1.5232610835525247,-1.190067978302616,-0.0039954569365834155,-1.372368571843751,-0.497978809242113
MKT-00604,Campaign 0604,2026-02-23 00:00:00+00:00,2026-04-06 00:00:00+00:00,221230,3527,0.0472,1257700.81,2026,2,1,0,23,0,0,42,62.724695208392404,5.685037336708403,0.17791666666666667,0.3254166666666667,2915925.030689836,2755334.291556837,0.0,0.0,0.0,1.0,0.0,0.0,1.0,0.0,0.0,-0.9622967984537952,-0.6731728815660087,0.3222061620194032,-0.8824810938176808,-0.6693509691897654
MKT-00605,Campaign 0605,2025-11-16 00:00:00+00:00,2026-01-06 00:00:00+00:00,603284,15550,0.0704,2768406.7,2025,11,4,6,16,0,0,51,38.79639871382636,4.588894616797396,0.15833333333333333,0.3254166666666667,2745646.1699524573,2755334.291556837,0.0,0.0,1.0,0.0,0.0,0.0,1.0,0.0,0.0,0.5240659796799868,1.9380160882088773,1.7501075883927792,-0.02374179028706809,-1.592539701507241
MKT-00606,Campaign 0606,2023-08-19 00:00:00+00:00,2023-09-24 00:00:00+00:00,743297,6994,0.0478,3204004.97,2023,8,3,5,19,0,0,36,106.27637975407492,4.310531281573853,0.17791666666666667,0.4225,2915925.030689836,2841772.1179897054,0.0,0.0,0.0,1.0,0.0,0.0,0.0,1.0,0.0,1.0687798464497242,0.07979993372214973,0.3591346471842321,0.22386785860292185,1.0109368212574088
MKT-00607,Campaign 0607,2025-06-02 00:00:00+00:00,2025-08-31 00:00:00+00:00,99251,1353,0.0207,774304.46,2025,6,2,0,2,0,0,90,73.35624538063563,7.801477667731307,0.16875,0.2520833333333333,2935005.225015562,2828093.8678722903,0.0,0.0,0.0,0.0,0.0,1.0,0.0,0.0,1.0,-1.4368502524523938,-1.1453283186691114,-1.3088019327605303,-1.15726088230996,-0.25917018894442845
MKT-00608,Campaign 0608,2023-05-08 00:00:00+00:00,2023-07-22 00:00:00+00:00,546282,6051,0.0293,4402065.28,2023,5,2,0,8,0,0,75,90.2796232027764,8.05822868042513,0.16791666666666666,0.2520833333333333,2855926.099785614,2828093.8678722903,1.0,0.0,0.0,0.0,0.0,0.0,0.0,0.0,1.0,0.3023024303409357,-0.12500345964869927,-0.7794936453979858,0.9048882233259785,0.3937585191940642
MKT-00609,Campaign 0609,2023-04-01 00:00:00+00:00,2023-04-19 00:00:00+00:00,35403,467,0.0281,119321.19,2023,4,2,5,1,1,0,18,75.80942184154176,3.370369460215236,0.17791666666666667,0.4225,2915925.030689836,2841772.1179897054,0.0,0.0,0.0,1.0,0.0,0.0,0.0,1.0,0.0,-1.6852478367160992,-1.3377522916559323,-0.8533506157276431,-1.5295768180769167,-0.164523047322403
MKT-00610,Campaign 0610,2024-06-07 00:00:00+00:00,2024-09-05 00:00:00+00:00,304025,4474,0.0646,2541298.41,2024,6,2,4,7,0,0,90,67.95373267769334,8.358846838253434,0.15833333333333333,0.4225,2745646.1699524573,2841772.1179897054,0.0,0.0,1.0,0.0,0.0,0.0,0.0,1.0,0.0,-0.640186818671915,-0.46750075694014026,1.3931322317994355,-0.15283827165487981,-0.4676070433895824
MKT-00611,Campaign 0611,2023-11-16 00:00:00+00:00,2023-12-15 00:00:00+00:00,781477,16493,0.0339,5957403.66,2023,11,4,3,16,0,0,29,47.38234402473777,7.623261669889197,0.16791666666666666,0.4225,2855926.099785614,2841772.1179897054,1.0,0.0,0.0,0.0,0.0,0.0,0.0,1.0,0.0,1.217317306780326,2.142819481579726,-0.4963752591342992,1.7889982317907176,-1.2612813535037581
MKT-00612,Campaign 0612,2023-10-08 00:00:00+00:00,2023-11-05 00:00:00+00:00,765243,6643,0.0255,3685899.89,2023,10,4,6,8,0,0,28,115.19539364744844,4.816639799383987,0.1675,0.2520833333333333,2698290.221362763,2828093.8678722903,0.0,1.0,0.0,0.0,0.0,0.0,0.0,0.0,1.0,1.1541597077492367,0.0035687660941879093,-1.0133740514419007,0.49779418053957636,1.3550454430983043
MKT-00613,Campaign 0613,2024-12-14 00:00:00+00:00,2025-02-24 00:00:00+00:00,476669,10419,0.0237,3230153.06,2024,12,4,5,14,0,0,72,45.7499760053748,6.776511709383241,0.1675,0.2520833333333333,2698290.221362763,2828093.8678722903,0.0,1.0,0.0,0.0,0.0,0.0,0.0,0.0,1.0,0.03147638984868337,0.8236510708326035,-1.1241595069363868,0.2387313689287177,-1.324260503014611
MKT-00614,Campaign 0614,2025-07-19 00:00:00+00:00,2025-08-31 00:00:00+00:00,479972,5512,0.0328,2780028.39,2025,7,3,5,19,0,0,43,87.07764876632801,5.792063682881501,0.16791666666666666,0.3254166666666667,2855926.099785614,2755334.291556837,1.0,0.0,0.0,0.0,0.0,0.0,1.0,0.0,0.0,0.04432655306167389,-0.24206499626257796,-0.5640774819364849,-0.01713560569315707,0.27022165473030885
MKT-00615,Campaign 0615,2024-09-13 00:00:00+00:00,2024-09-30 00:00:00+00:00,201678,1641,0.0322,878655.03,2024,9,3,4,13,0,0,17,122.89945155393053,4.356722250319817,0.16791666666666666,0.3254166666666667,2855926.099785614,2755334.291556837,1.0,0.0,0.0,0.0,0.0,0.0,1.0,0.0,0.0,-1.038362917479042,-1.0827796683077069,-0.6010059671013138,-1.0979442830976391,1.6522792831253528
MKT-00616,Campaign 0616,2023-01-20 00:00:00+00:00,2023-02-03 00:00:00+00:00,412398,6783,0.0298,1574262.04,2023,1,1,4,20,0,0,14,60.79876160990712,3.8173367475109,0.16875,0.3254166666666667,2935005.225015562,2755334.291556837,0.0,0.0,0.0,0.0,0.0,1.0,1.0,0.0,0.0,-0.21856685564393366,0.03397436001987069,-0.7487199077606285,-0.7025363593895956,-0.7436563087995883
MKT-00617,Campaign 0617,2026-02-21 00:00:00+00:00,2026-04-30 00:00:00+00:00,108139,1387,0.056,703815.97,2026,2,1,5,21,0,0,68,77.96611391492429,6.508437936359685,0.17791666666666667,0.2520833333333333,2915925.030689836,2828093.8678722903,0.0,0.0,0.0,1.0,0.0,0.0,0.0,0.0,1.0,-1.4022719143848612,-1.1379441030014457,0.8638239444368907,-1.1973290631585332,-0.08131470770335338
MKT-00618,Campaign 0618,2025-01-20 00:00:00+00:00,2025-03-12 00:00:00+00:00,32352,316,0.0373,109668.37,2025,1,1,0,20,0,0,51,102.37974683544304,3.3898482319485654,0.16875,0.4225,2935005.225015562,2841772.1179897054,0.0,0.0,0.0,0.0,0.0,1.0,0.0,1.0,0.0,-1.697117606005483,-1.3705468965329188,-0.28711384320027,-1.5350638264872076,0.8605990149169015
MKT-00619,Campaign 0619,2024-05-13 00:00:00+00:00,2024-07-02 00:00:00+00:00,224205,3858,0.0407,1724838.24,2024,5,2,0,13,0,0,50,58.114307931570764,7.693130126446778,0.15958333333333333,0.3254166666666667,2694009.023235263,2755334.291556837,0.0,0.0,0.0,0.0,1.0,0.0,1.0,0.0,0.0,-0.9507227035223248,-0.6012853702131445,-0.07785242726624077,-0.6169434574407681,-0.8472264642776901
MKT-00620,Campaign 0620,2024-04-13 00:00:00+00:00,2024-05-19 00:00:00+00:00,758772,13730,0.054,5233361.06,2024,4,2,5,13,0,0,36,55.26380189366351,6.897145730206175,0.16875,0.4225,2935005.225015562,2841772.1179897054,0.0,0.0,0.0,0.0,0.0,1.0,0.0,1.0,0.0,1.1289845923537594,1.542743367175001,0.7407289938874617,1.3774265008759103,-0.9572031630450476
MKT-00621,Campaign 0621,2025-06-24 00:00:00+00:00,2025-07-24 00:00:00+00:00,391073,8697,0.0552,2674637.16,2025,6,2,1,24,0,0,30,44.96642520409337,6.839227356529344,0.15958333333333333,0.4225,2694009.023235263,2841772.1179897054,0.0,0.0,0.0,0.0,1.0,0.0,0.0,1.0,0.0,-0.3015307462031292,0.44966226554670524,0.814585964217119,-0.07704375329985938,-1.3544910407842186
MKT-00622,Campaign 0622,2025-12-07 00:00:00+00:00,2026-02-23 00:00:00+00:00,267128,7211,0.0322,1667520.4,2025,12,4,6,7,0,0,78,37.04451532381084,6.242402144290377,0.16875,0.4225,2935005.225015562,2841772.1179897054,0.0,0.0,0.0,0.0,0.0,1.0,0.0,1.0,0.0,-0.7837328289866928,0.12692860430695804,-0.6010059671013138,-0.6495249693864713,-1.6601299291009084
MKT-00623,Campaign 0623,2023-03-18 00:00:00+00:00,2023-05-04 00:00:00+00:00,111464,1844,0.0613,741682.93,2023,3,1,5,18,0,0,47,60.4468546637744,6.6540132240005745,0.16875,0.4225,2935005.225015562,2841772.1179897054,0.0,0.0,0.0,0.0,0.0,1.0,0.0,1.0,0.0,-1.389336161226159,-1.0386915571154667,1.1900255633928774,-1.1758041276482718,-0.7572333943045156
MKT-00624,Campaign 0624,2025-11-16 00:00:00+00:00,2026-02-09 00:00:00+00:00,279966,2912,0.0416,2334270.18,2025,11,4,6,16,0,0,85,96.14217032967034,8.337691648271576,0.1675,0.4225,2698290.221362763,2841772.1179897054,0.0,1.0,0.0,0.0,0.0,0.0,0.0,1.0,0.0,-0.7337872052118298,-0.8067403120252581,-0.022459699518997858,-0.2705205281537775,0.6199441756388407
MKT-00625,Campaign 0625,2024-05-16 00:00:00+00:00,2024-07-14 00:00:00+00:00,415328,9944,0.0326,2626869.09,2024,5,2,3,16,0,0,59,41.766693483507645,6.324806153209029,0.16791666666666666,0.3254166666666667,2855926.099785614,2755334.291556837,1.0,0.0,0.0,0.0,0.0,0.0,1.0,0.0,0.0,-0.20716783105596445,0.7204892342990369,-0.5763869769914282,-0.10419683414394201,-1.4779413779845443
MKT-00626,Campaign 0626,2025-07-09 00:00:00+00:00,2025-08-01 00:00:00+00:00,771616,7412,0.0566,3665761.81,2025,7,3,2,9,0,0,23,104.10361575822989,4.750759198876125,0.16875,0.2520833333333333,2935005.225015562,2828093.8678722903,0.0,0.0,0.0,0.0,0.0,1.0,0.0,0.0,1.0,1.178953558841089,0.17058234987168833,0.9007524296017192,0.4863469750258388,0.927108403325328
MKT-00627,Campaign 0627,2023-02-17 00:00:00+00:00,2023-04-05 00:00:00+00:00,147474,2007,0.0483,1068732.49,2023,2,1,4,17,0,0,47,73.4798206278027,7.246921423437351,0.1675,0.2520833333333333,2698290.221362763,2828093.8678722903,0.0,1.0,0.0,0.0,0.0,0.0,0.0,0.0,1.0,-1.2492409819043944,-1.0032907584734219,0.3899083848215894,-0.9898974510188498,-0.2544024748782018
MKT-00628,Campaign 0628,2024-05-09 00:00:00+00:00,2024-07-29 00:00:00+00:00,95826,1129,0.0467,486778.36,2024,5,2,3,9,0,0,81,84.87688219663418,5.079815081501889,0.16791666666666666,0.3254166666666667,2855926.099785614,2755334.291556837,1.0,0.0,0.0,0.0,0.0,0.0,1.0,0.0,0.0,-1.4501750508188767,-1.1939772689502037,0.291432424382046,-1.3207010095347722,0.18531285647700593
MKT-00629,Campaign 0629,2024-10-18 00:00:00+00:00,2024-11-06 00:00:00+00:00,68574,1086,0.0362,551712.32,2024,10,4,4,18,0,0,19,63.14364640883978,8.045502960305654,0.1675,0.4225,2698290.221362763,2841772.1179897054,0.0,1.0,0.0,0.0,0.0,0.0,0.0,1.0,0.0,-1.5561976508432234,-1.2033161299416635,-0.3548160660024557,-1.2837902223623698,-0.653187218137461
MKT-00630,Campaign 0630,2024-05-05 00:00:00+00:00,2024-06-04 00:00:00+00:00,878980,9317,0.042,4980509.49,2024,5,2,6,5,0,0,30,94.34152624235269,5.666237559443901,0.16791666666666666,0.4225,2855926.099785614,2841772.1179897054,1.0,0.0,0.0,0.0,0.0,0.0,0.0,1.0,0.0,1.596648055722565,0.584315610074729,0.002159290590888208,1.23369661767646,0.550472688911683
MKT-00631,Campaign 0631,2023-03-12 00:00:00+00:00,2023-05-04 00:00:00+00:00,886308,8601,0.0303,4159763.41,2023,3,1,6,12,0,0,53,103.04708754795953,4.693361009942368,0.17791666666666667,0.4225,2915925.030689836,2841772.1179897054,0.0,0.0,0.0,1.0,0.0,0.0,0.0,1.0,0.0,1.6251572885487213,0.42881271542623706,-0.7179461701232712,0.7671551672326015,0.8863459972209635
MKT-00632,Campaign 0632,2023-01-25 00:00:00+00:00,2023-03-04 00:00:00+00:00,316760,7425,0.0386,1151534.15,2023,1,1,2,25,0,0,38,42.66127946127946,3.635352159363556,0.16791666666666666,0.3254166666666667,2855926.099785614,2755334.291556837,1.0,0.0,0.0,0.0,0.0,0.0,1.0,0.0,0.0,-0.5906419114610659,0.17340572645050173,-0.207102125343141,-0.9428300235928678,-1.4434269404458877
MKT-00633,Campaign 0633,2025-09-30 00:00:00+00:00,2025-11-30 00:00:00+00:00,315762,2748,0.0353,1600156.48,2025,9,3,1,30,0,1,61,114.9061135371179,5.067603068133594,0.17791666666666667,0.4225,2915925.030689836,2841772.1179897054,0.0,0.0,0.0,1.0,0.0,0.0,0.0,1.0,0.0,-0.5945245826347154,-0.842358293481058,-0.41020879374969904,-0.6878170328031908,1.3438845926632825
MKT-00634,Campaign 0634,2025-12-02 00:00:00+00:00,2026-02-23 00:00:00+00:00,318825,3625,0.0459,1945083.34,2025,12,4,1,2,0,0,83,87.95172413793104,6.10078676389869,0.17791666666666667,0.4225,2915925.030689836,2841772.1179897054,0.0,0.0,0.0,1.0,0.0,0.0,0.0,1.0,0.0,-0.5826081279203982,-0.6518889658180308,0.2421944441622747,-0.49174825893655744,0.30394476303613305
MKT-00635,Campaign 0635,2025-03-18 00:00:00+00:00,2025-05-26 00:00:00+00:00,110816,1185,0.0666,404064.45,2025,3,1,1,18,0,0,69,93.51561181434599,3.64626452858793,0.17791666666666667,0.3254166666666667,2915925.030689836,2755334.291556837,0.0,0.0,0.0,1.0,0.0,0.0,1.0,0.0,0.0,-1.391857174172577,-1.1818150313799307,1.5162271823488644,-1.3677185567197465,0.5186077003627753
MKT-00636,Campaign 0636,2026-01-28 00:00:00+00:00,2026-03-11 00:00:00+00:00,648606,7871,0.0392,5621297.85,2026,1,1,2,28,0,0,42,82.40452293228306,8.666737356731204,0.17791666666666667,0.4225,2915925.030689836,2841772.1179897054,0.0,0.0,0.0,1.0,0.0,0.0,0.0,1.0,0.0,0.7003890487502734,0.2702692613851769,-0.17017364017831255,1.5979436584932025,0.08992561419638585
MKT-00637,Campaign 0637,2025-11-12 00:00:00+00:00,2026-01-28 00:00:00+00:00,905068,20853,0.0546,5966370.95,2025,11,4,2,12,0,0,77,43.40229223612909,6.592179758868947,0.16791666666666666,0.4225,2855926.099785614,2841772.1179897054,1.0,0.0,0.0,0.0,0.0,0.0,0.0,1.0,0.0,1.6981421695283467,3.08973654955099,0.7776574790522905,1.794095560410491,-1.4148375820517438
MKT-00638,Campaign 0638,2023-08-31 00:00:00+00:00,2023-09-15 00:00:00+00:00,343567,4573,0.0441,2573618.38,2023,8,3,3,31,0,1,15,75.12945549967199,7.490877703621128,0.15958333333333333,0.3254166666666667,2694009.023235263,2755334.291556837,0.0,0.0,0.0,0.0,1.0,0.0,1.0,0.0,0.0,-0.4863505626113423,-0.44599965837840744,0.13140898866778847,-0.13446644381489564,-0.19075714490272433
MKT-00639,Campaign 0639,2024-10-07 00:00:00+00:00,2024-12-18 00:00:00+00:00,235944,4635,0.0604,859449.94,2024,10,4,0,7,0,0,72,50.904854368932035,3.6426013799884718,0.15958333333333333,0.2520833333333333,2694009.023235263,2828093.8678722903,0.0,0.0,0.0,0.0,1.0,0.0,0.0,0.0,1.0,-0.9050526865809697,-0.4325343239256051,1.1346328356456346,-1.1088611436990383,-1.1253777441527795
MKT-00640,Campaign 0640,2024-06-27 00:00:00+00:00,2024-07-15 00:00:00+00:00,262324,3239,0.0692,1435987.45,2024,6,2,3,27,0,0,18,80.98919419573943,5.4740986337506286,0.1675,0.4225,2698290.221362763,2841772.1179897054,0.0,1.0,0.0,0.0,0.0,0.0,0.0,1.0,0.0,-0.802422560768469,-0.7357215319274134,1.6762506180631216,-0.781136585878804,0.03532015816657903
MKT-00641,Campaign 0641,2025-11-26 00:00:00+00:00,2025-12-24 00:00:00+00:00,236437,2036,0.0338,1269420.35,2025,11,4,2,26,0,0,28,116.12819253438114,5.3689581156925525,0.1675,0.4225,2698290.221362763,2841772.1179897054,0.0,1.0,0.0,0.0,0.0,0.0,0.0,1.0,0.0,-0.9031346937066117,-0.9969924568745304,-0.5025300066617708,-0.875819287781233,1.3910341906520682
MKT-00642,Campaign 0642,2024-10-27 00:00:00+00:00,2024-12-06 00:00:00+00:00,161732,2089,0.0147,1125389.37,2024,10,4,6,27,0,0,40,77.42077549066539,6.958359322830362,0.15833333333333333,0.4225,2745646.1699524573,2841772.1179897054,0.0,0.0,1.0,0.0,0.0,0.0,0.0,1.0,0.0,-1.193770916179048,-0.9854817677455219,-1.6780867844088172,-0.9576916523961824,-0.10235466300020933
MKT-00643,Campaign 0643,2023-05-30 00:00:00+00:00,2023-06-23 00:00:00+00:00,690983,12838,0.0221,4037783.59,2023,5,2,1,30,0,0,24,53.823259074622214,5.8435353547048186,0.16875,0.3254166666666667,2935005.225015562,2755334.291556837,0.0,0.0,0.0,0.0,0.0,1.0,1.0,0.0,0.0,0.8652547364514237,1.3490162973056508,-1.2226354673759299,0.6978174712820086,-1.0127814153147732
MKT-00644,Campaign 0644,2024-09-12 00:00:00+00:00,2024-12-03 00:00:00+00:00,317404,3944,0.0578,1461337.99,2024,9,3,3,12,0,0,82,80.47768762677485,4.604031423674559,0.16791666666666666,0.2520833333333333,2855926.099785614,2828093.8678722903,1.0,0.0,0.0,0.0,0.0,0.0,0.0,0.0,1.0,-0.5881364603229594,-0.582607648230225,0.9746093999313765,-0.7667264315212771,0.015585485408670543
MKT-00645,Campaign 0645,2024-08-07 00:00:00+00:00,2024-10-09 00:00:00+00:00,485420,7422,0.0471,3587323.62,2024,8,3,2,7,0,0,63,65.4028563729453,7.39014383420543,0.16875,0.3254166666666667,2935005.225015562,2755334.291556837,0.0,0.0,0.0,0.0,0.0,1.0,1.0,0.0,0.0,0.06552173598155654,0.1727541780092371,0.316051414491932,0.4417599001380843,-0.5660235881115949
MKT-00646,Campaign 0646,2024-07-05 00:00:00+00:00,2024-07-25 00:00:00+00:00,895199,7548,0.0264,6344574.23,2024,7,3,4,5,0,0,20,118.60082140964494,7.087333911230911,0.15958333333333333,0.2520833333333333,2694009.023235263,2828093.8678722903,0.0,0.0,0.0,0.0,1.0,0.0,0.0,0.0,1.0,1.6597472979724872,0.2001192125423516,-0.9579813236946577,2.009079842533197,1.4864318349166632
MKT-00647,Campaign 0647,2024-02-16 00:00:00+00:00,2024-04-25 00:00:00+00:00,384083,5236,0.0676,2108965.2,2024,2,1,4,16,0,0,69,73.35427807486631,5.490910037674149,0.17791666666666667,0.3254166666666667,2915925.030689836,2755334.291556837,0.0,0.0,0.0,1.0,0.0,0.0,1.0,0.0,0.0,-0.32872500622698747,-0.302007452858924,1.577774657623578,-0.39859194356818256,-0.25924609048299657
MKT-00648,Campaign 0648,2024-11-28 00:00:00+00:00,2024-12-27 00:00:00+00:00,136273,1276,0.0369,1104485.86,2024,11,4,3,28,0,0,29,106.79702194357367,8.104950063475524,0.15833333333333333,0.4225,2745646.1699524573,2841772.1179897054,0.0,0.0,1.0,0.0,0.0,0.0,0.0,1.0,0.0,-1.2928179356278902,-1.162051395328237,-0.3117328333101556,-0.969573955720455,1.031023959638676
MKT-00649,Campaign 0649,2024-03-29 00:00:00+00:00,2024-06-09 00:00:00+00:00,187455,2392,0.0363,747541.34,2024,3,1,4,29,0,0,72,78.36747491638796,3.987844229281694,0.16791666666666666,0.4225,2855926.099785614,2841772.1179897054,1.0,0.0,0.0,0.0,0.0,0.0,0.0,1.0,0.0,-1.0936968173816652,-0.9196753751777942,-0.3486613184749845,-1.1724739977027292,-0.06582961229645456
MKT-00650,Campaign 0650,2025-06-26 00:00:00+00:00,2025-09-23 00:00:00+00:00,862381,15331,0.0373,5242474.99,2025,6,2,3,26,0,0,89,56.250799034635705,6.079070608002728,0.1675,0.4225,2698290.221362763,2841772.1179897054,0.0,1.0,0.0,0.0,0.0,0.0,0.0,1.0,0.0,1.5320704416830768,1.8904530519965592,-0.28711384320027,1.3826071849206567,-0.9191233674531627
MKT-00651,Campaign 0651,2024-01-17 00:00:00+00:00,2024-02-04 00:00:00+00:00,657032,6938,0.0622,5229032.14,2024,1,1,2,17,0,0,18,94.70049005477082,7.958565397119166,0.16791666666666666,0.2520833333333333,2855926.099785614,2828093.8678722903,1.0,0.0,0.0,0.0,0.0,0.0,0.0,0.0,1.0,0.7331699979578599,0.06763769615187662,1.2454182911401204,1.3749657877943986,0.564322038655799
MKT-00652,Campaign 0652,2024-04-21 00:00:00+00:00,2024-06-06 00:00:00+00:00,536031,14606,0.0298,3835371.86,2024,4,2,6,21,0,0,46,36.69937012186772,7.155130692068182,0.15958333333333333,0.2520833333333333,2694009.023235263,2828093.8678722903,0.0,0.0,0.0,0.0,1.0,0.0,0.0,0.0,1.0,0.2624214060913547,1.7329955120242735,-0.7487199077606285,0.5827593986305367,-1.6734461366094406
MKT-00653,Campaign 0653,2023-05-13 00:00:00+00:00,2023-07-15 00:00:00+00:00,115878,1068,0.0625,712169.56,2023,5,2,5,13,0,0,63,108.5,6.145856504254475,0.1675,0.3254166666666667,2698290.221362763,2755334.291556837,0.0,1.0,0.0,0.0,0.0,0.0,1.0,0.0,0.0,-1.372163705754727,-1.2072254205892514,1.2638825337225348,-1.1925805835861256,1.0967273478190145
MKT-00654,Campaign 0654,2023-03-27 00:00:00+00:00,2023-06-17 00:00:00+00:00,626620,5435,0.051,2336886.6,2023,3,1,0,27,0,0,82,115.29346826126955,3.729352079410169,0.16791666666666666,0.2520833333333333,2855926.099785614,2828093.8678722903,1.0,0.0,0.0,0.0,0.0,0.0,0.0,0.0,1.0,0.6148535693676486,-0.25878807292170347,0.5560865680633181,-0.26903326137113226,1.358829305373105
MKT-00655,Campaign 0655,2024-04-10 00:00:00+00:00,2024-06-14 00:00:00+00:00,125688,1491,0.0638,426618.37,2024,4,2,2,10,0,0,65,84.29778672032194,3.3942649258481317,0.15958333333333333,0.3254166666666667,2694009.023235263,2755334.291556837,0.0,0.0,0.0,0.0,1.0,0.0,1.0,0.0,0.0,-1.3339983708714582,-1.1153570903709384,1.3438942515796632,-1.3548981012751165,0.16297050465982182
MKT-00656,Campaign 0656,2023-11-14 00:00:00+00:00,2023-12-27 00:00:00+00:00,735699,12843,0.0543,5112609.96,2023,11,4,1,14,0,0,43,57.2840457836954,6.949322970399579,0.16791666666666666,0.4225,2855926.099785614,2841772.1179897054,1.0,0.0,0.0,0.0,0.0,0.0,0.0,1.0,0.0,1.0392201915625603,1.3501022113744252,0.7591932364698761,1.3087872533552993,-0.8792591942282868
MKT-00657,Campaign 0657,2025-04-08 00:00:00+00:00,2025-04-25 00:00:00+00:00,332439,6558,0.0476,1878869.46,2025,4,2,1,8,0,0,17,50.69213174748399,5.651772084502721,0.16791666666666666,0.2520833333333333,2855926.099785614,2828093.8678722903,1.0,0.0,0.0,0.0,0.0,0.0,0.0,0.0,1.0,-0.5296435133331584,-0.014891773074976635,0.3468251521292893,-0.5293865984516432,-1.1335848945144638
MKT-00658,Campaign 0658,2023-05-18 00:00:00+00:00,2023-07-11 00:00:00+00:00,57862,579,0.0531,320506.01,2023,5,2,3,18,0,0,54,99.93436960276338,5.539145034737825,0.15958333333333333,0.3254166666666667,2694009.023235263,2755334.291556837,0.0,0.0,0.0,0.0,1.0,0.0,1.0,0.0,0.0,-1.5978721735006727,-1.313427816515386,0.6853362661402188,-1.4152161649866375,0.7662527789452673
MKT-00659,Campaign 0659,2023-09-26 00:00:00+00:00,2023-11-13 00:00:00+00:00,796083,14661,0.0435,4290699.64,2023,9,3,1,26,0,0,48,54.29936566400655,5.389764182880428,0.15833333333333333,0.4225,2745646.1699524573,2841772.1179897054,0.0,0.0,1.0,0.0,0.0,0.0,0.0,1.0,0.0,1.2741412498287485,1.7449405667807916,0.09448050350295957,0.8415840072215179,-0.9944125256279732
MKT-00660,Campaign 0660,2024-11-25 00:00:00+00:00,2025-02-20 00:00:00+00:00,896881,11073,0.0307,3741460.23,2024,11,4,0,25,0,0,87,80.99711008760048,4.171635066413493,0.16875,0.4225,2935005.225015562,2841772.1179897054,0.0,0.0,0.0,0.0,0.0,1.0,0.0,1.0,0.0,1.6662910383673557,0.9656886310282929,-0.6933271800133853,0.5293766665756399,0.03562556487089753
MKT-00661,Campaign 0661,2023-02-08 00:00:00+00:00,2023-04-02 00:00:00+00:00,655355,5816,0.0526,4153719.1,2023,2,1,2,8,0,0,53,112.6813961485557,6.338120713201242,0.16875,0.4225,2935005.225015562,2841772.1179897054,0.0,0.0,0.0,0.0,0.0,1.0,0.0,1.0,0.0,0.7266457098233806,-0.17604142088109537,0.6545625285028616,0.7637193650727758,1.2580517367314867
MKT-00662,Campaign 0662,2024-08-08 00:00:00+00:00,2024-11-04 00:00:00+00:00,703245,6777,0.0409,3747106.52,2024,8,3,3,8,0,0,88,103.7693669765383,5.32830879707641,0.15833333333333333,0.2520833333333333,2745646.1699524573,2828093.8678722903,0.0,0.0,1.0,0.0,0.0,0.0,0.0,0.0,1.0,0.9129594598294709,0.03267126313734143,-0.06554293221129794,0.532586219920356,0.9142125956727187
MKT-00663,Campaign 0663,2025-01-18 00:00:00+00:00,2025-03-16 00:00:00+00:00,422633,11635,0.0622,1525954.54,2025,1,1,5,18,0,0,57,36.32428018908466,3.610590133756711,0.1675,0.4225,2698290.221362763,2841772.1179897054,0.0,1.0,0.0,0.0,0.0,0.0,0.0,1.0,0.0,-0.1787480786275976,1.0877453723585337,1.2454182911401204,-0.7299960715545525,-1.68791765570106
MKT-00664,Campaign 0664,2023-06-22 00:00:00+00:00,2023-07-18 00:00:00+00:00,741423,7541,0.0616,6227171.14,2023,6,2,3,22,0,0,26,98.31892321973213,8.39894519053226,0.16875,0.2520833333333333,2935005.225015562,2828093.8678722903,0.0,0.0,0.0,0.0,0.0,1.0,0.0,0.0,1.0,1.0614891392559171,0.19859893284606744,1.2084898059752918,1.942343723738464,0.7039264909533013
MKT-00665,Campaign 0665,2023-07-24 00:00:00+00:00,2023-08-13 00:00:00+00:00,193942,5376,0.0513,1163313.6,2023,7,3,0,24,0,0,20,36.075520833333336,5.998255148446443,0.16791666666666666,0.3254166666666667,2855926.099785614,2755334.291556837,1.0,0.0,0.0,0.0,0.0,0.0,1.0,0.0,0.0,-1.0684594547529431,-0.27160185893324124,0.5745508106457325,-0.936134162567944,-1.6975151560638764
MKT-00666,Campaign 0666,2024-01-26 00:00:00+00:00,2024-04-01 00:00:00+00:00,401962,6264,0.0579,1848632.42,2024,1,1,4,26,0,0,66,64.17017879948915,4.599022842955304,0.17791666666666667,0.3254166666666667,2915925.030689836,2755334.291556837,0.0,0.0,0.0,1.0,0.0,0.0,1.0,0.0,0.0,-0.25916761352790857,-0.07874352031891046,0.9807641474588482,-0.5465744143212345,-0.6135820946961982
MKT-00667,Campaign 0667,2023-03-10 00:00:00+00:00,2023-04-07 00:00:00+00:00,838081,12200,0.0499,5986180.56,2023,3,1,4,10,0,0,28,68.69516393442623,7.14272314967169,0.16875,0.4225,2935005.225015562,2841772.1179897054,0.0,0.0,0.0,0.0,0.0,1.0,0.0,1.0,0.0,1.4375324561924108,1.2104536621300392,0.4883843452611324,1.805356051818658,-0.4390015393513307
MKT-00668,Campaign 0668,2025-11-15 00:00:00+00:00,2026-01-01 00:00:00+00:00,556634,7184,0.05,4429779.47,2025,11,4,5,15,0,0,47,77.48246102449889,7.958154676142671,0.17791666666666667,0.2520833333333333,2915925.030689836,2828093.8678722903,0.0,0.0,0.0,1.0,0.0,0.0,0.0,0.0,1.0,0.34257639025037495,0.12106466833557636,0.494539092788604,0.9206419609502586,-0.09997474473920795
MKT-00669,Campaign 0669,2025-01-30 00:00:00+00:00,2025-04-07 00:00:00+00:00,570698,6075,0.0319,2784343.24,2025,1,1,3,30,0,0,67,93.94205761316873,4.8788382647214465,0.16791666666666666,0.2520833333333333,2855926.099785614,2828093.8678722903,1.0,0.0,0.0,0.0,0.0,0.0,0.0,0.0,1.0,0.39729170827262705,-0.11979107211858223,-0.6194702096837282,-0.014682890503280407,0.5350606039995504
MKT-00670,Campaign 0670,2025-09-29 00:00:00+00:00,2025-10-24 00:00:00+00:00,524355,4222,0.0461,4405011.74,2025,9,3,0,29,0,0,25,124.1958787304595,8.400819559268054,0.1675,0.4225,2698290.221362763,2841772.1179897054,0.0,1.0,0.0,0.0,0.0,0.0,0.0,1.0,0.0,0.2169964876309014,-0.5222308260063693,0.25450393921721753,0.9065630966583919,1.7022973427859514
MKT-00671,Campaign 0671,2024-02-18 00:00:00+00:00,2024-03-11 00:00:00+00:00,157279,3087,0.0491,1023975.61,2024,2,1,6,18,0,0,22,50.94881762228701,6.510567907985172,0.15833333333333333,0.2520833333333333,2745646.1699524573,2828093.8678722903,0.0,0.0,1.0,0.0,0.0,0.0,0.0,0.0,1.0,-1.2110950992815146,-0.7687333196181547,0.4391463650413607,-1.0153388636815113,-1.1236815774347455
MKT-00672,Campaign 0672,2024-11-05 00:00:00+00:00,2024-11-21 00:00:00+00:00,106484,1116,0.0479,495934.81,2024,11,4,1,5,0,0,16,95.415770609319,4.657364580594268,0.16791666666666666,0.2520833333333333,2855926.099785614,2828093.8678722903,1.0,0.0,0.0,0.0,0.0,0.0,0.0,0.0,1.0,-1.4087106125736288,-1.1968006455290172,0.3652893947117033,-1.3154961556000246,0.5919186102945125
MKT-00673,Campaign 0673,2024-05-24 00:00:00+00:00,2024-07-01 00:00:00+00:00,65699,1279,0.0464,468812.42,2024,5,2,4,24,0,0,38,51.36747458952306,7.135761883742522,0.1675,0.4225,2698290.221362763,2841772.1179897054,0.0,1.0,0.0,0.0,0.0,0.0,0.0,1.0,0.0,-1.5673827005669134,-1.1613998468869722,0.2729681817996315,-1.3309134929208486,-1.1075291783307681
MKT-00674,Campaign 0674,2023-01-20 00:00:00+00:00,2023-03-14 00:00:00+00:00,192655,2967,0.0454,1285295.63,2023,1,1,4,20,0,0,53,64.93259184361308,6.671488567646829,0.15958333333333333,0.3254166666666667,2694009.023235263,2755334.291556837,0.0,0.0,0.0,0.0,1.0,0.0,1.0,0.0,0.0,-1.0734664665770783,-0.7947952572687399,0.21142070652491743,-0.8667952103742447,-0.584167082563307
MKT-00675,Campaign 0675,2024-04-08 00:00:00+00:00,2024-05-23 00:00:00+00:00,162858,1504,0.0753,1363188.46,2024,4,2,0,8,0,0,45,108.28324468085107,8.370411401343501,0.15958333333333333,0.4225,2694009.023235263,2841772.1179897054,0.0,0.0,0.0,0.0,1.0,0.0,0.0,1.0,0.0,-1.1893902671394394,-1.112533713792125,2.0516902172388805,-0.8225181376316286,1.0883646100723632
MKT-00676,Campaign 0676,2025-06-26 00:00:00+00:00,2025-07-17 00:00:00+00:00,711355,17161,0.0442,5803845.31,2025,6,2,3,26,0,0,21,41.45183847095158,8.158859233434782,0.16875,0.3254166666666667,2935005.225015562,2755334.291556837,0.0,0.0,0.0,0.0,0.0,1.0,1.0,0.0,0.0,0.9445110261804709,2.287897601167984,0.13756373619526008,1.7017101690359542,-1.4900889456131652
MKT-00677,Campaign 0677,2023-05-10 00:00:00+00:00,2023-07-06 00:00:00+00:00,578461,15722,0.0539,3806176.6,2023,5,2,2,10,0,0,57,36.793092481872534,6.5798326939931995,0.15958333333333333,0.4225,2694009.023235263,2841772.1179897054,0.0,0.0,0.0,0.0,1.0,0.0,0.0,1.0,0.0,0.42749328775262874,1.975371532174716,0.7345742463599905,0.5661637678034173,-1.6698301906626702
MKT-00678,Campaign 0678,2023-03-01 00:00:00+00:00,2023-05-27 00:00:00+00:00,463788,6877,0.0425,3129142.65,2023,3,1,2,1,1,0,87,67.44045368620039,6.746924564671789,0.17791666666666667,0.2520833333333333,2915925.030689836,2828093.8678722903,0.0,0.0,0.0,1.0,0.0,0.0,0.0,0.0,1.0,-0.018636523365525213,0.054389544512829124,0.032933028228245474,0.18131343622128535,-0.48741009880513114
MKT-00679,Campaign 0679,2023-02-04 00:00:00+00:00,2023-03-07 00:00:00+00:00,356377,4778,0.0475,1567316.94,2023,2,1,5,4,0,0,31,74.58706571787359,4.397918328062698,0.16791666666666666,0.2520833333333333,2855926.099785614,2828093.8678722903,1.0,0.0,0.0,0.0,0.0,0.0,0.0,0.0,1.0,-0.4365138714946579,-0.4014771815586577,0.3406704046018177,-0.7064842028291618,-0.21168333725386534
MKT-00680,Campaign 0680,2025-11-18 00:00:00+00:00,2025-12-21 00:00:00+00:00,185425,2573,0.0285,1369192.24,2025,11,4,1,18,0,0,33,72.0656820831714,7.384075717945261,0.15833333333333333,0.4225,2745646.1699524573,2841772.1179897054,0.0,0.0,1.0,0.0,0.0,0.0,0.0,1.0,0.0,-1.1015944350996099,-0.8803652858881614,-0.8287316256177573,-0.8191053741745727,-0.3089620115604693
MKT-00681,Campaign 0681,2024-07-08 00:00:00+00:00,2024-07-25 00:00:00+00:00,621511,7078,0.0329,4841781.6,2024,7,3,0,8,0,0,17,87.80884430630121,7.790339350389615,0.16791666666666666,0.3254166666666667,2855926.099785614,2755334.291556837,1.0,0.0,0.0,0.0,0.0,0.0,1.0,0.0,0.0,0.5949772497021419,0.0980432900775594,-0.5579227344090137,1.154838719241397,0.29843224982124417
MKT-00682,Campaign 0682,2024-10-31 00:00:00+00:00,2024-12-18 00:00:00+00:00,791380,7825,0.0344,6930060.17,2024,10,4,3,31,0,1,48,101.13482428115016,8.756931145593773,0.15833333333333333,0.3254166666666667,2745646.1699524573,2755334.291556837,0.0,0.0,1.0,0.0,0.0,0.0,1.0,0.0,0.0,1.2558444537068307,0.26027885195245254,-0.46560152149694195,2.341891008274111,0.8125680790334349
MKT-00683,Campaign 0683,2025-01-04 00:00:00+00:00,2025-01-30 00:00:00+00:00,537902,5793,0.0199,2386412.25,2025,1,1,5,4,0,0,26,92.85378905575695,4.4365186409420305,0.16791666666666666,0.3254166666666667,2855926.099785614,2755334.291556837,1.0,0.0,0.0,0.0,0.0,0.0,1.0,0.0,0.0,0.2697004419289282,-0.18103662559745753,-1.3580399129803018,-0.2408811091425467,0.4930736088047147
MKT-00684,Campaign 0684,2023-10-20 00:00:00+00:00,2023-12-29 00:00:00+00:00,171802,1693,0.0443,1084235.6,2023,10,4,4,20,0,0,70,101.47784997046662,6.310960291498353,0.15833333333333333,0.3254166666666667,2745646.1699524573,2755334.291556837,0.0,0.0,1.0,0.0,0.0,0.0,1.0,0.0,0.0,-1.1545940637555498,-1.0714861619924532,0.14371848372273127,-0.9810849283616709,0.8258025126398685
MKT-00685,Campaign 0685,2024-10-12 00:00:00+00:00,2024-12-09 00:00:00+00:00,443474,5421,0.028,3831736.65,2024,10,4,5,12,0,0,58,81.80667773473529,8.640273499686565,0.1675,0.3254166666666667,2698290.221362763,2755334.291556837,0.0,1.0,0.0,0.0,0.0,0.0,1.0,0.0,0.0,-0.09766716687405973,-0.2618286323142718,-0.8595053632551145,0.5806930151443458,0.06685987066668851
MKT-00686,Campaign 0686,2023-04-20 00:00:00+00:00,2023-06-12 00:00:00+00:00,850848,11380,0.0251,6151505.16,2023,4,2,3,20,0,0,53,74.76695957820738,7.229852053480763,0.16791666666666666,0.4225,2855926.099785614,2841772.1179897054,1.0,0.0,0.0,0.0,0.0,0.0,0.0,1.0,0.0,1.4872018578697495,1.0323637548510403,-1.0379930415517864,1.8993324722458516,-0.20474276858818682
MKT-00687,Campaign 0687,2023-09-28 00:00:00+00:00,2023-10-18 00:00:00+00:00,687629,14698,0.0768,3478163.96,2023,9,3,3,28,0,0,20,46.783848142604434,5.058198476213191,0.17791666666666667,0.3254166666666667,2915925.030689836,2755334.291556837,0.0,0.0,0.0,1.0,0.0,0.0,1.0,0.0,0.0,0.8522061601824651,1.7529763308897222,2.144011430150951,0.3797096420285865,-1.2843722013979817
MKT-00688,Campaign 0688,2025-04-27 00:00:00+00:00,2025-06-09 00:00:00+00:00,698841,5649,0.0608,2411231.93,2025,4,2,6,27,0,0,43,123.71056824216676,3.4503298032027314,0.1675,0.3254166666666667,2698290.221362763,2755334.291556837,0.0,1.0,0.0,0.0,0.0,0.0,1.0,0.0,0.0,0.8958259088788169,-0.2123109507781598,1.1592518257555202,-0.22677271461113144,1.683573353196091
MKT-00689,Campaign 0689,2025-07-25 00:00:00+00:00,2025-09-20 00:00:00+00:00,244317,2596,0.0753,2120523.51,2025,7,3,4,25,0,0,57,94.11286594761171,8.679394024975748,0.1675,0.2520833333333333,2698290.221362763,2828093.8678722903,0.0,1.0,0.0,0.0,0.0,0.0,0.0,0.0,1.0,-0.8724779313335069,-0.8753700811717993,2.0516902172388805,-0.3920217864349562,0.5416506397665966
MKT-00690,Campaign 0690,2023-06-03 00:00:00+00:00,2023-08-05 00:00:00+00:00,753634,13525,0.0415,5117243.48,2023,6,2,5,3,0,0,63,55.72155268022181,6.790091052155291,0.15958333333333333,0.4225,2694009.023235263,2841772.1179897054,0.0,0.0,0.0,0.0,1.0,0.0,0.0,1.0,0.0,1.1089954495779963,1.4982208903552514,-0.028614447046469055,1.3114211119799555,-0.9395424671214556
MKT-00691,Campaign 0691,2023-10-25 00:00:00+00:00,2024-01-22 00:00:00+00:00,674689,6965,0.0378,5260341.2,2023,10,4,2,25,0,0,89,96.86848528356066,7.79669032695064,0.1675,0.4225,2698290.221362763,2841772.1179897054,0.0,1.0,0.0,0.0,0.0,0.0,0.0,1.0,0.0,0.801863710295666,0.0735016321232583,-0.2563401055629127,1.3927629782049018,0.6479664705689251
MKT-00692,Campaign 0692,2024-06-19 00:00:00+00:00,2024-07-18 00:00:00+00:00,473886,5682,0.0491,1727270.26,2024,6,2,2,19,0,0,29,83.4012671594509,3.644906707520374,0.17791666666666667,0.4225,2915925.030689836,2841772.1179897054,0.0,0.0,0.0,1.0,0.0,0.0,0.0,1.0,0.0,0.020649261716151543,-0.20514391792424888,0.4391463650413607,-0.6155610102187131,0.12838146665261088
MKT-00693,Campaign 0693,2024-12-22 00:00:00+00:00,2025-03-15 00:00:00+00:00,899559,12607,0.0489,5788360.75,2024,12,4,6,22,0,0,83,71.35393035615134,6.434664930260272,0.16875,0.2520833333333333,2935005.225015562,2828093.8678722903,0.0,0.0,0.0,0.0,0.0,1.0,0.0,0.0,1.0,1.6767096690317178,1.2988470673282744,0.42683686998641784,1.692908190862772,-0.33642243586362186
MKT-00694,Campaign 0694,2023-01-25 00:00:00+00:00,2023-03-18 00:00:00+00:00,470948,5211,0.0374,3935005.82,2023,1,1,2,25,0,0,52,90.37574361926694,8.355499588064925,0.15833333333333333,0.4225,2745646.1699524573,2841772.1179897054,0.0,0.0,1.0,0.0,0.0,0.0,0.0,1.0,0.0,0.009219113511559908,-0.3074370232027959,-0.28095909567279836,0.6393949078879985,0.39746698567306643
MKT-00695,Campaign 0695,2024-12-26 00:00:00+00:00,2025-02-12 00:00:00+00:00,204895,3722,0.0308,1379167.82,2024,12,4,3,26,0,0,48,55.04970445996776,6.73109553673833,0.17791666666666667,0.3254166666666667,2915925.030689836,2755334.291556837,0.0,0.0,0.0,1.0,0.0,0.0,1.0,0.0,0.0,-1.0258473331447429,-0.6308222328838078,-0.687172432485914,-0.8134348974271007,-0.9654633556772685
MKT-00696,Campaign 0696,2025-11-16 00:00:00+00:00,2026-02-13 00:00:00+00:00,126206,1030,0.0525,672743.58,2025,11,4,6,16,0,0,89,122.53009708737864,5.3305197851132275,0.15833333333333333,0.4225,2745646.1699524573,2841772.1179897054,0.0,0.0,1.0,0.0,0.0,0.0,0.0,1.0,0.0,-1.331983116695155,-1.2154783675119367,0.6484077809753899,-1.214991721869443,1.6380290467230547
MKT-00697,Campaign 0697,2025-09-22 00:00:00+00:00,2025-10-27 00:00:00+00:00,166809,2242,0.0176,813074.83,2025,9,3,0,22,0,0,35,74.40187332738627,4.874286339466096,0.16875,0.4225,2935005.225015562,2841772.1179897054,0.0,0.0,0.0,0.0,0.0,1.0,0.0,1.0,0.0,-1.1740190909800312,-0.9522527972410257,-1.499599106112145,-1.1352224162181754,-0.2188283309749041
MKT-00698,Campaign 0698,2025-06-07 00:00:00+00:00,2025-08-21 00:00:00+00:00,860397,9952,0.0523,3234131.29,2025,6,2,5,7,0,0,75,86.45468247588424,3.758882573974572,0.16875,0.2520833333333333,2935005.225015562,2828093.8678722903,0.0,0.0,0.0,0.0,0.0,1.0,0.0,0.0,1.0,1.5243517847607113,0.7222266968090759,0.636098285920447,0.2409927372612954,0.2461867026357496
MKT-00699,Campaign 0699,2024-12-06 00:00:00+00:00,2025-02-01 00:00:00+00:00,533426,12052,0.0382,1716565.37,2024,12,4,4,6,0,0,57,44.26037172253568,3.2180009410864865,0.15833333333333333,0.4225,2745646.1699524573,2841772.1179897054,0.0,0.0,1.0,0.0,0.0,0.0,0.0,1.0,0.0,0.25228677842867225,1.1783106056943176,-0.2317211154530271,-0.6216460528758062,-1.381731618429836
MKT-00700,Campaign 0700,2023-07-01 00:00:00+00:00,2023-08-10 00:00:00+00:00,369339,3235,0.0554,1891584.14,2023,7,3,5,1,1,0,40,114.16970633693973,5.121539128009768,0.17791666666666667,0.2520833333333333,2915925.030689836,2828093.8678722903,0.0,0.0,0.0,1.0,0.0,0.0,0.0,0.0,1.0,-0.3860858316621471,-0.7365902631824329,0.8268954592720619,-0.5221591192182005,1.3154729240868612
MKT-00701,Campaign 0701,2024-11-12 00:00:00+00:00,2024-12-15 00:00:00+00:00,270162,2807,0.0601,1724617.27,2024,11,4,1,12,0,0,33,96.24581403633773,6.383641185658975,0.16791666666666666,0.2520833333333333,2855926.099785614,2828093.8678722903,1.0,0.0,0.0,0.0,0.0,0.0,0.0,0.0,1.0,-0.7719291973826319,-0.8295445074695202,1.1161685930632201,-0.6170690646983801,0.6239429016740472
MKT-00702,Campaign 0702,2025-01-04 00:00:00+00:00,2025-03-30 00:00:00+00:00,532594,12119,0.0521,4388353.57,2025,1,1,5,4,0,0,85,43.94702533212311,8.23958506855128,0.15958333333333333,0.3254166666666667,2694009.023235263,2755334.291556837,0.0,0.0,0.0,0.0,1.0,0.0,1.0,0.0,0.0,0.24904992229993833,1.1928618542158944,0.6237887908655042,0.8970939965518884,-1.3938209812061175
MKT-00703,Campaign 0703,2023-09-20 00:00:00+00:00,2023-12-04 00:00:00+00:00,833062,11335,0.0243,7262414.7,2023,9,3,2,20,0,0,75,73.49466254962506,8.717736134885518,0.16875,0.2520833333333333,2935005.225015562,2828093.8678722903,0.0,0.0,0.0,0.0,0.0,1.0,0.0,0.0,1.0,1.4180062772139066,1.0225905282320709,-1.0872310217715582,2.5308132197427144,-0.25382985179174605
MKT-00704,Campaign 0704,2024-07-03 00:00:00+00:00,2024-09-23 00:00:00+00:00,83470,1427,0.0189,313013.1,2024,7,3,2,3,0,0,82,58.493342676944636,3.7500071882113333,0.16875,0.4225,2935005.225015562,2841772.1179897054,0.0,0.0,0.0,0.0,0.0,1.0,0.0,1.0,0.0,-1.4982454766922375,-1.1292567904512505,-1.4195873882550163,-1.4194754032390395,-0.8326027485373972
MKT-00705,Campaign 0705,2024-08-14 00:00:00+00:00,2024-10-26 00:00:00+00:00,664286,8455,0.0176,3191495.8,2024,8,3,2,14,0,0,73,78.5672383205204,4.804400213161198,0.15833333333333333,0.2520833333333333,2745646.1699524573,2828093.8678722903,0.0,0.0,1.0,0.0,0.0,0.0,0.0,0.0,1.0,0.7613913373302587,0.397104024618025,-1.499599106112145,0.21675719860970083,-0.058122447523302756
MKT-00706,Campaign 0706,2023-04-10 00:00:00+00:00,2023-05-15 00:00:00+00:00,196947,2717,0.0348,664984.21,2023,4,2,0,10,0,0,35,72.48693411851306,3.3764627539388767,0.15958333333333333,0.4225,2694009.023235263,2841772.1179897054,0.0,0.0,0.0,0.0,1.0,0.0,0.0,1.0,0.0,-1.0567686462591386,-0.8490909607074592,-0.4409825313870563,-1.21940242552377,-0.29270949092735427
MKT-00707,Campaign 0707,2023-07-15 00:00:00+00:00,2023-10-06 00:00:00+00:00,383498,3655,0.0191,1968936.63,2023,7,3,5,15,0,0,83,104.92421340629275,5.1341509734079445,0.16875,0.4225,2935005.225015562,2841772.1179897054,0.0,0.0,0.0,0.0,0.0,1.0,0.0,1.0,0.0,-0.3310009206925035,-0.6453734814053845,-1.4072778932000733,-0.4781891950730323,0.9587682627152302
MKT-00708,Campaign 0708,2024-06-19 00:00:00+00:00,2024-09-13 00:00:00+00:00,802657,9322,0.0417,5505451.98,2024,6,2,2,19,0,0,86,86.1035185582493,6.859034406975832,0.17791666666666667,0.3254166666666667,2915925.030689836,2755334.291556837,0.0,0.0,0.0,1.0,0.0,0.0,1.0,0.0,0.0,1.29971708178824,0.5854015241435033,-0.016304951991526234,1.532092719287096,0.23263828425876001
MKT-00709,Campaign 0709,2025-09-13 00:00:00+00:00,2025-11-26 00:00:00+00:00,653491,8746,0.0281,3612580.54,2025,9,3,5,13,0,0,74,74.71884289961125,5.528125926753391,0.17791666666666667,0.3254166666666667,2915925.030689836,2755334.291556837,0.0,0.0,0.0,1.0,0.0,0.0,1.0,0.0,0.0,0.7193939071503517,0.4603042234206942,-0.8533506157276431,0.4561168375364871,-0.20659918053655
MKT-00710,Campaign 0710,2024-03-02 00:00:00+00:00,2024-04-22 00:00:00+00:00,411624,8123,0.0332,3189530.67,2024,3,1,5,2,0,0,51,50.67388895728179,7.748650880415136,0.17791666666666667,0.4225,2915925.030689836,2841772.1179897054,0.0,0.0,0.0,1.0,0.0,0.0,0.0,1.0,0.0,-0.22157806555215487,0.32499933045140583,-0.5394584918265993,0.2156401483759541,-1.134288728085087
MKT-00711,Campaign 0711,2025-08-25 00:00:00+00:00,2025-10-18 00:00:00+00:00,823412,6856,0.0422,2943795.37,2025,8,3,0,25,0,0,54,120.10093348891482,3.575118373305223,0.15958333333333333,0.3254166666666667,2694009.023235263,2755334.291556837,0.0,0.0,0.0,0.0,1.0,0.0,1.0,0.0,0.0,1.3804634146630865,0.04982870542397671,0.014468785645831029,0.07595540777109291,1.5443083565114955
MKT-00712,Campaign 0712,2023-09-23 00:00:00+00:00,2023-12-18 00:00:00+00:00,364523,5851,0.0485,2471797.25,2023,9,3,5,23,0,0,86,62.300974192445736,6.780908886407716,0.15833333333333333,0.3254166666666667,2745646.1699524573,2755334.291556837,0.0,0.0,1.0,0.0,0.0,0.0,1.0,0.0,0.0,-0.40482224886885687,-0.16844002239967468,0.4022178798765322,-0.19234521879001662,-0.6856987467115339
MKT-00713,Campaign 0713,2023-08-18 00:00:00+00:00,2023-09-27 00:00:00+00:00,317176,7814,0.0294,2788513.45,2023,8,3,4,18,0,0,40,40.59073457896084,8.791691206144224,0.17791666666666667,0.4225,2915925.030689836,2841772.1179897054,0.0,0.0,0.0,1.0,0.0,0.0,0.0,1.0,0.0,-0.589023483396699,0.25788984100114887,-0.7733388978705144,-0.012312393866786613,-1.5233115952330871
MKT-00714,Campaign 0714,2025-12-12 00:00:00+00:00,2026-02-06 00:00:00+00:00,255129,4135,0.0354,1083868.74,2025,12,4,4,12,0,0,56,61.699879081015716,4.248316498712416,0.16875,0.3254166666666667,2935005.225015562,2755334.291556837,0.0,0.0,0.0,0.0,0.0,1.0,1.0,0.0,0.0,-0.8304143634682772,-0.5411257308030436,-0.4040540462222274,-0.9812934647174095,-0.7088898766797425
MKT-00715,Campaign 0715,2024-06-15 00:00:00+00:00,2024-09-07 00:00:00+00:00,762223,14794,0.0478,6557171.45,2024,6,2,5,15,0,0,84,51.52244153035014,8.60269429025364,0.17791666666666667,0.4225,2915925.030689836,2841772.1179897054,0.0,0.0,0.0,1.0,0.0,0.0,0.0,1.0,0.0,1.142410542474265,1.7738258810101903,0.3591346471842321,2.12992771228986,-1.1015503267361402
MKT-00716,Campaign 0716,2023-09-19 00:00:00+00:00,2023-10-10 00:00:00+00:00,883469,12984,0.0402,6627735.76,2023,9,3,1,19,0,0,21,68.042898952557,7.501944901292518,0.15958333333333333,0.4225,2694009.023235263,2841772.1179897054,0.0,0.0,0.0,0.0,1.0,0.0,0.0,1.0,0.0,1.6141122950998326,1.380724988113863,-0.10862616490359803,2.1700389919404066,-0.46416687788195654
MKT-00717,Campaign 0717,2025-04-19 00:00:00+00:00,2025-06-16 00:00:00+00:00,309158,2848,0.0397,1548581.33,2025,4,2,5,19,0,0,58,108.55266853932584,5.009028813745722,0.16791666666666666,0.3254166666666667,2855926.099785614,2755334.291556837,1.0,0.0,0.0,0.0,0.0,0.0,1.0,0.0,0.0,-0.620217128156541,-0.8206400121055702,-0.1393999025409553,-0.7171341941935439,1.09875937722254
MKT-00718,Campaign 0718,2025-02-04 00:00:00+00:00,2025-02-28 00:00:00+00:00,627222,9085,0.0531,3495248.98,2025,2,1,1,4,0,0,24,69.03929554210237,5.572586707736654,0.16875,0.4225,2935005.225015562,2841772.1179897054,0.0,0.0,0.0,0.0,0.0,1.0,0.0,1.0,0.0,0.6171956215184873,0.5339291972835976,0.6853362661402188,0.3894213789541681,-0.4257244377944751
MKT-00719,Campaign 0719,2023-04-28 00:00:00+00:00,2023-07-17 00:00:00+00:00,567637,7442,0.0278,2155770.13,2023,4,2,4,28,0,0,80,76.2747917226552,3.7977970604453195,0.16791666666666666,0.3254166666666667,2855926.099785614,2755334.291556837,1.0,0.0,0.0,0.0,0.0,0.0,1.0,0.0,0.0,0.3853830344624654,0.17709783428433462,-0.8718148583100576,-0.3719863459756566,-0.14656839556934534
MKT-00720,Campaign 0720,2026-01-24 00:00:00+00:00,2026-03-17 00:00:00+00:00,463364,4348,0.0554,3254593.14,2026,1,1,5,24,0,0,52,106.56945722171113,7.023836853963623,0.1675,0.3254166666666667,2698290.221362763,2755334.291556837,0.0,1.0,0.0,0.0,0.0,0.0,1.0,0.0,0.0,-0.020286075046514612,-0.49486579147325477,0.8268954592720619,0.2526239852323667,1.0222441793001902
MKT-00721,Campaign 0721,2023-05-18 00:00:00+00:00,2023-07-14 00:00:00+00:00,433508,5366,0.0787,2749571.81,2023,5,2,3,18,0,0,57,80.78792396571002,6.342609156001735,0.17791666666666667,0.3254166666666667,2915925.030689836,2755334.291556837,0.0,0.0,0.0,1.0,0.0,0.0,1.0,0.0,0.0,-0.1364394122814662,-0.27377368707079003,2.2609516331729096,-0.03444821595717375,0.027554857842910268
MKT-00722,Campaign 0722,2023-01-24 00:00:00+00:00,2023-02-08 00:00:00+00:00,879350,8772,0.0466,3705153.48,2023,1,1,1,24,0,0,15,100.24509803921569,4.213513936430318,0.1675,0.3254166666666667,2698290.221362763,2755334.291556837,0.0,1.0,0.0,0.0,0.0,0.0,1.0,0.0,0.0,1.598087522991353,0.465950976578321,0.2852776768545748,0.508738610277031,0.7782411372226125
MKT-00723,Campaign 0723,2025-08-31 00:00:00+00:00,2025-09-16 00:00:00+00:00,806774,10286,0.0349,4957327.94,2025,8,3,6,31,0,1,16,78.43418238382267,6.144630268203984,0.16875,0.3254166666666667,2935005.225015562,2755334.291556837,0.0,0.0,0.0,0.0,0.0,1.0,1.0,0.0,0.0,1.3157340729925637,0.7947657566032048,-0.4348277838595847,1.2205193948738404,-0.06325594048027888
MKT-00724,Campaign 0724,2023-06-10 00:00:00+00:00,2023-08-22 00:00:00+00:00,536846,8130,0.0189,4593818.89,2023,6,2,5,10,0,0,73,66.03271832718328,8.557051538057468,0.17791666666666667,0.4225,2915925.030689836,2841772.1179897054,0.0,0.0,0.0,1.0,0.0,0.0,0.0,1.0,0.0,0.26559212453476594,0.32651961014769,-1.4195873882550163,1.013887839062487,-0.5417225912061102
MKT-00725,Campaign 0725,2024-07-05 00:00:00+00:00,2024-10-01 00:00:00+00:00,517081,6440,0.0341,4457801.2,2024,7,3,4,5,0,0,88,80.29208074534162,8.621088765589917,0.17791666666666667,0.4225,2915925.030689836,2841772.1179897054,0.0,0.0,0.0,1.0,0.0,0.0,0.0,1.0,0.0,0.18869733921694648,-0.04051934509805212,-0.48406576407935636,0.9365705153189209,0.008424500019733374
MKT-00726,Campaign 0726,2025-03-18 00:00:00+00:00,2025-04-24 00:00:00+00:00,857311,6966,0.0479,6556596.91,2025,3,1,1,18,0,0,37,123.07077232271031,7.647862805912907,0.16791666666666666,0.3254166666666667,2855926.099785614,2755334.291556837,1.0,0.0,0.0,0.0,0.0,0.0,1.0,0.0,0.0,1.5123458496486044,0.07371881493701318,0.3652893947117033,2.1296011231882246,1.658889089359799
MKT-00727,Campaign 0727,2025-04-21 00:00:00+00:00,2025-06-20 00:00:00+00:00,241373,5399,0.0402,964917.99,2025,4,2,0,21,0,0,60,44.706982774587885,3.997621896401006,0.16875,0.4225,2935005.225015562,2841772.1179897054,0.0,0.0,0.0,0.0,0.0,1.0,0.0,1.0,0.0,-0.8839314222505653,-0.26660665421687907,-0.10862616490359803,-1.0489093288545672,-1.3645007097825497
MKT-00728,Campaign 0728,2024-09-23 00:00:00+00:00,2024-10-09 00:00:00+00:00,161940,1411,0.0412,847770.66,2024,9,3,0,23,0,0,16,114.76966690290574,5.23509114486847,0.17791666666666667,0.2520833333333333,2915925.030689836,2828093.8678722903,0.0,0.0,0.0,1.0,0.0,0.0,0.0,0.0,1.0,-1.1929617021468646,-1.1327317154713286,-0.0470786896288835,-1.115500064510381,1.3386202816290256
MKT-00729,Campaign 0729,2023-07-15 00:00:00+00:00,2023-08-06 00:00:00+00:00,709842,7773,0.0403,4693684.08,2023,7,3,5,15,0,0,22,91.3214974913161,6.612294116155426,0.1675,0.4225,2698290.221362763,2841772.1179897054,0.0,1.0,0.0,0.0,0.0,0.0,0.0,1.0,0.0,0.9386247721867517,0.2489853456371989,-0.1024714173761264,1.0706547877288173,0.4339555555309198
MKT-00730,Campaign 0730,2025-07-25 00:00:00+00:00,2025-09-27 00:00:00+00:00,388330,3179,0.0341,1623334.05,2025,7,3,4,25,0,0,64,122.15476564957534,4.180295238585739,0.1675,0.2520833333333333,2698290.221362763,2828093.8678722903,0.0,1.0,0.0,0.0,0.0,0.0,0.0,0.0,1.0,-0.3122022562525488,-0.7487525007527059,-0.48406576407935636,-0.6746420723750349,1.623548210013964
MKT-00731,Campaign 0731,2025-02-04 00:00:00+00:00,2025-03-08 00:00:00+00:00,63462,1104,0.0411,513673.82,2025,2,1,1,4,0,0,32,57.483695652173914,8.094195266458668,0.16875,0.3254166666666667,2935005.225015562,2755334.291556837,0.0,0.0,0.0,0.0,0.0,1.0,1.0,0.0,0.0,-1.5760856418649636,-1.1994068392940758,-0.053233437156355125,-1.3054126673488982,-0.8715564098269866
MKT-00732,Campaign 0732,2024-07-04 00:00:00+00:00,2024-09-03 00:00:00+00:00,511413,7375,0.0291,3612346.16,2024,7,3,3,4,0,0,61,69.34413559322034,7.063461742270924,0.15958333333333333,0.4225,2694009.023235263,2841772.1179897054,0.0,0.0,0.0,0.0,1.0,0.0,0.0,1.0,0.0,0.16664625683994672,0.16254658576275788,-0.7918031404529285,0.4559836075548648,-0.4139632620494692
MKT-00733,Campaign 0733,2024-12-05 00:00:00+00:00,2025-02-13 00:00:00+00:00,880630,19628,0.0436,4169583.89,2024,12,4,3,5,0,0,70,44.86600774403913,4.734773843725515,0.15833333333333333,0.4225,2745646.1699524573,2841772.1179897054,0.0,0.0,1.0,0.0,0.0,0.0,0.0,1.0,0.0,1.6030673016509436,2.823687602701266,0.1006352510304312,0.7727374795882753,-1.3583652934988264
MKT-00734,Campaign 0734,2025-11-19 00:00:00+00:00,2025-12-12 00:00:00+00:00,179197,4511,0.0445,1452361.87,2025,11,4,2,19,0,0,23,39.72445134116604,8.104833618866389,0.16791666666666666,0.4225,2855926.099785614,2841772.1179897054,1.0,0.0,0.0,0.0,0.0,0.0,0.0,1.0,0.0,-1.1258241706401806,-0.45946499283120984,0.1560279787776741,-0.7718287794291198,-1.5567340716015692
MKT-00735,Campaign 0735,2025-02-27 00:00:00+00:00,2025-05-05 00:00:00+00:00,839755,10932,0.0644,5931180.5,2025,2,1,3,27,0,0,67,76.81622758873033,7.062989205184846,0.15833333333333333,0.4225,2745646.1699524573,2841772.1179897054,0.0,0.0,1.0,0.0,0.0,0.0,0.0,1.0,0.0,1.4440450729706567,0.9350658542888554,1.380822736744492,1.774092048989794,-0.125679006684239
MKT-00736,Campaign 0736,2023-09-01 00:00:00+00:00,2023-09-29 00:00:00+00:00,590591,13714,0.0297,4605152.29,2023,9,3,4,1,1,0,28,43.064824267172234,7.797532116134517,0.17791666666666667,0.4225,2915925.030689836,2841772.1179897054,0.0,0.0,0.0,1.0,0.0,0.0,0.0,1.0,0.0,0.47468447145640563,1.5392684421549232,-0.7548746552880999,1.0203301493010697,-1.4278575906649682
MKT-00737,Campaign 0737,2025-09-04 00:00:00+00:00,2025-10-21 00:00:00+00:00,904409,10135,0.0537,6141977.12,2025,9,3,3,4,0,0,47,89.23621114948199,6.791149933271341,0.17791666666666667,0.2520833333333333,2915925.030689836,2828093.8678722903,0.0,0.0,0.0,1.0,0.0,0.0,0.0,0.0,1.0,1.695578361609073,0.7619711517262183,0.7222647513050472,1.8939163932540553,0.3535021536402355
MKT-00738,Campaign 0738,2024-07-13 00:00:00+00:00,2024-09-22 00:00:00+00:00,682855,7963,0.0556,5855409.99,2024,7,3,5,13,0,0,71,85.75348486751224,8.574895094859084,0.16875,0.4225,2935005.225015562,2841772.1179897054,0.0,0.0,0.0,0.0,0.0,1.0,0.0,1.0,0.0,0.8336331419630232,0.29025008025062554,0.8392049543270047,1.7310213789035345,0.2191334716912067
MKT-00739,Campaign 0739,2025-12-07 00:00:00+00:00,2026-01-26 00:00:00+00:00,883406,7356,0.038,7078840.08,2025,12,4,6,7,0,0,50,120.09325720500271,8.013122029961309,0.16791666666666666,0.4225,2855926.099785614,2841772.1179897054,1.0,0.0,0.0,0.0,0.0,0.0,0.0,1.0,0.0,1.6138671966189306,0.1584201123014152,-0.2440306105079699,2.4264628346888126,1.5440121942328586
MKT-00740,Campaign 0740,2025-09-14 00:00:00+00:00,2025-10-09 00:00:00+00:00,233671,1996,0.0313,1986140.23,2025,9,3,6,14,0,0,25,117.06963927855712,8.499729234693222,0.16791666666666666,0.3254166666666667,2855926.099785614,2755334.291556837,1.0,0.0,0.0,0.0,0.0,0.0,1.0,0.0,0.0,-0.9138956841538208,-1.0056797694247255,-0.6563986948485567,-0.4684100530308845,1.4273565852068837
MKT-00741,Campaign 0741,2026-01-26 00:00:00+00:00,2026-04-07 00:00:00+00:00,431402,7009,0.0634,3619614.87,2026,1,1,0,26,0,0,71,61.54972178627479,8.3903525482033,0.17791666666666667,0.4225,2915925.030689836,2841772.1179897054,0.0,0.0,0.0,1.0,0.0,0.0,0.0,1.0,0.0,-0.14463270435732392,0.0830576759284729,1.3192752614697776,0.4601154025020374,-0.7146831650825162
MKT-00742,Campaign 0742,2023-06-06 00:00:00+00:00,2023-06-20 00:00:00+00:00,372419,3151,0.0212,2483467.81,2023,6,2,1,6,0,0,14,118.19073310060298,6.668477736098319,0.15958333333333333,0.4225,2694009.023235263,2841772.1179897054,0.0,0.0,0.0,0.0,1.0,0.0,0.0,1.0,0.0,-0.3741032392625071,-0.7548336195378426,-1.278028195123173,-0.18571125473880593,1.4706100271983984
MKT-00743,Campaign 0743,2026-01-02 00:00:00+00:00,2026-04-02 00:00:00+00:00,578279,14489,0.029,4608773.25,2026,1,1,4,2,0,0,90,39.911588101318245,7.969809123277864,0.15958333333333333,0.4225,2694009.023235263,2841772.1179897054,0.0,0.0,0.0,0.0,1.0,0.0,0.0,1.0,0.0,0.4267852254744682,1.7075851228149528,-0.7979578879804,1.0223884325771826,-1.549514061250471
MKT-00744,Campaign 0744,2024-10-27 00:00:00+00:00,2025-01-26 00:00:00+00:00,855108,8469,0.0248,4500093.38,2024,10,4,6,27,0,0,91,100.9691817215728,5.262602361339153,0.1675,0.2520833333333333,2698290.221362763,2828093.8678722903,0.0,1.0,0.0,0.0,0.0,0.0,0.0,0.0,1.0,1.5037751837211997,0.4001445840105933,-1.056457284134201,0.960610904277748,0.8061773464282627
MKT-00745,Campaign 0745,2025-07-29 00:00:00+00:00,2025-10-18 00:00:00+00:00,564499,6470,0.0312,2120140.8,2025,7,3,1,29,0,0,81,87.24868624420402,3.755791950030026,0.16791666666666666,0.4225,2855926.099785614,2841772.1179897054,1.0,0.0,0.0,0.0,0.0,0.0,0.0,1.0,0.0,0.3731747958423127,-0.03400386068540581,-0.6625534423760283,-0.39223933249804477,0.2768205311866831
MKT-00746,Campaign 0746,2024-04-13 00:00:00+00:00,2024-05-19 00:00:00+00:00,549356,8205,0.0382,3254819.75,2024,4,2,5,13,0,0,36,66.95380865326021,5.924791483118415,0.1675,0.4225,2698290.221362763,2841772.1179897054,0.0,1.0,0.0,0.0,0.0,0.0,0.0,1.0,0.0,0.31426168002810884,0.34280832117930576,-0.2317211154530271,0.25275279846786214,-0.5061855770825197
MKT-00747,Campaign 0747,2025-02-18 00:00:00+00:00,2025-03-07 00:00:00+00:00,720158,6610,0.0657,2819315.36,2025,2,1,1,18,0,0,17,108.94977307110439,3.914856684227628,0.16791666666666666,0.4225,2855926.099785614,2841772.1179897054,1.0,0.0,0.0,0.0,0.0,0.0,0.0,1.0,0.0,0.97875867582139,-0.003598266759723031,1.4608344546016208,0.005196514330302855,1.1140802517935073
MKT-00748,Campaign 0748,2024-11-08 00:00:00+00:00,2025-01-30 00:00:00+00:00,645656,9664,0.0353,2811381.01,2024,11,4,4,8,0,0,83,66.81043046357615,4.3543016869664335,0.16875,0.3254166666666667,2935005.225015562,2755334.291556837,0.0,0.0,0.0,0.0,0.0,1.0,1.0,0.0,0.0,0.6889122151207481,0.6596780464476713,-0.41020879374969904,0.0006863457805739618,-0.5117173176812061
MKT-00749,Campaign 0749,2023-10-19 00:00:00+00:00,2023-12-26 00:00:00+00:00,143196,1730,0.0757,928855.2,2023,10,4,3,19,0,0,68,82.77225433526011,6.4866001843626915,0.17791666666666667,0.4225,2915925.030689836,2841772.1179897054,0.0,0.0,0.0,1.0,0.0,0.0,0.0,1.0,0.0,-1.265884335893245,-1.0634503978835228,2.076309207348766,-1.069408709556638,0.10411323042827311
MKT-00750,Campaign 0750,2023-06-25 00:00:00+00:00,2023-08-10 00:00:00+00:00,735623,7608,0.0564,3407224.49,2023,6,2,6,25,0,0,46,96.69072029442692,4.631753615642795,0.15958333333333333,0.4225,2694009.023235263,2841772.1179897054,0.0,0.0,0.0,0.0,1.0,0.0,0.0,1.0,0.0,1.038924517204647,0.21315018136764421,0.8884429345467764,0.3393851080052032,0.6411080368728168
MKT-00751,Campaign 0751,2025-07-13 00:00:00+00:00,2025-08-14 00:00:00+00:00,530272,8972,0.0339,1740428.14,2025,7,3,6,13,0,0,32,59.1029870708872,3.2821422590670446,0.1675,0.2520833333333333,2698290.221362763,2828093.8678722903,0.0,1.0,0.0,0.0,0.0,0.0,0.0,0.0,1.0,0.24001629257527468,0.5093875393292964,-0.4963752591342992,-0.6080816002409449,-0.8090817747256549
MKT-00752,Campaign 0752,2024-10-27 00:00:00+00:00,2025-01-24 00:00:00+00:00,216719,4765,0.0341,1049441.04,2024,10,4,6,27,0,0,89,45.48142707240294,4.842404403859375,0.15958333333333333,0.2520833333333333,2694009.023235263,2828093.8678722903,0.0,0.0,0.0,0.0,1.0,0.0,0.0,0.0,1.0,-0.9798466277767743,-0.40430055813747107,-0.48406576407935636,-1.0008634017355016,-1.334621514257171
MKT-00753,Campaign 0753,2025-06-10 00:00:00+00:00,2025-07-25 00:00:00+00:00,200134,2051,0.0451,1266576.22,2025,6,2,1,10,0,0,45,97.5787420770356,6.328640910589905,0.15958333333333333,0.3254166666666667,2694009.023235263,2755334.291556837,0.0,0.0,0.0,0.0,1.0,0.0,1.0,0.0,0.0,-1.0443697754871732,-0.9937347146682073,0.192956463942503,-0.8774359930787483,0.6753692181459167
MKT-00754,Campaign 0754,2024-11-04 00:00:00+00:00,2024-12-21 00:00:00+00:00,666205,12882,0.0432,3957517.05,2024,11,4,0,4,0,0,47,51.71596025461885,5.940389294586501,0.15833333333333333,0.3254166666666667,2745646.1699524573,2755334.291556837,0.0,0.0,1.0,0.0,0.0,0.0,1.0,0.0,0.0,0.7688571148675668,1.3585723411108654,0.07601626092054556,0.6521910968085417,-1.0940840908602225
MKT-00755,Campaign 0755,2023-08-02 00:00:00+00:00,2023-10-17 00:00:00+00:00,733132,13551,0.0234,3636844.47,2023,8,3,2,2,0,0,76,54.1016899121836,4.960695304529062,0.16875,0.4225,2935005.225015562,2841772.1179897054,0.0,0.0,0.0,0.0,0.0,1.0,0.0,1.0,0.0,1.0292334010788344,1.5038676435128782,-1.1426237495188012,0.4699093238748542,-1.0020391457167361
MKT-00756,Campaign 0756,2024-11-06 00:00:00+00:00,2025-01-17 00:00:00+00:00,817352,15421,0.0303,5897271.93,2024,11,4,2,6,0,0,72,53.00252901887037,7.215094512523367,0.16791666666666666,0.3254166666666667,2855926.099785614,2755334.291556837,1.0,0.0,0.0,0.0,0.0,0.0,1.0,0.0,0.0,1.356887275071587,1.9099995052344982,-0.7179461701232712,1.7548172040459384,-1.0444463831872859
MKT-00757,Campaign 0757,2023-01-03 00:00:00+00:00,2023-02-17 00:00:00+00:00,257174,2514,0.0172,1194577.43,2023,1,1,1,3,0,0,45,102.29673826571201,4.645016331355425,0.16791666666666666,0.3254166666666667,2855926.099785614,2755334.291556837,1.0,0.0,0.0,0.0,0.0,0.0,1.0,0.0,0.0,-0.8224583889691657,-0.8931790718996991,-1.5242180962220309,-0.9183626825084472,0.8573964226939707
MKT-00758,Campaign 0758,2023-07-25 00:00:00+00:00,2023-10-22 00:00:00+00:00,877640,13861,0.0701,6334736.26,2023,7,3,1,25,0,0,89,63.317220979727296,7.217921083815687,0.16791666666666666,0.4225,2855926.099785614,2841772.1179897054,1.0,0.0,0.0,0.0,0.0,0.0,0.0,1.0,0.0,1.591434849938306,1.57119431577689,1.7316433458103644,2.0034875882354686,-0.6464904569160097
MKT-00759,Campaign 0759,2024-10-28 00:00:00+00:00,2024-12-17 00:00:00+00:00,238267,2343,0.0442,1034291.93,2024,10,4,0,28,0,0,50,101.69312846777636,4.3408945846466365,0.17791666666666667,0.2520833333333333,2915925.030689836,2828093.8678722903,0.0,0.0,0.0,1.0,0.0,0.0,0.0,0.0,1.0,-0.8960151664042283,-0.9303173330517831,0.13756373619526008,-1.009474698121265,0.834108272436506
MKT-00760,Campaign 0760,2024-03-24 00:00:00+00:00,2024-04-29 00:00:00+00:00,107195,1245,0.037,386643.01,2024,3,1,6,24,0,0,36,86.1004016064257,3.606912729138486,0.1675,0.3254166666666667,2698290.221362763,2755334.291556837,0.0,1.0,0.0,0.0,0.0,0.0,1.0,0.0,0.0,-1.4059445011463094,-1.1687840625546382,-0.3055780857826844,-1.3776215268154683,0.23251802769125313
MKT-00761,Campaign 0761,2025-06-19 00:00:00+00:00,2025-07-18 00:00:00+00:00,213917,2652,0.0313,1117648.2,2025,6,2,3,19,0,0,29,80.66251885369532,5.224681535361846,0.16875,0.2520833333333333,2935005.225015562,2828093.8678722903,0.0,0.0,0.0,0.0,0.0,1.0,0.0,0.0,1.0,-0.9907476744987845,-0.8632078436015261,-0.6563986948485567,-0.9620920105190413,0.022716544910216678
MKT-00762,Campaign 0762,2024-06-06 00:00:00+00:00,2024-06-22 00:00:00+00:00,206199,1771,0.0331,1652578.69,2024,6,2,3,6,0,0,16,116.43083003952569,8.01448450283464,0.17791666666666667,0.4225,2915925.030689836,2841772.1179897054,0.0,0.0,0.0,1.0,0.0,0.0,0.0,1.0,0.0,-1.0207741836352848,-1.0545459025195727,-0.5456132393540709,-0.6580183721883603,1.402710388946818
MKT-00763,Campaign 0763,2025-02-20 00:00:00+00:00,2025-03-12 00:00:00+00:00,69850,802,0.0185,512587.11,2025,2,1,3,20,0,0,20,87.09476309226933,7.338398138869005,0.17791666666666667,0.2520833333333333,2915925.030689836,2828093.8678722903,0.0,0.0,0.0,1.0,0.0,0.0,0.0,0.0,1.0,-1.551233433991944,-1.2649960490480485,-1.4442063783649022,-1.3060303922116374,0.2708819504966132
MKT-00764,Campaign 0764,2025-01-25 00:00:00+00:00,2025-03-14 00:00:00+00:00,23580,418,0.0446,168400.58,2025,1,1,5,25,0,0,48,56.411483253588514,7.141670059372349,0.16875,0.3254166666666667,2935005.225015562,2755334.291556837,0.0,0.0,0.0,0.0,0.0,1.0,1.0,0.0,0.0,-1.73124465163199,-1.3483942495299213,0.1621827263051457,-1.5016783360061892,-0.9129239348929654
MKT-00765,Campaign 0765,2023-03-08 00:00:00+00:00,2023-06-06 00:00:00+00:00,34621,280,0.0544,125746.87,2023,3,1,2,8,0,0,90,123.64642857142857,3.632098148522573,0.16875,0.3254166666666667,2935005.225015562,2755334.291556837,0.0,0.0,0.0,0.0,0.0,1.0,1.0,0.0,0.0,-1.688290170240943,-1.3783654778280945,0.7653479839973473,-1.5259242315579677,1.6810987507381394
MKT-00766,Campaign 0766,2025-12-27 00:00:00+00:00,2026-03-10 00:00:00+00:00,375358,5965,0.0671,1577071.7,2025,12,4,5,27,0,0,73,62.92673931265717,4.201513488456354,0.17791666666666667,0.3254166666666667,2915925.030689836,2755334.291556837,0.0,0.0,0.0,1.0,0.0,0.0,1.0,0.0,0.0,-0.3626692006058377,-0.1436811816316187,1.5470009199862218,-0.7009392480739326,-0.661555811664416
MKT-00767,Campaign 0767,2024-04-23 00:00:00+00:00,2024-05-21 00:00:00+00:00,87740,1129,0.0547,603587.08,2024,4,2,1,23,0,0,28,77.71479185119574,6.879269204467745,0.17791666666666667,0.2520833333333333,2915925.030689836,2828093.8678722903,0.0,0.0,0.0,1.0,0.0,0.0,0.0,0.0,1.0,-1.4816332463200093,-1.1939772689502037,0.7838122265797618,-1.2543027519234893,-0.09101108109414878
MKT-00768,Campaign 0768,2023-04-05 00:00:00+00:00,2023-06-01 00:00:00+00:00,289471,4201,0.054,2034018.58,2023,4,2,2,5,0,0,57,68.90526065222566,7.026674796439022,0.1675,0.2520833333333333,2698290.221362763,2828093.8678722903,0.0,1.0,0.0,0.0,0.0,0.0,0.0,0.0,1.0,-0.6968084582122915,-0.5267916650952217,0.7407289938874617,-0.441194285087334,-0.43089570019920526
MKT-00769,Campaign 0769,2025-02-06 00:00:00+00:00,2025-03-23 00:00:00+00:00,437129,4305,0.0607,2405031.75,2025,2,1,3,6,0,0,45,101.53983739837399,5.501881023679509,0.15958333333333333,0.3254166666666667,2694009.023235263,2755334.291556837,0.0,0.0,0.0,0.0,1.0,0.0,1.0,0.0,0.0,-0.12235208530773363,-0.5042046524647145,1.1530970782280485,-0.23029711885831722,0.828194078416497
MKT-00770,Campaign 0770,2025-12-26 00:00:00+00:00,2026-03-15 00:00:00+00:00,547973,7135,0.0395,4565708.19,2025,12,4,4,26,0,0,79,76.80070077084794,8.33199480631345,0.15833333333333333,0.4225,2745646.1699524573,2841772.1179897054,0.0,0.0,1.0,0.0,0.0,0.0,0.0,1.0,0.0,0.30888118480450427,0.11042271046158739,-0.1517093975958981,0.9979087109611481,-0.12627805406402312
MKT-00771,Campaign 0771,2025-09-11 00:00:00+00:00,2025-10-14 00:00:00+00:00,174039,2616,0.0205,1503810.64,2025,9,3,3,11,0,0,33,66.52866972477064,8.640653186929367,0.15958333333333333,0.4225,2694009.023235263,2841772.1179897054,0.0,0.0,0.0,0.0,1.0,0.0,0.0,1.0,0.0,-1.1458911224574997,-0.8710264248967017,-1.321111427815473,-0.7425834569545338,-0.5225880597473525
MKT-00772,Campaign 0772,2025-09-14 00:00:00+00:00,2025-10-18 00:00:00+00:00,238298,2555,0.0544,966870.58,2025,9,3,6,14,0,0,34,93.26731898238748,4.0574011531779535,0.15958333333333333,0.3254166666666667,2694009.023235263,2755334.291556837,0.0,0.0,0.0,0.0,1.0,0.0,1.0,0.0,0.0,-0.8958945623898162,-0.8842745765357493,0.7653479839973473,-1.0477994068056893,0.5090281991713158
MKT-00773,Campaign 0773,2023-08-14 00:00:00+00:00,2023-10-20 00:00:00+00:00,737711,9302,0.0306,3282397.55,2023,8,3,0,14,0,0,67,79.30670823478822,4.449435551320232,0.16791666666666666,0.2520833333333333,2855926.099785614,2828093.8678722903,1.0,0.0,0.0,0.0,0.0,0.0,0.0,0.0,1.0,1.0470477811431043,0.5810578678684059,-0.699481927540857,0.2684290071340681,-0.02959261495060598
MKT-00774,Campaign 0774,2024-03-23 00:00:00+00:00,2024-04-11 00:00:00+00:00,649493,17755,0.0406,5628261.88,2024,3,1,5,23,0,0,19,36.58085046465784,8.66562361719064,0.17791666666666667,0.4225,2915925.030689836,2841772.1179897054,0.0,0.0,0.0,1.0,0.0,0.0,0.0,1.0,0.0,0.7038398797432865,2.416904192538381,-0.08400717479371239,1.6019022624223673,-1.678018798608975
MKT-00775,Campaign 0775,2024-08-23 00:00:00+00:00,2024-09-27 00:00:00+00:00,384981,4137,0.0258,2965277.07,2024,8,3,4,23,0,0,35,93.05801305293691,7.702398482003008,0.17791666666666667,0.4225,2915925.030689836,2841772.1179897054,0.0,0.0,0.0,1.0,0.0,0.0,0.0,1.0,0.0,-0.3252313802611184,-0.5406913651755338,-0.9949098088594864,0.0881663749876524,0.5009528697921484
MKT-00776,Campaign 0776,2024-10-05 00:00:00+00:00,2024-11-05 00:00:00+00:00,883719,17918,0.0605,3981729.68,2024,10,4,5,5,0,0,31,49.32018082375265,4.505651321291044,0.15833333333333333,0.3254166666666667,2745646.1699524573,2755334.291556837,0.0,0.0,1.0,0.0,0.0,0.0,1.0,0.0,0.0,1.6150849081192837,2.452304991180426,1.1407875831731056,0.6659544223906275,-1.1865167709800097
MKT-00777,Campaign 0777,2023-04-21 00:00:00+00:00,2023-06-07 00:00:00+00:00,479067,3944,0.0556,3945297.77,2023,4,2,4,21,0,0,47,121.4672920892495,8.235377869901287,0.17791666666666667,0.3254166666666667,2915925.030689836,2755334.291556837,0.0,0.0,0.0,1.0,0.0,0.0,1.0,0.0,0.0,0.040805693931260205,-0.582607648230225,0.8392049543270047,0.6452452206679214,1.5970244729479708
MKT-00778,Campaign 0778,2023-10-30 00:00:00+00:00,2023-11-30 00:00:00+00:00,109248,1071,0.0196,740393.56,2023,10,4,0,30,0,0,31,102.00560224089637,6.777181824838899,0.15833333333333333,0.4225,2745646.1699524573,2841772.1179897054,0.0,0.0,1.0,0.0,0.0,0.0,0.0,1.0,0.0,-1.3979574030305755,-1.2065738721479866,-1.3765041555627162,-1.1765370517092175,0.8461639683593071
MKT-00779,Campaign 0779,2023-08-17 00:00:00+00:00,2023-11-03 00:00:00+00:00,114319,1665,0.0436,719562.74,2023,8,3,3,17,0,0,78,68.66006006006006,6.29434074825707,0.16791666666666666,0.2520833333333333,2855926.099785614,2828093.8678722903,1.0,0.0,0.0,0.0,0.0,0.0,0.0,0.0,1.0,-1.3782289205440252,-1.0775672807775898,0.1006352510304312,-1.1883780354355546,-0.4403558982495037
MKT-00780,Campaign 0780,2024-07-23 00:00:00+00:00,2024-09-01 00:00:00+00:00,211605,5235,0.0587,1559448.82,2024,7,3,1,23,0,0,40,40.421203438395416,7.369621795326197,0.16875,0.4225,2935005.225015562,2841772.1179897054,0.0,0.0,0.0,0.0,0.0,1.0,0.0,1.0,0.0,-0.9997423997026701,-0.3022246356726789,1.0300021276786198,-0.7109567238761905,-1.5298523549893228
MKT-00781,Campaign 0781,2023-10-11 00:00:00+00:00,2023-11-21 00:00:00+00:00,289212,4484,0.04,1286935.45,2023,10,4,2,11,0,0,41,64.49866190900981,4.4497996279545795,0.1675,0.2520833333333333,2698290.221362763,2828093.8678722903,0.0,1.0,0.0,0.0,0.0,0.0,0.0,0.0,1.0,-0.6978160853004431,-0.4653289288025915,-0.12093565995854084,-0.8658630779889558,-0.6009087351223168
MKT-00782,Campaign 0782,2025-07-27 00:00:00+00:00,2025-09-03 00:00:00+00:00,193256,2064,0.0418,1060114.02,2025,7,3,6,27,0,0,38,93.63178294573643,5.485542596348885,0.1675,0.2520833333333333,2698290.221362763,2828093.8678722903,0.0,1.0,0.0,0.0,0.0,0.0,0.0,0.0,1.0,-1.0711283048783173,-0.9909113380893938,-0.010150204464055039,-0.9947964978646257,0.5230897527957425
MKT-00783,Campaign 0783,2024-08-01 00:00:00+00:00,2024-09-17 00:00:00+00:00,690031,5954,0.0575,3850885.94,2024,8,3,3,1,1,0,47,115.89368491770239,5.580743386891314,0.1675,0.2520833333333333,2698290.221362763,2828093.8678722903,0.0,1.0,0.0,0.0,0.0,0.0,0.0,0.0,1.0,0.8615510260733532,-0.14607019258292234,0.9561451573489625,0.5915781570283863,1.381986543260637
MKT-00784,Campaign 0784,2023-01-09 00:00:00+00:00,2023-02-10 00:00:00+00:00,901021,8808,0.0378,4888248.74,2023,1,1,0,9,0,0,32,102.29575386012716,5.4252328636069524,0.15958333333333333,0.4225,2694009.023235263,2841772.1179897054,0.0,0.0,0.0,0.0,1.0,0.0,0.0,1.0,0.0,1.682397509969469,0.4737695578734966,-0.2563401055629127,1.1812523049067443,0.8573584428844107
MKT-00785,Campaign 0785,2025-07-07 00:00:00+00:00,2025-09-16 00:00:00+00:00,487492,4673,0.0406,1817018.92,2025,7,3,0,7,0,0,71,104.32099293815536,3.7272794630475987,0.16791666666666666,0.2520833333333333,2855926.099785614,2828093.8678722903,1.0,0.0,0.0,0.0,0.0,0.0,0.0,0.0,1.0,0.07358275268676888,-0.42428137700291974,-0.08400717479371239,-0.5645446593251546,0.9354951333717276
MKT-00786,Campaign 0786,2025-10-22 00:00:00+00:00,2025-11-14 00:00:00+00:00,542053,11599,0.0546,2995031.29,2025,10,4,2,22,0,0,23,46.732735580653504,5.525347687403261,0.1675,0.3254166666666667,2698290.221362763,2755334.291556837,0.0,1.0,0.0,0.0,0.0,0.0,1.0,0.0,0.0,0.28584970850389757,1.0799267910633583,0.7776574790522905,0.1050797386867221,-1.286344198914967
MKT-00787,Campaign 0787,2023-12-17 00:00:00+00:00,2024-01-06 00:00:00+00:00,823108,14792,0.0259,3322205.67,2023,12,4,6,17,0,0,20,55.64548404542996,4.036172252000952,0.15833333333333333,0.3254166666666667,2745646.1699524573,2755334.291556837,0.0,0.0,1.0,0.0,0.0,0.0,1.0,0.0,0.0,1.3792807172314336,1.7733915153826805,-0.988755061332015,0.29105736747207084,-0.9424773064878333
MKT-00788,Campaign 0788,2024-09-02 00:00:00+00:00,2024-10-26 00:00:00+00:00,299470,2821,0.0311,2007071.73,2024,9,3,0,2,0,0,54,106.15739099610067,6.702079440344609,0.16875,0.2520833333333333,2935005.225015562,2828093.8678722903,0.0,0.0,0.0,0.0,0.0,1.0,0.0,0.0,1.0,-0.6579078278863175,-0.8265039480769519,-0.6687081899034998,-0.456511839188711,1.00634606066318
MKT-00789,Campaign 0789,2023-09-05 00:00:00+00:00,2023-10-26 00:00:00+00:00,541626,7864,0.0146,4479555.95,2023,9,3,1,5,0,0,51,68.87410986775178,8.270570375129703,0.15958333333333333,0.3254166666666667,2694009.023235263,2755334.291556837,0.0,0.0,0.0,0.0,1.0,0.0,1.0,0.0,0.0,0.28418848546667475,0.2687489816888927,-1.6842415319362884,0.9489366939292939,-0.4320975430982878
MKT-00790,Campaign 0790,2024-12-06 00:00:00+00:00,2025-02-13 00:00:00+00:00,361384,3219,0.0741,2658476.82,2024,12,4,4,6,0,0,69,112.2659210935073,7.356376651982378,0.17791666666666667,0.3254166666666667,2915925.030689836,2755334.291556837,0.0,0.0,0.0,1.0,0.0,0.0,1.0,0.0,0.0,-0.41703437794108733,-0.7400651882025109,1.9778332469092226,-0.08622986901455894,1.2420221004610246
MKT-00791,Campaign 0791,2024-08-11 00:00:00+00:00,2024-09-01 00:00:00+00:00,862646,22327,0.0439,4896247.16,2024,8,3,6,11,0,0,21,38.63689703050119,5.67584752030381,0.1675,0.4225,2698290.221362763,2841772.1179897054,0.0,1.0,0.0,0.0,0.0,0.0,0.0,1.0,0.0,1.5331014114836952,3.4098640170256784,0.11909949361284564,1.185798893137856,-1.5986935101105786
MKT-00792,Campaign 0792,2024-07-01 00:00:00+00:00,2024-09-23 00:00:00+00:00,751430,8300,0.0588,4393673.47,2024,7,3,0,1,1,0,84,90.53373493975904,5.847082855355788,0.15958333333333333,0.4225,2694009.023235263,2841772.1179897054,0.0,0.0,0.0,0.0,1.0,0.0,0.0,1.0,0.0,1.1004208931985138,0.36344068848601907,1.036156875206091,0.9001180181374876,0.4035625222657106
MKT-00793,Campaign 0793,2023-07-29 00:00:00+00:00,2023-09-26 00:00:00+00:00,573304,7095,0.0229,3787067.61,2023,7,3,5,29,0,0,59,80.80394644115574,6.605688448013619,0.15833333333333333,0.3254166666666667,2745646.1699524573,2755334.291556837,0.0,0.0,1.0,0.0,0.0,0.0,1.0,0.0,0.0,0.4074302263873874,0.10173539791139231,-1.1733974871561583,0.5553015338819135,0.028173028417597196
MKT-00794,Campaign 0794,2023-10-08 00:00:00+00:00,2023-11-12 00:00:00+00:00,696743,6485,0.0618,5927715.76,2023,10,4,6,8,0,0,35,107.43916730917502,8.507750720136405,0.15958333333333333,0.4225,2694009.023235263,2841772.1179897054,0.0,0.0,0.0,0.0,1.0,0.0,0.0,1.0,0.0,0.8876637404195815,-0.030746118479082655,1.2207993010302347,1.7721225667535694,1.05579886854904
MKT-00795,Campaign 0795,2023-06-10 00:00:00+00:00,2023-08-22 00:00:00+00:00,745688,14837,0.0373,6367886.52,2023,6,2,5,10,0,0,73,50.258677630248705,8.539612438446106,0.16791666666666666,0.3254166666666667,2855926.099785614,2755334.291556837,1.0,0.0,0.0,0.0,0.0,0.0,1.0,0.0,0.0,1.0780819173677563,1.7831647420016499,-0.28711384320027,2.022331382631649,-1.1503081893423721
MKT-00796,Campaign 0796,2024-03-10 00:00:00+00:00,2024-05-14 00:00:00+00:00,395625,7489,0.064,2833658.83,2024,3,1,6,10,0,0,65,52.827480304446524,7.162486774091628,0.17791666666666667,0.3254166666666667,2915925.030689836,2755334.291556837,0.0,0.0,0.0,1.0,0.0,0.0,1.0,0.0,0.0,-0.28382140834496,0.18730542653081383,1.3562037466346064,0.013349856102216123,-1.051200019025903
MKT-00797,Campaign 0797,2023-01-01 00:00:00+00:00,2023-03-26 00:00:00+00:00,508185,6404,0.0388,2877065.96,2023,1,1,6,1,1,0,84,79.35430980637102,5.661453919340397,0.17791666666666667,0.2520833333333333,2915925.030689836,2828093.8678722903,0.0,0.0,0.0,1.0,0.0,0.0,0.0,0.0,1.0,0.15408787753279157,-0.04833792639322769,-0.19479263028819818,0.03802402255063228,-0.027756076585418687
MKT-00798,Campaign 0798,2024-07-31 00:00:00+00:00,2024-09-24 00:00:00+00:00,274900,3075,0.0247,1219634.03,2024,7,3,2,31,0,1,55,89.39837398373983,4.436646162240815,0.15833333333333333,0.3254166666666667,2745646.1699524573,2755334.291556837,0.0,0.0,1.0,0.0,0.0,0.0,1.0,0.0,0.0,-0.7534962354379909,-0.7713395133832132,-1.0626120316616723,-0.9041196141684905,0.35975863334498603
MKT-00799,Campaign 0799,2024-02-13 00:00:00+00:00,2024-04-20 00:00:00+00:00,164626,3317,0.0594,683505.93,2024,2,1,1,13,0,0,67,49.63099186011456,4.151871089621324,0.16791666666666666,0.4225,2855926.099785614,2841772.1179897054,1.0,0.0,0.0,0.0,0.0,0.0,0.0,1.0,0.0,-1.1825119478658799,-0.7187812724545329,1.07308536037092,-1.2088740168915715,-1.1745252258771481
MKT-00800,Campaign 0800,2024-05-06 00:00:00+00:00,2024-07-27 00:00:00+00:00,881665,7563,0.043,2860522.13,2024,5,2,0,6,0,0,82,116.57609414253604,3.2444546738273607,0.15833333333333333,0.3254166666666667,2745646.1699524573,2755334.291556837,0.0,0.0,1.0,0.0,0.0,0.0,1.0,0.0,0.0,1.607093919551472,0.20337695474867473,0.06370676586560231,0.028619917392924233,1.4083148908443857
MKT-00801,Campaign 0801,2025-06-17 00:00:00+00:00,2025-09-03 00:00:00+00:00,150014,1352,0.0232,787100.75,2025,6,2,1,17,0,0,78,110.95710059171597,5.2468486274614365,0.15958333333333333,0.2520833333333333,2694009.023235263,2828093.8678722903,0.0,0.0,0.0,0.0,1.0,0.0,0.0,0.0,1.0,-1.2393592336267691,-1.1455455014828662,-1.1549332445737441,-1.1499870130312906,1.191525888156306
MKT-00802,Campaign 0802,2024-11-03 00:00:00+00:00,2025-01-10 00:00:00+00:00,772369,16679,0.0157,2735826.92,2024,11,4,6,3,0,0,68,46.307872174590806,3.542124191934166,0.15958333333333333,0.3254166666666667,2694009.023235263,2755334.291556837,0.0,0.0,0.0,0.0,1.0,0.0,1.0,0.0,0.0,1.1818830692556765,2.1832154849381333,-1.6165393091341027,-0.04226130343094073,-1.3027360515209467
MKT-00803,Campaign 0803,2026-01-06 00:00:00+00:00,2026-02-18 00:00:00+00:00,536839,4816,0.0486,3804486.83,2026,1,1,1,6,0,0,43,111.46989202657808,7.086830185586368,0.17791666666666667,0.3254166666666667,2915925.030689836,2755334.291556837,0.0,0.0,0.0,1.0,0.0,0.0,1.0,0.0,0.0,0.2655648913702213,-0.39322423463597234,0.40837262740400343,0.5652032420501703,1.2113101329227947
MKT-00804,Campaign 0804,2023-02-06 00:00:00+00:00,2023-03-06 00:00:00+00:00,23837,203,0.0416,95947.75,2023,2,1,0,6,0,0,28,117.42364532019704,4.0251604648235935,0.15833333333333333,0.4225,2745646.1699524573,2841772.1179897054,0.0,0.0,1.0,0.0,0.0,0.0,0.0,1.0,0.0,-1.730244805447994,-1.3950885544872198,-0.022459699518997858,-1.542863118024231,1.4410146568915314
MKT-00805,Campaign 0805,2023-02-24 00:00:00+00:00,2023-03-12 00:00:00+00:00,725511,12727,0.0453,5615384.12,2023,2,1,4,24,0,0,16,57.00565726408423,7.739902110374619,0.1675,0.3254166666666667,2698290.221362763,2755334.291556837,0.0,1.0,0.0,0.0,0.0,0.0,1.0,0.0,0.0,0.9995842657938812,1.3249090049788594,0.20526595899744582,1.594582082679483,-0.889999831137811
MKT-00806,Campaign 0806,2025-03-31 00:00:00+00:00,2025-05-04 00:00:00+00:00,477404,4231,0.0457,2335025.88,2025,3,1,0,31,0,1,34,112.83479082959111,4.891089894512823,0.15833333333333333,0.3254166666666667,2745646.1699524573,2755334.291556837,0.0,0.0,1.0,0.0,0.0,0.0,1.0,0.0,0.0,0.03433587212587018,-0.5202761806825754,0.22988494910733145,-0.2700909612235275,1.2639699282400834
MKT-00807,Campaign 0807,2025-08-10 00:00:00+00:00,2025-09-29 00:00:00+00:00,182872,2134,0.0397,1464805.31,2025,8,3,6,10,0,0,50,85.69447047797563,8.010003226300363,0.1675,0.3254166666666667,2698290.221362763,2755334.291556837,0.0,1.0,0.0,0.0,0.0,0.0,1.0,0.0,0.0,-1.1115267592542464,-0.9757085411265525,-0.1393999025409553,-0.7647554827207016,0.21685661009024948
MKT-00808,Campaign 0808,2024-09-21 00:00:00+00:00,2024-11-22 00:00:00+00:00,56518,527,0.0481,185950.35,2024,9,3,5,21,0,0,62,107.24478178368122,3.290108461021268,0.1675,0.4225,2698290.221362763,2841772.1179897054,0.0,1.0,0.0,0.0,0.0,0.0,0.0,1.0,0.0,-1.6031009410932429,-1.3247213228306398,0.37759888976664613,-1.4917024185449006,1.048299190212045
MKT-00809,Campaign 0809,2024-02-29 00:00:00+00:00,2024-03-28 00:00:00+00:00,692053,7756,0.0535,2617350.81,2024,2,1,3,29,0,1,28,89.2280814853017,3.782009195827487,0.16875,0.2520833333333333,2935005.225015562,2828093.8678722903,0.0,0.0,0.0,0.0,0.0,1.0,0.0,0.0,1.0,0.8694175201746752,0.245293237803366,0.7099552562501044,-0.10960736520237933,0.35318849928667667
MKT-00810,Campaign 0810,2025-11-15 00:00:00+00:00,2026-01-26 00:00:00+00:00,512151,8283,0.0396,3891672.47,2025,11,4,5,15,0,0,72,61.83158275986961,7.598681775491994,0.16791666666666666,0.4225,2855926.099785614,2841772.1179897054,1.0,0.0,0.0,0.0,0.0,0.0,0.0,1.0,0.0,0.16951741047336694,0.3597485806521862,-0.1455546500684265,0.6147626806325345,-0.7038085558113603
MKT-00811,Campaign 0811,2023-11-12 00:00:00+00:00,2024-02-01 00:00:00+00:00,434355,4463,0.0503,2939026.68,2023,11,4,6,12,0,0,81,97.32354918216447,6.766416134268053,0.15833333333333333,0.2520833333333333,2745646.1699524573,2828093.8678722903,0.0,0.0,1.0,0.0,0.0,0.0,0.0,0.0,1.0,-0.13314419937156521,-0.46988976789144393,0.513003335371018,0.07324471368003237,0.665523502419099
MKT-00812,Campaign 0812,2024-07-22 00:00:00+00:00,2024-08-11 00:00:00+00:00,868757,8867,0.0512,3463391.17,2024,7,3,0,22,0,0,20,97.9764294575392,3.9866051956991426,0.16875,0.2520833333333333,2935005.225015562,2828093.8678722903,0.0,0.0,0.0,0.0,0.0,1.0,0.0,0.0,1.0,1.5568759641311627,0.4865833438850343,0.5683960631182613,0.37131225940118173,0.6907125798745357
MKT-00813,Campaign 0813,2026-01-28 00:00:00+00:00,2026-04-18 00:00:00+00:00,861468,8622,0.0591,7099326.6,2026,1,1,2,28,0,0,80,99.9151009046625,8.240963796681942,0.17791666666666667,0.2520833333333333,2915925.030689836,2828093.8678722903,0.0,0.0,0.0,1.0,0.0,0.0,0.0,0.0,1.0,1.5285184589360405,0.43337355451508947,1.0546211177885054,2.4381081059709455,0.7655093643450176
MKT-00814,Campaign 0814,2023-02-12 00:00:00+00:00,2023-04-17 00:00:00+00:00,36001,348,0.0063,250939.61,2023,2,1,6,12,0,0,64,103.45114942528735,6.970351101358295,0.15833333333333333,0.2520833333333333,2745646.1699524573,2828093.8678722903,0.0,0.0,1.0,0.0,0.0,0.0,0.0,0.0,1.0,-1.6829213463735717,-1.3635970464927627,-2.195085576716419,-1.4547601968730373,0.9019352963753267
MKT-00815,Campaign 0815,2025-07-10 00:00:00+00:00,2025-07-29 00:00:00+00:00,262765,2820,0.0351,1579171.67,2025,7,3,3,10,0,0,19,93.1790780141844,6.009825014747017,0.16875,0.2520833333333333,2935005.225015562,2828093.8678722903,0.0,0.0,0.0,0.0,0.0,1.0,0.0,0.0,1.0,-0.8007068714021568,-0.8267211308907069,-0.4225182888046419,-0.6997455499575936,0.5056237333501752
MKT-00816,Campaign 0816,2025-07-22 00:00:00+00:00,2025-08-18 00:00:00+00:00,294117,3970,0.0508,2137689.01,2025,7,3,1,22,0,0,27,74.08488664987405,7.268158623948972,0.15958333333333333,0.3254166666666667,2694009.023235263,2755334.291556837,0.0,0.0,0.0,0.0,1.0,0.0,1.0,0.0,0.0,-0.6787334178588087,-0.5769608950725983,0.5437770730083753,-0.3822643017965964,-0.23105814136029823
MKT-00817,Campaign 0817,2024-07-25 00:00:00+00:00,2024-10-05 00:00:00+00:00,389865,6004,0.0755,2623363.08,2024,7,3,3,25,0,0,72,64.9342105263158,6.728901235042899,0.17791666666666667,0.3254166666666667,2915925.030689836,2755334.291556837,0.0,0.0,0.0,1.0,0.0,0.0,1.0,0.0,0.0,-0.3062304123131179,-0.13521105189517849,2.0639997122938225,-0.10618977572542428,-0.5841046314133607
MKT-00818,Campaign 0818,2025-12-18 00:00:00+00:00,2026-03-15 00:00:00+00:00,471287,4032,0.0609,1512562.23,2025,12,4,3,18,0,0,87,116.88665674603175,3.2094291376592183,0.1675,0.3254166666666667,2698290.221362763,2755334.291556837,0.0,1.0,0.0,0.0,0.0,0.0,1.0,0.0,0.0,0.010537976765935866,-0.5634955606197959,1.1654065732829917,-0.737608739935733,1.4202968510433296
MKT-00819,Campaign 0819,2023-07-18 00:00:00+00:00,2023-09-27 00:00:00+00:00,668925,6178,0.0612,5498253.27,2023,7,3,1,18,0,0,71,108.27533182259631,8.219536226034307,0.16875,0.4225,2935005.225015562,2841772.1179897054,0.0,0.0,0.0,0.0,0.0,1.0,0.0,1.0,0.0,0.7794391445191969,-0.09742124230182989,1.1838708158654057,1.5280007148455697,1.0880593204090194
MKT-00820,Campaign 0820,2024-12-06 00:00:00+00:00,2025-03-05 00:00:00+00:00,248900,2259,0.0845,1959351.17,2024,12,4,4,6,0,0,89,110.18149623727312,7.872041663318601,0.16875,0.4225,2935005.225015562,2841772.1179897054,0.0,0.0,0.0,0.0,0.0,1.0,0.0,1.0,0.0,-0.8546479894609257,-0.9485606894071928,2.6179269897662536,-0.48363791364817504,1.1616019359468115
MKT-00821,Campaign 0821,2025-09-28 00:00:00+00:00,2025-11-09 00:00:00+00:00,308940,7148,0.0406,1988631.42,2025,9,3,6,28,0,0,42,43.22048125349748,6.436950281608079,0.15958333333333333,0.4225,2694009.023235263,2841772.1179897054,0.0,0.0,0.0,0.0,1.0,0.0,0.0,1.0,0.0,-0.6210652467095025,0.11324608704040079,-0.08400717479371239,-0.46699397146284194,-1.4218521161041444
MKT-00822,Campaign 0822,2024-03-15 00:00:00+00:00,2024-06-04 00:00:00+00:00,127179,1776,0.0751,781615.52,2024,3,1,4,15,0,0,81,71.60979729729729,6.145790735891932,0.17791666666666667,0.2520833333333333,2915925.030689836,2828093.8678722903,0.0,0.0,0.0,1.0,0.0,0.0,0.0,0.0,1.0,-1.3281977068234505,-1.0534599884507985,2.039380722183937,-1.1531050141068708,-0.32655071444408307
MKT-00823,Campaign 0823,2023-10-29 00:00:00+00:00,2024-01-18 00:00:00+00:00,36995,553,0.0529,285124.49,2023,10,4,6,29,0,0,81,66.89873417721519,7.707108798486281,0.16791666666666666,0.3254166666666667,2855926.099785614,2755334.291556837,1.0,0.0,0.0,0.0,0.0,0.0,1.0,0.0,0.0,-1.6790542370082333,-1.319074569673013,0.673026771085276,-1.4353282874346767,-0.508310431049228
MKT-00824,Campaign 0824,2024-09-23 00:00:00+00:00,2024-12-13 00:00:00+00:00,262371,2305,0.0263,1050337.64,2024,9,3,0,23,0,0,81,113.82689804772234,4.003253560797496,0.17791666666666667,0.2520833333333333,2915925.030689836,2828093.8678722903,0.0,0.0,0.0,1.0,0.0,0.0,0.0,0.0,1.0,-0.802239709520812,-0.9385702799744685,-0.9641360712221292,-1.000353742201742,1.3022468780947283
MKT-00825,Campaign 0825,2024-09-28 00:00:00+00:00,2024-10-13 00:00:00+00:00,590304,9106,0.0146,5009927.93,2024,9,3,5,28,0,0,15,64.82582912365473,8.487030292866049,0.16875,0.4225,2935005.225015562,2841772.1179897054,0.0,0.0,0.0,0.0,0.0,1.0,0.0,1.0,0.0,0.4735679117100755,0.53849003637245,-1.6842415319362884,1.2504191120042982,-0.5882861447004507
MKT-00826,Campaign 0826,2025-09-25 00:00:00+00:00,2025-12-22 00:00:00+00:00,367050,3068,0.0384,3097737.52,2025,9,3,3,25,0,0,88,119.63820078226858,8.439551886663942,0.16791666666666666,0.4225,2855926.099785614,2841772.1179897054,1.0,0.0,0.0,0.0,0.0,0.0,0.0,1.0,0.0,-0.39499107646824316,-0.7728597930794974,-0.21941162039808426,0.1634616361839609,1.5264554508126886
MKT-00827,Campaign 0827,2024-02-02 00:00:00+00:00,2024-03-27 00:00:00+00:00,230579,2137,0.0526,1295234.56,2024,2,1,4,2,0,0,54,107.89845577912962,5.617313632204147,0.1675,0.3254166666666667,2698290.221362763,2755334.291556837,0.0,1.0,0.0,0.0,0.0,0.0,1.0,0.0,0.0,-0.9259249619783945,-0.9750569926852878,0.6545625285028616,-0.8611455667986578,1.0735188905506776
MKT-00828,Campaign 0828,2023-04-07 00:00:00+00:00,2023-05-13 00:00:00+00:00,298824,2640,0.0378,1954541.1,2023,4,2,4,7,0,0,36,113.19090909090909,6.540776845233315,0.16875,0.3254166666666667,2935005.225015562,2755334.291556837,0.0,0.0,0.0,0.0,0.0,1.0,1.0,0.0,0.0,-0.6604210599285797,-0.8658140373665847,-0.2563401055629127,-0.4863721296124309,1.2777094924541887
MKT-00829,Campaign 0829,2025-08-16 00:00:00+00:00,2025-10-27 00:00:00+00:00,887773,19914,0.0439,6130594.96,2025,8,3,5,16,0,0,72,44.580345485588026,6.905588433079177,0.1675,0.4225,2698290.221362763,2841772.1179897054,0.0,1.0,0.0,0.0,0.0,0.0,0.0,1.0,0.0,1.630856800842706,2.8858018874351603,0.11909949361284564,1.8874463660861105,-1.3693865619083978
MKT-00830,Campaign 0830,2023-03-06 00:00:00+00:00,2023-04-29 00:00:00+00:00,914571,7445,0.0727,6965981.1,2023,3,1,0,6,0,0,54,122.84365345869712,7.616665190564756,0.15833333333333333,0.2520833333333333,2745646.1699524573,2828093.8678722903,0.0,0.0,1.0,0.0,0.0,0.0,0.0,0.0,1.0,1.7351131356237293,0.17774938272559926,1.8916667815246224,2.362309750674309,1.6501265108702963
MKT-00831,Campaign 0831,2023-07-30 00:00:00+00:00,2023-09-11 00:00:00+00:00,548171,8027,0.0427,4294129.52,2023,7,3,6,30,0,0,43,68.29089323533076,7.833558360438621,0.15833333333333333,0.2520833333333333,2745646.1699524573,2828093.8678722903,0.0,0.0,1.0,0.0,0.0,0.0,0.0,0.0,1.0,0.30965149431590966,0.30414978033093765,0.04524252328318829,0.84353367378593,-0.45459889515540175
MKT-00832,Campaign 0832,2025-08-16 00:00:00+00:00,2025-09-09 00:00:00+00:00,885415,20969,0.0734,6337094.24,2025,8,3,5,16,0,0,24,42.22495111831751,7.157202261086609,0.15833333333333333,0.2520833333333333,2745646.1699524573,2828093.8678722903,0.0,0.0,1.0,0.0,0.0,0.0,0.0,0.0,1.0,1.6216831148432413,3.1149297559465556,1.934750014216923,2.004827948471265,-1.4602611271129036
MKT-00833,Campaign 0833,2025-04-20 00:00:00+00:00,2025-07-05 00:00:00+00:00,893738,9808,0.0544,6954182.45,2025,4,2,6,20,0,0,76,91.12336867862969,7.781007912833515,0.1675,0.3254166666666667,2698290.221362763,2755334.291556837,0.0,1.0,0.0,0.0,0.0,0.0,1.0,0.0,0.0,1.6540633474868138,0.6909523716283736,0.7653479839973473,2.3556029756821224,0.42631145569033707
MKT-00834,Campaign 0834,2023-07-13 00:00:00+00:00,2023-08-31 00:00:00+00:00,589261,5223,0.0591,2802589.97,2023,7,3,3,13,0,0,49,112.820409726211,4.756109720480398,0.15833333333333333,0.4225,2745646.1699524573,2841772.1179897054,0.0,0.0,1.0,0.0,0.0,0.0,0.0,1.0,0.0,0.46951017019292474,-0.3048308294377374,1.0546211177885054,-0.004310796030337617,1.2634150842042018
MKT-00835,Campaign 0835,2023-05-17 00:00:00+00:00,2023-07-17 00:00:00+00:00,730156,7263,0.0384,4346725.23,2023,5,2,2,17,0,0,61,100.53091009224838,5.9531459441544,0.17791666666666667,0.4225,2915925.030689836,2841772.1179897054,0.0,0.0,0.0,1.0,0.0,0.0,0.0,1.0,0.0,1.0176554156952862,0.13822211062221165,-0.21941162039808426,0.8734309580111864,0.7892681849265817
MKT-00836,Campaign 0836,2025-03-20 00:00:00+00:00,2025-04-11 00:00:00+00:00,67192,682,0.0408,548668.39,2025,3,1,3,20,0,0,22,98.52199413489735,8.165680289320157,0.16875,0.3254166666666667,2935005.225015562,2755334.291556837,0.0,0.0,0.0,0.0,0.0,1.0,1.0,0.0,0.0,-1.5615742556147503,-1.2910579866986338,-0.07169767973876914,-1.2855205011317177,0.7117612643474086
MKT-00837,Campaign 0837,2024-12-24 00:00:00+00:00,2025-01-28 00:00:00+00:00,192982,1612,0.0423,1364001.35,2024,12,4,1,24,0,0,35,119.71588089330025,7.068023701692386,0.16875,0.4225,2935005.225015562,2841772.1179897054,0.0,0.0,0.0,0.0,0.0,1.0,0.0,1.0,0.0,-1.0721942887476361,-1.0890779699065982,0.020623533173302226,-0.8220560618582647,1.5294524632931172
MKT-00838,Campaign 0838,2025-11-17 00:00:00+00:00,2026-01-23 00:00:00+00:00,88783,727,0.0406,663653.94,2025,11,4,0,17,0,0,67,122.12242090784044,7.475011432368809,0.17791666666666667,0.3254166666666667,2915925.030689836,2755334.291556837,0.0,0.0,0.0,1.0,0.0,0.0,1.0,0.0,0.0,-1.4775755048028585,-1.2812847600796644,-0.08400717479371239,-1.2201585986087295,1.6223003024946734
MKT-00839,Campaign 0839,2024-07-13 00:00:00+00:00,2024-08-18 00:00:00+00:00,691709,6337,0.0524,3968482.8,2024,7,3,5,13,0,0,36,109.15401609594446,5.73721434880853,0.17791666666666667,0.4225,2915925.030689836,2841772.1179897054,0.0,0.0,0.0,1.0,0.0,0.0,0.0,1.0,0.0,0.8680792046599103,-0.06288917491480445,0.6422530334479187,0.6584244216271077,1.1219602468959422
MKT-00840,Campaign 0840,2023-10-04 00:00:00+00:00,2023-10-23 00:00:00+00:00,648988,6147,0.0627,3979881.35,2023,10,4,2,4,0,0,19,105.57800553115341,6.132442125278126,0.15833333333333333,0.2520833333333333,2745646.1699524573,2828093.8678722903,0.0,0.0,1.0,0.0,0.0,0.0,0.0,0.0,1.0,0.701875201443995,-0.10415390952823107,1.276192028777478,0.6649037654577319,0.9839925206596404
MKT-00841,Campaign 0841,2023-02-28 00:00:00+00:00,2023-04-05 00:00:00+00:00,449477,6754,0.0814,1790309.58,2023,2,1,1,28,0,1,36,66.5497482973053,3.9830949748262983,0.17791666666666667,0.2520833333333333,2915925.030689836,2828093.8678722903,0.0,0.0,0.0,1.0,0.0,0.0,0.0,0.0,1.0,-0.07431278305099522,0.027676058420979255,2.4271298164146384,-0.5797272042408709,-0.5217748175400873
MKT-00842,Campaign 0842,2025-12-12 00:00:00+00:00,2026-03-03 00:00:00+00:00,620781,8099,0.0308,4265729.29,2025,12,4,4,12,0,0,81,76.64909248055315,6.871552592621231,0.16791666666666666,0.3254166666666667,2855926.099785614,2755334.291556837,1.0,0.0,0.0,0.0,0.0,0.0,1.0,0.0,0.0,0.5921372196853442,0.3197869429212888,-0.687172432485914,0.8273899664688765,-0.13212732400088847
MKT-00843,Campaign 0843,2023-04-27 00:00:00+00:00,2023-07-24 00:00:00+00:00,823797,9962,0.042,5390185.91,2023,4,2,3,27,0,0,88,82.6939369604497,6.543099707816368,0.1675,0.4225,2698290.221362763,2841772.1179897054,0.0,1.0,0.0,0.0,0.0,0.0,0.0,1.0,0.0,1.3819612387130416,0.7243985249466246,0.002159290590888208,1.4665713591549054,0.10109163137770658
MKT-00844,Campaign 0844,2025-07-19 00:00:00+00:00,2025-10-07 00:00:00+00:00,180217,2307,0.0579,1564032.61,2025,7,3,5,19,0,0,80,78.1174685739055,8.678607512054912,0.15833333333333333,0.4225,2745646.1699524573,2841772.1179897054,0.0,0.0,1.0,0.0,0.0,0.0,0.0,1.0,0.0,-1.1218559095208192,-0.9381359143469588,0.9807641474588482,-0.7083511335636177,-0.07547522323412115
MKT-00845,Campaign 0845,2024-12-18 00:00:00+00:00,2025-01-30 00:00:00+00:00,666754,6194,0.043,4004771.7,2024,12,4,2,18,0,0,43,107.64514045850824,6.006370715436278,0.16791666666666666,0.4225,2855926.099785614,2841772.1179897054,1.0,0.0,0.0,0.0,0.0,0.0,0.0,1.0,0.0,0.7709929730582818,-0.09394631728175186,0.06370676586560231,0.6790523313467768,1.0637456143889519
MKT-00846,Campaign 0846,2025-02-26 00:00:00+00:00,2025-05-26 00:00:00+00:00,815480,6555,0.0213,4788637.48,2025,2,1,2,26,0,0,89,124.40579710144928,5.872170353656743,0.17791666666666667,0.3254166666666667,2915925.030689836,2755334.291556837,0.0,0.0,0.0,1.0,0.0,0.0,1.0,0.0,0.0,1.3496043487819358,-0.015543321516241266,-1.2718734475957016,1.1246296991418283,1.710396301056893
MKT-00847,Campaign 0847,2024-12-08 00:00:00+00:00,2025-02-25 00:00:00+00:00,688785,12871,0.0547,4218158.79,2024,12,4,6,8,0,0,79,53.51448993862171,6.124057274766437,0.16875,0.4225,2935005.225015562,2841772.1179897054,0.0,0.0,0.0,0.0,0.0,1.0,0.0,1.0,0.0,0.8567035227844079,1.3561833301595618,0.7838122265797618,0.8003491914848041,-1.0246941809104269
MKT-00848,Campaign 0848,2024-09-05 00:00:00+00:00,2024-09-21 00:00:00+00:00,667169,6294,0.0291,5387092.42,2024,9,3,3,5,0,0,16,106.0007944073721,8.074554453219498,0.1675,0.4225,2698290.221362763,2841772.1179897054,0.0,1.0,0.0,0.0,0.0,0.0,0.0,1.0,0.0,0.772607510670571,-0.07222803590626416,-0.7918031404529285,1.4648129087075592,1.0003043348651732
MKT-00849,Campaign 0849,2025-02-09 00:00:00+00:00,2025-03-22 00:00:00+00:00,672846,7476,0.0451,4282348.34,2025,2,1,6,9,0,0,41,90.0008025682183,6.364529684355706,0.15833333333333333,0.2520833333333333,2745646.1699524573,2828093.8678722903,0.0,0.0,1.0,0.0,0.0,0.0,0.0,0.0,1.0,0.794693607116271,0.18448204995200043,0.192956463942503,0.8368368293670813,0.3830012106568642
MKT-00850,Campaign 0850,2023-09-14 00:00:00+00:00,2023-11-30 00:00:00+00:00,200351,1995,0.0695,1167299.46,2023,9,3,3,14,0,0,77,100.4265664160401,5.8262721923025085,0.16875,0.2520833333333333,2935005.225015562,2828093.8678722903,0.0,0.0,0.0,0.0,0.0,1.0,0.0,0.0,1.0,-1.0435255473862897,-1.0058969522384804,1.6947148606455364,-0.9338684570702509,0.7852424530410739
MKT-00851,Campaign 0851,2025-12-30 00:00:00+00:00,2026-01-27 00:00:00+00:00,213764,2670,0.0533,1025965.14,2025,12,4,1,30,0,0,28,80.06142322097378,4.799522557586871,0.17791666666666667,0.4225,2915925.030689836,2841772.1179897054,0.0,0.0,0.0,1.0,0.0,0.0,0.0,1.0,0.0,-0.9913429136666887,-0.8592985529539384,0.6976457611951616,-1.0142079436143674,-0.00047460517018238117
MKT-00852,Campaign 0852,2024-10-31 00:00:00+00:00,2024-12-06 00:00:00+00:00,834392,8544,0.0521,7339323.42,2024,10,4,3,31,0,1,36,97.65823970037454,8.79601364826125,0.16791666666666666,0.3254166666666667,2855926.099785614,2755334.291556837,1.0,0.0,0.0,0.0,0.0,0.0,1.0,0.0,0.0,1.4231805784773874,0.41643329504220905,0.6237887908655042,2.5745308891351537,0.678436352913709
MKT-00853,Campaign 0853,2023-08-20 00:00:00+00:00,2023-11-17 00:00:00+00:00,246299,2698,0.0659,1742426.0,2023,8,3,6,20,0,0,89,91.28947368421052,7.074433919747949,0.15833333333333333,0.4225,2745646.1699524573,2841772.1179897054,0.0,0.0,1.0,0.0,0.0,0.0,0.0,1.0,0.0,-0.864767055315297,-0.8532174341688018,1.473143949656564,-0.6069459451036291,0.43272003013977933
MKT-00854,Campaign 0854,2023-02-22 00:00:00+00:00,2023-03-23 00:00:00+00:00,682393,7258,0.04,2619771.66,2023,2,1,2,22,0,0,29,94.01942683934968,3.839095154844789,0.15833333333333333,0.2520833333333333,2745646.1699524573,2828093.8678722903,0.0,0.0,1.0,0.0,0.0,0.0,0.0,0.0,1.0,0.8318357531030772,0.13713619655343726,-0.12093565995854084,-0.10823126740815403,0.5380456220870099
MKT-00855,Campaign 0855,2025-04-26 00:00:00+00:00,2025-07-06 00:00:00+00:00,424416,3519,0.0475,1663554.93,2025,4,2,5,26,0,0,71,120.60699062233589,3.9196329308979867,0.17791666666666667,0.3254166666666667,2915925.030689836,2755334.291556837,0.0,0.0,0.0,1.0,0.0,0.0,1.0,0.0,0.0,-0.17181140257287095,-0.6749103440760478,0.3406704046018177,-0.6517790844783052,1.5638327820630302
MKT-00856,Campaign 0856,2024-04-17 00:00:00+00:00,2024-06-28 00:00:00+00:00,836903,21392,0.0392,5294092.97,2024,4,2,2,17,0,0,72,39.12224195961107,6.325814305839506,0.1675,0.2520833333333333,2698290.221362763,2828093.8678722903,0.0,1.0,0.0,0.0,0.0,0.0,0.0,0.0,1.0,1.4329495036447562,3.2067980861648686,-0.17017364017831255,1.4119486924161075,-1.579968191743539
MKT-00857,Campaign 0857,2025-06-30 00:00:00+00:00,2025-08-03 00:00:00+00:00,275295,4466,0.0546,1894170.53,2025,6,2,0,30,0,1,34,61.642409314823105,6.880511923572895,0.17791666666666667,0.3254166666666667,2915925.030689836,2755334.291556837,0.0,0.0,0.0,1.0,0.0,0.0,1.0,0.0,0.0,-0.7519595068672579,-0.4692382194501793,0.7776574790522905,-0.5206889225624777,-0.711107144449305
MKT-00858,Campaign 0858,2025-01-08 00:00:00+00:00,2025-01-31 00:00:00+00:00,821662,8835,0.0207,4129421.82,2025,1,1,2,8,0,0,23,93.000792303339,5.025694044509786,0.16791666666666666,0.2520833333333333,2855926.099785614,2828093.8678722903,1.0,0.0,0.0,0.0,0.0,0.0,0.0,0.0,1.0,1.3736551235269274,0.4796334938448783,-1.3088019327605303,0.7499079214006469,0.4987452094476038
MKT-00859,Campaign 0859,2025-12-25 00:00:00+00:00,2026-01-16 00:00:00+00:00,816676,11767,0.0278,2676557.77,2025,12,4,3,25,0,0,22,69.4039262343843,3.277380221777057,0.16875,0.2520833333333333,2935005.225015562,2828093.8678722903,0.0,0.0,0.0,0.0,0.0,1.0,0.0,0.0,1.0,1.3542573294669908,1.1164135037741776,-0.8718148583100576,-0.07595200982770425,-0.4116564515235658
MKT-00860,Campaign 0860,2025-10-18 00:00:00+00:00,2026-01-08 00:00:00+00:00,21097,279,0.0425,141738.64,2025,10,4,5,18,0,0,82,75.61648745519713,6.718426316537897,0.16875,0.2520833333333333,2935005.225015562,2828093.8678722903,0.0,0.0,0.0,0.0,0.0,1.0,0.0,0.0,1.0,-1.7409046441411802,-1.3785826606418492,0.032933028228245474,-1.5168339370652244,-0.17196673858518888
MKT-00861,Campaign 0861,2025-05-11 00:00:00+00:00,2025-06-12 00:00:00+00:00,596238,8121,0.0517,2368510.93,2025,5,2,6,11,0,0,32,73.4192833394902,3.972425323444665,0.1675,0.4225,2698290.221362763,2841772.1179897054,0.0,1.0,0.0,0.0,0.0,0.0,0.0,1.0,0.0,0.4966538543397715,0.32456496482389613,0.5991698007556187,-0.2510568602075528,-0.25673809214489
MKT-00862,Campaign 0862,2023-08-13 00:00:00+00:00,2023-11-03 00:00:00+00:00,503532,4793,0.0725,3124772.7,2023,8,3,6,13,0,0,82,105.05570623826414,6.205708276733158,0.17791666666666667,0.2520833333333333,2915925.030689836,2828093.8678722903,0.0,0.0,0.0,1.0,0.0,0.0,0.0,0.0,1.0,0.13598560401476403,-0.3982194393523345,1.8793572864696793,0.17882940021910668,0.9638414488020068
MKT-00863,Campaign 0863,2025-03-09 00:00:00+00:00,2025-05-01 00:00:00+00:00,440772,10984,0.0277,3653938.81,2025,3,1,6,9,0,0,53,40.128550619082304,8.289861447641865,0.17791666666666667,0.4225,2915925.030689836,2841772.1179897054,0.0,0.0,0.0,1.0,0.0,0.0,0.0,1.0,0.0,-0.10817916838828934,0.946359360604109,-0.8779696058375289,0.47962635862204467,-1.541143329477714
MKT-00864,Campaign 0864,2023-02-18 00:00:00+00:00,2023-04-16 00:00:00+00:00,109467,1450,0.041,650223.52,2023,2,1,5,18,0,0,57,75.49448275862069,5.939904446088776,0.16875,0.3254166666666667,2935005.225015562,2755334.291556837,0.0,0.0,0.0,0.0,0.0,1.0,1.0,0.0,0.0,-1.397105394025536,-1.1242615857348883,-0.05938818468382632,-1.2277929300780557,-0.17667385850886416
MKT-00865,Campaign 0865,2023-08-05 00:00:00+00:00,2023-10-09 00:00:00+00:00,616050,6483,0.0461,2523011.93,2023,8,3,5,5,0,0,65,95.02545118000926,4.095466163460759,0.16791666666666666,0.4225,2855926.099785614,2841772.1179897054,1.0,0.0,0.0,0.0,0.0,0.0,0.0,1.0,0.0,0.5737314909052478,-0.03118048410659241,0.25450393921721753,-0.1632329614506722,0.5768595149165707
MKT-00866,Campaign 0866,2023-01-05 00:00:00+00:00,2023-02-20 00:00:00+00:00,324979,4523,0.0236,2007884.9,2023,1,1,3,5,0,0,46,71.8503205836834,6.178506611196416,0.1675,0.2520833333333333,2698290.221362763,2828093.8678722903,0.0,1.0,0.0,0.0,0.0,0.0,0.0,0.0,1.0,-0.5586662858335851,-0.4568587990661513,-1.1303142544638582,-0.4560496042533247,-0.3172709737027374
MKT-00867,Campaign 0867,2025-10-17 00:00:00+00:00,2026-01-13 00:00:00+00:00,499130,12219,0.03,1876150.64,2025,10,4,4,17,0,0,88,40.848678287912264,3.7588416644962233,0.1675,0.3254166666666667,2698290.221362763,2755334.291556837,0.0,1.0,0.0,0.0,0.0,0.0,1.0,0.0,0.0,0.11885983396826562,1.2145801355913821,-0.7364104127056856,-0.5309320730596921,-1.5133597490692698
MKT-00868,Campaign 0868,2025-07-26 00:00:00+00:00,2025-10-17 00:00:00+00:00,286997,2382,0.0133,2205338.66,2025,7,3,5,26,0,0,83,120.48572628043661,7.684187151782075,0.1675,0.4225,2698290.221362763,2841772.1179897054,0.0,1.0,0.0,0.0,0.0,0.0,0.0,1.0,0.0,-0.7064334366527816,-0.921847203315343,-1.7642532497934174,-0.34380981922018305,1.5591542261073763
MKT-00869,Campaign 0869,2024-02-03 00:00:00+00:00,2024-04-08 00:00:00+00:00,782900,11328,0.0509,4815411.32,2024,2,1,5,3,0,0,65,69.11193502824858,6.150736134883127,0.15958333333333333,0.4225,2694009.023235263,2841772.1179897054,0.0,0.0,0.0,0.0,1.0,0.0,0.0,1.0,0.0,1.222853420087043,1.0210702485357865,0.5499318205358469,1.1398489081663195,-0.4229219000063486
MKT-00870,Campaign 0870,2024-02-21 00:00:00+00:00,2024-04-30 00:00:00+00:00,480399,4015,0.0291,2572583.06,2024,2,1,2,21,0,0,69,119.65105853051058,5.355096617603284,0.17791666666666667,0.2520833333333333,2915925.030689836,2828093.8678722903,0.0,0.0,0.0,1.0,0.0,0.0,0.0,0.0,1.0,0.04598777609889671,-0.5671876684536288,-0.7918031404529285,-0.13505495676213197,1.5269515215757155
MKT-00871,Campaign 0871,2023-12-27 00:00:00+00:00,2024-03-05 00:00:00+00:00,425063,3604,0.0616,2664616.7,2023,12,4,2,27,0,0,69,117.9420088790233,6.2687571018884265,0.1675,0.3254166666666667,2698290.221362763,2755334.291556837,0.0,1.0,0.0,0.0,0.0,0.0,1.0,0.0,0.0,-0.16929428007853098,-0.6564498049068833,1.2084898059752918,-0.08273974144580905,1.4610138823633936
MKT-00872,Campaign 0872,2023-05-14 00:00:00+00:00,2023-05-30 00:00:00+00:00,781535,16525,0.0487,3359382.1,2023,5,2,6,14,0,0,16,47.29409984871407,4.298441016717102,0.1675,0.3254166666666667,2698290.221362763,2755334.291556837,0.0,1.0,0.0,0.0,0.0,0.0,1.0,0.0,0.0,1.2175429530008388,2.1497693316198823,0.414527374931475,0.31218978101283934,-1.2646859430873176
MKT-00873,Campaign 0873,2023-12-15 00:00:00+00:00,2024-01-19 00:00:00+00:00,99731,1079,0.0389,488044.53,2023,12,4,4,15,0,0,35,92.42910101946246,4.89360910850187,0.15833333333333333,0.3254166666666667,2745646.1699524573,2755334.291556837,0.0,0.0,1.0,0.0,0.0,0.0,1.0,0.0,0.0,-1.4349828354550473,-1.2048364096379476,-0.188637882760727,-1.3199812731842695,0.47668852222129915
MKT-00874,Campaign 0874,2025-07-13 00:00:00+00:00,2025-08-28 00:00:00+00:00,149048,2450,0.03,764062.58,2025,7,3,6,13,0,0,46,60.83591836734694,5.126285357737104,0.1675,0.4225,2698290.221362763,2841772.1179897054,0.0,1.0,0.0,0.0,0.0,0.0,0.0,1.0,0.0,-1.243117410333929,-0.9070787719800113,-0.7364104127056856,-1.1630827335096292,-0.74222274666508
MKT-00875,Campaign 0875,2023-05-07 00:00:00+00:00,2023-05-31 00:00:00+00:00,190244,3553,0.0481,1278832.12,2023,5,2,6,7,0,0,24,53.54461018857304,6.722062824583167,0.15958333333333333,0.4225,2694009.023235263,2841772.1179897054,0.0,0.0,0.0,0.0,1.0,0.0,0.0,1.0,0.0,-1.0828463465366667,-0.667526128408382,0.37759888976664613,-0.8704693008193166,-1.0235320975428972
MKT-00876,Campaign 0876,2023-04-25 00:00:00+00:00,2023-06-11 00:00:00+00:00,439040,5132,0.0379,2864161.66,2023,4,2,1,25,0,0,47,85.54949337490257,6.523691827623907,0.16875,0.4225,2935005.225015562,2841772.1179897054,0.0,0.0,0.0,0.0,0.0,1.0,0.0,1.0,0.0,-0.11491743138704792,-0.3245944654894312,-0.2501853580354411,0.03068875652174963,0.2112631810707005
MKT-00877,Campaign 0877,2023-09-28 00:00:00+00:00,2023-12-01 00:00:00+00:00,120995,1452,0.0506,468826.5,2023,9,3,3,28,0,0,64,83.32988980716253,3.8747592875738666,0.15833333333333333,0.4225,2745646.1699524573,2841772.1179897054,0.0,0.0,1.0,0.0,0.0,0.0,0.0,1.0,0.0,-1.3522562624725978,-1.1238272201073785,0.5314675779534325,-1.3309054893448555,0.1256276238376726
MKT-00878,Campaign 0878,2024-10-03 00:00:00+00:00,2024-12-22 00:00:00+00:00,788145,6875,0.0605,6434707.74,2024,10,4,3,3,0,0,80,114.63927272727273,8.164370439449593,0.16791666666666666,0.4225,2855926.099785614,2841772.1179897054,1.0,0.0,0.0,0.0,0.0,0.0,0.0,1.0,0.0,1.243258841235131,0.05395517888531937,1.1407875831731056,2.060314955942445,1.3335894833132507
MKT-00879,Campaign 0879,2025-11-04 00:00:00+00:00,2026-01-15 00:00:00+00:00,621611,6479,0.0299,2861561.04,2025,11,4,1,4,0,0,72,95.94242938725112,4.603459462589948,0.1675,0.3254166666666667,2698290.221362763,2755334.291556837,0.0,1.0,0.0,0.0,0.0,0.0,1.0,0.0,0.0,0.5953662949099224,-0.03204921536161192,-0.7425651602331571,0.029210471024664637,0.6122378774714904
MKT-00880,Campaign 0880,2025-01-14 00:00:00+00:00,2025-04-06 00:00:00+00:00,439660,4352,0.0351,3542710.32,2025,1,1,1,14,0,0,82,101.0248161764706,8.05784087704135,0.16875,0.3254166666666667,2935005.225015562,2755334.291556837,0.0,0.0,0.0,0.0,0.0,1.0,1.0,0.0,0.0,-0.1125053510988087,-0.49399706021823525,-0.4225182888046419,0.41640010348686285,0.8083238051994476
MKT-00881,Campaign 0881,2024-01-02 00:00:00+00:00,2024-03-08 00:00:00+00:00,327813,3087,0.0625,1680584.2,2024,1,1,1,2,0,0,66,106.19144800777454,5.126655135702367,0.16875,0.4225,2935005.225015562,2841772.1179897054,0.0,0.0,0.0,0.0,0.0,1.0,0.0,1.0,0.0,-0.5476407446450852,-0.7687333196181547,1.2638825337225348,-0.6420990378482926,1.007660030065091
MKT-00882,Campaign 0882,2025-11-02 00:00:00+00:00,2025-12-28 00:00:00+00:00,260611,6343,0.0642,1585414.16,2025,11,4,6,2,0,0,56,41.08639445057544,6.083450660179348,0.1675,0.2520833333333333,2698290.221362763,2828093.8678722903,0.0,1.0,0.0,0.0,0.0,0.0,0.0,0.0,1.0,-0.8090869051777492,-0.061586078032275185,1.368513241689549,-0.6961970951919233,-1.5041883112734271
MKT-00883,Campaign 0883,2024-07-15 00:00:00+00:00,2024-09-14 00:00:00+00:00,906850,13407,0.0266,5305851.14,2024,7,3,0,15,0,0,61,67.64003878570895,5.8508586204995305,0.16791666666666666,0.4225,2855926.099785614,2841772.1179897054,1.0,0.0,0.0,0.0,0.0,0.0,0.0,1.0,0.0,1.7050749551309954,1.4725933183321758,-0.9456718286397149,1.4186324571273143,-0.4797098132855742
MKT-00884,Campaign 0884,2024-05-13 00:00:00+00:00,2024-06-04 00:00:00+00:00,524129,5822,0.0286,3627360.53,2024,5,2,0,13,0,0,22,90.02559257986947,6.920739989582716,0.1675,0.4225,2698290.221362763,2841772.1179897054,0.0,1.0,0.0,0.0,0.0,0.0,0.0,1.0,0.0,0.21611724546131744,-0.1747383239985661,-0.8225768780902859,0.4645183129016154,0.38395764562228557
MKT-00885,Campaign 0885,2026-01-06 00:00:00+00:00,2026-03-24 00:00:00+00:00,410557,3916,0.0284,1915862.79,2026,1,1,1,6,0,0,77,104.8409090909091,4.666496466994839,0.16875,0.2520833333333333,2935005.225015562,2828093.8678722903,0.0,0.0,0.0,0.0,0.0,1.0,0.0,0.0,1.0,-0.225729177919173,-0.5886887670153617,-0.8348863731452286,-0.5083582655049316,0.9555542601917711
MKT-00886,Campaign 0886,2025-02-19 00:00:00+00:00,2025-04-21 00:00:00+00:00,32798,305,0.0458,225329.07,2025,2,1,2,19,0,0,61,107.5344262295082,6.870207634611867,0.1675,0.4225,2698290.221362763,2841772.1179897054,0.0,1.0,0.0,0.0,0.0,0.0,0.0,1.0,0.0,-1.6953824643787818,-1.3729359074842225,0.23603969663480306,-1.4693181445372532,1.05947409724425
MKT-00887,Campaign 0887,2024-10-09 00:00:00+00:00,2024-12-18 00:00:00+00:00,221862,1955,0.0197,1247097.1,2024,10,4,2,9,0,0,70,113.48439897698209,5.621048669893899,0.16791666666666666,0.3254166666666667,2855926.099785614,2755334.291556837,1.0,0.0,0.0,0.0,0.0,0.0,1.0,0.0,0.0,-0.9598380327406223,-1.0145842647886754,-1.3703494080352447,-0.88850862214104,1.2890327622044306
MKT-00888,Campaign 0888,2023-01-17 00:00:00+00:00,2023-03-07 00:00:00+00:00,427644,4466,0.0425,3131478.82,2023,1,1,1,17,0,0,49,95.75548589341693,7.32263008483692,0.17791666666666667,0.4225,2915925.030689836,2841772.1179897054,0.0,0.0,0.0,1.0,0.0,0.0,0.0,1.0,0.0,-0.1592530232657158,-0.4692382194501793,0.032933028228245474,0.18264139887239345,0.6050253236180649
MKT-00889,Campaign 0889,2023-09-30 00:00:00+00:00,2023-12-14 00:00:00+00:00,424385,8897,0.0414,2679086.46,2023,9,3,5,30,0,1,75,47.699786444869055,6.312867938310732,0.17791666666666667,0.3254166666666667,2915925.030689836,2755334.291556837,0.0,0.0,0.0,1.0,0.0,0.0,1.0,0.0,0.0,-0.17193200658728292,0.49309882829768065,-0.034769194573940676,-0.07451461191735072,-1.249033959900484
MKT-00890,Campaign 0890,2024-08-20 00:00:00+00:00,2024-10-05 00:00:00+00:00,491758,8199,0.0322,3734070.69,2024,8,3,1,20,0,0,46,59.97780217099646,7.593309493694052,0.16791666666666666,0.2520833333333333,2855926.099785614,2828093.8678722903,1.0,0.0,0.0,0.0,0.0,0.0,0.0,0.0,1.0,0.0901794212506858,0.3415052242967765,-0.6010059671013138,0.5251761875313624,-0.7753301266104011
MKT-00891,Campaign 0891,2024-11-20 00:00:00+00:00,2025-02-08 00:00:00+00:00,108949,1215,0.0434,888130.43,2024,11,4,2,20,0,0,80,89.66995884773662,8.151799741163297,0.15958333333333333,0.2520833333333333,2694009.023235263,2828093.8678722903,0.0,0.0,0.0,0.0,1.0,0.0,0.0,0.0,1.0,-1.399120648201839,-1.1752995469672844,0.08832575597548838,-1.0925581265660893,0.37023677525394943
MKT-00892,Campaign 0892,2024-05-25 00:00:00+00:00,2024-08-23 00:00:00+00:00,217100,2364,0.0434,1203135.63,2024,5,2,5,25,0,0,90,91.83587140439933,5.5418499769691385,0.15958333333333333,0.3254166666666667,2694009.023235263,2755334.291556837,0.0,0.0,0.0,0.0,1.0,0.0,1.0,0.0,0.0,-0.9783643655351306,-0.9257564939629307,0.08832575597548838,-0.9134978952880336,0.45380085462541775
MKT-00893,Campaign 0893,2024-06-02 00:00:00+00:00,2024-06-29 00:00:00+00:00,377597,10631,0.0363,1621735.66,2024,6,2,6,2,0,0,27,35.51848367980435,4.2948849169882175,0.16875,0.4225,2935005.225015562,2841772.1179897054,0.0,0.0,0.0,0.0,0.0,1.0,0.0,1.0,0.0,-0.35395847840363187,0.8696938273486373,-0.3486613184749845,-0.6755506544653387,-1.7190064654739277
MKT-00894,Campaign 0894,2023-12-08 00:00:00+00:00,2024-03-08 00:00:00+00:00,244640,3072,0.0689,882206.48,2023,12,4,4,8,0,0,91,79.63541666666667,3.6061415958142575,0.17791666666666667,0.3254166666666667,2915925.030689836,2755334.291556837,0.0,0.0,0.0,1.0,0.0,0.0,1.0,0.0,0.0,-0.8712213153123758,-0.7719910618244779,1.6577863754807076,-1.0959255117936337,-0.01691056211007683
MKT-00895,Campaign 0895,2023-01-07 00:00:00+00:00,2023-03-23 00:00:00+00:00,134340,1091,0.0355,691527.39,2023,1,1,5,7,0,0,75,123.13473877176902,5.147591112103618,0.16875,0.3254166666666667,2935005.225015562,2755334.291556837,0.0,0.0,0.0,0.0,0.0,1.0,1.0,0.0,0.0,-1.3003381794942876,-1.2022302158728893,-0.3978992986947562,-1.2043143318997438,1.6613570086715967
MKT-00896,Campaign 0896,2025-11-23 00:00:00+00:00,2026-01-07 00:00:00+00:00,111454,2764,0.0427,716484.37,2025,11,4,6,23,0,0,45,40.323444283646886,6.428520914457983,0.15958333333333333,0.3254166666666667,2694009.023235263,2755334.291556837,0.0,0.0,0.0,0.0,1.0,0.0,1.0,0.0,0.0,-1.389375065746937,-0.8388833684609799,0.04524252328318829,-1.1901278911336808,-1.5336240463909743
MKT-00897,Campaign 0897,2023-05-16 00:00:00+00:00,2023-07-11 00:00:00+00:00,803665,11788,0.0324,5736966.31,2023,5,2,1,16,0,0,56,68.17653545978962,7.138504613240591,0.1675,0.3254166666666667,2698290.221362763,2755334.291556837,0.0,1.0,0.0,0.0,0.0,0.0,1.0,0.0,0.0,1.3036386574826675,1.12097434286303,-0.588696472046371,1.663693751504926,-0.4590109856632423
MKT-00898,Campaign 0898,2025-01-28 00:00:00+00:00,2025-04-24 00:00:00+00:00,823871,9379,0.0575,5604590.96,2025,1,1,1,28,0,0,86,87.84209403987632,6.802753052358925,0.15958333333333333,0.4225,2694009.023235263,2841772.1179897054,0.0,0.0,0.0,0.0,1.0,0.0,0.0,1.0,0.0,1.3822491321667991,0.5977809445275314,0.9561451573489625,1.5884468641947687,0.2997150732514898
MKT-00899,Campaign 0899,2025-01-25 00:00:00+00:00,2025-03-20 00:00:00+00:00,769360,6447,0.0239,3245065.65,2025,1,1,5,25,0,0,54,119.33612532961067,4.217876741707393,0.16791666666666666,0.4225,2855926.099785614,2841772.1179897054,1.0,0.0,0.0,0.0,0.0,0.0,0.0,1.0,0.0,1.1701766989535607,-0.03899906540176798,-1.1118500118814438,0.24720821888025757,1.5148009373262472
MKT-00900,Campaign 0900,2024-10-12 00:00:00+00:00,2024-11-14 00:00:00+00:00,62252,1492,0.0444,369620.46,2024,10,4,5,12,0,0,33,41.72386058981233,5.937487309644671,0.15958333333333333,0.4225,2694009.023235263,2841772.1179897054,0.0,0.0,0.0,0.0,1.0,0.0,0.0,1.0,0.0,-1.5807930888791077,-1.1151399075571835,0.1498732312502029,-1.3872977535569386,-1.4795939337709976
MKT-00901,Campaign 0901,2025-02-26 00:00:00+00:00,2025-04-29 00:00:00+00:00,651868,5911,0.0275,4895766.14,2025,2,1,2,26,0,0,62,110.28049399424802,7.510364276203157,0.15958333333333333,0.2520833333333333,2694009.023235263,2828093.8678722903,0.0,0.0,0.0,0.0,1.0,0.0,0.0,0.0,1.0,0.7130797034280739,-0.15540905357438206,-0.8902791008924718,1.185525464151765,1.1654214144368362
MKT-00902,Campaign 0902,2023-05-31 00:00:00+00:00,2023-06-29 00:00:00+00:00,822398,13105,0.0146,6254282.23,2023,5,2,2,31,0,1,29,62.754521175124,7.60493365742621,0.16791666666666666,0.2520833333333333,2855926.099785614,2828093.8678722903,1.0,0.0,0.0,0.0,0.0,0.0,0.0,0.0,1.0,1.376518496256192,1.407004108578203,-1.6842415319362884,1.9577546377348054,-0.6682002396999609
MKT-00903,Campaign 0903,2024-02-25 00:00:00+00:00,2024-04-09 00:00:00+00:00,130776,2112,0.0313,856063.47,2024,2,1,6,25,0,0,44,61.92045454545455,6.546028858506148,0.16791666666666666,0.3254166666666667,2855926.099785614,2755334.291556837,1.0,0.0,0.0,0.0,0.0,0.0,1.0,0.0,0.0,-1.3142037506995854,-0.9804865630291597,-0.6563986948485567,-1.1107861344655914,-0.700379752131517
MKT-00904,Campaign 0904,2025-02-21 00:00:00+00:00,2025-04-27 00:00:00+00:00,883901,14860,0.0318,3488431.33,2025,2,1,4,21,0,0,65,59.48189771197847,3.9466312743169203,0.16791666666666666,0.4225,2855926.099785614,2841772.1179897054,1.0,0.0,0.0,0.0,0.0,0.0,0.0,1.0,0.0,1.6157929703974443,1.788159946718012,-0.6256249572111995,0.38554598265666945,-0.7944628471103904
MKT-00905,Campaign 0905,2024-10-29 00:00:00+00:00,2024-12-27 00:00:00+00:00,653959,5699,0.0506,3710857.86,2024,10,4,1,29,0,0,59,114.74978066327427,5.674450324867461,0.1675,0.2520833333333333,2698290.221362763,2828093.8678722903,0.0,1.0,0.0,0.0,0.0,0.0,0.0,0.0,1.0,0.7212146387227646,-0.20145181009041596,0.5314675779534325,0.5119811840570762,1.3378530413718634
MKT-00906,Campaign 0906,2024-06-09 00:00:00+00:00,2024-08-01 00:00:00+00:00,536660,10751,0.0285,1717598.68,2024,6,2,6,9,0,0,53,49.91721700306948,3.2005341929713413,0.16875,0.2520833333333333,2935005.225015562,2828093.8678722903,0.0,0.0,0.0,0.0,0.0,1.0,0.0,0.0,1.0,0.2648685004482942,0.8957557649992226,-0.8287316256177573,-0.6210586824845178,-1.1634822405588265
MKT-00907,Campaign 0907,2023-10-06 00:00:00+00:00,2023-10-30 00:00:00+00:00,147626,3553,0.0088,1038295.54,2023,10,4,4,6,0,0,24,41.54967632986209,7.033283703412678,0.16791666666666666,0.4225,2855926.099785614,2841772.1179897054,1.0,0.0,0.0,0.0,0.0,0.0,0.0,1.0,0.0,-1.248649633188568,-0.667526128408382,-2.0412168885296325,-1.0071989028882113,-1.4863142176896476
MKT-00908,Campaign 0908,2025-03-16 00:00:00+00:00,2025-05-27 00:00:00+00:00,822468,7711,0.0102,4378305.83,2025,3,1,6,16,0,0,72,106.66165218519,5.323375292412592,0.15833333333333333,0.3254166666666667,2745646.1699524573,2755334.291556837,0.0,0.0,1.0,0.0,0.0,0.0,1.0,0.0,0.0,1.3767908279016383,0.23552001118439653,-1.955050423145032,0.891382501477452,1.0258011960514426
MKT-00909,Campaign 0909,2023-01-18 00:00:00+00:00,2023-02-20 00:00:00+00:00,886562,7807,0.0446,3812591.52,2023,1,1,2,18,0,0,33,113.55988215703856,4.3004228920256,0.15958333333333333,0.4225,2694009.023235263,2841772.1179897054,0.0,0.0,0.0,0.0,1.0,0.0,0.0,1.0,0.0,1.6261454633764838,0.2563695613048647,0.1621827263051457,0.5698102379532123,1.2919450138694601
MKT-00910,Campaign 0910,2025-04-26 00:00:00+00:00,2025-05-18 00:00:00+00:00,487640,8388,0.0495,2180861.83,2025,4,2,5,26,0,0,22,58.13543156890796,4.472278381592979,0.15958333333333333,0.3254166666666667,2694009.023235263,2755334.291556837,0.0,0.0,0.0,0.0,1.0,0.0,1.0,0.0,0.0,0.07415853959428405,0.3825527760964483,0.4637653551512467,-0.3577233255392967,-0.8464114834043258
MKT-00911,Campaign 0911,2025-07-20 00:00:00+00:00,2025-08-24 00:00:00+00:00,505957,4127,0.0448,1638545.13,2025,7,3,6,20,0,0,35,122.59680155076326,3.238506691280089,0.16791666666666666,0.3254166666666667,2855926.099785614,2755334.291556837,1.0,0.0,0.0,0.0,0.0,0.0,1.0,0.0,0.0,0.14541995030344163,-0.5428631933130826,0.17449222136008855,-0.665995550023058,1.6406026026385774
MKT-00912,Campaign 0912,2025-08-05 00:00:00+00:00,2025-09-25 00:00:00+00:00,48837,410,0.0352,386197.14,2025,8,3,1,5,0,0,51,119.11463414634146,7.907880090914675,0.17791666666666667,0.3254166666666667,2915925.030689836,2755334.291556837,0.0,0.0,0.0,1.0,0.0,0.0,1.0,0.0,0.0,-1.6329835035028644,-1.3501317120399603,-0.41636354127717023,-1.377874975283366,1.5062554830040713
MKT-00913,Campaign 0913,2024-09-08 00:00:00+00:00,2024-09-27 00:00:00+00:00,91781,1998,0.0471,296001.8,2024,9,3,6,8,0,0,19,45.93643643643644,3.2250879811725737,0.15958333333333333,0.4225,2694009.023235263,2841772.1179897054,0.0,0.0,0.0,0.0,1.0,0.0,0.0,1.0,0.0,-1.4659119294735985,-1.0052454037972156,0.316051414491932,-1.429145235077817,-1.3170665864306095
MKT-00914,Campaign 0914,2024-05-27 00:00:00+00:00,2024-08-02 00:00:00+00:00,241666,4931,0.0124,1254453.66,2024,5,2,0,27,0,0,67,49.00953153518556,5.1908570506401395,0.16791666666666666,0.4225,2855926.099785614,2841772.1179897054,1.0,0.0,0.0,0.0,0.0,0.0,0.0,1.0,0.0,-0.8827915197917684,-0.3682482110541615,-1.8196459775406602,-0.8843268901092803,-1.198502075615996
MKT-00915,Campaign 0915,2023-07-24 00:00:00+00:00,2023-09-29 00:00:00+00:00,86164,1245,0.0098,582205.36,2023,7,3,0,24,0,0,67,69.20803212851406,6.7569444315491385,0.15833333333333333,0.4225,2745646.1699524573,2841772.1179897054,0.0,0.0,1.0,0.0,0.0,0.0,0.0,1.0,0.0,-1.4877645987946302,-1.1687840625546382,-1.9796694132549182,-1.2664568869292692,-0.41921433310146583
MKT-00916,Campaign 0916,2025-10-05 00:00:00+00:00,2025-11-27 00:00:00+00:00,893989,9360,0.0187,6954084.55,2025,10,4,6,5,0,0,53,95.5116452991453,7.778713776120288,0.16791666666666666,0.2520833333333333,2855926.099785614,2828093.8678722903,1.0,0.0,0.0,0.0,0.0,0.0,0.0,0.0,1.0,1.655039850958343,0.5936544710661887,-1.431896883309959,2.355547325817796,0.5956175962788335
MKT-00917,Campaign 0917,2025-04-06 00:00:00+00:00,2025-05-26 00:00:00+00:00,394803,11070,0.0391,3376608.23,2025,4,2,6,6,0,0,50,35.66422764227642,8.552640760075278,0.16791666666666666,0.2520833333333333,2855926.099785614,2828093.8678722903,1.0,0.0,0.0,0.0,0.0,0.0,0.0,0.0,1.0,-0.2870193599529159,0.9650370825870284,-0.17632838770578374,0.3219817299134475,-1.7133834498953604
MKT-00918,Campaign 0918,2024-02-25 00:00:00+00:00,2024-04-01 00:00:00+00:00,751697,8343,0.0545,3587002.26,2024,2,1,6,25,0,0,36,90.09912501498262,4.771872523104389,0.15833333333333333,0.4225,2745646.1699524573,2841772.1179897054,0.0,0.0,1.0,0.0,0.0,0.0,0.0,1.0,0.0,1.1014596439032878,0.37277954947747877,0.771502731524819,0.44157722761101625,0.38679463468967457
MKT-00919,Campaign 0919,2024-02-26 00:00:00+00:00,2024-04-16 00:00:00+00:00,320924,2864,0.0259,1029038.33,2024,2,1,0,26,0,0,50,112.05446927374301,3.206486052772619,0.15958333333333333,0.2520833333333333,2694009.023235263,2828093.8678722903,0.0,0.0,0.0,0.0,1.0,0.0,0.0,0.0,1.0,-0.5744420690090851,-0.8171650870854923,-0.988755061332015,-1.012461032413659,1.2338639794899495
MKT-00920,Campaign 0920,2025-02-01 00:00:00+00:00,2025-03-26 00:00:00+00:00,904694,11594,0.0277,6646518.41,2025,2,1,5,1,1,0,53,78.03122304640331,7.34670331625942,0.1675,0.3254166666666667,2698290.221362763,2755334.291556837,0.0,1.0,0.0,0.0,0.0,0.0,1.0,0.0,0.0,1.6966871404512476,1.0788408769945839,-0.8779696058375289,2.180715722524584,-0.07880270202981712
MKT-00921,Campaign 0921,2023-08-28 00:00:00+00:00,2023-10-27 00:00:00+00:00,530061,12554,0.0521,3204428.27,2023,8,3,0,28,0,0,60,42.22247889119006,6.045395284693648,0.16791666666666666,0.4225,2855926.099785614,2841772.1179897054,1.0,0.0,0.0,0.0,0.0,0.0,0.0,1.0,0.0,0.23919540718685778,1.2873363781992657,0.6237887908655042,0.22410847747492765,-1.460356509257149
MKT-00922,Campaign 0922,2024-02-17 00:00:00+00:00,2024-04-16 00:00:00+00:00,404065,7755,0.0353,2236818.86,2024,2,1,5,17,0,0,59,52.10380399742102,5.535789687302785,0.1675,0.3254166666666667,2698290.221362763,2755334.291556837,0.0,1.0,0.0,0.0,0.0,0.0,1.0,0.0,0.0,-0.25098599280828426,0.24507605498961113,-0.41020879374969904,-0.32591534670773115,-1.079120511094479
MKT-00923,Campaign 0923,2024-12-04 00:00:00+00:00,2025-01-06 00:00:00+00:00,39088,432,0.0449,279785.34,2024,12,4,2,4,0,0,33,90.48148148148148,7.157832071223906,0.16875,0.2520833333333333,2935005.225015562,2828093.8678722903,0.0,0.0,0.0,0.0,0.0,1.0,0.0,0.0,1.0,-1.6709115208093872,-1.345353690137353,0.18064696888756016,-1.4383632514093294,0.4015465072970971
MKT-00924,Campaign 0924,2025-10-23 00:00:00+00:00,2025-12-18 00:00:00+00:00,222706,2460,0.0436,1951416.44,2025,10,4,3,23,0,0,56,90.53089430894309,8.76229845626072,0.16875,0.3254166666666667,2935005.225015562,2755334.291556837,0.0,0.0,0.0,0.0,0.0,1.0,1.0,0.0,0.0,-0.9565544911869547,-0.9049069438424625,0.1006352510304312,-0.48814829820350597,0.4034529265674729
MKT-00925,Campaign 0925,2025-10-24 00:00:00+00:00,2025-12-06 00:00:00+00:00,269464,5602,0.0221,1203076.06,2025,10,4,4,24,0,0,43,48.101392359871475,4.464700516581065,0.17791666666666667,0.3254166666666667,2915925.030689836,2755334.291556837,0.0,0.0,0.0,1.0,0.0,0.0,1.0,0.0,0.0,-0.7746447329329399,-0.22251854302463903,-1.2226354673759299,-0.9135317570083392,-1.2335394153704764
MKT-00926,Campaign 0926,2024-05-02 00:00:00+00:00,2024-06-29 00:00:00+00:00,258011,2828,0.0707,1732610.86,2024,5,2,3,2,0,0,58,91.23444130127298,6.715259659471883,0.15958333333333333,0.2520833333333333,2694009.023235263,2828093.8678722903,0.0,0.0,0.0,0.0,1.0,0.0,0.0,0.0,1.0,-0.8192020805800427,-0.8249836683806678,1.7685718309751934,-0.6125252220121579,0.43059680018682156
MKT-00927,Campaign 0927,2024-09-11 00:00:00+00:00,2024-11-16 00:00:00+00:00,283621,4525,0.0279,1854274.14,2024,9,3,2,11,0,0,66,62.67867403314917,6.537859114804616,0.1675,0.2520833333333333,2698290.221362763,2828093.8678722903,0.0,1.0,0.0,0.0,0.0,0.0,0.0,0.0,1.0,-0.7195676028674519,-0.45642443343864153,-0.865660110782586,-0.5433674587281014,-0.6711265335489838
MKT-00928,Campaign 0928,2023-08-30 00:00:00+00:00,2023-10-17 00:00:00+00:00,763182,17242,0.0724,5072333.1,2023,8,3,2,30,0,0,48,44.2629625333488,6.646295510114232,0.16875,0.2520833333333333,2935005.225015562,2828093.8678722903,0.0,0.0,0.0,0.0,0.0,1.0,0.0,0.0,1.0,1.1461414860168802,2.305489409082129,1.8732025389422085,1.2858924444227675,-1.3816316611532793
MKT-00929,Campaign 0929,2023-07-13 00:00:00+00:00,2023-08-22 00:00:00+00:00,654221,7697,0.0507,4034180.16,2023,7,3,3,13,0,0,40,84.99688190203976,6.166387443998282,0.16791666666666666,0.3254166666666667,2855926.099785614,2755334.291556837,1.0,0.0,0.0,0.0,0.0,0.0,1.0,0.0,0.0,0.7222339371671495,0.23247945179182825,0.537622325480904,0.6957691526853815,0.18994262090411432
MKT-00930,Campaign 0930,2026-02-05 00:00:00+00:00,2026-03-16 00:00:00+00:00,200147,2072,0.0464,1732502.12,2026,2,1,3,5,0,0,39,96.59604247104247,8.656148330976732,0.15833333333333333,0.2520833333333333,2745646.1699524573,2828093.8678722903,0.0,0.0,1.0,0.0,0.0,0.0,0.0,0.0,1.0,-1.044319199610162,-0.9891738755793548,0.2729681817996315,-0.6125870337205016,0.6374552277491616
MKT-00931,Campaign 0931,2023-02-08 00:00:00+00:00,2023-05-01 00:00:00+00:00,461825,7877,0.0182,2133213.04,2023,2,1,2,8,0,0,82,58.629554398882824,4.619093899204244,0.16875,0.3254166666666667,2935005.225015562,2755334.291556837,0.0,0.0,0.0,0.0,0.0,1.0,1.0,0.0,0.0,-0.02627348079425679,0.2715723582677061,-1.4626706209473164,-0.38480860336175654,-0.8273475007628031
MKT-00932,Campaign 0932,2023-12-13 00:00:00+00:00,2024-01-01 00:00:00+00:00,566312,5401,0.0475,4580203.79,2023,12,4,2,13,0,0,19,104.8531753379004,8.087774565963638,0.16875,0.3254166666666667,2935005.225015562,2755334.291556837,0.0,0.0,0.0,0.0,0.0,1.0,1.0,0.0,0.0,0.38022818545937354,-0.2661722885893693,0.3406704046018177,1.006148528870548,0.9560275099700312
MKT-00933,Campaign 0933,2024-12-22 00:00:00+00:00,2025-03-10 00:00:00+00:00,761981,18687,0.0407,5253547.63,2024,12,4,6,22,0,0,78,40.775994006528606,6.894591374325606,0.17791666666666667,0.3254166666666667,2915925.030689836,2755334.291556837,0.0,0.0,0.0,1.0,0.0,0.0,1.0,0.0,0.0,1.1414690530714362,2.6193185749579264,-0.07785242726624077,1.3889012698413457,-1.5161640151232794
MKT-00934,Campaign 0934,2025-11-11 00:00:00+00:00,2025-11-28 00:00:00+00:00,829428,13999,0.0384,6867280.16,2025,11,4,1,11,0,0,17,59.24908922065862,8.279537416147031,0.17791666666666667,0.3254166666666667,2915925.030689836,2755334.291556837,0.0,0.0,0.0,1.0,0.0,0.0,1.0,0.0,0.0,1.4038683743631626,1.601165544075063,-0.21941162039808426,2.30620460338226,-0.8034449397563556
MKT-00935,Campaign 0935,2025-05-10 00:00:00+00:00,2025-07-12 00:00:00+00:00,355684,4739,0.0212,2724372.25,2025,5,2,5,10,0,0,63,75.05465288035451,7.6595299479313095,0.16791666666666666,0.4225,2855926.099785614,2841772.1179897054,1.0,0.0,0.0,0.0,0.0,0.0,0.0,1.0,0.0,-0.4392099547845769,-0.40994731129509787,-1.278028195123173,-0.04877254787837777,-0.19364313953746207
MKT-00936,Campaign 0936,2025-08-23 00:00:00+00:00,2025-10-17 00:00:00+00:00,752816,9595,0.056,5188889.66,2025,8,3,5,23,0,0,55,78.45919749869724,6.892639981084355,0.17791666666666667,0.4225,2915925.030689836,2841772.1179897054,0.0,0.0,0.0,1.0,0.0,0.0,0.0,1.0,0.0,1.1058130597783518,0.6446924322985847,0.8638239444368907,1.352147365263994,-0.062290820702735665
MKT-00937,Campaign 0937,2023-01-28 00:00:00+00:00,2023-04-07 00:00:00+00:00,200326,2210,0.0567,693123.59,2023,1,1,5,28,0,0,69,90.64524886877828,3.459978185557541,0.15958333333333333,0.4225,2694009.023235263,2841772.1179897054,0.0,0.0,0.0,0.0,1.0,0.0,0.0,1.0,0.0,-1.0436228086882349,-0.9592026472811818,0.9069071771291908,-1.2034069946838313,0.40786489300866724
MKT-00938,Campaign 0938,2024-09-10 00:00:00+00:00,2024-11-29 00:00:00+00:00,399340,6320,0.0146,2630544.5,2024,9,3,1,10,0,0,80,63.186708860759495,6.587230179796665,0.1675,0.4225,2698290.221362763,2841772.1179897054,0.0,1.0,0.0,0.0,0.0,0.0,0.0,1.0,0.0,-0.26936837887591375,-0.06658128274863735,-1.6842415319362884,-0.10210759953879357,-0.6515258056584207
MKT-00939,Campaign 0939,2024-03-19 00:00:00+00:00,2024-06-05 00:00:00+00:00,290851,5864,0.0324,1292349.89,2024,3,1,1,19,0,0,78,49.59942019099591,4.443340026336509,0.15958333333333333,0.4225,2694009.023235263,2841772.1179897054,0.0,0.0,0.0,0.0,1.0,0.0,0.0,1.0,0.0,-0.6914396343449204,-0.16561664582086127,-0.588696472046371,-0.8627853164833008,-1.1757433071223975
MKT-00940,Campaign 0940,2023-11-24 00:00:00+00:00,2024-02-07 00:00:00+00:00,369611,3026,0.0374,1884560.03,2023,11,4,4,24,0,0,75,122.14507600793127,5.0987660810960715,0.16791666666666666,0.2520833333333333,2855926.099785614,2828093.8678722903,1.0,0.0,0.0,0.0,0.0,0.0,0.0,0.0,1.0,-0.3850276286969841,-0.7819814712572022,-0.28095909567279836,-0.5261518747699262,1.6231743694445764
MKT-00941,Campaign 0941,2024-10-07 00:00:00+00:00,2024-12-06 00:00:00+00:00,178585,3933,0.0474,968977.39,2024,10,4,0,7,0,0,60,45.406814136791255,5.425861018562589,0.17791666666666667,0.3254166666666667,2915925.030689836,2755334.291556837,0.0,0.0,0.0,1.0,0.0,0.0,1.0,0.0,0.0,-1.1282051273117972,-0.5849966591815288,0.33451565707434605,-1.0466018205885128,-1.3375001906166633
MKT-00942,Campaign 0942,2023-03-21 00:00:00+00:00,2023-05-15 00:00:00+00:00,554218,15605,0.0443,4485927.65,2023,3,1,1,21,0,0,55,35.51541172701057,8.094157263026464,0.17791666666666667,0.4225,2915925.030689836,2841772.1179897054,0.0,0.0,0.0,1.0,0.0,0.0,0.0,1.0,0.0,0.33317705803039765,1.9499611429653956,0.14371848372273127,0.952558596284031,-1.719124985912943
MKT-00943,Campaign 0943,2023-11-30 00:00:00+00:00,2024-02-05 00:00:00+00:00,781432,9316,0.0409,6598512.68,2023,11,4,3,30,0,1,67,83.88063546586518,8.444129086088104,0.17791666666666667,0.2520833333333333,2915925.030689836,2828093.8678722903,0.0,0.0,0.0,1.0,0.0,0.0,0.0,0.0,1.0,1.217142236436825,0.584098427260974,-0.06554293221129794,2.1534275472294713,0.14687619816065117
MKT-00944,Campaign 0944,2023-10-19 00:00:00+00:00,2023-12-21 00:00:00+00:00,412658,8461,0.0498,3103652.48,2023,10,4,3,19,0,0,63,48.77177638577,7.5211251932593095,0.15958333333333333,0.3254166666666667,2694009.023235263,2755334.291556837,0.0,0.0,0.0,0.0,1.0,0.0,1.0,0.0,0.0,-0.2175553381037043,0.3984071215005543,0.48222959773366075,0.1668239111737085,-1.207675017577859
MKT-00945,Campaign 0945,2024-02-02 00:00:00+00:00,2024-03-27 00:00:00+00:00,290014,3069,0.0719,1174558.67,2024,2,1,4,2,0,0,54,94.49788204626914,4.050006792775521,0.17791666666666667,0.3254166666666667,2915925.030689836,2755334.291556837,0.0,0.0,0.0,1.0,0.0,0.0,1.0,0.0,0.0,-0.6946959427340433,-0.7726426102657424,1.842428801304851,-0.9297420622631304,0.5565051248789025
MKT-00946,Campaign 0946,2025-10-17 00:00:00+00:00,2026-01-15 00:00:00+00:00,265734,2821,0.0373,1438087.08,2025,10,4,4,17,0,0,90,94.1985111662531,5.411754160175213,0.17791666666666667,0.3254166666666667,2915925.030689836,2755334.291556837,0.0,0.0,0.0,1.0,0.0,0.0,1.0,0.0,0.0,-0.7891561191831532,-0.8265039480769519,-0.28711384320027,-0.7799430810306353,0.5449549577670255
MKT-00947,Campaign 0947,2024-12-23 00:00:00+00:00,2025-01-30 00:00:00+00:00,471751,5876,0.0585,1523497.29,2024,12,4,0,23,0,0,38,80.28437712729747,3.229452168622854,0.15833333333333333,0.4225,2745646.1699524573,2841772.1179897054,0.0,0.0,1.0,0.0,0.0,0.0,0.0,1.0,0.0,0.012343146530037472,-0.16301045205580275,1.017692632623677,-0.7313928604117143,0.008127283150239596
MKT-00948,Campaign 0948,2023-11-22 00:00:00+00:00,2024-02-19 00:00:00+00:00,120042,1837,0.0701,960240.73,2023,11,4,2,22,0,0,89,65.34676102340774,7.999206361106946,0.17791666666666667,0.3254166666666667,2915925.030689836,2755334.291556837,0.0,0.0,0.0,1.0,0.0,0.0,1.0,0.0,0.0,-1.3559638633027462,-1.040211836811751,1.7316433458103644,-1.0515680508608947,-0.5681878288731653
MKT-00949,Campaign 0949,2025-09-15 00:00:00+00:00,2025-11-24 00:00:00+00:00,216962,2236,0.0664,861833.64,2025,9,3,0,15,0,0,70,97.03130590339893,3.9722792009660677,0.15833333333333333,0.3254166666666667,2745646.1699524573,2755334.291556837,0.0,0.0,1.0,0.0,0.0,0.0,1.0,0.0,0.0,-0.9789012479218677,-0.953555894123555,1.5039176872939213,-1.1075061632945957,0.654248328604986
MKT-00950,Campaign 0950,2023-09-26 00:00:00+00:00,2023-12-26 00:00:00+00:00,299023,3386,0.0525,2042432.97,2023,9,3,1,26,0,0,91,88.31157708210277,6.830354086474953,0.1675,0.4225,2698290.221362763,2841772.1179897054,0.0,1.0,0.0,0.0,0.0,0.0,0.0,1.0,0.0,-0.6596468599650964,-0.7037956583054464,0.6484077809753899,-0.4364112446185933,0.31782841678582885
MKT-00951,Campaign 0951,2026-01-04 00:00:00+00:00,2026-02-06 00:00:00+00:00,557275,9276,0.0525,3440836.57,2026,1,1,6,4,0,0,33,60.07708063820613,6.174396070162846,0.1675,0.4225,2698290.221362763,2841772.1179897054,0.0,1.0,0.0,0.0,0.0,0.0,0.0,1.0,0.0,0.3450701700322481,0.575411114710779,0.6484077809753899,0.3584914174202111,-0.7714998179082949
MKT-00952,Campaign 0952,2023-03-07 00:00:00+00:00,2023-03-22 00:00:00+00:00,144966,3201,0.0489,669395.75,2023,3,1,1,7,0,0,15,45.28772258669166,4.617605162589848,0.1675,0.2520833333333333,2698290.221362763,2828093.8678722903,0.0,1.0,0.0,0.0,0.0,0.0,0.0,0.0,1.0,-1.2589982357155298,-0.7439744788500987,0.42683686998641784,-1.2168947482768788,-1.3420949170816725
MKT-00953,Campaign 0953,2025-11-02 00:00:00+00:00,2025-12-15 00:00:00+00:00,837070,17845,0.0691,5398000.0,2025,11,4,6,2,0,0,43,46.90781731577473,6.448684100493388,0.16875,0.4225,2935005.225015562,2841772.1179897054,0.0,0.0,0.0,0.0,0.0,1.0,0.0,1.0,0.0,1.4335992091417498,2.4364506457763198,1.67009587053565,1.4710131676159326,-1.2795892890894718
MKT-00954,Campaign 0954,2024-08-18 00:00:00+00:00,2024-10-20 00:00:00+00:00,74478,861,0.0358,364796.1,2024,8,3,6,18,0,0,63,86.50174216027875,4.898038346894385,0.15958333333333333,0.2520833333333333,2694009.023235263,2828093.8678722903,0.0,0.0,0.0,0.0,1.0,0.0,0.0,0.0,1.0,-1.5332284217758616,-1.252182263036511,-0.3794350561123418,-1.3900400924687044,0.24800233419937953
MKT-00955,Campaign 0955,2023-10-02 00:00:00+00:00,2023-12-28 00:00:00+00:00,726485,9578,0.036,3602143.18,2023,10,4,0,2,0,0,87,75.84934224263938,4.958317349979697,0.1675,0.4225,2698290.221362763,2841772.1179897054,0.0,1.0,0.0,0.0,0.0,0.0,0.0,1.0,0.0,1.0033735661176633,0.6410003244647519,-0.36712556105739896,0.45018386850761927,-0.1629828597670004
MKT-00956,Campaign 0956,2024-09-18 00:00:00+00:00,2024-11-29 00:00:00+00:00,825989,8614,0.0315,3255051.81,2024,9,3,2,18,0,0,72,95.88913396795914,3.940793170369097,0.16875,0.4225,2935005.225015562,2841772.1179897054,0.0,0.0,0.0,0.0,0.0,1.0,0.0,1.0,0.0,1.3904891096675904,0.43163609200505043,-0.6440891997936139,0.25288470967844023,0.6101816621205285
MKT-00957,Campaign 0957,2025-06-30 00:00:00+00:00,2025-08-01 00:00:00+00:00,892380,22844,0.081,5596218.19,2025,6,2,0,30,0,1,32,39.06408684993872,6.271115657007105,0.15833333333333333,0.4225,2745646.1699524573,2841772.1179897054,0.0,0.0,1.0,0.0,0.0,0.0,0.0,1.0,0.0,1.6487801135651545,3.52214753173695,2.4025108263047525,1.5836874820238145,-1.582211901068538
MKT-00958,Campaign 0958,2025-03-02 00:00:00+00:00,2025-03-24 00:00:00+00:00,613153,5008,0.0666,5042114.53,2025,3,1,6,2,0,0,22,122.43470447284345,8.223256723851959,0.16791666666666666,0.3254166666666667,2855926.099785614,2755334.291556837,1.0,0.0,0.0,0.0,0.0,0.0,1.0,0.0,0.0,0.5624608512358462,-0.35152513439503597,1.5162271823488644,1.2687151275623094,1.6343486599096773
MKT-00959,Campaign 0959,2026-02-09 00:00:00+00:00,2026-04-07 00:00:00+00:00,777850,9134,0.0323,3996559.47,2026,2,1,0,9,0,0,57,85.15984234727392,5.137956508324227,0.17791666666666667,0.3254166666666667,2915925.030689836,2755334.291556837,0.0,0.0,0.0,1.0,0.0,0.0,1.0,0.0,0.0,1.2032066370941268,0.5445711551575865,-0.5948512195738422,0.6743842058583449,0.1962298736087848
MKT-00960,Campaign 0960,2025-09-24 00:00:00+00:00,2025-11-05 00:00:00+00:00,887942,16416,0.0227,5708588.46,2025,9,3,2,24,0,0,42,54.090034113060426,6.4290105209574495,0.16791666666666666,0.3254166666666667,2855926.099785614,2755334.291556837,1.0,0.0,0.0,0.0,0.0,0.0,1.0,0.0,0.0,1.631514287243855,2.1260964049206006,-1.1857069822111013,1.6475627657809635,-1.0024888435219734
MKT-00961,Campaign 0961,2023-11-03 00:00:00+00:00,2023-12-15 00:00:00+00:00,287955,5401,0.0388,1528262.11,2023,11,4,4,3,0,0,42,53.315126828365116,5.307294924554184,0.17791666666666667,0.3254166666666667,2915925.030689836,2755334.291556837,0.0,0.0,0.0,1.0,0.0,0.0,1.0,0.0,0.0,-0.7027063835622442,-0.2661722885893693,-0.19479263028819818,-0.7286843661671801,-1.0323859017594412
MKT-00962,Campaign 0962,2023-05-01 00:00:00+00:00,2023-05-27 00:00:00+00:00,691607,6077,0.0431,3303266.21,2023,5,2,0,1,1,0,26,113.80730623662991,4.7762185894590425,0.17791666666666667,0.4225,2915925.030689836,2841772.1179897054,0.0,0.0,0.0,1.0,0.0,0.0,0.0,1.0,0.0,0.8676823785479741,-0.11935670649107247,0.06986151339307393,0.28029150047088647,1.3014909973219233
MKT-00963,Campaign 0963,2025-03-11 00:00:00+00:00,2025-05-07 00:00:00+00:00,104758,2463,0.0461,623748.56,2025,3,1,1,11,0,0,57,42.53268371904182,5.95418545600336,0.15958333333333333,0.2520833333333333,2694009.023235263,2828093.8678722903,0.0,0.0,0.0,0.0,1.0,0.0,0.0,0.0,1.0,-1.4154255328599206,-0.9042553954011979,0.25450393921721753,-1.2428422450121497,-1.4483883525666692
MKT-00964,Campaign 0964,2024-03-04 00:00:00+00:00,2024-04-17 00:00:00+00:00,676787,15152,0.0174,3125975.28,2024,3,1,0,4,0,0,44,44.66651267159451,4.618846520397112,0.15958333333333333,0.4225,2694009.023235263,2841772.1179897054,0.0,0.0,0.0,0.0,1.0,0.0,0.0,1.0,0.0,0.8100258787549013,1.8515773283344363,-1.5119086011670881,0.17951298973740762,-1.3660621056423716
MKT-00965,Campaign 0965,2024-10-11 00:00:00+00:00,2024-11-06 00:00:00+00:00,670680,6368,0.0302,4740951.98,2024,10,4,4,11,0,0,26,105.32035175879398,7.068873352418442,0.15958333333333333,0.3254166666666667,2694009.023235263,2755334.291556837,0.0,0.0,0.0,0.0,1.0,0.0,1.0,0.0,0.0,0.7862668879157451,-0.056156507688403266,-0.7241009176507427,1.0975235540413355,0.9740518606742822
MKT-00966,Campaign 0966,2024-12-08 00:00:00+00:00,2025-01-25 00:00:00+00:00,448691,3730,0.0614,3729166.16,2024,12,4,6,8,0,0,48,120.29249329758713,8.3112123042361,0.15958333333333333,0.3254166666666667,2694009.023235263,2755334.291556837,0.0,0.0,0.0,0.0,1.0,0.0,1.0,0.0,0.0,-0.07737067838415009,-0.6290847703737688,1.196180310920349,0.5223882771219147,1.551699014554007
MKT-00967,Campaign 0967,2023-04-12 00:00:00+00:00,2023-05-03 00:00:00+00:00,144617,1936,0.0518,802125.6,2023,4,2,2,12,0,0,21,74.69886363636364,5.546551235331946,0.1675,0.4225,2698290.221362763,2841772.1179897054,0.0,1.0,0.0,0.0,0.0,0.0,0.0,1.0,0.0,-1.2603560034906838,-1.018710738250018,0.6053245482830898,-1.1414463504774086,-0.20737000978109665
MKT-00968,Campaign 0968,2023-08-08 00:00:00+00:00,2023-09-04 00:00:00+00:00,576594,13190,0.0308,4026761.68,2023,8,3,1,8,0,0,27,43.7144806671721,6.983703749952307,0.15833333333333333,0.4225,2745646.1699524573,2841772.1179897054,0.0,0.0,1.0,0.0,0.0,0.0,0.0,1.0,0.0,0.42022981372336643,1.4254646477473676,-0.687172432485914,0.691552223109198,-1.402792895044283
MKT-00969,Campaign 0969,2025-08-28 00:00:00+00:00,2025-10-29 00:00:00+00:00,107242,1105,0.0575,490441.23,2025,8,3,3,28,0,0,62,97.05158371040724,4.573219727345629,0.15833333333333333,0.2520833333333333,2745646.1699524573,2828093.8678722903,0.0,0.0,1.0,0.0,0.0,0.0,0.0,0.0,1.0,-1.4057616498986525,-1.1991896564803208,0.9561451573489625,-1.3186189031144926,0.65503067610517
MKT-00970,Campaign 0970,2023-11-08 00:00:00+00:00,2023-12-30 00:00:00+00:00,104476,1756,0.0576,636532.07,2023,11,4,2,8,0,0,52,59.49658314350797,6.092615241778016,0.16875,0.2520833333333333,2935005.225015562,2828093.8678722903,0.0,0.0,0.0,0.0,0.0,1.0,0.0,0.0,1.0,-1.4165226403458617,-1.057803644725896,0.9622999048764337,-1.23557564034294,-0.7938962616486825
MKT-00971,Campaign 0971,2024-03-11 00:00:00+00:00,2024-04-01 00:00:00+00:00,523923,4350,0.0776,3418641.71,2024,3,1,0,11,0,0,21,120.44206896551724,6.5250842394779385,0.1675,0.2520833333333333,2698290.221362763,2828093.8678722903,0.0,1.0,0.0,0.0,0.0,0.0,0.0,0.0,1.0,0.21531581233328956,-0.494431425845745,2.1932494103707234,0.3458750645321189,1.5574698629423698
MKT-00972,Campaign 0972,2025-07-03 00:00:00+00:00,2025-07-31 00:00:00+00:00,617084,5314,0.0385,4871257.83,2025,7,3,3,3,0,0,28,116.1242002258186,7.89399470736561,0.15833333333333333,0.4225,2745646.1699524573,2841772.1179897054,0.0,0.0,1.0,0.0,0.0,0.0,0.0,1.0,0.0,0.5777542183536983,-0.28506719338604364,-0.21325687287061262,1.1715940634738262,1.3908801615392263
MKT-00973,Campaign 0973,2023-09-21 00:00:00+00:00,2023-10-08 00:00:00+00:00,372041,3259,0.0312,2627385.67,2023,9,3,3,21,0,0,17,114.158023933722,7.062086356073658,0.16875,0.2520833333333333,2935005.225015562,2828093.8678722903,0.0,0.0,0.0,0.0,0.0,1.0,0.0,0.0,1.0,-0.3755738301479175,-0.7313778756523158,-0.6625534423760283,-0.10390319158098232,1.3150221998566831
MKT-00974,Campaign 0974,2023-02-09 00:00:00+00:00,2023-05-05 00:00:00+00:00,597590,16949,0.0396,2891773.33,2023,2,1,3,9,0,0,85,35.25812732314591,4.839059104068006,0.15958333333333333,0.2520833333333333,2694009.023235263,2828093.8678722903,0.0,0.0,0.0,0.0,1.0,0.0,0.0,0.0,1.0,0.5019137455489641,2.24185484465195,-0.1455546500684265,0.046384218108330884,-1.7290513951206699
MKT-00975,Campaign 0975,2024-07-18 00:00:00+00:00,2024-09-03 00:00:00+00:00,610987,5109,0.0568,4624155.14,2024,7,3,3,18,0,0,47,119.59033078880407,7.568336380315784,0.15958333333333333,0.3254166666666667,2694009.023235263,2755334.291556837,0.0,0.0,0.0,0.0,1.0,0.0,1.0,0.0,0.0,0.5540341320353201,-0.3295896702057934,0.9130619246566625,1.0311320494472964,1.5246085563380825
MKT-00976,Campaign 0976,2025-10-24 00:00:00+00:00,2025-11-20 00:00:00+00:00,459224,4753,0.0219,3650437.41,2025,10,4,4,24,0,0,27,96.61771512728802,7.949143359232096,0.16791666666666666,0.4225,2855926.099785614,2841772.1179897054,1.0,0.0,0.0,0.0,0.0,0.0,0.0,1.0,0.0,-0.03639254664862807,-0.4069067519025296,-1.2349449624308728,0.47763603752957706,0.638291390576291
MKT-00977,Campaign 0977,2024-09-07 00:00:00+00:00,2024-10-17 00:00:00+00:00,552588,14036,0.0421,3466037.39,2024,9,3,5,7,0,0,40,39.36933599316045,6.272371803224102,0.16875,0.4225,2935005.225015562,2841772.1179897054,0.0,0.0,0.0,0.0,0.0,1.0,0.0,1.0,0.0,0.3268356211435752,1.6092013081839935,0.008314038118359405,0.3728164655705169,-1.5704349419508734
MKT-00978,Campaign 0978,2025-06-21 00:00:00+00:00,2025-08-13 00:00:00+00:00,610051,6121,0.0426,3897071.48,2025,6,2,5,21,0,0,53,99.66525077601699,6.388107682800291,0.15958333333333333,0.4225,2694009.023235263,2841772.1179897054,0.0,0.0,0.0,0.0,1.0,0.0,0.0,1.0,0.0,0.5503926688904945,-0.10980066268585788,0.03908777575571667,0.6178316711738732,0.755869780366025
MKT-00979,Campaign 0979,2024-09-25 00:00:00+00:00,2024-10-13 00:00:00+00:00,606610,5149,0.0633,4249633.67,2024,9,3,2,25,0,0,18,117.81122548067586,7.005545028931274,0.16791666666666666,0.4225,2855926.099785614,2841772.1179897054,1.0,0.0,0.0,0.0,0.0,0.0,0.0,1.0,0.0,0.5370056232907668,-0.3209023576555983,1.3131205139423061,0.8182406399188269,1.4559680672651072
MKT-00980,Campaign 0980,2024-01-09 00:00:00+00:00,2024-02-18 00:00:00+00:00,745633,11294,0.0334,4334882.78,2024,1,1,1,9,0,0,40,66.02027625287764,5.8136949142540635,0.1675,0.3254166666666667,2698290.221362763,2755334.291556837,0.0,1.0,0.0,0.0,0.0,0.0,1.0,0.0,0.0,1.077867942503477,1.0136860328681208,-0.5271489967716565,0.8666992855311803,-0.5422026246597341
MKT-00981,Campaign 0981,2025-09-27 00:00:00+00:00,2025-11-16 00:00:00+00:00,579124,6024,0.0397,3719442.85,2025,9,3,5,27,0,0,50,96.13612217795485,6.422532739102507,0.16791666666666666,0.2520833333333333,2855926.099785614,2828093.8678722903,1.0,0.0,0.0,0.0,0.0,0.0,0.0,0.0,1.0,0.43007265748021356,-0.13086739562008096,-0.1393999025409553,0.5168611996724369,0.619710829085468
MKT-00982,Campaign 0982,2024-02-03 00:00:00+00:00,2024-03-20 00:00:00+00:00,393318,6058,0.0504,2782786.03,2024,2,1,5,3,0,0,46,64.92538791680423,7.0751555484366335,0.15958333333333333,0.3254166666666667,2694009.023235263,2755334.291556837,0.0,0.0,0.0,0.0,1.0,0.0,1.0,0.0,0.0,-0.2927966812884566,-0.12348317995241513,0.5191580828984896,-0.01556806440754795,-0.5844450206129247
MKT-00983,Campaign 0983,2023-10-18 00:00:00+00:00,2024-01-16 00:00:00+00:00,200481,2132,0.0322,947082.93,2023,10,4,2,18,0,0,90,94.03424015009381,4.724053301809149,0.15958333333333333,0.3254166666666667,2694009.023235263,2755334.291556837,0.0,0.0,0.0,0.0,1.0,0.0,1.0,0.0,0.0,-1.043019788616175,-0.9761429067540622,-0.6010059671013138,-1.0590474153637994,0.5386171413161538
MKT-00984,Campaign 0984,2023-10-07 00:00:00+00:00,2023-11-20 00:00:00+00:00,312763,3794,0.0293,1146442.89,2023,10,4,5,7,0,0,44,82.43621507643648,3.665532335986034,0.1675,0.2520833333333333,2698290.221362763,2828093.8678722903,0.0,1.0,0.0,0.0,0.0,0.0,0.0,0.0,1.0,-0.6061920484160532,-0.6151850702934566,-0.7794936453979858,-0.9457240780183082,0.09114834354496557
MKT-00985,Campaign 0985,2023-10-17 00:00:00+00:00,2023-11-14 00:00:00+00:00,439883,9433,0.072,2178164.19,2023,10,4,1,17,0,0,28,46.63235450015902,4.9516898584396305,0.16791666666666666,0.2520833333333333,2855926.099785614,2828093.8678722903,1.0,0.0,0.0,0.0,0.0,0.0,0.0,0.0,1.0,-0.11163778028545815,0.6095088164702948,1.848583548832322,-0.3592567606772086,-1.2902170480528659
MKT-00986,Campaign 0986,2023-01-09 00:00:00+00:00,2023-04-09 00:00:00+00:00,282895,7930,0.0509,1535294.19,2023,1,1,0,9,0,0,90,35.67402269861286,5.427081390621962,0.1675,0.2520833333333333,2698290.221362763,2828093.8678722903,0.0,1.0,0.0,0.0,0.0,0.0,0.0,0.0,1.0,-0.7223920710759385,0.2830830473967146,0.5499318205358469,-0.7246870801821685,-1.713005542272715
MKT-00987,Campaign 0987,2025-09-27 00:00:00+00:00,2025-12-25 00:00:00+00:00,23931,230,0.0614,196258.59,2025,9,3,5,27,0,0,89,104.04782608695652,8.20101918014291,0.17791666666666667,0.2520833333333333,2915925.030689836,2828093.8678722903,0.0,0.0,0.0,1.0,0.0,0.0,0.0,0.0,1.0,-1.7298791029526803,-1.3892246185158383,1.196180310920349,-1.485842845945878,0.9249559560789905
MKT-00988,Campaign 0988,2025-03-23 00:00:00+00:00,2025-05-27 00:00:00+00:00,807588,14695,0.0536,6686651.21,2025,3,1,6,23,0,0,65,54.956651922422594,8.279780296388752,0.15833333333333333,0.3254166666666667,2745646.1699524573,2755334.291556837,0.0,0.0,1.0,0.0,0.0,0.0,1.0,0.0,0.0,1.3189009009838972,1.7523247824484574,0.716110003777576,2.2035286425964937,-0.9690534588922947
MKT-00989,Campaign 0989,2023-03-20 00:00:00+00:00,2023-06-05 00:00:00+00:00,655300,9122,0.0401,4364168.38,2023,3,1,0,20,0,0,77,71.83731637798728,6.659802197466809,0.15958333333333333,0.4225,2694009.023235263,2841772.1179897054,0.0,0.0,0.0,0.0,1.0,0.0,0.0,1.0,0.0,0.7264317349591013,0.5419649613925279,-0.11478091243106965,0.8833462688480161,-0.31777269500889566
MKT-00990,Campaign 0990,2025-07-03 00:00:00+00:00,2025-07-20 00:00:00+00:00,890129,7710,0.0323,3327741.92,2025,7,3,3,3,0,0,17,115.45123216601816,3.7384939935672246,0.16791666666666666,0.3254166666666667,2855926.099785614,2755334.291556837,1.0,0.0,0.0,0.0,0.0,0.0,1.0,0.0,0.0,1.640022705938015,0.23530282837064165,-0.5948512195738422,0.29420437014190975,1.3649160679332144
MKT-00991,Campaign 0991,2025-06-29 00:00:00+00:00,2025-08-28 00:00:00+00:00,818198,7359,0.033,3255827.38,2025,6,2,6,29,0,0,60,111.18331295012909,3.9792658745193705,0.15958333333333333,0.4225,2694009.023235263,2841772.1179897054,0.0,0.0,0.0,0.0,1.0,0.0,0.0,1.0,0.0,1.3601785975294103,0.15907166074267984,-0.5517679868815422,0.2533255714279361,1.20025349233178
MKT-00992,Campaign 0992,2023-07-30 00:00:00+00:00,2023-10-17 00:00:00+00:00,744229,8056,0.0302,2390370.91,2023,7,3,6,30,0,0,79,92.38195134061569,3.211875524872049,0.17791666666666667,0.4225,2915925.030689836,2841772.1179897054,0.0,0.0,0.0,1.0,0.0,0.0,0.0,1.0,0.0,1.0724057477862385,0.3104480819298291,-0.7241009176507427,-0.23863086509847625,0.47486941853986414
MKT-00993,Campaign 0993,2023-11-10 00:00:00+00:00,2023-11-24 00:00:00+00:00,875501,14612,0.0303,4990069.82,2023,11,4,4,10,0,0,14,59.9165754174651,5.699673466963487,0.15958333333333333,0.2520833333333333,2694009.023235263,2828093.8678722903,0.0,0.0,0.0,0.0,1.0,0.0,0.0,0.0,1.0,1.5831131729438808,1.7342986089068027,-0.7179461701232712,1.2391310514600757,-0.7776923444552599
MKT-00994,Campaign 0994,2024-04-03 00:00:00+00:00,2024-05-29 00:00:00+00:00,642776,13909,0.0295,4480691.21,2024,4,2,2,3,0,0,56,46.21295564023294,6.970843979862347,0.17791666666666667,0.2520833333333333,2915925.030689836,2828093.8678722903,0.0,0.0,0.0,1.0,0.0,0.0,0.0,0.0,1.0,0.6777077131366692,1.5816190908371242,-0.767184150343043,0.9495820163498784,-1.3063980704636535
MKT-00995,Campaign 0995,2024-12-13 00:00:00+00:00,2025-01-08 00:00:00+00:00,900330,17618,0.0545,7616221.14,2024,12,4,4,13,0,0,26,51.10284935861051,8.459366165739228,0.16791666666666666,0.4225,2855926.099785614,2841772.1179897054,1.0,0.0,0.0,0.0,0.0,0.0,0.0,1.0,0.0,1.6797092075837057,2.387150147053963,0.771502731524819,2.7319294647255448,-1.1177388073998853
MKT-00996,Campaign 0996,2024-06-06 00:00:00+00:00,2024-06-29 00:00:00+00:00,776591,6449,0.0266,3461696.01,2024,6,2,3,6,0,0,23,120.42037525197705,4.457553602861738,0.16791666666666666,0.4225,2855926.099785614,2841772.1179897054,1.0,0.0,0.0,0.0,0.0,0.0,0.0,1.0,0.0,1.19830855792817,-0.03856469977425823,-0.9456718286397149,0.37034866977899983,1.556632887693966
MKT-00997,Campaign 0997,2023-10-24 00:00:00+00:00,2023-12-28 00:00:00+00:00,514307,5604,0.0643,2039806.98,2023,10,4,1,24,0,0,65,91.77498215560314,3.966127196402149,0.17791666666666667,0.4225,2915925.030689836,2841772.1179897054,0.0,0.0,0.0,1.0,0.0,0.0,0.0,1.0,0.0,0.1779052251531149,-0.2220841773971293,1.3746679892170206,-0.4379039513317963,0.45145165820766686
MKT-00998,Campaign 0998,2023-04-13 00:00:00+00:00,2023-06-02 00:00:00+00:00,708430,9811,0.0541,3332724.75,2023,4,2,3,13,0,0,50,72.20772602181225,4.704381166805471,0.15958333333333333,0.4225,2694009.023235263,2841772.1179897054,0.0,0.0,0.0,0.0,1.0,0.0,0.0,1.0,0.0,0.9331314538528908,0.6916039200696382,0.7468837414149333,0.29703678907410275,-0.30348174832162944
MKT-00999,Campaign 0999,2025-12-18 00:00:00+00:00,2026-02-03 00:00:00+00:00,504710,4205,0.0528,3150848.51,2025,12,4,3,18,0,0,47,120.02615933412604,6.242889005567553,0.15958333333333333,0.3254166666666667,2694009.023235263,2755334.291556837,0.0,0.0,0.0,0.0,1.0,0.0,1.0,0.0,0.0,0.14056855656241854,-0.5259229338402022,0.6668720235578043,0.1936518240056428,1.5414234600799737
MKT-01000,Campaign 1000,2023-11-30 00:00:00+00:00,2023-12-24 00:00:00+00:00,288732,3480,0.0458,984227.05,2023,11,4,3,30,0,1,24,82.96896551724137,3.4087910242023747,0.17791666666666667,0.4225,2915925.030689836,2841772.1179897054,0.0,0.0,0.0,1.0,0.0,0.0,0.0,1.0,0.0,-0.6996835022977896,-0.683380473812488,0.23603969663480306,-1.0379333679835663,0.11170263599950506
MKT-01001,Campaign 1001,2025-06-24 00:00:00+00:00,2025-08-02 00:00:00+00:00,130914,1837,0.0487,1026947.48,2025,6,2,1,24,0,0,39,71.2651061513337,7.844443527812151,0.1675,0.3254166666666667,2698290.221362763,2755334.291556837,0.0,1.0,0.0,0.0,0.0,0.0,1.0,0.0,0.0,-1.3136668683128483,-1.040211836811751,0.414527374931475,-1.013649546395548,-0.3398494038077598
MKT-01002,Campaign 1002,2023-11-29 00:00:00+00:00,2024-01-25 00:00:00+00:00,256083,5526,0.0352,1704742.64,2023,11,4,2,29,0,0,57,46.341476655808904,6.656992615675386,0.15958333333333333,0.3254166666666667,2694009.023235263,2755334.291556837,0.0,0.0,0.0,0.0,1.0,0.0,1.0,0.0,0.0,-0.8267028721860511,-0.23902443687000968,-0.41636354127717023,-0.6283665158019358,-1.30143954140695
MKT-01003,Campaign 1003,2026-01-22 00:00:00+00:00,2026-03-09 00:00:00+00:00,733573,17215,0.0285,5494928.18,2026,1,1,3,22,0,0,46,42.61243101945978,7.4906358058434535,0.16875,0.2520833333333333,2935005.225015562,2828093.8678722903,0.0,0.0,0.0,0.0,0.0,1.0,0.0,0.0,1.0,1.0309490904451466,2.2996254731107473,-0.8287316256177573,1.5261106146681114,-1.445311584891406
MKT-01004,Campaign 1004,2025-09-12 00:00:00+00:00,2025-10-24 00:00:00+00:00,804017,8438,0.0349,6862973.48,2025,9,3,4,12,0,0,42,95.28525716994548,8.535856182145404,0.15833333333333333,0.3254166666666667,2745646.1699524573,2755334.291556837,0.0,0.0,1.0,0.0,0.0,0.0,1.0,0.0,0.0,1.305008096614055,0.39341191678419213,-0.4348277838595847,2.303756532312828,0.5868832106089147
MKT-01005,Campaign 1005,2023-09-14 00:00:00+00:00,2023-12-12 00:00:00+00:00,919546,23004,0.021,6687288.42,2023,9,3,3,14,0,0,89,39.973308989740914,7.272380522562221,0.15958333333333333,0.4225,2694009.023235263,2841772.1179897054,0.0,0.0,0.0,0.0,1.0,0.0,0.0,1.0,0.0,1.7544681347108102,3.55689678193773,-1.2903376901781158,2.2038908555693992,-1.5471327789576268
MKT-01006,Campaign 1006,2023-05-03 00:00:00+00:00,2023-05-22 00:00:00+00:00,791883,18683,0.0493,6125193.14,2023,5,2,2,3,0,0,19,42.38521650698496,7.73497238859781,0.17791666666666667,0.4225,2915925.030689836,2841772.1179897054,0.0,0.0,0.0,1.0,0.0,0.0,0.0,1.0,0.0,1.2578013511019668,2.6184498437029067,0.4514558600963035,1.8843757782401878,-1.4540778536386774
MKT-01007,Campaign 1007,2025-04-28 00:00:00+00:00,2025-06-13 00:00:00+00:00,117173,964,0.026,804295.18,2025,4,2,0,28,0,0,46,121.54875518672199,6.864168195744754,0.17791666666666667,0.4225,2915925.030689836,2841772.1179897054,0.0,0.0,0.0,1.0,0.0,0.0,0.0,1.0,0.0,-1.3671255703139693,-1.2298124332197584,-0.9826003138045436,-1.1402130835453825,1.6001674385871405
MKT-01008,Campaign 1008,2023-09-30 00:00:00+00:00,2023-12-03 00:00:00+00:00,275640,3118,0.0524,1307730.2,2023,9,3,5,30,0,1,64,88.40282232200128,4.744341169641562,0.15833333333333333,0.2520833333333333,2745646.1699524573,2828093.8678722903,0.0,0.0,1.0,0.0,0.0,0.0,0.0,0.0,1.0,-0.7506173009004151,-0.7620006523917535,0.6422530334479187,-0.8540425977417428,0.3213487918100618
MKT-01009,Campaign 1009,2024-11-16 00:00:00+00:00,2025-01-14 00:00:00+00:00,592272,5128,0.0529,2595810.27,2024,11,4,5,16,0,0,59,115.49765990639625,4.382800925925926,0.15833333333333333,0.2520833333333333,2745646.1699524573,2828093.8678722903,0.0,0.0,1.0,0.0,0.0,0.0,0.0,0.0,1.0,0.48122432139919613,-0.32546319674445073,0.673026771085276,-0.12185177918111435,1.36670731817093
MKT-01010,Campaign 1010,2024-06-06 00:00:00+00:00,2024-07-08 00:00:00+00:00,263924,5252,0.0462,2291322.86,2024,6,2,3,6,0,0,32,50.25209444021325,8.681752549976508,0.15958333333333333,0.3254166666666667,2694009.023235263,2755334.291556837,0.0,0.0,0.0,0.0,1.0,0.0,1.0,0.0,0.0,-0.7961978374439806,-0.298532527838846,0.26065868674468873,-0.294933322139314,-1.1505621784579292
MKT-01011,Campaign 1011,2024-07-18 00:00:00+00:00,2024-09-14 00:00:00+00:00,234555,1946,0.0339,1292028.44,2024,7,3,3,18,0,0,58,120.53186022610483,5.508424207541941,0.1675,0.4225,2698290.221362763,2841772.1179897054,0.0,1.0,0.0,0.0,0.0,0.0,0.0,1.0,0.0,-0.9104565245170411,-1.0165389101124693,-0.4963752591342992,-0.8629680401695902,1.5609341413147926
MKT-01012,Campaign 1012,2023-06-09 00:00:00+00:00,2023-08-21 00:00:00+00:00,888135,9005,0.0285,5361974.21,2023,6,2,4,9,0,0,73,98.62687395891172,6.037341406430329,0.16875,0.3254166666666667,2935005.225015562,2755334.291556837,0.0,0.0,0.0,0.0,0.0,1.0,1.0,0.0,0.0,1.6322651444948715,0.5165545721832073,-0.8287316256177573,1.4505348190382752,0.7158076816007005
MKT-01013,Campaign 1013,2023-04-08 00:00:00+00:00,2023-05-31 00:00:00+00:00,743078,11720,0.0304,3232907.31,2023,4,2,5,8,0,0,53,63.40255972696246,4.350697113896523,0.15833333333333333,0.2520833333333333,2745646.1699524573,2828093.8678722903,0.0,0.0,1.0,0.0,0.0,0.0,0.0,0.0,1.0,1.0679278374446848,1.1062059115276983,-0.7117914225957999,0.24029698321698212,-0.6431979630313956
MKT-01014,Campaign 1014,2023-08-21 00:00:00+00:00,2023-11-13 00:00:00+00:00,537114,4610,0.0272,2070891.99,2023,8,3,0,21,0,0,84,116.51062906724512,3.8555911594186707,0.16791666666666666,0.3254166666666667,2855926.099785614,2755334.291556837,1.0,0.0,0.0,0.0,0.0,0.0,1.0,0.0,0.0,0.26663476569161776,-0.437963894269477,-0.9087433434748863,-0.4202341189611539,1.4057891523371495
MKT-01015,Campaign 1015,2024-10-29 00:00:00+00:00,2025-01-04 00:00:00+00:00,114660,2581,0.0418,654764.41,2024,10,4,1,29,0,0,67,44.424641611778384,5.7104867434153155,0.16791666666666666,0.2520833333333333,2855926.099785614,2828093.8678722903,1.0,0.0,0.0,0.0,0.0,0.0,0.0,0.0,1.0,-1.3769022763854937,-0.8786278233781224,-0.010150204464055039,-1.2252117256610866,-1.375393845457057
MKT-01016,Campaign 1016,2026-01-03 00:00:00+00:00,2026-02-04 00:00:00+00:00,699960,6058,0.0402,4726865.64,2026,1,1,5,3,0,0,32,115.54308352591615,6.753051088633636,0.16791666666666666,0.2520833333333333,2855926.099785614,2828093.8678722903,1.0,0.0,0.0,0.0,0.0,0.0,0.0,0.0,1.0,0.9001793247538808,-0.12348317995241513,-0.10862616490359803,1.0895163741653797,1.3684598279549576
MKT-01017,Campaign 1017,2023-10-28 00:00:00+00:00,2023-12-31 00:00:00+00:00,534077,5652,0.0725,4320440.2,2023,10,4,5,28,0,0,64,94.49345364472752,8.08954551497256,0.1675,0.2520833333333333,2698290.221362763,2828093.8678722903,0.0,1.0,0.0,0.0,0.0,0.0,0.0,0.0,1.0,0.2548194627313234,-0.21165940233689517,1.8793572864696793,0.8584896060876287,0.5563342706600772
MKT-01018,Campaign 1018,2025-09-25 00:00:00+00:00,2025-11-01 00:00:00+00:00,54821,678,0.0717,276452.57,2025,9,3,3,25,0,0,37,80.85693215339234,5.042822458546907,0.17791666666666667,0.4225,2915925.030689836,2841772.1179897054,0.0,0.0,0.0,1.0,0.0,0.0,0.0,1.0,0.0,-1.609703038269278,-1.2919267179536533,1.830119306249908,-1.4402577171736932,0.03021729481665931
MKT-01019,Campaign 1019,2024-10-26 00:00:00+00:00,2024-11-28 00:00:00+00:00,668303,5849,0.0664,3643871.78,2024,10,4,5,26,0,0,33,114.25936057445718,5.452424693589584,0.1675,0.4225,2698290.221362763,2841772.1179897054,0.0,1.0,0.0,0.0,0.0,0.0,0.0,1.0,0.0,0.7770192833268021,-0.1688743880271844,1.5039176872939213,0.4739038984211236,1.3189319159085071
MKT-01020,Campaign 1020,2023-05-27 00:00:00+00:00,2023-06-13 00:00:00+00:00,477173,13171,0.0388,3852879.2,2023,5,2,5,27,0,0,17,36.22906385240301,8.074386438461524,0.16875,0.4225,2935005.225015562,2841772.1179897054,0.0,0.0,0.0,0.0,0.0,1.0,0.0,1.0,0.0,0.033437177695897186,1.421338174286025,-0.19479263028819818,0.5927111973610454,-1.6915912414566114
MKT-01021,Campaign 1021,2024-12-14 00:00:00+00:00,2025-02-24 00:00:00+00:00,575647,6766,0.0194,4126026.07,2024,12,4,5,14,0,0,72,85.07936742536211,7.167632368448024,0.17791666666666667,0.3254166666666667,2915925.030689836,2755334.291556837,0.0,0.0,0.0,1.0,0.0,0.0,1.0,0.0,0.0,0.41654555560568496,0.030282252186037778,-1.388813650617659,0.7479776555499166,0.19312503323036556
MKT-01022,Campaign 1022,2023-11-09 00:00:00+00:00,2023-12-30 00:00:00+00:00,381453,4725,0.045,1826017.65,2023,11,4,3,9,0,0,51,80.73079365079366,4.787005607506036,0.16875,0.3254166666666667,2935005.225015562,2755334.291556837,0.0,0.0,0.0,0.0,0.0,1.0,1.0,0.0,0.0,-0.3389568951916151,-0.4129878706876662,0.18680171641503135,-0.5594294590839879,0.025350686600861608
MKT-01023,Campaign 1023,2024-08-08 00:00:00+00:00,2024-10-25 00:00:00+00:00,490225,10011,0.038,4083004.06,2024,8,3,3,8,0,0,78,48.96863450204775,8.328836881024019,0.15833333333333333,0.2520833333333333,2745646.1699524573,2828093.8678722903,0.0,0.0,1.0,0.0,0.0,0.0,0.0,0.0,1.0,0.08421535821541046,0.7350404828206136,-0.2440306105079699,0.7235224050948549,-1.2000799430662183
MKT-01024,Campaign 1024,2025-09-27 00:00:00+00:00,2025-12-15 00:00:00+00:00,256991,4403,0.0426,891257.27,2025,9,3,5,27,0,0,79,58.36724960254372,3.468048569794273,0.15958333333333333,0.4225,2694009.023235263,2841772.1179897054,0.0,0.0,0.0,0.0,1.0,0.0,0.0,1.0,0.0,-0.823170341699404,-0.4829207367167366,0.03908777575571667,-1.0907807187849814,-0.8374676040667755
MKT-01025,Campaign 1025,2025-08-27 00:00:00+00:00,2025-10-01 00:00:00+00:00,319758,6200,0.0489,2176054.21,2025,8,3,2,27,0,0,35,51.57387096774193,6.805315926419355,0.15833333333333333,0.2520833333333333,2745646.1699524573,2828093.8678722903,0.0,0.0,1.0,0.0,0.0,0.0,0.0,0.0,1.0,-0.5789783361318059,-0.0926432203992226,0.42683686998641784,-0.3604561488358551,-1.0995661037004423
MKT-01026,Campaign 1026,2024-02-08 00:00:00+00:00,2024-03-01 00:00:00+00:00,305968,5351,0.0533,2645004.06,2024,2,1,3,8,0,0,22,57.17959259951411,8.644708139413272,0.1675,0.3254166666666667,2698290.221362763,2755334.291556837,0.0,1.0,0.0,0.0,0.0,0.0,1.0,0.0,0.0,-0.6326276702847394,-0.27703142927711316,0.6976457611951616,-0.09388826805544366,-0.8832891510918165
MKT-01027,Campaign 1027,2023-11-22 00:00:00+00:00,2024-01-31 00:00:00+00:00,187564,1907,0.0136,662024.16,2023,11,4,2,22,0,0,70,98.35553224960671,3.529590753022968,0.15958333333333333,0.3254166666666667,2694009.023235263,2755334.291556837,0.0,0.0,0.0,0.0,1.0,0.0,1.0,0.0,0.0,-1.0932727581051844,-1.0250090398489096,-1.745789007211003,-1.2210850238986368,0.7053389209559537
MKT-01028,Campaign 1028,2024-05-23 00:00:00+00:00,2024-06-19 00:00:00+00:00,787354,6461,0.0627,4956647.65,2024,5,2,3,23,0,0,27,121.86255997523604,6.295322878908344,0.1675,0.4225,2698290.221362763,2841772.1179897054,0.0,1.0,0.0,0.0,0.0,0.0,0.0,1.0,0.0,1.2401814936415871,-0.035958506009199705,1.276192028777478,1.2201326936868881,1.6122744870337036
MKT-01029,Campaign 1029,2024-12-04 00:00:00+00:00,2025-02-09 00:00:00+00:00,287977,3080,0.0573,1515882.03,2024,12,4,2,4,0,0,67,93.49902597402597,5.2638996517082965,0.16791666666666666,0.3254166666666667,2855926.099785614,2755334.291556837,1.0,0.0,0.0,0.0,0.0,0.0,1.0,0.0,0.0,-0.7026207936165325,-0.7702535993144388,0.9438356622940193,-0.7357216467836298,0.5179677943459413
MKT-01030,Campaign 1030,2023-07-29 00:00:00+00:00,2023-10-09 00:00:00+00:00,35498,419,0.0328,195471.95,2023,7,3,5,29,0,0,72,84.72076372315036,5.506562341540369,0.16875,0.4225,2935005.225015562,2841772.1179897054,0.0,0.0,0.0,0.0,0.0,1.0,0.0,1.0,0.0,-1.6848782437687078,-1.3481770667161666,-0.5640774819364849,-1.4862900002796238,0.1792895770655524
MKT-01031,Campaign 1031,2025-10-27 00:00:00+00:00,2026-01-03 00:00:00+00:00,406680,5127,0.0562,1843938.66,2025,10,4,0,27,0,0,68,79.32124049151551,4.534126733549719,0.1675,0.3254166666666667,2698290.221362763,2755334.291556837,0.0,1.0,0.0,0.0,0.0,0.0,1.0,0.0,0.0,-0.2408124606248237,-0.3256803795582056,0.8761334394918335,-0.5492425155181789,-0.0290319391971595
MKT-01032,Campaign 1032,2024-09-20 00:00:00+00:00,2024-11-22 00:00:00+00:00,647433,13603,0.038,5356774.07,2024,9,3,4,20,0,0,63,47.59486877894582,8.273866284233273,0.15833333333333333,0.4225,2745646.1699524573,2841772.1179897054,0.0,0.0,1.0,0.0,0.0,0.0,0.0,1.0,0.0,0.6958255484630079,1.5151611498281317,-0.2440306105079699,1.44757887332348,-1.2530818371500565
MKT-01033,Campaign 1033,2023-09-21 00:00:00+00:00,2023-10-22 00:00:00+00:00,672507,6559,0.0426,2751873.25,2023,9,3,3,21,0,0,31,102.53194084464096,4.091962239798248,0.15958333333333333,0.3254166666666667,2694009.023235263,2755334.291556837,0.0,0.0,0.0,0.0,1.0,0.0,1.0,0.0,0.0,0.7933747438618951,-0.014674590261221757,0.03908777575571667,-0.033139995081224526,0.8664708827470934
MKT-01034,Campaign 1034,2023-06-16 00:00:00+00:00,2023-07-15 00:00:00+00:00,478047,4083,0.0396,1750016.49,2023,6,2,4,16,0,0,29,117.08229243203527,3.660762414574299,0.16875,0.4225,2935005.225015562,2841772.1179897054,0.0,0.0,0.0,0.0,0.0,1.0,0.0,1.0,0.0,0.03683743281189891,-0.5524192371182972,-0.1455546500684265,-0.6026312388863547,1.4278447624042019
MKT-01035,Campaign 1035,2024-12-12 00:00:00+00:00,2025-02-15 00:00:00+00:00,29480,429,0.0304,110850.7,2024,12,4,3,12,0,0,65,68.71794871794872,3.7602001356852104,0.16875,0.4225,2935005.225015562,2841772.1179897054,0.0,0.0,0.0,0.0,0.0,1.0,0.0,1.0,0.0,-1.7082909843729392,-1.3460052385786176,-0.7117914225957999,-1.5343917477937543,-0.4381224690246559
MKT-01036,Campaign 1036,2024-08-25 00:00:00+00:00,2024-09-21 00:00:00+00:00,357030,7852,0.0219,1222944.17,2024,8,3,6,25,0,0,27,45.46994396332145,3.4253260790409765,0.15958333333333333,0.4225,2694009.023235263,2841772.1179897054,0.0,0.0,0.0,0.0,1.0,0.0,0.0,1.0,0.0,-0.43397340628785114,0.26614278792383417,-1.2349449624308728,-0.9022380121061666,-1.335064549427619
MKT-01037,Campaign 1037,2023-09-24 00:00:00+00:00,2023-11-13 00:00:00+00:00,616726,6303,0.0857,3939527.01,2023,9,3,6,24,0,0,50,97.84642233856894,6.3878075677042965,0.1675,0.2520833333333333,2698290.221362763,2828093.8678722903,0.0,1.0,0.0,0.0,0.0,0.0,0.0,0.0,1.0,0.5763614365098441,-0.07027339058247027,2.6917839600959104,0.6419649141198067,0.6856967147718255
MKT-01038,Campaign 1038,2025-11-22 00:00:00+00:00,2025-12-11 00:00:00+00:00,824765,8075,0.0521,3811827.43,2025,11,4,5,22,0,0,19,102.13808049535604,4.621713372900159,0.1675,0.4225,2698290.221362763,2841772.1179897054,0.0,1.0,0.0,0.0,0.0,0.0,0.0,1.0,0.0,1.385727196324357,0.31457455539117174,0.6237887908655042,0.5693759018466426,0.8512751734892682
MKT-01039,Campaign 1039,2024-11-16 00:00:00+00:00,2024-12-19 00:00:00+00:00,603978,12644,0.0442,4978181.6,2024,11,4,5,16,0,0,33,47.76795317937361,8.242322733609502,0.16875,0.4225,2935005.225015562,2841772.1179897054,0.0,0.0,0.0,0.0,0.0,1.0,0.0,1.0,0.0,0.5267659534219836,1.3068828314372047,0.13756373619526008,1.232373361673734,-1.2464039874230126
MKT-01040,Campaign 1040,2024-07-02 00:00:00+00:00,2024-07-17 00:00:00+00:00,703075,12394,0.071,5308370.04,2024,7,3,1,2,0,0,15,56.72704534452154,7.550218739110337,0.17791666666666667,0.4225,2915925.030689836,2841772.1179897054,0.0,0.0,0.0,1.0,0.0,0.0,0.0,1.0,0.0,0.912298082976244,1.2525871279984855,1.7870360735576074,1.4200642900512355,-0.9007490871447326
MKT-01041,Campaign 1041,2023-11-29 00:00:00+00:00,2024-01-04 00:00:00+00:00,829398,12643,0.0151,5488527.14,2023,11,4,2,29,0,0,36,65.60136043660523,6.617482969575523,0.15833333333333333,0.4225,2745646.1699524573,2841772.1179897054,0.0,0.0,1.0,0.0,0.0,0.0,0.0,1.0,0.0,1.4037516608008282,1.3066656486234498,-1.653467794298931,1.5224720344071503,-0.5583650105387324
MKT-01042,Campaign 1042,2025-08-02 00:00:00+00:00,2025-09-17 00:00:00+00:00,563648,8791,0.0381,2656029.7,2025,8,3,5,2,0,0,46,64.11648276646571,4.712213473657318,0.16875,0.2520833333333333,2935005.225015562,2828093.8678722903,0.0,0.0,0.0,0.0,0.0,1.0,0.0,0.0,1.0,0.3698640211241005,0.47007745003966367,-0.2378758629804983,-0.08762089961711754,-0.6156537663117955
MKT-01043,Campaign 1043,2025-09-26 00:00:00+00:00,2025-10-17 00:00:00+00:00,493076,8243,0.0321,4233089.25,2025,9,3,4,26,0,0,21,59.81754215698168,8.585064472819607,0.16875,0.3254166666666667,2935005.225015562,2755334.291556837,0.0,0.0,0.0,0.0,0.0,1.0,1.0,0.0,0.0,0.09530703708923303,0.3510612681019911,-0.6071607146287854,0.8088361993839999,-0.7815131927226538
MKT-01044,Campaign 1044,2024-10-22 00:00:00+00:00,2024-11-13 00:00:00+00:00,394728,4497,0.0341,1631983.41,2024,10,4,1,22,0,0,22,87.7758505670447,4.1344505836930745,0.15833333333333333,0.4225,2745646.1699524573,2841772.1179897054,0.0,0.0,1.0,0.0,0.0,0.0,0.0,1.0,0.0,-0.2873111438587513,-0.4625055522237781,-0.48406576407935636,-0.6697254665475529,0.2971593030268266
MKT-01045,Campaign 1045,2025-12-24 00:00:00+00:00,2026-03-06 00:00:00+00:00,336025,3010,0.0425,2827442.29,2025,12,4,2,24,0,0,72,111.63621262458472,8.414380745480248,0.16875,0.3254166666666667,2935005.225015562,2755334.291556837,0.0,0.0,0.0,0.0,0.0,1.0,1.0,0.0,0.0,-0.515692352182149,-0.7854563962772801,0.032933028228245474,0.009816152245424894,1.2177270252438548
MKT-01046,Campaign 1046,2024-02-27 00:00:00+00:00,2024-04-03 00:00:00+00:00,842753,9598,0.035,4233990.83,2024,2,1,1,27,0,0,36,87.80506355490728,5.0239997128458755,0.15958333333333333,0.3254166666666667,2694009.023235263,2755334.291556837,0.0,0.0,0.0,0.0,1.0,0.0,1.0,0.0,0.0,1.4557086482999166,0.6453439807398494,-0.42867303633211307,0.8093486897280185,0.29828638289388626
MKT-01047,Campaign 1047,2023-03-08 00:00:00+00:00,2023-04-25 00:00:00+00:00,126333,2554,0.0135,902479.5,2023,3,1,2,8,0,0,48,49.464761158966326,7.1436560518629335,0.17791666666666667,0.4225,2915925.030689836,2841772.1179897054,0.0,0.0,0.0,1.0,0.0,0.0,0.0,1.0,0.0,-1.3314890292812738,-0.8844917593495041,-1.7519437547384746,-1.0844016015537246,-1.1809386498457175
MKT-01048,Campaign 1048,2025-12-19 00:00:00+00:00,2026-03-11 00:00:00+00:00,864626,18120,0.0258,6172697.89,2025,12,4,4,19,0,0,82,47.71666666666667,7.139153680319583,0.16875,0.4225,2935005.225015562,2841772.1179897054,0.0,0.0,0.0,0.0,0.0,1.0,0.0,1.0,0.0,1.5408045065977494,2.4961759195589113,-0.9949098088594864,1.9113791785707417,-1.2483826962149929
MKT-01049,Campaign 1049,2025-03-12 00:00:00+00:00,2025-03-30 00:00:00+00:00,608330,4985,0.0273,3771044.13,2025,3,1,2,12,0,0,18,122.0320962888666,6.19901061923627,0.15833333333333333,0.2520833333333333,2745646.1699524573,2828093.8678722903,0.0,0.0,1.0,0.0,0.0,0.0,0.0,0.0,1.0,0.5436972008645918,-0.35652033911139813,-0.9025885959474146,0.5461932142901121,1.6188154463743702
MKT-01050,Campaign 1050,2026-02-20 00:00:00+00:00,2026-03-09 00:00:00+00:00,679692,19000,0.0349,3445223.13,2026,2,1,4,20,0,0,17,35.77326315789474,5.068800471389983,0.16791666666666666,0.4225,2855926.099785614,2841772.1179897054,1.0,0.0,0.0,0.0,0.0,0.0,0.0,1.0,0.0,0.8213276420409253,2.687296795663203,-0.4348277838595847,0.36098489514094423,-1.7091766999721423
MKT-01051,Campaign 1051,2025-05-01 00:00:00+00:00,2025-06-12 00:00:00+00:00,615956,5171,0.0267,2855820.18,2025,5,2,3,1,1,0,42,119.11738541868111,4.636402892414393,0.15958333333333333,0.3254166666666667,2694009.023235263,2755334.291556837,0.0,0.0,0.0,0.0,1.0,0.0,1.0,0.0,0.0,0.5733657884099341,-0.31612433575299104,-0.9395170811122433,0.025947160706819353,1.5063616311213883
MKT-01052,Campaign 1052,2024-01-10 00:00:00+00:00,2024-03-26 00:00:00+00:00,400864,5214,0.0392,2259202.73,2024,1,1,2,10,0,0,76,76.88224012274645,5.635833424802427,0.15958333333333333,0.4225,2694009.023235263,2841772.1179897054,0.0,0.0,0.0,0.0,1.0,0.0,0.0,1.0,0.0,-0.26343932990933866,-0.3067854747615313,-0.17017364017831255,-0.31319155377003377,-0.12313214641738927
MKT-01053,Campaign 1053,2025-03-01 00:00:00+00:00,2025-05-29 00:00:00+00:00,733609,20656,0.0396,6080624.16,2025,3,1,5,1,1,0,89,35.5155402788536,8.288644441384989,0.16875,0.4225,2935005.225015562,2841772.1179897054,0.0,0.0,0.0,0.0,0.0,1.0,0.0,1.0,0.0,1.0310891467199474,3.0469515352412793,-0.1455546500684265,1.8590411746633992,-1.719120026194518
MKT-01054,Campaign 1054,2026-02-11 00:00:00+00:00,2026-03-26 00:00:00+00:00,904849,15873,0.0075,4496926.93,2026,2,1,2,11,0,0,43,57.005544005544,4.96980924994115,0.15833333333333333,0.3254166666666667,2745646.1699524573,2755334.291556837,0.0,0.0,1.0,0.0,0.0,0.0,1.0,0.0,0.0,1.6972901605233073,2.0081661370517025,-2.121228606386761,0.9588109807548015,-0.8900042008182101
MKT-01055,Campaign 1055,2024-05-27 00:00:00+00:00,2024-07-03 00:00:00+00:00,309628,3423,0.0248,2054937.0,2024,5,2,0,27,0,0,37,90.4551562956471,6.636793184078959,0.15958333333333333,0.4225,2694009.023235263,2841772.1179897054,0.0,0.0,0.0,0.0,1.0,0.0,0.0,1.0,0.0,-0.6183886156799725,-0.695759894196516,-1.056457284134201,-0.4293035063853586,0.4005308430627467
MKT-01056,Campaign 1056,2026-02-05 00:00:00+00:00,2026-03-23 00:00:00+00:00,58320,1086,0.0455,213113.66,2026,2,1,3,5,0,0,46,53.70165745856354,3.654212277091907,0.15958333333333333,0.4225,2694009.023235263,2841772.1179897054,0.0,0.0,0.0,0.0,1.0,0.0,0.0,1.0,0.0,-1.596090346449038,-1.2033161299416635,0.21757545405238862,-1.476261820831347,-1.0174729838015837
MKT-01057,Campaign 1057,2024-02-26 00:00:00+00:00,2024-04-21 00:00:00+00:00,386129,3269,0.0402,1608900.26,2024,2,1,0,26,0,0,55,118.11838482716428,4.166742876085453,0.17791666666666667,0.3254166666666667,2915925.030689836,2755334.291556837,0.0,0.0,0.0,1.0,0.0,0.0,1.0,0.0,0.0,-0.320765141275798,-0.729206047514767,-0.10862616490359803,-0.6828467552679488,1.4678187248231371
MKT-01058,Campaign 1058,2024-01-02 00:00:00+00:00,2024-03-31 00:00:00+00:00,784207,20757,0.0139,2572113.62,2024,1,1,1,2,0,0,89,37.78036325095149,3.2798911766918684,0.15833333333333333,0.4225,2745646.1699524573,2841772.1179897054,0.0,0.0,1.0,0.0,0.0,0.0,0.0,1.0,0.0,1.2279382409527342,3.068886999430522,-1.7273247646285887,-0.13532180326171725,-1.6317398380975774
MKT-01059,Campaign 1059,2024-03-19 00:00:00+00:00,2024-04-19 00:00:00+00:00,125228,1913,0.0549,1041336.39,2024,3,1,1,19,0,0,31,65.46157867224255,8.31552360494458,0.15958333333333333,0.4225,2694009.023235263,2841772.1179897054,0.0,0.0,0.0,0.0,1.0,0.0,0.0,1.0,0.0,-1.3357879788272484,-1.0237059429663802,0.7961217216347046,-1.0054703749011118,-0.5637579957799672
MKT-01060,Campaign 1060,2024-06-08 00:00:00+00:00,2024-08-05 00:00:00+00:00,285660,4321,0.0517,1901930.53,2024,6,2,5,8,0,0,58,66.10969682943762,6.65802187915704,0.16875,0.3254166666666667,2935005.225015562,2755334.291556837,0.0,0.0,0.0,0.0,0.0,1.0,1.0,0.0,0.0,-0.7116349710808071,-0.5007297274446365,0.5991698007556187,-0.5162778607935998,-0.5387526478201267
MKT-01061,Campaign 1061,2025-12-09 00:00:00+00:00,2026-03-02 00:00:00+00:00,749258,7634,0.0793,5515036.71,2025,12,4,1,9,0,0,83,98.14749803510611,7.360664430676749,0.15833333333333333,0.4225,2745646.1699524573,2841772.1179897054,0.0,0.0,1.0,0.0,0.0,0.0,0.0,1.0,0.0,1.0919708312855207,0.21879693452527102,2.2978801183377375,1.537541022904108,0.6973126562025441
MKT-01062,Campaign 1062,2023-02-17 00:00:00+00:00,2023-03-05 00:00:00+00:00,457711,3698,0.0702,3313285.59,2023,2,1,4,17,0,0,16,123.7725797728502,7.2388157374413105,0.16875,0.3254166666666667,2935005.225015562,2755334.291556837,0.0,0.0,0.0,0.0,0.0,1.0,1.0,0.0,0.0,-0.04227880064234732,-0.6360346204139248,1.737798093337836,0.28598687470617756,1.6859658488931293
MKT-01063,Campaign 1063,2023-06-24 00:00:00+00:00,2023-08-26 00:00:00+00:00,498624,4138,0.0284,1652153.91,2023,6,2,5,24,0,0,63,120.49879168680522,3.3134263693685018,0.15958333333333333,0.2520833333333333,2694009.023235263,2828093.8678722903,0.0,0.0,0.0,0.0,1.0,0.0,0.0,0.0,1.0,0.1168912652168962,-0.5404741823617789,-0.8348863731452286,-0.6582598323453428,1.5596583086251348
MKT-01064,Campaign 1064,2023-01-19 00:00:00+00:00,2023-04-04 00:00:00+00:00,95408,1312,0.04,556320.84,2023,1,1,3,19,0,0,75,72.71951219512195,5.830966375985242,0.15833333333333333,0.4225,2745646.1699524573,2841772.1179897054,0.0,0.0,1.0,0.0,0.0,0.0,0.0,1.0,0.0,-1.451801259787399,-1.1542328140330613,-0.12093565995854084,-1.2811705746325879,-0.28373628801848205
MKT-01065,Campaign 1065,2024-10-06 00:00:00+00:00,2024-11-16 00:00:00+00:00,754425,8169,0.0425,6198160.62,2024,10,4,6,6,0,0,41,92.3521850899743,8.21574128641018,0.15958333333333333,0.3254166666666667,2694009.023235263,2755334.291556837,0.0,0.0,0.0,0.0,1.0,0.0,1.0,0.0,0.0,1.1120727971715403,0.3349897398841302,0.032933028228245474,1.9258531057401052,0.47372099298430037
MKT-01066,Campaign 1066,2023-07-01 00:00:00+00:00,2023-08-27 00:00:00+00:00,438762,3728,0.0624,3206132.58,2023,7,3,5,1,1,0,57,117.693669527897,7.307224828038891,0.16791666666666666,0.4225,2855926.099785614,2841772.1179897054,1.0,0.0,0.0,0.0,0.0,0.0,0.0,1.0,0.0,-0.11599897706467777,-0.6295191360012785,1.257727786195063,0.2250772682846334,1.4514325863942925
MKT-01067,Campaign 1067,2026-01-20 00:00:00+00:00,2026-04-09 00:00:00+00:00,512341,4998,0.0374,3662749.4,2026,1,1,1,20,0,0,79,102.50920368147258,7.149046045504849,0.17791666666666667,0.3254166666666667,2915925.030689836,2755334.291556837,0.0,0.0,0.0,1.0,0.0,0.0,1.0,0.0,0.0,0.1702565963681499,-0.35369696253258476,-0.28095909567279836,0.4846346133527478,0.8655936496834412
MKT-01068,Campaign 1068,2023-11-05 00:00:00+00:00,2024-01-18 00:00:00+00:00,224986,4626,0.0635,1502074.69,2023,11,4,6,5,0,0,74,48.63510592304367,6.676302925515365,0.16875,0.2520833333333333,2935005.225015562,2828093.8678722903,0.0,0.0,0.0,0.0,0.0,1.0,0.0,0.0,1.0,-0.9476842604495589,-0.434488969249399,1.3254300089972493,-0.7435702330727919,-1.2129479642440884
MKT-01069,Campaign 1069,2024-03-12 00:00:00+00:00,2024-05-14 00:00:00+00:00,33976,288,0.0465,164363.29,2024,3,1,1,12,0,0,63,117.97222222222223,4.837629208853309,0.16791666666666666,0.3254166666666667,2855926.099785614,2755334.291556837,1.0,0.0,0.0,0.0,0.0,0.0,1.0,0.0,0.0,-1.6907995118311272,-1.3766280153180555,0.27912292932710314,-1.5039732761568172,1.4621795574047916
MKT-01070,Campaign 1070,2025-10-22 00:00:00+00:00,2025-11-16 00:00:00+00:00,302823,4014,0.0292,1583953.5,2025,10,4,2,22,0,0,25,75.44170403587444,5.230624820439663,0.15833333333333333,0.3254166666666667,2745646.1699524573,2755334.291556837,0.0,0.0,1.0,0.0,0.0,0.0,1.0,0.0,0.0,-0.6448631420694367,-0.5674048512673837,-0.7856483929254572,-0.6970273866201873,-0.17871013895016155
MKT-01071,Campaign 1071,2025-02-01 00:00:00+00:00,2025-03-02 00:00:00+00:00,179872,2460,0.0231,576589.27,2025,2,1,5,1,1,0,29,73.11869918699188,3.2055532267390143,0.16875,0.2520833333333333,2935005.225015562,2828093.8678722903,0.0,0.0,0.0,0.0,0.0,1.0,0.0,0.0,1.0,-1.123198115487662,-0.9049069438424625,-1.1610879921012156,-1.2696492735129774,-0.268335069086507
MKT-01072,Campaign 1072,2024-01-12 00:00:00+00:00,2024-02-15 00:00:00+00:00,528663,12875,0.0583,3695112.6,2024,1,1,4,12,0,0,34,41.061203883495146,6.9895426765255,0.1675,0.2520833333333333,2698290.221362763,2828093.8678722903,0.0,1.0,0.0,0.0,0.0,0.0,0.0,0.0,1.0,0.23375655518208613,1.3570520614145813,1.0053831375687339,0.5030310146721483,-1.5051602002540947
MKT-01073,Campaign 1073,2025-12-15 00:00:00+00:00,2026-02-21 00:00:00+00:00,289458,2576,0.0575,1347417.58,2025,12,4,0,15,0,0,68,112.36723602484471,4.654967490965874,0.17791666666666667,0.3254166666666667,2915925.030689836,2755334.291556837,0.0,0.0,0.0,1.0,0.0,0.0,1.0,0.0,0.0,-0.696859034089303,-0.8797137374468968,0.9561451573489625,-0.8314828703416234,1.2459309789324802
MKT-01074,Campaign 1074,2025-04-04 00:00:00+00:00,2025-06-28 00:00:00+00:00,894872,7628,0.0595,4678463.02,2025,4,2,4,4,0,0,85,117.31410592553749,5.228080686399842,0.17791666666666667,0.4225,2915925.030689836,2841772.1179897054,0.0,0.0,0.0,1.0,0.0,0.0,0.0,1.0,0.0,1.658475120143045,0.21749383764274174,1.079240107898391,1.0620025923876062,1.436788466576749
MKT-01075,Campaign 1075,2023-01-28 00:00:00+00:00,2023-03-23 00:00:00+00:00,261810,2265,0.004,960986.59,2023,1,1,5,28,0,0,54,115.58940397350993,3.6705495970360182,0.1675,0.2520833333333333,2698290.221362763,2828093.8678722903,0.0,1.0,0.0,0.0,0.0,0.0,0.0,0.0,1.0,-0.8044222531364608,-0.9472575925246636,-2.336644769848262,-1.0511440773388672,1.3702469386798768
MKT-01076,Campaign 1076,2025-12-24 00:00:00+00:00,2026-02-09 00:00:00+00:00,221209,4218,0.0399,1792154.95,2025,12,4,2,24,0,0,47,52.44404931247036,8.10163668747655,0.16791666666666666,0.3254166666666667,2855926.099785614,2755334.291556837,1.0,0.0,0.0,0.0,0.0,0.0,1.0,0.0,0.0,-0.9623784979474291,-0.5230995572613888,-0.12709040748601247,-0.5786782298779285,-1.0659933484003568
MKT-01077,Campaign 1077,2023-01-31 00:00:00+00:00,2023-04-30 00:00:00+00:00,279623,6234,0.0621,1166424.82,2023,1,1,1,31,0,1,89,44.85450753930061,4.171419446898145,0.15958333333333333,0.2520833333333333,2694009.023235263,2828093.8678722903,0.0,0.0,0.0,0.0,1.0,0.0,0.0,0.0,1.0,-0.735121630274517,-0.08525900473155677,1.2392635436126491,-0.9343656337539533,-1.3588089882447667
MKT-01078,Campaign 1078,2024-08-28 00:00:00+00:00,2024-10-20 00:00:00+00:00,327247,5949,0.0191,1862955.23,2024,8,3,2,28,0,0,53,55.008740964868046,5.692810720953897,0.1675,0.4225,2698290.221362763,2841772.1179897054,0.0,1.0,0.0,0.0,0.0,0.0,0.0,1.0,0.0,-0.5498427405211229,-0.14715610665169673,-1.4072778932000733,-0.5384328164328452,-0.9670437873273436
MKT-01079,Campaign 1079,2023-04-30 00:00:00+00:00,2023-07-06 00:00:00+00:00,696040,12071,0.0511,3635441.17,2023,4,2,6,30,0,1,67,57.662165520669376,5.223034839951727,0.16875,0.2520833333333333,2935005.225015562,2828093.8678722903,0.0,0.0,0.0,0.0,0.0,1.0,0.0,0.0,1.0,0.8849287526088845,1.1824370791556602,0.5622413155907897,0.46911163792378874,-0.8646707808524957
MKT-01080,Campaign 1080,2025-08-23 00:00:00+00:00,2025-10-26 00:00:00+00:00,234287,3592,0.0331,1016862.93,2025,8,3,5,23,0,0,64,65.22466592427617,4.3402447852420325,0.16791666666666666,0.4225,2855926.099785614,2841772.1179897054,1.0,0.0,0.0,0.0,0.0,0.0,0.0,1.0,0.0,-0.9114991656738929,-0.6590559986719418,-0.5456132393540709,-1.0193819655915966,-0.5728984366598521
MKT-01081,Campaign 1081,2025-08-03 00:00:00+00:00,2025-10-23 00:00:00+00:00,707858,8745,0.0269,5626324.5,2025,8,3,6,3,0,0,81,80.94431103487707,7.948380183596145,0.16875,0.2520833333333333,2935005.225015562,2828093.8678722903,0.0,0.0,0.0,0.0,0.0,1.0,0.0,0.0,1.0,0.9309061152643862,0.46008704060693933,-0.9272075860573005,1.6008009862819308,0.03358850006929958
MKT-01082,Campaign 1082,2024-04-23 00:00:00+00:00,2024-06-17 00:00:00+00:00,473538,3825,0.0304,2194285.25,2024,4,2,1,23,0,0,55,123.80078431372549,4.63381027499377,0.16791666666666666,0.4225,2855926.099785614,2841772.1179897054,1.0,0.0,0.0,0.0,0.0,0.0,0.0,1.0,0.0,0.01929538439307534,-0.6084524030670555,-0.7117914225957999,-0.35009297312053517,1.6870540213981036
MKT-01083,Campaign 1083,2024-01-17 00:00:00+00:00,2024-02-28 00:00:00+00:00,767934,11267,0.0673,3816351.21,2024,1,1,2,17,0,0,42,68.15780598207154,4.969634382642258,0.17791666666666667,0.2520833333333333,2915925.030689836,2828093.8678722903,0.0,0.0,0.0,1.0,0.0,0.0,0.0,0.0,1.0,1.1646289142906106,1.007822096896739,1.559310415041164,0.5719473803271597,-0.4597335963511971
MKT-01084,Campaign 1084,2023-10-21 00:00:00+00:00,2024-01-01 00:00:00+00:00,259354,4707,0.0563,2031015.91,2023,10,4,5,21,0,0,72,55.0996388357765,7.831056818094187,0.16791666666666666,0.4225,2855926.099785614,2841772.1179897054,1.0,0.0,0.0,0.0,0.0,0.0,0.0,1.0,0.0,-0.8139772034395504,-0.41689716133525395,0.8822881870193052,-0.44290111019578204,-0.9635368143076223
MKT-01085,Campaign 1085,2025-12-02 00:00:00+00:00,2025-12-20 00:00:00+00:00,419350,7827,0.0401,2321309.54,2025,12,4,1,2,0,0,18,53.577360419062224,5.5354943126266845,0.1675,0.3254166666666667,2698290.221362763,2755334.291556837,0.0,1.0,0.0,0.0,0.0,0.0,1.0,0.0,0.0,-0.191520432799032,0.26071321757996224,-0.11478091243106965,-0.2778878198553483,-1.022268545673449
MKT-01086,Campaign 1086,2025-06-07 00:00:00+00:00,2025-07-08 00:00:00+00:00,191383,2166,0.0772,1220614.02,2025,6,2,5,7,0,0,31,88.35780240073869,6.377860207019432,0.16875,0.2520833333333333,2935005.225015562,2828093.8678722903,0.0,0.0,0.0,0.0,0.0,1.0,0.0,0.0,1.0,-1.0784151216200466,-0.9687586910863963,2.168630420260838,-0.9035625527737892,0.3196118572961952
MKT-01087,Campaign 1087,2023-05-08 00:00:00+00:00,2023-05-30 00:00:00+00:00,401509,4139,0.0133,3019602.02,2023,5,2,0,8,0,0,22,97.0062817105581,7.520633460271127,0.16875,0.3254166666666667,2935005.225015562,2755334.291556837,0.0,0.0,0.0,0.0,0.0,1.0,1.0,0.0,0.0,-0.2609299883191543,-0.5402569995480241,-1.7642532497934174,0.11904662112698235,0.6532828585862055
MKT-01088,Campaign 1088,2025-01-09 00:00:00+00:00,2025-04-04 00:00:00+00:00,606184,7931,0.0318,3138439.83,2025,1,1,3,9,0,0,85,76.43222796620854,5.177371606640888,0.17791666666666667,0.3254166666666667,2915925.030689836,2755334.291556837,0.0,0.0,0.0,1.0,0.0,0.0,1.0,0.0,0.0,0.5353482907056218,0.28330023021046946,-0.6256249572111995,0.18659828612545754,-0.14049427465815353
MKT-01089,Campaign 1089,2025-12-09 00:00:00+00:00,2026-03-01 00:00:00+00:00,517570,4777,0.0676,2970626.27,2025,12,4,1,9,0,0,82,108.34624241155537,5.739564252178449,0.15958333333333333,0.4225,2694009.023235263,2841772.1179897054,0.0,0.0,0.0,0.0,1.0,0.0,0.0,1.0,0.0,0.19059977028299321,-0.40169436437241257,1.577774657623578,0.09120705174204442,1.0907951548109318
MKT-01090,Campaign 1090,2025-01-30 00:00:00+00:00,2025-02-17 00:00:00+00:00,176508,4851,0.0391,889345.39,2025,1,1,3,30,0,0,18,36.385899814471244,5.038555702857661,0.1675,0.2520833333333333,2698290.221362763,2828093.8678722903,0.0,1.0,0.0,0.0,0.0,0.0,0.0,0.0,1.0,-1.1362855962773986,-0.3856228361545517,-0.17632838770578374,-1.0918674998126465,-1.6855402802844925
MKT-01091,Campaign 1091,2024-01-15 00:00:00+00:00,2024-02-16 00:00:00+00:00,630814,7017,0.0387,2333301.87,2024,1,1,0,15,0,0,32,89.89796209206213,3.6988745810968053,0.1675,0.4225,2698290.221362763,2841772.1179897054,0.0,1.0,0.0,0.0,0.0,0.0,0.0,1.0,0.0,0.6311701253819636,0.0847951384385119,-0.20094737781566982,-0.2710709502183937,0.37903347443146657
MKT-01092,Campaign 1092,2024-01-15 00:00:00+00:00,2024-03-07 00:00:00+00:00,526013,5877,0.0401,3692217.31,2024,1,1,0,15,0,0,52,89.50365832907946,7.019251064137198,0.16875,0.3254166666666667,2935005.225015562,2755334.291556837,0.0,0.0,0.0,0.0,0.0,1.0,1.0,0.0,0.0,0.2234468571759024,-0.16279326924204787,-0.11478091243106965,0.5013852281993629,0.3638206576236069
MKT-01093,Campaign 1093,2025-10-06 00:00:00+00:00,2026-01-03 00:00:00+00:00,513431,4430,0.0347,2708424.2,2025,10,4,0,6,0,0,89,115.89864559819414,5.275147390788636,0.1675,0.3254166666666667,2698290.221362763,2755334.291556837,0.0,1.0,0.0,0.0,0.0,0.0,1.0,0.0,0.0,0.17449718913295756,-0.4770568007453549,-0.4471372789145275,-0.0578379903581653,1.382177933581116
MKT-01094,Campaign 1094,2024-07-24 00:00:00+00:00,2024-10-23 00:00:00+00:00,66801,1250,0.0569,234173.95,2024,7,3,2,24,0,0,91,53.4408,3.5055455756650353,0.1675,0.3254166666666667,2698290.221362763,2755334.291556837,0.0,1.0,0.0,0.0,0.0,0.0,1.0,0.0,0.0,-1.563095422377172,-1.1676981484858637,0.9192166721841336,-1.4642903981431408,-1.0275372466939094
MKT-01095,Campaign 1095,2023-11-23 00:00:00+00:00,2024-01-22 00:00:00+00:00,368576,5375,0.0288,3153464.33,2023,11,4,3,23,0,0,60,68.57227906976745,8.555804854358396,0.15958333333333333,0.4225,2694009.023235263,2841772.1179897054,0.0,0.0,0.0,0.0,1.0,0.0,0.0,1.0,0.0,-0.3890542465975125,-0.2718190417469961,-0.8102673830353431,0.19513874972681128,-0.4437426174490177
MKT-01096,Campaign 1096,2024-03-24 00:00:00+00:00,2024-05-28 00:00:00+00:00,665771,8381,0.085,3799406.48,2024,3,1,6,24,0,0,65,79.43813387423936,5.706776774596671,0.1675,0.3254166666666667,2698290.221362763,2755334.291556837,0.0,1.0,0.0,0.0,0.0,0.0,1.0,0.0,0.0,0.7671686586657994,0.3810324964001641,2.6487007274036105,0.562315389259253,-0.024522021249693646
MKT-01097,Campaign 1097,2023-11-02 00:00:00+00:00,2023-12-11 00:00:00+00:00,373476,4545,0.0194,1230005.42,2023,11,4,3,2,0,0,39,82.17293729372938,3.293398826162859,0.15833333333333333,0.2520833333333333,2745646.1699524573,2828093.8678722903,0.0,0.0,1.0,0.0,0.0,0.0,0.0,0.0,1.0,-0.36999103141626705,-0.452080777163544,-1.388813650617659,-0.898224144849016,0.08099070100154733
MKT-01098,Campaign 1098,2025-11-05 00:00:00+00:00,2025-12-26 00:00:00+00:00,18435,305,0.0691,96205.09,2025,11,4,2,5,0,0,51,60.442622950819676,5.218610794684024,0.15833333333333333,0.2520833333333333,2745646.1699524573,2828093.8678722903,0.0,0.0,1.0,0.0,0.0,0.0,0.0,0.0,1.0,-1.7512610275722975,-1.3729359074842225,1.67009587053565,-1.5427168367567565,-0.7573966599895214
MKT-01099,Campaign 1099,2023-03-22 00:00:00+00:00,2023-06-16 00:00:00+00:00,264782,3273,0.0552,1940820.41,2023,3,1,2,22,0,0,86,80.89886953864956,7.329880467705508,0.16875,0.2520833333333333,2935005.225015562,2828093.8678722903,0.0,0.0,0.0,0.0,0.0,1.0,0.0,0.0,1.0,-0.7928598295612238,-0.7283373162597475,0.814585964217119,-0.4941714609399599,0.031835300575703704
MKT-01100,Campaign 1100,2025-12-07 00:00:00+00:00,2026-03-05 00:00:00+00:00,630505,12699,0.0311,2957233.2,2025,12,4,6,7,0,0,88,49.649972438774704,4.690261298482962,0.16875,0.4225,2935005.225015562,2841772.1179897054,0.0,0.0,0.0,0.0,0.0,1.0,0.0,1.0,0.0,0.6299679756899218,1.318827886193723,-0.6687081899034998,0.0835939513496599,-1.1737929273470005
MKT-01101,Campaign 1101,2024-09-19 00:00:00+00:00,2024-11-14 00:00:00+00:00,207814,3038,0.0461,700583.76,2024,9,3,3,19,0,0,56,68.40487162606978,3.3712057897927954,0.16791666666666666,0.4225,2855926.099785614,2841772.1179897054,1.0,0.0,0.0,0.0,0.0,0.0,0.0,1.0,0.0,-1.0144911035296296,-0.7793752774921436,0.25450393921721753,-1.199166367019356,-0.4502014418690034
MKT-01102,Campaign 1102,2023-05-11 00:00:00+00:00,2023-05-31 00:00:00+00:00,148707,1239,0.0555,1299086.1,2023,5,2,3,11,0,0,20,120.02179176755448,8.735877261998427,0.15958333333333333,0.4225,2694009.023235263,2841772.1179897054,0.0,0.0,0.0,0.0,1.0,0.0,0.0,1.0,0.0,-1.2444440544924606,-1.1700871594371673,0.8330502067995335,-0.8589562135969434,1.5412549529634127
MKT-01103,Campaign 1103,2024-10-20 00:00:00+00:00,2024-11-28 00:00:00+00:00,686442,13288,0.052,4580386.35,2024,10,4,6,20,0,0,39,51.65878988561108,6.672648745269083,0.16875,0.4225,2935005.225015562,2841772.1179897054,0.0,0.0,0.0,0.0,0.0,1.0,0.0,1.0,0.0,0.8475881935661104,1.4467485634953454,0.6176340433380326,1.0062523025092753,-1.0962898074477947
MKT-01104,Campaign 1104,2025-03-25 00:00:00+00:00,2025-05-10 00:00:00+00:00,651944,13771,0.0116,3900276.8,2025,3,1,1,25,0,0,46,47.34180524290175,5.982533469132318,0.16875,0.2520833333333333,2935005.225015562,2828093.8678722903,0.0,0.0,0.0,0.0,0.0,1.0,0.0,0.0,1.0,0.7133753777859871,1.5516478625389512,-1.868883957760432,0.6196536897961694,-1.2628453990939401
MKT-01105,Campaign 1105,2025-08-24 00:00:00+00:00,2025-09-30 00:00:00+00:00,552375,14649,0.0482,4194451.19,2025,8,3,6,24,0,0,37,37.70735203768175,7.593484842724599,0.16875,0.2520833333333333,2935005.225015562,2828093.8678722903,0.0,0.0,0.0,0.0,0.0,1.0,0.0,0.0,1.0,0.3260069548510027,1.742334373015733,0.38375363729411777,0.7868729430322465,-1.6345567176626878
MKT-01106,Campaign 1106,2023-10-29 00:00:00+00:00,2024-01-21 00:00:00+00:00,91217,904,0.0198,445083.45,2023,10,4,6,29,0,0,84,100.90376106194691,4.879391451154938,0.17791666666666667,0.3254166666666667,2915925.030689836,2755334.291556837,0.0,0.0,0.0,1.0,0.0,0.0,1.0,0.0,0.0,-1.4681061444454806,-1.2428434020450512,-1.364194660507773,-1.3444018888463445,0.8036533215424498
MKT-01107,Campaign 1107,2024-11-09 00:00:00+00:00,2025-01-02 00:00:00+00:00,311301,3430,0.0588,2107861.36,2024,11,4,5,9,0,0,54,90.75830903790087,6.771135846013986,0.16791666666666666,0.3254166666666667,2855926.099785614,2755334.291556837,1.0,0.0,0.0,0.0,0.0,0.0,1.0,0.0,0.0,-0.6118798893538044,-0.6942396145002319,1.036156875206091,-0.3992194057360897,0.41222691995996263
MKT-01108,Campaign 1108,2025-04-02 00:00:00+00:00,2025-06-08 00:00:00+00:00,305794,5753,0.0591,1037121.89,2025,4,2,2,2,0,0,67,53.15383278289588,3.391570436306795,0.16791666666666666,0.4225,2855926.099785614,2841772.1179897054,1.0,0.0,0.0,0.0,0.0,0.0,0.0,1.0,0.0,-0.6333046089462776,-0.18972393814765262,1.0546211177885054,-1.0078660475589645,-1.0386088623200025
MKT-01109,Campaign 1109,2025-06-29 00:00:00+00:00,2025-09-13 00:00:00+00:00,370957,5198,0.0201,1791175.81,2025,6,2,6,29,0,0,76,71.3653328203155,4.828526783427729,0.16875,0.3254166666666667,2935005.225015562,2755334.291556837,0.0,0.0,0.0,0.0,0.0,1.0,1.0,0.0,0.0,-0.3797910802002583,-0.31026039978160935,-1.3457304179253589,-0.5792348081022041,-0.33598251209222424
MKT-01110,Campaign 1110,2023-10-22 00:00:00+00:00,2023-12-03 00:00:00+00:00,658824,12602,0.0104,2271024.51,2023,10,4,6,22,0,0,42,52.279320742739245,3.4470883119012052,0.15958333333333333,0.4225,2694009.023235263,2841772.1179897054,0.0,0.0,0.0,0.0,1.0,0.0,0.0,1.0,0.0,0.7401416880812868,1.2977611532595,-1.9427409280900894,-0.30647163085790957,-1.072348817938319
MKT-01111,Campaign 1111,2023-04-11 00:00:00+00:00,2023-06-28 00:00:00+00:00,840361,8585,0.0371,3703041.54,2023,4,2,1,11,0,0,78,97.88712871287129,4.40648904458917,0.16791666666666666,0.4225,2855926.099785614,2841772.1179897054,1.0,0.0,0.0,0.0,0.0,0.0,0.0,1.0,0.0,1.4464026869298066,0.42533779040615904,-0.2994233382552128,0.5075381079842264,0.6872672263248714
MKT-01112,Campaign 1112,2024-05-26 00:00:00+00:00,2024-08-24 00:00:00+00:00,576523,12162,0.0381,4557348.77,2024,5,2,6,26,0,0,90,47.40363427067916,7.9048863098263205,0.16875,0.4225,2935005.225015562,2841772.1179897054,0.0,0.0,0.0,0.0,0.0,1.0,0.0,1.0,0.0,0.4199535916258423,1.202200715207354,-0.2378758629804983,0.9931569174080558,-1.2604599446263722
MKT-01113,Campaign 1113,2023-11-13 00:00:00+00:00,2023-12-23 00:00:00+00:00,133725,1298,0.0421,708485.57,2023,11,4,0,13,0,0,40,103.02388289676425,5.298078668910076,0.17791666666666667,0.3254166666666667,2915925.030689836,2755334.291556837,0.0,0.0,0.0,1.0,0.0,0.0,1.0,0.0,0.0,-1.3027308075221378,-1.1572733734256295,0.008314038118359405,-1.194674695370395,0.8854507277843904
MKT-01114,Campaign 1114,2024-04-16 00:00:00+00:00,2024-06-28 00:00:00+00:00,279346,4258,0.0487,1025743.84,2024,4,2,1,16,0,0,73,65.6049788633161,3.6719474773220306,0.15958333333333333,0.4225,2694009.023235263,2841772.1179897054,0.0,0.0,0.0,0.0,1.0,0.0,0.0,1.0,0.0,-0.7361992855000691,-0.5144122447111937,0.414527374931475,-1.014333738455792,-0.5582254063354432
MKT-01115,Campaign 1115,2025-07-29 00:00:00+00:00,2025-09-24 00:00:00+00:00,98365,1264,0.0395,853295.84,2025,7,3,1,29,0,0,57,77.82041139240506,8.674791236720377,0.15833333333333333,0.3254166666666667,2745646.1699524573,2755334.291556837,0.0,0.0,1.0,0.0,0.0,0.0,1.0,0.0,0.0,-1.4402971929933293,-1.1646575890932955,-0.1517093975958981,-1.1123593544247923,-0.08693612446783273
MKT-01116,Campaign 1116,2025-07-28 00:00:00+00:00,2025-10-26 00:00:00+00:00,430632,4000,0.0437,2445443.02,2025,7,3,0,28,0,0,90,107.658,5.67873037767746,0.1675,0.4225,2698290.221362763,2841772.1179897054,0.0,1.0,0.0,0.0,0.0,0.0,0.0,1.0,0.0,-0.1476283524572339,-0.570445410659952,0.10678999855790282,-0.20732590647058532,1.0642417543381815
MKT-01117,Campaign 1117,2023-09-15 00:00:00+00:00,2023-11-21 00:00:00+00:00,219230,2645,0.0287,928514.69,2023,9,3,4,15,0,0,67,82.88468809073724,4.23534502577202,0.16791666666666666,0.4225,2855926.099785614,2841772.1179897054,1.0,0.0,0.0,0.0,0.0,0.0,0.0,1.0,0.0,-0.9700777026094055,-0.8647281232978103,-0.8164221305628144,-1.0696022676291794,0.10845108942346711
MKT-01118,Campaign 1118,2024-02-09 00:00:00+00:00,2024-04-08 00:00:00+00:00,318603,4567,0.0256,1658115.48,2024,2,1,4,9,0,0,59,69.76198817604555,5.204331032664475,0.16875,0.3254166666666667,2935005.225015562,2755334.291556837,0.0,0.0,0.0,0.0,0.0,1.0,1.0,0.0,0.0,-0.5834718082816709,-0.4473027552609367,-1.0072193039144293,-0.6548710625631922,-0.39784189727443864
MKT-01119,Campaign 1119,2023-09-25 00:00:00+00:00,2023-12-12 00:00:00+00:00,418024,6016,0.0517,1433670.96,2023,9,3,0,25,0,0,78,69.48537234042553,3.429637915526381,0.15958333333333333,0.2520833333333333,2694009.023235263,2828093.8678722903,0.0,0.0,0.0,0.0,1.0,0.0,0.0,0.0,1.0,-0.19667917225420167,-0.13260485813011996,0.5991698007556187,-0.7824533617134674,-0.4085141414387058
MKT-01120,Campaign 1120,2025-11-16 00:00:00+00:00,2025-11-30 00:00:00+00:00,28919,352,0.0503,159681.16,2025,11,4,6,16,0,0,14,82.15625,5.521669490646288,0.17791666666666667,0.3254166666666667,2915925.030689836,2755334.291556837,0.0,0.0,0.0,1.0,0.0,0.0,1.0,0.0,0.0,-1.710473527988588,-1.3627283152377432,0.513003335371018,-1.506634766445466,0.08034688076355712
MKT-01121,Campaign 1121,2025-11-19 00:00:00+00:00,2026-02-09 00:00:00+00:00,553932,11124,0.0363,2897153.89,2025,11,4,2,19,0,0,82,49.79611650485437,5.230161626336807,0.1675,0.2520833333333333,2698290.221362763,2828093.8678722903,0.0,1.0,0.0,0.0,0.0,0.0,0.0,0.0,1.0,0.33206438873614536,0.9767649545297917,-0.3486613184749845,0.04944272100925273,-1.168154475185124
MKT-01122,Campaign 1122,2023-04-30 00:00:00+00:00,2023-07-28 00:00:00+00:00,524522,8745,0.0252,4372622.83,2023,4,2,6,30,0,1,89,59.97964551172098,8.336395480075192,0.17791666666666667,0.2520833333333333,2915925.030689836,2828093.8678722903,0.0,0.0,0.0,1.0,0.0,0.0,0.0,0.0,1.0,0.21764619312789488,0.46008704060693933,-1.0318382940243152,0.888152080854703,-0.7752590078248626
MKT-01123,Campaign 1123,2024-10-19 00:00:00+00:00,2025-01-02 00:00:00+00:00,468341,5502,0.0668,3187226.0,2024,10,4,5,19,0,0,75,85.12195565249,6.8053533643221495,0.16875,0.4225,2935005.225015562,2841772.1179897054,0.0,0.0,0.0,0.0,0.0,1.0,0.0,1.0,0.0,-0.0009232950552782073,-0.24423682440012673,1.528536677403807,0.21433009145238718,0.1947681494222256
MKT-01124,Campaign 1124,2023-09-28 00:00:00+00:00,2023-12-15 00:00:00+00:00,910791,17091,0.0694,6120712.4,2023,9,3,3,28,0,0,78,53.29067930489732,6.720216163752167,0.1675,0.3254166666666667,2698290.221362763,2755334.291556837,0.0,1.0,0.0,0.0,0.0,0.0,1.0,0.0,0.0,1.7204072267696258,2.272694804205143,1.6885601131180648,1.881828765236286,-1.0333291230290234
MKT-01125,Campaign 1125,2025-11-25 00:00:00+00:00,2026-01-05 00:00:00+00:00,385165,4270,0.0602,3276819.44,2025,11,4,1,25,0,0,41,90.20257611241217,8.507573221865954,0.15833333333333333,0.3254166666666667,2745646.1699524573,2755334.291556837,0.0,0.0,1.0,0.0,0.0,0.0,1.0,0.0,0.0,-0.32451553707880226,-0.5118060509461352,1.1223233405906912,0.2652582097418523,0.39078592957832375
MKT-01126,Campaign 1126,2023-09-29 00:00:00+00:00,2023-11-24 00:00:00+00:00,481089,8272,0.0521,1925535.6,2023,9,3,4,29,0,0,56,58.15872823984526,4.002451937167551,0.1675,0.2520833333333333,2698290.221362763,2828093.8678722903,0.0,1.0,0.0,0.0,0.0,0.0,0.0,0.0,1.0,0.04867218803258229,0.3573595697008825,0.6237887908655042,-0.5028598940630992,-0.8455126637113023
MKT-01127,Campaign 1127,2023-12-13 00:00:00+00:00,2024-01-08 00:00:00+00:00,494669,5358,0.0246,3045578.69,2023,12,4,2,13,0,0,26,92.3234415826801,6.156801194333989,0.15833333333333333,0.3254166666666667,2745646.1699524573,2755334.291556837,0.0,0.0,1.0,0.0,0.0,0.0,1.0,0.0,0.0,0.10150452724917669,-0.275511149580829,-1.0687667791891438,0.13381269018880648,0.47261202636533056
MKT-01128,Campaign 1128,2023-10-22 00:00:00+00:00,2023-11-17 00:00:00+00:00,353780,7670,0.0625,2413570.22,2023,10,4,6,22,0,0,26,46.1251629726206,6.822234778676014,0.15833333333333333,0.2520833333333333,2745646.1699524573,2828093.8678722903,0.0,0.0,1.0,0.0,0.0,0.0,0.0,0.0,1.0,-0.44661737554071795,0.2266155158204466,1.2638825337225348,-0.22544354687613793,-1.3097852401912693
MKT-01129,Campaign 1129,2024-06-21 00:00:00+00:00,2024-08-10 00:00:00+00:00,860515,10729,0.0513,5026690.82,2024,6,2,4,21,0,0,50,80.20458570230217,5.841491223279084,0.1675,0.4225,2698290.221362763,2841772.1179897054,0.0,1.0,0.0,0.0,0.0,0.0,0.0,1.0,0.0,1.5248108581058923,0.8909777430966153,0.5745508106457325,1.2599477387072502,0.005048813084142312
MKT-01130,Campaign 1130,2024-11-18 00:00:00+00:00,2025-02-08 00:00:00+00:00,464390,4530,0.0256,1990085.3,2024,11,4,0,18,0,0,82,102.51434878587196,4.28537500807511,0.16875,0.2520833333333333,2935005.225015562,2828093.8678722903,0.0,0.0,0.0,0.0,0.0,1.0,0.0,0.0,1.0,-0.016294471214686492,-0.4553385193698672,-1.0072193039144293,-0.46616753402926764,0.8657921553484467
MKT-01131,Campaign 1131,2024-06-04 00:00:00+00:00,2024-08-02 00:00:00+00:00,878073,13852,0.0533,4124917.9,2024,6,2,1,4,0,0,59,63.38961882760612,4.697693585840812,0.16875,0.2520833333333333,2935005.225015562,2828093.8678722903,0.0,0.0,0.0,0.0,0.0,1.0,0.0,0.0,1.0,1.5931194156879958,1.5692396704530962,0.6976457611951616,0.7473477320550175,-0.643697241886225
MKT-01132,Campaign 1132,2024-03-23 00:00:00+00:00,2024-05-25 00:00:00+00:00,663160,6393,0.0338,2179020.5,2024,3,1,5,23,0,0,63,103.73220710151729,3.2858141323360877,0.17791666666666667,0.2520833333333333,2915925.030689836,2828093.8678722903,0.0,0.0,0.0,1.0,0.0,0.0,0.0,0.0,1.0,0.7570106882906501,-0.05072693734453134,-0.5025300066617708,-0.3587700034216277,0.9127789132573614
MKT-01133,Campaign 1133,2025-10-23 00:00:00+00:00,2026-01-19 00:00:00+00:00,865950,13377,0.0553,4012876.83,2025,10,4,3,23,0,0,88,64.73424534649024,4.634074519314049,0.16791666666666666,0.3254166666666667,2855926.099785614,2755334.291556837,1.0,0.0,0.0,0.0,0.0,0.0,1.0,0.0,0.0,1.5459554651487635,1.4660778339195295,0.8207407117445906,0.6836595773615686,-0.5918195809883424
MKT-01134,Campaign 1134,2024-06-10 00:00:00+00:00,2024-06-24 00:00:00+00:00,107175,1025,0.0603,678637.67,2024,6,2,0,10,0,0,14,104.5609756097561,6.3320519710753445,0.17791666666666667,0.4225,2915925.030689836,2841772.1179897054,0.0,0.0,0.0,1.0,0.0,0.0,0.0,1.0,0.0,-1.4060223101878655,-1.216564281580711,1.1284780881181629,-1.2116413101347363,0.9447540164026849
MKT-01135,Campaign 1135,2025-07-22 00:00:00+00:00,2025-08-08 00:00:00+00:00,573497,5073,0.0503,4532166.78,2025,7,3,1,22,0,0,17,113.04888626059531,7.902686116928249,0.15958333333333333,0.4225,2694009.023235263,2841772.1179897054,0.0,0.0,0.0,0.0,1.0,0.0,0.0,1.0,0.0,0.4081810836384038,-0.337408251500969,0.513003335371018,0.9788425729037695,1.2722300436055298
MKT-01136,Campaign 1136,2026-02-11 00:00:00+00:00,2026-04-04 00:00:00+00:00,421233,10715,0.0286,2985353.68,2026,2,1,2,11,0,0,52,39.31245916938871,7.087179019687442,0.15958333333333333,0.4225,2694009.023235263,2841772.1179897054,0.0,0.0,0.0,0.0,1.0,0.0,0.0,1.0,0.0,-0.18419471153652484,0.8879371837040471,-0.8225768780902859,0.09957863875307402,-1.5726293331332126
MKT-01137,Campaign 1137,2025-11-04 00:00:00+00:00,2025-12-01 00:00:00+00:00,444520,7560,0.0519,3774356.8,2025,11,4,1,4,0,0,27,58.7989417989418,8.490859353909835,0.1675,0.2520833333333333,2698290.221362763,2828093.8678722903,0.0,1.0,0.0,0.0,0.0,0.0,0.0,0.0,1.0,-0.0935977540006755,0.20272540630741012,0.6114792958105614,0.5480762544949972,-0.8208122867258778
MKT-01138,Campaign 1138,2025-08-06 00:00:00+00:00,2025-11-04 00:00:00+00:00,174436,1429,0.051,1528963.85,2025,8,3,2,6,0,0,90,122.06857942617215,8.76518522552684,0.16875,0.4225,2935005.225015562,2841772.1179897054,0.0,0.0,0.0,0.0,0.0,1.0,0.0,1.0,0.0,-1.144346612982611,-1.1288224248237406,0.5560865680633181,-0.728285472032426,1.6202230192572844
MKT-01139,Campaign 1139,2023-06-14 00:00:00+00:00,2023-07-22 00:00:00+00:00,759738,17496,0.0308,3590876.59,2023,6,2,2,14,0,0,38,43.42352537722908,4.726467005730923,0.16875,0.4225,2935005.225015562,2841772.1179897054,0.0,0.0,0.0,0.0,0.0,1.0,0.0,1.0,0.0,1.132742769060919,2.360653843775868,-0.687172432485914,0.44377953546449783,-1.4140183763627943
MKT-01140,Campaign 1140,2024-05-12 00:00:00+00:00,2024-07-10 00:00:00+00:00,601954,12892,0.0365,4120480.37,2024,5,2,6,12,0,0,59,46.69205708966801,6.8451748306349,0.1675,0.4225,2698290.221362763,2841772.1179897054,0.0,1.0,0.0,0.0,0.0,0.0,0.0,1.0,0.0,0.518891678416506,1.3607441692484141,-0.33635182342004166,0.7448252811618155,-1.2879136346888014
MKT-01141,Campaign 1141,2024-02-24 00:00:00+00:00,2024-03-09 00:00:00+00:00,435306,11966,0.0725,3197713.83,2024,2,1,5,24,0,0,14,36.37857262243022,7.345898816005293,0.1675,0.4225,2698290.221362763,2841772.1179897054,0.0,1.0,0.0,0.0,0.0,0.0,0.0,1.0,0.0,-0.1294443794455725,1.159632883711398,1.8793572864696793,0.22029174943582666,-1.6858229740873438
MKT-01142,Campaign 1142,2025-05-10 00:00:00+00:00,2025-07-18 00:00:00+00:00,876697,14873,0.0685,3057976.19,2025,5,2,5,10,0,0,69,58.94553889598601,3.4880650783566045,0.16791666666666666,0.2520833333333333,2855926.099785614,2828093.8678722903,1.0,0.0,0.0,0.0,0.0,0.0,0.0,0.0,1.0,1.5877661536289358,1.7909833232968255,1.633167385370822,0.14085987295680427,-0.8151563559657251
MKT-01143,Campaign 1143,2023-05-09 00:00:00+00:00,2023-08-07 00:00:00+00:00,410980,4666,0.0332,2486359.72,2023,5,2,1,9,0,0,90,88.07972567509644,6.049831427320065,0.17791666666666667,0.4225,2915925.030689836,2841772.1179897054,0.0,0.0,0.0,1.0,0.0,0.0,0.0,1.0,0.0,-0.22408351669026141,-0.4258016566992039,-0.5394584918265993,-0.18406738957900745,0.30888324985475185
MKT-01144,Campaign 1144,2023-05-29 00:00:00+00:00,2023-08-02 00:00:00+00:00,228086,3933,0.0097,1717860.56,2023,5,2,0,29,0,0,65,57.992880752606155,7.531635260384241,0.15958333333333333,0.4225,2694009.023235263,2841772.1179897054,0.0,0.0,0.0,0.0,1.0,0.0,0.0,1.0,0.0,-0.9356238590083629,-0.5849966591815288,-1.9858241607823894,-0.6209098205185339,-0.8519113027258715
MKT-01145,Campaign 1145,2024-10-20 00:00:00+00:00,2024-12-09 00:00:00+00:00,524452,4292,0.0657,3054745.63,2024,10,4,6,20,0,0,50,122.19291705498603,5.824642922517218,0.15833333333333333,0.4225,2745646.1699524573,2841772.1179897054,0.0,0.0,1.0,0.0,0.0,0.0,0.0,1.0,0.0,0.2173738614824485,-0.507028029043528,1.4608344546016208,0.13902350701504315,1.6250201471242893
MKT-01146,Campaign 1146,2024-01-06 00:00:00+00:00,2024-02-29 00:00:00+00:00,370438,4844,0.0759,2047208.28,2024,1,1,5,6,0,0,54,76.47357555739059,5.526453225640998,0.15958333333333333,0.2520833333333333,2694009.023235263,2828093.8678722903,0.0,0.0,0.0,0.0,1.0,0.0,0.0,0.0,1.0,-0.3818102248286392,-0.3871431158508358,2.0886187024037084,-0.4336967874825701,-0.13889902401854354
MKT-01147,Campaign 1147,2025-07-21 00:00:00+00:00,2025-09-07 00:00:00+00:00,437716,4858,0.0672,2746784.99,2025,7,3,0,21,0,0,48,90.10209962947715,6.27526750221605,0.16791666666666666,0.3254166666666667,2855926.099785614,2755334.291556837,1.0,0.0,0.0,0.0,0.0,0.0,1.0,0.0,0.0,-0.12006838993806199,-0.3841025564582675,1.5531556675136924,-0.03603234419927985,0.3869093996745102
MKT-01148,Campaign 1148,2025-12-08 00:00:00+00:00,2026-02-13 00:00:00+00:00,262460,4719,0.0363,998543.58,2025,12,4,0,8,0,0,67,55.61771561771562,3.804555284614798,0.15958333333333333,0.2520833333333333,2694009.023235263,2828093.8678722903,0.0,0.0,0.0,0.0,1.0,0.0,0.0,0.0,1.0,-0.8018934592858874,-0.4142909675701954,-0.3486613184749845,-1.0297953398719693,-0.9435486531081778
MKT-01149,Campaign 1149,2023-01-03 00:00:00+00:00,2023-01-27 00:00:00+00:00,541518,5901,0.0527,1958018.64,2023,1,1,1,3,0,0,24,91.76715810879512,3.61579604002083,0.16791666666666666,0.2520833333333333,2855926.099785614,2828093.8678722903,1.0,0.0,0.0,0.0,0.0,0.0,0.0,0.0,1.0,0.2837683166422718,-0.15758088171193083,0.6607172760303327,-0.48439537139803107,0.45114979502004154
MKT-01150,Campaign 1150,2026-01-30 00:00:00+00:00,2026-02-28 00:00:00+00:00,366927,6166,0.0272,1196005.73,2026,1,1,4,30,0,0,29,59.50810898475511,3.2595195502102596,0.16875,0.4225,2935005.225015562,2841772.1179897054,0.0,0.0,0.0,0.0,0.0,1.0,0.0,1.0,0.0,-0.3954696020738132,-0.10002743606688841,-0.9087433434748863,-0.917550785662508,-0.7934515778086835
MKT-01151,Campaign 1151,2024-11-27 00:00:00+00:00,2025-01-24 00:00:00+00:00,824622,6895,0.0593,4545839.07,2024,11,4,2,27,0,0,58,119.59709934735315,5.512633752191913,0.16791666666666666,0.2520833333333333,2855926.099785614,2828093.8678722903,1.0,0.0,0.0,0.0,0.0,0.0,0.0,0.0,1.0,1.3851708616772307,0.05829883516041691,1.0669306128434484,0.9866143919388225,1.5248696972424491
MKT-01152,Campaign 1152,2025-09-16 00:00:00+00:00,2025-10-26 00:00:00+00:00,432195,3969,0.0327,2497387.91,2025,9,3,1,16,0,0,40,108.89266817838246,5.7783822348708345,0.15833333333333333,0.4225,2745646.1699524573,2841772.1179897054,0.0,0.0,1.0,0.0,0.0,0.0,0.0,1.0,0.0,-0.1415475758596244,-0.5771780778863531,-0.5702322294639566,-0.1777985716294043,1.1118770613769622
MKT-01153,Campaign 1153,2025-07-02 00:00:00+00:00,2025-09-21 00:00:00+00:00,79570,2205,0.0318,676112.13,2025,7,3,2,2,0,0,81,36.08616780045352,8.497073394495413,0.15833333333333333,0.2520833333333333,2745646.1699524573,2828093.8678722903,0.0,0.0,1.0,0.0,0.0,0.0,0.0,0.0,1.0,-1.5134182397956777,-0.9602885613499562,-0.6256249572111995,-1.2130769174723357,-1.6971043804751949
MKT-01154,Campaign 1154,2025-01-11 00:00:00+00:00,2025-04-04 00:00:00+00:00,720405,10000,0.0406,5979224.86,2025,1,1,5,11,0,0,83,72.0405,8.29981032891221,0.15958333333333333,0.4225,2694009.023235263,2841772.1179897054,0.0,0.0,0.0,0.0,1.0,0.0,0.0,1.0,0.0,0.9797196174846079,0.73265147186931,-0.08400717479371239,1.8014021829596658,-0.3099335732195034
MKT-01155,Campaign 1155,2024-11-21 00:00:00+00:00,2025-02-16 00:00:00+00:00,527222,7288,0.033,2810850.67,2024,11,4,3,21,0,0,87,72.34110867178924,5.331436605452732,0.17791666666666667,0.4225,2915925.030689836,2841772.1179897054,0.0,0.0,0.0,1.0,0.0,0.0,0.0,1.0,0.0,0.22815041373796888,0.14365168096608358,-0.5517679868815422,0.0003848815410757646,-0.2983356502877234
MKT-01156,Campaign 1156,2025-07-22 00:00:00+00:00,2025-08-26 00:00:00+00:00,524823,6244,0.0538,4528941.77,2025,7,3,1,22,0,0,35,84.05237027546444,8.629465114905406,0.15958333333333333,0.4225,2694009.023235263,2841772.1179897054,0.0,0.0,0.0,0.0,1.0,0.0,0.0,1.0,0.0,0.21881721920331423,-0.08308717659400801,0.7284194988325189,0.9770093617806701,0.15350197869645849
MKT-01157,Campaign 1157,2023-03-15 00:00:00+00:00,2023-04-21 00:00:00+00:00,131415,1224,0.0283,536917.89,2023,3,1,2,15,0,0,37,107.36519607843137,4.085666704714074,0.15833333333333333,0.4225,2745646.1699524573,2841772.1179897054,0.0,0.0,1.0,0.0,0.0,0.0,0.0,1.0,0.0,-1.311717751821868,-1.1733449016434905,-0.8410411206727003,-1.2921999059403775,1.0529449501034163
MKT-01158,Campaign 1158,2023-06-13 00:00:00+00:00,2023-07-29 00:00:00+00:00,470015,4148,0.0834,2128756.54,2023,6,2,1,13,0,0,46,113.31123432979749,4.529124687509973,0.16791666666666666,0.3254166666666667,2855926.099785614,2755334.291556837,1.0,0.0,0.0,0.0,0.0,0.0,1.0,0.0,0.0,0.005589321722967671,-0.5383023542242302,2.5502247669640674,-0.387341837481989,1.2823518164399519
MKT-01159,Campaign 1159,2024-01-06 00:00:00+00:00,2024-03-21 00:00:00+00:00,718318,8250,0.0508,4386361.15,2024,1,1,5,6,0,0,75,87.06884848484849,6.106433571203841,0.17791666666666667,0.4225,2915925.030689836,2841772.1179897054,0.0,0.0,0.0,1.0,0.0,0.0,0.0,1.0,0.0,0.9716002439982284,0.3525815477982752,0.5437770730083753,0.8959614337052972,0.2698821269789303
MKT-01160,Campaign 1160,2024-04-08 00:00:00+00:00,2024-04-30 00:00:00+00:00,45357,464,0.0364,239916.05,2024,4,2,0,8,0,0,22,97.7521551724138,5.289504376391736,0.15958333333333333,0.3254166666666667,2694009.023235263,2755334.291556837,0.0,0.0,0.0,0.0,1.0,0.0,1.0,0.0,0.0,-1.6465222767336265,-1.338403840097197,-0.3425065709475129,-1.4610263829649097,0.6820597494056659
MKT-01161,Campaign 1161,2025-01-27 00:00:00+00:00,2025-04-06 00:00:00+00:00,506610,8350,0.0264,3125978.9,2025,1,1,0,27,0,0,69,60.67185628742515,6.170385306251357,0.15958333333333333,0.2520833333333333,2694009.023235263,2828093.8678722903,0.0,0.0,0.0,0.0,1.0,0.0,0.0,0.0,1.0,0.1479604155102484,0.3742998291737629,-0.9579813236946577,0.17951504747498542,-0.7485525020498297
MKT-01162,Campaign 1162,2024-11-17 00:00:00+00:00,2025-02-11 00:00:00+00:00,56099,1310,0.037,181280.94,2024,11,4,6,17,0,0,86,42.8236641221374,3.2314469063619673,0.16875,0.3254166666666667,2935005.225015562,2755334.291556837,0.0,0.0,0.0,0.0,0.0,1.0,1.0,0.0,0.0,-1.604731040513843,-1.154667179660571,-0.3055780857826844,-1.4943566783302378,-1.4371619023459423
MKT-01163,Campaign 1163,2025-10-25 00:00:00+00:00,2026-01-15 00:00:00+00:00,130553,3666,0.0387,911668.97,2025,10,4,5,25,0,0,82,35.61183851609383,6.983133057072607,0.17791666666666667,0.4225,2915925.030689836,2841772.1179897054,0.0,0.0,0.0,1.0,0.0,0.0,0.0,1.0,0.0,-1.315071321512936,-0.6429844704540809,-0.20094737781566982,-1.0791779778690274,-1.7154046991304954
MKT-01164,Campaign 1164,2024-11-15 00:00:00+00:00,2024-12-20 00:00:00+00:00,794489,21436,0.0377,3765401.4,2024,11,4,4,15,0,0,35,37.06330472103004,4.739400293773734,0.1675,0.2520833333333333,2698290.221362763,2828093.8678722903,0.0,1.0,0.0,0.0,0.0,0.0,0.0,0.0,1.0,1.2679398692167272,3.216354129970083,-0.26249485309038434,0.542985684576826,-1.6594050066308217
MKT-01165,Campaign 1165,2024-04-30 00:00:00+00:00,2024-06-14 00:00:00+00:00,542792,5398,0.0341,2672351.62,2024,4,2,1,30,0,1,45,100.55427936272693,4.923343785464782,0.15833333333333333,0.4225,2745646.1699524573,2841772.1179897054,0.0,0.0,1.0,0.0,0.0,0.0,0.0,1.0,0.0,0.2887247525893956,-0.26682383703063395,-0.48406576407935636,-0.07834293604666882,0.7901698056162609
MKT-01166,Campaign 1166,2023-11-10 00:00:00+00:00,2024-01-08 00:00:00+00:00,765659,14264,0.0288,6361292.91,2023,11,4,4,10,0,0,59,53.6777201346046,8.308258519784918,0.17791666666666667,0.3254166666666667,2915925.030689836,2755334.291556837,0.0,0.0,0.0,1.0,0.0,0.0,1.0,0.0,0.0,1.1557781358136037,1.6587189897201056,-0.8102673830353431,2.0185833386896532,-1.0183965208267014
MKT-01167,Campaign 1167,2025-10-01 00:00:00+00:00,2025-11-08 00:00:00+00:00,313749,3178,0.0565,2561709.94,2025,10,4,2,1,1,0,38,98.72529893014475,8.164838581158824,0.17791666666666667,0.4225,2915925.030689836,2841772.1179897054,0.0,0.0,0.0,1.0,0.0,0.0,0.0,1.0,0.0,-0.6023560626673373,-0.7489696835664609,0.894597682074248,-0.141235627373011,0.7196050611777063
MKT-01168,Campaign 1168,2024-12-27 00:00:00+00:00,2025-02-10 00:00:00+00:00,143469,3314,0.0646,785629.05,2024,12,4,4,27,0,0,45,43.291792395896195,5.475949856763482,0.16791666666666666,0.2520833333333333,2855926.099785614,2828093.8678722903,1.0,0.0,0.0,0.0,0.0,0.0,0.0,0.0,1.0,-1.264822242476004,-0.7194328208957976,1.3931322317994355,-1.150823579990731,-1.4191008277637425
MKT-01169,Campaign 1169,2024-07-18 00:00:00+00:00,2024-08-28 00:00:00+00:00,108438,1003,0.0282,575673.78,2024,7,3,3,18,0,0,41,108.1136590229312,5.308782714546561,0.16791666666666666,0.2520833333333333,2855926.099785614,2828093.8678722903,1.0,0.0,0.0,0.0,0.0,0.0,0.0,0.0,1.0,-1.4011086692135977,-1.2213423034833184,-0.8471958682001717,-1.2701696707989039,1.0818217469567286
MKT-01170,Campaign 1170,2023-11-23 00:00:00+00:00,2024-01-03 00:00:00+00:00,811515,8889,0.0412,6187271.32,2023,11,4,3,23,0,0,41,91.29429632129599,7.624346216644178,0.17791666666666667,0.4225,2915925.030689836,2841772.1179897054,0.0,0.0,0.0,1.0,0.0,0.0,0.0,1.0,0.0,1.3341787062934383,0.4913613657876416,-0.0470786896288835,1.919663237838064,0.4329060945434184
MKT-01171,Campaign 1171,2024-09-07 00:00:00+00:00,2024-10-18 00:00:00+00:00,812949,11761,0.0132,5924376.29,2024,9,3,5,7,0,0,41,69.12243856814897,7.2875128575101265,0.16875,0.4225,2935005.225015562,2841772.1179897054,0.0,0.0,0.0,0.0,0.0,1.0,0.0,1.0,0.0,1.3397576145730108,1.1151104068916484,-1.7704079973208888,1.7702242924693796,-0.42251665804991917
MKT-01172,Campaign 1172,2025-05-15 00:00:00+00:00,2025-06-11 00:00:00+00:00,901177,8263,0.0333,3579976.11,2025,5,2,3,15,0,0,27,109.06172092460365,3.972556012858739,0.15833333333333333,0.4225,2745646.1699524573,2841772.1179897054,0.0,0.0,1.0,0.0,0.0,0.0,0.0,1.0,0.0,1.6830044204936068,0.35540492437708865,-0.5333037442991276,0.43758331245026877,1.1183993639785772
MKT-01173,Campaign 1173,2023-05-11 00:00:00+00:00,2023-06-30 00:00:00+00:00,481241,4933,0.0735,2617110.46,2023,5,2,3,11,0,0,50,97.55544293533347,5.438253307594324,0.17791666666666667,0.4225,2915925.030689836,2841772.1179897054,0.0,0.0,0.0,1.0,0.0,0.0,0.0,1.0,0.0,0.04926353674840867,-0.36781384542665174,1.9409047617443937,-0.10974398874569766,0.6744703031271666
MKT-01174,Campaign 1174,2024-07-04 00:00:00+00:00,2024-10-03 00:00:00+00:00,663356,6024,0.0612,3973445.08,2024,7,3,3,4,0,0,91,110.11885790172643,5.989913530592925,0.15833333333333333,0.4225,2745646.1699524573,2841772.1179897054,0.0,0.0,1.0,0.0,0.0,0.0,0.0,1.0,0.0,0.7577732168978999,-0.13086739562008096,1.1838708158654057,0.6612451592037144,1.1591852571999162
MKT-01175,Campaign 1175,2025-07-28 00:00:00+00:00,2025-08-30 00:00:00+00:00,196171,1983,0.0519,1146987.88,2025,7,3,0,28,0,0,33,98.92637418053454,5.84687787695429,0.17791666666666667,0.4225,2915925.030689836,2841772.1179897054,0.0,0.0,0.0,1.0,0.0,0.0,0.0,1.0,0.0,-1.0597876370715154,-1.008503146003539,0.6114792958105614,-0.9454142861944137,0.727362838901245
MKT-01176,Campaign 1176,2024-09-13 00:00:00+00:00,2024-10-19 00:00:00+00:00,436627,11062,0.0235,1648307.57,2024,9,3,4,13,0,0,36,39.47089133972157,3.7750930886088128,0.1675,0.2520833333333333,2698290.221362763,2828093.8678722903,0.0,1.0,0.0,0.0,0.0,0.0,0.0,0.0,1.0,-0.12430509225079184,0.9632996200769893,-1.1364690019913297,-0.6604462296809234,-1.5665167879078927
MKT-01177,Campaign 1177,2023-02-25 00:00:00+00:00,2023-03-29 00:00:00+00:00,419337,4866,0.0308,2823085.34,2023,2,1,5,25,0,0,32,86.17694204685573,6.732259113791533,0.16791666666666666,0.2520833333333333,2855926.099785614,2828093.8678722903,1.0,0.0,0.0,0.0,0.0,0.0,0.0,0.0,1.0,-0.19157100867604349,-0.3823650939482285,-0.687172432485914,0.007339505908580426,0.2354710700103192
MKT-01178,Campaign 1178,2025-12-21 00:00:00+00:00,2026-02-03 00:00:00+00:00,217610,2593,0.0337,1472135.6,2025,12,4,6,21,0,0,44,83.92209795603549,6.76501815173935,0.16791666666666666,0.2520833333333333,2855926.099785614,2828093.8678722903,1.0,0.0,0.0,0.0,0.0,0.0,0.0,0.0,1.0,-0.9763802349754499,-0.876021629613064,-0.508684754189242,-0.7605886834972754,0.14847588177154847
MKT-01179,Campaign 1179,2023-10-26 00:00:00+00:00,2023-11-13 00:00:00+00:00,154814,1420,0.0583,1175263.25,2023,10,4,3,26,0,0,18,109.02394366197183,7.591453292337902,0.16875,0.3254166666666667,2935005.225015562,2755334.291556837,0.0,0.0,0.0,0.0,0.0,1.0,1.0,0.0,0.0,-1.2206850636533044,-1.1307770701475346,1.0053831375687339,-0.9293415537707185,1.1169418618447577
MKT-01180,Campaign 1180,2026-01-27 00:00:00+00:00,2026-02-25 00:00:00+00:00,819210,16029,0.0628,5395973.09,2026,1,1,1,27,0,0,29,51.10799176492607,6.586800808095604,0.16791666666666666,0.3254166666666667,2855926.099785614,2755334.291556837,1.0,0.0,0.0,0.0,0.0,0.0,1.0,0.0,0.0,1.3641157350321491,2.0420466559974635,1.2823467763049488,1.4698609994187732,-1.1175404058309062
MKT-01181,Campaign 1181,2023-08-20 00:00:00+00:00,2023-09-25 00:00:00+00:00,370619,6702,0.0421,1278015.53,2023,8,3,6,20,0,0,36,55.299761265293945,3.4483270690385543,0.1675,0.2520833333333333,2698290.221362763,2828093.8678722903,0.0,1.0,0.0,0.0,0.0,0.0,0.0,0.0,1.0,-0.38110605300255646,0.016382552105725652,0.008314038118359405,-0.8709334798051218,-0.9558157978091658
MKT-01182,Campaign 1182,2025-07-15 00:00:00+00:00,2025-09-15 00:00:00+00:00,337620,7744,0.0565,1542224.38,2025,7,3,1,15,0,0,62,43.59762396694215,4.567929565784017,0.17791666666666667,0.3254166666666667,2915925.030689836,2755334.291556837,0.0,0.0,0.0,1.0,0.0,0.0,1.0,0.0,0.0,-0.5094870811180497,0.2426870440383075,0.894597682074248,-0.7207477121203053,-1.4073013977273963
MKT-01183,Campaign 1183,2024-01-01 00:00:00+00:00,2024-02-10 00:00:00+00:00,475892,6292,0.0304,2950253.62,2024,1,1,0,1,1,0,40,75.63445645263828,6.199418397451523,0.15833333333333333,0.4225,2745646.1699524573,2841772.1179897054,0.0,0.0,1.0,0.0,0.0,0.0,0.0,1.0,0.0,0.02845350858422874,-0.07266240153377392,-0.7117914225957999,0.07962650824388354,-0.17127346834037752
MKT-01184,Campaign 1184,2024-05-14 00:00:00+00:00,2024-06-03 00:00:00+00:00,234870,6623,0.0473,1297855.25,2024,5,2,1,14,0,0,20,35.46278121697116,5.525845148379955,0.16791666666666666,0.3254166666666667,2855926.099785614,2755334.291556837,1.0,0.0,0.0,0.0,0.0,0.0,1.0,0.0,0.0,-0.9092310321125324,-0.0007748901809096304,0.32836090954687486,-0.8596558727951681,-1.7211555480908876
MKT-01185,Campaign 1185,2024-02-06 00:00:00+00:00,2024-04-01 00:00:00+00:00,139684,1539,0.059,925162.26,2024,2,1,1,6,0,0,55,90.76283300844705,6.623251481916325,0.16791666666666666,0.3254166666666667,2855926.099785614,2755334.291556837,1.0,0.0,0.0,0.0,0.0,0.0,1.0,0.0,0.0,-1.2795476035904967,-1.1049323153107042,1.048466370261034,-1.071507908841272,0.41240146137098666
MKT-01186,Campaign 1186,2024-06-02 00:00:00+00:00,2024-08-06 00:00:00+00:00,537496,11047,0.0677,1934719.99,2024,6,2,6,2,0,0,65,48.65538155155246,3.599505838182982,0.15833333333333333,0.4225,2745646.1699524573,2841772.1179897054,0.0,0.0,1.0,0.0,0.0,0.0,0.0,1.0,0.0,0.26812091838533936,0.9600418778706662,1.5839294051510497,-0.4976391580322405,-1.2121657007936073
MKT-01187,Campaign 1187,2025-07-01 00:00:00+00:00,2025-09-02 00:00:00+00:00,803758,16535,0.0236,3957007.18,2025,7,3,1,1,1,0,63,48.60949501058361,4.923132559800338,0.15958333333333333,0.3254166666666667,2694009.023235263,2755334.291556837,0.0,0.0,0.0,0.0,1.0,0.0,1.0,0.0,0.0,1.3040004695259033,2.151941159757431,-1.1303142544638582,0.6519012684497664,-1.2139360707652886
MKT-01188,Campaign 1188,2024-08-16 00:00:00+00:00,2024-10-08 00:00:00+00:00,835250,19022,0.0654,3688386.36,2024,8,3,4,16,0,0,53,43.90968352434024,4.415907045794672,0.15833333333333333,0.4225,2745646.1699524573,2841772.1179897054,0.0,0.0,1.0,0.0,0.0,0.0,0.0,1.0,0.0,1.4265185863601442,2.69207481756581,1.4423702120192068,0.49920757909066665,-1.3952616828539488
MKT-01189,Campaign 1189,2023-03-19 00:00:00+00:00,2023-04-19 00:00:00+00:00,201729,2648,0.0808,1305538.59,2023,3,1,6,19,0,0,31,76.18164652567975,6.471744716922208,0.15833333333333333,0.4225,2745646.1699524573,2841772.1179897054,0.0,0.0,1.0,0.0,0.0,0.0,0.0,1.0,0.0,-1.038164504423074,-0.8640765748565457,2.390201331249809,-0.8552883873143318,-0.15016207372093243
MKT-01190,Campaign 1190,2025-06-03 00:00:00+00:00,2025-08-06 00:00:00+00:00,803242,14764,0.0195,3124710.05,2025,6,2,1,3,0,0,64,54.405445678677864,3.8901228396921472,0.17791666666666667,0.4225,2915925.030689836,2841772.1179897054,0.0,0.0,0.0,1.0,0.0,0.0,0.0,1.0,0.0,1.301992996253756,1.7673103965975439,-1.3826589030901877,0.1787937877165523,-0.9903198032609268
MKT-01191,Campaign 1191,2023-05-10 00:00:00+00:00,2023-07-28 00:00:00+00:00,332589,8705,0.0169,1696268.45,2023,5,2,2,10,0,0,79,38.20666283744974,5.100194083388206,0.17791666666666667,0.2520833333333333,2915925.030689836,2828093.8678722903,0.0,0.0,0.0,1.0,0.0,0.0,0.0,0.0,1.0,-0.5290599455214876,0.4513997280567443,-1.5426823388044453,-0.6331835487312151,-1.6152925755464735
MKT-01192,Campaign 1192,2025-04-20 00:00:00+00:00,2025-05-04 00:00:00+00:00,748254,13628,0.0684,5953597.05,2025,4,2,6,20,0,0,14,54.905635456413265,7.956652486989712,0.1675,0.4225,2698290.221362763,2841772.1179897054,0.0,1.0,0.0,0.0,0.0,0.0,0.0,1.0,0.0,1.0880648173994045,1.5205907201720037,1.6270126378433503,1.7868344184092704,-0.9710217488870783
MKT-01193,Campaign 1193,2025-08-14 00:00:00+00:00,2025-10-23 00:00:00+00:00,300274,2993,0.0363,2149404.29,2025,8,3,3,14,0,0,70,100.32542599398597,7.158143195881095,0.17791666666666667,0.3254166666666667,2915925.030689836,2755334.291556837,0.0,0.0,0.0,1.0,0.0,0.0,1.0,0.0,0.0,-0.6547799044157622,-0.7891485041111131,-0.3486613184749845,-0.37560491729663503,0.7813403073934131
MKT-01194,Campaign 1194,2023-11-16 00:00:00+00:00,2024-01-21 00:00:00+00:00,297041,8369,0.0396,1690143.91,2023,11,4,3,16,0,0,66,35.493009917552875,5.689934756481428,0.15833333333333333,0.4225,2745646.1699524573,2841772.1179897054,0.0,0.0,1.0,0.0,0.0,0.0,0.0,1.0,0.0,-0.6673577359833063,0.37842630263510557,-0.1455546500684265,-0.6366649564948701,-1.7199892805391637
MKT-01195,Campaign 1195,2023-12-09 00:00:00+00:00,2024-01-14 00:00:00+00:00,412941,7155,0.0621,2483366.87,2023,12,4,5,9,0,0,36,57.71362683438155,6.0138539646099565,0.17791666666666667,0.4225,2915925.030689836,2841772.1179897054,0.0,0.0,0.0,1.0,0.0,0.0,0.0,1.0,0.0,-0.21645434016568543,0.11476636673668493,1.2392635436126491,-0.185768632647949,-0.8626853279816604
MKT-01196,Campaign 1196,2024-06-06 00:00:00+00:00,2024-06-23 00:00:00+00:00,707346,12760,0.029,2323723.22,2024,6,2,3,6,0,0,17,55.4346394984326,3.285129512289601,0.1675,0.4225,2698290.221362763,2841772.1179897054,0.0,1.0,0.0,0.0,0.0,0.0,0.0,1.0,0.0,0.9289142038005499,1.3320760378327705,-0.7979578879804,-0.2765157977457728,-0.9506119979859409
MKT-01197,Campaign 1197,2025-04-18 00:00:00+00:00,2025-06-11 00:00:00+00:00,390243,6694,0.0475,3027734.88,2025,4,2,4,18,0,0,54,58.29743053480729,7.758588571736071,0.1675,0.3254166666666667,2698290.221362763,2755334.291556837,0.0,1.0,0.0,0.0,0.0,0.0,1.0,0.0,0.0,-0.3047598214277075,0.014645089595686635,0.3406704046018177,0.12366962986636831,-0.8401613259809043
MKT-01198,Campaign 1198,2025-02-17 00:00:00+00:00,2025-05-13 00:00:00+00:00,828090,15098,0.0214,4119334.13,2025,2,1,0,17,0,0,85,54.84766194197907,4.974500513229239,0.16791666666666666,0.2520833333333333,2855926.099785614,2828093.8678722903,1.0,0.0,0.0,0.0,0.0,0.0,0.0,0.0,1.0,1.3986629494830591,1.839849456391673,-1.2657187000682302,0.7441737173162022,-0.973258452001763
MKT-01199,Campaign 1199,2024-12-22 00:00:00+00:00,2025-03-05 00:00:00+00:00,825936,12369,0.0572,3791787.67,2024,12,4,6,22,0,0,73,66.77467863206402,4.590897684566358,0.17791666666666667,0.3254166666666667,2915925.030689836,2755334.291556837,0.0,0.0,0.0,1.0,0.0,0.0,1.0,0.0,0.0,1.3902829157074668,1.2471575576546137,0.937680914766548,0.5579845849402653,-0.5130966757152896
MKT-01200,Campaign 1200,2023-03-28 00:00:00+00:00,2023-06-11 00:00:00+00:00,773864,7433,0.0572,3862709.61,2023,3,1,1,28,0,0,75,104.11193327055025,4.9914579435146225,0.1675,0.3254166666666667,2698290.221362763,2755334.291556837,0.0,1.0,0.0,0.0,0.0,0.0,1.0,0.0,0.0,1.1876992951119951,0.17514318896054074,0.937680914766548,0.598299154284163,0.9274293051353174
MKT-01201,Campaign 1201,2025-11-20 00:00:00+00:00,2026-01-04 00:00:00+00:00,202227,2188,0.0462,872979.09,2025,11,4,3,20,0,0,45,92.42550274223035,4.3168275749528995,0.1675,0.3254166666666667,2698290.221362763,2755334.291556837,0.0,1.0,0.0,0.0,0.0,0.0,1.0,0.0,0.0,-1.0362270592883271,-0.9639806691837891,0.26065868674468873,-1.1011706905636758,0.4765496954144181
MKT-01202,Campaign 1202,2023-05-04 00:00:00+00:00,2023-05-27 00:00:00+00:00,569836,8824,0.0436,4431058.34,2023,5,2,3,4,0,0,23,64.57796917497734,7.776023873535543,0.15833333333333333,0.4225,2745646.1699524573,2841772.1179897054,0.0,0.0,1.0,0.0,0.0,0.0,0.0,1.0,0.0,0.393938138581559,0.47724448289357463,0.1006352510304312,0.9213689164353572,-0.5978489446207759
MKT-01203,Campaign 1203,2025-01-20 00:00:00+00:00,2025-03-18 00:00:00+00:00,255655,2570,0.0432,901083.13,2025,1,1,0,20,0,0,57,99.47665369649805,3.5246059337779427,0.1675,0.4225,2698290.221362763,2841772.1179897054,0.0,1.0,0.0,0.0,0.0,0.0,0.0,1.0,0.0,-0.8283679856753517,-0.8810168343294261,0.07601626092054556,-1.0851953482447307,0.7485934287544755
MKT-01204,Campaign 1204,2025-08-05 00:00:00+00:00,2025-10-01 00:00:00+00:00,528514,8129,0.0407,3095211.86,2025,8,3,1,5,0,0,57,65.01586911059171,5.856442516186894,0.15958333333333333,0.2520833333333333,2694009.023235263,2828093.8678722903,0.0,0.0,0.0,0.0,1.0,0.0,0.0,0.0,1.0,0.23317687782249316,0.3263024273339351,-0.07785242726624077,0.16202596063406596,-0.5809541236069382
MKT-01205,Campaign 1205,2025-04-14 00:00:00+00:00,2025-06-10 00:00:00+00:00,94123,1212,0.0423,647374.85,2025,4,2,0,14,0,0,57,77.65924092409242,6.877966596899801,0.15958333333333333,0.4225,2694009.023235263,2841772.1179897054,0.0,0.0,0.0,0.0,1.0,0.0,0.0,1.0,0.0,-1.4568004907073788,-1.175951095408549,0.020623533173302226,-1.2294122160740801,-0.09315431724065952
MKT-01206,Campaign 1206,2025-12-04 00:00:00+00:00,2026-03-02 00:00:00+00:00,779095,8751,0.0574,2712942.24,2025,12,4,3,4,0,0,88,89.02925379956577,3.4821712884821494,0.15833333333333333,0.3254166666666667,2745646.1699524573,2755334.291556837,0.0,0.0,1.0,0.0,0.0,0.0,1.0,0.0,0.0,1.2080502499309942,0.4613901374894686,0.9499904098214909,-0.055269774699111054,0.34551743590003486
MKT-01207,Campaign 1207,2023-05-17 00:00:00+00:00,2023-07-29 00:00:00+00:00,325124,3818,0.0149,1996309.26,2023,5,2,2,17,0,0,73,85.15557883708748,6.140147328403932,0.16875,0.2520833333333333,2935005.225015562,2828093.8678722903,0.0,0.0,0.0,0.0,0.0,1.0,0.0,0.0,1.0,-0.5581021702823034,-0.6099726827633396,-1.6657772893538743,-0.46262961237887784,0.1960653811399982
MKT-01208,Campaign 1208,2023-07-25 00:00:00+00:00,2023-08-26 00:00:00+00:00,490207,7111,0.0728,2681160.27,2023,7,3,1,25,0,0,32,68.93643650682041,5.46944509156336,0.17791666666666667,0.3254166666666667,2915925.030689836,2755334.291556837,0.0,0.0,0.0,1.0,0.0,0.0,1.0,0.0,0.0,0.08414533007800996,0.10521032293147034,1.8978215290520941,-0.07333578408140783,-0.42969289005813327
MKT-01209,Campaign 1209,2023-08-12 00:00:00+00:00,2023-10-25 00:00:00+00:00,308009,5242,0.0464,2236808.53,2023,8,3,5,12,0,0,74,58.75791682563907,7.262153151368953,0.1675,0.2520833333333333,2698290.221362763,2828093.8678722903,0.0,1.0,0.0,0.0,0.0,0.0,0.0,0.0,1.0,-0.6246872575939391,-0.3007043559763948,0.2729681817996315,-0.32592121864949314,-0.8223950902950873
MKT-01210,Campaign 1210,2025-11-20 00:00:00+00:00,2025-12-09 00:00:00+00:00,239797,2550,0.0795,1956057.87,2025,11,4,3,20,0,0,19,94.03803921568627,8.15714070651426,0.17791666666666667,0.3254166666666667,2915925.030689836,2755334.291556837,0.0,0.0,0.0,1.0,0.0,0.0,1.0,0.0,0.0,-0.8900627747251864,-0.8853604906045236,2.310189613392681,-0.4855099432517117,0.5387637148321202
MKT-01211,Campaign 1211,2026-01-16 00:00:00+00:00,2026-02-28 00:00:00+00:00,241138,3410,0.0475,816353.07,2026,1,1,4,16,0,0,43,70.71495601173021,3.385418598478879,0.17791666666666667,0.4225,2915925.030689836,2841772.1179897054,0.0,0.0,0.0,1.0,0.0,0.0,0.0,1.0,0.0,-0.8848456784888495,-0.6985832707753294,0.3406704046018177,-1.1333589472577108,-0.3610750021314919
MKT-01212,Campaign 1212,2025-09-10 00:00:00+00:00,2025-10-26 00:00:00+00:00,425231,4875,0.0436,2000145.43,2025,9,3,2,10,0,0,46,87.2268717948718,4.703667959297417,0.16791666666666666,0.2520833333333333,2855926.099785614,2828093.8678722903,1.0,0.0,0.0,0.0,0.0,0.0,0.0,0.0,1.0,-0.1686406841294597,-0.3804104486244346,0.1006352510304312,-0.460448996035332,0.27597889777455137
MKT-01213,Campaign 1213,2025-02-08 00:00:00+00:00,2025-03-24 00:00:00+00:00,699160,9690,0.0535,4775334.57,2025,2,1,5,8,0,0,44,72.15273477812177,6.830102651753533,0.15833333333333333,0.2520833333333333,2745646.1699524573,2828093.8678722903,0.0,0.0,1.0,0.0,0.0,0.0,0.0,0.0,1.0,0.8970669630916367,0.6653247996052981,0.7099552562501044,1.117067848920717,-0.3056033910621691
MKT-01214,Campaign 1214,2023-06-18 00:00:00+00:00,2023-07-12 00:00:00+00:00,783988,7378,0.0234,6706873.32,2023,6,2,6,18,0,0,24,106.26023312550826,8.554816298208646,0.15833333333333333,0.4225,2745646.1699524573,2841772.1179897054,0.0,0.0,1.0,0.0,0.0,0.0,0.0,1.0,0.0,1.227086231947695,0.1631981342040225,-1.1426237495188012,2.215023613770082,1.0103138606734392
MKT-01215,Campaign 1215,2024-05-03 00:00:00+00:00,2024-06-07 00:00:00+00:00,250281,2093,0.0263,2135501.72,2024,5,2,4,3,0,0,35,119.58002866698519,8.532416443917038,0.17791666666666667,0.4225,2915925.030689836,2841772.1179897054,0.0,0.0,0.0,1.0,0.0,0.0,0.0,1.0,0.0,-0.8492752751414767,-0.9846130364905024,-0.9641360712221292,-0.3835076357265509,1.5242110853863031
MKT-01216,Campaign 1216,2023-06-18 00:00:00+00:00,2023-08-31 00:00:00+00:00,34971,291,0.0402,307023.58,2023,6,2,6,18,0,0,74,120.17525773195877,8.779376626347545,0.15833333333333333,0.3254166666666667,2745646.1699524573,2755334.291556837,0.0,0.0,1.0,0.0,0.0,0.0,1.0,0.0,0.0,-1.686928512013711,-1.3759764668767906,-0.10862616490359803,-1.4228800608016594,1.5471758946888068
MKT-01217,Campaign 1217,2023-04-27 00:00:00+00:00,2023-05-12 00:00:00+00:00,189751,4960,0.0446,1510064.35,2023,4,2,3,27,0,0,15,38.25625,7.958136452508815,0.16791666666666666,0.3254166666666667,2855926.099785614,2755334.291556837,1.0,0.0,0.0,0.0,0.0,0.0,1.0,0.0,0.0,-1.0847643394110247,-0.36194990945527006,0.1621827263051457,-0.7390286243392439,-1.613379430172987
MKT-01218,Campaign 1218,2024-07-18 00:00:00+00:00,2024-10-11 00:00:00+00:00,391813,5046,0.0599,1512770.28,2024,7,3,3,18,0,0,85,77.64823622671423,3.8609496877336893,0.16875,0.4225,2935005.225015562,2841772.1179897054,0.0,0.0,0.0,0.0,0.0,1.0,0.0,1.0,0.0,-0.2986518116655534,-0.34327218747235066,1.1038590980082772,-0.7374904768685918,-0.0935788945867489
MKT-01219,Campaign 1219,2025-05-25 00:00:00+00:00,2025-08-11 00:00:00+00:00,563801,8318,0.0447,4361612.02,2025,5,2,6,25,0,0,78,67.78083673960087,7.736084221205708,0.15958333333333333,0.2520833333333333,2694009.023235263,2828093.8678722903,0.0,0.0,0.0,0.0,1.0,0.0,0.0,0.0,1.0,0.3704592602920047,0.3673499791336069,0.1683374738326169,0.8818931423192159,-0.47427762196364315
MKT-01220,Campaign 1220,2025-06-24 00:00:00+00:00,2025-08-12 00:00:00+00:00,792004,18360,0.0667,3267293.5,2025,6,2,1,24,0,0,49,43.13747276688453,4.125349745708355,0.16791666666666666,0.4225,2855926.099785614,2841772.1179897054,1.0,0.0,0.0,0.0,0.0,0.0,0.0,1.0,0.0,1.2582720958033813,2.5482997948600814,1.5223819298763352,0.2598433244652255,-1.425054705120258
MKT-01221,Campaign 1221,2024-12-23 00:00:00+00:00,2025-01-21 00:00:00+00:00,422381,3823,0.004,2557361.99,2024,12,4,0,23,0,0,29,110.48417473188596,6.054633115599424,0.17791666666666667,0.3254166666666667,2915925.030689836,2755334.291556837,0.0,0.0,0.0,1.0,0.0,0.0,1.0,0.0,0.0,-0.1797284725512045,-0.6088867686945652,-2.336644769848262,-0.14370715778770057,1.173279715675295
MKT-01222,Campaign 1222,2024-07-18 00:00:00+00:00,2024-10-17 00:00:00+00:00,507677,5338,0.0723,3251580.83,2024,7,3,3,18,0,0,91,95.10621955788685,6.404822022664017,0.15833333333333333,0.4225,2745646.1699524573,2841772.1179897054,0.0,0.0,1.0,0.0,0.0,0.0,0.0,1.0,0.0,0.15211152787726653,-0.27985480585592654,1.8670477914147368,0.2509116804028553,0.5799756772560454
MKT-01223,Campaign 1223,2026-01-27 00:00:00+00:00,2026-04-25 00:00:00+00:00,374124,4338,0.0369,2509479.67,2026,1,1,1,27,0,0,88,86.24343015214384,6.707614774780554,0.15958333333333333,0.2520833333333333,2694009.023235263,2828093.8678722903,0.0,0.0,0.0,0.0,1.0,0.0,0.0,0.0,1.0,-0.3674700184698493,-0.49703761961080356,-0.3117328333101556,-0.17092518242135724,0.2380362785135265
MKT-01224,Campaign 1224,2025-08-03 00:00:00+00:00,2025-08-31 00:00:00+00:00,373240,3168,0.0543,1455069.33,2025,8,3,6,3,0,0,28,117.81565656565657,3.8984817543671633,0.16875,0.4225,2935005.225015562,2841772.1179897054,0.0,0.0,0.0,0.0,0.0,1.0,0.0,1.0,0.0,-0.37090917810662904,-0.7511415117040097,0.7591932364698761,-0.7702897622517015,1.4561390250149437
MKT-01225,Campaign 1225,2025-06-09 00:00:00+00:00,2025-08-24 00:00:00+00:00,696217,7495,0.0626,5196909.69,2025,6,2,0,9,0,0,76,92.89086057371581,7.464496974362879,0.16875,0.3254166666666667,2935005.225015562,2755334.291556837,0.0,0.0,0.0,0.0,0.0,1.0,1.0,0.0,0.0,0.885617362626656,0.1886085234133431,1.2700372812500063,1.356706237392635,0.4945038822751767
MKT-01226,Campaign 1226,2023-06-02 00:00:00+00:00,2023-08-26 00:00:00+00:00,661161,5611,0.0224,2375175.05,2023,6,2,4,2,0,0,85,117.83300659418998,3.5924306636356347,0.16791666666666666,0.2520833333333333,2855926.099785614,2828093.8678722903,1.0,0.0,0.0,0.0,0.0,0.0,0.0,0.0,1.0,0.7492336745871175,-0.22056389770084514,-1.2041712247935157,-0.24726873585765427,1.4568084145325415
MKT-01227,Campaign 1227,2023-03-14 00:00:00+00:00,2023-06-01 00:00:00+00:00,661394,6938,0.0665,5664851.09,2023,3,1,1,14,0,0,79,95.32920149899107,8.565017357278718,0.1675,0.2520833333333333,2698290.221362763,2828093.8678722903,0.0,1.0,0.0,0.0,0.0,0.0,0.0,0.0,1.0,0.7501401499212461,0.06763769615187662,1.5100724348213928,1.62270087909562,0.5885786471993694
MKT-01228,Campaign 1228,2023-10-12 00:00:00+00:00,2023-11-20 00:00:00+00:00,571933,13608,0.0555,3482966.47,2023,10,4,3,12,0,0,39,42.02917401528513,6.089815537833977,0.15833333333333333,0.4225,2745646.1699524573,2841772.1179897054,0.0,0.0,1.0,0.0,0.0,0.0,0.0,1.0,0.0,0.4020964165887165,1.516247063896906,0.8330502067995335,0.3824395606182327,-1.4678144945499167
MKT-01229,Campaign 1229,2025-10-23 00:00:00+00:00,2025-12-24 00:00:00+00:00,740783,20244,0.0718,3720392.68,2025,10,4,3,23,0,0,62,36.5927188302707,5.022243599002677,0.16791666666666666,0.2520833333333333,2855926.099785614,2828093.8678722903,1.0,0.0,0.0,0.0,0.0,0.0,0.0,0.0,1.0,1.0589992499261218,2.9574722159742697,1.8362740537773794,0.5174011170435624,-1.6775608996771683
MKT-01230,Campaign 1230,2025-04-17 00:00:00+00:00,2025-07-10 00:00:00+00:00,525696,4618,0.0446,2265116.19,2025,4,2,3,17,0,0,84,113.83629276743179,4.308794797753835,0.17791666666666667,0.3254166666666667,2915925.030689836,2755334.291556837,0.0,0.0,0.0,1.0,0.0,0.0,1.0,0.0,0.0,0.22221358386723816,-0.436226431759438,0.1621827263051457,-0.3098301314339786,1.3026093401438346
MKT-01231,Campaign 1231,2023-10-24 00:00:00+00:00,2023-12-24 00:00:00+00:00,886371,10653,0.0434,7422661.8,2023,10,4,1,24,0,0,61,83.2038862292312,8.374215537286306,0.15833333333333333,0.3254166666666667,2745646.1699524573,2755334.291556837,0.0,0.0,1.0,0.0,0.0,0.0,1.0,0.0,0.0,1.625402387029623,0.8744718492512447,0.08832575597548838,2.6219034074210055,0.120766221213198
MKT-01232,Campaign 1232,2024-08-08 00:00:00+00:00,2024-10-31 00:00:00+00:00,226717,3496,0.0316,1632428.5,2024,8,3,3,8,0,0,84,64.8504004576659,7.200291552905163,0.15958333333333333,0.4225,2694009.023235263,2841772.1179897054,0.0,0.0,0.0,0.0,1.0,0.0,0.0,1.0,0.0,-0.9409498879028781,-0.6799055487924099,-0.6379344522661423,-0.6694724614595748,-0.5873381466387303
MKT-01233,Campaign 1233,2023-01-09 00:00:00+00:00,2023-02-06 00:00:00+00:00,605663,6802,0.0321,3825065.2,2023,1,1,0,9,0,0,28,89.04189944134079,6.315500864342052,0.16875,0.2520833333333333,2935005.225015562,2828093.8678722903,0.0,0.0,0.0,0.0,0.0,1.0,0.0,0.0,1.0,0.5333213651730854,0.03810083348121335,-0.6071607146287854,0.5769007241600701,0.34600532328484207
MKT-01234,Campaign 1234,2024-04-16 00:00:00+00:00,2024-05-27 00:00:00+00:00,848748,11420,0.0424,6152413.47,2024,4,2,1,16,0,0,41,74.32119089316988,7.248810565680272,0.15958333333333333,0.2520833333333333,2694009.023235263,2828093.8678722903,0.0,0.0,0.0,0.0,1.0,0.0,0.0,0.0,1.0,1.4790319085063586,1.0410510674012352,0.026778280700773847,1.8998487881627701,-0.22194117748202707
MKT-01235,Campaign 1235,2024-09-25 00:00:00+00:00,2024-12-23 00:00:00+00:00,181849,2952,0.0528,1462323.16,2024,9,3,2,25,0,0,89,61.601964769647694,8.041414360265934,0.15958333333333333,0.2520833333333333,2694009.023235263,2828093.8678722903,0.0,0.0,0.0,0.0,1.0,0.0,0.0,0.0,1.0,-1.115506691729841,-0.798052999475063,0.6668720235578043,-0.7661664256291579,-0.7126675542510694
MKT-01236,Campaign 1236,2025-08-19 00:00:00+00:00,2025-09-03 00:00:00+00:00,94004,1412,0.0554,548981.75,2025,8,3,1,19,0,0,15,66.57507082152975,5.839982873069231,0.15833333333333333,0.2520833333333333,2745646.1699524573,2828093.8678722903,0.0,0.0,1.0,0.0,0.0,0.0,0.0,0.0,1.0,-1.4572634545046377,-1.1325145326575736,0.8268954592720619,-1.2853423760910097,-0.5207978374594886
MKT-01237,Campaign 1237,2025-02-17 00:00:00+00:00,2025-05-07 00:00:00+00:00,41273,452,0.0272,354407.54,2025,2,1,0,17,0,0,79,91.31194690265487,8.586910086497225,0.17791666666666667,0.2520833333333333,2915925.030689836,2828093.8678722903,0.0,0.0,0.0,1.0,0.0,0.0,0.0,0.0,1.0,-1.662410883019383,-1.3410100338622555,-0.9087433434748863,-1.3959453218307785,0.433587079829315
MKT-01238,Campaign 1238,2023-06-10 00:00:00+00:00,2023-07-17 00:00:00+00:00,641945,6943,0.0418,2878567.03,2023,6,2,5,10,0,0,37,92.45931153679966,4.484133422645242,0.16875,0.2520833333333333,2935005.225015562,2828093.8678722903,0.0,0.0,0.0,0.0,0.0,1.0,0.0,0.0,1.0,0.674474747460013,0.068723610220651,-0.010150204464055039,0.03887728446937051,0.47785408823681197
MKT-01239,Campaign 1239,2023-03-09 00:00:00+00:00,2023-04-03 00:00:00+00:00,60235,506,0.047,456797.23,2023,3,1,3,9,0,0,25,119.04150197628458,7.583584792894496,0.16875,0.3254166666666667,2935005.225015562,2755334.291556837,0.0,0.0,0.0,0.0,0.0,1.0,1.0,0.0,0.0,-1.5886401307200408,-1.3292821619194921,0.30989666696446044,-1.3377433570000759,1.5034339367489182
MKT-01240,Campaign 1240,2024-04-14 00:00:00+00:00,2024-06-01 00:00:00+00:00,621771,5830,0.0089,4202166.39,2024,4,2,6,14,0,0,48,106.65025728987993,6.7583827325494426,0.17791666666666667,0.4225,2915925.030689836,2841772.1179897054,0.0,0.0,0.0,1.0,0.0,0.0,0.0,1.0,0.0,0.5959887672423713,-0.17300086148852709,-2.035062141002161,0.7912585388775097,1.0253615642975242
MKT-01241,Campaign 1241,2025-12-21 00:00:00+00:00,2026-02-04 00:00:00+00:00,469187,4588,0.0572,4128370.77,2025,12,4,6,21,0,0,45,102.26394943330428,8.798987972812546,0.15958333333333333,0.3254166666666667,2694009.023235263,2755334.291556837,0.0,0.0,0.0,0.0,1.0,0.0,1.0,0.0,0.0,0.0023680274025449787,-0.4427419161720843,0.937680914766548,0.7493104669583559,0.8561313815059555
MKT-01242,Campaign 1242,2025-11-04 00:00:00+00:00,2026-02-02 00:00:00+00:00,135389,1272,0.0392,1080311.9,2025,11,4,1,4,0,0,90,106.437893081761,7.979318112992931,0.15833333333333333,0.4225,2745646.1699524573,2841772.1179897054,0.0,0.0,1.0,0.0,0.0,0.0,0.0,1.0,0.0,-1.2962570952646701,-1.1629201265832565,-0.17017364017831255,-0.9833152998903496,1.0171682420471315
MKT-01243,Campaign 1243,2023-01-03 00:00:00+00:00,2023-02-14 00:00:00+00:00,305494,8362,0.0436,2667818.96,2023,1,1,1,3,0,0,42,36.53360440086104,8.732803131976405,0.1675,0.4225,2698290.221362763,2841772.1179897054,0.0,1.0,0.0,0.0,0.0,0.0,0.0,1.0,0.0,-0.6344717445696191,0.37690602293882147,0.1006352510304312,-0.08091946223704542,-1.6798416209629803
MKT-01244,Campaign 1244,2025-11-12 00:00:00+00:00,2026-01-18 00:00:00+00:00,108118,877,0.0666,766104.27,2025,11,4,2,12,0,0,67,123.28164196123147,7.0858161453227035,0.16875,0.2520833333333333,2935005.225015562,2828093.8678722903,0.0,0.0,0.0,0.0,0.0,1.0,0.0,0.0,1.0,-1.4023536138784953,-1.2487073380164329,1.5162271823488644,-1.1619221638314206,1.6670247489256524
MKT-01245,Campaign 1245,2023-01-29 00:00:00+00:00,2023-03-08 00:00:00+00:00,310507,2562,0.0274,1993484.26,2023,1,1,6,29,0,0,38,121.19711163153787,6.420094426212613,0.1675,0.2520833333333333,2698290.221362763,2828093.8678722903,0.0,1.0,0.0,0.0,0.0,0.0,0.0,0.0,1.0,-0.6149689083035818,-0.882754296839465,-0.8964338484199432,-0.4642354434996356,1.5866005150908622
MKT-01246,Campaign 1246,2024-02-27 00:00:00+00:00,2024-04-30 00:00:00+00:00,326624,5846,0.0294,1861465.76,2024,2,1,1,27,0,0,63,55.871365035922,5.699108944841775,0.1675,0.3254166666666667,2698290.221362763,2755334.291556837,0.0,1.0,0.0,0.0,0.0,0.0,1.0,0.0,0.0,-0.5522664921655955,-0.16952593646844905,-0.7733388978705144,-0.5392794844963621,-0.9337624869721893
MKT-01247,Campaign 1247,2023-01-17 00:00:00+00:00,2023-04-02 00:00:00+00:00,746716,6742,0.0067,4185369.23,2023,1,1,1,17,0,0,75,110.75585879560961,5.605034886087884,0.16791666666666666,0.2520833333333333,2855926.099785614,2828093.8678722903,1.0,0.0,0.0,0.0,0.0,0.0,0.0,0.0,1.0,1.08208130210374,0.02506986465592073,-2.170466586606533,0.7817104318798651,1.1837616848550423
MKT-01248,Campaign 1248,2024-05-05 00:00:00+00:00,2024-07-08 00:00:00+00:00,91001,1316,0.042,656350.4,2024,5,2,6,5,0,0,64,69.14969604863222,7.2125624993131945,0.17791666666666667,0.4225,2915925.030689836,2841772.1179897054,0.0,0.0,0.0,1.0,0.0,0.0,0.0,1.0,0.0,-1.4689464820942866,-1.1533640827780418,0.002159290590888208,-1.2243101921746407,-0.4214650245222578
MKT-01249,Campaign 1249,2025-04-23 00:00:00+00:00,2025-06-25 00:00:00+00:00,599574,6027,0.0607,2430604.49,2025,4,2,2,23,0,0,63,99.48133399701344,4.053885742210303,0.16791666666666666,0.4225,2855926.099785614,2841772.1179897054,1.0,0.0,0.0,0.0,0.0,0.0,0.0,1.0,0.0,0.5096324024713296,-0.13021584717881632,1.1530970782280485,-0.2157606580671505,0.7487740016047262
MKT-01250,Campaign 1250,2023-03-29 00:00:00+00:00,2023-05-12 00:00:00+00:00,878110,14930,0.0094,4136222.21,2023,3,1,2,29,0,0,44,58.815137307434696,4.710369099543337,0.17791666666666667,0.4225,2915925.030689836,2841772.1179897054,0.0,0.0,0.0,1.0,0.0,0.0,0.0,1.0,0.0,1.5932633624148744,1.8033627436808535,-2.0042884033648036,0.7537735064963247,-0.8201874402827476
MKT-01251,Campaign 1251,2026-02-09 00:00:00+00:00,2026-04-20 00:00:00+00:00,264641,2210,0.0266,1492501.21,2026,2,1,0,9,0,0,70,119.74705882352941,5.639720262544352,0.1675,0.3254166666666667,2698290.221362763,2755334.291556837,0.0,1.0,0.0,0.0,0.0,0.0,1.0,0.0,0.0,-0.7934083833041943,-0.9592026472811818,-0.9456718286397149,-0.7490121417871111,1.5306553535152054
MKT-01252,Campaign 1252,2023-09-04 00:00:00+00:00,2023-11-10 00:00:00+00:00,793100,6856,0.0457,6300308.61,2023,9,3,0,4,0,0,67,115.67969661610269,7.943901916530073,0.16875,0.3254166666666667,2935005.225015562,2755334.291556837,0.0,0.0,0.0,0.0,0.0,1.0,1.0,0.0,0.0,1.2625360312806557,0.04982870542397671,0.22988494910733145,1.9839176796391667,1.3737305611045543
MKT-01253,Campaign 1253,2025-08-10 00:00:00+00:00,2025-09-17 00:00:00+00:00,747842,6895,0.0357,2469968.2,2025,8,3,6,10,0,0,38,108.46149383611312,3.3027941731007355,0.15833333333333333,0.3254166666666667,2745646.1699524573,2755334.291556837,0.0,0.0,1.0,0.0,0.0,0.0,1.0,0.0,0.0,1.0864619511433486,0.05829883516041691,-0.385589803639813,-0.19338491628078533,1.0952417236069771
MKT-01254,Campaign 1254,2023-01-21 00:00:00+00:00,2023-02-25 00:00:00+00:00,873314,21686,0.0358,3631365.63,2023,1,1,5,21,0,0,35,40.27086599649544,4.158144298614244,0.15833333333333333,0.4225,2745646.1699524573,2841772.1179897054,0.0,0.0,1.0,0.0,0.0,0.0,0.0,1.0,0.0,1.5746047542497208,3.2706498334088026,-0.3794350561123418,0.46679495510400365,-1.5356525937333976
MKT-01255,Campaign 1255,2023-08-20 00:00:00+00:00,2023-09-06 00:00:00+00:00,287163,6969,0.0455,2296203.61,2023,8,3,6,20,0,0,17,41.20576840292725,7.996168064827293,0.16791666666666666,0.4225,2855926.099785614,2841772.1179897054,1.0,0.0,0.0,0.0,0.0,0.0,0.0,1.0,0.0,-0.7057876216078659,0.0743703633782778,0.21757545405238862,-0.2921589291330704,-1.4995826893158248
MKT-01256,Campaign 1256,2024-09-05 00:00:00+00:00,2024-11-16 00:00:00+00:00,912401,11053,0.0725,5524448.75,2024,9,3,3,5,0,0,72,82.5478150728309,6.0548473204216124,0.1675,0.3254166666666667,2698290.221362763,2755334.291556837,0.0,1.0,0.0,0.0,0.0,0.0,1.0,0.0,0.0,1.7266708546148921,0.9613449747531955,1.8793572864696793,1.542891163343689,0.09545403489334026
MKT-01257,Campaign 1257,2023-03-30 00:00:00+00:00,2023-04-14 00:00:00+00:00,765105,6702,0.0437,4178736.78,2023,3,1,3,30,0,0,15,114.16069829901522,5.461651381182975,0.17791666666666667,0.2520833333333333,2915925.030689836,2828093.8678722903,0.0,0.0,0.0,1.0,0.0,0.0,0.0,0.0,1.0,1.1536228253624996,0.016382552105725652,0.10678999855790282,0.7779403098915927,1.3151253807874843
MKT-01258,Campaign 1258,2026-02-10 00:00:00+00:00,2026-04-15 00:00:00+00:00,216556,3952,0.0469,738302.11,2026,2,1,1,10,0,0,64,54.79655870445344,3.409289560206136,0.15958333333333333,0.4225,2694009.023235263,2841772.1179897054,0.0,0.0,0.0,0.0,1.0,0.0,0.0,1.0,0.0,-0.9804807714654566,-0.5808701857201861,0.3037419194369888,-1.1777259067525836,-0.9752300897687607
MKT-01259,Campaign 1259,2025-07-22 00:00:00+00:00,2025-09-06 00:00:00+00:00,723623,15489,0.0508,4680319.44,2025,7,3,1,22,0,0,46,46.718509910258895,6.46789756544499,0.1675,0.4225,2698290.221362763,2841772.1179897054,0.0,1.0,0.0,0.0,0.0,0.0,0.0,1.0,0.0,0.992239092270985,1.9247679365698298,0.5437770730083753,1.0630578479660835,-1.2868930461185675
MKT-01260,Campaign 1260,2023-06-18 00:00:00+00:00,2023-08-29 00:00:00+00:00,712728,9348,0.0119,4954224.85,2023,6,2,6,18,0,0,72,76.2439024390244,6.951073691506437,0.1675,0.3254166666666667,2698290.221362763,2755334.291556837,0.0,1.0,0.0,0.0,0.0,0.0,1.0,0.0,0.0,0.9498526168832975,0.5910482773011302,-1.8504197151780175,1.2187554874428623,-0.14776014938281837
MKT-01261,Campaign 1261,2023-12-21 00:00:00+00:00,2024-01-11 00:00:00+00:00,95484,802,0.0483,374336.19,2023,12,4,3,21,0,0,21,119.0573566084788,3.920407502827699,0.15833333333333333,0.4225,2745646.1699524573,2841772.1179897054,0.0,0.0,1.0,0.0,0.0,0.0,0.0,1.0,0.0,-1.4515055854294858,-1.2649960490480485,0.3899083848215894,-1.384617163825579,1.5040456316850814
MKT-01262,Campaign 1262,2025-12-28 00:00:00+00:00,2026-01-22 00:00:00+00:00,429753,3580,0.0184,2962408.89,2025,12,4,6,28,0,0,25,120.04273743016759,6.89328262978967,0.15958333333333333,0.2520833333333333,2694009.023235263,2828093.8678722903,0.0,0.0,0.0,0.0,1.0,0.0,0.0,0.0,1.0,-0.15104805983362468,-0.6616621924370003,-1.4503611258923734,0.08653599880926854,1.5420630673111995
MKT-01263,Campaign 1263,2025-05-13 00:00:00+00:00,2025-07-26 00:00:00+00:00,810317,6821,0.0435,6921238.99,2025,5,2,1,13,0,0,74,118.79739041196305,8.541396749667106,0.15958333333333333,0.2520833333333333,2694009.023235263,2828093.8678722903,0.0,0.0,0.0,0.0,1.0,0.0,0.0,0.0,1.0,1.3295179447042276,0.04222730694255601,0.09448050350295957,2.3368767338083396,1.4940157549882063
MKT-01264,Campaign 1264,2024-04-13 00:00:00+00:00,2024-06-09 00:00:00+00:00,56945,704,0.0606,357249.38,2024,4,2,5,13,0,0,57,80.8877840909091,6.273586443059092,0.16875,0.4225,2935005.225015562,2841772.1179897054,0.0,0.0,0.0,0.0,0.0,1.0,0.0,1.0,0.0,-1.60143971805602,-1.2862799647960266,1.1469423307005773,-1.3943299182512336,0.03140760776234274
MKT-01265,Campaign 1265,2023-11-27 00:00:00+00:00,2024-02-20 00:00:00+00:00,892466,7476,0.0364,3978321.81,2023,11,4,0,27,0,0,85,119.37747458533975,4.4576732446950365,0.15833333333333333,0.4225,2745646.1699524573,2841772.1179897054,0.0,0.0,1.0,0.0,0.0,0.0,0.0,1.0,0.0,1.6491146924438458,0.18448204995200043,-0.3425065709475129,0.6640172670980623,1.5163962521865206
MKT-01266,Campaign 1266,2023-02-27 00:00:00+00:00,2023-03-27 00:00:00+00:00,482260,3909,0.0603,3624819.68,2023,2,1,0,27,0,0,28,123.37170631875159,7.516318334508357,0.1675,0.2520833333333333,2698290.221362763,2828093.8678722903,0.0,1.0,0.0,0.0,0.0,0.0,0.0,0.0,1.0,0.05322790741569216,-0.5902090467116458,1.1284780881181629,0.46307400281199534,1.6704995637778033
MKT-01267,Campaign 1267,2026-01-17 00:00:00+00:00,2026-02-01 00:00:00+00:00,341229,2919,0.0154,1377842.11,2026,1,1,5,17,0,0,15,116.89928057553956,4.037881041763742,0.15958333333333333,0.3254166666666667,2694009.023235263,2755334.291556837,0.0,0.0,0.0,0.0,1.0,0.0,1.0,0.0,0.0,-0.49544643956925083,-0.805220032328974,-1.635003551716517,-0.8141884784448351,1.4207838968789142
MKT-01268,Campaign 1268,2023-07-04 00:00:00+00:00,2023-08-11 00:00:00+00:00,92127,1239,0.0475,397619.99,2023,7,3,1,4,0,0,38,74.35593220338983,4.315998458649473,0.16791666666666666,0.3254166666666667,2855926.099785614,2755334.291556837,1.0,0.0,0.0,0.0,0.0,0.0,1.0,0.0,0.0,-1.464565833054678,-1.1700871594371673,0.3406704046018177,-1.3713818184629247,-0.22060080683975086
MKT-01269,Campaign 1269,2023-03-23 00:00:00+00:00,2023-04-20 00:00:00+00:00,568049,9870,0.0477,4182355.19,2023,3,1,3,23,0,0,28,57.55309017223911,7.362666231258219,0.15833333333333333,0.4225,2745646.1699524573,2841772.1179897054,0.0,0.0,1.0,0.0,0.0,0.0,0.0,1.0,0.0,0.3869859007185211,0.7044177060811759,0.3529798996567605,0.7799971436564285,-0.8688790675839516
MKT-01270,Campaign 1270,2024-06-05 00:00:00+00:00,2024-08-19 00:00:00+00:00,907747,8841,0.004,7324491.18,2024,6,2,2,5,0,0,75,102.67469743241715,8.068868506312882,0.15833333333333333,0.4225,2745646.1699524573,2841772.1179897054,0.0,0.0,1.0,0.0,0.0,0.0,0.0,1.0,0.0,1.7085646906447867,0.4809365907274075,-2.336644769848262,2.5660997129997383,0.8719786410335639
MKT-01271,Campaign 1271,2024-07-06 00:00:00+00:00,2024-09-03 00:00:00+00:00,391517,6676,0.0513,1932883.38,2024,7,3,5,6,0,0,59,58.6454463750749,4.936907924815525,0.15833333333333333,0.3254166666666667,2745646.1699524573,2755334.291556837,0.0,0.0,1.0,0.0,0.0,0.0,1.0,0.0,0.0,-0.2998033854805837,0.01073579894809885,0.5745508106457325,-0.4986831528976193,-0.8267343650404958
MKT-01272,Campaign 1272,2023-08-24 00:00:00+00:00,2023-10-09 00:00:00+00:00,768802,11510,0.004,4840743.06,2023,8,3,3,24,0,0,46,66.79426585577758,6.2964756335181225,0.16875,0.2520833333333333,2935005.225015562,2828093.8678722903,0.0,0.0,0.0,0.0,0.0,1.0,0.0,0.0,1.0,1.1680058266941453,1.0605975206391742,-2.336644769848262,1.1542483759309006,-0.5123409719302816
MKT-01273,Campaign 1273,2023-09-27 00:00:00+00:00,2023-12-25 00:00:00+00:00,306613,3679,0.0458,1947683.29,2023,9,3,2,27,0,0,89,83.34139711878228,6.352252807284753,0.15958333333333333,0.3254166666666667,2694009.023235263,2755334.291556837,0.0,0.0,0.0,0.0,1.0,0.0,1.0,0.0,0.0,-0.6301183286945551,-0.6401610938752675,0.23603969663480306,-0.49027035429145516,0.12607159277750218
MKT-01274,Campaign 1274,2025-02-07 00:00:00+00:00,2025-02-24 00:00:00+00:00,763283,6780,0.0502,5605428.18,2025,2,1,4,7,0,0,17,112.57861356932153,7.343839938790723,0.15958333333333333,0.2520833333333333,2694009.023235263,2828093.8678722903,0.0,0.0,0.0,0.0,1.0,0.0,0.0,0.0,1.0,1.1465344216767386,0.03332281157860606,0.5068485878435468,1.5889227700110238,1.2540862342541554
MKT-01275,Campaign 1275,2024-09-02 00:00:00+00:00,2024-11-16 00:00:00+00:00,884656,11311,0.0362,3663129.55,2024,9,3,0,2,0,0,75,78.21200601184688,4.140738942594635,0.17791666666666667,0.4225,2915925.030689836,2841772.1179897054,0.0,0.0,0.0,1.0,0.0,0.0,0.0,1.0,0.0,1.6187302617161872,1.0173781407019538,-0.3548160660024557,0.48485070422020127,-0.07182783038651631
MKT-01276,Campaign 1276,2023-09-30 00:00:00+00:00,2023-12-22 00:00:00+00:00,88280,2098,0.0457,322269.68,2023,9,3,5,30,0,1,83,42.07816968541468,3.650540099682827,0.1675,0.4225,2698290.221362763,2841772.1179897054,0.0,1.0,0.0,0.0,0.0,0.0,0.0,1.0,0.0,-1.4795324021979945,-0.983527122421728,0.22988494910733145,-1.4142136318281429,-1.4659241698205232
MKT-01277,Campaign 1277,2024-04-04 00:00:00+00:00,2024-04-18 00:00:00+00:00,261528,2999,0.0792,1909340.53,2024,4,2,3,4,0,0,14,87.2050683561187,7.300711701997492,0.16791666666666666,0.4225,2855926.099785614,2841772.1179897054,1.0,0.0,0.0,0.0,0.0,0.0,0.0,1.0,0.0,-0.8055193606224018,-0.7878454072285839,2.291725370810267,-0.5120657515529575,0.2751376891666923
MKT-01278,Campaign 1278,2025-06-10 00:00:00+00:00,2025-07-02 00:00:00+00:00,24951,594,0.0342,212404.1,2025,6,2,1,10,0,0,22,42.005050505050505,8.512849184401427,0.16875,0.4225,2935005.225015562,2841772.1179897054,0.0,0.0,0.0,0.0,0.0,1.0,0.0,1.0,0.0,-1.725910841833319,-1.310170074309063,-0.4779110165518848,-1.4766651601340177,-1.4687452149143025
MKT-01279,Campaign 1279,2026-02-12 00:00:00+00:00,2026-03-12 00:00:00+00:00,712222,12636,0.0243,6091855.36,2026,2,1,3,12,0,0,28,56.36451408673631,8.553309726461693,0.1675,0.3254166666666667,2698290.221362763,2755334.291556837,0.0,1.0,0.0,0.0,0.0,0.0,1.0,0.0,0.0,0.9478840481319281,1.3051453689271657,-1.0872310217715582,1.8654253907637373,-0.9147360741572104
MKT-01280,Campaign 1280,2023-08-29 00:00:00+00:00,2023-10-20 00:00:00+00:00,259370,5765,0.0756,2024860.3,2023,8,3,1,29,0,0,52,44.990459670424976,7.806840806569765,0.16791666666666666,0.4225,2855926.099785614,2841772.1179897054,1.0,0.0,0.0,0.0,0.0,0.0,0.0,1.0,0.0,-0.8139149562063055,-0.1871177443825941,2.0701544598212944,-0.44640017925958636,-1.3535637558640554
MKT-01281,Campaign 1281,2023-08-08 00:00:00+00:00,2023-09-23 00:00:00+00:00,889766,10206,0.046,7441177.36,2023,8,3,1,8,0,0,46,87.18067803252988,8.363072268439119,0.17791666666666667,0.4225,2915925.030689836,2841772.1179897054,0.0,0.0,0.0,1.0,0.0,0.0,0.0,1.0,0.0,1.6386104718337717,0.7773911315028146,0.2483491916897459,2.6324283144887075,0.27419667475223586
MKT-01282,Campaign 1282,2024-11-06 00:00:00+00:00,2024-12-27 00:00:00+00:00,767988,13437,0.0614,3484576.5,2024,11,4,2,6,0,0,51,57.154722036168785,4.5372798793731155,0.15833333333333333,0.4225,2745646.1699524573,2841772.1179897054,0.0,0.0,1.0,0.0,0.0,0.0,0.0,1.0,0.0,1.164838998702812,1.4791088027448223,1.196180310920349,0.3833547593011896,-0.884248693859602
MKT-01283,Campaign 1283,2024-03-20 00:00:00+00:00,2024-06-02 00:00:00+00:00,150020,1659,0.0166,503511.96,2024,3,1,2,20,0,0,74,90.42796865581676,3.3562988934808695,0.15833333333333333,0.4225,2745646.1699524573,2841772.1179897054,0.0,0.0,1.0,0.0,0.0,0.0,0.0,1.0,0.0,-1.2393358909143024,-1.078870377660119,-1.5611465813868595,-1.311189032316255,0.39948190408978723
MKT-01284,Campaign 1284,2024-08-23 00:00:00+00:00,2024-10-07 00:00:00+00:00,541092,5721,0.004,2280523.57,2024,8,3,4,23,0,0,45,94.57996853696906,4.214668799390861,0.16791666666666666,0.4225,2855926.099785614,2841772.1179897054,1.0,0.0,0.0,0.0,0.0,0.0,0.0,1.0,0.0,0.28211098405712676,-0.19667378818780867,-2.336644769848262,-0.3010720251354512,0.5596721419420211
MKT-01285,Campaign 1285,2024-07-24 00:00:00+00:00,2024-10-23 00:00:00+00:00,429632,5522,0.0287,2834069.19,2024,7,3,2,24,0,0,91,77.80369431365447,6.5965039615298675,0.1675,0.3254166666666667,2698290.221362763,2755334.291556837,0.0,1.0,0.0,0.0,0.0,0.0,1.0,0.0,0.0,-0.1515188045350391,-0.2398931681250292,-0.8164221305628144,0.013583119415035212,-0.08758109385557462
MKT-01286,Campaign 1286,2025-07-13 00:00:00+00:00,2025-07-27 00:00:00+00:00,606442,17240,0.0397,3730380.93,2025,7,3,6,13,0,0,14,35.17645011600928,6.151257548124965,0.16875,0.3254166666666667,2935005.225015562,2755334.291556837,0.0,0.0,0.0,0.0,0.0,1.0,1.0,0.0,0.0,0.5363520273416956,2.3050550434546193,-0.1393999025409553,0.5230787958725565,-1.73220262142434
MKT-01287,Campaign 1287,2023-02-19 00:00:00+00:00,2023-03-19 00:00:00+00:00,552311,14623,0.0341,4752841.89,2023,2,1,6,19,0,0,28,37.77001983177187,8.605372498465538,0.17791666666666667,0.2520833333333333,2915925.030689836,2828093.8678722903,0.0,0.0,0.0,1.0,0.0,0.0,0.0,0.0,1.0,0.32575796591802314,1.7366876198581063,-0.48406576407935636,1.1042822044841698,-1.632138902362032
MKT-01288,Campaign 1288,2024-11-30 00:00:00+00:00,2025-01-02 00:00:00+00:00,134060,1710,0.0341,506264.05,2024,11,4,5,30,0,1,33,78.39766081871345,3.7763990004475607,0.15958333333333333,0.4225,2694009.023235263,2841772.1179897054,0.0,0.0,0.0,0.0,1.0,0.0,0.0,1.0,0.0,-1.3014275060760732,-1.0677940541586204,-0.48406576407935636,-1.3096246458493077,-0.0646649959641531
MKT-01289,Campaign 1289,2026-02-10 00:00:00+00:00,2026-03-04 00:00:00+00:00,588123,10910,0.0125,2591111.54,2026,2,1,1,10,0,0,22,53.90678276810266,4.405730671985282,0.15958333333333333,0.3254166666666667,2694009.023235263,2755334.291556837,0.0,0.0,0.0,0.0,1.0,0.0,1.0,0.0,0.0,0.46508283572838244,0.930287832386248,-1.813491230013189,-0.12452270550395962,-1.0095589488629637
MKT-01290,Campaign 1290,2024-08-15 00:00:00+00:00,2024-09-10 00:00:00+00:00,433587,5529,0.046,1428008.7,2024,8,3,3,15,0,0,26,78.42051003798156,3.2934767416919786,0.16791666666666666,0.3254166666666667,2855926.099785614,2755334.291556837,1.0,0.0,0.0,0.0,0.0,0.0,1.0,0.0,0.0,-0.1361320665673196,-0.23837288842874504,0.2483491916897459,-0.785671992977829,-0.0637834396120174
MKT-01291,Campaign 1291,2023-07-12 00:00:00+00:00,2023-08-02 00:00:00+00:00,300624,3459,0.0382,1377307.13,2023,7,3,2,12,0,0,21,86.91066782307026,4.58149425860876,0.16791666666666666,0.4225,2855926.099785614,2841772.1179897054,1.0,0.0,0.0,0.0,0.0,0.0,0.0,1.0,0.0,-0.6534182461885304,-0.6879413129013404,-0.2317211154530271,-0.8144925802264221,0.26377928532209327
MKT-01292,Campaign 1292,2025-11-07 00:00:00+00:00,2025-12-03 00:00:00+00:00,437437,5682,0.0072,2384989.03,2025,11,4,4,7,0,0,26,76.98644843365012,5.452188612303028,0.15833333333333333,0.4225,2745646.1699524573,2841772.1179897054,0.0,0.0,1.0,0.0,0.0,0.0,0.0,1.0,0.0,-0.12115382606776963,-0.20514391792424888,-2.1396928489691756,-0.24169011833464762,-0.11911163712363516
MKT-01293,Campaign 1293,2023-06-29 00:00:00+00:00,2023-08-13 00:00:00+00:00,857011,10275,0.0375,4516147.34,2023,6,2,3,29,0,0,45,83.40739659367397,5.269649211036964,0.16875,0.4225,2935005.225015562,2841772.1179897054,0.0,0.0,0.0,0.0,0.0,1.0,0.0,1.0,0.0,1.5111787140252628,0.7923767456519012,-0.27480434814532717,0.9697365497925796,0.12861794920420014
MKT-01294,Campaign 1294,2025-10-10 00:00:00+00:00,2025-11-02 00:00:00+00:00,901452,7390,0.0403,3126159.85,2025,10,4,4,10,0,0,23,121.98267929634642,3.4679160399000724,0.17791666666666667,0.3254166666666667,2915925.030689836,2755334.291556837,0.0,0.0,0.0,1.0,0.0,0.0,1.0,0.0,0.0,1.6840742948150031,0.165804327969081,-0.1024714173761264,0.17961790593208327,1.6169088664099334
MKT-01295,Campaign 1295,2024-11-22 00:00:00+00:00,2025-01-12 00:00:00+00:00,313196,3407,0.0593,2017400.73,2024,11,4,4,22,0,0,51,91.9272086879953,6.441336192033104,0.16791666666666666,0.4225,2855926.099785614,2841772.1179897054,1.0,0.0,0.0,0.0,0.0,0.0,0.0,1.0,0.0,-0.6045074826663636,-0.699234819216594,1.0669306128434484,-0.4506404658625849,0.4573247808303375
MKT-01296,Campaign 1296,2025-10-11 00:00:00+00:00,2025-12-28 00:00:00+00:00,716321,13593,0.0338,3403742.6,2025,10,4,5,11,0,0,78,52.69778562495402,4.751700145605113,0.15958333333333333,0.3254166666666667,2694009.023235263,2755334.291556837,0.0,0.0,0.0,0.0,1.0,0.0,1.0,0.0,0.0,0.9638310111988515,1.512989321690583,-0.5025300066617708,0.3374058770950951,-1.0562038297558558
MKT-01297,Campaign 1297,2023-04-08 00:00:00+00:00,2023-05-30 00:00:00+00:00,725734,14635,0.0579,2555791.36,2023,4,2,5,8,0,0,52,49.58893064571233,3.521664080778908,0.16875,0.4225,2935005.225015562,2841772.1179897054,0.0,0.0,0.0,0.0,0.0,1.0,0.0,1.0,0.0,1.0004518366072317,1.7392938136231648,0.9807641474588482,-0.14459996010033643,-1.1761480091460093
MKT-01298,Campaign 1298,2023-09-30 00:00:00+00:00,2023-10-21 00:00:00+00:00,138987,1152,0.0561,755617.14,2023,9,3,5,30,0,1,21,120.6484375,5.4366029916467005,0.16875,0.3254166666666667,2935005.225015562,2755334.291556837,0.0,0.0,0.0,0.0,0.0,1.0,1.0,0.0,0.0,-1.282259248688727,-1.1889820642338416,0.869978691964362,-1.1678834239098035,1.5654318633205675
MKT-01299,Campaign 1299,2025-08-07 00:00:00+00:00,2025-09-30 00:00:00+00:00,475733,3860,0.0292,3995754.18,2025,8,3,3,7,0,0,54,123.24689119170985,8.399152844137364,0.16875,0.4225,2935005.225015562,2841772.1179897054,0.0,0.0,0.0,0.0,0.0,1.0,0.0,1.0,0.0,0.027834926703857718,-0.6008510045856348,-0.7856483929254572,0.6739264501970227,1.66568401332966
MKT-01300,Campaign 1300,2025-04-06 00:00:00+00:00,2025-05-15 00:00:00+00:00,432059,5666,0.0531,3595841.25,2025,4,2,6,6,0,0,39,76.25467702082598,8.322569949937392,0.15958333333333333,0.4225,2694009.023235263,2841772.1179897054,0.0,0.0,0.0,0.0,1.0,0.0,0.0,1.0,0.0,-0.14207667734220591,-0.20861884294432692,0.6853362661402188,0.4466016259182965,-0.14734445023278006
MKT-01301,Campaign 1301,2025-01-02 00:00:00+00:00,2025-03-22 00:00:00+00:00,448361,3984,0.0606,1947903.07,2025,1,1,3,2,0,0,79,112.54041164658635,4.344497112817574,0.15958333333333333,0.4225,2694009.023235263,2841772.1179897054,0.0,0.0,0.0,0.0,1.0,0.0,0.0,1.0,0.0,-0.0786545275698258,-0.57392033568003,1.1469423307005773,-0.49014542347243917,1.2526123481114462
MKT-01302,Campaign 1302,2025-01-06 00:00:00+00:00,2025-03-06 00:00:00+00:00,713833,7729,0.0598,3018308.15,2025,1,1,0,6,0,0,59,92.35774356320351,4.22831131371063,0.16875,0.3254166666666667,2935005.225015562,2755334.291556837,0.0,0.0,0.0,0.0,0.0,1.0,1.0,0.0,0.0,0.9541515664292721,0.23942930183198433,1.0977043504808055,0.11831113910495934,0.47393544702432217
MKT-01303,Campaign 1303,2026-01-11 00:00:00+00:00,2026-02-13 00:00:00+00:00,884169,22686,0.0479,6085167.29,2026,1,1,6,11,0,0,33,38.97421317111875,6.882357660130586,0.16875,0.4225,2935005.225015562,2841772.1179897054,0.0,0.0,0.0,0.0,0.0,1.0,0.0,1.0,0.0,1.6168356115542961,3.4878326471636796,0.3652893947117033,1.861623652376549,-1.585679359257104
MKT-01304,Campaign 1304,2025-09-03 00:00:00+00:00,2025-09-20 00:00:00+00:00,725842,6940,0.0406,5947032.17,2025,9,3,2,3,0,0,17,104.58818443804034,8.193287478542162,0.17791666666666667,0.4225,2915925.030689836,2841772.1179897054,0.0,0.0,0.0,1.0,0.0,0.0,0.0,1.0,0.0,1.0008720054316347,0.06807206177938638,-0.08400717479371239,1.7831027056276636,0.9458037728572357
MKT-01305,Campaign 1305,2023-09-22 00:00:00+00:00,2023-11-08 00:00:00+00:00,93375,1368,0.0204,579518.86,2023,9,3,4,22,0,0,47,68.25657894736842,6.206359946452476,0.17791666666666667,0.2520833333333333,2915925.030689836,2828093.8678722903,0.0,0.0,0.0,1.0,0.0,0.0,0.0,0.0,1.0,-1.4597105488615771,-1.1420705764627883,-1.3272661753429444,-1.267983989692425,-0.4559227906534166
MKT-01306,Campaign 1306,2024-12-27 00:00:00+00:00,2025-02-19 00:00:00+00:00,428382,4925,0.0612,2782460.65,2024,12,4,4,27,0,0,54,86.98111675126904,6.495279096694072,0.17791666666666667,0.3254166666666667,2915925.030689836,2755334.291556837,0.0,0.0,0.0,1.0,0.0,0.0,1.0,0.0,0.0,-0.15638186963229558,-0.3695513079366908,1.1838708158654057,-0.015753022046511477,0.26649730817556855
MKT-01307,Campaign 1307,2025-01-23 00:00:00+00:00,2025-02-11 00:00:00+00:00,880764,7650,0.0188,5791555.65,2025,1,1,3,23,0,0,19,115.13254901960784,6.575604418436721,0.16791666666666666,0.2520833333333333,2855926.099785614,2828093.8678722903,1.0,0.0,0.0,0.0,0.0,0.0,0.0,0.0,1.0,1.6035886222293694,0.22227185954534903,-1.4257421357824878,1.6947242863840852,1.3526208052925037
MKT-01308,Campaign 1308,2023-08-09 00:00:00+00:00,2023-09-28 00:00:00+00:00,760999,9234,0.0395,5225449.87,2023,8,3,2,9,0,0,50,82.41271388347411,6.866566013884381,0.16791666666666666,0.2520833333333333,2855926.099785614,2828093.8678722903,1.0,0.0,0.0,0.0,0.0,0.0,0.0,0.0,1.0,1.1376486291310315,0.5662894365330742,-0.1517093975958981,1.372929497299193,0.09024163309260191
MKT-01309,Campaign 1309,2023-11-09 00:00:00+00:00,2024-01-20 00:00:00+00:00,826040,9418,0.0595,6844259.5,2023,11,4,3,9,0,0,72,87.7086430239966,8.28562720933611,0.17791666666666667,0.4225,2915925.030689836,2841772.1179897054,0.0,0.0,0.0,1.0,0.0,0.0,0.0,1.0,0.0,1.3906875227235584,0.6062510742639715,1.079240107898391,2.2931188362146906,0.29456633756090483
MKT-01310,Campaign 1310,2023-11-27 00:00:00+00:00,2024-02-15 00:00:00+00:00,446826,4149,0.0262,3050716.37,2023,11,4,0,27,0,0,80,107.69486623282718,6.827526531580526,0.1675,0.4225,2698290.221362763,2841772.1179897054,0.0,1.0,0.0,0.0,0.0,0.0,0.0,1.0,0.0,-0.08462637150925675,-0.5380851714104753,-0.9702908187496005,0.13673313140384888,1.0656641076075326
MKT-01311,Campaign 1311,2025-04-09 00:00:00+00:00,2025-06-18 00:00:00+00:00,741207,6891,0.042,2888658.39,2025,4,2,2,9,0,0,70,107.5616020896822,3.8972357114814082,0.16875,0.2520833333333333,2935005.225015562,2828093.8678722903,0.0,0.0,0.0,0.0,0.0,1.0,0.0,0.0,1.0,1.0606488016071114,0.057430103905397406,0.002159290590888208,0.04461357471318294,1.060522581740811
MKT-01312,Campaign 1312,2024-07-11 00:00:00+00:00,2024-08-03 00:00:00+00:00,48158,525,0.0169,402272.48,2024,7,3,3,11,0,0,23,91.72952380952381,8.353180779932721,0.16875,0.2520833333333333,2935005.225015562,2828093.8678722903,0.0,0.0,0.0,0.0,0.0,1.0,0.0,0.0,1.0,-1.635625120463694,-1.3251556884581495,-1.5426823388044453,-1.3687371766112384,0.44969780862210385
MKT-01313,Campaign 1313,2024-08-03 00:00:00+00:00,2024-09-07 00:00:00+00:00,419794,10933,0.0363,2306853.02,2024,8,3,5,3,0,0,35,38.3969633220525,5.4952024564429225,0.17791666666666667,0.3254166666666667,2915925.030689836,2755334.291556837,0.0,0.0,0.0,1.0,0.0,0.0,1.0,0.0,0.0,-0.1897930720764865,0.9352830371026102,-0.3486613184749845,-0.2861054232938815,-1.6079505040714013
MKT-01314,Campaign 1314,2024-09-28 00:00:00+00:00,2024-10-16 00:00:00+00:00,750411,6600,0.0261,2433485.5,2024,9,3,5,28,0,0,18,113.69863636363637,3.2428702404415715,0.16791666666666666,0.3254166666666667,2855926.099785614,2755334.291556837,1.0,0.0,0.0,0.0,0.0,0.0,1.0,0.0,0.0,1.0964565225312302,-0.005770094897271801,-0.9764455662770719,-0.2141229888575173,1.297298354426814
MKT-01315,Campaign 1315,2023-06-02 00:00:00+00:00,2023-07-28 00:00:00+00:00,473751,5195,0.0295,3111056.32,2023,6,2,4,2,0,0,56,91.19364773820982,6.566859637235594,0.15958333333333333,0.4225,2694009.023235263,2841772.1179897054,0.0,0.0,0.0,0.0,1.0,0.0,0.0,1.0,0.0,0.02012405068564784,-0.310911948222874,-0.767184150343043,0.17103251884985382,0.42902292476365694
MKT-01316,Campaign 1316,2024-05-05 00:00:00+00:00,2024-05-30 00:00:00+00:00,914836,10886,0.0512,7415542.99,2024,5,2,6,5,0,0,25,84.03784677567518,8.10587142394921,0.1675,0.3254166666666667,2698290.221362763,2755334.291556837,0.0,1.0,0.0,0.0,0.0,0.0,1.0,0.0,0.0,1.7361441054243476,0.925075444856131,0.5683960631182613,2.6178568209994975,0.1529416407985096
MKT-01317,Campaign 1317,2024-03-01 00:00:00+00:00,2024-03-21 00:00:00+00:00,52386,470,0.0527,355827.89,2024,3,1,4,1,1,0,20,111.45957446808511,6.7924233573855615,0.1675,0.3254166666666667,2698290.221362763,2755334.291556837,0.0,1.0,0.0,0.0,0.0,0.0,1.0,0.0,0.0,-1.6191762890787338,-1.3371007432146678,0.6607172760303327,-1.3951379440494092,1.2109120664015152
MKT-01318,Campaign 1318,2025-09-18 00:00:00+00:00,2025-11-08 00:00:00+00:00,268757,3900,0.0329,894913.71,2025,9,3,3,18,0,0,51,68.91205128205128,3.32982474875073,0.1675,0.2520833333333333,2698290.221362763,2828093.8678722903,0.0,1.0,0.0,0.0,0.0,0.0,0.0,0.0,1.0,-0.7773952825519481,-0.5921636920354397,-0.5579227344090137,-1.0887022674068636,-0.4306337077526568
MKT-01319,Campaign 1319,2023-04-04 00:00:00+00:00,2023-06-10 00:00:00+00:00,414811,9455,0.0465,2551862.18,2023,4,2,1,4,0,0,67,43.87213114754098,6.151867187707173,0.15833333333333333,0.2520833333333333,2745646.1699524573,2828093.8678722903,0.0,0.0,1.0,0.0,0.0,0.0,0.0,0.0,1.0,-0.20917919478018973,0.614286838372902,0.27912292932710314,-0.14683344665717124,-1.3967105085629032
MKT-01320,Campaign 1320,2025-09-07 00:00:00+00:00,2025-09-29 00:00:00+00:00,618728,10650,0.0347,4630484.83,2025,9,3,6,7,0,0,22,58.096525821596245,7.48387793990251,0.16875,0.3254166666666667,2935005.225015562,2755334.291556837,0.0,0.0,0.0,0.0,0.0,1.0,1.0,0.0,0.0,0.5841501215696101,0.87382030080998,-0.4471372789145275,1.0347300718142873,-0.8479125241302599
MKT-01321,Campaign 1321,2025-12-01 00:00:00+00:00,2025-12-29 00:00:00+00:00,279399,2385,0.0364,1575695.84,2025,12,4,0,1,1,0,28,117.14842767295598,5.639590120222334,0.15958333333333333,0.3254166666666667,2694009.023235263,2755334.291556837,0.0,0.0,0.0,0.0,1.0,0.0,1.0,0.0,0.0,-0.7359930915399454,-0.9211956548740783,-0.3425065709475129,-0.7017213361467841,1.4303963568831886
MKT-01322,Campaign 1322,2025-05-11 00:00:00+00:00,2025-07-12 00:00:00+00:00,383749,3615,0.0236,1713435.66,2025,5,2,6,11,0,0,62,106.15463347164592,4.464990553721313,0.15958333333333333,0.4225,2694009.023235263,2841772.1179897054,0.0,0.0,0.0,0.0,1.0,0.0,0.0,1.0,0.0,-0.33002441722097436,-0.6540607939555796,-1.1303142544638582,-0.6234250920676458,1.0062396713301034
MKT-01323,Campaign 1323,2025-12-28 00:00:00+00:00,2026-02-22 00:00:00+00:00,502067,6345,0.0338,4279523.52,2025,12,4,6,28,0,0,56,79.12797478329394,8.523809611067845,0.15958333333333333,0.4225,2694009.023235263,2841772.1179897054,0.0,0.0,0.0,0.0,1.0,0.0,0.0,1.0,0.0,0.13028609172077946,-0.06115171240476543,-0.5025300066617708,0.8352311005647665,-0.036488413343325
MKT-01324,Campaign 1324,2024-05-27 00:00:00+00:00,2024-08-10 00:00:00+00:00,384284,3529,0.0106,1351661.85,2024,5,2,0,27,0,0,75,108.89317086993482,3.5173513599317174,0.16875,0.3254166666666667,2935005.225015562,2755334.291556837,0.0,0.0,0.0,0.0,0.0,1.0,1.0,0.0,0.0,-0.3279430253593486,-0.6727385159384991,-1.9304314330351464,-0.829070275350155,1.1118964559534659
MKT-01325,Campaign 1325,2023-07-17 00:00:00+00:00,2023-08-05 00:00:00+00:00,499219,4401,0.0758,1728877.73,2023,7,3,0,17,0,0,19,113.4330833901386,3.46316492361068,0.17791666666666667,0.2520833333333333,2915925.030689836,2828093.8678722903,0.0,0.0,0.0,1.0,0.0,0.0,0.0,0.0,1.0,0.11920608420319029,-0.4833551023442463,2.082463954876238,-0.6146472667313913,1.2870529316896706
MKT-01326,Campaign 1326,2025-05-26 00:00:00+00:00,2025-07-22 00:00:00+00:00,845498,7901,0.0614,5726064.84,2025,5,2,0,26,0,0,57,107.01151752942665,6.772416776858136,0.16875,0.2520833333333333,2935005.225015562,2828093.8678722903,0.0,0.0,0.0,0.0,0.0,1.0,0.0,0.0,1.0,1.4663879392534918,0.27678474579782314,1.196180310920349,1.65749696573926,1.0392995135643925
MKT-01327,Campaign 1327,2023-05-20 00:00:00+00:00,2023-07-10 00:00:00+00:00,542186,4349,0.0813,2690133.35,2023,5,2,5,20,0,0,51,124.6691193377788,4.961642960164962,0.1675,0.4225,2698290.221362763,2841772.1179897054,0.0,1.0,0.0,0.0,0.0,0.0,0.0,1.0,0.0,0.28636713863024565,-0.4946486086594999,2.4209750688871665,-0.06823516421838172,1.7205556586861857
MKT-01328,Campaign 1328,2025-09-14 00:00:00+00:00,2025-10-25 00:00:00+00:00,883908,7285,0.0602,7357307.12,2025,9,3,6,14,0,0,41,121.33260123541524,8.32361186910855,0.17791666666666667,0.4225,2915925.030689836,2841772.1179897054,0.0,0.0,0.0,1.0,0.0,0.0,0.0,1.0,0.0,1.6158202035619889,0.14300013252481894,1.1223233405906912,2.5847534679409483,1.5918279024928093
MKT-01329,Campaign 1329,2024-10-23 00:00:00+00:00,2024-12-27 00:00:00+00:00,361676,4226,0.0471,2798386.76,2024,10,4,2,23,0,0,65,85.58353052531945,7.737275240823278,0.16791666666666666,0.3254166666666667,2855926.099785614,2755334.291556837,1.0,0.0,0.0,0.0,0.0,0.0,1.0,0.0,0.0,-0.41589836593436824,-0.5213620947513498,0.316051414491932,-0.006700051048065306,0.2125763841962215
MKT-01330,Campaign 1330,2024-11-27 00:00:00+00:00,2025-01-14 00:00:00+00:00,116121,1220,0.0072,684799.38,2024,11,4,2,27,0,0,48,95.1811475409836,5.897291445991681,0.15833333333333333,0.2520833333333333,2745646.1699524573,2828093.8678722903,0.0,0.0,1.0,0.0,0.0,0.0,0.0,0.0,1.0,-1.3712183258998203,-1.17421363289851,-2.1396928489691756,-1.2081387736125826,0.5828665086090382
MKT-01331,Campaign 1331,2024-09-02 00:00:00+00:00,2024-11-28 00:00:00+00:00,686132,5527,0.0588,4013742.46,2024,9,3,0,2,0,0,87,124.1418491043966,5.849810911020037,0.15958333333333333,0.4225,2694009.023235263,2841772.1179897054,0.0,0.0,0.0,0.0,1.0,0.0,0.0,1.0,0.0,0.8463821534219907,-0.2388072540562548,1.036156875206091,0.6841516324387584,1.7002128006621975
MKT-01332,Campaign 1332,2024-11-27 00:00:00+00:00,2024-12-29 00:00:00+00:00,673800,5774,0.0638,5225999.58,2024,11,4,2,27,0,0,32,116.6955316937998,7.756010062333036,0.15958333333333333,0.3254166666666667,2694009.023235263,2755334.291556837,0.0,0.0,0.0,0.0,1.0,0.0,1.0,0.0,0.0,0.7984050983984973,-0.18516309905880018,1.3438942515796632,1.3732419721400395,1.4129229665411798
MKT-01333,Campaign 1333,2025-10-02 00:00:00+00:00,2025-12-16 00:00:00+00:00,182870,2335,0.024,1362121.85,2025,10,4,3,2,0,0,75,78.3169164882227,7.448580138896484,0.15958333333333333,0.4225,2694009.023235263,2841772.1179897054,0.0,0.0,0.0,0.0,1.0,0.0,0.0,1.0,0.0,-1.111534540158402,-0.9320547955618221,-1.1056952643539724,-0.8231244369348892,-0.0677802305202153
MKT-01334,Campaign 1334,2023-09-27 00:00:00+00:00,2023-12-16 00:00:00+00:00,180353,3269,0.0512,1215375.5,2023,9,3,2,27,0,0,80,55.17069440195778,6.738870437419949,0.15958333333333333,0.3254166666666667,2694009.023235263,2755334.291556837,0.0,0.0,0.0,0.0,1.0,0.0,1.0,0.0,0.0,-1.1213268080382377,-0.729206047514767,0.5683960631182613,-0.906540315054395,-0.9607953864720932
MKT-01335,Campaign 1335,2024-07-09 00:00:00+00:00,2024-10-04 00:00:00+00:00,112959,2259,0.0447,793011.62,2024,7,3,1,9,0,0,87,50.00398406374502,7.020349153232589,0.16875,0.4225,2935005.225015562,2841772.1179897054,0.0,0.0,0.0,0.0,0.0,1.0,0.0,1.0,0.0,-1.3835199353698404,-0.9485606894071928,0.1683374738326169,-1.1466270629439443,-1.160134640249287
MKT-01336,Campaign 1336,2024-02-13 00:00:00+00:00,2024-03-23 00:00:00+00:00,496971,10451,0.0411,4088797.61,2024,2,1,1,13,0,0,39,47.552483015979334,8.227437033549242,0.1675,0.3254166666666667,2698290.221362763,2755334.291556837,0.0,1.0,0.0,0.0,0.0,0.0,1.0,0.0,0.0,0.11046034793228422,0.8306009208727595,-0.053233437156355125,0.7268156662947365,-1.2547171419779715
MKT-01337,Campaign 1337,2023-07-18 00:00:00+00:00,2023-08-30 00:00:00+00:00,337580,9181,0.051,1247152.22,2023,7,3,1,18,0,0,43,36.76941509639473,3.6943901297470227,0.16791666666666666,0.4225,2855926.099785614,2841772.1179897054,1.0,0.0,0.0,0.0,0.0,0.0,0.0,1.0,0.0,-0.5096426992011619,0.5547787474040657,0.5560865680633181,-0.888477289960022,-1.670743698880391
MKT-01338,Campaign 1338,2025-02-26 00:00:00+00:00,2025-05-17 00:00:00+00:00,740374,7211,0.0497,3212714.9,2025,2,1,2,26,0,0,80,102.67286090694772,4.339313509118364,0.15833333333333333,0.2520833333333333,2745646.1699524573,2828093.8678722903,0.0,0.0,1.0,0.0,0.0,0.0,0.0,0.0,1.0,1.0574080550262996,0.12692860430695804,0.47607485020618956,0.22881889458650442,0.8719077851905508
MKT-01339,Campaign 1339,2024-07-15 00:00:00+00:00,2024-09-22 00:00:00+00:00,856414,10324,0.0263,4268637.32,2024,7,3,0,15,0,0,69,82.95370011623402,4.984315202694025,0.16791666666666666,0.3254166666666667,2855926.099785614,2755334.291556837,1.0,0.0,0.0,0.0,0.0,0.0,1.0,0.0,0.0,1.5088561141348131,0.8030187035258901,-0.9641360712221292,0.8290429948136898,0.11111367446572022
MKT-01340,Campaign 1340,2025-11-03 00:00:00+00:00,2026-01-31 00:00:00+00:00,219547,2894,0.0577,1155487.7,2025,11,4,0,3,0,0,89,75.8628196268141,5.263053924672166,0.17791666666666667,0.3254166666666667,2915925.030689836,2755334.291556837,0.0,0.0,0.0,1.0,0.0,0.0,1.0,0.0,0.0,-0.9688444293007413,-0.8106496026728459,0.9684546524039054,-0.9405826842557097,-0.16246288254195884
MKT-01341,Campaign 1341,2023-09-16 00:00:00+00:00,2023-10-26 00:00:00+00:00,433560,12344,0.0189,1694622.75,2023,9,3,5,16,0,0,40,35.12313674659754,3.908623373927484,0.15958333333333333,0.3254166666666667,2694009.023235263,2755334.291556837,0.0,0.0,0.0,0.0,1.0,0.0,1.0,0.0,0.0,-0.13623710877342032,1.2417279873107416,-1.4195873882550163,-0.6341190235189782,-1.734259529317218
MKT-01342,Campaign 1342,2025-03-01 00:00:00+00:00,2025-04-03 00:00:00+00:00,311265,4007,0.05,2130473.78,2025,3,1,5,1,1,0,33,77.68030945844771,6.844565820121118,0.16875,0.4225,2935005.225015562,2841772.1179897054,0.0,0.0,0.0,0.0,0.0,1.0,0.0,1.0,0.0,-0.6120199456286054,-0.5689251309636678,0.494539092788604,-0.3863656967974547,-0.0923414623210597
MKT-01343,Campaign 1343,2025-05-13 00:00:00+00:00,2025-07-18 00:00:00+00:00,183620,5054,0.0469,1013200.47,2025,5,2,1,13,0,0,66,36.33161851998417,5.517919997821588,0.1675,0.3254166666666667,2698290.221362763,2755334.291556837,0.0,1.0,0.0,0.0,0.0,0.0,1.0,0.0,0.0,-1.1086167011000483,-0.34153472496231163,0.3037419194369888,-1.0214638389532003,-1.6876345321447308
MKT-01344,Campaign 1344,2024-01-29 00:00:00+00:00,2024-04-18 00:00:00+00:00,869870,8958,0.0302,3968471.71,2024,1,1,0,29,0,0,80,97.10538066532708,4.562143435225953,0.15833333333333333,0.4225,2745646.1699524573,2841772.1179897054,0.0,0.0,1.0,0.0,0.0,0.0,0.0,1.0,0.0,1.5612060372937597,0.5063469799367282,-0.7241009176507427,0.6584181176741417,0.6571062414353747
MKT-01345,Campaign 1345,2025-01-17 00:00:00+00:00,2025-04-13 00:00:00+00:00,680706,5499,0.0622,5448350.85,2025,1,1,4,17,0,0,86,123.7872340425532,8.003970656935593,0.17791666666666667,0.4225,2915925.030689836,2841772.1179897054,0.0,0.0,0.0,1.0,0.0,0.0,0.0,1.0,0.0,0.8252725604478198,-0.24488837284139137,1.2454182911401204,1.4996343930625176,1.6865312320859205
MKT-01346,Campaign 1346,2025-06-23 00:00:00+00:00,2025-09-10 00:00:00+00:00,394765,3428,0.0119,2446340.28,2025,6,2,0,23,0,0,79,115.15898483080514,6.1969533266626975,0.15833333333333333,0.2520833333333333,2745646.1699524573,2828093.8678722903,0.0,0.0,1.0,0.0,0.0,0.0,0.0,0.0,1.0,-0.2871671971318725,-0.6946739801277416,-1.8504197151780175,-0.206815871769201,1.3536407376154154
MKT-01347,Campaign 1347,2023-11-01 00:00:00+00:00,2024-01-30 00:00:00+00:00,149133,2847,0.0465,743589.04,2023,11,4,2,1,1,0,90,52.382507903055846,4.986079807956656,0.17791666666666667,0.2520833333333333,2915925.030689836,2828093.8678722903,0.0,0.0,0.0,1.0,0.0,0.0,0.0,0.0,1.0,-1.2427867219073157,-0.8208571949193252,0.27912292932710314,-1.1747206264951435,-1.06836770613014
MKT-01348,Campaign 1348,2024-07-07 00:00:00+00:00,2024-09-06 00:00:00+00:00,87186,941,0.0453,682771.02,2024,7,3,6,7,0,0,61,92.65249734325187,7.831200192691488,0.15958333333333333,0.3254166666666667,2694009.023235263,2755334.291556837,0.0,0.0,0.0,0.0,1.0,0.0,1.0,0.0,0.0,-1.4837885567711133,-1.2348076379361206,0.20526595899744582,-1.2092917660416445,0.48530747965566384
MKT-01349,Campaign 1349,2024-04-05 00:00:00+00:00,2024-04-19 00:00:00+00:00,633089,10731,0.0675,3704074.15,2024,4,2,4,5,0,0,14,58.996272481595376,5.8507953068209995,0.1675,0.4225,2698290.221362763,2841772.1179897054,0.0,1.0,0.0,0.0,0.0,0.0,0.0,1.0,0.0,0.6400209038589704,0.891412108724125,1.5716199100961075,0.5081250804704585,-0.8131989799111754
MKT-01350,Campaign 1350,2024-02-18 00:00:00+00:00,2024-05-07 00:00:00+00:00,393656,4703,0.0527,2183589.9,2024,2,1,6,18,0,0,79,83.70316819051669,5.546949366959985,0.16791666666666666,0.4225,2855926.099785614,2841772.1179897054,1.0,0.0,0.0,0.0,0.0,0.0,0.0,1.0,0.0,-0.2914817084861584,-0.41776589259027347,0.6607172760303327,-0.3561725929001444,0.14002925069851088
MKT-01351,Campaign 1351,2024-07-04 00:00:00+00:00,2024-08-09 00:00:00+00:00,33380,437,0.0066,241385.63,2024,7,3,3,4,0,0,36,76.38443935926773,7.23144487717196,0.15958333333333333,0.2520833333333333,2694009.023235263,2828093.8678722903,0.0,0.0,0.0,0.0,1.0,0.0,0.0,0.0,1.0,-1.693118221269499,-1.3442677760685786,-2.1766213341340044,-1.4601910210893547,-0.14233802912144874
MKT-01352,Campaign 1352,2024-02-09 00:00:00+00:00,2024-03-27 00:00:00+00:00,425298,7309,0.0347,3590102.94,2024,2,1,4,9,0,0,47,58.18826104802299,8.441382136760577,0.16791666666666666,0.3254166666666667,2855926.099785614,2755334.291556837,1.0,0.0,0.0,0.0,0.0,0.0,1.0,0.0,0.0,-0.16838002384024678,0.148212520054936,-0.4471372789145275,0.44333976511172823,-0.8443732447079662
MKT-01353,Campaign 1353,2026-02-17 00:00:00+00:00,2026-04-28 00:00:00+00:00,377174,4513,0.068,2720798.17,2026,2,1,1,17,0,0,70,83.57500553955241,7.213641900024922,0.1675,0.3254166666666667,2698290.221362763,2755334.291556837,0.0,1.0,0.0,0.0,0.0,0.0,1.0,0.0,0.0,-0.35560413963254345,-0.4590306272037001,1.6023936477334646,-0.05080418288442303,0.13508454787350893
MKT-01354,Campaign 1354,2025-07-08 00:00:00+00:00,2025-09-07 00:00:00+00:00,720398,7502,0.0395,5995462.04,2025,7,3,1,8,0,0,61,96.02745934417489,8.3224301566634,0.1675,0.3254166666666667,2698290.221362763,2755334.291556837,0.0,1.0,0.0,0.0,0.0,0.0,1.0,0.0,0.0,0.9796923843200632,0.19012880310962724,-0.1517093975958981,1.8106319772808495,0.6155184577735309
MKT-01355,Campaign 1355,2024-02-06 00:00:00+00:00,2024-04-10 00:00:00+00:00,505064,5220,0.0243,4428146.92,2024,2,1,1,6,0,0,64,96.75555555555556,8.767496634089937,0.15958333333333333,0.3254166666666667,2694009.023235263,2755334.291556837,0.0,0.0,0.0,0.0,1.0,0.0,1.0,0.0,0.0,0.1419457765979616,-0.30548237787900206,-1.0872310217715582,0.9197139610931993,0.6436094762270311
MKT-01356,Campaign 1356,2025-09-11 00:00:00+00:00,2025-10-26 00:00:00+00:00,332233,6461,0.0412,2621830.09,2025,9,3,3,11,0,0,45,51.42129701284631,7.891540244346587,0.15833333333333333,0.2520833333333333,2745646.1699524573,2828093.8678722903,0.0,0.0,1.0,0.0,0.0,0.0,0.0,0.0,1.0,-0.5304449464611862,-0.035958506009199705,-0.0470786896288835,-0.10706118211473782,-1.10545263039225
MKT-01357,Campaign 1357,2024-03-31 00:00:00+00:00,2024-05-04 00:00:00+00:00,52220,1417,0.0688,374272.66,2024,3,1,6,31,0,1,34,36.852505292872266,7.167228265032554,0.16875,0.2520833333333333,2935005.225015562,2828093.8678722903,0.0,0.0,0.0,0.0,0.0,1.0,0.0,0.0,1.0,-1.6198221041236494,-1.1314286185887992,1.651631627953236,-1.3846532765516326,-1.6675379573780018
MKT-01358,Campaign 1358,2024-01-11 00:00:00+00:00,2024-04-11 00:00:00+00:00,132266,1240,0.0284,784633.07,2024,1,1,3,11,0,0,91,106.66612903225807,5.932235570743804,0.1675,0.4225,2698290.221362763,2841772.1179897054,0.0,1.0,0.0,0.0,0.0,0.0,0.0,1.0,0.0,-1.3084069771036557,-1.1698699766234124,-0.8348863731452286,-1.151389730673794,1.0259739193696484
MKT-01359,Campaign 1359,2024-12-14 00:00:00+00:00,2025-02-19 00:00:00+00:00,552937,5857,0.0252,2953555.24,2024,12,4,5,14,0,0,67,94.40618063855216,5.341576418289969,0.17791666666666667,0.4225,2915925.030689836,2841772.1179897054,0.0,0.0,0.0,1.0,0.0,0.0,0.0,1.0,0.0,0.3281933889187292,-0.1671369255171454,-1.0318382940243152,0.08150326723323442,0.5529671502319737
MKT-01360,Campaign 1360,2023-08-25 00:00:00+00:00,2023-10-19 00:00:00+00:00,719875,9488,0.0384,5086510.68,2023,8,3,4,25,0,0,55,75.87215430016863,7.065824872373676,0.16791666666666666,0.4225,2855926.099785614,2841772.1179897054,1.0,0.0,0.0,0.0,0.0,0.0,0.0,1.0,0.0,0.9776576778833711,0.621453871226813,-0.21941162039808426,1.293951488380655,-0.16210273716918966
MKT-01361,Campaign 1361,2023-06-08 00:00:00+00:00,2023-07-16 00:00:00+00:00,201850,2193,0.0316,1174503.29,2023,6,2,3,8,0,0,38,92.04286365709075,5.818693534803072,0.17791666666666667,0.3254166666666667,2915925.030689836,2755334.291556837,0.0,0.0,0.0,1.0,0.0,0.0,1.0,0.0,0.0,-1.0376937597216596,-0.9628947551150147,-0.6379344522661423,-0.9297735422374551,0.46178691896581603
MKT-01362,Campaign 1362,2024-09-08 00:00:00+00:00,2024-10-10 00:00:00+00:00,356541,3108,0.0538,2150867.54,2024,9,3,6,8,0,0,32,114.71718146718146,6.032595241500977,0.15958333333333333,0.4225,2694009.023235263,2841772.1179897054,0.0,0.0,0.0,0.0,1.0,0.0,0.0,1.0,0.0,-0.43587583735389784,-0.7641724805293022,0.7284194988325189,-0.374773153619662,1.3365953166306843
MKT-01363,Campaign 1363,2023-09-01 00:00:00+00:00,2023-11-04 00:00:00+00:00,101661,1498,0.0364,777809.42,2023,9,3,4,1,1,0,64,67.8644859813084,7.6510109088047535,0.15833333333333333,0.3254166666666667,2745646.1699524573,2755334.291556837,0.0,0.0,1.0,0.0,0.0,0.0,1.0,0.0,0.0,-1.4274742629448833,-1.1138368106746541,-0.3425065709475129,-1.1552685375860623,-0.47105031167731193
MKT-01364,Campaign 1364,2025-08-28 00:00:00+00:00,2025-11-02 00:00:00+00:00,46143,613,0.0476,357188.86,2025,8,3,3,28,0,0,66,75.27406199021208,7.740911080770648,0.16875,0.3254166666666667,2935005.225015562,2755334.291556837,0.0,0.0,0.0,0.0,0.0,1.0,1.0,0.0,0.0,-1.6434643814004715,-1.3060436008477203,0.3468251521292893,-1.3943643199855447,-0.18517801465762324
MKT-01365,Campaign 1365,2024-02-22 00:00:00+00:00,2024-05-07 00:00:00+00:00,666879,8130,0.0681,2965147.97,2024,2,1,3,22,0,0,75,82.0269372693727,4.446305806600598,0.16791666666666666,0.4225,2855926.099785614,2841772.1179897054,1.0,0.0,0.0,0.0,0.0,0.0,0.0,1.0,0.0,0.7714792795680075,0.32651961014769,1.6085483952609354,0.08809298992652347,0.07535780618035628
MKT-01366,Campaign 1366,2023-05-03 00:00:00+00:00,2023-07-15 00:00:00+00:00,768779,7942,0.0268,5085506.2,2023,5,2,2,3,0,0,73,96.79916897506925,6.615043074797829,0.17791666666666667,0.4225,2915925.030689836,2841772.1179897054,0.0,0.0,0.0,1.0,0.0,0.0,0.0,1.0,0.0,1.1679163462963558,0.28568924116177313,-0.9333623335847718,1.2933805059933354,0.6452921458429822
MKT-01367,Campaign 1367,2024-08-07 00:00:00+00:00,2024-09-30 00:00:00+00:00,736049,9279,0.0586,6358317.47,2024,8,3,2,7,0,0,54,79.32417286345512,8.638443187885589,0.15833333333333333,0.4225,2745646.1699524573,2841772.1179897054,0.0,0.0,1.0,0.0,0.0,0.0,0.0,1.0,0.0,1.040581849789792,0.5760626631520437,1.0238473801511483,2.0168919920879014,-0.028918803991975783
MKT-01368,Campaign 1368,2024-07-14 00:00:00+00:00,2024-10-03 00:00:00+00:00,889816,8966,0.0565,7300160.63,2024,7,3,6,14,0,0,81,99.24336381887129,8.204123807618654,0.16875,0.2520833333333333,2935005.225015562,2828093.8678722903,0.0,0.0,0.0,0.0,0.0,1.0,0.0,0.0,1.0,1.638804994437662,0.5080844424467672,0.894597682074248,2.5522693574687114,0.7395927635195869
MKT-01369,Campaign 1369,2023-08-17 00:00:00+00:00,2023-10-17 00:00:00+00:00,633523,10618,0.0221,2153484.69,2023,8,3,3,17,0,0,61,59.66500282539084,3.3992210069721223,0.16791666666666666,0.4225,2855926.099785614,2841772.1179897054,1.0,0.0,0.0,0.0,0.0,0.0,0.0,1.0,0.0,0.6417093600607378,0.8668704507698239,-1.2226354673759299,-0.3732854718788865,-0.7873983835966418
MKT-01370,Campaign 1370,2023-01-01 00:00:00+00:00,2023-01-15 00:00:00+00:00,886407,19279,0.064,7054122.94,2023,1,1,6,1,1,0,14,45.97785154831682,7.958108340750919,0.16791666666666666,0.3254166666666667,2855926.099785614,2755334.291556837,1.0,0.0,0.0,0.0,0.0,0.0,1.0,0.0,0.0,1.625542443304424,2.7478908007008136,1.3562037466346064,2.412412727563813,-1.3154687307435438
MKT-01371,Campaign 1371,2023-07-30 00:00:00+00:00,2023-08-21 00:00:00+00:00,275625,6778,0.0223,2234300.04,2023,7,3,6,30,0,0,22,40.664650339333136,8.106304,0.15833333333333333,0.4225,2745646.1699524573,2841772.1179897054,0.0,0.0,1.0,0.0,0.0,0.0,0.0,1.0,0.0,-0.7506756576815822,0.0328884459510963,-1.210325972320987,-0.3273471341567884,-1.5204598169156514
MKT-01372,Campaign 1372,2024-11-12 00:00:00+00:00,2025-01-23 00:00:00+00:00,577765,13608,0.0187,2727950.6,2024,11,4,1,12,0,0,72,42.45774544385655,4.721557380595917,0.16791666666666666,0.3254166666666667,2855926.099785614,2755334.291556837,1.0,0.0,0.0,0.0,0.0,0.0,1.0,0.0,0.0,0.4247855331064763,1.516247063896906,-1.431896883309959,-0.046738485651488026,-1.4512795810035142
MKT-01373,Campaign 1373,2024-06-26 00:00:00+00:00,2024-09-17 00:00:00+00:00,286973,7769,0.0286,2474904.81,2024,6,2,2,26,0,0,83,36.938215986613464,8.624173040669332,0.17791666666666667,0.3254166666666667,2915925.030689836,2755334.291556837,0.0,0.0,0.0,1.0,0.0,0.0,1.0,0.0,0.0,-0.706526807502649,0.2481166143821794,-0.8225768780902859,-0.1905787704510354,-1.6642311132523049
MKT-01374,Campaign 1374,2023-10-25 00:00:00+00:00,2023-12-19 00:00:00+00:00,255918,2074,0.0291,1433064.99,2023,10,4,2,25,0,0,55,123.39344262295081,5.599703772302066,0.17791666666666667,0.2520833333333333,2915925.030689836,2828093.8678722903,0.0,0.0,0.0,1.0,0.0,0.0,0.0,0.0,1.0,-0.827344796778889,-0.988739509951845,-0.7918031404529285,-0.7827978167521383,1.6713381822362257
MKT-01375,Campaign 1375,2024-08-13 00:00:00+00:00,2024-11-09 00:00:00+00:00,275971,2673,0.0365,2040866.16,2024,8,3,1,13,0,0,88,103.24392068836514,7.395219642643611,0.15958333333333333,0.2520833333333333,2694009.023235263,2828093.8678722903,0.0,0.0,0.0,0.0,1.0,0.0,0.0,0.0,1.0,-0.7493295612626616,-0.8586470045126737,-0.33635182342004166,-0.43730187550649224,0.8939401081268686
MKT-01376,Campaign 1376,2024-03-04 00:00:00+00:00,2024-05-13 00:00:00+00:00,800178,9593,0.0243,2746161.32,2024,3,1,0,4,0,0,70,83.41269675805275,3.4319380437852574,0.16875,0.4225,2935005.225015562,2841772.1179897054,0.0,0.0,0.0,0.0,0.0,1.0,0.0,1.0,0.0,1.2900726510873608,0.644258066671075,-1.0872310217715582,-0.036386860551521835,0.12882243731036483
MKT-01377,Campaign 1377,2024-02-14 00:00:00+00:00,2024-04-30 00:00:00+00:00,688205,11745,0.0511,2831640.44,2024,2,1,2,14,0,0,76,58.59557258407833,4.114530466939357,0.16875,0.3254166666666667,2935005.225015562,2755334.291556837,0.0,0.0,0.0,0.0,0.0,1.0,1.0,0.0,0.0,0.8544470605792809,1.1116354818715704,0.5622413155907897,0.012202530978029797,-0.8286585689593348
MKT-01378,Campaign 1378,2024-01-05 00:00:00+00:00,2024-02-29 00:00:00+00:00,178485,1771,0.0399,981284.28,2024,1,1,4,5,0,0,55,100.78204404291361,5.497852928817548,0.16875,0.4225,2935005.225015562,2841772.1179897054,0.0,0.0,0.0,0.0,0.0,1.0,0.0,1.0,0.0,-1.1285941725195778,-1.0545459025195727,-0.12709040748601247,-1.039606143787896,0.7989573006398197
MKT-01379,Campaign 1379,2024-06-30 00:00:00+00:00,2024-09-05 00:00:00+00:00,490388,3934,0.0449,1838829.32,2024,6,2,6,30,0,1,67,124.65378749364514,3.749743713141431,0.17791666666666667,0.4225,2915925.030689836,2841772.1179897054,0.0,0.0,0.0,1.0,0.0,0.0,0.0,1.0,0.0,0.0848495019040927,-0.5847794763677738,0.18064696888756016,-0.5521468472627921,1.7199641336792528
MKT-01380,Campaign 1380,2024-07-19 00:00:00+00:00,2024-08-27 00:00:00+00:00,693876,10272,0.0529,4510320.88,2024,7,3,4,19,0,0,39,67.55023364485982,6.500182856879327,0.17791666666666667,0.3254166666666667,2915925.030689836,2755334.291556837,0.0,0.0,0.0,1.0,0.0,0.0,1.0,0.0,0.0,0.8765098143125141,0.7917251972106365,0.673026771085276,0.9664245813706859,-0.48317462717882126
MKT-01381,Campaign 1381,2023-06-18 00:00:00+00:00,2023-09-11 00:00:00+00:00,699819,10095,0.0664,3254125.09,2023,6,2,6,18,0,0,85,69.32332838038633,4.649952473425271,0.17791666666666667,0.3254166666666667,2915925.030689836,2755334.291556837,0.0,0.0,0.0,1.0,0.0,0.0,1.0,0.0,0.0,0.8996307710109103,0.7532838391760233,1.5039176872939213,0.2523579288585362,-0.4147660348019573
MKT-01382,Campaign 1382,2025-02-21 00:00:00+00:00,2025-03-09 00:00:00+00:00,804786,7212,0.0351,3856711.07,2025,2,1,4,21,0,0,16,111.58985024958403,4.792219385029063,0.1675,0.4225,2698290.221362763,2841772.1179897054,0.0,1.0,0.0,0.0,0.0,0.0,0.0,1.0,0.0,1.3079998542618871,0.12714578712071292,-0.4225182888046419,0.5948893694306727,1.2159382968981562
MKT-01383,Campaign 1383,2024-01-24 00:00:00+00:00,2024-02-08 00:00:00+00:00,662758,9503,0.0322,4607073.16,2024,1,1,2,24,0,0,15,69.74197621803641,6.951365596492234,0.17791666666666667,0.2520833333333333,2915925.030689836,2828093.8678722903,0.0,0.0,0.0,1.0,0.0,0.0,0.0,0.0,1.0,0.7554467265553724,0.6247116134331361,-0.6010059671013138,1.0214220405665317,-0.398613987930781
MKT-01384,Campaign 1384,2023-04-25 00:00:00+00:00,2023-06-02 00:00:00+00:00,854643,7488,0.0548,5132360.25,2023,4,2,1,25,0,0,38,114.13501602564102,6.005267989090181,0.17791666666666667,0.3254166666666667,2915925.030689836,2755334.291556837,0.0,0.0,0.0,1.0,0.0,0.0,1.0,0.0,0.0,1.5019661235050201,0.18708824371705896,0.7899669741072334,1.3200140251521097,1.314134521057677
MKT-01385,Campaign 1385,2023-08-19 00:00:00+00:00,2023-09-18 00:00:00+00:00,712441,14157,0.0621,3146471.53,2023,8,3,5,19,0,0,30,50.32429186974642,4.4164661073688904,0.15958333333333333,0.2520833333333333,2694009.023235263,2828093.8678722903,0.0,0.0,0.0,0.0,1.0,0.0,0.0,0.0,1.0,0.9487360571369674,1.6354804286483335,1.2392635436126491,0.19116379189982544,-1.147776695861521
MKT-01386,Campaign 1386,2025-01-22 00:00:00+00:00,2025-03-28 00:00:00+00:00,531465,4533,0.0433,2328752.35,2025,1,1,2,22,0,0,65,117.24354731965586,4.3817605110402384,0.15833333333333333,0.4225,2745646.1699524573,2841772.1179897054,0.0,0.0,1.0,0.0,0.0,0.0,0.0,1.0,0.0,0.24465760190409627,-0.45468697092860255,0.08217100844801675,-0.2736570602362733,1.4340662121975982
MKT-01387,Campaign 1387,2024-10-05 00:00:00+00:00,2024-12-14 00:00:00+00:00,137613,2912,0.0431,695411.59,2024,10,4,5,5,0,0,70,47.25721153846154,5.053385871974305,0.15958333333333333,0.3254166666666667,2694009.023235263,2755334.291556837,0.0,0.0,0.0,0.0,1.0,0.0,1.0,0.0,0.0,-1.2876047298436313,-0.8067403120252581,0.06986151339307393,-1.2021064135849662,-1.2661091481360807
MKT-01388,Campaign 1388,2023-11-17 00:00:00+00:00,2023-12-01 00:00:00+00:00,881312,8710,0.0386,4386752.85,2023,11,4,4,17,0,0,14,101.18392652123995,4.977525382611379,0.16791666666666666,0.2520833333333333,2855926.099785614,2828093.8678722903,1.0,0.0,0.0,0.0,0.0,0.0,0.0,0.0,1.0,1.6057205899680067,0.4524856421255187,-0.207102125343141,0.896184090006182,0.8144625153880136
MKT-01389,Campaign 1389,2024-08-22 00:00:00+00:00,2024-09-21 00:00:00+00:00,460149,7236,0.0321,3855830.21,2024,8,3,3,22,0,0,30,63.59162520729685,8.379525349397696,0.15958333333333333,0.3254166666666667,2694009.023235263,2755334.291556837,0.0,0.0,0.0,0.0,1.0,0.0,1.0,0.0,0.0,-0.03279387847665828,0.13235817465082997,-0.6071607146287854,0.5943886570763257,-0.6359035398302062
MKT-01390,Campaign 1390,2025-05-12 00:00:00+00:00,2025-08-05 00:00:00+00:00,50374,466,0.0357,371958.16,2025,5,2,0,12,0,0,85,108.09871244635193,7.3839313931790205,0.17791666666666667,0.2520833333333333,2915925.030689836,2828093.8678722903,0.0,0.0,0.0,1.0,0.0,0.0,0.0,0.0,1.0,-1.6270038786592778,-1.3379694744696873,-0.385589803639813,-1.385968921199064,1.0812450861364382
MKT-01391,Campaign 1391,2025-01-30 00:00:00+00:00,2025-04-04 00:00:00+00:00,443832,8840,0.0407,2088169.96,2025,1,1,3,30,0,0,64,50.20723981900453,4.704865714955208,0.15958333333333333,0.4225,2694009.023235263,2841772.1179897054,0.0,0.0,0.0,0.0,1.0,0.0,0.0,1.0,0.0,-0.09627438503020548,0.48071940791365264,-0.07785242726624077,-0.4104127023489351,-1.1522927354535624
MKT-01392,Campaign 1392,2023-05-03 00:00:00+00:00,2023-06-17 00:00:00+00:00,52357,568,0.0526,445574.57,2023,5,2,2,3,0,0,45,92.17781690140845,8.510315144106805,0.17791666666666667,0.3254166666666667,2915925.030689836,2755334.291556837,0.0,0.0,0.0,1.0,0.0,0.0,1.0,0.0,0.0,-1.61928911218899,-1.3158168274666897,0.6545625285028616,-1.3441227186587246,0.4669936128302155
MKT-01393,Campaign 1393,2025-03-03 00:00:00+00:00,2025-04-15 00:00:00+00:00,247009,3064,0.0554,2057536.68,2025,3,1,0,3,0,0,43,80.61651436031332,8.32980450105057,0.15958333333333333,0.4225,2694009.023235263,2841772.1179897054,0.0,0.0,0.0,0.0,1.0,0.0,0.0,1.0,0.0,-0.8620048343400554,-0.7737285243345169,0.8268954592720619,-0.42782575521792093,0.020941624161642653
MKT-01394,Campaign 1394,2025-07-05 00:00:00+00:00,2025-07-23 00:00:00+00:00,704929,11579,0.0273,5635895.01,2025,7,3,5,5,0,0,18,60.879955091113224,7.994982487598041,0.15833333333333333,0.4225,2745646.1699524573,2841772.1179897054,0.0,0.0,1.0,0.0,0.0,0.0,0.0,1.0,0.0,0.9195109811284948,1.0755831347882607,-0.9025885959474146,1.6062412067419387,-0.7405237453509479
MKT-01395,Campaign 1395,2023-09-27 00:00:00+00:00,2023-11-13 00:00:00+00:00,713003,9051,0.043,5203360.25,2023,9,3,2,27,0,0,47,78.7761573306817,7.2978097567611915,0.16875,0.2520833333333333,2935005.225015562,2828093.8678722903,0.0,0.0,0.0,0.0,0.0,1.0,0.0,0.0,1.0,0.9509224912046939,0.5265449816159317,0.06370676586560231,1.3603729665941622,-0.05006204605712951
MKT-01396,Campaign 1396,2025-03-05 00:00:00+00:00,2025-05-26 00:00:00+00:00,917993,7562,0.0305,6893469.79,2025,3,1,2,5,0,0,82,121.39553028299392,7.509283611095074,0.17791666666666667,0.4225,2915925.030689836,2841772.1179897054,0.0,0.0,0.0,1.0,0.0,0.0,0.0,1.0,0.0,1.7484262626339786,0.20315977193491985,-0.7056366750683284,2.321091726530978,1.5942557973357747
MKT-01397,Campaign 1397,2024-07-25 00:00:00+00:00,2024-09-19 00:00:00+00:00,212541,2058,0.0379,1244170.36,2024,7,3,3,25,0,0,56,103.27551020408163,5.853789904065569,0.16791666666666666,0.2520833333333333,2855926.099785614,2828093.8678722903,1.0,0.0,0.0,0.0,0.0,0.0,0.0,0.0,1.0,-0.9961009365578445,-0.9922144349719231,-0.2501853580354411,-0.8901722859195768,0.8951588779200067
MKT-01398,Campaign 1398,2023-04-23 00:00:00+00:00,2023-05-21 00:00:00+00:00,151259,3759,0.0441,732533.12,2023,4,2,6,23,0,0,28,40.23915935089119,4.842906008898644,0.1675,0.3254166666666667,2698290.221362763,2755334.291556837,0.0,1.0,0.0,0.0,0.0,0.0,1.0,0.0,0.0,-1.2345156207899017,-0.6227864687748773,0.13140898866778847,-1.1810052071693409,-1.5368758825691937
MKT-01399,Campaign 1399,2025-10-25 00:00:00+00:00,2026-01-23 00:00:00+00:00,282951,2300,0.0574,1735622.12,2025,10,4,5,25,0,0,90,123.02217391304347,6.13400242444805,0.16875,0.4225,2935005.225015562,2841772.1179897054,0.0,0.0,0.0,0.0,0.0,1.0,0.0,1.0,0.0,-0.7221742057595814,-0.9396561940432429,0.9499904098214909,-0.6108135140402311,1.65701409152102
MKT-01400,Campaign 1400,2025-10-17 00:00:00+00:00,2025-11-04 00:00:00+00:00,355777,3563,0.0398,2655898.76,2025,10,4,4,17,0,0,18,99.85321358405838,7.465065926127883,0.15833333333333333,0.4225,2745646.1699524573,2841772.1179897054,0.0,0.0,1.0,0.0,0.0,0.0,0.0,1.0,0.0,-0.438848142741341,-0.6653543002708332,-0.13324515501348366,-0.08769533060010963,0.7631216608547999
MKT-01401,Campaign 1401,2025-08-08 00:00:00+00:00,2025-08-23 00:00:00+00:00,240472,4164,0.0491,1282278.21,2025,8,3,4,8,0,0,15,57.750240153698364,5.332338941747896,0.15958333333333333,0.2520833333333333,2694009.023235263,2828093.8678722903,0.0,0.0,0.0,0.0,1.0,0.0,0.0,0.0,1.0,-0.8874367195726678,-0.5348274292041522,0.4391463650413607,-0.8685104199106682,-0.8612727324860429
MKT-01402,Campaign 1402,2023-03-28 00:00:00+00:00,2023-04-17 00:00:00+00:00,907434,7474,0.0249,4569041.29,2023,3,1,1,28,0,0,20,121.41209526358041,5.035122433146653,0.16791666666666666,0.2520833333333333,2855926.099785614,2828093.8678722903,1.0,0.0,0.0,0.0,0.0,0.0,0.0,0.0,1.0,1.7073469791444338,0.1840476843244907,-1.0503025366067296,0.9998033643093239,1.594894898553531
MKT-01403,Campaign 1403,2025-10-27 00:00:00+00:00,2025-11-17 00:00:00+00:00,741460,9316,0.0238,2995294.93,2025,10,4,0,27,0,0,21,79.58995276942893,4.039725581959917,0.15958333333333333,0.4225,2694009.023235263,2841772.1179897054,0.0,0.0,0.0,0.0,1.0,0.0,0.0,1.0,0.0,1.061633085982796,0.584098427260974,-1.1180047594089153,0.10522960109970503,-0.018664625867463445
MKT-01404,Campaign 1404,2023-06-07 00:00:00+00:00,2023-08-01 00:00:00+00:00,804347,9587,0.0379,6016752.05,2023,6,2,2,7,0,0,55,83.89976009179097,7.480294014896556,0.17791666666666667,0.3254166666666667,2915925.030689836,2755334.291556837,0.0,0.0,0.0,1.0,0.0,0.0,1.0,0.0,0.0,1.3062919457997306,0.6429549697885457,-0.2501853580354411,1.8227339810398735,0.14761405424532817
MKT-01405,Campaign 1405,2024-06-01 00:00:00+00:00,2024-08-18 00:00:00+00:00,608162,10611,0.0954,4206013.53,2024,6,2,5,1,1,0,78,57.314296484779945,6.9159426764579175,0.17791666666666667,0.4225,2915925.030689836,2841772.1179897054,0.0,0.0,0.0,1.0,0.0,0.0,0.0,1.0,0.0,0.5430436049155205,0.8653501710735398,3.288794470260641,0.7934453909617267,-0.8780920778649344
MKT-01406,Campaign 1406,2023-08-04 00:00:00+00:00,2023-09-09 00:00:00+00:00,388614,3117,0.0294,2425918.84,2023,8,3,4,4,0,0,36,124.67564966313763,6.242489565481429,0.16791666666666666,0.4225,2855926.099785614,2841772.1179897054,1.0,0.0,0.0,0.0,0.0,0.0,0.0,1.0,0.0,-0.3110973678624522,-0.7622178352055083,-0.7733388978705144,-0.21842414924979792,1.720807608205075
MKT-01407,Campaign 1407,2024-08-25 00:00:00+00:00,2024-10-30 00:00:00+00:00,268884,4310,0.0445,1323447.06,2024,8,3,6,25,0,0,66,62.386078886310905,4.922000044628911,0.17791666666666667,0.3254166666666667,2915925.030689836,2755334.291556837,0.0,0.0,0.0,1.0,0.0,0.0,1.0,0.0,0.0,-0.7769011951380669,-0.5031187383959401,0.1560279787776741,-0.8451085719333916,-0.6824152829488086
MKT-01408,Campaign 1408,2023-08-08 00:00:00+00:00,2023-10-26 00:00:00+00:00,821325,8851,0.0485,5177856.77,2023,8,3,1,8,0,0,79,92.79459948028472,6.304272693513529,0.17791666666666667,0.2520833333333333,2915925.030689836,2828093.8678722903,0.0,0.0,0.0,1.0,0.0,0.0,0.0,0.0,1.0,1.3723440411767072,0.4831084188649563,0.4022178798765322,1.3458758756661542,0.49078998827372416
MKT-01409,Campaign 1409,2024-06-05 00:00:00+00:00,2024-08-06 00:00:00+00:00,142867,1632,0.0425,500340.26,2024,6,2,2,5,0,0,62,87.54105392156863,3.5021401723281094,0.16875,0.4225,2935005.225015562,2841772.1179897054,0.0,0.0,0.0,0.0,0.0,1.0,0.0,1.0,0.0,-1.2671642946268429,-1.0847343136315006,0.032933028228245474,-1.3129919401271248,0.2881005044809848
MKT-01410,Campaign 1410,2025-11-18 00:00:00+00:00,2026-01-13 00:00:00+00:00,424861,4279,0.0324,1720657.92,2025,11,4,1,18,0,0,56,99.28978733348913,4.0499314363991985,0.1675,0.4225,2698290.221362763,2841772.1179897054,0.0,1.0,0.0,0.0,0.0,0.0,0.0,1.0,0.0,-0.17008015139824764,-0.5098514056223413,-0.588696472046371,-0.619319700963149,0.7413838507212813
MKT-01411,Campaign 1411,2025-01-08 00:00:00+00:00,2025-01-26 00:00:00+00:00,87270,2095,0.0509,423986.51,2025,1,1,2,8,0,0,18,41.656324582338904,4.858330583247393,0.15833333333333333,0.4225,2745646.1699524573,2841772.1179897054,0.0,0.0,1.0,0.0,0.0,0.0,0.0,1.0,0.0,-1.4834617587965777,-0.9841786708629926,0.5499318205358469,-1.356394144706436,-1.4821995718756296
MKT-01412,Campaign 1412,2024-04-15 00:00:00+00:00,2024-05-20 00:00:00+00:00,324054,4066,0.0274,1215750.27,2024,4,2,0,15,0,0,35,79.69847515986227,3.7516903664204113,0.16791666666666666,0.2520833333333333,2855926.099785614,2828093.8678722903,1.0,0.0,0.0,0.0,0.0,0.0,0.0,0.0,1.0,-0.5622649540055549,-0.5561113449521301,-0.8964338484199432,-0.9063272823715184,-0.014477673065580308
MKT-01413,Campaign 1413,2023-12-02 00:00:00+00:00,2024-02-24 00:00:00+00:00,852083,15296,0.0481,2867516.8,2023,12,4,5,2,0,0,84,55.70626307531381,3.3653022064751905,0.15833333333333333,0.4225,2745646.1699524573,2841772.1179897054,0.0,0.0,1.0,0.0,0.0,0.0,0.0,1.0,0.0,1.492006566185839,1.8828516535151385,0.37759888976664613,0.03259593819484644,-0.9401323624771848
MKT-01414,Campaign 1414,2023-07-05 00:00:00+00:00,2023-09-02 00:00:00+00:00,548000,11910,0.0327,2447087.83,2023,7,3,2,5,0,0,59,46.011754827875734,4.465488740875912,0.16875,0.3254166666666667,2935005.225015562,2755334.291556837,0.0,0.0,0.0,0.0,0.0,1.0,1.0,0.0,0.0,0.308986227010605,1.147470646141125,-0.5702322294639566,-0.2063909375906796,-1.314160692551836
MKT-01415,Campaign 1415,2025-11-25 00:00:00+00:00,2026-01-13 00:00:00+00:00,104465,1269,0.0579,850116.04,2025,11,4,1,25,0,0,49,82.32072498029945,8.137807303881683,0.1675,0.4225,2698290.221362763,2841772.1179897054,0.0,1.0,0.0,0.0,0.0,0.0,0.0,1.0,0.0,-1.4165654353187176,-1.163571675024521,0.9807641474588482,-1.1141668665656013,0.08669256644975165
MKT-01416,Campaign 1416,2024-09-22 00:00:00+00:00,2024-12-18 00:00:00+00:00,269280,3553,0.0134,871187.72,2024,9,3,6,22,0,0,87,75.78947368421052,3.235248514557338,0.16875,0.3254166666666667,2935005.225015562,2755334.291556837,0.0,0.0,0.0,0.0,0.0,1.0,1.0,0.0,0.0,-0.7753605761152561,-0.667526128408382,-1.7580985022659457,-1.1021889693936906,-0.165292676455128
MKT-01417,Campaign 1417,2025-12-20 00:00:00+00:00,2026-02-23 00:00:00+00:00,164193,2163,0.0402,1261732.87,2025,12,4,5,20,0,0,65,75.90984743411929,7.684449824292145,0.17791666666666667,0.4225,2915925.030689836,2841772.1179897054,0.0,0.0,0.0,1.0,0.0,0.0,0.0,1.0,0.0,-1.1841965136155694,-0.969410239527661,-0.10862616490359803,-0.8801891265862605,-0.1606484808431332
MKT-01418,Campaign 1418,2025-05-04 00:00:00+00:00,2025-07-24 00:00:00+00:00,610578,8822,0.0241,3902540.91,2025,5,2,6,4,0,0,81,69.21083654500113,6.39155179190865,0.16875,0.3254166666666667,2935005.225015562,2755334.291556837,0.0,0.0,0.0,0.0,0.0,1.0,1.0,0.0,0.0,0.5524429371354979,0.47681011726606487,-1.0995405168265011,0.620940690963893,-0.4191061346050884
MKT-01419,Campaign 1419,2023-04-26 00:00:00+00:00,2023-05-19 00:00:00+00:00,405571,6425,0.0552,1409285.76,2023,4,2,2,26,0,0,23,63.12389105058366,3.4748188603228534,0.16791666666666666,0.2520833333333333,2855926.099785614,2828093.8678722903,1.0,0.0,0.0,0.0,0.0,0.0,0.0,0.0,1.0,-0.24512697197910965,-0.043777087304375274,0.814585964217119,-0.7963147822606889,-0.6539494087994283
MKT-01420,Campaign 1420,2026-01-30 00:00:00+00:00,2026-02-23 00:00:00+00:00,280207,7456,0.0554,1553410.41,2026,1,1,4,30,0,0,24,37.581410944206006,5.5437958723372365,0.17791666666666667,0.2520833333333333,2915925.030689836,2828093.8678722903,0.0,0.0,0.0,1.0,0.0,0.0,0.0,0.0,1.0,-0.7328496062610788,0.1801383936769029,0.8268954592720619,-0.7143891722648258,-1.63941570954533
MKT-01421,Campaign 1421,2025-05-13 00:00:00+00:00,2025-08-03 00:00:00+00:00,635882,7194,0.004,4290523.79,2025,5,2,1,13,0,0,82,88.39060328051154,6.747358456443177,0.16875,0.2520833333333333,2935005.225015562,2828093.8678722903,0.0,0.0,0.0,0.0,0.0,1.0,0.0,0.0,1.0,0.6508869365122802,0.12323649647312514,-2.336644769848262,0.8414840477869747,0.3208773632892053
MKT-01422,Campaign 1422,2024-11-18 00:00:00+00:00,2025-02-08 00:00:00+00:00,475856,4069,0.0221,1738894.68,2024,11,4,0,18,0,0,82,116.94666994347506,3.6542455700884298,0.15833333333333333,0.3254166666666667,2745646.1699524573,2755334.291556837,0.0,0.0,1.0,0.0,0.0,0.0,1.0,0.0,0.0,0.028313452309427754,-0.5554597965108654,-1.2226354673759299,-0.6089532737950819,1.4226122481165224
MKT-01423,Campaign 1423,2024-10-12 00:00:00+00:00,2024-11-19 00:00:00+00:00,650694,8218,0.0569,2474337.41,2024,10,4,5,12,0,0,38,79.17911900705768,3.8026129178999657,0.16875,0.3254166666666667,2935005.225015562,2755334.291556837,0.0,0.0,0.0,0.0,0.0,1.0,1.0,0.0,0.0,0.7085123126887306,0.3456316977581192,0.9192166721841336,-0.1909013009210948,-0.03451519426721846
MKT-01424,Campaign 1424,2023-05-17 00:00:00+00:00,2023-06-28 00:00:00+00:00,715207,11641,0.0399,2720622.9,2023,5,2,2,17,0,0,42,61.43862211150245,3.8039657050336473,0.15833333333333333,0.2520833333333333,2745646.1699524573,2828093.8678722903,0.0,0.0,1.0,0.0,0.0,0.0,0.0,0.0,1.0,0.9594970475841765,1.0890484692410631,-0.12709040748601247,-0.050903812626205414,-0.7189695532897691
MKT-01425,Campaign 1425,2024-11-01 00:00:00+00:00,2024-12-04 00:00:00+00:00,170750,2721,0.0518,1267667.64,2024,11,4,4,1,1,0,33,62.752664461595,7.424115021961932,0.1675,0.4225,2698290.221362763,2841772.1179897054,0.0,1.0,0.0,0.0,0.0,0.0,0.0,1.0,0.0,-1.1586868193414008,-0.8482222294524396,0.6053245482830898,-0.8768155908834148,-0.6682718744278864
MKT-01426,Campaign 1426,2023-05-26 00:00:00+00:00,2023-07-08 00:00:00+00:00,796037,13611,0.0417,2932028.33,2023,5,2,4,26,0,0,43,58.48482844757916,3.683281468072464,0.17791666666666667,0.3254166666666667,2915925.030689836,2755334.291556837,0.0,0.0,0.0,1.0,0.0,0.0,1.0,0.0,0.0,1.2739622890331697,1.5168986123381707,-0.016304951991526234,0.06926660103438462,-0.8329312399791661
MKT-01427,Campaign 1427,2025-03-12 00:00:00+00:00,2025-03-27 00:00:00+00:00,101885,1368,0.0446,682922.49,2025,3,1,2,12,0,0,15,74.47733918128655,6.702875693183491,0.16875,0.4225,2935005.225015562,2841772.1179897054,0.0,0.0,0.0,0.0,0.0,1.0,0.0,1.0,0.0,-1.426602801679455,-1.1420705764627883,0.1621827263051457,-1.209205665071782,-0.2159167477783619
MKT-01428,Campaign 1428,2025-11-30 00:00:00+00:00,2026-01-22 00:00:00+00:00,54263,1361,0.0578,264775.02,2025,11,4,6,30,0,1,53,39.869948567229976,4.879476254538083,0.17791666666666667,0.4225,2915925.030689836,2841772.1179897054,0.0,0.0,0.0,1.0,0.0,0.0,0.0,1.0,0.0,-1.6118739105286934,-1.1435908561590724,0.9746093999313765,-1.4468956545911105,-1.5511205754750823
MKT-01429,Campaign 1429,2024-06-16 00:00:00+00:00,2024-08-27 00:00:00+00:00,64141,1139,0.0229,419992.21,2024,6,2,6,16,0,0,72,56.3134328358209,6.5479523237866575,0.17791666666666667,0.4225,2915925.030689836,2841772.1179897054,0.0,0.0,0.0,1.0,0.0,0.0,0.0,1.0,0.0,-1.573444024904134,-1.191805440812655,-1.1733974871561583,-1.3586646478022386,-0.9167068636485766
MKT-01430,Campaign 1430,2025-05-30 00:00:00+00:00,2025-08-11 00:00:00+00:00,672481,5610,0.0349,2244048.76,2025,5,2,4,30,0,0,73,119.87183600713013,3.336969758253393,0.16875,0.4225,2935005.225015562,2841772.1179897054,0.0,0.0,0.0,0.0,0.0,1.0,0.0,1.0,0.0,0.7932735921078722,-0.22078108051460002,-0.4348277838595847,-0.32180561275376085,1.5354694400498088
MKT-01431,Campaign 1431,2024-09-07 00:00:00+00:00,2024-10-31 00:00:00+00:00,82220,1082,0.0254,505013.29,2024,9,3,5,7,0,0,54,75.98890942698706,6.14221953296035,0.17791666666666667,0.4225,2915925.030689836,2841772.1179897054,0.0,0.0,0.0,1.0,0.0,0.0,0.0,1.0,0.0,-1.5031085417894938,-1.204184861196683,-1.0195287989693722,-1.3103356226042098,-0.15759815333709146
MKT-01432,Campaign 1432,2023-06-20 00:00:00+00:00,2023-08-05 00:00:00+00:00,819404,20907,0.0463,6389444.62,2023,6,2,1,20,0,0,46,39.192806237145454,7.797673211260868,0.17791666666666667,0.3254166666666667,2915925.030689836,2755334.291556837,0.0,0.0,0.0,1.0,0.0,0.0,1.0,0.0,0.0,1.3648704827352434,3.1014644214937532,0.2668134342721603,2.0345857783429437,-1.5772457185437163
MKT-01433,Campaign 1433,2024-06-19 00:00:00+00:00,2024-07-12 00:00:00+00:00,682791,18944,0.0211,5162362.63,2024,6,2,2,19,0,0,23,36.04259923986486,7.56067761584438,0.16875,0.2520833333333333,2935005.225015562,2828093.8678722903,0.0,0.0,0.0,0.0,0.0,1.0,0.0,0.0,1.0,0.8333841530300437,2.67513455809293,-1.2841829426506444,1.3370684518780562,-1.6987853193681022
MKT-01434,Campaign 1434,2025-06-29 00:00:00+00:00,2025-09-02 00:00:00+00:00,682313,5541,0.0568,4217415.15,2025,6,2,6,29,0,0,65,123.13896408590507,6.181056421319835,0.15833333333333333,0.2520833333333333,2745646.1699524573,2828093.8678722903,0.0,0.0,1.0,0.0,0.0,0.0,0.0,0.0,1.0,0.8315245169368528,-0.23576669466368652,0.9130619246566625,0.7999264798902413,1.661520027480804
MKT-01435,Campaign 1435,2026-01-10 00:00:00+00:00,2026-02-28 00:00:00+00:00,303964,2887,0.0334,1333619.84,2026,1,1,5,10,0,0,49,105.28714928992034,4.387426932136701,0.15958333333333333,0.2520833333333333,2694009.023235263,2828093.8678722903,0.0,0.0,0.0,0.0,1.0,0.0,0.0,0.0,1.0,-0.640424136248661,-0.81216988236913,-0.5271489967716565,-0.8393259996471538,0.972770860785459
MKT-01436,Campaign 1436,2023-04-22 00:00:00+00:00,2023-05-19 00:00:00+00:00,225806,3839,0.0502,1686162.93,2023,4,2,5,22,0,0,27,58.818963271685334,7.467307910330106,0.16791666666666666,0.3254166666666667,2855926.099785614,2755334.291556837,1.0,0.0,0.0,0.0,0.0,0.0,1.0,0.0,0.0,-0.9444940897457587,-0.6054118436744872,0.5068485878435468,-0.6389278880258838,-0.8200398289771438
MKT-01437,Campaign 1437,2024-12-01 00:00:00+00:00,2025-01-22 00:00:00+00:00,305818,4724,0.0301,1908765.66,2024,12,4,6,1,1,0,52,64.73708721422523,6.241508544297589,0.17791666666666667,0.3254166666666667,2915925.030689836,2755334.291556837,0.0,0.0,0.0,1.0,0.0,0.0,1.0,0.0,0.0,-0.6332112380964102,-0.41320505350142106,-0.7302556651782143,-0.5123925282384053,-0.5917099375679563
MKT-01438,Campaign 1438,2024-03-06 00:00:00+00:00,2024-04-12 00:00:00+00:00,691513,6714,0.0549,3335099.15,2024,3,1,2,6,0,0,37,102.99568066726243,4.822901594040893,0.15958333333333333,0.4225,2694009.023235263,2841772.1179897054,0.0,0.0,0.0,0.0,1.0,0.0,0.0,1.0,0.0,0.8673166760526605,0.018988745870784175,0.7961217216347046,0.2983864830256521,0.8843626444555909
MKT-01439,Campaign 1439,2023-07-23 00:00:00+00:00,2023-08-12 00:00:00+00:00,208476,2249,0.061,1751005.8,2023,7,3,6,23,0,0,20,92.69719875500222,8.399076152650665,0.17791666666666667,0.4225,2915925.030689836,2841772.1179897054,0.0,0.0,0.0,1.0,0.0,0.0,0.0,1.0,0.0,-1.0119156242541225,-0.9507325175447416,1.171561320810463,-0.6020688796700443,0.4870321256059504
MKT-01440,Campaign 1440,2023-01-25 00:00:00+00:00,2023-04-22 00:00:00+00:00,743823,7879,0.0542,4597314.34,2023,1,1,2,25,0,0,87,94.40576215255743,6.1806563389408495,0.16875,0.3254166666666667,2935005.225015562,2755334.291556837,0.0,0.0,0.0,0.0,0.0,1.0,1.0,0.0,0.0,1.0708262242426496,0.27200672389521585,0.7530384889424045,1.0158747779619748,0.5529510044292395
MKT-01441,Campaign 1441,2024-06-14 00:00:00+00:00,2024-09-02 00:00:00+00:00,337861,4923,0.0279,2791928.96,2024,6,2,4,14,0,0,80,68.62908795449928,8.263543173080054,0.15833333333333333,0.2520833333333333,2745646.1699524573,2828093.8678722903,0.0,0.0,1.0,0.0,0.0,0.0,0.0,0.0,1.0,-0.5085494821672987,-0.36998567356420053,-0.865660110782586,-0.010370895724748091,-0.4415508474543646
MKT-01442,Campaign 1442,2026-01-26 00:00:00+00:00,2026-03-13 00:00:00+00:00,180053,1631,0.0654,1010095.53,2026,1,1,0,26,0,0,46,110.39423666462294,5.609990002943578,0.16875,0.3254166666666667,2935005.225015562,2755334.291556837,0.0,0.0,0.0,0.0,0.0,1.0,1.0,0.0,0.0,-1.1224939436615793,-1.0849514964452556,1.4423702120192068,-1.0232287979903987,1.169809773286271
MKT-01443,Campaign 1443,2026-02-07 00:00:00+00:00,2026-05-02 00:00:00+00:00,375163,3800,0.0531,2153400.01,2026,2,1,5,7,0,0,84,98.7271052631579,5.739905081258013,0.15958333333333333,0.3254166666666667,2694009.023235263,2755334.291556837,0.0,0.0,0.0,0.0,1.0,0.0,1.0,0.0,0.0,-0.3634278387610097,-0.6138819734109274,0.6853362661402188,-0.37333360702200363,0.719674752151526
MKT-01444,Campaign 1444,2024-01-26 00:00:00+00:00,2024-04-05 00:00:00+00:00,840358,8368,0.0318,4375317.13,2024,1,1,4,26,0,0,70,100.42519120458891,5.206491911780455,0.15958333333333333,0.2520833333333333,2694009.023235263,2828093.8678722903,0.0,0.0,0.0,0.0,1.0,0.0,0.0,0.0,1.0,1.446391015573573,0.3782091198213507,-0.6256249572111995,0.8896836174170595,0.7851893953686825
MKT-01445,Campaign 1445,2025-11-14 00:00:00+00:00,2025-12-29 00:00:00+00:00,291602,5530,0.0465,1552357.92,2025,11,4,4,14,0,0,45,52.73092224231465,5.32355031858492,0.15958333333333333,0.3254166666666667,2694009.023235263,2755334.291556837,0.0,0.0,0.0,0.0,1.0,0.0,1.0,0.0,0.0,-0.6885179048344887,-0.2381557056149902,0.27912292932710314,-0.7149874452546616,-1.0549253705148733
MKT-01446,Campaign 1446,2023-05-24 00:00:00+00:00,2023-06-13 00:00:00+00:00,263732,4230,0.0666,1348174.23,2023,5,2,2,24,0,0,20,62.34799054373522,5.111909931293889,0.17791666666666667,0.2520833333333333,2915925.030689836,2828093.8678722903,0.0,0.0,0.0,1.0,0.0,0.0,0.0,0.0,1.0,-0.7969448042429192,-0.5204933634963302,1.5162271823488644,-0.8310527633973681,-0.6838847870025763
MKT-01447,Campaign 1447,2025-04-02 00:00:00+00:00,2025-07-01 00:00:00+00:00,671246,9929,0.0277,4997429.96,2025,4,2,2,2,0,0,90,67.60459260751334,7.445005199286103,0.16791666666666666,0.4225,2855926.099785614,2841772.1179897054,1.0,0.0,0.0,0.0,0.0,0.0,0.0,1.0,0.0,0.7884688837917828,0.7172314920927138,-0.8779696058375289,1.243314818491981,-0.48107737876694223
MKT-01448,Campaign 1448,2025-07-22 00:00:00+00:00,2025-08-07 00:00:00+00:00,871706,13965,0.0272,4157022.49,2025,7,3,1,22,0,0,16,62.420766201217326,4.768835467462654,0.17791666666666667,0.4225,2915925.030689836,2841772.1179897054,0.0,0.0,0.0,1.0,0.0,0.0,0.0,1.0,0.0,1.56834890730861,1.5937813284073972,-0.9087433434748863,0.7655971301934839,-0.681076995524828
MKT-01449,Campaign 1449,2024-06-25 00:00:00+00:00,2024-09-19 00:00:00+00:00,222136,4180,0.0399,988325.47,2024,6,2,1,25,0,0,86,53.14258373205742,4.449190901069615,0.16791666666666666,0.3254166666666667,2855926.099785614,2755334.291556837,1.0,0.0,0.0,0.0,0.0,0.0,1.0,0.0,0.0,-0.9587720488713037,-0.5313525041840741,-0.12709040748601247,-1.0356036793527925,-1.0390428671805532
MKT-01450,Campaign 1450,2024-04-24 00:00:00+00:00,2024-05-12 00:00:00+00:00,468593,4899,0.0196,3799687.21,2024,4,2,2,24,0,0,18,95.6507450500102,8.108715260364537,0.15833333333333333,0.4225,2745646.1699524573,2841772.1179897054,0.0,0.0,1.0,0.0,0.0,0.0,0.0,1.0,0.0,5.709886832869914e-05,-0.3751980610943176,-1.3765041555627162,0.5624749662399716,0.6009842684402139
MKT-01451,Campaign 1451,2023-12-27 00:00:00+00:00,2024-03-14 00:00:00+00:00,726966,7776,0.0437,6308294.01,2023,12,4,2,27,0,0,78,93.48842592592592,8.677564026378125,0.1675,0.2520833333333333,2698290.221362763,2828093.8678722903,0.0,1.0,0.0,0.0,0.0,0.0,0.0,0.0,1.0,1.0052448735670876,0.24963689407846354,0.10678999855790282,1.9884568668362277,0.5175588289617902
MKT-01452,Campaign 1452,2024-12-14 00:00:00+00:00,2025-02-20 00:00:00+00:00,134707,1594,0.0537,820097.09,2024,12,4,5,14,0,0,68,84.50878293601004,6.0880064881557745,0.16791666666666666,0.4225,2855926.099785614,2841772.1179897054,1.0,0.0,0.0,0.0,0.0,0.0,0.0,1.0,0.0,-1.2989103835817333,-1.092987260554186,0.7222647513050472,-1.1312307122726704,0.1711110477582039
MKT-01453,Campaign 1453,2025-02-23 00:00:00+00:00,2025-05-08 00:00:00+00:00,211779,2348,0.0447,870856.77,2025,2,1,6,23,0,0,74,90.19548551959114,4.112101624806992,0.16875,0.3254166666666667,2935005.225015562,2755334.291556837,0.0,0.0,0.0,0.0,0.0,1.0,1.0,0.0,0.0,-0.999065461041132,-0.9292314189830088,0.1683374738326169,-1.102377093220032,0.390512364119984
MKT-01454,Campaign 1454,2025-09-18 00:00:00+00:00,2025-10-06 00:00:00+00:00,656111,5353,0.0304,2464681.48,2025,9,3,3,18,0,0,18,122.56883990285822,3.7565007750212995,0.15833333333333333,0.3254166666666667,2745646.1699524573,2755334.291556837,0.0,0.0,1.0,0.0,0.0,0.0,1.0,0.0,0.0,0.7295868915942013,-0.2765970636496034,-0.7117914225957999,-0.19639007716670837,1.6395238013002194
MKT-01455,Campaign 1455,2024-07-26 00:00:00+00:00,2024-10-19 00:00:00+00:00,276774,6724,0.0565,1836358.19,2024,7,3,4,26,0,0,85,41.16210588935158,6.63486523300599,0.15958333333333333,0.3254166666666667,2694009.023235263,2755334.291556837,0.0,0.0,0.0,0.0,1.0,0.0,1.0,0.0,0.0,-0.746205528244184,0.021160574008332947,0.894597682074248,-0.5535515260087879,-1.501267253052607
MKT-01456,Campaign 1456,2023-10-27 00:00:00+00:00,2023-12-26 00:00:00+00:00,529670,5537,0.0393,4010540.05,2023,10,4,4,27,0,0,60,95.66010474986454,7.571771197160496,0.15833333333333333,0.2520833333333333,2745646.1699524573,2828093.8678722903,0.0,0.0,1.0,0.0,0.0,0.0,0.0,0.0,1.0,0.23767424042443597,-0.23663542591870604,-0.16401889265084094,0.6823312679646253,0.6013453793720082
MKT-01457,Campaign 1457,2025-03-24 00:00:00+00:00,2025-06-12 00:00:00+00:00,443972,4115,0.0294,3197348.6,2025,3,1,0,24,0,0,80,107.89113001215067,7.201689746200211,0.16875,0.4225,2935005.225015562,2841772.1179897054,0.0,0.0,0.0,0.0,0.0,1.0,0.0,1.0,0.0,-0.09572972173931275,-0.5454693870781411,-0.7733388978705144,0.220084139630434,1.073236251728809
MKT-01458,Campaign 1458,2024-09-11 00:00:00+00:00,2024-10-14 00:00:00+00:00,706064,9502,0.0461,5799343.37,2024,9,3,2,11,0,0,33,74.3068827615239,8.213622801898978,0.16875,0.4225,2935005.225015562,2841772.1179897054,0.0,0.0,0.0,0.0,0.0,1.0,0.0,1.0,0.0,0.9239266442368037,0.6244944306193813,0.25450393921721753,1.6991511051931991,-0.22249320616150672
MKT-01459,Campaign 1459,2025-02-17 00:00:00+00:00,2025-04-10 00:00:00+00:00,455127,7240,0.0613,2514750.86,2025,2,1,0,17,0,0,52,62.8628453038674,5.5253827173514205,0.17791666666666667,0.2520833333333333,2915925.030689836,2828093.8678722903,0.0,0.0,0.0,1.0,0.0,0.0,0.0,0.0,1.0,-0.05233172881139592,0.13322690590584949,1.1900255633928774,-0.16792884934333005,-0.6640209361245171
MKT-01460,Campaign 1460,2023-07-10 00:00:00+00:00,2023-08-03 00:00:00+00:00,287489,3407,0.0327,2431924.97,2023,7,3,0,10,0,0,24,84.3818608746698,8.45919311695404,0.16791666666666666,0.4225,2855926.099785614,2841772.1179897054,1.0,0.0,0.0,0.0,0.0,0.0,0.0,1.0,0.0,-0.7045193342305015,-0.699234819216594,-0.5702322294639566,-0.21501004996862372,0.16621420869828904
MKT-01461,Campaign 1461,2024-05-06 00:00:00+00:00,2024-07-12 00:00:00+00:00,278385,2687,0.0676,1955006.08,2024,5,2,0,6,0,0,67,103.60439151470041,7.022670330657184,0.17791666666666667,0.4225,2915925.030689836,2841772.1179897054,0.0,0.0,0.0,1.0,0.0,0.0,0.0,1.0,0.0,-0.7399380099468399,-0.8556064451201054,1.577774657623578,-0.48610781833649114,0.907847600675595
MKT-01462,Campaign 1462,2025-09-05 00:00:00+00:00,2025-11-12 00:00:00+00:00,69435,615,0.0432,512790.48,2025,9,3,4,5,0,0,68,112.90243902439025,7.385187297472456,0.1675,0.3254166666666667,2698290.221362763,2755334.291556837,0.0,1.0,0.0,0.0,0.0,0.0,1.0,0.0,0.0,-1.5528479716042332,-1.3056092352202107,0.07601626092054556,-1.3059147894240168,1.2665798946960891
MKT-01463,Campaign 1463,2023-02-07 00:00:00+00:00,2023-03-02 00:00:00+00:00,125727,1328,0.044,850685.74,2023,2,1,1,7,0,0,23,94.67394578313252,6.766134084166487,0.17791666666666667,0.2520833333333333,2915925.030689836,2828093.8678722903,0.0,0.0,0.0,1.0,0.0,0.0,0.0,0.0,1.0,-1.3338466432404237,-1.1507578890129833,0.12525424114031683,-1.1138430286932135,0.5632979217701855
MKT-01464,Campaign 1464,2024-01-04 00:00:00+00:00,2024-02-29 00:00:00+00:00,173420,1866,0.0438,634418.51,2024,1,1,3,4,0,0,56,92.93676312968917,3.65827764963672,0.16791666666666666,0.4225,2855926.099785614,2841772.1179897054,1.0,0.0,0.0,0.0,0.0,0.0,0.0,1.0,0.0,-1.1482993122936611,-1.0339135352128594,0.11294474608537401,-1.2367770635017326,0.4962748701291929
MKT-01465,Campaign 1465,2024-08-26 00:00:00+00:00,2024-10-26 00:00:00+00:00,806411,6975,0.0331,6536928.32,2024,8,3,0,26,0,0,61,115.61448028673836,8.106199344999014,0.17791666666666667,0.2520833333333333,2915925.030689836,2828093.8678722903,0.0,0.0,0.0,1.0,0.0,0.0,0.0,0.0,1.0,1.3143218388883207,0.07567346026080707,-0.5456132393540709,2.1184207925958622,1.371214419579564
MKT-01466,Campaign 1466,2024-07-14 00:00:00+00:00,2024-10-05 00:00:00+00:00,448564,5408,0.0217,2101662.61,2024,7,3,6,14,0,0,83,82.94452662721893,4.685312709000276,0.1675,0.3254166666666667,2698290.221362763,2755334.291556837,0.0,1.0,0.0,0.0,0.0,0.0,1.0,0.0,0.0,-0.07786476579803134,-0.26465200889308516,-1.2472544574858158,-0.4027429971200886,0.11075974782089258
MKT-01467,Campaign 1467,2024-10-14 00:00:00+00:00,2024-11-05 00:00:00+00:00,896795,13288,0.0733,3363756.26,2024,10,4,0,14,0,0,22,67.48908789885611,3.750864199733495,0.15833333333333333,0.3254166666666667,2745646.1699524573,2755334.291556837,0.0,0.0,1.0,0.0,0.0,0.0,1.0,0.0,0.0,1.6659564594886644,1.4467485634953454,1.9285952666894512,0.31467621012971475,-0.4855337196345915
MKT-01468,Campaign 1468,2025-04-12 00:00:00+00:00,2025-06-21 00:00:00+00:00,59274,1141,0.0231,490900.19,2025,4,2,5,12,0,0,70,51.949167397020155,8.281880588453623,0.1675,0.3254166666666667,2698290.221362763,2755334.291556837,0.0,1.0,0.0,0.0,0.0,0.0,1.0,0.0,0.0,-1.5923788551668117,-1.1913710751851454,-1.1610879921012156,-1.3183580138220385,-1.0850866176715341
MKT-01469,Campaign 1469,2024-12-03 00:00:00+00:00,2025-02-03 00:00:00+00:00,910062,19339,0.0619,4312735.98,2024,12,4,1,3,0,0,62,47.058379440508816,4.738947434350627,0.15833333333333333,0.4225,2745646.1699524573,2841772.1179897054,0.0,0.0,1.0,0.0,0.0,0.0,0.0,1.0,0.0,1.7175710872049057,2.760921769526106,1.2269540485577057,0.8541102516673937,-1.2737803817525097
MKT-01470,Campaign 1470,2025-11-05 00:00:00+00:00,2025-12-14 00:00:00+00:00,612553,8945,0.0697,5352060.42,2025,11,4,2,5,0,0,39,68.4799329234209,8.737301784498648,0.17791666666666667,0.4225,2915925.030689836,2841772.1179897054,0.0,0.0,0.0,1.0,0.0,0.0,0.0,1.0,0.0,0.560126579989163,0.5035236033579148,1.7070243557004787,1.4448994659385737,-0.44730546705677937
MKT-01471,Campaign 1471,2024-12-19 00:00:00+00:00,2025-01-17 00:00:00+00:00,465123,12394,0.0306,3723949.63,2024,12,4,3,19,0,0,29,37.52807810230757,8.006376012366621,0.16875,0.3254166666666667,2935005.225015562,2755334.291556837,0.0,0.0,0.0,0.0,0.0,1.0,1.0,0.0,0.0,-0.01344276984165529,1.2525871279984855,-0.699481927540857,0.5194230147444399,-1.641473368715271
MKT-01472,Campaign 1472,2024-02-05 00:00:00+00:00,2024-02-28 00:00:00+00:00,473313,5118,0.0519,3268723.24,2024,2,1,0,5,0,0,23,92.48007033997655,6.906049992288402,0.17791666666666667,0.3254166666666667,2915925.030689836,2755334.291556837,0.0,0.0,0.0,1.0,0.0,0.0,1.0,0.0,0.0,0.01842003267556917,-0.3276350248819995,0.6114792958105614,0.2606560398587096,0.47865499327381084
MKT-01473,Campaign 1473,2024-12-22 00:00:00+00:00,2025-01-12 00:00:00+00:00,879945,7734,0.053,7196743.85,2024,12,4,6,22,0,0,21,113.77618308766486,8.178629175687117,0.15833333333333333,0.3254166666666667,2745646.1699524573,2755334.291556837,0.0,0.0,1.0,0.0,0.0,0.0,1.0,0.0,0.0,1.600402341977647,0.2405152159007587,0.6791815186127471,2.4934835579173646,1.3002902206412559
MKT-01474,Campaign 1474,2023-04-08 00:00:00+00:00,2023-06-10 00:00:00+00:00,207111,2232,0.0531,1607885.42,2023,4,2,5,8,0,0,63,92.79166666666667,7.763399433154202,0.16875,0.4225,2935005.225015562,2841772.1179897054,0.0,0.0,0.0,0.0,0.0,1.0,0.0,1.0,0.0,-1.0172260913403266,-0.9544246253785745,0.6853362661402188,-0.6834236266501045,0.49067683602793927
MKT-01475,Campaign 1475,2025-08-09 00:00:00+00:00,2025-10-17 00:00:00+00:00,317186,2572,0.0319,2180682.6,2025,8,3,5,9,0,0,69,123.32270606531881,6.875090956095162,0.16791666666666666,0.3254166666666667,2855926.099785614,2755334.291556837,1.0,0.0,0.0,0.0,0.0,0.0,1.0,0.0,0.0,-0.5889845788759209,-0.8805824687019164,-0.6194702096837282,-0.3578252062868271,1.6686090622178567
MKT-01476,Campaign 1476,2024-08-25 00:00:00+00:00,2024-10-05 00:00:00+00:00,738595,6248,0.0358,4780974.73,2024,8,3,6,25,0,0,41,118.21302816901408,6.473066741583684,0.16791666666666666,0.4225,2855926.099785614,2841772.1179897054,1.0,0.0,0.0,0.0,0.0,0.0,0.0,1.0,0.0,1.0504869407798842,-0.0822184453389885,-0.3794350561123418,1.1202739177540102,1.4714702035986718
MKT-01477,Campaign 1477,2024-10-25 00:00:00+00:00,2025-01-19 00:00:00+00:00,30909,349,0.0549,226762.63,2024,10,4,4,25,0,0,86,88.56446991404012,7.336459607234139,0.15833333333333333,0.2520833333333333,2745646.1699524573,2828093.8678722903,0.0,0.0,1.0,0.0,0.0,0.0,0.0,0.0,1.0,-1.7027315283537556,-1.3633798636790078,0.7961217216347046,-1.4685032577190325,0.32758539271520326
MKT-01478,Campaign 1478,2023-01-16 00:00:00+00:00,2023-02-11 00:00:00+00:00,607880,13004,0.0158,2590268.66,2023,1,1,0,16,0,0,26,46.74561673331283,4.261151312759098,0.15958333333333333,0.4225,2694009.023235263,2841772.1179897054,0.0,0.0,0.0,0.0,1.0,0.0,0.0,1.0,0.0,0.5419464974295795,1.3850686443889604,-1.610384561606631,-0.12500182866681417,-1.2858472251752338
MKT-01479,Campaign 1479,2023-02-22 00:00:00+00:00,2023-03-19 00:00:00+00:00,575086,10922,0.01,3967707.49,2023,2,1,2,22,0,0,25,52.65390954037722,6.899328952539273,0.15833333333333333,0.2520833333333333,2745646.1699524573,2828093.8678722903,0.0,0.0,1.0,0.0,0.0,0.0,0.0,0.0,1.0,0.4143630119900362,0.9328940261513066,-1.967359918199975,0.6579837076709186,-1.0578966333747306
MKT-01480,Campaign 1480,2024-03-27 00:00:00+00:00,2024-05-24 00:00:00+00:00,513432,7667,0.0437,1809786.91,2024,3,1,2,27,0,0,58,66.96647971827312,3.5248814059115907,0.15958333333333333,0.4225,2694009.023235263,2841772.1179897054,0.0,0.0,0.0,0.0,1.0,0.0,0.0,1.0,0.0,0.17450107958503538,0.22596396737918195,0.10678999855790282,-0.5686555926786523,-0.5056967088319513
MKT-01481,Campaign 1481,2023-04-25 00:00:00+00:00,2023-07-05 00:00:00+00:00,417701,8293,0.0399,3380112.64,2023,4,2,1,25,0,0,71,50.367900639093214,8.092182302651898,0.16791666666666666,0.3254166666666667,2855926.099785614,2755334.291556837,1.0,0.0,0.0,0.0,0.0,0.0,1.0,0.0,0.0,-0.19793578827533276,0.36192040878973497,-0.12709040748601247,0.323973761997658,-1.146094205655821
MKT-01482,Campaign 1482,2024-04-14 00:00:00+00:00,2024-06-18 00:00:00+00:00,670090,9271,0.0445,4785336.35,2024,4,2,6,14,0,0,65,72.27807140545788,7.141333776059931,0.15958333333333333,0.2520833333333333,2694009.023235263,2828093.8678722903,0.0,0.0,0.0,0.0,1.0,0.0,0.0,0.0,1.0,0.78397152118984,0.5743252006420047,0.1560279787776741,1.1227532186860165,-0.3007677203687017
MKT-01483,Campaign 1483,2025-10-16 00:00:00+00:00,2026-01-14 00:00:00+00:00,858113,6891,0.0304,3342154.79,2025,10,4,3,16,0,0,90,124.52662893629372,3.8947723551560225,0.17791666666666667,0.3254166666666667,2915925.030689836,2755334.291556837,0.0,0.0,0.0,1.0,0.0,0.0,1.0,0.0,0.0,1.5154659922150042,0.057430103905397406,-0.7117914225957999,0.3023971613579931,1.7150581702567738
MKT-01484,Campaign 1484,2024-06-19 00:00:00+00:00,2024-07-25 00:00:00+00:00,552749,4432,0.0546,4751231.4,2024,6,2,2,19,0,0,36,124.71773465703971,8.59563997402076,0.15833333333333333,0.2520833333333333,2745646.1699524573,2828093.8678722903,0.0,0.0,1.0,0.0,0.0,0.0,0.0,0.0,1.0,0.32746198392810183,-0.47662243511784513,0.7776574790522905,1.1033667443207476,1.722431308921876
MKT-01485,Campaign 1485,2025-04-18 00:00:00+00:00,2025-05-31 00:00:00+00:00,759396,7393,0.0556,6513166.9,2025,4,2,4,18,0,0,43,102.71824699039632,8.576772724639056,0.17791666666666667,0.2520833333333333,2915925.030689836,2828093.8678722903,0.0,0.0,0.0,1.0,0.0,0.0,0.0,0.0,1.0,1.1314122344503097,0.16645587641034565,0.8392049543270047,2.10491395092882,0.87365884677796
MKT-01486,Campaign 1486,2024-04-14 00:00:00+00:00,2024-06-23 00:00:00+00:00,26606,295,0.0446,169465.36,2024,4,2,6,14,0,0,70,90.18983050847457,6.369441479365556,0.15833333333333333,0.3254166666666667,2745646.1699524573,2755334.291556837,0.0,0.0,1.0,0.0,0.0,0.0,1.0,0.0,0.0,-1.7194721436445515,-1.3751077356217711,0.1621827263051457,-1.5010730769404335,0.3902941855068455
MKT-01487,Campaign 1487,2024-05-10 00:00:00+00:00,2024-06-12 00:00:00+00:00,152157,1362,0.0208,492657.7,2024,5,2,4,10,0,0,33,111.71585903083701,3.237824746807574,0.16875,0.3254166666666667,2935005.225015562,2755334.291556837,0.0,0.0,0.0,0.0,0.0,1.0,1.0,0.0,0.0,-1.2310219948240326,-1.1433736733453175,-1.3026471852330588,-1.317358982228041,1.2207999002744025
MKT-01488,Campaign 1488,2025-04-28 00:00:00+00:00,2025-05-17 00:00:00+00:00,511474,4206,0.0587,4116910.26,2025,4,2,0,28,0,0,19,121.60580123632906,8.049109553955821,0.16791666666666666,0.3254166666666667,2855926.099785614,2755334.291556837,1.0,0.0,0.0,0.0,0.0,0.0,1.0,0.0,0.0,0.16688357441669283,-0.5257057510264473,1.0300021276786198,0.742795902845876,1.6023683587501127
MKT-01489,Campaign 1489,2025-11-02 00:00:00+00:00,2026-01-11 00:00:00+00:00,740051,6641,0.0139,6098748.84,2025,11,4,6,2,0,0,70,111.43668122270742,8.240984526742075,0.17791666666666667,0.4225,2915925.030689836,2841772.1179897054,0.0,0.0,0.0,1.0,0.0,0.0,0.0,1.0,0.0,1.0561514390051685,0.0031344004666781556,-1.7273247646285887,1.8693438915475673,1.2100288114575763
MKT-01490,Campaign 1490,2023-09-30 00:00:00+00:00,2023-12-09 00:00:00+00:00,244919,2616,0.0218,973873.95,2023,9,3,5,30,0,1,70,93.62347094801223,3.9763103311707133,0.1675,0.4225,2698290.221362763,2841772.1179897054,0.0,1.0,0.0,0.0,0.0,0.0,0.0,1.0,0.0,-0.8701358791826682,-0.8710264248967017,-1.2410997099583443,-1.043818440612351,0.5227690637469513
MKT-01491,Campaign 1491,2026-02-18 00:00:00+00:00,2026-03-19 00:00:00+00:00,677221,8592,0.0541,3988918.66,2026,2,1,2,18,0,0,29,78.8199487895717,5.890128421888867,0.16791666666666666,0.2520833333333333,2855926.099785614,2828093.8678722903,1.0,0.0,0.0,0.0,0.0,0.0,0.0,0.0,1.0,0.8117143349566688,0.42685807010244314,0.7468837414149333,0.6700408959518681,-0.04837250742122321
MKT-01492,Campaign 1492,2024-08-20 00:00:00+00:00,2024-09-11 00:00:00+00:00,711534,10350,0.024,5989617.58,2024,8,3,1,20,0,0,22,68.74724637681159,8.417893705711885,0.17791666666666667,0.2520833333333333,2915925.030689836,2828093.8678722903,0.0,0.0,0.0,1.0,0.0,0.0,0.0,0.0,1.0,0.9452074171023981,0.8086654566835169,-1.1056952643539724,1.8073097770146465,-0.4369921224263668
MKT-01493,Campaign 1493,2023-10-07 00:00:00+00:00,2023-10-27 00:00:00+00:00,572478,7692,0.0302,4537575.88,2023,10,4,5,7,0,0,20,74.42511700468019,7.926201321273481,0.1675,0.4225,2698290.221362763,2841772.1179897054,0.0,1.0,0.0,0.0,0.0,0.0,0.0,1.0,0.0,0.40421671297112033,0.23139353772305388,-0.7241009176507427,0.9819172989622793,-0.2179315558542747
MKT-01494,Campaign 1494,2024-01-09 00:00:00+00:00,2024-03-16 00:00:00+00:00,618501,12513,0.0441,5285076.88,2024,1,1,1,9,0,0,67,49.42867417885399,8.544977097854328,0.15833333333333333,0.3254166666666667,2745646.1699524573,2755334.291556837,0.0,0.0,1.0,0.0,0.0,0.0,1.0,0.0,0.0,0.5832669889479483,1.2784318828353158,0.13140898866778847,1.4068236241295402,-1.1823309384037701
MKT-01495,Campaign 1495,2023-05-13 00:00:00+00:00,2023-05-31 00:00:00+00:00,206340,3518,0.0567,1482496.43,2023,5,2,5,13,0,0,18,58.652643547470156,7.184726325482213,0.16875,0.2520833333333333,2935005.225015562,2828093.8678722903,0.0,0.0,0.0,0.0,0.0,1.0,0.0,0.0,1.0,-1.0202256298923145,-0.6751275268898027,0.9069071771291908,-0.7546992168597958,-0.8264566875860494
MKT-01496,Campaign 1496,2024-12-15 00:00:00+00:00,2025-01-31 00:00:00+00:00,553383,5328,0.0513,2559984.12,2024,12,4,6,15,0,0,47,103.86317567567568,4.626062094426464,0.1675,0.4225,2698290.221362763,2841772.1179897054,0.0,1.0,0.0,0.0,0.0,0.0,0.0,1.0,0.0,0.3299285305454303,-0.28202663399347533,0.5745508106457325,-0.14221664523666616,0.9178318727097055
MKT-01497,Campaign 1497,2023-04-30 00:00:00+00:00,2023-05-15 00:00:00+00:00,159483,1722,0.0631,1145898.53,2023,4,2,6,30,0,1,15,92.61498257839722,7.185082610685779,0.1675,0.4225,2698290.221362763,2841772.1179897054,0.0,1.0,0.0,0.0,0.0,0.0,0.0,1.0,0.0,-1.2025205429020318,-1.0651878603935618,1.3008110188873636,-0.9460335117276517,0.48386010507063154
MKT-01498,Campaign 1498,2024-04-30 00:00:00+00:00,2024-05-25 00:00:00+00:00,499938,7882,0.0348,2808251.36,2024,4,2,1,30,0,1,25,63.42781020045674,5.617199252707335,0.15833333333333333,0.4225,2745646.1699524573,2841772.1179897054,0.0,0.0,1.0,0.0,0.0,0.0,0.0,1.0,0.0,0.12200331924713222,0.2726582723364805,-0.4409825313870563,-0.0010926593051178016,-0.642223762773517
MKT-01499,Campaign 1499,2023-02-01 00:00:00+00:00,2023-04-24 00:00:00+00:00,832240,10244,0.0281,5949720.87,2023,2,1,2,1,1,0,82,81.24170245997657,7.14904459050274,0.16875,0.2520833333333333,2935005.225015562,2828093.8678722903,0.0,0.0,0.0,0.0,0.0,1.0,0.0,0.0,1.0,1.4148083256059507,0.7856440784255,-0.8533506157276431,1.7846310589495684,0.04506229691071011
MKT-01500,Campaign 1500,2023-08-26 00:00:00+00:00,2023-09-10 00:00:00+00:00,250100,3648,0.0215,1465371.34,2023,8,3,5,26,0,0,15,68.55811403508773,5.859141703318673,0.16875,0.4225,2935005.225015562,2841772.1179897054,0.0,0.0,0.0,0.0,0.0,1.0,0.0,1.0,0.0,-0.8499794469675594,-0.6468937611016686,-1.2595639525407587,-0.7644337310076813,-0.44428912523791003
MKT-01501,Campaign 1501,2024-06-29 00:00:00+00:00,2024-09-21 00:00:00+00:00,760818,13460,0.0438,6066908.83,2024,6,2,5,29,0,0,84,56.52436849925706,7.974192027528265,0.1675,0.3254166666666667,2698290.221362763,2755334.291556837,0.0,1.0,0.0,0.0,0.0,0.0,1.0,0.0,0.0,1.1369444573049488,1.4841040074611844,0.11294474608537401,1.8512448901517313,-0.9085686567447798
MKT-01502,Campaign 1502,2024-11-13 00:00:00+00:00,2025-01-31 00:00:00+00:00,608471,13652,0.0464,4034314.54,2024,11,4,2,13,0,0,79,44.57009961910343,6.630249494224047,0.17791666666666667,0.4225,2915925.030689836,2841772.1179897054,0.0,0.0,0.0,1.0,0.0,0.0,0.0,1.0,0.0,0.5442457546075623,1.5258031077021208,0.2729681817996315,0.6958455390875079,-1.3697818624469695
MKT-01503,Campaign 1503,2025-03-14 00:00:00+00:00,2025-05-18 00:00:00+00:00,542304,6549,0.0812,2886256.43,2025,3,1,4,14,0,0,65,82.80714612918003,5.322211213636632,0.15958333333333333,0.4225,2694009.023235263,2841772.1179897054,0.0,0.0,0.0,0.0,1.0,0.0,0.0,1.0,0.0,0.2868262119754267,-0.01684641839877053,2.414820321359695,0.04324821467112448,0.10545940695214394
MKT-01504,Campaign 1504,2023-10-12 00:00:00+00:00,2024-01-02 00:00:00+00:00,734386,8015,0.0518,3449567.89,2023,10,4,3,12,0,0,82,91.6264504054897,4.697213577056208,0.15833333333333333,0.4225,2745646.1699524573,2841772.1179897054,0.0,0.0,1.0,0.0,0.0,0.0,0.0,1.0,0.0,1.034112027984402,0.30154358656587915,0.6053245482830898,0.36345461224544817,0.4457210856979499
MKT-01505,Campaign 1505,2024-01-12 00:00:00+00:00,2024-03-27 00:00:00+00:00,577208,16423,0.0146,4191546.79,2024,1,1,4,12,0,0,75,35.14631918650673,7.2617614274230435,0.15833333333333333,0.3254166666666667,2745646.1699524573,2755334.291556837,0.0,0.0,1.0,0.0,0.0,0.0,1.0,0.0,0.0,0.42261855129913883,2.1276166846168847,-1.6842415319362884,0.7852219781093689,-1.7333651168246005
MKT-01506,Campaign 1506,2024-03-31 00:00:00+00:00,2024-05-12 00:00:00+00:00,372097,9682,0.0604,3019924.91,2024,3,1,6,31,0,1,42,38.43183226606073,8.115961456286936,0.17791666666666667,0.3254166666666667,2915925.030689836,2755334.291556837,0.0,0.0,0.0,1.0,0.0,0.0,1.0,0.0,0.0,-0.3753559648315604,0.6635873370952591,1.1346328356456346,0.11923016336081656,-1.606605209130597
MKT-01507,Campaign 1507,2024-05-07 00:00:00+00:00,2024-06-25 00:00:00+00:00,160712,3102,0.0285,1361078.55,2024,5,2,1,7,0,0,49,51.80915538362347,8.469053648763005,0.16875,0.3254166666666667,2935005.225015562,2755334.291556837,0.0,0.0,0.0,0.0,0.0,1.0,1.0,0.0,0.0,-1.1977391772984094,-0.7654755774118315,-0.8287316256177573,-0.8237174859997695,-1.0904884862578021
MKT-01508,Campaign 1508,2024-04-23 00:00:00+00:00,2024-06-27 00:00:00+00:00,334597,3264,0.021,2759043.42,2024,4,2,1,23,0,0,65,102.51133578431373,8.245870166199936,0.1675,0.4225,2698290.221362763,2841772.1179897054,0.0,1.0,0.0,0.0,0.0,0.0,0.0,1.0,0.0,-0.5212479177492548,-0.7302919615835415,-1.2903376901781158,-0.029064213797287106,0.8656759093344587
MKT-01509,Campaign 1509,2023-06-01 00:00:00+00:00,2023-08-17 00:00:00+00:00,606954,6007,0.0586,2034281.52,2023,6,2,3,1,1,0,77,101.041118694856,3.351623879239613,0.15958333333333333,0.4225,2694009.023235263,2841772.1179897054,0.0,0.0,0.0,0.0,1.0,0.0,0.0,1.0,0.0,0.5383439388055319,-0.13455950345391385,1.0238473801511483,-0.44104482057940764,0.8089527802409938
MKT-01510,Campaign 1510,2025-10-30 00:00:00+00:00,2026-01-19 00:00:00+00:00,864195,11906,0.0555,5709341.49,2025,10,4,3,30,0,0,81,72.58483117755753,6.606543071876139,0.16875,0.3254166666666667,2935005.225015562,2755334.291556837,0.0,0.0,0.0,0.0,0.0,1.0,1.0,0.0,0.0,1.5391277217522152,1.1466019148861055,0.8330502067995335,1.6479908149876412,-0.2889324789759436
MKT-01511,Campaign 1511,2023-12-16 00:00:00+00:00,2024-01-21 00:00:00+00:00,865568,6932,0.0594,6251828.33,2023,12,4,5,16,0,0,36,124.86555106751298,7.222804366612444,0.17791666666666667,0.4225,2915925.030689836,2841772.1179897054,0.0,0.0,0.0,1.0,0.0,0.0,0.0,1.0,0.0,1.544469312455042,0.06633459926934736,1.07308536037092,1.9563597531375565,1.7281342825803445
MKT-01512,Campaign 1512,2025-04-30 00:00:00+00:00,2025-05-20 00:00:00+00:00,740789,9200,0.032,3273810.72,2025,4,2,2,30,0,1,20,80.52054347826088,4.419356550920708,0.1675,0.4225,2698290.221362763,2841772.1179897054,0.0,1.0,0.0,0.0,0.0,0.0,0.0,1.0,0.0,1.0590225926385888,0.5589052208654084,-0.6133154621562567,0.26354794559684497,0.0172389269403213
MKT-01513,Campaign 1513,2024-12-26 00:00:00+00:00,2025-02-17 00:00:00+00:00,690223,7332,0.0776,3396684.33,2024,12,4,3,26,0,0,53,94.13843426077469,4.921140457504314,0.17791666666666667,0.4225,2915925.030689836,2841772.1179897054,0.0,0.0,0.0,1.0,0.0,0.0,0.0,1.0,0.0,0.8622979928722918,0.15320772477129815,2.1932494103707234,0.3333937037766135,0.54263710274451
MKT-01514,Campaign 1514,2024-12-24 00:00:00+00:00,2025-02-15 00:00:00+00:00,75136,903,0.0567,544502.2,2024,12,4,1,24,0,0,53,83.20708748615725,7.246888309199318,0.1675,0.4225,2698290.221362763,2841772.1179897054,0.0,1.0,0.0,0.0,0.0,0.0,0.0,1.0,0.0,-1.5306685043086659,-1.243060584858806,0.9069071771291908,-1.2878887126563159,0.12088973039505937
MKT-01515,Campaign 1515,2026-02-07 00:00:00+00:00,2026-04-30 00:00:00+00:00,542414,4565,0.0268,4573979.59,2026,2,1,5,7,0,0,82,118.82015334063527,8.432635569878359,0.17791666666666667,0.2520833333333333,2915925.030689836,2828093.8678722903,0.0,0.0,0.0,1.0,0.0,0.0,0.0,0.0,1.0,0.2872541617039852,-0.44773712088844647,-0.9333623335847718,1.0026104707955674,1.4948939821227418
MKT-01516,Campaign 1516,2023-05-10 00:00:00+00:00,2023-06-26 00:00:00+00:00,267663,5747,0.0775,1150437.36,2023,5,2,2,10,0,0,47,46.574386636506006,4.298081393393932,0.16875,0.3254166666666667,2935005.225015562,2755334.291556837,0.0,0.0,0.0,0.0,0.0,1.0,1.0,0.0,0.0,-0.781651437125067,-0.19102703503018187,2.187094662843252,-0.9434534782884203,-1.2924535331521343
MKT-01517,Campaign 1517,2024-01-27 00:00:00+00:00,2024-03-05 00:00:00+00:00,400857,10032,0.0512,2957020.73,2024,1,1,5,27,0,0,38,39.957834928229666,7.376747144243458,0.15833333333333333,0.2520833333333333,2745646.1699524573,2828093.8678722903,0.0,0.0,1.0,0.0,0.0,0.0,0.0,0.0,1.0,-0.2634665630738833,0.739601321909466,0.5683960631182613,0.08347317579630496,-1.5477297909193273
MKT-01518,Campaign 1518,2023-12-22 00:00:00+00:00,2024-01-21 00:00:00+00:00,786769,9309,0.0417,4393411.61,2023,12,4,4,22,0,0,30,84.51702653346224,5.584118858267167,0.15833333333333333,0.3254166666666667,2745646.1699524573,2755334.291556837,0.0,0.0,1.0,0.0,0.0,0.0,1.0,0.0,0.0,1.2379055791760711,0.58257814756469,-0.016304951991526234,0.8999691675402202,0.17142909782429896
MKT-01519,Campaign 1519,2026-02-18 00:00:00+00:00,2026-03-09 00:00:00+00:00,210566,2241,0.0331,1040373.67,2026,2,1,2,18,0,0,19,93.9607318161535,4.940843583484513,0.15833333333333333,0.4225,2745646.1699524573,2841772.1179897054,0.0,0.0,1.0,0.0,0.0,0.0,0.0,1.0,0.0,-1.0037845794115097,-0.9524699800547806,-0.5456132393540709,-1.0060176194096344,0.5357810821073197
MKT-01520,Campaign 1520,2023-02-27 00:00:00+00:00,2023-04-01 00:00:00+00:00,698338,6324,0.004,3385452.28,2023,2,1,0,27,0,0,33,110.42662871600253,4.84787062998147,0.16875,0.2520833333333333,2935005.225015562,2828093.8678722903,0.0,0.0,0.0,0.0,0.0,1.0,0.0,0.0,1.0,0.8938690114836808,-0.06571255149361785,-2.336644769848262,0.3270090045058499,1.1710595060809592
MKT-01521,Campaign 1521,2023-12-13 00:00:00+00:00,2024-01-24 00:00:00+00:00,40376,510,0.0542,315386.54,2023,12,4,2,13,0,0,42,79.1686274509804,7.811237864077669,0.16875,0.2520833333333333,2935005.225015562,2828093.8678722903,0.0,0.0,0.0,0.0,0.0,1.0,0.0,0.0,1.0,-1.665900618533174,-1.3284134306644726,0.7530384889424045,-1.4181262549858533,-0.034919973870197095
MKT-01522,Campaign 1522,2024-09-11 00:00:00+00:00,2024-12-05 00:00:00+00:00,193018,3849,0.0321,680410.13,2024,9,3,2,11,0,0,85,50.14757079760977,3.525112321130672,0.15833333333333333,0.4225,2745646.1699524573,2841772.1179897054,0.0,0.0,1.0,0.0,0.0,0.0,0.0,1.0,0.0,-1.072054232472835,-0.6032400155369384,-0.6071607146287854,-1.2106337804256042,-1.1545948537106043
MKT-01523,Campaign 1523,2023-01-07 00:00:00+00:00,2023-03-21 00:00:00+00:00,428280,6338,0.0382,3165311.6,2023,1,1,5,7,0,0,73,67.5733669927422,7.390752778556085,0.16791666666666666,0.2520833333333333,2855926.099785614,2828093.8678722903,1.0,0.0,0.0,0.0,0.0,0.0,0.0,0.0,1.0,-0.1567786957442317,-0.06267199210104957,-0.2317211154530271,0.20187316206734907,-0.4822821087285153
MKT-01524,Campaign 1524,2023-05-16 00:00:00+00:00,2023-07-23 00:00:00+00:00,459203,4360,0.0404,2139599.2,2023,5,2,1,16,0,0,68,105.3217889908257,4.6593754831741085,0.15833333333333333,0.4225,2745646.1699524573,2841772.1179897054,0.0,0.0,1.0,0.0,0.0,0.0,0.0,1.0,0.0,-0.03647424614226198,-0.4922595977081963,-0.09631666984865521,-0.38117848142542443,0.9741073111915269
MKT-01525,Campaign 1525,2025-10-23 00:00:00+00:00,2025-11-07 00:00:00+00:00,316355,5197,0.0282,1572555.15,2025,10,4,3,23,0,0,15,60.872618818549164,4.97085600037932,0.1675,0.4225,2698290.221362763,2841772.1179897054,0.0,1.0,0.0,0.0,0.0,0.0,0.0,1.0,0.0,-0.592217544552577,-0.31047758259536423,-0.8471958682001717,-0.7035066167636523,-0.7408067894936803
MKT-01526,Campaign 1526,2023-02-03 00:00:00+00:00,2023-04-06 00:00:00+00:00,186889,1664,0.0503,1343523.09,2023,2,1,4,3,0,0,62,112.31310096153847,7.1888826522695295,0.15958333333333333,0.4225,2694009.023235263,2841772.1179897054,0.0,0.0,0.0,0.0,1.0,0.0,0.0,1.0,0.0,-1.095898813257703,-1.0777844635913447,0.513003335371018,-0.8336966378607312,1.2438423688854185
MKT-01527,Campaign 1527,2023-07-28 00:00:00+00:00,2023-08-17 00:00:00+00:00,463339,10118,0.0285,2754517.31,2023,7,3,4,28,0,0,20,45.79353627199051,5.944928680728365,0.15958333333333333,0.4225,2694009.023235263,2841772.1179897054,0.0,0.0,0.0,0.0,1.0,0.0,0.0,1.0,0.0,-0.020383336348459742,0.7582790438923854,-0.8287316256177573,-0.03163701673320657,-1.3225798841153298
MKT-01528,Campaign 1528,2024-02-15 00:00:00+00:00,2024-04-19 00:00:00+00:00,550181,7517,0.0164,1938392.54,2024,2,1,3,15,0,0,64,73.19156578422243,3.5231906227223404,0.17791666666666667,0.3254166666666667,2915925.030689836,2755334.291556837,0.0,0.0,0.0,1.0,0.0,0.0,1.0,0.0,0.0,0.3174713029922981,0.1933865453159504,-1.5734560764418024,-0.4955515491534657,-0.26552376902004204
MKT-01529,Campaign 1529,2024-03-01 00:00:00+00:00,2024-04-15 00:00:00+00:00,489986,4945,0.043,3738439.35,2024,3,1,4,1,1,0,45,99.08715874620829,7.629686052254554,0.15958333333333333,0.2520833333333333,2694009.023235263,2828093.8678722903,0.0,0.0,0.0,0.0,1.0,0.0,0.0,0.0,1.0,0.08328554016881501,-0.36520765166159325,0.06370676586560231,0.5276594902513658,0.7335661429849383
MKT-01530,Campaign 1530,2025-05-05 00:00:00+00:00,2025-06-20 00:00:00+00:00,97657,1455,0.0327,561233.12,2025,5,2,0,5,0,0,46,67.11821305841924,5.746983011970468,0.1675,0.3254166666666667,2698290.221362763,2755334.291556837,0.0,1.0,0.0,0.0,0.0,0.0,1.0,0.0,0.0,-1.4430516330644152,-1.1231756716661139,-0.5702322294639566,-1.278378258845729,-0.4998426142886307
MKT-01531,Campaign 1531,2023-12-21 00:00:00+00:00,2024-02-02 00:00:00+00:00,569965,6018,0.0107,3078738.98,2023,12,4,3,21,0,0,43,94.71003655699568,5.401628135060925,0.15958333333333333,0.3254166666666667,2694009.023235263,2755334.291556837,0.0,0.0,0.0,0.0,1.0,0.0,1.0,0.0,0.0,0.39444000689959585,-0.1321704925026102,-1.924276685507675,0.15266218599601034,0.5646903566967021
MKT-01532,Campaign 1532,2024-05-04 00:00:00+00:00,2024-07-18 00:00:00+00:00,255744,2070,0.0223,1611461.19,2024,5,2,5,4,0,0,75,123.54782608695652,6.301071344782282,0.17791666666666667,0.4225,2915925.030689836,2841772.1179897054,0.0,0.0,0.0,1.0,0.0,0.0,0.0,1.0,0.0,-0.828021735440427,-0.9896082412068645,-1.210325972320987,-0.6813910309875658,1.6772945224403255
MKT-01533,Campaign 1533,2024-08-12 00:00:00+00:00,2024-08-28 00:00:00+00:00,587436,15115,0.0447,4094436.33,2024,8,3,0,12,0,0,16,38.86443929870989,6.970012614140094,0.16875,0.3254166666666667,2935005.225015562,2755334.291556837,0.0,0.0,0.0,0.0,0.0,1.0,1.0,0.0,0.0,0.46241009515093023,1.8435415642255057,0.1683374738326169,0.730020916580485,-1.5899145960669507
MKT-01534,Campaign 1534,2023-04-10 00:00:00+00:00,2023-06-21 00:00:00+00:00,93448,2463,0.0442,794643.3,2023,4,2,0,10,0,0,72,37.94072269589931,8.503588091772965,0.17791666666666667,0.3254166666666667,2915925.030689836,2755334.291556837,0.0,0.0,0.0,1.0,0.0,0.0,1.0,0.0,0.0,-1.4594265458598972,-0.9042553954011979,0.13756373619526008,-1.1456995576260265,-1.6255529357942673
MKT-01535,Campaign 1535,2024-02-17 00:00:00+00:00,2024-03-24 00:00:00+00:00,77205,865,0.0643,274896.48,2024,2,1,5,17,0,0,36,89.25433526011561,3.560604624052846,0.1675,0.4225,2698290.221362763,2841772.1179897054,0.0,1.0,0.0,0.0,0.0,0.0,0.0,1.0,0.0,-1.522619158959687,-1.2513135317814914,1.3746679892170206,-1.4411422544298702,0.3542014083792444
MKT-01536,Campaign 1536,2024-09-12 00:00:00+00:00,2024-10-30 00:00:00+00:00,851687,7055,0.0608,5941768.1,2024,9,3,3,12,0,0,48,120.7210489014883,6.976469172360268,0.17791666666666667,0.4225,2915925.030689836,2841772.1179897054,0.0,0.0,0.0,1.0,0.0,0.0,0.0,1.0,0.0,1.4904659471630282,0.09304808536119723,1.1592518257555202,1.7801104198124962,1.5682333175614493
MKT-01537,Campaign 1537,2023-11-19 00:00:00+00:00,2024-01-24 00:00:00+00:00,161552,2041,0.049,656576.11,2023,11,4,6,19,0,0,66,79.15335619794219,4.064178159354263,0.1675,0.2520833333333333,2698290.221362763,2828093.8678722903,0.0,1.0,0.0,0.0,0.0,0.0,0.0,0.0,1.0,-1.194471197553053,-0.995906542805756,0.4329916175138895,-1.2241818905313604,-0.035509161183905104
MKT-01538,Campaign 1538,2024-05-31 00:00:00+00:00,2024-06-25 00:00:00+00:00,180308,2345,0.0307,580927.37,2024,5,2,4,31,0,1,25,76.89040511727079,3.22186131508308,0.16875,0.4225,2935005.225015562,2841772.1179897054,0.0,0.0,0.0,0.0,0.0,1.0,0.0,1.0,0.0,-1.121501878381739,-0.9298829674242733,-0.6933271800133853,-1.267183342190868,-0.12281712896740021
MKT-01539,Campaign 1539,2024-09-15 00:00:00+00:00,2024-10-11 00:00:00+00:00,264400,4777,0.0333,2072049.88,2024,9,3,6,15,0,0,26,55.34854511199497,7.836799848714069,0.16791666666666666,0.2520833333333333,2855926.099785614,2828093.8678722903,1.0,0.0,0.0,0.0,0.0,0.0,0.0,0.0,1.0,-0.7943459822549453,-0.40169436437241257,-0.5333037442991276,-0.4195759328385295,-0.9539336455379535
MKT-01540,Campaign 1540,2026-01-10 00:00:00+00:00,2026-01-31 00:00:00+00:00,488602,7199,0.049,4171107.54,2026,1,1,5,10,0,0,21,67.87081539102653,8.536820438721087,0.17791666666666667,0.4225,2915925.030689836,2841772.1179897054,0.0,0.0,0.0,1.0,0.0,0.0,0.0,1.0,0.0,0.07790115449313263,0.12432241054189952,0.4329916175138895,0.7736035767872638,-0.4708061137781712
MKT-01541,Campaign 1541,2024-10-30 00:00:00+00:00,2024-11-30 00:00:00+00:00,333607,9425,0.0579,1640767.49,2024,10,4,2,30,0,0,31,35.395968169761275,4.918264574784102,0.15833333333333333,0.4225,2745646.1699524573,2841772.1179897054,0.0,0.0,1.0,0.0,0.0,0.0,0.0,1.0,0.0,-0.5250994653062819,0.6077713539602557,0.9807641474588482,-0.664732281049774,-1.7237332933294576
MKT-01542,Campaign 1542,2023-06-07 00:00:00+00:00,2023-08-22 00:00:00+00:00,180247,2192,0.0507,1041434.88,2023,6,2,2,7,0,0,76,82.2294708029197,5.777820879126976,0.15833333333333333,0.3254166666666667,2745646.1699524573,2755334.291556837,0.0,0.0,1.0,0.0,0.0,0.0,1.0,0.0,0.0,-1.121739195958485,-0.9631119379287696,0.537622325480904,-1.0054143896596666,0.0831718466044001
MKT-01543,Campaign 1543,2025-04-26 00:00:00+00:00,2025-05-20 00:00:00+00:00,538436,4966,0.0345,3497001.49,2025,4,2,5,26,0,0,24,108.42448650825614,6.494739374781775,0.16791666666666666,0.2520833333333333,2855926.099785614,2828093.8678722903,1.0,0.0,0.0,0.0,0.0,0.0,0.0,0.0,1.0,0.2717779433384762,-0.3606468125727408,-0.4594467739694703,0.39041756836919095,1.0938139266846805
MKT-01544,Campaign 1544,2025-02-24 00:00:00+00:00,2025-05-03 00:00:00+00:00,133428,1267,0.0453,877900.36,2025,2,1,0,24,0,0,68,105.310181531176,6.5795811973498814,0.16791666666666666,0.4225,2855926.099785614,2841772.1179897054,1.0,0.0,0.0,0.0,0.0,0.0,0.0,1.0,0.0,-1.303886271789246,-1.1640060406520307,0.20526595899744582,-1.0983732645390205,0.973659478393991
MKT-01545,Campaign 1545,2024-01-21 00:00:00+00:00,2024-03-15 00:00:00+00:00,570683,7645,0.0379,4490351.09,2024,1,1,6,21,0,0,54,74.64787442773054,7.868380677188561,0.15958333333333333,0.3254166666666667,2694009.023235263,2755334.291556837,0.0,0.0,0.0,0.0,1.0,0.0,1.0,0.0,0.0,0.39723335149146,0.22118594547657466,-0.2501853580354411,0.9550730379168818,-0.2093372481463748
MKT-01546,Campaign 1546,2025-04-08 00:00:00+00:00,2025-05-27 00:00:00+00:00,21412,287,0.0082,109762.46,2025,4,2,1,8,0,0,49,74.60627177700349,5.126212404259294,0.15833333333333333,0.3254166666666667,2745646.1699524573,2755334.291556837,0.0,0.0,1.0,0.0,0.0,0.0,1.0,0.0,0.0,-1.7396791517366716,-1.3768451981318102,-2.0781453736944613,-1.5350103423632602,-0.21094233935687867
MKT-01547,Campaign 1547,2023-05-23 00:00:00+00:00,2023-08-08 00:00:00+00:00,388564,4048,0.0386,2567580.56,2023,5,2,1,23,0,0,77,95.98913043478261,6.607870415169702,0.16791666666666666,0.4225,2855926.099785614,2841772.1179897054,1.0,0.0,0.0,0.0,0.0,0.0,0.0,1.0,0.0,-0.3112918904663424,-0.5600206355997179,-0.207102125343141,-0.13789855682641178,0.6140396722995627
MKT-01548,Campaign 1548,2025-09-02 00:00:00+00:00,2025-09-26 00:00:00+00:00,92034,772,0.0354,339504.32,2025,9,3,1,2,0,0,24,119.21502590673575,3.68890105830454,0.15958333333333333,0.2520833333333333,2694009.023235263,2828093.8678722903,0.0,0.0,0.0,0.0,1.0,0.0,0.0,0.0,1.0,-1.4649276450979138,-1.271511533460695,-0.4040540462222274,-1.4044168455389197,1.5101287441881497
MKT-01549,Campaign 1549,2023-07-03 00:00:00+00:00,2023-07-20 00:00:00+00:00,267013,2623,0.0547,2083914.52,2023,7,3,0,3,0,0,17,101.79679756004575,7.804543299389917,0.16791666666666666,0.4225,2855926.099785614,2841772.1179897054,1.0,0.0,0.0,0.0,0.0,0.0,0.0,1.0,0.0,-0.7841802309756404,-0.8695061452004176,0.7838122265797618,-0.41283164676823325,0.8381079778854255
MKT-01550,Campaign 1550,2025-08-31 00:00:00+00:00,2025-11-13 00:00:00+00:00,495518,6203,0.0243,3427200.49,2025,8,3,6,31,0,1,74,79.88360470739964,6.916399585887899,0.15833333333333333,0.3254166666666667,2745646.1699524573,2755334.291556837,0.0,0.0,1.0,0.0,0.0,0.0,1.0,0.0,0.0,0.1048075210632333,-0.09199167195795796,-1.0872310217715582,0.35074018144529384,-0.007335103917611647
MKT-01551,Campaign 1551,2023-12-31 00:00:00+00:00,2024-01-24 00:00:00+00:00,102981,880,0.0262,675511.79,2023,12,4,6,31,0,1,24,117.02386363636364,6.559576912245949,0.15958333333333333,0.3254166666666667,2694009.023235263,2755334.291556837,0.0,0.0,0.0,0.0,1.0,0.0,1.0,0.0,0.0,-1.4223388662021805,-1.2480557895751683,-0.9702908187496005,-1.213418172217481,1.4255904938724167
MKT-01552,Campaign 1552,2024-04-09 00:00:00+00:00,2024-05-21 00:00:00+00:00,492606,3976,0.0589,1734748.61,2024,4,2,1,9,0,0,42,123.89486921529175,3.521574260159235,0.15833333333333333,0.4225,2745646.1699524573,2841772.1179897054,0.0,0.0,1.0,0.0,0.0,0.0,0.0,1.0,0.0,0.09347852461266459,-0.575657798190069,1.0423116227335627,-0.6113100483914853,1.6906839547294168
MKT-01553,Campaign 1553,2023-11-01 00:00:00+00:00,2024-01-08 00:00:00+00:00,293176,2946,0.0273,1020293.66,2023,11,4,2,1,1,0,68,99.51663272233537,3.480140461702186,0.16875,0.4225,2935005.225015562,2841772.1179897054,0.0,0.0,0.0,0.0,0.0,1.0,0.0,1.0,0.0,-0.6823943332640233,-0.7993560963575923,-0.9025885959474146,-1.0174318158567586,0.7501358781382179
MKT-01554,Campaign 1554,2025-05-09 00:00:00+00:00,2025-07-22 00:00:00+00:00,247759,2129,0.031,909795.95,2025,5,2,4,9,0,0,74,116.37341474870831,3.6721005089623384,0.16791666666666666,0.4225,2855926.099785614,2841772.1179897054,1.0,0.0,0.0,0.0,0.0,0.0,0.0,1.0,0.0,-0.8590869952817014,-0.9767944551953268,-0.6748629374309711,-1.0802426694817007,1.4004952229170353
MKT-01555,Campaign 1555,2025-01-03 00:00:00+00:00,2025-03-12 00:00:00+00:00,320592,2679,0.0499,1441340.23,2025,1,1,4,3,0,0,68,119.66853303471444,4.495870857663323,0.16791666666666666,0.4225,2855926.099785614,2841772.1179897054,1.0,0.0,0.0,0.0,0.0,0.0,0.0,1.0,0.0,-0.5757336990989165,-0.8573439076301445,0.4883843452611324,-0.7780938741242661,1.5276257135470286
MKT-01556,Campaign 1556,2024-03-26 00:00:00+00:00,2024-06-02 00:00:00+00:00,859791,9961,0.0534,4811739.15,2024,3,1,1,26,0,0,68,86.31573135227387,5.596405579960712,0.16875,0.4225,2935005.225015562,2841772.1179897054,0.0,0.0,0.0,0.0,0.0,1.0,0.0,1.0,0.0,1.5219941708015614,0.7241813421328698,0.7038005087226332,1.1377615152931468,0.24082576473157927
MKT-01557,Campaign 1557,2025-05-30 00:00:00+00:00,2025-07-12 00:00:00+00:00,627573,10210,0.0643,3544967.94,2025,5,2,4,30,0,0,43,61.466503428011755,5.648694159882595,0.17791666666666667,0.4225,2915925.030689836,2841772.1179897054,0.0,0.0,0.0,1.0,0.0,0.0,0.0,1.0,0.0,0.618561170197797,0.7782598627578341,1.3746679892170206,0.4176834155062771,-0.7178938512543394
MKT-01558,Campaign 1558,2025-10-25 00:00:00+00:00,2026-01-19 00:00:00+00:00,414976,4110,0.0363,1692018.63,2025,10,4,5,25,0,0,86,100.96739659367397,4.0773891261181365,0.1675,0.3254166666666667,2698290.221362763,2755334.291556837,0.0,1.0,0.0,0.0,0.0,0.0,1.0,0.0,0.0,-0.20853727018735188,-0.5465553011469155,-0.3486613184749845,-0.6355992985413456,0.8061084735788178
MKT-01559,Campaign 1559,2024-04-23 00:00:00+00:00,2024-05-24 00:00:00+00:00,202020,4047,0.0372,1148617.39,2024,4,2,1,23,0,0,31,49.9184581171238,5.685661766161766,0.16875,0.3254166666666667,2935005.225015562,2755334.291556837,0.0,0.0,0.0,0.0,0.0,1.0,1.0,0.0,0.0,-1.0370323828684327,-0.5602378184134728,-0.2932685907277416,-0.944488014382171,-1.1634343565604515
MKT-01560,Campaign 1560,2025-03-21 00:00:00+00:00,2025-04-09 00:00:00+00:00,745904,11462,0.0394,4542141.92,2025,3,1,4,21,0,0,19,65.0762519630082,6.089445719556404,0.17791666666666667,0.4225,2915925.030689836,2841772.1179897054,0.0,0.0,0.0,1.0,0.0,0.0,0.0,1.0,0.0,1.0789222550165622,1.05017274557894,-0.15786414512336974,0.9845127995394916,-0.5786244647033569
MKT-01561,Campaign 1561,2025-11-03 00:00:00+00:00,2026-01-22 00:00:00+00:00,512359,7232,0.0324,1926690.81,2025,11,4,0,3,0,0,80,70.84610066371681,3.760431279630103,0.1675,0.3254166666666667,2698290.221362763,2755334.291556837,0.0,1.0,0.0,0.0,0.0,0.0,1.0,0.0,0.0,0.17032662450555042,0.13148944339581045,-0.588696472046371,-0.5022032313484052,-0.3560152493385916
MKT-01562,Campaign 1562,2023-02-18 00:00:00+00:00,2023-04-23 00:00:00+00:00,477674,4292,0.0489,1860882.3,2023,2,1,5,18,0,0,64,111.29403541472507,3.8957161160121756,0.15833333333333333,0.4225,2745646.1699524573,2841772.1179897054,0.0,0.0,1.0,0.0,0.0,0.0,0.0,1.0,0.0,0.03538629418687758,-0.507028029043528,0.42683686998641784,-0.5396111440452885,1.204525327217838
MKT-01563,Campaign 1563,2023-11-25 00:00:00+00:00,2024-01-18 00:00:00+00:00,801707,10829,0.0367,5904742.48,2023,11,4,5,25,0,0,54,74.03333641148767,7.3652125776624136,0.16875,0.3254166666666667,2935005.225015562,2755334.291556837,0.0,0.0,0.0,0.0,0.0,1.0,1.0,0.0,0.0,1.296021152314325,0.912696024472103,-0.32404232836509844,1.759063732073966,-0.23304702507533395
MKT-01564,Campaign 1564,2023-08-05 00:00:00+00:00,2023-10-19 00:00:00+00:00,237822,2612,0.0224,2089420.53,2023,8,3,5,5,0,0,75,91.04977029096477,8.785648636375104,0.1675,0.4225,2698290.221362763,2841772.1179897054,0.0,1.0,0.0,0.0,0.0,0.0,0.0,1.0,0.0,-0.8977464175788515,-0.8718951561517212,-1.2041712247935157,-0.4097018335968339,0.42347192207688433
MKT-01565,Campaign 1565,2024-11-10 00:00:00+00:00,2025-01-19 00:00:00+00:00,872966,7739,0.0137,3703212.81,2024,11,4,6,10,0,0,70,112.80087866649438,4.242104285848475,0.17791666666666667,0.3254166666666667,2915925.030689836,2755334.291556837,0.0,0.0,0.0,1.0,0.0,0.0,1.0,0.0,0.0,1.5732508769266447,0.2416011299695331,-1.7396342596835315,0.507635463982829,1.2626615473084728
MKT-01566,Campaign 1566,2025-11-05 00:00:00+00:00,2025-12-11 00:00:00+00:00,161572,3419,0.04,936654.62,2025,11,4,2,5,0,0,36,47.25709271716876,5.797134528259847,0.17791666666666667,0.3254166666666667,2915925.030689836,2755334.291556837,0.0,0.0,0.0,1.0,0.0,0.0,1.0,0.0,0.0,-1.1943933885114968,-0.6966286254515355,-0.12093565995854084,-1.064975240048723,-1.2661137324356224
MKT-01567,Campaign 1567,2026-01-22 00:00:00+00:00,2026-02-07 00:00:00+00:00,645788,6733,0.0519,2744909.37,2026,1,1,3,22,0,0,16,95.91385712163968,4.250480606638711,0.16791666666666666,0.3254166666666667,2855926.099785614,2755334.291556837,1.0,0.0,0.0,0.0,0.0,0.0,1.0,0.0,0.0,0.6894257547950184,0.02311521933212684,0.6114792958105614,-0.03709851374501995,0.6111355176075002
MKT-01568,Campaign 1568,2024-10-09 00:00:00+00:00,2024-12-19 00:00:00+00:00,176031,1837,0.031,621792.29,2024,10,4,2,9,0,0,71,95.82525857376157,3.532288574171595,0.15958333333333333,0.4225,2694009.023235263,2841772.1179897054,0.0,0.0,0.0,0.0,1.0,0.0,0.0,1.0,0.0,-1.1381413419185118,-1.040211836811751,-0.6748629374309711,-1.2439542589047532,0.6077172558386638
MKT-01569,Campaign 1569,2025-12-02 00:00:00+00:00,2026-02-09 00:00:00+00:00,74936,886,0.0211,315433.39,2025,12,4,1,2,0,0,69,84.57787810383748,4.209370529518523,0.17791666666666667,0.4225,2915925.030689836,2841772.1179897054,0.0,0.0,0.0,1.0,0.0,0.0,0.0,1.0,0.0,-1.5314465947242268,-1.2467526926926389,-1.2841829426506444,-1.4180996237688595,0.1737768405533728
MKT-01570,Campaign 1570,2025-06-12 00:00:00+00:00,2025-07-19 00:00:00+00:00,626793,5375,0.0666,3268997.88,2025,6,2,3,12,0,0,37,116.6126511627907,5.21543456930757,0.1675,0.4225,2698290.221362763,2841772.1179897054,0.0,1.0,0.0,0.0,0.0,0.0,0.0,1.0,0.0,0.6155266175771089,-0.2718190417469961,1.5162271823488644,0.2608121550654368,1.4097253142397106
MKT-01571,Campaign 1571,2025-06-02 00:00:00+00:00,2025-07-12 00:00:00+00:00,607740,7352,0.0363,3810819.65,2025,6,2,0,2,0,0,40,82.66322089227421,6.270476930924408,0.17791666666666667,0.2520833333333333,2915925.030689836,2828093.8678722903,0.0,0.0,0.0,1.0,0.0,0.0,0.0,0.0,1.0,0.5414018341386867,0.15755138104639568,-0.3486613184749845,0.5688030436211992,0.09990656047024976
MKT-01572,Campaign 1572,2025-09-05 00:00:00+00:00,2025-11-07 00:00:00+00:00,693426,14092,0.0564,4253172.83,2025,9,3,4,5,0,0,63,49.207067839909165,6.133564114988477,0.1675,0.4225,2698290.221362763,2841772.1179897054,0.0,1.0,0.0,0.0,0.0,0.0,0.0,1.0,0.0,0.8747591108775018,1.6213635457542666,0.8884429345467764,0.8202524251469122,-1.1908808356006078
MKT-01573,Campaign 1573,2025-08-04 00:00:00+00:00,2025-08-22 00:00:00+00:00,27768,291,0.0588,158891.69,2025,8,3,0,4,0,0,18,95.42268041237114,5.72211502448862,0.16875,0.3254166666666667,2935005.225015562,2755334.291556837,0.0,0.0,0.0,0.0,0.0,1.0,1.0,0.0,0.0,-1.7149514383301419,-1.3759764668767906,1.036156875206091,-1.507083529452512,0.592185200618722
MKT-01574,Campaign 1574,2023-02-24 00:00:00+00:00,2023-05-02 00:00:00+00:00,168771,2326,0.0662,879747.63,2023,2,1,4,24,0,0,67,72.5584694754944,5.212670600991877,0.15958333333333333,0.2520833333333333,2694009.023235263,2828093.8678722903,0.0,0.0,0.0,0.0,1.0,0.0,0.0,0.0,1.0,-1.1663860240033774,-0.9340094408856161,1.491608192238978,-1.0973232101480674,-0.2899495520598932
MKT-01575,Campaign 1575,2024-11-04 00:00:00+00:00,2024-12-01 00:00:00+00:00,365044,2938,0.0411,1950897.64,2024,11,4,0,4,0,0,27,124.24914908100749,5.344280799026967,0.16791666666666666,0.4225,2855926.099785614,2841772.1179897054,1.0,0.0,0.0,0.0,0.0,0.0,0.0,1.0,0.0,-0.40279532333632034,-0.8010935588676313,-0.053233437156355125,-0.48844320269393043,1.704352590948046
MKT-01576,Campaign 1576,2023-05-06 00:00:00+00:00,2023-07-28 00:00:00+00:00,909245,8402,0.0191,2920910.34,2023,5,2,5,6,0,0,83,108.21768626517496,3.2124568625617957,0.16791666666666666,0.4225,2855926.099785614,2841772.1179897054,1.0,0.0,0.0,0.0,0.0,0.0,0.0,1.0,0.0,1.714392587857339,0.38559333548901653,-1.4072778932000733,0.06294673755039402,1.085835270356328
MKT-01577,Campaign 1577,2023-06-10 00:00:00+00:00,2023-07-05 00:00:00+00:00,862297,18220,0.0114,3837773.69,2023,6,2,5,10,0,0,25,47.32694840834248,4.450640197055075,0.16875,0.4225,2935005.225015562,2841772.1179897054,0.0,0.0,0.0,0.0,0.0,1.0,0.0,1.0,0.0,1.531743643708541,2.517894200934399,-1.8811934528153749,0.5841246847759419,-1.2634185975356318
MKT-01578,Campaign 1578,2025-12-14 00:00:00+00:00,2026-03-12 00:00:00+00:00,842686,12284,0.0378,3518392.92,2025,12,4,6,14,0,0,88,68.60029306414849,4.175212261743995,0.16791666666666666,0.3254166666666667,2855926.099785614,2755334.291556837,1.0,0.0,0.0,0.0,0.0,0.0,1.0,0.0,0.0,1.4554479880107036,1.228697018485449,-0.2563401055629127,0.4025772228865395,-0.4426617965069312
MKT-01579,Campaign 1579,2025-02-18 00:00:00+00:00,2025-04-07 00:00:00+00:00,664616,13524,0.0691,4295518.61,2025,2,1,1,18,0,0,48,49.143448683821354,6.46315859082538,0.17791666666666667,0.2520833333333333,2915925.030689836,2828093.8678722903,0.0,0.0,0.0,1.0,0.0,0.0,0.0,0.0,1.0,0.7626751865159344,1.4980037075414965,1.67009587053565,0.8443232822643494,-1.1933353558408242
MKT-01580,Campaign 1580,2024-11-30 00:00:00+00:00,2025-03-01 00:00:00+00:00,237080,2036,0.0432,1351911.22,2024,11,4,5,30,0,1,91,116.44400785854617,5.70234190990383,0.15833333333333333,0.2520833333333333,2745646.1699524573,2828093.8678722903,0.0,0.0,1.0,0.0,0.0,0.0,0.0,0.0,1.0,-0.900633133020583,-0.9969924568745304,0.07601626092054556,-0.8289285245159662,1.4032188085093635
MKT-01581,Campaign 1581,2025-12-23 00:00:00+00:00,2026-03-08 00:00:00+00:00,707651,18743,0.0637,3132133.32,2025,12,4,1,23,0,0,75,37.75548204663074,4.42609891033857,0.15833333333333333,0.2520833333333333,2745646.1699524573,2828093.8678722903,0.0,0.0,1.0,0.0,0.0,0.0,0.0,0.0,1.0,0.9301007916842805,2.6314808125281997,1.3377395040521924,0.18301344010019377,-1.6326997914097834
MKT-01582,Campaign 1582,2025-04-07 00:00:00+00:00,2025-06-14 00:00:00+00:00,301188,4224,0.0265,1185726.22,2025,4,2,0,7,0,0,68,71.30397727272727,3.936830883036509,0.1675,0.4225,2698290.221362763,2841772.1179897054,0.0,1.0,0.0,0.0,0.0,0.0,0.0,1.0,0.0,-0.6512240312166482,-0.5217964603788595,-0.9518265761671864,-0.9233940271011417,-0.33834969900047285
MKT-01583,Campaign 1583,2024-08-02 00:00:00+00:00,2024-08-30 00:00:00+00:00,347345,6486,0.0652,2426113.39,2024,8,3,4,2,0,0,28,53.55303731113167,6.984736760281565,0.16791666666666666,0.3254166666666667,2855926.099785614,2755334.291556837,1.0,0.0,0.0,0.0,0.0,0.0,1.0,0.0,0.0,-0.47165243466139434,-0.03052893566532778,1.4300607169642634,-0.2183135600658886,-1.0232069668093429
MKT-01584,Campaign 1584,2024-03-29 00:00:00+00:00,2024-05-27 00:00:00+00:00,894426,11796,0.0528,7371038.74,2024,3,1,4,29,0,0,59,75.82451678535097,8.241082817359962,0.15833333333333333,0.3254166666666667,2745646.1699524573,2755334.291556837,0.0,0.0,1.0,0.0,0.0,0.0,1.0,0.0,0.0,1.656739978516344,1.1227118053730691,0.6668720235578043,2.592559012271716,-0.16394066227703272
MKT-01585,Campaign 1585,2023-12-18 00:00:00+00:00,2024-01-17 00:00:00+00:00,265825,2500,0.0441,1230993.29,2023,12,4,0,18,0,0,30,106.33,4.6308409291827335,0.16791666666666666,0.4225,2855926.099785614,2841772.1179897054,1.0,0.0,0.0,0.0,0.0,0.0,0.0,1.0,0.0,-0.7888020880440729,-0.8962196312922674,0.13140898866778847,-0.8976626041802503,1.0130055688957273
MKT-01586,Campaign 1586,2023-10-06 00:00:00+00:00,2023-12-12 00:00:00+00:00,917835,24724,0.057,6095830.38,2023,10,4,4,6,0,0,67,37.12324057595858,6.641531843958881,0.16791666666666666,0.3254166666666667,2855926.099785614,2755334.291556837,1.0,0.0,0.0,0.0,0.0,0.0,1.0,0.0,0.0,1.7478115712056854,3.930451221596119,0.9253714197116053,1.8676849344174127,-1.657092593545151
MKT-01587,Campaign 1587,2024-02-28 00:00:00+00:00,2024-04-11 00:00:00+00:00,755118,12869,0.0329,3098529.46,2024,2,1,2,28,0,0,43,58.67728650244774,4.103371208208518,0.16791666666666666,0.3254166666666667,2855926.099785614,2755334.291556837,1.0,0.0,0.0,0.0,0.0,0.0,1.0,0.0,0.0,1.1147688804614593,1.355748964532052,-0.5579227344090137,0.16391180322742027,-0.8255059262825241
MKT-01588,Campaign 1588,2023-04-25 00:00:00+00:00,2023-07-06 00:00:00+00:00,388695,3523,0.0494,1769758.63,2023,4,2,1,25,0,0,72,110.33068407607153,4.553077940287372,0.16791666666666666,0.3254166666666667,2855926.099785614,2755334.291556837,1.0,0.0,0.0,0.0,0.0,0.0,1.0,0.0,0.0,-0.31078224124414994,-0.6740416128210283,0.4576106076237751,-0.5914090998412731,1.1673578213191265
MKT-01589,Campaign 1589,2023-01-16 00:00:00+00:00,2023-02-23 00:00:00+00:00,279647,4558,0.0285,1182040.08,2023,1,1,0,16,0,0,38,61.353005704256255,4.226900628292097,0.15833333333333333,0.2520833333333333,2745646.1699524573,2828093.8678722903,0.0,0.0,1.0,0.0,0.0,0.0,0.0,0.0,1.0,-0.7350282594246497,-0.4492574005847306,-0.8287316256177573,-0.9254893610223699,-0.7222727597043644
MKT-01590,Campaign 1590,2023-09-04 00:00:00+00:00,2023-11-20 00:00:00+00:00,773715,12307,0.0322,4824711.12,2023,9,3,0,4,0,0,77,62.86788006825384,6.235773017196254,0.16875,0.2520833333333333,2935005.225015562,2828093.8678722903,0.0,0.0,0.0,0.0,0.0,1.0,0.0,0.0,1.0,1.1871196177524022,1.2336922232018113,-0.6010059671013138,1.1451352473722742,-0.6638266875388525
MKT-01591,Campaign 1591,2024-06-11 00:00:00+00:00,2024-08-02 00:00:00+00:00,846375,13992,0.0273,2909435.05,2024,6,2,1,11,0,0,52,60.48992281303602,3.4375247969280753,0.1675,0.4225,2698290.221362763,2841772.1179897054,0.0,1.0,0.0,0.0,0.0,0.0,0.0,1.0,0.0,1.469799865725727,1.5996452643787789,-0.9025885959474146,0.05642377195686488,-0.7555717620136788
MKT-01592,Campaign 1592,2023-04-29 00:00:00+00:00,2023-06-04 00:00:00+00:00,848526,8799,0.0277,4925323.42,2023,4,2,5,29,0,0,36,96.43436754176611,5.8045639379347245,0.17791666666666667,0.2520833333333333,2915925.030689836,2828093.8678722903,0.0,0.0,0.0,1.0,0.0,0.0,0.0,0.0,1.0,1.4781682281450859,0.4718149125497027,-0.8779696058375289,1.2023268801053755,0.6312175721333491
MKT-01593,Campaign 1593,2024-01-14 00:00:00+00:00,2024-04-14 00:00:00+00:00,287023,2502,0.0142,2366667.73,2024,1,1,6,14,0,0,91,114.71742605915267,8.24556822972375,0.15833333333333333,0.2520833333333333,2745646.1699524573,2828093.8678722903,0.0,0.0,1.0,0.0,0.0,0.0,0.0,0.0,1.0,-0.7063322848987587,-0.8957852656647577,-1.7088605220461743,-0.25210460106482036,1.3366047533472467
MKT-01594,Campaign 1594,2025-12-02 00:00:00+00:00,2026-02-09 00:00:00+00:00,811856,11799,0.0784,3233281.46,2025,12,4,1,2,0,0,69,68.80718704974998,3.982579989554798,0.15958333333333333,0.3254166666666667,2694009.023235263,2755334.291556837,0.0,0.0,0.0,0.0,1.0,0.0,1.0,0.0,0.0,1.3355053504519698,1.1233633538143337,2.2424873905904947,0.2405096634696658,-0.43467952345481775
MKT-01595,Campaign 1595,2024-10-18 00:00:00+00:00,2024-11-18 00:00:00+00:00,353911,2889,0.0228,2303351.49,2024,10,4,4,18,0,0,31,122.50294219453097,6.5082788893252825,0.17791666666666667,0.4225,2915925.030689836,2841772.1179897054,0.0,0.0,0.0,1.0,0.0,0.0,0.0,1.0,0.0,-0.44610772631852547,-0.8117355167416204,-1.1795522346836298,-0.28809581828300235,1.6369813711766596
MKT-01596,Campaign 1596,2025-09-28 00:00:00+00:00,2025-10-26 00:00:00+00:00,622070,12752,0.0585,2135843.75,2025,9,3,6,28,0,0,28,48.78215181932246,3.4334459948237335,0.17791666666666667,0.4225,2915925.030689836,2841772.1179897054,0.0,0.0,0.0,1.0,0.0,0.0,0.0,1.0,0.0,0.597152012413635,1.3303385753227315,1.017692632623677,-0.38331321363160137,-1.207274718152001
MKT-01597,Campaign 1597,2023-07-27 00:00:00+00:00,2023-10-12 00:00:00+00:00,562447,4957,0.015,3533545.18,2023,7,3,3,27,0,0,77,113.46520072624571,6.282450044181941,0.16875,0.3254166666666667,2935005.225015562,2755334.291556837,0.0,0.0,0.0,0.0,0.0,1.0,1.0,0.0,0.0,0.3651915881786565,-0.3626014578965347,-1.6596225418264028,0.4111903098450573,1.2882920655667047
MKT-01598,Campaign 1598,2025-05-17 00:00:00+00:00,2025-06-08 00:00:00+00:00,395336,5911,0.0328,3020597.63,2025,5,2,5,17,0,0,22,66.8814075452546,7.640583275998138,0.16875,0.4225,2935005.225015562,2841772.1179897054,0.0,0.0,0.0,0.0,0.0,1.0,0.0,1.0,0.0,-0.2849457489954457,-0.15540905357438206,-0.5640774819364849,0.11961256148880088,-0.5089789178927715
MKT-01599,Campaign 1599,2023-05-17 00:00:00+00:00,2023-06-08 00:00:00+00:00,331512,6598,0.0363,1422474.84,2023,5,2,2,17,0,0,22,50.244316459533195,4.290869832766235,0.17791666666666667,0.3254166666666667,2915925.030689836,2755334.291556837,0.0,0.0,0.0,1.0,0.0,0.0,1.0,0.0,0.0,-0.5332499624092838,-0.006204460524781555,-0.3486613184749845,-0.7888176370861179,-1.1508622643468531
MKT-01600,Campaign 1600,2023-01-26 00:00:00+00:00,2023-04-11 00:00:00+00:00,473191,4923,0.0648,2529142.76,2023,1,1,3,26,0,0,75,96.1184237253707,5.344866576076045,0.17791666666666667,0.4225,2915925.030689836,2841772.1179897054,0.0,0.0,0.0,1.0,0.0,0.0,0.0,1.0,0.0,0.01794539752207694,-0.36998567356420053,1.4054417268543777,-0.15974797822586712,0.6190279968575723
MKT-01601,Campaign 1601,2023-01-02 00:00:00+00:00,2023-01-26 00:00:00+00:00,76699,1329,0.0473,424347.17,2023,1,1,0,2,0,0,24,57.71181339352897,5.532629760492314,0.16791666666666666,0.4225,2855926.099785614,2841772.1179897054,1.0,0.0,0.0,0.0,0.0,0.0,0.0,1.0,0.0,-1.5245877277110562,-1.1505407061992283,0.32836090954687486,-1.3561891326526263,-0.8627552931863378
MKT-01602,Campaign 1602,2024-08-22 00:00:00+00:00,2024-10-20 00:00:00+00:00,661438,13900,0.0248,5311316.78,2024,8,3,3,22,0,0,59,47.585467625899284,8.02995410000635,0.17791666666666667,0.3254166666666667,2915925.030689836,2755334.291556837,0.0,0.0,0.0,1.0,0.0,0.0,1.0,0.0,0.0,0.7503113298126696,1.5796644455133302,-1.056457284134201,1.4217393225456716,-1.2534445474067322
MKT-01603,Campaign 1603,2023-01-05 00:00:00+00:00,2023-03-30 00:00:00+00:00,57583,727,0.0381,197926.51,2023,1,1,3,5,0,0,84,79.20632737276479,3.4372385947241373,0.17791666666666667,0.3254166666666667,2915925.030689836,2755334.291556837,0.0,0.0,0.0,1.0,0.0,0.0,1.0,0.0,0.0,-1.5989576096303801,-1.2812847600796644,-0.2378758629804983,-1.4848947405147508,-0.03346545565957115
MKT-01604,Campaign 1604,2023-10-03 00:00:00+00:00,2023-11-23 00:00:00+00:00,251573,4941,0.061,1251568.01,2023,10,4,1,3,0,0,51,50.91540174053835,4.974969531706503,0.15958333333333333,0.2520833333333333,2694009.023235263,2828093.8678722903,0.0,0.0,0.0,0.0,1.0,0.0,0.0,0.0,1.0,-0.8442488110569525,-0.3660763829166127,1.171561320810463,-0.8859671968610022,-1.1249708111049244
MKT-01605,Campaign 1605,2025-03-07 00:00:00+00:00,2025-06-04 00:00:00+00:00,573051,6993,0.0588,2145999.29,2025,3,1,4,7,0,0,89,81.94637494637495,3.7448661462941346,0.1675,0.4225,2698290.221362763,2841772.1179897054,0.0,1.0,0.0,0.0,0.0,0.0,0.0,1.0,0.0,0.4064459420117027,0.07958275090839485,1.036156875206091,-0.37754044117846863,0.07224959374000418
MKT-01606,Campaign 1606,2023-03-28 00:00:00+00:00,2023-05-12 00:00:00+00:00,658248,5525,0.0313,4535798.67,2023,3,1,1,28,0,0,45,119.13990950226244,6.890713940642432,0.15833333333333333,0.2520833333333333,2745646.1699524573,2828093.8678722903,0.0,0.0,1.0,0.0,0.0,0.0,0.0,0.0,1.0,0.737900787684471,-0.23924161968376456,-0.6563986948485567,0.9809070691831211,1.5072306432624232
MKT-01607,Campaign 1607,2025-10-13 00:00:00+00:00,2025-12-23 00:00:00+00:00,714981,20221,0.0185,4342031.2,2025,10,4,0,13,0,0,71,35.35834033925127,6.072932287711142,0.15958333333333333,0.3254166666666667,2694009.023235263,2755334.291556837,0.0,0.0,0.0,0.0,1.0,0.0,1.0,0.0,0.0,0.9586178054145925,2.9524770112579075,-1.4442063783649022,0.8707627033365772,-1.725185030153108
MKT-01608,Campaign 1608,2023-01-25 00:00:00+00:00,2023-02-27 00:00:00+00:00,492296,7236,0.0317,3045670.31,2023,1,1,2,25,0,0,33,68.0342730790492,6.186664750475324,0.1675,0.4225,2698290.221362763,2841772.1179897054,0.0,1.0,0.0,0.0,0.0,0.0,0.0,1.0,0.0,0.092272484468545,0.13235817465082997,-0.6317797047386711,0.13386477027634064,-0.4644996767182883
MKT-01609,Campaign 1609,2025-08-09 00:00:00+00:00,2025-09-20 00:00:00+00:00,523594,5784,0.0529,2188805.88,2025,8,3,5,9,0,0,42,90.52455048409405,4.18034943104772,0.15958333333333333,0.3254166666666667,2694009.023235263,2755334.291556837,0.0,0.0,0.0,0.0,1.0,0.0,1.0,0.0,0.0,0.21403585359969166,-0.18299127092125142,0.673026771085276,-0.35320764316235687,0.40320817251146396
MKT-01610,Campaign 1610,2025-04-04 00:00:00+00:00,2025-06-02 00:00:00+00:00,542680,6870,0.0139,2862516.24,2025,4,2,4,4,0,0,59,78.99272197962155,5.27477747475492,0.16791666666666666,0.4225,2855926.099785614,2841772.1179897054,1.0,0.0,0.0,0.0,0.0,0.0,0.0,1.0,0.0,0.28828902195668143,0.052869264816544984,-1.7273247646285887,0.029753440896009085,-0.04170666464646523
MKT-01611,Campaign 1611,2025-08-29 00:00:00+00:00,2025-10-10 00:00:00+00:00,807834,9170,0.0392,6540450.51,2025,8,3,4,29,0,0,42,88.09531079607416,8.096280312539458,0.15958333333333333,0.3254166666666667,2694009.023235263,2755334.291556837,0.0,0.0,0.0,0.0,1.0,0.0,1.0,0.0,0.0,1.3198579521950373,0.552389736452762,-0.17017364017831255,2.120422931468507,0.3094845466533644
MKT-01612,Campaign 1612,2024-03-11 00:00:00+00:00,2024-03-31 00:00:00+00:00,772022,20805,0.0225,5143113.68,2024,3,1,0,11,0,0,20,37.107522230233116,6.661874506166923,0.15833333333333333,0.3254166666666667,2745646.1699524573,2755334.291556837,0.0,0.0,1.0,0.0,0.0,0.0,1.0,0.0,0.0,1.180533082384678,3.0793117744907557,-1.1980164772660442,1.3261266596826902,-1.6576990303496983
MKT-01613,Campaign 1613,2023-03-10 00:00:00+00:00,2023-04-21 00:00:00+00:00,420863,5068,0.0342,3377386.1,2023,3,1,4,10,0,0,42,83.04321231254933,8.024906204631911,0.17791666666666667,0.2520833333333333,2915925.030689836,2828093.8678722903,0.0,0.0,0.0,1.0,0.0,0.0,0.0,0.0,1.0,-0.18563417880531277,-0.3384941655697434,-0.4779110165518848,0.32242389906527186,0.11456718612970565
MKT-01614,Campaign 1614,2024-11-08 00:00:00+00:00,2025-01-15 00:00:00+00:00,868622,9199,0.0502,5845908.92,2024,11,4,4,8,0,0,68,94.4256984454832,6.730095392472214,0.15958333333333333,0.4225,2694009.023235263,2841772.1179897054,0.0,0.0,0.0,0.0,1.0,0.0,0.0,1.0,0.0,1.5563507531006588,0.5586880380516535,0.5068485878435468,1.725620630625128,0.553720175815821
MKT-01615,Campaign 1615,2025-12-31 00:00:00+00:00,2026-02-19 00:00:00+00:00,256009,2880,0.041,1642274.59,2025,12,4,2,31,0,1,50,88.89201388888888,6.414909593022121,0.1675,0.3254166666666667,2698290.221362763,2755334.291556837,0.0,1.0,0.0,0.0,0.0,0.0,1.0,0.0,0.0,-0.8269907656398087,-0.8136901620654142,-0.05938818468382632,-0.663875591463192,0.3402225190976655
MKT-01616,Campaign 1616,2025-06-09 00:00:00+00:00,2025-07-31 00:00:00+00:00,293556,7560,0.0531,2416573.45,2025,6,2,0,9,0,0,52,38.83015873015873,8.23206969028056,0.17791666666666667,0.2520833333333333,2915925.030689836,2828093.8678722903,0.0,0.0,0.0,1.0,0.0,0.0,0.0,0.0,1.0,-0.6809159614744574,0.20272540630741012,0.6853362661402188,-0.2237364034436448,-1.5912371906206857
MKT-01617,Campaign 1617,2025-01-22 00:00:00+00:00,2025-02-19 00:00:00+00:00,120103,2701,0.0616,721194.38,2025,1,1,2,22,0,0,28,44.46612365790448,6.0047990474842425,0.15833333333333333,0.4225,2745646.1699524573,2841772.1179897054,0.0,0.0,1.0,0.0,0.0,0.0,0.0,1.0,0.0,-1.3557265457260002,-0.8525658857275372,1.2084898059752918,-1.1874505528550685,-1.3737934073487368
MKT-01618,Campaign 1618,2024-05-30 00:00:00+00:00,2024-08-01 00:00:00+00:00,705927,7280,0.1017,5097366.86,2024,5,2,3,30,0,0,63,96.9679945054945,7.220813001910963,0.16791666666666666,0.3254166666666667,2855926.099785614,2755334.291556837,1.0,0.0,0.0,0.0,0.0,0.0,1.0,0.0,0.0,0.9233936523021444,0.14191421845604454,3.676543564491342,1.3001225296891679,0.6518056821263323
MKT-01619,Campaign 1619,2023-09-30 00:00:00+00:00,2023-11-20 00:00:00+00:00,540145,11234,0.0565,2088705.66,2023,9,3,5,30,0,1,51,48.08127114117857,3.866935100759981,0.15958333333333333,0.3254166666666667,2694009.023235263,2755334.291556837,0.0,0.0,0.0,0.0,1.0,0.0,1.0,0.0,0.0,0.2784267259394453,1.0006550640428282,0.894597682074248,-0.4101081912935759,-1.234315721464059
MKT-01620,Campaign 1620,2023-05-29 00:00:00+00:00,2023-06-14 00:00:00+00:00,558633,8883,0.0516,2365551.25,2023,5,2,0,29,0,0,16,62.88787571766295,4.234535464249337,0.15833333333333333,0.4225,2745646.1699524573,2841772.1179897054,0.0,0.0,1.0,0.0,0.0,0.0,0.0,1.0,0.0,0.3503534039539075,0.4900582689051124,0.593015053228147,-0.2527392482611756,-0.6630552260921903
MKT-01621,Campaign 1621,2023-03-01 00:00:00+00:00,2023-05-05 00:00:00+00:00,729144,9712,0.0315,4190022.25,2023,3,1,2,1,1,0,65,75.07660626029654,5.746494862468867,0.15833333333333333,0.3254166666666667,2745646.1699524573,2755334.291556837,0.0,0.0,1.0,0.0,0.0,0.0,1.0,0.0,0.0,1.0137182781925473,0.6701028215079053,-0.6440891997936139,0.7843553750025228,-0.19279614597887873
MKT-01622,Campaign 1622,2025-12-20 00:00:00+00:00,2026-02-01 00:00:00+00:00,280197,3753,0.0563,1435405.59,2025,12,4,5,20,0,0,43,74.65947242206235,5.122844248867761,0.16791666666666666,0.2520833333333333,2855926.099785614,2828093.8678722903,1.0,0.0,0.0,0.0,0.0,0.0,0.0,0.0,1.0,-0.7328885107818569,-0.6240895656574066,0.8822881870193052,-0.7814673359304585,-0.2088897805346692
MKT-01623,Campaign 1623,2025-12-16 00:00:00+00:00,2026-01-06 00:00:00+00:00,236519,5917,0.067,1066108.03,2025,12,4,1,16,0,0,21,39.97279026533717,4.507494239363434,0.15833333333333333,0.4225,2745646.1699524573,2841772.1179897054,0.0,0.0,1.0,0.0,0.0,0.0,0.0,1.0,0.0,-0.9028156766362317,-0.15410595669185279,1.54084617245875,-0.9913892880252866,-1.5471527921050243
MKT-01624,Campaign 1624,2025-01-13 00:00:00+00:00,2025-02-27 00:00:00+00:00,601625,7953,0.0312,3036742.99,2025,1,1,0,13,0,0,45,75.64755438199421,5.047567820486184,0.16875,0.2520833333333333,2935005.225015562,2828093.8678722903,0.0,0.0,0.0,0.0,0.0,1.0,0.0,0.0,1.0,0.517611719682908,0.28807825211307675,-0.6625534423760283,0.12879016203529198,-0.17076813103812383
MKT-01625,Campaign 1625,2024-05-10 00:00:00+00:00,2024-07-02 00:00:00+00:00,22058,302,0.033,155013.22,2024,5,2,4,10,0,0,53,73.03973509933775,7.0275283343911505,0.16875,0.3254166666666667,2935005.225015562,2755334.291556837,0.0,0.0,0.0,0.0,0.0,1.0,1.0,0.0,0.0,-1.7371659196944094,-1.373587455925487,-0.5517679868815422,-1.5092881906301845,-0.27138161926598076
MKT-01626,Campaign 1626,2023-08-17 00:00:00+00:00,2023-10-15 00:00:00+00:00,608683,10086,0.0316,4136252.51,2023,8,3,3,17,0,0,59,60.34929605393615,6.795413228232101,0.16875,0.3254166666666667,2935005.225015562,2755334.291556837,0.0,0.0,0.0,0.0,0.0,1.0,1.0,0.0,0.0,0.545070530448057,0.7513291938522294,-0.6379344522661423,0.7537907301009118,-0.7609973483897421
MKT-01627,Campaign 1627,2026-01-09 00:00:00+00:00,2026-03-08 00:00:00+00:00,211766,2596,0.0208,816333.91,2026,1,1,4,9,0,0,58,81.57395993836671,3.854886572915388,0.16875,0.4225,2935005.225015562,2841772.1179897054,0.0,0.0,0.0,0.0,0.0,1.0,0.0,1.0,0.0,-0.9991160369181434,-0.8753700811717993,-1.3026471852330588,-1.133369838487542,0.0578812771648063
MKT-01628,Campaign 1628,2025-02-24 00:00:00+00:00,2025-05-19 00:00:00+00:00,757808,7521,0.0417,6604722.6,2025,2,1,0,24,0,0,84,100.75894163010238,8.715561989316555,0.16791666666666666,0.4225,2855926.099785614,2841772.1179897054,1.0,0.0,0.0,0.0,0.0,0.0,0.0,1.0,0.0,1.125234196550755,0.19425527657096991,-0.016304951991526234,2.1569574880413,0.7980659757098768
MKT-01629,Campaign 1629,2023-03-13 00:00:00+00:00,2023-05-03 00:00:00+00:00,231462,1862,0.0204,1647195.19,2023,3,1,0,13,0,0,51,124.30827067669173,7.116482143937233,0.16875,0.4225,2935005.225015562,2841772.1179897054,0.0,0.0,0.0,0.0,0.0,1.0,0.0,1.0,0.0,-0.9224896927936925,-1.034782266467879,-1.3272661753429444,-0.6610785462905193,1.7066335887192294
MKT-01630,Campaign 1630,2024-05-07 00:00:00+00:00,2024-07-15 00:00:00+00:00,383929,3141,0.0404,1708902.87,2024,5,2,1,7,0,0,69,122.23145495065266,4.451090878782275,0.1675,0.4225,2698290.221362763,2841772.1179897054,0.0,1.0,0.0,0.0,0.0,0.0,0.0,1.0,0.0,-0.32932413584696946,-0.7570054476753914,-0.09631666984865521,-0.6260016921546756,1.626506995594875
MKT-01631,Campaign 1631,2024-02-03 00:00:00+00:00,2024-04-10 00:00:00+00:00,627251,6473,0.0471,2313072.71,2024,2,1,5,3,0,0,67,96.90267264019775,3.6876349499642087,0.15958333333333333,0.3254166666666667,2694009.023235263,2755334.291556837,0.0,0.0,0.0,0.0,1.0,0.0,1.0,0.0,0.0,0.6173084446287437,-0.03335231224414118,0.316051414491932,-0.2825699288643362,0.6492854688704652
MKT-01632,Campaign 1632,2025-06-30 00:00:00+00:00,2025-09-14 00:00:00+00:00,749823,13342,0.0465,6132494.91,2025,6,2,0,30,0,1,76,56.200194873332336,8.17859002724643,0.16791666666666666,0.4225,2855926.099785614,2841772.1179897054,1.0,0.0,0.0,0.0,0.0,0.0,0.0,1.0,0.0,1.0941689367094807,1.4584764354381088,0.27912292932710314,1.888526365674742,-0.921075750128388
MKT-01633,Campaign 1633,2025-04-22 00:00:00+00:00,2025-07-14 00:00:00+00:00,787801,7183,0.0341,4121737.86,2025,4,2,1,22,0,0,83,109.67576221634414,5.231953069366503,0.1675,0.2520833333333333,2698290.221362763,2828093.8678722903,0.0,1.0,0.0,0.0,0.0,0.0,0.0,0.0,1.0,1.241920525720366,0.12084748552182148,-0.48406576407935636,0.7455400834896178,1.142089976548562
MKT-01634,Campaign 1634,2025-04-08 00:00:00+00:00,2025-06-20 00:00:00+00:00,238463,3667,0.0172,1070457.62,2025,4,2,1,8,0,0,73,65.029451868012,4.488988312652277,0.16791666666666666,0.4225,2855926.099785614,2841772.1179897054,1.0,0.0,0.0,0.0,0.0,0.0,0.0,1.0,0.0,-0.8952526377969784,-0.642767287640326,-1.5242180962220309,-0.988916825375893,-0.5804300809277168
MKT-01635,Campaign 1635,2025-06-17 00:00:00+00:00,2025-09-15 00:00:00+00:00,792638,15155,0.0615,3787671.72,2025,6,2,1,17,0,0,90,52.302078521939954,4.77856438878782,0.15833333333333333,0.2520833333333333,2745646.1699524573,2828093.8678722903,0.0,0.0,1.0,0.0,0.0,0.0,0.0,0.0,1.0,1.2607386424207097,1.852228876775701,1.2023350584478203,0.5556449316300061,-1.0714707894779378
MKT-01636,Campaign 1636,2023-10-28 00:00:00+00:00,2023-11-26 00:00:00+00:00,434040,6751,0.0137,2040747.68,2023,10,4,5,28,0,0,29,64.2926973781662,4.701750253432863,0.15833333333333333,0.4225,2745646.1699524573,2841772.1179897054,0.0,0.0,1.0,0.0,0.0,0.0,0.0,1.0,0.0,-0.13436969177607386,0.027024509979714624,-1.7396342596835315,-0.43736922377947896,-0.6088551484482743
MKT-01637,Campaign 1637,2024-05-03 00:00:00+00:00,2024-07-13 00:00:00+00:00,417560,10423,0.0439,3150346.5,2024,5,2,4,3,0,0,71,40.061402667178356,7.544655857840789,0.17791666666666667,0.3254166666666667,2915925.030689836,2755334.291556837,0.0,0.0,0.0,1.0,0.0,0.0,1.0,0.0,0.0,-0.19848434201830328,0.824519802087623,0.11909949361284564,0.19336646355221582,-1.543733995829997
MKT-01638,Campaign 1638,2025-05-01 00:00:00+00:00,2025-06-24 00:00:00+00:00,576516,8168,0.0658,3926022.43,2025,5,2,3,1,1,0,54,70.58227228207639,6.809910618265582,0.17791666666666667,0.2520833333333333,2915925.030689836,2828093.8678722903,0.0,0.0,0.0,1.0,0.0,0.0,0.0,0.0,1.0,0.4199263584612976,0.33477255707037534,1.4669892021290922,0.6342884274519266,-0.36619413479545243
MKT-01639,Campaign 1639,2023-10-19 00:00:00+00:00,2023-11-25 00:00:00+00:00,904816,8447,0.0435,4653424.78,2023,10,4,3,19,0,0,37,107.11684621759204,5.142951473006667,0.16791666666666666,0.2520833333333333,2855926.099785614,2828093.8678722903,1.0,0.0,0.0,0.0,0.0,0.0,0.0,0.0,1.0,1.6971617756047397,0.395366562107986,0.09448050350295957,1.0477699605288453,1.0433632486541908
MKT-01640,Campaign 1640,2024-09-25 00:00:00+00:00,2024-12-05 00:00:00+00:00,557767,15621,0.0625,2817160.52,2024,9,3,2,25,0,0,71,35.70622879457141,5.050783786061205,0.17791666666666667,0.4225,2915925.030689836,2841772.1179897054,0.0,0.0,0.0,1.0,0.0,0.0,0.0,1.0,0.0,0.34698427245452823,1.9534360679854734,1.2638825337225348,0.003971626141894602,-1.7117629839105843
MKT-01641,Campaign 1641,2025-07-22 00:00:00+00:00,2025-10-20 00:00:00+00:00,321173,9173,0.0502,2748722.6,2025,7,3,1,22,0,0,90,35.012863839529054,8.558386290254784,0.16791666666666666,0.3254166666666667,2855926.099785614,2755334.291556837,1.0,0.0,0.0,0.0,0.0,0.0,1.0,0.0,0.0,-0.5734733464417117,0.5530412848940267,0.5068485878435468,-0.03493093731861042,-1.7385140196152897
MKT-01642,Campaign 1642,2025-02-12 00:00:00+00:00,2025-04-08 00:00:00+00:00,61999,1219,0.0197,422037.23,2025,2,1,2,12,0,0,55,50.86054142739951,6.807161889707898,0.1675,0.3254166666666667,2698290.221362763,2755334.291556837,0.0,1.0,0.0,0.0,0.0,0.0,1.0,0.0,0.0,-1.5817773732547926,-1.174430815712265,-1.3703494080352447,-1.3575021852328326,-1.127087402352976
MKT-01643,Campaign 1643,2024-01-25 00:00:00+00:00,2024-04-08 00:00:00+00:00,804280,15270,0.063,5834536.08,2024,1,1,3,25,0,0,74,52.670595939751145,7.254359277863431,0.15958333333333333,0.3254166666666667,2694009.023235263,2755334.291556837,0.0,0.0,0.0,0.0,1.0,0.0,1.0,0.0,0.0,1.3060312855105176,1.8772049003575118,1.294656271359892,1.7191559012787925,-1.057252847642284
MKT-01644,Campaign 1644,2024-03-30 00:00:00+00:00,2024-06-26 00:00:00+00:00,336166,3616,0.0326,1636822.02,2024,3,1,5,30,0,0,88,92.96626106194691,4.869088545540001,0.1675,0.3254166666666667,2698290.221362763,2755334.291556837,0.0,1.0,0.0,0.0,0.0,0.0,1.0,0.0,0.0,-0.5151437984391785,-0.6538436111418248,-0.5763869769914282,-0.6669750274257088,0.49741294356844484
MKT-01645,Campaign 1645,2025-01-02 00:00:00+00:00,2025-01-17 00:00:00+00:00,752180,15217,0.0351,6578123.18,2025,1,1,3,2,0,0,15,49.43024249194979,8.745410912281635,0.16875,0.2520833333333333,2935005.225015562,2828093.8678722903,0.0,0.0,0.0,0.0,0.0,1.0,0.0,0.0,1.0,1.1033387322568675,1.8656942112285033,-0.4225182888046419,2.1418374255881654,-1.182270430587047
MKT-01646,Campaign 1646,2023-04-30 00:00:00+00:00,2023-06-23 00:00:00+00:00,305435,4310,0.0529,2254086.51,2023,4,2,6,30,0,1,54,70.86658932714617,7.379922111087465,0.16791666666666666,0.4225,2855926.099785614,2841772.1179897054,1.0,0.0,0.0,0.0,0.0,0.0,0.0,1.0,0.0,-0.6347012812422096,-0.5031187383959401,0.673026771085276,-0.31609979635291635,-0.35522476668879127
MKT-01647,Campaign 1647,2025-06-27 00:00:00+00:00,2025-09-26 00:00:00+00:00,110203,1192,0.0268,500994.66,2025,6,2,4,27,0,0,91,92.45218120805369,4.546107274756586,0.17791666666666667,0.3254166666666667,2915925.030689836,2755334.291556837,0.0,0.0,0.0,1.0,0.0,0.0,1.0,0.0,0.0,-1.3942420212962714,-1.1802947516836466,-0.9333623335847718,-1.312619955742904,0.4775789897082771
MKT-01648,Campaign 1648,2023-02-11 00:00:00+00:00,2023-04-08 00:00:00+00:00,891248,15676,0.057,7454112.7,2023,2,1,5,11,0,0,56,56.85429956621587,8.363679581889665,0.15833333333333333,0.3254166666666667,2745646.1699524573,2755334.291556837,0.0,0.0,1.0,0.0,0.0,0.0,1.0,0.0,0.0,1.644376121813079,1.9653811227419917,0.9253714197116053,2.6397812247646657,-0.8958394328517614
MKT-01649,Campaign 1649,2025-07-02 00:00:00+00:00,2025-07-28 00:00:00+00:00,93597,1861,0.0487,503186.32,2025,7,3,2,2,0,0,26,50.29392799570124,5.376094532944432,0.15833333333333333,0.3254166666666667,2745646.1699524573,2755334.291556837,0.0,0.0,1.0,0.0,0.0,0.0,1.0,0.0,0.0,-1.4588468685003042,-1.034999449281634,0.414527374931475,-1.3113741377485253,-1.1489481786034865
MKT-01650,Campaign 1650,2025-06-29 00:00:00+00:00,2025-07-22 00:00:00+00:00,891760,7764,0.0685,3193007.62,2025,6,2,6,29,0,0,23,114.85832045337455,3.5805683367722256,0.16875,0.4225,2935005.225015562,2841772.1179897054,0.0,0.0,0.0,0.0,0.0,1.0,0.0,1.0,0.0,1.6463680332769153,0.24703070031340502,1.633167385370822,0.21761657121323513,1.3420406654783867
MKT-01651,Campaign 1651,2025-01-06 00:00:00+00:00,2025-02-12 00:00:00+00:00,199431,3643,0.0604,1057169.64,2025,1,1,0,6,0,0,37,54.74361789733736,5.300929343983633,0.17791666666666667,0.4225,2915925.030689836,2841772.1179897054,0.0,0.0,0.0,1.0,0.0,0.0,0.0,1.0,0.0,-1.0471047632978705,-0.6479796751704431,1.1346328356456346,-0.9964701888505856,-0.9772726236624901
MKT-01652,Campaign 1652,2023-11-20 00:00:00+00:00,2023-12-10 00:00:00+00:00,345088,2991,0.0387,2669356.52,2023,11,4,0,20,0,0,20,115.37545971247074,7.735292215318991,0.15958333333333333,0.2520833333333333,2694009.023235263,2828093.8678722903,0.0,0.0,0.0,0.0,1.0,0.0,0.0,0.0,1.0,-0.48043318500100063,-0.7895828697386229,-0.20094737781566982,-0.08004545809614902,1.3619926556731354
MKT-01653,Campaign 1653,2024-04-14 00:00:00+00:00,2024-05-10 00:00:00+00:00,159688,1328,0.0353,898066.95,2024,4,2,6,14,0,0,26,120.24698795180723,5.6238850132758875,0.17791666666666667,0.3254166666666667,2915925.030689836,2755334.291556837,0.0,0.0,0.0,1.0,0.0,0.0,1.0,0.0,0.0,-1.201723000226082,-1.1507578890129833,-0.41020879374969904,-1.0869098529207686,1.549943351651144
MKT-01654,Campaign 1654,2024-11-08 00:00:00+00:00,2024-11-26 00:00:00+00:00,727127,6136,0.0303,4447142.44,2024,11,4,4,8,0,0,18,118.50179269882659,6.116046357788942,0.1675,0.2520833333333333,2698290.221362763,2828093.8678722903,0.0,1.0,0.0,0.0,0.0,0.0,0.0,0.0,1.0,1.0058712363516142,-0.10654292047953473,-0.7179461701232712,0.9305116946050493,1.4826111621820128
MKT-01655,Campaign 1655,2025-12-20 00:00:00+00:00,2026-02-03 00:00:00+00:00,70811,903,0.038,417972.62,2025,12,4,5,20,0,0,45,78.41749723145072,5.902651000550762,0.1675,0.3254166666666667,2698290.221362763,2755334.291556837,0.0,1.0,0.0,0.0,0.0,0.0,1.0,0.0,0.0,-1.5474947095451732,-1.243060584858806,-0.2440306105079699,-1.3598126550493788,-0.0638996781015626
MKT-01656,Campaign 1656,2025-08-25 00:00:00+00:00,2025-09-19 00:00:00+00:00,516095,5165,0.0276,4412071.02,2025,8,3,0,25,0,0,25,99.9215876089061,8.548951297726193,0.1675,0.2520833333333333,2698290.221362763,2828093.8678722903,0.0,1.0,0.0,0.0,0.0,0.0,0.0,0.0,1.0,0.18486135346823057,-0.31742743263552026,-0.8841243533650004,0.910575844097026,0.7657596308973785
MKT-01657,Campaign 1657,2023-03-10 00:00:00+00:00,2023-04-05 00:00:00+00:00,897516,15689,0.0371,3092030.91,2023,3,1,4,10,0,0,26,57.206705334948055,3.445098371505355,0.16791666666666666,0.4225,2855926.099785614,2841772.1179897054,1.0,0.0,0.0,0.0,0.0,0.0,0.0,1.0,0.0,1.668761475436762,1.9682044993208052,-0.2994233382552128,0.16021779479209294,-0.8822431020402006
MKT-01658,Campaign 1658,2025-12-28 00:00:00+00:00,2026-03-04 00:00:00+00:00,374972,9193,0.0218,1776952.39,2025,12,4,6,28,0,0,66,40.78886108995975,4.7388935440512885,0.1675,0.2520833333333333,2698290.221362763,2828093.8678722903,0.0,1.0,0.0,0.0,0.0,0.0,0.0,0.0,1.0,-0.3641709151078705,0.5573849411691242,-1.2410997099583443,-0.5873199091569326,-1.5156675841949798
MKT-01659,Campaign 1659,2025-03-09 00:00:00+00:00,2025-03-31 00:00:00+00:00,192087,2348,0.0264,1452102.68,2025,3,1,6,9,0,0,22,81.8087734241908,7.55960934368281,0.15958333333333333,0.2520833333333333,2694009.023235263,2828093.8678722903,0.0,0.0,0.0,0.0,1.0,0.0,0.0,0.0,1.0,-1.0756762433572717,-0.9292314189830088,-0.9579813236946577,-0.7719761123028152,0.06694072543594498
MKT-01660,Campaign 1660,2026-01-20 00:00:00+00:00,2026-02-16 00:00:00+00:00,723344,16375,0.0639,2557792.28,2026,1,1,1,20,0,0,27,44.17367938931298,3.5360662146917647,0.17791666666666667,0.4225,2915925.030689836,2841772.1179897054,0.0,0.0,0.0,1.0,0.0,0.0,0.0,1.0,0.0,0.9911536561412773,2.117191909556651,1.350048999107135,-0.14346256554948814,-1.3850763356447737
MKT-01661,Campaign 1661,2024-02-21 00:00:00+00:00,2024-04-11 00:00:00+00:00,573513,5456,0.0206,2946153.97,2024,2,1,2,21,0,0,50,105.11601906158357,5.137030843241566,0.16791666666666666,0.4225,2855926.099785614,2841772.1179897054,1.0,0.0,0.0,0.0,0.0,0.0,0.0,1.0,0.0,0.40824333087164866,-0.25422723383285106,-1.3149566802880017,0.07729612043708203,0.966168405880435
MKT-01662,Campaign 1662,2025-07-15 00:00:00+00:00,2025-08-06 00:00:00+00:00,876798,10878,0.0191,7067407.84,2025,7,3,1,15,0,0,22,80.60286817429674,8.060474408016441,0.16791666666666666,0.3254166666666667,2855926.099785614,2755334.291556837,1.0,0.0,0.0,0.0,0.0,0.0,1.0,0.0,0.0,1.588159089288794,0.923337982346092,-1.4072778932000733,2.4199643402562563,0.020415134314257618
MKT-01663,Campaign 1663,2023-05-13 00:00:00+00:00,2023-05-28 00:00:00+00:00,409198,10045,0.0304,1536930.67,2023,5,2,5,13,0,0,15,40.73648581383773,3.7559584113314335,0.16875,0.4225,2935005.225015562,2841772.1179897054,0.0,0.0,0.0,0.0,0.0,1.0,0.0,1.0,0.0,-0.23101630229291023,0.7424246984882794,-0.7117914225957999,-0.723756846372435,-1.5176882990744884
MKT-01664,Campaign 1664,2024-08-23 00:00:00+00:00,2024-10-23 00:00:00+00:00,342374,3431,0.0638,1411484.48,2024,8,3,4,23,0,0,61,99.78839988341592,4.1226392190995815,0.1675,0.3254166666666667,2698290.221362763,2755334.291556837,0.0,1.0,0.0,0.0,0.0,0.0,1.0,0.0,0.0,-0.4909918719401639,-0.694022431686477,1.3438942515796632,-0.7950649511095979,0.760621053335727
MKT-01665,Campaign 1665,2024-05-07 00:00:00+00:00,2024-07-20 00:00:00+00:00,310316,3941,0.0269,1560064.84,2024,5,2,1,7,0,0,74,78.74042121289013,5.027342579821859,0.16875,0.4225,2935005.225015562,2841772.1179897054,0.0,0.0,0.0,0.0,0.0,1.0,0.0,1.0,0.0,-0.6157119846504425,-0.5832591966714897,-0.9272075860573005,-0.7106065560577801,-0.051440797832854185
MKT-01666,Campaign 1666,2023-11-03 00:00:00+00:00,2024-01-22 00:00:00+00:00,170067,2218,0.0371,1230581.06,2023,11,4,4,3,0,0,80,76.67583408476105,7.2358603373964385,0.17791666666666667,0.3254166666666667,2915925.030689836,2755334.291556837,0.0,0.0,0.0,1.0,0.0,0.0,1.0,0.0,0.0,-1.1613439981105418,-0.9574651847711427,-0.2994233382552128,-0.8978969304680061,-0.13109559373565907
MKT-01667,Campaign 1667,2024-01-10 00:00:00+00:00,2024-01-24 00:00:00+00:00,513248,5991,0.0465,2699851.32,2024,1,1,2,10,0,0,14,85.66983809046904,5.260325067024128,0.15833333333333333,0.3254166666666667,2745646.1699524573,2755334.291556837,0.0,0.0,1.0,0.0,0.0,0.0,1.0,0.0,0.0,0.17378523640271923,-0.1380344284739919,0.27912292932710314,-0.06271112221604919,0.2159062564952361
MKT-01668,Campaign 1668,2023-01-21 00:00:00+00:00,2023-02-06 00:00:00+00:00,874952,8255,0.0504,6859222.49,2023,1,1,5,21,0,0,16,105.99055118110236,7.839541471989321,0.15833333333333333,0.2520833333333333,2745646.1699524573,2828093.8678722903,0.0,0.0,1.0,0.0,0.0,0.0,0.0,0.0,1.0,1.5809773147531656,0.3536674618670496,0.5191580828984896,2.3016243353302968,0.9999091361899584
MKT-01669,Campaign 1669,2025-02-01 00:00:00+00:00,2025-02-20 00:00:00+00:00,609504,12790,0.0402,1965165.66,2025,2,1,5,1,1,0,19,47.65473025801408,3.2242046975901717,0.16791666666666666,0.2520833333333333,2855926.099785614,2828093.8678722903,1.0,0.0,0.0,0.0,0.0,0.0,0.0,0.0,1.0,0.548264591603935,1.3385915222454168,-0.10862616490359803,-0.4803327494027469,-1.250772293594032
MKT-01670,Campaign 1670,2023-09-17 00:00:00+00:00,2023-11-09 00:00:00+00:00,656767,14524,0.0482,2339071.97,2023,9,3,6,17,0,0,53,45.219429909115945,3.561494365581706,0.16791666666666666,0.2520833333333333,2855926.099785614,2828093.8678722903,1.0,0.0,0.0,0.0,0.0,0.0,0.0,0.0,1.0,0.7321390281572415,1.7151865212963735,0.38375363729411777,-0.26779101883790374,-1.3447297486273284
MKT-01671,Campaign 1671,2023-01-22 00:00:00+00:00,2023-04-06 00:00:00+00:00,678610,13461,0.0574,5366958.98,2023,1,1,6,22,0,0,74,50.4130450932323,7.90875315718896,0.15958333333333333,0.3254166666666667,2694009.023235263,2755334.291556837,0.0,0.0,0.0,0.0,1.0,0.0,1.0,0.0,0.0,0.8171181728927401,1.4843211902749391,0.9499904098214909,1.4533683407359106,-1.144352466481146
MKT-01672,Campaign 1672,2023-09-29 00:00:00+00:00,2023-10-27 00:00:00+00:00,212427,3400,0.0214,1136069.02,2023,9,3,4,29,0,0,28,62.478529411764704,5.348044363475453,0.1675,0.2520833333333333,2698290.221362763,2828093.8678722903,0.0,1.0,0.0,0.0,0.0,0.0,0.0,0.0,1.0,-0.9965444480947142,-0.7007550989128781,-1.2657187000682302,-0.9516209570585541,-0.6788484062421798
MKT-01673,Campaign 1673,2025-06-16 00:00:00+00:00,2025-09-06 00:00:00+00:00,725722,7079,0.0311,4368614.68,2025,6,2,0,16,0,0,82,102.51758722983472,6.019680649063966,0.16791666666666666,0.3254166666666667,2855926.099785614,2755334.291556837,1.0,0.0,0.0,0.0,0.0,0.0,1.0,0.0,0.0,1.000405151182298,0.09826047289131427,-0.6687081899034998,0.8858737049231399,0.8659170992606611
MKT-01674,Campaign 1674,2024-08-28 00:00:00+00:00,2024-11-21 00:00:00+00:00,25691,290,0.0285,212537.35,2024,8,3,2,28,0,0,85,88.5896551724138,8.272832898680472,0.1675,0.3254166666666667,2698290.221362763,2755334.291556837,0.0,1.0,0.0,0.0,0.0,0.0,1.0,0.0,0.0,-1.7230319072957432,-1.3761936496905456,-0.8287316256177573,-1.4765894160643394,0.32855707687819274
MKT-01675,Campaign 1675,2023-09-12 00:00:00+00:00,2023-11-30 00:00:00+00:00,423890,10434,0.0361,1674601.32,2023,9,3,1,12,0,0,79,40.625838604562006,3.9505563235745123,0.1675,0.3254166666666667,2698290.221362763,2755334.291556837,0.0,1.0,0.0,0.0,0.0,0.0,1.0,0.0,0.0,-0.17385778036579647,0.8269088130389266,-0.3609708135299273,-0.6454999209972337,-1.5219572305000466
MKT-01676,Campaign 1676,2024-12-22 00:00:00+00:00,2025-02-06 00:00:00+00:00,616158,5659,0.0618,4138042.52,2024,12,4,6,22,0,0,46,108.8810743947694,6.715878914174611,0.16875,0.3254166666666667,2935005.225015562,2755334.291556837,0.0,0.0,0.0,0.0,0.0,1.0,1.0,0.0,0.0,0.5741516597296508,-0.21013912264061105,1.2207993010302347,0.7548082358582455,1.1114297562209543
MKT-01677,Campaign 1677,2023-08-21 00:00:00+00:00,2023-09-28 00:00:00+00:00,167729,4290,0.0576,1237709.24,2023,8,3,0,21,0,0,38,39.097668997669,7.379220289872354,0.17791666666666667,0.3254166666666667,2915925.030689836,2755334.291556837,0.0,0.0,0.0,1.0,0.0,0.0,1.0,0.0,0.0,-1.1704398750684504,-0.5074623946710376,0.9622999048764337,-0.893845017803099,-1.5809162526132186
MKT-01678,Campaign 1678,2026-02-01 00:00:00+00:00,2026-04-06 00:00:00+00:00,579833,10812,0.0406,3352057.14,2026,2,1,6,1,1,0,64,53.62865334813171,5.781073412517053,0.17791666666666667,0.2520833333333333,2915925.030689836,2828093.8678722903,0.0,0.0,0.0,1.0,0.0,0.0,0.0,0.0,1.0,0.43283098800337744,0.9090039166382701,-0.08400717479371239,0.3080260115522003,-1.0202895893288026
MKT-01679,Campaign 1679,2023-05-05 00:00:00+00:00,2023-07-30 00:00:00+00:00,80533,700,0.0549,369856.22,2023,5,2,4,5,0,0,86,115.04714285714286,4.592604522369712,0.1675,0.4225,2698290.221362763,2841772.1179897054,0.0,1.0,0.0,0.0,0.0,0.0,0.0,1.0,0.0,-1.5096717344447512,-1.287148696051046,0.7961217216347046,-1.3871637391339193,1.349325710429564
MKT-01680,Campaign 1680,2024-03-25 00:00:00+00:00,2024-05-11 00:00:00+00:00,219880,3307,0.0759,727879.68,2024,3,1,0,25,0,0,47,66.48926519504083,3.3103496452610517,0.16875,0.4225,2935005.225015562,2841772.1179897054,0.0,0.0,0.0,0.0,0.0,1.0,0.0,1.0,0.0,-0.9675489087588321,-0.7209531005920817,2.0886187024037084,-1.1836503890350325,-0.5241083442296636
MKT-01681,Campaign 1681,2024-09-02 00:00:00+00:00,2024-10-23 00:00:00+00:00,708194,10786,0.0221,4535863.45,2024,9,3,0,2,0,0,51,65.65863155942888,6.4048317975018145,0.15958333333333333,0.4225,2694009.023235263,2841772.1179897054,0.0,0.0,0.0,0.0,1.0,0.0,0.0,1.0,0.0,0.9322133071625287,0.9033571634806433,-1.2226354673759299,0.9809438924539187,-0.5561554067213453
MKT-01682,Campaign 1682,2025-12-15 00:00:00+00:00,2026-03-02 00:00:00+00:00,597468,11485,0.0314,2537331.74,2025,12,4,0,15,0,0,77,52.02159338267305,4.246807762089351,0.1675,0.4225,2698290.221362763,2841772.1179897054,0.0,1.0,0.0,0.0,0.0,0.0,0.0,1.0,0.0,0.5014391103954718,1.0551679502953022,-0.6502439473210855,-0.15509306886966773,-1.0822923170452057
MKT-01683,Campaign 1683,2023-04-07 00:00:00+00:00,2023-06-29 00:00:00+00:00,878500,17196,0.0377,4009211.47,2023,4,2,4,7,0,0,83,51.087462200511744,4.563701161070006,0.1675,0.4225,2698290.221362763,2841772.1179897054,0.0,1.0,0.0,0.0,0.0,0.0,0.0,1.0,0.0,1.5947806387252186,2.295498999649405,-0.26249485309038434,0.6815760555361596,-1.118332466500624
MKT-01684,Campaign 1684,2025-07-17 00:00:00+00:00,2025-09-07 00:00:00+00:00,157289,4168,0.048,799563.25,2025,7,3,3,17,0,0,52,37.73728406909789,5.083402208673206,0.15833333333333333,0.2520833333333333,2745646.1699524573,2828093.8678722903,0.0,0.0,1.0,0.0,0.0,0.0,0.0,0.0,1.0,-1.2110561947607366,-0.5339586979491326,0.37144414223917493,-1.1429028819366205,-1.6334018960419752
MKT-01685,Campaign 1685,2023-10-17 00:00:00+00:00,2024-01-14 00:00:00+00:00,775174,6961,0.0502,5022119.31,2023,10,4,1,17,0,0,89,111.35957477373941,6.4786993758820595,0.15958333333333333,0.3254166666666667,2694009.023235263,2755334.291556837,0.0,0.0,0.0,0.0,1.0,0.0,1.0,0.0,0.0,1.19279578733392,0.07263290086823879,0.5068485878435468,1.2573491287862393,1.2070539316999451
MKT-01686,Campaign 1686,2025-03-24 00:00:00+00:00,2025-06-19 00:00:00+00:00,382410,3795,0.025,3119992.94,2025,3,1,0,24,0,0,87,100.76679841897233,8.158763996757408,0.17791666666666667,0.3254166666666667,2915925.030689836,2755334.291556837,0.0,0.0,0.0,1.0,0.0,0.0,1.0,0.0,0.0,-0.33523373255315553,-0.6149678874797018,-1.0441477890792579,0.17611241354379578,0.7983691021342162
MKT-01687,Campaign 1687,2023-05-21 00:00:00+00:00,2023-07-22 00:00:00+00:00,727274,10563,0.0449,5357442.25,2023,5,2,6,21,0,0,62,68.85108397235634,7.366470202427146,0.16875,0.3254166666666667,2935005.225015562,2755334.291556837,0.0,0.0,0.0,0.0,0.0,1.0,1.0,0.0,0.0,1.0064431328070516,0.8549253960133057,0.18064696888756016,1.4479586907529551,-0.4329859158742364
MKT-01688,Campaign 1688,2023-07-21 00:00:00+00:00,2023-08-31 00:00:00+00:00,298869,2902,0.0555,1885616.29,2023,7,3,4,21,0,0,41,102.98725017229496,6.309173216359007,0.15833333333333333,0.4225,2745646.1699524573,2841772.1179897054,0.0,0.0,1.0,0.0,0.0,0.0,0.0,1.0,0.0,-0.6602459895850784,-0.8089121401628069,0.8330502067995335,-0.5255514587771434,0.8840373836095631
MKT-01689,Campaign 1689,2026-02-22 00:00:00+00:00,2026-05-16 00:00:00+00:00,715671,11837,0.0225,2697805.2,2026,2,1,6,22,0,0,83,60.460505195573205,3.769616485787464,0.1675,0.4225,2698290.221362763,2841772.1179897054,0.0,1.0,0.0,0.0,0.0,0.0,0.0,1.0,0.0,0.9613022173482781,1.131616300737019,-1.1980164772660442,-0.06387421006482943,-0.7567067367904858
MKT-01690,Campaign 1690,2024-12-11 00:00:00+00:00,2025-02-19 00:00:00+00:00,797299,12120,0.0444,3363960.21,2024,12,4,2,11,0,0,70,65.78374587458745,4.219195320701519,0.15833333333333333,0.4225,2745646.1699524573,2841772.1179897054,0.0,0.0,1.0,0.0,0.0,0.0,0.0,1.0,0.0,1.2788720395553597,1.1930790370296491,0.1498732312502029,0.31479214261009664,-0.5513283131573619
MKT-01691,Campaign 1691,2023-01-30 00:00:00+00:00,2023-03-12 00:00:00+00:00,675483,5896,0.0322,3176795.38,2023,1,1,0,30,0,0,41,114.56631614654003,4.702998269386498,0.16791666666666666,0.4225,2855926.099785614,2841772.1179897054,1.0,0.0,0.0,0.0,0.0,0.0,0.0,1.0,0.0,0.8049527292454434,-0.1586667957807052,-0.6010059671013138,0.20840095368077727,1.3307747115514528
MKT-01692,Campaign 1692,2024-11-12 00:00:00+00:00,2024-12-02 00:00:00+00:00,281448,5098,0.0189,1837481.61,2024,11,4,1,12,0,0,20,55.20753236563358,6.528671761746398,0.15958333333333333,0.4225,2694009.023235263,2841772.1179897054,0.0,0.0,0.0,0.0,1.0,0.0,0.0,1.0,0.0,-0.7280215552325225,-0.33197868115709706,-1.4195873882550163,-0.5529129338680155,-0.9593741238680151
MKT-01693,Campaign 1693,2025-04-03 00:00:00+00:00,2025-06-03 00:00:00+00:00,787891,7041,0.0577,5517334.92,2025,4,2,3,3,0,0,61,111.90044027836954,7.002662703343483,0.1675,0.3254166666666667,2698290.221362763,2755334.291556837,0.0,1.0,0.0,0.0,0.0,0.0,1.0,0.0,0.0,1.2422706664073686,0.09000752596862895,0.9684546524039054,1.5388474077324394,1.2279213152049573
MKT-01694,Campaign 1694,2025-06-28 00:00:00+00:00,2025-07-24 00:00:00+00:00,272072,4757,0.0495,1311900.13,2025,6,2,5,28,0,0,26,57.19402985074627,4.821885861095592,0.15958333333333333,0.2520833333333333,2694009.023235263,2828093.8678722903,0.0,0.0,0.0,0.0,1.0,0.0,0.0,0.0,1.0,-0.764498433914024,-0.4060380206475101,0.4637653551512467,-0.8516722602672716,-0.8827321407895498
MKT-01695,Campaign 1695,2023-10-25 00:00:00+00:00,2023-12-03 00:00:00+00:00,122296,1044,0.0276,775011.83,2023,10,4,2,25,0,0,39,117.14176245210729,6.337180529207823,0.17791666666666667,0.4225,2915925.030689836,2841772.1179897054,0.0,0.0,0.0,1.0,0.0,0.0,0.0,1.0,0.0,-1.3471947843193732,-1.2124378081193683,-0.8841243533650004,-1.15685878788168,1.430139202898687
MKT-01696,Campaign 1696,2024-10-28 00:00:00+00:00,2024-12-22 00:00:00+00:00,698291,12577,0.0567,5115917.35,2024,10,4,0,28,0,0,55,55.521268983064324,7.326340093170325,0.1675,0.3254166666666667,2698290.221362763,2755334.291556837,0.0,1.0,0.0,0.0,0.0,0.0,1.0,0.0,0.0,0.893686160236024,1.2923315829156279,0.9069071771291908,1.3106672922191869,-0.9472697055617126
MKT-01697,Campaign 1697,2023-06-28 00:00:00+00:00,2023-09-15 00:00:00+00:00,215776,3520,0.0759,1386659.27,2023,6,2,2,28,0,0,79,61.3,6.426383240026694,0.1675,0.3254166666666667,2698290.221362763,2755334.291556837,0.0,1.0,0.0,0.0,0.0,0.0,1.0,0.0,0.0,-0.9835153240861446,-0.674693161262293,2.0886187024037084,-0.8091764890909591,-0.7243177974248324
MKT-01698,Campaign 1698,2026-01-12 00:00:00+00:00,2026-02-15 00:00:00+00:00,33622,396,0.0437,290424.62,2026,1,1,0,12,0,0,34,84.9040404040404,8.637934090773898,0.15958333333333333,0.3254166666666667,2694009.023235263,2755334.291556837,0.0,0.0,0.0,0.0,1.0,0.0,1.0,0.0,0.0,-1.6921767318666703,-1.3531722714325287,0.10678999855790282,-1.4323155038247435,0.18636065990392578
MKT-01699,Campaign 1699,2023-09-11 00:00:00+00:00,2023-11-26 00:00:00+00:00,93097,1755,0.0199,401696.38,2023,9,3,0,11,0,0,76,53.04672364672365,4.314815515000483,0.15833333333333333,0.4225,2745646.1699524573,2841772.1179897054,0.0,0.0,1.0,0.0,0.0,0.0,0.0,1.0,0.0,-1.460792094539207,-1.0580208275396508,-1.3580399129803018,-1.369064652472714,-1.0427412897021573
MKT-01700,Campaign 1700,2023-08-17 00:00:00+00:00,2023-09-04 00:00:00+00:00,666453,17876,0.0372,4615903.84,2023,8,3,3,17,0,0,18,37.281998209890354,6.926075567219294,0.16875,0.4225,2935005.225015562,2841772.1179897054,0.0,0.0,0.0,0.0,0.0,1.0,0.0,1.0,0.0,0.7698219469828625,2.443183313002721,-0.2932685907277416,1.0264417151723555,-1.6509674914574
MKT-01701,Campaign 1701,2025-02-27 00:00:00+00:00,2025-05-05 00:00:00+00:00,52334,842,0.011,181728.98,2025,2,1,3,27,0,0,67,62.15439429928741,3.4724840447892387,0.15958333333333333,0.4225,2694009.023235263,2841772.1179897054,0.0,0.0,0.0,0.0,1.0,0.0,0.0,1.0,0.0,-1.6193785925867796,-1.2563087364978536,-1.9058124429252605,-1.4941019963566646,-0.6913540137205663
MKT-01702,Campaign 1702,2023-07-10 00:00:00+00:00,2023-08-12 00:00:00+00:00,60442,818,0.0401,216026.09,2023,7,3,0,10,0,0,33,73.88997555012224,3.57410558882896,0.16791666666666666,0.3254166666666667,2855926.099785614,2755334.291556837,1.0,0.0,0.0,0.0,0.0,0.0,1.0,0.0,0.0,-1.5878348071399353,-1.2615211240279705,-0.11478091243106965,-1.474606291369036,-0.2385780971221026
MKT-01703,Campaign 1703,2023-06-06 00:00:00+00:00,2023-08-09 00:00:00+00:00,915930,25357,0.0359,2947790.18,2023,6,2,1,6,0,0,64,36.121386599361124,3.2183574945683624,0.15833333333333333,0.3254166666666667,2745646.1699524573,2755334.291556837,0.0,0.0,1.0,0.0,0.0,0.0,1.0,0.0,0.0,1.7404002599974666,4.067927942702956,-0.37328030858487016,0.07822620076915104,-1.6957455876198555
MKT-01704,Campaign 1704,2025-04-15 00:00:00+00:00,2025-05-20 00:00:00+00:00,68457,647,0.0545,340721.73,2025,4,2,1,15,0,0,35,105.80680061823803,4.97716420526754,0.16875,0.3254166666666667,2935005.225015562,2755334.291556837,0.0,0.0,0.0,0.0,0.0,1.0,1.0,0.0,0.0,-1.5566528337363266,-1.2986593851800545,0.771502731524819,-1.4037248261177793,0.9928197702908076
MKT-01705,Campaign 1705,2023-06-18 00:00:00+00:00,2023-08-06 00:00:00+00:00,645561,10739,0.0324,2172830.38,2023,6,2,6,18,0,0,49,60.11369773721948,3.3658018064907886,0.1675,0.4225,2698290.221362763,2841772.1179897054,0.0,1.0,0.0,0.0,0.0,0.0,0.0,1.0,0.0,0.6885426221733566,0.893149571234164,-0.588696472046371,-0.36228868920471613,-0.7700870765864478
MKT-01706,Campaign 1706,2026-02-19 00:00:00+00:00,2026-04-22 00:00:00+00:00,460512,9063,0.0563,3705173.33,2026,2,1,3,19,0,0,62,50.81231380337636,8.045769339344035,0.17791666666666667,0.4225,2915925.030689836,2841772.1179897054,0.0,0.0,0.0,1.0,0.0,0.0,0.0,1.0,0.0,-0.031381644372414995,0.5291511753809902,0.8822881870193052,0.508749893727561,-1.128948094738442
MKT-01707,Campaign 1707,2025-07-25 00:00:00+00:00,2025-08-13 00:00:00+00:00,319911,3500,0.0292,1926247.32,2025,7,3,4,25,0,0,19,91.40314285714285,6.021197520560406,0.1675,0.3254166666666667,2698290.221362763,2755334.291556837,0.0,1.0,0.0,0.0,0.0,0.0,1.0,0.0,0.0,-0.5783830969639018,-0.6790368175373904,-0.7856483929254572,-0.5024553269391113,0.4371055533502096
MKT-01708,Campaign 1708,2023-10-01 00:00:00+00:00,2023-10-27 00:00:00+00:00,881918,7736,0.0401,6335054.98,2023,10,4,6,1,1,0,26,114.00180972078594,7.183269850484966,0.15833333333333333,0.3254166666666667,2745646.1699524573,2755334.291556837,0.0,0.0,1.0,0.0,0.0,0.0,1.0,0.0,0.0,1.6080782039271566,0.24094958152826845,-0.11478091243106965,2.003668760092038,1.3089952266769096
MKT-01709,Campaign 1709,2023-03-25 00:00:00+00:00,2023-06-14 00:00:00+00:00,326675,4319,0.0195,2321214.21,2023,3,1,5,25,0,0,81,75.6367214633017,7.105576521007117,0.16875,0.3254166666666667,2935005.225015562,2755334.291556837,0.0,0.0,0.0,0.0,0.0,1.0,1.0,0.0,0.0,-0.5520680791096275,-0.5011640930721463,-1.3826589030901877,-0.2779420088396817,-0.17118608091087437
MKT-01710,Campaign 1710,2023-03-03 00:00:00+00:00,2023-05-28 00:00:00+00:00,164711,2246,0.0249,1348979.36,2023,3,1,4,3,0,0,86,73.33526268922529,8.189977354275063,0.15958333333333333,0.4225,2694009.023235263,2841772.1179897054,0.0,0.0,0.0,0.0,1.0,0.0,0.0,1.0,0.0,-1.1821812594392664,-0.9513840659860062,-1.0503025366067296,-0.8305950986857731,-0.259979731917457
MKT-01711,Campaign 1711,2024-09-30 00:00:00+00:00,2024-11-24 00:00:00+00:00,372582,4672,0.0545,1406491.11,2024,9,3,0,30,0,1,55,79.7478595890411,3.774984057200831,0.15958333333333333,0.3254166666666667,2694009.023235263,2755334.291556837,0.0,0.0,0.0,0.0,1.0,0.0,1.0,0.0,0.0,-0.3734690955738249,-0.4244985598166746,0.771502731524819,-0.7979033613550696,-0.012572349442556037
MKT-01712,Campaign 1712,2025-01-25 00:00:00+00:00,2025-03-02 00:00:00+00:00,292299,5936,0.0591,1006669.85,2025,1,1,5,25,0,0,36,49.241745283018865,3.443972952353583,0.16875,0.4225,2935005.225015562,2841772.1179897054,0.0,0.0,0.0,0.0,0.0,1.0,0.0,1.0,0.0,-0.6858062597362585,-0.14997948323051014,1.0546211177885054,-1.025176077124472,-1.1895429290450064
MKT-01713,Campaign 1713,2024-02-25 00:00:00+00:00,2024-03-31 00:00:00+00:00,710367,11293,0.0315,5109664.66,2024,2,1,6,25,0,0,35,62.90330293101921,7.192992720664107,0.16791666666666666,0.3254166666666667,2855926.099785614,2755334.291556837,1.0,0.0,0.0,0.0,0.0,0.0,1.0,0.0,0.0,0.9406672595275994,1.0134688500543658,-0.6440891997936139,1.307113039408408,-0.662460021600939
MKT-01714,Campaign 1714,2025-05-09 00:00:00+00:00,2025-08-06 00:00:00+00:00,632299,8324,0.0503,4932002.02,2025,5,2,4,9,0,0,89,75.96095627102355,7.800110422442546,0.15958333333333333,0.4225,2694009.023235263,2841772.1179897054,0.0,0.0,0.0,0.0,1.0,0.0,0.0,1.0,0.0,0.6369474467175043,0.3686530760161361,0.513003335371018,1.206123235405585,-0.15867662704390512
MKT-01715,Campaign 1715,2024-11-04 00:00:00+00:00,2025-01-15 00:00:00+00:00,107217,860,0.0545,350200.93,2024,11,4,0,4,0,0,72,124.67093023255813,3.266281746364849,0.15958333333333333,0.3254166666666667,2694009.023235263,2755334.291556837,0.0,0.0,0.0,0.0,1.0,0.0,1.0,0.0,0.0,-1.4058589112005977,-1.2523994458502656,0.771502731524819,-1.3983365095302087,1.7206255256596277
MKT-01716,Campaign 1716,2024-08-09 00:00:00+00:00,2024-09-25 00:00:00+00:00,823209,11745,0.0249,5128600.95,2024,8,3,4,9,0,0,47,70.09016602809706,6.230010787054078,0.15958333333333333,0.3254166666666667,2694009.023235263,2755334.291556837,0.0,0.0,0.0,0.0,1.0,0.0,1.0,0.0,0.0,1.379673652891292,1.1116354818715704,-1.0503025366067296,1.3178771044681226,-0.38518031498090144
MKT-01717,Campaign 1717,2023-01-09 00:00:00+00:00,2023-02-27 00:00:00+00:00,805755,20390,0.0492,4378938.35,2023,1,1,0,9,0,0,49,39.517165277096616,5.434577942426667,0.17791666666666667,0.2520833333333333,2915925.030689836,2828093.8678722903,0.0,0.0,0.0,1.0,0.0,0.0,0.0,0.0,1.0,1.3117697023252803,2.9891809067824817,0.4453011125688323,0.891742048486479,-1.5647314716153473
MKT-01718,Campaign 1718,2023-09-20 00:00:00+00:00,2023-11-30 00:00:00+00:00,464643,8003,0.0422,3858147.8,2023,9,3,2,20,0,0,71,58.05860302386605,8.303466962808004,0.16791666666666666,0.2520833333333333,2855926.099785614,2828093.8678722903,1.0,0.0,0.0,0.0,0.0,0.0,0.0,0.0,1.0,-0.01531018683900178,0.2989373928008206,0.014468785645831029,0.5957060581903635,-0.8493756412213751
MKT-01719,Campaign 1719,2023-10-30 00:00:00+00:00,2023-12-17 00:00:00+00:00,370486,3123,0.0476,2633275.19,2023,10,4,0,30,0,0,48,118.63144412423951,7.107624012783209,0.1675,0.4225,2698290.221362763,2841772.1179897054,0.0,1.0,0.0,0.0,0.0,0.0,0.0,1.0,0.0,-0.38162348312890454,-0.7609147383229791,0.3468251521292893,-0.10055537759785843,1.4876133041062105
MKT-01720,Campaign 1720,2024-07-24 00:00:00+00:00,2024-09-28 00:00:00+00:00,466602,4217,0.0401,4056285.17,2024,7,3,2,24,0,0,66,110.64785392459095,8.693244285279532,0.16791666666666666,0.3254166666666667,2855926.099785614,2755334.291556837,1.0,0.0,0.0,0.0,0.0,0.0,1.0,0.0,0.0,-0.007688791218581423,-0.5233167400751436,-0.11478091243106965,0.7083344316172966,1.179594698710313
MKT-01721,Campaign 1721,2023-08-25 00:00:00+00:00,2023-11-06 00:00:00+00:00,480846,5285,0.0079,2486314.5,2023,8,3,4,25,0,0,73,90.98315988647114,5.1707085012665175,0.1675,0.2520833333333333,2698290.221362763,2828093.8678722903,0.0,1.0,0.0,0.0,0.0,0.0,0.0,0.0,1.0,0.04772680817767563,-0.291365494984935,-2.0966096162768757,-0.1840930942456556,0.42090199509116705
MKT-01722,Campaign 1722,2023-12-20 00:00:00+00:00,2024-01-24 00:00:00+00:00,298833,3595,0.0447,1192464.36,2023,12,4,2,20,0,0,35,83.12461752433936,3.9904038710584175,0.16791666666666666,0.4225,2855926.099785614,2841772.1179897054,1.0,0.0,0.0,0.0,0.0,0.0,0.0,1.0,0.0,-0.6603860458598795,-0.6584044502306772,0.1683374738326169,-0.9195638271337001,0.11770791845444668
MKT-01723,Campaign 1723,2023-07-08 00:00:00+00:00,2023-09-18 00:00:00+00:00,409137,4416,0.0393,3018026.83,2023,7,3,5,8,0,0,72,92.64877717391305,7.3765678244695545,0.1675,0.4225,2698290.221362763,2841772.1179897054,0.0,1.0,0.0,0.0,0.0,0.0,0.0,1.0,0.0,-0.23125361986965637,-0.48009736013792315,-0.16401889265084094,0.11815122674712172,0.4851639500727413
MKT-01724,Campaign 1724,2023-09-08 00:00:00+00:00,2023-10-26 00:00:00+00:00,358394,2947,0.0367,2653778.27,2023,9,3,4,8,0,0,48,121.61316593145571,7.4046392238709355,0.1675,0.4225,2698290.221362763,2841772.1179897054,0.0,1.0,0.0,0.0,0.0,0.0,0.0,1.0,0.0,-0.4286668296537248,-0.7991389135438375,-0.32404232836509844,-0.08890069301896102,1.6026524994769473
MKT-01725,Campaign 1725,2025-09-14 00:00:00+00:00,2025-12-13 00:00:00+00:00,900626,12077,0.0157,5003455.56,2025,9,3,6,14,0,0,90,74.5736523971185,5.555530886294643,0.16791666666666666,0.4225,2855926.099785614,2841772.1179897054,1.0,0.0,0.0,0.0,0.0,0.0,0.0,1.0,0.0,1.680860781398736,1.1837401760381894,-1.6165393091341027,1.2467399852180827,-0.21220084281832843
MKT-01726,Campaign 1726,2024-07-30 00:00:00+00:00,2024-08-30 00:00:00+00:00,145225,1357,0.058,619624.59,2024,7,3,1,30,0,0,31,107.01915991156964,4.266652367016698,0.15958333333333333,0.4225,2694009.023235263,2841772.1179897054,0.0,0.0,0.0,0.0,1.0,0.0,0.0,1.0,0.0,-1.2579906086273782,-1.144459587414092,0.9869188949863198,-1.2451864571774849,1.0395943678631128
MKT-01727,Campaign 1727,2025-12-22 00:00:00+00:00,2026-02-05 00:00:00+00:00,70858,621,0.0427,257705.72,2025,12,4,0,22,0,0,45,114.10305958132045,3.63693189195292,0.15958333333333333,0.3254166666666667,2694009.023235263,2755334.291556837,0.0,0.0,0.0,0.0,1.0,0.0,1.0,0.0,0.0,-1.5473118582975165,-1.3043061383376813,0.04524252328318829,-1.4509140977564106,1.3129015946214644
MKT-01728,Campaign 1728,2023-02-24 00:00:00+00:00,2023-05-17 00:00:00+00:00,127507,2366,0.0096,865412.67,2023,2,1,4,24,0,0,82,53.891377852916314,6.787177723575961,0.17791666666666667,0.4225,2915925.030689836,2841772.1179897054,0.0,0.0,0.0,1.0,0.0,0.0,0.0,1.0,0.0,-1.3269216385419305,-0.9253221283354209,-1.991978908309861,-1.1054717145313655,-1.0101532930581543
MKT-01729,Campaign 1729,2024-06-09 00:00:00+00:00,2024-08-05 00:00:00+00:00,157383,2255,0.0638,678732.37,2024,6,2,6,9,0,0,57,69.7929046563193,4.312615530266928,0.16791666666666666,0.3254166666666667,2855926.099785614,2755334.291556837,1.0,0.0,0.0,0.0,0.0,0.0,1.0,0.0,0.0,-1.210690492265423,-0.9494294206622124,1.3438942515796632,-1.2115874792649535,-0.3966490941746393
MKT-01730,Campaign 1730,2025-04-04 00:00:00+00:00,2025-06-26 00:00:00+00:00,681151,6823,0.0488,2464907.65,2025,4,2,4,4,0,0,83,99.83159900337095,3.6187389433473633,0.16875,0.4225,2935005.225015562,2841772.1179897054,0.0,0.0,0.0,0.0,0.0,1.0,0.0,1.0,0.0,0.8270038116224431,0.04266167257006577,0.42068212245894665,-0.19626151404296263,0.7622877386677804
MKT-01731,Campaign 1731,2025-08-06 00:00:00+00:00,2025-08-28 00:00:00+00:00,336380,5995,0.0567,2276428.03,2025,8,3,2,6,0,0,22,56.11009174311926,6.767429781794399,0.15833333333333333,0.3254166666666667,2745646.1699524573,2755334.291556837,0.0,0.0,1.0,0.0,0.0,0.0,1.0,0.0,0.0,-0.5143112416945281,-0.13716569721897237,0.9069071771291908,-0.3034000766711355,-0.9245520608878328
MKT-01732,Campaign 1732,2025-05-30 00:00:00+00:00,2025-07-11 00:00:00+00:00,455030,7142,0.0373,3046330.14,2025,5,2,4,30,0,0,42,63.711845421450576,6.6947896622200735,0.16875,0.4225,2935005.225015562,2841772.1179897054,0.0,0.0,0.0,0.0,0.0,1.0,0.0,1.0,0.0,-0.05270910266294302,0.11194299015787153,-0.28711384320027,0.13423984126692814,-0.6312652678525618
MKT-01733,Campaign 1733,2024-05-12 00:00:00+00:00,2024-08-05 00:00:00+00:00,763633,11445,0.0418,4712082.55,2024,5,2,6,12,0,0,85,66.7219746614242,6.170611471741006,0.15958333333333333,0.2520833333333333,2694009.023235263,2828093.8678722903,0.0,0.0,0.0,0.0,1.0,0.0,0.0,0.0,1.0,1.1478960799039704,1.0464806377451072,-0.010150204464055039,1.081113136649287,-0.5151300721108135
MKT-01734,Campaign 1734,2026-02-07 00:00:00+00:00,2026-03-24 00:00:00+00:00,719194,5864,0.059,5346650.43,2026,2,1,5,7,0,0,45,122.6456343792633,7.434225577521503,0.1675,0.4225,2698290.221362763,2841772.1179897054,0.0,1.0,0.0,0.0,0.0,0.0,0.0,1.0,0.0,0.9750082800183858,-0.16561664582086127,1.048466370261034,1.441824233972206,1.6424866446993511
MKT-01735,Campaign 1735,2023-10-10 00:00:00+00:00,2023-11-16 00:00:00+00:00,841037,8617,0.049,4373618.7,2023,10,4,1,10,0,0,37,97.6020656841128,5.2002690725853915,0.16791666666666666,0.2520833333333333,2855926.099785614,2828093.8678722903,1.0,0.0,0.0,0.0,0.0,0.0,0.0,0.0,1.0,1.449032632534403,0.43228764044631507,0.4329916175138895,0.8887181690098284,0.6762690770746775
MKT-01736,Campaign 1736,2025-10-07 00:00:00+00:00,2025-11-13 00:00:00+00:00,602928,7358,0.0398,3675928.01,2025,10,4,1,7,0,0,37,81.94183201957054,6.096794327017488,0.15958333333333333,0.4225,2694009.023235263,2841772.1179897054,0.0,0.0,0.0,0.0,1.0,0.0,0.0,1.0,0.0,0.5226809787402882,0.15885447792892496,-0.13324515501348366,0.49212580700454556,0.07207432096876776
MKT-01737,Campaign 1737,2026-02-22 00:00:00+00:00,2026-05-18 00:00:00+00:00,711688,9461,0.0318,6079041.62,2026,2,1,6,22,0,0,85,75.2233379135398,8.541722805499038,0.16791666666666666,0.4225,2855926.099785614,2841772.1179897054,1.0,0.0,0.0,0.0,0.0,0.0,0.0,1.0,0.0,0.9458065467223801,0.6155899352554313,-0.6256249572111995,1.8581416022804458,-0.18713502384345024
MKT-01738,Campaign 1738,2023-12-05 00:00:00+00:00,2024-01-11 00:00:00+00:00,21111,218,0.004,99387.96,2023,12,4,1,5,0,0,37,96.83944954128441,4.70787551513429,0.15958333333333333,0.4225,2694009.023235263,2841772.1179897054,0.0,0.0,0.0,0.0,1.0,0.0,0.0,1.0,0.0,-1.7408501778120908,-1.3918308122808967,-2.336644769848262,-1.540907579518057,0.6468462290962405
MKT-01739,Campaign 1739,2025-07-30 00:00:00+00:00,2025-08-22 00:00:00+00:00,298958,2591,0.0566,1167111.86,2025,7,3,2,30,0,0,23,115.38324971053648,3.9039325256390534,0.16791666666666666,0.4225,2855926.099785614,2841772.1179897054,1.0,0.0,0.0,0.0,0.0,0.0,0.0,1.0,0.0,-0.6598997393501538,-0.8764559952405736,0.9007524296017192,-0.933975095625385,1.3622932052104035
MKT-01740,Campaign 1740,2023-12-16 00:00:00+00:00,2024-01-05 00:00:00+00:00,472392,8473,0.0571,2526708.86,2023,12,4,5,16,0,0,20,55.75262598843385,5.3487545513048484,0.15833333333333333,0.4225,2745646.1699524573,2841772.1179897054,0.0,0.0,1.0,0.0,0.0,0.0,0.0,1.0,0.0,0.014836926311910595,0.4010133152656128,0.9315261672390764,-0.1611314941072165,-0.9383436133700531
MKT-01741,Campaign 1741,2025-10-03 00:00:00+00:00,2026-01-01 00:00:00+00:00,841579,8272,0.0539,5066476.92,2025,10,4,4,3,0,0,90,101.73827369439071,6.0202035934832026,0.17791666666666667,0.3254166666666667,2915925.030689836,2755334.291556837,0.0,0.0,0.0,1.0,0.0,0.0,1.0,0.0,0.0,1.4511412575605733,0.3573595697008825,0.7345742463599905,1.2825635820890477,0.8358500414144086
MKT-01742,Campaign 1742,2024-05-25 00:00:00+00:00,2024-07-27 00:00:00+00:00,513684,9000,0.0603,3959695.15,2024,5,2,5,25,0,0,63,57.076,7.708426094641842,0.15833333333333333,0.4225,2745646.1699524573,2841772.1179897054,0.0,0.0,1.0,0.0,0.0,0.0,0.0,1.0,0.0,0.17548147350864227,0.515468658114433,1.1284780881181629,0.6534292068135408,-0.88728590533818
MKT-01743,Campaign 1743,2024-02-21 00:00:00+00:00,2024-05-19 00:00:00+00:00,668054,6366,0.0272,3959810.44,2024,2,1,2,21,0,0,88,104.94093622368834,5.9273807805955805,0.16791666666666666,0.3254166666666667,2855926.099785614,2755334.291556837,1.0,0.0,0.0,0.0,0.0,0.0,1.0,0.0,0.0,0.7760505607594286,-0.05659087331591302,-0.9087433434748863,0.6534947417763416,0.9594134535083031
MKT-01744,Campaign 1744,2025-04-12 00:00:00+00:00,2025-06-24 00:00:00+00:00,141578,1395,0.0365,975168.45,2025,4,2,5,12,0,0,73,101.48960573476703,6.88785298563336,0.15833333333333333,0.4225,2745646.1699524573,2841772.1179897054,0.0,0.0,1.0,0.0,0.0,0.0,0.0,1.0,0.0,-1.2721790873551337,-1.1362066404914066,-0.33635182342004166,-1.0430826004757772,0.8262560672480863
MKT-01745,Campaign 1745,2023-09-20 00:00:00+00:00,2023-11-09 00:00:00+00:00,715336,7354,0.0344,4690459.26,2023,9,3,2,20,0,0,50,97.27168887680175,6.5570015489224645,0.15958333333333333,0.3254166666666667,2694009.023235263,2755334.291556837,0.0,0.0,0.0,0.0,1.0,0.0,1.0,0.0,0.0,0.9599989159022133,0.15798574667390544,-0.46560152149694195,1.068821684608519,0.6635226558658861
MKT-01746,Campaign 1746,2023-02-17 00:00:00+00:00,2023-03-29 00:00:00+00:00,880459,14911,0.0107,5047061.67,2023,2,1,4,17,0,0,40,59.047615854067466,5.73230743282765,0.15958333333333333,0.4225,2694009.023235263,2841772.1179897054,0.0,0.0,0.0,0.0,1.0,0.0,0.0,1.0,0.0,1.6024020343456389,1.7992362702195108,-1.924276685507675,1.27152725902098,-0.8112180773861596
MKT-01747,Campaign 1747,2025-11-11 00:00:00+00:00,2025-12-12 00:00:00+00:00,338322,2722,0.0324,2595263.2,2025,11,4,1,11,0,0,31,124.29169728141073,7.67098562907526,0.17791666666666667,0.4225,2915925.030689836,2841772.1179897054,0.0,0.0,0.0,1.0,0.0,0.0,0.0,1.0,0.0,-0.5067559837594305,-0.8480050466386848,-0.588696472046371,-0.12216275335146219,1.7059941628502322
MKT-01748,Campaign 1748,2026-01-11 00:00:00+00:00,2026-03-05 00:00:00+00:00,737950,11348,0.0447,2852266.01,2026,1,1,6,11,0,0,53,65.0290800140994,3.8651209567043834,0.15958333333333333,0.4225,2694009.023235263,2841772.1179897054,0.0,0.0,0.0,0.0,1.0,0.0,0.0,1.0,0.0,1.0479775991896998,1.0254139048108841,0.1683374738326169,0.02392684325745154,-0.580444427596409
MKT-01749,Campaign 1749,2023-02-21 00:00:00+00:00,2023-03-11 00:00:00+00:00,203070,1777,0.0588,1505944.63,2023,2,1,1,21,0,0,18,114.27687113111986,7.41588925001231,0.17791666666666667,0.4225,2915925.030689836,2841772.1179897054,0.0,0.0,0.0,1.0,0.0,0.0,0.0,1.0,0.0,-1.0329474081867374,-1.0532428056370435,1.036156875206091,-0.7413704206524503,1.3196074988364965
MKT-01750,Campaign 1750,2025-03-19 00:00:00+00:00,2025-04-03 00:00:00+00:00,829651,16211,0.0503,5563432.27,2025,3,1,2,19,0,0,15,51.17827401147369,6.705750092508778,0.16875,0.2520833333333333,2935005.225015562,2828093.8678722903,0.0,0.0,0.0,0.0,0.0,1.0,0.0,0.0,1.0,1.4047359451765131,2.081573928100851,0.513003335371018,1.5650507915251688,-1.1148288137997118
MKT-01751,Campaign 1751,2023-05-08 00:00:00+00:00,2023-07-26 00:00:00+00:00,641986,9314,0.0319,5453391.68,2023,5,2,0,8,0,0,79,68.92699162550998,8.494564803593848,0.15833333333333333,0.2520833333333333,2745646.1699524573,2828093.8678722903,0.0,0.0,1.0,0.0,0.0,0.0,0.0,0.0,1.0,0.6746342559952031,0.5836640616334644,-0.6194702096837282,1.5024997812708183,-0.43005728741528926
MKT-01752,Campaign 1752,2025-09-05 00:00:00+00:00,2025-11-07 00:00:00+00:00,556767,15016,0.0573,2684735.46,2025,9,3,4,5,0,0,63,37.07824986680874,4.822008955272134,0.1675,0.3254166666666667,2698290.221362763,2755334.291556837,0.0,1.0,0.0,0.0,0.0,0.0,1.0,0.0,0.0,0.34309382037672304,1.822040465663773,0.9438356622940193,-0.07130351811163024,-1.6588284010129137
MKT-01753,Campaign 1753,2023-09-24 00:00:00+00:00,2023-12-03 00:00:00+00:00,549355,12469,0.0469,2284583.61,2023,9,3,6,24,0,0,70,44.05766300425054,4.15866536210647,0.16791666666666666,0.2520833333333333,2855926.099785614,2828093.8678722903,1.0,0.0,0.0,0.0,0.0,0.0,0.0,0.0,1.0,0.314257789576031,1.2688758390301011,0.3037419194369888,-0.2987641530704879,-1.389552417737712
MKT-01754,Campaign 1754,2025-03-04 00:00:00+00:00,2025-04-12 00:00:00+00:00,768974,10233,0.0159,3710552.83,2025,3,1,1,4,0,0,39,75.1464868562494,4.825329373945023,0.17791666666666667,0.4225,2915925.030689836,2841772.1179897054,0.0,0.0,0.0,1.0,0.0,0.0,0.0,1.0,0.0,1.1686749844515278,0.7832550674741963,-1.6042298140791595,0.5118077940865401,-0.19010005021602516
MKT-01755,Campaign 1755,2023-07-19 00:00:00+00:00,2023-09-15 00:00:00+00:00,253629,2323,0.0454,1155604.92,2023,7,3,2,19,0,0,58,109.18166164442532,4.556280709224891,0.1675,0.3254166666666667,2698290.221362763,2755334.291556837,0.0,1.0,0.0,0.0,0.0,0.0,1.0,0.0,0.0,-0.8362500415849851,-0.9346609893268807,0.21142070652491743,-0.9405160522118247,1.123026852655448
MKT-01756,Campaign 1756,2025-11-24 00:00:00+00:00,2025-12-19 00:00:00+00:00,180666,1898,0.055,1449977.72,2025,11,4,0,24,0,0,25,95.18756585879873,8.025736552533404,0.15958333333333333,0.4225,2694009.023235263,2841772.1179897054,0.0,0.0,0.0,0.0,1.0,0.0,0.0,1.0,0.0,-1.1201090965378846,-1.0269636851727033,0.8022764691621762,-0.7731840156296701,0.5831141367128069
MKT-01757,Campaign 1757,2023-10-31 00:00:00+00:00,2023-12-23 00:00:00+00:00,562721,6492,0.051,3824227.29,2023,10,4,1,31,0,1,53,86.67914356130622,6.79595623763819,0.16875,0.4225,2935005.225015562,2841772.1179897054,0.0,0.0,0.0,0.0,0.0,1.0,0.0,1.0,0.0,0.3662575720479751,-0.029225838782798517,0.5560865680633181,0.5764244261231164,0.25484674013371267
MKT-01758,Campaign 1758,2025-07-28 00:00:00+00:00,2025-08-11 00:00:00+00:00,788593,21807,0.0237,4765698.44,2025,7,3,0,28,0,0,14,36.16237905259779,6.043292851952782,0.16875,0.3254166666666667,2935005.225015562,2755334.291556837,0.0,0.0,0.0,0.0,0.0,1.0,1.0,0.0,0.0,1.2450017637659878,3.2969289538731426,-1.1241595069363868,1.111590327703844,-1.6941640387224344
MKT-01759,Campaign 1759,2025-08-29 00:00:00+00:00,2025-10-23 00:00:00+00:00,847702,7713,0.0274,6257208.92,2025,8,3,4,29,0,0,55,109.90561389861273,7.381378031430857,0.17791666666666667,0.4225,2915925.030689836,2841772.1179897054,0.0,0.0,0.0,1.0,0.0,0.0,0.0,1.0,0.0,1.4749624956329743,0.23595437681190629,-0.8964338484199432,1.9594182730915521,1.150957991169777
MKT-01760,Campaign 1760,2024-05-16 00:00:00+00:00,2024-07-02 00:00:00+00:00,848200,13173,0.0757,3006833.22,2024,5,2,3,16,0,0,47,64.38928110529113,3.5449578165527003,0.17791666666666667,0.4225,2915925.030689836,2841772.1179897054,0.0,0.0,0.0,1.0,0.0,0.0,0.0,1.0,0.0,1.4768999407677215,1.4217725399135346,2.076309207348766,0.11178837814831658,-0.6051288067662738
MKT-01761,Campaign 1761,2023-06-06 00:00:00+00:00,2023-07-18 00:00:00+00:00,167423,1978,0.0281,890610.74,2023,6,2,1,6,0,0,42,84.64256825075834,5.3195244380999025,0.1675,0.4225,2698290.221362763,2841772.1179897054,0.0,1.0,0.0,0.0,0.0,0.0,0.0,1.0,0.0,-1.1716303534042587,-1.0095890600723132,-0.8533506157276431,-1.091148229579496,0.17627268118886763
MKT-01762,Campaign 1762,2025-03-26 00:00:00+00:00,2025-05-31 00:00:00+00:00,35168,322,0.0435,180901.23,2025,3,1,2,26,0,0,66,109.21739130434783,5.143915775705187,0.1675,0.3254166666666667,2698290.221362763,2755334.291556837,0.0,1.0,0.0,0.0,0.0,0.0,1.0,0.0,0.0,-1.6861620929543835,-1.3692437996503894,0.09448050350295957,-1.4945725190859414,1.1244053552771238
MKT-01763,Campaign 1763,2023-03-14 00:00:00+00:00,2023-05-14 00:00:00+00:00,207568,5220,0.004,1734794.95,2023,3,1,1,14,0,0,61,39.7639846743295,8.357718675325676,0.15833333333333333,0.2520833333333333,2745646.1699524573,2828093.8678722903,0.0,0.0,1.0,0.0,0.0,0.0,0.0,0.0,1.0,-1.0154481547407697,-0.30548237787900206,-2.336644769848262,-0.6112837070767471,-1.5552088176940981
MKT-01764,Campaign 1764,2025-12-19 00:00:00+00:00,2026-01-20 00:00:00+00:00,596086,9392,0.0636,2994257.43,2025,12,4,4,19,0,0,32,63.46741908006814,5.023197038682338,0.1675,0.4225,2698290.221362763,2841772.1179897054,0.0,1.0,0.0,0.0,0.0,0.0,0.0,1.0,0.0,0.4960625056239451,0.6006043211063448,1.331584756524721,0.10463984896243561,-0.6406955941734135
MKT-01765,Campaign 1765,2024-03-03 00:00:00+00:00,2024-03-17 00:00:00+00:00,385047,3184,0.0552,1880477.42,2024,3,1,6,3,0,0,14,120.93184673366834,4.883760735702395,0.1675,0.4225,2698290.221362763,2841772.1179897054,0.0,1.0,0.0,0.0,0.0,0.0,0.0,1.0,0.0,-0.32497461042398323,-0.7476665866839316,0.814585964217119,-0.5284725764307817,1.57636620673347
MKT-01766,Campaign 1766,2025-12-22 00:00:00+00:00,2026-01-18 00:00:00+00:00,103630,2371,0.0702,877291.61,2025,12,4,0,22,0,0,27,43.70729649936735,8.465614300878125,0.15958333333333333,0.2520833333333333,2694009.023235263,2828093.8678722903,0.0,0.0,0.0,0.0,1.0,0.0,0.0,0.0,1.0,-1.419813962803685,-0.9242362142666466,1.737798093337836,-1.0987192998292015,-1.4030700707625763
MKT-01767,Campaign 1767,2023-01-26 00:00:00+00:00,2023-04-18 00:00:00+00:00,368815,5438,0.0258,2887943.81,2023,1,1,3,26,0,0,82,67.82180948878263,7.83033176524816,0.16791666666666666,0.2520833333333333,2855926.099785614,2828093.8678722903,1.0,0.0,0.0,0.0,0.0,0.0,0.0,0.0,1.0,-0.388124428550917,-0.2581365244804389,-0.9949098088594864,0.044207381862821464,-0.47269683327752576
MKT-01768,Campaign 1768,2025-11-01 00:00:00+00:00,2026-01-01 00:00:00+00:00,601523,5189,0.0621,4413967.11,2025,11,4,5,1,1,0,61,115.92272114087493,7.33798559656073,0.16875,0.3254166666666667,2935005.225015562,2755334.291556837,0.0,0.0,0.0,0.0,0.0,1.0,1.0,0.0,0.0,0.5172148935709718,-0.3122150451054032,1.2392635436126491,0.9116536495234893,1.383106803287005
MKT-01769,Campaign 1769,2023-06-16 00:00:00+00:00,2023-08-21 00:00:00+00:00,65965,1439,0.026,231700.75,2023,6,2,4,16,0,0,66,45.8408617095205,3.5124801030849695,0.1675,0.3254166666666667,2698290.221362763,2755334.291556837,0.0,1.0,0.0,0.0,0.0,0.0,1.0,0.0,0.0,-1.5663478403142173,-1.126650596686192,-0.9826003138045436,-1.4656962535512321,-1.3207539994064201
MKT-01770,Campaign 1770,2025-05-12 00:00:00+00:00,2025-07-11 00:00:00+00:00,826153,8557,0.0674,3790464.41,2025,5,2,0,12,0,0,60,96.54703751314713,4.588090111637917,0.1675,0.2520833333333333,2698290.221362763,2828093.8678722903,0.0,1.0,0.0,0.0,0.0,0.0,0.0,0.0,1.0,1.3911271438083506,0.4192566716210225,1.5654651625686358,0.5572323965902286,0.6355645446841579
MKT-01771,Campaign 1771,2024-03-17 00:00:00+00:00,2024-06-02 00:00:00+00:00,382218,3940,0.004,1646602.15,2024,3,1,6,17,0,0,77,97.00964467005076,4.308018329853644,0.16791666666666666,0.3254166666666667,2855926.099785614,2755334.291556837,1.0,0.0,0.0,0.0,0.0,0.0,1.0,0.0,0.0,-0.3359806993520941,-0.5834763794852446,-2.336644769848262,-0.6614156514543615,0.6534126064899717
MKT-01772,Campaign 1772,2024-12-30 00:00:00+00:00,2025-02-05 00:00:00+00:00,180706,3176,0.0593,1437764.68,2024,12,4,0,30,0,0,37,56.89735516372796,7.9563748851726,0.16791666666666666,0.3254166666666667,2855926.099785614,2755334.291556837,1.0,0.0,0.0,0.0,0.0,0.0,1.0,0.0,0.0,-1.1199534784547724,-0.7494040491939706,1.0669306128434484,-0.7801263447309299,-0.8941782848258089
MKT-01773,Campaign 1773,2023-09-03 00:00:00+00:00,2023-10-21 00:00:00+00:00,369202,7683,0.0432,3114403.59,2023,9,3,6,3,0,0,48,48.054405831055576,8.43550032231678,0.16791666666666666,0.3254166666666667,2855926.099785614,2755334.291556837,1.0,0.0,0.0,0.0,0.0,0.0,1.0,0.0,0.0,-0.3866188235968064,0.22943889239926,0.07601626092054556,0.17293522693324453,-1.2353522244847148
MKT-01774,Campaign 1774,2024-09-24 00:00:00+00:00,2024-12-13 00:00:00+00:00,463490,4482,0.0535,3240982.89,2024,9,3,1,24,0,0,80,103.41142347166443,6.992562709012061,0.15833333333333333,0.2520833333333333,2745646.1699524573,2828093.8678722903,0.0,0.0,1.0,0.0,0.0,0.0,0.0,0.0,1.0,-0.019795878084711158,-0.4657632944301013,0.7099552562501044,0.24488743195403298,0.900402610888352
MKT-01775,Campaign 1775,2024-11-05 00:00:00+00:00,2024-11-28 00:00:00+00:00,728584,13104,0.0516,5819334.42,2024,11,4,1,5,0,0,23,55.6001221001221,7.987183934865437,0.16875,0.4225,2935005.225015562,2841772.1179897054,0.0,0.0,0.0,0.0,0.0,1.0,0.0,1.0,0.0,1.0115396250289765,1.406786925764448,0.593015053228147,1.710514733592004,-0.9442274367904117
MKT-01776,Campaign 1776,2023-08-07 00:00:00+00:00,2023-10-06 00:00:00+00:00,104443,994,0.0499,614331.85,2023,8,3,0,7,0,0,60,105.07344064386318,5.881982038049462,0.15958333333333333,0.3254166666666667,2694009.023235263,2755334.291556837,0.0,0.0,0.0,0.0,1.0,0.0,1.0,0.0,0.0,-1.4166510252644293,-1.2232969488071121,0.4883843452611324,-1.2481950400468933,0.9645256681498866
MKT-01777,Campaign 1777,2025-03-19 00:00:00+00:00,2025-06-05 00:00:00+00:00,441345,3783,0.0815,1747227.82,2025,3,1,2,19,0,0,78,116.66534496431403,3.9588707700325143,0.15833333333333333,0.3254166666666667,2745646.1699524573,2755334.291556837,0.0,0.0,1.0,0.0,0.0,0.0,1.0,0.0,0.0,-0.10594993934770697,-0.6175740812447603,2.43328456394211,-0.6042164187346815,1.4117583182958229
MKT-01778,Campaign 1778,2024-06-11 00:00:00+00:00,2024-08-27 00:00:00+00:00,604723,15413,0.0721,4437171.7,2024,6,2,1,11,0,0,77,39.2346071498086,7.337527595279161,0.17791666666666667,0.4225,2915925.030689836,2841772.1179897054,0.0,0.0,0.0,1.0,0.0,0.0,0.0,1.0,0.0,0.5296643402199485,1.9082620427244592,1.8547382963597936,0.9248439690868249,-1.5756329780972758
MKT-01779,Campaign 1779,2024-04-13 00:00:00+00:00,2024-05-24 00:00:00+00:00,746542,12405,0.052,6080940.76,2024,4,2,5,13,0,0,41,60.1807335751713,8.145477093050356,0.17791666666666667,0.4225,2915925.030689836,2841772.1179897054,0.0,0.0,0.0,1.0,0.0,0.0,0.0,1.0,0.0,1.081404363442202,1.254976138949789,0.6176340433380326,1.859221141436083,-0.7675007357546785
MKT-01780,Campaign 1780,2023-06-04 00:00:00+00:00,2023-08-29 00:00:00+00:00,124864,1242,0.0461,1004774.83,2023,6,2,6,4,0,0,86,100.53462157809984,8.04695372565351,0.16791666666666666,0.4225,2855926.099785614,2841772.1179897054,1.0,0.0,0.0,0.0,0.0,0.0,0.0,1.0,0.0,-1.3372041033835695,-1.1694356109959028,0.25450393921721753,-1.0262532743246342,0.7894113794878415
MKT-01781,Campaign 1781,2023-03-21 00:00:00+00:00,2023-04-24 00:00:00+00:00,121328,1411,0.0665,527646.91,2023,3,1,1,21,0,0,34,85.98724309000708,4.348929430963999,0.16791666666666666,0.2520833333333333,2855926.099785614,2828093.8678722903,1.0,0.0,0.0,0.0,0.0,0.0,0.0,0.0,1.0,-1.3509607419306888,-1.1327317154713286,1.5100724348213928,-1.2974698628267216,0.2281522063572038
MKT-01782,Campaign 1782,2023-06-26 00:00:00+00:00,2023-08-31 00:00:00+00:00,894577,10982,0.0677,7673141.35,2023,6,2,0,26,0,0,66,81.45847750865052,8.577396188366121,0.15958333333333333,0.3254166666666667,2694009.023235263,2755334.291556837,0.0,0.0,0.0,0.0,1.0,0.0,1.0,0.0,0.0,1.6573274367800925,0.9459249949765992,1.5839294051510497,2.7642849495460986,0.05342579585133933
MKT-01783,Campaign 1783,2024-12-02 00:00:00+00:00,2024-12-31 00:00:00+00:00,858338,11126,0.0447,4870248.38,2024,12,4,0,2,0,0,29,77.14704296243035,5.674044933347935,0.1675,0.3254166666666667,2698290.221362763,2755334.291556837,0.0,1.0,0.0,0.0,0.0,0.0,1.0,0.0,0.0,1.5163413439325104,0.9771993201573015,0.1683374738326169,1.1710202559606053,-0.11291566494168712
MKT-01784,Campaign 1784,2023-07-01 00:00:00+00:00,2023-08-06 00:00:00+00:00,307184,2535,0.0439,1832995.67,2023,7,3,5,1,1,0,36,121.17712031558186,5.967093566071149,0.15833333333333333,0.4225,2745646.1699524573,2841772.1179897054,0.0,0.0,1.0,0.0,0.0,0.0,0.0,1.0,0.0,-0.6278968805581283,-0.8886182328108467,0.11909949361284564,-0.5554629027380517,1.585829220835169
MKT-01785,Campaign 1785,2023-04-03 00:00:00+00:00,2023-05-27 00:00:00+00:00,452811,4314,0.0276,2704708.59,2023,4,2,0,3,0,0,54,104.96314325452016,5.9731512485341565,0.15833333333333333,0.4225,2745646.1699524573,2841772.1179897054,0.0,0.0,1.0,0.0,0.0,0.0,0.0,1.0,0.0,-0.06134201582359272,-0.5022500071409206,-0.8841243533650004,-0.05995007608227118,0.9602702332897982
MKT-01786,Campaign 1786,2024-06-27 00:00:00+00:00,2024-09-01 00:00:00+00:00,184664,2178,0.048,823536.19,2024,6,2,3,27,0,0,66,84.78604224058769,4.459646655547372,0.1675,0.3254166666666667,2698290.221362763,2755334.291556837,0.0,1.0,0.0,0.0,0.0,0.0,1.0,0.0,0.0,-1.1045550691308195,-0.9661524973213379,0.37144414223917493,-1.1292758047302285,0.181808117897501
MKT-01787,Campaign 1787,2025-07-01 00:00:00+00:00,2025-08-05 00:00:00+00:00,734188,11394,0.0465,4368519.67,2025,7,3,1,1,1,0,35,64.43637001930841,5.9501376622881335,0.15833333333333333,0.4225,2745646.1699524573,2841772.1179897054,0.0,0.0,1.0,0.0,0.0,0.0,0.0,1.0,0.0,1.0333417184729967,1.0354043142436085,0.27912292932710314,0.8858196978382611,-0.6033120474809778
MKT-01788,Campaign 1788,2023-04-11 00:00:00+00:00,2023-05-27 00:00:00+00:00,877490,23627,0.0587,5655041.15,2023,4,2,1,11,0,0,46,37.139289795572864,6.44456478136503,0.15833333333333333,0.3254166666666667,2745646.1699524573,2755334.291556837,0.0,0.0,1.0,0.0,0.0,0.0,1.0,0.0,0.0,1.5908512821266352,3.6922016749070186,1.0300021276786198,1.6171245580532254,-1.6564733911412626
MKT-01789,Campaign 1789,2024-10-22 00:00:00+00:00,2024-12-04 00:00:00+00:00,479428,4994,0.0719,4045613.46,2024,10,4,1,22,0,0,43,96.00080096115339,8.43841715544357,0.15833333333333333,0.3254166666666667,2745646.1699524573,2755334.291556837,0.0,0.0,1.0,0.0,0.0,0.0,1.0,0.0,0.0,0.042210147131347873,-0.3545656937876043,1.842428801304851,0.7022682496598802,0.614489938303587
MKT-01790,Campaign 1790,2025-09-15 00:00:00+00:00,2025-10-13 00:00:00+00:00,599081,12228,0.0627,5138688.72,2025,9,3,0,15,0,0,28,48.99255806346091,8.577619253489928,0.15958333333333333,0.2520833333333333,2694009.023235263,2828093.8678722903,0.0,0.0,0.0,0.0,1.0,0.0,0.0,0.0,1.0,0.5077144095969717,1.2165347809151759,1.276192028777478,1.3236113540274306,-1.199156937020278
MKT-01791,Campaign 1791,2025-11-27 00:00:00+00:00,2026-01-25 00:00:00+00:00,624633,12712,0.0598,2780744.85,2025,11,4,3,27,0,0,59,49.13727186910006,4.451805860401228,0.16875,0.4225,2935005.225015562,2841772.1179897054,0.0,0.0,0.0,0.0,0.0,1.0,0.0,1.0,0.0,0.6071232410890497,1.3216512627725363,1.0977043504808055,-0.016728344183501137,-1.1935736664014447
MKT-01792,Campaign 1792,2025-11-08 00:00:00+00:00,2025-12-05 00:00:00+00:00,457642,10305,0.0393,1819250.2,2025,11,4,5,8,0,0,27,44.40970402717127,3.9752693153163388,0.15958333333333333,0.4225,2694009.023235263,2841772.1179897054,0.0,0.0,0.0,0.0,1.0,0.0,0.0,1.0,0.0,-0.04254724183571588,0.7988922300645475,-0.16401889265084094,-0.5632763199045796,-1.3759701593538884
MKT-01793,Campaign 1793,2025-11-10 00:00:00+00:00,2026-01-02 00:00:00+00:00,406513,3556,0.0364,1780305.91,2025,11,4,0,10,0,0,53,114.31749156355455,4.3794562781510065,0.1675,0.4225,2698290.221362763,2841772.1179897054,0.0,1.0,0.0,0.0,0.0,0.0,0.0,1.0,0.0,-0.24146216612181717,-0.6668745799671174,-0.3425065709475129,-0.5854136483498233,1.3211746946263887
MKT-01794,Campaign 1794,2025-02-16 00:00:00+00:00,2025-03-13 00:00:00+00:00,697755,8020,0.0549,3435656.64,2025,2,1,6,16,0,0,25,87.00187032418953,4.923872476728938,0.15833333333333333,0.2520833333333333,2745646.1699524573,2828093.8678722903,0.0,0.0,1.0,0.0,0.0,0.0,0.0,0.0,1.0,0.8916008779223205,0.30262950063465355,0.7961217216347046,0.35554695979283196,0.26729801142161325
MKT-01795,Campaign 1795,2025-05-23 00:00:00+00:00,2025-07-19 00:00:00+00:00,301798,2813,0.0523,1878971.2,2025,5,2,4,23,0,0,57,107.28688233202986,6.225923299690521,0.1675,0.4225,2698290.221362763,2841772.1179897054,0.0,1.0,0.0,0.0,0.0,0.0,0.0,1.0,0.0,-0.6488508554491871,-0.828241410586991,0.636098285920447,-0.529328765793864,1.0499234910421806
MKT-01796,Campaign 1796,2024-08-18 00:00:00+00:00,2024-10-07 00:00:00+00:00,798911,21976,0.0542,4579070.3,2024,8,3,6,18,0,0,50,36.35379504914452,5.731640070045349,0.1675,0.3254166666666667,2698290.221362763,2755334.291556837,0.0,1.0,0.0,0.0,0.0,0.0,1.0,0.0,0.0,1.2851434483047817,3.3336328493977168,0.7530384889424045,1.0055042125813205,-1.686778929162404
MKT-01797,Campaign 1797,2025-03-27 00:00:00+00:00,2025-06-25 00:00:00+00:00,383321,4927,0.0272,1246542.14,2025,3,1,3,27,0,0,90,77.80008118530546,3.2519536889447744,0.16875,0.3254166666666667,2935005.225015562,2755334.291556837,0.0,0.0,0.0,0.0,0.0,1.0,1.0,0.0,0.0,-0.331689530710275,-0.369116942309181,-0.9087433434748863,-0.8888240812698103,-0.08772049364030174
MKT-01798,Campaign 1798,2026-01-01 00:00:00+00:00,2026-03-02 00:00:00+00:00,747818,8199,0.0271,2598285.36,2026,1,1,3,1,1,0,60,91.20844005366509,3.4744889264500185,0.17791666666666667,0.2520833333333333,2915925.030689836,2828093.8678722903,0.0,0.0,0.0,1.0,0.0,0.0,0.0,0.0,1.0,1.0863685802934813,0.3415052242967765,-0.9148980910023576,-0.12044484942937064,0.4295936339637995
MKT-01799,Campaign 1799,2023-07-25 00:00:00+00:00,2023-09-25 00:00:00+00:00,431273,3672,0.0346,3142315.55,2023,7,3,1,25,0,0,62,117.44907407407408,7.2861402174492715,0.15833333333333333,0.2520833333333333,2745646.1699524573,2828093.8678722903,0.0,0.0,1.0,0.0,0.0,0.0,0.0,0.0,1.0,-0.14513457267536078,-0.6416813735715516,-0.4532920264419991,0.18880138410469388,1.441995735467747
MKT-01800,Campaign 1800,2024-01-06 00:00:00+00:00,2024-04-05 00:00:00+00:00,338843,3810,0.0543,2646417.38,2024,1,1,5,6,0,0,90,88.93517060367454,7.810158037793314,0.17791666666666667,0.2520833333333333,2915925.030689836,2828093.8678722903,0.0,0.0,0.0,1.0,0.0,0.0,0.0,0.0,1.0,-0.504729058226894,-0.6117101452733786,0.7591932364698761,-0.09308488637771303,0.3418875683761631
MKT-01801,Campaign 1801,2024-08-28 00:00:00+00:00,2024-10-04 00:00:00+00:00,125253,2674,0.0428,952766.43,2024,8,3,2,28,0,0,37,46.841062079281976,7.606735407535149,0.15958333333333333,0.3254166666666667,2694009.023235263,2755334.291556837,0.0,0.0,0.0,0.0,1.0,0.0,1.0,0.0,0.0,-1.3356907175253034,-0.8584298216989189,0.051397270810659486,-1.0558167105231528,-1.2821648039058857
MKT-01802,Campaign 1802,2024-11-25 00:00:00+00:00,2025-01-30 00:00:00+00:00,375341,3793,0.0673,1211091.25,2024,11,4,0,25,0,0,66,98.95623517005009,3.226642573020267,0.17791666666666667,0.4225,2915925.030689836,2841772.1179897054,0.0,0.0,0.0,1.0,0.0,0.0,0.0,1.0,0.0,-0.3627353382911604,-0.6154022531072115,1.559310415041164,-0.9089756361089459,0.7285149196213611
MKT-01803,Campaign 1803,2025-08-31 00:00:00+00:00,2025-10-05 00:00:00+00:00,647980,9659,0.0264,3752328.54,2025,8,3,6,31,0,1,35,67.08561962936122,5.790809191641717,0.17791666666666667,0.4225,2915925.030689836,2841772.1179897054,0.0,0.0,0.0,1.0,0.0,0.0,0.0,1.0,0.0,0.6979536257495673,0.6585921323788969,-0.9579813236946577,0.5355546030103452,-0.5011001165291596
MKT-01804,Campaign 1804,2025-07-06 00:00:00+00:00,2025-08-07 00:00:00+00:00,493085,8677,0.0267,4159598.16,2025,7,3,6,6,0,0,32,56.82666820329607,8.435864323595323,0.17791666666666667,0.4225,2915925.030689836,2841772.1179897054,0.0,0.0,0.0,1.0,0.0,0.0,0.0,1.0,0.0,0.09534205115793327,0.4453186092716077,-0.9395170811122433,0.7670612332174845,-0.8969054913115404
MKT-01805,Campaign 1805,2023-10-27 00:00:00+00:00,2023-11-13 00:00:00+00:00,567748,5096,0.0391,4977472.07,2023,10,4,4,27,0,0,17,111.4105180533752,8.767044657136617,0.15958333333333333,0.2520833333333333,2694009.023235263,2828093.8678722903,0.0,0.0,0.0,0.0,1.0,0.0,0.0,0.0,1.0,0.38581487464310177,-0.3324130467846068,-0.17632838770578374,1.2319700394241373,1.209019398057224
MKT-01806,Campaign 1806,2025-04-26 00:00:00+00:00,2025-07-14 00:00:00+00:00,546820,6407,0.0337,4750731.41,2025,4,2,5,26,0,0,79,85.34727641641955,8.687925478219524,0.16791666666666666,0.2520833333333333,2855926.099785614,2828093.8678722903,1.0,0.0,0.0,0.0,0.0,0.0,0.0,0.0,1.0,0.30439549355879486,-0.04768637795196306,-0.508684754189242,1.1030825321076263,0.20346135457638942
MKT-01807,Campaign 1807,2023-02-02 00:00:00+00:00,2023-03-27 00:00:00+00:00,425027,5357,0.0294,3449434.4,2023,2,1,3,2,0,0,53,79.34048907970879,8.115800643253252,0.15833333333333333,0.3254166666666667,2745646.1699524573,2755334.291556837,0.0,0.0,1.0,0.0,0.0,0.0,1.0,0.0,0.0,-0.16943433635333197,-0.2757283323945839,-0.7733388978705144,0.363378731751179,-0.02828930046660511
MKT-01808,Campaign 1808,2025-08-28 00:00:00+00:00,2025-11-26 00:00:00+00:00,289583,2616,0.0436,1962358.51,2025,8,3,3,28,0,0,90,110.69686544342508,6.776497618990065,0.15833333333333333,0.3254166666666667,2745646.1699524573,2755334.291556837,0.0,0.0,1.0,0.0,0.0,0.0,1.0,0.0,0.0,-0.6963727275795774,-0.8710264248967017,0.1006352510304312,-0.4819284339445646,1.181485634905947
MKT-01809,Campaign 1809,2024-02-02 00:00:00+00:00,2024-02-22 00:00:00+00:00,177046,1479,0.0442,1434213.57,2024,2,1,4,2,0,0,20,119.70655848546315,8.100796233747163,0.15958333333333333,0.3254166666666667,2694009.023235263,2755334.291556837,0.0,0.0,0.0,0.0,1.0,0.0,1.0,0.0,0.0,-1.1341925330595395,-1.1179632841359968,0.13756373619526008,-0.7821449227667648,1.5290927911419785
MKT-01810,Campaign 1810,2023-09-25 00:00:00+00:00,2023-11-10 00:00:00+00:00,140812,1522,0.0221,1168341.85,2023,9,3,0,25,0,0,46,92.51773981603154,8.297175311763203,0.17791666666666667,0.2520833333333333,2915925.030689836,2828093.8678722903,0.0,0.0,0.0,1.0,0.0,0.0,0.0,0.0,1.0,-1.2751591736467325,-1.1086244231445372,-1.2226354673759299,-0.933275925281944,0.480108336843595
MKT-01811,Campaign 1811,2024-04-03 00:00:00+00:00,2024-07-03 00:00:00+00:00,676369,6090,0.0327,4355248.03,2024,4,2,2,3,0,0,91,111.06223316912973,6.4391597338139395,0.16791666666666666,0.2520833333333333,2855926.099785614,2828093.8678722903,1.0,0.0,0.0,0.0,0.0,0.0,0.0,0.0,1.0,0.8083996697863788,-0.11653332991225906,-0.5702322294639566,0.8782756226044585,1.1955820570060154
MKT-01812,Campaign 1812,2025-07-11 00:00:00+00:00,2025-10-01 00:00:00+00:00,413843,5668,0.0537,1636103.37,2025,7,3,4,11,0,0,82,73.01393789696542,3.9534397585557812,0.16791666666666666,0.4225,2855926.099785614,2841772.1179897054,1.0,0.0,0.0,0.0,0.0,0.0,0.0,1.0,0.0,-0.21294515239150516,-0.20818447731681716,0.7222647513050472,-0.6673835338097557,-0.27237691312490037
MKT-01813,Campaign 1813,2026-01-03 00:00:00+00:00,2026-03-17 00:00:00+00:00,85432,734,0.0378,357127.5,2026,1,1,5,3,0,0,73,116.39237057220708,4.180254471392453,0.15833333333333333,0.3254166666666667,2745646.1699524573,2755334.291556837,0.0,0.0,1.0,0.0,0.0,0.0,1.0,0.0,0.0,-1.4906124097155837,-1.2797644803833803,-0.2563401055629127,-1.3943991992059233,1.4012265663567924
MKT-01814,Campaign 1814,2023-02-10 00:00:00+00:00,2023-04-23 00:00:00+00:00,753317,7552,0.029,5301644.73,2023,2,1,4,10,0,0,72,99.75066207627118,7.037734088039962,0.1675,0.4225,2698290.221362763,2841772.1179897054,0.0,1.0,0.0,0.0,0.0,0.0,0.0,1.0,0.0,1.1077621762693322,0.2009879437973711,-0.7979578879804,1.4162413831150436,0.7591650734523993
MKT-01815,Campaign 1815,2025-07-08 00:00:00+00:00,2025-08-06 00:00:00+00:00,355566,3040,0.0364,2404608.81,2025,7,3,1,8,0,0,29,116.9625,6.762763621943606,0.1675,0.4225,2698290.221362763,2841772.1179897054,0.0,1.0,0.0,0.0,0.0,0.0,0.0,1.0,0.0,-0.4396690281297579,-0.7789409118646339,-0.3425065709475129,-0.2305375330934369,1.4232229948873634
MKT-01816,Campaign 1816,2024-09-26 00:00:00+00:00,2024-11-03 00:00:00+00:00,267241,2370,0.0225,1480300.15,2024,9,3,3,26,0,0,38,112.75991561181435,5.53919552014848,0.15958333333333333,0.2520833333333333,2694009.023235263,2828093.8678722903,0.0,0.0,0.0,0.0,1.0,0.0,0.0,0.0,1.0,-0.7832932079019008,-0.9244533970804014,-1.1980164772660442,-0.7559476610275472,1.2610811326504339
MKT-01817,Campaign 1817,2023-08-17 00:00:00+00:00,2023-10-23 00:00:00+00:00,443103,6614,0.0706,1694158.02,2023,8,3,3,17,0,0,67,66.99470819473844,3.8233955084935105,0.1675,0.2520833333333333,2698290.221362763,2828093.8678722903,0.0,1.0,0.0,0.0,0.0,0.0,0.0,0.0,1.0,-0.09911052459492546,-0.0027295355047035233,1.7624170834477217,-0.6343831926859692,-0.5046076128568496
MKT-01818,Campaign 1818,2023-01-12 00:00:00+00:00,2023-01-26 00:00:00+00:00,356013,3106,0.0563,1577850.87,2023,1,1,3,12,0,0,14,114.62105602060528,4.432003522343286,0.16791666666666666,0.3254166666666667,2855926.099785614,2755334.291556837,1.0,0.0,0.0,0.0,0.0,0.0,1.0,0.0,0.0,-0.437929996050979,-0.764606846156812,0.8822881870193052,-0.7004963399555747,1.3328866560836092
MKT-01819,Campaign 1819,2024-03-13 00:00:00+00:00,2024-06-09 00:00:00+00:00,381041,4532,0.0814,3347896.84,2024,3,1,2,13,0,0,88,84.0778905560459,8.786185318640252,0.16791666666666666,0.3254166666666667,2855926.099785614,2755334.291556837,1.0,0.0,0.0,0.0,0.0,0.0,1.0,0.0,0.0,-0.3405597614476708,-0.45490415374235743,2.4271298164146384,0.30566114811443434,0.15448658850701208
MKT-01820,Campaign 1820,2024-02-06 00:00:00+00:00,2024-04-14 00:00:00+00:00,265153,2488,0.0436,861203.73,2024,2,1,1,6,0,0,68,106.57274919614147,3.247950164621935,0.15958333333333333,0.3254166666666667,2694009.023235263,2755334.291556837,0.0,0.0,0.0,0.0,1.0,0.0,1.0,0.0,0.0,-0.791416471840358,-0.898825825057326,0.1006352510304312,-1.107864226686198,1.022371188496263
MKT-01821,Campaign 1821,2025-07-23 00:00:00+00:00,2025-10-12 00:00:00+00:00,52408,530,0.0364,411784.21,2025,7,3,2,23,0,0,81,98.88301886792453,7.857277705693788,0.16875,0.4225,2935005.225015562,2841772.1179897054,0.0,0.0,0.0,0.0,0.0,1.0,0.0,1.0,0.0,-1.619090699133022,-1.3240697743893752,-0.3425065709475129,-1.363330368807258,0.7256901274277496
MKT-01822,Campaign 1822,2024-10-28 00:00:00+00:00,2025-01-25 00:00:00+00:00,568005,4806,0.0282,3769267.93,2024,10,4,0,28,0,0,89,118.18664169787765,6.635976672740557,0.1675,0.3254166666666667,2698290.221362763,2755334.291556837,0.0,1.0,0.0,0.0,0.0,0.0,1.0,0.0,0.0,0.3868147208270977,-0.39539606277352113,-0.8471958682001717,0.545183558631107,1.4704521748875887
MKT-01823,Campaign 1823,2025-05-29 00:00:00+00:00,2025-07-31 00:00:00+00:00,686893,6983,0.0493,2357808.96,2025,5,2,3,29,0,0,63,98.36646140627238,3.432570953554629,0.1675,0.4225,2698290.221362763,2841772.1179897054,0.0,1.0,0.0,0.0,0.0,0.0,0.0,1.0,0.0,0.8493427874532005,0.07741092277084609,0.4514558600963035,-0.25714024303212474,0.7057605838306916
MKT-01824,Campaign 1824,2025-03-27 00:00:00+00:00,2025-04-20 00:00:00+00:00,876544,8778,0.0348,4888530.99,2025,3,1,3,27,0,0,24,99.85691501480976,5.577051454347985,0.17791666666666667,0.4225,2915925.030689836,2841772.1179897054,0.0,0.0,0.0,1.0,0.0,0.0,0.0,1.0,0.0,1.5871709144610315,0.4672540734608503,-0.4409825313870563,1.1814127459098713,0.763264467475568
MKT-01825,Campaign 1825,2023-11-07 00:00:00+00:00,2023-12-02 00:00:00+00:00,150179,1204,0.0266,1165652.66,2023,11,4,1,7,0,0,25,124.73338870431894,7.761755371922838,0.15833333333333333,0.4225,2745646.1699524573,2841772.1179897054,0.0,0.0,1.0,0.0,0.0,0.0,0.0,1.0,0.0,-1.2387173090339314,-1.177688557918588,-0.9456718286397149,-0.9348045571373885,1.7230352649981735
MKT-01826,Campaign 1826,2024-07-26 00:00:00+00:00,2024-10-19 00:00:00+00:00,180509,1594,0.0632,1201376.5,2024,7,3,4,26,0,0,85,113.24278544542032,6.65549363189647,0.16875,0.2520833333333333,2935005.225015562,2828093.8678722903,0.0,0.0,0.0,0.0,0.0,1.0,0.0,0.0,1.0,-1.1207198975141002,-1.092987260554186,1.3069657664148353,-0.9144978477480188,1.2797109582070623
MKT-01827,Campaign 1827,2025-05-16 00:00:00+00:00,2025-07-05 00:00:00+00:00,399249,4430,0.0426,3347506.56,2025,5,2,4,16,0,0,50,90.12392776523701,8.384508314360211,0.15958333333333333,0.4225,2694009.023235263,2841772.1179897054,0.0,0.0,0.0,0.0,1.0,0.0,0.0,1.0,0.0,-0.26972241001499403,-0.4770568007453549,0.03908777575571667,0.30543929899237804,0.38775156112906994
MKT-01828,Campaign 1828,2025-12-26 00:00:00+00:00,2026-01-25 00:00:00+00:00,721124,7031,0.0462,6191354.57,2025,12,4,4,26,0,0,30,102.5635044801593,8.585700337251291,0.16875,0.2520833333333333,2935005.225015562,2828093.8678722903,0.0,0.0,0.0,0.0,0.0,1.0,0.0,0.0,1.0,0.9825168525285498,0.08783569783108018,0.26065868674468873,1.921984303297828,0.8676886540442739
MKT-01829,Campaign 1829,2024-05-14 00:00:00+00:00,2024-06-07 00:00:00+00:00,587419,10132,0.0455,4600211.62,2024,5,2,1,14,0,0,24,57.976608764311095,7.831227147913159,0.16875,0.2520833333333333,2935005.225015562,2828093.8678722903,0.0,0.0,0.0,0.0,0.0,1.0,0.0,0.0,1.0,0.4623439574656076,0.7613196032849537,0.21757545405238862,1.0175216956219924,-0.8525390998718075
MKT-01830,Campaign 1830,2024-08-11 00:00:00+00:00,2024-10-06 00:00:00+00:00,617490,7318,0.0486,4484685.89,2024,8,3,6,11,0,0,56,84.379611915824,7.262766830232068,0.17791666666666667,0.3254166666666667,2915925.030689836,2755334.291556837,0.0,0.0,0.0,1.0,0.0,0.0,1.0,0.0,0.0,0.5793337418972873,0.15016716537872987,0.40837262740400343,0.9518527354512829,0.16612744057142478
MKT-01831,Campaign 1831,2023-12-25 00:00:00+00:00,2024-02-21 00:00:00+00:00,499368,4048,0.014,1900805.27,2023,12,4,0,25,0,0,58,123.36166007905139,3.8064218572275355,0.15958333333333333,0.3254166666666667,2694009.023235263,2755334.291556837,0.0,0.0,0.0,0.0,1.0,0.0,1.0,0.0,0.0,0.11978576156278326,-0.5600206355997179,-1.7211700171011173,-0.5169174988562348,1.670111965133015
MKT-01832,Campaign 1832,2023-03-24 00:00:00+00:00,2023-05-20 00:00:00+00:00,908600,18006,0.0236,6801926.42,2023,3,1,4,24,0,0,57,50.460957458624904,7.4861615892582,0.1675,0.3254166666666667,2698290.221362763,2755334.291556837,0.0,1.0,0.0,0.0,0.0,0.0,1.0,0.0,0.0,1.7118832462671545,2.4714170787908554,-1.1303142544638582,2.2690551982318494,-1.1425039372354817
MKT-01833,Campaign 1833,2023-12-25 00:00:00+00:00,2024-02-08 00:00:00+00:00,372221,3217,0.0715,2518849.23,2023,12,4,0,25,0,0,45,115.70438296549581,6.767079853098025,0.16791666666666666,0.4225,2855926.099785614,2841772.1179897054,1.0,0.0,0.0,0.0,0.0,0.0,0.0,1.0,0.0,-0.37487354877391255,-0.7404995538300206,1.8178098111949645,-0.165599189134346,1.3746829966282013
MKT-01834,Campaign 1834,2023-07-28 00:00:00+00:00,2023-08-28 00:00:00+00:00,107828,1058,0.0413,573985.77,2023,7,3,4,28,0,0,31,101.91682419659735,5.323160681826613,0.15833333333333333,0.4225,2745646.1699524573,2841772.1179897054,0.0,0.0,1.0,0.0,0.0,0.0,0.0,1.0,0.0,-1.4034818449810587,-1.2093972487268,-0.04092394210141188,-1.2711291961051518,0.8427387813556001
MKT-01835,Campaign 1835,2025-01-08 00:00:00+00:00,2025-02-01 00:00:00+00:00,448775,7352,0.0486,3415453.84,2025,1,1,2,8,0,0,24,61.041213275299235,7.6106152080664025,0.15958333333333333,0.4225,2694009.023235263,2841772.1179897054,0.0,0.0,0.0,0.0,1.0,0.0,0.0,1.0,0.0,-0.07704388040961445,0.15755138104639568,0.40837262740400343,0.34406296511444456,-0.7343021683712282
MKT-01836,Campaign 1836,2025-08-30 00:00:00+00:00,2025-09-14 00:00:00+00:00,837490,6968,0.0548,4760755.2,2025,8,3,5,30,0,0,15,120.19087256027555,5.684551696139656,0.16875,0.4225,2935005.225015562,2841772.1179897054,0.0,0.0,0.0,0.0,0.0,1.0,0.0,1.0,0.0,1.4352331990144278,0.07415318056452293,0.7899669741072334,1.1087804131447732,1.54777833764008
MKT-01837,Campaign 1837,2024-10-23 00:00:00+00:00,2024-11-21 00:00:00+00:00,516623,7050,0.036,3686492.36,2024,10,4,2,23,0,0,29,73.27985815602837,7.135749589158825,0.16875,0.4225,2935005.225015562,2841772.1179897054,0.0,0.0,0.0,0.0,0.0,1.0,0.0,1.0,0.0,0.18691551216531171,0.09196217129242285,-0.36712556105739896,0.4981309616950153,-0.26211731997260007
MKT-01838,Campaign 1838,2025-12-22 00:00:00+00:00,2026-01-18 00:00:00+00:00,746378,9633,0.0249,5352695.13,2025,12,4,0,22,0,0,27,77.48136613723658,7.171560697126657,0.1675,0.3254166666666667,2698290.221362763,2755334.291556837,0.0,1.0,0.0,0.0,0.0,0.0,1.0,0.0,0.0,1.080766329301442,0.6529453792212702,-1.0503025366067296,1.4452602578219917,-0.10001698709373384
MKT-01839,Campaign 1839,2024-03-02 00:00:00+00:00,2024-03-28 00:00:00+00:00,641239,8176,0.0201,4786191.45,2024,3,1,5,2,0,0,26,78.429427592955,7.463974352776423,0.15833333333333333,0.3254166666666667,2745646.1699524573,2755334.291556837,0.0,0.0,1.0,0.0,0.0,0.0,1.0,0.0,0.0,0.6717280882930826,0.3365100195804143,-1.3457304179253589,1.1232392881342859,-0.06343938727744493
MKT-01840,Campaign 1840,2025-02-08 00:00:00+00:00,2025-03-24 00:00:00+00:00,834922,15881,0.0259,4297260.8,2025,2,1,5,8,0,0,44,52.57364145834645,5.1469009081087815,0.17791666666666667,0.2520833333333333,2915925.030689836,2828093.8678722903,0.0,0.0,0.0,1.0,0.0,0.0,0.0,0.0,1.0,1.4252425180786241,2.0099035995617416,-0.988755061332015,0.8453136054219678,-1.060993493567531
MKT-01841,Campaign 1841,2023-06-19 00:00:00+00:00,2023-08-13 00:00:00+00:00,567749,6142,0.031,2403062.23,2023,6,2,0,19,0,0,55,92.43715402149137,4.232613760658319,0.16791666666666666,0.3254166666666667,2855926.099785614,2755334.291556837,1.0,0.0,0.0,0.0,0.0,0.0,1.0,0.0,0.0,0.3858187650951796,-0.10523982359700547,-0.6748629374309711,-0.23141666452520385,0.4769992188367519
MKT-01842,Campaign 1842,2025-05-05 00:00:00+00:00,2025-06-02 00:00:00+00:00,695339,8486,0.0298,5059456.2,2025,5,2,0,5,0,0,28,81.9395474899835,7.276243961578453,0.16791666666666666,0.4225,2855926.099785614,2841772.1179897054,1.0,0.0,0.0,0.0,0.0,0.0,0.0,1.0,0.0,0.8822015457023431,0.4038366918444262,-0.7487199077606285,1.278572753534667,0.07198618047059716
MKT-01843,Campaign 1843,2024-01-30 00:00:00+00:00,2024-03-27 00:00:00+00:00,571602,4630,0.0214,3100882.75,2024,1,1,1,30,0,0,57,123.4561555075594,5.424898355849,0.15833333333333333,0.4225,2745646.1699524573,2841772.1179897054,0.0,0.0,1.0,0.0,0.0,0.0,0.0,1.0,0.0,0.40080867695096295,-0.4336202379943795,-1.2657187000682302,0.16524949749933815,1.6737577371951389
MKT-01844,Campaign 1844,2024-12-12 00:00:00+00:00,2025-02-16 00:00:00+00:00,271708,2593,0.0567,2350990.52,2024,12,4,3,12,0,0,66,104.78519089857308,8.652636359621358,0.1675,0.2520833333333333,2698290.221362763,2828093.8678722903,0.0,1.0,0.0,0.0,0.0,0.0,0.0,0.0,1.0,-0.7659145584703451,-0.876021629613064,0.9069071771291908,-0.26101608839390145,0.9534045707075494
MKT-01845,Campaign 1845,2023-07-17 00:00:00+00:00,2023-08-31 00:00:00+00:00,48909,657,0.0656,429632.61,2023,7,3,0,17,0,0,45,74.44292237442923,8.784326197632337,0.1675,0.4225,2698290.221362763,2841772.1179897054,0.0,1.0,0.0,0.0,0.0,0.0,0.0,1.0,0.0,-1.6327033909532624,-1.2964875570425058,1.45467970707415,-1.353184699364521,-0.21724459860552972
MKT-01846,Campaign 1846,2025-01-04 00:00:00+00:00,2025-02-25 00:00:00+00:00,394206,3426,0.027,3347285.79,2025,1,1,5,4,0,0,52,115.0630472854641,8.491209646732926,0.15833333333333333,0.4225,2745646.1699524573,2841772.1179897054,0.0,0.0,1.0,0.0,0.0,0.0,0.0,1.0,0.0,-0.2893419598433656,-0.6951083457552514,-0.9210528385298291,0.30531380542192504,1.349939326573256
MKT-01847,Campaign 1847,2025-04-01 00:00:00+00:00,2025-05-31 00:00:00+00:00,868612,7346,0.0146,5067002.5,2025,4,2,1,1,1,0,60,118.24285325347128,5.833447500149664,0.15958333333333333,0.2520833333333333,2694009.023235263,2828093.8678722903,0.0,0.0,0.0,0.0,1.0,0.0,0.0,0.0,1.0,1.5563118485798808,0.15624828416386644,-1.6842415319362884,1.2828623405741622,1.4726208990490377
MKT-01848,Campaign 1848,2025-11-17 00:00:00+00:00,2025-12-28 00:00:00+00:00,116025,1340,0.043,985524.84,2025,11,4,0,17,0,0,41,86.58582089552239,8.494073173884939,0.17791666666666667,0.4225,2915925.030689836,2841772.1179897054,0.0,0.0,0.0,1.0,0.0,0.0,0.0,1.0,0.0,-1.3715918092992896,-1.1481516952479247,0.06370676586560231,-1.037195657693227,0.2512462149755165
MKT-01849,Campaign 1849,2023-06-16 00:00:00+00:00,2023-07-27 00:00:00+00:00,236483,1947,0.0662,806772.32,2023,6,2,4,16,0,0,41,121.46019517205958,3.411544677630104,0.15958333333333333,0.2520833333333333,2694009.023235263,2828093.8678722903,0.0,0.0,0.0,0.0,1.0,0.0,0.0,0.0,1.0,-0.9029557329110327,-1.0163217272987144,1.491608192238978,-1.1388049885002594,1.5967506634862147
MKT-01850,Campaign 1850,2024-05-16 00:00:00+00:00,2024-06-17 00:00:00+00:00,19884,243,0.0207,135578.29,2024,5,2,3,16,0,0,32,81.82716049382717,6.818461577147455,0.16875,0.2520833333333333,2935005.225015562,2828093.8678722903,0.0,0.0,0.0,0.0,0.0,1.0,0.0,0.0,1.0,-1.7456237625115578,-1.3864012419370249,-1.3088019327605303,-1.5203357005146971,0.06765012551849914
MKT-01851,Campaign 1851,2024-08-13 00:00:00+00:00,2024-10-16 00:00:00+00:00,396631,7245,0.0212,3441055.3,2024,8,3,1,13,0,0,64,54.745479641131816,8.675709412527008,0.17791666666666667,0.3254166666666667,2915925.030689836,2755334.291556837,0.0,0.0,0.0,1.0,0.0,0.0,1.0,0.0,0.0,-0.279907613554688,0.13431281997462385,-1.278028195123173,0.35861575138164237,-0.977200794859554
MKT-01852,Campaign 1852,2025-02-06 00:00:00+00:00,2025-04-12 00:00:00+00:00,872225,10602,0.0041,2849961.11,2025,2,1,3,6,0,0,65,82.26985474438786,3.2674609303792024,0.17791666666666667,0.4225,2915925.030689836,2841772.1179897054,0.0,0.0,0.0,1.0,0.0,0.0,0.0,1.0,0.0,1.570368051936991,0.8633955257497459,-2.3304900223207903,0.022616655593651787,0.08472991822635742
MKT-01853,Campaign 1853,2023-05-28 00:00:00+00:00,2023-07-25 00:00:00+00:00,408248,5176,0.0461,3046285.78,2023,5,2,6,28,0,0,58,78.87326120556415,7.461851080715643,0.1675,0.2520833333333333,2698290.221362763,2828093.8678722903,0.0,1.0,0.0,0.0,0.0,0.0,0.0,0.0,1.0,-0.23471223176682518,-0.31503842168421664,0.25450393921721753,0.13421462545506357,-0.04631563631265809
MKT-01854,Campaign 1854,2025-02-13 00:00:00+00:00,2025-05-07 00:00:00+00:00,763958,9416,0.026,4984931.79,2025,2,1,3,13,0,0,83,81.13402718776551,6.525138541647578,0.16791666666666666,0.4225,2855926.099785614,2841772.1179897054,1.0,0.0,0.0,0.0,0.0,0.0,0.0,1.0,0.0,1.1491604768292571,0.6058167086364618,-0.9826003138045436,1.236210411292505,0.04090802717082134
MKT-01855,Campaign 1855,2023-06-01 00:00:00+00:00,2023-07-01 00:00:00+00:00,554557,10917,0.0561,1986329.69,2023,6,2,3,1,1,0,30,50.797563433177615,3.5818314258047415,0.1675,0.4225,2698290.221362763,2841772.1179897054,0.0,1.0,0.0,0.0,0.0,0.0,0.0,1.0,0.0,0.33449592128477357,0.9318081120825321,0.869978691964362,-0.4683023571851717,-1.1295171856291408
MKT-01856,Campaign 1856,2024-03-31 00:00:00+00:00,2024-06-03 00:00:00+00:00,91431,1713,0.0536,400833.8,2024,3,1,6,31,0,1,64,53.37478108581436,4.384003237414006,0.16875,0.4225,2935005.225015562,2841772.1179897054,0.0,0.0,0.0,0.0,0.0,1.0,0.0,1.0,0.0,-1.4672735877008303,-1.0671425057173556,0.716110003777576,-1.3695549738207293,-1.0300843531170456
MKT-01857,Campaign 1857,2023-10-03 00:00:00+00:00,2023-11-06 00:00:00+00:00,288342,4092,0.0659,1141622.72,2023,10,4,1,3,0,0,34,70.46480938416423,3.9592661492255723,0.16791666666666666,0.2520833333333333,2855926.099785614,2828093.8678722903,1.0,0.0,0.0,0.0,0.0,0.0,0.0,0.0,1.0,-0.7012007786081337,-0.5504645917945032,1.473143949656564,-0.9484640351840932,-0.37072602547319006
MKT-01858,Campaign 1858,2024-05-30 00:00:00+00:00,2024-07-14 00:00:00+00:00,428146,4156,0.0595,3152995.21,2024,5,2,3,30,0,0,45,103.01876804619826,7.364299117590728,0.1675,0.4225,2698290.221362763,2841772.1179897054,0.0,1.0,0.0,0.0,0.0,0.0,0.0,1.0,0.0,-0.1573000163226576,-0.5365648917141912,1.079240107898391,0.19487208512668028,0.8852533893565971
MKT-01859,Campaign 1859,2024-06-09 00:00:00+00:00,2024-07-14 00:00:00+00:00,306408,5485,0.0167,2322939.42,2024,6,2,6,9,0,0,35,55.862898814949865,7.5811970314091015,0.1675,0.4225,2698290.221362763,2841772.1179897054,0.0,1.0,0.0,0.0,0.0,0.0,0.0,1.0,0.0,-0.6309158713705052,-0.24792893223395965,-1.5549918338593882,-0.2769613377218614,-0.9340891261798135
MKT-01860,Campaign 1860,2024-01-04 00:00:00+00:00,2024-01-20 00:00:00+00:00,278289,6575,0.0375,2407369.85,2024,1,1,3,4,0,0,16,42.32532319391635,8.650610875744281,0.15958333333333333,0.4225,2694009.023235263,2841772.1179897054,0.0,0.0,0.0,0.0,1.0,0.0,0.0,1.0,0.0,-0.7403114933463092,-0.011199665241143726,-0.27480434814532717,-0.22896805912612472,-1.4563886253970708
MKT-01861,Campaign 1861,2025-07-12 00:00:00+00:00,2025-09-03 00:00:00+00:00,560139,9485,0.0602,4218563.17,2025,7,3,5,12,0,0,53,59.05524512387981,7.531279146783209,0.16875,0.4225,2935005.225015562,2841772.1179897054,0.0,0.0,0.0,0.0,0.0,1.0,0.0,1.0,0.0,0.3562124247830821,0.6208023227855484,1.1223233405906912,0.8005790555515693,-0.8109237289803647
MKT-01862,Campaign 1862,2026-01-01 00:00:00+00:00,2026-03-17 00:00:00+00:00,286185,4046,0.0201,2169589.61,2026,1,1,3,1,1,0,75,70.73282254078102,7.581073815888324,0.15958333333333333,0.3254166666666667,2694009.023235263,2755334.291556837,0.0,0.0,0.0,0.0,1.0,0.0,1.0,0.0,0.0,-0.7095924837399594,-0.5604550012272277,-1.3457304179253589,-0.36413085887594376,-0.36038568526729003
MKT-01863,Campaign 1863,2026-02-06 00:00:00+00:00,2026-05-07 00:00:00+00:00,793021,19827,0.036,4487522.54,2026,2,1,4,6,0,0,90,39.997024259847684,5.658768859841039,0.1675,0.3254166666666667,2698290.221362763,2755334.291556837,0.0,1.0,0.0,0.0,0.0,0.0,1.0,0.0,0.0,1.262228685566509,2.8669069826384863,-0.36712556105739896,0.9534651888490522,-1.5462178090954217
MKT-01864,Campaign 1864,2023-06-01 00:00:00+00:00,2023-07-25 00:00:00+00:00,824989,11473,0.0431,3351701.6,2023,6,2,3,1,1,0,54,71.90699904122722,4.062722775697615,0.15833333333333333,0.3254166666666667,2745646.1699524573,2755334.291556837,0.0,0.0,1.0,0.0,0.0,0.0,1.0,0.0,0.0,1.3865986575897853,1.0525617565302439,0.06986151339307393,0.30782390988966074,-0.31508423578006595
MKT-01865,Campaign 1865,2024-10-29 00:00:00+00:00,2025-01-06 00:00:00+00:00,37984,432,0.0412,211588.01,2024,10,4,1,29,0,0,69,87.92592592592592,5.57045097935973,0.15833333333333333,0.4225,2745646.1699524573,2841772.1179897054,0.0,0.0,1.0,0.0,0.0,0.0,0.0,1.0,0.0,-1.675206579903284,-1.345353690137353,-0.0470786896288835,-1.4771290549019256,0.3029494302241016
MKT-01866,Campaign 1866,2023-10-19 00:00:00+00:00,2023-11-07 00:00:00+00:00,912988,8359,0.0467,3461018.39,2023,10,4,3,19,0,0,19,109.2221557602584,3.7908695295009354,0.16875,0.4225,2935005.225015562,2841772.1179897054,0.0,0.0,0.0,0.0,0.0,1.0,0.0,1.0,0.0,1.7289545499845638,0.37625447449755683,0.291432424382046,0.36996348631562026,1.1245891749658037
MKT-01867,Campaign 1867,2025-12-05 00:00:00+00:00,2025-12-21 00:00:00+00:00,523690,6663,0.0311,4159825.83,2025,12,4,4,5,0,0,16,78.59672820051028,7.943298191678283,0.15958333333333333,0.2520833333333333,2694009.023235263,2828093.8678722903,0.0,0.0,0.0,0.0,1.0,0.0,0.0,0.0,1.0,0.21440933699916095,0.00791242236928545,-0.6687081899034998,0.7671906489949227,-0.05698468475234094
MKT-01868,Campaign 1868,2025-06-07 00:00:00+00:00,2025-08-16 00:00:00+00:00,398701,3955,0.027,2269040.09,2025,6,2,5,7,0,0,70,100.80935524652338,5.691082013839945,0.16875,0.2520833333333333,2935005.225015562,2828093.8678722903,0.0,0.0,0.0,0.0,0.0,1.0,0.0,0.0,1.0,-0.27185437775363125,-0.5802186372789214,-0.9210528385298291,-0.30759964621814107,0.8000110068844032
MKT-01869,Campaign 1869,2025-09-06 00:00:00+00:00,2025-10-28 00:00:00+00:00,515126,5365,0.0492,3938962.69,2025,9,3,5,6,0,0,52,96.01602982292637,7.646600423973941,0.16791666666666666,0.4225,2855926.099785614,2841772.1179897054,1.0,0.0,0.0,0.0,0.0,0.0,0.0,1.0,0.0,0.18109150540483734,-0.2739908698845449,0.4453011125688323,0.6416441344319959,0.6150774901001819
MKT-01870,Campaign 1870,2024-01-30 00:00:00+00:00,2024-03-01 00:00:00+00:00,752692,9000,0.0391,6425118.3,2024,1,1,1,30,0,0,31,83.63244444444445,8.536185185972483,0.1675,0.4225,2698290.221362763,2841772.1179897054,0.0,1.0,0.0,0.0,0.0,0.0,0.0,1.0,0.0,1.1053306437207038,0.515468658114433,-0.17632838770578374,2.054863974992838,0.1373006249688854
MKT-01871,Campaign 1871,2023-06-13 00:00:00+00:00,2023-08-03 00:00:00+00:00,131168,1536,0.0758,679259.52,2023,6,2,1,13,0,0,51,85.39583333333333,5.178545986826055,0.16875,0.4225,2935005.225015562,2841772.1179897054,0.0,0.0,0.0,0.0,0.0,1.0,0.0,1.0,0.0,-1.3126786934850858,-1.1055838637519688,2.082463954876238,-1.2112878283356412,0.20533475156397102
MKT-01872,Campaign 1872,2025-03-07 00:00:00+00:00,2025-04-13 00:00:00+00:00,167550,2741,0.0242,730801.9,2025,3,1,4,7,0,0,37,61.12732579350602,4.361694419576246,0.17791666666666667,0.3254166666666667,2915925.030689836,2755334.291556837,0.0,0.0,0.0,1.0,0.0,0.0,1.0,0.0,0.0,-1.1711362659903775,-0.8438785731773422,-1.0933857692990296,-1.181989294586289,-0.7309798212689997
MKT-01873,Campaign 1873,2024-11-14 00:00:00+00:00,2024-12-16 00:00:00+00:00,55860,1159,0.0411,255447.62,2024,11,4,3,14,0,0,32,48.19672131147541,4.572997135696384,0.1675,0.3254166666666667,2698290.221362763,2755334.291556837,0.0,1.0,0.0,0.0,0.0,0.0,1.0,0.0,0.0,-1.6056608585604386,-1.1874617845375575,-0.053233437156355125,-1.4521976826250063,-1.229861484766249
MKT-01874,Campaign 1874,2025-04-15 00:00:00+00:00,2025-06-18 00:00:00+00:00,712288,8614,0.0208,5243954.06,2025,4,2,1,15,0,0,64,82.68957511028559,7.362126078215553,0.16875,0.2520833333333333,2935005.225015562,2828093.8678722903,0.0,0.0,0.0,0.0,0.0,1.0,0.0,0.0,1.0,0.9481408179690631,0.43163609200505043,-1.3026471852330588,1.3834479412519056,0.10092334480851918
MKT-01875,Campaign 1875,2024-03-14 00:00:00+00:00,2024-05-18 00:00:00+00:00,733482,12360,0.0479,3338170.01,2024,3,1,3,14,0,0,65,59.34320388349514,4.551127375995593,0.16875,0.3254166666666667,2935005.225015562,2755334.291556837,0.0,0.0,0.0,0.0,0.0,1.0,1.0,0.0,0.0,1.0305950593060662,1.2452029123308197,0.3652893947117033,0.3001320697709583,-0.7998138581916371
MKT-01876,Campaign 1876,2024-09-27 00:00:00+00:00,2024-10-25 00:00:00+00:00,63826,934,0.0387,323922.98,2024,9,3,4,27,0,0,28,68.33618843683084,5.075094475605552,0.15833333333333333,0.3254166666666667,2745646.1699524573,2755334.291556837,0.0,0.0,1.0,0.0,0.0,0.0,1.0,0.0,0.0,-1.5746695173086425,-1.236327917632405,-0.20094737781566982,-1.413273836928338,-0.4528513399267033
MKT-01877,Campaign 1877,2023-03-20 00:00:00+00:00,2023-06-11 00:00:00+00:00,762998,7448,0.0504,5049662.88,2023,3,1,0,20,0,0,83,102.44334049409237,6.618186259990196,0.16791666666666666,0.3254166666666667,2855926.099785614,2755334.291556837,1.0,0.0,0.0,0.0,0.0,0.0,1.0,0.0,0.0,1.1454256428345642,0.1784009311668639,0.5191580828984896,1.273005879895184,0.8630525514285889
MKT-01878,Campaign 1878,2024-04-14 00:00:00+00:00,2024-05-23 00:00:00+00:00,326569,3425,0.0306,1860464.47,2024,4,2,6,14,0,0,39,95.34861313868613,5.697002685496786,0.17791666666666667,0.4225,2915925.030689836,2841772.1179897054,0.0,0.0,0.0,1.0,0.0,0.0,0.0,1.0,0.0,-0.5524804670298749,-0.6953255285690062,-0.699481927540857,-0.5398486535734961,0.5893275766957237
MKT-01879,Campaign 1879,2025-01-26 00:00:00+00:00,2025-03-30 00:00:00+00:00,57819,1196,0.0126,254000.29,2025,1,1,6,26,0,0,63,48.34364548494983,4.393024611286948,0.15833333333333333,0.3254166666666667,2745646.1699524573,2755334.291556837,0.0,0.0,1.0,0.0,0.0,0.0,1.0,0.0,0.0,-1.5980394629400183,-1.179426020428627,-1.8073364824857174,-1.4530203968041235,-1.224192934918271
MKT-01880,Campaign 1880,2025-03-17 00:00:00+00:00,2025-05-24 00:00:00+00:00,530957,11371,0.0624,3134036.97,2025,3,1,0,17,0,0,68,46.69395831501187,5.90261917631748,0.15958333333333333,0.4225,2694009.023235263,2841772.1179897054,0.0,0.0,0.0,0.0,1.0,0.0,0.0,1.0,0.0,0.24268125224857123,1.0304091095272463,1.257727786195063,0.1840955429012667,-1.2878402826298512
MKT-01881,Campaign 1881,2024-04-09 00:00:00+00:00,2024-06-01 00:00:00+00:00,626104,5585,0.0564,3562819.38,2024,4,2,1,9,0,0,53,112.10456580125336,5.6904593805501955,0.17791666666666667,0.2520833333333333,2915925.030689836,2828093.8678722903,0.0,0.0,0.0,1.0,0.0,0.0,0.0,0.0,1.0,0.6128460960955011,-0.22621065085847195,0.8884429345467764,0.42783081299383074,1.2357967769097862
MKT-01882,Campaign 1882,2023-01-12 00:00:00+00:00,2023-02-19 00:00:00+00:00,74773,1068,0.0571,513446.12,2023,1,1,3,12,0,0,38,70.0121722846442,6.86673157423134,0.16875,0.4225,2935005.225015562,2841772.1179897054,0.0,0.0,0.0,0.0,0.0,1.0,0.0,1.0,0.0,-1.5320807384129091,-1.2072254205892514,0.9315261672390764,-1.30554210017941,-0.3881894278595928
MKT-01883,Campaign 1883,2024-05-01 00:00:00+00:00,2024-07-26 00:00:00+00:00,245946,4785,0.0562,1343435.11,2024,5,2,2,1,1,0,86,51.39937304075235,5.462317378611566,0.16791666666666666,0.4225,2855926.099785614,2841772.1179897054,1.0,0.0,0.0,0.0,0.0,0.0,0.0,1.0,0.0,-0.8661403848987622,-0.39995690186237354,0.8761334394918335,-0.8337466488419717,-1.106298489352974
MKT-01884,Campaign 1884,2025-03-25 00:00:00+00:00,2025-04-15 00:00:00+00:00,124393,1379,0.0436,961391.08,2025,3,1,1,25,0,0,21,90.20522117476432,7.728659008143545,0.15833333333333333,0.2520833333333333,2745646.1699524573,2828093.8678722903,0.0,0.0,1.0,0.0,0.0,0.0,0.0,0.0,1.0,-1.3390365063122158,-1.1396815655114845,0.1006352510304312,-1.0509141507441642,0.39088797995873137
MKT-01885,Campaign 1885,2023-05-09 00:00:00+00:00,2023-06-19 00:00:00+00:00,229373,1878,0.0518,1037114.46,2023,5,2,1,9,0,0,41,122.13684771033014,4.521519359296866,0.15958333333333333,0.4225,2694009.023235263,2841772.1179897054,0.0,0.0,0.0,0.0,1.0,0.0,0.0,1.0,0.0,-0.9306168471842275,-1.031307341447801,0.6053245482830898,-1.007870271036921,1.6228569096691496
MKT-01886,Campaign 1886,2024-10-24 00:00:00+00:00,2024-11-14 00:00:00+00:00,305718,3420,0.0275,1843652.42,2024,10,4,3,24,0,0,21,89.39122807017544,6.030565488456682,0.16875,0.4225,2935005.225015562,2841772.1179897054,0.0,0.0,0.0,0.0,0.0,1.0,0.0,1.0,0.0,-0.6336002833041907,-0.6964114426377807,-0.8902791008924718,-0.5494052245801279,0.35948293353132593
MKT-01887,Campaign 1887,2025-12-24 00:00:00+00:00,2026-02-22 00:00:00+00:00,843160,9456,0.0353,6482076.9,2025,12,4,2,24,0,0,60,89.16666666666667,7.6878373025285835,0.1675,0.2520833333333333,2698290.221362763,2828093.8678722903,0.0,1.0,0.0,0.0,0.0,0.0,0.0,0.0,1.0,1.4572920622955834,0.6145040211866569,-0.41020879374969904,2.0872412820635606,0.3508190256146142
MKT-01888,Campaign 1888,2025-08-28 00:00:00+00:00,2025-10-23 00:00:00+00:00,446426,3882,0.0602,2099641.25,2025,8,3,3,28,0,0,56,114.99896960329727,4.703223490567305,0.16791666666666666,0.3254166666666667,2855926.099785614,2755334.291556837,1.0,0.0,0.0,0.0,0.0,0.0,1.0,0.0,0.0,-0.08618255234037883,-0.5960729826830274,1.1223233405906912,-0.4038920104985858,1.3474671157251972
MKT-01889,Campaign 1889,2023-08-17 00:00:00+00:00,2023-10-05 00:00:00+00:00,573934,10845,0.0745,2596893.42,2023,8,3,3,17,0,0,49,52.92153065928999,4.524724828987305,0.15833333333333333,0.2520833333333333,2745646.1699524573,2828093.8678722903,0.0,0.0,1.0,0.0,0.0,0.0,0.0,0.0,1.0,0.40988121119640464,0.916170949492181,2.0024522370191082,-0.12123607794980512,-1.047571418557764
MKT-01890,Campaign 1890,2025-05-02 00:00:00+00:00,2025-08-01 00:00:00+00:00,211554,2472,0.0473,1355957.74,2025,5,2,4,2,0,0,91,85.58009708737865,6.409511235901944,0.15958333333333333,0.3254166666666667,2694009.023235263,2755334.291556837,0.0,0.0,0.0,0.0,1.0,0.0,1.0,0.0,0.0,-0.9999408127586381,-0.9023007500774041,0.32836090954687486,-0.8266283377029507,0.21244391713067937
MKT-01891,Campaign 1891,2023-12-04 00:00:00+00:00,2024-02-16 00:00:00+00:00,559857,9878,0.004,3481380.13,2023,12,4,0,4,0,0,74,56.677161368698115,6.218338129200849,0.15833333333333333,0.3254166666666667,2745646.1699524573,2755334.291556837,0.0,0.0,1.0,0.0,0.0,0.0,1.0,0.0,0.0,0.3551153172971411,0.706155168591215,-2.336644769848262,0.3815378281792581,-0.9026736840091121
MKT-01892,Campaign 1892,2024-10-08 00:00:00+00:00,2024-12-01 00:00:00+00:00,304503,3155,0.0477,2598215.38,2024,10,4,1,8,0,0,54,96.51442155309033,8.532642962466708,0.16875,0.4225,2935005.225015562,2841772.1179897054,0.0,0.0,0.0,0.0,0.0,1.0,0.0,1.0,0.0,-0.638327182578724,-0.753964888282823,0.3529798996567605,-0.12048462856630184,0.6343061731646895
MKT-01893,Campaign 1893,2025-02-11 00:00:00+00:00,2025-04-26 00:00:00+00:00,414654,4817,0.0647,3196219.96,2025,2,1,1,11,0,0,74,86.08137845131824,7.708161406859695,0.17791666666666667,0.2520833333333333,2915925.030689836,2828093.8678722903,0.0,0.0,0.0,1.0,0.0,0.0,0.0,0.0,1.0,-0.20978999575640514,-0.39300705182221746,1.3992869793269063,0.21944258025481198,0.23178408649939583
MKT-01894,Campaign 1894,2025-06-17 00:00:00+00:00,2025-09-15 00:00:00+00:00,170666,1523,0.0371,839703.62,2025,6,2,1,17,0,0,90,112.05909389363099,4.920157617803195,0.15958333333333333,0.3254166666666667,2694009.023235263,2755334.291556837,0.0,0.0,0.0,0.0,1.0,0.0,1.0,0.0,0.0,-1.1590136173159364,-1.1084072403307823,-0.2994233382552128,-1.1200856588057428,1.2340424041000257
MKT-01895,Campaign 1895,2024-03-16 00:00:00+00:00,2024-05-20 00:00:00+00:00,593101,6790,0.0259,2369597.95,2024,3,1,5,16,0,0,65,87.34918998527246,3.9952688496562985,0.16791666666666666,0.3254166666666667,2855926.099785614,2755334.291556837,1.0,0.0,0.0,0.0,0.0,0.0,1.0,0.0,0.0,0.48444950617169663,0.035494639716154824,-0.988755061332015,-0.25043895912971703,0.2806981127492153
MKT-01896,Campaign 1896,2023-07-15 00:00:00+00:00,2023-10-07 00:00:00+00:00,109370,1229,0.0574,503681.62,2023,7,3,5,15,0,0,84,88.99104963384866,4.60529962512572,0.15958333333333333,0.3254166666666667,2694009.023235263,2755334.291556837,0.0,0.0,0.0,0.0,1.0,0.0,1.0,0.0,0.0,-1.3974827678770831,-1.172258987574716,0.9499904098214909,-1.3110925914992821,0.34404346321979706
MKT-01897,Campaign 1897,2025-10-06 00:00:00+00:00,2025-11-28 00:00:00+00:00,390385,4957,0.0363,2133634.51,2025,10,4,0,6,0,0,53,78.75428686705669,5.46546232565288,0.15833333333333333,0.4225,2745646.1699524573,2841772.1179897054,0.0,0.0,1.0,0.0,0.0,0.0,0.0,1.0,0.0,-0.30420737723265917,-0.3626014578965347,-0.3486613184749845,-0.38456902472725557,-0.050905840582734396
MKT-01898,Campaign 1898,2024-03-31 00:00:00+00:00,2024-06-21 00:00:00+00:00,396761,9929,0.0362,1470026.03,2024,3,1,6,31,0,1,82,39.959814684258234,3.7050668538490426,0.15958333333333333,0.2520833333333333,2694009.023235263,2828093.8678722903,0.0,0.0,0.0,0.0,1.0,0.0,0.0,0.0,1.0,-0.2794018547845733,0.7172314920927138,-0.3548160660024557,-0.761787838597246,-1.5476534090315182
MKT-01899,Campaign 1899,2024-05-13 00:00:00+00:00,2024-06-19 00:00:00+00:00,357211,4616,0.0153,1677370.41,2024,5,2,0,13,0,0,37,77.38539861351819,4.695741200578929,0.1675,0.4225,2698290.221362763,2841772.1179897054,0.0,1.0,0.0,0.0,0.0,0.0,0.0,1.0,0.0,-0.43326923446176835,-0.43666079738694774,-1.6411582992439884,-0.6439258711217722,-0.10371955474560758
MKT-01900,Campaign 1900,2024-09-03 00:00:00+00:00,2024-10-21 00:00:00+00:00,217341,5586,0.0156,1671915.01,2024,9,3,1,3,0,0,48,38.90816326530612,7.692589111120313,0.1675,0.4225,2698290.221362763,2841772.1179897054,0.0,1.0,0.0,0.0,0.0,0.0,0.0,1.0,0.0,-0.9774267665843795,-0.22599346804471707,-1.622694056661574,-0.6470269157575887,-1.5882276613826103
MKT-01901,Campaign 1901,2023-05-29 00:00:00+00:00,2023-08-08 00:00:00+00:00,127152,1408,0.0554,818105.47,2023,5,2,0,29,0,0,71,90.30681818181819,6.434074729457657,0.15833333333333333,0.3254166666666667,2745646.1699524573,2755334.291556837,0.0,0.0,1.0,0.0,0.0,0.0,1.0,0.0,0.0,-1.3283027490295514,-1.1333832639125931,0.8268954592720619,-1.1323628203706255,0.3948077413245524
MKT-01902,Campaign 1902,2025-06-06 00:00:00+00:00,2025-08-03 00:00:00+00:00,605976,10790,0.0222,2070313.37,2025,6,2,4,6,0,0,58,56.16088971269694,3.416494003062828,0.1675,0.2520833333333333,2698290.221362763,2828093.8678722903,0.0,1.0,0.0,0.0,0.0,0.0,0.0,0.0,1.0,0.5345390766734384,0.9042258947356628,-1.2164807198484584,-0.4205630272808328,-0.9225922008054668
MKT-01903,Campaign 1903,2025-11-21 00:00:00+00:00,2026-01-01 00:00:00+00:00,861277,23795,0.0703,2799688.77,2025,11,4,4,21,0,0,41,36.19571338516495,3.2506252576116625,0.16791666666666666,0.3254166666666667,2855926.099785614,2755334.291556837,1.0,0.0,0.0,0.0,0.0,0.0,1.0,0.0,0.0,1.5277753825891798,3.7286883876178383,1.7439528408653078,-0.005959941958671274,-1.6928779513391428
MKT-01904,Campaign 1904,2023-08-16 00:00:00+00:00,2023-10-18 00:00:00+00:00,223195,2155,0.0739,1195016.33,2023,8,3,2,16,0,0,63,103.5707656612529,5.3541357557292955,0.1675,0.3254166666666667,2698290.221362763,2755334.291556837,0.0,1.0,0.0,0.0,0.0,0.0,1.0,0.0,0.0,-0.954652060120908,-0.9711477020377001,1.9655237518542794,-0.9181131960380399,0.9065502659896786
MKT-01905,Campaign 1905,2025-02-25 00:00:00+00:00,2025-03-21 00:00:00+00:00,118540,1835,0.0253,407270.63,2025,2,1,1,25,0,0,24,64.59945504087193,3.435723215792138,0.16791666666666666,0.3254166666666667,2855926.099785614,2755334.291556837,1.0,0.0,0.0,0.0,0.0,0.0,1.0,0.0,0.0,-1.3618073223236096,-1.0406462024392606,-1.0256835464968437,-1.3658960492426666,-0.5970199884390237
MKT-01906,Campaign 1906,2025-03-22 00:00:00+00:00,2025-04-05 00:00:00+00:00,189607,2025,0.031,933019.83,2025,3,1,5,22,0,0,14,93.63308641975308,4.9208089891196,0.1675,0.4225,2698290.221362763,2841772.1179897054,0.0,1.0,0.0,0.0,0.0,0.0,0.0,1.0,0.0,-1.0853245645102285,-0.999381467825834,-0.6748629374309711,-1.06704138479188,0.5231400427328182
MKT-01907,Campaign 1907,2024-02-23 00:00:00+00:00,2024-04-19 00:00:00+00:00,286176,2955,0.0533,1284355.42,2024,2,1,4,23,0,0,56,96.84467005076142,4.4879913759364864,0.17791666666666667,0.2520833333333333,2915925.030689836,2828093.8678722903,0.0,0.0,0.0,1.0,0.0,0.0,0.0,0.0,1.0,-0.7096274978086596,-0.7974014510337984,0.6976457611951616,-0.8673296593930225,0.6470476439996051
MKT-01908,Campaign 1908,2023-11-14 00:00:00+00:00,2023-12-01 00:00:00+00:00,349718,4374,0.0664,2065206.57,2023,11,4,1,14,0,0,17,79.95381801554642,5.905348223425732,0.15958333333333333,0.4225,2694009.023235263,2841772.1179897054,0.0,0.0,0.0,0.0,1.0,0.0,0.0,1.0,0.0,-0.4624203918807626,-0.48921903831562796,1.5039176872939213,-0.4234659151985268,-0.004626171630912549
MKT-01909,Campaign 1909,2024-06-06 00:00:00+00:00,2024-06-21 00:00:00+00:00,288396,8220,0.0447,1820379.09,2024,6,2,3,6,0,0,15,35.08467153284671,6.31208161694337,0.1675,0.4225,2698290.221362763,2841772.1179897054,0.0,1.0,0.0,0.0,0.0,0.0,0.0,1.0,0.0,-0.7009906941959322,0.3460660633856289,0.1683374738326169,-0.5626346184200088,-1.735743573613017
MKT-01910,Campaign 1910,2023-08-17 00:00:00+00:00,2023-11-13 00:00:00+00:00,111395,1041,0.0316,783021.98,2023,8,3,3,17,0,0,88,107.00768491834775,7.029238116612056,0.15833333333333333,0.4225,2745646.1699524573,2841772.1179897054,0.0,0.0,1.0,0.0,0.0,0.0,0.0,1.0,0.0,-1.3896046024195277,-1.213089356560633,-0.6379344522661423,-1.1523055318986934,1.039151645814417
MKT-01911,Campaign 1911,2024-05-03 00:00:00+00:00,2024-06-15 00:00:00+00:00,696445,10151,0.0358,3881332.51,2024,5,2,4,3,0,0,43,68.6085114767018,5.573063931825198,0.1675,0.4225,2698290.221362763,2841772.1179897054,0.0,1.0,0.0,0.0,0.0,0.0,0.0,1.0,0.0,0.8865043857003956,0.7654460767462964,-0.3794350561123418,0.6088850772500953,-0.4423447181111297
MKT-01912,Campaign 1912,2024-04-03 00:00:00+00:00,2024-05-21 00:00:00+00:00,55334,956,0.0438,362943.43,2024,4,2,2,3,0,0,48,57.88075313807531,6.559139588679654,0.16875,0.3254166666666667,2935005.225015562,2755334.291556837,0.0,0.0,0.0,0.0,0.0,1.0,1.0,0.0,0.0,-1.607707236353364,-1.2315498957297975,0.11294474608537401,-1.3910932164129501,-0.8562373503548791
MKT-01913,Campaign 1913,2024-05-29 00:00:00+00:00,2024-07-12 00:00:00+00:00,307081,3014,0.0334,2042863.75,2024,5,2,2,29,0,0,44,101.88487060384871,6.652524089735282,0.1675,0.3254166666666667,2698290.221362763,2755334.291556837,0.0,1.0,0.0,0.0,0.0,0.0,1.0,0.0,0.0,-0.6282975971221423,-0.7845876650222607,-0.5271489967716565,-0.4361663738468411,0.8415059649372102
MKT-01914,Campaign 1914,2023-08-15 00:00:00+00:00,2023-11-02 00:00:00+00:00,708102,6677,0.0615,3578261.58,2023,8,3,1,15,0,0,79,106.05092107233787,5.053313759882051,0.15833333333333333,0.3254166666666667,2745646.1699524573,2755334.291556837,0.0,0.0,1.0,0.0,0.0,0.0,1.0,0.0,0.0,0.9318553855713707,0.010952981761853726,1.2023350584478203,0.4366087122267387,1.0022382950321898
MKT-01915,Campaign 1915,2025-12-30 00:00:00+00:00,2026-02-14 00:00:00+00:00,561985,5196,0.0309,2719151.14,2025,12,4,1,30,0,0,46,108.1572363356428,4.838476365027536,0.1675,0.2520833333333333,2698290.221362763,2828093.8678722903,0.0,1.0,0.0,0.0,0.0,0.0,0.0,0.0,1.0,0.3633941993187105,-0.3106947654091191,-0.6810176849584426,-0.05174041369179338,1.0835030235193608
MKT-01916,Campaign 1916,2024-05-16 00:00:00+00:00,2024-06-08 00:00:00+00:00,173789,1667,0.0493,1205474.64,2024,5,2,3,16,0,0,23,104.25254949010198,6.936426586262651,0.17791666666666667,0.2520833333333333,2915925.030689836,2828093.8678722903,0.0,0.0,0.0,1.0,0.0,0.0,0.0,0.0,1.0,-1.1468637354769509,-1.07713291515008,0.4514558600963035,-0.9121683182792677,0.9328544848801738
MKT-01917,Campaign 1917,2024-09-10 00:00:00+00:00,2024-11-22 00:00:00+00:00,124865,2415,0.0542,557515.81,2024,9,3,1,10,0,0,73,51.70393374741201,4.464948624514476,0.15833333333333333,0.2520833333333333,2745646.1699524573,2828093.8678722903,0.0,0.0,1.0,0.0,0.0,0.0,0.0,0.0,1.0,-1.3372002129314917,-0.914680170461432,0.7530384889424045,-1.2804913109106861,-1.0945480911263932
MKT-01918,Campaign 1918,2024-09-15 00:00:00+00:00,2024-10-19 00:00:00+00:00,569681,5428,0.0422,2019884.65,2024,9,3,6,15,0,0,34,104.95228445099484,3.5456415959106935,0.16791666666666666,0.4225,2855926.099785614,2841772.1179897054,1.0,0.0,0.0,0.0,0.0,0.0,0.0,1.0,0.0,0.3933351185094992,-0.2603083526179876,0.014468785645831029,-0.44922851682277165,0.9598512847422781
MKT-01919,Campaign 1919,2024-03-31 00:00:00+00:00,2024-05-08 00:00:00+00:00,25896,454,0.0384,90642.94,2024,3,1,6,31,0,1,38,57.03964757709251,3.500267995057152,0.16875,0.4225,2935005.225015562,2841772.1179897054,0.0,0.0,0.0,0.0,0.0,1.0,0.0,1.0,0.0,-1.722234364619793,-1.3405756682347458,-0.21941162039808426,-1.5458785619136848,-0.8886884350681278
MKT-01920,Campaign 1920,2024-03-03 00:00:00+00:00,2024-03-21 00:00:00+00:00,292834,4678,0.0416,1486625.17,2024,3,1,6,3,0,0,18,62.5981188542112,5.0766822500119515,0.16791666666666666,0.4225,2855926.099785614,2841772.1179897054,1.0,0.0,0.0,0.0,0.0,0.0,0.0,1.0,0.0,-0.6837248678746327,-0.4231954629341454,-0.022459699518997858,-0.752352293255719,-0.6742344703610439
MKT-01921,Campaign 1921,2023-08-09 00:00:00+00:00,2023-10-30 00:00:00+00:00,774774,13280,0.0281,6717411.42,2023,8,3,2,9,0,0,82,58.341415662650604,8.670155968062945,0.16875,0.2520833333333333,2935005.225015562,2828093.8678722903,0.0,0.0,0.0,0.0,0.0,1.0,0.0,0.0,1.0,1.191239606502798,1.4450111009853066,-0.8533506157276431,2.2210138470209335,-0.8384643153130654
MKT-01922,Campaign 1922,2025-12-17 00:00:00+00:00,2026-02-28 00:00:00+00:00,312364,5712,0.0544,1864130.01,2025,12,4,2,17,0,0,73,54.68557422969187,5.967813224315222,0.1675,0.4225,2698290.221362763,2841772.1179897054,0.0,1.0,0.0,0.0,0.0,0.0,0.0,1.0,0.0,-0.6077443387950975,-0.19862843351160256,0.7653479839973473,-0.5377650294296439,-0.9795120333908367
MKT-01923,Campaign 1923,2025-06-01 00:00:00+00:00,2025-06-20 00:00:00+00:00,327923,3767,0.0399,1626514.24,2025,6,2,6,1,1,0,19,87.05149986726839,4.960049279861431,0.17791666666666667,0.2520833333333333,2915925.030689836,2828093.8678722903,0.0,0.0,0.0,1.0,0.0,0.0,0.0,0.0,1.0,-0.5472127949165266,-0.6210490062648383,-0.12709040748601247,-0.672834338544266,0.2692127918979785
MKT-01924,Campaign 1924,2025-02-14 00:00:00+00:00,2025-03-20 00:00:00+00:00,160582,1773,0.038,1115370.84,2025,2,1,4,14,0,0,34,90.5707839819515,6.94580239379258,0.16875,0.3254166666666667,2935005.225015562,2755334.291556837,0.0,0.0,0.0,0.0,0.0,1.0,1.0,0.0,0.0,-1.1982449360685241,-1.054111536892063,-0.2440306105079699,-0.9633865434610478,0.40499192858817873
MKT-01925,Campaign 1925,2024-12-23 00:00:00+00:00,2025-03-20 00:00:00+00:00,424245,4147,0.0245,1694534.15,2024,12,4,0,23,0,0,87,102.30166385338799,3.994234817145753,0.16791666666666666,0.4225,2855926.099785614,2841772.1179897054,1.0,0.0,0.0,0.0,0.0,0.0,0.0,1.0,0.0,-0.17247666987817561,-0.538519537037985,-1.0749215267166152,-0.6341693869304116,0.8575864590822084
MKT-01926,Campaign 1926,2024-04-09 00:00:00+00:00,2024-06-23 00:00:00+00:00,225315,4264,0.0732,1817322.86,2024,4,2,1,9,0,0,75,52.84122889305816,8.065698510973526,0.15833333333333333,0.2520833333333333,2745646.1699524573,2828093.8678722903,0.0,0.0,1.0,0.0,0.0,0.0,0.0,0.0,1.0,-0.946404301715961,-0.5131091478286645,1.9224405191619796,-0.5643718889496349,-1.0506695783363866
MKT-01927,Campaign 1927,2025-01-23 00:00:00+00:00,2025-03-06 00:00:00+00:00,37524,483,0.0557,329082.88,2025,1,1,3,23,0,0,42,77.68944099378882,8.76993071101162,0.15833333333333333,0.4225,2745646.1699524573,2841772.1179897054,0.0,0.0,1.0,0.0,0.0,0.0,0.0,1.0,0.0,-1.6769961878590744,-1.3342773666358543,0.8453597018544763,-1.4103407650699318,-0.09198915431043354
MKT-01928,Campaign 1928,2025-12-24 00:00:00+00:00,2026-03-08 00:00:00+00:00,534102,6026,0.0186,3574549.85,2025,12,4,2,24,0,0,74,88.63292399601725,6.692635208256101,0.16791666666666666,0.3254166666666667,2855926.099785614,2755334.291556837,1.0,0.0,0.0,0.0,0.0,0.0,1.0,0.0,0.0,0.25491672403326854,-0.1304330299925712,-1.4380516308374307,0.43449883203351747,0.33022645147911406
MKT-01929,Campaign 1929,2023-05-02 00:00:00+00:00,2023-06-12 00:00:00+00:00,31955,470,0.051,123739.92,2023,5,2,1,2,0,0,41,67.98936170212765,3.8723179471131277,0.15833333333333333,0.4225,2745646.1699524573,2841772.1179897054,0.0,0.0,1.0,0.0,0.0,0.0,0.0,1.0,0.0,-1.6986621154803716,-1.3371007432146678,0.5560865680633181,-1.5270650537766597,-0.46623242343246624
MKT-01930,Campaign 1930,2024-01-01 00:00:00+00:00,2024-01-23 00:00:00+00:00,548097,9974,0.0323,4593204.28,2024,1,1,0,1,1,0,22,54.952576699418486,8.380276264967698,0.17791666666666667,0.3254166666666667,2915925.030689836,2755334.291556837,0.0,0.0,0.0,1.0,0.0,0.0,1.0,0.0,0.0,0.3093636008621521,0.7270047187116832,-0.5948512195738422,1.013538472738548,-0.9692106869657569
MKT-01931,Campaign 1931,2023-07-12 00:00:00+00:00,2023-09-05 00:00:00+00:00,197959,4711,0.0275,756427.78,2023,7,3,2,12,0,0,55,42.020590108257274,3.8211335680620735,0.16875,0.2520833333333333,2935005.225015562,2828093.8678722903,0.0,0.0,0.0,0.0,0.0,1.0,0.0,0.0,1.0,-1.0528315087563995,-0.41602843008023443,-0.8902791008924718,-1.1674226271169783,-1.4681456742579742
MKT-01932,Campaign 1932,2025-01-05 00:00:00+00:00,2025-02-10 00:00:00+00:00,276641,4607,0.0303,1091111.5,2025,1,1,6,5,0,0,36,60.047970479704794,3.944142408392104,0.1675,0.4225,2698290.221362763,2841772.1179897054,0.0,1.0,0.0,0.0,0.0,0.0,0.0,1.0,0.0,-0.7467229583705322,-0.43861544271074165,-0.7179461701232712,-0.9771764206791159,-0.7726229304679587
MKT-01933,Campaign 1933,2023-12-16 00:00:00+00:00,2024-03-15 00:00:00+00:00,92899,1133,0.0503,670443.02,2023,12,4,5,16,0,0,90,81.99382171226831,7.216902442437486,0.16875,0.2520833333333333,2935005.225015562,2828093.8678722903,0.0,0.0,0.0,0.0,0.0,1.0,0.0,0.0,1.0,-1.4615624040506123,-1.1931085376951842,0.513003335371018,-1.2162994425218927,0.07408015947491182
MKT-01934,Campaign 1934,2024-06-24 00:00:00+00:00,2024-08-18 00:00:00+00:00,207672,4140,0.0397,1506937.64,2024,6,2,0,24,0,0,55,50.16231884057971,7.25633518240302,0.17791666666666667,0.3254166666666667,2915925.030689836,2755334.291556837,0.0,0.0,0.0,1.0,0.0,0.0,1.0,0.0,0.0,-1.015043547724678,-0.5400398167342692,-0.1393999025409553,-0.7408059582236985,-1.1540258526078022
MKT-01935,Campaign 1935,2023-03-15 00:00:00+00:00,2023-04-19 00:00:00+00:00,345265,3032,0.0412,1541790.13,2023,3,1,2,15,0,0,35,113.87368073878628,4.465526856182931,0.16791666666666666,0.3254166666666667,2855926.099785614,2755334.291556837,1.0,0.0,0.0,0.0,0.0,0.0,1.0,0.0,0.0,-0.4797445749832291,-0.7806783743746729,-0.0470786896288835,-0.720994555364266,1.3040518228498856
MKT-01936,Campaign 1936,2025-09-30 00:00:00+00:00,2025-12-15 00:00:00+00:00,327711,3322,0.0465,2304626.13,2025,9,3,1,30,0,1,76,98.64870559903673,7.032495491454361,0.16875,0.4225,2935005.225015562,2841772.1179897054,0.0,0.0,0.0,0.0,0.0,1.0,0.0,1.0,0.0,-0.5480375707570213,-0.7176953583857586,0.27912292932710314,-0.2873712672813166,0.7166499782588016
MKT-01937,Campaign 1937,2025-12-25 00:00:00+00:00,2026-03-16 00:00:00+00:00,903208,20448,0.057,7578868.19,2025,12,4,3,25,0,0,81,44.17097026604069,8.391055205445479,0.16791666666666666,0.3254166666666667,2855926.099785614,2755334.291556837,1.0,0.0,0.0,0.0,0.0,0.0,1.0,0.0,0.0,1.690905928663629,3.001777509980265,0.9253714197116053,2.710696710898251,-1.385180857589326
MKT-01938,Campaign 1938,2024-05-19 00:00:00+00:00,2024-08-03 00:00:00+00:00,97259,1827,0.079,765586.13,2024,5,2,6,19,0,0,76,53.234263820470716,7.871622471956323,0.15958333333333333,0.4225,2694009.023235263,2841772.1179897054,0.0,0.0,0.0,0.0,1.0,0.0,0.0,1.0,0.0,-1.4446000329913817,-1.0423836649492997,2.2794158757553236,-1.1622166931542204,-1.035505715063592
MKT-01939,Campaign 1939,2024-10-17 00:00:00+00:00,2025-01-15 00:00:00+00:00,453053,11430,0.0378,2122925.85,2024,10,4,3,17,0,0,90,39.63718285214348,4.685822298936328,0.17791666666666667,0.3254166666666667,2915925.030689836,2755334.291556837,0.0,0.0,0.0,1.0,0.0,0.0,1.0,0.0,0.0,-0.06040052642076387,1.0432228955387841,-0.2563401055629127,-0.3906562103872955,-1.5601010177513
MKT-01940,Campaign 1940,2023-02-15 00:00:00+00:00,2023-04-12 00:00:00+00:00,495477,4422,0.0352,2541729.0,2023,2,1,2,15,0,0,56,112.04816824966079,5.129862738330941,0.16791666666666666,0.3254166666666667,2855926.099785614,2755334.291556837,1.0,0.0,0.0,0.0,0.0,0.0,1.0,0.0,0.0,0.10464801252804329,-0.47879426325539387,-0.41636354127717023,-0.15259350888592874,1.233620876750225
MKT-01941,Campaign 1941,2025-07-13 00:00:00+00:00,2025-08-24 00:00:00+00:00,901018,16133,0.0437,7805658.66,2025,7,3,6,13,0,0,42,55.8493770532449,8.66315507570326,0.17791666666666667,0.4225,2915925.030689836,2841772.1179897054,0.0,0.0,0.0,1.0,0.0,0.0,0.0,1.0,0.0,1.6823858386132358,2.0646336686279705,0.10678999855790282,2.8396125320017087,-0.9346108155549824
MKT-01942,Campaign 1942,2023-12-21 00:00:00+00:00,2024-02-27 00:00:00+00:00,760608,6231,0.0533,4410421.31,2023,12,4,3,21,0,0,68,122.06836783822821,5.798547096533299,0.16791666666666666,0.2520833333333333,2855926.099785614,2828093.8678722903,1.0,0.0,0.0,0.0,0.0,0.0,0.0,0.0,1.0,1.1361274623686097,-0.08591055317282141,0.6976457611951616,0.909638089881725,1.6202148558844434
MKT-01943,Campaign 1943,2024-03-20 00:00:00+00:00,2024-04-11 00:00:00+00:00,573499,4667,0.0596,4592357.68,2024,3,1,2,20,0,0,22,122.883865438183,8.007612358521985,0.16791666666666666,0.4225,2855926.099785614,2841772.1179897054,1.0,0.0,0.0,0.0,0.0,0.0,0.0,1.0,0.0,0.40818886454255937,-0.425584473885449,1.0853948554258628,1.0130572349945357,1.6516779479470634
MKT-01944,Campaign 1944,2023-12-30 00:00:00+00:00,2024-03-26 00:00:00+00:00,586078,10285,0.0261,1977944.64,2023,12,4,5,30,0,0,87,56.98376276130287,3.3748829336709445,0.17791666666666667,0.4225,2915925.030689836,2841772.1179897054,0.0,0.0,0.0,1.0,0.0,0.0,0.0,1.0,0.0,0.4571268612292708,0.7945485737894499,-0.9764455662770719,-0.4730687197476884,-0.8908445531292839
MKT-01945,Campaign 1945,2024-09-04 00:00:00+00:00,2024-11-20 00:00:00+00:00,830806,7023,0.0808,2810059.04,2024,9,3,2,4,0,0,77,118.29787839954436,3.3823287747079345,0.16875,0.2520833333333333,2935005.225015562,2828093.8678722903,0.0,0.0,0.0,0.0,0.0,1.0,0.0,0.0,1.0,1.409229417326378,0.08609823532104116,2.390201331249809,-6.510928728715578e-05,1.474743849793163
MKT-01946,Campaign 1946,2024-03-30 00:00:00+00:00,2024-05-15 00:00:00+00:00,37737,565,0.0231,155927.9,2024,3,1,5,30,0,0,46,66.79115044247787,4.131963325118583,0.1675,0.2520833333333333,2698290.221362763,2828093.8678722903,0.0,1.0,0.0,0.0,0.0,0.0,0.0,0.0,1.0,-1.676167521566502,-1.3164683759079545,-1.1610879921012156,-1.508768253777252,-0.512461169139283
MKT-01947,Campaign 1947,2025-05-15 00:00:00+00:00,2025-06-25 00:00:00+00:00,731361,11264,0.0563,3456442.83,2025,5,2,3,15,0,0,41,64.92906605113636,4.726042036695969,0.16875,0.4225,2935005.225015562,2841772.1179897054,0.0,0.0,0.0,0.0,0.0,1.0,0.0,1.0,0.0,1.0223434104490414,1.0071705484554745,0.8822881870193052,0.36736257422964,-0.584303112802139
MKT-01948,Campaign 1948,2025-04-20 00:00:00+00:00,2025-05-14 00:00:00+00:00,264059,2260,0.054,2152932.13,2025,4,2,6,20,0,0,24,116.84026548672567,8.153223824978507,0.15958333333333333,0.4225,2694009.023235263,2841772.1179897054,0.0,0.0,0.0,0.0,1.0,0.0,0.0,1.0,0.0,-0.7956726264134769,-0.9483435065934379,0.7407289938874617,-0.37359956676174877,1.4185070082988152
MKT-01949,Campaign 1949,2023-12-24 00:00:00+00:00,2024-02-11 00:00:00+00:00,584851,6612,0.0196,2340974.84,2023,12,4,6,24,0,0,49,88.45296430732003,4.0026858806773005,0.1675,0.3254166666666667,2698290.221362763,2755334.291556837,0.0,1.0,0.0,0.0,0.0,0.0,1.0,0.0,0.0,0.45235327652980384,-0.0031639011322132774,-1.3765041555627162,-0.2667093594167513,0.32328334305873957
MKT-01950,Campaign 1950,2025-03-25 00:00:00+00:00,2025-04-18 00:00:00+00:00,443250,4586,0.0463,3456279.01,2025,3,1,1,25,0,0,24,96.652856519843,7.797583778905809,0.15958333333333333,0.2520833333333333,2694009.023235263,2828093.8678722903,0.0,0.0,0.0,0.0,1.0,0.0,0.0,0.0,1.0,-0.09853862813948809,-0.44317628179959406,0.2668134342721603,0.36726945307770975,0.6396471969811501
MKT-01951,Campaign 1951,2025-07-19 00:00:00+00:00,2025-08-13 00:00:00+00:00,435239,6013,0.0141,3078361.65,2025,7,3,5,19,0,0,25,72.38300349243306,7.072807468999791,0.16875,0.3254166666666667,2935005.225015562,2755334.291556837,0.0,0.0,0.0,0.0,0.0,1.0,1.0,0.0,0.0,-0.12970503973478542,-0.1332564065713846,-1.7150152695736456,0.15244769811749861,-0.29671928673381903
MKT-01952,Campaign 1952,2023-05-05 00:00:00+00:00,2023-06-17 00:00:00+00:00,838969,10230,0.0287,4890290.39,2023,5,2,4,5,0,0,43,82.01065493646139,5.8289285897333505,0.15958333333333333,0.3254166666666667,2694009.023235263,2755334.291556837,0.0,0.0,0.0,0.0,1.0,0.0,1.0,0.0,0.0,1.4409871776375018,0.7826035190329317,-0.8164221305628144,1.182412851847521,0.07472960992397129
MKT-01953,Campaign 1953,2023-07-11 00:00:00+00:00,2023-09-16 00:00:00+00:00,811971,7757,0.0409,4983390.24,2023,7,3,1,11,0,0,67,104.67590563362124,6.137399291354002,0.17791666666666667,0.2520833333333333,2915925.030689836,2828093.8678722903,0.0,0.0,0.0,1.0,0.0,0.0,0.0,0.0,1.0,1.3359527524409174,0.2455104206171209,-0.06554293221129794,1.2353341390927868,0.9491881850891759
MKT-01954,Campaign 1954,2023-03-07 00:00:00+00:00,2023-03-30 00:00:00+00:00,171695,3410,0.0443,1107241.83,2023,3,1,1,7,0,0,23,50.35043988269795,6.448888028189523,0.16875,0.4225,2935005.225015562,2841772.1179897054,0.0,0.0,0.0,0.0,0.0,1.0,0.0,1.0,0.0,-1.155010342127875,-0.6985832707753294,0.14371848372273127,-0.9680073637226233,-1.146767867216539
MKT-01955,Campaign 1955,2026-01-01 00:00:00+00:00,2026-01-27 00:00:00+00:00,374412,3022,0.0619,1836350.81,2026,1,1,3,1,1,0,26,123.89543348775645,4.904625946817944,0.16791666666666666,0.4225,2855926.099785614,2841772.1179897054,1.0,0.0,0.0,0.0,0.0,0.0,0.0,1.0,0.0,-0.3663495682714414,-0.7828502025122217,1.2269540485577057,-0.5535557210649545,1.690705725187731
MKT-01956,Campaign 1956,2023-08-06 00:00:00+00:00,2023-10-27 00:00:00+00:00,84867,792,0.0309,650379.57,2023,8,3,6,6,0,0,82,107.15530303030303,7.663515500724663,0.16875,0.4225,2935005.225015562,2841772.1179897054,0.0,0.0,0.0,0.0,0.0,1.0,0.0,1.0,0.0,-1.4928105151395437,-1.2671678771855974,-0.6810176849584426,-1.2277042256722526,1.044846968825566
MKT-01957,Campaign 1957,2025-10-02 00:00:00+00:00,2025-12-25 00:00:00+00:00,230486,3899,0.0478,954136.88,2025,10,4,3,2,0,0,84,59.11413182867402,4.139673906441172,0.15833333333333333,0.4225,2745646.1699524573,2841772.1179897054,0.0,0.0,1.0,0.0,0.0,0.0,0.0,1.0,0.0,-0.9262867740216304,-0.5923808748491945,0.3591346471842321,-1.055037697687952,-0.8086517936438201
MKT-01958,Campaign 1958,2024-05-31 00:00:00+00:00,2024-07-26 00:00:00+00:00,495660,5057,0.0568,2048418.79,2024,5,2,4,31,0,1,56,98.0146331817283,4.132709498446516,0.16875,0.2520833333333333,2935005.225015562,2828093.8678722903,0.0,0.0,0.0,0.0,0.0,1.0,0.0,0.0,1.0,0.10535996525828163,-0.340883176521047,0.9130619246566625,-0.43300869026841493,0.6921865355199764
MKT-01959,Campaign 1959,2023-12-29 00:00:00+00:00,2024-01-29 00:00:00+00:00,229489,6342,0.0411,1528057.72,2023,12,4,4,29,0,0,31,36.18558814254178,6.658522717864472,0.15833333333333333,0.4225,2745646.1699524573,2841772.1179897054,0.0,0.0,1.0,0.0,0.0,0.0,0.0,1.0,0.0,-0.9301655547432022,-0.061803260846030064,-0.053233437156355125,-0.7288005487593118,-1.6932685980324338
MKT-01960,Campaign 1960,2024-10-23 00:00:00+00:00,2025-01-04 00:00:00+00:00,522600,5093,0.0419,2609800.88,2024,10,4,2,23,0,0,73,102.61142744944041,4.993878453884424,0.16791666666666666,0.4225,2855926.099785614,2841772.1179897054,1.0,0.0,0.0,0.0,0.0,0.0,0.0,1.0,0.0,0.2101687442343533,-0.33306459522587145,-0.0039954569365834155,-0.11389901566381033,0.8695375924034909
MKT-01961,Campaign 1961,2026-02-05 00:00:00+00:00,2026-03-02 00:00:00+00:00,527470,4940,0.0187,1729015.93,2026,2,1,3,5,0,0,25,106.7753036437247,3.2779417407625075,0.1675,0.3254166666666667,2698290.221362763,2755334.291556837,0.0,1.0,0.0,0.0,0.0,0.0,1.0,0.0,0.0,0.22911524585326457,-0.3662935657303676,-1.431896883309959,-0.614568708904528,1.0301860358144617
MKT-01962,Campaign 1962,2024-06-12 00:00:00+00:00,2024-09-11 00:00:00+00:00,903804,18987,0.0161,6145142.75,2024,6,2,2,12,0,0,91,47.60120082161479,6.799198443467832,0.16875,0.2520833333333333,2935005.225015562,2828093.8678722903,0.0,0.0,0.0,0.0,0.0,1.0,0.0,0.0,1.0,1.6932246381020009,2.6844734190843895,-1.5919203190242168,1.8957158506596496,-1.2528375376678151
MKT-01963,Campaign 1963,2023-03-15 00:00:00+00:00,2023-04-02 00:00:00+00:00,694060,11111,0.0285,5350740.68,2023,3,1,2,15,0,0,18,62.4660246602466,7.709334466760798,0.16875,0.4225,2935005.225015562,2841772.1179897054,0.0,0.0,0.0,0.0,0.0,1.0,0.0,1.0,0.0,0.8772256574948303,0.9739415779509784,-0.8287316256177573,1.444149278482535,-0.6793308578744789
MKT-01964,Campaign 1964,2025-07-22 00:00:00+00:00,2025-09-05 00:00:00+00:00,506066,5418,0.0643,3503073.89,2025,7,3,1,22,0,0,45,93.40457733480989,6.92216803737062,0.15958333333333333,0.3254166666666667,2694009.023235263,2755334.291556837,0.0,0.0,0.0,0.0,1.0,0.0,1.0,0.0,0.0,0.14584400957992238,-0.2624801807555364,1.3746679892170206,0.3938693378904968,0.5143238274832436
MKT-01965,Campaign 1965,2025-04-26 00:00:00+00:00,2025-06-07 00:00:00+00:00,139945,1419,0.0643,819476.81,2025,4,2,5,26,0,0,42,98.62226920366456,5.855706241737826,0.17791666666666667,0.2520833333333333,2915925.030689836,2828093.8678722903,0.0,0.0,0.0,1.0,0.0,0.0,0.0,0.0,1.0,-1.2785321955981896,-1.1309942529612895,1.3746679892170206,-1.131583301627567,0.7156300233975676
MKT-01966,Campaign 1966,2024-08-06 00:00:00+00:00,2024-10-21 00:00:00+00:00,33216,806,0.062,234791.5,2024,8,3,1,6,0,0,76,41.21091811414392,7.0686265655105975,0.1675,0.4225,2698290.221362763,2841772.1179897054,0.0,1.0,0.0,0.0,0.0,0.0,0.0,1.0,0.0,-1.6937562554102592,-1.264127317793029,1.2331087960851774,-1.4639393606179643,-1.4993840059130592
MKT-01967,Campaign 1967,2023-12-15 00:00:00+00:00,2024-03-15 00:00:00+00:00,737843,10053,0.0479,4178968.52,2023,12,4,4,15,0,0,91,73.3953048841142,5.663763863044035,0.1675,0.4225,2698290.221362763,2841772.1179897054,0.0,1.0,0.0,0.0,0.0,0.0,0.0,1.0,0.0,1.0475613208173746,0.7441621609983184,0.3652893947117033,0.7780720392027165,-0.25766321608033343
MKT-01968,Campaign 1968,2025-04-30 00:00:00+00:00,2025-07-10 00:00:00+00:00,621665,7949,0.0504,4229805.68,2025,4,2,2,30,0,1,71,78.20669266574411,6.803995206421464,0.17791666666666667,0.3254166666666667,2915925.030689836,2755334.291556837,0.0,0.0,0.0,1.0,0.0,0.0,1.0,0.0,0.0,0.5955763793221239,0.28720952085805723,0.5191580828984896,0.8069697006607479,-0.07203282706290284
MKT-01969,Campaign 1969,2025-11-09 00:00:00+00:00,2025-12-06 00:00:00+00:00,828372,8592,0.0354,4584945.13,2025,11,4,6,9,0,0,27,96.41201117318435,5.534886657202319,0.15833333333333333,0.3254166666666667,2745646.1699524573,2755334.291556837,0.0,0.0,1.0,0.0,0.0,0.0,1.0,0.0,0.0,1.3997600569690003,0.42685807010244314,-0.4040540462222274,1.0088436762426165,0.6303550306826905
MKT-01970,Campaign 1970,2026-02-10 00:00:00+00:00,2026-03-15 00:00:00+00:00,203422,3059,0.036,1483602.84,2026,2,1,1,10,0,0,33,66.4995096436744,7.293227084582789,0.1675,0.3254166666666667,2698290.221362763,2755334.291556837,0.0,1.0,0.0,0.0,0.0,0.0,1.0,0.0,0.0,-1.03157796905535,-0.7748144384032912,-0.36712556105739896,-0.7540702938118957,-0.5237130983938613
MKT-01971,Campaign 1971,2023-10-23 00:00:00+00:00,2023-11-06 00:00:00+00:00,506983,7525,0.0095,4333494.25,2023,10,4,0,23,0,0,14,67.3731561461794,8.547612543221371,0.15958333333333333,0.3254166666666667,2694009.023235263,2755334.291556837,0.0,0.0,0.0,0.0,1.0,0.0,1.0,0.0,0.0,0.14941155413526974,0.1951240078259894,-1.9981336558373322,0.8659099953768064,-0.49000653648610726
MKT-01972,Campaign 1972,2025-01-25 00:00:00+00:00,2025-02-17 00:00:00+00:00,752201,13791,0.0454,5550392.1,2025,1,1,5,25,0,0,23,54.54289029076934,7.378868281217387,0.15833333333333333,0.2520833333333333,2745646.1699524573,2828093.8678722903,0.0,0.0,1.0,0.0,0.0,0.0,0.0,0.0,1.0,1.1034204317505014,1.5559915188140487,0.21142070652491743,1.557638292124825,-0.9850169887781067
MKT-01973,Campaign 1973,2024-08-13 00:00:00+00:00,2024-09-14 00:00:00+00:00,333982,2858,0.0495,2184064.26,2024,8,3,1,13,0,0,32,116.85864240727781,6.539466977262247,0.1675,0.2520833333333333,2698290.221362763,2828093.8678722903,0.0,1.0,0.0,0.0,0.0,0.0,0.0,0.0,1.0,-0.5236405457771051,-0.8184681839680215,0.4637653551512467,-0.355902949696448,1.4192160168148324
MKT-01974,Campaign 1974,2024-12-12 00:00:00+00:00,2024-12-26 00:00:00+00:00,416155,9559,0.0321,1671795.88,2024,12,4,3,12,0,0,14,43.535411653938695,4.017243286756136,0.15833333333333333,0.3254166666666667,2745646.1699524573,2755334.291556837,0.0,0.0,1.0,0.0,0.0,0.0,1.0,0.0,0.0,-0.20395042718761958,0.6368738510034092,-0.6071607146287854,-0.6470946335138422,-1.4097016399004756
MKT-01975,Campaign 1975,2023-05-06 00:00:00+00:00,2023-06-08 00:00:00+00:00,722279,9138,0.0566,2676516.85,2023,5,2,5,6,0,0,33,79.04125629240534,3.7056550861924547,0.15958333333333333,0.4225,2694009.023235263,2841772.1179897054,0.0,0.0,0.0,0.0,1.0,0.0,0.0,1.0,0.0,0.9870103246784148,0.545439886412606,0.9007524296017192,-0.0759752702204339,-0.03983413975933259
MKT-01976,Campaign 1976,2025-05-29 00:00:00+00:00,2025-08-15 00:00:00+00:00,796350,16639,0.0617,2623911.12,2025,5,2,3,29,0,0,78,47.86044834425146,3.2949219815407798,0.15958333333333333,0.2520833333333333,2694009.023235263,2828093.8678722903,0.0,0.0,0.0,0.0,1.0,0.0,0.0,0.0,1.0,1.2751800005335225,2.174528172387938,1.214644553502763,-0.10587825017235522,-1.24283538846201
MKT-01977,Campaign 1977,2024-10-20 00:00:00+00:00,2024-11-18 00:00:00+00:00,452384,11995,0.024,2697189.68,2024,10,4,6,20,0,0,29,37.71438099208003,5.962168600127326,0.16791666666666666,0.3254166666666667,2855926.099785614,2755334.291556837,1.0,0.0,0.0,0.0,0.0,0.0,1.0,0.0,0.0,-0.06300323886081553,1.1659311853102896,-1.1056952643539724,-0.06422409366534229,-1.6342855303049946
MKT-01978,Campaign 1978,2024-08-03 00:00:00+00:00,2024-11-01 00:00:00+00:00,176350,1808,0.079,832463.72,2024,8,3,5,3,0,0,90,97.53871681415929,4.720520102069748,0.17791666666666667,0.2520833333333333,2915925.030689836,2828093.8678722903,0.0,0.0,0.0,1.0,0.0,0.0,0.0,0.0,1.0,-1.136900287705692,-1.0465101384106423,2.2794158757553236,-1.1242010771176627,0.6738249848694756
MKT-01979,Campaign 1979,2024-01-23 00:00:00+00:00,2024-02-23 00:00:00+00:00,798664,16002,0.0507,3314410.15,2024,1,1,1,23,0,0,31,49.91026121734783,4.149943092464415,0.15833333333333333,0.4225,2745646.1699524573,2841772.1179897054,0.0,0.0,1.0,0.0,0.0,0.0,0.0,1.0,0.0,1.2841825066415637,2.0361827200260816,0.537622325480904,0.2866261148637561,-1.1637506049617876
MKT-01980,Campaign 1980,2025-11-21 00:00:00+00:00,2026-01-04 00:00:00+00:00,556174,6362,0.0668,2584880.0,2025,11,4,4,21,0,0,44,87.42125117887457,4.647610280236041,0.15958333333333333,0.4225,2694009.023235263,2841772.1179897054,0.0,0.0,0.0,0.0,1.0,0.0,0.0,1.0,0.0,0.3407867822945846,-0.05745960457093253,1.528536677403807,-0.12806493589767523,0.2834783391638255
MKT-01981,Campaign 1981,2025-08-08 00:00:00+00:00,2025-10-10 00:00:00+00:00,416500,4566,0.031,3583706.49,2025,8,3,4,8,0,0,63,91.21769601401664,8.60433731092437,0.15833333333333333,0.2520833333333333,2745646.1699524573,2828093.8678722903,0.0,0.0,1.0,0.0,0.0,0.0,0.0,0.0,1.0,-0.2026082212207768,-0.4475199380746916,-0.6748629374309711,0.4397037939710662,0.4299507424736039
MKT-01982,Campaign 1982,2024-12-28 00:00:00+00:00,2025-02-21 00:00:00+00:00,651381,5302,0.0652,2893026.29,2024,12,4,5,28,0,0,55,122.85571482459449,4.441373466527271,0.17791666666666667,0.3254166666666667,2915925.030689836,2755334.291556837,0.0,0.0,0.0,1.0,0.0,0.0,1.0,0.0,0.0,0.7111850532661828,-0.28767338715110213,1.4300607169642634,0.04709644542198205,1.6505918560358135
MKT-01983,Campaign 1983,2025-01-12 00:00:00+00:00,2025-02-08 00:00:00+00:00,355621,4819,0.0526,2189722.93,2025,1,1,6,12,0,0,27,73.79560074704295,6.157462382705184,0.17791666666666667,0.4225,2915925.030689836,2841772.1179897054,0.0,0.0,0.0,1.0,0.0,0.0,0.0,1.0,0.0,-0.4394550532654786,-0.3925726861947077,0.6545625285028616,-0.3526863591165901,-0.24221921527847728
MKT-01984,Campaign 1984,2025-11-02 00:00:00+00:00,2025-12-01 00:00:00+00:00,57019,1364,0.0373,495651.46,2025,11,4,6,2,0,0,29,41.80278592375367,8.69274206843333,0.16791666666666666,0.3254166666666667,2855926.099785614,2755334.291556837,1.0,0.0,0.0,0.0,0.0,0.0,1.0,0.0,0.0,-1.6011518246022622,-1.1429393077178078,-0.28711384320027,-1.315657221882526,-1.4765488787665353
MKT-01985,Campaign 1985,2025-04-25 00:00:00+00:00,2025-05-28 00:00:00+00:00,516211,6754,0.0244,2043153.41,2025,4,2,4,25,0,0,33,76.43041160793604,3.9579811549928223,0.16791666666666666,0.4225,2855926.099785614,2841772.1179897054,1.0,0.0,0.0,0.0,0.0,0.0,0.0,1.0,0.0,0.18531264590925597,0.027676058420979255,-1.0810762742440865,-0.43600172073447346,-0.14056435242116563
MKT-01986,Campaign 1986,2024-07-14 00:00:00+00:00,2024-09-26 00:00:00+00:00,445850,9479,0.0422,2030447.39,2024,7,3,6,14,0,0,74,47.03555227344657,4.554104272737468,0.15958333333333333,0.4225,2694009.023235263,2841772.1179897054,0.0,0.0,0.0,0.0,1.0,0.0,0.0,1.0,0.0,-0.08842345273719461,0.6194992259030191,0.014468785645831029,-0.4432242773139319,-1.274661087298238
MKT-01987,Campaign 1987,2024-03-29 00:00:00+00:00,2024-06-04 00:00:00+00:00,856637,10492,0.0545,5574022.53,2024,3,1,4,29,0,0,67,81.64668318719023,6.50686642066593,0.1675,0.4225,2698290.221362763,2841772.1179897054,0.0,1.0,0.0,0.0,0.0,0.0,0.0,1.0,0.0,1.5097236849481637,0.8395054162367095,0.771502731524819,1.5710706743870861,0.060687046639730756
MKT-01988,Campaign 1988,2023-09-22 00:00:00+00:00,2023-10-07 00:00:00+00:00,631340,8079,0.0432,4588801.23,2023,9,3,4,22,0,0,15,78.14581012501547,7.268351807267083,0.15958333333333333,0.3254166666666667,2694009.023235263,2755334.291556837,0.0,0.0,0.0,0.0,1.0,0.0,1.0,0.0,0.0,0.6332165031748891,0.31544328664619126,0.07601626092054556,1.0110356215115561,-0.07438176467358089
MKT-01989,Campaign 1989,2025-03-26 00:00:00+00:00,2025-04-29 00:00:00+00:00,848978,11185,0.0434,6773379.39,2025,3,1,2,26,0,0,34,75.90326329906124,7.978274336908612,0.15958333333333333,0.2520833333333333,2694009.023235263,2828093.8678722903,0.0,0.0,0.0,0.0,1.0,0.0,0.0,0.0,1.0,1.479926712484254,0.9900131061688392,0.08832575597548838,2.2528280445400957,-0.1609025064190461
MKT-01990,Campaign 1990,2025-08-26 00:00:00+00:00,2025-09-19 00:00:00+00:00,580045,5456,0.0342,4003285.44,2025,8,3,1,26,0,0,24,106.31323313782991,6.901680800627537,0.16791666666666666,0.2520833333333333,2855926.099785614,2828093.8678722903,1.0,0.0,0.0,0.0,0.0,0.0,0.0,0.0,1.0,0.4336557638438721,-0.25422723383285106,-0.4779110165518848,0.6782074879621617,1.0123586787907315
MKT-01991,Campaign 1991,2023-09-07 00:00:00+00:00,2023-11-18 00:00:00+00:00,380197,5544,0.0208,1275508.14,2023,9,3,3,7,0,0,72,68.57810245310246,3.354861137778572,0.1675,0.2520833333333333,2698290.221362763,2828093.8678722903,0.0,1.0,0.0,0.0,0.0,0.0,0.0,0.0,1.0,-0.3438433030013384,-0.2351151462224219,-1.3026471852330588,-0.8723587700330429,-0.4435179427890364
MKT-01992,Campaign 1992,2023-07-27 00:00:00+00:00,2023-10-22 00:00:00+00:00,113929,1101,0.0448,502434.16,2023,7,3,3,27,0,0,87,103.47774750227066,4.410063811672182,0.16791666666666666,0.4225,2855926.099785614,2841772.1179897054,1.0,0.0,0.0,0.0,0.0,0.0,0.0,1.0,0.0,-1.3797461968543694,-1.2000583877353403,0.17449222136008855,-1.3118016924160611,0.9029614891499722
MKT-01993,Campaign 1993,2024-07-22 00:00:00+00:00,2024-08-08 00:00:00+00:00,807128,7659,0.0271,5060391.06,2024,7,3,0,22,0,0,17,105.38294816555685,6.269626453301087,0.16791666666666666,0.4225,2855926.099785614,2841772.1179897054,1.0,0.0,0.0,0.0,0.0,0.0,0.0,1.0,0.0,1.3171112930281068,0.22422650486914295,-0.9148980910023576,1.2791041614219416,0.9764669217472748
MKT-01994,Campaign 1994,2026-01-11 00:00:00+00:00,2026-02-17 00:00:00+00:00,48065,708,0.0572,187149.09,2026,1,1,6,11,0,0,37,67.88841807909604,3.8936667013419326,0.1675,0.2520833333333333,2698290.221362763,2828093.8678722903,0.0,1.0,0.0,0.0,0.0,0.0,0.0,0.0,1.0,-1.63598693250693,-1.285411233541007,0.937680914766548,-1.4910210118200522,-0.4701269762855392
MKT-01995,Campaign 1995,2024-09-15 00:00:00+00:00,2024-12-11 00:00:00+00:00,885631,13974,0.0554,3503101.65,2024,9,3,6,15,0,0,87,63.37705739229999,3.955486709476068,0.15833333333333333,0.3254166666666667,2745646.1699524573,2755334.291556837,0.0,0.0,1.0,0.0,0.0,0.0,1.0,0.0,0.0,1.6225234524920473,1.5957359737311911,0.8268954592720619,0.3938851176681647,-0.6441818804621048
MKT-01996,Campaign 1996,2025-11-18 00:00:00+00:00,2026-01-13 00:00:00+00:00,213874,5814,0.0687,1657499.39,2025,11,4,1,18,0,0,56,36.786033711730305,7.749887270074903,0.15958333333333333,0.4225,2694009.023235263,2841772.1179897054,0.0,0.0,0.0,0.0,1.0,0.0,0.0,1.0,0.0,-0.9909149639381302,-0.17647578650860513,1.6454768804257642,-0.6552212701721082,-1.6701025283554436
MKT-01997,Campaign 1997,2024-01-06 00:00:00+00:00,2024-02-25 00:00:00+00:00,560644,5337,0.036,4156944.69,2024,1,1,5,6,0,0,50,105.04852913621885,7.4145887408052165,0.16875,0.4225,2935005.225015562,2841772.1179897054,0.0,0.0,0.0,0.0,0.0,1.0,0.0,1.0,0.0,0.35817710308237377,-0.2800719886696814,-0.36712556105739896,0.7655529058886359,0.9635645456910642
MKT-01998,Campaign 1998,2024-03-14 00:00:00+00:00,2024-05-01 00:00:00+00:00,234552,2318,0.0413,1014491.86,2024,3,1,3,14,0,0,48,101.18723037100949,4.325232187318804,0.15833333333333333,0.4225,2745646.1699524573,2841772.1179897054,0.0,0.0,1.0,0.0,0.0,0.0,0.0,1.0,0.0,-0.9104681958732745,-0.935746903395655,-0.04092394210141188,-1.0207297666519488,0.8145899827520693
MKT-01999,Campaign 1999,2024-05-18 00:00:00+00:00,2024-06-15 00:00:00+00:00,441924,9096,0.0185,2634764.33,2024,5,2,5,18,0,0,28,48.5844327176781,5.962030416994778,0.16791666666666666,0.3254166666666667,2855926.099785614,2755334.291556837,1.0,0.0,0.0,0.0,0.0,0.0,1.0,0.0,0.0,-0.10369736759465777,0.5363182082349012,-1.4442063783649022,-0.09970889711815388,-1.2149030107403789
MKT-02000,Campaign 2000,2025-09-20 00:00:00+00:00,2025-10-17 00:00:00+00:00,557470,11349,0.0331,4840732.95,2025,9,3,5,20,0,0,27,49.12062736805005,8.68339632625971,0.15833333333333333,0.3254166666666667,2745646.1699524573,2755334.291556837,0.0,0.0,1.0,0.0,0.0,0.0,1.0,0.0,0.0,0.34582880818742007,1.025631087624639,-0.5456132393540709,1.1542426290450138,-1.1942158356351762
MKT-02001,Campaign 2001,2025-10-03 00:00:00+00:00,2025-11-16 00:00:00+00:00,694466,6671,0.0419,4522194.29,2025,10,4,4,3,0,0,44,104.10223354819368,6.511757652642462,0.16875,0.2520833333333333,2935005.225015562,2828093.8678722903,0.0,0.0,0.0,0.0,0.0,1.0,0.0,0.0,1.0,0.8788051810384192,0.009649884879324465,-0.0039954569365834155,0.9731738526229039,0.927055075637274
MKT-02002,Campaign 2002,2025-11-12 00:00:00+00:00,2026-01-20 00:00:00+00:00,39482,848,0.0433,286352.28,2025,11,4,2,12,0,0,69,46.55896226415094,7.252729851577935,0.1675,0.3254166666666667,2698290.221362763,2755334.291556837,0.0,1.0,0.0,0.0,0.0,0.0,1.0,0.0,0.0,-1.669378682690732,-1.2550056396153242,0.08217100844801675,-1.4346303676499845,-1.2930486280333975
MKT-02003,Campaign 2003,2024-07-06 00:00:00+00:00,2024-09-14 00:00:00+00:00,884761,8292,0.0359,6072366.21,2024,7,3,5,6,0,0,70,106.70055475156778,6.863284220258352,0.15833333333333333,0.2520833333333333,2745646.1699524573,2828093.8678722903,0.0,0.0,1.0,0.0,0.0,0.0,0.0,0.0,1.0,1.6191387591843567,0.3617032259759801,-0.37328030858487016,1.8543470602904217,1.0273021140522856
MKT-02004,Campaign 2004,2024-03-09 00:00:00+00:00,2024-06-01 00:00:00+00:00,263828,4804,0.032,1463700.88,2024,3,1,5,9,0,0,84,54.91840133222315,5.54793607956699,0.17791666666666667,0.4225,2915925.030689836,2841772.1179897054,0.0,0.0,0.0,1.0,0.0,0.0,0.0,1.0,0.0,-0.79657132084345,-0.3958304284010309,-0.6133154621562567,-0.7653832802657278,-0.9705292226970704
MKT-02005,Campaign 2005,2025-06-06 00:00:00+00:00,2025-08-04 00:00:00+00:00,652636,8320,0.0459,5074817.25,2025,6,2,4,6,0,0,59,78.44182692307692,7.77587698196238,0.15958333333333333,0.3254166666666667,2694009.023235263,2755334.291556837,0.0,0.0,0.0,0.0,1.0,0.0,1.0,0.0,0.0,0.7160675706238283,0.3677843447611166,0.2421944441622747,1.2873045242028138,-0.06296100295704654
MKT-02006,Campaign 2006,2025-10-19 00:00:00+00:00,2025-12-16 00:00:00+00:00,228283,4387,0.0372,830542.24,2025,10,4,6,19,0,0,58,52.036243446546614,3.638213270370549,0.16875,0.4225,2935005.225015562,2841772.1179897054,0.0,0.0,0.0,0.0,0.0,1.0,0.0,1.0,0.0,-0.9348574399490353,-0.4863956617368146,-0.2932685907277416,-1.1252933151289597,-1.0817270961194756
MKT-02007,Campaign 2007,2024-08-28 00:00:00+00:00,2024-10-04 00:00:00+00:00,892332,15397,0.063,5883695.44,2024,8,3,2,28,0,0,37,57.954926284341106,6.593616994571527,0.16875,0.2520833333333333,2935005.225015562,2828093.8678722903,0.0,0.0,0.0,0.0,0.0,1.0,0.0,0.0,1.0,1.6485933718654198,1.9047871177043811,1.294656271359892,1.747099841160043,-0.8533756417126167
MKT-02008,Campaign 2008,2025-02-09 00:00:00+00:00,2025-03-15 00:00:00+00:00,772200,8868,0.046,4251444.31,2025,2,1,6,9,0,0,34,87.07713125845737,5.505625887075887,0.17791666666666667,0.3254166666666667,2915925.030689836,2755334.291556837,0.0,0.0,0.0,1.0,0.0,0.0,1.0,0.0,0.0,1.1812255828545273,0.4868005266987892,0.2483491916897459,0.8192698725066103,0.2702016885185407
MKT-02009,Campaign 2009,2023-01-19 00:00:00+00:00,2023-03-27 00:00:00+00:00,149508,1338,0.0335,1211431.41,2023,1,1,3,19,0,0,67,111.73991031390135,8.10278653985071,0.16875,0.4225,2935005.225015562,2841772.1179897054,0.0,0.0,0.0,0.0,0.0,1.0,0.0,1.0,0.0,-1.2413278023781387,-1.1485860608754346,-0.5209942492441848,-0.9087822769889329,1.22172783400875
MKT-02010,Campaign 2010,2023-12-30 00:00:00+00:00,2024-03-19 00:00:00+00:00,338155,3831,0.0593,2254733.08,2023,12,4,5,30,0,0,80,88.26807622030802,6.667750232881371,0.15833333333333333,0.2520833333333333,2745646.1699524573,2828093.8678722903,0.0,0.0,1.0,0.0,0.0,0.0,0.0,0.0,1.0,-0.5074056892564239,-0.6071493061845262,1.0669306128434484,-0.3157322628209699,0.31615008981156484
MKT-02011,Campaign 2011,2025-07-06 00:00:00+00:00,2025-09-21 00:00:00+00:00,399134,7393,0.0259,1885380.88,2025,7,3,6,6,0,0,77,53.98809684837008,4.723678964959136,0.15958333333333333,0.3254166666666667,2694009.023235263,2755334.291556837,0.0,0.0,0.0,0.0,1.0,0.0,1.0,0.0,0.0,-0.27016981200394163,0.16645587641034565,-0.988755061332015,-0.5256852742476346,-1.0064217325258673
MKT-02012,Campaign 2012,2024-06-17 00:00:00+00:00,2024-07-23 00:00:00+00:00,668164,7879,0.0357,4994095.22,2024,6,2,0,17,0,0,36,84.80314760756441,7.474355427709364,0.15958333333333333,0.2520833333333333,2694009.023235263,2828093.8678722903,0.0,0.0,0.0,0.0,1.0,0.0,0.0,0.0,1.0,0.7764785104879872,0.27200672389521585,-0.385589803639813,1.2414192329091012,0.18246806801382673
MKT-02013,Campaign 2013,2026-01-22 00:00:00+00:00,2026-03-15 00:00:00+00:00,838323,16511,0.0252,4538115.68,2026,1,1,3,22,0,0,52,50.773605475137785,5.4133259853302365,0.15958333333333333,0.3254166666666667,2694009.023235263,2755334.291556837,0.0,0.0,0.0,0.0,1.0,0.0,1.0,0.0,0.0,1.4384739455952396,2.146728772227314,-1.0318382940243152,0.9822241406043978,-1.130441518747327
MKT-02014,Campaign 2014,2025-11-22 00:00:00+00:00,2026-02-07 00:00:00+00:00,762243,9357,0.0379,5755464.2,2025,11,4,5,22,0,0,77,81.46232766912472,7.550694725960095,0.1675,0.4225,2698290.221362763,2841772.1179897054,0.0,1.0,0.0,0.0,0.0,0.0,0.0,1.0,0.0,1.142488351515821,0.593002922624924,-0.2501853580354411,1.6742086143121309,0.053574340682694274
MKT-02015,Campaign 2015,2025-10-24 00:00:00+00:00,2025-11-26 00:00:00+00:00,292242,5321,0.064,1120620.92,2025,10,4,4,24,0,0,33,54.922383010712274,3.8345649153783508,0.15958333333333333,0.3254166666666667,2694009.023235263,2755334.291556837,0.0,0.0,0.0,0.0,1.0,0.0,1.0,0.0,0.0,-0.6860280155046934,-0.2835469136897595,1.3562037466346064,-0.9604022100626523,-0.9703756037080334
MKT-02016,Campaign 2016,2025-01-04 00:00:00+00:00,2025-03-25 00:00:00+00:00,656580,6228,0.045,3446496.36,2025,1,1,5,4,0,0,80,105.42389210019267,5.2491643973316275,0.15833333333333333,0.4225,2745646.1699524573,2841772.1179897054,0.0,0.0,1.0,0.0,0.0,0.0,0.0,1.0,0.0,0.7314115136186919,-0.08656210161408605,0.18680171641503135,0.3617086446481592,0.9780465987259981
MKT-02017,Campaign 2017,2025-08-10 00:00:00+00:00,2025-09-13 00:00:00+00:00,829866,7423,0.0144,5296224.58,2025,8,3,6,10,0,0,34,111.79657820288293,6.382023820713224,0.16875,0.3254166666666667,2935005.225015562,2755334.291556837,0.0,0.0,0.0,0.0,0.0,1.0,1.0,0.0,0.0,1.405572392373241,0.17297136082299197,-1.6965510269912314,1.4131603758409992,1.2239141641808078
MKT-02018,Campaign 2018,2025-01-15 00:00:00+00:00,2025-04-05 00:00:00+00:00,119434,1309,0.0359,466073.16,2025,1,1,2,15,0,0,80,91.24064171122994,3.902349079826515,0.1675,0.2520833333333333,2698290.221362763,2828093.8678722903,0.0,1.0,0.0,0.0,0.0,0.0,0.0,0.0,1.0,-1.3583292581660518,-1.154884362474326,-0.37328030858487016,-1.3324705863565465,0.4308360210861996
MKT-02019,Campaign 2019,2024-04-19 00:00:00+00:00,2024-07-08 00:00:00+00:00,209009,2963,0.0463,1258874.58,2024,4,2,4,19,0,0,80,70.53965575430307,6.023063982890689,0.15833333333333333,0.2520833333333333,2745646.1699524573,2828093.8678722903,0.0,0.0,1.0,0.0,0.0,0.0,0.0,0.0,1.0,-1.0098420132966524,-0.7956639885237594,0.2668134342721603,-0.8818138809346323,-0.36783834286767175
MKT-02020,Campaign 2020,2025-04-15 00:00:00+00:00,2025-06-24 00:00:00+00:00,684536,6198,0.0466,5569631.26,2025,4,2,1,15,0,0,70,110.44465956760246,8.136359899260228,0.1675,0.2520833333333333,2698290.221362763,2828093.8678722903,0.0,1.0,0.0,0.0,0.0,0.0,0.0,0.0,1.0,0.8401729919058136,-0.09307758602673236,0.2852776768545748,1.5685745193337586,1.1717551627498293
MKT-02021,Campaign 2021,2024-05-27 00:00:00+00:00,2024-06-28 00:00:00+00:00,361898,5345,0.0392,1287696.01,2024,5,2,0,27,0,0,32,67.70776426566884,3.558173877722452,0.17791666666666667,0.2520833333333333,2915925.030689836,2828093.8678722903,0.0,0.0,0.0,1.0,0.0,0.0,0.0,0.0,1.0,-0.4150346855730955,-0.27833452615964244,-0.17017364017831255,-0.8654307484607421,-0.4770968650548482
MKT-02022,Campaign 2022,2025-05-08 00:00:00+00:00,2025-08-04 00:00:00+00:00,783819,11755,0.0543,4426924.27,2025,5,2,3,8,0,0,88,66.67962569119524,5.647890992690914,0.17791666666666667,0.4225,2915925.030689836,2841772.1179897054,0.0,0.0,0.0,1.0,0.0,0.0,0.0,1.0,0.0,1.226428745546546,1.113807310009119,0.7591932364698761,0.9190189630684931,-0.5167639574210152
MKT-02023,Campaign 2023,2024-06-15 00:00:00+00:00,2024-08-29 00:00:00+00:00,801490,17335,0.0514,6127291.77,2024,6,2,5,15,0,0,75,46.23536198442457,7.6448761307065585,0.15833333333333333,0.3254166666666667,2745646.1699524573,2755334.291556837,0.0,0.0,1.0,0.0,0.0,0.0,1.0,0.0,0.0,1.2951769242134412,2.325687410761333,0.5807055581732041,1.8855687146525615,-1.3055336008807545
MKT-02024,Campaign 2024,2024-01-23 00:00:00+00:00,2024-04-15 00:00:00+00:00,356271,3148,0.0396,1376771.05,2024,1,1,1,23,0,0,83,113.17376111817026,3.864392695448128,0.15833333333333333,0.2520833333333333,2745646.1699524573,2828093.8678722903,0.0,0.0,1.0,0.0,0.0,0.0,0.0,0.0,1.0,-0.43692625941490526,-0.7554851679791071,-0.1455546500684265,-0.8147973072873834,1.277047898545146
MKT-02025,Campaign 2025,2024-05-01 00:00:00+00:00,2024-07-02 00:00:00+00:00,915611,19285,0.0458,3192025.66,2024,5,2,2,1,1,0,62,47.477884366087636,3.4862246740154936,0.15833333333333333,0.4225,2745646.1699524573,2841772.1179897054,0.0,0.0,1.0,0.0,0.0,0.0,0.0,1.0,0.0,1.7391592057846468,2.7491938975833428,0.23603969663480306,0.2170583900000177,-1.2575952671734592
MKT-02026,Campaign 2026,2025-09-04 00:00:00+00:00,2025-11-29 00:00:00+00:00,818714,6808,0.0398,4837423.39,2025,9,3,3,4,0,0,86,120.25763807285547,5.908563173464726,0.16875,0.2520833333333333,2935005.225015562,2828093.8678722903,0.0,0.0,0.0,0.0,0.0,1.0,0.0,0.0,1.0,1.3621860708015578,0.039403930363742616,-0.13324515501348366,1.152361356675451,1.5503542489229907
MKT-02027,Campaign 2027,2024-05-16 00:00:00+00:00,2024-06-11 00:00:00+00:00,264033,2617,0.0429,2243344.08,2024,5,2,3,16,0,0,26,100.89147879251051,8.49645339787072,0.1675,0.2520833333333333,2698290.221362763,2828093.8678722903,0.0,1.0,0.0,0.0,0.0,0.0,0.0,0.0,1.0,-0.7957737781674998,-0.8708092420829469,0.05755201833813111,-0.32220617808975205,0.803179453594786
MKT-02028,Campaign 2028,2024-11-06 00:00:00+00:00,2024-12-23 00:00:00+00:00,639893,5779,0.0451,4404087.68,2024,11,4,2,6,0,0,47,110.72728845821077,6.882537674267416,0.15833333333333333,0.4225,2745646.1699524573,2841772.1179897054,0.0,0.0,1.0,0.0,0.0,0.0,0.0,1.0,0.0,0.6664915397963568,-0.18407718499002582,0.192956463942503,0.9060378278777022,1.1826593993843189
MKT-02029,Campaign 2029,2025-07-01 00:00:00+00:00,2025-07-19 00:00:00+00:00,412518,5246,0.0583,3306798.56,2025,7,3,1,1,1,0,18,78.63476934807473,8.01613156274393,0.16791666666666666,0.4225,2855926.099785614,2841772.1179897054,1.0,0.0,0.0,0.0,0.0,0.0,0.0,1.0,0.0,-0.21810000139459704,-0.29983562472137526,1.0053831375687339,0.2822994146512081,-0.05551700155124492
MKT-02030,Campaign 2030,2026-01-25 00:00:00+00:00,2026-02-26 00:00:00+00:00,658745,11431,0.0496,5571065.2,2026,1,1,6,25,0,0,32,57.62794156241799,8.457089161967074,0.16875,0.3254166666666667,2935005.225015562,2755334.291556837,0.0,0.0,0.0,0.0,0.0,1.0,1.0,0.0,0.0,0.7398343423671402,1.043440078352539,0.4699201026787179,1.5693896221575816,-0.8659911912979347
MKT-02031,Campaign 2031,2025-07-09 00:00:00+00:00,2025-07-24 00:00:00+00:00,482521,6095,0.0421,2929364.74,2025,7,3,2,9,0,0,15,79.16669401148482,6.070958030842181,0.17791666666666667,0.4225,2915925.030689836,2841772.1179897054,0.0,0.0,0.0,1.0,0.0,0.0,0.0,1.0,0.0,0.05424331540799931,-0.11544741584348468,0.008314038118359405,0.06775252113529123,-0.034994568798312274
MKT-02032,Campaign 2032,2024-09-29 00:00:00+00:00,2024-12-29 00:00:00+00:00,510883,4767,0.0355,1840752.29,2024,9,3,6,29,0,0,91,107.17075728970002,3.6030799419828026,0.16875,0.3254166666666667,2935005.225015562,2755334.291556837,0.0,0.0,0.0,0.0,0.0,1.0,1.0,0.0,0.0,0.16458431723870995,-0.4038661925099613,-0.3978992986947562,-0.5510537622821607,1.0454432167926893
MKT-02033,Campaign 2033,2023-12-13 00:00:00+00:00,2024-01-08 00:00:00+00:00,533003,6886,0.0526,2012231.73,2023,12,4,2,13,0,0,26,77.40386291025268,3.7752728033425704,0.15958333333333333,0.2520833333333333,2694009.023235263,2828093.8678722903,0.0,0.0,0.0,0.0,1.0,0.0,0.0,0.0,1.0,0.2506411171997606,0.05634418983662302,0.6545625285028616,-0.45357871048672527,-0.10300717512847432
MKT-02034,Campaign 2034,2023-08-12 00:00:00+00:00,2023-09-05 00:00:00+00:00,363867,6093,0.0471,2622557.23,2023,8,3,5,12,0,0,24,59.718857705563764,7.2074610503288286,0.16791666666666666,0.3254166666666667,2855926.099785614,2755334.291556837,1.0,0.0,0.0,0.0,0.0,0.0,1.0,0.0,0.0,-0.4073743854318971,-0.11588178147099444,0.316051414491932,-0.10664784971079162,-0.7853205834253159
MKT-02035,Campaign 2035,2024-11-13 00:00:00+00:00,2024-12-03 00:00:00+00:00,506874,5938,0.0405,3498356.05,2024,11,4,2,13,0,0,20,85.36106433142473,6.901825798916495,0.16875,0.2520833333333333,2935005.225015562,2828093.8678722903,0.0,0.0,0.0,0.0,0.0,1.0,0.0,0.0,1.0,0.14898749485878898,-0.14954511760300038,-0.09016192232118359,0.39118754875960965,0.2039933125357797
MKT-02036,Campaign 2036,2023-03-21 00:00:00+00:00,2023-05-19 00:00:00+00:00,307587,8129,0.0371,1378613.13,2023,3,1,1,21,0,0,59,37.838233485053514,4.482026646119634,0.15833333333333333,0.2520833333333333,2745646.1699524573,2828093.8678722903,0.0,0.0,1.0,0.0,0.0,0.0,0.0,0.0,1.0,-0.6263290283707729,0.3263024273339351,-0.2994233382552128,-0.8137502030782063,-1.6295071196894075
MKT-02037,Campaign 2037,2025-07-29 00:00:00+00:00,2025-10-25 00:00:00+00:00,763403,7500,0.0431,5682310.19,2025,7,3,1,29,0,0,88,101.78706666666666,7.443395153018786,0.16875,0.4225,2935005.225015562,2841772.1179897054,0.0,0.0,0.0,0.0,0.0,1.0,0.0,1.0,0.0,1.1470012759260753,0.18969443748211748,0.06986151339307393,1.63262525648338,0.8377325457636698
MKT-02038,Campaign 2038,2025-03-02 00:00:00+00:00,2025-05-08 00:00:00+00:00,738272,7787,0.0313,3359466.72,2025,3,1,6,2,0,0,67,94.80827019391293,4.550445797754757,0.16875,0.4225,2935005.225015562,2841772.1179897054,0.0,0.0,0.0,0.0,0.0,1.0,0.0,1.0,0.0,1.049230324758753,0.2520259050297672,-0.6563986948485567,0.3122378820498088,0.5684803543155118
MKT-02039,Campaign 2039,2024-11-16 00:00:00+00:00,2025-02-02 00:00:00+00:00,308725,5593,0.0189,1957250.48,2024,11,4,5,16,0,0,78,55.198462363668874,6.339786152724917,0.17791666666666667,0.4225,2915925.030689836,2841772.1179897054,0.0,0.0,0.0,1.0,0.0,0.0,0.0,1.0,0.0,-0.6219016939062305,-0.22447318834843294,-1.4195873882550163,-0.4848320210382864,-0.9597240578308368
MKT-02040,Campaign 2040,2024-10-09 00:00:00+00:00,2024-11-19 00:00:00+00:00,775172,14207,0.0672,4091538.21,2024,10,4,2,9,0,0,41,54.56268036883227,5.2782327148039405,0.16875,0.2520833333333333,2935005.225015562,2828093.8678722903,0.0,0.0,0.0,0.0,0.0,1.0,0.0,0.0,1.0,1.1927880064297645,1.6463395693360774,1.5531556675136924,0.7283735214343998,-0.9842534585751302
MKT-02041,Campaign 2041,2025-08-16 00:00:00+00:00,2025-09-11 00:00:00+00:00,490717,4689,0.0676,3501547.21,2025,8,3,5,16,0,0,26,104.65280443591384,7.135573477177273,0.15958333333333333,0.4225,2694009.023235263,2841772.1179897054,0.0,0.0,0.0,0.0,1.0,0.0,0.0,1.0,0.0,0.0861294606376906,-0.4208064519828417,1.577774657623578,0.39300151833104946,0.9482969070397186
MKT-02042,Campaign 2042,2025-09-25 00:00:00+00:00,2025-10-30 00:00:00+00:00,317358,5161,0.0444,2229690.18,2025,9,3,3,25,0,0,35,61.4915714008913,7.025788478626662,0.1675,0.2520833333333333,2698290.221362763,2828093.8678722903,0.0,1.0,0.0,0.0,0.0,0.0,0.0,0.0,1.0,-0.5883154211185384,-0.3182961638905398,0.1498732312502029,-0.3299675435905356,-0.71692669213753
MKT-02043,Campaign 2043,2025-11-11 00:00:00+00:00,2026-01-20 00:00:00+00:00,316512,3686,0.0506,2474129.01,2025,11,4,1,11,0,0,70,85.86869234943028,7.816856896420988,0.17791666666666667,0.3254166666666667,2915925.030689836,2755334.291556837,0.0,0.0,0.0,1.0,0.0,0.0,1.0,0.0,0.0,-0.5916067435763616,-0.6386408141789833,0.5314675779534325,-0.19101976294076436,0.22357834511583816
MKT-02044,Campaign 2044,2025-09-05 00:00:00+00:00,2025-09-30 00:00:00+00:00,587606,6902,0.0386,2805917.93,2025,9,3,4,5,0,0,25,85.135612865836,4.775168956749932,0.17791666666666667,0.2520833333333333,2915925.030689836,2828093.8678722903,0.0,0.0,0.0,1.0,0.0,0.0,0.0,0.0,1.0,0.46307147200415716,0.05981911485670105,-0.207102125343141,-0.0024190644421476053,0.19529506472013408
MKT-02045,Campaign 2045,2025-04-22 00:00:00+00:00,2025-06-13 00:00:00+00:00,720586,8039,0.0504,3925170.5,2025,4,2,1,22,0,0,52,89.63627316830451,5.447192285167905,0.15833333333333333,0.2520833333333333,2745646.1699524573,2828093.8678722903,0.0,0.0,1.0,0.0,0.0,0.0,0.0,0.0,1.0,0.9804237893106906,0.3067559740959962,0.5191580828984896,0.6338041599451275,0.36893713239390524
MKT-02046,Campaign 2046,2024-03-11 00:00:00+00:00,2024-03-28 00:00:00+00:00,670196,17446,0.044,2993902.11,2024,3,1,0,11,0,0,17,38.415453399059956,4.467203788145557,0.17791666666666667,0.2520833333333333,2915925.030689836,2828093.8678722903,0.0,0.0,0.0,1.0,0.0,0.0,0.0,0.0,1.0,0.7843839091100874,2.349794703088124,0.12525424114031683,0.10443787235577079,-1.6072371298135706
MKT-02047,Campaign 2047,2025-08-23 00:00:00+00:00,2025-09-14 00:00:00+00:00,588057,7692,0.0454,3617082.79,2025,8,3,5,23,0,0,22,76.45046801872076,6.150905082330454,0.17791666666666667,0.4225,2915925.030689836,2841772.1179897054,0.0,0.0,0.0,1.0,0.0,0.0,0.0,1.0,0.0,0.46482606589124725,0.23139353772305388,0.21142070652491743,0.4586760775943389,-0.13979054671162056
MKT-02048,Campaign 2048,2026-02-16 00:00:00+00:00,2026-05-17 00:00:00+00:00,211433,2021,0.0266,729209.58,2026,2,1,0,16,0,0,90,104.61801088570014,3.4488919894245456,0.15833333333333333,0.4225,2745646.1699524573,2841772.1179897054,0.0,0.0,1.0,0.0,0.0,0.0,0.0,1.0,0.0,-1.0004115574600525,-1.0002501990808534,-0.9456718286397149,-1.1828944262713172,0.946954520901955
MKT-02049,Campaign 2049,2025-06-30 00:00:00+00:00,2025-08-14 00:00:00+00:00,317280,3096,0.0709,2604555.26,2025,6,2,0,30,0,1,45,102.48062015503876,8.20901178769541,0.1675,0.4225,2698290.221362763,2841772.1179897054,0.0,1.0,0.0,0.0,0.0,0.0,0.0,1.0,0.0,-0.5886188763806072,-0.7667786742943608,1.7808813260301366,-0.11688081383856051,0.8644908553604272
MKT-02050,Campaign 2050,2025-09-02 00:00:00+00:00,2025-10-20 00:00:00+00:00,586477,7934,0.0246,2991048.22,2025,9,3,1,2,0,0,48,73.91946054953365,5.100026463100855,0.17791666666666667,0.3254166666666667,2915925.030689836,2755334.291556837,0.0,0.0,0.0,1.0,0.0,0.0,1.0,0.0,0.0,0.45867915160831507,0.2839517786517341,-1.0687667791891438,0.10281561912489691,-0.237440522651008
MKT-02051,Campaign 2051,2025-01-05 00:00:00+00:00,2025-02-11 00:00:00+00:00,242636,5358,0.0558,1222485.65,2025,1,1,6,5,0,0,37,45.28480776409108,5.038352305511135,0.17791666666666667,0.4225,2915925.030689836,2841772.1179897054,0.0,0.0,0.0,1.0,0.0,0.0,0.0,1.0,0.0,-0.8790177812762974,-0.275511149580829,0.8515144493819479,-0.902498651286871,-1.3422073752076478
MKT-02052,Campaign 2052,2023-03-23 00:00:00+00:00,2023-04-28 00:00:00+00:00,324092,3909,0.0296,1785678.18,2023,3,1,3,23,0,0,36,82.90918393451011,5.509787899732174,0.15833333333333333,0.4225,2745646.1699524573,2841772.1179897054,0.0,0.0,1.0,0.0,0.0,0.0,0.0,1.0,0.0,-0.5621171168265983,-0.5902090467116458,-0.7610294028155713,-0.5823598577816417,0.10939617496120511
MKT-02053,Campaign 2053,2025-10-24 00:00:00+00:00,2025-12-30 00:00:00+00:00,366746,4087,0.0109,1846973.91,2025,10,4,4,24,0,0,67,89.73476877905554,5.036111941234533,0.15958333333333333,0.3254166666666667,2694009.023235263,2755334.291556837,0.0,0.0,0.0,0.0,1.0,0.0,1.0,0.0,0.0,-0.39617377389989594,-0.5515505058632777,-1.911967190452732,-0.5475171707715312,0.37273723734699826
MKT-02054,Campaign 2054,2024-01-24 00:00:00+00:00,2024-02-21 00:00:00+00:00,264356,2434,0.0575,1822475.46,2024,1,1,2,24,0,0,28,108.60969597370584,6.894019655313289,0.17791666666666667,0.3254166666666667,2915925.030689836,2755334.291556837,0.0,0.0,0.0,1.0,0.0,0.0,1.0,0.0,0.0,-0.7945171621463688,-0.9105536970000894,0.9561451573489625,-0.5614429666725318,1.1009595791827818
MKT-02055,Campaign 2055,2024-11-01 00:00:00+00:00,2024-12-25 00:00:00+00:00,760960,7308,0.0451,6426095.89,2024,11,4,4,1,1,0,54,104.12698412698413,8.444722311291,0.15958333333333333,0.4225,2694009.023235263,2841772.1179897054,0.0,0.0,0.0,0.0,1.0,0.0,0.0,1.0,0.0,1.1374969014999972,0.1479953372411811,0.192956463942503,2.0554196721416313,0.928009989225162
MKT-02056,Campaign 2056,2025-01-17 00:00:00+00:00,2025-02-18 00:00:00+00:00,302986,4426,0.0206,1835202.99,2025,1,1,4,17,0,0,32,68.45594215996385,6.057055408500723,0.17791666666666667,0.4225,2915925.030689836,2841772.1179897054,0.0,0.0,0.0,1.0,0.0,0.0,0.0,1.0,0.0,-0.6442289983807545,-0.47792553200037435,-1.3149566802880017,-0.5542081830391239,-0.44823106585601996
MKT-02057,Campaign 2057,2025-08-09 00:00:00+00:00,2025-08-26 00:00:00+00:00,366799,4019,0.0531,2836482.68,2025,8,3,5,9,0,0,17,91.2662353819358,7.733070918950161,0.15833333333333333,0.3254166666666667,2745646.1699524573,2755334.291556837,0.0,0.0,1.0,0.0,0.0,0.0,1.0,0.0,0.0,-0.3959675799397723,-0.5663189371986093,0.6853362661402188,0.014955033521809689,0.43182346239526476
MKT-02058,Campaign 2058,2023-02-20 00:00:00+00:00,2023-04-16 00:00:00+00:00,312078,3788,0.0367,1570035.77,2023,2,1,0,20,0,0,55,82.38595564941922,5.030908202436571,0.15833333333333333,0.2520833333333333,2745646.1699524573,2828093.8678722903,0.0,0.0,1.0,0.0,0.0,0.0,0.0,0.0,1.0,-0.6088570080893497,-0.6164881671759859,-0.32404232836509844,-0.7049387225367548,0.08920926122351365
MKT-02059,Campaign 2059,2023-03-15 00:00:00+00:00,2023-04-12 00:00:00+00:00,895108,16333,0.0717,4952074.22,2023,3,1,2,15,0,0,28,54.803649054062326,5.532376227226211,0.16791666666666666,0.3254166666666667,2855926.099785614,2755334.291556837,1.0,0.0,0.0,0.0,0.0,0.0,1.0,0.0,0.0,1.659393266833407,2.108070231378946,1.830119306249908,1.2175329923691507,-0.9749565336939017
MKT-02060,Campaign 2060,2023-11-29 00:00:00+00:00,2024-01-01 00:00:00+00:00,464565,7893,0.02,3830798.43,2023,11,4,2,29,0,0,33,58.85784872671988,8.24599018436602,0.16875,0.4225,2935005.225015562,2841772.1179897054,0.0,0.0,0.0,0.0,0.0,1.0,0.0,1.0,0.0,-0.015613642101070585,0.27504728328778416,-1.3518851654528303,0.5801596973127999,-0.8185395711569899
MKT-02061,Campaign 2061,2024-06-30 00:00:00+00:00,2024-09-16 00:00:00+00:00,43039,434,0.0324,150429.43,2024,6,2,6,30,0,1,78,99.16820276497695,3.495188782267246,0.1675,0.2520833333333333,2698290.221362763,2828093.8678722903,0.0,1.0,0.0,0.0,0.0,0.0,0.0,0.0,1.0,-1.6555403446499788,-1.3449193245098434,-0.588696472046371,-1.5118937809427573,0.7366929399537885
MKT-02062,Campaign 2062,2024-09-26 00:00:00+00:00,2024-10-31 00:00:00+00:00,337847,3374,0.0557,2038145.21,2024,9,3,3,26,0,0,35,100.13248369887374,6.032746213522689,0.17791666666666667,0.4225,2915925.030689836,2841772.1179897054,0.0,0.0,0.0,1.0,0.0,0.0,0.0,1.0,0.0,-0.508603948496388,-0.706401852070505,0.8453597018544763,-0.4388485608827845,0.7738963109987873
MKT-02063,Campaign 2063,2023-06-15 00:00:00+00:00,2023-08-18 00:00:00+00:00,726150,7289,0.0357,5702908.38,2023,6,2,3,15,0,0,64,99.62271916586637,7.853623053088205,0.16791666666666666,0.4225,2855926.099785614,2841772.1179897054,1.0,0.0,0.0,0.0,0.0,0.0,0.0,1.0,0.0,1.0020702646715987,0.14386886377983846,-0.385589803639813,1.6443340049907358,0.7542288485400889
MKT-02064,Campaign 2064,2026-01-06 00:00:00+00:00,2026-04-06 00:00:00+00:00,666737,10189,0.0295,4402043.46,2026,1,1,1,6,0,0,90,65.43694179998037,6.602368640108469,0.16791666666666666,0.2520833333333333,2855926.099785614,2828093.8678722903,1.0,0.0,0.0,0.0,0.0,0.0,0.0,0.0,1.0,0.7709268353729593,0.7736990236689817,-0.767184150343043,0.9048758200569323,-0.5647085224034213
MKT-02065,Campaign 2065,2025-07-20 00:00:00+00:00,2025-09-03 00:00:00+00:00,183986,2276,0.0462,693445.52,2025,7,3,6,20,0,0,45,80.83743409490334,3.7690124248584134,0.17791666666666667,0.4225,2915925.030689836,2841772.1179897054,0.0,0.0,0.0,1.0,0.0,0.0,0.0,1.0,0.0,-1.1071927956395715,-0.94486858157336,0.26065868674468873,-1.2032239981483601,0.029465031156636866
MKT-02066,Campaign 2066,2025-09-26 00:00:00+00:00,2025-11-25 00:00:00+00:00,829339,15731,0.0601,2933155.69,2025,9,3,4,26,0,0,60,52.72004322674973,3.5367391259786407,0.15833333333333333,0.3254166666666667,2745646.1699524573,2755334.291556837,0.0,0.0,1.0,0.0,0.0,0.0,1.0,0.0,0.0,1.4035221241282378,1.97732617749851,1.1161685930632201,0.06990743281218895,-1.0553450988724904
MKT-02067,Campaign 2067,2024-02-20 00:00:00+00:00,2024-03-13 00:00:00+00:00,453014,4660,0.0417,3686185.34,2024,2,1,1,20,0,0,22,97.21330472103004,8.137023005911518,0.16791666666666666,0.4225,2855926.099785614,2841772.1179897054,1.0,0.0,0.0,0.0,0.0,0.0,0.0,1.0,0.0,-0.060552254051798274,-0.42710475358173317,-0.016304951991526234,0.49795644053724714,0.6612701096068347
MKT-02068,Campaign 2068,2023-02-10 00:00:00+00:00,2023-03-03 00:00:00+00:00,715058,10662,0.0391,3914249.34,2023,2,1,4,10,0,0,21,67.06602888763834,5.474030554164837,0.17791666666666667,0.3254166666666667,2915925.030689836,2755334.291556837,0.0,0.0,0.0,1.0,0.0,0.0,1.0,0.0,0.0,0.9589173702245836,0.8764264945750385,-0.17632838770578374,0.6275961816786586,-0.5018559560441209
MKT-02069,Campaign 2069,2025-04-02 00:00:00+00:00,2025-06-13 00:00:00+00:00,319899,4983,0.0304,1853567.63,2025,4,2,2,2,0,0,72,64.19807344972908,5.794227646851037,0.15833333333333333,0.3254166666666667,2745646.1699524573,2755334.291556837,0.0,0.0,1.0,0.0,0.0,0.0,1.0,0.0,0.0,-0.5784297823888355,-0.3569547047389079,-0.7117914225957999,-0.5437690643015975,-0.612505878225908
MKT-02070,Campaign 2070,2025-06-30 00:00:00+00:00,2025-09-10 00:00:00+00:00,514672,7758,0.0353,2164480.93,2025,6,2,0,30,0,1,72,66.34080948698119,4.2055540810457925,0.1675,0.4225,2698290.221362763,2841772.1179897054,0.0,1.0,0.0,0.0,0.0,0.0,0.0,1.0,0.0,0.1793252401615138,0.24572760343087574,-0.41020879374969904,-0.3670348154529321,-0.5298359829255481
MKT-02071,Campaign 2071,2023-01-12 00:00:00+00:00,2023-02-15 00:00:00+00:00,605930,15398,0.0247,3532298.47,2023,1,1,3,12,0,0,34,39.35121444343421,5.829548743254172,0.16875,0.4225,2935005.225015562,2841772.1179897054,0.0,0.0,0.0,0.0,0.0,1.0,0.0,1.0,0.0,0.5343601158778594,1.905004300518136,-1.0626120316616723,0.4104816352551246,-1.5711340978863237
MKT-02072,Campaign 2072,2023-06-19 00:00:00+00:00,2023-07-09 00:00:00+00:00,633241,8480,0.0621,3500717.13,2023,6,2,0,19,0,0,20,74.67464622641509,5.528254061249982,0.15958333333333333,0.3254166666666667,2694009.023235263,2755334.291556837,0.0,0.0,0.0,0.0,1.0,0.0,1.0,0.0,0.0,0.6406122525747967,0.40253359496189695,1.2392635436126491,0.3925296711463703,-0.2083043529340031
MKT-02073,Campaign 2073,2024-05-13 00:00:00+00:00,2024-06-21 00:00:00+00:00,622203,7510,0.0539,4713043.06,2024,5,2,0,13,0,0,39,82.84993342210386,7.574767495495842,0.17791666666666667,0.3254166666666667,2915925.030689836,2755334.291556837,0.0,0.0,0.0,1.0,0.0,0.0,1.0,0.0,0.0,0.5976694425399831,0.19186626561966627,0.7345742463599905,1.0816591249147023,0.10711020339403109
MKT-02074,Campaign 2074,2025-11-26 00:00:00+00:00,2026-01-03 00:00:00+00:00,827602,20048,0.0219,3080653.46,2025,11,4,2,26,0,0,38,41.281025538707105,3.722385228648553,0.17791666666666667,0.4225,2915925.030689836,2841772.1179897054,0.0,0.0,0.0,1.0,0.0,0.0,0.0,1.0,0.0,1.3967644088690903,2.914904384478314,-1.2349449624308728,0.15375044495674245,-1.4966791587701285
MKT-02075,Campaign 2075,2023-05-07 00:00:00+00:00,2023-06-17 00:00:00+00:00,702580,10265,0.0334,4757893.37,2023,5,2,6,7,0,0,41,68.44422795908427,6.7720307580631385,0.15958333333333333,0.4225,2694009.023235263,2841772.1179897054,0.0,0.0,0.0,0.0,1.0,0.0,0.0,1.0,0.0,0.9103723091977304,0.7902049175143524,-0.5271489967716565,1.107153646533687,-0.44868301688657447
MKT-02076,Campaign 2076,2025-02-03 00:00:00+00:00,2025-03-15 00:00:00+00:00,552016,4460,0.0545,4768789.71,2025,2,1,0,3,0,0,40,123.77040358744395,8.638861391698791,0.1675,0.4225,2698290.221362763,2841772.1179897054,0.0,1.0,0.0,0.0,0.0,0.0,0.0,1.0,0.0,0.32461028255507063,-0.47054131633270857,0.771502731524819,1.113347516223725,1.685881888472172
MKT-02077,Campaign 2077,2025-11-14 00:00:00+00:00,2026-02-06 00:00:00+00:00,323597,4241,0.0529,1560409.69,2025,11,4,4,14,0,0,84,76.302051402971,4.822077120616075,0.16875,0.4225,2935005.225015562,2841772.1179897054,0.0,0.0,0.0,0.0,0.0,1.0,0.0,1.0,0.0,-0.5640428906051118,-0.5181043525450266,0.673026771085276,-0.7104105309738888,-0.14551667716892158
MKT-02078,Campaign 2078,2023-06-16 00:00:00+00:00,2023-08-23 00:00:00+00:00,66276,933,0.0409,480924.81,2023,6,2,4,16,0,0,68,71.03536977491962,7.256394622487778,0.16791666666666666,0.2520833333333333,2855926.099785614,2828093.8678722903,1.0,0.0,0.0,0.0,0.0,0.0,0.0,0.0,1.0,-1.5651379097180198,-1.2365451004461596,-0.06554293221129794,-1.3240283768823513,-0.34871296976019145
MKT-02079,Campaign 2079,2026-01-26 00:00:00+00:00,2026-02-20 00:00:00+00:00,253306,2886,0.0385,945714.46,2026,1,1,0,26,0,0,25,87.77061677061677,3.7334862182498636,0.17791666666666667,0.4225,2915925.030689836,2841772.1179897054,0.0,0.0,0.0,1.0,0.0,0.0,0.0,1.0,0.0,-0.8375066576061161,-0.812387065182885,-0.21325687287061262,-1.0598253026961264,0.2969573754934309
MKT-02080,Campaign 2080,2026-02-06 00:00:00+00:00,2026-02-25 00:00:00+00:00,286534,4220,0.0424,1692252.8,2026,2,1,4,6,0,0,19,67.89905213270143,5.905940656257198,0.15958333333333333,0.4225,2694009.023235263,2841772.1179897054,0.0,0.0,0.0,0.0,1.0,0.0,0.0,1.0,0.0,-0.7082347159648054,-0.522665191633879,0.026778280700773847,-0.63546618793124,-0.4697166989191758
MKT-02081,Campaign 2081,2024-06-29 00:00:00+00:00,2024-09-24 00:00:00+00:00,782030,17017,0.0353,4085573.29,2024,6,2,5,29,0,0,87,45.95580889698537,5.224317852256307,0.1675,0.4225,2698290.221362763,2841772.1179897054,0.0,1.0,0.0,0.0,0.0,0.0,0.0,1.0,0.0,1.2194687267793523,2.2566232759872817,-0.41020879374969904,0.7249828473923361,-1.3163191685231084
MKT-02082,Campaign 2082,2023-05-05 00:00:00+00:00,2023-07-03 00:00:00+00:00,316258,2958,0.0597,2287080.32,2023,5,2,4,5,0,0,59,106.91615956727519,7.231691593572336,0.16791666666666666,0.4225,2855926.099785614,2841772.1179897054,1.0,0.0,0.0,0.0,0.0,0.0,0.0,1.0,0.0,-0.5925949184041241,-0.7967499025925338,1.0915496029533345,-0.29734493373685716,1.0356204636907427
MKT-02083,Campaign 2083,2025-06-26 00:00:00+00:00,2025-07-25 00:00:00+00:00,32854,307,0.0537,281062.59,2025,6,2,3,26,0,0,29,107.01628664495114,8.554897120594145,0.15833333333333333,0.4225,2745646.1699524573,2841772.1179897054,0.0,0.0,1.0,0.0,0.0,0.0,0.0,1.0,0.0,-1.6951645990624247,-1.3725015418567128,0.7222647513050472,-1.4376372167902187,1.0394835130278028
MKT-02084,Campaign 2084,2023-08-16 00:00:00+00:00,2023-10-10 00:00:00+00:00,905400,8987,0.0471,6770715.1,2023,8,3,2,16,0,0,55,100.7455213085568,7.478147890435166,0.15958333333333333,0.2520833333333333,2694009.023235263,2828093.8678722903,0.0,0.0,0.0,0.0,1.0,0.0,0.0,0.0,1.0,1.6994337996181779,0.5126452815356196,0.316051414491932,2.251313566735946,0.7975482000446609
MKT-02085,Campaign 2085,2024-01-30 00:00:00+00:00,2024-02-28 00:00:00+00:00,427776,7186,0.025,1824104.72,2024,1,1,1,30,0,0,29,59.52908433064292,4.264158625074805,0.1675,0.4225,2698290.221362763,2841772.1179897054,0.0,1.0,0.0,0.0,0.0,0.0,0.0,1.0,0.0,-0.15873948359144552,0.12149903396308612,-1.0441477890792579,-0.5605168369692377,-0.792642318236675
MKT-02086,Campaign 2086,2023-03-28 00:00:00+00:00,2023-05-07 00:00:00+00:00,683768,7974,0.0326,5320700.66,2023,3,1,1,28,0,0,40,85.74968648106345,7.781441453826444,0.15958333333333333,0.4225,2694009.023235263,2841772.1179897054,0.0,0.0,0.0,0.0,1.0,0.0,0.0,1.0,0.0,0.8371851247100593,0.29263909120192916,-0.5763869769914282,1.4270734558332665,0.21898692437759792
MKT-02087,Campaign 2087,2024-01-23 00:00:00+00:00,2024-03-05 00:00:00+00:00,83416,1078,0.0324,281313.26,2024,1,1,1,23,0,0,42,77.38033395176252,3.372413685623861,0.16875,0.3254166666666667,2935005.225015562,2755334.291556837,0.0,0.0,0.0,0.0,0.0,1.0,1.0,0.0,0.0,-1.498455561104439,-1.2050535924517025,-0.588696472046371,-1.4374947269894964,-0.10391495681557499
MKT-02088,Campaign 2088,2024-03-05 00:00:00+00:00,2024-04-25 00:00:00+00:00,404100,4202,0.0366,2838810.3,2024,3,1,1,5,0,0,51,96.1684911946692,7.025019302152932,0.1675,0.2520833333333333,2698290.221362763,2828093.8678722903,0.0,1.0,0.0,0.0,0.0,0.0,0.0,0.0,1.0,-0.2508498269855611,-0.5265744822814669,-0.3301970758925701,0.016278136046870752,0.6209596731690272
MKT-02089,Campaign 2089,2024-04-18 00:00:00+00:00,2024-06-25 00:00:00+00:00,807939,8110,0.0453,2797910.52,2024,4,2,3,18,0,0,68,99.62256473489519,3.463021985570693,0.16791666666666666,0.4225,2855926.099785614,2841772.1179897054,1.0,0.0,0.0,0.0,0.0,0.0,0.0,1.0,0.0,1.3202664496632068,0.32217595387259246,0.20526595899744582,-0.006970762911056197,0.7542228903669884
MKT-02090,Campaign 2090,2023-07-20 00:00:00+00:00,2023-09-08 00:00:00+00:00,335607,4763,0.0677,2652479.67,2023,7,3,3,20,0,0,50,70.46126390930085,7.903529038428877,0.16875,0.2520833333333333,2935005.225015562,2828093.8678722903,0.0,0.0,0.0,0.0,0.0,1.0,0.0,0.0,1.0,-0.5173185611506715,-0.4047349237649808,1.5839294051510497,-0.08963886374229416,-0.3708628150873326
MKT-02091,Campaign 2091,2023-06-12 00:00:00+00:00,2023-07-08 00:00:00+00:00,439564,4189,0.0452,3600654.69,2023,6,2,0,12,0,0,26,104.93291955120554,8.19142306922314,0.15833333333333333,0.3254166666666667,2745646.1699524573,2755334.291556837,0.0,0.0,1.0,0.0,0.0,0.0,1.0,0.0,0.0,-0.112878834498278,-0.5293978588602802,0.19911121146997418,0.4493377575111814,0.9591041585399597
MKT-02092,Campaign 2092,2026-02-14 00:00:00+00:00,2026-05-14 00:00:00+00:00,885455,9712,0.0204,6057917.19,2026,2,1,5,14,0,0,89,91.17123146622735,6.841586743538633,0.15833333333333333,0.4225,2745646.1699524573,2841772.1179897054,0.0,0.0,1.0,0.0,0.0,0.0,0.0,1.0,0.0,1.6218387329263535,0.6701028215079053,-1.3272661753429444,1.8461337201203512,0.428158072152044
MKT-02093,Campaign 2093,2025-08-31 00:00:00+00:00,2025-10-06 00:00:00+00:00,119890,1182,0.0533,546300.84,2025,8,3,6,31,0,1,36,101.42978003384094,4.5566839602969385,0.17791666666666667,0.4225,2915925.030689836,2841772.1179897054,0.0,0.0,0.0,1.0,0.0,0.0,0.0,1.0,0.0,-1.3565552120185727,-1.1824665798211953,0.6976457611951616,-1.286866301298072,0.8239479040651996
MKT-02094,Campaign 2094,2024-09-07 00:00:00+00:00,2024-11-12 00:00:00+00:00,708517,7154,0.0208,3059623.26,2024,9,3,5,7,0,0,66,99.03788090578698,4.318348409424192,0.15833333333333333,0.2520833333333333,2745646.1699524573,2828093.8678722903,0.0,0.0,1.0,0.0,0.0,0.0,0.0,0.0,1.0,0.9334699231836598,0.11454918392293005,-1.3026471852330588,0.14179612650160645,0.7316649317123254
MKT-02095,Campaign 2095,2024-02-20 00:00:00+00:00,2024-04-05 00:00:00+00:00,397222,3800,0.0497,1761996.17,2024,2,1,1,20,0,0,45,104.53210526315789,4.435797035410928,0.15958333333333333,0.2520833333333333,2694009.023235263,2828093.8678722903,0.0,0.0,0.0,0.0,1.0,0.0,0.0,0.0,1.0,-0.2776083563767051,-0.6138819734109274,0.47607485020618956,-0.5958215599622064,0.9436401561375539
MKT-02096,Campaign 2096,2025-06-12 00:00:00+00:00,2025-07-19 00:00:00+00:00,203008,2352,0.0354,1002675.5,2025,6,2,3,12,0,0,37,86.31292517006803,4.939093533259773,0.16791666666666666,0.4225,2855926.099785614,2841772.1179897054,1.0,0.0,0.0,0.0,0.0,0.0,0.0,1.0,0.0,-1.0331886162155612,-0.9283626877279892,-0.4040540462222274,-1.0274466086420644,0.2407174981111847
MKT-02097,Campaign 2097,2025-06-05 00:00:00+00:00,2025-08-04 00:00:00+00:00,234861,2601,0.0516,1411745.19,2025,6,2,3,5,0,0,60,90.29642445213379,6.010981772197172,0.16791666666666666,0.4225,2855926.099785614,2841772.1179897054,1.0,0.0,0.0,0.0,0.0,0.0,0.0,1.0,0.0,-0.9092660461812327,-0.8742841671030249,0.593015053228147,-0.7949167542134942,0.39440673600712134
MKT-02098,Campaign 2098,2023-12-09 00:00:00+00:00,2024-02-23 00:00:00+00:00,445971,9969,0.0508,1562036.64,2023,12,4,5,9,0,0,76,44.73578092085465,3.5025520493485,0.16791666666666666,0.4225,2855926.099785614,2841772.1179897054,1.0,0.0,0.0,0.0,0.0,0.0,0.0,1.0,0.0,-0.08795270803578019,0.7259188046429088,0.5437770730083753,-0.7094857143572811,-1.3633896351119752
MKT-02099,Campaign 2099,2024-02-10 00:00:00+00:00,2024-03-31 00:00:00+00:00,512660,6196,0.0451,3868079.01,2024,2,1,5,10,0,0,50,82.74047772756617,7.545115690711192,0.16875,0.3254166666666667,2935005.225015562,2755334.291556837,0.0,0.0,0.0,0.0,0.0,1.0,1.0,0.0,0.0,0.17149765058096977,-0.0935119516542421,0.192956463942503,0.6013513134416131,0.10288724235256609
MKT-02100,Campaign 2100,2023-10-30 00:00:00+00:00,2023-12-18 00:00:00+00:00,221725,1900,0.0257,1329321.8,2023,10,4,0,30,0,0,49,116.69736842105263,5.9953627240951635,0.16875,0.4225,2935005.225015562,2841772.1179897054,0.0,0.0,0.0,0.0,0.0,1.0,0.0,1.0,0.0,-0.9603710246752816,-1.0265293195451937,-1.0010645563869578,-0.8417691594313172,1.4129938301692924
MKT-02101,Campaign 2101,2023-04-22 00:00:00+00:00,2023-06-18 00:00:00+00:00,136911,2258,0.0324,865981.32,2023,4,2,5,22,0,0,57,60.63374667847653,6.3251405657690025,0.15958333333333333,0.2520833333333333,2694009.023235263,2828093.8678722903,0.0,0.0,0.0,0.0,1.0,0.0,0.0,0.0,1.0,-1.2903358272022505,-0.9487778722209477,-0.588696472046371,-1.1051484735165624,-0.7500228265914194
MKT-02102,Campaign 2102,2024-07-20 00:00:00+00:00,2024-08-10 00:00:00+00:00,910887,12854,0.0505,6219094.99,2024,7,3,5,20,0,0,21,70.86408899953322,6.827515366889636,0.17791666666666667,0.4225,2915925.030689836,2841772.1179897054,0.0,0.0,0.0,1.0,0.0,0.0,0.0,1.0,0.0,1.720780710169095,1.3524912223257288,0.5253128304259612,1.9377529509930103,-0.3553212329909328
MKT-02103,Campaign 2103,2025-10-05 00:00:00+00:00,2025-11-01 00:00:00+00:00,686265,7732,0.0452,2810293.34,2025,10,4,6,5,0,0,27,88.75646663217796,4.095055612627775,0.16875,0.4225,2935005.225015562,2841772.1179897054,0.0,0.0,0.0,0.0,0.0,1.0,0.0,1.0,0.0,0.8468995835483388,0.24008085027324896,0.19911121146997418,6.807521947151091e-05,0.334992907364942
MKT-02104,Campaign 2104,2025-06-13 00:00:00+00:00,2025-07-07 00:00:00+00:00,533998,8641,0.0715,3511550.93,2025,6,2,4,13,0,0,24,61.79817150792732,6.575962700234832,0.16791666666666666,0.2520833333333333,2855926.099785614,2828093.8678722903,1.0,0.0,0.0,0.0,0.0,0.0,0.0,0.0,1.0,0.2545121170171768,0.4375000279764321,1.8178098111949645,0.39868799086179163,-0.7050976108568269
MKT-02105,Campaign 2105,2024-08-05 00:00:00+00:00,2024-09-15 00:00:00+00:00,730571,13547,0.0446,3983132.69,2024,8,3,0,5,0,0,41,53.92861888240939,5.452081577286807,0.15833333333333333,0.3254166666666667,2745646.1699524573,2755334.291556837,0.0,0.0,1.0,0.0,0.0,0.0,1.0,0.0,0.0,1.0192699533075753,1.5029989122578586,0.1621827263051457,0.6667519434953121,-1.0087164795843777
MKT-02106,Campaign 2106,2024-12-25 00:00:00+00:00,2025-02-21 00:00:00+00:00,91431,784,0.0548,532523.58,2024,12,4,2,25,0,0,58,116.62117346938776,5.824321947698264,0.16875,0.3254166666666667,2935005.225015562,2755334.291556837,0.0,0.0,0.0,0.0,0.0,1.0,1.0,0.0,0.0,-1.4672735877008303,-1.2689053396956365,0.7899669741072334,-1.2946977890385214,1.4100541173129064
MKT-02107,Campaign 2107,2025-11-03 00:00:00+00:00,2025-12-29 00:00:00+00:00,810422,19937,0.0359,5323888.64,2025,11,4,0,3,0,0,56,40.64914480613934,6.569279511168255,0.1675,0.4225,2698290.221362763,2841772.1179897054,0.0,1.0,0.0,0.0,0.0,0.0,0.0,1.0,0.0,1.329926442172397,2.8907970921515225,-0.37328030858487016,1.428885617778878,-1.5210580431009686
MKT-02108,Campaign 2108,2024-07-05 00:00:00+00:00,2024-07-31 00:00:00+00:00,298715,5252,0.0286,1362193.11,2024,7,3,4,5,0,0,26,56.87642802741813,4.560176455819092,0.1675,0.4225,2698290.221362763,2841772.1179897054,0.0,1.0,0.0,0.0,0.0,0.0,0.0,1.0,0.0,-0.6608451192050605,-0.298532527838846,-0.8225768780902859,-0.8230839302001405,-0.8949856844016748
MKT-02109,Campaign 2109,2025-07-01 00:00:00+00:00,2025-09-05 00:00:00+00:00,213815,2322,0.0606,787108.01,2025,7,3,1,1,1,0,66,92.08225667527994,3.6812572083343076,0.15958333333333333,0.4225,2694009.023235263,2841772.1179897054,0.0,0.0,0.0,0.0,1.0,0.0,0.0,1.0,0.0,-0.9911445006107207,-0.9348781721406356,1.1469423307005773,-1.1499828861874193,0.4633067593160263
MKT-02110,Campaign 2110,2023-06-14 00:00:00+00:00,2023-08-31 00:00:00+00:00,497237,4493,0.0308,2742748.71,2023,6,2,2,14,0,0,78,110.66926329846427,5.515978718397866,0.15958333333333333,0.4225,2694009.023235263,2841772.1179897054,0.0,0.0,0.0,0.0,1.0,0.0,0.0,1.0,0.0,0.1114952081849804,-0.4633742834787976,-0.687172432485914,-0.03832671022975503,1.1804207037178285
MKT-02111,Campaign 2111,2025-01-07 00:00:00+00:00,2025-03-24 00:00:00+00:00,846231,17983,0.0194,3431749.34,2025,1,1,1,7,0,0,76,47.05727631652116,4.055333992727753,0.15833333333333333,0.4225,2745646.1699524573,2841772.1179897054,0.0,0.0,1.0,0.0,0.0,0.0,0.0,1.0,0.0,1.469239640626523,2.466421874074493,-1.388813650617659,0.35332591061119056,-1.2738229418919658
MKT-02112,Campaign 2112,2024-07-25 00:00:00+00:00,2024-08-20 00:00:00+00:00,480682,7626,0.0208,1748181.31,2024,7,3,3,25,0,0,26,63.031995803829005,3.636876999762837,0.16791666666666666,0.2520833333333333,2855926.099785614,2828093.8678722903,1.0,0.0,0.0,0.0,0.0,0.0,0.0,0.0,1.0,0.047088774036915575,0.21705947201523199,-1.3026471852330588,-0.6036744208885465,-0.6574948620403932
MKT-02113,Campaign 2113,2023-03-29 00:00:00+00:00,2023-05-07 00:00:00+00:00,239502,2210,0.0479,1738850.03,2023,3,1,2,29,0,0,39,108.37194570135746,7.260273525899575,0.16875,0.4225,2935005.225015562,2841772.1179897054,0.0,0.0,0.0,0.0,0.0,1.0,0.0,1.0,0.0,-0.8912104580881388,-0.9592026472811818,0.3652893947117033,-0.6089786544533268,1.0917868253853154
MKT-02114,Campaign 2114,2025-01-06 00:00:00+00:00,2025-02-17 00:00:00+00:00,216800,4346,0.0313,1437819.6,2025,1,1,0,6,0,0,42,49.88495167970547,6.6320092250922515,0.16791666666666666,0.4225,2855926.099785614,2841772.1179897054,1.0,0.0,0.0,0.0,0.0,0.0,0.0,1.0,0.0,-0.9795315011584721,-0.4953001571007645,-0.6563986948485567,-0.7800951262370707,-1.1647270840010246
MKT-02115,Campaign 2115,2023-10-18 00:00:00+00:00,2023-11-10 00:00:00+00:00,361598,8919,0.0178,1478485.89,2023,10,4,2,18,0,0,23,40.54243749299249,4.088755717675429,0.15958333333333333,0.2520833333333333,2694009.023235263,2828093.8678722903,0.0,0.0,0.0,0.0,1.0,0.0,0.0,0.0,1.0,-0.416201821196437,0.49787685020028793,-1.4872896110572023,-0.7569789513529086,-1.5251749675621569
MKT-02116,Campaign 2116,2023-03-16 00:00:00+00:00,2023-05-12 00:00:00+00:00,636132,16431,0.0728,3787410.53,2023,3,1,3,16,0,0,57,38.715355121416835,5.953812306250904,0.17791666666666667,0.4225,2915925.030689836,2841772.1179897054,0.0,0.0,0.0,1.0,0.0,0.0,0.0,1.0,0.0,0.6518595495317315,2.1293541471269237,1.8978215290520941,0.5554964618847206,-1.5956664820265312
MKT-02117,Campaign 2117,2024-02-06 00:00:00+00:00,2024-04-30 00:00:00+00:00,618457,5344,0.0071,5144990.83,2024,2,1,1,6,0,0,84,115.72922904191617,8.319076071578138,0.16791666666666666,0.3254166666666667,2855926.099785614,2755334.291556837,1.0,0.0,0.0,0.0,0.0,0.0,1.0,0.0,0.0,0.5830958090565249,-0.2785517089733973,-2.145847596496647,1.3271936989351967,1.37564159465455
MKT-02118,Campaign 2118,2024-12-20 00:00:00+00:00,2025-03-21 00:00:00+00:00,228437,2104,0.0354,1896197.73,2024,12,4,4,20,0,0,91,108.5727186311787,8.30074694554735,0.15958333333333333,0.4225,2694009.023235263,2841772.1179897054,0.0,0.0,0.0,0.0,1.0,0.0,0.0,1.0,0.0,-0.9342583103290533,-0.9822240255391987,-0.4040540462222274,-0.5195365895189379,1.0995329391384372
MKT-02119,Campaign 2119,2023-05-31 00:00:00+00:00,2023-07-21 00:00:00+00:00,533934,6928,0.068,3032005.98,2023,5,2,2,31,0,1,51,77.06899538106235,5.678615671599861,0.16875,0.4225,2935005.225015562,2841772.1179897054,0.0,0.0,0.0,0.0,0.0,1.0,0.0,1.0,0.0,0.25426312808419727,0.06546586801432785,1.6023936477334646,0.12609747599021554,-0.1159268549660137
MKT-02120,Campaign 2120,2026-01-10 00:00:00+00:00,2026-01-27 00:00:00+00:00,904636,7756,0.043,7532697.5,2026,1,1,5,10,0,0,17,116.63692625064466,8.326771762344192,0.15833333333333333,0.4225,2745646.1699524573,2841772.1179897054,0.0,0.0,1.0,0.0,0.0,0.0,0.0,1.0,0.0,1.6964614942307348,0.245293237803366,0.06370676586560231,2.684451638024319,1.4106618826907027
MKT-02121,Campaign 2121,2023-07-07 00:00:00+00:00,2023-09-22 00:00:00+00:00,786407,18077,0.0814,6253876.59,2023,7,3,4,7,0,0,77,43.50318083752835,7.952468111296059,0.15833333333333333,0.4225,2745646.1699524573,2841772.1179897054,0.0,0.0,1.0,0.0,0.0,0.0,0.0,1.0,0.0,1.2364972355239057,2.4868370585674513,2.4271298164146384,1.957524057438938,-1.4109451520138507
MKT-02122,Campaign 2122,2023-08-25 00:00:00+00:00,2023-10-27 00:00:00+00:00,761729,19859,0.0545,2956119.55,2023,8,3,4,25,0,0,63,38.356865904627625,3.8808021619237287,0.16791666666666666,0.2520833333333333,2855926.099785614,2828093.8678722903,1.0,0.0,0.0,0.0,0.0,0.0,0.0,0.0,1.0,1.1404886591478294,2.873856832678642,0.771502731524819,0.08296091282660417,-1.609497521176028
MKT-02123,Campaign 2123,2023-04-12 00:00:00+00:00,2023-06-28 00:00:00+00:00,505191,6394,0.0231,2407313.02,2023,4,2,2,12,0,0,77,79.01016578041914,4.76515420900214,0.16875,0.3254166666666667,2935005.225015562,2755334.291556837,0.0,0.0,0.0,0.0,0.0,1.0,1.0,0.0,0.0,0.14243986401184286,-0.05050975453077646,-1.1610879921012156,-0.22900036333235227,-0.041033657257544494
MKT-02124,Campaign 2124,2023-09-22 00:00:00+00:00,2023-11-13 00:00:00+00:00,421492,4023,0.054,1971842.75,2023,9,3,4,22,0,0,52,104.77056922694507,4.678244782819128,0.15958333333333333,0.3254166666666667,2694009.023235263,2755334.291556837,0.0,0.0,0.0,0.0,1.0,0.0,1.0,0.0,0.0,-0.1831870844483733,-0.5654502059435899,0.7407289938874617,-0.47653725244058753,0.9528404451962458
MKT-02125,Campaign 2125,2023-07-16 00:00:00+00:00,2023-09-17 00:00:00+00:00,784732,18875,0.0329,2681737.56,2023,7,3,6,16,0,0,63,41.575205298013245,3.417392893369966,0.15833333333333333,0.4225,2745646.1699524573,2841772.1179897054,0.0,0.0,1.0,0.0,0.0,0.0,0.0,1.0,0.0,1.229980728293582,2.660148943943843,-0.5579227344090137,-0.07300763178133622,-1.4853292726999283
MKT-02126,Campaign 2126,2024-05-26 00:00:00+00:00,2024-07-14 00:00:00+00:00,348543,5255,0.0379,2184678.45,2024,5,2,6,26,0,0,49,66.32597526165557,6.268031347638599,0.1675,0.4225,2698290.221362763,2841772.1179897054,0.0,1.0,0.0,0.0,0.0,0.0,0.0,1.0,0.0,-0.4669916730721837,-0.29788097939758135,-0.2501853580354411,-0.3555538221155422,-0.5304083090698842
MKT-02127,Campaign 2127,2025-12-23 00:00:00+00:00,2026-01-25 00:00:00+00:00,438003,9208,0.0259,2900821.39,2025,12,4,1,23,0,0,33,47.56765855777585,6.622834523964448,0.16875,0.3254166666666667,2935005.225015562,2755334.291556837,0.0,0.0,0.0,0.0,0.0,1.0,1.0,0.0,0.0,-0.1189518301917319,0.5606426833754474,-0.988755061332015,0.05152745928726297,-1.2541316473441793
MKT-02128,Campaign 2128,2025-04-06 00:00:00+00:00,2025-05-08 00:00:00+00:00,177336,1779,0.0315,618857.82,2025,4,2,6,6,0,0,32,99.68296795952783,3.4897472594397074,0.15958333333333333,0.3254166666666667,2694009.023235263,2755334.291556837,0.0,0.0,0.0,0.0,1.0,0.0,1.0,0.0,0.0,-1.133064301956976,-1.0528084400095337,-0.6440891997936139,-1.245622316691985,0.7565533352605125
MKT-02129,Campaign 2129,2026-01-20 00:00:00+00:00,2026-04-04 00:00:00+00:00,484103,8200,0.0536,3174031.61,2026,1,1,1,20,0,0,74,59.0369512195122,6.55652125683997,0.16875,0.3254166666666667,2935005.225015562,2755334.291556837,0.0,0.0,0.0,0.0,0.0,1.0,1.0,0.0,0.0,0.060398010595087114,0.34172240711053137,0.716110003777576,0.20682992788374485,-0.8116295346103688
MKT-02130,Campaign 2130,2024-07-11 00:00:00+00:00,2024-07-25 00:00:00+00:00,93965,1117,0.0275,413789.52,2024,7,3,3,11,0,0,14,84.12264995523724,4.403655829298143,0.16791666666666666,0.3254166666666667,2855926.099785614,2755334.291556837,1.0,0.0,0.0,0.0,0.0,0.0,1.0,0.0,0.0,-1.457415182135672,-1.1965834627152623,-0.8902791008924718,-1.3621904788232697,0.15621347169771996
MKT-02131,Campaign 2131,2023-02-11 00:00:00+00:00,2023-05-02 00:00:00+00:00,417670,11702,0.011,1950906.89,2023,2,1,5,11,0,0,80,35.69218936933857,4.670928939114612,0.15958333333333333,0.4225,2694009.023235263,2841772.1179897054,0.0,0.0,0.0,0.0,1.0,0.0,0.0,1.0,0.0,-0.19805639228974473,1.1022966208801106,-1.9058124429252605,-0.4884379446628271,-1.7123046455030053
MKT-02132,Campaign 2132,2023-06-21 00:00:00+00:00,2023-09-06 00:00:00+00:00,698733,9500,0.0486,2344540.25,2023,6,2,2,21,0,0,77,73.55084210526316,3.3554165181836266,0.15833333333333333,0.2520833333333333,2745646.1699524573,2828093.8678722903,0.0,0.0,1.0,0.0,0.0,0.0,0.0,0.0,1.0,0.8954057400544139,0.6240600649918715,0.40837262740400343,-0.2646826527490483,-0.25166236223545985
MKT-02133,Campaign 2133,2023-12-14 00:00:00+00:00,2024-02-25 00:00:00+00:00,175979,4157,0.0381,574590.29,2023,12,4,3,14,0,0,73,42.333172961270144,3.2651071434659817,0.16875,0.2520833333333333,2935005.225015562,2828093.8678722903,0.0,0.0,0.0,0.0,0.0,1.0,0.0,0.0,1.0,-1.1383436454265576,-0.5363477089004363,-0.2378758629804983,-1.2707855652983835,-1.4560857698731104
MKT-02134,Campaign 2134,2025-04-16 00:00:00+00:00,2025-06-27 00:00:00+00:00,818068,7047,0.0567,5643426.6,2025,4,2,2,16,0,0,72,116.08741308358167,6.8984810553645906,0.15833333333333333,0.4225,2745646.1699524573,2841772.1179897054,0.0,0.0,1.0,0.0,0.0,0.0,0.0,1.0,0.0,1.3596728387592956,0.09131062285115821,0.9069071771291908,1.61052243209089,1.3894608597007103
MKT-02135,Campaign 2135,2023-07-25 00:00:00+00:00,2023-10-13 00:00:00+00:00,606952,6497,0.0297,2677240.49,2023,7,3,1,25,0,0,80,93.42034785285516,4.410959169753127,0.16791666666666666,0.4225,2855926.099785614,2841772.1179897054,1.0,0.0,0.0,0.0,0.0,0.0,0.0,1.0,0.0,0.5383361579013762,-0.02813992471402413,-0.7548746552880999,-0.07556392734177007,0.5149322771723183
MKT-02136,Campaign 2136,2024-09-01 00:00:00+00:00,2024-09-23 00:00:00+00:00,468350,5534,0.0584,4014374.16,2024,9,3,6,1,1,0,22,84.63136971449222,8.571312394576706,0.16875,0.4225,2935005.225015562,2841772.1179897054,0.0,0.0,0.0,0.0,0.0,1.0,0.0,1.0,0.0,-0.0008882809865779607,-0.23728697435997068,1.0115378850962053,0.6845107133304338,0.17584062525451896
MKT-02137,Campaign 2137,2026-01-03 00:00:00+00:00,2026-02-24 00:00:00+00:00,351232,5432,0.0534,2896715.01,2026,1,1,5,3,0,0,52,64.65979381443299,8.24729811065051,0.1675,0.3254166666666667,2698290.221362763,2755334.291556837,0.0,1.0,0.0,0.0,0.0,0.0,1.0,0.0,0.0,-0.45653024743496556,-0.2594396213629681,0.7038005087226332,0.049193245907561155,-0.5946920301622582
MKT-02138,Campaign 2138,2025-06-01 00:00:00+00:00,2025-07-27 00:00:00+00:00,825541,22109,0.0503,2827676.33,2025,6,2,6,1,1,0,56,37.33959021213081,3.425240333308703,0.1675,0.4225,2698290.221362763,2841772.1179897054,0.0,1.0,0.0,0.0,0.0,0.0,0.0,1.0,0.0,1.3887461871367337,3.3625181636271155,0.513003335371018,0.009949188958876998,-1.648745507642043
MKT-02139,Campaign 2139,2024-10-09 00:00:00+00:00,2024-11-30 00:00:00+00:00,794390,11401,0.0204,6232897.56,2024,10,4,2,9,0,0,52,69.67722129637751,7.846143027983736,0.17791666666666667,0.4225,2915925.030689836,2841772.1179897054,0.0,0.0,0.0,1.0,0.0,0.0,0.0,1.0,0.0,1.2675547144610244,1.0369245939398926,-1.3272661753429444,1.94559882584343,-0.4011123276705605
MKT-02140,Campaign 2140,2023-10-29 00:00:00+00:00,2023-12-08 00:00:00+00:00,874224,16364,0.041,6107651.83,2023,10,4,6,29,0,0,40,53.423612808604254,6.986369431633083,0.17791666666666667,0.3254166666666667,2915925.030689836,2755334.291556837,0.0,0.0,0.0,1.0,0.0,0.0,1.0,0.0,0.0,1.5781450656405236,2.114802898605347,-0.05938818468382632,1.8744046697457248,-1.028200353716189
MKT-02141,Campaign 2141,2024-01-26 00:00:00+00:00,2024-04-16 00:00:00+00:00,614702,7689,0.0564,3375610.45,2024,1,1,4,26,0,0,81,79.94563662374821,5.491458381459634,0.1675,0.2520833333333333,2698290.221362763,2828093.8678722903,0.0,1.0,0.0,0.0,0.0,0.0,0.0,0.0,1.0,0.5684871615043664,0.23074198928178924,0.8884429345467764,0.32141455604595387,-0.004941821711748477
MKT-02142,Campaign 2142,2026-02-04 00:00:00+00:00,2026-02-26 00:00:00+00:00,550508,12404,0.0331,2475428.65,2026,2,1,2,4,0,0,22,44.38148984198646,4.496626116241726,0.15958333333333333,0.3254166666666667,2694009.023235263,2755334.291556837,0.0,0.0,0.0,0.0,1.0,0.0,1.0,0.0,0.0,0.3187434808217404,1.2547589561360342,-0.5456132393540709,-0.19028100104420445,-1.3770587039504525
MKT-02143,Campaign 2143,2024-05-15 00:00:00+00:00,2024-06-27 00:00:00+00:00,326819,3836,0.0084,2084891.45,2024,5,2,2,15,0,0,43,85.19786235662148,6.3793459070617065,0.15833333333333333,0.4225,2745646.1699524573,2841772.1179897054,0.0,0.0,1.0,0.0,0.0,0.0,0.0,1.0,0.0,-0.5515078540104236,-0.6060633921157518,-2.0658358786395183,-0.4122763247870645,0.19769674126650735
MKT-02144,Campaign 2144,2023-07-04 00:00:00+00:00,2023-08-22 00:00:00+00:00,247390,2261,0.0312,2051616.73,2023,7,3,1,4,0,0,49,109.41618752764263,8.293046323618578,0.17791666666666667,0.3254166666666667,2915925.030689836,2755334.291556837,0.0,0.0,0.0,1.0,0.0,0.0,1.0,0.0,0.0,-0.8605225720984115,-0.9481263237796831,-0.6625534423760283,-0.4311908667022854,1.1320752047966964
MKT-02145,Campaign 2145,2024-03-11 00:00:00+00:00,2024-04-07 00:00:00+00:00,794663,10987,0.0268,3054723.38,2024,3,1,0,11,0,0,27,72.32756894511695,3.8440488357958027,0.1675,0.4225,2698290.221362763,2841772.1179897054,0.0,1.0,0.0,0.0,0.0,0.0,0.0,1.0,0.0,1.2686168078782651,0.9470109090453736,-0.9333623335847718,0.13901085931860532,-0.2988580327776494
MKT-02146,Campaign 2146,2026-01-14 00:00:00+00:00,2026-01-28 00:00:00+00:00,754982,19108,0.0323,6303683.22,2026,1,1,2,14,0,0,14,39.511304165794435,8.349448357709191,0.1675,0.4225,2698290.221362763,2841772.1179897054,0.0,1.0,0.0,0.0,0.0,0.0,0.0,1.0,0.0,1.1142397789788776,2.7107525395487295,-0.5948512195738422,1.9858359287571912,-1.564957601875571
MKT-02147,Campaign 2147,2024-02-29 00:00:00+00:00,2024-05-17 00:00:00+00:00,343017,3926,0.0189,2405949.2,2024,2,1,3,29,0,1,78,87.37060621497707,7.014081517825647,0.17791666666666667,0.2520833333333333,2915925.030689836,2828093.8678722903,0.0,0.0,0.0,1.0,0.0,0.0,0.0,0.0,1.0,-0.48849031125413517,-0.5865169388778129,-1.4195873882550163,-0.22977560743823244,0.28152438226474524
MKT-02148,Campaign 2148,2023-04-12 00:00:00+00:00,2023-06-01 00:00:00+00:00,215444,1807,0.0544,776733.18,2023,4,2,2,12,0,0,50,119.22744881018262,3.6052671691947795,0.1675,0.3254166666666667,2698290.221362763,2755334.291556837,0.0,1.0,0.0,0.0,0.0,0.0,1.0,0.0,0.0,-0.984806954175976,-1.0467273212243973,0.7653479839973473,-1.1558803109260283,1.5106080380019582
MKT-02149,Campaign 2149,2025-05-30 00:00:00+00:00,2025-06-15 00:00:00+00:00,487959,4080,0.0517,2911345.02,2025,5,2,4,30,0,0,16,119.59779411764706,5.96637221569845,0.17791666666666667,0.4225,2915925.030689836,2841772.1179897054,0.0,0.0,0.0,1.0,0.0,0.0,0.0,1.0,0.0,0.0753995938071039,-0.5530707855595618,0.5991698007556187,0.05750946727216184,1.524896502498186
MKT-02150,Campaign 2150,2023-10-30 00:00:00+00:00,2023-11-24 00:00:00+00:00,856226,12378,0.0275,3022037.57,2023,10,4,0,30,0,0,25,69.17321053481984,3.5294858717207838,0.15833333333333333,0.4225,2745646.1699524573,2841772.1179897054,0.0,0.0,1.0,0.0,0.0,0.0,0.0,1.0,0.0,1.5081247091441858,1.2491122029784074,-0.8902791008924718,0.12043107492739337,-0.4205578011977902
MKT-02151,Campaign 2151,2024-10-30 00:00:00+00:00,2024-12-04 00:00:00+00:00,791679,10739,0.0351,5591463.61,2024,10,4,2,30,0,0,35,73.7199925505168,7.062791371250217,0.15958333333333333,0.3254166666666667,2694009.023235263,2755334.291556837,0.0,0.0,0.0,0.0,1.0,0.0,1.0,0.0,0.0,1.2570076988780945,0.893149571234164,-0.4225182888046419,1.5809848085618206,-0.24513629026204897
MKT-02152,Campaign 2152,2023-06-11 00:00:00+00:00,2023-07-22 00:00:00+00:00,190065,3114,0.028,684171.62,2023,6,2,6,11,0,0,41,61.03564547206166,3.599671796490674,0.15958333333333333,0.2520833333333333,2694009.023235263,2828093.8678722903,0.0,0.0,0.0,0.0,1.0,0.0,0.0,0.0,1.0,-1.0835427374585938,-0.762869383646773,-0.8595053632551145,-1.2084956148672257,-0.7345169823766404
MKT-02153,Campaign 2153,2024-06-09 00:00:00+00:00,2024-07-15 00:00:00+00:00,659638,5650,0.0498,3557426.23,2024,6,2,6,9,0,0,36,116.75008849557523,5.392997719961555,0.16791666666666666,0.4225,2855926.099785614,2841772.1179897054,1.0,0.0,0.0,0.0,0.0,0.0,0.0,1.0,0.0,0.7433085160726202,-0.21209376796440493,0.48222959773366075,0.42476515348625044,1.4150278478762048
MKT-02154,Campaign 2154,2025-08-05 00:00:00+00:00,2025-09-17 00:00:00+00:00,338136,6275,0.026,1277330.76,2025,8,3,1,5,0,0,43,53.88621513944223,3.777565121726169,0.15833333333333333,0.4225,2745646.1699524573,2841772.1179897054,0.0,0.0,1.0,0.0,0.0,0.0,0.0,1.0,0.0,-0.5074796078459023,-0.07635450936760682,-0.9826003138045436,-0.8713227275844355,-1.010352478107058
MKT-02155,Campaign 2155,2023-04-25 00:00:00+00:00,2023-05-27 00:00:00+00:00,531046,6243,0.0283,4555541.61,2023,4,2,1,25,0,0,32,85.06263014576325,8.578431265841377,0.17791666666666667,0.3254166666666667,2915925.030689836,2755334.291556837,0.0,0.0,0.0,1.0,0.0,0.0,1.0,0.0,0.0,0.2430275024834959,-0.08330435940776289,-0.8410411206727003,0.992129662976839,0.1924792844643044
MKT-02156,Campaign 2156,2025-03-11 00:00:00+00:00,2025-03-30 00:00:00+00:00,126988,1604,0.0436,606360.68,2025,3,1,1,11,0,0,19,79.16957605985037,4.774944719186065,0.15833333333333333,0.4225,2745646.1699524573,2841772.1179897054,0.0,0.0,1.0,0.0,0.0,0.0,0.0,1.0,0.0,-1.3289407831703113,-1.0908154324166373,0.1006352510304312,-1.2527261384025923,-0.03488337515033682
MKT-02157,Campaign 2157,2023-02-14 00:00:00+00:00,2023-05-15 00:00:00+00:00,47381,1104,0.0284,283452.33,2023,2,1,1,14,0,0,90,42.91757246376812,5.9824049724573145,0.16875,0.4225,2935005.225015562,2841772.1179897054,0.0,0.0,0.0,0.0,0.0,1.0,0.0,1.0,0.0,-1.6386480017281486,-1.1994068392940758,-0.8348863731452286,-1.4362788030335745,-1.4335387809555924
MKT-02158,Campaign 2158,2024-08-09 00:00:00+00:00,2024-10-10 00:00:00+00:00,273378,3405,0.0688,1236947.98,2024,8,3,4,9,0,0,62,80.28722466960352,4.52468004009101,0.15958333333333333,0.4225,2694009.023235263,2841772.1179897054,0.0,0.0,0.0,0.0,1.0,0.0,0.0,1.0,0.0,-0.7594175035004104,-0.6996691848441038,1.651631627953236,-0.894277745236369,0.008237145503889928
MKT-02159,Campaign 2159,2025-11-09 00:00:00+00:00,2025-12-08 00:00:00+00:00,663236,7735,0.0305,4210684.38,2025,11,4,6,9,0,0,29,85.74479638009049,6.3486969645797275,0.16791666666666666,0.4225,2855926.099785614,2841772.1179897054,1.0,0.0,0.0,0.0,0.0,0.0,0.0,1.0,0.0,0.7573063626485632,0.24073239871451357,-0.7056366750683284,0.7961004692946083,0.21879825711834885
MKT-02160,Campaign 2160,2025-12-15 00:00:00+00:00,2026-02-06 00:00:00+00:00,472725,7905,0.0537,1802755.29,2025,12,4,0,15,0,0,53,59.80075901328273,3.8135391400920198,0.15958333333333333,0.3254166666666667,2694009.023235263,2755334.291556837,0.0,0.0,0.0,0.0,1.0,0.0,1.0,0.0,0.0,0.01613244685381972,0.27765347705284266,0.7222647513050472,-0.5726526171831982,-0.7821607109928849
MKT-02161,Campaign 2161,2023-12-27 00:00:00+00:00,2024-02-10 00:00:00+00:00,355544,7019,0.0561,2528464.79,2023,12,4,2,27,0,0,45,50.65450918934321,7.111538346871273,0.1675,0.4225,2698290.221362763,2841772.1179897054,0.0,1.0,0.0,0.0,0.0,0.0,0.0,1.0,0.0,-0.4397546180754696,0.08522950406602166,0.869978691964362,-0.16013336064177497,-1.135036427922386
MKT-02162,Campaign 2162,2023-07-24 00:00:00+00:00,2023-09-27 00:00:00+00:00,368238,4898,0.0195,1534541.73,2023,7,3,0,24,0,0,65,75.18129848917926,4.1672552262395515,0.1675,0.3254166666666667,2698290.221362763,2755334.291556837,0.0,1.0,0.0,0.0,0.0,0.0,1.0,0.0,0.0,-0.3903692193998106,-0.37541524390807246,-1.3826589030901877,-0.725114805380443,-0.1887569664205817
MKT-02163,Campaign 2163,2023-11-14 00:00:00+00:00,2024-01-06 00:00:00+00:00,80368,659,0.0378,686335.01,2023,11,4,1,14,0,0,53,121.95447647951441,8.539904066295042,0.16875,0.4225,2935005.225015562,2841772.1179897054,0.0,0.0,0.0,0.0,0.0,1.0,0.0,1.0,0.0,-1.5103136590375892,-1.296053191414996,-0.2563401055629127,-1.2072658665527705,1.6158207604210748
MKT-02164,Campaign 2164,2024-02-22 00:00:00+00:00,2024-05-10 00:00:00+00:00,585122,4827,0.0281,3776378.02,2024,2,1,3,22,0,0,78,121.21856225398798,6.454001080116625,0.16791666666666666,0.2520833333333333,2855926.099785614,2828093.8678722903,1.0,0.0,0.0,0.0,0.0,0.0,0.0,0.0,1.0,0.4534075890428891,-0.3908352236846687,-0.8533506157276431,0.5492251882924833,1.587428111528897
MKT-02165,Campaign 2165,2024-02-17 00:00:00+00:00,2024-03-13 00:00:00+00:00,347349,4953,0.0565,2877689.51,2024,2,1,5,17,0,0,25,70.1290127195639,8.284720871515391,0.15833333333333333,0.4225,2745646.1699524573,2841772.1179897054,0.0,0.0,1.0,0.0,0.0,0.0,0.0,1.0,0.0,-0.4716368728530831,-0.3634701891515542,0.894597682074248,0.03837847069057854,-0.383681552715976
MKT-02166,Campaign 2166,2023-01-12 00:00:00+00:00,2023-02-20 00:00:00+00:00,348103,3265,0.0408,1278815.08,2023,1,1,3,12,0,0,39,106.61653905053599,3.673668655541607,0.15833333333333333,0.2520833333333333,2745646.1699524573,2828093.8678722903,0.0,0.0,1.0,0.0,0.0,0.0,0.0,0.0,1.0,-0.468703471986418,-0.7300747787697865,-0.07169767973876914,-0.8704789869652627,1.0240606652283832
MKT-02167,Campaign 2167,2024-06-30 00:00:00+00:00,2024-08-28 00:00:00+00:00,626912,5978,0.0562,3088046.1,2024,6,2,6,30,0,1,59,104.86985613917699,4.925804738145067,0.1675,0.2520833333333333,2698290.221362763,2828093.8678722903,0.0,1.0,0.0,0.0,0.0,0.0,0.0,0.0,1.0,0.6159895813743678,-0.1408578050528053,0.8761334394918335,0.1579526861519844,0.9566710797196819
MKT-02168,Campaign 2168,2024-04-29 00:00:00+00:00,2024-06-21 00:00:00+00:00,531684,4441,0.0681,3351234.43,2024,4,2,0,29,0,0,53,119.72168430533664,6.303056759278068,0.15833333333333333,0.2520833333333333,2745646.1699524573,2828093.8678722903,0.0,0.0,1.0,0.0,0.0,0.0,0.0,0.0,1.0,0.2455096109091356,-0.4746677897940512,1.6085483952609354,0.30755835373933,1.5296763674311407
MKT-02169,Campaign 2169,2023-06-06 00:00:00+00:00,2023-07-19 00:00:00+00:00,179766,1903,0.0696,1169640.9,2023,6,2,1,6,0,0,43,94.46452968996321,6.506463402423149,0.16791666666666666,0.2520833333333333,2855926.099785614,2828093.8678722903,1.0,0.0,0.0,0.0,0.0,0.0,0.0,0.0,1.0,-1.1236105034079094,-1.025877771103929,1.7008696081730073,-0.9325374987625034,0.5552183421133654
MKT-02170,Campaign 2170,2023-02-28 00:00:00+00:00,2023-05-13 00:00:00+00:00,585743,9512,0.0248,4505992.0,2023,2,1,1,28,0,1,74,61.57937342304457,7.692779939324926,0.16791666666666666,0.2520833333333333,2855926.099785614,2828093.8678722903,1.0,0.0,0.0,0.0,0.0,0.0,0.0,0.0,1.0,0.4558235597832061,0.62666625875693,-1.056457284134201,0.9639638910266061,-0.7135391614980214
MKT-02171,Campaign 2171,2023-04-23 00:00:00+00:00,2023-06-05 00:00:00+00:00,59189,479,0.0231,194645.25,2023,4,2,6,23,0,0,43,123.5678496868476,3.2885375661018093,0.16875,0.3254166666666667,2935005.225015562,2755334.291556837,0.0,0.0,0.0,0.0,0.0,1.0,1.0,0.0,0.0,-1.592709543593425,-1.3351460978908738,-1.1610879921012156,-1.4867599261513162,1.678067062257528
MKT-02172,Campaign 2172,2023-09-04 00:00:00+00:00,2023-10-15 00:00:00+00:00,852886,12938,0.0231,6111287.7,2023,9,3,0,4,0,0,41,65.92100788375329,7.165421521750855,0.15833333333333333,0.2520833333333333,2745646.1699524573,2828093.8678722903,0.0,0.0,1.0,0.0,0.0,0.0,0.0,0.0,1.0,1.4951305992043165,1.3707345786811385,-1.1610879921012156,1.8764714283995405,-0.5460325437629155
MKT-02173,Campaign 2173,2024-04-11 00:00:00+00:00,2024-06-01 00:00:00+00:00,500833,10647,0.0602,3151917.53,2024,4,2,3,11,0,0,51,47.03982342443881,6.293350338336332,0.1675,0.3254166666666667,2698290.221362763,2755334.291556837,0.0,1.0,0.0,0.0,0.0,0.0,1.0,0.0,0.0,0.12548527385676786,0.8731687523687154,1.1223233405906912,0.19425949323916933,-1.2744963000359708
MKT-02174,Campaign 2174,2023-08-14 00:00:00+00:00,2023-10-10 00:00:00+00:00,813667,10390,0.054,6973338.34,2023,8,3,0,14,0,0,57,78.31251203079884,8.570260733199207,0.15958333333333333,0.2520833333333333,2694009.023235263,2828093.8678722903,0.0,0.0,0.0,0.0,1.0,0.0,0.0,0.0,1.0,1.342550959164875,0.817352769233712,0.7407289938874617,2.3664918692424095,-0.06795016093990075
MKT-02175,Campaign 2175,2025-12-10 00:00:00+00:00,2026-01-07 00:00:00+00:00,891946,7335,0.0529,6873017.08,2025,12,4,2,10,0,0,28,121.6013633265167,7.705642583743859,0.17791666666666667,0.4225,2915925.030689836,2841772.1179897054,0.0,0.0,0.0,1.0,0.0,0.0,0.0,1.0,0.0,1.647091657363387,0.1538592732125628,0.673026771085276,2.309465674063073,1.6021971376882735
MKT-02176,Campaign 2176,2024-10-12 00:00:00+00:00,2024-12-08 00:00:00+00:00,256823,2757,0.0508,1255865.78,2024,10,4,5,12,0,0,57,93.15306492564382,4.89000510078926,0.16791666666666666,0.3254166666666667,2855926.099785614,2755334.291556837,1.0,0.0,0.0,0.0,0.0,0.0,1.0,0.0,0.0,-0.8238239376484753,-0.8404036481572641,0.5437770730083753,-0.8835241905545035,0.5046201102866238
MKT-02177,Campaign 2177,2025-05-26 00:00:00+00:00,2025-06-29 00:00:00+00:00,774902,8582,0.0354,2560439.74,2025,5,2,0,26,0,0,34,90.29387089256583,3.3042110357180654,0.1675,0.2520833333333333,2698290.221362763,2828093.8678722903,0.0,1.0,0.0,0.0,0.0,0.0,0.0,0.0,1.0,1.191737584368757,0.4246862419648944,-0.4040540462222274,-0.1419576545197671,0.3943082159381739
MKT-02178,Campaign 2178,2023-11-29 00:00:00+00:00,2024-01-02 00:00:00+00:00,442842,6832,0.0434,2795130.86,2023,11,4,2,29,0,0,34,64.81879391100702,6.311801635797869,0.16791666666666666,0.4225,2855926.099785614,2841772.1179897054,1.0,0.0,0.0,0.0,0.0,0.0,0.0,1.0,0.0,-0.10012593258723261,0.04461631789385966,0.08832575597548838,-0.008550821152870577,-0.588557573510575
MKT-02179,Campaign 2179,2024-01-01 00:00:00+00:00,2024-03-04 00:00:00+00:00,669926,6633,0.0474,4087362.51,2024,1,1,0,1,1,0,63,100.99894467058647,6.101214925230548,0.17791666666666667,0.4225,2915925.030689836,2841772.1179897054,0.0,0.0,0.0,1.0,0.0,0.0,0.0,1.0,0.0,0.7833334870490799,0.0013969379566391397,0.33451565707434605,0.7259999040853916,0.8073256446021926
MKT-02180,Campaign 2180,2023-04-05 00:00:00+00:00,2023-05-30 00:00:00+00:00,107679,2101,0.0438,870798.87,2023,4,2,2,5,0,0,55,51.25130890052356,8.086988827905163,0.16791666666666666,0.2520833333333333,2855926.099785614,2828093.8678722903,1.0,0.0,0.0,0.0,0.0,0.0,0.0,0.0,1.0,-1.4040615223406516,-0.9828755739804634,0.11294474608537401,-1.10241000565256,-1.11201102078832
MKT-02181,Campaign 2181,2024-04-06 00:00:00+00:00,2024-07-01 00:00:00+00:00,234055,5356,0.0316,879340.84,2024,4,2,5,6,0,0,86,43.69958924570575,3.756983785862297,0.15958333333333333,0.2520833333333333,2694009.023235263,2828093.8678722903,0.0,0.0,0.0,0.0,1.0,0.0,0.0,0.0,1.0,-0.9124017505559436,-0.27594551520833877,-0.6379344522661423,-1.0975544441450986,-1.4033674278995174
MKT-02182,Campaign 2182,2025-02-09 00:00:00+00:00,2025-03-13 00:00:00+00:00,218539,1923,0.0678,1417310.12,2025,2,1,6,9,0,0,32,113.64482579303173,6.485387596721867,0.16875,0.2520833333333333,2935005.225015562,2828093.8678722903,0.0,0.0,0.0,0.0,0.0,1.0,0.0,0.0,1.0,-0.972766004995169,-1.0215341148288315,1.5900841526785214,-0.7917534488050558,1.295222263783543
MKT-02183,Campaign 2183,2023-08-07 00:00:00+00:00,2023-09-29 00:00:00+00:00,280080,3428,0.0228,2459219.75,2023,8,3,0,7,0,0,53,81.70361726954492,8.780418987432162,0.16875,0.4225,2935005.225015562,2841772.1179897054,0.0,0.0,0.0,0.0,0.0,1.0,0.0,1.0,0.0,-0.7333436936749601,-0.6946739801277416,-1.1795522346836298,-0.19949472000110693,0.06288364694208066
MKT-02184,Campaign 2184,2023-07-11 00:00:00+00:00,2023-08-05 00:00:00+00:00,283234,2468,0.0353,946063.56,2023,7,3,1,11,0,0,25,114.76256077795786,3.3402189002732725,0.15833333333333333,0.3254166666666667,2745646.1699524573,2755334.291556837,0.0,0.0,1.0,0.0,0.0,0.0,1.0,0.0,0.0,-0.7210732078215625,-0.9031694813324235,-0.41020879374969904,-1.0596268617601063,1.3383461169184783
MKT-02185,Campaign 2185,2023-06-21 00:00:00+00:00,2023-08-02 00:00:00+00:00,406132,10633,0.0654,1423326.05,2023,6,2,2,21,0,0,42,38.19542932380325,3.50458976391912,0.16791666666666666,0.4225,2855926.099785614,2841772.1179897054,1.0,0.0,0.0,0.0,0.0,0.0,0.0,1.0,0.0,-0.24294442836346095,0.8701281929761471,1.4423702120192068,-0.7883337788530912,-1.6157259809593965
MKT-02186,Campaign 2186,2023-09-20 00:00:00+00:00,2023-12-05 00:00:00+00:00,878812,8932,0.0569,2827304.56,2023,9,3,2,20,0,0,76,98.38916256157636,3.217189296459311,0.1675,0.4225,2698290.221362763,2841772.1179897054,0.0,1.0,0.0,0.0,0.0,0.0,0.0,1.0,0.0,1.5959944597734936,0.5007002267791013,0.9192166721841336,0.009737861583385273,0.7066364276581859
MKT-02187,Campaign 2187,2023-01-10 00:00:00+00:00,2023-03-04 00:00:00+00:00,28490,614,0.0217,100517.98,2023,1,1,1,10,0,0,53,46.40065146579805,3.528184626184626,0.16875,0.4225,2935005.225015562,2841772.1179897054,0.0,0.0,0.0,0.0,0.0,1.0,0.0,1.0,0.0,-1.7121425319299666,-1.3058264180339654,-1.2472544574858158,-1.540265235701038,-1.2991564905499273
MKT-02188,Campaign 2188,2024-09-30 00:00:00+00:00,2024-12-20 00:00:00+00:00,699796,14469,0.0069,3125802.22,2024,9,3,0,30,0,1,81,48.3651945538738,4.466733476613185,0.1675,0.4225,2698290.221362763,2841772.1179897054,0.0,1.0,0.0,0.0,0.0,0.0,0.0,1.0,0.0,0.8995412906131208,1.7032414665398552,-2.15815709155159,0.17941461623873234,-1.2233615402710567
MKT-02189,Campaign 2189,2023-08-29 00:00:00+00:00,2023-11-01 00:00:00+00:00,816146,15196,0.0255,5624150.87,2023,8,3,1,29,0,0,64,53.70794946038431,6.891108784457683,0.1675,0.2520833333333333,2698290.221362763,2828093.8678722903,0.0,1.0,0.0,0.0,0.0,0.0,0.0,0.0,1.0,1.352195389865754,1.8611333721396508,-1.0133740514419007,1.5995654171849352,-1.0172302291539228
MKT-02190,Campaign 2190,2026-01-29 00:00:00+00:00,2026-04-15 00:00:00+00:00,826760,21414,0.0439,4975052.15,2026,1,1,3,29,0,0,76,38.60838703651817,6.017528847549471,0.16875,0.3254166666666667,2935005.225015562,2755334.291556837,0.0,0.0,0.0,0.0,0.0,1.0,1.0,0.0,0.0,1.3934886482195783,3.211576108067476,0.11909949361284564,1.2305944702752014,-1.5997934674439198
MKT-02191,Campaign 2191,2025-07-31 00:00:00+00:00,2025-08-24 00:00:00+00:00,332272,2681,0.043,1223497.37,2025,7,3,3,31,0,1,24,123.93584483401716,3.682216286656715,0.17791666666666667,0.3254166666666667,2915925.030689836,2755334.291556837,0.0,0.0,0.0,1.0,0.0,0.0,1.0,0.0,0.0,-0.5302932188301519,-0.8569095420026347,0.06370676586560231,-0.9019235534243956,1.692264854126732
MKT-02192,Campaign 2192,2025-08-03 00:00:00+00:00,2025-10-04 00:00:00+00:00,287366,3071,0.0415,1491966.74,2025,8,3,6,3,0,0,62,93.57408010420059,5.191869393038842,0.15958333333333333,0.3254166666666667,2694009.023235263,2755334.291556837,0.0,0.0,0.0,0.0,1.0,0.0,1.0,0.0,0.0,-0.7049978598360714,-0.7722082446382327,-0.028614447046469055,-0.7493159536664424,0.5208634926379964
MKT-02193,Campaign 2193,2024-07-10 00:00:00+00:00,2024-09-30 00:00:00+00:00,245683,2111,0.0512,1344356.03,2024,7,3,2,10,0,0,82,116.38228327806726,5.4719131156815894,0.16875,0.2520833333333333,2935005.225015562,2828093.8678722903,0.0,0.0,0.0,0.0,0.0,1.0,0.0,0.0,1.0,-0.867163573795225,-0.9807037458429146,0.5683960631182613,-0.8332231649496785,1.400837383771581
MKT-02194,Campaign 2194,2025-07-28 00:00:00+00:00,2025-08-16 00:00:00+00:00,792668,16485,0.0424,5350903.7,2025,7,3,0,28,0,0,19,48.084197755535335,6.750497938607336,0.16875,0.4225,2935005.225015562,2841772.1179897054,0.0,0.0,0.0,0.0,0.0,1.0,0.0,1.0,0.0,1.260855355983044,2.141082019069687,0.026778280700773847,1.4442419448858295,-1.234202808394856
MKT-02195,Campaign 2195,2024-08-24 00:00:00+00:00,2024-09-17 00:00:00+00:00,699661,6563,0.0573,3261837.34,2024,8,3,5,24,0,0,24,106.60688709431662,4.662025380863017,0.15958333333333333,0.4225,2694009.023235263,2841772.1179897054,0.0,0.0,0.0,0.0,1.0,0.0,0.0,1.0,0.0,0.8990160795826171,-0.013805859006202249,0.9438356622940193,0.25674184781820475,1.0236882786178876
MKT-02196,Campaign 2196,2025-01-21 00:00:00+00:00,2025-03-17 00:00:00+00:00,714336,16511,0.0541,2305267.02,2025,1,1,1,21,0,0,55,43.26424807703955,3.227146636876764,0.15958333333333333,0.4225,2694009.023235263,2841772.1179897054,0.0,0.0,0.0,0.0,1.0,0.0,0.0,1.0,0.0,0.9561084638244082,2.146728772227314,0.7468837414149333,-0.28700696246468566,-1.4201635279360507
MKT-02197,Campaign 2197,2025-11-14 00:00:00+00:00,2026-01-27 00:00:00+00:00,763979,16186,0.0075,2720371.42,2025,11,4,4,14,0,0,74,47.19998764364266,3.5607934511288923,0.16791666666666666,0.2520833333333333,2855926.099785614,2828093.8678722903,1.0,0.0,0.0,0.0,0.0,0.0,0.0,0.0,1.0,1.149242176322891,2.076144357756979,-2.121228606386761,-0.05104676285992156,-1.2683169298278576
MKT-02198,Campaign 2198,2023-12-08 00:00:00+00:00,2024-03-05 00:00:00+00:00,149186,1312,0.0434,519322.51,2023,12,4,4,8,0,0,88,113.70884146341463,3.481040513184883,0.1675,0.4225,2698290.221362763,2841772.1179897054,0.0,1.0,0.0,0.0,0.0,0.0,0.0,1.0,0.0,-1.242580527947192,-1.1542328140330613,0.08832575597548838,-1.3022017497582743,1.2976920821261346
MKT-02199,Campaign 2199,2024-09-25 00:00:00+00:00,2024-11-24 00:00:00+00:00,840156,16468,0.0386,6565405.37,2024,9,3,2,25,0,0,60,51.01748846247268,7.814507508129442,0.16791666666666666,0.2520833333333333,2855926.099785614,2828093.8678722903,1.0,0.0,0.0,0.0,0.0,0.0,0.0,0.0,1.0,1.4456051442538564,2.1373899112358545,-0.207102125343141,2.1346081671506845,-1.1210321558216114
MKT-02200,Campaign 2200,2024-11-07 00:00:00+00:00,2025-01-30 00:00:00+00:00,308067,2868,0.0464,1016018.56,2024,11,4,3,7,0,0,84,107.4152719665272,3.2980441267646325,0.16875,0.4225,2935005.225015562,2841772.1179897054,0.0,0.0,0.0,0.0,0.0,1.0,0.0,1.0,0.0,-0.6244616113734264,-0.8162963558304728,0.2729681817996315,-1.0198619357237857,1.0548769512244054
MKT-02201,Campaign 2201,2025-12-12 00:00:00+00:00,2026-02-01 00:00:00+00:00,715670,6109,0.0381,3420417.42,2025,12,4,4,12,0,0,51,117.15010640039286,4.779322061844146,0.16791666666666666,0.4225,2855926.099785614,2841772.1179897054,1.0,0.0,0.0,0.0,0.0,0.0,0.0,1.0,0.0,0.9612983268962003,-0.1124068564509164,-0.2378758629804983,0.34688444165758464,1.4304611246469412
MKT-02202,Campaign 2202,2025-07-06 00:00:00+00:00,2025-09-20 00:00:00+00:00,659602,17176,0.0162,3399877.75,2025,7,3,6,6,0,0,76,38.40253842571029,5.154438206676147,0.15833333333333333,0.3254166666666667,2745646.1699524573,2755334.291556837,0.0,0.0,1.0,0.0,0.0,0.0,1.0,0.0,0.0,0.7431684597978192,2.291155343374307,-1.5857655714967454,0.3352089580129498,-1.6077354084050826
MKT-02203,Campaign 2203,2023-07-09 00:00:00+00:00,2023-08-02 00:00:00+00:00,348295,2920,0.0493,2697241.44,2023,7,3,6,9,0,0,24,119.2791095890411,7.744129085975969,0.15958333333333333,0.4225,2694009.023235263,2841772.1179897054,0.0,0.0,0.0,0.0,1.0,0.0,0.0,1.0,0.0,-0.4679565051874794,-0.8050028495152192,0.4514558600963035,-0.06419467142859536,1.5126011865303428
MKT-02204,Campaign 2204,2023-07-26 00:00:00+00:00,2023-10-02 00:00:00+00:00,312193,3694,0.0531,2354983.53,2023,7,3,2,26,0,0,68,84.51353546291283,7.543357890791913,0.16875,0.3254166666666667,2935005.225015562,2755334.291556837,0.0,0.0,0.0,0.0,0.0,1.0,1.0,0.0,0.0,-0.6084096061004022,-0.6369033516689443,0.6853362661402188,-0.25874631858027436,0.171294407208288
MKT-02205,Campaign 2205,2023-04-30 00:00:00+00:00,2023-06-06 00:00:00+00:00,596551,6600,0.0125,4295285.62,2023,4,2,6,30,0,1,37,90.38651515151516,7.200198507755414,0.1675,0.4225,2698290.221362763,2841772.1179897054,0.0,1.0,0.0,0.0,0.0,0.0,0.0,1.0,0.0,0.4978715658401245,-0.005770094897271801,-1.813491230013189,0.8441908424084819,0.39788256716686826
MKT-02206,Campaign 2206,2026-01-04 00:00:00+00:00,2026-02-26 00:00:00+00:00,245033,2217,0.0696,1670588.11,2026,1,1,6,4,0,0,53,110.52458276950834,6.817808662506684,0.17791666666666667,0.4225,2915925.030689836,2841772.1179897054,0.0,0.0,0.0,1.0,0.0,0.0,0.0,1.0,0.0,-0.8696923676457984,-0.9576823675848977,1.7008696081730073,-0.647781173213919,1.1748387169621821
MKT-02207,Campaign 2207,2024-12-22 00:00:00+00:00,2025-03-13 00:00:00+00:00,568891,5960,0.057,3703994.79,2024,12,4,6,22,0,0,81,95.4515100671141,6.510904180238394,0.17791666666666667,0.3254166666666667,2915925.030689836,2755334.291556837,0.0,0.0,0.0,1.0,0.0,0.0,1.0,0.0,0.0,0.3902616613680331,-0.14476709570039306,0.9253714197116053,0.5080799694057706,0.5932974909324663
MKT-02208,Campaign 2208,2025-07-22 00:00:00+00:00,2025-09-08 00:00:00+00:00,912242,7492,0.0276,7792303.18,2025,7,3,1,22,0,0,48,121.76214628937534,8.541925475915383,0.16791666666666666,0.2520833333333333,2855926.099785614,2828093.8678722903,1.0,0.0,0.0,0.0,0.0,0.0,0.0,0.0,1.0,1.726052272734521,0.18795697497207847,-0.8841243533650004,2.832020799110856,1.6084003799330115
MKT-02209,Campaign 2209,2024-11-09 00:00:00+00:00,2024-11-29 00:00:00+00:00,288907,2455,0.0244,932945.68,2024,11,4,5,9,0,0,20,117.68105906313646,3.2292249062847214,0.16791666666666666,0.3254166666666667,2855926.099785614,2755334.291556837,1.0,0.0,0.0,0.0,0.0,0.0,1.0,0.0,0.0,-0.6990026731841738,-0.905992857911237,-1.0810762742440865,-1.0670835343060763,1.4509460561902363
MKT-02210,Campaign 2210,2024-10-22 00:00:00+00:00,2024-12-21 00:00:00+00:00,454683,7892,0.0452,2720767.84,2024,10,4,1,22,0,0,60,57.61315255955398,5.983878526357924,0.15833333333333333,0.2520833333333333,2745646.1699524573,2828093.8678722903,0.0,0.0,1.0,0.0,0.0,0.0,0.0,0.0,1.0,-0.054059089533941417,0.2748301004740293,0.19911121146997418,-0.05082142354208416,-0.8665617726934536
MKT-02211,Campaign 2211,2023-04-13 00:00:00+00:00,2023-05-01 00:00:00+00:00,272138,2678,0.0441,1880317.83,2023,4,2,3,13,0,0,18,101.61986557132188,6.909427680074081,0.15958333333333333,0.2520833333333333,2694009.023235263,2828093.8678722903,0.0,0.0,0.0,0.0,1.0,0.0,0.0,0.0,1.0,-0.7642416640768889,-0.8575610904438994,0.13140898866778847,-0.5285632930992991,0.8312816825654269
MKT-02212,Campaign 2212,2024-07-16 00:00:00+00:00,2024-09-04 00:00:00+00:00,332095,4760,0.0519,2232855.87,2024,7,3,1,16,0,0,50,69.76785714285714,6.723545581836523,0.15958333333333333,0.3254166666666667,2694009.023235263,2755334.291556837,0.0,0.0,0.0,0.0,1.0,0.0,1.0,0.0,0.0,-0.5309818288479234,-0.40538647220624546,0.6114792958105614,-0.3281680520787935,-0.39761546393715386
MKT-02213,Campaign 2213,2025-04-14 00:00:00+00:00,2025-05-12 00:00:00+00:00,60903,1338,0.0499,528823.8,2025,4,2,0,14,0,0,28,45.51793721973094,8.683050096054382,0.16791666666666666,0.4225,2855926.099785614,2841772.1179897054,1.0,0.0,0.0,0.0,0.0,0.0,0.0,1.0,0.0,-1.586041308732067,-1.1485860608754346,0.4883843452611324,-1.296800876423993,-1.3332128992880226
MKT-02214,Campaign 2214,2025-05-09 00:00:00+00:00,2025-06-24 00:00:00+00:00,339868,5455,0.0514,2517771.61,2025,5,2,4,9,0,0,46,62.30394133822181,7.408086698365247,0.15958333333333333,0.4225,2694009.023235263,2841772.1179897054,0.0,0.0,0.0,0.0,1.0,0.0,0.0,1.0,0.0,-0.5007413448471437,-0.25444441664660594,0.5807055581732041,-0.16621174691570922,-0.6855842698807976
MKT-02215,Campaign 2215,2024-02-11 00:00:00+00:00,2024-04-18 00:00:00+00:00,517327,13084,0.0242,3381028.2,2024,2,1,6,11,0,0,67,39.53890247630694,6.535572664871542,0.15958333333333333,0.4225,2694009.023235263,2841772.1179897054,0.0,0.0,0.0,0.0,1.0,0.0,0.0,1.0,0.0,0.18965439042808657,1.4024432694893505,-1.0933857692990296,0.3244941990740902,-1.5638928186260854
MKT-02216,Campaign 2216,2026-01-07 00:00:00+00:00,2026-03-08 00:00:00+00:00,575634,7003,0.0398,2720389.32,2026,1,1,2,7,0,0,60,82.1982007710981,4.725901041286651,0.17791666666666667,0.3254166666666667,2915925.030689836,2755334.291556837,0.0,0.0,0.0,1.0,0.0,0.0,1.0,0.0,0.0,0.41649497972867344,0.08175457904594363,-0.13324515501348366,-0.05103658785919186,0.08196540296795186
MKT-02217,Campaign 2217,2023-07-24 00:00:00+00:00,2023-08-24 00:00:00+00:00,392809,11117,0.0475,3227500.12,2023,7,3,0,24,0,0,31,35.3340829360439,8.21646174094789,0.15833333333333333,0.4225,2745646.1699524573,2841772.1179897054,0.0,0.0,1.0,0.0,0.0,0.0,0.0,1.0,0.0,-0.29477692139605943,0.9752446748335075,0.3406704046018177,0.2372233428708406,-1.7261209163045277
MKT-02218,Campaign 2218,2023-10-17 00:00:00+00:00,2024-01-10 00:00:00+00:00,599783,11826,0.0382,3003958.5,2023,10,4,1,17,0,0,85,50.7173177743954,5.00840887454296,0.1675,0.4225,2698290.221362763,2841772.1179897054,0.0,1.0,0.0,0.0,0.0,0.0,0.0,1.0,0.0,0.5104455069555909,1.1292272897857154,-0.2317211154530271,0.11015428439983341,-1.1326131807001631
MKT-02219,Campaign 2219,2025-03-07 00:00:00+00:00,2025-04-03 00:00:00+00:00,35287,283,0.0524,254064.62,2025,3,1,4,7,0,0,27,124.68904593639576,7.199949556493893,0.1675,0.3254166666666667,2698290.221362763,2755334.291556837,0.0,1.0,0.0,0.0,0.0,0.0,1.0,0.0,0.0,-1.6856991291571246,-1.3777139293868297,0.6422530334479187,-1.452983829329434,1.7213244560521315
MKT-02220,Campaign 2220,2023-04-15 00:00:00+00:00,2023-05-16 00:00:00+00:00,798605,6675,0.0592,4063779.53,2023,4,2,5,15,0,0,31,119.64119850187267,5.0885976546603136,0.17791666666666667,0.3254166666666667,2915925.030689836,2755334.291556837,0.0,0.0,0.0,1.0,0.0,0.0,1.0,0.0,0.0,1.2839529699689733,0.010518616134343973,1.0607758653159771,0.7125944941016016,1.5265711072264985
MKT-02221,Campaign 2221,2024-08-19 00:00:00+00:00,2024-10-23 00:00:00+00:00,216322,2425,0.0287,1414836.52,2024,8,3,0,19,0,0,65,89.20494845360825,6.5404190050018025,0.16791666666666666,0.4225,2855926.099785614,2841772.1179897054,1.0,0.0,0.0,0.0,0.0,0.0,0.0,1.0,0.0,-0.981391137251663,-0.9125083423238832,-0.8164221305628144,-0.7931595315874651,0.3522959930354029
MKT-02222,Campaign 2222,2025-01-02 00:00:00+00:00,2025-01-26 00:00:00+00:00,610845,4943,0.0414,3424692.71,2025,1,1,3,2,0,0,24,123.57778676916853,5.606483985299053,0.17791666666666667,0.2520833333333333,2915925.030689836,2828093.8678722903,0.0,0.0,0.0,1.0,0.0,0.0,0.0,0.0,1.0,0.5534816878402719,-0.36564201728910295,-0.034769194573940676,0.34931466952741275,1.6784504494507149
MKT-02223,Campaign 2223,2023-10-18 00:00:00+00:00,2024-01-16 00:00:00+00:00,136562,1779,0.0335,793937.24,2023,10,4,2,18,0,0,90,76.76335019673974,5.813749359265389,0.15833333333333333,0.2520833333333333,2745646.1699524573,2828093.8678722903,0.0,0.0,1.0,0.0,0.0,0.0,0.0,0.0,1.0,-1.2916935949774047,-1.0528084400095337,-0.5209942492441848,-1.146100907403415,-0.12771909392952763
MKT-02224,Campaign 2224,2024-02-07 00:00:00+00:00,2024-03-04 00:00:00+00:00,863462,11000,0.0352,4742984.71,2024,2,1,2,7,0,0,26,78.49654545454545,5.492986037602118,0.16875,0.2520833333333333,2935005.225015562,2828093.8678722903,0.0,0.0,0.0,0.0,0.0,1.0,0.0,0.0,1.0,1.536276020379184,0.9498342856241869,-0.41636354127717023,1.0986790305348213,-0.06084988185353693
MKT-02225,Campaign 2225,2024-05-08 00:00:00+00:00,2024-06-21 00:00:00+00:00,383505,5119,0.0157,2924190.58,2024,5,2,2,8,0,0,44,74.91795272514163,7.624908619183583,0.1675,0.4225,2698290.221362763,2841772.1179897054,0.0,1.0,0.0,0.0,0.0,0.0,0.0,1.0,0.0,-0.33097368752795886,-0.32741784206824465,-1.6165393091341027,0.06481134338244877,-0.19891723178331996
MKT-02226,Campaign 2226,2023-11-27 00:00:00+00:00,2024-02-03 00:00:00+00:00,536094,14025,0.0486,3486346.96,2023,11,4,0,27,0,0,68,38.224171122994655,6.503238163456409,0.16875,0.3254166666666667,2935005.225015562,2755334.291556837,0.0,0.0,0.0,0.0,0.0,1.0,1.0,0.0,0.0,0.2626665045722565,1.60681229723269,0.40837262740400343,0.3843611521387318,-1.6146170802415347
MKT-02227,Campaign 2227,2025-07-20 00:00:00+00:00,2025-10-01 00:00:00+00:00,386782,5878,0.0879,2329382.96,2025,7,3,6,20,0,0,73,65.80163320857434,6.022469918455357,0.17791666666666667,0.2520833333333333,2915925.030689836,2828093.8678722903,0.0,0.0,0.0,1.0,0.0,0.0,0.0,0.0,1.0,-0.31822467606899124,-0.162576086428293,2.8271884057002827,-0.27329859893961456,-0.5506381936082477
MKT-02228,Campaign 2228,2024-05-15 00:00:00+00:00,2024-08-04 00:00:00+00:00,463055,5625,0.0487,2762753.67,2024,5,2,2,15,0,0,81,82.32088888888889,5.966361814471283,0.17791666666666667,0.2520833333333333,2915925.030689836,2828093.8678722903,0.0,0.0,0.0,1.0,0.0,0.0,0.0,0.0,1.0,-0.021488224738556414,-0.21752333830827686,0.414527374931475,-0.026955174889042394,0.08669889028324886
MKT-02229,Campaign 2229,2023-07-27 00:00:00+00:00,2023-09-18 00:00:00+00:00,750875,9243,0.0786,4369976.38,2023,7,3,3,27,0,0,53,81.23715243968408,5.819845353753953,0.15958333333333333,0.3254166666666667,2694009.023235263,2755334.291556837,0.0,0.0,0.0,0.0,1.0,0.0,1.0,0.0,0.0,1.0982616922953319,0.568244081856868,2.254796885645438,0.886647743945135,0.04488675046231203
MKT-02230,Campaign 2230,2024-12-12 00:00:00+00:00,2025-02-23 00:00:00+00:00,726497,9000,0.0627,5626134.69,2024,12,4,3,12,0,0,73,80.72188888888888,7.744195351116385,0.15958333333333333,0.4225,2694009.023235263,2841772.1179897054,0.0,0.0,0.0,0.0,1.0,0.0,0.0,1.0,0.0,1.003420251542597,0.515468658114433,1.276192028777478,1.6006930914836899,0.02500712784161924
MKT-02231,Campaign 2231,2024-10-17 00:00:00+00:00,2024-12-22 00:00:00+00:00,138393,2063,0.03,829249.28,2024,10,4,3,17,0,0,66,67.08337372758119,5.991988612140788,0.16791666666666666,0.4225,2855926.099785614,2841772.1179897054,1.0,0.0,0.0,0.0,0.0,0.0,0.0,1.0,0.0,-1.2845701772229432,-0.9911285209031487,-0.7364104127056856,-1.1260282798744092,-0.5011867667099481
MKT-02232,Campaign 2232,2023-08-08 00:00:00+00:00,2023-09-22 00:00:00+00:00,210386,2115,0.0488,1253586.43,2023,8,3,1,8,0,0,45,99.47328605200946,5.958506887340412,0.1675,0.4225,2698290.221362763,2841772.1179897054,0.0,1.0,0.0,0.0,0.0,0.0,0.0,1.0,0.0,-1.0044848607855146,-0.9798350145878951,0.42068212245894665,-0.8848198546837421,0.7484635000967031
MKT-02233,Campaign 2233,2023-02-25 00:00:00+00:00,2023-03-24 00:00:00+00:00,323873,2686,0.0546,1279431.14,2023,2,1,5,25,0,0,27,120.57818317200298,3.950410006391394,0.16791666666666666,0.4225,2855926.099785614,2841772.1179897054,1.0,0.0,0.0,0.0,0.0,0.0,0.0,1.0,0.0,-0.5629691258316376,-0.8558236279338604,0.7776574790522905,-0.8701287964094206,1.5627213484279543
MKT-02234,Campaign 2234,2024-06-22 00:00:00+00:00,2024-08-19 00:00:00+00:00,590308,5514,0.0537,2700180.08,2024,6,2,5,22,0,0,58,107.05622052956112,4.57418852531221,0.15958333333333333,0.2520833333333333,2694009.023235263,2828093.8678722903,0.0,0.0,0.0,0.0,1.0,0.0,0.0,0.0,1.0,0.47358347351838675,-0.2416306306350682,0.7222647513050472,-0.06252424326409849,1.041024220796865
MKT-02235,Campaign 2235,2025-12-26 00:00:00+00:00,2026-03-10 00:00:00+00:00,556493,8688,0.0305,4302610.37,2025,12,4,4,26,0,0,74,64.05306169429097,7.731652275949563,0.1675,0.3254166666666667,2698290.221362763,2755334.291556837,0.0,1.0,0.0,0.0,0.0,0.0,1.0,0.0,0.0,0.3420278365074044,0.44770762022291133,-0.7056366750683284,0.848354492497604,-0.6181006441844641
MKT-02236,Campaign 2236,2024-06-21 00:00:00+00:00,2024-07-08 00:00:00+00:00,379158,6241,0.0454,2964469.98,2024,6,2,4,21,0,0,17,60.75276398013139,7.818561074802589,0.15833333333333333,0.2520833333333333,2745646.1699524573,2828093.8678722903,0.0,0.0,1.0,0.0,0.0,0.0,0.0,0.0,1.0,-0.347885482710178,-0.08373872503527265,0.21142070652491743,0.08770759614189944,-0.7454309647401776
MKT-02237,Campaign 2237,2024-01-11 00:00:00+00:00,2024-03-10 00:00:00+00:00,262738,2292,0.0688,1356451.92,2024,1,1,3,11,0,0,59,114.6326352530541,5.1627549878586265,0.16875,0.3254166666666667,2935005.225015562,2755334.291556837,0.0,0.0,0.0,0.0,0.0,1.0,1.0,0.0,0.0,-0.8008119136082575,-0.9413936565532819,1.651631627953236,-0.8263474281017983,1.3333333998343841
MKT-02238,Campaign 2238,2023-09-16 00:00:00+00:00,2023-11-05 00:00:00+00:00,138880,2546,0.0171,597934.7,2023,9,3,5,16,0,0,50,54.548311076197955,4.305405385944701,0.1675,0.4225,2698290.221362763,2841772.1179897054,0.0,1.0,0.0,0.0,0.0,0.0,0.0,1.0,0.0,-1.2826755270610521,-0.8862292218595431,-1.5303728437495023,-1.2575157670421966,-0.9848078469351367
MKT-02239,Campaign 2239,2025-05-26 00:00:00+00:00,2025-08-19 00:00:00+00:00,72729,1595,0.0585,554513.74,2025,5,2,0,26,0,0,85,45.59811912225705,7.62438284590741,0.16875,0.4225,2935005.225015562,2841772.1179897054,0.0,0.0,0.0,0.0,0.0,1.0,0.0,1.0,0.0,-1.5400328224599429,-1.0927700777404312,1.017692632623677,-1.282197794957657,-1.33011936402676
MKT-02240,Campaign 2240,2023-01-02 00:00:00+00:00,2023-03-15 00:00:00+00:00,304818,5173,0.0609,2537536.47,2023,1,1,0,2,0,0,72,58.924801855789674,8.324759266185069,0.15833333333333333,0.4225,2745646.1699524573,2841772.1179897054,0.0,0.0,1.0,0.0,0.0,0.0,0.0,1.0,0.0,-0.6371016901742154,-0.3156899701254813,1.1654065732829917,-0.1549766930093659,-0.8159564213550529
MKT-02241,Campaign 2241,2024-09-04 00:00:00+00:00,2024-11-19 00:00:00+00:00,768793,9216,0.0146,5475495.88,2024,9,3,2,4,0,0,76,83.41937934027777,7.122197886817387,0.1675,0.4225,2698290.221362763,2841772.1179897054,0.0,1.0,0.0,0.0,0.0,0.0,0.0,1.0,0.0,1.167970812625445,0.5623801458854865,-1.6842415319362884,1.5150645997697396,0.12908026112219903
MKT-02242,Campaign 2242,2023-08-25 00:00:00+00:00,2023-11-08 00:00:00+00:00,588441,16486,0.032,3129400.54,2023,8,3,4,25,0,0,75,35.69337619798617,5.318121171026492,0.1675,0.3254166666666667,2698290.221362763,2755334.291556837,0.0,1.0,0.0,0.0,0.0,0.0,1.0,0.0,0.0,0.46631999948912445,2.141299201883442,-0.6133154621562567,0.18146003012844725,-1.7122588559151464
MKT-02243,Campaign 2243,2023-02-22 00:00:00+00:00,2023-04-04 00:00:00+00:00,393023,7463,0.0376,2344313.53,2023,2,1,2,22,0,0,41,52.662870159453306,5.9648252901229695,0.17791666666666667,0.2520833333333333,2915925.030689836,2828093.8678722903,0.0,0.0,0.0,1.0,0.0,0.0,0.0,0.0,1.0,-0.2939443646514091,0.18165867337318703,-0.26864960061785553,-0.2648115285124814,-1.0575509195639916
MKT-02244,Campaign 2244,2023-01-30 00:00:00+00:00,2023-04-01 00:00:00+00:00,867512,14951,0.056,7034672.95,2023,1,1,0,30,0,0,61,58.02367734599692,8.109020912679018,0.16875,0.3254166666666667,2935005.225015562,2755334.291556837,0.0,0.0,0.0,0.0,0.0,1.0,1.0,0.0,0.0,1.552032351294295,1.807923582769706,0.8638239444368907,2.4013566570362284,-0.8507231250376446
MKT-02245,Campaign 2245,2024-06-19 00:00:00+00:00,2024-07-20 00:00:00+00:00,908075,10653,0.0421,3677806.58,2024,6,2,2,19,0,0,31,85.24124659720266,4.050113239545192,0.16875,0.3254166666666667,2935005.225015562,2755334.291556837,0.0,0.0,0.0,0.0,0.0,1.0,1.0,0.0,0.0,1.709840758926307,0.8744718492512447,0.008314038118359405,0.4931936534358809,0.19937056882350823
MKT-02246,Campaign 2246,2023-02-10 00:00:00+00:00,2023-04-29 00:00:00+00:00,515900,5126,0.0332,1788485.65,2023,2,1,4,10,0,0,78,100.64377682403433,3.4667293080054273,0.1675,0.3254166666666667,2698290.221362763,2755334.291556837,0.0,1.0,0.0,0.0,0.0,0.0,1.0,0.0,0.0,0.18410271531305858,-0.3258975623719605,-0.5394584918265993,-0.5807639913403696,0.7936227487820553
MKT-02247,Campaign 2247,2026-02-10 00:00:00+00:00,2026-03-22 00:00:00+00:00,482153,3907,0.0433,3993026.56,2026,2,1,1,10,0,0,40,123.40747376503711,8.28165864362557,0.16875,0.4225,2935005.225015562,2841772.1179897054,0.0,0.0,0.0,0.0,0.0,1.0,0.0,1.0,0.0,0.052811629043367,-0.5906434123391555,0.08217100844801675,0.672375973353978,1.671879524252719
MKT-02248,Campaign 2248,2024-10-22 00:00:00+00:00,2024-12-01 00:00:00+00:00,390485,7373,0.0489,2501073.5,2024,10,4,1,22,0,0,40,52.96148107961481,6.405043727671997,0.1675,0.4225,2698290.221362763,2841772.1179897054,0.0,1.0,0.0,0.0,0.0,0.0,0.0,1.0,0.0,-0.3038183320248787,0.16211222013524812,0.42683686998641784,-0.17570355034786334,-1.0460300728165994
MKT-02249,Campaign 2249,2024-06-13 00:00:00+00:00,2024-08-28 00:00:00+00:00,752512,7699,0.0394,5096232.13,2024,6,2,3,13,0,0,76,97.74152487336018,6.772293504954074,0.16875,0.4225,2935005.225015562,2841772.1179897054,0.0,0.0,0.0,0.0,0.0,1.0,0.0,1.0,0.0,1.1046303623466989,0.232913817419338,-0.15786414512336974,1.2994775085395542,0.68164961689541
MKT-02250,Campaign 2250,2026-02-12 00:00:00+00:00,2026-03-04 00:00:00+00:00,825250,14853,0.068,3278996.25,2026,2,1,3,12,0,0,20,55.56116609439171,3.973336867615874,0.1675,0.3254166666666667,2698290.221362763,2755334.291556837,0.0,1.0,0.0,0.0,0.0,0.0,1.0,0.0,0.0,1.3876140655820923,1.786639667021728,1.6023936477334646,0.2664955864646759,-0.9457304165597638
MKT-02251,Campaign 2251,2025-06-15 00:00:00+00:00,2025-09-01 00:00:00+00:00,713546,8034,0.0425,5186070.49,2025,6,2,6,15,0,0,78,88.81578292257903,7.268025453159292,0.1675,0.2520833333333333,2698290.221362763,2828093.8678722903,0.0,1.0,0.0,0.0,0.0,0.0,0.0,0.0,1.0,0.953035006682942,0.3056700600272218,0.032933028228245474,1.3505448481239208,0.33728141674351714
MKT-02252,Campaign 2252,2024-01-15 00:00:00+00:00,2024-03-09 00:00:00+00:00,197686,3409,0.0539,1256554.83,2024,1,1,0,15,0,0,54,57.98943971839249,6.356316734619549,0.15833333333333333,0.3254166666666667,2745646.1699524573,2755334.291556837,0.0,0.0,1.0,0.0,0.0,0.0,1.0,0.0,0.0,-1.0538936021736405,-0.6988004535890843,0.7345742463599905,-0.8831325098699873,-0.8520440628667488
MKT-02253,Campaign 2253,2025-07-26 00:00:00+00:00,2025-08-09 00:00:00+00:00,604192,7869,0.0251,3071439.2,2025,7,3,5,26,0,0,14,76.78129368407676,5.083548276044701,0.15833333333333333,0.2520833333333333,2745646.1699524573,2828093.8678722903,0.0,0.0,1.0,0.0,0.0,0.0,0.0,0.0,1.0,0.527598510166634,0.2698348957576671,-1.0379930415517864,0.14851272974868843,-0.12702680790190418
MKT-02254,Campaign 2254,2025-08-17 00:00:00+00:00,2025-11-16 00:00:00+00:00,91188,1168,0.0478,633834.2,2025,8,3,6,17,0,0,91,78.07191780821918,6.95085098916524,0.1675,0.4225,2698290.221362763,2841772.1179897054,0.0,1.0,0.0,0.0,0.0,0.0,0.0,1.0,0.0,-1.468218967555737,-1.1855071392137637,0.3591346471842321,-1.2371092062210847,-0.07723263850351104
MKT-02255,Campaign 2255,2023-01-02 00:00:00+00:00,2023-03-24 00:00:00+00:00,193317,1595,0.0339,1612526.59,2023,1,1,0,2,0,0,81,121.20188087774295,8.341359476921326,0.1675,0.4225,2698290.221362763,2841772.1179897054,0.0,1.0,0.0,0.0,0.0,0.0,0.0,1.0,0.0,-1.0708909873015713,-1.0927700777404312,-0.4963752591342992,-0.680785419491617,1.5867845195961217
MKT-02256,Campaign 2256,2024-03-31 00:00:00+00:00,2024-06-22 00:00:00+00:00,309482,5306,0.0339,2584494.71,2024,3,1,6,31,0,1,83,58.32679984922729,8.351034018133527,0.1675,0.4225,2698290.221362763,2841772.1179897054,0.0,1.0,0.0,0.0,0.0,0.0,0.0,1.0,0.0,-0.618956621683332,-0.2868046558960826,-0.4963752591342992,-0.1282839485251148,-0.83902821480625
MKT-02257,Campaign 2257,2025-09-19 00:00:00+00:00,2025-12-10 00:00:00+00:00,59645,545,0.0667,202548.73,2025,9,3,4,19,0,0,82,109.44036697247707,3.39590460222986,0.15833333333333333,0.4225,2745646.1699524573,2841772.1179897054,0.0,0.0,1.0,0.0,0.0,0.0,0.0,1.0,0.0,-1.590935497445946,-1.3208120321830519,1.5223819298763352,-1.4822673052145776,1.1330080831998834
MKT-02258,Campaign 2258,2025-01-28 00:00:00+00:00,2025-04-20 00:00:00+00:00,96719,960,0.0315,359457.44,2025,1,1,1,28,0,0,82,100.74895833333333,3.716513198027275,0.16875,0.2520833333333333,2935005.225015562,2828093.8678722903,0.0,0.0,0.0,0.0,0.0,1.0,0.0,0.0,1.0,-1.4467008771133965,-1.230681164474778,-0.6440891997936139,-1.3930747779098176,0.7976808054955801
MKT-02259,Campaign 2259,2025-11-25 00:00:00+00:00,2025-12-14 00:00:00+00:00,244506,2902,0.0338,1530404.24,2025,11,4,1,25,0,0,19,84.25430737422467,6.259168445764112,0.16875,0.2520833333333333,2935005.225015562,2828093.8678722903,0.0,0.0,0.0,0.0,0.0,1.0,0.0,0.0,1.0,-0.8717426358908017,-0.8089121401628069,-0.5025300066617708,-0.7274667027977257,0.16129300779268596
MKT-02260,Campaign 2260,2024-07-02 00:00:00+00:00,2024-09-01 00:00:00+00:00,396416,4011,0.0143,2659596.7,2024,7,3,1,2,0,0,61,98.83221141859886,6.709105333790766,0.17791666666666667,0.4225,2915925.030689836,2841772.1179897054,0.0,0.0,0.0,1.0,0.0,0.0,0.0,1.0,0.0,-0.2807440607514161,-0.5680563997086483,-1.7027057745187029,-0.08559328913650063,0.7237299016028187
MKT-02261,Campaign 2261,2023-06-05 00:00:00+00:00,2023-07-31 00:00:00+00:00,144199,2147,0.0278,1215538.21,2023,6,2,0,5,0,0,56,67.16301816488122,8.429588346659823,0.17791666666666667,0.3254166666666667,2915925.030689836,2755334.291556837,0.0,0.0,0.0,1.0,0.0,0.0,1.0,0.0,0.0,-1.2619822124592064,-0.972885164547739,-0.8718148583100576,-0.9064478248661973,-0.49811396764446286
MKT-02262,Campaign 2262,2026-02-03 00:00:00+00:00,2026-05-02 00:00:00+00:00,235486,2568,0.0148,1566126.82,2026,2,1,1,3,0,0,88,91.70015576323988,6.650615408134667,0.15833333333333333,0.4225,2745646.1699524573,2841772.1179897054,0.0,0.0,1.0,0.0,0.0,0.0,0.0,1.0,0.0,-0.9068345136326045,-0.8814511999569359,-1.6719320368813455,-0.7071607096374577,0.44856474637399674
MKT-02263,Campaign 2263,2024-03-05 00:00:00+00:00,2024-04-10 00:00:00+00:00,384150,7978,0.0609,2945767.06,2024,3,1,1,5,0,0,36,48.15116570569065,7.66827296628921,0.17791666666666667,0.2520833333333333,2915925.030689836,2828093.8678722903,0.0,0.0,0.0,1.0,0.0,0.0,0.0,0.0,1.0,-0.3284643459377745,0.2935078224569487,1.1654065732829917,0.07707618694365456,-1.2316190867737273
MKT-02264,Campaign 2264,2024-12-31 00:00:00+00:00,2025-02-26 00:00:00+00:00,187174,1765,0.0479,1340347.87,2024,12,4,1,31,0,1,57,106.04759206798867,7.1609725175505154,0.15958333333333333,0.2520833333333333,2694009.023235263,2828093.8678722903,0.0,0.0,0.0,0.0,1.0,0.0,0.0,0.0,1.0,-1.0947900344155286,-1.055848999402102,0.3652893947117033,-0.8355015465655993,1.0021098571676008
MKT-02265,Campaign 2265,2024-06-24 00:00:00+00:00,2024-07-26 00:00:00+00:00,880311,13498,0.0549,4954170.16,2024,6,2,0,24,0,0,32,65.21788413098237,5.627749920198657,0.16791666666666666,0.4225,2855926.099785614,2841772.1179897054,1.0,0.0,0.0,0.0,0.0,0.0,0.0,1.0,0.0,1.6018262474381237,1.4923569543838697,0.7961217216347046,1.2187243996892363,-0.5731600881800579
MKT-02266,Campaign 2266,2024-10-07 00:00:00+00:00,2024-11-23 00:00:00+00:00,191668,1549,0.0494,973978.31,2024,10,4,0,7,0,0,47,123.73660426081342,5.081590615021809,0.16875,0.4225,2935005.225015562,2841772.1179897054,0.0,0.0,0.0,0.0,0.0,1.0,0.0,1.0,0.0,-1.077306342777872,-1.1027604871731556,0.4576106076237751,-1.043759118652789,1.6845778609367263
MKT-02267,Campaign 2267,2026-01-02 00:00:00+00:00,2026-01-29 00:00:00+00:00,294749,3977,0.0267,1997383.34,2026,1,1,4,2,0,0,27,74.11340206185567,6.776556799174892,0.1675,0.4225,2698290.221362763,2841772.1179897054,0.0,1.0,0.0,0.0,0.0,0.0,0.0,1.0,0.0,-0.6762746521456359,-0.5754406153763142,-0.9395170811122433,-0.4620190668602288,-0.22995797499263404
MKT-02268,Campaign 2268,2024-02-06 00:00:00+00:00,2024-04-11 00:00:00+00:00,242487,2042,0.0551,1652375.56,2024,2,1,1,6,0,0,65,118.74975514201763,6.814285136935176,0.1675,0.4225,2698290.221362763,2841772.1179897054,0.0,1.0,0.0,0.0,0.0,0.0,0.0,1.0,0.0,-0.8795974586358903,-0.9956893599920011,0.8084312166896478,-0.6581338385513902,1.492177916490823
MKT-02269,Campaign 2269,2026-02-21 00:00:00+00:00,2026-03-15 00:00:00+00:00,349031,5978,0.0389,1812514.84,2026,2,1,5,21,0,0,22,58.385915021746406,5.192990995069206,0.1675,0.4225,2698290.221362763,2841772.1179897054,0.0,1.0,0.0,0.0,0.0,0.0,0.0,1.0,0.0,-0.46509313245821476,-0.1408578050528053,-0.188637882760727,-0.5671049396205111,-0.8367474648501867
MKT-02270,Campaign 2270,2025-07-25 00:00:00+00:00,2025-09-20 00:00:00+00:00,505122,8244,0.0513,2483225.3,2025,7,3,4,25,0,0,57,61.27147016011645,4.916090172275212,0.15958333333333333,0.4225,2694009.023235263,2841772.1179897054,0.0,0.0,0.0,0.0,1.0,0.0,0.0,1.0,0.0,0.14217142281847428,0.351278450915746,0.5745508106457325,-0.18584910610344144,-0.7254185204420891
MKT-02271,Campaign 2271,2023-02-27 00:00:00+00:00,2023-05-03 00:00:00+00:00,327531,3054,0.004,1253978.15,2023,2,1,0,27,0,0,65,107.24656188605108,3.828578516232051,0.17791666666666667,0.4225,2915925.030689836,2841772.1179897054,0.0,0.0,0.0,1.0,0.0,0.0,0.0,1.0,0.0,-0.5487378521310262,-0.7759003524720656,-2.336644769848262,-0.884597187014141,1.0483678691692204
MKT-02272,Campaign 2272,2026-02-19 00:00:00+00:00,2026-04-28 00:00:00+00:00,19539,170,0.0229,72949.23,2026,2,1,3,19,0,0,68,114.93529411764706,3.7335191156149237,0.15958333333333333,0.2520833333333333,2694009.023235263,2828093.8678722903,0.0,0.0,0.0,0.0,1.0,0.0,0.0,0.0,1.0,-1.7469659684784007,-1.4022555873411309,-1.1733974871561583,-1.5559363000232995,1.345010422207944
MKT-02273,Campaign 2273,2024-12-17 00:00:00+00:00,2025-01-11 00:00:00+00:00,573860,7268,0.0307,2117792.11,2024,12,4,1,17,0,0,25,78.95707209686296,3.690433398389851,0.16791666666666666,0.4225,2855926.099785614,2841772.1179897054,1.0,0.0,0.0,0.0,0.0,0.0,0.0,1.0,0.0,0.40959331774264707,0.13930802469098602,-0.6933271800133853,-0.3935744119653058,-0.0430820893482882
MKT-02274,Campaign 2274,2023-11-12 00:00:00+00:00,2023-12-25 00:00:00+00:00,574562,14097,0.0469,4090106.98,2023,11,4,6,12,0,0,43,40.757749875860114,7.118652086284857,0.15958333333333333,0.4225,2694009.023235263,2841772.1179897054,0.0,0.0,0.0,0.0,1.0,0.0,0.0,1.0,0.0,0.41232441510126633,1.622449459823041,0.3037419194369888,0.7275599590715814,-1.516867900411056
MKT-02275,Campaign 2275,2024-11-13 00:00:00+00:00,2024-12-29 00:00:00+00:00,861117,12958,0.0168,5322022.84,2024,11,4,2,13,0,0,46,66.4544682821423,6.1803713548797665,0.15833333333333333,0.2520833333333333,2745646.1699524573,2828093.8678722903,0.0,0.0,1.0,0.0,0.0,0.0,0.0,0.0,1.0,1.527152910256731,1.375078234956236,-1.5488370863319167,1.4278250302726445,-0.5254508601047343
MKT-02276,Campaign 2276,2023-05-31 00:00:00+00:00,2023-08-28 00:00:00+00:00,652984,6076,0.0784,5288538.25,2023,5,2,2,31,0,1,89,107.46938775510205,8.099031905835366,0.16791666666666666,0.4225,2855926.099785614,2841772.1179897054,1.0,0.0,0.0,0.0,0.0,0.0,0.0,1.0,0.0,0.7174214479469045,-0.11957388930482735,2.2424873905904947,1.4087911907371358,1.0569648176240933
MKT-02277,Campaign 2277,2025-10-21 00:00:00+00:00,2025-11-23 00:00:00+00:00,860931,11018,0.0622,3299839.33,2025,10,4,1,21,0,0,33,78.13859139589762,3.8328731686976076,0.15833333333333333,0.3254166666666667,2745646.1699524573,2755334.291556837,0.0,0.0,1.0,0.0,0.0,0.0,1.0,0.0,0.0,1.5264292861702593,0.9537435762717748,1.2454182911401204,0.27834353921385924,-0.07466027381796426
MKT-02278,Campaign 2278,2026-01-22 00:00:00+00:00,2026-04-19 00:00:00+00:00,662782,6650,0.0628,5829137.21,2026,1,1,3,22,0,0,87,99.66646616541354,8.794954012028088,0.1675,0.4225,2698290.221362763,2841772.1179897054,0.0,1.0,0.0,0.0,0.0,0.0,0.0,1.0,0.0,0.7555400974052396,0.0050890457904720484,1.2823467763049488,1.716086990318465,0.7559166718694184
MKT-02279,Campaign 2279,2026-02-04 00:00:00+00:00,2026-03-09 00:00:00+00:00,726704,10522,0.065,4166598.52,2026,2,1,2,4,0,0,33,69.06519673065957,5.7335566062661005,0.15833333333333333,0.3254166666666667,2745646.1699524573,2755334.291556837,0.0,0.0,1.0,0.0,0.0,0.0,1.0,0.0,0.0,1.0042255751227027,0.8460209006493558,1.4177512219093211,0.77104048841908,-0.4247251319962096
MKT-02280,Campaign 2280,2025-03-25 00:00:00+00:00,2025-06-09 00:00:00+00:00,475985,12536,0.0507,3619945.5,2025,3,1,1,25,0,0,76,37.96944798978941,7.605167179638014,0.16791666666666666,0.3254166666666667,2855926.099785614,2755334.291556837,1.0,0.0,0.0,0.0,0.0,0.0,1.0,0.0,0.0,0.028815320627464624,1.283427087551678,0.537622325480904,0.4603033444289245,-1.6244446718751093
MKT-02281,Campaign 2281,2025-10-23 00:00:00+00:00,2026-01-03 00:00:00+00:00,634942,6621,0.0239,2848151.45,2025,10,4,3,23,0,0,72,95.89820268841565,4.485687590362585,0.15833333333333333,0.4225,2745646.1699524573,2841772.1179897054,0.0,0.0,1.0,0.0,0.0,0.0,0.0,1.0,0.0,0.6472299115591433,-0.0012092558084193844,-1.1118500118814438,0.021587980072947398,0.6105315466408866
MKT-02282,Campaign 2282,2023-03-09 00:00:00+00:00,2023-03-25 00:00:00+00:00,436734,7068,0.0493,2176798.34,2023,3,1,3,9,0,0,16,61.79032258064516,4.9842658002353835,0.1675,0.3254166666666667,2698290.221362763,2755334.291556837,0.0,1.0,0.0,0.0,0.0,0.0,1.0,0.0,0.0,-0.12388881387846667,0.09587146194001063,0.4514558600963035,-0.3600331587077527,-0.7054004339695928
MKT-02283,Campaign 2283,2026-01-17 00:00:00+00:00,2026-03-19 00:00:00+00:00,317987,4031,0.0341,1234920.25,2026,1,1,5,17,0,0,61,78.88538824113124,3.8835557742926596,0.16875,0.3254166666666667,2935005.225015562,2755334.291556837,0.0,0.0,0.0,0.0,0.0,1.0,1.0,0.0,0.0,-0.585868326761599,-0.5637127434335508,-0.48406576407935636,-0.8954303795508802,-0.04584775751508078
MKT-02284,Campaign 2284,2023-08-22 00:00:00+00:00,2023-09-25 00:00:00+00:00,560822,4789,0.0383,2903000.77,2023,8,3,1,22,0,0,34,117.10628523700146,5.176331830776967,0.17791666666666667,0.4225,2915925.030689836,2841772.1179897054,0.0,0.0,0.0,1.0,0.0,0.0,0.0,1.0,0.0,0.3588696035522231,-0.399088170607354,-0.22556636792555546,0.05276629689007952,1.4287704399678556
MKT-02285,Campaign 2285,2026-01-12 00:00:00+00:00,2026-01-28 00:00:00+00:00,439410,7992,0.0557,2323190.84,2026,1,1,0,12,0,0,16,54.981231231231234,5.28706866024897,0.16875,0.3254166666666667,2935005.225015562,2755334.291556837,0.0,0.0,0.0,0.0,0.0,1.0,1.0,0.0,0.0,-0.11347796411826,0.296548381849517,0.8453597018544763,-0.276818421594293,-0.9681051531512052
MKT-02286,Campaign 2286,2025-05-22 00:00:00+00:00,2025-08-16 00:00:00+00:00,287670,4326,0.033,1443676.77,2025,5,2,3,22,0,0,86,66.49791955617198,5.018516946501199,0.15833333333333333,0.2520833333333333,2745646.1699524573,2828093.8678722903,0.0,0.0,1.0,0.0,0.0,0.0,0.0,0.0,1.0,-0.7038151624044188,-0.49964381337586206,-0.5517679868815422,-0.7767657011519138,-0.5237744462990901
MKT-02287,Campaign 2287,2025-02-27 00:00:00+00:00,2025-05-11 00:00:00+00:00,885723,18048,0.0321,7332133.54,2025,2,1,3,27,0,0,73,49.07596409574468,8.278133840941242,0.15958333333333333,0.4225,2694009.023235263,2841772.1179897054,0.0,0.0,0.0,0.0,1.0,0.0,0.0,1.0,0.0,1.6228813740832053,2.48053875696856,-0.6071607146287854,2.5704439039816975,-1.1959390101098033
MKT-02288,Campaign 2288,2025-11-17 00:00:00+00:00,2026-02-02 00:00:00+00:00,121290,3166,0.0574,965110.7,2025,11,4,0,17,0,0,77,38.310170562223625,7.957050869816142,0.16875,0.4225,2935005.225015562,2841772.1179897054,0.0,0.0,0.0,0.0,0.0,1.0,0.0,1.0,0.0,-1.3511085791096453,-0.7515758773315194,0.9499904098214909,-1.0487997855925209,-1.6112990958919244
MKT-02289,Campaign 2289,2023-06-08 00:00:00+00:00,2023-08-10 00:00:00+00:00,125863,1745,0.0289,477733.6,2023,6,2,3,8,0,0,63,72.12779369627508,3.795663538927246,0.16791666666666666,0.4225,2855926.099785614,2841772.1179897054,1.0,0.0,0.0,0.0,0.0,0.0,0.0,1.0,0.0,-1.3333175417578422,-1.0601926556771997,-0.8041126355078716,-1.3258423748755808,-0.306565654537043
MKT-02290,Campaign 2290,2023-03-16 00:00:00+00:00,2023-04-18 00:00:00+00:00,476447,10857,0.0371,2570221.38,2023,3,1,3,16,0,0,33,43.883853734917565,5.3945588491479635,0.16791666666666666,0.2520833333333333,2855926.099785614,2828093.8678722903,1.0,0.0,0.0,0.0,0.0,0.0,0.0,0.0,1.0,0.03061270948741062,0.9187771432572396,-0.2994233382552128,-0.1363974202103696,-1.3962582339690086
MKT-02291,Campaign 2291,2023-06-13 00:00:00+00:00,2023-08-15 00:00:00+00:00,34417,555,0.0407,171032.69,2023,6,2,1,13,0,0,63,62.012612612612614,4.969424702908446,0.17791666666666667,0.4225,2915925.030689836,2841772.1179897054,0.0,0.0,0.0,1.0,0.0,0.0,0.0,1.0,0.0,-1.689083822464815,-1.3186402040455032,-0.07785242726624077,-1.500182150465921,-0.6968241588943719
MKT-02292,Campaign 2292,2023-05-14 00:00:00+00:00,2023-07-11 00:00:00+00:00,800166,7181,0.0513,6729431.6,2023,5,2,6,14,0,0,58,111.42821334076034,8.410044415783725,0.16791666666666666,0.2520833333333333,2855926.099785614,2828093.8678722903,1.0,0.0,0.0,0.0,0.0,0.0,0.0,0.0,1.0,1.290025965662427,0.12041311989431173,0.5745508106457325,2.2278465475947775,1.209702108167105
MKT-02293,Campaign 2293,2023-02-06 00:00:00+00:00,2023-04-12 00:00:00+00:00,308423,7934,0.0537,2026659.95,2023,2,1,0,6,0,0,65,38.87358205192841,6.571040259643412,0.17791666666666667,0.3254166666666667,2915925.030689836,2755334.291556837,0.0,0.0,0.0,1.0,0.0,0.0,1.0,0.0,0.0,-0.6230766104337278,0.2839517786517341,0.7222647513050472,-0.4453771937811894,-1.5895618552541808
MKT-02294,Campaign 2294,2023-05-31 00:00:00+00:00,2023-06-16 00:00:00+00:00,456507,4962,0.0314,3736343.26,2023,5,2,2,31,0,1,16,92.0006045949214,8.184635197269701,0.17791666666666667,0.4225,2915925.030689836,2841772.1179897054,0.0,0.0,0.0,1.0,0.0,0.0,0.0,1.0,0.0,-0.04696290494402476,-0.3615155438277603,-0.6502439473210855,0.5264679976659111,0.46015650244026407
MKT-02295,Campaign 2295,2024-10-12 00:00:00+00:00,2024-12-03 00:00:00+00:00,531595,7596,0.0152,2933131.31,2024,10,4,5,12,0,0,52,69.9835439705108,5.517605150537533,0.17791666666666667,0.4225,2915925.030689836,2841772.1179897054,0.0,0.0,0.0,1.0,0.0,0.0,0.0,1.0,0.0,0.24516336067421093,0.2105439876025857,-1.6473130467714598,0.06989357434750791,-0.3892939501576679
MKT-02296,Campaign 2296,2025-12-06 00:00:00+00:00,2026-02-22 00:00:00+00:00,270182,3850,0.0625,1800583.07,2025,12,4,5,6,0,0,78,70.17714285714285,6.664333930461689,0.15833333333333333,0.4225,2745646.1699524573,2841772.1179897054,0.0,0.0,1.0,0.0,0.0,0.0,0.0,1.0,0.0,-0.7718513883410758,-0.6030228327231836,1.2638825337225348,-0.5738873847857229,-0.38182462150033897
MKT-02297,Campaign 2297,2023-01-16 00:00:00+00:00,2023-03-03 00:00:00+00:00,122423,1528,0.006,486825.59,2023,1,1,0,16,0,0,46,80.11976439790575,3.9765860173333443,0.17791666666666667,0.3254166666666667,2915925.030689836,2755334.291556837,0.0,0.0,0.0,1.0,0.0,0.0,1.0,0.0,0.0,-1.346700696905492,-1.1073213262620079,-2.213549819298833,-1.3206741623121765,0.0017762829022707094
MKT-02298,Campaign 2298,2025-12-06 00:00:00+00:00,2026-01-27 00:00:00+00:00,208599,3158,0.0485,804027.21,2025,12,4,5,6,0,0,52,66.05414819506016,3.854415457408712,0.1675,0.3254166666666667,2698290.221362763,2755334.291556837,0.0,1.0,0.0,0.0,0.0,0.0,1.0,0.0,0.0,-1.0114370986485526,-0.7533133398415583,0.4022178798765322,-1.1403654072853577,-0.5408957955099147
MKT-02299,Campaign 2299,2023-07-11 00:00:00+00:00,2023-10-03 00:00:00+00:00,99826,2357,0.0412,662077.61,2023,7,3,1,11,0,0,84,42.352991090369116,6.6323163304149215,0.17791666666666667,0.4225,2915925.030689836,2841772.1179897054,0.0,0.0,0.0,1.0,0.0,0.0,0.0,1.0,0.0,-1.4346132425076559,-0.9272767736592149,-0.0470786896288835,-1.2210546410053964,-1.4553211574200704
MKT-02300,Campaign 2300,2024-12-18 00:00:00+00:00,2025-02-08 00:00:00+00:00,77665,677,0.0462,493766.09,2024,12,4,2,18,0,0,52,114.71935007385524,6.357639734758257,0.15958333333333333,0.4225,2694009.023235263,2841772.1179897054,0.0,0.0,0.0,0.0,1.0,0.0,0.0,1.0,0.0,-1.5208295510038965,-1.2921439007674083,0.26065868674468873,-1.316728933677267,1.336678984653041
MKT-02301,Campaign 2301,2024-05-28 00:00:00+00:00,2024-07-17 00:00:00+00:00,652082,12463,0.0469,5349231.97,2024,5,2,1,28,0,0,50,52.321431437053675,8.203311807410724,0.1675,0.2520833333333333,2698290.221362763,2828093.8678722903,0.0,1.0,0.0,0.0,0.0,0.0,0.0,0.0,1.0,0.7139122601727242,1.267572742147572,0.3037419194369888,1.4432916737143233,-1.07072412566196
MKT-02302,Campaign 2302,2024-04-19 00:00:00+00:00,2024-05-13 00:00:00+00:00,852107,8821,0.0382,6004189.45,2024,4,2,4,19,0,0,24,96.59981861466954,7.046285795093809,0.1675,0.4225,2698290.221362763,2841772.1179897054,0.0,1.0,0.0,0.0,0.0,0.0,0.0,1.0,0.0,1.4920999370357062,0.47659293445231,-0.2317211154530271,1.8155929495221284,0.6376009169021243
MKT-02303,Campaign 2303,2024-02-14 00:00:00+00:00,2024-04-02 00:00:00+00:00,380126,3699,0.0407,1669355.81,2024,2,1,2,14,0,0,48,102.76453095431198,4.391585447983037,0.15833333333333333,0.3254166666666667,2745646.1699524573,2755334.291556837,0.0,0.0,1.0,0.0,0.0,0.0,1.0,0.0,0.0,-0.34411952509886257,-0.63581743760017,-0.07785242726624077,-0.6484816566440464,0.8754445499091305
MKT-02304,Campaign 2304,2024-10-05 00:00:00+00:00,2024-10-21 00:00:00+00:00,313602,5848,0.0473,1918265.89,2024,10,4,5,5,0,0,16,53.62551299589603,6.116880281375757,0.17791666666666667,0.4225,2915925.030689836,2841772.1179897054,0.0,0.0,0.0,1.0,0.0,0.0,0.0,1.0,0.0,-0.6029279591227746,-0.1690915708409393,0.32836090954687486,-0.5069922574460669,-1.0204107487184875
MKT-02305,Campaign 2305,2024-01-01 00:00:00+00:00,2024-03-20 00:00:00+00:00,357934,7257,0.0463,1230071.43,2024,1,1,0,1,1,0,79,49.32258509025768,3.4365872758665,0.16791666666666666,0.3254166666666667,2855926.099785614,2755334.291556837,1.0,0.0,0.0,0.0,0.0,0.0,1.0,0.0,0.0,-0.43045643760951524,0.13691901373968238,0.2668134342721603,-0.8981866224021908,-1.1864240108561357
MKT-02306,Campaign 2306,2025-01-11 00:00:00+00:00,2025-04-08 00:00:00+00:00,828142,7067,0.004,5687804.06,2025,1,1,5,11,0,0,87,117.18437809537286,6.868150703623291,0.1675,0.3254166666666667,2698290.221362763,2755334.291556837,0.0,1.0,0.0,0.0,0.0,0.0,1.0,0.0,0.0,1.398865252991105,0.09565427912625575,-2.336644769848262,1.6357481688442281,1.4317833768453019
MKT-02307,Campaign 2307,2025-02-28 00:00:00+00:00,2025-04-23 00:00:00+00:00,274570,7358,0.0409,1066887.67,2025,2,1,4,28,0,1,54,37.31584669747214,3.8856672979568048,0.17791666666666667,0.3254166666666667,2915925.030689836,2755334.291556837,0.0,0.0,0.0,1.0,0.0,0.0,1.0,0.0,0.0,-0.7547800846236666,0.15885447792892496,-0.06554293221129794,-0.9909461127421052,-1.6496615672204369
MKT-02308,Campaign 2308,2025-09-02 00:00:00+00:00,2025-11-12 00:00:00+00:00,870426,11720,0.0548,4810238.2,2025,9,3,1,2,0,0,71,74.2684300341297,5.526303442222544,0.16791666666666666,0.3254166666666667,2855926.099785614,2755334.291556837,1.0,0.0,0.0,0.0,0.0,0.0,1.0,0.0,0.0,1.5633691286490194,1.1062059115276983,0.7899669741072334,1.1369083215867037,-0.22397676871537525
MKT-02309,Campaign 2309,2024-09-24 00:00:00+00:00,2024-11-23 00:00:00+00:00,275265,6671,0.0304,940203.86,2024,9,3,1,24,0,0,60,41.26292909608755,3.41563170036147,0.16875,0.2520833333333333,2935005.225015562,2828093.8678722903,0.0,0.0,0.0,0.0,0.0,1.0,0.0,0.0,1.0,-0.752076220429592,0.009649884879324465,-0.7117914225957999,-1.0629577249878246,-1.4973773460366229
MKT-02310,Campaign 2310,2025-02-10 00:00:00+00:00,2025-03-16 00:00:00+00:00,419012,5717,0.0494,2905234.09,2025,2,1,0,10,0,0,34,73.29228616407207,6.933534337918723,0.15833333333333333,0.4225,2745646.1699524573,2841772.1179897054,0.0,0.0,1.0,0.0,0.0,0.0,0.0,1.0,0.0,-0.19283540560133017,-0.1975425194428282,0.4576106076237751,0.05403579591967611,-0.26163782921596807
MKT-02311,Campaign 2311,2023-05-03 00:00:00+00:00,2023-06-02 00:00:00+00:00,270598,5182,0.0583,1902507.69,2023,5,2,2,3,0,0,30,52.218834426862216,7.0307529619583295,0.15958333333333333,0.3254166666666667,2694009.023235263,2755334.291556837,0.0,0.0,0.0,0.0,1.0,0.0,1.0,0.0,0.0,-0.7702329602767088,-0.31373532480168737,1.0053831375687339,-0.5159497823901816,-1.0746824686137755
MKT-02312,Campaign 2312,2025-02-22 00:00:00+00:00,2025-03-09 00:00:00+00:00,398688,3388,0.0435,1602172.38,2025,2,1,5,22,0,0,15,117.67650531286895,4.018611997351312,0.15958333333333333,0.4225,2694009.023235263,2841772.1179897054,0.0,0.0,0.0,0.0,1.0,0.0,0.0,1.0,0.0,-0.2719049536306427,-0.7033612926779367,0.09448050350295957,-0.6866711230841341,1.4507703658339377
MKT-02313,Campaign 2313,2024-08-15 00:00:00+00:00,2024-10-25 00:00:00+00:00,633046,9999,0.044,2647481.41,2024,8,3,3,15,0,0,71,63.31093109310931,4.182131172142309,0.15833333333333333,0.4225,2745646.1699524573,2841772.1179897054,0.0,0.0,1.0,0.0,0.0,0.0,0.0,1.0,0.0,0.6398536144196247,0.7324342890555551,0.12525424114031683,-0.09248005363880321,-0.6467331299560481
MKT-02314,Campaign 2314,2026-01-23 00:00:00+00:00,2026-03-27 00:00:00+00:00,302850,2836,0.0203,1516046.72,2026,1,1,4,23,0,0,63,106.78772919605078,5.0059327059600465,0.15958333333333333,0.2520833333333333,2694009.023235263,2828093.8678722903,0.0,0.0,0.0,0.0,1.0,0.0,0.0,0.0,1.0,-0.644758099863336,-0.8232462058706288,-1.3334209228704161,-0.7356280310925581,1.0306654318259105
MKT-02315,Campaign 2315,2025-03-27 00:00:00+00:00,2025-04-24 00:00:00+00:00,56527,823,0.0405,495924.26,2025,3,1,3,27,0,0,28,68.68408262454435,8.773228014930918,0.15833333333333333,0.4225,2745646.1699524573,2841772.1179897054,0.0,0.0,1.0,0.0,0.0,0.0,0.0,1.0,0.0,-1.6030659270245424,-1.2604352099591962,-0.09016192232118359,-1.3155021525976616,-0.4394290725200458
MKT-02316,Campaign 2316,2023-07-10 00:00:00+00:00,2023-09-29 00:00:00+00:00,593509,7172,0.05,4846224.17,2023,7,3,0,10,0,0,81,82.75362520914668,8.165376043160256,0.16875,0.2520833333333333,2935005.225015562,2828093.8678722903,0.0,0.0,0.0,0.0,0.0,1.0,0.0,0.0,1.0,0.48603681061944115,0.11845847457051784,0.494539092788604,1.1573640350510057,0.10339449145223471
MKT-02317,Campaign 2317,2025-04-22 00:00:00+00:00,2025-05-10 00:00:00+00:00,653241,6811,0.035,3785433.07,2025,4,2,1,22,0,0,18,95.9097048891499,5.794849175113013,0.17791666666666667,0.4225,2915925.030689836,2841772.1179897054,0.0,0.0,0.0,1.0,0.0,0.0,0.0,1.0,0.0,0.7184212941309004,0.04005547880500725,-0.42867303633211307,0.554372402837622,0.6109753183952666
MKT-02318,Campaign 2318,2025-05-16 00:00:00+00:00,2025-07-05 00:00:00+00:00,210913,2208,0.0358,1627589.62,2025,5,2,4,16,0,0,50,95.5221920289855,7.7168767216814524,0.15833333333333333,0.2520833333333333,2745646.1699524573,2828093.8678722903,0.0,0.0,1.0,0.0,0.0,0.0,0.0,0.0,1.0,-1.0024345925405114,-0.9596370129086915,-0.3794350561123418,-0.6722230540590834,0.5960245045664118
MKT-02319,Campaign 2319,2024-11-11 00:00:00+00:00,2024-11-26 00:00:00+00:00,637708,5719,0.0503,2055141.7,2024,11,4,0,11,0,0,15,111.50690680188845,3.2227002013460706,0.17791666666666667,0.4225,2915925.030689836,2841772.1179897054,0.0,0.0,0.0,1.0,0.0,0.0,0.0,1.0,0.0,0.6579909020063525,-0.19710815381531843,0.513003335371018,-0.42918714757813065,1.212738217178753
MKT-02320,Campaign 2320,2025-12-22 00:00:00+00:00,2026-02-25 00:00:00+00:00,322811,5076,0.0477,1243708.13,2025,12,4,0,22,0,0,65,63.595547675334906,3.852743958539207,0.16791666666666666,0.3254166666666667,2855926.099785614,2755334.291556837,1.0,0.0,0.0,0.0,0.0,0.0,1.0,0.0,0.0,-0.5671007859382667,-0.33675670305970434,0.3529798996567605,-0.8904350339970806,-0.6357522052671114
MKT-02321,Campaign 2321,2024-09-05 00:00:00+00:00,2024-10-26 00:00:00+00:00,644942,8177,0.0495,4694771.67,2024,9,3,3,5,0,0,51,78.87269169622111,7.279370346480769,0.16791666666666666,0.4225,2855926.099785614,2841772.1179897054,1.0,0.0,0.0,0.0,0.0,0.0,0.0,1.0,0.0,0.6861344323371952,0.3367272023941692,0.4637653551512467,1.071273012815056,-0.04633760881741041
MKT-02322,Campaign 2322,2023-07-29 00:00:00+00:00,2023-10-25 00:00:00+00:00,283607,2574,0.0169,2329832.36,2023,7,3,5,29,0,0,88,110.18142968142968,8.21500301473518,0.16791666666666666,0.4225,2855926.099785614,2841772.1179897054,1.0,0.0,0.0,0.0,0.0,0.0,0.0,1.0,0.0,-0.7196220691965411,-0.8801481030744066,-1.5426823388044453,-0.2730431438933603,1.1615993681248709
MKT-02323,Campaign 2323,2023-02-01 00:00:00+00:00,2023-04-04 00:00:00+00:00,83111,1300,0.0488,319451.98,2023,2,1,2,1,1,0,62,63.93153846153846,3.843678694757613,0.15833333333333333,0.3254166666666667,2745646.1699524573,2755334.291556837,0.0,0.0,1.0,0.0,0.0,0.0,1.0,0.0,0.0,-1.4996421489881695,-1.1568390077981199,0.42068212245894665,-1.4158153133675975,-0.6227891885284961
MKT-02324,Campaign 2324,2024-03-07 00:00:00+00:00,2024-04-27 00:00:00+00:00,355711,6598,0.0164,2699793.16,2024,3,1,3,7,0,0,51,53.911943013034254,7.5898500749203714,0.17791666666666667,0.3254166666666667,2915925.030689836,2755334.291556837,0.0,0.0,0.0,1.0,0.0,0.0,1.0,0.0,0.0,-0.43910491257847617,-0.006204460524781555,-1.5734560764418024,-0.06274418244188379,-1.0093598590540453
MKT-02325,Campaign 2325,2023-10-01 00:00:00+00:00,2023-11-17 00:00:00+00:00,97955,1632,0.0377,345976.94,2023,10,4,6,1,1,0,47,60.021446078431374,3.53199877494768,0.16791666666666666,0.4225,2855926.099785614,2841772.1179897054,1.0,0.0,0.0,0.0,0.0,0.0,0.0,1.0,0.0,-1.4418922783452293,-1.0847343136315006,-0.26249485309038434,-1.4007375766437555,-0.7736462807257863
MKT-02326,Campaign 2326,2024-03-03 00:00:00+00:00,2024-05-19 00:00:00+00:00,85158,1319,0.073,438733.36,2024,3,1,6,3,0,0,77,64.56254738438211,5.151992296672068,0.16875,0.4225,2935005.225015562,2841772.1179897054,0.0,0.0,0.0,0.0,0.0,1.0,0.0,1.0,0.0,-1.4916783935849023,-1.1527125343367772,1.9101310241070364,-1.3480115073035526,-0.5984439398939624
MKT-02327,Campaign 2327,2024-06-17 00:00:00+00:00,2024-09-03 00:00:00+00:00,216496,4400,0.0511,1622748.8,2024,6,2,0,17,0,0,78,49.20363636363636,7.4955140048776885,0.16791666666666666,0.4225,2855926.099785614,2841772.1179897054,1.0,0.0,0.0,0.0,0.0,0.0,0.0,1.0,0.0,-0.9807141985901249,-0.48357228515800116,0.5622413155907897,-0.6749747494240345,-1.1910132269821248
MKT-02328,Campaign 2328,2025-09-13 00:00:00+00:00,2025-10-24 00:00:00+00:00,495142,9635,0.0472,2911137.8,2025,9,3,5,13,0,0,41,51.389932537623245,5.879399848932225,0.16791666666666666,0.3254166666666667,2855926.099785614,2755334.291556837,1.0,0.0,0.0,0.0,0.0,0.0,1.0,0.0,0.0,0.10334471108197854,0.6533797448487799,0.3222061620194032,0.05739167600673043,-1.1066627177934805
MKT-02329,Campaign 2329,2024-02-06 00:00:00+00:00,2024-05-03 00:00:00+00:00,160289,4036,0.0286,1181389.2,2024,2,1,1,6,0,0,87,39.71481665014866,7.370369769603653,0.1675,0.3254166666666667,2698290.221362763,2755334.291556837,0.0,1.0,0.0,0.0,0.0,0.0,1.0,0.0,0.0,-1.199384838527321,-0.5626268293647764,-0.8225768780902859,-0.9258593445125926,-1.557105792095279
MKT-02330,Campaign 2330,2024-11-15 00:00:00+00:00,2024-11-29 00:00:00+00:00,100599,1826,0.0667,481677.33,2024,11,4,4,15,0,0,14,55.09255202628697,4.7880926251752,0.16791666666666666,0.3254166666666667,2855926.099785614,2755334.291556837,1.0,0.0,0.0,0.0,0.0,0.0,1.0,0.0,0.0,-1.4316059230515124,-1.0426008477630546,1.5223819298763352,-1.3236006175779291,-0.9638102337994906
MKT-02331,Campaign 2331,2025-03-31 00:00:00+00:00,2025-06-18 00:00:00+00:00,363050,3112,0.047,2521815.45,2025,3,1,0,31,0,1,79,116.66131105398458,6.946193224073819,0.1675,0.3254166666666667,2698290.221362763,2755334.291556837,0.0,1.0,0.0,0.0,0.0,0.0,1.0,0.0,0.0,-0.4105528847794639,-0.7633037492742828,0.30989666696446044,-0.1639130835106241,1.4116026841258695
MKT-02332,Campaign 2332,2024-12-23 00:00:00+00:00,2025-03-13 00:00:00+00:00,724818,8052,0.0049,5523885.94,2024,12,4,0,23,0,0,80,90.0171385991058,7.621066171093985,0.15833333333333333,0.4225,2745646.1699524573,2841772.1179897054,0.0,0.0,1.0,0.0,0.0,0.0,0.0,1.0,0.0,0.9968881825039622,0.3095793506748096,-2.281252042101019,1.5425712419939286,0.3836314786598353
MKT-02333,Campaign 2333,2025-04-13 00:00:00+00:00,2025-05-25 00:00:00+00:00,295846,4566,0.0311,1275895.76,2025,4,2,6,13,0,0,42,64.79325448970653,4.312702419502038,0.15958333333333333,0.4225,2694009.023235263,2841772.1179897054,0.0,0.0,0.0,0.0,1.0,0.0,0.0,1.0,0.0,-0.6720068262162835,-0.4475199380746916,-0.6687081899034998,-0.872138432950201,-0.589542921798109
MKT-02334,Campaign 2334,2024-11-22 00:00:00+00:00,2025-02-18 00:00:00+00:00,397067,3707,0.0464,1684351.73,2024,11,4,4,22,0,0,88,107.11275964391692,4.241983670262197,0.15958333333333333,0.4225,2694009.023235263,2841772.1179897054,0.0,0.0,0.0,0.0,1.0,0.0,0.0,1.0,0.0,-0.2782113764487649,-0.6340799750901309,0.2729681817996315,-0.6399574389377126,1.0432055826552127
MKT-02335,Campaign 2335,2025-05-17 00:00:00+00:00,2025-07-07 00:00:00+00:00,804926,9051,0.0384,2778656.43,2025,5,2,5,17,0,0,51,88.93227267705225,3.4520644506451528,0.17791666666666667,0.4225,2915925.030689836,2841772.1179897054,0.0,0.0,0.0,1.0,0.0,0.0,0.0,1.0,0.0,1.30854451755278,0.5265449816159317,-0.21941162039808426,-0.017915476866408292,0.3417757621217821
MKT-02336,Campaign 2336,2024-05-20 00:00:00+00:00,2024-06-07 00:00:00+00:00,681925,13169,0.0593,3641604.63,2024,5,2,0,20,0,0,18,51.782595489406944,5.34018349525241,0.16875,0.4225,2935005.225015562,2841772.1179897054,0.0,0.0,0.0,0.0,0.0,1.0,0.0,1.0,0.0,0.8300150215306643,1.420903808658515,1.0669306128434484,0.47261516920858354,-1.0915132058853698
MKT-02337,Campaign 2337,2024-01-15 00:00:00+00:00,2024-02-25 00:00:00+00:00,402699,4429,0.0239,1320144.3,2024,1,1,0,15,0,0,41,90.92323323549334,3.2782408200666007,0.17791666666666667,0.3254166666666667,2915925.030689836,2755334.291556837,0.0,0.0,0.0,1.0,0.0,0.0,1.0,0.0,0.0,-0.2563003503465661,-0.47727398355910977,-1.1118500118814438,-0.8469859789395487,0.4185899371073991
MKT-02338,Campaign 2338,2023-07-29 00:00:00+00:00,2023-10-01 00:00:00+00:00,135559,1137,0.0448,834114.79,2023,7,3,5,29,0,0,64,119.22515391380827,6.153149477349347,0.1675,0.4225,2698290.221362763,2841772.1179897054,0.0,1.0,0.0,0.0,0.0,0.0,0.0,1.0,0.0,-1.295595718411443,-1.1922398064401647,0.17449222136008855,-1.1232625498296807,1.5105194975379466
MKT-02339,Campaign 2339,2023-01-14 00:00:00+00:00,2023-03-07 00:00:00+00:00,609140,14540,0.032,2895709.38,2023,1,1,5,14,0,0,52,41.89408528198074,4.753766588961486,0.15958333333333333,0.3254166666666667,2694009.023235263,2755334.291556837,0.0,0.0,0.0,0.0,1.0,0.0,1.0,0.0,0.0,0.546848467047614,1.7186614463164516,-0.6133154621562567,0.048621609819077115,-1.473026415777906
MKT-02340,Campaign 2340,2023-02-22 00:00:00+00:00,2023-05-02 00:00:00+00:00,539997,4350,0.0445,4718878.95,2023,2,1,2,22,0,0,69,124.13724137931034,8.738713270629281,0.16875,0.2520833333333333,2935005.225015562,2828093.8678722903,0.0,0.0,0.0,0.0,0.0,1.0,0.0,0.0,1.0,0.2778509390319301,-0.494431425845745,0.1560279787776741,1.084976453686143,1.7000350278783214
MKT-02341,Campaign 2341,2023-02-23 00:00:00+00:00,2023-05-14 00:00:00+00:00,270807,3700,0.0332,2188845.32,2023,2,1,3,23,0,0,80,73.19108108108108,8.082676297141505,0.16875,0.2520833333333333,2935005.225015562,2828093.8678722903,0.0,0.0,0.0,0.0,0.0,1.0,0.0,0.0,1.0,-0.7694198557924475,-0.635600254786415,-0.5394584918265993,-0.35318522405460373,-0.26554246957729727
MKT-02342,Campaign 2342,2023-11-18 00:00:00+00:00,2024-02-07 00:00:00+00:00,190525,2412,0.0429,1196120.34,2023,11,4,5,18,0,0,81,78.99046434494196,6.278023041595592,0.15833333333333333,0.4225,2745646.1699524573,2841772.1179897054,0.0,0.0,1.0,0.0,0.0,0.0,0.0,1.0,0.0,-1.0817531295028033,-0.9153317189026966,0.05755201833813111,-0.9174856372360478,-0.04179376749970696
MKT-02343,Campaign 2343,2024-04-15 00:00:00+00:00,2024-06-18 00:00:00+00:00,273000,7367,0.0662,2248179.63,2024,4,2,0,15,0,0,64,37.05714673544183,8.235090219780218,0.15958333333333333,0.3254166666666667,2694009.023235263,2755334.291556837,0.0,0.0,0.0,0.0,1.0,0.0,1.0,0.0,0.0,-0.7608880943858207,0.16080912325271884,1.491608192238978,-0.3194574783814407,-1.6596425907359043
MKT-02344,Campaign 2344,2026-02-01 00:00:00+00:00,2026-04-08 00:00:00+00:00,540872,9203,0.0167,4646958.19,2026,2,1,6,1,1,0,66,58.77127023796588,8.591604279755655,0.15833333333333333,0.3254166666666667,2745646.1699524573,2755334.291556837,0.0,0.0,1.0,0.0,0.0,0.0,1.0,0.0,0.0,0.28125508460000964,0.559556769306673,-1.5549918338593882,1.0440941193015247,-0.8218798960855498
MKT-02345,Campaign 2345,2024-06-26 00:00:00+00:00,2024-07-24 00:00:00+00:00,377629,5479,0.0749,2477595.54,2024,6,2,2,26,0,0,28,68.92297864573827,6.560924981926706,0.17791666666666667,0.3254166666666667,2915925.030689836,2755334.291556837,0.0,0.0,0.0,1.0,0.0,0.0,1.0,0.0,0.0,-0.3538339839371421,-0.2492320291164889,2.0270712271289937,-0.18904926320446677,-0.43021211405366305
MKT-02346,Campaign 2346,2025-07-27 00:00:00+00:00,2025-10-13 00:00:00+00:00,399205,3269,0.0977,2077489.04,2025,7,3,6,27,0,0,78,122.11838482716428,5.204065680540073,0.16791666666666666,0.3254166666666667,2855926.099785614,2755334.291556837,1.0,0.0,0.0,0.0,0.0,0.0,1.0,0.0,0.0,-0.26989358990641743,-0.729206047514767,3.430353663392484,-0.4164841196000231,1.6221445845895648
MKT-02347,Campaign 2347,2024-10-17 00:00:00+00:00,2024-12-15 00:00:00+00:00,721419,7110,0.034,5874819.26,2024,10,4,3,17,0,0,59,101.46540084388185,8.143421867181209,0.17791666666666667,0.4225,2915925.030689836,2841772.1179897054,0.0,0.0,0.0,1.0,0.0,0.0,0.0,1.0,0.0,0.9836645358915023,0.10499314011771546,-0.49022051160682756,1.742054302725548,0.8253222070989845
MKT-02348,Campaign 2348,2023-08-29 00:00:00+00:00,2023-11-08 00:00:00+00:00,601167,5030,0.0644,2821361.8,2023,8,3,1,29,0,0,71,119.51630218687873,4.693141506436647,0.1675,0.4225,2698290.221362763,2841772.1179897054,0.0,1.0,0.0,0.0,0.0,0.0,0.0,1.0,0.0,0.5158298926312732,-0.3467471124924287,1.380822736744492,0.006359784078537661,1.5217524244282241
MKT-02349,Campaign 2349,2024-06-21 00:00:00+00:00,2024-08-08 00:00:00+00:00,758308,7514,0.0563,3819756.87,2024,6,2,4,21,0,0,48,100.91935054564813,5.037210302410102,0.15833333333333333,0.4225,2745646.1699524573,2841772.1179897054,0.0,0.0,1.0,0.0,0.0,0.0,0.0,1.0,0.0,1.1271794225896579,0.19273499687468576,0.8822881870193052,0.5738832793766181,0.8042547866613262
MKT-02350,Campaign 2350,2023-11-22 00:00:00+00:00,2024-01-04 00:00:00+00:00,99838,897,0.0543,682855.73,2023,11,4,2,22,0,0,43,111.30211817168339,6.839637512770689,0.15958333333333333,0.3254166666666667,2694009.023235263,2755334.291556837,0.0,0.0,0.0,0.0,1.0,0.0,1.0,0.0,0.0,-1.4345665570827222,-1.2443636817413353,0.7591932364698761,-1.2092436138454536,1.204837171822057
MKT-02351,Campaign 2351,2025-01-30 00:00:00+00:00,2025-04-10 00:00:00+00:00,650962,17195,0.0298,2202893.84,2025,1,1,3,30,0,0,70,37.85763303285839,3.384059038776457,0.16791666666666666,0.3254166666666667,2855926.099785614,2755334.291556837,1.0,0.0,0.0,0.0,0.0,0.0,1.0,0.0,0.0,0.7095549538455824,2.29528181683565,-0.7487199077606285,-0.3451995424204136,-1.6287586567158907
MKT-02352,Campaign 2352,2024-08-25 00:00:00+00:00,2024-09-18 00:00:00+00:00,831421,7371,0.0269,3206890.6,2024,8,3,6,25,0,0,24,112.79622846289513,3.857120039065648,0.15958333333333333,0.3254166666666667,2694009.023235263,2755334.291556837,0.0,0.0,0.0,0.0,1.0,0.0,1.0,0.0,0.0,1.4116220453542283,0.16167785450773836,-0.9272075860573005,0.22550815398592783,1.2624821356413367
MKT-02353,Campaign 2353,2023-05-01 00:00:00+00:00,2023-06-01 00:00:00+00:00,341303,3154,0.0344,2152128.46,2023,5,2,0,1,1,0,31,108.21274571972098,6.3056242107452904,0.16791666666666666,0.4225,2855926.099785614,2841772.1179897054,1.0,0.0,0.0,0.0,0.0,0.0,0.0,1.0,0.0,-0.49515854611549326,-0.7541820710965779,-0.46560152149694195,-0.37405640155708303,1.0856446568751033
MKT-02354,Campaign 2354,2025-02-02 00:00:00+00:00,2025-04-26 00:00:00+00:00,453053,5122,0.0352,1802803.61,2025,2,1,6,2,0,0,83,88.45236235845373,3.9792333568037295,0.15958333333333333,0.3254166666666667,2694009.023235263,2755334.291556837,0.0,0.0,0.0,0.0,1.0,0.0,1.0,0.0,0.0,-0.06040052642076387,-0.32676629362698,-0.41636354127717023,-0.5726251503655858,0.3232601189896576
MKT-02355,Campaign 2355,2024-09-29 00:00:00+00:00,2024-11-19 00:00:00+00:00,277573,2828,0.0223,2219204.22,2024,9,3,6,29,0,0,51,98.1516973125884,7.995029127472773,0.16791666666666666,0.2520833333333333,2855926.099785614,2828093.8678722903,1.0,0.0,0.0,0.0,0.0,0.0,0.0,0.0,1.0,-0.7430970570340176,-0.8249836683806678,-1.210325972320987,-0.3359281385990385,0.6974746704795071
MKT-02356,Campaign 2356,2023-03-22 00:00:00+00:00,2023-06-18 00:00:00+00:00,625006,5981,0.0294,5058529.91,2023,3,1,2,22,0,0,88,104.49857883297108,8.093570157726486,0.16875,0.3254166666666667,2935005.225015562,2755334.291556837,0.0,0.0,0.0,0.0,0.0,1.0,1.0,0.0,0.0,0.608574379714071,-0.14020625661154065,-0.7733388978705144,1.278046217142155,0.9423466573466843
MKT-02357,Campaign 2357,2025-03-20 00:00:00+00:00,2025-05-14 00:00:00+00:00,503382,12714,0.0581,3056570.8,2025,3,1,3,20,0,0,55,39.59273242095328,6.072070117723716,0.15958333333333333,0.4225,2694009.023235263,2841772.1179897054,0.0,0.0,0.0,0.0,1.0,0.0,0.0,1.0,0.0,0.13540203620309327,1.3220856284000462,0.9930736425137909,0.1400609989749275,-1.5618159805039038
MKT-02358,Campaign 2358,2023-03-17 00:00:00+00:00,2023-04-01 00:00:00+00:00,249518,4347,0.0667,927569.84,2023,3,1,4,17,0,0,15,57.40004600874166,3.7174465970390913,0.17791666666666667,0.2520833333333333,2915925.030689836,2828093.8678722903,0.0,0.0,0.0,1.0,0.0,0.0,0.0,0.0,1.0,-0.8522436900768421,-0.49508297428700965,1.5223819298763352,-1.070139354190046,-0.8747837356124459
MKT-02359,Campaign 2359,2024-04-18 00:00:00+00:00,2024-06-22 00:00:00+00:00,66473,556,0.0275,316983.07,2024,4,2,3,18,0,0,65,119.55575539568345,4.768598829599988,0.16791666666666666,0.2520833333333333,2855926.099785614,2828093.8678722903,1.0,0.0,0.0,0.0,0.0,0.0,0.0,0.0,1.0,-1.564371490658692,-1.3184230212317483,-0.8902791008924718,-1.4172187301861285,1.523274587020557
MKT-02360,Campaign 2360,2025-01-09 00:00:00+00:00,2025-03-18 00:00:00+00:00,670293,10804,0.0811,4336195.52,2025,1,1,3,9,0,0,68,62.04118844872269,6.469104585606592,0.17791666666666667,0.3254166666666667,2915925.030689836,2755334.291556837,0.0,0.0,0.0,1.0,0.0,0.0,1.0,0.0,0.0,0.7847612829616344,0.907266454128231,2.4086655738322245,0.8674454939366536,-0.6957216612753138
MKT-02361,Campaign 2361,2025-01-06 00:00:00+00:00,2025-03-25 00:00:00+00:00,511234,11537,0.019,1793404.36,2025,1,1,0,6,0,0,78,44.31255959088151,3.5079911742959196,0.16875,0.4225,2935005.225015562,2841772.1179897054,0.0,0.0,0.0,0.0,0.0,1.0,0.0,1.0,0.0,0.16594986591801958,1.066461456610556,-1.4134326407275448,-0.5779680205113493,-1.379718134016874
MKT-02362,Campaign 2362,2024-11-27 00:00:00+00:00,2024-12-18 00:00:00+00:00,865863,8974,0.023,4488004.14,2024,11,4,2,27,0,0,21,96.48573657232004,5.183272804127212,0.16791666666666666,0.2520833333333333,2855926.099785614,2828093.8678722903,1.0,0.0,0.0,0.0,0.0,0.0,0.0,0.0,1.0,1.5456169958179944,0.5098219049568061,-1.1672427396286869,0.9537389475279039,0.6331994645847497
MKT-02363,Campaign 2363,2025-02-02 00:00:00+00:00,2025-03-31 00:00:00+00:00,232628,3363,0.0118,977180.86,2025,2,1,6,2,0,0,57,69.17276241451086,4.2006158330037655,0.15833333333333333,0.3254166666666667,2745646.1699524573,2755334.291556837,0.0,0.0,1.0,0.0,0.0,0.0,1.0,0.0,0.0,-0.9179534256709717,-0.7087908630218086,-1.8565744627054892,-1.0419386745976449,-0.420575090335781
MKT-02364,Campaign 2364,2024-09-23 00:00:00+00:00,2024-12-01 00:00:00+00:00,880875,8057,0.0131,5661285.97,2024,9,3,0,23,0,0,69,109.33039592900583,6.426889138640556,0.15958333333333333,0.4225,2694009.023235263,2841772.1179897054,0.0,0.0,0.0,0.0,1.0,0.0,0.0,1.0,0.0,1.6040204624100058,0.31066526474358397,-1.77656274484836,1.6206743372742978,1.128765239241606
MKT-02365,Campaign 2365,2024-04-09 00:00:00+00:00,2024-04-28 00:00:00+00:00,444504,5104,0.0603,3593185.58,2024,4,2,1,9,0,0,19,87.08934169278997,8.083584354696471,0.16875,0.2520833333333333,2935005.225015562,2828093.8678722903,0.0,0.0,0.0,0.0,0.0,1.0,0.0,0.0,1.0,-0.09366000123392039,-0.3306755842745678,1.1284780881181629,0.44509204803069913,0.2706727849626658
MKT-02366,Campaign 2366,2024-01-02 00:00:00+00:00,2024-02-01 00:00:00+00:00,737198,5932,0.0343,6069666.74,2024,1,1,1,2,0,0,30,124.27478084962912,8.233428115648714,0.17791666666666667,0.2520833333333333,2915925.030689836,2828093.8678722903,0.0,0.0,0.0,1.0,0.0,0.0,0.0,0.0,1.0,1.0450519792271904,-0.15084821448552962,-0.4717562690244136,1.8528125849150054,1.705341502130513
MKT-02367,Campaign 2367,2025-05-13 00:00:00+00:00,2025-08-02 00:00:00+00:00,360559,3625,0.0412,1351081.81,2025,5,2,1,13,0,0,81,99.46455172413793,3.7471864798826267,0.15958333333333333,0.2520833333333333,2694009.023235263,2828093.8678722903,0.0,0.0,0.0,0.0,1.0,0.0,0.0,0.0,1.0,-0.42024400090527664,-0.6518889658180308,-0.0470786896288835,-0.8293999908486627,0.7481265169321395
MKT-02368,Campaign 2368,2024-07-15 00:00:00+00:00,2024-10-13 00:00:00+00:00,378976,4053,0.0362,1413643.62,2024,7,3,0,15,0,0,90,93.50505798174191,3.730166606856371,0.15833333333333333,0.4225,2745646.1699524573,2841772.1179897054,0.0,0.0,1.0,0.0,0.0,0.0,0.0,1.0,0.0,-0.34859354498833856,-0.5589347215309435,-0.3548160660024557,-0.7938376186472711,0.5182005180401615
MKT-02369,Campaign 2369,2025-02-08 00:00:00+00:00,2025-03-10 00:00:00+00:00,604199,7604,0.0205,4389416.98,2025,2,1,5,8,0,0,30,79.45804839558127,7.264853103033935,0.16875,0.4225,2935005.225015562,2841772.1179897054,0.0,0.0,0.0,0.0,0.0,1.0,0.0,1.0,0.0,0.5276257433311785,0.2122814501126247,-1.321111427815473,0.8976984768606052,-0.023753689842711586
MKT-02370,Campaign 2370,2025-02-02 00:00:00+00:00,2025-04-14 00:00:00+00:00,183557,4502,0.0134,593737.69,2025,2,1,6,2,0,0,71,40.77232341181697,3.2346229781484768,0.16875,0.3254166666666667,2935005.225015562,2755334.291556837,0.0,0.0,0.0,0.0,0.0,1.0,1.0,0.0,0.0,-1.10886179958095,-0.46141963815500375,-1.7580985022659457,-1.2599014977579954,-1.5163056320444612
MKT-02371,Campaign 2371,2025-01-08 00:00:00+00:00,2025-03-10 00:00:00+00:00,778186,20505,0.0054,4656441.47,2025,1,1,2,8,0,0,61,37.9510363326018,5.983712724207323,0.15833333333333333,0.2520833333333333,2745646.1699524573,2828093.8678722903,0.0,0.0,1.0,0.0,0.0,0.0,0.0,0.0,1.0,1.2045138289922692,3.0141569303642926,-2.2504783044636616,1.0494847551071382,-1.6251550205814098
MKT-02372,Campaign 2372,2023-09-24 00:00:00+00:00,2023-12-01 00:00:00+00:00,257844,2518,0.036,1778065.68,2023,9,3,6,24,0,0,68,102.40031771247021,6.8958970540326705,0.15833333333333333,0.2520833333333333,2745646.1699524573,2828093.8678722903,0.0,0.0,1.0,0.0,0.0,0.0,0.0,0.0,1.0,-0.8198517860770361,-0.8923103406446796,-0.36712556105739896,-0.5866870752707631,0.8613926694877433
MKT-02373,Campaign 2373,2024-11-24 00:00:00+00:00,2025-01-27 00:00:00+00:00,540898,5227,0.0471,2907897.48,2024,11,4,6,24,0,0,64,103.48153816720873,5.376055152727501,0.15833333333333333,0.4225,2745646.1699524573,2841772.1179897054,0.0,0.0,1.0,0.0,0.0,0.0,0.0,1.0,0.0,0.28135623635403256,-0.3039620981827179,0.316051414491932,0.055549762131610655,0.9031077385563856
MKT-02374,Campaign 2374,2023-02-06 00:00:00+00:00,2023-03-09 00:00:00+00:00,696609,12921,0.0249,3893974.25,2023,2,1,0,6,0,0,31,53.91293243557,5.589899427081763,0.15958333333333333,0.2520833333333333,2694009.023235263,2828093.8678722903,0.0,0.0,0.0,0.0,1.0,0.0,0.0,0.0,1.0,0.8871424198411557,1.3670424708473057,-1.0503025366067296,0.6160710947766539,-1.00932168568317
MKT-02375,Campaign 2375,2025-01-18 00:00:00+00:00,2025-02-02 00:00:00+00:00,362452,4281,0.004,2052933.47,2025,1,1,5,18,0,0,15,84.6652651249708,5.6640147385033055,0.17791666666666667,0.3254166666666667,2915925.030689836,2755334.291556837,0.0,0.0,0.0,1.0,0.0,0.0,1.0,0.0,0.0,-0.4128793751219914,-0.5094170399948316,-2.336644769848262,-0.43044238455363176,0.1771483598455796
MKT-02376,Campaign 2376,2024-07-20 00:00:00+00:00,2024-08-21 00:00:00+00:00,273360,4239,0.0545,1327746.4,2024,7,3,5,20,0,0,32,64.48690728945506,4.857134913666959,0.15958333333333333,0.2520833333333333,2694009.023235263,2828093.8678722903,0.0,0.0,0.0,0.0,1.0,0.0,0.0,0.0,1.0,-0.7594875316378109,-0.5185387181725364,0.771502731524819,-0.8426646731826949,-0.6013622455645703
MKT-02377,Campaign 2377,2024-05-18 00:00:00+00:00,2024-06-26 00:00:00+00:00,605114,5985,0.0567,3361916.52,2024,5,2,5,18,0,0,39,101.10509607351713,5.555839924377886,0.1675,0.4225,2698290.221362763,2841772.1179897054,0.0,1.0,0.0,0.0,0.0,0.0,0.0,1.0,0.0,0.5311855069823703,-0.13933752535652116,0.9069071771291908,0.313630436060298,0.8114211212328644
MKT-02378,Campaign 2378,2025-03-19 00:00:00+00:00,2025-05-15 00:00:00+00:00,271478,2496,0.017,2089923.98,2025,3,1,2,19,0,0,57,108.76522435897436,7.698318022086505,0.1675,0.3254166666666667,2698290.221362763,2755334.291556837,0.0,1.0,0.0,0.0,0.0,0.0,1.0,0.0,0.0,-0.7668093624482403,-0.897088362547287,-1.5365275912769736,-0.40941565459586204,1.1069600921264442
MKT-02379,Campaign 2379,2025-05-01 00:00:00+00:00,2025-06-15 00:00:00+00:00,448912,6005,0.0203,3538256.74,2025,5,2,3,1,1,0,45,74.7563696919234,7.881849315678798,0.15833333333333333,0.4225,2745646.1699524573,2841772.1179897054,0.0,0.0,1.0,0.0,0.0,0.0,0.0,1.0,0.0,-0.07651088847495514,-0.1349938690814236,-1.3334209228704161,0.4138685291991519,-0.20515134191458784
MKT-02380,Campaign 2380,2023-08-15 00:00:00+00:00,2023-09-10 00:00:00+00:00,265047,2730,0.0519,1735798.78,2023,8,3,1,15,0,0,26,97.08681318681319,6.54902255071742,0.15833333333333333,0.4225,2745646.1699524573,2841772.1179897054,0.0,0.0,1.0,0.0,0.0,0.0,0.0,1.0,0.0,-0.7918288597606054,-0.8462675841286458,0.6114792958105614,-0.6107130941726938,0.656389880914037
MKT-02381,Campaign 2381,2024-08-20 00:00:00+00:00,2024-11-19 00:00:00+00:00,557015,8252,0.0084,2730088.73,2024,8,3,1,20,0,0,91,67.50060591371789,4.901284040824754,0.16791666666666666,0.4225,2855926.099785614,2841772.1179897054,1.0,0.0,0.0,0.0,0.0,0.0,0.0,1.0,0.0,0.3440586524920187,0.353015913425785,-2.0658358786395183,-0.04552309602521351,-0.48508933774800495
MKT-02382,Campaign 2382,2024-02-22 00:00:00+00:00,2024-03-31 00:00:00+00:00,307497,3749,0.0174,1682314.12,2024,2,1,3,22,0,0,38,82.02107228594292,5.470993603189625,0.15833333333333333,0.4225,2745646.1699524573,2841772.1179897054,0.0,0.0,1.0,0.0,0.0,0.0,0.0,1.0,0.0,-0.6266791690577753,-0.6249582969124261,-1.5119086011670881,-0.641115689397878,0.07513152652777735
MKT-02383,Campaign 2383,2024-09-10 00:00:00+00:00,2024-10-29 00:00:00+00:00,625512,6156,0.0628,4466137.72,2024,9,3,1,10,0,0,49,101.61013645224172,7.139971287521262,0.17791666666666667,0.3254166666666667,2915925.030689836,2755334.291556837,0.0,0.0,0.0,1.0,0.0,0.0,1.0,0.0,0.0,0.6105429484654404,-0.10219926420443719,1.2823467763049488,0.9413092916923079,0.8309063188987229
MKT-02384,Campaign 2384,2024-01-04 00:00:00+00:00,2024-03-29 00:00:00+00:00,509476,11088,0.031,2982718.21,2024,1,1,3,4,0,0,85,45.948412698412696,5.854482271981408,0.17791666666666667,0.3254166666666667,2915925.030689836,2755334.291556837,0.0,0.0,0.0,1.0,0.0,0.0,1.0,0.0,0.0,0.15911045116523806,0.9689463732346162,-0.6748629374309711,0.09808054326853466,-1.316604524699041
MKT-02385,Campaign 2385,2024-07-09 00:00:00+00:00,2024-09-10 00:00:00+00:00,82683,2256,0.0401,321112.47,2024,7,3,1,9,0,0,63,36.650265957446805,3.883657704727695,0.1675,0.2520833333333333,2698290.221362763,2828093.8678722903,0.0,1.0,0.0,0.0,0.0,0.0,0.0,0.0,1.0,-1.5013072624774702,-0.9492122378484574,-0.11478091243106965,-1.4148714314144268,-1.6753406472075332
MKT-02386,Campaign 2386,2025-08-08 00:00:00+00:00,2025-09-26 00:00:00+00:00,645753,6930,0.0205,4469967.64,2025,8,3,4,8,0,0,49,93.18225108225108,6.922101236850622,0.16875,0.4225,2935005.225015562,2841772.1179897054,0.0,0.0,0.0,0.0,0.0,1.0,0.0,1.0,0.0,0.6892895889722952,0.0659002336418376,-1.321111427815473,0.9434863553121352,0.5057461549645473
MKT-02387,Campaign 2387,2023-09-19 00:00:00+00:00,2023-10-13 00:00:00+00:00,639623,6032,0.0578,2381530.96,2023,9,3,1,19,0,0,24,106.03829575596816,3.723335402260394,0.17791666666666667,0.4225,2915925.030689836,2841772.1179897054,0.0,0.0,0.0,1.0,0.0,0.0,0.0,1.0,0.0,0.6654411177353494,-0.12912993311004192,0.9746093999313765,-0.2436558091041196,1.0017511918312954
MKT-02388,Campaign 2388,2026-01-28 00:00:00+00:00,2026-03-09 00:00:00+00:00,369160,4034,0.0381,3222562.4,2026,1,1,2,28,0,0,40,91.51214675260287,8.729446310542853,0.1675,0.3254166666666667,2698290.221362763,2755334.291556837,0.0,1.0,0.0,0.0,0.0,0.0,1.0,0.0,0.0,-0.38678222258407424,-0.5630611949922861,-0.2378758629804983,0.23441656607735809,0.44131108332139896
MKT-02389,Campaign 2389,2025-10-23 00:00:00+00:00,2026-01-21 00:00:00+00:00,511592,9948,0.0557,2555790.85,2025,10,4,3,23,0,0,90,51.426618415761965,4.995760000156375,0.15958333333333333,0.4225,2694009.023235263,2841772.1179897054,0.0,0.0,0.0,0.0,1.0,0.0,0.0,1.0,0.0,0.16734264776187383,0.7213579655540564,0.8453597018544763,-0.14460025000259172,-1.1052473228722195
MKT-02390,Campaign 2390,2024-08-03 00:00:00+00:00,2024-10-22 00:00:00+00:00,366272,4556,0.0309,1496780.83,2024,8,3,5,3,0,0,80,80.39332748024583,4.086528126638127,0.15833333333333333,0.2520833333333333,2745646.1699524573,2828093.8678722903,0.0,0.0,1.0,0.0,0.0,0.0,0.0,0.0,1.0,-0.3980178481847756,-0.4496917662122404,-0.6810176849584426,-0.7465794525902908,0.012330747372892258
MKT-02391,Campaign 2391,2025-07-06 00:00:00+00:00,2025-08-17 00:00:00+00:00,514225,7190,0.021,3361597.4,2025,7,3,6,6,0,0,42,71.51947148817803,6.537211142982158,0.16875,0.4225,2935005.225015562,2841772.1179897054,0.0,0.0,0.0,0.0,0.0,1.0,0.0,1.0,0.0,0.17758620808273487,0.12236776521810562,-1.2903376901781158,0.3134490368294108,-0.33003561648194024
MKT-02392,Campaign 2392,2024-04-02 00:00:00+00:00,2024-06-07 00:00:00+00:00,767367,6395,0.0374,5702836.65,2024,4,2,1,2,0,0,66,119.9948397185301,7.431693896140961,0.1675,0.4225,2698290.221362763,2841772.1179897054,0.0,1.0,0.0,0.0,0.0,0.0,0.0,1.0,0.0,1.162423027962495,-0.05029257171702158,-0.28095909567279836,1.6442932310911635,1.5402151034288745
MKT-02393,Campaign 2393,2025-11-25 00:00:00+00:00,2025-12-27 00:00:00+00:00,72840,749,0.0257,526155.92,2025,11,4,1,25,0,0,32,97.24966622162884,7.223447556287755,0.1675,0.2520833333333333,2698290.221362763,2828093.8678722903,0.0,1.0,0.0,0.0,0.0,0.0,0.0,0.0,1.0,-1.5396009822793064,-1.2765067381770572,-1.0010645563869578,-1.298317394912647,0.6626729895674116
MKT-02394,Campaign 2394,2024-12-20 00:00:00+00:00,2025-02-07 00:00:00+00:00,196893,2408,0.0309,925004.41,2024,12,4,4,20,0,0,49,81.76619601328903,4.698005566475192,0.17791666666666667,0.2520833333333333,2915925.030689836,2828093.8678722903,0.0,0.0,0.0,1.0,0.0,0.0,0.0,0.0,1.0,-1.0569787306713399,-0.9162004501577161,-0.6810176849584426,-1.071597636431506,0.06529802654993391
MKT-02395,Campaign 2395,2024-11-22 00:00:00+00:00,2025-01-18 00:00:00+00:00,561962,7936,0.0256,3498245.87,2024,11,4,4,22,0,0,57,70.8117439516129,6.2250576907335375,0.15833333333333333,0.2520833333333333,2745646.1699524573,2828093.8678722903,0.0,0.0,1.0,0.0,0.0,0.0,0.0,0.0,1.0,0.363304718920921,0.28438614427924386,-1.0072193039144293,0.3911249185037213,-0.3573407816221376
MKT-02396,Campaign 2396,2026-01-29 00:00:00+00:00,2026-04-13 00:00:00+00:00,568895,8684,0.0189,4025194.3,2026,1,1,3,29,0,0,74,65.51070935052971,7.075460849541655,0.15958333333333333,0.2520833333333333,2694009.023235263,2828093.8678722903,0.0,0.0,0.0,0.0,1.0,0.0,0.0,0.0,1.0,0.39027722317634433,0.44683888896789187,-1.4195873882550163,0.6906612682128956,-0.5618624622380739
MKT-02397,Campaign 2397,2025-04-14 00:00:00+00:00,2025-05-28 00:00:00+00:00,650051,13793,0.0516,5044192.45,2025,4,2,0,14,0,0,44,47.12905096788226,7.7596872399242525,0.15958333333333333,0.4225,2694009.023235263,2841772.1179897054,0.0,0.0,0.0,0.0,1.0,0.0,0.0,1.0,0.0,0.7060107520027019,1.5564258844415584,0.593015053228147,1.2698962916693695,-1.2710537706967815
MKT-02398,Campaign 2398,2025-05-09 00:00:00+00:00,2025-06-08 00:00:00+00:00,519093,5282,0.0468,3068724.67,2025,5,2,4,9,0,0,30,98.27584248390761,5.911704973867881,0.17791666666666667,0.2520833333333333,2915925.030689836,2828093.8678722903,0.0,0.0,0.0,1.0,0.0,0.0,0.0,0.0,1.0,0.19652492879749053,-0.29201704342619966,0.2975871719095176,0.1469696937301996,0.702264373054429
MKT-02399,Campaign 2399,2026-01-11 00:00:00+00:00,2026-02-14 00:00:00+00:00,603721,7226,0.0231,1958823.33,2026,1,1,6,11,0,0,34,83.54843620260172,3.244583723276149,0.16791666666666666,0.2520833333333333,2855926.099785614,2828093.8678722903,1.0,0.0,0.0,0.0,0.0,0.0,0.0,0.0,1.0,0.5257661072379877,0.1301863465132812,-1.1610879921012156,-0.48393795679818585,0.1340594639314243
MKT-02400,Campaign 2400,2023-03-23 00:00:00+00:00,2023-04-14 00:00:00+00:00,432792,10309,0.0677,2408827.65,2023,3,1,3,23,0,0,22,41.981957512852844,5.565785989574668,0.17791666666666667,0.2520833333333333,2915925.030689836,2828093.8678722903,0.0,0.0,0.0,1.0,0.0,0.0,0.0,0.0,1.0,-0.1392249759691747,0.799760961319567,1.5839294051510497,-0.22813939342423437,-1.4696361763831733
