customer_id,cluster_id,persona,pca_x,pca_y,annual_revenue,customer_activity_score
CUS-000001,2,Stable Mid-Market (Group 3),-1.440719530880042,-0.783518512764202,3268098,24.601000000000003
CUS-000002,3,Active Growth SMB,0.3172068310824736,-0.24877775850902306,16025885,54.7535
CUS-000003,3,Active Growth SMB,-0.5625894046740829,0.5475225923776286,3134033,41.6305
CUS-000004,2,Stable Mid-Market (Group 3),-1.0241551622828469,-0.8925993462850026,24289792,34.7235
CUS-000005,1,Enterprise Champions,2.2466092705021605,-0.19815060364791923,687997643,56.23400000000001
CUS-000006,0,Stable Mid-Market,-1.2611374937832338,1.9909196256078647,2394501,15.4385
CUS-000007,0,Stable Mid-Market,-1.7557739837365414,1.3531939926185734,357108,7.752
CUS-000008,2,Stable Mid-Market (Group 3),-1.4775372837573624,-1.1973832895154926,4972128,23.792
CUS-000009,1,Enterprise Champions,4.080902195390627,-0.5253806480116608,969851692,80.4775
CUS-000010,3,Active Growth SMB,-0.5868007862675504,0.23176192995735048,20048172,35.3955
CUS-000011,3,Active Growth SMB,-0.6613990464082802,0.073758094428385,10825765,39.406000000000006
CUS-000012,3,Active Growth SMB,-0.7561227101103617,-0.05111014394839312,3871325,41.099
CUS-000013,0,Stable Mid-Market,-0.5797522720597816,0.7364549190429757,9145346,35.736000000000004
CUS-000014,0,Stable Mid-Market,-1.3622537874936036,2.4480628209203985,4831241,20.63
CUS-000015,2,Stable Mid-Market (Group 3),-0.9346052624690088,-1.6902440846811113,2922644,40.971500000000006
CUS-000016,1,Enterprise Champions,3.831920352424719,-0.3666441535803058,861693126,71.237
CUS-000017,2,Stable Mid-Market (Group 3),-0.9244175536578206,-1.0484281796729542,9372945,36.9835
CUS-000018,1,Enterprise Champions,2.4307649294247833,0.04004943695557739,496543927,51.8025
CUS-000019,2,Stable Mid-Market (Group 3),-1.3540577133289664,-1.252811138363788,1542508,28.329500000000003
CUS-000020,3,Active Growth SMB,-0.6278641232388101,0.5354540211959361,19483454,41.5345
CUS-000021,2,Stable Mid-Market (Group 3),-1.2927412559978306,-1.3026303040879137,3404876,29.5625
CUS-000022,0,Stable Mid-Market,-0.8881003285043051,0.3419041120203483,15959285,31.4065
CUS-000023,2,Stable Mid-Market (Group 3),-1.356830628714087,-1.4182953769209237,3755830,29.3555
CUS-000024,2,Stable Mid-Market (Group 3),-1.8904812581107544,-0.9728561551533637,1482477,12.736
CUS-000025,0,Stable Mid-Market,-1.2899814656714532,0.679996712308442,2159085,24.722500000000004
CUS-000026,1,Enterprise Champions,3.952642256314158,0.006872029218856527,991244583,61.67
CUS-000027,2,Stable Mid-Market (Group 3),-0.7290037892485011,-0.3828643456738107,4955665,38.2155
CUS-000028,3,Active Growth SMB,-0.02489214840605399,0.03900763469922397,405306089,28.759500000000003
CUS-000029,1,Enterprise Champions,3.781166216555695,-0.6117620202160464,930721660,75.52100000000002
CUS-000030,2,Stable Mid-Market (Group 3),-0.5229062486694036,-1.0194503437427862,6521396,46.069500000000005
CUS-000031,2,Stable Mid-Market (Group 3),-1.5349885631132067,-1.4060461021425739,3825036,26.4735
CUS-000032,0,Stable Mid-Market,-1.0796392285662328,0.7469703201730006,4313624,34.607
CUS-000033,2,Stable Mid-Market (Group 3),-1.55649075994237,-1.170345795163661,8228872,23.137
CUS-000034,2,Stable Mid-Market (Group 3),-0.9424394086246553,-0.7332762360144714,24261989,34.706500000000005
CUS-000035,2,Stable Mid-Market (Group 3),-0.6286772967400908,-0.6100814923892395,16881595,38.9995
CUS-000036,3,Active Growth SMB,-0.30032804773130833,-0.10852958333454249,36871520,43.4705
CUS-000037,1,Enterprise Champions,2.635039419841457,-0.3141906615003674,767432514,61.2335
CUS-000038,2,Stable Mid-Market (Group 3),-0.9811934128289762,-1.0547788713891706,3732128,37.1635
CUS-000039,1,Enterprise Champions,2.5458130442632614,-0.09703675330778787,465571029,64.057
CUS-000040,3,Active Growth SMB,-0.5482684837129648,-0.3183836175433906,16165715,40.253
CUS-000041,3,Active Growth SMB,-0.44784341758636964,0.11003884109831186,23627929,44.434
CUS-000042,2,Stable Mid-Market (Group 3),-1.456652599941128,-1.0379871948342423,3902306,27.171
CUS-000043,0,Stable Mid-Market,-1.337023177871014,0.9445099264459421,2015905,25.472
CUS-000044,3,Active Growth SMB,-0.20277585538838896,0.3681624378679271,19465891,45.2285
CUS-000045,2,Stable Mid-Market (Group 3),-1.0774028451578785,-1.0121830001828407,2323415,35.064499999999995
CUS-000046,0,Stable Mid-Market,-1.3712137515007432,1.130689601497406,2921413,16.25
CUS-000047,0,Stable Mid-Market,-0.7024104545776103,1.6268972617383286,10525931,25.4455
CUS-000048,3,Active Growth SMB,-0.009401379032597017,0.11455553828115492,3967297,52.029
CUS-000049,3,Active Growth SMB,-0.4715833916112009,0.3814531308034762,10428333,39.458
CUS-000050,3,Active Growth SMB,1.0302141047966051,0.6317392528489656,635200618,31.9285
CUS-000051,1,Enterprise Champions,2.032027908834342,-0.5981745994625736,797151924,50.6855
CUS-000052,1,Enterprise Champions,1.9083241264340653,-0.34003824608964545,496338335,56.8245
CUS-000053,0,Stable Mid-Market,-1.190173484282923,0.5621489674787626,510287,22.786
CUS-000054,3,Active Growth SMB,-0.3516025100115964,-0.16975111109581123,18978400,45.632
CUS-000055,2,Stable Mid-Market (Group 3),-1.6479659240908782,-1.384755301598706,4527577,22.609
CUS-000056,2,Stable Mid-Market (Group 3),-0.7163022171469435,-1.295914082159267,2909992,43.9085
CUS-000057,3,Active Growth SMB,-0.6760655552770917,0.470449924823664,19441343,39.107
CUS-000058,2,Stable Mid-Market (Group 3),-1.4737651559964469,-0.4940222608606696,19413681,16.311000000000003
CUS-000059,3,Active Growth SMB,1.259981088354727,0.7835515071281457,327519378,52.892
CUS-000060,1,Enterprise Champions,1.6382760051754623,-0.568475744707478,450332706,54.773500000000006
CUS-000061,3,Active Growth SMB,-0.5688437782619022,0.09681387460411492,20536209,41.295
CUS-000062,3,Active Growth SMB,-0.5647440586328656,-0.042355177213562724,7179836,40.722
CUS-000063,0,Stable Mid-Market,-0.8533842512276184,1.6576236932227981,5957931,29.957
CUS-000064,3,Active Growth SMB,-0.4913941358559294,0.35700241378576114,390787,44.6705
CUS-000065,2,Stable Mid-Market (Group 3),-1.1502463147206479,-1.9790785384063967,5726934,37.20100000000001
CUS-000066,3,Active Growth SMB,0.5180235845884944,0.7640535715745225,5449118,62.144
CUS-000067,2,Stable Mid-Market (Group 3),-0.9791791384465549,0.007004485014981591,22393544,26.8625
CUS-000068,3,Active Growth SMB,0.5876596737495586,0.48435489518833363,3872870,67.4075
CUS-000069,3,Active Growth SMB,0.5348191984308389,0.4268661394873734,173279593,38.543
CUS-000070,3,Active Growth SMB,0.284446162594925,-0.38871195603025527,3706872,59.74
CUS-000071,1,Enterprise Champions,2.165719358990758,-0.14810356440309952,575505856,63.4925
CUS-000072,0,Stable Mid-Market,-0.9359715726521349,2.923303701058671,15147516,21.7635
CUS-000073,2,Stable Mid-Market (Group 3),-1.320315781154974,-0.8433944547780693,1172947,29.1305
CUS-000074,1,Enterprise Champions,4.756000485830618,0.4266755874708104,955504756,64.26249999999999
CUS-000075,1,Enterprise Champions,3.8229734668775706,-0.5231343458216186,897649398,74.3965
CUS-000076,3,Active Growth SMB,-0.4678525100034789,0.2755974841270814,12063886,41.314
CUS-000077,2,Stable Mid-Market (Group 3),-0.8174460259380946,-0.8165139775024053,5650734,41.3625
CUS-000078,2,Stable Mid-Market (Group 3),-1.0047364813154602,-0.9384565492079956,18467416,38.092
CUS-000079,0,Stable Mid-Market,-0.5196688276041849,1.4848957903941504,23740800,40.7145
CUS-000080,2,Stable Mid-Market (Group 3),-1.4199083757037527,0.28826655471913,373517,23.714
CUS-000081,0,Stable Mid-Market,-0.992719428919802,1.063748025141567,7041564,33.0725
CUS-000082,3,Active Growth SMB,0.13239942913900457,1.1547681275777182,16874745,49.631
CUS-000083,2,Stable Mid-Market (Group 3),-1.381552508695333,-2.096617474252406,4665242,31.1845
CUS-000084,1,Enterprise Champions,1.8909545202779448,0.6211701203019223,503761651,46.3035
CUS-000085,3,Active Growth SMB,0.7272313670760061,0.33241473676622013,178900331,47.9955
CUS-000086,0,Stable Mid-Market,-0.2986157827346747,1.5129137610061727,271415513,24.848500000000005
CUS-000087,0,Stable Mid-Market,-0.9114541654567575,0.6077995820984822,406944,35.783500000000004
CUS-000088,3,Active Growth SMB,0.06185009278506996,0.4846318486649049,13200814,45.8235
CUS-000089,1,Enterprise Champions,4.268425330887376,0.0012117968374994999,997532417,67.451
CUS-000090,3,Active Growth SMB,-0.3545014264205835,-0.18374035631230604,18943919,48.7935
CUS-000091,1,Enterprise Champions,3.727695617758054,0.2583944512391247,764189369,79.3035
CUS-000092,0,Stable Mid-Market,-1.0898538674773788,4.714948982595351,14418983,18.824500000000004
CUS-000093,3,Active Growth SMB,-0.4733705266813715,0.011977956427177618,20128078,36.707
CUS-000094,0,Stable Mid-Market,-1.2428896904603657,1.0968365355256904,13958868,22.375
CUS-000095,3,Active Growth SMB,-0.28026178198657586,0.6149506828733002,11569606,39.3225
CUS-000096,3,Active Growth SMB,-0.28517853863774206,0.43261002367992796,20540868,42.456
CUS-000097,0,Stable Mid-Market,-0.672448486180044,2.590858868187359,23534359,36.5275
CUS-000098,1,Enterprise Champions,1.8937120929399371,-0.3711541599286517,681037173,56.314
CUS-000099,3,Active Growth SMB,0.11782515316075182,0.22443857772706924,55152895,38.99
CUS-000100,0,Stable Mid-Market,-1.3766511047139502,2.1265085462867335,2760144,15.362500000000002
CUS-000101,2,Stable Mid-Market (Group 3),-1.2289194878437053,-1.029512584047063,2895890,30.835
CUS-000102,2,Stable Mid-Market (Group 3),-0.6896572033902456,-0.40770067927282505,11848279,35.315
CUS-000103,1,Enterprise Champions,3.176667500911994,-0.023815369555912336,696944833,66.30250000000001
CUS-000104,0,Stable Mid-Market,-1.1149143445372278,1.1930998242450512,396855,29.622
CUS-000105,2,Stable Mid-Market (Group 3),-1.4916127716559207,-0.6753668338047292,4529235,21.852
CUS-000106,2,Stable Mid-Market (Group 3),-1.0393715352551662,-0.08822632310212697,3203328,35.468500000000006
CUS-000107,3,Active Growth SMB,0.11920330188815244,-0.23223775374406783,17554942,52.05500000000001
CUS-000108,2,Stable Mid-Market (Group 3),-1.0008989907341128,-1.1271250257583616,29439780,32.7255
CUS-000109,1,Enterprise Champions,1.9257714514218336,0.3793827774608184,234831690,70.4455
CUS-000110,2,Stable Mid-Market (Group 3),-1.2116941829815757,-1.4909964358652839,676432,34.9805
CUS-000111,2,Stable Mid-Market (Group 3),-0.7190067600698155,-0.5030549328834188,12957948,39.603
CUS-000112,1,Enterprise Champions,1.4295572594075678,0.19236202685340356,287552475,45.1245
CUS-000113,3,Active Growth SMB,0.5941408077715536,0.7081540257786737,18811521,62.4215
CUS-000114,3,Active Growth SMB,-0.3302659174083811,-0.6351797287840055,14465532,53.7855
CUS-000115,1,Enterprise Champions,4.268196366197129,-0.2868983792675242,685470630,87.03
CUS-000116,0,Stable Mid-Market,-1.3376746824753347,0.5173735011841565,1443326,22.6685
CUS-000117,2,Stable Mid-Market (Group 3),-1.0182502570623948,-0.048332735223675434,2547889,33.7705
CUS-000118,3,Active Growth SMB,-0.3245702970442371,0.853368135308715,3609356,43.9735
CUS-000119,2,Stable Mid-Market (Group 3),-0.7322679903273438,-0.07880131710269042,20851832,33.3055
CUS-000120,3,Active Growth SMB,-0.6487813145617211,0.3997492424311997,24114225,39.887
CUS-000121,3,Active Growth SMB,-0.17303081349260363,0.956877330573566,3667955,46.168
CUS-000122,3,Active Growth SMB,0.7189717437885305,0.24783460184282546,19607319,64.2655
CUS-000123,1,Enterprise Champions,2.5098460215469056,0.7113999590727514,239620340,69.9925
CUS-000124,0,Stable Mid-Market,-0.837880523149878,0.8486940160665747,20088512,37.3175
CUS-000125,1,Enterprise Champions,3.7599492047439034,-0.667791937733933,787479313,83.78299999999999
CUS-000126,3,Active Growth SMB,-0.701698086586096,0.12978878751815043,21265763,38.5275
CUS-000127,0,Stable Mid-Market,-0.6679684276857071,0.7318960541686265,15417771,34.292500000000004
CUS-000128,3,Active Growth SMB,1.2753834889847346,0.058794562694618246,336033453,52.79050000000001
CUS-000129,1,Enterprise Champions,4.511798832738649,-0.3454087694060568,870617538,81.2285
CUS-000130,2,Stable Mid-Market (Group 3),-1.2832635140359523,-0.11098745458459848,9932325,23.977
CUS-000131,1,Enterprise Champions,2.4247250452864195,-0.06084678663470625,639900958,62.2115
CUS-000132,0,Stable Mid-Market,-1.7212267624645672,0.8612321833663935,2502476,11.8835
CUS-000133,0,Stable Mid-Market,-1.058458041222461,0.3744215204420678,22083653,28.579
CUS-000134,3,Active Growth SMB,-0.38164777732644417,0.17922196300861915,11058005,39.676
CUS-000135,2,Stable Mid-Market (Group 3),-0.5460030113872992,-0.8471711150027668,5739055,49.1305
CUS-000136,1,Enterprise Champions,1.6644574154254819,-0.38282083213537854,308723515,61.482000000000006
CUS-000137,2,Stable Mid-Market (Group 3),-1.1174349154651466,-0.4435681328138818,2584973,34.368
CUS-000138,2,Stable Mid-Market (Group 3),-1.3479068688658413,-0.1153793775433763,19408468,22.644
CUS-000139,2,Stable Mid-Market (Group 3),-1.2330333703768337,-0.07588328876353236,2766294,28.8795
CUS-000140,3,Active Growth SMB,0.8894000691760838,0.490936698916993,336425352,48.81399999999999
CUS-000141,3,Active Growth SMB,-0.13091326221811084,0.2766583307503532,15080913,50.532
CUS-000142,2,Stable Mid-Market (Group 3),-0.9795506733268136,-1.2811089628542895,7306505,35.607
CUS-000143,2,Stable Mid-Market (Group 3),-1.990070123051374,-1.34793747514349,2309756,12.3815
CUS-000144,0,Stable Mid-Market,0.27824124407894046,2.1600283065998087,13522728,53.2655
CUS-000145,0,Stable Mid-Market,-0.5648065285301423,1.371416278769143,11371519,34.014
CUS-000146,3,Active Growth SMB,0.822824243122667,-0.14281262402034361,111757219,49.6575
CUS-000147,2,Stable Mid-Market (Group 3),-0.8541017940676737,-0.8088036782927317,17301560,39.58749999999999
CUS-000148,3,Active Growth SMB,0.2668110696262119,0.048083067576327604,19207161,58.075
CUS-000149,3,Active Growth SMB,-0.5137416664718548,0.5724062813823542,16327022,39.4035
CUS-000150,1,Enterprise Champions,2.167318023402817,-0.3702845737211763,522975622,59.682500000000005
CUS-000151,0,Stable Mid-Market,-1.2378137694205877,1.112617189324208,1732659,23.2035
CUS-000152,0,Stable Mid-Market,-1.5999897459478933,1.2346363362954,579323,15.733500000000005
CUS-000153,3,Active Growth SMB,1.2316962570895518,0.1741630816228266,190149416,56.956
CUS-000154,0,Stable Mid-Market,-1.536762325488774,1.0176379158562936,8051287,14.742
CUS-000155,1,Enterprise Champions,4.502937518530838,-0.07442031020055513,895135291,80.1365
CUS-000156,2,Stable Mid-Market (Group 3),-1.219794941485925,-0.37349735993049926,21712280,21.599
CUS-000157,0,Stable Mid-Market,-0.9086008899662312,0.33698809080234804,9064006,25.2525
CUS-000158,3,Active Growth SMB,-0.04820219386328645,-0.042881313817297206,4687297,55.3
CUS-000159,2,Stable Mid-Market (Group 3),-1.1556481231961755,0.15945955834330944,1632280,32.712999999999994
CUS-000160,2,Stable Mid-Market (Group 3),-1.516676709385865,-0.8309901110765127,994256,23.544500000000003
CUS-000161,1,Enterprise Champions,3.068415480984691,-0.4387600722920994,936728163,55.464
CUS-000162,2,Stable Mid-Market (Group 3),-1.7095054857573553,-1.2049842058146245,2610050,18.659
CUS-000163,3,Active Growth SMB,1.0066270402460882,-0.46196046193285073,88535259,53.56
CUS-000164,1,Enterprise Champions,2.465243078023304,0.6563291609923908,482168189,54.7985
CUS-000165,3,Active Growth SMB,-0.6929540188629103,-0.10414564087309369,4986271,40.8365
CUS-000166,3,Active Growth SMB,0.11397506434455866,-0.4994550932428316,15825470,60.802
CUS-000167,0,Stable Mid-Market,-0.8894314704809664,0.338671502732907,3526836,37.136
CUS-000168,2,Stable Mid-Market (Group 3),-1.9241183796577692,-1.5998738819428775,1628540,14.608000000000002
CUS-000169,3,Active Growth SMB,-0.11922991645326089,-0.7438144468776265,23941012,51.9605
CUS-000170,0,Stable Mid-Market,-1.239989737424262,1.119144392601585,4508848,22.948
CUS-000171,0,Stable Mid-Market,-1.1398511724903084,1.5139424153482943,12675603,15.442
CUS-000172,2,Stable Mid-Market (Group 3),-1.3036741126810218,-0.7509976736885107,21041307,26.4555
CUS-000173,3,Active Growth SMB,0.7446959572905708,0.21273754703432965,382961088,38.398
CUS-000174,0,Stable Mid-Market,-0.9514124424974327,1.6945247380551847,3671254,30.7405
CUS-000175,3,Active Growth SMB,0.7935981131794511,0.037085613183903604,239293653,49.165
CUS-000176,3,Active Growth SMB,0.6685298750385896,-0.115979872721352,384267096,39.5305
CUS-000177,2,Stable Mid-Market (Group 3),-0.9184793368547424,-0.4342453188999418,16027805,32.543
CUS-000178,2,Stable Mid-Market (Group 3),-1.607895801064535,0.2467168366300058,911124,12.6115
CUS-000179,2,Stable Mid-Market (Group 3),-1.2717392801714853,-0.17449139779979342,2585312,24.024
CUS-000180,2,Stable Mid-Market (Group 3),-1.6171727568182441,0.2551659262388878,4679684,19.1625
CUS-000181,2,Stable Mid-Market (Group 3),-1.0255169787927465,-1.0996903305525734,4062864,38.8685
CUS-000182,2,Stable Mid-Market (Group 3),-1.320739340182308,-1.1224839896070322,730833,29.4325
CUS-000183,3,Active Growth SMB,0.11797688983983694,-0.13950079117903902,19891949,53.154500000000006
CUS-000184,0,Stable Mid-Market,-0.2157450970233426,1.3878716970704008,15535055,38.529
CUS-000185,2,Stable Mid-Market (Group 3),-0.677012149115075,-1.745375697884814,3593993,49.7985
CUS-000186,2,Stable Mid-Market (Group 3),-0.8474520872268669,-0.7736272136004773,20694053,38.601
CUS-000187,0,Stable Mid-Market,-0.6898787575692991,0.9215540966232358,13884629,34.218
CUS-000188,1,Enterprise Champions,3.5204532113955134,-0.14240010121513172,420647312,82.143
CUS-000189,2,Stable Mid-Market (Group 3),-1.549318382572697,-0.9105830778655094,4842604,21.9235
CUS-000190,1,Enterprise Champions,1.7751160742990428,-0.8515450430811268,659929736,53.5775
CUS-000191,2,Stable Mid-Market (Group 3),-1.8424852122268465,-0.5275193661937214,1271938,15.026500000000002
CUS-000192,3,Active Growth SMB,0.022502726247844874,-0.46270363798835734,36220394,41.4585
CUS-000193,3,Active Growth SMB,-0.1235327784896598,0.08392014664846134,208100727,26.7145
CUS-000194,2,Stable Mid-Market (Group 3),-1.1264803884233143,-1.908032639383191,502782,39.047
CUS-000195,0,Stable Mid-Market,-0.045102294786713126,0.8651698100115532,205928087,32.177
CUS-000196,1,Enterprise Champions,2.978614064817548,-0.8337597032829737,949376100,63.644000000000005
CUS-000197,3,Active Growth SMB,-0.19582736456661803,1.0067853668755076,12649296,47.725
CUS-000198,2,Stable Mid-Market (Group 3),-1.1934956038050195,0.021371959040091298,4029440,28.4685
CUS-000199,1,Enterprise Champions,1.9425799772386234,0.35955804437303607,278937831,64.8225
CUS-000200,3,Active Growth SMB,0.08754711482042589,0.10540645700488302,7232016,50.0265
CUS-000201,0,Stable Mid-Market,-0.7997040379824597,0.8626535299058838,3335229,40.8735
CUS-000202,2,Stable Mid-Market (Group 3),-1.8954191301843915,-2.70959624082316,2356468,19.207500000000003
CUS-000203,3,Active Growth SMB,-0.08430183630924254,0.8753204052422898,14516793,48.4495
CUS-000204,3,Active Growth SMB,1.0162049051066182,0.11255294383660623,462047319,46.5845
CUS-000205,1,Enterprise Champions,2.4160266621777855,0.530371818635442,938615174,49.55500000000001
CUS-000206,3,Active Growth SMB,0.0819612047211867,0.22962299258036817,206390029,35.528000000000006
CUS-000207,3,Active Growth SMB,0.2053693986540886,0.24914159552756562,210619872,45.683
CUS-000208,3,Active Growth SMB,-0.19496325354166644,0.7293081651909132,22933448,40.1695
CUS-000209,3,Active Growth SMB,1.718975268026232,0.7683322716165939,134505329,62.359
CUS-000210,0,Stable Mid-Market,-0.6028716693249917,1.7035070013850186,24140825,32.156
CUS-000211,2,Stable Mid-Market (Group 3),-1.6150469747714484,0.19313575743791234,3525593,14.795
CUS-000212,2,Stable Mid-Market (Group 3),-0.8718675373654075,-0.31590169860958284,15256474,28.467
CUS-000213,3,Active Growth SMB,-0.020162038209927593,-0.3646630126087739,130111657,40.6245
CUS-000214,2,Stable Mid-Market (Group 3),-1.4012872653870834,-0.16906212754775715,4149482,22.296
CUS-000215,2,Stable Mid-Market (Group 3),-1.1918286713548425,0.05866108335113037,1994328,31.928
CUS-000216,2,Stable Mid-Market (Group 3),-1.4143586657667702,-0.3374148549697224,4487364,23.5725
CUS-000217,3,Active Growth SMB,0.24017947069961978,0.20384594387998714,219215634,42.826
CUS-000218,3,Active Growth SMB,0.8749570594936962,-0.6054658517617905,380254556,50.293
CUS-000219,2,Stable Mid-Market (Group 3),-1.036318834510059,-1.1162101991841022,3674481,37.257000000000005
CUS-000220,0,Stable Mid-Market,-1.1689725692896118,0.7316597718506347,22035587,28.1665
CUS-000221,2,Stable Mid-Market (Group 3),-0.9096337683452937,-0.847211434360369,19853265,38.029
CUS-000222,2,Stable Mid-Market (Group 3),-1.3485701823012939,-0.4563264285857474,11190598,24.556
CUS-000223,0,Stable Mid-Market,-0.0014898153158709993,1.6535388725156726,22308401,42.359
CUS-000224,2,Stable Mid-Market (Group 3),-1.5125045133539514,-0.16063025087190005,3620961,16.142
CUS-000225,2,Stable Mid-Market (Group 3),-0.667956040755633,-0.9224076268676719,4813457,43.7655
CUS-000226,2,Stable Mid-Market (Group 3),-1.3704024076524823,-1.0643186934428484,1495581,28.449
CUS-000227,1,Enterprise Champions,1.7266621120587293,-0.28700097871371544,438305172,51.9605
CUS-000228,3,Active Growth SMB,-0.257548310246084,-0.3532269025579622,7561212,47.1495
CUS-000229,0,Stable Mid-Market,-0.9450715315045345,1.4652021744627428,7953959,31.442500000000003
CUS-000230,1,Enterprise Champions,4.660316269357271,0.39964604977028595,820800661,70.639
CUS-000231,1,Enterprise Champions,2.7692043727339457,-1.1587488391266476,766309409,66.8395
CUS-000232,3,Active Growth SMB,-0.5883333831308893,0.13355684219263997,7547270,37.88850000000001
CUS-000233,2,Stable Mid-Market (Group 3),-1.3969015352523146,-1.0629951819828891,3920970,29.634500000000003
CUS-000234,0,Stable Mid-Market,-0.37103400047229185,2.702392532799512,19569524,42.7445
CUS-000235,0,Stable Mid-Market,-1.3566620108079501,0.9230261983234159,3131773,24.902500000000003
CUS-000236,2,Stable Mid-Market (Group 3),-0.9436008679713649,-0.5529132079189597,663630,39.744
CUS-000237,2,Stable Mid-Market (Group 3),-0.5745080735689183,-0.6251323221490772,5673847,42.142500000000005
CUS-000238,2,Stable Mid-Market (Group 3),-1.986044723745356,-1.7951893387931221,2952904,13.079500000000005
CUS-000239,1,Enterprise Champions,1.7186555963711858,0.5296787295107803,575865612,49.9785
CUS-000240,1,Enterprise Champions,1.7435650675818584,-1.2264690944622993,549029883,58.9585
CUS-000241,0,Stable Mid-Market,-0.6914205075167982,0.6310088049794895,303506,37.8005
CUS-000242,0,Stable Mid-Market,-1.707992135773496,3.64256785382474,3595603,5.204000000000001
CUS-000243,1,Enterprise Champions,2.901176322823961,-0.9307645419355409,962812169,55.0795
CUS-000244,2,Stable Mid-Market (Group 3),-1.5995969786094146,-1.7703523549376907,21285008,22.775
CUS-000245,0,Stable Mid-Market,-0.8823269429152668,0.6120075269907262,17712218,30.1225
CUS-000246,2,Stable Mid-Market (Group 3),-1.6575372789774974,-1.3321606086503301,453925,22.447000000000003
CUS-000247,2,Stable Mid-Market (Group 3),-0.5308681989655609,-0.6499001973740355,22593092,43.337
CUS-000248,0,Stable Mid-Market,-0.6015375633075408,0.5690061527255801,12659709,35.8695
CUS-000249,2,Stable Mid-Market (Group 3),-1.4209377701668247,-2.2484948258527626,18609840,30.4725
CUS-000250,2,Stable Mid-Market (Group 3),-1.149680434390403,-0.8579888622243882,14387729,28.607000000000003
CUS-000251,3,Active Growth SMB,-0.5995332672606409,0.2620048470298183,17894821,36.164
CUS-000252,2,Stable Mid-Market (Group 3),-1.829810919398472,-1.3267667855044474,2067865,16.8755
CUS-000253,0,Stable Mid-Market,0.1259003689195096,1.6427153196935058,24617910,54.6565
CUS-000254,1,Enterprise Champions,2.3574734258617482,-0.34027336178293793,409931717,71.1815
CUS-000255,1,Enterprise Champions,1.5450609225854135,-0.0922302140071548,340571470,53.227
CUS-000256,0,Stable Mid-Market,-1.2552077486379807,0.837123269909495,3054705,19.444000000000003
CUS-000257,2,Stable Mid-Market (Group 3),-1.0751036964218503,-0.8069987067924866,1726907,37.53699999999999
CUS-000258,1,Enterprise Champions,2.1438689536659368,-0.2896820299705308,329730020,69.68100000000001
CUS-000259,1,Enterprise Champions,3.846966791383851,-0.45709617995735424,662167449,81.01450000000001
CUS-000260,3,Active Growth SMB,-0.2648492572641799,-0.9440702310153659,2852514,54.5085
CUS-000261,0,Stable Mid-Market,-0.09334665979420473,1.0709969053875716,101411264,29.877
CUS-000262,2,Stable Mid-Market (Group 3),-0.9432586250325293,-1.9513124070018846,3663621,44.17400000000001
CUS-000263,0,Stable Mid-Market,-0.024514970142306775,2.7723202986672586,16878497,41.322500000000005
CUS-000264,3,Active Growth SMB,0.6279089966539724,0.5283516733203192,74782151,53.4125
CUS-000265,2,Stable Mid-Market (Group 3),-1.2137753594440943,0.06827841191868285,283436,26.817500000000003
CUS-000266,1,Enterprise Champions,3.4758461670335103,-0.08930099033853892,766927675,67.798
CUS-000267,3,Active Growth SMB,-0.15979463353655401,0.3194425179826955,6073783,51.2825
CUS-000268,1,Enterprise Champions,2.0508546309020304,-0.341366140208493,531896023,54.692
CUS-000269,1,Enterprise Champions,2.1343066977436713,-0.45185132447821946,566450279,58.2725
CUS-000270,1,Enterprise Champions,2.121129550563397,-0.8826551470623529,719265941,62.918
CUS-000271,3,Active Growth SMB,0.7206978126363477,-0.22110949109071582,263886689,51.382
CUS-000272,1,Enterprise Champions,2.6928322922365617,-0.0030086335454754596,296164859,79.8725
CUS-000273,0,Stable Mid-Market,0.8983618359052672,1.0670067006683988,541147878,41.0855
CUS-000274,2,Stable Mid-Market (Group 3),-0.9830144170924576,-0.6851801777320291,4866603,37.906
CUS-000275,0,Stable Mid-Market,-0.3380904298921004,0.895537172230347,14410218,42.7115
CUS-000276,2,Stable Mid-Market (Group 3),-1.5333462773044473,-0.6516153071478105,23905067,21.0635
CUS-000277,0,Stable Mid-Market,-1.3608363929311116,0.3732193951845711,6705583,21.0055
CUS-000278,3,Active Growth SMB,-0.286222957823743,-0.6432829866480219,6052690,50.252
CUS-000279,0,Stable Mid-Market,-1.675442016197284,1.5509748070118923,1986151,10.853000000000002
CUS-000280,3,Active Growth SMB,-0.43354909946226694,-0.594654152385043,1363761,51.5055
CUS-000281,3,Active Growth SMB,0.5448576340572094,-0.15620044189545554,68278734,49.880500000000005
CUS-000282,3,Active Growth SMB,0.3746373885159555,-0.06610073819426664,290442438,39.913
CUS-000283,1,Enterprise Champions,1.8212340136569969,-0.16511768233549134,426629483,54.347
CUS-000284,0,Stable Mid-Market,-0.24515576367442743,1.1495252327923138,99910903,32.5775
CUS-000285,3,Active Growth SMB,-0.286457886847573,0.47891109832347767,22533051,43.285
CUS-000286,2,Stable Mid-Market (Group 3),-1.161454546565352,-1.7374879282752003,3415225,36.543000000000006
CUS-000287,3,Active Growth SMB,0.6180408052035504,-0.46971837296785357,222144379,47.0945
CUS-000288,3,Active Growth SMB,-0.6796507126263116,-0.1789409963449917,15525140,38.8185
CUS-000289,3,Active Growth SMB,0.2591189077014715,-0.6155460369067924,6610096,61.6185
CUS-000290,1,Enterprise Champions,1.9907354882936312,-0.08601300703919444,436981003,62.236
CUS-000291,2,Stable Mid-Market (Group 3),-1.179172057706289,-0.25956534022089583,684519,32.17700000000001
CUS-000292,3,Active Growth SMB,0.47513469746094456,0.3546754561301755,173466994,44.82599999999999
CUS-000293,0,Stable Mid-Market,-1.7484409547667004,0.4978768471387467,909439,12.4525
CUS-000294,3,Active Growth SMB,0.30016484907867735,0.34630492365192156,111237595,45.1165
CUS-000295,0,Stable Mid-Market,-1.8802699132681895,1.8153947523207263,1644029,5.965999999999999
CUS-000296,2,Stable Mid-Market (Group 3),-1.6603725655464354,-0.27943881161151923,2296913,17.515500000000003
CUS-000297,2,Stable Mid-Market (Group 3),-1.3434026442112659,-0.8891904423580997,1549275,28.611000000000004
CUS-000298,2,Stable Mid-Market (Group 3),-1.5598291934891197,0.2289005144615813,4124821,18.511000000000003
CUS-000299,0,Stable Mid-Market,-0.49259101888821405,7.1186521797461095,2079208,37.245000000000005
CUS-000300,2,Stable Mid-Market (Group 3),-1.0182652434594301,-1.2040886817836398,9374816,35.822
CUS-000301,2,Stable Mid-Market (Group 3),-1.8045094722000872,-0.0698126906916339,2421979,15.903
CUS-000302,3,Active Growth SMB,0.9082111652884486,-0.22792240683495632,135826509,53.511500000000005
CUS-000303,0,Stable Mid-Market,-0.9926500153421072,1.734922024581098,23568164,17.625999999999998
CUS-000304,0,Stable Mid-Market,-1.1081708642325854,0.6877048491647905,9278385,22.585
CUS-000305,0,Stable Mid-Market,-0.9428101590869867,1.892996958401891,3191297,36.015
CUS-000306,3,Active Growth SMB,0.4033286545367433,0.39864673150379115,19612039,60.589
CUS-000307,3,Active Growth SMB,0.10017894997903809,1.2296384176685642,17143859,49.8205
CUS-000308,3,Active Growth SMB,-0.6933203365113737,-0.033078511296495035,24943572,40.39699999999999
CUS-000309,3,Active Growth SMB,1.1394348305910604,0.05350484666976108,94511686,54.4165
CUS-000310,1,Enterprise Champions,2.083896607392782,-0.2864739488897161,575033043,58.894
CUS-000311,3,Active Growth SMB,-0.4664623192915309,0.07507780443941639,6010634,45.1595
CUS-000312,3,Active Growth SMB,-0.25923980137009,0.8060692140985348,6209507,51.718
CUS-000313,1,Enterprise Champions,2.099153584459565,-0.12688422611833977,384418010,61.7325
CUS-000314,3,Active Growth SMB,-0.15361902361306018,-0.06919491908211017,19327517,50.5155
CUS-000315,3,Active Growth SMB,-0.6782697363573278,0.018914115028455445,11221845,38.06400000000001
CUS-000316,3,Active Growth SMB,0.21051673127238843,0.7559537240257165,12196406,49.1
CUS-000317,2,Stable Mid-Market (Group 3),-0.718117079584011,-0.3592776097874625,11089801,36.104
CUS-000318,0,Stable Mid-Market,-0.7161488790433682,0.714348192081654,3577819,36.5245
CUS-000319,3,Active Growth SMB,-0.1342979278077762,-0.6095984448250256,22243288,52.386
CUS-000320,2,Stable Mid-Market (Group 3),-1.549830793597265,0.07770014210264214,3354254,19.3575
CUS-000321,0,Stable Mid-Market,-1.3812452382683338,1.1080887157747492,2920520,17.580000000000002
CUS-000322,3,Active Growth SMB,-0.4762702735786742,-0.13970616080257708,13848828,43.3415
CUS-000323,0,Stable Mid-Market,-0.9716258568923875,1.2125170357873534,6327563,31.654000000000003
CUS-000324,2,Stable Mid-Market (Group 3),-0.9458255861068788,-1.1486926094398882,11592425,36.12949999999999
CUS-000325,0,Stable Mid-Market,-1.0434282037507416,0.3795944484995066,4280447,30.066000000000003
CUS-000326,3,Active Growth SMB,-0.013781971187722768,-0.11313648815557763,6399599,53.3115
CUS-000327,2,Stable Mid-Market (Group 3),-1.1278470732159456,-1.3947115166548776,3717460,37.462500000000006
CUS-000328,3,Active Growth SMB,-0.3008159157058999,0.4783139954035915,24829447,46.658
CUS-000329,3,Active Growth SMB,-0.677989156298364,-0.1448666357855063,3287511,41.547
CUS-000330,2,Stable Mid-Market (Group 3),-0.7517005749572113,-0.9888265396691358,15959905,39.65
CUS-000331,2,Stable Mid-Market (Group 3),-1.3888813042150674,-2.044868431918943,4804177,31.0755
CUS-000332,3,Active Growth SMB,0.5197366325474982,-0.34029086486788745,170973918,47.913
CUS-000333,3,Active Growth SMB,-0.5116295786373304,0.2986296762512089,16779756,39.6725
CUS-000334,0,Stable Mid-Market,-1.245636228387978,0.7066226978859121,4552664,20.268
CUS-000335,1,Enterprise Champions,5.280787921500962,-0.4022907154596906,974189577,96.675
CUS-000336,0,Stable Mid-Market,-0.4043799351414091,2.655935371988458,21053312,39.6745
CUS-000337,1,Enterprise Champions,1.7634063351422529,-0.7303380421487313,419591491,55.9555
CUS-000338,2,Stable Mid-Market (Group 3),-1.1109219488062725,0.235357326919459,1612554,23.0705
CUS-000339,1,Enterprise Champions,2.1880350443340104,0.20688167371536909,252036687,69.332
CUS-000340,2,Stable Mid-Market (Group 3),-1.749009048935529,-1.7148735857311561,1767686,20.358500000000003
CUS-000341,1,Enterprise Champions,1.560337116139015,0.304211266352975,533647752,46.837
CUS-000342,0,Stable Mid-Market,-0.6267388569163281,1.0480963388422624,628534,37.6895
CUS-000343,2,Stable Mid-Market (Group 3),-1.6255248251795031,-2.7860284488868015,552060,27.1735
CUS-000344,3,Active Growth SMB,-0.13838243215294735,-0.09980140968481244,17672457,42.8085
CUS-000345,2,Stable Mid-Market (Group 3),-1.2524896533582988,-0.40616591899277316,3649411,29.404000000000003
CUS-000346,0,Stable Mid-Market,-1.274611869949615,1.1737741056520516,4637137,21.755
CUS-000347,0,Stable Mid-Market,-1.3586842251135345,0.4818142965185072,747374,20.974
CUS-000348,1,Enterprise Champions,4.649136823175557,-0.1917930193663296,804826320,81.773
CUS-000349,3,Active Growth SMB,-0.626303940443501,0.24105216569838864,9999263,40.824
CUS-000350,1,Enterprise Champions,4.181643224279337,-0.0927470226867688,624923986,78.789
CUS-000351,3,Active Growth SMB,-0.3076045023487519,0.3964692812517997,2520094,43.165000000000006
CUS-000352,1,Enterprise Champions,3.6044382885700728,-0.7962369175080577,945581823,74.7535
CUS-000353,0,Stable Mid-Market,-1.027227492999682,1.2312868986147603,3046621,23.8835
CUS-000354,2,Stable Mid-Market (Group 3),-0.8941032590422033,-0.8758424887860329,21162111,39.28999999999999
CUS-000355,3,Active Growth SMB,-0.27210065032987985,0.14462372952810718,11682227,44.0645
CUS-000356,3,Active Growth SMB,0.08733489268184519,-0.23673188824163038,8731844,58.8945
CUS-000357,2,Stable Mid-Market (Group 3),-0.952277379959641,-1.2702897497736996,2574253,39.6555
CUS-000358,2,Stable Mid-Market (Group 3),-1.7579583630141422,-2.0789271649788117,3446782,21.375
CUS-000359,0,Stable Mid-Market,0.04052482740291043,1.1235961314931215,17199671,42.6995
CUS-000360,0,Stable Mid-Market,-0.7688557111104101,1.5454006465248626,4312937,32.908500000000004
CUS-000361,2,Stable Mid-Market (Group 3),-1.430165914498424,-1.7707042351627038,1256254,30.4285
CUS-000362,1,Enterprise Champions,3.403287696424278,-0.49362197965969284,746672208,71.2935
CUS-000363,1,Enterprise Champions,3.0266073106304883,-0.2504006295471093,517468225,67.455
CUS-000364,1,Enterprise Champions,3.4627779888958976,-0.14052964392495967,666664471,72.437
CUS-000365,0,Stable Mid-Market,-0.2550115064171967,2.25214877736125,21374469,45.408
CUS-000366,2,Stable Mid-Market (Group 3),-0.8590254283951285,0.04662369108907987,10827005,31.7745
CUS-000367,2,Stable Mid-Market (Group 3),-1.5023919982495821,-1.2143864847754133,4006262,24.4555
CUS-000368,2,Stable Mid-Market (Group 3),-0.6466634483742516,-0.8097519026959352,16746384,41.4395
CUS-000369,2,Stable Mid-Market (Group 3),-1.1015811687106571,-1.1412517916051814,14530611,34.8485
CUS-000370,0,Stable Mid-Market,-1.5218514742786398,0.7700326226643242,1412435,15.1295
CUS-000371,2,Stable Mid-Market (Group 3),-1.4425601190879507,0.19264403686035114,1572470,19.774
CUS-000372,1,Enterprise Champions,3.477270032569544,-0.31775352309760285,863903388,70.703
CUS-000373,0,Stable Mid-Market,-0.48872778677194834,1.0179205199935089,24296945,37.2405
CUS-000374,3,Active Growth SMB,-0.43946225065918365,-0.2928723578126004,7663809,44.62299999999999
CUS-000375,1,Enterprise Champions,3.2043259984894275,-0.6255689284359696,896105550,60.1825
CUS-000376,1,Enterprise Champions,3.919167955199567,-0.10029101950931138,861143225,74.8595
CUS-000377,0,Stable Mid-Market,-0.6628517775719301,1.0515950309915418,4942777,34.87649999999999
CUS-000378,3,Active Growth SMB,-0.21285110721404552,0.20433814945485954,20392128,47.136500000000005
CUS-000379,2,Stable Mid-Market (Group 3),-1.102215025009907,-0.37157033072366275,18790984,33.594
CUS-000380,2,Stable Mid-Market (Group 3),-1.2426151473929514,-2.8470425228787515,3348502,38.043000000000006
CUS-000381,2,Stable Mid-Market (Group 3),-1.023425837232556,-0.5493985076377946,13477532,35.774
CUS-000382,0,Stable Mid-Market,-0.885951432926337,0.6001594123772294,1578061,33.741
CUS-000383,2,Stable Mid-Market (Group 3),-1.2244472260144306,-1.0491131627188515,4829332,32.322500000000005
CUS-000384,3,Active Growth SMB,-0.09725511825466981,0.90103503646784,23786080,44.461
CUS-000385,3,Active Growth SMB,-0.5709114190115857,0.39534384480187423,4180988,45.9125
CUS-000386,2,Stable Mid-Market (Group 3),-1.589058247925535,-1.2455225575691187,263044,23.565
CUS-000387,2,Stable Mid-Market (Group 3),-1.3725804010933413,-0.09837933123193125,432117,27.3005
CUS-000388,2,Stable Mid-Market (Group 3),-1.054773115148421,-0.43910109866810637,2893800,33.264
CUS-000389,1,Enterprise Champions,1.5725127871332285,-0.5313796713584439,407187616,58.645
CUS-000390,2,Stable Mid-Market (Group 3),-1.3661672545802015,-0.9003936424821394,925870,28.7995
CUS-000391,2,Stable Mid-Market (Group 3),-1.5009481600543404,0.10161393220995682,16589017,18.7195
CUS-000392,3,Active Growth SMB,1.3984192001230056,-0.2901762108769612,383637189,57.1675
CUS-000393,0,Stable Mid-Market,-0.3345211811323271,2.600150155621373,8432473,42.628
CUS-000394,0,Stable Mid-Market,-0.250042358961068,0.9381879879774488,16109624,40.4415
CUS-000395,3,Active Growth SMB,0.26962918978132916,0.5940371614156469,119602028,37.7275
CUS-000396,2,Stable Mid-Market (Group 3),-1.2213901244803604,-1.5299286626758746,17451104,31.7515
CUS-000397,0,Stable Mid-Market,-1.2844526354834382,0.762194779527257,4736071,23.038
CUS-000398,2,Stable Mid-Market (Group 3),-1.3568877310543344,-0.5862320773022348,4588168,27.009
CUS-000399,3,Active Growth SMB,-0.6259356555886724,0.5996868200437272,4774991,43.621500000000005
CUS-000400,3,Active Growth SMB,-0.41363151068958615,-0.2475427226443002,8336215,45.026
CUS-000401,0,Stable Mid-Market,-1.4887890502795431,0.5703306632371333,4798471,15.396
CUS-000402,0,Stable Mid-Market,-1.3294379946844375,0.3933243789818446,4335249,21.950000000000003
CUS-000403,0,Stable Mid-Market,-1.1701803316663297,1.7683804623368067,960581,24.465
CUS-000404,3,Active Growth SMB,0.8557829568288612,-0.9104665369646263,596595405,43.581500000000005
CUS-000405,0,Stable Mid-Market,-0.32968449118886434,1.518443389732819,699671,45.6105
CUS-000406,0,Stable Mid-Market,-0.5877043250780636,1.4985995033659958,2068028,38.3435
CUS-000407,3,Active Growth SMB,-0.5902545111621287,-0.3299220211023411,4300913,42.81
CUS-000408,2,Stable Mid-Market (Group 3),-1.6944663785609297,-1.1977743880790688,3857002,20.837
CUS-000409,1,Enterprise Champions,2.4623466837789025,0.4832959192872433,477918561,59.991
CUS-000410,2,Stable Mid-Market (Group 3),-1.3505168151213163,-0.24390059272063747,689137,25.25
CUS-000411,0,Stable Mid-Market,-0.9426005283424187,0.7887524226925154,12465061,30.691000000000003
CUS-000412,2,Stable Mid-Market (Group 3),-1.0198575676862702,-0.04087395054359417,15976026,30.69
CUS-000413,3,Active Growth SMB,0.11687232660044285,-0.4303578315107408,227557653,44.6465
CUS-000414,2,Stable Mid-Market (Group 3),-0.9925113135021847,-0.7055875880392282,2374488,37.859
CUS-000415,3,Active Growth SMB,1.4083806367956133,-0.13991643882894517,426324882,55.224
CUS-000416,1,Enterprise Champions,3.4562288057672292,-0.08174957545454152,870873487,59.76349999999999
CUS-000417,3,Active Growth SMB,1.5674880705764602,0.32821144161313176,290430781,60.413
CUS-000418,2,Stable Mid-Market (Group 3),-1.0963055264670745,-1.5068347376718874,2047942,37.681
CUS-000419,1,Enterprise Champions,1.9496459019444725,0.30348562594448186,546181897,60.345
CUS-000420,2,Stable Mid-Market (Group 3),-0.68078758960316,-1.024422521193942,459673,47.13850000000001
CUS-000421,2,Stable Mid-Market (Group 3),-0.5768084718757105,-0.4349097492240562,12895312,39.4875
CUS-000422,1,Enterprise Champions,2.539449948369709,0.4800653751469299,323657169,63.118
CUS-000423,3,Active Growth SMB,0.9020027746089372,-0.5360389203953491,199367949,54.317
CUS-000424,1,Enterprise Champions,2.172749863968193,-0.7856046452446879,836178507,55.2015
CUS-000425,2,Stable Mid-Market (Group 3),-0.9916798185078575,-0.714024059628421,11230493,33.204
CUS-000426,0,Stable Mid-Market,-1.2619745747952,0.39625113761972847,2936856,23.923
CUS-000427,3,Active Growth SMB,0.6553354761500714,-0.09481590506595587,253397782,43.846
CUS-000428,0,Stable Mid-Market,-1.1089924845544812,3.030341029361427,3247148,28.742
CUS-000429,1,Enterprise Champions,1.9555401360906886,-0.4987412087532507,414124389,66.2225
CUS-000430,2,Stable Mid-Market (Group 3),-1.1536971575929305,-0.7275965262116366,4102789,32.4385
CUS-000431,2,Stable Mid-Market (Group 3),-1.3163664733645977,-1.3035010478474618,1514749,32.611000000000004
CUS-000432,2,Stable Mid-Market (Group 3),-0.7630962455188478,-0.6392207042387993,4251930,41.359
CUS-000433,2,Stable Mid-Market (Group 3),-1.0262724434928152,-0.19157975084944168,4194036,32.9495
CUS-000434,0,Stable Mid-Market,-1.3364422563311076,1.1963783675109536,2866121,21.6005
CUS-000435,3,Active Growth SMB,1.3800060728582921,0.18753519031380678,280887170,51.8795
CUS-000436,1,Enterprise Champions,3.277477055499636,0.19566231118216212,613625616,62.782
CUS-000437,1,Enterprise Champions,1.928699568325304,0.17934057780760015,542346523,52.98
CUS-000438,3,Active Growth SMB,-0.2674603681433593,-0.32969868856833173,8507361,44.724500000000006
CUS-000439,3,Active Growth SMB,-0.4082523629892182,0.7125719547484775,4750127,46.53
CUS-000440,2,Stable Mid-Market (Group 3),-1.5427758730436034,-0.21088801994899115,17350131,20.706
CUS-000441,2,Stable Mid-Market (Group 3),-1.7422953908413326,-2.0380659455063155,1990599,22.092
CUS-000442,0,Stable Mid-Market,0.18339930944286992,0.6013658394122433,281484611,27.9555
CUS-000443,2,Stable Mid-Market (Group 3),-1.5587167692963069,0.11266620836730033,1808393,22.5325
CUS-000444,1,Enterprise Champions,1.7706791404619335,-0.9382253092458616,609286709,55.3485
CUS-000445,1,Enterprise Champions,2.782930362176031,0.342478953638903,478053303,72.91850000000001
CUS-000446,0,Stable Mid-Market,-0.316252767385007,0.9158598983341638,2625977,45.41
CUS-000447,2,Stable Mid-Market (Group 3),-1.1654464300164744,-1.045751255980919,1937696,33.45
CUS-000448,2,Stable Mid-Market (Group 3),-1.3442681627940811,-0.9284317781195589,15562064,27.8665
CUS-000449,1,Enterprise Champions,1.2360966953330332,0.13553013483089046,616714563,41.795
CUS-000450,2,Stable Mid-Market (Group 3),-0.7940463805118251,0.03341422255054627,8364033,32.716
CUS-000451,1,Enterprise Champions,4.215787765114507,-0.5287450893365828,807159089,86.59550000000002
CUS-000452,2,Stable Mid-Market (Group 3),-1.742909276364219,-0.6551975261684826,1490600,15.6915
CUS-000453,2,Stable Mid-Market (Group 3),-1.4335397990702434,-0.858004674347833,2293070,27.4525
CUS-000454,1,Enterprise Champions,2.737776350497003,-0.7259110604405291,907188227,58.2895
CUS-000455,1,Enterprise Champions,3.274576575693994,-0.5077910610291383,818112836,56.092
CUS-000456,3,Active Growth SMB,0.3334830284778752,-0.2100929864250119,79361573,49.965
CUS-000457,2,Stable Mid-Market (Group 3),-1.4048483858250884,-1.1974973211874582,323096,29.9275
CUS-000458,2,Stable Mid-Market (Group 3),-1.7034370069428297,-0.20273537993164215,19587720,13.98
CUS-000459,0,Stable Mid-Market,-1.7877258205773996,0.6510520585065478,4337705,13.296499999999998
CUS-000460,3,Active Growth SMB,0.07082240041680903,0.8257809957964352,5793465,47.8815
CUS-000461,2,Stable Mid-Market (Group 3),-1.543207301995351,-2.7991951076389556,4014211,29.33600000000001
CUS-000462,1,Enterprise Champions,2.6403373463277995,0.5412072354011591,566177763,58.4975
CUS-000463,0,Stable Mid-Market,-0.8500702131356056,2.61429622199589,4293826,36.9795
CUS-000464,2,Stable Mid-Market (Group 3),-1.2442546141395407,-0.8257591771860013,23902796,22.962
CUS-000465,0,Stable Mid-Market,-0.8381278344657381,0.5413284967526054,21261704,35.469
CUS-000466,2,Stable Mid-Market (Group 3),-0.8095577957583603,-1.305788491253916,4008246,41.294
CUS-000467,2,Stable Mid-Market (Group 3),-0.7628158507608892,-0.41097801721474747,22495038,38.2535
CUS-000468,0,Stable Mid-Market,-0.37010939357903205,0.7829988430946137,3946614,41.641000000000005
CUS-000469,1,Enterprise Champions,3.235088191419015,-0.25799214038856866,941292049,56.656000000000006
CUS-000470,0,Stable Mid-Market,-1.0822931589393268,0.826466340184069,11964153,22.405
CUS-000471,2,Stable Mid-Market (Group 3),-1.476664087807764,-1.0276921601238143,4592912,21.7115
CUS-000472,0,Stable Mid-Market,-1.0029764986053895,1.210329185574319,10453847,21.133
CUS-000473,3,Active Growth SMB,1.557835877045157,0.31138849857933865,250464354,54.59
CUS-000474,3,Active Growth SMB,-0.37458771623596626,0.5249941488857633,26562724,42.926
CUS-000475,1,Enterprise Champions,3.4640266696345674,-0.6998060751836486,971037579,68.833
CUS-000476,2,Stable Mid-Market (Group 3),-0.6668542992226391,-1.9929685094974179,13661051,47.5655
CUS-000477,2,Stable Mid-Market (Group 3),-1.0140277500802686,-1.2469545054917512,3583545,37.757000000000005
CUS-000478,0,Stable Mid-Market,-1.5074316628610689,1.3204737424653419,11276075,15.827
CUS-000479,2,Stable Mid-Market (Group 3),-0.5914881989685052,-1.03011040040059,20494073,44.0885
CUS-000480,2,Stable Mid-Market (Group 3),-1.2228164193110547,0.28349244398253,16903639,19.8935
CUS-000481,2,Stable Mid-Market (Group 3),-0.6208125413058733,-0.33642990282451707,3417476,40.094
CUS-000482,1,Enterprise Champions,2.5853691672483885,0.1683995396032463,970457189,42.2425
CUS-000483,2,Stable Mid-Market (Group 3),-1.2273366625803706,-1.7226475547109332,10417503,33.763
CUS-000484,3,Active Growth SMB,0.4784963612722785,0.3798448868539795,3272958,61.261
CUS-000485,3,Active Growth SMB,0.2325044492373761,0.8274021078181327,80518461,49.21
CUS-000486,2,Stable Mid-Market (Group 3),-1.0320724273999258,-0.27767302412021333,21054386,34.139
CUS-000487,0,Stable Mid-Market,-0.49401804864815063,1.4563943636456975,5426306,35.904
CUS-000488,1,Enterprise Champions,3.5378181266505275,-0.04503023909835624,927091325,58.86550000000001
CUS-000489,0,Stable Mid-Market,-0.38238826680725385,1.48905493415128,17276407,36.453500000000005
CUS-000490,2,Stable Mid-Market (Group 3),-0.860332387132404,-1.234814842361033,17950401,41.8055
CUS-000491,0,Stable Mid-Market,-0.9662431930519677,1.7446943332286582,1358518,30.2905
CUS-000492,0,Stable Mid-Market,-0.5086686897070508,0.9804687662341215,15441412,38.9125
CUS-000493,2,Stable Mid-Market (Group 3),-1.6016119019205526,-0.6039162148175079,18765160,17.5865
CUS-000494,3,Active Growth SMB,-0.09028117331424668,0.8737448970054644,16319327,49.6455
CUS-000495,2,Stable Mid-Market (Group 3),-1.5582228965561673,-0.892010684615968,1914428,24.7815
CUS-000496,2,Stable Mid-Market (Group 3),-1.377786623648914,-0.05888424193802343,7426143,21.235000000000003
CUS-000497,3,Active Growth SMB,-0.6105658366471243,0.40421477316664584,4927013,44.715
CUS-000498,0,Stable Mid-Market,-0.9237329965309434,0.815710820597603,23529864,31.87
CUS-000499,3,Active Growth SMB,-0.6426330276989471,0.177575777558065,19021963,37.739
CUS-000500,3,Active Growth SMB,-0.6717035604971875,-0.30722397618912684,12573761,41.90050000000001
CUS-000501,2,Stable Mid-Market (Group 3),-1.0785829699632092,-0.7455696014685778,3410787,33.847
CUS-000502,0,Stable Mid-Market,-1.2539722022173367,4.395887768843427,791110,15.9675
CUS-000503,0,Stable Mid-Market,-0.8388664447150346,1.0348273489288404,2056269,37.825500000000005
CUS-000504,0,Stable Mid-Market,-0.6348212113313392,1.1804016569198055,20655655,29.4265
CUS-000505,3,Active Growth SMB,1.099866968098488,0.8521167723766302,15795276,78.549
CUS-000506,2,Stable Mid-Market (Group 3),-1.240018469877592,0.09719030444038285,3627469,29.1935
CUS-000507,2,Stable Mid-Market (Group 3),-1.519408435184684,-0.08291348754774042,15557967,17.912499999999998
CUS-000508,3,Active Growth SMB,-0.41271067777002346,-0.6584672660821226,2814879,52.2715
CUS-000509,2,Stable Mid-Market (Group 3),-0.876201574835881,-0.5761153980968968,17660355,37.9675
CUS-000510,1,Enterprise Champions,2.4000796012510177,0.43994340532372683,498545913,56.48749999999999
CUS-000511,1,Enterprise Champions,2.0679477470961114,-0.24381565493741014,486780973,60.316
CUS-000512,2,Stable Mid-Market (Group 3),-2.1159854836329828,-1.268162758910395,2928350,9.676000000000002
CUS-000513,3,Active Growth SMB,0.43945070038584955,0.2903253927959375,330555238,36.046
CUS-000514,3,Active Growth SMB,-0.14017302750478336,-1.2082241537071152,17459295,59.28750000000001
CUS-000515,2,Stable Mid-Market (Group 3),-1.255659223907322,-0.6519313492447283,9874746,24.7465
CUS-000516,3,Active Growth SMB,1.1055242857458,-0.08476308208823054,212911959,61.586
CUS-000517,2,Stable Mid-Market (Group 3),-0.8743644185772805,-0.8670620273830679,6480414,38.363
CUS-000518,2,Stable Mid-Market (Group 3),-1.1052648313378448,0.10907670550556282,3041169,33.01349999999999
CUS-000519,1,Enterprise Champions,4.0641987603466,0.08524499756906997,853280172,66.2415
CUS-000520,3,Active Growth SMB,-0.22811200835272938,0.2698099054286003,4441321,52.2215
CUS-000521,2,Stable Mid-Market (Group 3),-1.8109664879028629,-1.5574730169858142,2553624,18.078
CUS-000522,0,Stable Mid-Market,-0.9239459039784391,0.5813776918850181,5975789,35.181
CUS-000523,1,Enterprise Champions,2.506138161401057,-0.518330064337492,535175179,68.30850000000001
CUS-000524,2,Stable Mid-Market (Group 3),-0.9875526350316617,0.07306507864598402,9389961,32.6135
CUS-000525,3,Active Growth SMB,0.505686582398258,0.9374492234378831,49190354,45.023500000000006
CUS-000526,3,Active Growth SMB,-0.6780211083645827,0.34123938986083857,13793043,36.1945
CUS-000527,0,Stable Mid-Market,-0.9582413370029778,2.163995150467549,2755623,32.9825
CUS-000528,2,Stable Mid-Market (Group 3),-0.816652518054645,-1.2976981173050357,4057975,45.389
CUS-000529,3,Active Growth SMB,-0.311814793357861,-0.6869401433799412,2407083,52.621500000000005
CUS-000530,0,Stable Mid-Market,-0.8092548705302836,0.5508494681099265,5031892,30.6385
CUS-000531,2,Stable Mid-Market (Group 3),-0.8473952808864827,-0.06775214920258914,16839746,41.142
CUS-000532,2,Stable Mid-Market (Group 3),-1.4649545152546504,-1.7353877137015132,2695464,27.1595
CUS-000533,2,Stable Mid-Market (Group 3),-1.1242913966183035,-0.7171196987453722,23275806,25.588
CUS-000534,0,Stable Mid-Market,-0.6501955905736765,0.5632130922703489,15815627,35.665499999999994
CUS-000535,1,Enterprise Champions,1.9446129123646845,-0.29542331313710785,493094179,61.2785
CUS-000536,1,Enterprise Champions,2.423971675876022,0.5888113301586057,625665482,52.2495
CUS-000537,2,Stable Mid-Market (Group 3),-1.5872154027182415,-0.5699088512813097,8523828,15.936
CUS-000538,1,Enterprise Champions,4.0041831594617125,-0.6631751528957582,916188001,79.5615
CUS-000539,3,Active Growth SMB,1.2790736882977345,0.285084011857399,175698236,62.4855
CUS-000540,0,Stable Mid-Market,-0.9775892645205253,0.7615088920461492,4269672,33.152
CUS-000541,0,Stable Mid-Market,-1.6097874629282243,0.4506800976627848,4970995,17.5595
CUS-000542,3,Active Growth SMB,0.3023513991049531,0.8984512543183427,6761016,56.627
CUS-000543,2,Stable Mid-Market (Group 3),-1.5912499738802084,-1.49600852092457,3611406,24.0565
CUS-000544,2,Stable Mid-Market (Group 3),-1.390186738002471,-0.5907395967034129,4704225,24.343
CUS-000545,1,Enterprise Champions,2.708664648995327,-0.7190853366120734,967793577,51.14150000000001
CUS-000546,3,Active Growth SMB,-0.17233200981822228,-0.3408233390663273,5598686,51.495
CUS-000547,0,Stable Mid-Market,-0.7824397559434574,0.5227820065332519,21514499,33.134
CUS-000548,3,Active Growth SMB,1.0939076652911457,0.5878145706899114,88599367,54.4845
CUS-000549,2,Stable Mid-Market (Group 3),-0.8752605136673817,-1.09817526090135,1431172,41.871
CUS-000550,2,Stable Mid-Market (Group 3),-1.0572071018983156,-1.3452031149723669,19206452,35.413
CUS-000551,3,Active Growth SMB,-0.7820080847158242,0.1630760364178138,9903883,36.811
CUS-000552,3,Active Growth SMB,0.6095305954467098,-0.4576686112699082,60570340,54.8355
CUS-000553,1,Enterprise Champions,3.8127391788354696,-0.4366313732038675,946549574,72.458
CUS-000554,0,Stable Mid-Market,-0.6161925945566539,2.4423094411535726,529283,37.859
CUS-000555,1,Enterprise Champions,3.3859228337519895,-0.3411698750374626,598664661,72.57050000000001
CUS-000556,1,Enterprise Champions,2.0185187797312767,-0.0924858368197188,430372244,54.276
CUS-000557,2,Stable Mid-Market (Group 3),-0.8818637228220345,-1.8193893989889025,5894136,42.90950000000001
CUS-000558,0,Stable Mid-Market,-0.7606319724642694,1.917736485417644,12627757,29.215000000000003
CUS-000559,3,Active Growth SMB,-0.5969939973335855,0.27482815461251475,14503502,39.991
CUS-000560,2,Stable Mid-Market (Group 3),-1.4200664984208495,-1.1581440865573627,20354014,25.5685
CUS-000561,1,Enterprise Champions,1.85415037236973,-0.041353845496188785,332642791,62.271
CUS-000562,1,Enterprise Champions,4.063871905740546,-0.47960885684346116,836569708,79.04
CUS-000563,2,Stable Mid-Market (Group 3),-1.4558435276961832,-1.6760961716006078,4276742,26.635
CUS-000564,0,Stable Mid-Market,-0.7377701752340831,0.5176284649787263,23645976,36.915000000000006
CUS-000565,2,Stable Mid-Market (Group 3),-1.052979314643541,-0.6089075613261565,20928056,32.057
CUS-000566,0,Stable Mid-Market,-0.9563919296498069,0.6311351117882144,7003168,31.2965
CUS-000567,2,Stable Mid-Market (Group 3),-1.1183789774407373,-1.2626435258873816,2935781,36.168000000000006
CUS-000568,1,Enterprise Champions,2.8155649374743956,-0.5339213677506003,693795937,62.5675
CUS-000569,0,Stable Mid-Market,-1.2624489220962307,0.7284574058412587,19511712,17.4265
CUS-000570,2,Stable Mid-Market (Group 3),-0.9887379494211898,-0.22451703014079644,7480970,32.923
CUS-000571,2,Stable Mid-Market (Group 3),-0.6229336259096714,-1.0032644448127273,9222298,44.459500000000006
CUS-000572,0,Stable Mid-Market,-0.8757857928854893,1.3991919360554794,4807379,35.509
CUS-000573,0,Stable Mid-Market,-1.0477014598365868,0.40853082116002204,11029880,30.683000000000003
CUS-000574,0,Stable Mid-Market,-1.5507683043000253,0.9542615592762522,3339884,11.986
CUS-000575,2,Stable Mid-Market (Group 3),-1.61429464772691,-1.3827912021721176,835780,23.785500000000003
CUS-000576,3,Active Growth SMB,-0.7088637458895477,0.15385237263309262,16810337,37.313
CUS-000577,2,Stable Mid-Market (Group 3),-1.8776388460800753,-0.2500475710657456,3137122,9.2815
CUS-000578,3,Active Growth SMB,-0.0600646088737339,0.3428457076698279,7135361,48.87350000000001
CUS-000579,0,Stable Mid-Market,-0.8762506042224212,0.8104010478530993,4852128,34.369
CUS-000580,3,Active Growth SMB,0.4256752469356934,0.9485013964538337,24070018,55.71000000000001
CUS-000581,3,Active Growth SMB,-0.3133654043417255,-0.03048379228524932,15000431,46.093
CUS-000582,0,Stable Mid-Market,-0.8518348902348519,0.6236412167284567,16162193,36.4555
CUS-000583,0,Stable Mid-Market,0.2798303353405864,0.9396316664691035,306758857,33.029
CUS-000584,2,Stable Mid-Market (Group 3),-0.7610770895495147,-0.6128689297156379,4403971,37.807
CUS-000585,2,Stable Mid-Market (Group 3),-1.5620439475579653,-2.762401477160332,4506901,28.687500000000004
CUS-000586,3,Active Growth SMB,-0.39527616951604455,-0.7475628167576839,15057896,49.838
CUS-000587,1,Enterprise Champions,1.6010970809406462,1.1758974425649145,332692957,55.1645
CUS-000588,2,Stable Mid-Market (Group 3),-0.9146082340079087,0.10866564994701192,18068997,35.152
CUS-000589,1,Enterprise Champions,3.328764399249339,0.06968243228616962,500413653,71.24950000000001
CUS-000590,3,Active Growth SMB,0.5384617301382918,-0.24404508840266365,265445738,42.5605
CUS-000591,2,Stable Mid-Market (Group 3),-0.7951417632899721,-0.4642214453392677,4345549,40.593
CUS-000592,3,Active Growth SMB,-0.6412458144341698,0.2883229702869671,9412651,32.981
CUS-000593,0,Stable Mid-Market,-1.5435102110326813,1.1051302074127094,5732369,12.851
CUS-000594,3,Active Growth SMB,-0.07713546539594411,0.012226565870865447,4696367,55.3185
CUS-000595,1,Enterprise Champions,4.488732701126834,0.3664156271048191,965088339,68.416
CUS-000596,1,Enterprise Champions,2.745177509654873,-0.04088780111380379,633451373,61.2095
CUS-000597,0,Stable Mid-Market,-1.5346758185717153,3.303354759273128,1542015,13.6825
CUS-000598,3,Active Growth SMB,-0.2264301685163219,-0.7981174153069268,18358464,50.5475
CUS-000599,3,Active Growth SMB,-0.4121664905713718,0.714486282914544,4152934,45.0315
CUS-000600,0,Stable Mid-Market,-0.7215873021485683,0.3671393568201281,22212045,33.087500000000006
CUS-000601,3,Active Growth SMB,0.03837252511162286,0.29963972493659063,18516213,49.9855
CUS-000602,2,Stable Mid-Market (Group 3),-1.137339983735639,0.24258116738300917,1455128,31.797000000000004
CUS-000603,2,Stable Mid-Market (Group 3),-1.5398845485872625,-1.661818929871425,2023747,25.6645
CUS-000604,0,Stable Mid-Market,-1.9540690815124666,0.43566744926788503,3308160,5.468
CUS-000605,0,Stable Mid-Market,-1.2028605074951728,2.3350487133920903,3464527,15.436
CUS-000606,2,Stable Mid-Market (Group 3),-0.8746066762763938,-1.218749992755667,3856239,43.5195
CUS-000607,0,Stable Mid-Market,-1.0443884603366878,3.261371974920432,2890174,30.088
CUS-000608,1,Enterprise Champions,1.9403005737681878,-0.36266023446001094,520304535,57.472
CUS-000609,2,Stable Mid-Market (Group 3),-1.6393118333291612,-2.667581785411867,819886,26.454
CUS-000610,0,Stable Mid-Market,-1.0334954131372902,0.5548756568035125,6660937,34.8375
CUS-000611,3,Active Growth SMB,-0.2578655051006495,0.49205089887004716,24119110,43.905
CUS-000612,3,Active Growth SMB,0.9053148022026225,0.6445781064771339,17635669,58.1605
CUS-000613,0,Stable Mid-Market,-0.859826461209929,2.1209433245852294,4457740,33.799499999999995
CUS-000614,2,Stable Mid-Market (Group 3),-0.9808172114575917,-0.5452343181488892,4454947,37.515
CUS-000615,2,Stable Mid-Market (Group 3),-0.7622040582656316,-0.8257026846488207,7762568,42.0235
CUS-000616,0,Stable Mid-Market,-0.8664777062664949,0.47825222229903774,2576141,36.048
CUS-000617,2,Stable Mid-Market (Group 3),-1.5397142042041052,-0.6753341677724362,3546367,23.039
CUS-000618,2,Stable Mid-Market (Group 3),-1.401223522476216,-0.46291463365689733,19336392,24.4345
CUS-000619,1,Enterprise Champions,3.57888320860423,-0.9063190220206275,758684784,76.3765
CUS-000620,1,Enterprise Champions,3.7666027291968494,0.3333060595626525,462059518,74.44800000000001
CUS-000621,2,Stable Mid-Market (Group 3),-1.1460468682039233,0.22124883223678452,3781153,29.062
CUS-000622,0,Stable Mid-Market,-0.6366383004885356,0.9479662831135103,8748029,37.374500000000005
CUS-000623,2,Stable Mid-Market (Group 3),-1.1545240493251943,0.19613129852293437,3303421,30.138
CUS-000624,2,Stable Mid-Market (Group 3),-0.8405509337762422,0.056117314337747484,7170156,35.822
CUS-000625,0,Stable Mid-Market,-1.0484142629800635,2.459734403757693,2206146,27.5655
CUS-000626,0,Stable Mid-Market,-0.6395258611485303,3.990046284658592,3571279,29.0245
CUS-000627,2,Stable Mid-Market (Group 3),-0.7710659876049206,-1.2485308990148376,1333217,44.7435
CUS-000628,1,Enterprise Champions,2.2435517525245996,0.5884870535662288,611377107,47.0365
CUS-000629,3,Active Growth SMB,-0.27835549825683986,0.3750550311598022,10770345,41.147000000000006
CUS-000630,0,Stable Mid-Market,-1.6849190860365764,0.5148934530985952,765136,14.2
CUS-000631,0,Stable Mid-Market,-1.461563719675375,0.5014707021976357,646800,21.8715
CUS-000632,2,Stable Mid-Market (Group 3),-1.459285119055685,-0.9425735041989554,743706,27.783
CUS-000633,3,Active Growth SMB,1.4064972345477285,0.6279020024495477,386460869,54.749500000000005
CUS-000634,2,Stable Mid-Market (Group 3),-0.8108211852511289,-0.7069162051774163,3245419,40.389
CUS-000635,1,Enterprise Champions,2.3885740954184183,0.16646943658972757,476508393,61.511500000000005
CUS-000636,1,Enterprise Champions,3.5969753277542593,-0.18221220637322158,447607060,81.34299999999999
CUS-000637,3,Active Growth SMB,-0.10998535153567558,0.8769947547255527,13249814,49.264
CUS-000638,2,Stable Mid-Market (Group 3),-1.1712503834853187,0.20493017063140623,617036,25.081
CUS-000639,2,Stable Mid-Market (Group 3),-1.310891137444176,-0.9593317658932624,2744739,27.5215
CUS-000640,2,Stable Mid-Market (Group 3),-1.5157025409032627,-2.8035634125329874,3390135,30.167
CUS-000641,3,Active Growth SMB,-0.7552453110935967,0.40001823816065385,3134686,38.1665
CUS-000642,0,Stable Mid-Market,-0.9744243538900298,7.751977981777545,4374237,21.9715
CUS-000643,1,Enterprise Champions,4.601279568655244,-0.22888498630844148,978762154,75.4935
CUS-000644,3,Active Growth SMB,1.1602123022081372,0.3792803136968053,363692443,45.5575
CUS-000645,0,Stable Mid-Market,-0.2964796468828447,1.7378641717932994,20018279,42.6315
CUS-000646,2,Stable Mid-Market (Group 3),-0.65327957765684,-0.758260561058521,3273842,42.57599999999999
CUS-000647,3,Active Growth SMB,1.4277917762944385,-0.3245948886010739,261756486,58.1625
CUS-000648,2,Stable Mid-Market (Group 3),-1.6583039588237596,0.08525372111386523,13040059,10.176000000000002
CUS-000649,2,Stable Mid-Market (Group 3),-1.539400379312806,-0.40867683826342927,23186247,13.733
CUS-000650,1,Enterprise Champions,2.0400286499359006,0.7610546640577579,382624491,58.556
CUS-000651,2,Stable Mid-Market (Group 3),-1.16385294426254,0.12846809546072596,21404337,23.271
CUS-000652,0,Stable Mid-Market,-0.6335213691592748,1.0278850348458342,1852926,40.575
CUS-000653,3,Active Growth SMB,-0.1818168439809335,-0.5263687961831488,4350252,52.50450000000001
CUS-000654,1,Enterprise Champions,2.595543707041383,-0.6569096672659305,644952669,70.443
CUS-000655,2,Stable Mid-Market (Group 3),-1.2069404008659295,-1.3035199363817564,2198063,33.8475
CUS-000656,2,Stable Mid-Market (Group 3),-0.96500510004177,-0.9539548793833689,7766498,36.911
CUS-000657,0,Stable Mid-Market,-0.9598482634051522,1.4328877623078873,2292811,31.48
CUS-000658,2,Stable Mid-Market (Group 3),-1.4890044980853927,-0.3618053565211844,5833333,19.593
CUS-000659,0,Stable Mid-Market,-0.3054338239719393,0.9904428756941775,23274655,44.084500000000006
CUS-000660,3,Active Growth SMB,-0.46053789311367405,-0.008277344304063317,4571858,48.091
CUS-000661,1,Enterprise Champions,2.6882133108213218,-0.5385720585132784,380782843,71.738
CUS-000662,0,Stable Mid-Market,-1.0130045186277898,1.8012238623563104,1841998,30.5835
CUS-000663,1,Enterprise Champions,4.172399054120189,-0.24629095866196307,976559673,76.8615
CUS-000664,1,Enterprise Champions,3.6925365680648525,-0.6361011678622788,710777287,76.7945
CUS-000665,2,Stable Mid-Market (Group 3),-0.4702308209342565,-1.3861188878847905,12320150,50.131
CUS-000666,2,Stable Mid-Market (Group 3),-1.321861459099234,-0.4001867836932852,2348941,27.5005
CUS-000667,0,Stable Mid-Market,-1.6991830654874223,2.631616400114602,3145896,10.677000000000003
CUS-000668,0,Stable Mid-Market,-0.666856064101524,1.368771067029216,3350643,36.5805
CUS-000669,0,Stable Mid-Market,-0.010977827718077319,1.8672320897825656,21487139,46.249
CUS-000670,3,Active Growth SMB,-0.2425840374686324,0.6210475871555726,23777535,47.64750000000001
CUS-000671,1,Enterprise Champions,3.0706741839977645,-0.239410363878611,526560260,66.903
CUS-000672,3,Active Growth SMB,-0.315779588829043,-0.6099414404106551,11806893,51.5265
CUS-000673,2,Stable Mid-Market (Group 3),-2.1513662904086166,-1.36813631512136,2020038,7.364000000000001
CUS-000674,2,Stable Mid-Market (Group 3),-1.092708704487213,-2.3737677974082034,3697547,41.0365
CUS-000675,2,Stable Mid-Market (Group 3),-0.6434539977331893,-1.1723616323020705,21603112,45.4295
CUS-000676,3,Active Growth SMB,-0.09350010717171575,0.026605655399271223,19447627,50.4715
CUS-000677,2,Stable Mid-Market (Group 3),-1.0210087557702088,-0.22434903077231,2461852,35.403000000000006
CUS-000678,2,Stable Mid-Market (Group 3),-1.1268564549178106,-0.8748622598286905,20756958,31.2085
CUS-000679,1,Enterprise Champions,2.411400174720167,-0.021581658392735882,346339429,72.81400000000001
CUS-000680,2,Stable Mid-Market (Group 3),-0.4752251545614197,-1.5116192878794579,7973202,49.9475
CUS-000681,1,Enterprise Champions,2.0583672086336855,-0.9587517759215959,678967794,59.039
CUS-000682,3,Active Growth SMB,1.326197045329352,0.32975538530720355,486746180,50.458
CUS-000683,1,Enterprise Champions,1.7651812280877177,0.7756569415753206,262503350,57.0
CUS-000684,2,Stable Mid-Market (Group 3),-0.9985094578099247,-0.7920935253089352,16451429,33.111000000000004
CUS-000685,2,Stable Mid-Market (Group 3),-0.615535196701096,-0.4787948794383345,8807772,42.622
CUS-000686,2,Stable Mid-Market (Group 3),-0.9398126786215819,-1.5305049784743259,12200150,38.4405
CUS-000687,3,Active Growth SMB,-0.12598578108451364,0.7387922212907022,9796414,46.9525
CUS-000688,2,Stable Mid-Market (Group 3),-1.6314881618265136,-2.461412765820943,2955829,25.876
CUS-000689,0,Stable Mid-Market,-0.5780552147742948,1.104343542197328,4977675,41.659
CUS-000690,3,Active Growth SMB,-0.4057881056789256,-0.32701812441046635,21872769,47.887
CUS-000691,0,Stable Mid-Market,-0.5254161410434798,0.8328058129398246,10507010,38.0425
CUS-000692,2,Stable Mid-Market (Group 3),-1.1760995215300662,-1.2447688244933277,955841,33.343500000000006
CUS-000693,1,Enterprise Champions,3.651756585749623,-0.45255788793396884,731559730,76.11949999999999
CUS-000694,0,Stable Mid-Market,-0.8461986639959452,0.4852796688142065,11329946,36.06
CUS-000695,0,Stable Mid-Market,-1.579463818920329,0.5169001769192534,2375842,17.078
CUS-000696,0,Stable Mid-Market,-0.5471511124023432,0.8200923114268028,11056758,44.714
CUS-000697,2,Stable Mid-Market (Group 3),-1.4137724901887094,-0.5467017843294676,654088,23.741000000000003
CUS-000698,3,Active Growth SMB,0.4670520748798233,0.9244545982004143,4210491,53.89
CUS-000699,0,Stable Mid-Market,-0.6605446487138433,0.5187919645385727,3398293,35.0735
CUS-000700,3,Active Growth SMB,-0.41593159577047206,-0.24994076922307018,10016535,44.874
CUS-000701,1,Enterprise Champions,2.626098188630744,-0.23865719790287185,696081259,56.3205
CUS-000702,3,Active Growth SMB,-0.21827169084006315,0.15054017964747884,19640342,42.74
CUS-000703,3,Active Growth SMB,1.0579111904599998,-0.22666456878340002,310452134,50.7245
CUS-000704,2,Stable Mid-Market (Group 3),-1.5298260525190355,-0.8626836894262274,4150882,22.3335
CUS-000705,2,Stable Mid-Market (Group 3),-0.8045300233867612,-0.9027856527452525,4207621,42.176
CUS-000706,0,Stable Mid-Market,-0.8177970998748907,1.131991107181921,20745588,20.166
CUS-000707,0,Stable Mid-Market,-0.7902140554574801,0.5771225851703493,1472338,35.1995
CUS-000708,3,Active Growth SMB,-0.7447780432660009,-0.04852338768824662,1484642,42.6755
CUS-000709,2,Stable Mid-Market (Group 3),-0.9551937582211485,-0.48619883239106154,9945522,33.997
CUS-000710,3,Active Growth SMB,-0.27151531880468716,-0.5599107567651538,7539335,42.2075
CUS-000711,2,Stable Mid-Market (Group 3),-1.2942530330376296,0.07894199077890855,3983208,26.5445
CUS-000712,3,Active Growth SMB,-0.4308537938963496,0.4277127971442256,11717491,38.9755
CUS-000713,2,Stable Mid-Market (Group 3),-2.0517703676827717,-2.718227530557119,4227128,14.6605
CUS-000714,2,Stable Mid-Market (Group 3),-1.1446857553692016,-1.505253054822609,2486119,36.813
CUS-000715,2,Stable Mid-Market (Group 3),-1.536401339791206,-0.29108128303222763,3452883,23.9685
CUS-000716,1,Enterprise Champions,2.286113148203482,-0.032854031405720754,260801059,73.842
CUS-000717,3,Active Growth SMB,-0.26932243756945984,-0.9660591241032097,13786561,52.3325
CUS-000718,1,Enterprise Champions,4.232025946846273,-0.06183343118260694,666859431,78.7935
CUS-000719,0,Stable Mid-Market,-0.7512244680141862,1.8847532773792133,13680048,31.411
CUS-000720,0,Stable Mid-Market,-0.8016089733192715,1.3142939582883502,2611994,38.002500000000005
CUS-000721,3,Active Growth SMB,0.37263067034378644,0.626520198458351,8931985,54.792
CUS-000722,2,Stable Mid-Market (Group 3),-0.39944407828572376,-1.2909679485898333,20020600,51.684000000000005
CUS-000723,3,Active Growth SMB,1.428039862322678,-0.07228197682321504,275678038,61.029
CUS-000724,2,Stable Mid-Market (Group 3),-1.1375354911978484,0.27456564064977,612754,26.876
CUS-000725,1,Enterprise Champions,3.7942650346662488,-0.356120763929643,773581670,77.354
CUS-000726,1,Enterprise Champions,4.0570142045026305,-0.8313700245210928,920452106,77.219
CUS-000727,1,Enterprise Champions,2.225551871257713,0.18824639392326437,423000900,64.66499999999999
CUS-000728,1,Enterprise Champions,2.9087157050355774,-0.25297873883153804,345632162,73.1635
CUS-000729,2,Stable Mid-Market (Group 3),-1.3108116453213758,-0.46631085067644945,20919152,23.257
CUS-000730,0,Stable Mid-Market,-0.5114026843593849,0.9331346863320942,23468453,38.581
CUS-000731,3,Active Growth SMB,-0.21760829339379445,-0.10738878556833582,2867496,47.8325
CUS-000732,1,Enterprise Champions,1.9217059637759857,0.06515710220811662,318428039,54.036
CUS-000733,1,Enterprise Champions,3.2564712033386654,-0.042102033932699824,794474369,65.9385
CUS-000734,2,Stable Mid-Market (Group 3),-0.5320527161833126,-1.1797664998500172,3364144,50.38000000000001
CUS-000735,1,Enterprise Champions,3.7928145017997235,-0.21147881773009825,908557931,58.7205
CUS-000736,2,Stable Mid-Market (Group 3),-1.1601524061216852,0.23351980586926657,19959228,24.071
CUS-000737,1,Enterprise Champions,4.01483920858102,-0.13174899168623652,981204359,63.3205
CUS-000738,3,Active Growth SMB,-0.217268036103907,-0.38629026215284223,22568137,45.6975
CUS-000739,3,Active Growth SMB,-0.49941858657154103,-0.38934787024493506,16782345,42.983
CUS-000740,3,Active Growth SMB,-0.42558738657677614,-0.4010032615902784,15024369,46.17700000000001
CUS-000741,1,Enterprise Champions,1.959306879170318,-0.5182904946291147,429197787,62.113
CUS-000742,3,Active Growth SMB,1.144650741234534,-0.49236838312552555,529543128,50.238
CUS-000743,2,Stable Mid-Market (Group 3),-1.7553047750358814,-1.329307033075203,2639115,19.5285
CUS-000744,1,Enterprise Champions,1.6651022802972038,0.8134178615950355,239169683,52.6145
CUS-000745,2,Stable Mid-Market (Group 3),-1.1696555972149505,-1.0307562602668887,18170022,29.490500000000004
CUS-000746,0,Stable Mid-Market,-0.4247169735692262,2.2589332767357,13797349,33.051
CUS-000747,3,Active Growth SMB,-0.06967779547757003,0.7238668760286603,14230997,51.149
CUS-000748,0,Stable Mid-Market,-0.19849875558857075,1.180617265291146,20457393,41.5945
CUS-000749,2,Stable Mid-Market (Group 3),-1.0420867635350197,-0.05994823728162877,2756286,34.227000000000004
CUS-000750,2,Stable Mid-Market (Group 3),-1.555434866805169,-1.2193728908400914,2389272,21.861
CUS-000751,1,Enterprise Champions,4.0484959078797464,-0.04046301522114093,696813694,83.0265
CUS-000752,2,Stable Mid-Market (Group 3),-1.092010810075747,-0.6147713804641859,5092365,31.9525
CUS-000753,3,Active Growth SMB,1.4674880199776759,0.1171198855209143,165963589,61.072
CUS-000754,3,Active Growth SMB,0.12037921674799117,0.1150000386601467,2886683,53.3875
CUS-000755,3,Active Growth SMB,-0.6236036093803036,0.34663806079155707,10113912,39.15650000000001
CUS-000756,3,Active Growth SMB,0.09754680964792536,0.5411868456472771,71642248,41.4985
CUS-000757,2,Stable Mid-Market (Group 3),-0.6305474709691,-0.6259789575493476,17435551,42.461
CUS-000758,0,Stable Mid-Market,-1.4927064264654308,3.5154835187255715,4949886,14.109500000000002
CUS-000759,1,Enterprise Champions,4.30487442662575,-0.33725920174413215,877553176,83.92450000000001
CUS-000760,3,Active Growth SMB,-0.33860104929062856,-0.3949660358659065,19899933,48.274
CUS-000761,0,Stable Mid-Market,-0.8055114440844026,7.2575333094827075,4317916,27.888000000000005
CUS-000762,3,Active Growth SMB,1.0160963414251794,0.9396447205679372,187782888,46.2285
CUS-000763,3,Active Growth SMB,0.5682791562190551,0.2438246143230477,295012490,38.6525
CUS-000764,1,Enterprise Champions,2.4219569591445897,-0.01590401489624761,560147691,56.784
CUS-000765,3,Active Growth SMB,-0.6836890094876574,-0.1479821273746902,1615920,41.503
CUS-000766,1,Enterprise Champions,2.2535571821280436,0.09598085504039207,471038073,59.2925
CUS-000767,1,Enterprise Champions,4.081048310737823,0.017083619948460083,830022965,74.6925
CUS-000768,3,Active Growth SMB,0.6070324071928136,-0.629801810480462,178071607,54.728
CUS-000769,1,Enterprise Champions,2.4441723167125726,-0.6296827345002131,434990395,77.9905
CUS-000770,0,Stable Mid-Market,-0.33103680124940243,0.9354387896181308,13958318,38.3385
CUS-000771,3,Active Growth SMB,1.1688696443966278,-0.43768841015739485,72836743,67.961
CUS-000772,2,Stable Mid-Market (Group 3),-1.1252927950517364,0.09701275307248053,20291310,25.705
CUS-000773,2,Stable Mid-Market (Group 3),-0.9371023087562234,0.007489919857808187,11095571,29.8015
CUS-000774,2,Stable Mid-Market (Group 3),-1.3577087190861905,-0.31784629607678905,3695799,26.123
CUS-000775,1,Enterprise Champions,2.978300019345882,0.5715694450057167,708803656,54.5175
CUS-000776,2,Stable Mid-Market (Group 3),-1.1446711088178718,-0.4634553119239743,2630284,31.7775
CUS-000777,2,Stable Mid-Market (Group 3),-1.6187515056661919,0.24973076813469203,16667825,10.184
CUS-000778,3,Active Growth SMB,1.2511568495288765,-0.07228254295726719,253638030,55.5225
CUS-000779,0,Stable Mid-Market,-1.3083914630404934,0.8281333278535752,2962946,23.6465
CUS-000780,2,Stable Mid-Market (Group 3),-1.5757416059877956,-0.7427297648234642,2365598,19.897
CUS-000781,1,Enterprise Champions,3.118524667092713,-0.5508554599767378,958083492,50.2535
CUS-000782,0,Stable Mid-Market,-1.1985879328964117,1.0486330814807414,1067659,27.646
CUS-000783,2,Stable Mid-Market (Group 3),-0.8340027404166085,-0.2040091384668929,24162184,36.160500000000006
CUS-000784,0,Stable Mid-Market,-0.8278141301231852,1.896417352099931,23054794,28.6335
CUS-000785,2,Stable Mid-Market (Group 3),-1.806223625956689,-1.6432819492805113,869816,18.1375
CUS-000786,3,Active Growth SMB,-0.23631963414112056,0.4595334684626514,18773656,42.477500000000006
CUS-000787,0,Stable Mid-Market,-1.5761349724885456,0.4366329859530907,4561272,18.581000000000003
CUS-000788,0,Stable Mid-Market,-1.0246503613680924,0.3908162253861125,6929742,31.651
CUS-000789,2,Stable Mid-Market (Group 3),-1.3918651801612665,-0.36370093806214066,3294024,25.338
CUS-000790,3,Active Growth SMB,-0.6845058024344305,0.2544000288553611,19152384,36.1495
CUS-000791,1,Enterprise Champions,2.898108570499869,-0.8335200630338454,769597982,66.7605
CUS-000792,2,Stable Mid-Market (Group 3),-1.312981880417271,-0.7433399465409585,8178928,28.569
CUS-000793,2,Stable Mid-Market (Group 3),-1.046685262541035,0.025629614675808664,17545956,25.164
CUS-000794,1,Enterprise Champions,2.2305702455439973,0.8778632687784403,472934377,52.574
CUS-000795,0,Stable Mid-Market,-0.3825132508208407,0.8992897361795532,121627910,30.572
CUS-000796,3,Active Growth SMB,0.09376144183128451,0.8442586379005805,7391995,52.5805
CUS-000797,1,Enterprise Champions,1.8165903150385156,0.9149936074964753,160060143,64.25450000000001
CUS-000798,1,Enterprise Champions,1.950032102325136,-0.7084553808242329,436766057,70.095
CUS-000799,2,Stable Mid-Market (Group 3),-1.4536605548972399,-0.6301398086322874,1089394,26.355000000000004
CUS-000800,0,Stable Mid-Market,-0.6754430175170978,2.092154518338441,1316410,43.2985
CUS-000801,2,Stable Mid-Market (Group 3),-1.245276244560221,-0.5942673381877065,4680637,30.188
CUS-000802,2,Stable Mid-Market (Group 3),-0.9369753133962075,-1.0745402241656632,14989331,34.3955
CUS-000803,0,Stable Mid-Market,-0.991918772066828,1.2416647763016002,626234,32.948
CUS-000804,0,Stable Mid-Market,-0.6359626408907574,2.7059113418874055,9297738,38.081500000000005
CUS-000805,3,Active Growth SMB,1.42506627188109,0.7215226853878882,136442323,57.565000000000005
CUS-000806,1,Enterprise Champions,3.1967058813605265,-0.12917782379306458,752297510,67.2125
CUS-000807,2,Stable Mid-Market (Group 3),-0.9699759349575529,-0.9830890870304183,9982996,36.7695
CUS-000808,3,Active Growth SMB,-0.5080556456034488,-0.22209279719480568,40324738,40.289
CUS-000809,3,Active Growth SMB,-0.30037204235383924,-0.4282920614476582,23324601,46.476
CUS-000810,2,Stable Mid-Market (Group 3),-1.465521252493819,-0.9080486194124345,3719283,26.5885
CUS-000811,1,Enterprise Champions,3.592468112574853,0.6756421500339822,688567688,66.4885
CUS-000812,1,Enterprise Champions,2.361000743026915,-0.5150832041722198,561295659,61.074
CUS-000813,0,Stable Mid-Market,-1.0475583942030982,1.287959866936832,4226229,27.754
CUS-000814,2,Stable Mid-Market (Group 3),-1.411819714013356,-0.2669831009419539,8848345,22.1235
CUS-000815,3,Active Growth SMB,1.3403238245301667,-0.4027069603191329,377961121,48.0315
CUS-000816,3,Active Growth SMB,-0.39735227772380227,-1.048455478386281,2313477,55.117
CUS-000817,2,Stable Mid-Market (Group 3),-1.7035730345043818,-0.3936624447466926,792830,16.775499999999997
CUS-000818,3,Active Growth SMB,-0.6189653106538076,0.2881464614223259,13082641,39.3955
CUS-000819,3,Active Growth SMB,-0.5153162412975048,0.35116895728558717,22521887,41.414
CUS-000820,1,Enterprise Champions,2.372238187872317,-0.292511833623346,254918413,71.911
CUS-000821,1,Enterprise Champions,2.601229142997277,-0.5757582955504327,656679849,63.3965
CUS-000822,3,Active Growth SMB,-0.1677551387758376,-0.4631672647053383,19177386,52.527
CUS-000823,0,Stable Mid-Market,-0.41925022374106047,1.5674421544537283,4155608,40.9285
CUS-000824,3,Active Growth SMB,0.22676026140005567,0.5257439025367254,17520802,54.951
CUS-000825,0,Stable Mid-Market,-0.9327076112121971,0.32177339560504675,2976750,32.272000000000006
CUS-000826,1,Enterprise Champions,4.12368510602866,-0.7470557062474193,824853738,79.8825
CUS-000827,3,Active Growth SMB,-0.26122455486975876,-0.027938265204769424,8306301,44.666
CUS-000828,1,Enterprise Champions,1.7181990112095444,-0.591335323473082,301771830,68.89150000000001
CUS-000829,0,Stable Mid-Market,-1.3248305446218338,0.760965555040437,2041525,20.678
CUS-000830,3,Active Growth SMB,1.5745640553014688,0.07040856649195536,297085401,59.7965
CUS-000831,2,Stable Mid-Market (Group 3),-0.8440323330753234,-1.2181839675157473,13205656,42.4915
CUS-000832,2,Stable Mid-Market (Group 3),-1.3366135915223507,-0.5294150542009263,15791672,24.0355
CUS-000833,2,Stable Mid-Market (Group 3),-0.8502339001172707,-0.015267576492763347,21124696,33.924
CUS-000834,3,Active Growth SMB,0.08610073145491151,-0.6956641294058611,24079532,55.5735
CUS-000835,2,Stable Mid-Market (Group 3),-1.6268861426762515,-1.51306125513317,1272778,20.3
CUS-000836,2,Stable Mid-Market (Group 3),-0.7315388962861954,-0.4823210485221042,12264104,36.453
CUS-000837,0,Stable Mid-Market,-0.30620298948033875,2.0924695404468094,3526122,45.659
CUS-000838,3,Active Growth SMB,-0.7703850938438024,-0.07028321936270461,4019039,44.118
CUS-000839,3,Active Growth SMB,-0.7600781245283711,0.06974526463929805,4164755,39.352500000000006
CUS-000840,2,Stable Mid-Market (Group 3),-1.084341808984585,-1.963705601055087,12452867,38.9465
CUS-000841,1,Enterprise Champions,3.583795336556471,0.6698600588544197,977274663,59.2955
CUS-000842,2,Stable Mid-Market (Group 3),-0.8666343277195413,-0.521714442997945,3752728,39.7785
CUS-000843,2,Stable Mid-Market (Group 3),-0.8149342026436917,-0.023599463512004083,21746127,36.018
CUS-000844,2,Stable Mid-Market (Group 3),-0.6862169326296882,-0.5348417715625997,8456125,40.0645
CUS-000845,1,Enterprise Champions,4.0914675470197235,-0.5636624730392266,782204424,80.33250000000001
CUS-000846,0,Stable Mid-Market,-1.6296625057930212,1.9768497596657095,4146260,14.313000000000002
CUS-000847,0,Stable Mid-Market,0.04280831932402704,1.4329294160353787,21185412,46.739
CUS-000848,2,Stable Mid-Market (Group 3),-0.5830088488858577,-0.8783253749034164,13607176,45.371
CUS-000849,1,Enterprise Champions,2.5325157119427937,0.17621230011977493,443648523,68.3255
CUS-000850,2,Stable Mid-Market (Group 3),-1.9874856488153925,-1.9683577655288613,705802,14.131
CUS-000851,1,Enterprise Champions,1.6747447639866502,1.5221730268317153,492688981,43.9375
CUS-000852,1,Enterprise Champions,2.7291187001656514,-0.9990216170340606,584606628,69.8785
CUS-000853,0,Stable Mid-Market,-1.051104760018729,0.9029557917646117,482348,35.30500000000001
CUS-000854,0,Stable Mid-Market,-1.184227770392558,0.9951062715589012,1323073,29.722500000000004
CUS-000855,1,Enterprise Champions,3.5872908901369467,-0.01079737385367371,914525615,65.756
CUS-000856,3,Active Growth SMB,-0.5419091454261066,-0.05890912813830041,18991155,41.821
CUS-000857,0,Stable Mid-Market,-1.5712511608778605,0.6773524138364627,784053,18.2215
CUS-000858,0,Stable Mid-Market,-1.0699603649800686,2.1300538347344165,4308911,23.911
CUS-000859,3,Active Growth SMB,0.013029245607070751,1.0658171596640837,22580763,48.057
CUS-000860,2,Stable Mid-Market (Group 3),-1.0980935907530567,-0.4190325046637247,6000201,28.9715
CUS-000861,2,Stable Mid-Market (Group 3),-1.6760256767171207,-0.8321225308359894,2888202,19.689
CUS-000862,2,Stable Mid-Market (Group 3),-1.3411830595215994,-1.2553501736540058,2148772,27.4615
CUS-000863,2,Stable Mid-Market (Group 3),-1.443002887266961,-1.1009046868015397,853488,26.5595
CUS-000864,3,Active Growth SMB,0.6698373446918099,-0.5800745922953952,9808747,62.7535
CUS-000865,3,Active Growth SMB,0.8667187579778622,0.17476148319849957,244045585,44.9365
CUS-000866,0,Stable Mid-Market,-1.3291366036258565,1.0697128400543174,4770452,25.199
CUS-000867,0,Stable Mid-Market,-0.8277199783822959,0.6344047103925025,3280577,40.681
CUS-000868,0,Stable Mid-Market,-1.3243252531207075,0.8507019502527464,1022259,26.14
CUS-000869,1,Enterprise Champions,2.906639039880134,-0.6940195945583345,778278585,67.581
CUS-000870,1,Enterprise Champions,3.552678107117556,0.18046259697849643,583376380,66.69800000000001
CUS-000871,2,Stable Mid-Market (Group 3),-1.0873431914614435,0.07881117464531387,491763,33.7685
CUS-000872,3,Active Growth SMB,0.5938447592951136,-0.6497458532233203,600188779,38.5175
CUS-000873,0,Stable Mid-Market,-1.2680559791451478,0.36491345627904265,3931361,23.8225
CUS-000874,0,Stable Mid-Market,-0.5442963036467843,0.6036981381891623,17429349,39.66
CUS-000875,0,Stable Mid-Market,-0.7772359014734435,0.6750678824249877,4246249,33.578
CUS-000876,2,Stable Mid-Market (Group 3),-1.8206408729787096,-0.28664645601137867,542911,13.1135
CUS-000877,0,Stable Mid-Market,-0.6867705146491556,0.9710091161883279,3482548,37.6795
CUS-000878,3,Active Growth SMB,-0.48588323693904784,-0.6531378442321066,4916769,44.8335
CUS-000879,2,Stable Mid-Market (Group 3),-0.7571630704286276,-0.5966735411688907,8680283,41.061
CUS-000880,2,Stable Mid-Market (Group 3),-1.109166936663431,0.2400811134329309,9176847,23.786
CUS-000881,3,Active Growth SMB,-0.29714762493984476,0.6080978775413869,5257370,44.597
CUS-000882,3,Active Growth SMB,-0.35671045922491457,-0.18756457748916053,22665732,47.465500000000006
CUS-000883,2,Stable Mid-Market (Group 3),-0.7901289619658164,-0.32267461913561907,2240141,40.269000000000005
CUS-000884,3,Active Growth SMB,-0.3971916052966947,-0.1496360116575692,19750359,40.054
CUS-000885,1,Enterprise Champions,1.95404621979304,0.15979675707883356,520579923,57.543000000000006
CUS-000886,3,Active Growth SMB,-0.2909035203389475,0.4567340411396068,22087177,37.035
CUS-000887,2,Stable Mid-Market (Group 3),-1.0217443832143547,-0.15555827542126816,6348869,30.711
CUS-000888,1,Enterprise Champions,4.121055746606586,0.0924495268994498,810524298,70.18549999999999
CUS-000889,3,Active Growth SMB,1.4587963778988513,0.12960628880985672,86396241,66.6275
CUS-000890,3,Active Growth SMB,-0.2642380950104796,-0.2981924330296448,23021995,44.6485
CUS-000891,3,Active Growth SMB,-0.6528113242928689,0.14799227712375834,18273173,40.0005
CUS-000892,2,Stable Mid-Market (Group 3),-1.56214522869051,-0.07005714113469624,1123241,18.588500000000003
CUS-000893,3,Active Growth SMB,0.5138550394270658,0.7354184257565064,93273614,54.0635
CUS-000894,3,Active Growth SMB,1.0173877338842403,-0.28139043141495246,190023384,51.02400000000001
CUS-000895,2,Stable Mid-Market (Group 3),-1.937815680115061,-0.5853354816319642,581670,12.512
CUS-000896,0,Stable Mid-Market,-0.6611584573992735,0.6884983830372942,3050393,43.8505
CUS-000897,1,Enterprise Champions,2.47985244836289,-0.1791095724496364,675505977,47.934000000000005
CUS-000898,3,Active Growth SMB,0.9219979325187393,0.8635271135827416,187970614,43.1535
CUS-000899,1,Enterprise Champions,3.8454851464054194,-0.4136543427656061,768886907,75.3845
CUS-000900,2,Stable Mid-Market (Group 3),-0.9404940973269015,-0.7465940910923283,17318234,36.8925
CUS-000901,2,Stable Mid-Market (Group 3),-0.9703914703396772,-1.0230496901909474,12511033,38.224500000000006
CUS-000902,3,Active Growth SMB,1.2853152829765506,0.3143406379862422,31079487,58.4535
CUS-000903,1,Enterprise Champions,1.3970294591460515,-0.2969381624950221,615465330,42.0565
CUS-000904,0,Stable Mid-Market,-0.07594185433050879,1.9251114845794852,13380007,50.2785
CUS-000905,2,Stable Mid-Market (Group 3),-1.2532951573860975,0.030345586565451,4144023,26.7395
CUS-000906,3,Active Growth SMB,-0.31286919963558163,0.6281213031620814,3136153,45.5315
CUS-000907,3,Active Growth SMB,0.42561557613909884,-0.08023927669925247,13594917,59.402
CUS-000908,1,Enterprise Champions,2.009738775570353,-0.6896524811906947,735255780,51.4905
CUS-000909,1,Enterprise Champions,3.678272908966341,-0.3691851794230818,625326817,77.197
CUS-000910,3,Active Growth SMB,-0.5521792006663822,-0.20997417014358752,18812055,42.3505
CUS-000911,2,Stable Mid-Market (Group 3),-1.5856088100508583,-1.7304039440891439,3901720,24.491
CUS-000912,2,Stable Mid-Market (Group 3),-1.8322952087227151,-1.652169969591724,3287775,17.282999999999998
CUS-000913,2,Stable Mid-Market (Group 3),-1.1368247414868782,-0.31365240137078976,4819820,27.3975
CUS-000914,2,Stable Mid-Market (Group 3),-1.563743093421561,-1.3531163170773395,3560391,23.841
CUS-000915,0,Stable Mid-Market,-0.7883827837749816,1.3206209313423034,2841341,36.6805
CUS-000916,2,Stable Mid-Market (Group 3),-1.0764026726893954,-0.3848339042530472,3915396,35.2725
CUS-000917,1,Enterprise Champions,3.0577809519465977,-0.6632662071335393,891264484,63.3175
CUS-000918,1,Enterprise Champions,2.337525541714492,0.4279218815574648,505891779,61.8755
CUS-000919,3,Active Growth SMB,-0.3666079670726478,0.578017874172357,19072970,48.7715
CUS-000920,2,Stable Mid-Market (Group 3),-0.6538531078984071,-0.5599759644537856,6061484,43.956
CUS-000921,1,Enterprise Champions,3.0113291279429677,0.825355421207134,552636704,63.775000000000006
CUS-000922,2,Stable Mid-Market (Group 3),-1.2266452857435342,-0.18578882410991654,4214744,29.3475
CUS-000923,2,Stable Mid-Market (Group 3),-1.1672311115729908,-0.44980324063519916,16782254,24.7435
CUS-000924,2,Stable Mid-Market (Group 3),-0.9466416180521059,-2.0051210952516394,20579760,42.14150000000001
CUS-000925,3,Active Growth SMB,0.22512998433767753,-0.21035029782399034,181699541,47.824000000000005
CUS-000926,3,Active Growth SMB,0.3808224290496443,-0.9722212290324243,310761005,47.713
CUS-000927,1,Enterprise Champions,2.2640859069900054,-0.09279145616090133,519849902,62.4575
CUS-000928,2,Stable Mid-Market (Group 3),-1.6414938449269285,-2.7835449789179507,3936552,26.507
CUS-000929,3,Active Growth SMB,-0.1920536398338336,-0.6462413938775722,22802180,47.5895
CUS-000930,2,Stable Mid-Market (Group 3),-0.9025473415843114,-0.6598563656238661,426305,39.4935
CUS-000931,3,Active Growth SMB,-0.09407048665671751,-1.071878269307732,19875594,56.7985
CUS-000932,3,Active Growth SMB,0.12460957275811649,0.14700416593845061,12465493,55.00749999999999
CUS-000933,3,Active Growth SMB,0.5456285590303119,0.29847814515333865,9097748,58.50750000000001
CUS-000934,0,Stable Mid-Market,-1.7152830050519023,2.468944261288377,1296537,10.76
CUS-000935,0,Stable Mid-Market,-0.7231295764895876,1.3105158870904314,3543877,40.182
CUS-000936,1,Enterprise Champions,2.749591919181389,0.44583035594112014,619456744,55.8485
CUS-000937,2,Stable Mid-Market (Group 3),-1.9377505989413193,-2.1288369976805868,992858,16.7895
CUS-000938,1,Enterprise Champions,3.0345824251377205,0.019874759857671336,648046737,58.583
CUS-000939,3,Active Growth SMB,-0.7176476122271136,-0.3818097248845845,4472356,45.400000000000006
CUS-000940,3,Active Growth SMB,1.158301639898436,0.1918451069572927,205663908,48.304
CUS-000941,3,Active Growth SMB,0.6148306400755853,-0.17686289658581503,197958826,41.199
CUS-000942,2,Stable Mid-Market (Group 3),-2.041785509079759,-0.6583748036607949,4487177,9.512
CUS-000943,1,Enterprise Champions,4.158613652447203,-0.37706195634383477,802587862,76.09649999999999
CUS-000944,0,Stable Mid-Market,-0.646864495986864,1.933447010248579,11418606,36.168
CUS-000945,0,Stable Mid-Market,-1.0442488343799823,0.8206906560652015,18983217,20.3085
CUS-000946,3,Active Growth SMB,-0.09428897789806345,-0.2094734308523924,53482358,39.887
CUS-000947,2,Stable Mid-Market (Group 3),-1.331976800791531,-1.8676566106370553,3502031,33.304
CUS-000948,0,Stable Mid-Market,-0.9170179591483497,1.1887346781041426,1955682,35.1505
CUS-000949,2,Stable Mid-Market (Group 3),-1.6794726145012178,-1.0368118314350598,959480,20.328
CUS-000950,3,Active Growth SMB,0.2411510846424284,0.31789370526595323,24876143,50.2195
CUS-000951,0,Stable Mid-Market,-0.728437057404515,0.5483242923806396,3350183,38.2865
CUS-000952,1,Enterprise Champions,3.2641685336316364,0.11907181925302357,766878129,56.575
CUS-000953,3,Active Growth SMB,0.7168169525077001,0.6972764027793852,238375112,45.6275
CUS-000954,1,Enterprise Champions,4.285527686471479,-0.16228648620838854,978957170,66.05
CUS-000955,2,Stable Mid-Market (Group 3),-1.1702132638951706,-0.5603536945592333,3186480,32.286500000000004
CUS-000956,0,Stable Mid-Market,-1.3693611204241571,0.9649594239682948,3320313,18.4905
CUS-000957,2,Stable Mid-Market (Group 3),-1.9096856544208518,-2.200499212484235,3614129,17.3735
CUS-000958,0,Stable Mid-Market,-0.46405800044374956,0.7441492297807155,9235519,38.917
CUS-000959,2,Stable Mid-Market (Group 3),-0.4294978279787419,-1.092617924369933,14835439,50.0285
CUS-000960,2,Stable Mid-Market (Group 3),-0.9412351429476934,-0.25385956645860935,9764589,35.266000000000005
CUS-000961,2,Stable Mid-Market (Group 3),-0.7159609906474319,-0.48636248892729045,6917534,41.8215
CUS-000962,3,Active Growth SMB,-0.005317527642199666,-0.2676370015018941,21849770,49.6595
CUS-000963,1,Enterprise Champions,4.263782076091049,-0.31460613490840306,988562169,72.726
CUS-000964,1,Enterprise Champions,1.920855686344208,0.7021231415686738,338935681,56.127
CUS-000965,0,Stable Mid-Market,-1.346214230354891,1.4840286634525786,2241132,18.699
CUS-000966,2,Stable Mid-Market (Group 3),-1.1134720818917878,-0.585673890785244,16297493,30.533
CUS-000967,2,Stable Mid-Market (Group 3),-0.8930841911184997,0.032207327751855926,2348405,39.3035
CUS-000968,3,Active Growth SMB,-0.020781883133349822,0.42483942925308277,121784678,31.3755
CUS-000969,2,Stable Mid-Market (Group 3),-1.1003021893485216,-0.44605205442714135,5810789,30.9035
CUS-000970,1,Enterprise Champions,4.551258145538843,-0.1595279353097172,833307610,80.738
CUS-000971,1,Enterprise Champions,1.5210579902132666,-0.45906259839241204,397333305,58.764
CUS-000972,1,Enterprise Champions,4.8342507690152186,0.1569613667712267,994451004,71.6645
CUS-000973,1,Enterprise Champions,1.62179362104904,-0.11572181496829018,371796714,54.695
CUS-000974,2,Stable Mid-Market (Group 3),-1.666368506896369,-1.2779426653798573,3170021,21.888
CUS-000975,2,Stable Mid-Market (Group 3),-0.7319667100601779,-1.0475777346815254,16314804,41.2355
CUS-000976,2,Stable Mid-Market (Group 3),-0.7386129605335047,-1.1726193106860312,12940630,43.9585
CUS-000977,0,Stable Mid-Market,-0.5943377478359987,0.49650260069217045,11968552,35.244
CUS-000978,0,Stable Mid-Market,-0.22740506202850624,2.2510558201034394,21806856,46.165000000000006
CUS-000979,2,Stable Mid-Market (Group 3),-0.7056804800848345,-0.5787436661621249,3862065,45.4485
CUS-000980,1,Enterprise Champions,3.6668935720745663,0.3766465191010046,758774116,66.56450000000001
CUS-000981,2,Stable Mid-Market (Group 3),-1.5541241054228,-0.8490031491700958,4552894,23.865
CUS-000982,2,Stable Mid-Market (Group 3),-1.8170516006807829,-1.1125974853600331,2324562,15.929
CUS-000983,2,Stable Mid-Market (Group 3),-1.1829022097107682,-1.88766324865627,2797630,37.2505
CUS-000984,2,Stable Mid-Market (Group 3),-1.8564372905179736,-0.5139535627524663,6181834,12.534
CUS-000985,1,Enterprise Champions,2.063025671535889,1.0433453859080193,517774337,54.764
CUS-000986,2,Stable Mid-Market (Group 3),-1.4266282471789011,-0.6309841247085282,3368688,25.2635
CUS-000987,3,Active Growth SMB,-0.4868754476457083,0.5325889381167912,8676607,39.522000000000006
CUS-000988,1,Enterprise Champions,1.3700884984980497,-0.6127574489809775,534132765,53.5495
CUS-000989,3,Active Growth SMB,0.08022589095155509,0.8413632145847939,24557446,46.885000000000005
CUS-000990,2,Stable Mid-Market (Group 3),-1.6667855324473035,-2.353681717372687,2717114,24.564
CUS-000991,3,Active Growth SMB,0.16980006047417182,0.19944527959496117,15788364,50.991
CUS-000992,2,Stable Mid-Market (Group 3),-1.0747591302364015,-2.039749688638706,2237733,39.453
CUS-000993,0,Stable Mid-Market,-0.8812670049841286,1.3110616926857195,4498771,27.4925
CUS-000994,1,Enterprise Champions,2.840969860784,-0.06034317532752849,653352220,59.7075
CUS-000995,2,Stable Mid-Market (Group 3),-0.9829176545167574,-0.8693546302975169,4463659,39.355
CUS-000996,3,Active Growth SMB,0.45805399376755607,-0.11730489471824386,6824438,65.3135
CUS-000997,0,Stable Mid-Market,-0.9710160841933075,1.0912202267334619,24846207,30.957
CUS-000998,1,Enterprise Champions,3.919988189323382,-0.3943551882361236,976663665,76.665
CUS-000999,2,Stable Mid-Market (Group 3),-1.680227739229314,0.12521880049850215,4370944,10.9745
CUS-001000,2,Stable Mid-Market (Group 3),-1.111104405094461,-1.352034578587132,13763240,34.261500000000005
CUS-001001,1,Enterprise Champions,2.183546483546504,-0.13988847117665426,757971131,49.529
CUS-001002,3,Active Growth SMB,-0.19365869819774492,-0.10338632975614152,22890453,49.3905
CUS-001003,1,Enterprise Champions,1.8013976972109909,-0.7144283145920589,709261853,52.9795
CUS-001004,1,Enterprise Champions,2.565211174484996,-0.1279751804896337,436865270,74.987
CUS-001005,2,Stable Mid-Market (Group 3),-0.7462889259677511,-0.6603639222424671,6577203,39.218500000000006
CUS-001006,0,Stable Mid-Market,-0.5374455263916043,1.9040037029567762,11676076,35.608000000000004
CUS-001007,0,Stable Mid-Market,-1.1845081667540982,2.3103857019450023,1258083,28.319000000000003
CUS-001008,3,Active Growth SMB,-0.05901360378394883,-1.1026660401458128,5298085,58.8705
CUS-001009,0,Stable Mid-Market,-1.3462839692981292,1.5661441744156157,4733641,21.67
CUS-001010,0,Stable Mid-Market,-0.796081960396134,0.9169800342049633,10561721,35.878
CUS-001011,2,Stable Mid-Market (Group 3),-0.8384993462217472,-0.1110999482039476,15173149,36.157
CUS-001012,2,Stable Mid-Market (Group 3),-0.8701839790102643,-1.4496303756958275,23155138,38.712500000000006
CUS-001013,2,Stable Mid-Market (Group 3),-1.0266827213961485,-0.25890186288638606,22002013,29.1395
CUS-001014,3,Active Growth SMB,0.014261195652338845,0.5675217728755751,4507663,52.2245
CUS-001015,2,Stable Mid-Market (Group 3),-0.7013871589329415,-0.8424030797099011,18467285,39.236
CUS-001016,1,Enterprise Champions,2.3406155436626492,-0.11947791558446215,497377370,63.127
CUS-001017,2,Stable Mid-Market (Group 3),-0.9037136304580963,-0.8238785243868145,18626502,38.9755
CUS-001018,0,Stable Mid-Market,-0.5609173764850891,0.6116269806116712,794380,40.169
CUS-001019,3,Active Growth SMB,0.1907133522000547,-0.07986189605294466,43306976,50.0835
CUS-001020,0,Stable Mid-Market,-0.7790402775822058,1.874933536218961,9204995,32.795
CUS-001021,3,Active Growth SMB,-0.6138553159678798,-0.046883432038039546,1635017,38.63550000000001
CUS-001022,0,Stable Mid-Market,-1.6337956218733767,2.162453719493566,3417504,15.7235
CUS-001023,0,Stable Mid-Market,-0.9572947941158019,0.8482804360665308,2868755,26.341
CUS-001024,3,Active Growth SMB,-0.3380985040569687,0.12018235477177167,21362368,51.1795
CUS-001025,3,Active Growth SMB,-0.18448846377012848,-0.3409613808771676,6631567,49.141000000000005
CUS-001026,2,Stable Mid-Market (Group 3),-1.420355573064771,-0.7990486709373772,22756678,22.4915
CUS-001027,2,Stable Mid-Market (Group 3),-1.691791350416481,-1.4104226406973208,2828615,20.995
CUS-001028,3,Active Growth SMB,-0.5576565386226702,0.2245977449768906,12998358,46.3335
CUS-001029,0,Stable Mid-Market,-1.3424739098548477,0.7350050140270763,613192,25.9535
CUS-001030,2,Stable Mid-Market (Group 3),-0.9934104247732706,-0.5089667833637702,2691854,30.806
CUS-001031,0,Stable Mid-Market,-1.006182598951047,0.7614942111174285,18241806,24.498500000000003
CUS-001032,2,Stable Mid-Market (Group 3),-1.4666778316754088,-0.1808011391823868,4869306,23.533
CUS-001033,0,Stable Mid-Market,-0.6921369603110968,1.0079279305660358,21460965,31.775
CUS-001034,2,Stable Mid-Market (Group 3),-0.9744738689445775,0.17473370660283788,4174401,32.87350000000001
CUS-001035,3,Active Growth SMB,-0.3845828763039468,0.4909857134128861,9065860,41.29899999999999
CUS-001036,0,Stable Mid-Market,-0.5654372162268471,0.8803540693812444,15261380,34.941
CUS-001037,2,Stable Mid-Market (Group 3),-0.8468678945580698,-0.17923278085666272,23053174,29.6315
CUS-001038,3,Active Growth SMB,-0.32007970869695695,0.2768905723919527,15258822,50.1995
CUS-001039,2,Stable Mid-Market (Group 3),-0.8536508159591711,-0.0671522783164371,19305331,30.9995
CUS-001040,1,Enterprise Champions,2.103624706120338,-0.015517933787063218,394019300,55.5035
CUS-001041,1,Enterprise Champions,3.6595290917720527,0.4873176543814142,778485076,58.4995
CUS-001042,2,Stable Mid-Market (Group 3),-1.0008521724742225,-1.4725126240019464,10161567,37.593
CUS-001043,3,Active Growth SMB,-0.42422090290202363,-0.046311588314813135,6970847,45.78
CUS-001044,3,Active Growth SMB,-0.09827190340561934,0.14775962601897796,23103861,47.013000000000005
CUS-001045,1,Enterprise Champions,2.5986324797452536,-0.6158523946013054,682917602,63.2205
CUS-001046,3,Active Growth SMB,0.3254318453728759,0.5181607379306592,16906928,60.438500000000005
CUS-001047,3,Active Growth SMB,1.098878859128879,0.1621344941105745,574350138,36.864
CUS-001048,2,Stable Mid-Market (Group 3),-1.5438529198506965,-1.0834230642491036,2934873,22.189
CUS-001049,2,Stable Mid-Market (Group 3),-1.7183540624844278,-0.8168720497507591,3771356,16.861
CUS-001050,1,Enterprise Champions,3.4261222602591275,0.01426359333462043,491184320,77.4225
CUS-001051,0,Stable Mid-Market,-0.6982228172733943,0.47745528345134264,3405259,35.536
CUS-001052,3,Active Growth SMB,0.6080523937924144,0.027135508165535314,492695028,32.02
CUS-001053,1,Enterprise Champions,3.8803650854791636,-0.2612803109532348,983257179,73.157
CUS-001054,1,Enterprise Champions,4.135014825477401,-0.09362816871769908,904592536,69.384
CUS-001055,3,Active Growth SMB,-0.17932874597194776,0.008780351211786988,9571634,47.6935
CUS-001056,0,Stable Mid-Market,-0.28761790193041814,3.2135591418687177,12005600,31.9035
CUS-001057,0,Stable Mid-Market,-0.8219375937877145,4.623641131448846,2953518,33.37950000000001
CUS-001058,3,Active Growth SMB,1.2600075789735192,-0.4591174878661102,363419310,57.511
CUS-001059,0,Stable Mid-Market,-1.1382940868438132,0.6511252565981096,5477070,27.541
CUS-001060,2,Stable Mid-Market (Group 3),-1.3145563839419425,-1.8579873920413401,3414671,32.623999999999995
CUS-001061,0,Stable Mid-Market,-0.5685112220853449,3.144443458635828,4053887,34.2185
CUS-001062,3,Active Growth SMB,-0.13853922200797292,0.10812711320478638,3584060,50.8175
CUS-001063,3,Active Growth SMB,1.3428160003097167,0.5221261005571429,254988170,54.306
CUS-001064,2,Stable Mid-Market (Group 3),-0.6355188290959669,-0.8143501289600255,16761269,43.368
CUS-001065,0,Stable Mid-Market,-0.5128768063914634,0.5215197708225588,21148942,31.7095
CUS-001066,2,Stable Mid-Market (Group 3),-0.9685827405291371,-1.9502455280820354,2944370,43.49550000000001
CUS-001067,0,Stable Mid-Market,-0.7509271630940175,1.5249230796115827,22917498,34.084999999999994
CUS-001068,3,Active Growth SMB,-0.17214609361580166,-0.01611966645284361,13111544,48.947
CUS-001069,3,Active Growth SMB,0.9994452774372409,-0.5830091266329459,380962833,49.0015
CUS-001070,0,Stable Mid-Market,-0.17500368942240233,0.8923518738172626,22801174,40.982
CUS-001071,2,Stable Mid-Market (Group 3),-1.351764148515927,-1.5878522962893524,3047433,32.144000000000005
CUS-001072,0,Stable Mid-Market,-1.4208437123562117,2.592255746725714,2639759,12.3495
CUS-001073,0,Stable Mid-Market,-0.6355826538595555,1.0066668328808743,17162570,27.7675
CUS-001074,2,Stable Mid-Market (Group 3),-1.4189398326245448,-1.04719907246568,2716563,28.339
CUS-001075,0,Stable Mid-Market,-0.8237600368025007,2.0121482951704337,2227396,35.287000000000006
CUS-001076,2,Stable Mid-Market (Group 3),-1.2949366218942246,-2.0954109122611,5947368,33.546499999999995
CUS-001077,2,Stable Mid-Market (Group 3),-1.4958653875307015,-0.03496144529321653,19105099,13.953499999999998
CUS-001078,3,Active Growth SMB,-0.11614945306515988,0.8167008881440103,21182734,43.2295
CUS-001079,3,Active Growth SMB,-0.7326194792910862,0.06677450134374317,5234449,36.65299999999999
CUS-001080,3,Active Growth SMB,-0.08621669360750295,0.23794315890176804,15660504,53.191500000000005
CUS-001081,1,Enterprise Champions,4.250134833553501,0.05883985067876509,825288445,72.2
CUS-001082,2,Stable Mid-Market (Group 3),-1.998125265216611,-0.1428707286766893,4072470,10.452
CUS-001083,2,Stable Mid-Market (Group 3),-1.1662022551986546,-2.0805281728864204,3781368,38.4825
CUS-001084,2,Stable Mid-Market (Group 3),-1.0376802824267206,-0.14691730786139018,4123755,34.5655
CUS-001085,2,Stable Mid-Market (Group 3),-1.4117256894417787,-0.3957904158640554,2512481,24.9335
CUS-001086,0,Stable Mid-Market,-1.0007981811683637,1.124361596393336,3232998,28.2075
CUS-001087,2,Stable Mid-Market (Group 3),-1.4586968466750132,-0.3260115550002372,1267489,18.6735
CUS-001088,2,Stable Mid-Market (Group 3),-1.6346211392221885,-0.6994172251002602,3969170,20.3955
CUS-001089,0,Stable Mid-Market,-1.1617271065054178,0.5813195641152898,6033755,28.4515
CUS-001090,3,Active Growth SMB,-0.411527802690898,-0.7291121462068292,21944813,48.021
CUS-001091,3,Active Growth SMB,0.46807410560176405,0.03162876934095371,149228579,55.832
CUS-001092,0,Stable Mid-Market,-0.8942333636386651,1.2682896756871984,22227214,27.8475
CUS-001093,3,Active Growth SMB,0.3861693280975349,0.9882694220293318,11705742,55.085
CUS-001094,3,Active Growth SMB,0.1813155506758668,0.0765547405447038,154828168,46.089
CUS-001095,3,Active Growth SMB,-0.628296453465927,0.12008434371387648,21942881,37.1195
CUS-001096,3,Active Growth SMB,-0.4417380183094171,0.4463218181881334,22109381,39.182500000000005
CUS-001097,1,Enterprise Champions,2.9176995251069298,-0.28806871057573463,825563059,57.834500000000006
CUS-001098,0,Stable Mid-Market,-1.5833289106438386,1.1039194524654676,4980593,16.333000000000002
CUS-001099,0,Stable Mid-Market,-1.1306210444693792,1.14609343445443,1798869,27.6595
CUS-001100,3,Active Growth SMB,0.05256021722852208,0.0688019205350027,134425226,36.1615
CUS-001101,1,Enterprise Champions,3.0224991368650453,-0.06276029229572198,728952904,55.7965
CUS-001102,2,Stable Mid-Market (Group 3),-0.8494174382185494,0.08593527675518636,24965500,28.7345
CUS-001103,3,Active Growth SMB,-0.6036591172341759,0.6905894279313031,2325167,48.408
CUS-001104,2,Stable Mid-Market (Group 3),-1.8094731277869531,-1.024932541672842,3700567,15.0855
CUS-001105,1,Enterprise Champions,2.9432738024000646,-0.281734213239864,847743257,56.071
CUS-001106,2,Stable Mid-Market (Group 3),-0.8698274310051385,0.1556755325512147,2561105,35.999
CUS-001107,3,Active Growth SMB,0.227843070043861,-0.7291911417019676,95905920,52.889500000000005
CUS-001108,0,Stable Mid-Market,-1.0077330849446502,0.3509062378907504,5725537,31.1035
CUS-001109,2,Stable Mid-Market (Group 3),-1.3116308486414738,-0.41342036236640645,4536075,28.6525
CUS-001110,1,Enterprise Champions,1.4989163316599756,-0.3852374580030141,384119498,56.188
CUS-001111,1,Enterprise Champions,3.07730904465785,0.5232561159959175,336947296,74.49549999999999
CUS-001112,3,Active Growth SMB,-0.5906915293849505,0.09040741837255711,13225163,40.011
CUS-001113,3,Active Growth SMB,-0.5755495083865514,-0.43226202152518806,3185436,43.8355
CUS-001114,2,Stable Mid-Market (Group 3),-0.8939095812346133,-1.6314249751294345,3332558,44.2525
CUS-001115,2,Stable Mid-Market (Group 3),-1.4413275461079027,-1.2663187073402125,3422002,27.623500000000003
CUS-001116,1,Enterprise Champions,4.158024394572534,0.4766418084099949,866531348,66.257
CUS-001117,1,Enterprise Champions,3.4233984281550263,-0.8604155011891498,895645467,74.08449999999999
CUS-001118,2,Stable Mid-Market (Group 3),-0.6876423490956382,-1.1118223329144334,4340999,45.63699999999999
CUS-001119,3,Active Growth SMB,0.921165858131676,-0.6555126748527996,405562319,45.39750000000001
CUS-001120,0,Stable Mid-Market,-1.264722182414198,2.1314727573484835,3792948,22.3295
CUS-001121,0,Stable Mid-Market,-0.5554050771782403,2.116028255902818,19594087,29.803
CUS-001122,1,Enterprise Champions,3.0318272607244228,-1.1641401212112283,869909807,72.418
CUS-001123,2,Stable Mid-Market (Group 3),-0.7431882347253448,-0.22394120949846064,1313527,40.197
CUS-001124,3,Active Growth SMB,1.044292302874668,-0.7068445403939166,185911037,63.5745
CUS-001125,3,Active Growth SMB,-0.4879460279221495,-0.48139061847655634,2503420,42.904
CUS-001126,3,Active Growth SMB,0.11807673243559066,0.22724863269631773,10851888,48.4765
CUS-001127,0,Stable Mid-Market,-0.22145994932180374,1.5548497101682486,5502604,49.977
CUS-001128,2,Stable Mid-Market (Group 3),-0.9490214167487458,-1.5652986522271568,17340423,40.084
CUS-001129,0,Stable Mid-Market,-0.6062081366343393,1.0466310409916633,3520809,39.629000000000005
CUS-001130,2,Stable Mid-Market (Group 3),-1.8129902262901223,-0.21195465206237754,2348885,13.963
CUS-001131,2,Stable Mid-Market (Group 3),-1.007829301832846,-0.3561349367507525,590468,33.409
CUS-001132,0,Stable Mid-Market,-0.9415868148214527,0.31895899154439566,15919791,33.721000000000004
CUS-001133,1,Enterprise Champions,2.3421755630147443,-0.8546087145514943,479503488,73.38
CUS-001134,3,Active Growth SMB,-0.6667294092734634,-0.31766142093351135,2806461,46.751
CUS-001135,0,Stable Mid-Market,-1.153434484544051,1.6767224973737946,2441362,23.3945
CUS-001136,3,Active Growth SMB,-0.17271174412336757,-0.04465254628589925,11166708,49.234
CUS-001137,2,Stable Mid-Market (Group 3),-0.9530705490333244,-1.6086471623679448,3182362,42.0115
CUS-001138,3,Active Growth SMB,-0.2181737315161467,-0.37397137587874596,24106695,50.279
CUS-001139,1,Enterprise Champions,4.352746614220222,0.06822683560256257,921017595,67.73849999999999
CUS-001140,0,Stable Mid-Market,-1.321542271590068,0.7916428012330907,14598206,22.69
CUS-001141,3,Active Growth SMB,-0.6274688027487881,0.05575026607789483,23412490,40.8215
CUS-001142,2,Stable Mid-Market (Group 3),-0.41474035733860315,-1.1623598005088633,2912572,51.566
CUS-001143,2,Stable Mid-Market (Group 3),-1.5801414796874924,-0.42770581781768546,544635,20.3985
CUS-001144,2,Stable Mid-Market (Group 3),-1.5189682383861283,-0.16241922857924862,4728759,18.9185
CUS-001145,3,Active Growth SMB,-0.5040714520960684,0.5085909359397354,21102177,41.0355
CUS-001146,2,Stable Mid-Market (Group 3),-1.183993608794086,-1.3588093467249682,6877751,34.988
CUS-001147,2,Stable Mid-Market (Group 3),-0.7314713822421395,-1.9661175922198741,3439127,49.8635
CUS-001148,3,Active Growth SMB,-0.2992450624448111,0.37456931353124945,1422049,47.370000000000005
CUS-001149,2,Stable Mid-Market (Group 3),-0.8985386592408702,-0.29762302161054577,4687904,40.004
CUS-001150,2,Stable Mid-Market (Group 3),-1.2628143843601607,-0.48879888745682265,2833612,31.2995
CUS-001151,1,Enterprise Champions,3.3121301084100643,0.5572897296643472,687932305,62.312
CUS-001152,0,Stable Mid-Market,-0.6995263764133306,1.726890306685326,2277520,37.84
CUS-001153,1,Enterprise Champions,2.433374662609175,-0.7322732829654542,775210102,60.932
CUS-001154,1,Enterprise Champions,1.9472294280404367,0.4315243672556924,524745342,52.682500000000005
CUS-001155,0,Stable Mid-Market,-0.491023972436333,0.876454552756128,21942419,42.4635
CUS-001156,1,Enterprise Champions,3.4770463054192753,0.10655240905096806,615245833,66.3175
CUS-001157,1,Enterprise Champions,2.410722989266786,0.5650109765975834,920223217,42.039
CUS-001158,1,Enterprise Champions,2.8939201110128105,0.27551347716162633,862471505,56.93299999999999
CUS-001159,2,Stable Mid-Market (Group 3),-1.0234859351493926,-0.5238754223134773,13580274,29.3945
CUS-001160,2,Stable Mid-Market (Group 3),-0.7963797596342708,-0.39721004513119607,2941192,36.539
CUS-001161,3,Active Growth SMB,0.0484043579916669,-0.6029737827779903,146413900,42.0335
CUS-001162,3,Active Growth SMB,0.08610933348286275,0.3581422216652985,5297094,44.422
CUS-001163,2,Stable Mid-Market (Group 3),-1.6445438108771433,-1.801461260591187,3085047,23.1165
CUS-001164,3,Active Growth SMB,1.0298662958989069,-0.07292195266188896,122142219,54.588
CUS-001165,1,Enterprise Champions,3.9892262171072495,0.24345246618854463,725950709,72.38300000000001
CUS-001166,2,Stable Mid-Market (Group 3),-1.5457919442089016,-2.3931922842760462,2506336,28.448500000000003
CUS-001167,3,Active Growth SMB,-0.623894941849672,0.0661211444066329,941232,44.563500000000005
CUS-001168,0,Stable Mid-Market,0.03613175258108875,1.1928136834984968,23831633,46.28450000000001
CUS-001169,2,Stable Mid-Market (Group 3),-2.05372150868987,-2.3414500996381,4708475,13.585
CUS-001170,1,Enterprise Champions,3.67028063626676,-0.29501091917879224,814661536,71.4945
CUS-001171,2,Stable Mid-Market (Group 3),-1.0561963112919308,-1.5299738544812151,10351803,35.805499999999995
CUS-001172,2,Stable Mid-Market (Group 3),-1.4974682161036779,-1.0596525495865539,1922084,22.7875
CUS-001173,3,Active Growth SMB,0.9312641101489346,0.01707885752409589,165005249,55.4845
CUS-001174,2,Stable Mid-Market (Group 3),-0.7439904644729648,-0.7588083191067803,1164294,44.3005
CUS-001175,3,Active Growth SMB,0.30688277221219207,0.33498171458368575,12058696,55.092000000000006
CUS-001176,0,Stable Mid-Market,-1.5486526426244203,2.2555675341002517,1141300,18.079
CUS-001177,2,Stable Mid-Market (Group 3),-0.9567926003380002,-1.1603742572783002,24609935,37.724
CUS-001178,3,Active Growth SMB,0.022723915814853772,-0.9029797021104722,9067862,61.126
CUS-001179,1,Enterprise Champions,3.6087439159899906,0.09957809589930468,441938237,80.45949999999999
CUS-001180,2,Stable Mid-Market (Group 3),-1.1090137801238884,-0.26523934437121105,42105848,20.8345
CUS-001181,2,Stable Mid-Market (Group 3),-0.6980667173778722,-0.9801377482416955,1281943,48.732000000000006
CUS-001182,3,Active Growth SMB,1.3859673847435396,-0.48431593486269003,232763480,63.702
CUS-001183,1,Enterprise Champions,2.4816999387854666,0.057088639998701195,799000023,44.7685
CUS-001184,1,Enterprise Champions,4.410608431034759,0.7055790680978443,891430724,65.929
CUS-001185,1,Enterprise Champions,4.912982002357263,0.0005264663568587,930332142,78.7165
CUS-001186,2,Stable Mid-Market (Group 3),-1.1937929071304259,-1.12248480745011,330435,33.04
CUS-001187,0,Stable Mid-Market,-0.88503344987903,0.32488366222222365,14386835,26.848
CUS-001188,2,Stable Mid-Market (Group 3),-1.1083853485854231,-1.0431060691729013,2226416,34.3275
CUS-001189,3,Active Growth SMB,1.3832836932827688,-0.4658617041075481,406231184,54.6025
CUS-001190,2,Stable Mid-Market (Group 3),-0.9220945814201791,-0.22372892716176182,16415180,34.2475
CUS-001191,0,Stable Mid-Market,-0.3083115606773982,1.4136726152274994,11816824,34.399
CUS-001192,3,Active Growth SMB,-0.43100350884664707,-0.4694092406752889,15686295,46.376000000000005
CUS-001193,2,Stable Mid-Market (Group 3),-1.2079506620884555,-1.168348082050871,4888401,29.963
CUS-001194,0,Stable Mid-Market,-1.4687803559155246,0.6278235740524957,3859439,14.4435
CUS-001195,0,Stable Mid-Market,-1.6341133713629306,2.114377200406322,337748,14.057
CUS-001196,3,Active Growth SMB,0.8991378277480393,0.7066971162994388,265265463,43.524
CUS-001197,1,Enterprise Champions,3.6001871514300356,-0.34283553841096653,931483988,61.4635
CUS-001198,0,Stable Mid-Market,-0.9238099242379096,0.4851355925072791,19314158,29.4905
CUS-001199,2,Stable Mid-Market (Group 3),-0.7857077486658112,-0.08799306571849275,21360272,32.894
CUS-001200,2,Stable Mid-Market (Group 3),-0.7969133423525269,-1.198803138254208,4793370,46.2845
CUS-001201,2,Stable Mid-Market (Group 3),-0.6640490905717036,-0.2144546667400151,23092339,31.9885
CUS-001202,2,Stable Mid-Market (Group 3),-0.9786568665937831,-0.43804465001094994,13408624,30.132
CUS-001203,2,Stable Mid-Market (Group 3),-1.3016248025424462,-0.9375715319717628,2992412,26.944000000000003
CUS-001204,0,Stable Mid-Market,-1.492112254217006,0.7867741460056312,3385949,17.1655
CUS-001205,3,Active Growth SMB,1.5564330487352642,-0.11027604021416955,189599066,60.03699999999999
CUS-001206,1,Enterprise Champions,3.1649466328024434,0.277167442990014,870587648,54.021
CUS-001207,0,Stable Mid-Market,-0.6591324111098491,1.1508107624068529,12315120,32.494
CUS-001208,0,Stable Mid-Market,-1.1337318348481498,1.3789903261951348,14917003,24.323500000000003
CUS-001209,1,Enterprise Champions,3.911756322555349,0.0015353682758857264,670268370,79.291
CUS-001210,0,Stable Mid-Market,-0.6571504629068534,0.8014828997329815,3659990,36.3545
CUS-001211,2,Stable Mid-Market (Group 3),-0.9208033344160782,-1.6966594382929554,3905207,43.6525
CUS-001212,0,Stable Mid-Market,-0.9156789791263548,0.8909773192865335,3226307,33.048500000000004
CUS-001213,3,Active Growth SMB,-0.6050022784923821,-0.44769202293472116,19152327,44.976
CUS-001214,2,Stable Mid-Market (Group 3),-0.9851016021820624,-1.3750502965787361,17278645,37.6935
CUS-001215,2,Stable Mid-Market (Group 3),-0.6671645995633931,-0.5140879013914252,24071000,36.8385
CUS-001216,3,Active Growth SMB,-0.5783338475113244,0.4179541766985698,21575479,41.9495
CUS-001217,0,Stable Mid-Market,-0.6530337877976432,1.680910157028015,9203039,33.5315
CUS-001218,2,Stable Mid-Market (Group 3),-1.2846366823376805,-0.3231979762883362,10576892,18.312
CUS-001219,0,Stable Mid-Market,-0.11919068716273055,1.6805665382195174,10302673,50.2735
CUS-001220,3,Active Growth SMB,1.3149171817696101,0.4013427277213418,224447289,56.7885
CUS-001221,3,Active Growth SMB,1.023392812356465,0.47449109277592316,477593805,45.334
CUS-001222,1,Enterprise Champions,4.202144978256726,-0.47824036782229445,815406649,76.7675
CUS-001223,2,Stable Mid-Market (Group 3),-1.9260140197052364,-2.507260217457416,1665087,17.927
CUS-001224,2,Stable Mid-Market (Group 3),-0.23655507136183604,-1.5387851725101385,23409478,55.813
CUS-001225,1,Enterprise Champions,2.2580861996382082,-0.0065983452013962185,536636233,60.0975
CUS-001226,0,Stable Mid-Market,-1.1086155495529233,0.918994941778592,2495995,31.9995
CUS-001227,3,Active Growth SMB,-0.05669600322045832,-0.012522330324056084,12554727,53.2845
CUS-001228,2,Stable Mid-Market (Group 3),-0.8911000403509262,-0.6377289054186016,3438975,37.8045
CUS-001229,2,Stable Mid-Market (Group 3),-1.2057556601005257,-0.37494943183772517,1193350,30.769
CUS-001230,3,Active Growth SMB,1.198712596657334,0.12832606366527374,68007871,62.9825
CUS-001231,1,Enterprise Champions,1.6846427747794979,-0.2390321811255036,605200584,45.7485
CUS-001232,0,Stable Mid-Market,-0.7105003854136043,1.1589477763406681,19905104,29.0165
CUS-001233,1,Enterprise Champions,3.768001906563035,-0.36349841336580596,966903320,64.024
CUS-001234,0,Stable Mid-Market,-0.8946779343574213,0.6412614887029119,21021247,32.1375
CUS-001235,3,Active Growth SMB,1.0609208535401535,0.20589875218013257,157974591,60.819500000000005
CUS-001236,1,Enterprise Champions,1.5555076260865341,0.019840647428753824,504196408,50.5295
CUS-001237,1,Enterprise Champions,1.5948224931248773,-0.08481282941771676,236743944,56.80350000000001
CUS-001238,0,Stable Mid-Market,-0.43297716378378504,1.7005941197395673,16148288,32.161500000000004
CUS-001239,1,Enterprise Champions,3.9706788574944203,-0.4326638773968208,697044616,80.67750000000001
CUS-001240,3,Active Growth SMB,1.1825598215359667,-0.23131444099606532,230706496,62.0215
CUS-001241,2,Stable Mid-Market (Group 3),-1.6403072597058679,-1.5105812046976315,4434709,23.670500000000004
CUS-001242,3,Active Growth SMB,-0.36580285748037455,0.6125065335023706,7608829,45.2205
CUS-001243,2,Stable Mid-Market (Group 3),-1.1138298038289822,-0.4982167895358651,6969771,28.8945
CUS-001244,1,Enterprise Champions,2.4656892012642326,0.3985999696329875,87741741,75.8125
CUS-001245,0,Stable Mid-Market,-0.838617827498885,2.8164504798870698,16263303,27.099
CUS-001246,1,Enterprise Champions,4.758006907362006,-0.5899017703350025,874189428,82.9695
CUS-001247,3,Active Growth SMB,-0.6356442105798471,-0.1752048506628457,18843525,40.87349999999999
CUS-001248,1,Enterprise Champions,2.593856259723166,-0.7269077580982269,702276363,64.466
CUS-001249,2,Stable Mid-Market (Group 3),-0.8692512811178527,-0.5269948414435031,4911426,41.5145
CUS-001250,0,Stable Mid-Market,-0.9742746631244724,0.26120613487991307,3736017,36.224500000000006
CUS-001251,3,Active Growth SMB,1.1938940756857688,-0.2987239385907075,359976427,50.279
CUS-001252,3,Active Growth SMB,1.0831843618502865,0.17398675857367907,334322212,48.6685
CUS-001253,1,Enterprise Champions,3.0296040410972016,-0.1827897367323173,678222047,65.1385
CUS-001254,2,Stable Mid-Market (Group 3),-0.9330307132187234,0.0716928126302358,20031769,33.506
CUS-001255,1,Enterprise Champions,1.931326271223036,-0.3575245369099754,406396078,62.2385
CUS-001256,2,Stable Mid-Market (Group 3),-0.748319073869301,-0.3230593216881897,3972789,41.3425
CUS-001257,2,Stable Mid-Market (Group 3),-1.0097662506841103,0.20794668365017363,4977268,29.328500000000005
CUS-001258,2,Stable Mid-Market (Group 3),-1.4327251360216102,-0.9981900433909837,809913,27.2155
CUS-001259,0,Stable Mid-Market,-0.9278896349706293,0.3243559947226091,20660834,27.666
CUS-001260,2,Stable Mid-Market (Group 3),-0.588427297075375,-0.6610889377363409,3630366,42.958
CUS-001261,1,Enterprise Champions,1.7917339009529853,-0.271690373629098,664190881,50.4475
CUS-001262,0,Stable Mid-Market,-0.6778149906919634,0.8518877830735584,20208084,31.664
CUS-001263,3,Active Growth SMB,-0.36877672894366054,-0.970702897562301,5118991,53.1375
CUS-001264,2,Stable Mid-Market (Group 3),-1.0666836131657067,-0.1871080667761761,3384213,33.9275
CUS-001265,0,Stable Mid-Market,-0.4951012570950218,0.8874327257273015,3707523,39.014
CUS-001266,0,Stable Mid-Market,-0.9745916923683994,2.138433848184527,2971200,28.6105
CUS-001267,3,Active Growth SMB,0.4946923491290682,0.7996074742181755,144389327,44.361
CUS-001268,2,Stable Mid-Market (Group 3),-0.892860353420099,-0.1150999160142038,4360968,36.376000000000005
CUS-001269,2,Stable Mid-Market (Group 3),-0.9947717212616751,-0.40615641189109347,10417875,34.357
CUS-001270,0,Stable Mid-Market,-0.7958698197580398,0.6041943782066117,14582716,32.7765
CUS-001271,2,Stable Mid-Market (Group 3),-1.1211694630754478,0.14611933677417208,4556643,33.5495
CUS-001272,3,Active Growth SMB,0.24284931494839462,0.9406722558190997,9230005,56.036
CUS-001273,2,Stable Mid-Market (Group 3),-1.4145173578090575,-0.6465404560809245,7390069,23.728
CUS-001274,0,Stable Mid-Market,-0.6971323321031173,1.6245163560409075,2588305,36.4635
CUS-001275,1,Enterprise Champions,3.0573207490131478,-0.5288942550795415,649724770,68.865
CUS-001276,3,Active Growth SMB,0.1592153092488408,-0.8256242022995911,18815672,65.541
CUS-001277,3,Active Growth SMB,1.4439962435650056,0.33971588093931226,247802104,50.19
CUS-001278,1,Enterprise Champions,2.519533224419759,-0.1356796256753903,490855712,65.449
CUS-001279,2,Stable Mid-Market (Group 3),-1.4966158463069168,0.08559243151877471,1858528,20.927
CUS-001280,0,Stable Mid-Market,-0.6090170017511548,2.4053364358889864,23643344,30.5725
CUS-001281,0,Stable Mid-Market,-1.0081171713211239,2.2808810616498456,15314104,24.4115
CUS-001282,0,Stable Mid-Market,-0.05417757501934196,1.5963174902682506,14733801,48.6475
CUS-001283,3,Active Growth SMB,-0.30785465977616233,-0.81616679500659,4439185,49.272000000000006
CUS-001284,0,Stable Mid-Market,-1.2766290988702207,1.1069315883054656,2537672,22.0805
CUS-001285,2,Stable Mid-Market (Group 3),-0.6786396735142259,-0.6385812884744334,4910337,46.354
CUS-001286,2,Stable Mid-Market (Group 3),-2.2360646244826694,-1.5593363713759376,522954,6.156000000000001
CUS-001287,0,Stable Mid-Market,-0.9981201025279679,0.29723651686351255,14754148,25.0355
CUS-001288,2,Stable Mid-Market (Group 3),-0.9824222701444929,0.018056882110400664,5487633,25.597
CUS-001289,2,Stable Mid-Market (Group 3),-0.6273059060371243,-0.9314898594201743,3169030,43.5475
CUS-001290,0,Stable Mid-Market,-0.7611298101489495,0.839513023599421,21263676,30.755
CUS-001291,2,Stable Mid-Market (Group 3),-1.0485854222902542,-0.28134742803030477,14397610,31.0795
CUS-001292,3,Active Growth SMB,-0.49012010935197114,0.45224836748855074,9908751,39.815000000000005
CUS-001293,3,Active Growth SMB,-0.4060723181315337,0.037856652977289476,2775790,49.541
CUS-001294,3,Active Growth SMB,-0.12985168865386254,-0.690431496255279,15281395,48.4815
CUS-001295,3,Active Growth SMB,-0.24492891765788255,0.3711847941273624,22256901,46.371
CUS-001296,3,Active Growth SMB,-0.538883330707846,0.39224562231417426,21303818,41.8995
CUS-001297,1,Enterprise Champions,3.8942688226121174,0.26995408186560765,787788051,78.4595
CUS-001298,1,Enterprise Champions,4.5857065315304055,0.07029210056790883,684048052,85.03650000000002
CUS-001299,0,Stable Mid-Market,-0.3633724328827002,1.7321550101334688,4806843,39.909
CUS-001300,3,Active Growth SMB,-0.392165834073522,-0.17464052295036447,17801305,39.4935
CUS-001301,1,Enterprise Champions,2.012063968091078,-0.41375318175427994,240796369,67.252
CUS-001302,3,Active Growth SMB,-0.0890429146866328,-0.08486726617587044,5843103,49.9925
CUS-001303,0,Stable Mid-Market,-1.0708033737796698,1.0723924443585222,3246367,26.453
CUS-001304,1,Enterprise Champions,3.11062147328161,-0.18660105558671983,707038947,69.626
CUS-001305,0,Stable Mid-Market,-0.47864823010326174,2.1384934101456317,2102056,34.827
CUS-001306,3,Active Growth SMB,-0.3605282118874015,0.6543989845918871,621452,46.973
CUS-001307,2,Stable Mid-Market (Group 3),-1.2970838219190601,-0.6286843150234774,21746534,22.733
CUS-001308,0,Stable Mid-Market,-1.0686782390858773,2.691978243567165,2993732,26.2405
CUS-001309,3,Active Growth SMB,0.22868135609799503,-0.7874452084612268,141074086,46.0175
CUS-001310,2,Stable Mid-Market (Group 3),-1.3792702407751434,-1.1874007531080126,2031880,29.8765
CUS-001311,2,Stable Mid-Market (Group 3),-1.3906521291588565,-0.9147322471207481,16579100,24.9645
CUS-001312,2,Stable Mid-Market (Group 3),-1.7911546050823732,-2.318233418026561,2110345,21.1425
CUS-001313,3,Active Growth SMB,-0.23338266351032247,-0.49052423282460406,24678852,52.41
CUS-001314,3,Active Growth SMB,0.13773388937521353,0.6929922407317892,82552436,50.14099999999999
CUS-001315,3,Active Growth SMB,1.1712072590561153,0.29611608080891777,131423872,57.4515
CUS-001316,2,Stable Mid-Market (Group 3),-1.1741034554268241,0.008163390823342758,4953581,25.712
CUS-001317,3,Active Growth SMB,0.24057489934759205,1.03930864396488,19278053,53.237
CUS-001318,3,Active Growth SMB,1.1445036251637686,-0.5597667111003488,366611919,51.7665
CUS-001319,2,Stable Mid-Market (Group 3),-1.3962822665371228,-1.5206791541499047,2325421,27.7165
CUS-001320,2,Stable Mid-Market (Group 3),-0.9621021422909132,0.05392940051266322,4944558,35.967
CUS-001321,2,Stable Mid-Market (Group 3),-0.842511667322923,-1.4753323275628298,22164201,39.17
CUS-001322,3,Active Growth SMB,-0.11647685978323284,-0.8086729494168935,14692038,54.6985
CUS-001323,1,Enterprise Champions,2.7156359526896368,-0.294364561650465,765921451,61.191500000000005
CUS-001324,2,Stable Mid-Market (Group 3),-1.0623001309643676,-1.572335817327749,3714385,37.254000000000005
CUS-001325,0,Stable Mid-Market,-0.6085916433811389,0.9392157426979151,7643556,32.418000000000006
CUS-001326,2,Stable Mid-Market (Group 3),-0.9210819104112516,-0.6578168742002787,4949722,41.32449999999999
CUS-001327,0,Stable Mid-Market,-0.666432004436035,1.2450465390081955,17374654,33.059
CUS-001328,3,Active Growth SMB,-0.1334896318432814,0.8071468203565116,5652632,45.1655
CUS-001329,1,Enterprise Champions,2.3015957589275335,0.3516058358458317,462794752,58.52199999999999
CUS-001330,3,Active Growth SMB,0.45258384460606277,0.10909817490762995,24307479,50.104
CUS-001331,2,Stable Mid-Market (Group 3),-1.6001183450515113,-2.1149299860397095,2960450,25.452
CUS-001332,0,Stable Mid-Market,-0.8749916288603478,0.47985485776226544,10445820,30.147500000000004
CUS-001333,0,Stable Mid-Market,-0.7677035180774139,0.6080617002812583,11772048,35.0625
CUS-001334,3,Active Growth SMB,-0.6959756124116626,0.010390777037293216,1831695,43.8335
CUS-001335,0,Stable Mid-Market,-0.3369375722439428,2.6750339248626442,4254504,38.1665
CUS-001336,0,Stable Mid-Market,-1.2914183173838882,1.3716237628740746,2418660,22.3025
CUS-001337,3,Active Growth SMB,0.6542211321750115,0.06653797064138865,273084663,48.5755
CUS-001338,0,Stable Mid-Market,-0.9298691833788175,0.3369804826258916,14161791,32.840500000000006
CUS-001339,3,Active Growth SMB,-0.32403276117625507,0.2750990597156398,3492858,49.5595
CUS-001340,3,Active Growth SMB,-0.2954223794510784,0.3246207756879462,7334439,48.638000000000005
CUS-001341,3,Active Growth SMB,1.1327399010214132,-0.4245490310019668,510332385,41.0
CUS-001342,0,Stable Mid-Market,-0.757252700140616,1.6202445224022484,4271358,36.45
CUS-001343,3,Active Growth SMB,-0.359608580021035,-1.0726129571401815,23884265,52.7555
CUS-001344,3,Active Growth SMB,0.2218477214858638,-0.9979105765870192,13304119,65.46050000000001
CUS-001345,2,Stable Mid-Market (Group 3),-1.0825639614452174,-0.06493166726530142,1326320,28.8625
CUS-001346,0,Stable Mid-Market,-0.3928743937905974,1.1595911533714955,5595957,41.872
CUS-001347,3,Active Growth SMB,-0.18840169968806525,-0.07633722498709275,18522864,43.245000000000005
CUS-001348,0,Stable Mid-Market,-0.8565926610159547,0.6095640138340379,15313765,33.691
CUS-001349,3,Active Growth SMB,-0.6023329402340145,0.0842443597225681,3335862,39.184
CUS-001350,3,Active Growth SMB,0.916129955905697,-0.6061089239365381,111470332,57.6565
CUS-001351,2,Stable Mid-Market (Group 3),-1.743779691782571,-0.472792416231395,3770047,16.627499999999998
CUS-001352,2,Stable Mid-Market (Group 3),-1.6034291363459507,-1.6722333990692675,4475836,23.318
CUS-001353,3,Active Growth SMB,-0.34880428291104004,-0.5856426036413931,22403873,49.8265
CUS-001354,2,Stable Mid-Market (Group 3),-0.87039684562115,-0.7648643390108156,11959724,37.6335
CUS-001355,3,Active Growth SMB,-0.7128482259712443,-0.22821082272676732,4807643,45.051
CUS-001356,3,Active Growth SMB,1.1489703490541958,1.1941936275050757,60286640,51.87
CUS-001357,2,Stable Mid-Market (Group 3),-0.8036805745837838,-0.3143663103483491,9038948,39.438
CUS-001358,3,Active Growth SMB,0.2096923166268862,-0.1135833583671957,9193955,56.1315
CUS-001359,2,Stable Mid-Market (Group 3),-1.3699588637714755,-0.9803807039705826,10461414,24.087
CUS-001360,1,Enterprise Champions,2.690381206901798,-0.34010669659597254,789724335,61.694
CUS-001361,3,Active Growth SMB,-0.09638491612978003,0.39051069948000877,17689291,38.373000000000005
CUS-001362,2,Stable Mid-Market (Group 3),-0.8171412824437182,-1.1542311756659691,6798425,42.042
CUS-001363,2,Stable Mid-Market (Group 3),-0.9115374299372249,-0.8610448821974728,18358877,38.124500000000005
CUS-001364,3,Active Growth SMB,0.5175703497063453,-0.8166455022096624,448694604,41.7085
CUS-001365,2,Stable Mid-Market (Group 3),-0.6031263065360113,-1.5613358286014287,3966766,45.4785
CUS-001366,0,Stable Mid-Market,-0.14364561228242725,1.2244418735796676,17000478,44.6475
CUS-001367,1,Enterprise Champions,1.5876229951065588,0.1846912163775655,391613235,51.8295
CUS-001368,1,Enterprise Champions,2.199380874082829,-0.15159281396284655,736010904,50.395
CUS-001369,1,Enterprise Champions,2.420180811269563,0.005734534117334118,517338137,63.265
CUS-001370,2,Stable Mid-Market (Group 3),-1.2404343083592988,-0.89193643878837,11244700,26.4585
CUS-001371,1,Enterprise Champions,3.612532852156709,-0.16184669043713024,813067186,67.75049999999999
CUS-001372,3,Active Growth SMB,0.32189585642785384,0.32602372450318073,2151658,57.4085
CUS-001373,0,Stable Mid-Market,-1.1370806573333418,0.8971946868615046,8947011,23.531
CUS-001374,0,Stable Mid-Market,-1.2078555618478428,0.3810729013566584,818678,30.696500000000004
CUS-001375,0,Stable Mid-Market,-1.0480241356601825,0.36979662163474575,4154389,27.5035
CUS-001376,0,Stable Mid-Market,0.36571526794077364,2.0637668639824214,42522551,46.7945
CUS-001377,2,Stable Mid-Market (Group 3),-1.4896722766941544,-0.5887926465027787,19472118,19.7815
CUS-001378,3,Active Growth SMB,-0.4355813887005401,-0.20976400901282388,4259636,46.4995
CUS-001379,3,Active Growth SMB,-0.7233776344680898,-0.1878727521393237,3109895,43.658
CUS-001380,2,Stable Mid-Market (Group 3),-0.8287925560797221,-0.3902594547410624,24438386,37.1425
CUS-001381,2,Stable Mid-Market (Group 3),-1.1087319113160596,-1.0742580044529695,9293043,32.6465
CUS-001382,1,Enterprise Champions,3.44303163136619,0.1324865842739367,614956563,64.965
CUS-001383,2,Stable Mid-Market (Group 3),-1.7665717535089693,-0.7588996688257386,14477090,11.562500000000002
CUS-001384,2,Stable Mid-Market (Group 3),-0.872115040127347,-0.3411384709695848,1172240,38.1025
CUS-001385,0,Stable Mid-Market,-0.6988106401897481,0.7750312064803516,4584559,38.095
CUS-001386,3,Active Growth SMB,1.0245446448868143,-0.11262639778615059,129438795,59.55199999999999
CUS-001387,2,Stable Mid-Market (Group 3),-1.2331542628921528,-0.7827927184510467,807334,28.230000000000004
CUS-001388,3,Active Growth SMB,-0.3035547621314011,-0.056765373933583274,6210985,45.9765
CUS-001389,2,Stable Mid-Market (Group 3),-1.4594943408624883,-1.254199031125239,4571567,27.618
CUS-001390,3,Active Growth SMB,0.8684344931975894,-0.2546022963792267,122472545,52.672
CUS-001391,3,Active Growth SMB,-0.5718414511201292,-0.43996216720830955,4463592,49.71
CUS-001392,2,Stable Mid-Market (Group 3),-1.2601876815148993,-0.15689698974226002,1818660,27.3995
CUS-001393,1,Enterprise Champions,3.5459151491336454,-0.29762657965325157,901546432,78.2125
CUS-001394,3,Active Growth SMB,1.0723232872142456,0.5286729848680687,175259396,51.7925
CUS-001395,0,Stable Mid-Market,-0.7318304370221083,2.6768299691537534,3651939,27.0975
CUS-001396,1,Enterprise Champions,1.8176002802299114,-0.5015657357670751,662833676,54.78699999999999
CUS-001397,2,Stable Mid-Market (Group 3),-0.7194440233452651,-1.017191869812265,14956885,38.678
CUS-001398,2,Stable Mid-Market (Group 3),-1.3953317798103346,-1.8501064185014464,4085611,29.892500000000005
CUS-001399,0,Stable Mid-Market,-0.5912031423464302,2.64369406526792,7882179,37.4295
CUS-001400,2,Stable Mid-Market (Group 3),-0.4805550963111598,-1.4545396744861492,3491833,53.077
CUS-001401,2,Stable Mid-Market (Group 3),-1.2032981723317993,-1.9028421137858251,16855390,34.735
CUS-001402,1,Enterprise Champions,4.344448026863225,-0.6736354971232512,911751955,77.807
CUS-001403,2,Stable Mid-Market (Group 3),-1.6687571171921567,-1.1039086152539979,487658,20.8635
CUS-001404,3,Active Growth SMB,-0.14589636166735567,-0.8201441161884501,7845303,55.9985
CUS-001405,1,Enterprise Champions,3.4941456058964326,-0.16785662431091786,844128379,57.955
CUS-001406,3,Active Growth SMB,0.5073032263588813,-0.6785732129691262,5249262,67.307
CUS-001407,2,Stable Mid-Market (Group 3),-1.5456443378600582,-2.0139825171449637,3385682,26.93
CUS-001408,1,Enterprise Champions,2.4682734410803073,0.29259753681940065,779756887,43.24549999999999
CUS-001409,3,Active Growth SMB,-0.4126233492654832,-0.12966168175654114,4771378,51.0385
CUS-001410,0,Stable Mid-Market,-0.6640552848078972,1.921153036778204,4390525,39.958
CUS-001411,0,Stable Mid-Market,-1.2105411547464708,3.3705743839595974,411684,17.881500000000003
CUS-001412,0,Stable Mid-Market,-0.6355853632963,0.6345255158271449,2561154,41.971
CUS-001413,2,Stable Mid-Market (Group 3),-0.8154961245356245,-1.4476408384120334,358862,44.3865
CUS-001414,0,Stable Mid-Market,-0.6926173040524103,3.105535452203693,4055735,35.586
CUS-001415,1,Enterprise Champions,2.377758364136886,0.3866973459721983,399362056,63.9235
CUS-001416,2,Stable Mid-Market (Group 3),-1.3759507450807067,-0.960163422878143,3942028,27.787
CUS-001417,3,Active Growth SMB,0.22361249325130125,0.2731624209211413,12445049,54.4635
CUS-001418,3,Active Growth SMB,-0.47615680984979747,0.026318993790473148,24995000,37.307
CUS-001419,2,Stable Mid-Market (Group 3),-0.8487802880246874,-0.009296433603041816,4659484,38.2765
CUS-001420,3,Active Growth SMB,-0.7919254712947912,0.20311460773006418,1134139,35.6955
CUS-001421,2,Stable Mid-Market (Group 3),-1.8171367985371023,-0.2485389179541344,2501699,12.963000000000005
CUS-001422,0,Stable Mid-Market,-0.648610755721295,1.2092210909213446,4398501,37.6995
CUS-001423,3,Active Growth SMB,-0.7134691013299139,0.24854257509598704,24745949,37.441
CUS-001424,3,Active Growth SMB,-0.3684158172372827,-0.7214430933572602,14294918,46.313500000000005
CUS-001425,2,Stable Mid-Market (Group 3),-1.5223701194724208,-0.12338771887557452,18170242,18.875
CUS-001426,3,Active Growth SMB,0.1211112217719321,0.25577875831080615,9741079,51.9275
CUS-001427,3,Active Growth SMB,0.16126785858929693,-0.8006043402647658,246194530,44.1475
CUS-001428,3,Active Growth SMB,0.7628523751814638,-0.19867990767430715,544860175,32.105000000000004
CUS-001429,2,Stable Mid-Market (Group 3),-1.9304618088968144,-1.5296044325871516,2529674,14.133500000000002
CUS-001430,0,Stable Mid-Market,-0.6894521578338917,0.7434750002020769,17890354,34.8685
CUS-001431,0,Stable Mid-Market,-0.6197264758338549,4.599936121043204,4711512,33.092
CUS-001432,3,Active Growth SMB,-0.4740752238699392,-0.20661495031127436,18105694,42.497
CUS-001433,1,Enterprise Champions,1.912635577082306,-0.1099240376772636,387935360,52.414
CUS-001434,3,Active Growth SMB,-0.19615298356642571,0.2670718634043455,26032142,40.9055
CUS-001435,3,Active Growth SMB,1.1460025668716465,-0.4621513237434772,548560173,45.965
CUS-001436,2,Stable Mid-Market (Group 3),-1.2898340460073094,-0.9482555976323983,569843,31.13
CUS-001437,1,Enterprise Champions,2.67548437169342,-1.2023973126531824,892650147,59.4375
CUS-001438,2,Stable Mid-Market (Group 3),-0.929203451423709,-1.6415479273487685,7689719,43.01700000000001
CUS-001439,2,Stable Mid-Market (Group 3),-1.9907356328323653,-0.08401468845603578,4424680,9.455999999999998
CUS-001440,0,Stable Mid-Market,-0.8696373467802949,1.2348344178046304,1548510,34.754000000000005
CUS-001441,1,Enterprise Champions,4.934082559358735,-0.32567035725009724,890468188,83.86749999999999
CUS-001442,1,Enterprise Champions,3.230902583401864,-0.6435120833751523,842122396,72.375
CUS-001443,1,Enterprise Champions,2.228604439532877,0.02323583372257542,464817637,59.010000000000005
CUS-001444,0,Stable Mid-Market,-0.4646615260182796,0.6822892837185198,88010495,37.1995
CUS-001445,3,Active Growth SMB,0.7037761133445796,-0.4300192250487338,185524712,54.837
CUS-001446,2,Stable Mid-Market (Group 3),-0.35600567451154697,-1.6669463179508275,10732960,54.146
CUS-001447,2,Stable Mid-Market (Group 3),-1.5541952845581422,-0.6920954991209317,2562471,20.2795
CUS-001448,0,Stable Mid-Market,-0.3884402992358033,2.7427914254180252,5125676,34.176500000000004
CUS-001449,0,Stable Mid-Market,-0.8215006341708712,0.2817649936579128,13889135,30.103500000000004
CUS-001450,1,Enterprise Champions,2.080279293724508,-0.3665884141699514,463317316,61.905
CUS-001451,2,Stable Mid-Market (Group 3),-1.3379272292623428,-2.831827368259693,1058075,35.4345
CUS-001452,2,Stable Mid-Market (Group 3),-0.5988134247756983,-1.3730644386802746,2899035,50.0215
CUS-001453,2,Stable Mid-Market (Group 3),-1.9037910766696406,-0.2348173398394181,4553628,12.315
CUS-001454,2,Stable Mid-Market (Group 3),-1.2629668345738347,-0.018971339951891566,1565027,29.02
CUS-001455,3,Active Growth SMB,-0.2919725014408346,-0.8125519675607696,13699415,53.984
CUS-001456,1,Enterprise Champions,1.9046038217693646,-0.009246051743536569,231572053,67.2555
CUS-001457,1,Enterprise Champions,1.6556295790719902,0.11746936145805652,366219289,54.9505
CUS-001458,2,Stable Mid-Market (Group 3),-1.2793102918555788,-1.5094663586799755,7345869,32.713
CUS-001459,2,Stable Mid-Market (Group 3),-1.6142378813148723,-1.8649159794036667,3595560,24.1595
CUS-001460,3,Active Growth SMB,-0.2607564904956395,-0.2594775626413751,21461526,48.557500000000005
CUS-001461,0,Stable Mid-Market,-1.578250963695414,0.9812957403286201,3704015,12.5155
CUS-001462,2,Stable Mid-Market (Group 3),-0.9000371480431324,-0.5708360490506543,18493958,35.44200000000001
CUS-001463,1,Enterprise Champions,3.727705941326766,-0.1767332404638198,909304650,66.13250000000001
CUS-001464,2,Stable Mid-Market (Group 3),-1.2495297292757879,0.03447799497838454,2771614,23.5995
CUS-001465,0,Stable Mid-Market,-0.5747486586304337,0.7617245213190696,4631126,41.642
CUS-001466,2,Stable Mid-Market (Group 3),-1.2999362808889958,-0.7448120481904745,19695798,25.814
CUS-001467,2,Stable Mid-Market (Group 3),-0.9682844079011249,-1.301312743693553,19803646,34.1115
CUS-001468,1,Enterprise Champions,3.490429541503006,-0.9302009405340127,980063424,64.7655
CUS-001469,2,Stable Mid-Market (Group 3),-1.4984483434637046,-0.6917928243524618,4152517,22.5685
CUS-001470,3,Active Growth SMB,1.0161676623859173,-0.032198557236997,297458848,49.1745
CUS-001471,0,Stable Mid-Market,-0.9686206179466683,3.1043517718572877,1725374,27.907
CUS-001472,1,Enterprise Champions,4.2002879601864835,0.3986485717478626,897057640,66.87899999999999
CUS-001473,1,Enterprise Champions,2.102295308776701,0.5796085558793632,378704592,64.002
CUS-001474,3,Active Growth SMB,-0.5050513430586008,0.10776354341549528,6063802,45.081500000000005
CUS-001475,0,Stable Mid-Market,-0.7002215432297996,0.4107764302352137,20906539,29.8085
CUS-001476,2,Stable Mid-Market (Group 3),-0.6678420419482289,-0.5932935987569345,9842392,39.954
CUS-001477,2,Stable Mid-Market (Group 3),-1.2841578748635378,-2.4642510932456485,14418367,34.885000000000005
CUS-001478,0,Stable Mid-Market,-1.095554990280387,1.741738160832705,1688758,28.4325
CUS-001479,2,Stable Mid-Market (Group 3),-0.6490199353451964,-0.7410503262912939,24997306,34.1145
CUS-001480,2,Stable Mid-Market (Group 3),-0.7807175538087099,-0.47087881248688324,6570889,39.01950000000001
CUS-001481,3,Active Growth SMB,0.7791267580265105,-0.7727469619208418,20008690,73.006
CUS-001482,3,Active Growth SMB,0.47338386913800357,0.3112040763620419,295453198,42.575
CUS-001483,3,Active Growth SMB,0.29950944579333455,-0.3303198007018983,24502587,60.377
CUS-001484,1,Enterprise Champions,2.2937173861009876,-0.4141203621448773,686284232,57.4495
CUS-001485,2,Stable Mid-Market (Group 3),-1.4469541651749234,-0.25092105479710203,8432263,21.092
CUS-001486,1,Enterprise Champions,1.8564074016311147,-0.7642802499758756,235957303,70.1915
CUS-001487,0,Stable Mid-Market,-0.8445846108701067,0.48547991128313006,1037245,34.1175
CUS-001488,3,Active Growth SMB,-0.5323537100572742,-0.3291254610766263,11857577,45.96050000000001
CUS-001489,2,Stable Mid-Market (Group 3),-1.3235205917241712,-1.2738321587866335,3029024,31.627
CUS-001490,2,Stable Mid-Market (Group 3),-0.8860372732447719,-1.6183335102657694,9428800,39.188
CUS-001491,3,Active Growth SMB,1.3285944326434969,0.5627833688290753,387097283,51.8635
CUS-001492,2,Stable Mid-Market (Group 3),-1.6220308242956532,-1.6923997039058702,3845068,24.6325
CUS-001493,0,Stable Mid-Market,-1.076607101959082,0.6866084754437257,13541320,31.439
CUS-001494,0,Stable Mid-Market,-1.0324424007164021,1.6390899976344995,623523,25.317
CUS-001495,3,Active Growth SMB,-0.34730948200349887,0.010807331096938258,3106349,48.9965
CUS-001496,0,Stable Mid-Market,-0.46151660723110666,1.6887639818328044,8588136,40.7025
CUS-001497,3,Active Growth SMB,-0.33726871074339365,0.8432415160628228,2447960,46.651
CUS-001498,0,Stable Mid-Market,-0.3741862237082289,3.000159250070464,14701140,41.9345
CUS-001499,0,Stable Mid-Market,-0.9988816592021923,0.8204893192566743,10984223,30.4955
CUS-001500,2,Stable Mid-Market (Group 3),-1.4845587690563808,-1.2399515422198697,14251566,26.2785
CUS-001501,0,Stable Mid-Market,-0.20399542912775445,1.5210667941193337,20781669,32.7265
CUS-001502,3,Active Growth SMB,-0.13335577152701017,0.07824810810879482,1349747,58.338
CUS-001503,0,Stable Mid-Market,-0.9693480368913041,0.27186893752656793,9648349,28.6655
CUS-001504,3,Active Growth SMB,-0.0978908477234527,-0.11711529889945507,21232148,50.10000000000001
CUS-001505,2,Stable Mid-Market (Group 3),-1.3267995633775251,0.28394466606070967,3528145,21.3365
CUS-001506,0,Stable Mid-Market,-0.8075845458496026,3.012984181411657,2659782,30.365
CUS-001507,2,Stable Mid-Market (Group 3),-1.2683137361853363,0.270656832935868,1702922,30.456
CUS-001508,3,Active Growth SMB,-0.2810232898304293,-0.3288738833474142,7669688,48.2695
CUS-001509,3,Active Growth SMB,0.053388648336343,-0.4042927649991353,281870318,39.3875
CUS-001510,2,Stable Mid-Market (Group 3),-1.3105227480367696,-0.6810118867189342,4402067,26.157
CUS-001511,3,Active Growth SMB,1.2585716921413965,0.307270285098665,113886041,58.42700000000001
CUS-001512,3,Active Growth SMB,1.251420074714956,0.28463172846514073,74932715,65.531
CUS-001513,3,Active Growth SMB,-0.16694371016107107,0.22415045321479904,21743351,44.64600000000001
CUS-001514,2,Stable Mid-Market (Group 3),-1.0177496551229326,-0.1800715322123228,1328133,33.316
CUS-001515,0,Stable Mid-Market,-1.3907151694429367,1.4090070658538005,4593577,22.568
CUS-001516,1,Enterprise Champions,2.886358636844283,-0.3720014775119509,884475157,57.603
CUS-001517,3,Active Growth SMB,0.9933550228684144,0.09590776739010648,361877499,44.2715
CUS-001518,2,Stable Mid-Market (Group 3),-1.6410290612799299,-0.035734014426859216,1522363,19.442
CUS-001519,3,Active Growth SMB,1.072452872768742,0.11497285206708659,59941740,54.919
CUS-001520,1,Enterprise Champions,2.0527358931719344,-0.12945989925226498,702458075,52.471
CUS-001521,2,Stable Mid-Market (Group 3),-0.6794704367742926,-1.1982581925242868,18014784,42.81099999999999
CUS-001522,2,Stable Mid-Market (Group 3),-0.7938657429718011,-1.0280895548581068,7147677,39.25150000000001
CUS-001523,2,Stable Mid-Market (Group 3),-1.5361190698592584,-0.9793747466117754,3991416,24.0335
CUS-001524,2,Stable Mid-Market (Group 3),-1.161760151179271,-0.4839474022327981,2781575,35.108000000000004
CUS-001525,0,Stable Mid-Market,-1.2518859534686315,3.621258355349714,3963564,18.1765
CUS-001526,1,Enterprise Champions,4.255978016136144,-0.49461941026935197,980187932,82.01249999999999
CUS-001527,3,Active Growth SMB,-0.278652908800092,-0.18019076110065102,8095278,49.441500000000005
CUS-001528,0,Stable Mid-Market,-0.7674878818707964,0.838406517044666,5815795,34.3775
CUS-001529,3,Active Growth SMB,1.6462860182814019,-0.2719118284399116,186886025,64.98400000000001
CUS-001530,2,Stable Mid-Market (Group 3),-0.4609659520378735,-0.5361106409834893,62057808,39.5055
CUS-001531,3,Active Growth SMB,-0.47023954145459096,-0.3644695082952307,17477199,44.572
CUS-001532,3,Active Growth SMB,1.1263952783148599,0.5281451214440662,249630681,53.7835
CUS-001533,2,Stable Mid-Market (Group 3),-1.1145803741210574,-0.21800779302634718,21814309,29.499
CUS-001534,0,Stable Mid-Market,-1.7451060766868132,1.6051232555661197,2429651,12.115
CUS-001535,1,Enterprise Champions,3.527908980705821,-0.46806025299534787,936566760,61.548
CUS-001536,3,Active Growth SMB,-0.010945869883868468,0.5616286091012265,4351534,46.3005
CUS-001537,2,Stable Mid-Market (Group 3),-1.354994595436858,-0.6485768977873658,2629369,27.395000000000003
CUS-001538,2,Stable Mid-Market (Group 3),-1.4259065497575996,-2.6376006122582134,1770009,32.4525
CUS-001539,2,Stable Mid-Market (Group 3),-1.1890389103294812,-0.3302301215536293,2342575,31.019
CUS-001540,2,Stable Mid-Market (Group 3),-1.7521757745492406,-0.7163652013909932,5982144,15.389
CUS-001541,0,Stable Mid-Market,-0.4557296744807415,1.2107360767355109,1961418,40.0775
CUS-001542,1,Enterprise Champions,4.496502373482583,-0.17706481245106817,992314523,76.961
CUS-001543,0,Stable Mid-Market,-0.33712523942310413,1.4458309646788219,10343677,38.387
CUS-001544,3,Active Growth SMB,0.16844514432366225,-0.18656427307986068,44362841,49.36
CUS-001545,2,Stable Mid-Market (Group 3),-1.3338980605676516,-0.6777847206455183,12697915,24.9795
CUS-001546,2,Stable Mid-Market (Group 3),-1.0953535262041678,-0.25655641170921417,6709881,27.158
CUS-001547,3,Active Growth SMB,0.6735396533958975,0.2535197403676936,211295405,44.2195
CUS-001548,0,Stable Mid-Market,-0.04617295775762075,1.3154287875354633,1233774,52.7445
CUS-001549,2,Stable Mid-Market (Group 3),-1.1066728883606982,-0.8317746428509136,18656173,34.0685
CUS-001550,3,Active Growth SMB,0.8623636543628681,-0.5800699784449657,259004704,55.33
CUS-001551,1,Enterprise Champions,1.7509040370828688,-0.14743773746961653,424967196,62.5485
CUS-001552,2,Stable Mid-Market (Group 3),-0.9026725237851291,-1.0524115349119387,24568475,36.6865
CUS-001553,0,Stable Mid-Market,-0.9120790887372372,0.5247299001946903,19297150,28.330500000000004
CUS-001554,3,Active Growth SMB,-0.5807499160231394,0.048558222583423585,16136136,42.611
CUS-001555,3,Active Growth SMB,1.0721537866851567,0.7173284264371369,420134597,42.717000000000006
CUS-001556,0,Stable Mid-Market,-0.6326798601122599,6.441577471157521,4587666,34.6135
CUS-001557,2,Stable Mid-Market (Group 3),-1.9013233853785108,-1.328630935820923,4697789,14.6935
CUS-001558,0,Stable Mid-Market,-0.6793996292090578,0.4876168016224394,22495087,37.441500000000005
CUS-001559,2,Stable Mid-Market (Group 3),-0.9099854225292978,-1.2934420258251924,5368827,37.7385
CUS-001560,2,Stable Mid-Market (Group 3),-0.5640973574501004,-1.0899714804010694,1441823,49.901
CUS-001561,2,Stable Mid-Market (Group 3),-1.9734699566668399,-0.7308423842881945,1772626,11.809
CUS-001562,3,Active Growth SMB,0.3124766553572846,1.2113611334983223,8419373,57.9815
CUS-001563,2,Stable Mid-Market (Group 3),-1.9205187708359714,-0.8103745343456468,1356009,13.548000000000002
CUS-001564,2,Stable Mid-Market (Group 3),-1.4491994003959994,0.013198488988249069,3075449,23.551
CUS-001565,0,Stable Mid-Market,-1.0482008912874692,0.6209785874099518,3077538,31.7075
CUS-001566,2,Stable Mid-Market (Group 3),-1.0974653214387444,-0.8756700153530029,13245520,34.032
CUS-001567,1,Enterprise Champions,1.9387023121224665,-0.6390984831117865,381542350,60.548
CUS-001568,1,Enterprise Champions,4.125927607716526,0.06727379099347956,922233330,73.73899999999999
CUS-001569,3,Active Growth SMB,0.1079066274598778,0.5192419007202532,8760011,57.5435
CUS-001570,3,Active Growth SMB,-0.21387736639274726,0.7275508229883456,19456686,48.188
CUS-001571,2,Stable Mid-Market (Group 3),-0.8886846378006593,-0.4346699914123474,24107649,34.742999999999995
CUS-001572,0,Stable Mid-Market,-0.7621671633176408,0.6047852675079399,4967862,29.033
CUS-001573,3,Active Growth SMB,-0.44457561943233515,-0.5259498586670281,8278268,42.2835
CUS-001574,2,Stable Mid-Market (Group 3),-0.9212843368345954,-1.6816836424467825,2370344,42.736
CUS-001575,1,Enterprise Champions,3.124068006158171,0.5034873778456217,488711655,75.359
CUS-001576,1,Enterprise Champions,2.494213774259818,-0.2954028094267196,425300253,71.2635
CUS-001577,2,Stable Mid-Market (Group 3),-2.2435159144883174,-1.458837368963401,2002870,6.036499999999999
CUS-001578,2,Stable Mid-Market (Group 3),-1.9115217486766396,0.2561701467899563,3498758,6.182499999999999
CUS-001579,2,Stable Mid-Market (Group 3),-1.3664745727825514,-2.827323422574529,3421936,34.4675
CUS-001580,0,Stable Mid-Market,-1.078685939120414,1.0765782813324172,2890921,27.7615
CUS-001581,0,Stable Mid-Market,-0.643475030684789,2.803802387175791,2849230,35.7105
CUS-001582,2,Stable Mid-Market (Group 3),-0.6773819540749344,-1.0980749240513241,13655374,45.2945
CUS-001583,3,Active Growth SMB,-0.07124437774973284,0.13213341860511962,17502585,51.697500000000005
CUS-001584,3,Active Growth SMB,0.9896670021509096,1.2071169441432064,113733378,54.6085
CUS-001585,0,Stable Mid-Market,-1.0583639580823876,0.31675896395297326,16242858,25.533
CUS-001586,0,Stable Mid-Market,-1.525931071077262,2.228404757119182,1292333,14.783500000000002
CUS-001587,2,Stable Mid-Market (Group 3),-1.1080100529656798,-1.0574223862777363,19032439,33.3735
CUS-001588,3,Active Growth SMB,-0.17720097866983447,0.3573720510273659,20074852,43.507
CUS-001589,0,Stable Mid-Market,-0.9409997059407366,1.3210128540753217,2500456,25.89
CUS-001590,1,Enterprise Champions,3.8834755515046506,-0.46316128398715245,966442289,71.6445
CUS-001591,1,Enterprise Champions,3.931074422462705,-0.11920961442918529,841273592,58.7905
CUS-001592,3,Active Growth SMB,0.8921900735570657,-0.5069556198735562,651127995,36.0275
CUS-001593,0,Stable Mid-Market,-1.1659822436592433,1.4384773734099667,4160388,18.8975
CUS-001594,3,Active Growth SMB,-0.4003235797317643,0.22952488571082982,18263500,43.0845
CUS-001595,0,Stable Mid-Market,-0.6616389092165728,1.8494518916995042,4332018,34.652
CUS-001596,2,Stable Mid-Market (Group 3),-1.207207664872769,-0.048107882156195894,7760900,28.1185
CUS-001597,0,Stable Mid-Market,0.41506833835912077,0.8780948341765888,333221167,35.615
CUS-001598,1,Enterprise Champions,4.570401890997498,0.24299371300555525,928642148,73.893
CUS-001599,2,Stable Mid-Market (Group 3),-1.816747808001927,-1.393153275702433,1397597,17.4875
CUS-001600,3,Active Growth SMB,0.760418844261705,-0.21277393400076683,71554184,58.113
CUS-001601,2,Stable Mid-Market (Group 3),-1.3446957431877038,-1.415080921039811,3699713,30.240500000000004
CUS-001602,1,Enterprise Champions,2.6305852619735255,0.6870507431160553,452142748,68.399
CUS-001603,0,Stable Mid-Market,-0.4989889684955844,1.7299996035312493,11318207,30.438
CUS-001604,2,Stable Mid-Market (Group 3),-1.2303136893562205,0.13862107895812942,4742395,26.9395
CUS-001605,1,Enterprise Champions,3.977283850965662,0.18013760005256457,426790201,77.8485
CUS-001606,3,Active Growth SMB,0.437637906451953,-0.6294171881515097,110790911,53.3865
CUS-001607,2,Stable Mid-Market (Group 3),-1.372830115572969,-1.6984698038356185,1192312,31.0085
CUS-001608,1,Enterprise Champions,2.1573704723096956,0.1894712710401245,446245331,55.78900000000001
CUS-001609,2,Stable Mid-Market (Group 3),-1.5759643971679254,-0.022701515651993995,7410620,22.002
CUS-001610,2,Stable Mid-Market (Group 3),-0.6231148419445266,-0.6129462152920822,20866020,34.747
CUS-001611,1,Enterprise Champions,1.7755662281828888,0.6240567215670896,395392729,47.2775
CUS-001612,2,Stable Mid-Market (Group 3),-1.8440783595157135,0.2656684301923179,3485236,13.963
CUS-001613,0,Stable Mid-Market,-1.3094201059624702,2.682882339823814,2838821,19.4525
CUS-001614,0,Stable Mid-Market,-1.645044045015956,0.4014056283007388,10841382,11.4095
CUS-001615,2,Stable Mid-Market (Group 3),-1.1105328252046962,-0.39074392153706394,889893,31.613
CUS-001616,3,Active Growth SMB,1.2503628675664211,0.5594587296212185,60763222,55.81850000000001
CUS-001617,3,Active Growth SMB,1.0064458950052495,-0.5851491458045918,356138560,50.732
CUS-001618,0,Stable Mid-Market,-0.8646088944054197,0.24838139887742727,21852632,32.1695
CUS-001619,2,Stable Mid-Market (Group 3),-0.8057982299139078,-0.25038633853496867,3395557,40.4845
CUS-001620,1,Enterprise Champions,3.934187318575443,-0.5227616903122781,706412660,84.481
CUS-001621,1,Enterprise Champions,2.907336453033396,0.014369058616630433,267002971,73.6985
CUS-001622,2,Stable Mid-Market (Group 3),-1.2483989881846629,-0.632312193532376,3793397,31.1525
CUS-001623,2,Stable Mid-Market (Group 3),-1.5856538802372526,-1.2728037646723398,1357846,23.081
CUS-001624,1,Enterprise Champions,1.8518277940104422,0.37785211252465717,390528481,49.4605
CUS-001625,3,Active Growth SMB,-0.2342648749899071,0.7261545126682775,5827760,41.5065
CUS-001626,2,Stable Mid-Market (Group 3),-1.627102314553736,-1.6480168500986303,615881,23.236
CUS-001627,2,Stable Mid-Market (Group 3),-1.0751440781118138,0.11885559275368911,7599575,28.916
CUS-001628,1,Enterprise Champions,3.561550207697299,-0.3628514558760771,752905053,68.9815
CUS-001629,1,Enterprise Champions,2.8394103980159993,-0.15600195692017949,676076643,57.86
CUS-001630,2,Stable Mid-Market (Group 3),-1.2038102803879802,0.2508220595137389,8739339,17.669
CUS-001631,2,Stable Mid-Market (Group 3),-1.2893987564393068,-0.6862289261432355,12722596,25.4475
CUS-001632,3,Active Growth SMB,-0.11441422771301199,0.8397087329575722,3092214,45.642
CUS-001633,3,Active Growth SMB,-0.04173060392765844,0.3546226719374754,23368644,52.0715
CUS-001634,2,Stable Mid-Market (Group 3),-0.4296306911187651,-0.9665060562186353,16231860,46.992
CUS-001635,2,Stable Mid-Market (Group 3),-1.195062530015782,-0.3086660386948015,745750,26.951500000000003
CUS-001636,0,Stable Mid-Market,-0.8403616992582237,1.1801581510768522,4214087,35.6065
CUS-001637,3,Active Growth SMB,0.1960163470584144,0.9728753519553788,7880316,59.172
CUS-001638,2,Stable Mid-Market (Group 3),-1.7503628633092474,-0.05809423038472387,4585792,14.074
CUS-001639,1,Enterprise Champions,2.3128192242067067,-1.2165132025638097,684911501,64.19200000000001
CUS-001640,2,Stable Mid-Market (Group 3),-0.6858954476849003,-0.6036503043420944,4955293,47.864
CUS-001641,2,Stable Mid-Market (Group 3),-0.9323414353781645,0.1028566339468069,3691891,32.099000000000004
CUS-001642,3,Active Growth SMB,0.7845990627147321,-0.5111607518412303,77554813,57.4415
CUS-001643,2,Stable Mid-Market (Group 3),-0.610583565473754,-0.8062900855680608,12713388,49.217
CUS-001644,1,Enterprise Champions,2.4338809591248824,0.33812177530615944,719696888,57.49000000000001
CUS-001645,1,Enterprise Champions,1.5273663633772234,-0.4044633169211628,379215155,52.9395
CUS-001646,3,Active Growth SMB,0.0007336057547937926,0.1251779192692054,14310266,50.453
CUS-001647,2,Stable Mid-Market (Group 3),-1.7264263179177004,-1.9636526296399548,20485158,20.6105
CUS-001648,2,Stable Mid-Market (Group 3),-0.8977410820341204,-0.07138228569634777,4084222,34.98650000000001
CUS-001649,0,Stable Mid-Market,-1.124831260483133,0.9756023134483299,1359849,23.979
CUS-001650,2,Stable Mid-Market (Group 3),-1.341299630023345,-1.0715669119885909,4140502,28.4505
CUS-001651,1,Enterprise Champions,4.307752757925021,-0.22856184097420962,828521287,75.2535
CUS-001652,3,Active Growth SMB,-0.37898272640381275,0.34027403382258065,65610699,38.9225
CUS-001653,1,Enterprise Champions,2.148605904239779,-0.37610412894217915,561557856,63.586
CUS-001654,1,Enterprise Champions,3.4327101668095805,0.199128150633365,761420773,63.2335
CUS-001655,0,Stable Mid-Market,-0.780163499714313,2.4281942683562057,866414,27.047
CUS-001656,0,Stable Mid-Market,-0.6421587892220519,0.5373572904493874,14667887,34.7935
CUS-001657,3,Active Growth SMB,0.5749170291685052,-0.00011475478678109262,103499964,54.045
CUS-001658,2,Stable Mid-Market (Group 3),-1.478392255044889,-0.7492723241716414,1706609,23.502500000000005
CUS-001659,2,Stable Mid-Market (Group 3),-0.6011042549239043,-0.5412257793291841,19552723,40.904500000000006
CUS-001660,2,Stable Mid-Market (Group 3),-0.35786525441989514,-0.8679055936681799,49048182,42.506
CUS-001661,3,Active Growth SMB,0.5334997039375304,0.08956115387246018,57434336,53.756
CUS-001662,0,Stable Mid-Market,-0.9133876437166492,0.8415601037897671,24048197,32.032000000000004
CUS-001663,2,Stable Mid-Market (Group 3),-1.587804844335513,-1.413901101845013,1860548,24.5575
CUS-001664,1,Enterprise Champions,3.307193247342574,-0.3296366038414801,826359688,65.76050000000001
CUS-001665,0,Stable Mid-Market,-1.422550096135161,0.6222246747950064,3388422,21.095
CUS-001666,2,Stable Mid-Market (Group 3),-0.7646800278437014,-0.745160167181992,3571211,44.366
CUS-001667,0,Stable Mid-Market,-0.6828771925835961,1.970853868821793,805057,37.56700000000001
CUS-001668,3,Active Growth SMB,0.550023373502314,-0.15120086529235435,83667287,51.9835
CUS-001669,1,Enterprise Champions,4.412812517167853,0.17625744682369904,993752020,76.2245
CUS-001670,2,Stable Mid-Market (Group 3),-1.2166579833506472,-1.8266666338023436,3797638,34.468
CUS-001671,0,Stable Mid-Market,-0.767662833422542,1.209799730962448,6344960,29.5065
CUS-001672,2,Stable Mid-Market (Group 3),-0.8868763361594154,-2.064691315545318,12353526,43.9105
CUS-001673,2,Stable Mid-Market (Group 3),-1.757957103426489,-0.1121724908087757,1550404,14.229000000000005
CUS-001674,0,Stable Mid-Market,-0.640846243812309,0.8636147425628627,188963207,16.7285
CUS-001675,2,Stable Mid-Market (Group 3),-1.1613188951984064,-0.7838368581969937,1050122,31.025
CUS-001676,0,Stable Mid-Market,-0.974198913794049,1.4287285067913957,1148874,31.158
CUS-001677,0,Stable Mid-Market,-0.9386431955829763,1.7757232252740143,2784678,21.92
CUS-001678,3,Active Growth SMB,-0.07615470722867988,0.468948628534489,11384965,47.308
CUS-001679,2,Stable Mid-Market (Group 3),-1.2894050333547864,-1.742814538483999,408250,33.555499999999995
CUS-001680,2,Stable Mid-Market (Group 3),-1.2691240464750613,-1.5810178749103139,23276230,29.3315
CUS-001681,3,Active Growth SMB,-0.5564738752040354,0.20558231245435266,4068768,44.523
CUS-001682,2,Stable Mid-Market (Group 3),-1.7882769766775923,0.11594730672119255,3460209,13.604
CUS-001683,2,Stable Mid-Market (Group 3),-1.3254950238252876,0.21841991889276308,1306692,21.8085
CUS-001684,0,Stable Mid-Market,-0.8687252603420894,0.9324291128777435,21972443,31.5895
CUS-001685,3,Active Growth SMB,0.8585961352084663,-0.10680265651944504,92474970,56.2545
CUS-001686,1,Enterprise Champions,2.3563754200574736,0.0001634366849267841,606673360,59.43450000000001
CUS-001687,2,Stable Mid-Market (Group 3),-0.7791736472789877,-0.23245141417883403,7363098,34.8085
CUS-001688,2,Stable Mid-Market (Group 3),-1.47502137434995,-0.8965775246843863,3296770,23.322
CUS-001689,2,Stable Mid-Market (Group 3),-1.4906947566035291,-0.9013617590333202,3635340,22.88
CUS-001690,3,Active Growth SMB,0.7849044813501905,0.8123983663055931,20849344,58.3545
CUS-001691,2,Stable Mid-Market (Group 3),-1.3421324496517546,-0.3556766539594974,3739974,24.7695
CUS-001692,0,Stable Mid-Market,-0.9785484354602311,0.5802128004200318,724755,32.6095
CUS-001693,3,Active Growth SMB,0.40413546546733076,0.6208961657533093,199673549,36.233
CUS-001694,3,Active Growth SMB,-0.19316048440367753,-0.23006320684159498,1852330,53.538
CUS-001695,2,Stable Mid-Market (Group 3),-1.4889036475491326,-1.287292909642764,4522246,23.9115
CUS-001696,0,Stable Mid-Market,-1.124699774457901,0.5771899177797345,14276935,19.835
CUS-001697,1,Enterprise Champions,2.2724467152293952,0.6186636095505174,496646081,55.691
CUS-001698,2,Stable Mid-Market (Group 3),-1.5241436560556807,0.30933764453072715,4920542,15.5895
CUS-001699,2,Stable Mid-Market (Group 3),-0.9425604578640622,-0.49343933027137976,2519388,34.84
CUS-001700,2,Stable Mid-Market (Group 3),-1.8212274128682961,-0.9812797722661009,4960001,15.8975
CUS-001701,2,Stable Mid-Market (Group 3),-0.7894580699904674,-1.687914626871977,4760788,47.2975
CUS-001702,2,Stable Mid-Market (Group 3),-0.9765634615993359,-0.2755879954111887,1041627,33.8915
CUS-001703,3,Active Growth SMB,-0.5647286903160059,-0.10580623338505184,24913296,41.0715
CUS-001704,2,Stable Mid-Market (Group 3),-1.3656664661895968,-0.11829009273267191,15856001,21.3335
CUS-001705,2,Stable Mid-Market (Group 3),-0.623285406592538,-0.9098809670408887,19509611,43.289
CUS-001706,0,Stable Mid-Market,-1.0843958516710537,1.6898358561252524,4373350,26.952
CUS-001707,2,Stable Mid-Market (Group 3),-0.8200568410354031,-0.9207566693672954,47661292,36.8875
CUS-001708,2,Stable Mid-Market (Group 3),-1.1086634568389948,-0.30714322296570823,8647586,33.8345
CUS-001709,3,Active Growth SMB,-0.5383322168031424,-0.07651987230214405,4651990,43.9785
CUS-001710,2,Stable Mid-Market (Group 3),-0.9154615276685297,-1.3790266920616214,22497128,38.197500000000005
CUS-001711,2,Stable Mid-Market (Group 3),-1.188449191502609,-2.0856005692358446,4303386,36.615
CUS-001712,3,Active Growth SMB,0.023993589054598988,-0.06033395804056651,10431756,51.5865
CUS-001713,2,Stable Mid-Market (Group 3),-1.4086498873519209,-1.2124658160713346,3978985,28.989
CUS-001714,0,Stable Mid-Market,-1.2430420390675372,0.9544377018150669,4274685,27.9785
CUS-001715,3,Active Growth SMB,-0.059410148924152986,-0.7820911450632276,13067868,51.3685
CUS-001716,2,Stable Mid-Market (Group 3),-0.8483326614824888,-0.4917087800021444,1191088,40.337
CUS-001717,2,Stable Mid-Market (Group 3),-0.6788177260734475,-0.579252077355168,22896354,38.7665
CUS-001718,3,Active Growth SMB,0.2366780164730875,0.5397316745952732,20454700,53.633500000000005
CUS-001719,0,Stable Mid-Market,-0.44431134432433095,1.490962868968745,19778895,37.922
CUS-001720,2,Stable Mid-Market (Group 3),-1.8058969983303632,-0.047531008382855046,3371677,12.541
CUS-001721,1,Enterprise Champions,4.565438770582452,0.21767799364032525,788325407,77.2655
CUS-001722,3,Active Growth SMB,1.349892334953932,0.8296329986383724,377957330,46.238
CUS-001723,0,Stable Mid-Market,-1.0174068289235916,1.3018431056062363,4149247,30.1865
CUS-001724,3,Active Growth SMB,-0.45888849057737463,-0.4219711677614698,17160975,47.156000000000006
CUS-001725,0,Stable Mid-Market,-0.7887969113648714,0.39098668012856747,10110555,34.304500000000004
CUS-001726,1,Enterprise Champions,2.0502996566650427,-0.5579315562083044,673517844,52.807
CUS-001727,3,Active Growth SMB,-0.2635047475604127,-0.6017494153790759,13624183,46.67100000000001
CUS-001728,3,Active Growth SMB,-0.4030008848264609,0.17055475996592065,1568280,50.3625
CUS-001729,3,Active Growth SMB,1.3593782512998613,-0.22084757109858452,241424985,63.005
CUS-001730,3,Active Growth SMB,-0.4573459021510181,-0.5540793526885018,22353973,47.5375
CUS-001731,0,Stable Mid-Market,-1.5505637830183387,0.9130292786415328,4431340,16.4165
CUS-001732,1,Enterprise Champions,2.5737931880246983,-0.9171852088868592,427393233,78.3115
CUS-001733,2,Stable Mid-Market (Group 3),-1.5317929268901975,-0.9496786806346216,297080,23.565
CUS-001734,1,Enterprise Champions,1.6436206085637588,-0.7160525132435935,421495864,49.432
CUS-001735,2,Stable Mid-Market (Group 3),-1.4604062321261178,0.0500230955754581,3660279,21.963
CUS-001736,2,Stable Mid-Market (Group 3),-1.2688026097585456,-1.9098404824863722,2907870,33.763000000000005
CUS-001737,2,Stable Mid-Market (Group 3),-0.9647937963136289,-0.5681833951604408,2936889,39.9695
CUS-001738,3,Active Growth SMB,-0.09753792749227057,-0.5303743691252967,22982122,42.3325
CUS-001739,0,Stable Mid-Market,-0.6183067613624573,0.6365851481995974,16186385,40.2355
CUS-001740,2,Stable Mid-Market (Group 3),-0.9551814042543425,-0.4433140628494425,4274196,36.949
CUS-001741,3,Active Growth SMB,1.3091170700662251,-0.16741074693532446,273157424,59.0865
CUS-001742,1,Enterprise Champions,2.6172258005117794,-0.13193428558024017,600927899,60.22299999999999
CUS-001743,1,Enterprise Champions,2.3817531103139054,-0.3367939484805362,678962838,63.1705
CUS-001744,2,Stable Mid-Market (Group 3),-1.130265097605908,-0.5348675157230514,1450469,35.271
CUS-001745,0,Stable Mid-Market,-1.4876602649123924,1.0666504201791942,856310,20.9415
CUS-001746,3,Active Growth SMB,-0.4210260008956273,-0.6439958599141155,22828959,48.091
CUS-001747,2,Stable Mid-Market (Group 3),-1.0476013483952589,-0.9762055831979052,3382029,34.959
CUS-001748,3,Active Growth SMB,-0.5579437302343122,0.24275924486592537,8247735,41.6265
CUS-001749,0,Stable Mid-Market,-0.6654151944909098,0.541485502999769,9303596,37.0675
CUS-001750,0,Stable Mid-Market,-0.27831463844004983,0.9842024220568938,16026673,40.8355
CUS-001751,2,Stable Mid-Market (Group 3),-0.9107476688962545,-0.7940441756000005,18017545,34.69200000000001
CUS-001752,1,Enterprise Champions,2.2336498908256495,-0.7015652095335005,410550599,73.2385
CUS-001753,0,Stable Mid-Market,-0.7748604294238817,1.373513986298934,2885163,40.26350000000001
CUS-001754,3,Active Growth SMB,-0.46726422911406235,0.3332465135074021,3570042,44.00599999999999
CUS-001755,0,Stable Mid-Market,-0.7377668662143307,1.6821012468094092,2881092,28.0345
CUS-001756,0,Stable Mid-Market,-0.5894076890574493,1.7239762758099924,11138139,36.7975
CUS-001757,1,Enterprise Champions,3.2277260043149285,-0.02002372654483173,803462572,65.38499999999999
CUS-001758,2,Stable Mid-Market (Group 3),-1.1872301779078203,-0.8022197322475051,1206986,31.159
CUS-001759,0,Stable Mid-Market,-1.4026909879943334,1.6715502041207886,4522650,16.252
CUS-001760,0,Stable Mid-Market,-0.7586806490695384,1.3988971031094963,2618665,42.3955
CUS-001761,0,Stable Mid-Market,-0.7043800175611644,0.8517656713336255,7543257,37.43600000000001
CUS-001762,3,Active Growth SMB,0.6746295418719133,0.6423711414744943,180979270,36.898
CUS-001763,1,Enterprise Champions,2.672215557121702,-0.39198318095126555,704557963,58.506
CUS-001764,1,Enterprise Champions,2.1960796137654466,0.29958445723668325,275642967,65.609
CUS-001765,3,Active Growth SMB,0.8965871851022799,-0.34442088489963135,135306526,58.4495
CUS-001766,1,Enterprise Champions,2.6223074038468597,0.233001611855946,686380641,56.222
CUS-001767,0,Stable Mid-Market,-1.0354518011518958,0.5613244803339763,3747980,30.891
CUS-001768,1,Enterprise Champions,2.8779742706537985,-0.3728403202415982,868851906,59.327
CUS-001769,3,Active Growth SMB,1.0656614806084557,0.6766308425661592,195101436,52.647
CUS-001770,2,Stable Mid-Market (Group 3),-2.0307954726143724,-0.8023051350059561,278968,11.224
CUS-001771,0,Stable Mid-Market,-0.24977690312314574,1.620301833925227,10298015,39.83250000000001
CUS-001772,2,Stable Mid-Market (Group 3),-0.9779303122120679,-1.5233372304249386,4761497,40.9205
CUS-001773,3,Active Growth SMB,-0.8969471887105395,0.2615701331205256,3902273,37.164
CUS-001774,0,Stable Mid-Market,-0.8649773498400108,0.9856917223677386,636519,31.2795
CUS-001775,0,Stable Mid-Market,-0.7477117547637984,0.6639507583828071,24556766,33.2225
CUS-001776,2,Stable Mid-Market (Group 3),-0.7363628501999454,-1.0889277842294507,16491028,44.1275
CUS-001777,2,Stable Mid-Market (Group 3),-1.737490111444008,-1.109630938249534,636243,16.985500000000002
CUS-001778,3,Active Growth SMB,0.5146697997274087,-0.01882197271811087,24719262,58.4665
CUS-001779,0,Stable Mid-Market,-0.32730980459098774,1.1536880155202498,19253413,42.907
CUS-001780,0,Stable Mid-Market,-0.5523208829564445,0.8378100131287057,24389331,39.2945
CUS-001781,1,Enterprise Champions,2.354661743473552,0.15563645193424835,437152817,66.5445
CUS-001782,2,Stable Mid-Market (Group 3),-1.5521155531698623,-1.0012611106758276,2467664,24.449500000000004
CUS-001783,3,Active Growth SMB,0.7599907728348418,-0.473070181796711,251532801,52.779
CUS-001784,1,Enterprise Champions,2.4445268749234024,0.240189803019531,525360252,56.6655
CUS-001785,1,Enterprise Champions,3.474438590174228,-0.21658277191014305,958536412,56.2135
CUS-001786,0,Stable Mid-Market,-1.5359019558259082,0.7090367401413119,2708640,19.0105
CUS-001787,2,Stable Mid-Market (Group 3),-0.9422106005679485,-0.726969585106338,20663884,34.082
CUS-001788,2,Stable Mid-Market (Group 3),-0.7382548600941978,-1.2893288586423413,9863498,43.44800000000001
CUS-001789,2,Stable Mid-Market (Group 3),-1.1637412698912597,-1.437006030495031,3086484,35.471500000000006
CUS-001790,3,Active Growth SMB,0.8034946581789484,-0.8487969103048489,119029656,64.3705
CUS-001791,2,Stable Mid-Market (Group 3),-1.7435630268881472,-0.4575201689421593,2471157,17.580000000000002
CUS-001792,2,Stable Mid-Market (Group 3),-0.9746241409294407,-0.17982051056467543,6154103,32.164500000000004
CUS-001793,3,Active Growth SMB,0.7761490658175003,0.746096952177665,312504316,34.2445
CUS-001794,3,Active Growth SMB,-0.6001248765513627,-0.4579971213123911,24524781,42.925
CUS-001795,2,Stable Mid-Market (Group 3),-0.6734253853548576,-0.8113682546931377,4728908,46.275
CUS-001796,2,Stable Mid-Market (Group 3),-0.6701907953426042,-1.2496616370833908,21943826,43.771
CUS-001797,3,Active Growth SMB,-0.7428693700294363,0.3906588991254101,10496092,38.1055
CUS-001798,2,Stable Mid-Market (Group 3),-1.1891945392995946,-1.1421672650054333,13988348,30.4405
CUS-001799,0,Stable Mid-Market,-0.5132113342098773,1.2665673255323822,24411584,41.687000000000005
CUS-001800,3,Active Growth SMB,0.537662222786885,1.4663663144584362,11169746,52.569500000000005
CUS-001801,3,Active Growth SMB,0.10265774394921674,0.2884607147096809,22392005,54.0565
CUS-001802,3,Active Growth SMB,-0.15912606040193814,0.1458229636820624,23783844,45.3005
CUS-001803,1,Enterprise Champions,1.8660618759290941,-0.7494031503960417,594514660,58.721
CUS-001804,3,Active Growth SMB,-0.7078027346808076,0.2533190046226655,4100337,35.227000000000004
CUS-001805,2,Stable Mid-Market (Group 3),-0.9677231747500543,-0.19745938665557455,24116464,35.49850000000001
CUS-001806,0,Stable Mid-Market,-0.7192478173693014,3.6027083627493095,13713765,32.7385
CUS-001807,1,Enterprise Champions,2.1103324747968633,0.9930540050514015,323267914,55.587
CUS-001808,0,Stable Mid-Market,-0.7227002042945628,1.0692776679484213,13456305,37.193
CUS-001809,3,Active Growth SMB,-0.07266979018172072,-0.009628983601805897,12409310,48.4125
CUS-001810,1,Enterprise Champions,1.8055784170584412,0.8995488375121597,265192670,52.285
CUS-001811,3,Active Growth SMB,0.969566380630566,0.5629539675790954,156673330,52.283
CUS-001812,2,Stable Mid-Market (Group 3),-1.009093788822869,-0.7123149859290691,5034120,33.0855
CUS-001813,2,Stable Mid-Market (Group 3),-1.6954724658035167,-0.45618068381674753,2189858,18.96
CUS-001814,1,Enterprise Champions,2.6398510722067106,0.5320014905689134,179186277,71.37200000000001
CUS-001815,2,Stable Mid-Market (Group 3),-1.0978967638930652,-0.15145862291266807,3090144,34.00749999999999
CUS-001816,0,Stable Mid-Market,-0.5598694049440557,1.5721408379184854,24620160,30.5755
CUS-001817,2,Stable Mid-Market (Group 3),-0.9733320997509428,0.031120710949726786,4948873,34.5895
CUS-001818,3,Active Growth SMB,-0.45659674907411246,0.6045734441804808,20678906,40.5655
CUS-001819,0,Stable Mid-Market,-0.6077702275828503,0.6836581144694133,9713300,31.196
CUS-001820,3,Active Growth SMB,-0.32074439168072555,-0.21180652884608595,21361371,44.5545
CUS-001821,0,Stable Mid-Market,-0.85366543290888,1.2423315246633577,2230887,33.522
CUS-001822,3,Active Growth SMB,-0.161275311735693,0.6266221239888473,13964460,49.121
CUS-001823,0,Stable Mid-Market,-0.24239155211940935,1.6135260654844623,4787610,40.4135
CUS-001824,2,Stable Mid-Market (Group 3),-1.5390226930570794,-2.1411597227758956,17391072,25.3755
CUS-001825,0,Stable Mid-Market,-0.866246663292095,4.368306960806917,3487376,26.8785
CUS-001826,3,Active Growth SMB,0.8451180733461183,-0.6395496497142269,127931827,62.649
CUS-001827,3,Active Growth SMB,-0.13773788797046926,0.2813293994730619,6090285,49.6335
CUS-001828,3,Active Growth SMB,-0.4332886081602085,-0.4986633432172938,17740586,45.432
CUS-001829,2,Stable Mid-Market (Group 3),-1.4821832971976006,-0.3186771392063605,3946837,22.5895
CUS-001830,3,Active Growth SMB,-0.3916220012397294,0.24393311339888354,21928039,44.2315
CUS-001831,3,Active Growth SMB,-0.6160241743571595,0.09407284910898603,23990304,40.932500000000005
CUS-001832,2,Stable Mid-Market (Group 3),-1.8018743619249555,-0.07056761162025169,2133232,12.809
CUS-001833,3,Active Growth SMB,-0.6699936986790963,0.12646505958869578,9074924,40.177
CUS-001834,1,Enterprise Champions,2.572275130969517,0.6409729579617037,663102523,48.06399999999999
CUS-001835,1,Enterprise Champions,2.6779284244743558,-0.29804931826269443,617674981,60.564
CUS-001836,1,Enterprise Champions,4.09259802176782,0.2441615811537703,916717330,64.49799999999999
CUS-001837,3,Active Growth SMB,0.6207706813113046,-0.2909900504223703,239815935,44.001
CUS-001838,3,Active Growth SMB,0.026252745885265445,-0.4145117170036808,11934054,50.49099999999999
CUS-001839,2,Stable Mid-Market (Group 3),-1.0379800528188998,-0.06633407653204004,2878428,33.262
CUS-001840,2,Stable Mid-Market (Group 3),-1.166662762094384,-2.035023755701631,4997746,37.316
CUS-001841,3,Active Growth SMB,1.0385189986218515,1.4321494523697273,201214951,51.75600000000001
CUS-001842,3,Active Growth SMB,0.3398351750362366,0.449290554422963,22356793,66.2685
CUS-001843,1,Enterprise Champions,3.18877860911954,0.15167995345168694,836552753,57.5025
CUS-001844,0,Stable Mid-Market,-1.3806254683395403,0.5115887745394072,1054148,20.2125
CUS-001845,1,Enterprise Champions,2.1674918026276764,-0.19303812774109955,659027687,47.747
CUS-001846,0,Stable Mid-Market,-0.3060267965000337,1.0982777895994977,3447568,41.6605
CUS-001847,0,Stable Mid-Market,-1.116463615731896,0.29113799373239596,14738271,28.963
CUS-001848,2,Stable Mid-Market (Group 3),-0.8671270751689254,0.1822573767643464,18413903,25.7635
CUS-001849,2,Stable Mid-Market (Group 3),-1.2863299518766182,-0.45593972614136985,13489631,22.5505
CUS-001850,2,Stable Mid-Market (Group 3),-1.2663490605211651,-0.7602800776822471,2205361,31.1275
CUS-001851,1,Enterprise Champions,3.713334302859415,-0.7511935707574539,977441669,72.357
CUS-001852,0,Stable Mid-Market,-1.2474513260278073,0.8434371551960929,3011064,26.763
CUS-001853,3,Active Growth SMB,-0.23375550032230585,-0.45815069476429393,6100040,48.651
CUS-001854,2,Stable Mid-Market (Group 3),-1.9433050182561322,0.2625863016429655,4129631,5.222000000000001
CUS-001855,0,Stable Mid-Market,-1.2056926408308528,1.4806691031476782,738008,27.8715
CUS-001856,2,Stable Mid-Market (Group 3),-1.227266051597488,-1.9280150873013762,2422015,36.119
CUS-001857,1,Enterprise Champions,2.6642452872459907,-0.5164700554581203,728870822,58.8115
CUS-001858,3,Active Growth SMB,-0.34598572708274355,0.25116578913610593,12525904,43.622
CUS-001859,3,Active Growth SMB,-0.40216531087505136,0.20824751848754922,169811546,28.0595
CUS-001860,3,Active Growth SMB,1.3242369928726334,-0.3545769692189161,375493565,51.642
CUS-001861,0,Stable Mid-Market,-0.6822390487958742,0.5602746605032211,20211872,38.5095
CUS-001862,2,Stable Mid-Market (Group 3),-1.2899628068323408,-0.8400909924619834,3627165,31.4035
CUS-001863,2,Stable Mid-Market (Group 3),-1.1707380431527403,-0.3000753956553005,3977136,31.334
CUS-001864,2,Stable Mid-Market (Group 3),-0.790439743566252,0.12909157303675958,20826491,24.842
CUS-001865,0,Stable Mid-Market,-1.1512103830023106,0.6926498992095693,12560872,29.3655
CUS-001866,2,Stable Mid-Market (Group 3),-1.3896624982882677,0.1690699418891403,1706542,22.511000000000003
CUS-001867,3,Active Growth SMB,-0.17915583477779964,0.763154864041326,3710112,52.8335
CUS-001868,1,Enterprise Champions,1.920789633472745,-0.6252647967515406,614943926,55.612
CUS-001869,0,Stable Mid-Market,-1.2594933264879493,0.8509498347380867,10136646,20.23
CUS-001870,2,Stable Mid-Market (Group 3),-0.8784162964918766,-0.6971871360241192,1261879,42.865
CUS-001871,2,Stable Mid-Market (Group 3),-1.189061084739146,-0.34357034000558,21020378,24.1655
CUS-001872,3,Active Growth SMB,0.08438211757627338,0.3783614518277738,24021027,55.4175
CUS-001873,3,Active Growth SMB,-0.5091187068709815,-0.955569960579544,3032430,52.347
CUS-001874,2,Stable Mid-Market (Group 3),-1.2867828328521407,-0.8746096352013615,1110185,31.738
CUS-001875,2,Stable Mid-Market (Group 3),-1.2256991183400012,0.08921401673330573,2040646,28.567
CUS-001876,0,Stable Mid-Market,-1.6622335962541512,1.8417747186625253,679621,10.3125
CUS-001877,1,Enterprise Champions,1.6554034353317566,-0.5795133683643908,361197137,62.5555
CUS-001878,2,Stable Mid-Market (Group 3),-1.8406942536546829,-1.28933183757887,14679732,14.5415
CUS-001879,2,Stable Mid-Market (Group 3),-1.5013821315380138,-0.007786453340179983,17638437,15.840000000000002
CUS-001880,2,Stable Mid-Market (Group 3),-0.6395283733428353,-0.6149751836770377,3439953,45.663
CUS-001881,2,Stable Mid-Market (Group 3),-0.7110255723723566,-0.5199952547551837,12481428,39.0415
CUS-001882,0,Stable Mid-Market,-1.409089189677718,0.7497185561897682,8739263,22.115
CUS-001883,2,Stable Mid-Market (Group 3),-1.266021082030514,-0.5462566622393157,20851252,29.353
CUS-001884,0,Stable Mid-Market,-1.260148895830757,2.5617071174989516,1826686,17.051
CUS-001885,2,Stable Mid-Market (Group 3),-0.9244650773913341,0.19270287789946136,4839279,31.804500000000004
CUS-001886,2,Stable Mid-Market (Group 3),-1.5778446743810823,-0.6498624708750691,3380196,19.3865
CUS-001887,3,Active Growth SMB,1.0887064879949626,1.0118268204507614,157650268,43.651
CUS-001888,3,Active Growth SMB,1.475448993974755,-0.25154947904664005,309248929,58.40050000000001
CUS-001889,2,Stable Mid-Market (Group 3),-1.0368240895597154,-0.4837009235808733,1276998,31.319
CUS-001890,3,Active Growth SMB,-0.2954381699265843,0.9479208531260301,9790518,49.938
CUS-001891,1,Enterprise Champions,2.271407395978723,0.03457211404351259,575674666,53.195
CUS-001892,2,Stable Mid-Market (Group 3),-0.948170874966461,0.004112910513621356,712426,37.9265
CUS-001893,2,Stable Mid-Market (Group 3),-0.9540094555962674,0.05773360688831451,12340269,34.583
CUS-001894,1,Enterprise Champions,3.1000596472098345,0.08278326266859043,716863243,61.357
CUS-001895,3,Active Growth SMB,-0.5494709690985525,-0.4144672938472597,13703852,44.7895
CUS-001896,1,Enterprise Champions,3.2958648427698543,-0.19493160525576445,814229381,62.993
CUS-001897,0,Stable Mid-Market,-0.9206809217832588,0.3370655272949649,10917232,28.389
CUS-001898,1,Enterprise Champions,2.4415090993177917,0.09399003255151482,374688019,69.104
CUS-001899,1,Enterprise Champions,1.89355934984051,-0.3965175828786421,247953675,66.944
CUS-001900,3,Active Growth SMB,0.6655468820332852,-0.23647792146899752,239516765,48.499
CUS-001901,3,Active Growth SMB,0.11528470457786004,0.8435416603744285,19358666,51.0115
CUS-001902,1,Enterprise Champions,2.2231053636382887,-0.7652781408067059,738355856,50.644000000000005
CUS-001903,2,Stable Mid-Market (Group 3),-0.7008756710235836,-0.6929106638929107,2401616,38.444500000000005
CUS-001904,1,Enterprise Champions,4.202639708193333,-0.05862121108008536,948429781,64.7195
CUS-001905,2,Stable Mid-Market (Group 3),-0.8397890074258856,-0.811847942305056,14168996,38.59
CUS-001906,3,Active Growth SMB,-0.2795405816938595,-0.3092312555232135,22774830,47.2625
CUS-001907,3,Active Growth SMB,-0.4145616097634025,0.053255611074529266,11460374,42.98
CUS-001908,1,Enterprise Champions,1.7736638385690338,-0.8530538172236556,415931308,62.227
CUS-001909,2,Stable Mid-Market (Group 3),-1.291129092067979,-0.10625876698247468,2404258,28.4345
CUS-001910,2,Stable Mid-Market (Group 3),-1.1449341200204677,0.10759824839723776,3294296,33.052499999999995
CUS-001911,3,Active Growth SMB,1.0443929238879979,0.9594084733822129,170606764,54.939
CUS-001912,1,Enterprise Champions,3.2597083603712096,-0.36059254802626145,990355667,59.866
CUS-001913,0,Stable Mid-Market,-1.0969381970540315,2.0064648848841697,3263976,29.425000000000004
CUS-001914,3,Active Growth SMB,0.0063080883423166255,0.6225680043212442,13598191,47.078500000000005
CUS-001915,1,Enterprise Champions,4.585548239511047,0.014749610018117074,885750958,79.0435
CUS-001916,1,Enterprise Champions,3.764347015733175,-0.09297209269155601,951336947,68.36449999999999
CUS-001917,2,Stable Mid-Market (Group 3),-0.9879261525410201,-0.21879343375333543,5440117,35.099000000000004
CUS-001918,2,Stable Mid-Market (Group 3),-1.8522861763752982,-0.11701764469662723,4893186,11.373500000000002
CUS-001919,3,Active Growth SMB,-0.7125625625937897,0.16314098461321425,13664981,33.874
CUS-001920,2,Stable Mid-Market (Group 3),-0.900776055842629,-0.6625074041150169,1945128,39.461
CUS-001921,3,Active Growth SMB,0.19870686254888595,-0.30816033819622163,4914474,58.620000000000005
CUS-001922,2,Stable Mid-Market (Group 3),-0.9690545666158271,-0.5834993771104384,3544541,34.481
CUS-001923,0,Stable Mid-Market,-0.9229059729814842,1.0426611058829722,16417645,29.94
CUS-001924,2,Stable Mid-Market (Group 3),-0.7812619656174983,-0.17937550174291325,19484772,38.8665
CUS-001925,1,Enterprise Champions,2.4472906067322433,0.9681485847098469,506502563,45.5
CUS-001926,1,Enterprise Champions,1.8266149076614557,-1.056909242731323,361836161,70.729
CUS-001927,2,Stable Mid-Market (Group 3),-1.1733210691967375,-0.7988468524161704,14529427,25.3185
CUS-001928,0,Stable Mid-Market,-0.8009497621663566,0.3717788559698559,2268780,37.0505
CUS-001929,1,Enterprise Champions,3.4627362724570223,-0.18099486229913495,809602405,69.454
CUS-001930,2,Stable Mid-Market (Group 3),-0.5584440354627764,-1.2049262059667625,15764020,46.361
CUS-001931,3,Active Growth SMB,-0.5501338092777113,-0.6569540791616382,10635833,47.918
CUS-001932,2,Stable Mid-Market (Group 3),-1.085963079076393,0.20712127408264153,15537167,28.905
CUS-001933,2,Stable Mid-Market (Group 3),-1.0882084857998087,-0.8843731882939369,713916,36.644
CUS-001934,0,Stable Mid-Market,-0.5831203924830901,2.0958837243954336,3553316,35.8775
CUS-001935,2,Stable Mid-Market (Group 3),-1.0149353970156219,-1.7989521984170105,378308,40.2415
CUS-001936,1,Enterprise Champions,3.540094005838021,0.35441245693199686,821561088,51.727500000000006
CUS-001937,2,Stable Mid-Market (Group 3),-1.4948810177693868,0.2630888995226263,21485667,15.613500000000002
CUS-001938,2,Stable Mid-Market (Group 3),-1.1763417659613293,-0.18530454850106381,16799229,28.961
CUS-001939,2,Stable Mid-Market (Group 3),-0.8633561096205155,-0.7057411950878119,78504792,26.209
CUS-001940,1,Enterprise Champions,2.3679288746163962,0.4369034024255877,438554516,51.1505
CUS-001941,1,Enterprise Champions,2.7011450119848566,-0.13549702767358845,837361090,57.421
CUS-001942,2,Stable Mid-Market (Group 3),-0.9664675993417566,-0.9039066688700441,9263402,35.042500000000004
CUS-001943,0,Stable Mid-Market,-0.7428976887655371,0.744679611047483,12171283,35.11
CUS-001944,1,Enterprise Champions,1.5645218513373251,-0.4638967471052105,387211690,56.0725
CUS-001945,2,Stable Mid-Market (Group 3),-1.476237913352452,-1.0422601301714263,2562003,24.6265
CUS-001946,2,Stable Mid-Market (Group 3),-1.3652405174012385,-0.1786359944926485,1205605,25.586
CUS-001947,1,Enterprise Champions,2.8968788649301622,0.3780496078946113,286187732,79.964
CUS-001948,2,Stable Mid-Market (Group 3),-1.4844357914225874,-0.2221424701476005,660947,21.389000000000003
CUS-001949,1,Enterprise Champions,1.6480014794103448,-0.4754248949156877,527748701,56.2695
CUS-001950,0,Stable Mid-Market,-0.8603585360644058,1.2849157570290373,1011383,31.625
CUS-001951,2,Stable Mid-Market (Group 3),-1.3662476127091707,-0.1713254135283254,1087289,26.582
CUS-001952,1,Enterprise Champions,3.5355554677331393,-0.361315678832913,633469356,77.434
CUS-001953,0,Stable Mid-Market,-1.2400948875712927,3.1227253621743993,4173634,20.006
CUS-001954,3,Active Growth SMB,-0.7583061586691117,0.07833964032498747,2636113,36.031000000000006
CUS-001955,0,Stable Mid-Market,-1.3638064753805548,1.5572316405667102,3880651,14.4475
CUS-001956,2,Stable Mid-Market (Group 3),-1.3331695631966158,-0.9013080297215046,359160,30.536
CUS-001957,2,Stable Mid-Market (Group 3),-0.8071367718514572,-0.7396610464822979,9983966,37.7645
CUS-001958,1,Enterprise Champions,2.6454739630267734,-0.014976245042524051,468760666,67.205
CUS-001959,2,Stable Mid-Market (Group 3),-1.4229755069326955,-0.15371702929914718,3851514,21.639
CUS-001960,0,Stable Mid-Market,-0.757228341482631,1.7054769614950531,2908331,36.2425
CUS-001961,2,Stable Mid-Market (Group 3),-1.2816599132456203,-0.965967775521999,9330028,29.415500000000005
CUS-001962,0,Stable Mid-Market,-0.18211976167891636,0.9162197502527881,4796029,38.869
CUS-001963,2,Stable Mid-Market (Group 3),-1.4996508632302366,-1.7356804428184642,7315511,28.0025
CUS-001964,1,Enterprise Champions,2.0803203767776726,0.11885915106894325,344069162,59.9735
CUS-001965,0,Stable Mid-Market,-0.853027905022309,0.4627874739884808,3631187,32.5425
CUS-001966,3,Active Growth SMB,0.07150095676228009,-0.26517135615236703,80763262,48.157
CUS-001967,2,Stable Mid-Market (Group 3),-1.8135331978904643,-2.7561216085396034,2103532,21.6585
CUS-001968,2,Stable Mid-Market (Group 3),-1.2566886595794635,-1.6511077334884892,3875432,33.06099999999999
CUS-001969,2,Stable Mid-Market (Group 3),-0.9964453707616551,-0.4523073233327214,5207312,36.7095
CUS-001970,0,Stable Mid-Market,-1.0549955910751356,0.33530185551546204,2631155,30.0265
CUS-001971,2,Stable Mid-Market (Group 3),-1.065298363162744,-0.9676048664566372,5039885,36.533
CUS-001972,2,Stable Mid-Market (Group 3),-0.7193694728714141,-0.8934101605003456,1613164,47.07300000000001
CUS-001973,0,Stable Mid-Market,-1.1729260186045107,0.3204705862286309,3791839,25.4775
CUS-001974,0,Stable Mid-Market,-0.6263591331781985,1.120343060683965,22443792,31.4315
CUS-001975,1,Enterprise Champions,2.61804738764114,-0.06824899516128573,189719756,76.40650000000001
CUS-001976,1,Enterprise Champions,4.190732872062125,-0.202889393362388,758760304,78.88799999999999
CUS-001977,3,Active Growth SMB,0.3681951167574639,-0.15069514226783887,24999765,60.8895
CUS-001978,2,Stable Mid-Market (Group 3),-1.482809777457878,-0.06060153738826152,3299831,23.8945
CUS-001979,0,Stable Mid-Market,-0.7319099707235135,5.033825576908165,1612973,25.663500000000003
CUS-001980,1,Enterprise Champions,4.322193240140848,-0.2368783482146838,928381362,68.732
CUS-001981,0,Stable Mid-Market,-0.1847294307826302,1.5980196457748432,4825866,43.8395
CUS-001982,3,Active Growth SMB,0.3921227628206851,-0.28637618464585923,14556403,64.2305
CUS-001983,2,Stable Mid-Market (Group 3),-1.818426411452268,-2.755335919105675,1724545,21.5405
CUS-001984,3,Active Growth SMB,-0.28178241798524933,-0.13201802086360626,129968334,29.3345
CUS-001985,2,Stable Mid-Market (Group 3),-0.9664422821361486,-0.7116171741928673,24913210,35.552
CUS-001986,2,Stable Mid-Market (Group 3),-1.031817583375898,0.22365827798793625,3539285,29.9015
CUS-001987,3,Active Growth SMB,1.2059771839881193,-0.4780448744515277,455439194,46.982
CUS-001988,3,Active Growth SMB,-0.25294353727447216,0.20398142059039848,9488200,43.1575
CUS-001989,3,Active Growth SMB,-0.6814269514763133,0.4513599354226144,4655342,39.9375
CUS-001990,3,Active Growth SMB,1.253806218687103,-0.5943850722067159,350845722,54.37649999999999
CUS-001991,3,Active Growth SMB,1.4196573737117204,-0.5218612197160163,161081856,60.936
CUS-001992,2,Stable Mid-Market (Group 3),-0.5107859205606677,-0.8395195928606748,14731714,43.966
CUS-001993,2,Stable Mid-Market (Group 3),-1.9119516633167144,-1.1129789713994716,20418659,10.88
CUS-001994,1,Enterprise Champions,2.7373107936001686,0.3972631684574992,330010292,64.7095
CUS-001995,0,Stable Mid-Market,-0.7989872598662123,0.541070389351474,19407187,23.763
CUS-001996,2,Stable Mid-Market (Group 3),-1.949074061806687,-1.9302546343831397,2625722,15.604
CUS-001997,0,Stable Mid-Market,-0.8883319136847649,0.482112013203277,2651795,30.237500000000004
CUS-001998,2,Stable Mid-Market (Group 3),-0.8131327113851983,-1.027160254501531,8989163,42.8935
CUS-001999,2,Stable Mid-Market (Group 3),-1.3469777296843415,-0.24608743849507775,1359401,23.3275
CUS-002000,2,Stable Mid-Market (Group 3),-0.8044643585182595,-1.4090586732771295,13752918,43.1405
CUS-002001,2,Stable Mid-Market (Group 3),-1.1051686864358596,-1.4435174302768414,862551,37.8455
CUS-002002,2,Stable Mid-Market (Group 3),-1.0819403068784905,-0.7197929079111045,22297554,33.325
CUS-002003,2,Stable Mid-Market (Group 3),-2.238550591425108,-1.296964356392605,2351553,4.092500000000001
CUS-002004,3,Active Growth SMB,0.5092418309353353,0.16043790475236883,11114641,54.095
CUS-002005,3,Active Growth SMB,1.224614208123009,-0.1322768085793046,203998426,59.599
CUS-002006,2,Stable Mid-Market (Group 3),-1.2860444936375222,-1.184586120359286,1291495,30.614
CUS-002007,3,Active Growth SMB,-0.2700417409538995,-0.21079350429203675,13878203,50.5505
CUS-002008,1,Enterprise Champions,3.5242752371324575,0.21111876193141776,971899573,58.319
CUS-002009,1,Enterprise Champions,3.66164021873626,-0.8185524291456168,898340115,76.1625
CUS-002010,2,Stable Mid-Market (Group 3),-1.4175205776191775,-0.7124987462412854,10016371,25.3945
CUS-002011,3,Active Growth SMB,-0.2804212570021736,-0.5392044383345002,21115259,44.377
CUS-002012,2,Stable Mid-Market (Group 3),-1.1455397394218418,-1.2566433042676748,21838774,30.544500000000003
CUS-002013,1,Enterprise Champions,2.659642091214121,-0.7079354938928104,581018592,75.9005
CUS-002014,2,Stable Mid-Market (Group 3),-0.6170882972589964,-0.3231631026261988,6511316,37.9975
CUS-002015,2,Stable Mid-Market (Group 3),-0.64646649427102,-0.7553608869926263,14860111,42.043
CUS-002016,2,Stable Mid-Market (Group 3),-0.691278358372921,-0.607228232883205,20313811,38.747
CUS-002017,1,Enterprise Champions,4.685727597563631,0.052222955257653435,873438088,79.519
CUS-002018,1,Enterprise Champions,4.135055234604644,0.12446916757943838,891608139,79.50649999999999
CUS-002019,3,Active Growth SMB,0.031480873010227735,0.8301170918455153,19932403,41.724
CUS-002020,3,Active Growth SMB,-0.04507065565306643,0.8526699571875427,5204423,44.5155
CUS-002021,3,Active Growth SMB,-0.37440923054058456,0.12516274092429983,24432652,49.9485
CUS-002022,3,Active Growth SMB,1.420188161136891,-0.04752793322947261,133925886,55.9525
CUS-002023,1,Enterprise Champions,3.294408953411348,0.15518438462095016,878495757,57.668
CUS-002024,1,Enterprise Champions,3.049612592136274,-0.1939960865985677,816719769,64.52550000000001
CUS-002025,0,Stable Mid-Market,-0.9758522219716272,1.5123605111437657,2949632,29.001500000000004
CUS-002026,2,Stable Mid-Market (Group 3),-0.7895167149955798,-1.150687791247981,17292760,39.4995
CUS-002027,2,Stable Mid-Market (Group 3),-1.4373773703531878,0.06486473787832496,2569295,20.395
CUS-002028,2,Stable Mid-Market (Group 3),-0.740243284108922,-0.998551138019875,10602558,42.5245
CUS-002029,2,Stable Mid-Market (Group 3),-1.3162282904889502,-0.5462073683660871,24718509,23.2695
CUS-002030,0,Stable Mid-Market,-0.9827005029530037,0.6417285163196645,8600928,26.3825
CUS-002031,1,Enterprise Champions,2.4619005400591414,-0.7175784646000589,688459334,60.024
CUS-002032,3,Active Growth SMB,-0.39587367788867467,0.24655129704550435,15591940,40.880500000000005
CUS-002033,2,Stable Mid-Market (Group 3),-1.8260344606467915,-1.708213492974217,18088078,16.749499999999998
CUS-002034,0,Stable Mid-Market,-1.0900542666325084,0.32558565273814044,23932482,25.338
CUS-002035,1,Enterprise Champions,2.913569593935075,-0.33937773276010047,794178222,59.4755
CUS-002036,3,Active Growth SMB,-0.8427887119659853,0.26470800377854037,4873414,37.3895
CUS-002037,0,Stable Mid-Market,-1.9181754333527747,2.828686256579236,4288932,3.867
CUS-002038,1,Enterprise Champions,2.2007754444594534,0.014599313375990328,508261864,53.6535
CUS-002039,3,Active Growth SMB,0.14654772682099,-0.5464829708386578,6940394,57.051
CUS-002040,2,Stable Mid-Market (Group 3),-1.0647367362311149,0.022413417420983166,1425411,35.669
CUS-002041,2,Stable Mid-Market (Group 3),-0.887045958998337,-1.1781246666042269,18647400,38.807500000000005
CUS-002042,0,Stable Mid-Market,-0.940506380521674,0.6783250523659247,4089814,35.8985
CUS-002043,2,Stable Mid-Market (Group 3),-1.300171635378827,-0.7700701141575311,5474917,26.003
CUS-002044,0,Stable Mid-Market,-1.2456572444731995,1.9017600999028326,4048661,25.427
CUS-002045,2,Stable Mid-Market (Group 3),-0.9732463922862951,-1.3265435265430399,2290053,38.1235
CUS-002046,1,Enterprise Champions,2.3634902863826697,-0.08740272374107089,560110175,63.6355
CUS-002047,2,Stable Mid-Market (Group 3),-0.6638004793042204,-0.5016278482406933,3114102,41.7405
CUS-002048,2,Stable Mid-Market (Group 3),-0.9850550662497891,-0.44554455094126233,17633545,31.5665
CUS-002049,3,Active Growth SMB,-0.34416106587249773,0.27467533710696185,162494236,33.175
CUS-002050,2,Stable Mid-Market (Group 3),-0.8203620476248268,-1.0803795298733754,20303800,39.399
CUS-002051,2,Stable Mid-Market (Group 3),-1.6225060797829005,-1.1572337331144222,2254088,20.9545
CUS-002052,1,Enterprise Champions,2.6936027895213406,-0.6139593714346342,720415601,59.1105
CUS-002053,3,Active Growth SMB,-0.5098326407440078,-0.758406072880483,12472834,46.848
CUS-002054,0,Stable Mid-Market,-0.8572362637049434,1.2745036494310769,1061926,33.370000000000005
CUS-002055,2,Stable Mid-Market (Group 3),-0.7233310546919525,-0.5657112780875041,8553170,42.7845
CUS-002056,0,Stable Mid-Market,-0.8894919712775187,1.2253700926031852,16320927,23.858
CUS-002057,0,Stable Mid-Market,-0.9556845211286019,0.43757576676642923,1533902,33.7485
CUS-002058,2,Stable Mid-Market (Group 3),-0.6514765227323865,-0.803008929503764,5203322,41.9685
CUS-002059,3,Active Growth SMB,0.6391697045905664,0.2648067923661884,197398281,51.075
CUS-002060,3,Active Growth SMB,0.6204983360153848,-0.17860454670125078,334132295,49.206500000000005
CUS-002061,2,Stable Mid-Market (Group 3),-1.8416713668261966,-0.5710462804581778,4460220,9.8935
CUS-002062,3,Active Growth SMB,-0.1086399293888836,0.176220995032385,119456283,34.93600000000001
CUS-002063,0,Stable Mid-Market,-0.42072306080817706,0.9949166561542944,3868199,40.512
CUS-002064,1,Enterprise Champions,1.515309558667439,-0.8627696295818021,650870537,54.6185
CUS-002065,2,Stable Mid-Market (Group 3),-1.460703109445104,-0.1529292511955601,10444166,21.199
CUS-002066,2,Stable Mid-Market (Group 3),-1.4149299190597453,-1.2328566508863295,3323141,27.654
CUS-002067,2,Stable Mid-Market (Group 3),-0.5707685181579115,-0.7829119914400919,18373257,49.078
CUS-002068,2,Stable Mid-Market (Group 3),-0.8689878275338888,-1.561879484170663,4519514,43.625
CUS-002069,1,Enterprise Champions,2.5993362685284183,-0.34918569804550553,704983679,59.6715
CUS-002070,2,Stable Mid-Market (Group 3),-0.7645026562442089,-0.6828871647704892,6454343,39.686
CUS-002071,2,Stable Mid-Market (Group 3),-1.0743902429208732,-0.03911191429245163,511063,32.275
CUS-002072,3,Active Growth SMB,-0.579967730295687,-0.08994232994385451,14032926,41.224
CUS-002073,1,Enterprise Champions,1.4814655471245746,0.05319827907814605,462428390,52.9395
CUS-002074,2,Stable Mid-Market (Group 3),-0.9143985809781823,-0.28041034728421,3847129,37.506
CUS-002075,3,Active Growth SMB,-0.4097891434452456,0.18597826889223823,18629697,44.23350000000001
CUS-002076,3,Active Growth SMB,-0.32199846993578113,0.6563646050931614,12061526,43.212500000000006
CUS-002077,0,Stable Mid-Market,-1.2588852982609158,2.415603101776015,1487936,17.6635
CUS-002078,3,Active Growth SMB,-0.14006507375192193,0.4836846018800261,55396123,36.4605
CUS-002079,2,Stable Mid-Market (Group 3),-1.1248744696817718,-1.0205391325271245,16471473,26.717500000000005
CUS-002080,3,Active Growth SMB,1.1621245896368828,0.20027753570726783,379197906,48.95150000000001
CUS-002081,0,Stable Mid-Market,-0.44266589858954597,1.2581203121154103,24893780,37.2115
CUS-002082,1,Enterprise Champions,3.2859306524333394,-0.4582473129947485,934254324,61.643
CUS-002083,3,Active Growth SMB,0.511376968463076,1.05067269547643,18646312,63.82899999999999
CUS-002084,1,Enterprise Champions,1.9212864252055144,0.304496078793431,469372768,58.098
CUS-002085,2,Stable Mid-Market (Group 3),-0.9455064984203395,-0.6807888075805227,10803391,32.691
CUS-002086,1,Enterprise Champions,2.032617357513485,0.22385663872522077,125768119,69.375
CUS-002087,0,Stable Mid-Market,-0.5190108525292425,0.9104712584179901,7561692,37.98700000000001
CUS-002088,3,Active Growth SMB,-0.5364428584221693,0.44966205124419034,8139302,43.8155
CUS-002089,0,Stable Mid-Market,-1.3373294544960348,0.6892617965201961,3927515,24.6255
CUS-002090,0,Stable Mid-Market,-1.056584725572269,0.27878671748607226,3138817,32.636
CUS-002091,2,Stable Mid-Market (Group 3),-1.3920725961442204,-0.5361529966171573,23411047,23.8045
CUS-002092,2,Stable Mid-Market (Group 3),-0.7625370470890884,-2.047302482545849,4571964,48.8155
CUS-002093,3,Active Growth SMB,-0.054387918377094835,0.0602970371520861,17631119,48.0715
CUS-002094,3,Active Growth SMB,-0.39590696795306585,0.12199119441953576,25020239,41.108
CUS-002095,0,Stable Mid-Market,-1.7966280427065062,0.9032734243748026,1745419,8.227
CUS-002096,3,Active Growth SMB,-0.6370958582563635,0.2106332728657148,14736390,39.1705
CUS-002097,1,Enterprise Champions,4.111852538923369,0.4303342444579345,898754665,62.721
CUS-002098,0,Stable Mid-Market,-0.7933462605096682,0.5343328643192082,21669374,38.07950000000001
CUS-002099,1,Enterprise Champions,2.9841566458153093,-0.417328987256897,896036810,58.228
CUS-002100,1,Enterprise Champions,3.16249964543554,0.547981326289157,925269678,52.901500000000006
CUS-002101,2,Stable Mid-Market (Group 3),-1.4939946646850775,-0.6888867137307721,2931780,21.939
CUS-002102,1,Enterprise Champions,2.9728352189153053,-0.13154789870694997,439983752,72.41499999999999
CUS-002103,2,Stable Mid-Market (Group 3),-1.9007964063988372,-0.23427316444123777,1909434,8.638
CUS-002104,2,Stable Mid-Market (Group 3),-0.8630094262241234,-0.9750716891205042,2183830,40.9555
CUS-002105,3,Active Growth SMB,-0.20009882626573788,-0.5477344917838748,11363771,49.0145
CUS-002106,2,Stable Mid-Market (Group 3),-1.367670573488314,-1.2020049488674291,3692384,27.602
CUS-002107,2,Stable Mid-Market (Group 3),-1.4090747843064346,-0.1429436877571041,3643536,21.998
CUS-002108,2,Stable Mid-Market (Group 3),-1.3155068435896127,-2.200457936941368,1363195,33.8925
CUS-002109,0,Stable Mid-Market,-0.9777900609301212,1.0692539844280988,10615302,28.636500000000005
CUS-002110,3,Active Growth SMB,0.6331188888204498,-0.029944378280208187,95589535,54.272
CUS-002111,3,Active Growth SMB,-0.5400348548668671,-0.6737329235889817,22712685,47.5365
CUS-002112,3,Active Growth SMB,-0.03646160276152548,-1.1485732109409812,9251805,59.568
CUS-002113,1,Enterprise Champions,2.4976493578012495,-0.5842972040247452,651212197,57.7215
CUS-002114,3,Active Growth SMB,-0.24753286486456283,-0.24112852674727075,8167380,50.654
CUS-002115,1,Enterprise Champions,3.037142217226681,-1.2269584157390792,897992470,62.9685
CUS-002116,2,Stable Mid-Market (Group 3),-1.5407991441834845,-2.3748014533647717,3144707,28.1735
CUS-002117,1,Enterprise Champions,2.17597107517084,-0.7219381474914539,672060874,61.081
CUS-002118,0,Stable Mid-Market,0.022285617961290125,0.7798764187419123,133370498,32.2645
CUS-002119,1,Enterprise Champions,4.038458441289539,-0.13782274934289843,983370372,70.078
CUS-002120,1,Enterprise Champions,1.4778299662936691,-0.1408883793917967,575103341,45.9225
CUS-002121,1,Enterprise Champions,2.7329567807249964,-0.7939663650148094,808146826,66.8845
CUS-002122,0,Stable Mid-Market,-0.2691843030056001,1.0848965156230468,103010614,35.1715
CUS-002123,1,Enterprise Champions,2.9015981530585098,0.22271419969611447,506990957,62.30799999999999
CUS-002124,1,Enterprise Champions,1.8728851571304697,-0.01914943537769271,488207908,51.907
CUS-002125,2,Stable Mid-Market (Group 3),-0.9125957846782782,-1.4729728638220858,21692758,39.367
CUS-002126,0,Stable Mid-Market,-0.9850444991304284,0.5565929122894159,9297040,31.9935
CUS-002127,3,Active Growth SMB,-0.18915901779087538,-0.33412850795985366,7837897,48.889
CUS-002128,3,Active Growth SMB,-0.10740652479676302,-0.20449309061172027,23832920,47.213
CUS-002129,3,Active Growth SMB,1.0732204580076459,0.10814816418067418,292865638,53.8945
CUS-002130,1,Enterprise Champions,1.762041028312487,-0.4909849267939811,404401189,61.552
CUS-002131,3,Active Growth SMB,1.3300361971143666,-0.5844288225562383,213324491,60.471500000000006
CUS-002132,0,Stable Mid-Market,-1.4283431210648891,1.9634275821024727,4216755,14.435499999999998
CUS-002133,0,Stable Mid-Market,-0.8417154250889429,0.2711118172204873,4105655,33.781
CUS-002134,0,Stable Mid-Market,-1.2626533873577588,2.185493125827161,3575404,22.238000000000003
CUS-002135,2,Stable Mid-Market (Group 3),-1.570754088656603,-0.1841759310821187,11010953,14.187
CUS-002136,3,Active Growth SMB,-0.6104335379901591,0.013087701561569872,7852978,44.724
CUS-002137,2,Stable Mid-Market (Group 3),-1.1875022216976119,0.03875365127755254,20163023,27.588
CUS-002138,2,Stable Mid-Market (Group 3),-2.1220206634557575,-2.2069065865865016,3907024,11.3395
CUS-002139,2,Stable Mid-Market (Group 3),-1.415079198509247,-0.3155177477696508,1879999,25.5855
CUS-002140,2,Stable Mid-Market (Group 3),-1.1790971445132334,-2.071406959417744,3399793,37.18600000000001
CUS-002141,2,Stable Mid-Market (Group 3),-1.545891137230713,-0.5152005710638873,3367917,20.605
CUS-002142,0,Stable Mid-Market,-0.6333004965759459,1.2814140410185713,7013840,39.3015
CUS-002143,0,Stable Mid-Market,-1.083257349945853,3.8913872294683864,3060226,22.195
CUS-002144,2,Stable Mid-Market (Group 3),-1.376580092232752,0.19780697847288717,3589363,23.8335
CUS-002145,3,Active Growth SMB,-0.2130398651676145,0.21237822752261432,9055267,45.4015
CUS-002146,0,Stable Mid-Market,-0.6570650203703232,2.305860531330768,4378614,36.9345
CUS-002147,2,Stable Mid-Market (Group 3),-0.5071422596653562,-0.27023252889272625,146466867,29.226000000000003
CUS-002148,3,Active Growth SMB,-0.3682458638472857,0.41597986427055883,4472532,46.3175
CUS-002149,2,Stable Mid-Market (Group 3),-1.6287784178025548,0.0857370645737208,1911585,18.3115
CUS-002150,3,Active Growth SMB,-0.501610549353305,-0.3289413060273317,26068050,37.1905
CUS-002151,2,Stable Mid-Market (Group 3),-0.9609431714022225,-0.5411848399368105,12993444,33.9225
CUS-002152,3,Active Growth SMB,1.2622528184016102,0.13917827527054646,298005766,50.501
CUS-002153,2,Stable Mid-Market (Group 3),-1.6711006650326963,0.016692098250068236,2453563,16.1905
CUS-002154,2,Stable Mid-Market (Group 3),-1.0759726355213157,-1.178277315747298,4182948,37.6685
CUS-002155,2,Stable Mid-Market (Group 3),-0.6296378669533736,-0.36323274143997014,9512176,40.6
CUS-002156,2,Stable Mid-Market (Group 3),-2.1506958011519144,-1.4418028696423764,2806510,8.579999999999998
CUS-002157,3,Active Growth SMB,0.9752354367337928,-0.0640689570116018,85820068,62.406
CUS-002158,1,Enterprise Champions,2.6000498850951623,-0.6542983964298171,680778818,64.8425
CUS-002159,0,Stable Mid-Market,-0.8189827521349979,1.0481914867977637,4901077,27.535
CUS-002160,1,Enterprise Champions,3.957014846112131,-0.3960386074154495,747547284,74.7095
CUS-002161,2,Stable Mid-Market (Group 3),-0.5452681659368939,-0.6475741475589094,22797205,44.63549999999999
CUS-002162,1,Enterprise Champions,3.259637629040642,0.7408804098676081,865726550,47.1575
CUS-002163,3,Active Growth SMB,-0.36834612089184415,0.70171254259822,20870274,48.142
CUS-002164,2,Stable Mid-Market (Group 3),-1.2367031166475224,-0.5938171053010627,7911089,27.6185
CUS-002165,2,Stable Mid-Market (Group 3),-0.8207625329704012,-0.23309937728890545,3535222,42.084
CUS-002166,1,Enterprise Champions,1.6888665302863275,-0.1464111895306857,506390483,48.6735
CUS-002167,0,Stable Mid-Market,-0.8147397297707121,1.1887165309754482,4549954,37.892
CUS-002168,3,Active Growth SMB,-0.10854738207765105,-0.38689767164713873,18893648,47.051
CUS-002169,3,Active Growth SMB,-0.7830981107359335,0.0878059082016736,10418638,35.9485
CUS-002170,3,Active Growth SMB,-0.3040278216217122,-0.0034005725398953673,19859483,43.689
CUS-002171,3,Active Growth SMB,-0.2920096628637787,0.44598198331301325,3288436,44.50449999999999
CUS-002172,1,Enterprise Champions,3.527889306890089,0.17906334915109598,796815708,57.283
CUS-002173,2,Stable Mid-Market (Group 3),-0.9879311751779327,-0.11989675800411474,7964432,34.5685
CUS-002174,1,Enterprise Champions,2.7585218328338454,-0.052354082268714214,485825533,65.6285
CUS-002175,0,Stable Mid-Market,-1.0059811640370797,0.7945599933312432,7135019,26.395000000000003
CUS-002176,2,Stable Mid-Market (Group 3),-0.7495291629161783,-0.6202800756739169,13445899,41.093
CUS-002177,0,Stable Mid-Market,-0.28104695599528945,1.0216450182084658,10605291,42.359
CUS-002178,2,Stable Mid-Market (Group 3),-1.7895220209216984,-0.3656335946314725,3809694,15.951
CUS-002179,1,Enterprise Champions,1.589449021472154,0.28811218824075374,532386680,54.007000000000005
CUS-002180,3,Active Growth SMB,-0.6361273586351559,0.3529860699889713,1124674,39.322
CUS-002181,0,Stable Mid-Market,-0.8301379122018722,1.540478983361981,3966387,38.188
CUS-002182,2,Stable Mid-Market (Group 3),-0.8108954472156065,-0.7517740100363286,2520976,43.9945
CUS-002183,3,Active Growth SMB,-0.20816259777107965,0.26524535332144766,1714298,51.722
CUS-002184,1,Enterprise Champions,2.3708731106060927,-0.4157149829756686,585087783,61.0205
CUS-002185,0,Stable Mid-Market,-0.9359404407720742,0.5834836913828608,4947265,37.6385
CUS-002186,3,Active Growth SMB,0.037177599297203774,-0.1074724190880514,214886513,43.047
CUS-002187,2,Stable Mid-Market (Group 3),-0.8625913107838667,-1.7835897434661352,3325030,44.288
CUS-002188,0,Stable Mid-Market,-0.8063665810675428,0.5166829706586012,8462134,34.596
CUS-002189,1,Enterprise Champions,3.414969530453081,-1.0249552019261439,721092706,79.71549999999999
CUS-002190,0,Stable Mid-Market,-0.878692429012236,1.6497753933272725,1434276,38.4905
CUS-002191,1,Enterprise Champions,2.9889654216870296,0.3044247688309944,685854979,61.43449999999999
CUS-002192,2,Stable Mid-Market (Group 3),-0.7145789395001538,-0.9495831135631252,12960530,45.9095
CUS-002193,0,Stable Mid-Market,-0.9128909641209221,0.9278943160758258,4590188,34.394
CUS-002194,3,Active Growth SMB,1.0379728832887551,-0.5680315713960901,325582301,51.51350000000001
CUS-002195,0,Stable Mid-Market,-0.6233995034338787,0.548641393167895,6099118,35.7755
CUS-002196,2,Stable Mid-Market (Group 3),-1.1848936460411994,-0.06614984273687591,1925379,28.094500000000004
CUS-002197,3,Active Growth SMB,0.6291040302612806,0.21087771432241606,114593972,51.6565
CUS-002198,0,Stable Mid-Market,-0.2612956626186117,1.2138765810548426,15547184,47.9085
CUS-002199,1,Enterprise Champions,3.31790632554677,-0.7211018993479934,813882652,69.84899999999999
CUS-002200,2,Stable Mid-Market (Group 3),-0.9097841037041876,0.15634859931834502,16742158,32.834
CUS-002201,1,Enterprise Champions,3.363542540989005,-0.4319294102439501,863066655,69.523
CUS-002202,2,Stable Mid-Market (Group 3),-1.9269038064900523,-0.14737024244552316,1671603,10.5795
CUS-002203,2,Stable Mid-Market (Group 3),-1.193070374926763,0.2245314493338045,3722060,30.1335
CUS-002204,1,Enterprise Champions,3.6124967850342076,0.342639080353741,816360044,64.553
CUS-002205,3,Active Growth SMB,0.11214008417687797,0.23832527933407482,11231026,49.3615
CUS-002206,3,Active Growth SMB,-0.24984108544995015,-0.07418688830324117,7341742,54.13250000000001
CUS-002207,0,Stable Mid-Market,-0.7839757409941326,0.8586475833452006,1998140,35.5035
CUS-002208,3,Active Growth SMB,-0.6978327955178694,0.26686093274421896,20037585,34.456
CUS-002209,1,Enterprise Champions,1.611734233715861,0.0593385628318557,310397744,51.5915
CUS-002210,1,Enterprise Champions,3.919425924880458,-0.6774139871692995,997479352,75.2635
CUS-002211,2,Stable Mid-Market (Group 3),-1.4295524184997797,-0.5589574016107463,388151,26.0025
CUS-002212,2,Stable Mid-Market (Group 3),-0.7372234308072406,-0.7371060642456829,9612085,41.3735
CUS-002213,3,Active Growth SMB,-0.3620935148019333,0.7389075063936874,1793779,45.0525
CUS-002214,3,Active Growth SMB,-0.3455188086314447,-0.6715859454639891,8806141,50.337
CUS-002215,0,Stable Mid-Market,-0.9967020601525505,3.1504302932617447,2683082,22.1935
CUS-002216,3,Active Growth SMB,1.0123110804025017,-0.2025203486588741,567124891,38.593500000000006
CUS-002217,1,Enterprise Champions,3.7723464611432003,-0.010106572998906388,749974068,71.00649999999999
CUS-002218,2,Stable Mid-Market (Group 3),-1.7181492601569501,-1.6897592870447997,4764641,21.8335
CUS-002219,0,Stable Mid-Market,-1.3559008616295884,1.497155639030598,1278144,20.119
CUS-002220,0,Stable Mid-Market,-0.8063251306183734,1.4368881056794052,22268379,26.242
CUS-002221,0,Stable Mid-Market,-0.035204493069273646,2.5289219230831614,3643482,49.4875
CUS-002222,3,Active Growth SMB,-0.07202536421063456,-0.14272743614719524,4871214,51.9905
CUS-002223,3,Active Growth SMB,0.5104990999893902,-0.45091204395742945,14656489,63.9215
CUS-002224,1,Enterprise Champions,3.7975469476983004,-0.2924173290609154,716472278,68.59299999999999
CUS-002225,3,Active Growth SMB,-0.39657848910150784,0.1562202845145354,4370791,44.455
CUS-002226,1,Enterprise Champions,2.2230711993429644,-0.6727297396727718,608508049,61.27
CUS-002227,2,Stable Mid-Market (Group 3),-1.4246851569351926,-0.6341576924647053,4349559,22.737500000000004
CUS-002228,1,Enterprise Champions,2.4626053080184525,0.4590021134432713,651496913,57.205
CUS-002229,1,Enterprise Champions,1.7666564561839813,0.22389411049177432,413046426,57.14
CUS-002230,3,Active Growth SMB,-0.18008793772292647,0.775594303149115,10931159,45.152
CUS-002231,3,Active Growth SMB,0.12601401539931403,1.2677613600493605,6597873,57.474500000000006
CUS-002232,0,Stable Mid-Market,-0.8844595667978237,0.7432782061386626,7334457,34.2415
CUS-002233,1,Enterprise Champions,3.2204639476946273,0.5729455333785274,485374700,68.3325
CUS-002234,0,Stable Mid-Market,-0.25020791026889977,1.6559202861883595,3764982,47.0855
CUS-002235,0,Stable Mid-Market,0.13845447216097923,2.088692014261629,1234621,50.484
CUS-002236,0,Stable Mid-Market,-1.3559396560658938,1.5860752606029254,3430874,12.8835
CUS-002237,1,Enterprise Champions,2.2599131529875462,0.230258194278881,509521398,58.578
CUS-002238,2,Stable Mid-Market (Group 3),-0.7431886552620011,-0.6986978650228932,23720387,40.1555
CUS-002239,2,Stable Mid-Market (Group 3),-1.3640266905593,-1.0468574087864295,4595316,26.316
CUS-002240,2,Stable Mid-Market (Group 3),-1.3346274976652897,0.12727125178924317,3246701,18.4965
CUS-002241,3,Active Growth SMB,-0.6568840449981517,0.07813182539532264,24839293,37.516000000000005
CUS-002242,1,Enterprise Champions,3.210265687203729,-0.26834694585379365,943296851,54.08
CUS-002243,2,Stable Mid-Market (Group 3),-1.0655958334377928,-1.1246793352343913,11578549,35.304500000000004
CUS-002244,3,Active Growth SMB,1.1816828561510795,-0.05255083632881843,440592381,49.4345
CUS-002245,3,Active Growth SMB,0.3932653366095869,0.6547215065879729,5267255,63.608
CUS-002246,3,Active Growth SMB,0.7646042384469627,-0.2294631202447885,210880515,50.885000000000005
CUS-002247,3,Active Growth SMB,-0.20607207714212417,0.18357984629157473,30058264,45.6815
CUS-002248,3,Active Growth SMB,0.4524790329225965,0.136974910483446,19191035,56.786
CUS-002249,2,Stable Mid-Market (Group 3),-1.201278432451758,-0.2337025893324527,21503237,22.1925
CUS-002250,2,Stable Mid-Market (Group 3),-0.6464756696173032,-0.7450851971165149,14257980,43.6745
CUS-002251,3,Active Growth SMB,-0.3989436291311947,0.16775510244050895,17300032,45.905
CUS-002252,0,Stable Mid-Market,-1.141803586841456,0.36352810717891076,4549701,31.116
CUS-002253,0,Stable Mid-Market,-0.07621822222503889,1.2726325399314198,10545688,48.263
CUS-002254,0,Stable Mid-Market,-0.3795493887115776,1.7186428769293158,14709334,38.91850000000001
CUS-002255,0,Stable Mid-Market,-0.9809155803117807,1.053084633110465,694314,35.385000000000005
CUS-002256,0,Stable Mid-Market,-1.2527567191937203,1.3254571533752502,13873021,19.6195
CUS-002257,2,Stable Mid-Market (Group 3),-0.8018904644494411,-0.3347425836229117,4289682,42.8805
CUS-002258,0,Stable Mid-Market,-0.879881551619123,0.5609185815197645,4248501,32.584500000000006
CUS-002259,3,Active Growth SMB,0.6978531429264851,-0.2534576128749435,69348235,52.27600000000001
CUS-002260,2,Stable Mid-Market (Group 3),-1.0054165437901985,0.17664212358277073,23869910,29.619
CUS-002261,0,Stable Mid-Market,-0.3090338557455958,2.2253834474602696,8608015,36.7835
CUS-002262,0,Stable Mid-Market,-0.9829784182221748,2.187871718207437,4470757,22.2275
CUS-002263,2,Stable Mid-Market (Group 3),-1.0230520418067106,0.14725749306051522,15359203,22.9865
CUS-002264,1,Enterprise Champions,2.6253956210048415,-0.22082451235597866,633190420,59.8675
CUS-002265,0,Stable Mid-Market,0.15507015278725886,1.8745502875816549,5430864,51.8355
CUS-002266,1,Enterprise Champions,2.9592596567253513,0.13562576801132184,839495662,59.5065
CUS-002267,2,Stable Mid-Market (Group 3),-0.943934574644014,-0.23309618020771103,4178020,37.5085
CUS-002268,0,Stable Mid-Market,-1.2876656199120398,1.2466172413507572,4778597,22.692
CUS-002269,0,Stable Mid-Market,-1.0547418219660105,1.3994393212510696,4403823,30.4595
CUS-002270,0,Stable Mid-Market,-0.8880787915308854,1.2018346407382168,2674217,34.2765
CUS-002271,3,Active Growth SMB,0.04762739577685846,0.4589379954032603,7840430,45.9715
CUS-002272,2,Stable Mid-Market (Group 3),-0.7251816184805312,-0.6357133198900333,13760860,40.089
CUS-002273,2,Stable Mid-Market (Group 3),-2.136913389782863,-2.3822279214891493,1279198,11.5375
CUS-002274,2,Stable Mid-Market (Group 3),-1.261411868320916,-0.8618905713671993,3242015,32.295500000000004
CUS-002275,0,Stable Mid-Market,-0.8563421561965835,0.6217213141081958,962935,37.261
CUS-002276,1,Enterprise Champions,1.5002910942448713,0.39465580315502613,341627184,51.0795
CUS-002277,0,Stable Mid-Market,-0.3546191426052871,1.844430659852343,23444390,40.301
CUS-002278,1,Enterprise Champions,1.4817783835793281,0.14204294013934976,469713385,38.2405
CUS-002279,2,Stable Mid-Market (Group 3),-1.1644714297931937,-0.7419115042471449,986414,29.1425
CUS-002280,3,Active Growth SMB,-0.27755556018908073,0.17196305789059713,19818471,40.9295
CUS-002281,3,Active Growth SMB,-0.1668972439714995,-0.38257823760101156,17074828,52.189
CUS-002282,1,Enterprise Champions,1.476329046900104,-0.16394590629431982,391267345,50.283
CUS-002283,3,Active Growth SMB,-0.574299478435734,0.5650138381579748,6718362,43.712
CUS-002284,2,Stable Mid-Market (Group 3),-1.8916131570579382,-2.156723652644758,3381228,18.02
CUS-002285,1,Enterprise Champions,3.188113812437731,-0.8629235369092081,655253404,75.576
CUS-002286,1,Enterprise Champions,3.0342983886625503,-0.40120800537731405,837439783,60.98250000000001
CUS-002287,2,Stable Mid-Market (Group 3),-1.1846918940699929,-1.472901056646783,4128789,34.938
CUS-002288,0,Stable Mid-Market,-0.7797778152245609,2.799219259938954,3237770,23.038
CUS-002289,1,Enterprise Champions,2.6457520405369097,-0.2921474240422289,773685620,55.85050000000001
CUS-002290,3,Active Growth SMB,-0.22824121352727533,-0.213797585922125,23685096,49.05
CUS-002291,2,Stable Mid-Market (Group 3),-0.921598600080122,-0.48007819675641616,3521385,40.9295
CUS-002292,3,Active Growth SMB,-0.6400324775548891,-0.3897359496716,3953737,44.673
CUS-002293,2,Stable Mid-Market (Group 3),-0.809756588175342,-0.3976631711413396,6339591,36.905
CUS-002294,2,Stable Mid-Market (Group 3),-0.5692312485352609,-1.139196476792548,22040323,46.634
CUS-002295,3,Active Growth SMB,-0.7521013921621739,0.17287756738594334,2989570,36.849
CUS-002296,3,Active Growth SMB,0.8222434782017429,-0.5729201083552221,105166505,63.5615
CUS-002297,0,Stable Mid-Market,-0.9655773587240442,4.052751644896403,2302527,30.6025
CUS-002298,1,Enterprise Champions,4.63875278615304,0.14015708991310064,857785063,73.248
CUS-002299,3,Active Growth SMB,1.0951784979666974,0.10818023989981901,361811648,52.57900000000001
CUS-002300,2,Stable Mid-Market (Group 3),-1.7222445136864575,-1.414713293211409,1888744,21.2785
CUS-002301,2,Stable Mid-Market (Group 3),-0.9349821819305945,-0.2644941699228796,696633,40.1545
CUS-002302,2,Stable Mid-Market (Group 3),-1.3705607909099402,0.2144160493068099,4253796,21.547
CUS-002303,2,Stable Mid-Market (Group 3),-0.8809658256719558,0.05558924955220918,18262915,28.462
CUS-002304,2,Stable Mid-Market (Group 3),-0.6074999993267508,-0.49368407796806313,16981186,40.594
CUS-002305,2,Stable Mid-Market (Group 3),-0.777068340442695,-0.6914039730612634,20963223,36.82900000000001
CUS-002306,0,Stable Mid-Market,-0.1722657368814002,1.09808894771673,21875604,44.2725
CUS-002307,3,Active Growth SMB,-0.3023478613747484,0.19489507141667656,15712919,46.1735
CUS-002308,3,Active Growth SMB,-0.24432273526606232,0.23911426923825352,10284473,41.923
CUS-002309,3,Active Growth SMB,-0.24491373947025544,-0.04923414304129362,13896715,47.0895
CUS-002310,2,Stable Mid-Market (Group 3),-1.62473556307452,-1.722061816843738,1686518,22.257
CUS-002311,2,Stable Mid-Market (Group 3),-2.0753850119066692,-0.8799428093357643,4689824,4.164
CUS-002312,3,Active Growth SMB,0.6723463163221636,0.9436453806622118,247785182,40.1985
CUS-002313,0,Stable Mid-Market,-0.8832096126657679,1.0784438524702948,4313278,34.736000000000004
CUS-002314,1,Enterprise Champions,1.384514865439008,0.658922052537404,449657330,45.9515
CUS-002315,0,Stable Mid-Market,-0.4358922627107497,1.0035380863267582,11980471,47.178
CUS-002316,3,Active Growth SMB,-0.5010728503654914,-0.016286712261515176,22768785,44.74250000000001
CUS-002317,3,Active Growth SMB,0.3558378604175312,0.742562005994559,165690862,42.4755
CUS-002318,2,Stable Mid-Market (Group 3),-1.325985756515712,-1.2858870999021526,2448783,30.4045
CUS-002319,2,Stable Mid-Market (Group 3),-0.9230266053831362,-0.9092518015037244,5246146,38.8025
CUS-002320,0,Stable Mid-Market,-1.4981451280910207,1.3820180947859635,4721395,17.9225
CUS-002321,1,Enterprise Champions,1.7907224934466472,-0.2572106684964932,361183530,60.8035
CUS-002322,1,Enterprise Champions,3.1213566321290536,0.09380950486257394,841009133,49.8255
CUS-002323,2,Stable Mid-Market (Group 3),-0.9018416871001181,0.17604166378244618,8423133,26.5765
CUS-002324,1,Enterprise Champions,2.9559566684818277,-0.38855810092653476,992187746,53.103
CUS-002325,1,Enterprise Champions,1.0883532594957823,-0.07591678195549265,589168138,35.911500000000004
CUS-002326,2,Stable Mid-Market (Group 3),-1.3075389198738685,-1.4014141972121241,3155991,31.278
CUS-002327,1,Enterprise Champions,1.6421501164307728,-0.7067253076884724,721787002,46.958
CUS-002328,3,Active Growth SMB,0.24160542706839533,0.6599068462084273,108541269,39.5615
CUS-002329,0,Stable Mid-Market,-0.30024538155469044,0.8206113528870216,11274696,35.931
CUS-002330,0,Stable Mid-Market,-0.4855404400973748,2.4802870331800064,4076594,45.501
CUS-002331,2,Stable Mid-Market (Group 3),-0.9030521834785278,-0.6218578974261406,7005733,37.1785
CUS-002332,2,Stable Mid-Market (Group 3),-1.5079697582156995,-0.9535636790455033,10756539,19.37
CUS-002333,0,Stable Mid-Market,-1.0320158476429755,1.3340714184610267,1442310,31.482000000000003
CUS-002334,1,Enterprise Champions,5.039275876044182,-0.26173413101085236,771700252,88.6895
CUS-002335,0,Stable Mid-Market,-0.10326221841759572,1.8183745336563715,14253913,51.7765
CUS-002336,0,Stable Mid-Market,0.06508372046803351,1.425839613810287,15609844,49.410500000000006
CUS-002337,2,Stable Mid-Market (Group 3),-1.2554072575202715,-0.642640701735631,1104176,28.576
CUS-002338,2,Stable Mid-Market (Group 3),-0.9048748568018071,-1.1400080490095497,6859795,37.512
CUS-002339,2,Stable Mid-Market (Group 3),-0.9903974974955999,-0.60029048220569,13428842,33.363
CUS-002340,1,Enterprise Champions,1.8534824381045012,0.07356515566454108,446502210,55.909
CUS-002341,3,Active Growth SMB,0.7778495907771094,-0.031142113501762016,109606649,42.184
CUS-002342,3,Active Growth SMB,1.5252712913945816,1.2768498329691598,187578021,53.277
CUS-002343,2,Stable Mid-Market (Group 3),-1.194075120053728,-0.2485971366159365,3401936,30.533
CUS-002344,2,Stable Mid-Market (Group 3),-1.0596674478936778,-0.6526689334271841,17487746,26.4855
CUS-002345,2,Stable Mid-Market (Group 3),-1.7436901967563532,-1.47965641597538,348588,19.379
CUS-002346,1,Enterprise Champions,2.0728163097169077,0.18713845839974358,274263659,65.2055
CUS-002347,0,Stable Mid-Market,-1.180995766602262,0.2899239870758335,1681943,29.1675
CUS-002348,0,Stable Mid-Market,-2.01942192306234,2.466083882176836,2510243,0.0
CUS-002349,3,Active Growth SMB,1.5529862761066906,-0.030316168894421222,301823012,59.11
CUS-002350,1,Enterprise Champions,3.3878184446132975,-0.12459941753381538,702076879,69.0485
CUS-002351,1,Enterprise Champions,2.4383054805468,-0.7353685377851592,902141521,58.646
CUS-002352,2,Stable Mid-Market (Group 3),-1.0278302048204702,-0.46482820121834845,1035247,34.244
CUS-002353,3,Active Growth SMB,1.2118207398150331,-0.44993631199169715,367204647,54.016000000000005
CUS-002354,0,Stable Mid-Market,0.04134158088672595,1.495962178488786,12055310,45.192
CUS-002355,3,Active Growth SMB,-0.7215025049528514,-0.05713235545851195,7108310,40.7915
CUS-002356,2,Stable Mid-Market (Group 3),-1.5920450539664732,-1.1128162661041974,2683577,21.619
CUS-002357,2,Stable Mid-Market (Group 3),-0.730348742399348,-1.1052149308063577,17430373,43.60850000000001
CUS-002358,0,Stable Mid-Market,0.19318110624898807,1.5967940877764677,9999515,50.6145
CUS-002359,2,Stable Mid-Market (Group 3),-1.529882665790386,-0.7056197296935439,1323144,21.0965
CUS-002360,3,Active Growth SMB,0.4879316705038057,0.11744233920152206,166599754,50.071
CUS-002361,2,Stable Mid-Market (Group 3),-1.41015628715711,0.04246595438677503,849340,24.705
CUS-002362,1,Enterprise Champions,3.6092713896970436,-0.7500303499418873,968406817,78.0395
CUS-002363,2,Stable Mid-Market (Group 3),-0.9820038664180812,-0.19126212361411576,23646484,34.051500000000004
CUS-002364,2,Stable Mid-Market (Group 3),-0.8622177104322416,0.11294402100628066,3758497,36.3195
CUS-002365,3,Active Growth SMB,-0.5598726377606632,-0.11556519847931798,14491760,42.968
CUS-002366,2,Stable Mid-Market (Group 3),-0.6280189447905294,-0.9813914928085151,8489718,44.9735
CUS-002367,1,Enterprise Champions,2.3326125594235085,-0.8660865659862932,500709382,71.2245
CUS-002368,2,Stable Mid-Market (Group 3),-0.7300004217284249,-1.0222599362219709,20140379,45.284
CUS-002369,2,Stable Mid-Market (Group 3),-1.5358614614740864,-1.9843725291315002,20466456,24.191
CUS-002370,2,Stable Mid-Market (Group 3),-1.217977074252414,-2.3380270219703636,13437569,36.38549999999999
CUS-002371,2,Stable Mid-Market (Group 3),-1.45643088070704,-1.05983383126336,14351557,21.854
CUS-002372,2,Stable Mid-Market (Group 3),-1.316823881754333,0.03978152261752867,15997865,21.974000000000004
CUS-002373,3,Active Growth SMB,0.48182216305599546,0.5347694102130885,22351263,59.02
CUS-002374,3,Active Growth SMB,1.3865116710440384,1.1155014035153588,383497697,48.327
CUS-002375,2,Stable Mid-Market (Group 3),-1.4144985612938308,-0.9224368481982379,15236645,20.122
CUS-002376,3,Active Growth SMB,1.292583846744813,-0.7269741914959926,253267755,63.0995
CUS-002377,2,Stable Mid-Market (Group 3),-1.7068994457904112,-0.6647579580609062,3989307,17.413000000000004
CUS-002378,3,Active Growth SMB,0.41496564211042863,0.18647447350568425,7865866,60.684
CUS-002379,3,Active Growth SMB,1.569829137445251,1.561087010123727,256451240,53.4605
CUS-002380,3,Active Growth SMB,0.3002032539605354,0.7820247406524623,20707382,50.84750000000001
CUS-002381,0,Stable Mid-Market,-1.5360703663071211,1.9992599726755964,2324698,18.937
CUS-002382,1,Enterprise Champions,1.7447224340844487,-0.31139250805532387,725491348,46.89149999999999
CUS-002383,3,Active Growth SMB,1.123368617393394,0.74542797507619,283355171,44.1085
CUS-002384,1,Enterprise Champions,2.7528411045885703,0.3902351286079613,488467340,63.60549999999999
CUS-002385,1,Enterprise Champions,2.0936015530266503,-0.8884504156352392,694547576,53.413
CUS-002386,2,Stable Mid-Market (Group 3),-1.7687255468594556,-0.10508951556319882,1381188,13.9105
CUS-002387,2,Stable Mid-Market (Group 3),-1.1427939254752875,-0.541581635890238,2840014,34.848
CUS-002388,2,Stable Mid-Market (Group 3),-0.7018661008866118,-0.5913742966482759,34419212,36.63000000000001
CUS-002389,0,Stable Mid-Market,-1.676520439033219,1.8329873529101177,4957333,13.3105
CUS-002390,1,Enterprise Champions,2.5672611545891337,-0.9544777282619159,817935286,58.616
CUS-002391,0,Stable Mid-Market,0.1869972941560398,1.6184884572721023,19262170,44.583000000000006
CUS-002392,0,Stable Mid-Market,-0.36455887370919493,1.574840744872204,1217010,37.441
CUS-002393,0,Stable Mid-Market,-1.6702076330622535,1.0133146072570383,6056135,9.648
CUS-002394,3,Active Growth SMB,0.8330952099770813,-0.07127114188790763,255480004,47.235
CUS-002395,2,Stable Mid-Market (Group 3),-1.1944020316590194,-0.7802683396832768,6336656,28.967
CUS-002396,2,Stable Mid-Market (Group 3),-1.5229626501964024,-1.2859509930227588,1287933,23.727
CUS-002397,1,Enterprise Champions,4.40282474197471,0.15314112639799185,964394224,74.67399999999999
CUS-002398,1,Enterprise Champions,3.152568527497571,-0.2248625551745721,697106840,63.0145
CUS-002399,1,Enterprise Champions,2.3443057043094955,-0.32408419762584484,445444822,64.6505
CUS-002400,0,Stable Mid-Market,-0.9149771956429615,1.4820522405627268,9550526,28.7395
CUS-002401,3,Active Growth SMB,-0.08918508337399715,0.31500290658914065,5000887,52.093
CUS-002402,0,Stable Mid-Market,-1.9208711686325863,0.6268503598887398,662605,5.838499999999999
CUS-002403,2,Stable Mid-Market (Group 3),-1.436277163800255,-0.6337206451504801,1794013,24.246
CUS-002404,0,Stable Mid-Market,-1.0774421334577133,3.4511931636007285,811448,26.3295
CUS-002405,2,Stable Mid-Market (Group 3),-1.8857560729942655,-1.2858691184502355,2146688,12.342
CUS-002406,3,Active Growth SMB,1.3461489684159502,-0.53749700872596,186463366,66.15650000000001
CUS-002407,0,Stable Mid-Market,-1.149729088817801,0.999665417188439,4560455,20.0455
CUS-002408,0,Stable Mid-Market,-0.7942180803836519,0.6924348467609752,21000873,31.994
CUS-002409,2,Stable Mid-Market (Group 3),-1.0072894711032785,-0.3413493630341844,3594777,35.1315
CUS-002410,2,Stable Mid-Market (Group 3),-1.766595016206841,-1.9960455902945198,2366589,20.9775
CUS-002411,2,Stable Mid-Market (Group 3),-1.3898602109435076,0.08477625527739995,11023299,14.566
CUS-002412,0,Stable Mid-Market,-0.7850593341066079,2.211315468881041,3769572,27.725
CUS-002413,3,Active Growth SMB,-0.7246842152062718,0.27929034621945226,16741019,35.0395
CUS-002414,3,Active Growth SMB,-0.5096209229558375,0.4306891556412631,19832115,45.2495
CUS-002415,3,Active Growth SMB,-0.03687128770250681,-0.16386452769967266,22605269,52.028
CUS-002416,1,Enterprise Champions,4.307215334442086,-0.4158195461928984,557832819,86.986
CUS-002417,1,Enterprise Champions,3.546707004842028,-0.2582576722165843,818025192,67.426
CUS-002418,3,Active Growth SMB,-0.18470538619627058,0.06928768681576987,7072202,53.0245
CUS-002419,1,Enterprise Champions,3.1981292611453633,-0.281502517316158,808274261,65.189
CUS-002420,2,Stable Mid-Market (Group 3),-0.6583633889353505,-0.5953372872801583,4427230,44.99
CUS-002421,3,Active Growth SMB,-0.26655263197457024,-0.5687241284067223,104377976,47.0385
CUS-002422,1,Enterprise Champions,1.5398809066974115,-0.02070802142229429,450312583,54.9525
CUS-002423,2,Stable Mid-Market (Group 3),-1.0553988264756113,-0.014318374841553428,4339571,33.598
CUS-002424,3,Active Growth SMB,-0.08757686281474042,0.14576811751146845,35741501,42.0115
CUS-002425,2,Stable Mid-Market (Group 3),-1.7680450672112664,-1.1448057503463682,2538547,18.6875
CUS-002426,0,Stable Mid-Market,-0.8520076155688548,4.3750934747848165,1644255,33.1575
CUS-002427,1,Enterprise Champions,4.003072618369891,-0.3795473032882414,823197234,76.38999999999999
CUS-002428,0,Stable Mid-Market,-0.793822147544139,2.2862066865587365,5615004,31.031
CUS-002429,3,Active Growth SMB,0.0333369549700831,0.45676583527664966,22965328,45.9215
CUS-002430,0,Stable Mid-Market,-0.7254517245736758,2.271851543499886,617539,35.3455
CUS-002431,2,Stable Mid-Market (Group 3),-1.0047614757808174,-0.30897910274131307,2653612,35.13700000000001
CUS-002432,2,Stable Mid-Market (Group 3),-1.6096920617022747,-1.4552789774256085,2713145,22.942
CUS-002433,0,Stable Mid-Market,-0.41495085982085905,0.8393266080388206,2503208,38.7345
CUS-002434,0,Stable Mid-Market,-1.5208006897618136,0.5889286700758428,14331163,12.538999999999998
CUS-002435,3,Active Growth SMB,-0.3058016119055155,-0.7514151419961921,10887143,50.9395
CUS-002436,0,Stable Mid-Market,-1.0641561238916724,4.948789115716744,4433339,25.6665
CUS-002437,2,Stable Mid-Market (Group 3),-0.9949565031941077,-0.5799975652781205,6556954,31.8175
CUS-002438,2,Stable Mid-Market (Group 3),-1.1572447022296526,-1.6078932191936561,17639352,33.8995
CUS-002439,3,Active Growth SMB,-0.6502132175160491,-0.3199877637620856,8879458,43.7935
CUS-002440,2,Stable Mid-Market (Group 3),-0.8217391712754142,-0.8490754980032704,4660816,43.851
CUS-002441,0,Stable Mid-Market,-1.1420051085882221,2.553640086125826,4074549,18.186
CUS-002442,1,Enterprise Champions,3.427908549796607,-0.21696938723650985,895224748,59.8695
CUS-002443,1,Enterprise Champions,1.7159002789779594,0.2791284759692278,375337562,55.0685
CUS-002444,3,Active Growth SMB,-0.8055267190984589,0.17774990306921698,14478143,35.804
CUS-002445,3,Active Growth SMB,-0.3208849004153597,-0.34604707685765995,20463587,44.557
CUS-002446,0,Stable Mid-Market,-0.4568075991302902,1.0368370857695817,24540353,39.5325
CUS-002447,1,Enterprise Champions,3.347155941748726,-0.9202804602630341,774352647,71.228
CUS-002448,0,Stable Mid-Market,-0.9155383995398292,0.9765262105669473,3341994,34.229
CUS-002449,3,Active Growth SMB,-0.4001640587313056,-0.6896793029503021,12424825,47.841
CUS-002450,3,Active Growth SMB,-0.47514595239684004,0.2679207517746451,4011692,39.245
CUS-002451,3,Active Growth SMB,0.7166022803249291,0.42168272536011203,21641159,61.32300000000001
CUS-002452,2,Stable Mid-Market (Group 3),-1.4930869491457976,0.017542087800085808,4807387,18.888
CUS-002453,0,Stable Mid-Market,-0.2978718373200073,0.7839127718439919,12224055,40.344
CUS-002454,0,Stable Mid-Market,-1.405895673839116,1.9196974474993034,3126501,19.0085
CUS-002455,0,Stable Mid-Market,-0.611575408590278,1.1387400988975827,14184137,38.441500000000005
CUS-002456,3,Active Growth SMB,-0.37827512196327734,-0.320547132407133,14773326,46.0625
CUS-002457,0,Stable Mid-Market,-0.7915836319866083,1.8600003004398218,20018634,22.742500000000003
CUS-002458,1,Enterprise Champions,3.0465436960679235,-0.727240862584654,477983355,83.4485
CUS-002459,1,Enterprise Champions,3.135424772392962,-0.22731937023053003,891351724,53.6325
CUS-002460,2,Stable Mid-Market (Group 3),-0.7912619401033835,0.12108194193117373,7886498,32.289500000000004
CUS-002461,2,Stable Mid-Market (Group 3),-1.6150705910789367,-1.6565918561766675,3702558,21.675500000000003
CUS-002462,2,Stable Mid-Market (Group 3),-1.0373006313827413,-0.31627427482955917,20728654,33.14450000000001
CUS-002463,1,Enterprise Champions,4.3214660713087545,0.24134376585040887,747609679,73.03
CUS-002464,2,Stable Mid-Market (Group 3),-0.9009506649739766,-1.739223168378374,6824659,42.3625
CUS-002465,3,Active Growth SMB,1.2198825325884612,-0.4115260957204224,399208031,52.7685
CUS-002466,2,Stable Mid-Market (Group 3),-1.1767918760639329,-0.19137271818562002,3351339,32.93
CUS-002467,0,Stable Mid-Market,-1.6195556353489937,2.00953295185768,662413,10.9475
CUS-002468,3,Active Growth SMB,-0.8688108137381927,0.15204301294489528,17856371,38.684
CUS-002469,0,Stable Mid-Market,-0.9956377444482002,0.6083905914827648,12115655,31.3255
CUS-002470,3,Active Growth SMB,0.2782837904625568,0.22976079117182438,20512241,60.65899999999999
CUS-002471,2,Stable Mid-Market (Group 3),-1.295526817346064,-0.2144242157785783,6051609,26.363
CUS-002472,2,Stable Mid-Market (Group 3),-0.910782330426327,0.03073662820845401,4066040,37.5515
CUS-002473,0,Stable Mid-Market,-0.7762301342468129,1.261445093646637,3118591,29.188
CUS-002474,0,Stable Mid-Market,-0.24671173181695352,1.0441008971000247,3923998,43.597
CUS-002475,2,Stable Mid-Market (Group 3),-1.256313462427448,0.007456632978065271,5876857,25.5335
CUS-002476,1,Enterprise Champions,3.100916989719774,-0.459090863263702,756680795,67.659
CUS-002477,2,Stable Mid-Market (Group 3),-0.5674098934812469,-0.018052406509314396,106717695,32.259
CUS-002478,1,Enterprise Champions,4.162390828368977,-0.5256999700930645,935986502,85.64699999999999
CUS-002479,2,Stable Mid-Market (Group 3),-0.7217066981120407,0.09061050246834314,11978541,33.0475
CUS-002480,2,Stable Mid-Market (Group 3),-1.271503232876252,-1.3561482473294912,3228290,32.7215
CUS-002481,2,Stable Mid-Market (Group 3),-0.6585716243548897,-0.5059739649798134,21268931,42.649
CUS-002482,1,Enterprise Champions,4.693646399438769,-0.5570333251736385,952959541,86.0345
CUS-002483,1,Enterprise Champions,2.764986476454805,0.49444504717647714,562017562,57.814
CUS-002484,3,Active Growth SMB,0.9035801389412983,-0.20301839519874557,22671151,66.857
CUS-002485,3,Active Growth SMB,-0.6638674686990552,-0.3848088931001104,3664923,43.019
CUS-002486,3,Active Growth SMB,-0.37205333937064844,0.3914088912057388,10278919,43.4365
CUS-002487,2,Stable Mid-Market (Group 3),-1.267295077569116,-0.9994661077548331,3250939,31.037
CUS-002488,2,Stable Mid-Market (Group 3),-1.9185324058220106,-0.3046232772716692,4045521,13.081
CUS-002489,1,Enterprise Champions,2.510238934773446,-0.30984127657630506,492426661,64.0345
CUS-002490,3,Active Growth SMB,-0.6581014153843072,-0.014886822450902303,9618384,41.125
CUS-002491,2,Stable Mid-Market (Group 3),-1.340559867890606,-2.83142772223565,2176388,35.2905
CUS-002492,2,Stable Mid-Market (Group 3),-1.1894382132835042,-0.36412303888125447,13677657,23.793000000000003
CUS-002493,1,Enterprise Champions,4.5451453554286205,0.4731730218783259,925173298,74.0215
CUS-002494,3,Active Growth SMB,-0.722464841277074,0.31796643576509515,2998191,43.23649999999999
CUS-002495,3,Active Growth SMB,-0.6247982006159308,-0.2408011967498862,1141300,44.649
CUS-002496,2,Stable Mid-Market (Group 3),-0.9072510078544054,-1.49971808158988,21339597,39.67100000000001
CUS-002497,3,Active Growth SMB,-0.6816989207830978,0.16506311651372166,18040107,36.7725
CUS-002498,1,Enterprise Champions,1.50503391327145,-0.7370746438427954,746328033,42.963
CUS-002499,2,Stable Mid-Market (Group 3),-1.8596543165775685,-1.6562689462707687,3180010,15.682
CUS-002500,2,Stable Mid-Market (Group 3),-0.74581209174736,-0.8669875152175548,8727431,40.2805
CUS-002501,1,Enterprise Champions,3.180099174497149,-0.4922751277365076,723470159,72.3045
CUS-002502,0,Stable Mid-Market,-0.9747026603410092,1.0770041233592331,15786710,31.4535
CUS-002503,2,Stable Mid-Market (Group 3),-1.2823396557452897,-0.09751301140820971,2747032,22.299
CUS-002504,2,Stable Mid-Market (Group 3),-1.162517949160033,-1.7301099699912352,4338301,37.3215
CUS-002505,3,Active Growth SMB,1.2341404536081573,-0.09340894333606856,426412024,43.7445
CUS-002506,3,Active Growth SMB,0.8299173642768974,1.1902139713028994,386079943,44.669
CUS-002507,3,Active Growth SMB,-0.78773468712252,0.08768505679817999,1901429,40.9695
CUS-002508,3,Active Growth SMB,-0.9005986962631018,0.26463004049472116,379091,37.265
CUS-002509,3,Active Growth SMB,-0.8085148726842396,0.2112596252670036,3984310,36.2065
CUS-002510,3,Active Growth SMB,0.03874274749004664,0.8144015195584542,6802686,42.855
CUS-002511,3,Active Growth SMB,-0.42727803873132986,-0.8214120360925441,13644775,48.6145
CUS-002512,0,Stable Mid-Market,-0.4485236012089773,1.3823979028071869,22494181,38.1765
CUS-002513,1,Enterprise Champions,2.223646973755921,-0.19557481284406641,532609182,55.048
CUS-002514,3,Active Growth SMB,1.5174238064579704,0.27277449131642545,186704507,55.696
CUS-002515,3,Active Growth SMB,-0.37363136551968124,-0.251941717281113,46654281,42.82
CUS-002516,2,Stable Mid-Market (Group 3),-1.533493218114566,-1.0098507527517027,4152954,22.098
CUS-002517,1,Enterprise Champions,3.4947373301188773,-0.18649327702825597,804788606,66.6205
CUS-002518,1,Enterprise Champions,3.395910888557851,-0.9387987304568376,991671648,61.02199999999999
CUS-002519,2,Stable Mid-Market (Group 3),-0.9097076968381084,0.22348683688527832,15846755,33.781499999999994
CUS-002520,1,Enterprise Champions,4.342086081910189,-0.19558112227969784,969894248,67.754
CUS-002521,1,Enterprise Champions,3.8151555031012427,-0.1872822391084218,988393536,69.978
CUS-002522,0,Stable Mid-Market,-0.9694994906738995,0.867850475748898,16280545,26.497
CUS-002523,0,Stable Mid-Market,-0.8584998302527733,0.575730132828475,3592765,31.8315
CUS-002524,2,Stable Mid-Market (Group 3),-0.5556793721837587,-0.7156397023852331,22109539,43.909000000000006
CUS-002525,2,Stable Mid-Market (Group 3),-1.0145857365104032,-0.5447703466938613,1832753,38.560500000000005
CUS-002526,1,Enterprise Champions,3.1681266904172456,0.3623648341701017,241779564,77.456
CUS-002527,2,Stable Mid-Market (Group 3),-0.9232715682847279,-0.9125318027319939,2445038,40.5205
CUS-002528,0,Stable Mid-Market,-0.30431005309112014,3.1448092926951348,2975362,44.1315
CUS-002529,0,Stable Mid-Market,-1.0829599744246685,1.8182273994124822,4805779,26.527500000000003
CUS-002530,2,Stable Mid-Market (Group 3),-0.8210169191986272,-0.7135011129175765,6404464,41.63450000000001
CUS-002531,2,Stable Mid-Market (Group 3),-0.8306762215969328,0.0007794321785459092,18001472,31.306
CUS-002532,0,Stable Mid-Market,-0.6531996206581097,1.732527033273179,8629843,38.74399999999999
CUS-002533,0,Stable Mid-Market,-0.49691304113913437,1.2572376633094042,19367889,42.49
CUS-002534,3,Active Growth SMB,0.19508402879082212,0.4107129043147578,165483976,43.2985
CUS-002535,2,Stable Mid-Market (Group 3),-2.1417683818928945,-1.5773951400273132,3941895,9.121
CUS-002536,3,Active Growth SMB,-0.5436716407997706,0.18686069335737043,17780886,41.7225
CUS-002537,2,Stable Mid-Market (Group 3),-1.3076200763163446,-0.22251255449943977,1966241,27.3195
CUS-002538,0,Stable Mid-Market,0.0014786204798690559,1.2190048644413605,19004468,48.6085
CUS-002539,1,Enterprise Champions,2.129371086511471,-0.30356186322453405,666119786,57.7745
CUS-002540,2,Stable Mid-Market (Group 3),-1.2668077262404907,-2.364444062691119,10776255,35.634
CUS-002541,2,Stable Mid-Market (Group 3),-1.1626881778552907,-0.3403542153455925,13065769,29.1905
CUS-002542,2,Stable Mid-Market (Group 3),-1.3321700259846694,-1.2805779720733543,4075134,26.5535
CUS-002543,3,Active Growth SMB,0.6414309907357088,0.17236421537913657,10320457,62.188500000000005
CUS-002544,1,Enterprise Champions,1.6152349668346415,-0.44881966298218123,611628563,44.3955
CUS-002545,2,Stable Mid-Market (Group 3),-1.2889635422738976,0.019140409534675325,19846670,21.5285
CUS-002546,2,Stable Mid-Market (Group 3),-0.8473161810559606,0.13139701823906272,22814744,36.6755
CUS-002547,2,Stable Mid-Market (Group 3),-0.5486574908524314,-1.748797928656909,2104192,52.5945
CUS-002548,1,Enterprise Champions,2.4930564230991648,-0.12158719674300904,422459297,66.7075
CUS-002549,3,Active Growth SMB,-0.00610891064538169,-0.3304564139113785,7000143,53.982
CUS-002550,0,Stable Mid-Market,-0.7707325876250225,0.44050189916550186,14501089,33.0275
CUS-002551,0,Stable Mid-Market,-0.9985216759569823,1.4417882710349572,12294096,19.8235
CUS-002552,0,Stable Mid-Market,-0.675319159398602,0.3858070499780036,23441782,30.515
CUS-002553,3,Active Growth SMB,-0.5053948125996149,0.2506526128170287,6598884,40.7415
CUS-002554,2,Stable Mid-Market (Group 3),-1.0497342992279224,0.09973611823942394,2558999,33.477
CUS-002555,2,Stable Mid-Market (Group 3),-0.9937734300368674,-1.1530967862120187,20025325,36.2665
CUS-002556,3,Active Growth SMB,-0.037562528330892596,0.24098100040326814,12345847,52.2885
CUS-002557,1,Enterprise Champions,3.633326797273863,0.2390287439274261,798437111,61.0285
CUS-002558,3,Active Growth SMB,0.7327089902030894,-0.575704491541508,590776479,40.578500000000005
CUS-002559,2,Stable Mid-Market (Group 3),-1.216086537549925,-0.2956901092979077,16510651,28.277
CUS-002560,3,Active Growth SMB,0.6276981201084052,-0.6332973614232766,85476206,54.3435
CUS-002561,3,Active Growth SMB,-0.15761508863391313,0.06540670545081836,19045765,40.717000000000006
CUS-002562,3,Active Growth SMB,-0.016782722675585792,0.3628286296401036,21344075,51.5775
CUS-002563,2,Stable Mid-Market (Group 3),-0.9748920796355034,-1.299112275456939,1042782,41.091
CUS-002564,0,Stable Mid-Market,-1.1213159948055536,0.32898767980379134,6717848,27.936
CUS-002565,3,Active Growth SMB,-0.5359373741861114,0.42411702342734064,12245707,43.6865
CUS-002566,2,Stable Mid-Market (Group 3),-0.9480092382136039,-1.5627079682318552,9789540,41.0765
CUS-002567,1,Enterprise Champions,2.6595374045977698,-0.019329416395284443,792239949,46.8155
CUS-002568,3,Active Growth SMB,0.40070973455090186,-0.0545103770581438,46275971,49.1595
CUS-002569,3,Active Growth SMB,0.3422387277435211,-0.49476294186155134,17447963,59.533
CUS-002570,2,Stable Mid-Market (Group 3),-1.6078767500278115,0.30035596905540374,3672940,18.1475
CUS-002571,3,Active Growth SMB,0.2113429260484962,-0.6556021857723251,268351071,40.385000000000005
CUS-002572,0,Stable Mid-Market,-0.6567430649432703,0.4307365103878123,15944009,32.417500000000004
CUS-002573,2,Stable Mid-Market (Group 3),-0.9965556972170674,-1.233553005820332,3979662,39.451
CUS-002574,2,Stable Mid-Market (Group 3),-1.290842021684883,-1.5102414804663278,3322094,31.5945
CUS-002575,3,Active Growth SMB,-0.504889652747364,0.6426666315596675,11367657,40.941500000000005
CUS-002576,2,Stable Mid-Market (Group 3),-1.6070393702944823,-1.1016425825086078,6778570,20.2515
CUS-002577,2,Stable Mid-Market (Group 3),-1.0530430771855965,-1.9224419772760124,5191565,38.663
CUS-002578,0,Stable Mid-Market,-1.2900330974841256,0.6089212323872953,3536044,24.88
CUS-002579,1,Enterprise Champions,2.0125591049650136,-0.3926806619112594,502793754,64.706
CUS-002580,2,Stable Mid-Market (Group 3),-1.571253903491886,-0.3341083379819628,4025046,21.0835
CUS-002581,1,Enterprise Champions,3.198036359265361,-0.6353195394080985,808832643,65.53099999999999
CUS-002582,0,Stable Mid-Market,-0.7339459538812837,0.9163513560595105,3692779,39.55
CUS-002583,1,Enterprise Champions,4.264081340657071,-0.14492941655527564,903059188,66.87899999999999
CUS-002584,1,Enterprise Champions,1.7762519838613193,0.24957379831232074,472590196,52.2805
CUS-002585,3,Active Growth SMB,0.6539684563900604,0.6842396608050352,36872300,47.1755
CUS-002586,0,Stable Mid-Market,-0.3631475945995148,0.8365249959693347,6620238,38.5315
CUS-002587,2,Stable Mid-Market (Group 3),-0.7407787147581173,-0.5547396737659633,11769756,42.051
CUS-002588,3,Active Growth SMB,0.7717224777140755,-0.01896834974809785,368220777,46.731
CUS-002589,3,Active Growth SMB,-0.04777654816848471,0.8460813429769236,2927932,46.04
CUS-002590,3,Active Growth SMB,-0.2595874432338902,0.516601423215284,21795597,45.15950000000001
CUS-002591,2,Stable Mid-Market (Group 3),-1.2804234484724284,-1.0488659797630997,2954839,30.852500000000003
CUS-002592,2,Stable Mid-Market (Group 3),-1.2722763532815171,-0.19537129261310626,4796692,28.054
CUS-002593,0,Stable Mid-Market,-0.3222935654697322,1.3996262456707542,7251840,44.2325
CUS-002594,1,Enterprise Champions,2.390136698434254,-0.19012705974331745,566458502,60.2415
CUS-002595,3,Active Growth SMB,-0.6960879615433951,0.08716238034882731,5061423,37.577
CUS-002596,0,Stable Mid-Market,-0.8967636113427272,1.5505095248279224,4886448,30.9705
CUS-002597,1,Enterprise Champions,2.7289227632293,-0.047207627846304084,508965961,71.6615
CUS-002598,3,Active Growth SMB,-0.14428083655241053,0.17368004914593924,10331158,44.032
CUS-002599,2,Stable Mid-Market (Group 3),-2.0068432450102303,-1.1844315392366875,3021739,11.368000000000002
CUS-002600,0,Stable Mid-Market,-0.7104706823643723,0.7028778754948087,3210487,34.0025
CUS-002601,3,Active Growth SMB,-0.5320612978663803,0.1301740618647178,7373930,44.14
CUS-002602,3,Active Growth SMB,0.15444085928449863,0.0953670181941019,10854447,53.9905
CUS-002603,2,Stable Mid-Market (Group 3),-1.1517234541834798,-1.2739093394781142,9930156,35.46
CUS-002604,0,Stable Mid-Market,-1.0216631277966457,0.37943600783456854,4012024,31.9565
CUS-002605,1,Enterprise Champions,3.8433171932033017,-0.5026970876262522,995643871,66.743
CUS-002606,1,Enterprise Champions,2.781716348833326,-0.40201684886954064,821398586,62.0365
CUS-002607,2,Stable Mid-Market (Group 3),-1.0265443415846751,-0.7266592906806075,6228178,31.793
CUS-002608,1,Enterprise Champions,2.1700139808666727,0.06443250802490903,576471947,61.067
CUS-002609,3,Active Growth SMB,-0.5219905542061642,0.6005577829904202,2807392,39.847
CUS-002610,2,Stable Mid-Market (Group 3),-1.0659187520265396,-1.1900505945895512,8055380,35.138000000000005
CUS-002611,0,Stable Mid-Market,-0.825176170626311,0.6779613087043675,4003272,36.3665
CUS-002612,0,Stable Mid-Market,-1.7605881832958556,0.6634661067073854,1520124,12.851
CUS-002613,3,Active Growth SMB,-0.1964843907117624,0.10164640975562013,4670065,48.0255
CUS-002614,0,Stable Mid-Market,-2.055722522817669,0.7285288065985007,317820,4.360499999999999
CUS-002615,3,Active Growth SMB,0.5550273387578522,-0.45924701248891536,297084757,43.3755
CUS-002616,2,Stable Mid-Market (Group 3),-0.6472477840925867,-0.2715141986982258,21932894,38.827
CUS-002617,1,Enterprise Champions,2.8833561935591008,-0.4911918235566572,624673019,68.7345
CUS-002618,2,Stable Mid-Market (Group 3),-1.018949529922017,-0.4377348184630264,1836508,37.188
CUS-002619,2,Stable Mid-Market (Group 3),-1.774956268808906,-2.762266452329848,2263206,22.761000000000003
CUS-002620,3,Active Growth SMB,-0.9423027772383136,0.2250730974395776,859581,37.4155
CUS-002621,2,Stable Mid-Market (Group 3),-1.2174098532954334,0.19483179455820307,2890980,26.0255
CUS-002622,0,Stable Mid-Market,-0.6444003627460964,0.7745102630058867,838628,45.67
CUS-002623,3,Active Growth SMB,0.5418556922598909,0.939062745608823,274930669,35.015
CUS-002624,2,Stable Mid-Market (Group 3),-1.2327451840869559,-0.03909924319983995,2001419,27.7145
CUS-002625,0,Stable Mid-Market,-1.4116749596137006,0.6523040758182541,20392388,17.569000000000003
CUS-002626,0,Stable Mid-Market,-1.3664611892665441,0.941467570561262,11573713,18.1675
CUS-002627,3,Active Growth SMB,0.2785794311528564,1.2858197412265466,9791778,51.678
CUS-002628,3,Active Growth SMB,-0.49772600675061707,0.624547897138628,8673578,44.14
CUS-002629,0,Stable Mid-Market,-0.775655692522459,0.7789990398774019,17349789,36.566
CUS-002630,1,Enterprise Champions,4.279425265421454,-0.2617495913511771,958405956,74.9745
CUS-002631,1,Enterprise Champions,3.732290147507499,-0.6632567852613667,796586226,70.6745
CUS-002632,2,Stable Mid-Market (Group 3),-1.2498824532895088,-0.29904755573124936,10221260,26.735000000000003
CUS-002633,2,Stable Mid-Market (Group 3),-1.9437309216355838,-0.6306733817099833,4194258,12.243
CUS-002634,0,Stable Mid-Market,-1.285098203680362,0.5708954568623171,19163856,22.8685
CUS-002635,3,Active Growth SMB,-0.7485032611494165,0.13046839867367285,10223738,36.719
CUS-002636,3,Active Growth SMB,-0.28703315076122554,-1.2661002455288866,20016070,54.036
CUS-002637,2,Stable Mid-Market (Group 3),-1.0056538882055706,-0.41456572679968823,7719237,26.867
CUS-002638,3,Active Growth SMB,1.4351633691949537,0.6299505188095502,365454054,56.797
CUS-002639,3,Active Growth SMB,-0.6472179176270871,-0.14668807871096196,1468576,46.8685
CUS-002640,1,Enterprise Champions,2.3273547846746876,-0.6671466994417999,627994446,68.0035
CUS-002641,2,Stable Mid-Market (Group 3),-1.6795067582768246,-2.7774993223251268,4314891,25.388
CUS-002642,0,Stable Mid-Market,-1.3597691953554263,2.078265799999991,3684571,19.8025
CUS-002643,2,Stable Mid-Market (Group 3),-1.3474404931275648,-0.3907862486655823,23377515,23.570000000000004
CUS-002644,2,Stable Mid-Market (Group 3),-2.0020021592058597,-1.0494714967028556,2184897,11.148
CUS-002645,0,Stable Mid-Market,-1.2643341622472821,1.1372592735873515,14464864,21.585000000000004
CUS-002646,0,Stable Mid-Market,-0.4278393719307017,1.9073483047104145,1137176,39.3155
CUS-002647,3,Active Growth SMB,-0.3938516966930422,-0.00982164822785959,777172,49.06700000000001
CUS-002648,2,Stable Mid-Market (Group 3),-1.1752331128583178,-1.9651522257540885,2162740,36.66
CUS-002649,0,Stable Mid-Market,-0.9284718804532524,2.3527726658875743,18901952,32.348
CUS-002650,2,Stable Mid-Market (Group 3),-1.0243834484411647,-2.3238928949224444,4494927,42.3585
CUS-002651,2,Stable Mid-Market (Group 3),-1.5817850801243878,-0.18375528408232195,1764302,19.444
CUS-002652,3,Active Growth SMB,-0.16808740258746308,0.25339984939393084,23561753,47.892
CUS-002653,2,Stable Mid-Market (Group 3),-0.742254772429727,-0.2573644538887316,3596171,39.221
CUS-002654,0,Stable Mid-Market,-1.008069941879551,0.552458349633922,4406490,27.703
CUS-002655,3,Active Growth SMB,1.087048643751206,0.8770826925599654,23946449,65.8265
CUS-002656,0,Stable Mid-Market,-0.517669878099093,1.2564239527637413,3254450,42.8895
CUS-002657,3,Active Growth SMB,-0.6448257452712708,0.42973430053504214,15286940,37.834
CUS-002658,0,Stable Mid-Market,-0.34306357614705274,1.0770829441090695,21677214,39.6355
CUS-002659,1,Enterprise Champions,2.9437897278599596,0.2733767935702763,640764086,59.984
CUS-002660,1,Enterprise Champions,1.8849349873143322,-0.7091044777222514,675239806,53.7835
CUS-002661,0,Stable Mid-Market,-1.1445210951454765,1.01479843768325,4646204,24.533
CUS-002662,2,Stable Mid-Market (Group 3),-1.0681779230719382,-0.5175544136353507,5024963,33.9965
CUS-002663,0,Stable Mid-Market,-0.644188089550788,2.861754218237438,9350783,35.096000000000004
CUS-002664,3,Active Growth SMB,0.5507200903447477,-0.6366888788052201,255284786,46.8665
CUS-002665,2,Stable Mid-Market (Group 3),-0.8497588560257965,-0.06359487238670339,9894740,35.945
CUS-002666,2,Stable Mid-Market (Group 3),-2.0182962450367787,-0.7819260553523232,3859798,10.5425
CUS-002667,0,Stable Mid-Market,-1.0121530561984908,1.3680312711923244,4109596,26.8125
CUS-002668,3,Active Growth SMB,1.4616374449429885,0.3657570784427127,230395336,60.794
CUS-002669,2,Stable Mid-Market (Group 3),-1.081157469027208,-0.09214097597542138,2517861,34.3375
CUS-002670,2,Stable Mid-Market (Group 3),-0.6726758332661584,-1.0168607544657302,19432122,42.5255
CUS-002671,2,Stable Mid-Market (Group 3),-1.2101467181728989,-0.2839867743243766,24578461,23.019500000000004
CUS-002672,2,Stable Mid-Market (Group 3),-1.017106460855493,-0.13093278060869107,19503167,32.02
CUS-002673,0,Stable Mid-Market,-0.8916691344611355,2.1973485857406425,16843946,27.923
CUS-002674,3,Active Growth SMB,0.22697216616144564,0.22719967911207545,16282124,55.864
CUS-002675,3,Active Growth SMB,-0.24617433524080193,0.8122319274766533,13646577,45.7745
CUS-002676,3,Active Growth SMB,-0.43689570673697387,-0.2751804874255068,8075723,46.579
CUS-002677,3,Active Growth SMB,0.5334973936798774,-0.21202014912998268,13248554,61.480500000000006
CUS-002678,0,Stable Mid-Market,-1.2189013194423253,1.354321875841802,3205003,24.365
CUS-002679,0,Stable Mid-Market,-1.4539029224659268,1.162938606100508,3623711,16.7975
CUS-002680,0,Stable Mid-Market,-0.874022425035564,1.960747649537196,5400414,18.946
CUS-002681,2,Stable Mid-Market (Group 3),-1.5259956287088834,-0.48649584325207246,1563231,20.2725
CUS-002682,0,Stable Mid-Market,-0.5798122717074692,1.344988081766438,4601293,34.148
CUS-002683,2,Stable Mid-Market (Group 3),0.407377647751784,-0.9956134277070486,611642079,31.784
CUS-002684,2,Stable Mid-Market (Group 3),-1.017482077364376,-0.13628467107030862,10585921,33.637
CUS-002685,3,Active Growth SMB,-0.8477558546857873,0.20914798555955152,4995147,36.248000000000005
CUS-002686,0,Stable Mid-Market,-0.6964334412372633,1.764915250685462,2077321,34.164
CUS-002687,1,Enterprise Champions,1.918577206108015,-0.7662191199916694,638002183,52.7545
CUS-002688,0,Stable Mid-Market,-0.034079457465492534,1.848561830536058,20614684,40.298
CUS-002689,1,Enterprise Champions,4.59213468982512,-0.15202116378921904,851618344,83.50450000000001
CUS-002690,2,Stable Mid-Market (Group 3),-1.6516377732314014,-0.6894031233825688,20468253,17.241
CUS-002691,2,Stable Mid-Market (Group 3),-0.8787784334204576,-0.4718890673684795,4787092,40.1305
CUS-002692,2,Stable Mid-Market (Group 3),-0.9373569662478614,-0.7693164098640727,6125708,37.7585
CUS-002693,3,Active Growth SMB,-0.5235538714871653,-0.22577362751514052,2964275,48.3835
CUS-002694,2,Stable Mid-Market (Group 3),-0.7495568488757974,-0.8720352359677292,1579046,42.968
CUS-002695,2,Stable Mid-Market (Group 3),-1.6394485325262491,-2.6827420652709795,1423178,26.4935
CUS-002696,1,Enterprise Champions,3.214792046031603,0.4428318246767391,905876915,66.0315
CUS-002697,2,Stable Mid-Market (Group 3),-1.6027823051975358,-1.4959097160944292,888901,23.387500000000003
CUS-002698,3,Active Growth SMB,0.805029998090616,0.026282489546923735,133072579,49.688
CUS-002699,3,Active Growth SMB,-0.5455314190124902,0.516199008996288,8486515,39.292
CUS-002700,2,Stable Mid-Market (Group 3),-1.3160471818531647,-0.7692753389190492,2368843,28.1205
CUS-002701,3,Active Growth SMB,-0.14016634598895403,0.15621508832656858,14608817,48.633
CUS-002702,3,Active Growth SMB,0.23791011667829925,-0.5919072660600474,24719358,60.635
CUS-002703,2,Stable Mid-Market (Group 3),-0.7561399193550937,-0.27304876789282456,19179191,33.997
CUS-002704,2,Stable Mid-Market (Group 3),-0.8620608080280845,-0.06130684397944961,3757480,40.38
CUS-002705,2,Stable Mid-Market (Group 3),-1.2529662683394602,-1.4621327840188199,3148111,33.572500000000005
CUS-002706,0,Stable Mid-Market,-0.9590471891304783,0.3345452774456139,15401526,29.487500000000004
CUS-002707,2,Stable Mid-Market (Group 3),-1.2632830397744195,0.302517209227078,3916026,24.2195
CUS-002708,1,Enterprise Champions,4.684106089225618,0.2563462007865514,997576222,66.715
CUS-002709,1,Enterprise Champions,2.384439227136065,-0.5142309022417549,681703823,56.965
CUS-002710,3,Active Growth SMB,-0.8324634934830217,0.23801502106248898,8117754,35.159
CUS-002711,2,Stable Mid-Market (Group 3),-1.4053397353453467,-2.2459845520022856,4223257,32.015
CUS-002712,1,Enterprise Champions,2.32464965504709,0.5962496945960849,517350612,54.841
CUS-002713,3,Active Growth SMB,0.8087526527141407,0.743005595491203,155102321,47.4195
CUS-002714,3,Active Growth SMB,1.7474297866759474,0.5031069226266652,137790648,67.596
CUS-002715,2,Stable Mid-Market (Group 3),-2.0414451213160225,0.16219174856266125,2293883,5.227
CUS-002716,3,Active Growth SMB,0.7950475602574527,-1.063286092388252,276177147,55.5
CUS-002717,3,Active Growth SMB,0.11398718992625904,0.7441455667549882,18712420,46.13400000000001
CUS-002718,0,Stable Mid-Market,-1.1908742930182874,0.7059887545555534,2201125,24.6715
CUS-002719,1,Enterprise Champions,2.448843162690543,-0.7162828224914402,578299437,67.22449999999999
CUS-002720,0,Stable Mid-Market,-0.9606050126176343,0.3784510253550844,4851419,29.8695
CUS-002721,0,Stable Mid-Market,-0.3851431045280149,1.7603651321104152,8087532,37.1665
CUS-002722,2,Stable Mid-Market (Group 3),-0.9869636497900675,-0.11039922330046233,1575960,37.1205
CUS-002723,0,Stable Mid-Market,-0.5804719247912665,0.9274952806738594,20948244,42.8015
CUS-002724,2,Stable Mid-Market (Group 3),-0.7157627190360175,-0.05137813136985278,3494053,35.71
CUS-002725,1,Enterprise Champions,1.9918259123783608,0.1479343263451358,624854569,53.496
CUS-002726,2,Stable Mid-Market (Group 3),-1.290740251912564,-1.03062487040898,1791763,31.279
CUS-002727,2,Stable Mid-Market (Group 3),-1.6870653088089738,-2.776301347507666,4628180,25.151
CUS-002728,1,Enterprise Champions,2.8361829594357553,-0.7444492148899277,666372295,64.364
CUS-002729,0,Stable Mid-Market,0.09045324534524614,1.9761793700469854,7100693,41.9155
CUS-002730,2,Stable Mid-Market (Group 3),-1.3901380158068006,-0.4169322691435725,2185372,21.021
CUS-002731,1,Enterprise Champions,1.5203402524993688,0.30609852519461755,645024059,47.59200000000001
CUS-002732,0,Stable Mid-Market,0.8187379077513286,2.532102806821473,15524987,64.14250000000001
CUS-002733,0,Stable Mid-Market,0.30451706293779834,1.6376336499469109,21632578,49.2765
CUS-002734,3,Active Growth SMB,-0.07054664935077629,0.9702850049381133,2512431,49.0235
CUS-002735,3,Active Growth SMB,1.561241407797701,-0.3134942611294037,319352247,63.7885
CUS-002736,2,Stable Mid-Market (Group 3),-0.5496577125650216,-0.41883693879106465,10467704,39.355500000000006
CUS-002737,1,Enterprise Champions,2.345131733764318,-0.33922006452278736,666100546,63.0025
CUS-002738,2,Stable Mid-Market (Group 3),-0.9011442281165324,-1.1916521573259569,18863869,41.099500000000006
CUS-002739,0,Stable Mid-Market,-0.5052174166738714,0.7755355101346181,3181469,39.36
CUS-002740,3,Active Growth SMB,-0.4323983850984483,0.4165549056845624,8936468,46.836
CUS-002741,3,Active Growth SMB,-0.07614381550399915,0.47929803985474945,184963747,31.5865
CUS-002742,2,Stable Mid-Market (Group 3),-1.6962662346971056,-0.42930339201443296,3321170,14.230500000000005
CUS-002743,3,Active Growth SMB,1.487403393432944,0.10643805753312403,303399086,62.2455
CUS-002744,2,Stable Mid-Market (Group 3),-1.5329014822309235,0.056256255616401483,4544597,18.724500000000003
CUS-002745,3,Active Growth SMB,-0.15128973256812325,-0.2526451272975399,3579483,50.6195
CUS-002746,0,Stable Mid-Market,-0.3016758207801132,1.2347124935654372,2242734,47.495000000000005
CUS-002747,1,Enterprise Champions,4.499451480178218,1.0593239924793663,855787069,68.1935
CUS-002748,1,Enterprise Champions,3.70144790988492,-0.33812261681413913,851739154,71.75699999999999
CUS-002749,3,Active Growth SMB,-0.37950905764867304,0.3925084776177097,7701569,47.2065
CUS-002750,3,Active Growth SMB,0.31049736873101735,0.4073705015001606,35624953,49.4685
CUS-002751,1,Enterprise Champions,2.1195878308616964,-0.18442078605635423,606445447,57.638000000000005
CUS-002752,0,Stable Mid-Market,-1.2286232634830205,1.2746028490166719,3900975,24.32
CUS-002753,0,Stable Mid-Market,-1.643231228039625,0.5391044751082885,662288,16.606499999999997
CUS-002754,1,Enterprise Champions,2.8229798683349876,-0.489398398160355,946531677,49.231
CUS-002755,0,Stable Mid-Market,-1.4333853060897743,1.957335835748868,1808941,20.083500000000004
CUS-002756,3,Active Growth SMB,-0.4275496613251761,-0.20457013479484004,3563384,50.976000000000006
CUS-002757,2,Stable Mid-Market (Group 3),-1.7931321986068003,-1.2094437327078686,3075898,17.499000000000002
CUS-002758,2,Stable Mid-Market (Group 3),-1.5668016807149352,-0.49645026037653645,22254868,17.9035
CUS-002759,0,Stable Mid-Market,-0.7969997412449292,0.996513986747763,16862018,32.151
CUS-002760,0,Stable Mid-Market,-1.1085164897975588,0.6186687555580181,13492263,24.004
CUS-002761,2,Stable Mid-Market (Group 3),-0.961061520703333,-1.476108234590627,8730334,40.443000000000005
CUS-002762,2,Stable Mid-Market (Group 3),-1.5588326410652287,-2.1211994333639757,4215465,27.097
CUS-002763,3,Active Growth SMB,0.6944330631405077,1.224844556351398,100212566,45.6795
CUS-002764,2,Stable Mid-Market (Group 3),-0.6872111178443348,-0.22026324223244384,13825696,36.9025
CUS-002765,3,Active Growth SMB,1.0424830420366804,-0.3765599644052208,293791303,53.077
CUS-002766,2,Stable Mid-Market (Group 3),-1.8809131273359723,-2.1386417163150595,2668107,18.086
CUS-002767,2,Stable Mid-Market (Group 3),-0.664034540996548,-0.9932090859419971,9264729,43.9815
CUS-002768,3,Active Growth SMB,0.12971566167866933,-0.430627410396298,6535032,58.4905
CUS-002769,0,Stable Mid-Market,-1.0704888196690832,3.4368729946945096,905258,26.559
CUS-002770,2,Stable Mid-Market (Group 3),-1.1951213015727418,-0.1917182990619722,1486146,27.338500000000003
CUS-002771,0,Stable Mid-Market,0.4544665299665368,0.29205571506452244,614978269,25.1655
CUS-002772,2,Stable Mid-Market (Group 3),-1.2288258837405022,-0.6068903182821292,2522768,30.828
CUS-002773,0,Stable Mid-Market,-1.5820417180131483,0.8759652388627038,2072762,15.7965
CUS-002774,1,Enterprise Champions,1.9123113395107412,0.1573706968012323,488444851,59.5735
CUS-002775,2,Stable Mid-Market (Group 3),-1.3952359518584718,-0.7923752750734,4587527,27.4255
CUS-002776,3,Active Growth SMB,-0.6260201271826921,0.5408099273167005,4369735,45.213
CUS-002777,3,Active Growth SMB,-0.5329374282374115,0.3164947640212036,5245702,37.2495
CUS-002778,0,Stable Mid-Market,-0.37697808125818255,0.8924065344523882,4499022,42.2445
CUS-002779,1,Enterprise Champions,2.231567585662547,0.08038632543333847,195586075,64.32549999999999
CUS-002780,1,Enterprise Champions,3.274895584213371,0.22686361961411952,722261570,66.75999999999999
CUS-002781,1,Enterprise Champions,3.888918426743653,0.10707505771996342,605643998,74.3725
CUS-002782,1,Enterprise Champions,1.7086304819763758,0.6053679868487604,250287572,59.65950000000001
CUS-002783,2,Stable Mid-Market (Group 3),-0.7634786093797575,-0.6829234787743513,14397367,36.729
CUS-002784,3,Active Growth SMB,-0.31523201819765134,-0.8323656834676542,24511865,50.338
CUS-002785,3,Active Growth SMB,1.0542095829212286,-0.5155467940793046,81611996,62.746
CUS-002786,0,Stable Mid-Market,-1.2472173339735435,0.753315298577043,2770073,17.3915
CUS-002787,3,Active Growth SMB,-0.2375669507132053,-0.2656228915808157,18247978,53.5645
CUS-002788,2,Stable Mid-Market (Group 3),-1.0369890879670256,-0.21625201459872434,24377664,29.485000000000003
CUS-002789,0,Stable Mid-Market,-0.7766826179014562,2.0424042185453803,881371,38.575
CUS-002790,3,Active Growth SMB,-0.26601728896306,-0.2825764520894943,17935934,43.8165
CUS-002791,2,Stable Mid-Market (Group 3),-2.1882566524598293,-1.3068075678426057,4230464,6.521500000000001
CUS-002792,3,Active Growth SMB,1.25941080034122,-0.26558726440651864,266143439,57.3645
CUS-002793,2,Stable Mid-Market (Group 3),-1.3005375369273915,-1.2194146059540845,2091113,30.919
CUS-002794,2,Stable Mid-Market (Group 3),-1.432702327230013,-0.6983926728919208,2799858,26.188
CUS-002795,0,Stable Mid-Market,-1.5223309328787944,0.8944142719048597,1330028,18.9185
CUS-002796,3,Active Growth SMB,-0.3300317732074507,0.4027878033118159,12916134,45.65700000000001
CUS-002797,2,Stable Mid-Market (Group 3),-0.9917828228754855,-0.08509549088269076,14491717,27.553500000000003
CUS-002798,3,Active Growth SMB,-0.15846781335273424,0.00910679771867803,20166092,49.853
CUS-002799,0,Stable Mid-Market,-1.1699163790334521,0.7694373302153646,18704509,22.598
CUS-002800,0,Stable Mid-Market,-0.8046816099737386,1.8293701476985285,575262,34.619
CUS-002801,0,Stable Mid-Market,-0.9265169192879484,0.864299722191021,1036371,34.4425
CUS-002802,3,Active Growth SMB,-0.22259216281401545,-1.1340116396130582,22690723,55.563
CUS-002803,1,Enterprise Champions,2.006839528924567,-0.5444304596221149,581561127,57.977
CUS-002804,0,Stable Mid-Market,-1.0721158280963738,0.2982667970850715,22593922,33.444
CUS-002805,3,Active Growth SMB,1.1114230942610117,-0.8786760587991687,472118877,51.469
CUS-002806,1,Enterprise Champions,1.9051457551875446,-0.22596480000974692,522957697,49.63850000000001
CUS-002807,2,Stable Mid-Market (Group 3),-1.1249424463747815,-0.11482367160998304,17093148,26.96
CUS-002808,0,Stable Mid-Market,-1.406365136099965,4.148775279294907,2747070,12.2755
CUS-002809,1,Enterprise Champions,2.4774694321532964,-1.151948029518667,938793855,56.2345
CUS-002810,3,Active Growth SMB,1.4822093109560643,-0.48970553804567674,40439664,70.28200000000001
CUS-002811,3,Active Growth SMB,-0.1706143979269566,-0.01893056016586155,144122016,30.3675
CUS-002812,2,Stable Mid-Market (Group 3),-0.9087668832349222,-1.0501134302691821,1452752,40.741
CUS-002813,0,Stable Mid-Market,-1.0136579707271978,0.3930423486195745,20473235,23.671
CUS-002814,0,Stable Mid-Market,0.23511702666255957,1.1120023006128252,256689547,35.0655
CUS-002815,1,Enterprise Champions,2.86890802927022,-0.6498744734218492,850075536,60.6495
CUS-002816,0,Stable Mid-Market,-0.9062817022162271,0.9053591835057955,17138347,30.94
CUS-002817,3,Active Growth SMB,-0.30019001078887203,-0.11168384952030914,11032831,47.196
CUS-002818,3,Active Growth SMB,-0.594172480529762,0.09682488407026392,3902873,45.105
CUS-002819,3,Active Growth SMB,-0.765034429924113,0.06812955434556414,3246130,35.86
CUS-002820,0,Stable Mid-Market,-0.15474219867689665,2.4528842866685436,553952,50.8745
CUS-002821,3,Active Growth SMB,-0.05987675135389277,0.761148099704167,20028397,46.632
CUS-002822,0,Stable Mid-Market,-0.5823515979675347,0.779149675342123,10051050,38.173
CUS-002823,1,Enterprise Champions,1.6293730676137945,-0.7826078109686718,440357519,55.0815
CUS-002824,2,Stable Mid-Market (Group 3),-1.5584557546543103,0.011517961552765773,1469345,18.361
CUS-002825,2,Stable Mid-Market (Group 3),-1.3410470110192794,-0.10625432113506941,1179063,27.094
CUS-002826,3,Active Growth SMB,-0.5472562260442875,-0.3687593020411431,4484221,43.2385
CUS-002827,3,Active Growth SMB,-0.44188461004071883,0.1912426936824449,18472357,45.718
CUS-002828,1,Enterprise Champions,4.088566848162399,0.3252375950830011,607491630,73.95599999999999
CUS-002829,0,Stable Mid-Market,-1.2509603787980004,0.36917748271376516,1800592,24.416
CUS-002830,2,Stable Mid-Market (Group 3),-1.0186105206105227,0.12863681075447045,4254609,35.337
CUS-002831,1,Enterprise Champions,2.56394020724834,-0.10601844912200183,448919012,63.7135
CUS-002832,3,Active Growth SMB,-0.6329083238981282,-0.2707934906766194,3435249,44.4065
CUS-002833,2,Stable Mid-Market (Group 3),-1.09145452408657,-0.028312319648605075,10817002,31.124
CUS-002834,2,Stable Mid-Market (Group 3),-1.3554093388478088,0.1662870058911363,4082799,24.51
CUS-002835,3,Active Growth SMB,0.19521526350122798,0.5650502777888822,16370216,47.349
CUS-002836,3,Active Growth SMB,-0.49835887452408173,0.35469305986631494,2618691,44.349500000000006
CUS-002837,2,Stable Mid-Market (Group 3),-0.7849131253842329,-1.0685375692921792,22860302,38.788500000000006
CUS-002838,1,Enterprise Champions,4.129361207274143,0.41030904718195166,568633010,77.94149999999999
CUS-002839,3,Active Growth SMB,-0.27779714028298785,-0.9005124101647313,14237183,51.6465
CUS-002840,1,Enterprise Champions,3.3293301813117964,0.012508075823965664,966523726,58.73250000000001
CUS-002841,2,Stable Mid-Market (Group 3),-2.0428821894812095,-1.7681771358869485,1651686,12.951
CUS-002842,2,Stable Mid-Market (Group 3),-1.2007093266225295,-0.3069031251032462,14682708,26.904000000000003
CUS-002843,0,Stable Mid-Market,-0.8013668523506806,3.5080806384109255,24095001,30.064000000000004
CUS-002844,1,Enterprise Champions,2.0185650504621915,-0.5226551426785974,602733975,54.016000000000005
CUS-002845,3,Active Growth SMB,1.3813519732476585,0.3745171238049208,384339316,47.9125
CUS-002846,2,Stable Mid-Market (Group 3),-0.8571373307907401,-0.69208817802925,15193301,35.779
CUS-002847,1,Enterprise Champions,3.196171238478275,0.22815851138632423,551696541,62.7925
CUS-002848,1,Enterprise Champions,2.5589567424041433,-0.13635373958538347,490645222,61.545
CUS-002849,0,Stable Mid-Market,-1.2877764991903253,0.7455273272840777,3023993,23.112
CUS-002850,2,Stable Mid-Market (Group 3),-0.6706906958678374,-1.728505730314838,14823854,50.17399999999999
CUS-002851,3,Active Growth SMB,-0.2588272392601174,0.754787125661284,8908945,43.208
CUS-002852,3,Active Growth SMB,-0.11083511074697995,-0.6799418357651047,10059729,51.716
CUS-002853,2,Stable Mid-Market (Group 3),-1.7356447120922944,-1.2440771508756712,1522980,19.931000000000004
CUS-002854,3,Active Growth SMB,-0.385717703682662,-0.7318726492396176,17287927,48.203500000000005
CUS-002855,2,Stable Mid-Market (Group 3),-0.7803648641959289,-0.1687893686755813,2325716,39.8935
CUS-002856,2,Stable Mid-Market (Group 3),-1.0010560486533955,0.028841673922761737,4159745,32.7375
CUS-002857,0,Stable Mid-Market,-0.8198464846445078,0.479520673310701,11199629,32.9285
CUS-002858,2,Stable Mid-Market (Group 3),-0.9084915918427686,-0.42847948567090866,7440166,34.2395
CUS-002859,2,Stable Mid-Market (Group 3),-1.3240717800943897,-0.3648390021767476,1825979,26.3875
CUS-002860,0,Stable Mid-Market,-0.8040486597375661,0.6893078836904423,24881213,27.4405
CUS-002861,3,Active Growth SMB,0.17017036672482214,-0.2129278364989001,10038948,62.042
CUS-002862,2,Stable Mid-Market (Group 3),-1.5094060681441777,0.050104346785536526,11850726,14.6025
CUS-002863,2,Stable Mid-Market (Group 3),-1.2814148781290826,-1.2606042604602685,17913309,29.41
CUS-002864,1,Enterprise Champions,2.839095080732532,-0.48213452977764953,622978541,68.4265
CUS-002865,2,Stable Mid-Market (Group 3),-0.9794531499685759,-0.6495685824628997,15128851,32.9645
CUS-002866,1,Enterprise Champions,3.049463202117948,-0.7138904003643796,946920170,61.3415
CUS-002867,3,Active Growth SMB,-0.013574318544560288,0.3955680020430333,14372416,46.869
CUS-002868,3,Active Growth SMB,-0.2384874065269929,-0.21818107702147194,18792972,46.022000000000006
CUS-002869,2,Stable Mid-Market (Group 3),-1.4357380632958852,-0.6872554643497324,3880494,22.698500000000003
CUS-002870,1,Enterprise Champions,4.2283892548049336,-0.3872563355879249,868440347,80.5235
CUS-002871,2,Stable Mid-Market (Group 3),-1.0541019028073373,0.06067256618469315,9016852,28.569000000000003
CUS-002872,2,Stable Mid-Market (Group 3),-1.1731528323560587,-0.3019642289655428,10464535,27.913000000000004
CUS-002873,1,Enterprise Champions,1.5871258696603487,-0.3968109705771802,511147877,58.62049999999999
CUS-002874,1,Enterprise Champions,4.373099171347835,0.2787659582981353,829587041,79.979
CUS-002875,3,Active Growth SMB,0.9372597210488497,0.14779799799900298,296305422,49.584500000000006
CUS-002876,1,Enterprise Champions,3.346549595566094,-0.4224052600512473,921173777,65.3735
CUS-002877,3,Active Growth SMB,0.6643017750215691,-0.010558574449568942,20129443,57.41
CUS-002878,0,Stable Mid-Market,-0.5427509571102213,0.7703675106118107,13228854,44.876000000000005
CUS-002879,3,Active Growth SMB,-0.43205361487247895,-0.09353858553526379,7232365,39.4315
CUS-002880,1,Enterprise Champions,3.1707192444927017,-0.2077344020299098,812556658,56.11449999999999
CUS-002881,1,Enterprise Champions,2.3642025694970803,0.16075146091957324,420950879,56.736
CUS-002882,1,Enterprise Champions,2.5459944665586085,0.1994788726228354,475130937,60.8125
CUS-002883,2,Stable Mid-Market (Group 3),-1.2493683266965732,0.20165710747034185,6186586,27.2605
CUS-002884,3,Active Growth SMB,0.09554904695631791,0.8042417854944778,3233957,48.877
CUS-002885,2,Stable Mid-Market (Group 3),-0.7549601791710973,-0.30968609463362257,21259939,37.059
CUS-002886,1,Enterprise Champions,5.367776050376306,-0.11809177530506167,875213862,82.51899999999999
CUS-002887,1,Enterprise Champions,4.549042866336494,0.2389889198595257,989756309,70.815
CUS-002888,2,Stable Mid-Market (Group 3),-1.8006585175356173,-2.7581654999723333,1761848,22.0505
CUS-002889,1,Enterprise Champions,3.866565667755843,-0.05467764196418552,671062369,78.0575
CUS-002890,1,Enterprise Champions,1.6243285239874627,-0.31909330868366975,629649682,46.594
CUS-002891,3,Active Growth SMB,0.8122126711350044,-0.414258695218049,316397691,49.629000000000005
CUS-002892,0,Stable Mid-Market,-0.8557167581166109,3.619765765770922,1375799,29.57
CUS-002893,2,Stable Mid-Market (Group 3),-0.7922446662395164,-0.21972060288883763,5007317,39.609
CUS-002894,3,Active Growth SMB,0.5280583850962566,0.34666854482888054,19070115,52.19499999999999
CUS-002895,0,Stable Mid-Market,-1.3031933020028794,0.510210115271139,3498755,26.161
CUS-002896,3,Active Growth SMB,0.34040184141799396,-0.1395037288246965,179805293,42.304
CUS-002897,2,Stable Mid-Market (Group 3),-0.9852188549085501,-1.5189336268013076,4678362,39.117
CUS-002898,1,Enterprise Champions,1.2983066522624633,-1.1453605806959448,687791819,42.126
CUS-002899,3,Active Growth SMB,-0.08051355760857105,0.9610926714328714,10568911,49.8035
CUS-002900,3,Active Growth SMB,-0.780466848574824,0.2482844068245772,5839838,37.9275
CUS-002901,0,Stable Mid-Market,-1.112400642184479,1.480249798110766,13138866,24.6485
CUS-002902,2,Stable Mid-Market (Group 3),-1.630505312203018,-0.46080126055899373,3359536,13.586000000000002
CUS-002903,1,Enterprise Champions,1.937267478180698,0.024239071386811032,145809974,65.675
CUS-002904,2,Stable Mid-Market (Group 3),-0.9893718374788301,-0.9197957337862298,2060012,38.699
CUS-002905,3,Active Growth SMB,-0.489459170326726,0.24381911918671734,13085048,38.449
CUS-002906,2,Stable Mid-Market (Group 3),-1.027556717689131,-0.9526571062338426,4678192,35.3355
CUS-002907,0,Stable Mid-Market,-1.2601199830094012,0.39533713373816404,4446948,23.887
CUS-002908,3,Active Growth SMB,1.1334042065287444,-0.17812098857749462,347406067,51.966
CUS-002909,0,Stable Mid-Market,0.18224844470766377,2.0611770673254077,4878606,51.634
CUS-002910,3,Active Growth SMB,0.5533646312181011,0.17781591126838922,19397782,67.4845
CUS-002911,2,Stable Mid-Market (Group 3),-1.4256262643084148,-1.793954018829744,4352153,29.608
CUS-002912,3,Active Growth SMB,0.7512838003726003,-1.237118013070576,217137799,58.691
CUS-002913,0,Stable Mid-Market,-0.17285976329155736,1.666626876315591,14378947,43.223
CUS-002914,2,Stable Mid-Market (Group 3),-1.655989221917236,-1.7315316670912189,3417554,22.5335
CUS-002915,0,Stable Mid-Market,-0.7547627188035797,0.49609678951232705,6827768,34.938
CUS-002916,2,Stable Mid-Market (Group 3),-0.3064532572382082,-0.3418160535864197,178100636,30.5775
CUS-002917,1,Enterprise Champions,3.5440437805212994,-0.24313198008016762,771900575,67.00300000000001
CUS-002918,2,Stable Mid-Market (Group 3),-0.6825647540666764,-2.936163987211044,630322,54.3555
CUS-002919,3,Active Growth SMB,1.2989279566495266,0.4744901584721082,157145694,57.176
CUS-002920,2,Stable Mid-Market (Group 3),-1.1462668724251586,-0.03756809833607629,2822277,30.0995
CUS-002921,0,Stable Mid-Market,-1.1396550370505836,1.3583766934827313,2176322,26.6555
CUS-002922,3,Active Growth SMB,1.1062768188715284,1.1988025948809593,355396195,40.0705
CUS-002923,1,Enterprise Champions,3.559471905985804,-0.41742821070166847,745943318,74.03750000000001
CUS-002924,3,Active Growth SMB,-0.21587875982097166,0.11037431749442675,15364381,51.441
CUS-002925,1,Enterprise Champions,1.986291374803611,-0.3265471369505063,447051885,57.023
CUS-002926,2,Stable Mid-Market (Group 3),-0.6149015574210053,-0.9302125213801936,13687647,44.7505
CUS-002927,2,Stable Mid-Market (Group 3),-0.7104247556454784,-1.2529229206418884,20387592,44.025000000000006
CUS-002928,2,Stable Mid-Market (Group 3),-0.9543001143117362,-1.240085603877626,13190203,37.5615
CUS-002929,3,Active Growth SMB,-0.5838301136833431,0.23352562381427902,10415827,44.4795
CUS-002930,3,Active Growth SMB,-0.04880464586033077,0.508262351202728,24134598,49.6305
CUS-002931,0,Stable Mid-Market,-0.925524967027597,0.9444736566403317,23131933,25.481
CUS-002932,3,Active Growth SMB,1.4413150132686239,0.09902767296838323,200002528,54.286
CUS-002933,2,Stable Mid-Market (Group 3),-0.9389715943742304,0.09431817255630574,20966596,30.902
CUS-002934,2,Stable Mid-Market (Group 3),-1.4564083683005569,-0.5095346718460602,941727,23.257
CUS-002935,2,Stable Mid-Market (Group 3),-0.9760632044934895,-0.5776719529062155,24089196,30.401999999999997
CUS-002936,3,Active Growth SMB,-0.05069681513014898,0.3247675335654177,22543263,43.4765
CUS-002937,0,Stable Mid-Market,-1.27844097147155,1.291244690188635,2959738,18.12
CUS-002938,3,Active Growth SMB,0.7436676595024263,-0.23297734164869852,234309449,54.9485
CUS-002939,1,Enterprise Champions,3.0901536123562017,-0.5780260263000625,827852960,66.73
CUS-002940,3,Active Growth SMB,1.2662973304202916,1.4567747283228552,23498718,55.7735
CUS-002941,0,Stable Mid-Market,-1.7357165850547738,1.870084977004483,493010,8.1485
CUS-002942,1,Enterprise Champions,4.248813118346141,-0.4606014153898664,778594214,85.17600000000002
CUS-002943,2,Stable Mid-Market (Group 3),-0.9988054701387828,-0.19582849309380376,961850,34.9775
CUS-002944,1,Enterprise Champions,3.3681926400178552,0.2238511119848834,528131325,74.28150000000001
CUS-002945,0,Stable Mid-Market,-0.12483741610150084,1.4232969807175533,23322817,45.31949999999999
CUS-002946,3,Active Growth SMB,-0.7132560825516642,-0.020440621770135448,15525763,37.0325
CUS-002947,3,Active Growth SMB,0.30864155438728,-0.05098904307998249,17866957,61.134
CUS-002948,2,Stable Mid-Market (Group 3),-1.2463299370175498,-1.6126530154782215,2408961,34.261
CUS-002949,2,Stable Mid-Market (Group 3),-1.579767842391854,-2.259902166735089,275332,27.107
CUS-002950,0,Stable Mid-Market,-1.1536663124644804,2.2209725026885017,713976,23.4005
CUS-002951,1,Enterprise Champions,2.2517803960772023,-0.14042146715552845,471258576,65.7485
CUS-002952,2,Stable Mid-Market (Group 3),-1.4696881287730934,-1.0065484467779109,463762,26.9275
CUS-002953,1,Enterprise Champions,2.5293136755974035,-0.015398998390211163,843344664,57.677
CUS-002954,2,Stable Mid-Market (Group 3),-1.7471030535895975,-1.5280720510165113,4980504,20.1415
CUS-002955,2,Stable Mid-Market (Group 3),-1.28373268119028,-0.622049354256867,4452852,29.209
CUS-002956,0,Stable Mid-Market,-0.542946262707194,1.5977465196328702,20510177,31.1525
CUS-002957,1,Enterprise Champions,5.272503719575211,0.14410879299582235,990873211,85.5725
CUS-002958,1,Enterprise Champions,3.4859922501393164,-0.061751403133067234,667639130,69.5535
CUS-002959,1,Enterprise Champions,1.7971303271674075,0.12733353605772957,336124105,58.2405
CUS-002960,0,Stable Mid-Market,-1.2724328352603418,1.1972977878638251,3919684,24.929
CUS-002961,2,Stable Mid-Market (Group 3),-1.9207723657235183,-2.0814936272231077,4663906,16.1635
CUS-002962,0,Stable Mid-Market,-1.1078361007568351,3.573671987117792,1965291,22.526
CUS-002963,1,Enterprise Champions,4.756359079834658,-0.19309280272024504,720473223,88.738
CUS-002964,2,Stable Mid-Market (Group 3),-0.7936538178831476,-0.6544368078025586,22309044,38.607
CUS-002965,1,Enterprise Champions,3.138545187964224,-0.7137890560821456,702544223,74.3625
CUS-002966,2,Stable Mid-Market (Group 3),-0.6995316862631327,-0.3147261032322084,16150288,38.9485
CUS-002967,0,Stable Mid-Market,-0.8087930458961485,2.5492446750316775,3148340,34.0305
CUS-002968,3,Active Growth SMB,-0.5865076797347765,0.0062443071932838864,12968307,37.2905
CUS-002969,2,Stable Mid-Market (Group 3),-1.6189056916583278,-1.2974196452349467,17526117,20.083
CUS-002970,3,Active Growth SMB,1.537401176182729,0.5232490756323662,137563923,58.0615
CUS-002971,0,Stable Mid-Market,-0.7911361744488135,0.47303480307134993,19110796,34.5745
CUS-002972,0,Stable Mid-Market,-0.32863747825720824,1.5692349496797402,24674420,33.6625
CUS-002973,1,Enterprise Champions,1.9711597132087562,-0.37599455066928655,329730355,60.1005
CUS-002974,2,Stable Mid-Market (Group 3),-1.623307459389866,-0.42774751269182654,1661854,19.1095
CUS-002975,3,Active Growth SMB,-0.5051763639480765,0.3383142516603625,14503935,42.251000000000005
CUS-002976,2,Stable Mid-Market (Group 3),-2.2470909798290912,-0.3056583846171434,3227990,2.8280000000000003
CUS-002977,2,Stable Mid-Market (Group 3),-0.8078705025625726,-0.10459611468679793,15686016,31.685
CUS-002978,0,Stable Mid-Market,-0.9723739100752324,0.9631655616244886,3650660,29.6585
CUS-002979,2,Stable Mid-Market (Group 3),-1.4642836751836972,-0.2060357095425955,1393955,22.866499999999995
CUS-002980,0,Stable Mid-Market,-0.9225949567058294,1.508598571380764,1058598,34.0795
CUS-002981,3,Active Growth SMB,-0.3604042244861934,0.06316083996432754,12401423,42.126000000000005
CUS-002982,1,Enterprise Champions,2.212677956634634,0.8284522914062222,443275417,58.657
CUS-002983,1,Enterprise Champions,3.482988648132072,-0.34040645894274674,996220839,59.182500000000005
CUS-002984,2,Stable Mid-Market (Group 3),-1.0550769458392548,-0.0201866790556456,7270679,33.4485
CUS-002985,1,Enterprise Champions,1.6289138789940962,-0.04547879986589854,622866077,50.415000000000006
CUS-002986,3,Active Growth SMB,1.4181946075757061,-1.0071361099799268,453263020,60.085
CUS-002987,1,Enterprise Champions,2.3381835292049766,-0.15812568396661533,739940515,55.0085
CUS-002988,3,Active Growth SMB,0.07849283177377632,0.1687308317316656,11145332,50.164
CUS-002989,1,Enterprise Champions,2.455437989600785,-0.40112123296346885,734777106,61.5445
CUS-002990,2,Stable Mid-Market (Group 3),-0.6748695724644882,-0.6126967429715973,22328829,40.8515
CUS-002991,0,Stable Mid-Market,-1.4218696109626472,0.5893493807313094,2495854,21.281
CUS-002992,0,Stable Mid-Market,-0.841270136896006,5.4942234722873815,4861336,30.7705
CUS-002993,3,Active Growth SMB,0.5453325584962794,0.2690188142439426,18409416,63.02
CUS-002994,0,Stable Mid-Market,-1.3119003533901599,1.7852590792556557,4162760,9.608
CUS-002995,3,Active Growth SMB,-0.2313953320116954,-0.1340054884534725,20252165,50.8335
CUS-002996,3,Active Growth SMB,0.26552131606821894,0.6997850388344534,15111439,49.5345
CUS-002997,0,Stable Mid-Market,-0.5999589282750464,0.6912365862227163,14437408,43.4545
CUS-002998,1,Enterprise Champions,2.6730055911104804,-0.10845196545437462,245758297,72.2695
CUS-002999,2,Stable Mid-Market (Group 3),-1.0356252668227828,-0.8259999424666309,2198795,35.468
CUS-003000,1,Enterprise Champions,3.9518492158247955,0.08414365226253732,930101609,70.6675
CUS-003001,2,Stable Mid-Market (Group 3),-1.4744258719058643,-0.5870067856337721,1304114,25.6385
CUS-003002,2,Stable Mid-Market (Group 3),-0.36043054296680593,-1.0935470468083577,24965044,48.556
CUS-003003,3,Active Growth SMB,0.32085750688003883,0.3930296881778804,86656254,46.7655
CUS-003004,2,Stable Mid-Market (Group 3),-1.5579432109976277,-1.8492036159589822,3168722,26.848500000000005
CUS-003005,1,Enterprise Champions,2.7617121376903357,0.2614006097096317,589581685,61.947500000000005
CUS-003006,3,Active Growth SMB,-0.3137218383111897,0.5262675509525927,3266996,48.7135
CUS-003007,3,Active Growth SMB,-0.23362027964626536,0.26996716722889935,13962962,41.7615
CUS-003008,1,Enterprise Champions,2.286773474248404,-0.6215935886930767,581885281,60.419
CUS-003009,1,Enterprise Champions,2.8083247611789326,-0.2706441357177999,804033346,64.081
CUS-003010,2,Stable Mid-Market (Group 3),-1.7822790422240142,-1.235589804567587,4258030,16.621000000000002
CUS-003011,3,Active Growth SMB,-0.16167477608477976,-1.0079427903562075,13438922,57.8625
CUS-003012,2,Stable Mid-Market (Group 3),-1.5577647518229283,-0.3646153853431512,2576139,21.646500000000003
CUS-003013,2,Stable Mid-Market (Group 3),-1.294323721545731,-0.7923027353892852,2425171,28.027
CUS-003014,0,Stable Mid-Market,-0.4864081964464853,1.0821864298681416,10171326,44.0135
CUS-003015,3,Active Growth SMB,0.4941593826188479,0.7379880308186194,92353178,46.73
CUS-003016,2,Stable Mid-Market (Group 3),-1.1661582954468774,-2.306196286245377,2646080,38.836
CUS-003017,2,Stable Mid-Market (Group 3),-1.3331281668602188,-1.7381830934291065,4391437,31.2035
CUS-003018,1,Enterprise Champions,3.722685850620933,-0.11019236384426151,730695135,73.7295
CUS-003019,3,Active Growth SMB,-0.6722326892872458,0.23585081803140556,19650330,35.3715
CUS-003020,1,Enterprise Champions,3.179566785452325,-0.27155051107276973,759643839,61.6735
CUS-003021,2,Stable Mid-Market (Group 3),-0.8977520260278138,-0.530921527855947,12773263,37.469
CUS-003022,2,Stable Mid-Market (Group 3),-1.310466012425219,-1.7880022399446982,4992827,33.648
CUS-003023,3,Active Growth SMB,0.7640506284241805,-0.6640307170358956,18264892,68.2635
CUS-003024,0,Stable Mid-Market,-0.2311248713954029,1.7416644311072225,4299593,41.807
CUS-003025,2,Stable Mid-Market (Group 3),-0.7120686608405338,-0.35122356388910375,3557050,38.593
CUS-003026,1,Enterprise Champions,4.192473869169613,0.15318000947196633,946214951,66.93350000000001
CUS-003027,3,Active Growth SMB,1.2881702140756481,-0.34547092891554265,300647399,57.9645
CUS-003028,2,Stable Mid-Market (Group 3),-1.647429101053083,-0.042964519652814524,1640968,17.113500000000002
CUS-003029,3,Active Growth SMB,-0.5418489263387491,0.11497192396458936,4160036,41.7995
CUS-003030,2,Stable Mid-Market (Group 3),-1.1254637368770732,0.1092464021680206,18274219,26.895
CUS-003031,0,Stable Mid-Market,-0.9182614405243263,1.8607169796721255,4642327,23.7215
CUS-003032,1,Enterprise Champions,3.2609235006799024,-0.7414941837816597,870701596,70.283
CUS-003033,1,Enterprise Champions,4.2953332381086184,-0.5677304434352346,970210786,76.7325
CUS-003034,2,Stable Mid-Market (Group 3),-0.17180653835678325,-0.7733452905604209,200804511,39.9375
CUS-003035,2,Stable Mid-Market (Group 3),-1.2411370587840957,-0.8476011968593349,2847791,28.203000000000003
CUS-003036,2,Stable Mid-Market (Group 3),-1.0604234010131748,0.02245579558643852,4051815,32.219
CUS-003037,2,Stable Mid-Market (Group 3),-0.919626384421418,-0.8202212476654774,24388951,35.7695
CUS-003038,1,Enterprise Champions,3.5481100205745646,-0.2179558755818651,942651973,61.1175
CUS-003039,3,Active Growth SMB,0.7969878654366973,-0.28487975247011155,537287910,37.3695
CUS-003040,2,Stable Mid-Market (Group 3),-1.4597987055891006,-0.6662300407361735,16969935,20.311
CUS-003041,2,Stable Mid-Market (Group 3),-1.1247502102514992,-0.6278996629055796,12015016,28.134
CUS-003042,2,Stable Mid-Market (Group 3),-1.2062096587798596,-0.8532878396347819,1928489,32.346000000000004
CUS-003043,2,Stable Mid-Market (Group 3),-1.6819676698995962,-1.4542529833292528,2470824,21.951
CUS-003044,3,Active Growth SMB,-0.5891951629712722,-0.15785883851116153,2922518,47.3625
CUS-003045,3,Active Growth SMB,-0.42237351407707,-1.2481440655558513,4281001,55.051
CUS-003046,2,Stable Mid-Market (Group 3),-1.407298542730786,-1.6831168115934259,2371869,29.913000000000004
CUS-003047,0,Stable Mid-Market,-1.0909622706650282,0.6688674509953785,17316725,20.032
CUS-003048,3,Active Growth SMB,0.05309817880516215,0.46508354327827983,18704523,49.1935
CUS-003049,2,Stable Mid-Market (Group 3),-1.1093903393381621,-0.3343819265235081,2449081,32.293
CUS-003050,1,Enterprise Champions,1.7660630826325385,0.13671115068858247,503213609,52.6615
CUS-003051,3,Active Growth SMB,-0.6770778077740276,0.23690306982579667,1095506,39.959
CUS-003052,1,Enterprise Champions,3.2487103311825414,0.1513952809737714,374599702,76.408
CUS-003053,2,Stable Mid-Market (Group 3),-1.2441761518203283,-0.11802930200194744,5890945,22.2615
CUS-003054,0,Stable Mid-Market,-0.49489152394405334,0.7979236912921693,576082,43.9865
CUS-003055,2,Stable Mid-Market (Group 3),-0.5631338927183164,-0.888668122841308,7210311,42.5555
CUS-003056,2,Stable Mid-Market (Group 3),-0.9054756931511192,0.20768423770427671,20210767,28.9855
CUS-003057,2,Stable Mid-Market (Group 3),-0.705914218387693,-1.603749169285183,22071769,44.293
CUS-003058,1,Enterprise Champions,2.2869474993772103,-0.7185850338007763,586594406,65.8115
CUS-003059,1,Enterprise Champions,4.421645237785849,-0.029623133802241578,846350869,73.977
CUS-003060,1,Enterprise Champions,3.706912453578661,-0.44704304570463305,906170549,67.6715
CUS-003061,3,Active Growth SMB,-0.4829837429584201,-0.011133614664993779,13956472,43.522000000000006
CUS-003062,3,Active Growth SMB,-0.3954880985350835,0.0067777621132298245,2858687,45.431
CUS-003063,1,Enterprise Champions,3.1532941651869075,-0.00946079644796445,784826189,67.71300000000001
CUS-003064,0,Stable Mid-Market,-0.6800139811618847,0.6740316020996256,1775430,40.6145
CUS-003065,2,Stable Mid-Market (Group 3),-0.7422261707287338,-0.18957347075392517,19965125,38.9295
CUS-003066,2,Stable Mid-Market (Group 3),-1.742696482415727,-1.2642098949521157,8752258,15.8435
CUS-003067,3,Active Growth SMB,-0.09864146286853083,-0.544841708436356,5102509,53.0755
CUS-003068,3,Active Growth SMB,-0.510311333731105,-0.35632018696747536,37327025,38.357
CUS-003069,2,Stable Mid-Market (Group 3),-1.5625422762587127,-0.7290348180151625,906879,21.904000000000003
CUS-003070,0,Stable Mid-Market,-0.4932860889374969,2.3548167620957963,23779223,30.012
CUS-003071,1,Enterprise Champions,3.0808764515561733,-0.32315420525737726,953890166,59.821000000000005
CUS-003072,0,Stable Mid-Market,-1.246903344748494,0.39512860352428386,3841753,24.297
CUS-003073,2,Stable Mid-Market (Group 3),-1.4176197506579582,-1.4967733841620834,4936009,28.3815
CUS-003074,2,Stable Mid-Market (Group 3),-1.1743307903339357,-0.07071701349978272,835115,32.836
CUS-003075,2,Stable Mid-Market (Group 3),-1.130811554816879,-2.6414551608603873,2200588,40.749
CUS-003076,0,Stable Mid-Market,-1.2253788823595622,1.5050838789013556,1172093,28.957
CUS-003077,2,Stable Mid-Market (Group 3),-0.8328373605756159,-1.056353228902692,14847387,39.2545
CUS-003078,0,Stable Mid-Market,-0.7137378313676509,1.5518601609270513,11554293,39.23
CUS-003079,3,Active Growth SMB,-0.10215085498670327,0.9463351473796621,2696006,51.2585
CUS-003080,1,Enterprise Champions,1.6546811955116798,-0.2962583921040584,525863874,58.5185
CUS-003081,1,Enterprise Champions,1.5932694602074584,0.6306786315629794,480318121,51.388
CUS-003082,3,Active Growth SMB,1.1869932801788081,0.6562909144451378,22510586,57.6735
CUS-003083,2,Stable Mid-Market (Group 3),-0.6917953477319122,-0.3573142074510873,11786971,40.632000000000005
CUS-003084,0,Stable Mid-Market,-1.402051163781586,0.8912778767105998,2123859,22.2895
CUS-003085,2,Stable Mid-Market (Group 3),-1.3288805154142505,-1.3691136016112262,2856444,30.012
CUS-003086,2,Stable Mid-Market (Group 3),-0.4832869421286152,-1.0080511415364477,14201117,47.353
CUS-003087,3,Active Growth SMB,1.4944904073338772,-0.760633291114983,363783057,59.77600000000001
CUS-003088,3,Active Growth SMB,-0.3671283032893382,-0.6893162988156183,21682126,47.346
CUS-003089,0,Stable Mid-Market,-1.0324913550994035,1.1911580496922374,4814826,23.827
CUS-003090,2,Stable Mid-Market (Group 3),-1.184662661199296,0.15849304638676348,1692367,31.887500000000003
CUS-003091,0,Stable Mid-Market,-1.5078364263563226,2.4289808311712786,807348,16.789
CUS-003092,2,Stable Mid-Market (Group 3),-1.8642669092595199,-1.1229979199615794,2884402,13.962
CUS-003093,2,Stable Mid-Market (Group 3),-1.5991567328137808,-0.9458309468280166,2705784,21.4995
CUS-003094,0,Stable Mid-Market,-0.8440741961177272,2.5735143964299225,2713803,37.337500000000006
CUS-003095,3,Active Growth SMB,0.34404353511063374,0.23162324319780156,19677967,57.663
CUS-003096,1,Enterprise Champions,2.786989386469675,-0.03863029402465664,764854358,58.507000000000005
CUS-003097,2,Stable Mid-Market (Group 3),0.06476620444835368,-1.212080321859109,366894254,39.648
CUS-003098,3,Active Growth SMB,-0.04154022833466918,0.1613588936733341,13804207,50.218
CUS-003099,3,Active Growth SMB,1.3811038416081283,0.5981714352034192,421750422,50.839
CUS-003100,1,Enterprise Champions,3.293370107845533,-0.5044941299278738,698662779,68.07
CUS-003101,2,Stable Mid-Market (Group 3),-1.420671336722907,-0.059656069614188977,902353,22.5555
CUS-003102,1,Enterprise Champions,4.317384034525866,-0.2902191175414039,773572319,82.9635
CUS-003103,2,Stable Mid-Market (Group 3),-1.9337506038332926,-0.4560719810930701,3011938,13.0485
CUS-003104,2,Stable Mid-Market (Group 3),-1.0831173424139822,-0.7263209763912498,3026080,37.018
CUS-003105,2,Stable Mid-Market (Group 3),-1.494029461723721,-0.7605329172180983,4490486,19.806500000000003
CUS-003106,3,Active Growth SMB,-0.3589750888212263,-0.07804048044751606,22833840,45.7165
CUS-003107,2,Stable Mid-Market (Group 3),-1.1041248776778005,-1.299122180507402,16956255,34.623000000000005
CUS-003108,3,Active Growth SMB,0.17476552626048006,0.7637239793426677,20698855,53.0985
CUS-003109,1,Enterprise Champions,2.5368141012400107,-0.5000736268336906,642023950,59.6285
CUS-003110,2,Stable Mid-Market (Group 3),-1.9506591911121638,-1.1401929571222886,1375499,11.681
CUS-003111,3,Active Growth SMB,-0.38067461358845983,0.5824265291477282,6682517,49.113
CUS-003112,3,Active Growth SMB,1.2839097682753986,0.10676493882135589,145092706,55.455
CUS-003113,2,Stable Mid-Market (Group 3),-1.2452856331137705,-0.5521568865477724,4603990,30.048500000000004
CUS-003114,3,Active Growth SMB,-0.7103637165697838,0.07948837789531131,19870916,34.0655
CUS-003115,0,Stable Mid-Market,-0.23842472379029564,0.8953009354740397,10761043,41.3675
CUS-003116,2,Stable Mid-Market (Group 3),-1.3363537373757126,-1.444964192405576,19976462,28.51
CUS-003117,1,Enterprise Champions,3.2014117317334247,0.15214646075176314,701197196,67.241
CUS-003118,2,Stable Mid-Market (Group 3),-1.5012433091754283,-1.4155489426768004,2656159,24.265500000000003
CUS-003119,1,Enterprise Champions,3.475572928295876,-0.2663454831711297,675590196,79.362
CUS-003120,1,Enterprise Champions,3.2457121660781083,0.04357367448039966,675813276,67.24449999999999
CUS-003121,1,Enterprise Champions,1.922169887346749,-0.020627247842974837,94398279,66.2125
CUS-003122,0,Stable Mid-Market,-0.6217690833820682,0.8448313795615162,22031206,36.0115
CUS-003123,3,Active Growth SMB,-0.5035555303529767,0.03808090888091151,12387214,42.7795
CUS-003124,0,Stable Mid-Market,-0.44680447973949594,1.1340352065729629,21642630,34.887
CUS-003125,1,Enterprise Champions,2.697404782668279,0.017485123764306058,815447704,51.1435
CUS-003126,3,Active Growth SMB,0.9185262987203877,-0.3148945471917364,478217086,44.5795
CUS-003127,3,Active Growth SMB,-0.5229769490100175,0.20047085484735686,22972031,43.1225
CUS-003128,1,Enterprise Champions,1.674972903929338,-0.13461061470657065,410666400,55.0055
CUS-003129,3,Active Growth SMB,-0.05052940083522311,-0.09114984025688908,17568200,48.268
CUS-003130,0,Stable Mid-Market,-1.105637786285868,2.192057576998942,1782047,22.822
CUS-003131,2,Stable Mid-Market (Group 3),-0.9989893500919764,-0.3294124127766052,24288578,31.117000000000004
CUS-003132,0,Stable Mid-Market,-1.8098053190528496,1.5201565842148361,2347981,7.1355
CUS-003133,1,Enterprise Champions,1.6468106602089463,-0.3108232670600351,663870783,42.082
CUS-003134,1,Enterprise Champions,2.995777509859716,-0.8408885407974616,742666884,71.09
CUS-003135,2,Stable Mid-Market (Group 3),-1.2951036995956227,-1.509248836419037,4953249,31.371
CUS-003136,2,Stable Mid-Market (Group 3),-0.8799398356018617,-1.4358494677746303,2121842,45.297
CUS-003137,2,Stable Mid-Market (Group 3),-1.3566484320708998,-1.190328901233224,1062671,28.657
CUS-003138,1,Enterprise Champions,2.015993577823032,-0.2813878148089989,756760162,47.906000000000006
CUS-003139,2,Stable Mid-Market (Group 3),-1.0171918069356414,-0.0950640066801773,4801449,32.7635
CUS-003140,3,Active Growth SMB,0.16116198602676518,-0.22797767933069407,10404884,54.6115
CUS-003141,3,Active Growth SMB,0.27066731870941724,0.7839744938415356,16202606,54.489
CUS-003142,1,Enterprise Champions,4.163645555182837,-0.5257475024584325,910727651,75.28450000000001
CUS-003143,0,Stable Mid-Market,-0.39737018252403,1.3052343773109096,3397205,41.158
CUS-003144,1,Enterprise Champions,3.1544338516319397,0.02384889928482209,365922184,69.887
CUS-003145,2,Stable Mid-Market (Group 3),-0.5666841952040332,-0.864231716463447,2974980,50.41
CUS-003146,0,Stable Mid-Market,-1.1856160691677775,1.0252315433095553,6554901,23.2155
CUS-003147,2,Stable Mid-Market (Group 3),-1.7838852714967692,-0.7138325703958948,4918520,12.973
CUS-003148,3,Active Growth SMB,-0.1735007317946341,-0.4638615380645657,2687266,57.221
CUS-003149,2,Stable Mid-Market (Group 3),-1.2715066513322124,-0.5802327503136105,460412,30.543000000000003
CUS-003150,1,Enterprise Champions,2.3974535274095636,-0.3774862404891825,476703968,63.1725
CUS-003151,3,Active Growth SMB,0.8256865995993737,-0.556949460514353,617422444,33.9825
CUS-003152,3,Active Growth SMB,0.205909695733682,0.05164762195837731,23363151,57.24850000000001
CUS-003153,3,Active Growth SMB,-0.6772088364231951,-0.049255498689293596,22399946,43.3145
CUS-003154,1,Enterprise Champions,2.042622171975329,0.7765503501057889,465013754,49.385
CUS-003155,1,Enterprise Champions,2.75953274828778,-0.05070795793648563,606777882,60.26349999999999
CUS-003156,3,Active Growth SMB,-0.3168674883059611,-0.044713468443737865,15693236,41.7295
CUS-003157,1,Enterprise Champions,1.7256977655891088,-0.20012865590209042,619537824,45.466
CUS-003158,1,Enterprise Champions,2.941222731663626,-0.5909821487124413,796768124,62.2555
CUS-003159,0,Stable Mid-Market,-0.3415769247493941,1.06918498523945,2736993,43.933
CUS-003160,3,Active Growth SMB,-0.28979176629809494,0.46329231491805317,24690533,43.1555
CUS-003161,2,Stable Mid-Market (Group 3),-1.8777573956249078,-0.2524670016319133,4085292,9.2305
CUS-003162,2,Stable Mid-Market (Group 3),-1.235612900288906,0.24639942430431908,2703599,27.709
CUS-003163,3,Active Growth SMB,1.0823723155387457,0.4738090101877401,404929239,47.48
CUS-003164,2,Stable Mid-Market (Group 3),-1.4442614981309094,-0.16275815555239936,1388725,22.2525
CUS-003165,3,Active Growth SMB,-0.4237691042732112,0.200529412903614,12121854,40.6135
CUS-003166,2,Stable Mid-Market (Group 3),-0.6081011901953047,-0.4636536840825629,23478902,41.8545
CUS-003167,1,Enterprise Champions,2.4736249617049175,-0.700464932756975,964694680,48.2575
CUS-003168,3,Active Growth SMB,0.6030551363163298,0.08760910820880581,145589449,55.913500000000006
CUS-003169,1,Enterprise Champions,4.620894601425242,0.07460366203793924,904918933,74.42099999999999
CUS-003170,3,Active Growth SMB,-0.16693075448923403,-0.0671222489669105,18396860,46.9425
CUS-003171,0,Stable Mid-Market,-1.0313824188502358,1.9522456763323288,3398235,31.422000000000004
CUS-003172,3,Active Growth SMB,-0.6534255317921314,0.24950650277298458,4173422,39.164
CUS-003173,2,Stable Mid-Market (Group 3),-1.3599526548611767,-0.5319608953851435,1201794,26.049
CUS-003174,0,Stable Mid-Market,-1.1539927159131105,1.9118459437356334,790322,26.316
CUS-003175,3,Active Growth SMB,0.06093371999401376,0.39270077622438526,11920146,56.7115
CUS-003176,3,Active Growth SMB,1.0122945154990155,0.7926569631446528,85688490,52.6465
CUS-003177,2,Stable Mid-Market (Group 3),-1.7024788863895073,-0.34345223281940235,2861770,13.691
CUS-003178,2,Stable Mid-Market (Group 3),-0.6894529077752342,-0.4974883245297147,17265561,41.0585
CUS-003179,1,Enterprise Champions,2.679590537728197,-0.12631264070824516,753128145,49.4555
CUS-003180,3,Active Growth SMB,-0.18506438578595683,0.061366859170323224,9237834,44.965
CUS-003181,0,Stable Mid-Market,-0.8933548867014653,2.81846173955365,3653020,33.0505
CUS-003182,3,Active Growth SMB,0.42605984192794577,0.20256338135912139,327427486,41.368
CUS-003183,2,Stable Mid-Market (Group 3),-1.2268712794549692,-0.696475655278228,3099825,28.658
CUS-003184,1,Enterprise Champions,2.797837953580362,-0.43619492002057125,687897734,66.322
CUS-003185,1,Enterprise Champions,1.800148132498845,-0.11652378310138971,271316293,56.707
CUS-003186,1,Enterprise Champions,2.6947567908814296,0.11366538213317746,763621905,48.4355
CUS-003187,2,Stable Mid-Market (Group 3),-0.9757698377151707,-1.5636492666126725,4337884,41.6655
CUS-003188,0,Stable Mid-Market,-1.469423453827107,0.9027878559607949,3401553,18.8095
CUS-003189,1,Enterprise Champions,3.065544564036312,-0.45274719202078995,855211247,56.938
CUS-003190,3,Active Growth SMB,-0.10438603672126076,0.5772955806465427,8060091,48.6425
CUS-003191,1,Enterprise Champions,4.7542421886770985,-0.624451034437119,981595968,83.7385
CUS-003192,1,Enterprise Champions,4.149141553737221,-0.2077710467434614,911909569,71.4675
CUS-003193,0,Stable Mid-Market,-0.9314306456361472,0.5877027921313029,16616847,27.6165
CUS-003194,0,Stable Mid-Market,-0.8762068054507416,0.4618236009427416,15251041,27.401
CUS-003195,0,Stable Mid-Market,-0.5820057202793275,0.9037347775080474,11541693,31.7125
CUS-003196,3,Active Growth SMB,-0.6819679976705146,-0.10979761173399297,4915433,44.4525
CUS-003197,0,Stable Mid-Market,0.23936231945615744,2.5643602421866047,8964953,48.181
CUS-003198,1,Enterprise Champions,2.921842942123887,0.03592718942325897,651427601,63.57899999999999
CUS-003199,1,Enterprise Champions,2.4496006592106094,-0.7847940138661552,638542054,63.8145
CUS-003200,0,Stable Mid-Market,-1.4964255690059771,0.6208913730085138,637576,20.5225
CUS-003201,2,Stable Mid-Market (Group 3),-1.677428735132366,-1.5695195330247949,4114420,19.930000000000003
CUS-003202,2,Stable Mid-Market (Group 3),-1.7036623094936807,-0.27419266166915723,875083,17.3405
CUS-003203,2,Stable Mid-Market (Group 3),-1.393498692495435,-2.1900330446571554,3596070,31.763
CUS-003204,3,Active Growth SMB,-0.5451309615115169,0.1839666586043025,4554240,44.9035
CUS-003205,2,Stable Mid-Market (Group 3),-1.8750480327053212,-1.0533699594819956,2495039,14.740000000000002
CUS-003206,3,Active Growth SMB,0.034824651249165575,-0.40953489948492494,9612422,56.485
CUS-003207,3,Active Growth SMB,1.110220065365229,1.223720336923534,131356440,49.095
CUS-003208,3,Active Growth SMB,0.8571868473272345,0.16066692525265078,204160415,55.207
CUS-003209,1,Enterprise Champions,1.8636294294796245,-0.08227054812389413,315211684,56.1005
CUS-003210,1,Enterprise Champions,1.9099575535342068,0.4536451933873274,195502881,67.8275
CUS-003211,2,Stable Mid-Market (Group 3),-0.5188266467627468,-1.0441070475526937,12273544,42.526
CUS-003212,2,Stable Mid-Market (Group 3),-1.2227873792413073,-0.07844556109357292,2690120,31.3665
CUS-003213,2,Stable Mid-Market (Group 3),-0.9361718912171996,0.11097011770031578,4422071,34.2045
CUS-003214,2,Stable Mid-Market (Group 3),-1.2432289369813234,-1.0312803829162458,16788253,28.896
CUS-003215,3,Active Growth SMB,0.5484458193608344,-0.3287689989439092,299383793,39.7825
CUS-003216,2,Stable Mid-Market (Group 3),-1.7282697020072704,-1.7398227804492667,1713311,21.432500000000005
CUS-003217,3,Active Growth SMB,-0.3480959240927634,0.005919533707069155,9880472,41.9215
CUS-003218,1,Enterprise Champions,3.5380764866147003,-0.2236937116113155,954950276,65.2815
CUS-003219,2,Stable Mid-Market (Group 3),-1.1696292898365046,-1.4695231564491509,4096079,36.449
CUS-003220,2,Stable Mid-Market (Group 3),-0.9890643488075893,-0.6116929310165976,21200458,32.983000000000004
CUS-003221,1,Enterprise Champions,1.1687283269596478,0.011896631512692714,491258553,35.647000000000006
CUS-003222,2,Stable Mid-Market (Group 3),-1.0457618239012738,0.13663467462723222,3022880,33.435
CUS-003223,0,Stable Mid-Market,-0.7892175827172572,0.884525792300626,3748510,32.233999999999995
CUS-003224,3,Active Growth SMB,-0.5406961169870921,-0.42867334667862,4562682,43.759
CUS-003225,1,Enterprise Champions,1.538244326035587,-0.031080224277538707,447133829,57.4195
CUS-003226,0,Stable Mid-Market,-0.7624979136414387,0.8137140468515318,2265681,36.2805
CUS-003227,0,Stable Mid-Market,-0.5967732327089955,0.715026024459744,24275148,35.834500000000006
CUS-003228,1,Enterprise Champions,4.464956748844733,0.43222646906479806,936084735,68.3635
CUS-003229,0,Stable Mid-Market,-1.2013725348581112,0.3411720925867835,15011366,27.6035
CUS-003230,3,Active Growth SMB,-0.33152346093122176,-0.02935009868497249,10395476,48.0745
CUS-003231,2,Stable Mid-Market (Group 3),-0.873926334375508,-0.8459247713752901,7199586,37.4485
CUS-003232,1,Enterprise Champions,1.8016312322966614,-0.6594018078113233,369958195,62.022
CUS-003233,0,Stable Mid-Market,-0.6251853196497287,1.2964280612529473,9232445,36.072
CUS-003234,1,Enterprise Champions,2.433753459666819,0.2002137594657606,729280197,63.383
CUS-003235,0,Stable Mid-Market,0.3307937068578234,1.7261276822355445,106790319,42.450500000000005
CUS-003236,3,Active Growth SMB,0.6792142164613042,0.3095553142436931,320158503,35.9605
CUS-003237,0,Stable Mid-Market,-1.5325922688227869,0.8339746592382142,4037944,17.219
CUS-003238,3,Active Growth SMB,-0.46204838908288226,-0.888319224513398,5093156,50.90800000000001
CUS-003239,0,Stable Mid-Market,-0.3930821597973656,0.9290263296020129,22740351,36.119
CUS-003240,0,Stable Mid-Market,-0.4358694102998404,1.5339386959287677,7892397,36.967
CUS-003241,0,Stable Mid-Market,-0.5573061152955586,1.465404273859621,4108505,42.645
CUS-003242,0,Stable Mid-Market,-0.718709050737838,0.6019780119421131,11717155,33.7915
CUS-003243,2,Stable Mid-Market (Group 3),-1.3533800098648385,-0.9549022612658259,2178101,28.515
CUS-003244,3,Active Growth SMB,-0.33604686425349495,0.4712308270019086,21716398,45.895
CUS-003245,1,Enterprise Champions,2.422338539856952,0.08591753461939446,428397839,64.35050000000001
CUS-003246,2,Stable Mid-Market (Group 3),-0.8256174498756068,-0.9248899385207292,14898845,42.566
CUS-003247,0,Stable Mid-Market,-0.5196851749399225,1.8445520597172056,7005874,25.89
CUS-003248,0,Stable Mid-Market,-1.0482365848981772,0.2834168963057338,3744497,34.06
CUS-003249,0,Stable Mid-Market,-1.0085930180031202,0.4849650954558561,3554535,30.6495
CUS-003250,2,Stable Mid-Market (Group 3),-0.8965938116108607,-0.6381067587948647,16342490,38.6085
CUS-003251,2,Stable Mid-Market (Group 3),-1.7737514870943614,-1.1341958632254876,2374952,16.5905
CUS-003252,0,Stable Mid-Market,-0.5145211054391151,1.1895988838571054,6100054,41.4545
CUS-003253,1,Enterprise Champions,3.4261936688651513,-0.2986076330919889,975438560,64.2625
CUS-003254,0,Stable Mid-Market,-0.7262092933082644,1.0608853557335125,2775399,36.235
CUS-003255,1,Enterprise Champions,3.144568789510437,0.5125403847295378,486539904,62.534
CUS-003256,2,Stable Mid-Market (Group 3),-1.04540035949721,-1.7598217964574459,1713200,41.333
CUS-003257,3,Active Growth SMB,0.557476204074736,-0.2864721949686285,70996137,51.6185
CUS-003258,0,Stable Mid-Market,-1.1136199609839639,0.7837578075668802,23535090,23.82
CUS-003259,3,Active Growth SMB,-0.4952159781829299,-0.35101229741747425,5069524,45.535
CUS-003260,1,Enterprise Champions,1.5565359110676684,-0.6933340334978986,415878388,57.3045
CUS-003261,1,Enterprise Champions,4.050977095239296,-0.3942642408216764,844164925,78.492
CUS-003262,2,Stable Mid-Market (Group 3),-0.7694564277507613,-0.49784753364507317,18703786,36.904
CUS-003263,3,Active Growth SMB,0.8667111519354815,-1.0580865583172574,481808158,49.8625
CUS-003264,3,Active Growth SMB,0.028928391284316887,0.09573097345459092,21978956,48.713
CUS-003265,0,Stable Mid-Market,-0.8692983484420866,0.540779165938052,20567269,29.3645
CUS-003266,3,Active Growth SMB,1.276420965940131,-0.5901157158176439,237499533,62.7115
CUS-003267,3,Active Growth SMB,0.5980867425380877,-0.3656800051230812,260982964,49.552
CUS-003268,0,Stable Mid-Market,-1.0937018681503576,2.0410256290149222,1656355,23.7415
CUS-003269,2,Stable Mid-Market (Group 3),-1.557175027974335,-0.35184044514131796,1074565,22.683
CUS-003270,1,Enterprise Champions,3.8670656505404932,-0.00887216752722282,679260312,79.8805
CUS-003271,2,Stable Mid-Market (Group 3),-1.4041483800969403,-0.7948206923538029,4547385,22.501
CUS-003272,3,Active Growth SMB,-0.7375048205135007,0.254852215861223,24289590,33.1575
CUS-003273,3,Active Growth SMB,0.2622973391999404,0.21461751836132847,4722135,55.2615
CUS-003274,2,Stable Mid-Market (Group 3),-1.4651814292767413,-1.1692734560760019,4979744,24.640000000000004
CUS-003275,2,Stable Mid-Market (Group 3),-1.5481412613198793,0.11275993841217673,3900851,18.1185
CUS-003276,2,Stable Mid-Market (Group 3),-2.0142669013804015,-0.07632815642267649,3886483,8.8
CUS-003277,3,Active Growth SMB,-0.24135666509076462,-0.6609138714622921,5731919,53.372
CUS-003278,2,Stable Mid-Market (Group 3),-0.7298947976810779,-0.7910504212281868,7577505,41.9705
CUS-003279,3,Active Growth SMB,-0.25669328958513654,-0.38794353293033623,23685644,48.35
CUS-003280,1,Enterprise Champions,2.0612355396029214,-0.5500552925514873,259480204,78.301
CUS-003281,2,Stable Mid-Market (Group 3),-1.2994612669725378,-0.7872305726021542,4558363,21.6015
CUS-003282,1,Enterprise Champions,0.8884758192685389,-0.5914979545376334,767836748,31.395000000000003
CUS-003283,1,Enterprise Champions,1.4730894452539625,-0.6934930279648301,565805411,45.92
CUS-003284,1,Enterprise Champions,2.676977996529117,0.053932599308324655,645939954,52.939
CUS-003285,1,Enterprise Champions,3.2398834086943595,-0.3852341374910203,798200789,61.9585
CUS-003286,3,Active Growth SMB,0.1794088485384701,-0.6719489943214609,24207914,56.246
CUS-003287,0,Stable Mid-Market,-0.13943776446179726,3.263929061459393,11450161,35.815
CUS-003288,2,Stable Mid-Market (Group 3),-1.5293743101143844,0.2533480529922407,14464733,12.8
CUS-003289,1,Enterprise Champions,2.135635638458804,0.7554436460430651,129204163,74.002
CUS-003290,0,Stable Mid-Market,-0.464634098165076,2.109763717527381,20751576,28.51
CUS-003291,3,Active Growth SMB,-0.06069057199083028,-1.0039766572714415,16564180,58.2085
CUS-003292,2,Stable Mid-Market (Group 3),-1.48849604141625,-2.8078528264276246,966197,31.099
CUS-003293,3,Active Growth SMB,-0.5933397803007325,-0.2950290316450346,21141676,39.5265
CUS-003294,0,Stable Mid-Market,-0.6493000225118241,1.5013631143805228,4483580,31.3765
CUS-003295,0,Stable Mid-Market,-1.2241008753638034,0.39439051279891235,14388546,16.972
CUS-003296,2,Stable Mid-Market (Group 3),-1.99022699155604,-1.876121187845388,3503835,13.901999999999996
CUS-003297,0,Stable Mid-Market,-0.8450110536903798,0.6906315336042855,4300263,31.597
CUS-003298,2,Stable Mid-Market (Group 3),-1.3472146274715175,0.06897442258170247,11933811,20.1305
CUS-003299,3,Active Growth SMB,-0.5026888137848488,-0.7254400611419443,9838283,50.4555
CUS-003300,3,Active Growth SMB,0.6564918809300612,-0.021815383178352597,248794253,53.103
CUS-003301,0,Stable Mid-Market,-0.40670766970795696,2.1628787414257125,2649870,50.712
CUS-003302,2,Stable Mid-Market (Group 3),-1.0262266332720067,-0.5602232776289336,20745732,33.4875
CUS-003303,3,Active Growth SMB,0.18837462769726906,-0.46168355188983706,142027852,46.5035
CUS-003304,2,Stable Mid-Market (Group 3),-1.0617947951207993,-0.9056149281766958,1726431,35.855000000000004
CUS-003305,2,Stable Mid-Market (Group 3),-1.3540641968902707,-0.36027871282190227,1606128,25.537
CUS-003306,1,Enterprise Champions,4.617685642909789,-0.30445273011620666,868184873,84.2045
CUS-003307,1,Enterprise Champions,3.248651766966715,-0.8090894461792196,820976142,74.0685
CUS-003308,1,Enterprise Champions,2.545242736656597,-0.054327042005144224,317391669,67.42699999999999
CUS-003309,3,Active Growth SMB,-0.2445882381639983,-1.2944298120127926,10224802,55.356
CUS-003310,1,Enterprise Champions,2.6113002930575338,0.3627755615608816,480166337,64.335
CUS-003311,0,Stable Mid-Market,-1.2715337780553693,0.49107571029084324,3747314,24.495
CUS-003312,2,Stable Mid-Market (Group 3),-0.7111131268018939,-0.574860878682083,2720275,46.276
CUS-003313,2,Stable Mid-Market (Group 3),-0.8146922991505523,-1.1738447157747824,15250987,39.7115
CUS-003314,2,Stable Mid-Market (Group 3),-1.3738026274214725,-0.5120534055537487,5537429,25.318
CUS-003315,2,Stable Mid-Market (Group 3),-1.202086528055915,-1.7145391059782975,4875440,34.3425
CUS-003316,3,Active Growth SMB,1.6185626967331965,0.4141042330392868,193360083,57.1275
CUS-003317,2,Stable Mid-Market (Group 3),-0.784992275836863,-1.568042998724476,2129788,44.6095
CUS-003318,1,Enterprise Champions,2.98041405491567,-0.3566716531285673,754409882,64.902
CUS-003319,1,Enterprise Champions,3.4229889332791656,-0.5089617355304739,814383403,69.72999999999999
CUS-003320,0,Stable Mid-Market,-0.7318492160606146,1.4035250310781207,12879670,37.3845
CUS-003321,3,Active Growth SMB,0.7676810859587817,0.44200893462402047,81721625,46.694500000000005
CUS-003322,2,Stable Mid-Market (Group 3),-1.1354699876931735,-0.5344132382114274,22231743,28.431500000000003
CUS-003323,0,Stable Mid-Market,-0.846730205473121,0.4423647323545437,895007,39.4655
CUS-003324,2,Stable Mid-Market (Group 3),-1.6347325620790158,0.11273588090069277,4155685,15.659
CUS-003325,3,Active Growth SMB,-0.6929265068866742,0.3594368899037928,11080311,38.344
CUS-003326,2,Stable Mid-Market (Group 3),-1.2895441057503858,-0.015520904481271582,2266186,23.831000000000003
CUS-003327,0,Stable Mid-Market,-0.05841624402082397,1.2110569338101598,19547019,45.36800000000001
CUS-003328,2,Stable Mid-Market (Group 3),-1.3330221736311898,-1.5157786786153795,776670,31.093
CUS-003329,2,Stable Mid-Market (Group 3),-1.2019873526611893,-1.5008976088014534,22977117,33.926500000000004
CUS-003330,1,Enterprise Champions,4.096803344683514,-0.2951340444072941,961361763,80.727
CUS-003331,2,Stable Mid-Market (Group 3),-1.704697174489901,-0.5957306143523246,2036659,18.213
CUS-003332,1,Enterprise Champions,1.8798716961233415,0.0728292253651017,652569185,54.254000000000005
CUS-003333,1,Enterprise Champions,3.137412900974333,0.33374862231487973,650215165,67.1065
CUS-003334,3,Active Growth SMB,0.9391893874670814,0.13520135137467781,241360214,50.854
CUS-003335,0,Stable Mid-Market,-0.39040687969002325,1.5541352711450147,18827229,42.6455
CUS-003336,0,Stable Mid-Market,-0.83860657067337,0.6061995092787777,12621062,29.040000000000003
CUS-003337,0,Stable Mid-Market,-0.3018245523351517,1.5890417224626052,17983236,43.2865
CUS-003338,2,Stable Mid-Market (Group 3),-1.256581512318479,-0.4119145840739462,789378,31.399
CUS-003339,3,Active Growth SMB,0.0042442364289293115,0.2899311477006287,17837006,54.062
CUS-003340,3,Active Growth SMB,-0.12072882981394273,0.4513258254958817,20951818,40.6015
CUS-003341,3,Active Growth SMB,-0.23023085072015448,-1.0303210883619978,12477025,54.6445
CUS-003342,0,Stable Mid-Market,-0.470013049701349,2.407291691887176,3533861,39.8365
CUS-003343,1,Enterprise Champions,3.1270001571581516,-0.04136422134593995,639706673,66.6895
CUS-003344,1,Enterprise Champions,2.667132131042821,-0.1828517657598621,801033045,54.139
CUS-003345,2,Stable Mid-Market (Group 3),-0.3904224257872969,-1.1122327430280916,3894255,49.145500000000006
CUS-003346,2,Stable Mid-Market (Group 3),-1.0812436229454219,-0.011984004579738871,8426179,33.7325
CUS-003347,2,Stable Mid-Market (Group 3),-0.7643151914574494,-1.4636955642949543,2954790,45.737
CUS-003348,0,Stable Mid-Market,-0.6414174427724199,1.1364403842924793,6772355,39.639
CUS-003349,0,Stable Mid-Market,-0.6637804801202026,1.4019570136295774,3353159,39.896
CUS-003350,2,Stable Mid-Market (Group 3),-0.9950219089337797,-1.419855102840281,16133902,38.819
CUS-003351,1,Enterprise Champions,2.698259858875712,0.37600106279711304,402970770,65.2875
CUS-003352,1,Enterprise Champions,1.8548614122389642,-0.40695420794151926,400054415,54.151
CUS-003353,3,Active Growth SMB,1.3796842493493218,-0.13889346548915735,332497830,52.954
CUS-003354,3,Active Growth SMB,0.18470729955739612,-0.18420963855104874,24732301,59.2445
CUS-003355,0,Stable Mid-Market,-1.036582520315684,0.5016409451395137,7599497,30.8515
CUS-003356,0,Stable Mid-Market,0.07997964104230171,2.5203345825938936,4398275,52.7215
CUS-003357,3,Active Growth SMB,-0.5358548895681283,-0.43487407709006737,5430375,45.777
CUS-003358,0,Stable Mid-Market,-0.8725512714841215,0.4071784726874292,23297915,26.1205
CUS-003359,3,Active Growth SMB,-0.17666921664080687,-0.2456248709804728,14928723,53.285
CUS-003360,0,Stable Mid-Market,-0.30822979517252574,1.2416612950017751,5332661,48.7305
CUS-003361,3,Active Growth SMB,0.7324385054704187,0.3196558606844012,9653606,59.792
CUS-003362,2,Stable Mid-Market (Group 3),-1.2179947605570671,-0.36152449254620284,13510855,27.6945
CUS-003363,3,Active Growth SMB,-0.6605068925405336,-0.24850810772833967,14745669,41.814
CUS-003364,3,Active Growth SMB,-0.7365361317563835,0.23534449828626955,21388963,39.4935
CUS-003365,3,Active Growth SMB,0.5885047106811667,-0.24259791447889695,3527381,66.911
CUS-003366,0,Stable Mid-Market,-0.5469494149459113,1.007330821290032,2587120,43.052
CUS-003367,2,Stable Mid-Market (Group 3),-0.7108366546571921,-0.17561445703136364,18712062,38.775
CUS-003368,0,Stable Mid-Market,-1.1448323662968785,0.3653460976994639,4941872,25.9915
CUS-003369,3,Active Growth SMB,0.10441365898827679,-0.46391877656409497,217034839,41.467
CUS-003370,0,Stable Mid-Market,-0.9802060532220589,3.223928986317932,10192619,24.302000000000003
CUS-003371,0,Stable Mid-Market,-0.7715761017075792,3.942605097469957,3830973,36.2795
CUS-003372,2,Stable Mid-Market (Group 3),-0.6864115848700805,-0.26159189498408547,145265751,24.288000000000004
CUS-003373,2,Stable Mid-Market (Group 3),-1.4907558247228732,-0.5891293269743975,4267146,21.5305
CUS-003374,0,Stable Mid-Market,0.06695361736088956,0.9703583332568223,37415512,37.6395
CUS-003375,3,Active Growth SMB,0.1771412480066516,0.17349006921692373,2683795,58.0715
CUS-003376,2,Stable Mid-Market (Group 3),-0.7929374218143376,0.11282673379372009,15801005,29.579000000000004
CUS-003377,1,Enterprise Champions,1.7155412189837629,-0.1730273734539037,254652800,59.2755
CUS-003378,2,Stable Mid-Market (Group 3),-1.6719585246607913,-0.2826439120670141,4040937,14.1985
CUS-003379,0,Stable Mid-Market,0.23837770040195702,1.4931697727661575,7412344,49.294
CUS-003380,2,Stable Mid-Market (Group 3),-0.6590624938266492,-1.4768781744401625,1600177,47.16850000000001
CUS-003381,3,Active Growth SMB,-0.7028958237367947,0.35308276839741937,19420923,36.3335
CUS-003382,2,Stable Mid-Market (Group 3),-1.1562479829302965,-0.24400245052394443,3679464,28.5365
CUS-003383,2,Stable Mid-Market (Group 3),-1.2886692448236954,-2.3564201793718262,4743475,35.55199999999999
CUS-003384,3,Active Growth SMB,-0.27416533184791586,0.5915174164694137,7662145,47.891
CUS-003385,1,Enterprise Champions,3.4660299792307763,-1.072657288414501,795742439,78.083
CUS-003386,3,Active Growth SMB,-0.3859876883306769,-0.9582614536068869,7276412,47.224500000000006
CUS-003387,3,Active Growth SMB,-0.16891788696963075,0.6649837524244696,6711137,51.938
CUS-003388,0,Stable Mid-Market,-1.3530639847331696,0.5294119661403196,3891714,20.741
CUS-003389,2,Stable Mid-Market (Group 3),-0.7323882348170995,-0.5750411740199299,15721701,42.1315
CUS-003390,1,Enterprise Champions,2.971360601461224,-0.11569711495071815,878564020,59.699000000000005
CUS-003391,2,Stable Mid-Market (Group 3),0.41761173595671713,-1.038290242385558,493231329,35.264
CUS-003392,0,Stable Mid-Market,-0.9891834437325439,1.0825638419995707,11424097,28.210500000000007
CUS-003393,2,Stable Mid-Market (Group 3),-1.6295530392794593,-2.702506570364224,2734128,26.7395
CUS-003394,1,Enterprise Champions,3.2538187687750795,0.24137029396744514,641830618,64.0385
CUS-003395,2,Stable Mid-Market (Group 3),-0.9337245853240392,-0.9707704111590583,909428,41.273
CUS-003396,0,Stable Mid-Market,-1.0534547732665211,0.6843761824189782,1227424,31.455000000000005
CUS-003397,1,Enterprise Champions,4.995584041707197,-0.4410439819012031,891248895,87.0545
CUS-003398,1,Enterprise Champions,2.650224703800538,0.5872781303435486,515904342,56.1715
CUS-003399,2,Stable Mid-Market (Group 3),-1.535775467677194,-1.4606026451772685,24920282,23.697500000000005
CUS-003400,3,Active Growth SMB,0.07411678516565347,-0.050749536107308924,5656973,53.1905
CUS-003401,1,Enterprise Champions,2.0010574347030374,-0.0265859627749784,499442904,56.853
CUS-003402,2,Stable Mid-Market (Group 3),-1.551910207814748,-0.028484859284838765,3082211,17.529500000000002
CUS-003403,2,Stable Mid-Market (Group 3),-1.1850325002389692,0.2320659766645855,10730478,28.6995
CUS-003404,0,Stable Mid-Market,-1.557352531229024,1.3504580123454015,2374332,16.4825
CUS-003405,2,Stable Mid-Market (Group 3),-1.5246076060847347,-0.47814514730056074,4355241,21.9095
CUS-003406,2,Stable Mid-Market (Group 3),-0.9048469295919518,-1.8605500538491349,3565139,43.406
CUS-003407,2,Stable Mid-Market (Group 3),-0.960868640511385,-1.1154289081715723,3469789,36.681
CUS-003408,3,Active Growth SMB,0.3101913504557717,-0.31109932443135796,74670875,50.627
CUS-003409,3,Active Growth SMB,-0.20550042146572156,-0.16246793461878184,19151957,50.7085
CUS-003410,1,Enterprise Champions,4.227242188846449,0.3935675144534359,931238145,67.972
CUS-003411,0,Stable Mid-Market,-0.6981169228834576,1.0455854847709745,18038247,31.615500000000004
CUS-003412,3,Active Growth SMB,-0.06104417016971,0.16289382017251663,102867650,37.3725
CUS-003413,2,Stable Mid-Market (Group 3),-0.6772755600161118,-1.03251773665009,9881287,43.069
CUS-003414,3,Active Growth SMB,-0.14831989001473722,0.04846821432385225,181849063,35.544
CUS-003415,0,Stable Mid-Market,-1.2753928765058273,0.6531594333169376,3291609,19.7755
CUS-003416,1,Enterprise Champions,4.114370415166003,-0.04942060131701058,881082097,68.426
CUS-003417,3,Active Growth SMB,-0.14651140605800708,0.04883573005269483,19944801,49.958
CUS-003418,0,Stable Mid-Market,-0.6966776624995686,1.037722909163165,913297,43.488
CUS-003419,1,Enterprise Champions,3.033518976885255,0.9147545597429537,353319810,67.138
CUS-003420,2,Stable Mid-Market (Group 3),-1.5362794764265575,-2.131188040702055,3605560,27.0135
CUS-003421,0,Stable Mid-Market,-0.8878236281866917,1.5671348074259988,287636,22.931
CUS-003422,3,Active Growth SMB,-0.376621076775984,0.23266422853742674,14276720,45.178
CUS-003423,3,Active Growth SMB,-0.08580738737450645,0.22574832577342835,15343663,58.2655
CUS-003424,3,Active Growth SMB,-0.48985219300675376,0.08109902734989285,15064278,40.493
CUS-003425,3,Active Growth SMB,1.079125649076478,0.06526319716912046,370258129,49.758
CUS-003426,2,Stable Mid-Market (Group 3),-0.8508732155029053,0.02259386411164825,18303696,35.0065
CUS-003427,1,Enterprise Champions,2.8202974661332827,0.1150649311562959,764370711,57.2315
CUS-003428,0,Stable Mid-Market,-1.0340317578922076,0.5709001678345441,2075792,32.3405
CUS-003429,2,Stable Mid-Market (Group 3),-1.4749980165437642,-0.7669094938564739,1691314,24.462
CUS-003430,0,Stable Mid-Market,-0.9492817441861168,1.3798518905303068,3682084,35.2425
CUS-003431,2,Stable Mid-Market (Group 3),-0.6109233978961809,-0.49364005314032133,19708208,40.332
CUS-003432,2,Stable Mid-Market (Group 3),-0.7949475514879468,-1.3359617929694207,4370942,46.101
CUS-003433,2,Stable Mid-Market (Group 3),-1.3143124016968295,-0.8276246767972367,1984771,28.415
CUS-003434,1,Enterprise Champions,2.9313873997668463,0.05402788614156046,717016534,57.379
CUS-003435,1,Enterprise Champions,1.73040426309583,-0.30252984999707194,701999076,55.1235
CUS-003436,2,Stable Mid-Market (Group 3),-0.5607305156803559,-0.853703870087336,6758451,42.3985
CUS-003437,0,Stable Mid-Market,-1.0058682843588778,0.38987035696868555,14338095,35.5885
CUS-003438,3,Active Growth SMB,-0.005972723096335592,0.39685447331162177,15970960,49.467
CUS-003439,1,Enterprise Champions,3.2269271469019003,0.5733285459293302,433626380,62.12050000000001
CUS-003440,0,Stable Mid-Market,-0.737874341118007,1.399950363067221,16137193,23.897
CUS-003441,3,Active Growth SMB,0.49882023464697056,-0.9910161232447816,316012212,46.373000000000005
CUS-003442,3,Active Growth SMB,1.1015489390196536,-0.06854310489563904,94349728,64.3025
CUS-003443,1,Enterprise Champions,3.0956486685805156,-0.2097435261467786,472637820,72.149
CUS-003444,3,Active Growth SMB,-0.6937472643562053,0.2511722503250804,14241336,31.483
CUS-003445,3,Active Growth SMB,-0.6261153587846373,-0.09353853931887932,3375636,42.7645
CUS-003446,2,Stable Mid-Market (Group 3),-1.058223402269596,-1.172381131069395,19255266,34.590500000000006
CUS-003447,2,Stable Mid-Market (Group 3),-0.9897566794963674,-0.7145089143335833,17644478,32.054500000000004
CUS-003448,2,Stable Mid-Market (Group 3),-1.7506428381096835,-0.8316669180562917,2392794,16.090000000000003
CUS-003449,3,Active Growth SMB,-0.23511663133192098,0.8119830791115884,18527621,47.2305
CUS-003450,3,Active Growth SMB,-0.522303300549547,-0.30067914361054415,4080868,47.6075
CUS-003451,3,Active Growth SMB,0.05081913250176158,0.8977782750851895,15318076,50.575
CUS-003452,2,Stable Mid-Market (Group 3),-1.4212984440097673,-2.2849000188592963,18721810,30.340000000000003
CUS-003453,3,Active Growth SMB,0.1300854375566104,-0.25388009455613714,172555691,47.101
CUS-003454,1,Enterprise Champions,1.4508644884019697,0.19656516039608574,491117323,48.82600000000001
CUS-003455,0,Stable Mid-Market,-1.6766033836462702,1.3190043899748207,4702974,13.055
CUS-003456,0,Stable Mid-Market,-0.8790882076622973,0.8495094563809599,4734897,28.409
CUS-003457,2,Stable Mid-Market (Group 3),-0.6830043129723701,-1.018706821504643,1627410,46.242
CUS-003458,2,Stable Mid-Market (Group 3),-0.844457367924855,-0.9241670249798981,2893429,40.45949999999999
CUS-003459,1,Enterprise Champions,5.200690736509061,0.01560084711378802,914051282,85.69200000000001
CUS-003460,3,Active Growth SMB,-0.30941825750523244,-0.44983033114004295,2809572,51.399
CUS-003461,3,Active Growth SMB,-0.23593078267331452,-0.7793839463486367,21295742,52.4215
CUS-003462,3,Active Growth SMB,-0.9071951111458298,0.23174248977768222,4046834,39.435
CUS-003463,3,Active Growth SMB,0.10370313147611969,-0.6998456381119131,106732153,51.04750000000001
CUS-003464,0,Stable Mid-Market,0.1637920284737547,1.4244158033442116,21033620,50.17100000000001
CUS-003465,2,Stable Mid-Market (Group 3),-1.3612861817482418,-0.5658912638013668,2743607,22.589
CUS-003466,2,Stable Mid-Market (Group 3),-1.3393755503175242,-0.10210098884698522,4203413,26.9445
CUS-003467,3,Active Growth SMB,-0.259222313478035,-0.13896143463066077,13679910,49.408
CUS-003468,0,Stable Mid-Market,-0.6679976747195685,2.014190686987157,15684628,33.09
CUS-003469,2,Stable Mid-Market (Group 3),-1.1060498934146894,-0.30744012622114925,7720288,25.189
CUS-003470,2,Stable Mid-Market (Group 3),-0.6810973310377606,-2.4323473188406486,2444853,52.7625
CUS-003471,0,Stable Mid-Market,-0.06236162049197488,1.6107777115229782,11914117,41.5765
CUS-003472,3,Active Growth SMB,-0.45602922234879034,0.44437037607006546,11558096,48.545
CUS-003473,3,Active Growth SMB,-0.32064794432542426,-0.5657568317188935,8795538,46.8535
CUS-003474,3,Active Growth SMB,0.05958880497996893,-0.018542738848185854,11520686,53.285
CUS-003475,3,Active Growth SMB,-0.4662763522087507,-0.6149466301372349,21640011,45.859
CUS-003476,0,Stable Mid-Market,-0.6227658093931978,0.33806813390251395,11611879,29.4615
CUS-003477,0,Stable Mid-Market,-1.1528039026832624,0.48936020341049014,2603091,25.3425
CUS-003478,2,Stable Mid-Market (Group 3),-1.8860641103420601,-2.6416106911680055,784573,19.418000000000003
CUS-003479,0,Stable Mid-Market,-1.300365265900607,3.0158651245387307,4476620,20.917
CUS-003480,3,Active Growth SMB,0.12278291494076686,0.28712454923767544,18305562,56.112
CUS-003481,3,Active Growth SMB,-0.24179458966509093,-0.15737674001427376,24918839,47.2015
CUS-003482,0,Stable Mid-Market,-0.8077030661253337,3.8747504013961787,3824842,35.4025
CUS-003483,2,Stable Mid-Market (Group 3),-1.7517982976956965,-1.4221425674989852,1053865,17.8675
CUS-003484,3,Active Growth SMB,-0.5854716026319084,-0.10884750707229023,14483190,43.2995
CUS-003485,0,Stable Mid-Market,-0.671675085209582,0.9330607061900514,21008312,25.6245
CUS-003486,0,Stable Mid-Market,-0.5414917956490626,1.0560547191863203,3925083,42.939
CUS-003487,2,Stable Mid-Market (Group 3),-1.0701726331076806,-0.06872808574831159,8736948,30.921
CUS-003488,3,Active Growth SMB,-0.6815119139483553,0.19973040769511693,1768263,39.9635
CUS-003489,1,Enterprise Champions,1.8041895272557533,-0.10575808678553068,301202363,63.738
CUS-003490,3,Active Growth SMB,-0.6509075525743571,-0.013423911079506032,22319707,39.4315
CUS-003491,3,Active Growth SMB,-0.07063137096525743,1.064565868444332,15852126,50.754000000000005
CUS-003492,1,Enterprise Champions,3.6907825221440107,-0.7641391191374669,928793056,74.1195
CUS-003493,2,Stable Mid-Market (Group 3),-1.5339115819906195,-0.5987691211011178,923118,24.0025
CUS-003494,2,Stable Mid-Market (Group 3),-1.4442965363183335,-1.1209589590031483,3210770,27.1125
CUS-003495,1,Enterprise Champions,2.199819429321598,-0.1637176129381211,579696827,62.2135
CUS-003496,2,Stable Mid-Market (Group 3),-1.3337179617750383,-0.24236188635111522,729338,23.7215
CUS-003497,0,Stable Mid-Market,-1.0972969113723976,0.6976374323440052,1581351,31.548
CUS-003498,0,Stable Mid-Market,-0.9496983575648688,0.9209662090878464,2940215,34.974000000000004
CUS-003499,3,Active Growth SMB,-0.40250800674745324,0.4358505769368782,4087608,42.71
CUS-003500,0,Stable Mid-Market,-0.9812171318261061,1.9915604667097058,2791088,15.931
CUS-003501,2,Stable Mid-Market (Group 3),-1.1086150692770413,-0.23594876940591109,21842775,29.7405
CUS-003502,2,Stable Mid-Market (Group 3),-1.609057799308852,-2.023093034598165,17213920,24.0165
CUS-003503,3,Active Growth SMB,0.8255553244047064,-0.19183946803701546,81333378,57.06699999999999
CUS-003504,0,Stable Mid-Market,-0.8188027683622278,0.9526641751784913,14014261,26.0905
CUS-003505,0,Stable Mid-Market,-0.9709211455521378,2.898750463435801,4228675,32.9075
CUS-003506,2,Stable Mid-Market (Group 3),-0.7646473932232499,-0.5967250312630156,4690236,42.88549999999999
CUS-003507,0,Stable Mid-Market,-0.9747945814162985,1.0073717430414617,7564906,32.19
CUS-003508,0,Stable Mid-Market,-0.8551660240494359,0.31880398704194995,4753938,36.8415
CUS-003509,0,Stable Mid-Market,-1.0239284805682252,1.1101626035766772,23333224,24.859
CUS-003510,1,Enterprise Champions,2.5652077035690306,-0.23934563394865166,690146996,64.1285
CUS-003511,0,Stable Mid-Market,-1.9817438410680344,1.0243781228954998,4358709,6.800999999999999
CUS-003512,0,Stable Mid-Market,-1.8695500877243687,1.173307317316724,4346038,8.0475
CUS-003513,0,Stable Mid-Market,-0.618697871478381,2.546307175743124,1673378,37.363
CUS-003514,0,Stable Mid-Market,-0.4636439193368529,2.2634142932996433,4247960,36.49
CUS-003515,0,Stable Mid-Market,-1.06013240367714,0.48417146022579644,615356,34.635000000000005
CUS-003516,2,Stable Mid-Market (Group 3),-1.4931085901147383,-1.4307978179690175,1846710,25.673
CUS-003517,0,Stable Mid-Market,-0.7234402305072438,0.6279391797354278,24612807,35.432500000000005
CUS-003518,1,Enterprise Champions,2.1545577969897693,0.47720866868852335,264577159,66.1585
CUS-003519,2,Stable Mid-Market (Group 3),-1.1733168759780663,-0.6328121446303105,22580269,26.996
CUS-003520,0,Stable Mid-Market,-0.8099407611666507,0.665264351585956,3163754,32.7755
CUS-003521,2,Stable Mid-Market (Group 3),-1.4925827563328098,-1.5447915140758997,14231747,25.858500000000003
CUS-003522,0,Stable Mid-Market,-1.6486193657107202,2.3430276466851656,1190679,8.953499999999998
CUS-003523,1,Enterprise Champions,4.739688164511878,-0.26699427491014294,962867179,74.13550000000001
CUS-003524,2,Stable Mid-Market (Group 3),-0.9686877035606939,-1.6169557035392637,8140261,37.9015
CUS-003525,2,Stable Mid-Market (Group 3),-1.3599542482970377,-0.9959985635592508,12392525,24.3325
CUS-003526,3,Active Growth SMB,0.025277239435505527,0.051365692471112535,18964696,52.507
CUS-003527,3,Active Growth SMB,1.1888489479174247,0.44400986558635985,438784320,47.3145
CUS-003528,3,Active Growth SMB,0.8664551773044349,0.3497321000012224,263703505,46.422
CUS-003529,2,Stable Mid-Market (Group 3),-1.1085089313771497,-0.6419247802991385,3903991,32.539500000000004
CUS-003530,2,Stable Mid-Market (Group 3),-1.0767845706032395,-0.9322406964385935,8140840,33.647499999999994
CUS-003531,2,Stable Mid-Market (Group 3),-0.6012233781959313,-0.7386472281645413,30228321,42.273500000000006
CUS-003532,1,Enterprise Champions,1.305447109508426,-0.33852218021262837,628200862,36.4275
CUS-003533,2,Stable Mid-Market (Group 3),-0.7658510886353956,-0.6928364698711101,14814837,40.034
CUS-003534,1,Enterprise Champions,3.824750694548339,0.11604044388096454,849180530,68.396
CUS-003535,2,Stable Mid-Market (Group 3),-1.7150240312868308,-0.7393003327646736,4258449,16.63
CUS-003536,2,Stable Mid-Market (Group 3),-0.8044841906628256,-0.7615224749943921,4083764,44.1105
CUS-003537,1,Enterprise Champions,2.5575983504279747,0.3088325294255371,536878264,55.615
CUS-003538,2,Stable Mid-Market (Group 3),-1.2718706457148146,-1.38272494487711,12457514,30.5235
CUS-003539,3,Active Growth SMB,-0.09153433730320085,-0.31359097205842645,82429286,40.1685
CUS-003540,3,Active Growth SMB,0.1901102924071428,0.44047770560097754,21440254,56.864
CUS-003541,2,Stable Mid-Market (Group 3),-0.8101921204104271,-1.1059248048906116,3119225,44.339
CUS-003542,2,Stable Mid-Market (Group 3),-0.6032903801775081,-1.1948626651522234,4868183,50.389
CUS-003543,0,Stable Mid-Market,-0.7949379922288939,1.590416426087707,1205849,33.917
CUS-003544,3,Active Growth SMB,0.8757011414773758,-0.17468300309529006,296553891,46.05200000000001
CUS-003545,3,Active Growth SMB,0.2830919765346646,0.6414519585640859,7114305,57.728
CUS-003546,0,Stable Mid-Market,-0.4112517879933335,1.6014401045132958,5171209,34.0395
CUS-003547,2,Stable Mid-Market (Group 3),-1.4861357737279364,-0.9346361194626263,6102680,22.9975
CUS-003548,2,Stable Mid-Market (Group 3),-1.5306795042983008,-0.05463823869242763,2870000,20.381
CUS-003549,3,Active Growth SMB,1.427593682439306,1.2206864424397987,240460130,51.0575
CUS-003550,2,Stable Mid-Market (Group 3),-1.484428925999882,0.24027835457234153,3008987,18.3075
CUS-003551,2,Stable Mid-Market (Group 3),-1.3844466887874647,-1.3868069728467916,4161202,30.12400000000001
CUS-003552,0,Stable Mid-Market,-0.6309833196145106,0.8693324706675472,17172663,44.8065
CUS-003553,3,Active Growth SMB,0.17870980960986804,1.018065076805171,6278452,52.447
CUS-003554,3,Active Growth SMB,-0.4222405182256068,0.4423608806732812,14608715,44.0545
CUS-003555,2,Stable Mid-Market (Group 3),-0.8048947941363704,0.11666470583270146,18903275,31.2645
CUS-003556,2,Stable Mid-Market (Group 3),-1.3327558217509279,-0.27640116445756496,3709761,27.6895
CUS-003557,2,Stable Mid-Market (Group 3),-1.0999325835341824,0.11300149811174978,9433409,26.999
CUS-003558,2,Stable Mid-Market (Group 3),-1.3438489107997325,-0.39913909939592274,4422672,28.664500000000004
CUS-003559,0,Stable Mid-Market,-0.8000268952891626,0.2902289471671409,20502729,32.6435
CUS-003560,3,Active Growth SMB,-0.650421433620785,0.3673708278512976,21497944,37.6075
CUS-003561,2,Stable Mid-Market (Group 3),-1.987090651410096,0.3998305708757631,1447987,6.004
CUS-003562,2,Stable Mid-Market (Group 3),-1.3445119954062243,-0.12799045110551566,8646121,22.412000000000003
CUS-003563,0,Stable Mid-Market,-0.8760150757002813,2.0047269463784256,997376,33.903000000000006
CUS-003564,1,Enterprise Champions,2.158499280885321,-0.30948050194496435,720452888,49.355
CUS-003565,2,Stable Mid-Market (Group 3),-1.1450824465059355,-0.10139259068526875,2462705,33.6485
CUS-003566,2,Stable Mid-Market (Group 3),-1.2739526764216402,-0.3490168599072496,2848204,25.76
CUS-003567,2,Stable Mid-Market (Group 3),-1.445326208681162,-0.6021660444345543,1347755,26.5025
CUS-003568,0,Stable Mid-Market,-0.8335620897428426,0.2993566551670102,18416035,28.198
CUS-003569,2,Stable Mid-Market (Group 3),-1.1553748098888337,-0.02001395619901888,2046768,28.725
CUS-003570,2,Stable Mid-Market (Group 3),-0.7374158093569942,-0.3820391064455364,18745470,36.1875
CUS-003571,0,Stable Mid-Market,-1.2690853116824938,0.6683908828228827,3256990,23.919
CUS-003572,3,Active Growth SMB,1.336082688187384,0.047187320740938156,409932637,50.048
CUS-003573,3,Active Growth SMB,-0.33051029340128407,-0.007563718780618367,9889845,49.145
CUS-003574,0,Stable Mid-Market,-0.924954059093072,1.263532349745841,4406032,32.917
CUS-003575,3,Active Growth SMB,-0.4258690560079119,0.10227920777796658,2840889,45.193
CUS-003576,2,Stable Mid-Market (Group 3),-0.9564410140971616,-0.06386248679182559,6624266,34.2325
CUS-003577,0,Stable Mid-Market,-0.7888494847584343,1.688739069023403,2658574,33.626000000000005
CUS-003578,3,Active Growth SMB,-0.31509362360622767,-0.037573575544824316,202668554,31.384
CUS-003579,2,Stable Mid-Market (Group 3),-1.1005164609844116,-1.572113519964884,2895750,37.228
CUS-003580,1,Enterprise Champions,2.992291845036236,-0.029987208054989542,811515752,59.8935
CUS-003581,0,Stable Mid-Market,-1.185676121310176,1.4365871462121085,2492441,23.3955
CUS-003582,2,Stable Mid-Market (Group 3),-1.2744192765155478,0.2680713755738485,4108943,27.672
CUS-003583,2,Stable Mid-Market (Group 3),-1.10252650191748,-1.0809115862303948,7256832,35.732
CUS-003584,0,Stable Mid-Market,-1.1264385413492741,2.3538430083023214,4993059,25.504
CUS-003585,0,Stable Mid-Market,-0.8871587591106491,3.3094052747547757,2958342,29.521
CUS-003586,2,Stable Mid-Market (Group 3),-1.6872430718759477,-0.17721544410137718,3052530,14.343500000000002
CUS-003587,3,Active Growth SMB,0.29092490226763484,0.6861261364568073,7852611,53.4885
CUS-003588,3,Active Growth SMB,-0.4414827877937127,0.04659084887404517,21602560,43.909
CUS-003589,0,Stable Mid-Market,-1.167911041198704,0.47431298153071433,3994767,27.4685
CUS-003590,2,Stable Mid-Market (Group 3),-1.0927704004262861,-0.9013638115546834,19525824,31.613000000000003
CUS-003591,0,Stable Mid-Market,-1.0316412327064781,0.41091597805072494,2106040,32.953
CUS-003592,0,Stable Mid-Market,-0.5526495770795692,0.7430955297472028,6270613,40.8235
CUS-003593,2,Stable Mid-Market (Group 3),-1.284492573357586,-0.14957234324372812,765599,21.6285
CUS-003594,1,Enterprise Champions,1.6909905845586874,-0.16014175818123602,482737943,54.4235
CUS-003595,1,Enterprise Champions,2.213138033792771,0.19669876606072487,210415912,64.003
CUS-003596,2,Stable Mid-Market (Group 3),-0.8570307681647988,-1.3073124799187426,2425896,45.006
CUS-003597,2,Stable Mid-Market (Group 3),-0.9096501115883244,0.03594430064686068,4031457,36.4245
CUS-003598,2,Stable Mid-Market (Group 3),-1.2705840279403997,-0.898367719668953,3404339,28.335
CUS-003599,3,Active Growth SMB,-0.5276341069992244,-0.5185570105297781,3955084,51.232000000000006
CUS-003600,0,Stable Mid-Market,-0.9772468407079863,0.28169543701178895,17762691,32.744
CUS-003601,2,Stable Mid-Market (Group 3),-0.6978501340331091,-1.2995346354714807,23631570,41.968500000000006
CUS-003602,1,Enterprise Champions,2.9079496350641736,0.18995519598221203,648602786,57.654
CUS-003603,3,Active Growth SMB,-0.4605351893077948,0.16431717132535947,8857844,40.024
CUS-003604,1,Enterprise Champions,1.4401093275112673,-0.05986337737161449,744088149,31.5295
CUS-003605,0,Stable Mid-Market,-0.9403275777380988,0.591548232862592,4993291,36.111
CUS-003606,3,Active Growth SMB,0.09005366494199828,-0.04682302237769678,38645185,42.1415
CUS-003607,3,Active Growth SMB,1.3350644274100678,0.6007140858597936,377679732,49.605
CUS-003608,1,Enterprise Champions,1.7740568967750063,-0.14433487695750719,405644939,50.173
CUS-003609,1,Enterprise Champions,3.0363830628197923,-0.06190925336796075,990239105,54.98
CUS-003610,1,Enterprise Champions,2.4073720544630417,0.041959830277794964,357509775,55.7165
CUS-003611,3,Active Growth SMB,-0.5051223005588208,-0.2056816904200846,19185450,45.714000000000006
CUS-003612,3,Active Growth SMB,-0.12299095787929258,-0.3706591115805323,15071998,50.542
CUS-003613,3,Active Growth SMB,0.272490227414863,0.7694702636400972,13094648,60.5495
CUS-003614,2,Stable Mid-Market (Group 3),-1.2389435611130444,-1.345277156763041,1081120,33.153
CUS-003615,2,Stable Mid-Market (Group 3),-0.6970664979568225,-1.104889750477851,16974635,42.497
CUS-003616,3,Active Growth SMB,-0.33099968272073055,-0.35892508421750563,19393438,52.306
CUS-003617,2,Stable Mid-Market (Group 3),-0.7970521951409595,0.022991415966765148,19781279,29.8345
CUS-003618,1,Enterprise Champions,2.143772778085725,0.9222690526944547,392725302,58.7375
CUS-003619,2,Stable Mid-Market (Group 3),-0.9312232971061101,-0.8314374556107869,8211371,37.27250000000001
CUS-003620,0,Stable Mid-Market,-1.2338654300572551,0.968130658400538,3001918,17.954500000000003
CUS-003621,0,Stable Mid-Market,-1.2186544220812139,2.193479188609693,21904230,16.450499999999998
CUS-003622,1,Enterprise Champions,4.955640175219756,0.6255555216360671,911939861,76.4605
CUS-003623,0,Stable Mid-Market,-0.5493041771825161,1.2500780894375259,8655202,40.0655
CUS-003624,0,Stable Mid-Market,-0.7752821700072776,0.637992817606284,1524895,38.078
CUS-003625,2,Stable Mid-Market (Group 3),-1.3172524718648355,-0.5267548294028451,18176708,24.422
CUS-003626,2,Stable Mid-Market (Group 3),-1.219835824905676,-0.6664392037023508,8599568,27.5515
CUS-003627,2,Stable Mid-Market (Group 3),-1.2947375324441006,-1.048717948836911,4285192,30.366
CUS-003628,2,Stable Mid-Market (Group 3),-0.8852798653601843,-0.17253146095953695,16720779,32.9575
CUS-003629,2,Stable Mid-Market (Group 3),-1.045918436079223,-0.41816734529431293,23156809,28.458
CUS-003630,1,Enterprise Champions,2.922147285898117,-0.2292106897282634,723708854,65.2855
CUS-003631,1,Enterprise Champions,1.6831780551054372,-0.6430726382385825,432596043,59.797
CUS-003632,2,Stable Mid-Market (Group 3),-1.5301784400574632,-0.4236539218727676,954225,22.706
CUS-003633,3,Active Growth SMB,0.653701066284072,0.9431215233581487,18984783,57.96999999999999
CUS-003634,2,Stable Mid-Market (Group 3),-0.8366728358149155,-0.6617603396914232,16067120,34.4555
CUS-003635,0,Stable Mid-Market,-0.8710482339816835,0.6263727346823224,10057170,32.179
CUS-003636,3,Active Growth SMB,0.5132540501977048,0.035820058632425295,393617430,33.212
CUS-003637,2,Stable Mid-Market (Group 3),-0.9595972138581295,-0.03223373042869492,3046486,36.448
CUS-003638,1,Enterprise Champions,3.722407797769468,0.5556746958450772,600461841,73.4785
CUS-003639,2,Stable Mid-Market (Group 3),-2.0237605933689196,-2.7226246841350545,648043,15.686000000000002
CUS-003640,2,Stable Mid-Market (Group 3),-0.6600869416806115,-0.9345137353044,20436348,44.6185
CUS-003641,3,Active Growth SMB,0.6053423546379403,-0.7015617886698047,185858781,52.486
CUS-003642,3,Active Growth SMB,0.8641132677032691,-0.17494918454054958,283428563,43.5925
CUS-003643,2,Stable Mid-Market (Group 3),-0.8387880775176799,-1.434226110746895,2646104,45.2605
CUS-003644,1,Enterprise Champions,2.1265873983693027,-1.014109594370901,703967240,57.845
CUS-003645,3,Active Growth SMB,0.5718863326742132,-1.1911239691758284,373463981,45.6765
CUS-003646,2,Stable Mid-Market (Group 3),-0.7292592698713013,-0.5437229213437296,2143900,45.7025
CUS-003647,3,Active Growth SMB,-0.1083109505446535,1.0060040418119294,9189278,50.394
CUS-003648,0,Stable Mid-Market,-1.0567073669238927,0.515939952566555,10162149,22.353
CUS-003649,1,Enterprise Champions,1.8799417736980544,0.23661749809665225,545068592,55.538
CUS-003650,2,Stable Mid-Market (Group 3),-1.270266326006311,-0.18229617368000886,1444137,30.3665
CUS-003651,3,Active Growth SMB,-0.5875403751481549,0.020147271598782716,16177020,40.294
CUS-003652,3,Active Growth SMB,0.40793792264039086,0.5427499871035439,35951560,45.871
CUS-003653,2,Stable Mid-Market (Group 3),-1.1168365929407715,-0.6532995808818116,9818467,31.143000000000004
CUS-003654,1,Enterprise Champions,1.9306471607084834,-1.4040231310144202,589477024,65.3275
CUS-003655,3,Active Growth SMB,-0.1981231463944728,-0.6570717792214064,21935386,50.1
CUS-003656,3,Active Growth SMB,0.9134421568283305,-0.5966907811107506,613030307,37.0385
CUS-003657,2,Stable Mid-Market (Group 3),-0.7590811692384367,-0.047991340905846266,43983508,28.8485
CUS-003658,2,Stable Mid-Market (Group 3),-1.6899769667909375,-1.7941013957978862,8356992,21.1025
CUS-003659,2,Stable Mid-Market (Group 3),-1.4148540897543151,-0.10002946868622314,945461,24.997
CUS-003660,3,Active Growth SMB,-0.1874256569505613,0.37599834304199664,68628899,34.0895
CUS-003661,1,Enterprise Champions,2.0221245503431557,-0.5956315289744154,640964170,55.450500000000005
CUS-003662,2,Stable Mid-Market (Group 3),-1.2160909298128437,-0.8182389853368015,1190667,31.2
CUS-003663,0,Stable Mid-Market,-1.1348772557176203,0.5014871389914052,378931,29.8285
CUS-003664,3,Active Growth SMB,-0.4350418398321243,0.5903829471005038,5945566,43.49
CUS-003665,1,Enterprise Champions,2.221299244683081,-0.13596778483880875,228670165,66.839
CUS-003666,2,Stable Mid-Market (Group 3),-1.257792159760866,0.2905017097006185,4020261,18.496
CUS-003667,3,Active Growth SMB,0.6294497958598256,0.22815485243572156,40995203,53.696
CUS-003668,1,Enterprise Champions,4.3209093407687,-0.16643504327956196,978357571,69.0495
CUS-003669,2,Stable Mid-Market (Group 3),-1.3231027648869176,-0.8612784093118595,10978702,25.4765
CUS-003670,3,Active Growth SMB,-0.17036979912882005,0.5005745121349983,15718963,49.432
CUS-003671,3,Active Growth SMB,-0.5493501226262413,-0.4258213537866607,11308515,42.1475
CUS-003672,3,Active Growth SMB,-0.11816169444594778,0.5757708006511568,22713100,44.723000000000006
CUS-003673,0,Stable Mid-Market,-1.6112004695114577,0.7434747015638988,4573217,16.658
CUS-003674,3,Active Growth SMB,-0.09962482508746838,-0.104258689485902,24626337,52.9985
CUS-003675,2,Stable Mid-Market (Group 3),-1.7394308874289486,-1.1774950073291068,4007418,18.868
CUS-003676,2,Stable Mid-Market (Group 3),-1.0538136933990094,-1.1547118536398602,1452018,35.0635
CUS-003677,0,Stable Mid-Market,-1.5450038199696239,0.7295322202998238,8383864,7.557
CUS-003678,2,Stable Mid-Market (Group 3),-0.6052275616576879,-0.3528443847452635,20409489,37.681
CUS-003679,1,Enterprise Champions,3.2189898706407742,-0.9357018745053391,870447040,63.819
CUS-003680,1,Enterprise Champions,2.3252279551400923,0.952396426664911,148848965,67.0745
CUS-003681,2,Stable Mid-Market (Group 3),-1.5595669068711169,0.2806464603755342,4786492,14.7335
CUS-003682,1,Enterprise Champions,3.9339406698549446,-0.16823103909633022,727446319,84.5595
CUS-003683,3,Active Growth SMB,-0.05557543769659664,-0.6722889750924862,13807227,52.9505
CUS-003684,2,Stable Mid-Market (Group 3),-0.8406700234830641,-0.6365410683373415,14864969,36.794500000000006
CUS-003685,1,Enterprise Champions,3.9663237311697683,-0.5256030869219269,926429520,75.49549999999999
CUS-003686,1,Enterprise Champions,2.1674481947974975,0.3252593304118725,503291539,52.858
CUS-003687,0,Stable Mid-Market,-0.8492810809915358,0.8445828034568138,23406074,29.549
CUS-003688,3,Active Growth SMB,-0.4418437423063264,0.73876956640198,1099997,44.2725
CUS-003689,2,Stable Mid-Market (Group 3),-0.8049491345639354,-0.012891304152260908,18102651,33.1805
CUS-003690,0,Stable Mid-Market,-1.1177424535962828,2.9346409953299535,23555840,16.084
CUS-003691,1,Enterprise Champions,3.968230054023726,-0.10573586822121545,887218726,63.383
CUS-003692,2,Stable Mid-Market (Group 3),-1.2529653185679577,-1.0273933179386547,11893465,31.011
CUS-003693,1,Enterprise Champions,1.8693532691503734,-0.6893618332473316,249119829,74.10950000000001
CUS-003694,3,Active Growth SMB,-0.30071592704262795,-0.07781612119144846,19955483,47.5175
CUS-003695,2,Stable Mid-Market (Group 3),-1.4568383992664005,-0.1703748894681201,273752,18.954
CUS-003696,2,Stable Mid-Market (Group 3),-0.8847403412001512,-0.023949225282295896,24788770,29.536
CUS-003697,3,Active Growth SMB,-0.3741775130418987,-0.1147774529329259,15034324,45.977500000000006
CUS-003698,1,Enterprise Champions,3.4700708154799016,-0.4088463179903725,741064756,79.4365
CUS-003699,1,Enterprise Champions,3.8206031136108054,-0.5978548214927502,850733251,75.00349999999999
CUS-003700,2,Stable Mid-Market (Group 3),-1.2035885994253543,-0.005585173360813389,9513373,23.599500000000003
CUS-003701,0,Stable Mid-Market,-1.6387836060883856,1.0616175624976307,4426898,13.4135
CUS-003702,2,Stable Mid-Market (Group 3),-0.7518987623466571,-1.1859234887791286,93243771,36.129
CUS-003703,3,Active Growth SMB,-0.14232684004987384,0.4737467825736113,17298390,45.078500000000005
CUS-003704,0,Stable Mid-Market,-0.47193036047058257,0.955125864379024,17094717,35.552499999999995
CUS-003705,1,Enterprise Champions,3.812074585491028,-0.03963975129073438,773219500,74.2935
CUS-003706,3,Active Growth SMB,1.170957398083344,0.0014632775372909693,144540143,58.0755
CUS-003707,2,Stable Mid-Market (Group 3),-0.6870030790707549,-0.4289003170040068,2803272,43.5845
CUS-003708,3,Active Growth SMB,-0.24518986152868422,-0.17729003287714326,11731760,47.003
CUS-003709,0,Stable Mid-Market,-1.1526074365822787,1.2444145262425768,17283129,22.572
CUS-003710,2,Stable Mid-Market (Group 3),-1.2990164605066488,-0.06476124217622706,1122635,24.9235
CUS-003711,0,Stable Mid-Market,-1.447496051592976,0.4684916357030736,4425433,20.8515
CUS-003712,0,Stable Mid-Market,-1.4829036383041267,1.5757080025993087,2249365,21.4005
CUS-003713,2,Stable Mid-Market (Group 3),-1.640151361945744,-0.5789263164146411,2778599,18.223
CUS-003714,0,Stable Mid-Market,-1.2092505418789932,0.4614857779897385,2794761,30.325
CUS-003715,0,Stable Mid-Market,-0.7629195595476399,5.357633961134849,2864765,33.428
CUS-003716,2,Stable Mid-Market (Group 3),-1.0034684248944987,-1.6473046945871794,1627384,41.2985
CUS-003717,0,Stable Mid-Market,-1.499774170526397,0.38456465515866195,1765249,14.908
CUS-003718,2,Stable Mid-Market (Group 3),-1.0855321078646931,-1.7301851917939155,909449,37.932500000000005
CUS-003719,2,Stable Mid-Market (Group 3),-1.6441962788435431,-1.2714616251858493,3710395,22.468
CUS-003720,0,Stable Mid-Market,-0.7035319189564215,1.526420280941482,15765887,35.853
CUS-003721,2,Stable Mid-Market (Group 3),-1.261153989512249,-0.8657469466876453,8862304,26.617500000000003
CUS-003722,3,Active Growth SMB,-0.1665503449904913,0.45859936475234253,22875730,51.9635
CUS-003723,2,Stable Mid-Market (Group 3),-1.4234557442339877,-0.7037981253998707,4847777,24.6885
CUS-003724,0,Stable Mid-Market,-0.9347032578053384,1.365893977829048,19209832,21.617
CUS-003725,2,Stable Mid-Market (Group 3),-1.8595042487974187,-0.41876850915418956,3129691,12.308
CUS-003726,2,Stable Mid-Market (Group 3),-1.5533794341936817,-1.1924951670284363,2786616,24.897
CUS-003727,2,Stable Mid-Market (Group 3),-0.9607154746152038,-1.2562174372857051,4266910,41.813500000000005
CUS-003728,1,Enterprise Champions,2.224462118657357,-0.45036308583360174,335469310,63.3605
CUS-003729,0,Stable Mid-Market,-1.2851263001866946,0.5664773267856067,3960067,25.138
CUS-003730,0,Stable Mid-Market,-1.151489152525137,1.4907640054622393,4914591,30.865
CUS-003731,2,Stable Mid-Market (Group 3),-1.0013194024822165,-1.0645760119416525,1286224,39.6175
CUS-003732,2,Stable Mid-Market (Group 3),-1.2795169985530288,-0.8473929829327096,2384453,28.67750000000001
CUS-003733,2,Stable Mid-Market (Group 3),-0.7701465249912398,-0.5741432296638701,22874610,37.9465
CUS-003734,2,Stable Mid-Market (Group 3),-0.8105720890724198,-0.31029189844049965,2811097,37.6155
CUS-003735,1,Enterprise Champions,3.499569220611361,-0.624563371467044,884190199,71.2105
CUS-003736,0,Stable Mid-Market,-1.1465958401980452,2.3835165758679637,4023039,20.8005
CUS-003737,1,Enterprise Champions,3.7134981840887047,-0.335711491204165,800818057,77.09349999999999
CUS-003738,2,Stable Mid-Market (Group 3),-0.889173145104626,-1.517902280201336,3541642,44.578500000000005
CUS-003739,3,Active Growth SMB,-0.6694877179810981,0.051345035777088724,325559,41.0685
CUS-003740,3,Active Growth SMB,-0.26546773287626246,-0.08235070754224061,23593297,42.9515
CUS-003741,1,Enterprise Champions,3.0793120679343207,0.17722423675626592,694716585,59.53500000000001
CUS-003742,1,Enterprise Champions,4.10122079915731,-0.41534382544691834,989828571,75.06700000000001
CUS-003743,0,Stable Mid-Market,-1.1930512307179493,1.4186270676134431,2804799,18.3195
CUS-003744,2,Stable Mid-Market (Group 3),-0.8290930439596043,-0.23904077505311347,10920930,32.253
CUS-003745,1,Enterprise Champions,1.567189004089795,0.4679327285626883,345988226,51.706500000000005
CUS-003746,2,Stable Mid-Market (Group 3),-1.373816322669751,-0.6477788167783923,2935978,27.696
CUS-003747,1,Enterprise Champions,3.308837939258754,0.1104817235373132,842803319,58.692
CUS-003748,2,Stable Mid-Market (Group 3),-1.9071262244394032,-2.198968139189494,2722980,17.4965
CUS-003749,0,Stable Mid-Market,-0.7464459885709058,0.5926262478105135,23697086,33.664
CUS-003750,1,Enterprise Champions,2.7439648238617003,-0.605876342379869,366327358,78.61250000000001
CUS-003751,1,Enterprise Champions,3.5273450176538192,-0.3144698838451403,704727016,71.9965
CUS-003752,3,Active Growth SMB,-0.7210840447950593,0.11134275878806704,4831822,37.9115
CUS-003753,3,Active Growth SMB,-0.46116593124741445,0.144631810554511,8617198,47.185500000000005
CUS-003754,2,Stable Mid-Market (Group 3),-1.3693579191970506,-1.6488927242774485,4848152,31.2
CUS-003755,3,Active Growth SMB,-0.4058877109804593,-0.8853371141964003,6293863,51.602
CUS-003756,3,Active Growth SMB,0.1854034273518645,0.9709438315790139,24363897,44.526
CUS-003757,3,Active Growth SMB,1.4686978888858848,0.2591041254525134,194373962,59.752500000000005
CUS-003758,3,Active Growth SMB,1.6516902891513867,-0.43485192526929395,119825794,68.15599999999999
CUS-003759,3,Active Growth SMB,-0.6067891779265432,-0.20165727163533637,1022622,42.9005
CUS-003760,1,Enterprise Champions,2.4396288421709054,-0.2165244009543432,499934756,59.2195
CUS-003761,0,Stable Mid-Market,-0.7055524056581898,0.5902381686422797,3584107,38.741
CUS-003762,0,Stable Mid-Market,-0.12218580117133686,1.5147292031179562,19058502,41.774
CUS-003763,1,Enterprise Champions,2.5745206586403695,0.3114185683737423,439154429,63.14
CUS-003764,3,Active Growth SMB,1.4029367519343563,-0.44985270613227185,182164918,59.752
CUS-003765,1,Enterprise Champions,2.9914720600588653,-0.5523845292204618,674794681,69.51849999999999
CUS-003766,0,Stable Mid-Market,-1.2218609665330284,0.5618612461976975,770928,25.809000000000005
CUS-003767,3,Active Growth SMB,-0.08501354271217106,0.8289025502112859,13161197,54.63300000000001
CUS-003768,0,Stable Mid-Market,-0.33039126507172945,2.6266526263235725,22502102,48.4015
CUS-003769,3,Active Growth SMB,-0.4900800389619548,0.019055690448470254,15305737,41.9605
CUS-003770,2,Stable Mid-Market (Group 3),-1.279305483785023,-0.6254863004776917,6228178,30.9835
CUS-003771,0,Stable Mid-Market,-0.6938804131481295,1.3529364668425439,4099862,40.849
CUS-003772,2,Stable Mid-Market (Group 3),-2.1072872145861212,-1.1898196640393488,991152,8.6605
CUS-003773,3,Active Growth SMB,-0.6663632573410863,0.1795315661365268,11217766,41.1015
CUS-003774,2,Stable Mid-Market (Group 3),-1.2256540585246756,-0.8173442015171788,3302614,30.0125
CUS-003775,3,Active Growth SMB,-0.5991285453503145,0.11243916131742633,3138858,40.2725
CUS-003776,2,Stable Mid-Market (Group 3),-1.3668462234212666,-1.0497631059823123,15046327,28.3715
CUS-003777,2,Stable Mid-Market (Group 3),-1.7184255208621944,-0.3117489073458127,324225,16.104
CUS-003778,3,Active Growth SMB,0.2875988770538331,0.7773428942275596,73247642,50.1155
CUS-003779,2,Stable Mid-Market (Group 3),-1.1489120151905938,-0.08423106105779976,1756327,29.194000000000003
CUS-003780,0,Stable Mid-Market,-1.28184155169129,0.3166721319777966,4793057,23.584
CUS-003781,3,Active Growth SMB,1.0424489315327434,-0.46227941376378656,431052310,48.4495
CUS-003782,2,Stable Mid-Market (Group 3),-0.9645929850447589,-1.71671765445468,1357901,42.627
CUS-003783,0,Stable Mid-Market,-0.6212676844737177,1.7593431092123202,1600830,41.8305
CUS-003784,1,Enterprise Champions,1.4932484298584254,-0.801526509101633,545736190,53.986
CUS-003785,2,Stable Mid-Market (Group 3),-0.5378110899356372,-1.6534610985253326,8532243,49.144
CUS-003786,2,Stable Mid-Market (Group 3),-1.9350827880800017,-2.006528085540068,4079452,16.113500000000002
CUS-003787,0,Stable Mid-Market,-0.8721380973514894,1.7960335370729426,545503,38.405
CUS-003788,1,Enterprise Champions,3.499679050857557,0.14490660648308895,693998536,70.01599999999999
CUS-003789,3,Active Growth SMB,-0.2258013271738683,0.6878279236602118,2524189,43.5595
CUS-003790,2,Stable Mid-Market (Group 3),-1.007456242877884,-0.9261443950864235,11895054,35.339
CUS-003791,1,Enterprise Champions,2.0906506707187744,-0.3927767758741064,470511763,68.778
CUS-003792,2,Stable Mid-Market (Group 3),-1.3807380315027762,-0.7368700372210998,9331590,26.56
CUS-003793,1,Enterprise Champions,4.099176557583588,-0.2543533538526917,897781952,72.901
CUS-003794,1,Enterprise Champions,3.7708694728820893,-0.4462526665713147,838576944,66.285
CUS-003795,3,Active Growth SMB,-0.7333491404251747,-0.15485677425986702,11905339,42.727
CUS-003796,2,Stable Mid-Market (Group 3),-1.2892811142221228,-0.646934477067255,10098068,28.793
CUS-003797,3,Active Growth SMB,-0.6778483889269188,0.33148611176360804,15635326,34.9135
CUS-003798,2,Stable Mid-Market (Group 3),-1.2252341685472512,0.18947992313520343,2188435,28.2285
CUS-003799,0,Stable Mid-Market,-0.4584021134289402,0.8884563789098364,19576821,41.9955
CUS-003800,3,Active Growth SMB,0.7899247045112148,0.847754351282443,315676021,38.7705
CUS-003801,1,Enterprise Champions,4.433083327467511,-0.2951674561771602,792619844,81.095
CUS-003802,1,Enterprise Champions,3.471697236832105,0.09000797690417263,627393691,73.184
CUS-003803,3,Active Growth SMB,-0.37246688123548105,-0.41546922491981997,10054728,47.0895
CUS-003804,1,Enterprise Champions,2.6726729720973745,-0.23245731677359102,722610853,56.81
CUS-003805,1,Enterprise Champions,4.660050723701379,0.16761683567070282,663157589,84.079
CUS-003806,1,Enterprise Champions,3.0745445288591746,0.7358680319327571,766385207,59.071
CUS-003807,2,Stable Mid-Market (Group 3),-1.2996460512779688,-0.7667852088535674,14082054,23.9175
CUS-003808,3,Active Growth SMB,-0.42860958759192436,-0.7402321873991968,19377515,50.29900000000001
CUS-003809,0,Stable Mid-Market,-0.9021757436649378,1.3637445635792094,4075848,33.239000000000004
CUS-003810,0,Stable Mid-Market,-1.2775976677863794,1.5305873369564946,4221581,23.756
CUS-003811,3,Active Growth SMB,-0.2389530004543696,-0.34992789734486596,14283571,52.138
CUS-003812,3,Active Growth SMB,1.3511938062476343,0.7642698174428714,190985622,55.6945
CUS-003813,0,Stable Mid-Market,-1.4057016940948146,0.37214311293082614,22674062,25.0395
CUS-003814,1,Enterprise Champions,1.9534783850356146,-0.6000880147604082,561747315,59.402
CUS-003815,3,Active Growth SMB,-0.26696009201113396,0.48951658574264806,7458398,47.29200000000001
CUS-003816,3,Active Growth SMB,-0.7963811295689581,0.30682684174275704,19081802,36.4265
CUS-003817,2,Stable Mid-Market (Group 3),-0.43778808438477274,-0.9011924561064585,19411544,45.371500000000005
CUS-003818,3,Active Growth SMB,1.2181924142659983,-0.16759014980162248,96216665,64.43549999999999
CUS-003819,3,Active Growth SMB,-0.5270143347919702,-0.12916906550487842,6287899,45.535
CUS-003820,2,Stable Mid-Market (Group 3),-1.0569317338193214,-1.373494109720512,3178000,37.104
CUS-003821,2,Stable Mid-Market (Group 3),-1.4882538296384946,-1.6408660755066344,4942344,26.421
CUS-003822,2,Stable Mid-Market (Group 3),-0.8533604088928767,-1.1703780219751074,21954915,37.556
CUS-003823,0,Stable Mid-Market,-0.6029157997702159,0.8371917268980621,23109216,40.869
CUS-003824,1,Enterprise Champions,2.3183736521647464,-0.15992099500421797,431205542,61.22549999999999
CUS-003825,2,Stable Mid-Market (Group 3),-1.6350212556200572,-2.7845390179875484,1844579,26.821
CUS-003826,0,Stable Mid-Market,-0.4714008643397897,1.8364139532395878,4695126,32.751999999999995
CUS-003827,1,Enterprise Champions,3.222620448667198,-0.2107335054337432,751100013,69.2315
CUS-003828,0,Stable Mid-Market,-0.6064933161540306,2.3003866430290856,14972261,35.694
CUS-003829,2,Stable Mid-Market (Group 3),-0.9378993731904522,-0.49885471099934864,3957911,37.6675
CUS-003830,3,Active Growth SMB,-0.05600745171365791,0.5016103258272167,5406871,49.306
CUS-003831,2,Stable Mid-Market (Group 3),-1.3032279935078004,-0.5988102455198321,8239988,27.4755
CUS-003832,0,Stable Mid-Market,-0.7729890094186133,1.3345721779648538,8160543,35.0865
CUS-003833,3,Active Growth SMB,0.3444043055753577,0.6167752296903886,4998733,59.721
CUS-003834,3,Active Growth SMB,-0.4695525828828525,-0.5142140550704386,11121912,47.682500000000005
CUS-003835,3,Active Growth SMB,0.09254688395835495,-0.3914519233736662,14796752,55.712
CUS-003836,0,Stable Mid-Market,0.039644982781053786,1.3658629708562204,9501194,47.7715
CUS-003837,2,Stable Mid-Market (Group 3),-0.5850189693749664,-0.8371501953711686,17528794,44.063
CUS-003838,1,Enterprise Champions,4.901223351314393,-0.4810700908642224,949186093,82.021
CUS-003839,0,Stable Mid-Market,-1.6411710666266992,1.5520989394914042,4571559,11.660999999999998
CUS-003840,0,Stable Mid-Market,-0.10909297877792765,1.8232131183022018,4276740,44.788
CUS-003841,3,Active Growth SMB,-0.6000836482341104,0.002348423473751832,9512400,41.5595
CUS-003842,3,Active Growth SMB,-0.150041375895172,0.4765428654904241,16309904,50.093
CUS-003843,0,Stable Mid-Market,-1.2919956519076055,0.8041210953768204,11324438,19.4585
CUS-003844,2,Stable Mid-Market (Group 3),-1.4160175668316188,-0.5011556995840732,15581826,21.6875
CUS-003845,2,Stable Mid-Market (Group 3),-1.4784760505456989,-1.445115434604561,378722,25.1795
CUS-003846,3,Active Growth SMB,-0.030171569354497833,0.06875754317076145,20211887,45.199
CUS-003847,2,Stable Mid-Market (Group 3),-1.3261850428872486,0.08567433977968326,4766206,25.570500000000003
CUS-003848,0,Stable Mid-Market,-1.1137361777845816,1.1865308929228768,2446683,24.814
CUS-003849,1,Enterprise Champions,3.229920293792175,-0.26093526592839517,743716721,68.654
CUS-003850,3,Active Growth SMB,-0.2563072051007119,0.3342107878984329,9983604,47.013
CUS-003851,3,Active Growth SMB,0.026093031147677158,0.5191652043929605,11843740,47.187
CUS-003852,1,Enterprise Champions,4.239845967309033,-0.04538664384321484,864824777,73.60849999999999
CUS-003853,2,Stable Mid-Market (Group 3),-1.2444193584259866,-0.16146433768284757,21227052,19.576
CUS-003854,0,Stable Mid-Market,-0.6158935866118431,0.6864415639121384,18512959,37.176
CUS-003855,3,Active Growth SMB,0.13993823862829044,0.2521480662820328,9277728,48.9585
CUS-003856,1,Enterprise Champions,1.961328236455111,-0.022406362091432507,328114988,62.0075
CUS-003857,2,Stable Mid-Market (Group 3),-1.476210752426241,-0.5404526786502128,3835100,20.892
CUS-003858,3,Active Growth SMB,-0.29433149314310114,-0.1826618799401951,12889812,45.605500000000006
CUS-003859,2,Stable Mid-Market (Group 3),-1.440133226619604,-1.03488509843848,3257435,27.671500000000005
CUS-003860,1,Enterprise Champions,2.5774488311045713,-0.01641344520915541,299138150,71.7105
CUS-003861,0,Stable Mid-Market,-1.043732697837992,1.7991920475469576,11294035,21.883
CUS-003862,1,Enterprise Champions,4.161242894975244,-0.4359131036523811,753216009,86.7515
CUS-003863,3,Active Growth SMB,-0.583529477670204,0.3117532742957081,22373473,40.948
CUS-003864,0,Stable Mid-Market,-0.6069850481896204,1.3751757810520788,5877580,34.782
CUS-003865,2,Stable Mid-Market (Group 3),-0.8018839865010372,-0.37576087584664625,4326544,41.0155
CUS-003866,0,Stable Mid-Market,-0.9119654561090098,1.1279964283885116,23938946,32.557
CUS-003867,3,Active Growth SMB,-0.03476054109281521,0.01847198851878388,22344559,53.11
CUS-003868,1,Enterprise Champions,1.7468894450796213,-0.04460562608091901,624698904,39.5335
CUS-003869,3,Active Growth SMB,0.1184374482252964,0.298679367334222,22495512,54.423
CUS-003870,2,Stable Mid-Market (Group 3),-1.4681230048648848,-0.019301139640571147,7833915,20.64
CUS-003871,0,Stable Mid-Market,-0.6263211642428446,0.8751576881834451,3809375,35.4015
CUS-003872,3,Active Growth SMB,1.2945366673781071,-0.043248884995693335,485573346,48.572500000000005
CUS-003873,1,Enterprise Champions,4.576883078633191,-0.1409373393141773,932489172,82.0395
CUS-003874,1,Enterprise Champions,2.8143589958893203,-0.5563845383225529,684351507,65.2395
CUS-003875,2,Stable Mid-Market (Group 3),-1.5974783710481932,-2.07343347921836,3819541,25.8975
CUS-003876,3,Active Growth SMB,0.12343909932345089,0.5736792890469489,21117568,51.538
CUS-003877,3,Active Growth SMB,1.1603296848460332,-0.02246011082442599,378906133,52.319
CUS-003878,2,Stable Mid-Market (Group 3),-1.2026943643989056,-0.3282940512530136,1687058,27.7385
CUS-003879,1,Enterprise Champions,1.8472682216770324,0.004241151161354656,495488780,48.361
CUS-003880,2,Stable Mid-Market (Group 3),-0.8840513957841959,-0.07189096703074015,13358054,33.730000000000004
CUS-003881,3,Active Growth SMB,-0.6630118047597524,0.5764940852067778,1673855,42.841
CUS-003882,0,Stable Mid-Market,-1.0096782307347356,0.9231852584285788,2533123,30.315
CUS-003883,0,Stable Mid-Market,-1.0115850997304954,0.5463425790847358,3988716,31.607
CUS-003884,3,Active Growth SMB,-0.2107572807667383,-0.6795008967630326,20710778,49.986
CUS-003885,0,Stable Mid-Market,-1.6028012981643411,1.7509283340396264,4009308,13.883
CUS-003886,3,Active Growth SMB,0.6623168939479535,0.08729525569337795,223341487,52.801
CUS-003887,2,Stable Mid-Market (Group 3),-1.7621324946344683,-2.7397744123274292,2583105,23.0565
CUS-003888,2,Stable Mid-Market (Group 3),-0.8928440204533425,-1.095865508429591,4062576,41.2055
CUS-003889,2,Stable Mid-Market (Group 3),-1.9715282882577165,-0.4460834231448156,840998,9.372
CUS-003890,1,Enterprise Champions,2.6073744887846955,-0.16981709147874877,542014307,66.1705
CUS-003891,3,Active Growth SMB,1.3128389962227554,0.18395241922986047,104690909,64.2445
CUS-003892,2,Stable Mid-Market (Group 3),-1.3279977122651456,-0.5969973117121046,14675371,24.655
CUS-003893,2,Stable Mid-Market (Group 3),-0.6986896288412756,-0.009406940002809267,3876623,34.827
CUS-003894,0,Stable Mid-Market,-0.4643958611196175,1.4699933088999173,8711538,39.828
CUS-003895,0,Stable Mid-Market,-0.9140610954992436,0.8782297604480165,3024405,33.155
CUS-003896,2,Stable Mid-Market (Group 3),-1.7098857756100727,-1.0946838042792986,7775641,17.265
CUS-003897,3,Active Growth SMB,-0.4275293765154317,-0.36849578371555564,15379039,43.025
CUS-003898,2,Stable Mid-Market (Group 3),-0.8221466980053892,-0.28844005502197567,24418284,33.8885
CUS-003899,1,Enterprise Champions,3.489222455801469,0.25103381673940783,750649096,62.23500000000001
CUS-003900,1,Enterprise Champions,3.3320165728462237,-0.06628766297464771,584879195,80.04650000000001
CUS-003901,3,Active Growth SMB,0.880703030603438,-0.14856765442975375,142366235,53.31
CUS-003902,0,Stable Mid-Market,-0.6877900477964672,0.553644657319148,4577362,40.682500000000005
CUS-003903,2,Stable Mid-Market (Group 3),-1.5055102621315037,-0.16164324746044942,806323,20.555
CUS-003904,3,Active Growth SMB,-0.4092067732516591,0.18014478584559943,15958728,43.259
CUS-003905,3,Active Growth SMB,0.24537729604367245,0.10375034510103961,23688243,54.5135
CUS-003906,3,Active Growth SMB,-0.1624085351060071,0.2892135523315593,4764206,51.450500000000005
CUS-003907,2,Stable Mid-Market (Group 3),-1.680082785227825,-0.2303779697232946,1055664,13.912999999999998
CUS-003908,0,Stable Mid-Market,-0.9301615344748128,2.1107031455195826,4256335,33.829
CUS-003909,3,Active Growth SMB,-0.24445258351361956,0.357243479227283,21643680,49.033
CUS-003910,2,Stable Mid-Market (Group 3),-1.7810219179412847,0.029364680937413234,4928075,12.887
CUS-003911,2,Stable Mid-Market (Group 3),-0.5341852509588312,-0.7137833155546742,17198613,43.13249999999999
CUS-003912,2,Stable Mid-Market (Group 3),-0.8742820681017558,-0.017939099284505343,13230293,34.843500000000006
CUS-003913,0,Stable Mid-Market,-1.1893356044792727,0.9663488377314107,4219820,24.977
CUS-003914,3,Active Growth SMB,1.2912465297131481,0.5800405292644257,23929482,68.93599999999999
CUS-003915,2,Stable Mid-Market (Group 3),-0.6077220112484583,-1.5112456258319273,5830546,47.457
CUS-003916,3,Active Growth SMB,-0.5878349339121489,-0.34569633994580107,17381701,43.1485
CUS-003917,3,Active Growth SMB,0.2084387413223234,0.9970776263488675,7597806,53.328500000000005
CUS-003918,2,Stable Mid-Market (Group 3),-0.6932457415034848,-0.45307039334439714,18914453,41.576
CUS-003919,3,Active Growth SMB,-0.42724831621117026,-0.4175601744894841,14589483,43.4155
CUS-003920,0,Stable Mid-Market,-1.1816911807596386,0.9454612968958308,20459889,15.63
CUS-003921,1,Enterprise Champions,2.1711776268620655,-0.6730840376121521,329464878,68.79599999999999
CUS-003922,3,Active Growth SMB,-0.8311798496783422,0.2231875289823479,2237723,39.257
CUS-003923,2,Stable Mid-Market (Group 3),-0.8733476502811877,-0.23548519904245058,3603202,35.43600000000001
CUS-003924,0,Stable Mid-Market,-1.644008089712342,1.6248178367799035,282828,15.0665
CUS-003925,3,Active Growth SMB,1.4597104612837768,-0.027603996921311515,54640537,59.579
CUS-003926,3,Active Growth SMB,0.12499492673472598,-0.5749513889186236,5301997,61.2905
CUS-003927,2,Stable Mid-Market (Group 3),-1.139255750254772,-0.2815801349076479,18640384,33.302
CUS-003928,3,Active Growth SMB,-0.11177483418430571,-0.3946626190685193,543181,53.8345
CUS-003929,1,Enterprise Champions,2.6421104441774883,-0.6284179433289651,979289000,58.227
CUS-003930,2,Stable Mid-Market (Group 3),-1.5815355253804184,-0.7289220480694816,2992609,22.8655
CUS-003931,3,Active Growth SMB,0.4345406354079641,0.05622737555179472,15876663,61.718500000000006
CUS-003932,2,Stable Mid-Market (Group 3),-0.8143082066850686,0.07649323098049692,22713652,35.5185
CUS-003933,0,Stable Mid-Market,-0.8600421475088814,0.9527957504722605,2881460,35.908
CUS-003934,1,Enterprise Champions,1.6732098041882273,0.3002616806337031,304366787,57.9935
CUS-003935,2,Stable Mid-Market (Group 3),-0.6128873289742164,-1.2555810270988386,22003117,42.9105
CUS-003936,1,Enterprise Champions,2.78330026391176,-0.7814164955357927,685398583,69.6775
CUS-003937,2,Stable Mid-Market (Group 3),-0.6956838504786854,-1.0268902614570607,15521666,42.894
CUS-003938,3,Active Growth SMB,-0.2089762877526497,-0.5860634651945439,2669736,52.237
CUS-003939,2,Stable Mid-Market (Group 3),-0.8931333424605405,-0.5427760173486583,21273276,39.888000000000005
CUS-003940,3,Active Growth SMB,0.5953342882224866,-0.9798527063625391,396645333,38.2645
CUS-003941,1,Enterprise Champions,2.7635896637671133,-0.6758038293397471,833986247,58.403000000000006
CUS-003942,1,Enterprise Champions,3.1211858996850563,1.0411055953986623,357048327,59.101
CUS-003943,1,Enterprise Champions,1.9162706520972166,0.3381124831595221,504080735,54.2335
CUS-003944,2,Stable Mid-Market (Group 3),-1.1419186259610086,-0.40955588281252464,19809249,29.65450000000001
CUS-003945,2,Stable Mid-Market (Group 3),-0.3270079640929738,-0.3421799759417281,152601436,34.387
CUS-003946,2,Stable Mid-Market (Group 3),-1.6503086071449984,-0.44555020206695606,1301757,18.4285
CUS-003947,1,Enterprise Champions,2.031483049107172,0.26652452912750524,217679470,63.063
CUS-003948,1,Enterprise Champions,3.35884579826342,-0.16398852229906435,880547704,69.4845
CUS-003949,0,Stable Mid-Market,-1.2751289236075634,2.120439241878789,4466388,20.0795
CUS-003950,2,Stable Mid-Market (Group 3),-1.1960197242165993,-0.11227247357683753,20505191,25.79
CUS-003951,0,Stable Mid-Market,-0.6710773325763242,3.2599139776144757,4829640,35.6825
CUS-003952,0,Stable Mid-Market,-1.145983282608498,1.6133254013239453,2079500,27.367500000000003
CUS-003953,2,Stable Mid-Market (Group 3),-1.2625775361338456,-1.413355028522771,3529091,31.458
CUS-003954,2,Stable Mid-Market (Group 3),-1.5016397680057725,-0.9797535069224157,4575918,24.9765
CUS-003955,1,Enterprise Champions,2.886354068341622,0.5041458775921539,890349882,52.132000000000005
CUS-003956,3,Active Growth SMB,-0.19724722475038642,0.39050964158947227,3864308,51.276
CUS-003957,2,Stable Mid-Market (Group 3),-0.9659721300817181,-0.8686123413524878,1870030,38.41
CUS-003958,2,Stable Mid-Market (Group 3),-1.6041658455267018,0.16964524276169965,1458993,16.4695
CUS-003959,1,Enterprise Champions,3.748907851646388,-0.19101232496395382,809373537,77.147
CUS-003960,3,Active Growth SMB,0.6228327737499656,1.3633996790905256,7747515,59.185
CUS-003961,3,Active Growth SMB,-0.4613213761887369,-0.37301451833203875,18269212,44.8215
CUS-003962,1,Enterprise Champions,1.5455368690906501,0.11169484309731968,385100915,46.6075
CUS-003963,3,Active Growth SMB,0.33399069470220816,0.5531220798301211,19674714,60.2955
CUS-003964,1,Enterprise Champions,3.4445346123779848,0.0017600273689291508,681575916,69.60050000000001
CUS-003965,3,Active Growth SMB,-0.17301646122667882,-0.20920531666741637,16028036,45.9175
CUS-003966,1,Enterprise Champions,3.6136245457559393,-0.37319787031618146,963799986,62.265
CUS-003967,2,Stable Mid-Market (Group 3),-0.6820451334767558,-1.1258115260919672,21743498,44.108
CUS-003968,1,Enterprise Champions,2.7917751135076134,-0.3983371470724951,745385738,59.2515
CUS-003969,3,Active Growth SMB,-0.48758910524794785,-0.034161324959249895,7643683,39.551
CUS-003970,3,Active Growth SMB,0.7250082502196161,-1.2804608369981034,135636582,64.734
CUS-003971,0,Stable Mid-Market,-1.4464132713640114,1.0634469593526155,534015,22.1415
CUS-003972,1,Enterprise Champions,2.343841817184151,0.0029228308544872648,392190510,66.803
CUS-003973,3,Active Growth SMB,-0.3780940879740604,-0.30368785059270215,15814367,45.901500000000006
CUS-003974,3,Active Growth SMB,-0.1956987973150015,-0.7803181754960319,26218794,45.2645
CUS-003975,1,Enterprise Champions,2.8165135310597567,-0.04144376353598862,757373231,58.7105
CUS-003976,1,Enterprise Champions,3.904761183461533,-0.41093730669951606,935656018,72.22999999999999
CUS-003977,1,Enterprise Champions,4.20711182218911,0.14770213938116625,719817063,79.06700000000001
CUS-003978,3,Active Growth SMB,0.9653742874866412,0.6652902497982482,120878786,54.571
CUS-003979,3,Active Growth SMB,-0.7097364953448739,0.19973669799888213,24465695,31.9145
CUS-003980,2,Stable Mid-Market (Group 3),-0.8916615478253116,-0.25257252988047046,15992987,35.26050000000001
CUS-003981,3,Active Growth SMB,-0.04683357008724294,0.13729259703911567,118744844,38.1365
CUS-003982,2,Stable Mid-Market (Group 3),-0.9407664448753457,-0.1831315277222384,6766647,32.0685
CUS-003983,2,Stable Mid-Market (Group 3),-0.8754793674013057,-0.07878683681659308,7736716,33.2795
CUS-003984,1,Enterprise Champions,3.1770824505282342,-0.789888213728453,803123110,68.856
CUS-003985,0,Stable Mid-Market,-1.212704863971813,0.6375183718404893,7689637,26.7165
CUS-003986,1,Enterprise Champions,2.3490474173172915,-0.13603394778175462,487893889,61.1405
CUS-003987,1,Enterprise Champions,2.5958765770085797,-0.7800585966494068,608346272,67.0265
CUS-003988,0,Stable Mid-Market,-0.44512080233303103,0.6666133169924257,8427376,35.9035
CUS-003989,2,Stable Mid-Market (Group 3),-2.0857207741763077,-1.4896972681506462,4035031,9.9935
CUS-003990,0,Stable Mid-Market,-1.0603935614630542,2.0220742932907996,3514802,30.407
CUS-003991,2,Stable Mid-Market (Group 3),-0.6117929185257771,-0.9513729102618305,1942799,47.946
CUS-003992,3,Active Growth SMB,-0.17589224520231608,0.4219969903132075,21206033,45.5225
CUS-003993,1,Enterprise Champions,2.744615764992746,-0.4057516126717015,740836107,66.023
CUS-003994,2,Stable Mid-Market (Group 3),-1.0227599603852664,-0.553983725018534,20138510,35.4025
CUS-003995,1,Enterprise Champions,2.7363267352014593,0.17531092760445355,580835983,64.2235
CUS-003996,1,Enterprise Champions,2.9875245124376844,0.03478864429678421,892477906,59.5065
CUS-003997,1,Enterprise Champions,3.152259339040361,-0.40855721813947493,707578326,70.25750000000001
CUS-003998,0,Stable Mid-Market,-1.132745678202074,1.7388683525597037,9296244,23.324
CUS-003999,2,Stable Mid-Market (Group 3),-0.9957396712596575,-0.6917462209158038,7907083,36.5285
CUS-004000,1,Enterprise Champions,2.054958572406977,-0.37447777681153127,544602105,53.609
CUS-004001,0,Stable Mid-Market,-1.1612446999675217,0.9993798322555354,3941750,27.164
CUS-004002,0,Stable Mid-Market,-1.2574330510945475,1.1885051376068438,6689789,17.418
CUS-004003,0,Stable Mid-Market,-1.0804042787900827,1.09333756884811,3435830,29.1605
CUS-004004,1,Enterprise Champions,4.302488194744434,-0.043707187529729505,860751040,72.357
CUS-004005,3,Active Growth SMB,-0.3526660497427471,-0.08990660667167485,15002552,47.525
CUS-004006,3,Active Growth SMB,0.9881624750521713,-0.49956051485527836,147753359,56.724
CUS-004007,0,Stable Mid-Market,-0.7702178481462746,0.5559551542325496,18272025,33.510000000000005
CUS-004008,1,Enterprise Champions,3.1707225892261905,0.374532597817119,626212940,67.64150000000001
CUS-004009,1,Enterprise Champions,3.9328543444994084,-0.284195227473585,660388688,80.8405
CUS-004010,2,Stable Mid-Market (Group 3),-0.8813125997296153,-0.40732948445096384,24217351,34.807500000000005
CUS-004011,1,Enterprise Champions,1.5403963494885524,-1.3196303903361544,506836312,56.9825
CUS-004012,3,Active Growth SMB,0.7539767787398943,-0.2807078483902785,222512602,51.42150000000001
CUS-004013,2,Stable Mid-Market (Group 3),-1.4130699959098163,-0.4733354538555018,325855,27.1425
CUS-004014,3,Active Growth SMB,0.5406041691471921,-0.8716445477730924,183601512,54.319500000000005
CUS-004015,2,Stable Mid-Market (Group 3),-0.7956596994824171,-0.4333590994425342,9537099,42.060500000000005
CUS-004016,2,Stable Mid-Market (Group 3),-0.9552731720045358,0.24973192264145508,21032525,32.072
CUS-004017,1,Enterprise Champions,1.8816406869842575,-0.2777070942622365,476258065,55.510000000000005
CUS-004018,3,Active Growth SMB,-0.32638756943257596,0.7304318638061537,22892906,43.4025
CUS-004019,1,Enterprise Champions,1.8307849792019795,0.09882465650977355,324150178,58.0945
CUS-004020,2,Stable Mid-Market (Group 3),-0.8338457535750909,-0.6220300232580249,1288748,37.736
CUS-004021,3,Active Growth SMB,-0.030678414218042318,-0.3431683225187406,174523524,46.1405
CUS-004022,1,Enterprise Champions,4.703005474210287,0.08283538171137252,960755035,67.70150000000001
CUS-004023,3,Active Growth SMB,-0.6120490379995924,-0.0016590614557634065,4360403,41.558
CUS-004024,0,Stable Mid-Market,-1.1991223353726082,1.1126197786794774,3252393,30.4535
CUS-004025,2,Stable Mid-Market (Group 3),-1.577797250402887,-1.6467375371254545,2328727,24.972
CUS-004026,2,Stable Mid-Market (Group 3),-0.768366136349397,-0.3708567393529908,4341861,38.042
CUS-004027,0,Stable Mid-Market,-0.8349543628806545,0.5883755973874598,9921636,34.718
CUS-004028,3,Active Growth SMB,0.43160725111302517,1.2371615070069455,23392869,57.021
CUS-004029,2,Stable Mid-Market (Group 3),-0.8665065864151776,-0.7431929079671908,8405021,33.8255
CUS-004030,2,Stable Mid-Market (Group 3),-0.6994374143927797,-1.2059511424964777,2985184,45.819
CUS-004031,3,Active Growth SMB,0.037213094422849674,-0.0036732915992621564,16980405,53.334500000000006
CUS-004032,0,Stable Mid-Market,-0.4501727274002869,1.3951052226368093,22411445,36.422
CUS-004033,3,Active Growth SMB,-0.40486142774182426,-0.8042593321265502,23238928,46.1455
CUS-004034,3,Active Growth SMB,-0.5462350805264725,-0.6335479494683457,20776801,45.535
CUS-004035,1,Enterprise Champions,1.7951864824969388,0.1746551451342771,464566599,50.80850000000001
CUS-004036,2,Stable Mid-Market (Group 3),-0.7974979192474199,-0.3029792055419182,5010126,39.81
CUS-004037,3,Active Growth SMB,-0.1204976922958315,0.027769726917220437,19186837,53.1385
CUS-004038,0,Stable Mid-Market,-0.5867215265761935,1.2910543485064676,4586041,40.727500000000006
CUS-004039,3,Active Growth SMB,-0.5780594510941446,0.3408222412449009,16488584,41.3275
CUS-004040,0,Stable Mid-Market,-0.848753415531031,0.3310925287620196,4802931,32.0195
CUS-004041,2,Stable Mid-Market (Group 3),-0.901957611724459,0.1394172397552053,17508225,34.251000000000005
CUS-004042,0,Stable Mid-Market,-1.3071710007472384,1.6328486142473495,4521382,22.59
CUS-004043,1,Enterprise Champions,2.154063503301121,-0.6798925109836449,575024533,68.5245
CUS-004044,3,Active Growth SMB,-0.5722177573247347,-0.0800956851906645,4774189,45.2345
CUS-004045,0,Stable Mid-Market,-0.3019589445718773,1.5526814695476203,10947711,45.623000000000005
CUS-004046,3,Active Growth SMB,0.9114723084058155,-0.13223662547543194,118042010,61.5255
CUS-004047,1,Enterprise Champions,3.0961829579235363,-0.14677401180037564,679940679,70.2975
CUS-004048,1,Enterprise Champions,3.9897751131547015,-0.4884418461446476,971763561,76.4135
CUS-004049,2,Stable Mid-Market (Group 3),-1.0596947148644793,-0.04348795349570203,8728531,27.876
CUS-004050,2,Stable Mid-Market (Group 3),-1.0238639546668462,-1.0785918549197293,4165730,36.7385
CUS-004051,0,Stable Mid-Market,-1.2307224591195203,0.5423352628162118,346964,29.6515
CUS-004052,3,Active Growth SMB,-0.19997934374396367,-0.6200974409855295,14326821,52.8795
CUS-004053,0,Stable Mid-Market,-0.5419259202052019,1.3470394015708065,14048855,37.8865
CUS-004054,3,Active Growth SMB,0.14596869469484317,1.0878054470458713,21810265,53.221
CUS-004055,2,Stable Mid-Market (Group 3),-1.5586917554756907,-1.123415972051781,4451212,22.493
CUS-004056,0,Stable Mid-Market,-0.814101323202026,1.7741100098198124,511151,29.1085
CUS-004057,3,Active Growth SMB,-0.7758654963911399,0.15142781796284333,8082594,38.3265
CUS-004058,0,Stable Mid-Market,-0.954744536977215,4.229335016513734,1214778,24.9285
CUS-004059,3,Active Growth SMB,-0.5100499871119735,-0.18779508564386593,5911647,42.124
CUS-004060,2,Stable Mid-Market (Group 3),-1.1695558907526313,-1.485179568768768,3665382,36.5185
CUS-004061,2,Stable Mid-Market (Group 3),-1.1097915454312934,0.2344960016209416,1876364,30.151
CUS-004062,2,Stable Mid-Market (Group 3),-1.034179097264896,0.03238927693805352,564853,33.1345
CUS-004063,1,Enterprise Champions,5.042480885529901,-0.08886728984614645,893691729,85.123
CUS-004064,0,Stable Mid-Market,-0.7458620203938631,1.5976631423712302,9513266,27.854000000000003
CUS-004065,1,Enterprise Champions,3.0562844401642146,0.0941824838853947,630903718,77.7345
CUS-004066,2,Stable Mid-Market (Group 3),-1.2160565285922051,-1.4312998794141911,3175605,32.865
CUS-004067,2,Stable Mid-Market (Group 3),-1.0081142912610206,-0.6029493193252259,5971508,35.0775
CUS-004068,3,Active Growth SMB,-0.42276935604145427,0.2153613377621586,17885383,40.194
CUS-004069,2,Stable Mid-Market (Group 3),-1.358407634925293,-2.271731639543059,3804015,33.212500000000006
CUS-004070,1,Enterprise Champions,2.2189154448454125,-0.7327843975274076,511691121,65.4915
CUS-004071,2,Stable Mid-Market (Group 3),-0.6905796407807934,-0.597672681871165,17155197,42.42
CUS-004072,0,Stable Mid-Market,-1.665336191217108,0.9905738856261497,22938255,10.3085
CUS-004073,2,Stable Mid-Market (Group 3),-1.3969993364642947,-0.35722409788267273,23762910,23.923
CUS-004074,1,Enterprise Champions,3.4211051767854856,0.0821878707418187,549156944,74.63300000000001
CUS-004075,1,Enterprise Champions,2.494663702922419,-0.596328393440222,694098863,55.2235
CUS-004076,2,Stable Mid-Market (Group 3),-0.9372001296099085,-0.25367579381317085,11657133,33.2445
CUS-004077,2,Stable Mid-Market (Group 3),-0.5626722449712951,-1.8317627919013528,22163657,50.9295
CUS-004078,0,Stable Mid-Market,-0.5789722785053701,1.2753242430086762,7083489,35.989000000000004
CUS-004079,2,Stable Mid-Market (Group 3),-0.5503572883796872,-0.020475810531620238,155024133,30.8875
CUS-004080,3,Active Growth SMB,-0.528544386768438,-0.28092316712741644,20561270,39.309
CUS-004081,3,Active Growth SMB,-0.1832682542728805,0.27808202685726097,8498260,49.4635
CUS-004082,3,Active Growth SMB,1.268604267274684,0.09420841967571958,50747033,64.1755
CUS-004083,2,Stable Mid-Market (Group 3),-1.8302996990053426,0.06604651498763545,1249065,10.494
CUS-004084,0,Stable Mid-Market,-0.6254322030433275,1.3173838327379936,18466601,38.6885
CUS-004085,2,Stable Mid-Market (Group 3),-1.5879197031278949,-1.1481462446859871,23861900,18.687000000000005
CUS-004086,2,Stable Mid-Market (Group 3),-1.407606993983093,-2.3032909605188694,3819743,31.692
CUS-004087,3,Active Growth SMB,-0.3945287874812312,0.1815093166977167,24091652,43.165
CUS-004088,3,Active Growth SMB,0.8893430971448232,0.008688685255055461,17511549,67.7925
CUS-004089,1,Enterprise Champions,2.2417948348451366,-0.08357076795294388,687412072,53.6175
CUS-004090,1,Enterprise Champions,2.702531728548749,-0.6156395986781775,559869108,70.8935
CUS-004091,1,Enterprise Champions,1.9589761174543674,-0.6538841193124578,487738977,62.222
CUS-004092,2,Stable Mid-Market (Group 3),-1.235077088897493,-0.17854787039280592,4352319,30.1235
CUS-004093,2,Stable Mid-Market (Group 3),-1.2746838764142945,-0.21753952241597402,3819679,26.085
CUS-004094,1,Enterprise Champions,1.8581952272768427,-0.09593734620231202,475286909,51.3445
CUS-004095,1,Enterprise Champions,2.7641566957693273,-0.2744966669052361,655703601,60.1015
CUS-004096,2,Stable Mid-Market (Group 3),-1.236115005805638,-0.2975669201031084,22216679,27.371
CUS-004097,0,Stable Mid-Market,-0.9052222158050859,0.7721256802786737,14784871,31.672
CUS-004098,2,Stable Mid-Market (Group 3),-0.9857067387886795,-0.37624893026464346,22725897,30.868
CUS-004099,2,Stable Mid-Market (Group 3),-1.3065975889746893,0.26378159016820873,6590345,26.6215
CUS-004100,2,Stable Mid-Market (Group 3),-1.594413135466192,-1.514788264473854,688009,23.701
CUS-004101,3,Active Growth SMB,-0.7275963836997809,0.26953706093198704,13271410,32.83200000000001
CUS-004102,2,Stable Mid-Market (Group 3),-0.9430576814717828,-0.16168966545776575,20007816,35.260000000000005
CUS-004103,2,Stable Mid-Market (Group 3),-0.665884268074293,-1.3117324894617952,20385605,43.134
CUS-004104,0,Stable Mid-Market,-0.8898164507141599,0.43258110840255504,19700134,29.4205
CUS-004105,2,Stable Mid-Market (Group 3),-1.156783269968801,-0.3840352073251878,3799872,31.062000000000005
CUS-004106,1,Enterprise Champions,2.3838574678503712,0.6760353115050711,316391347,66.3225
CUS-004107,2,Stable Mid-Market (Group 3),-1.2104392316191013,-1.5468148510520492,517914,33.169000000000004
CUS-004108,0,Stable Mid-Market,-1.1914637001490154,1.4544609084859474,4495623,21.3765
CUS-004109,2,Stable Mid-Market (Group 3),-1.0691649635774543,-0.5450999539717428,4757942,33.1895
CUS-004110,0,Stable Mid-Market,-0.8500700378108084,0.4773493123995228,2576911,36.5145
CUS-004111,3,Active Growth SMB,-0.211757704512441,0.8584408650361377,12217688,48.040000000000006
CUS-004112,2,Stable Mid-Market (Group 3),-1.388612968700914,-2.7170202539482347,2683451,33.636
CUS-004113,2,Stable Mid-Market (Group 3),-1.0312039730616638,0.11039874820133155,1061662,34.056
CUS-004114,3,Active Growth SMB,0.19241111190139165,-0.43055274853140824,14938246,62.6225
CUS-004115,0,Stable Mid-Market,-1.2481967111968186,0.9210116581439788,4133232,23.4935
CUS-004116,1,Enterprise Champions,4.132314116115971,0.342453540281266,853684578,74.71549999999999
CUS-004117,3,Active Growth SMB,-0.13921104011531546,0.2453632452972332,24979146,48.659
CUS-004118,0,Stable Mid-Market,-0.9883320752053816,0.7126086377828542,3186572,34.494
CUS-004119,2,Stable Mid-Market (Group 3),-0.5294967571688272,-0.7279050017990062,8716331,45.527
CUS-004120,2,Stable Mid-Market (Group 3),-0.7701674545842472,-1.1943632103109425,11895469,40.63350000000001
CUS-004121,2,Stable Mid-Market (Group 3),-1.218069859193726,-0.03942751593865592,682173,30.4085
CUS-004122,2,Stable Mid-Market (Group 3),-1.156001186718927,-1.4031820073683599,1204131,36.838
CUS-004123,2,Stable Mid-Market (Group 3),-1.3526165061571287,-0.4728378738963984,2153696,27.8155
CUS-004124,2,Stable Mid-Market (Group 3),-0.7107705111156252,-0.4327503272287231,6251078,38.0005
CUS-004125,2,Stable Mid-Market (Group 3),-0.6610178676388996,-0.5052969401436792,2855552,44.633500000000005
CUS-004126,3,Active Growth SMB,1.33823037774617,-0.6307348863956583,353659072,59.49849999999999
CUS-004127,0,Stable Mid-Market,0.2874891728568155,1.5877708389649074,11212882,51.495000000000005
CUS-004128,2,Stable Mid-Market (Group 3),-1.2360856671110343,-1.085905177186355,17000442,25.3835
CUS-004129,0,Stable Mid-Market,-1.0631004295527513,3.943797432803104,1667892,25.3895
CUS-004130,0,Stable Mid-Market,-0.5952036013682519,0.7318013205589324,4694906,41.18750000000001
CUS-004131,2,Stable Mid-Market (Group 3),-1.1415451330322222,0.006651490595243774,4397496,33.34700000000001
CUS-004132,2,Stable Mid-Market (Group 3),-1.4426015541657051,-0.5554968539406312,5086567,23.569
CUS-004133,0,Stable Mid-Market,-0.7556328134084519,0.8436267925181876,12118398,38.6715
CUS-004134,3,Active Growth SMB,-0.13670945555102193,0.2896068584864991,6804864,50.801
CUS-004135,3,Active Growth SMB,-0.45526735304956906,-0.10541132281766451,18007047,43.4785
CUS-004136,3,Active Growth SMB,1.2541804220194108,-0.034911956974997965,68649118,61.3115
CUS-004137,3,Active Growth SMB,0.057983286995751296,-0.4916562764727973,5849477,59.803
CUS-004138,2,Stable Mid-Market (Group 3),-0.6847136850703622,-0.9737718362532517,3130609,48.982
CUS-004139,2,Stable Mid-Market (Group 3),-1.5046224343407977,-0.5129745408920048,4206510,24.409
CUS-004140,0,Stable Mid-Market,-1.663536003577929,1.2797071597535368,2476864,13.680000000000003
CUS-004141,3,Active Growth SMB,-0.7377328701989718,-0.0321202944831936,16925250,38.5205
CUS-004142,3,Active Growth SMB,0.6782730178741357,0.38153641211448,22819230,61.8005
CUS-004143,3,Active Growth SMB,1.619029786631742,-0.4222415833336651,279412653,70.0395
CUS-004144,3,Active Growth SMB,-0.557250596483963,-0.2647730061650972,18969564,37.52
CUS-004145,3,Active Growth SMB,-0.21086980646456024,-0.42704374833706465,3029190,51.136500000000005
CUS-004146,3,Active Growth SMB,1.6744085615002944,0.03852334497233682,216131370,64.5785
CUS-004147,2,Stable Mid-Market (Group 3),-0.5515021324147289,-0.4814209691469908,81026660,31.9085
CUS-004148,0,Stable Mid-Market,-0.24958282537648332,1.014887510470878,10191083,47.8575
CUS-004149,0,Stable Mid-Market,-0.47553599505079147,0.8327316854324434,4533289,38.3775
CUS-004150,2,Stable Mid-Market (Group 3),-1.0990895115113353,-0.5883728553512928,8213618,30.574
CUS-004151,3,Active Growth SMB,0.9207458382246119,0.17204429653380618,137490375,57.4435
CUS-004152,3,Active Growth SMB,-0.4974484610737133,0.34690758858589604,20097199,43.345
CUS-004153,2,Stable Mid-Market (Group 3),-0.8296801939190205,-0.30923361488097156,23669271,35.8025
CUS-004154,0,Stable Mid-Market,-0.8210338023563372,0.439068520404808,24734841,37.435
CUS-004155,0,Stable Mid-Market,-0.45465923718797185,1.3071602143767187,5499327,44.338
CUS-004156,1,Enterprise Champions,2.2261832659834524,-0.15394746891468145,449626910,67.60600000000001
CUS-004157,2,Stable Mid-Market (Group 3),-1.5334207128317556,-1.580995816233226,2085829,26.046
CUS-004158,1,Enterprise Champions,3.154365152548287,-0.20543632486242525,963460041,57.45399999999999
CUS-004159,3,Active Growth SMB,-0.36178932027230504,-0.2393200157254246,21981642,44.573
CUS-004160,3,Active Growth SMB,0.4697068536811439,0.4303741021359218,215463608,43.893
CUS-004161,0,Stable Mid-Market,-0.9785033977162574,0.827450637478975,13877651,28.006
CUS-004162,3,Active Growth SMB,-0.18699723463411583,-0.37544693913443794,19385969,52.42699999999999
CUS-004163,2,Stable Mid-Market (Group 3),-1.303956346758696,-0.5163983168133947,3671627,28.323500000000003
CUS-004164,0,Stable Mid-Market,-1.090306515416402,1.1089917809507888,4253479,30.339
CUS-004165,2,Stable Mid-Market (Group 3),-1.0197965749061315,-1.0014691613648647,13147700,32.4285
CUS-004166,1,Enterprise Champions,3.2939611171041827,-0.040312964435024516,855031241,66.48400000000001
CUS-004167,3,Active Growth SMB,1.0652079300202584,0.10096749272059871,204003291,49.277
CUS-004168,2,Stable Mid-Market (Group 3),-0.8880868220811127,-1.6601877276476744,5514767,42.919
CUS-004169,0,Stable Mid-Market,0.08880839677124512,3.109989444432147,7440766,45.598
CUS-004170,3,Active Growth SMB,-0.29475985266296284,0.40763468057336155,20419717,46.1605
CUS-004171,2,Stable Mid-Market (Group 3),-1.1723344449526631,-1.0502752935653255,3574951,33.173
CUS-004172,2,Stable Mid-Market (Group 3),-1.5709216447503451,-1.5498660927298271,2715085,22.9185
CUS-004173,2,Stable Mid-Market (Group 3),-1.3572592774169343,-1.719962895920601,3545740,31.81
CUS-004174,2,Stable Mid-Market (Group 3),-1.002740145431922,-1.3122335578346613,22351618,36.601
CUS-004175,0,Stable Mid-Market,-1.4992709386883303,2.98485409545953,4749132,15.3305
CUS-004176,0,Stable Mid-Market,-0.6397612105896855,1.0285456758894895,22938447,39.111
CUS-004177,2,Stable Mid-Market (Group 3),-1.192881867575952,-0.13291567362023707,23806997,22.686
CUS-004178,2,Stable Mid-Market (Group 3),-0.8346157766459837,-0.896030945369268,4418112,39.747
CUS-004179,3,Active Growth SMB,0.10098772638700877,-0.19433499729918435,11443643,55.6985
CUS-004180,2,Stable Mid-Market (Group 3),-1.1815682130771838,-2.8567732105204593,3981784,39.764500000000005
CUS-004181,0,Stable Mid-Market,-1.174977860298008,0.6507316160789992,4569771,25.2065
CUS-004182,1,Enterprise Champions,4.386316306505574,-0.28768874586370646,799038589,77.503
CUS-004183,3,Active Growth SMB,-0.17226442309582646,0.4472657000144789,24219620,45.2765
CUS-004184,0,Stable Mid-Market,-1.486099188105829,0.5039632229336974,6583512,15.666500000000005
CUS-004185,2,Stable Mid-Market (Group 3),-1.3635824125245823,0.29674132351258625,347184,21.6365
CUS-004186,2,Stable Mid-Market (Group 3),-0.9261407585829371,-0.6151117222046895,2751426,38.5155
CUS-004187,1,Enterprise Champions,3.125578312418968,0.28941076149006256,896728697,50.0235
CUS-004188,1,Enterprise Champions,3.513438449662889,-0.5351015701789961,767876615,71.83449999999999
CUS-004189,3,Active Growth SMB,0.44646795396115435,-0.48712811867586314,160188037,49.98
CUS-004190,3,Active Growth SMB,0.12087806082858732,0.7670634112693099,11909498,53.53000000000001
CUS-004191,1,Enterprise Champions,3.6386802134704084,-0.02413546514175205,770439552,61.453500000000005
CUS-004192,2,Stable Mid-Market (Group 3),-1.3464623872480106,0.21742132505380773,4827778,23.356
CUS-004193,0,Stable Mid-Market,-0.5656927130571541,1.1041419806739188,23772122,40.863
CUS-004194,0,Stable Mid-Market,-1.731070503873183,2.8701381005020288,1802339,2.5865
CUS-004195,1,Enterprise Champions,3.0212226237635083,0.004263210992126945,592101476,61.938500000000005
CUS-004196,0,Stable Mid-Market,-0.2237819617105572,1.0650933448932804,20951970,40.057500000000005
CUS-004197,0,Stable Mid-Market,0.5393043720711374,1.4879480422407,182372096,32.3015
CUS-004198,0,Stable Mid-Market,-0.988409213270961,1.1002889322708027,4665021,33.229
CUS-004199,3,Active Growth SMB,1.3226866971259859,0.30956689115235364,332523249,49.08
CUS-004200,1,Enterprise Champions,2.9416970303733074,-0.3189686445077769,948207553,62.590500000000006
CUS-004201,1,Enterprise Champions,1.8716604401419816,-0.31104592349939136,320377052,62.4345
CUS-004202,0,Stable Mid-Market,-1.097392582630343,2.219557584347094,393054,27.014000000000003
CUS-004203,1,Enterprise Champions,1.6135380988367034,-0.1431870079642779,520845371,59.386
CUS-004204,3,Active Growth SMB,-0.03588124947275774,0.919653709153782,24844425,51.8985
CUS-004205,2,Stable Mid-Market (Group 3),-1.3677640251046557,-1.150544027794285,1941755,30.112
CUS-004206,0,Stable Mid-Market,-1.7056947301206296,1.033814720124567,3839762,10.169
CUS-004207,3,Active Growth SMB,-0.30911344150628833,-0.40766022221426584,80037060,40.75500000000001
CUS-004208,1,Enterprise Champions,1.61735137687292,0.07402566302923011,424836142,57.563
CUS-004209,3,Active Growth SMB,-0.06796798963323598,-0.16445318616600094,11668302,51.8365
CUS-004210,3,Active Growth SMB,0.9884740494126324,0.8667493216147162,29319618,53.25749999999999
CUS-004211,0,Stable Mid-Market,-1.0521970671506926,0.39657089801111667,15710538,29.051
CUS-004212,0,Stable Mid-Market,-0.9333448819897043,0.9591418462134444,2552892,30.841500000000003
CUS-004213,0,Stable Mid-Market,0.7952818285544883,2.674650454739401,9387902,58.71300000000001
CUS-004214,1,Enterprise Champions,2.875394028527188,0.1337731315107264,744760594,63.081500000000005
CUS-004215,3,Active Growth SMB,-0.11894748453829526,-0.3327225158130415,5423946,55.944500000000005
CUS-004216,1,Enterprise Champions,4.865639144616619,-0.2198129338031118,870142891,80.0925
CUS-004217,3,Active Growth SMB,-0.7008019430213879,-0.07873581766992463,22797518,38.327
CUS-004218,1,Enterprise Champions,2.85280114777569,-0.018945599025574134,975681360,58.39149999999999
CUS-004219,2,Stable Mid-Market (Group 3),-1.2415717204282333,0.03190763319470656,3716756,29.3415
CUS-004220,0,Stable Mid-Market,-0.2459812687509721,1.441178406562802,10840812,42.5955
CUS-004221,1,Enterprise Champions,2.3916208382686115,-0.2965198996320162,786936720,54.309000000000005
CUS-004222,1,Enterprise Champions,3.1490491519118464,-0.10514842674827311,552619226,71.631
CUS-004223,2,Stable Mid-Market (Group 3),-0.5701237899958448,-0.8514053102225592,17974094,47.723
CUS-004224,3,Active Growth SMB,0.5307377414119763,-0.08010549279725192,175715049,46.081
CUS-004225,2,Stable Mid-Market (Group 3),-0.48887401737443037,-0.9029326449828319,103748309,33.712500000000006
CUS-004226,2,Stable Mid-Market (Group 3),-1.0811961730936757,-0.015523335320133096,258517,32.0085
CUS-004227,3,Active Growth SMB,0.22346485699754767,-1.144569292456544,16178148,64.926
CUS-004228,3,Active Growth SMB,0.5961131291344621,-0.7912918482792479,225002732,54.0365
CUS-004229,2,Stable Mid-Market (Group 3),-0.654759349490084,-0.7770068801266965,3559652,43.435500000000005
CUS-004230,1,Enterprise Champions,1.7017530919642396,0.036231689715816626,484604000,48.929
CUS-004231,2,Stable Mid-Market (Group 3),-1.6932954365343713,-1.2924313317856517,1303634,20.106500000000004
CUS-004232,1,Enterprise Champions,3.2027114768463822,0.4957602213612216,977604973,55.389
CUS-004233,2,Stable Mid-Market (Group 3),-1.6779157647286118,-2.777719646079207,2424209,25.549
CUS-004234,3,Active Growth SMB,-0.10030283612161593,0.2746594267163763,2272500,50.95
CUS-004235,1,Enterprise Champions,3.780013887795186,-0.298861776871914,795134781,68.94500000000001
CUS-004236,1,Enterprise Champions,2.2504493497881555,-0.8077526863160608,782302133,54.964
CUS-004237,3,Active Growth SMB,0.05500464010366355,0.07348419793583337,8774475,58.4405
CUS-004238,2,Stable Mid-Market (Group 3),-1.1474695067261533,-1.0322634456802948,1722408,36.0735
CUS-004239,0,Stable Mid-Market,-0.6303212251062339,0.4625626723565938,10382340,35.81249999999999
CUS-004240,0,Stable Mid-Market,-0.5838826289339639,0.4931739730687374,13453086,35.465
CUS-004241,2,Stable Mid-Market (Group 3),-1.3127991070426086,-0.3653021040794969,4753106,26.529000000000003
CUS-004242,0,Stable Mid-Market,-1.3258017722794968,0.365543129128834,3418789,19.78
CUS-004243,3,Active Growth SMB,-0.39885277703905614,-0.3206816672232135,20537388,44.1555
CUS-004244,0,Stable Mid-Market,-0.9754074606127844,0.6160937464098437,4310149,32.343
CUS-004245,2,Stable Mid-Market (Group 3),-1.75795784691054,-2.46175075193692,4853361,22.176
CUS-004246,3,Active Growth SMB,0.850083400532556,0.19413080849581363,211983345,55.400000000000006
CUS-004247,3,Active Growth SMB,-0.8153139745349774,0.1456749864229092,3953017,36.3175
CUS-004248,1,Enterprise Champions,3.9108031226039324,-0.5637723273236037,816833014,76.157
CUS-004249,1,Enterprise Champions,1.4413023492359094,-0.3206237258020133,378891577,50.378
CUS-004250,0,Stable Mid-Market,-1.1634601080254983,1.2603180619778827,2917192,23.0755
CUS-004251,3,Active Growth SMB,-0.015590160431541312,0.07254662066098501,23621978,48.685500000000005
CUS-004252,1,Enterprise Champions,3.0545271518493924,-0.16256527654993616,795085169,65.531
CUS-004253,1,Enterprise Champions,3.7213357463596055,0.5675161444725597,672742286,65.1465
CUS-004254,2,Stable Mid-Market (Group 3),-0.7893563706688439,-0.9794990720070461,3160001,43.7385
CUS-004255,2,Stable Mid-Market (Group 3),-0.9483090748921663,-0.39736890527302626,4056379,39.9205
CUS-004256,1,Enterprise Champions,2.070082468992503,0.11518666560631256,410732466,58.92400000000001
CUS-004257,1,Enterprise Champions,2.6128854682949276,-1.050427899479919,692876034,70.453
CUS-004258,3,Active Growth SMB,0.17989311442182793,0.2061209246410034,23767769,49.5675
CUS-004259,0,Stable Mid-Market,-1.0209898467609257,0.3511595701269508,3026700,29.6535
CUS-004260,1,Enterprise Champions,4.297357224067756,-0.28135741297075034,988269336,73.972
CUS-004261,0,Stable Mid-Market,-1.512061295840289,2.3589390669103336,1565717,18.8645
CUS-004262,2,Stable Mid-Market (Group 3),-1.4861867734805305,-0.4594748160220719,978618,21.316000000000003
CUS-004263,3,Active Growth SMB,-0.7325454409616118,0.17999651488195806,22722315,33.819
CUS-004264,0,Stable Mid-Market,-1.696674166445062,0.7224607489924934,1371632,15.8765
CUS-004265,2,Stable Mid-Market (Group 3),-0.7722670848074499,-0.3330929529550777,2735588,41.786
CUS-004266,2,Stable Mid-Market (Group 3),-1.367541332911553,-0.4754761664159987,22582166,23.4075
CUS-004267,3,Active Growth SMB,-0.3954378651870893,0.3472315436199611,9407542,50.722
CUS-004268,0,Stable Mid-Market,-0.8407675121072257,0.6036890428514019,2160754,29.632
CUS-004269,2,Stable Mid-Market (Group 3),-1.0320407509493252,-2.072049384700429,2095510,42.0645
CUS-004270,2,Stable Mid-Market (Group 3),-1.4357098547785545,-0.910764909719839,2937475,25.989
CUS-004271,0,Stable Mid-Market,-1.12929065661803,0.7886121617848704,2804116,28.857500000000005
CUS-004272,0,Stable Mid-Market,-0.22711888579047226,1.3409587030886225,5601768,43.9775
CUS-004273,0,Stable Mid-Market,-1.258109949160561,1.7368474168875303,1386755,22.059500000000003
CUS-004274,0,Stable Mid-Market,-1.032438469607593,2.4204282460298088,2646727,23.966
CUS-004275,3,Active Growth SMB,0.7533440761683312,-0.47743508074875207,231311439,48.5095
CUS-004276,1,Enterprise Champions,3.4378936021515156,0.6932854265009705,760875083,60.31550000000001
CUS-004277,3,Active Growth SMB,0.49659311146600255,1.332051603429514,3652911,62.724
CUS-004278,2,Stable Mid-Market (Group 3),-1.991070561506218,-1.932122146103664,697812,14.2185
CUS-004279,2,Stable Mid-Market (Group 3),-0.9625485554656044,0.058722417434174314,8984492,32.271
CUS-004280,0,Stable Mid-Market,-0.6476236149710048,0.6394760007461405,1289253,43.084500000000006
CUS-004281,1,Enterprise Champions,4.135646614572672,0.6112477833531692,799344524,69.8955
CUS-004282,2,Stable Mid-Market (Group 3),-1.5243696933645352,-0.29936979560332694,22232522,18.2735
CUS-004283,0,Stable Mid-Market,-1.1514038810367195,0.3769322506444582,22649918,17.4145
CUS-004284,1,Enterprise Champions,3.871639686462094,-0.5971296826805889,757361250,76.077
CUS-004285,2,Stable Mid-Market (Group 3),-1.4374876871888806,-0.7412357753819458,459068,23.105
CUS-004286,3,Active Growth SMB,1.0176744759973397,-0.7141096323073077,425620373,52.496500000000005
CUS-004287,2,Stable Mid-Market (Group 3),-1.3860637631264578,-0.9651555321745203,652425,29.924
CUS-004288,1,Enterprise Champions,2.4302684200358553,-0.334793140730368,580421223,56.057500000000005
CUS-004289,2,Stable Mid-Market (Group 3),-1.1020463321957543,-0.4420865034774704,3384850,33.798500000000004
CUS-004290,2,Stable Mid-Market (Group 3),-0.7537880377114996,-0.7879423683409605,7229909,40.499
CUS-004291,1,Enterprise Champions,4.441759777424645,0.538466926059247,845104290,66.54249999999999
CUS-004292,1,Enterprise Champions,2.6330350182245645,0.5258916005029645,891456672,51.5845
CUS-004293,1,Enterprise Champions,5.157075483552295,-0.090418420097679,896161412,88.936
CUS-004294,0,Stable Mid-Market,-1.2545906430239095,0.45138371533295973,18841815,25.488
CUS-004295,2,Stable Mid-Market (Group 3),-1.3009895951241808,-1.039076678201969,265829,31.107000000000003
CUS-004296,2,Stable Mid-Market (Group 3),-0.9759705013956549,-0.9065536283377486,18204262,37.2765
CUS-004297,2,Stable Mid-Market (Group 3),-1.5694429098314824,0.24793896449309918,11291872,14.209
CUS-004298,3,Active Growth SMB,-0.47569141462347153,-0.0827699709304609,4184629,43.622
CUS-004299,3,Active Growth SMB,-0.4466847369788638,-0.5754915664854363,14959003,47.4875
CUS-004300,3,Active Growth SMB,0.36391208808587605,-0.22241180390446566,7882079,60.2985
CUS-004301,2,Stable Mid-Market (Group 3),-1.5224407224922707,-1.3780551762103126,16770468,23.184
CUS-004302,0,Stable Mid-Market,-2.065644602542233,1.3199579587176955,3294144,0.5249999999999999
CUS-004303,2,Stable Mid-Market (Group 3),-1.089184091729519,-1.7110337933516164,2456052,38.1035
CUS-004304,0,Stable Mid-Market,-0.5739373635691218,1.0011631603078255,7810102,37.44500000000001
CUS-004305,3,Active Growth SMB,0.8620118198851295,1.0187719314532926,323760232,40.0475
CUS-004306,3,Active Growth SMB,0.4025100419743541,0.5546936830494376,36487887,51.9025
CUS-004307,2,Stable Mid-Market (Group 3),-1.100608303078706,-0.3059476335627959,8887226,27.1605
CUS-004308,2,Stable Mid-Market (Group 3),-1.4960198356207806,-0.38622624200520633,4494102,21.453000000000003
CUS-004309,0,Stable Mid-Market,-0.8950435472614217,1.7580261966830162,2434851,28.5775
CUS-004310,2,Stable Mid-Market (Group 3),-0.8952970573715423,-0.7836900333136241,12838281,36.975
CUS-004311,3,Active Growth SMB,-0.5887029429614954,0.25549126326833493,8881570,38.24850000000001
CUS-004312,2,Stable Mid-Market (Group 3),-1.8596656633766984,-2.7487970593340174,3276751,20.257
CUS-004313,1,Enterprise Champions,2.7450371371256694,-0.9815833880174192,699081108,65.80699999999999
CUS-004314,2,Stable Mid-Market (Group 3),-2.222368236575739,-2.691068067525138,4365756,9.7335
CUS-004315,1,Enterprise Champions,1.4918579837305936,-0.7591054450919935,399858845,55.899
CUS-004316,2,Stable Mid-Market (Group 3),-0.8540097345127309,-0.7637604549472121,11572434,39.7505
CUS-004317,2,Stable Mid-Market (Group 3),-1.346894393539499,-0.3352596974323893,1553399,26.619000000000003
CUS-004318,0,Stable Mid-Market,-1.3437421254990902,0.55672359553926,980499,21.0665
CUS-004319,0,Stable Mid-Market,-1.4425131615987368,0.4867379614480776,4708362,19.627
CUS-004320,2,Stable Mid-Market (Group 3),-0.9121072864187934,-0.7271626964812763,13061793,35.389
CUS-004321,0,Stable Mid-Market,-0.834630768774126,1.5207400746483832,2265421,34.7235
CUS-004322,3,Active Growth SMB,-0.1170358915623221,-0.07084578441999323,15472800,53.988
CUS-004323,2,Stable Mid-Market (Group 3),-0.6322500638971587,-0.9143993922996769,18227853,49.3965
CUS-004324,2,Stable Mid-Market (Group 3),-0.749288401723759,-1.0009133857954546,36044953,36.448
CUS-004325,1,Enterprise Champions,2.916743417653055,0.06762040335189919,926682380,53.946000000000005
CUS-004326,3,Active Growth SMB,-0.7610017450470276,0.34980267983154945,13289118,38.861
CUS-004327,1,Enterprise Champions,3.3217159308871547,-0.26955366476985165,522866488,78.8725
CUS-004328,2,Stable Mid-Market (Group 3),-1.7040466437947857,-0.9980438031144683,2605500,18.717
CUS-004329,0,Stable Mid-Market,-1.0026741450169272,1.618040634317131,1412504,29.6895
CUS-004330,2,Stable Mid-Market (Group 3),-1.491442437247147,-0.19810755900881702,3058067,18.9445
CUS-004331,3,Active Growth SMB,1.0513470505918532,-0.0843982687487548,123102134,56.257000000000005
CUS-004332,2,Stable Mid-Market (Group 3),-1.205327274397612,0.06813339598245215,382461,27.05
CUS-004333,3,Active Growth SMB,-0.2644905215120413,-0.1943476175070951,56536884,48.0165
CUS-004334,0,Stable Mid-Market,-0.7960648758695583,1.1150299156024517,9497886,26.012
CUS-004335,0,Stable Mid-Market,-1.8413947646977191,0.8410476735760617,818334,11.4865
CUS-004336,1,Enterprise Champions,4.5738406420242255,-0.26798054838439567,943532918,89.75199999999998
CUS-004337,1,Enterprise Champions,3.1587443564386226,-0.05264136778745311,701577334,62.889
CUS-004338,1,Enterprise Champions,2.416535595235834,0.5739572537234386,242505075,68.16
CUS-004339,3,Active Growth SMB,-0.06461192003906033,0.5468813655373546,8868711,48.5635
CUS-004340,0,Stable Mid-Market,-1.7150387255359434,1.2503433635455878,4114629,13.7995
CUS-004341,1,Enterprise Champions,2.76162805434162,-0.8522277181985454,626254084,73.8425
CUS-004342,3,Active Growth SMB,0.6360692315826831,0.38264012904866745,250540405,39.42700000000001
CUS-004343,3,Active Growth SMB,-0.162753975923438,-0.5682200540611482,19167522,51.502
CUS-004344,0,Stable Mid-Market,-0.4582383356147896,0.7516090778668889,67933357,29.974
CUS-004345,0,Stable Mid-Market,-1.6997226318862604,1.0469093074168472,4282681,8.784
CUS-004346,0,Stable Mid-Market,-1.250510709938261,1.4542244205864117,1364943,24.929
CUS-004347,2,Stable Mid-Market (Group 3),-1.2074752042925367,-0.0603824128234022,554885,30.78
CUS-004348,2,Stable Mid-Market (Group 3),-1.2866692733034166,-1.1924154970557537,3111463,29.878499999999995
CUS-004349,0,Stable Mid-Market,-0.8056500853108355,0.5205503947275764,7549778,29.4795
CUS-004350,0,Stable Mid-Market,-1.1047760670978721,0.6967577013152071,2202803,29.9015
CUS-004351,1,Enterprise Champions,2.309444621523954,-0.14528864600827945,334613182,67.639
CUS-004352,1,Enterprise Champions,2.9827931999937114,0.22092130493423354,805137216,58.7235
CUS-004353,0,Stable Mid-Market,-0.4800387154607847,0.7683785360487038,24153953,44.5355
CUS-004354,1,Enterprise Champions,1.6008188720540706,-0.5025897990380324,416639060,59.3545
CUS-004355,0,Stable Mid-Market,-1.3908432032640456,2.017224398124687,3150572,21.053
CUS-004356,3,Active Growth SMB,0.05515637459660987,0.6847428276745893,14515243,47.9285
CUS-004357,0,Stable Mid-Market,-1.2027472765614078,3.8103962359258077,3978924,18.9965
CUS-004358,3,Active Growth SMB,0.5124206732573545,-0.36536001803671725,18452252,62.01400000000001
CUS-004359,3,Active Growth SMB,0.09534047805404211,-0.1337774931513846,5597856,53.3575
CUS-004360,2,Stable Mid-Market (Group 3),-1.1523777215559385,-1.4134550179959169,2594982,34.619
CUS-004361,3,Active Growth SMB,-0.03886966557570008,-0.006749084340932832,75449756,44.39000000000001
CUS-004362,0,Stable Mid-Market,-0.9431460543218424,1.2261036972759967,13319592,31.987
CUS-004363,0,Stable Mid-Market,-0.6133687862432928,0.7531049662561445,10796191,35.989000000000004
CUS-004364,0,Stable Mid-Market,-1.4556188597397406,0.8726295305031337,4025889,19.265
CUS-004365,2,Stable Mid-Market (Group 3),-0.945686795256465,-2.885728967298192,4598556,46.5085
CUS-004366,1,Enterprise Champions,2.0200959271623162,0.013605467538329979,432418098,62.0075
CUS-004367,0,Stable Mid-Market,-0.9795162132791843,1.1576599131229208,4475504,28.5915
CUS-004368,0,Stable Mid-Market,-0.40327623824862974,1.0788134472461102,3426703,39.057500000000005
CUS-004369,1,Enterprise Champions,3.563346527411747,-0.2432466243725791,686392058,70.8295
CUS-004370,0,Stable Mid-Market,-0.8369233291780804,0.5241201281024702,8499241,36.3465
CUS-004371,3,Active Growth SMB,-0.6633523736961857,0.17707258993052577,20267530,33.6065
CUS-004372,1,Enterprise Champions,4.280375356835816,-0.12629810279238143,919297791,73.8735
CUS-004373,3,Active Growth SMB,0.23201274583491502,0.16907179855756646,14201699,58.923
CUS-004374,3,Active Growth SMB,1.3434301363734589,-0.34976670247366,244187472,62.953500000000005
CUS-004375,3,Active Growth SMB,-0.13658998625636556,-0.04827558045197355,19282324,50.8655
CUS-004376,1,Enterprise Champions,3.469880146536455,-0.3143847974651557,760688755,64.297
CUS-004377,0,Stable Mid-Market,-1.201088388695634,0.3426560518734,713096,32.27
CUS-004378,3,Active Growth SMB,1.2439756638579529,0.6913658604101164,402912703,50.082
CUS-004379,2,Stable Mid-Market (Group 3),-1.638452366144798,0.17570640097743423,3078371,11.9745
CUS-004380,1,Enterprise Champions,2.658167191542894,-0.4227594868744651,553964778,71.5575
CUS-004381,2,Stable Mid-Market (Group 3),-1.3575475329952378,-0.6314717702858776,24601872,27.6565
CUS-004382,0,Stable Mid-Market,-1.4626205878600738,0.3871251740829332,4136950,19.4735
CUS-004383,1,Enterprise Champions,3.3367924538921963,-0.07372535924439509,579197953,69.316
CUS-004384,2,Stable Mid-Market (Group 3),-1.305760498721931,-0.8152699125993405,8124841,25.145
CUS-004385,0,Stable Mid-Market,-1.3168471468195109,1.2302531089838311,1002026,23.748
CUS-004386,0,Stable Mid-Market,-1.3950305129926606,1.04729385671209,3261485,18.9215
CUS-004387,2,Stable Mid-Market (Group 3),-0.9601186823307046,-0.8154786742971091,9154838,34.754999999999995
CUS-004388,1,Enterprise Champions,3.086579979219523,-0.05945125080458013,483086895,77.5915
CUS-004389,2,Stable Mid-Market (Group 3),-1.3463829639263578,-0.1051548988503342,1120566,25.8735
CUS-004390,3,Active Growth SMB,-0.7441363450930994,0.0218195681452891,14750516,40.4965
CUS-004391,1,Enterprise Champions,2.1931484582980993,-0.3339823992612385,401841438,67.23400000000001
CUS-004392,0,Stable Mid-Market,-1.1450573590903923,3.395730288848464,4462146,19.401
CUS-004393,2,Stable Mid-Market (Group 3),-0.6868985827720246,-0.6291949885963043,14875119,41.057500000000005
CUS-004394,3,Active Growth SMB,-0.24589505631191494,0.39599600073475416,5549806,44.699
CUS-004395,0,Stable Mid-Market,-0.2061629728724859,2.58216556082524,9710364,46.2415
CUS-004396,0,Stable Mid-Market,-0.9560451632019645,0.36172943665182117,6386381,26.326
CUS-004397,1,Enterprise Champions,2.8580011696518857,0.32797029590046506,648355461,64.707
CUS-004398,0,Stable Mid-Market,-0.8195430259267712,1.2007377918376765,3643852,32.967
CUS-004399,3,Active Growth SMB,1.161790045740263,0.5913368694537269,270849569,51.516
CUS-004400,0,Stable Mid-Market,-1.2729557123838382,0.40606353980369614,878082,28.7775
CUS-004401,3,Active Growth SMB,-0.26240403472797175,-0.08040990720014299,2828217,50.74250000000001
CUS-004402,2,Stable Mid-Market (Group 3),-0.8011143390715612,-0.030603005800932045,2244508,37.6275
CUS-004403,1,Enterprise Champions,3.8300529828296295,-0.33193709965502766,785428174,70.5515
CUS-004404,1,Enterprise Champions,3.4595794327495697,0.9023785398122663,810764529,60.1585
CUS-004405,0,Stable Mid-Market,0.07123956508045962,1.404888378346313,18564399,41.343
CUS-004406,0,Stable Mid-Market,-0.7419809916200634,0.6430918349280107,10370542,35.7105
CUS-004407,0,Stable Mid-Market,-0.9805469817472297,0.539919029852046,4374384,32.484
CUS-004408,2,Stable Mid-Market (Group 3),-0.7653665510285216,-1.0080334015999635,13165541,39.5565
CUS-004409,3,Active Growth SMB,-0.19214176741795336,0.5924999037390376,3853093,49.056
CUS-004410,1,Enterprise Champions,4.070542308264302,0.9815590017068535,634193533,61.251
CUS-004411,2,Stable Mid-Market (Group 3),-0.46944159123109197,-0.6424374092637208,18817397,41.83200000000001
CUS-004412,1,Enterprise Champions,1.9444549408062428,0.29790371470380744,480748248,52.1675
CUS-004413,2,Stable Mid-Market (Group 3),-0.7063744715513531,-1.2328499927415335,2607644,46.422
CUS-004414,3,Active Growth SMB,0.5784371127335518,-0.30529889652771613,254454809,44.9705
CUS-004415,1,Enterprise Champions,2.730134756162821,-0.5274346422669708,696314826,63.602
CUS-004416,2,Stable Mid-Market (Group 3),-1.2701852093547097,-1.2945050039638772,798192,32.113
CUS-004417,3,Active Growth SMB,-0.6611554343283972,-0.04428727859938482,21238371,36.106
CUS-004418,1,Enterprise Champions,4.959245251478034,0.12543638127961346,975263287,81.05849999999998
CUS-004419,1,Enterprise Champions,2.1498750064250074,-0.2208743448137687,445545164,59.7925
CUS-004420,0,Stable Mid-Market,-0.8901502082954191,1.65380498272542,4147309,30.809
CUS-004421,3,Active Growth SMB,0.454095635664314,0.8453547302584548,20533755,51.79
CUS-004422,1,Enterprise Champions,3.8378065500016745,-0.6006559001220513,945834570,67.101
CUS-004423,3,Active Growth SMB,-0.7935119806006742,0.09001966218728892,6805319,37.011
CUS-004424,1,Enterprise Champions,2.322021764765728,0.2463895659117347,574930560,53.7075
CUS-004425,2,Stable Mid-Market (Group 3),-0.6583190538582806,-0.6474126295164595,3059372,42.675
CUS-004426,3,Active Growth SMB,-0.5939940557375505,-0.1320552229450733,10983069,40.18549999999999
CUS-004427,1,Enterprise Champions,3.5403126461425534,0.5096945178781733,632198791,65.1485
CUS-004428,3,Active Growth SMB,0.09825246152437173,0.3739324271866235,138421038,34.111000000000004
CUS-004429,1,Enterprise Champions,1.7922258510109197,-0.09511989088778164,274103912,59.8895
CUS-004430,1,Enterprise Champions,3.340105212249855,-0.1960994579521436,758201845,67.5985
CUS-004431,2,Stable Mid-Market (Group 3),-0.9830141438721087,-1.7326460205979861,13503026,39.619
CUS-004432,2,Stable Mid-Market (Group 3),-1.577120655744773,-2.428044291185921,420404,27.6155
CUS-004433,2,Stable Mid-Market (Group 3),-1.4571532837832277,-0.27441443244617436,989718,22.338
CUS-004434,2,Stable Mid-Market (Group 3),-0.8591509347441537,-0.7155038832314806,12314918,37.682500000000005
CUS-004435,3,Active Growth SMB,0.032106535905761284,0.41416265190547663,4205980,54.96199999999999
CUS-004436,3,Active Growth SMB,-0.2741063689940137,0.11822423536414356,14480956,47.475
CUS-004437,2,Stable Mid-Market (Group 3),-1.1571509075478037,-1.4458039982791515,1095868,34.169
CUS-004438,1,Enterprise Champions,1.9522938999944066,0.6208636528957527,382862595,55.3385
CUS-004439,3,Active Growth SMB,-0.7107169241801634,0.33097432962319934,24017329,37.185500000000005
CUS-004440,0,Stable Mid-Market,-0.6253282370090385,0.6280563819364822,9565995,29.7965
CUS-004441,3,Active Growth SMB,1.6925970376511252,0.07060276744896157,239177623,67.611
CUS-004442,2,Stable Mid-Market (Group 3),-1.0612738849563548,-0.5314388322297335,19483943,28.0275
CUS-004443,2,Stable Mid-Market (Group 3),-1.3109938240818764,-1.206411229269385,1563035,31.2505
CUS-004444,0,Stable Mid-Market,-1.0408501004189508,1.0082438409912218,1720091,33.737500000000004
CUS-004445,3,Active Growth SMB,1.2208867467917657,-0.1956320950397223,180509251,56.7875
CUS-004446,0,Stable Mid-Market,-0.9697342723329282,1.1557966291727162,19764642,24.8505
CUS-004447,0,Stable Mid-Market,-0.8378864246124936,1.8381694424189503,22579358,23.199
CUS-004448,2,Stable Mid-Market (Group 3),-1.1243020372446182,-0.7204887908887477,12783063,33.5475
CUS-004449,0,Stable Mid-Market,-0.7960222106755169,1.8289485484398693,9058908,27.0375
CUS-004450,1,Enterprise Champions,1.6260135696758462,-0.5070381065358187,279174642,58.8945
CUS-004451,2,Stable Mid-Market (Group 3),-1.7793839458685752,-1.366167958722171,3572289,17.785000000000004
CUS-004452,2,Stable Mid-Market (Group 3),-1.612839581348285,0.3502220753589205,1778232,14.305
CUS-004453,2,Stable Mid-Market (Group 3),-1.5339316790524267,-1.7401814691033881,9696613,25.633
CUS-004454,0,Stable Mid-Market,-0.8180092345049409,0.491437467757517,20381848,34.964
CUS-004455,0,Stable Mid-Market,-1.0687624161799665,1.68784547785321,5312833,25.567
CUS-004456,2,Stable Mid-Market (Group 3),-0.6954826610559431,-0.12842077874772329,24414792,35.4675
CUS-004457,1,Enterprise Champions,1.8326116402238313,-1.0412567533120625,726955988,56.451
CUS-004458,3,Active Growth SMB,-0.1997321930961668,-0.5719920298533742,13446734,49.0805
CUS-004459,1,Enterprise Champions,1.958067881958791,0.029372748130246585,248495282,70.2995
CUS-004460,0,Stable Mid-Market,-1.4416696063656549,0.8639814257878957,4022936,15.423500000000002
CUS-004461,3,Active Growth SMB,-0.22114343553797383,-0.24023577778074903,5449885,51.5515
CUS-004462,2,Stable Mid-Market (Group 3),-1.0217486383615997,-0.8186924306570631,3179158,34.977000000000004
CUS-004463,0,Stable Mid-Market,-0.29288459350142265,1.209695886416209,11049036,44.095
CUS-004464,0,Stable Mid-Market,-0.9196900392432451,0.8242888674236915,4938483,34.5345
CUS-004465,1,Enterprise Champions,1.692427783143758,0.3747907115628672,421829043,60.2195
CUS-004466,3,Active Growth SMB,1.2335511448813359,-0.5079884229485712,335069230,57.2435
CUS-004467,1,Enterprise Champions,2.7570392583512384,-0.3517573284723141,504289197,70.46799999999999
CUS-004468,2,Stable Mid-Market (Group 3),-1.235998854882793,-0.5176248217426197,19489430,24.816000000000003
CUS-004469,2,Stable Mid-Market (Group 3),-1.0110116736297645,-0.30608796959209184,2785368,31.9755
CUS-004470,1,Enterprise Champions,4.232929879640251,0.12533362404739187,960792825,66.4945
CUS-004471,0,Stable Mid-Market,-1.4110740023327322,0.6880684023542317,3451279,22.5675
CUS-004472,1,Enterprise Champions,3.0717213741970433,-0.9366881242006642,933988357,60.6345
CUS-004473,0,Stable Mid-Market,-0.29338095750864196,0.8639315024602126,17067734,42.521
CUS-004474,1,Enterprise Champions,2.4287163126483673,-0.8720201220179411,739452643,66.5035
CUS-004475,3,Active Growth SMB,-0.6220066712107276,0.06523467909144548,13516182,41.535
CUS-004476,0,Stable Mid-Market,0.05157958355716971,1.206858174930486,18037590,45.415
CUS-004477,0,Stable Mid-Market,-0.5348851892981591,0.5576424453222388,22225863,37.212
CUS-004478,1,Enterprise Champions,4.447792161443132,-0.32137917748342154,925381467,69.333
CUS-004479,0,Stable Mid-Market,-1.206096388950514,0.4647134843523462,4757881,30.2865
CUS-004480,2,Stable Mid-Market (Group 3),-1.1694758479699376,0.2825885838711906,4002346,25.735
CUS-004481,0,Stable Mid-Market,-0.6070430404403677,1.5129208931389664,13939641,35.304
CUS-004482,3,Active Growth SMB,-0.7520528689048424,0.35341561872221505,6462739,36.9915
CUS-004483,2,Stable Mid-Market (Group 3),-0.8429592838159792,-0.3312829238961139,1783843,36.874
CUS-004484,1,Enterprise Champions,3.010387199101432,-0.12233056076149373,583086489,75.68549999999999
CUS-004485,2,Stable Mid-Market (Group 3),-1.186093815127623,-0.29916094312807123,1302986,31.0595
CUS-004486,2,Stable Mid-Market (Group 3),-1.4998855608873873,-0.5195953605456264,20291204,22.6765
CUS-004487,0,Stable Mid-Market,-0.7426869176908136,0.6792760199061503,2677476,31.9075
CUS-004488,1,Enterprise Champions,1.3180648725918955,-0.18660070366543005,595267252,43.995
CUS-004489,3,Active Growth SMB,0.18192417320715712,0.3508953177185923,15620422,52.5315
CUS-004490,0,Stable Mid-Market,-1.0840137302555197,1.1869788540039754,12837714,26.5845
CUS-004491,3,Active Growth SMB,-0.4995541179949463,-0.3972651730549256,12116359,43.312000000000005
CUS-004492,2,Stable Mid-Market (Group 3),-1.5594317978058714,-0.9016437109642964,405618,23.356
CUS-004493,0,Stable Mid-Market,-1.2011906290414367,3.9910766324429265,2007120,21.321
CUS-004494,1,Enterprise Champions,4.933885956358273,-0.8123245177578657,787130731,93.369
CUS-004495,3,Active Growth SMB,-0.04994099126826246,0.638960981851338,190823540,38.63600000000001
CUS-004496,2,Stable Mid-Market (Group 3),-1.073351017722962,-0.21917506012185217,21832291,25.6485
CUS-004497,3,Active Growth SMB,-0.3698685157037444,-0.6822160629391902,16688396,45.8455
CUS-004498,3,Active Growth SMB,-0.08485111727749554,1.1385920787748856,3372917,49.174
CUS-004499,0,Stable Mid-Market,-1.2212241837335973,1.3078552273706854,1420970,27.843
CUS-004500,2,Stable Mid-Market (Group 3),-1.2532582038061557,-0.4906619222589092,4249006,28.7175
CUS-004501,1,Enterprise Champions,4.6841597162633235,0.43068168301695053,983079940,66.4345
CUS-004502,2,Stable Mid-Market (Group 3),-1.117528354473813,0.14883063232831514,13101011,24.965
CUS-004503,3,Active Growth SMB,0.6252085624104596,1.4659555270651223,24042260,50.9305
CUS-004504,2,Stable Mid-Market (Group 3),-0.9525578117577678,-0.10949068817934418,21639851,32.55
CUS-004505,3,Active Growth SMB,1.1259128240356764,-1.0971155478344263,308293738,66.4395
CUS-004506,3,Active Growth SMB,-0.7209076367271399,-0.19269571124569246,7794102,40.285
CUS-004507,2,Stable Mid-Market (Group 3),-1.3545973664678053,-1.3789869428542412,2721603,28.771500000000003
CUS-004508,1,Enterprise Champions,3.0978539666742164,0.012481750604848305,817979764,60.577
CUS-004509,2,Stable Mid-Market (Group 3),-0.8462761433869107,-0.008047953025347705,999803,36.331
CUS-004510,2,Stable Mid-Market (Group 3),-1.294806155400457,-1.2760669726444551,10031771,28.384
CUS-004511,0,Stable Mid-Market,-1.0125329397922747,1.8334895508735916,5766488,26.572
CUS-004512,0,Stable Mid-Market,-1.0245945306070767,1.3367968299247706,4151840,26.5905
CUS-004513,0,Stable Mid-Market,-1.2102887419220543,1.001858588303715,1484280,25.918000000000003
CUS-004514,1,Enterprise Champions,3.054671990729118,-0.16221118988568195,434439636,71.5885
CUS-004515,1,Enterprise Champions,3.2505831848955204,0.6328368414915774,389827848,71.4985
CUS-004516,3,Active Growth SMB,0.10801908503196483,0.7003617723106528,11924124,62.138
CUS-004517,2,Stable Mid-Market (Group 3),-0.806070828906087,-0.251530099808272,12463261,33.864000000000004
CUS-004518,3,Active Growth SMB,-0.7106819443968503,-0.16459168525072018,3763524,40.6895
CUS-004519,2,Stable Mid-Market (Group 3),-1.5988852750751041,0.06813392513395385,2467458,16.9435
CUS-004520,1,Enterprise Champions,4.79798083156132,-0.2387848546895688,886016920,83.50099999999999
CUS-004521,1,Enterprise Champions,2.5784675302942595,0.08058971629809358,612146347,61.7175
CUS-004522,3,Active Growth SMB,0.25430372492370756,0.4414600645965258,5511417,51.94499999999999
CUS-004523,0,Stable Mid-Market,-1.690409521338019,1.777276812839066,1107263,11.4965
CUS-004524,0,Stable Mid-Market,-1.0014238097195005,2.211432538212834,397354,29.759
CUS-004525,0,Stable Mid-Market,-1.2448100985681174,1.33159837464909,1805097,22.168
CUS-004526,0,Stable Mid-Market,0.8142128808866039,1.9936317960943701,19734499,50.02649999999999
CUS-004527,0,Stable Mid-Market,-1.3398806890237787,6.296565029785688,389525,15.0545
CUS-004528,3,Active Growth SMB,-0.24936055866937837,0.39799061981472617,6706862,43.2715
CUS-004529,1,Enterprise Champions,3.7452920739124798,0.7465944166251582,783510762,64.878
CUS-004530,2,Stable Mid-Market (Group 3),-0.8697607917185853,-0.662897804379766,19908681,33.308499999999995
CUS-004531,2,Stable Mid-Market (Group 3),-1.3579743290971835,-1.075182993501486,1941545,28.810500000000005
CUS-004532,2,Stable Mid-Market (Group 3),-1.1337595296712,-1.5633923187387315,15043277,35.516000000000005
CUS-004533,0,Stable Mid-Market,-0.6460719639411227,0.6569728218358731,22148920,40.3955
CUS-004534,0,Stable Mid-Market,-0.5834436259688028,0.36548356320183956,21603645,30.909
CUS-004535,3,Active Growth SMB,0.44531517865167775,-0.09323823747715339,8760539,60.35
CUS-004536,3,Active Growth SMB,-0.1248842279241579,-0.28604321571328045,115265753,48.8305
CUS-004537,2,Stable Mid-Market (Group 3),-1.5584315111240796,-1.4644294011158216,4092465,22.7945
CUS-004538,2,Stable Mid-Market (Group 3),-1.484156745291086,0.09462289414082709,452908,22.4735
CUS-004539,1,Enterprise Champions,2.8352705798431357,-0.22905624990523835,700113775,62.4205
CUS-004540,3,Active Growth SMB,-0.32657461218973843,0.34275793772644547,18331307,42.01950000000001
CUS-004541,1,Enterprise Champions,3.6976543122456347,-0.2729020754803334,899307292,67.621
CUS-004542,1,Enterprise Champions,1.9867979395032487,-0.45721643854255445,362555147,65.11449999999999
CUS-004543,0,Stable Mid-Market,-1.3718695108283998,0.4574833800404936,732123,23.2535
CUS-004544,2,Stable Mid-Market (Group 3),-0.8931398601657864,-0.839528827498616,16156468,36.3305
CUS-004545,3,Active Growth SMB,0.025801046960230143,0.46859090081108323,19511612,47.0925
CUS-004546,3,Active Growth SMB,1.470054540959852,1.0260607678023084,210984899,49.0645
CUS-004547,0,Stable Mid-Market,-0.9044828819252541,0.539749498991716,2609758,33.4095
CUS-004548,1,Enterprise Champions,1.2341900615926673,-0.9057349114055283,740600549,42.6935
CUS-004549,2,Stable Mid-Market (Group 3),-0.9095575916205455,-0.698814568095076,3049999,39.284000000000006
CUS-004550,2,Stable Mid-Market (Group 3),-0.7977802647372414,-0.7990249625538719,15973062,40.401
CUS-004551,1,Enterprise Champions,3.4668273591292613,-0.23310674096236772,585220400,75.29
CUS-004552,3,Active Growth SMB,-0.5804950320174945,-0.20011069811033944,4712215,41.3335
CUS-004553,1,Enterprise Champions,2.3955334299344533,0.039073053080855756,477145844,59.261
CUS-004554,2,Stable Mid-Market (Group 3),-0.6306894072535016,-0.7568564740504995,19825955,43.836000000000006
CUS-004555,1,Enterprise Champions,1.8571324478322315,0.20033089986460081,276761235,55.877
CUS-004556,0,Stable Mid-Market,-0.5599774536072724,1.7338237311474605,4206033,39.82
CUS-004557,3,Active Growth SMB,-0.7730706191226676,0.2192846846698921,2667539,42.1205
CUS-004558,3,Active Growth SMB,-0.2961474995147881,-1.0196910771740673,4078025,55.480500000000006
CUS-004559,1,Enterprise Champions,3.388254514379045,0.2973159051628721,772766364,60.894000000000005
CUS-004560,2,Stable Mid-Market (Group 3),-1.5378096070167706,-1.3393768539745285,4410672,23.3425
CUS-004561,2,Stable Mid-Market (Group 3),-1.5553296784991113,-1.4579520245526734,4943908,24.878500000000003
CUS-004562,1,Enterprise Champions,3.448966758196582,-0.6557751954387712,664789083,72.16
CUS-004563,1,Enterprise Champions,4.14850702869272,-0.30408443370288923,819473085,71.4655
CUS-004564,2,Stable Mid-Market (Group 3),-2.1295810228056324,-2.5311710609136866,318071,12.127000000000002
CUS-004565,1,Enterprise Champions,3.40275742519979,-0.4323571110246297,653049078,75.9165
CUS-004566,3,Active Growth SMB,-0.14192558340562506,-0.5511440572842865,22256616,51.775
CUS-004567,0,Stable Mid-Market,-0.5584437846015385,2.6145813384243675,1798110,38.8265
CUS-004568,1,Enterprise Champions,2.0170040989314093,-0.06723308418000644,240403452,73.6535
CUS-004569,2,Stable Mid-Market (Group 3),-0.9872208312270462,-0.9068505150306254,22290552,37.4825
CUS-004570,2,Stable Mid-Market (Group 3),-0.6657587593588988,-0.6956222895246501,3785713,44.381
CUS-004571,0,Stable Mid-Market,-0.26375914764020725,1.5984345985997177,21158159,45.8845
CUS-004572,2,Stable Mid-Market (Group 3),-1.2951864828039814,-0.015390153254493883,3762241,22.506
CUS-004573,1,Enterprise Champions,2.8073558405164594,-0.5562425814425659,813193236,59.833
CUS-004574,3,Active Growth SMB,0.13539806595523113,0.27352220800620736,15225761,49.467
CUS-004575,2,Stable Mid-Market (Group 3),-1.0856955711336942,-2.0211344241986917,1055857,40.4695
CUS-004576,1,Enterprise Champions,3.3969824585945414,-0.3189335472531812,868301380,67.3415
CUS-004577,0,Stable Mid-Market,-1.347978528385411,3.7863345960036456,345349,17.79
CUS-004578,3,Active Growth SMB,0.45318773551016134,0.01673828416834111,153779492,45.34400000000001
CUS-004579,0,Stable Mid-Market,-0.5797477606720177,0.927145228515491,4766550,43.8095
CUS-004580,1,Enterprise Champions,2.7147968967869995,0.4277444919640783,519944730,60.096500000000006
CUS-004581,2,Stable Mid-Market (Group 3),-1.4928244117940526,-0.5420521393055331,14165302,22.429
CUS-004582,0,Stable Mid-Market,-1.7221812088952204,1.2208975203691577,3942170,13.684499999999998
CUS-004583,2,Stable Mid-Market (Group 3),-1.3376085876672112,-1.084198279645349,3818068,30.680000000000003
CUS-004584,0,Stable Mid-Market,-0.8833045034110472,1.004149473888097,3061535,33.541500000000006
CUS-004585,0,Stable Mid-Market,-0.36286308092970765,1.044139060643743,21374071,37.789
CUS-004586,0,Stable Mid-Market,-1.1257730419420773,1.0389514146877774,1399582,22.174
CUS-004587,0,Stable Mid-Market,-0.6930314846919415,0.7651701471989586,17251221,41.849500000000006
CUS-004588,2,Stable Mid-Market (Group 3),-1.0007786067991822,-1.2739015090977952,3749149,37.0015
CUS-004589,0,Stable Mid-Market,-0.11985435965359036,1.3593621077498614,5857074,41.9695
CUS-004590,0,Stable Mid-Market,-0.7454756550251828,1.2326799781399724,3336860,36.545
CUS-004591,1,Enterprise Champions,5.3614170650076725,-0.1641534981236807,981715931,81.642
CUS-004592,2,Stable Mid-Market (Group 3),-1.2591907049704498,0.18132420563613794,3505059,24.868
CUS-004593,2,Stable Mid-Market (Group 3),-1.5594158293575435,-0.6070639845411719,2082770,23.229
CUS-004594,3,Active Growth SMB,0.5954073944377873,0.4676311574726572,68280731,50.9995
CUS-004595,1,Enterprise Champions,2.994523458969581,-0.6881578630640628,621340553,75.1335
CUS-004596,0,Stable Mid-Market,-1.4161552388603453,0.7681011825789801,2484134,20.832500000000003
CUS-004597,2,Stable Mid-Market (Group 3),-1.223964206348174,-0.40697947491310704,9912578,25.1465
CUS-004598,1,Enterprise Champions,1.850944928698364,0.055781142456597,482412249,54.9735
CUS-004599,0,Stable Mid-Market,-0.5477059647360427,0.7151906205434433,21571512,37.371500000000005
CUS-004600,0,Stable Mid-Market,0.3314149073153808,3.181276915615384,14316421,51.6285
CUS-004601,2,Stable Mid-Market (Group 3),-1.2602089689927796,-1.8624906422720637,2960510,32.6925
CUS-004602,0,Stable Mid-Market,-1.3365447101762409,1.307192984597046,4678768,19.4965
CUS-004603,0,Stable Mid-Market,-1.5460940322641266,0.5894671789085157,4509384,18.9735
CUS-004604,2,Stable Mid-Market (Group 3),-0.5745052457787497,-0.7955786547608374,4144837,43.3355
CUS-004605,3,Active Growth SMB,-0.019554149361425712,-0.7678457612058461,7859961,60.04600000000001
CUS-004606,3,Active Growth SMB,-0.7247248720300334,0.011834322974621466,9678389,36.896
CUS-004607,0,Stable Mid-Market,-0.6269083362046807,1.612086370667601,3365908,31.480500000000003
CUS-004608,1,Enterprise Champions,3.747424604351413,-0.5335361228236094,827777416,73.314
CUS-004609,1,Enterprise Champions,2.1903134585419504,-0.1687006725638612,472027074,66.509
CUS-004610,3,Active Growth SMB,-0.6128137516416826,0.4893727906902566,2924931,41.816
CUS-004611,0,Stable Mid-Market,-0.5637888765713391,2.7915092639199472,4263361,40.1755
CUS-004612,3,Active Growth SMB,-0.18820017707537323,-0.02058334126018092,18574681,46.008500000000005
CUS-004613,2,Stable Mid-Market (Group 3),-0.7563888382682825,-0.6406995633164446,13850670,40.969
CUS-004614,3,Active Growth SMB,-0.2458310989939062,0.3516827471545013,20799622,40.3905
CUS-004615,3,Active Growth SMB,-0.1473619977504278,0.1662239817071813,12291813,47.341
CUS-004616,3,Active Growth SMB,-0.10730540064401484,0.5675944488098089,17855173,42.769000000000005
CUS-004617,1,Enterprise Champions,3.6893168551560107,0.12720178985865443,521564673,77.1395
CUS-004618,3,Active Growth SMB,-0.21756169771959266,-0.08607212216668271,15839547,46.897000000000006
CUS-004619,0,Stable Mid-Market,-1.0314642912354606,0.4703902141436691,22253004,28.926500000000004
CUS-004620,0,Stable Mid-Market,-0.8019893474598446,1.5220029854152388,16312721,33.057500000000005
CUS-004621,1,Enterprise Champions,3.09609408221276,0.18724774510266964,806584280,62.1195
CUS-004622,2,Stable Mid-Market (Group 3),-1.6323927728893073,-0.42182506589688945,851199,20.7435
CUS-004623,3,Active Growth SMB,-0.2939610461351117,0.6750440224065728,16877605,42.228
CUS-004624,0,Stable Mid-Market,-1.6829558293761744,1.7773045903750408,2044874,15.2665
CUS-004625,1,Enterprise Champions,3.883240250552289,-0.34402753187724655,940911290,65.416
CUS-004626,0,Stable Mid-Market,-0.910181807153674,0.4861590656682326,17957810,32.538000000000004
CUS-004627,0,Stable Mid-Market,-1.0985942408766185,1.2954553489675698,537159,29.766500000000004
CUS-004628,0,Stable Mid-Market,-0.5806629361260273,0.877385118198673,21623085,32.7195
CUS-004629,1,Enterprise Champions,2.2437299511420616,0.17490475620841295,541272676,50.2855
CUS-004630,1,Enterprise Champions,2.717432037750477,0.06250207327008889,434522637,65.7445
CUS-004631,1,Enterprise Champions,2.2029824969908063,-0.273156922642438,549462233,57.5625
CUS-004632,0,Stable Mid-Market,-1.158448762425897,0.44708593468045,7283606,26.3605
CUS-004633,0,Stable Mid-Market,-0.8528074629077924,0.7275375954715939,12358949,30.704
CUS-004634,3,Active Growth SMB,-0.1980741931012418,-0.18400895084001628,32149203,40.05800000000001
CUS-004635,2,Stable Mid-Market (Group 3),-0.8815374958617977,0.1350354870123398,15350379,29.234
CUS-004636,1,Enterprise Champions,3.5414117150233926,0.8063668636368916,486678520,72.76050000000001
CUS-004637,3,Active Growth SMB,-0.34810828920983844,-0.30609265264929875,15080747,47.795
CUS-004638,0,Stable Mid-Market,-0.8383425488682114,0.9062288900109379,7814924,31.954
CUS-004639,1,Enterprise Champions,3.7323988146638105,-0.4867825954852941,944159995,77.0765
CUS-004640,3,Active Growth SMB,1.160791261324945,-0.656013082377998,167359032,63.07749999999999
CUS-004641,1,Enterprise Champions,3.824860066374053,-0.25198912222300474,702385008,72.05199999999999
CUS-004642,3,Active Growth SMB,1.302888670690348,0.02841486852503478,249749128,61.3495
CUS-004643,2,Stable Mid-Market (Group 3),-0.7161578276061423,-1.0722715625160053,12780314,42.0335
CUS-004644,1,Enterprise Champions,2.890262382433137,-0.3041910974980478,718170960,62.956
CUS-004645,1,Enterprise Champions,1.8592396732120473,-0.1668054533616323,527713473,57.3175
CUS-004646,2,Stable Mid-Market (Group 3),-1.398485964552229,-1.2588664726272631,3570327,26.98
CUS-004647,0,Stable Mid-Market,-1.7443319320044077,0.7891980466491852,4843211,12.729
CUS-004648,3,Active Growth SMB,1.2073698590273736,-0.742283493624167,546116065,48.886
CUS-004649,3,Active Growth SMB,-0.01642287672390024,-1.1795520617085564,9924439,56.95400000000001
CUS-004650,2,Stable Mid-Market (Group 3),-0.6259572999576027,-0.5765731898783277,16380740,40.6205
CUS-004651,2,Stable Mid-Market (Group 3),-1.7084971731613048,-0.07336702288594604,1523638,9.308
CUS-004652,0,Stable Mid-Market,-0.48323391409467165,0.9704832304720051,1072652,42.0505
CUS-004653,3,Active Growth SMB,1.1088301698963345,-0.6651919184960402,357906840,56.885000000000005
CUS-004654,1,Enterprise Champions,3.6155355421965023,-0.17780355494312106,888836537,67.53649999999999
CUS-004655,3,Active Growth SMB,-0.4072509029748565,0.4944385510222544,5612820,42.15
CUS-004656,0,Stable Mid-Market,-1.0429206691351134,0.4367723713814116,1288454,33.8965
CUS-004657,3,Active Growth SMB,-0.6024806321816023,-0.33617915156945793,1305096,45.6675
CUS-004658,1,Enterprise Champions,3.158154230656852,0.2959182399959544,769149041,63.337
CUS-004659,2,Stable Mid-Market (Group 3),-0.6453561213688127,-0.8867239731865881,22876446,43.88249999999999
CUS-004660,3,Active Growth SMB,1.2839759690028911,-0.12033360034590423,302460055,62.41
CUS-004661,2,Stable Mid-Market (Group 3),-1.4850161540730349,-1.6351094641926323,8763355,26.7145
CUS-004662,0,Stable Mid-Market,-0.24653231247589485,1.681836857512285,2191922,45.3785
CUS-004663,3,Active Growth SMB,-0.3065032090966949,-0.0034386570980680263,9647310,48.682
CUS-004664,1,Enterprise Champions,1.5230935776560806,0.21615054817354126,437111302,49.206
CUS-004665,3,Active Growth SMB,0.08573912331220235,-0.34411229976858154,7392759,53.679
CUS-004666,0,Stable Mid-Market,-1.1889940576511413,0.47171197377359786,9126513,26.570500000000003
CUS-004667,2,Stable Mid-Market (Group 3),-1.467825804163737,-0.6876417950733884,3945307,22.609
CUS-004668,3,Active Growth SMB,-0.4908185189483108,-0.5429991085658349,15289181,48.827
CUS-004669,0,Stable Mid-Market,-0.6167173015687593,2.4834425459957354,4497030,41.74
CUS-004670,1,Enterprise Champions,3.336291348803872,-0.0125597008131128,735445845,63.728
CUS-004671,3,Active Growth SMB,0.453338771330379,0.5382911396424066,172262791,41.329
CUS-004672,2,Stable Mid-Market (Group 3),-1.0978923140686982,-1.0395249269373659,7040646,34.314499999999995
CUS-004673,1,Enterprise Champions,2.805618592385896,0.1590338305625322,587133984,57.072
CUS-004674,3,Active Growth SMB,-0.02855419664557576,0.8750854695387574,5022040,49.12950000000001
CUS-004675,0,Stable Mid-Market,-0.8860990169499868,2.041005169491635,3121561,25.7045
CUS-004676,3,Active Growth SMB,1.0737156795469507,0.04149480604130953,246178724,49.8075
CUS-004677,1,Enterprise Champions,2.805348358655838,-0.5325026957478513,874072575,55.689
CUS-004678,3,Active Growth SMB,0.9049113861202449,-0.12422899103019402,378680500,46.393
CUS-004679,1,Enterprise Champions,2.0621336058372495,-0.36951715998409723,627292144,59.129000000000005
CUS-004680,0,Stable Mid-Market,-1.4150258030338614,4.737154125447904,1524381,16.3245
CUS-004681,0,Stable Mid-Market,-1.7012616149000908,1.3080223642838347,1293333,7.828
CUS-004682,3,Active Growth SMB,1.407351882015536,-0.256409257390674,275812838,59.6565
CUS-004683,0,Stable Mid-Market,-1.430176274022323,1.232085417893251,4703873,20.304
CUS-004684,0,Stable Mid-Market,-1.5034312073566884,1.2734589553591595,4410783,19.733
CUS-004685,0,Stable Mid-Market,-0.12068998858593057,2.9705776937658053,1793575,47.658
CUS-004686,3,Active Growth SMB,-0.3330776554694437,-0.8430468217389299,19999183,51.7865
CUS-004687,3,Active Growth SMB,-0.06858808840469871,0.9592405328804559,21140128,46.519000000000005
CUS-004688,3,Active Growth SMB,-0.44771619809193747,0.22816132907158115,23263786,41.464
CUS-004689,3,Active Growth SMB,-0.3190549507650926,-0.25702542337060774,4870805,49.975
CUS-004690,0,Stable Mid-Market,-0.9645047834246766,1.249667728267878,1044863,35.313
CUS-004691,0,Stable Mid-Market,-0.7868099829129649,1.416050672508248,14102508,30.6855
CUS-004692,3,Active Growth SMB,0.23790017573370228,-0.6829446894713728,234047564,43.468500000000006
CUS-004693,2,Stable Mid-Market (Group 3),-2.008858865945975,-1.0119498784784313,4015442,11.406
CUS-004694,0,Stable Mid-Market,-0.9908489720444938,1.3699562277127673,773014,29.253
CUS-004695,2,Stable Mid-Market (Group 3),-1.3785349477087376,-1.168604218542433,12448049,27.262500000000003
CUS-004696,0,Stable Mid-Market,-0.8197657874252766,2.0004618726215795,9940567,34.9655
CUS-004697,0,Stable Mid-Market,-0.11631847510810757,1.6496942677484094,20379786,41.036
CUS-004698,3,Active Growth SMB,-0.09569125254407648,-0.36629199779813637,9891157,50.6205
CUS-004699,2,Stable Mid-Market (Group 3),-1.3711211547376976,-0.30996797372603596,22935268,19.717
CUS-004700,2,Stable Mid-Market (Group 3),-0.912960464211476,-0.027504041624242408,3271992,34.4075
CUS-004701,2,Stable Mid-Market (Group 3),-1.9117804949484016,-0.9604717242478022,4097036,13.32
CUS-004702,3,Active Growth SMB,-0.8328846376994573,0.24498326374880064,17019609,34.572500000000005
CUS-004703,3,Active Growth SMB,0.11149018310687311,0.39325076485627164,15973681,52.7505
CUS-004704,0,Stable Mid-Market,-0.949649506199978,1.814589586013983,10031387,24.5335
CUS-004705,3,Active Growth SMB,-0.2597702587621121,-0.2619466599120391,46014449,45.084
CUS-004706,2,Stable Mid-Market (Group 3),-0.578372049253313,-0.7689078565373767,15560472,42.3595
CUS-004707,3,Active Growth SMB,1.4204170099324487,-0.5108912076347035,227577131,65.286
CUS-004708,0,Stable Mid-Market,-0.8832786777471056,0.5323921039643946,4019590,26.1905
CUS-004709,3,Active Growth SMB,0.9303336285855349,0.18107004342472124,105373865,63.04900000000001
CUS-004710,3,Active Growth SMB,-0.6997943571630184,-0.030250724457759427,7693230,41.25450000000001
CUS-004711,0,Stable Mid-Market,-0.8895545908556204,1.4390818777956158,1774639,36.900000000000006
CUS-004712,1,Enterprise Champions,3.640340202533385,-0.03511463421188133,930331892,64.388
CUS-004713,3,Active Growth SMB,-0.14020811633366495,0.8587081700398957,23515797,44.99
CUS-004714,3,Active Growth SMB,-0.26938541019265055,0.9367982041010599,1771856,51.2045
CUS-004715,3,Active Growth SMB,-0.3736018461106468,0.145178208766529,21841552,41.7725
CUS-004716,1,Enterprise Champions,3.6579744242124725,-0.023816825025332153,782185670,71.578
CUS-004717,3,Active Growth SMB,-0.3069404062064386,0.25695973055533206,22268967,41.686
CUS-004718,2,Stable Mid-Market (Group 3),-1.0890445728885656,-0.2905127307532199,24185252,27.43
CUS-004719,2,Stable Mid-Market (Group 3),-1.0005070843277257,0.1844605022733762,11547833,25.8505
CUS-004720,3,Active Growth SMB,0.22138868984698112,-0.987211930028241,192682180,49.20649999999999
CUS-004721,2,Stable Mid-Market (Group 3),-1.210620189110097,-0.15968923572225308,18554909,23.6735
CUS-004722,0,Stable Mid-Market,-0.4954843872142718,1.636790838735419,2807348,36.79899999999999
CUS-004723,3,Active Growth SMB,0.5516438470214023,0.1461632955062385,684456210,24.6645
CUS-004724,3,Active Growth SMB,-0.32595742158665547,-1.0452372565177341,9731111,52.2355
CUS-004725,3,Active Growth SMB,1.470165814654378,0.534877601957211,193716724,61.346
CUS-004726,3,Active Growth SMB,-0.367814379018884,0.5747033170395714,23199010,39.0795
CUS-004727,2,Stable Mid-Market (Group 3),-1.2535767589020599,-0.5816590966747561,4797143,29.0215
CUS-004728,1,Enterprise Champions,1.6009165400032304,-0.8934279635564676,677984254,46.0125
CUS-004729,3,Active Growth SMB,-0.602659751441977,-0.04859414957388495,18168278,34.759
CUS-004730,3,Active Growth SMB,0.2540606334767409,0.4521230511761321,9218295,51.624
CUS-004731,3,Active Growth SMB,-0.24541992056934223,-0.7821412340051922,6195156,53.095
CUS-004732,0,Stable Mid-Market,-1.145781488318473,2.2092754423137744,1345551,21.65
CUS-004733,0,Stable Mid-Market,-0.21337067433556767,1.2194166992912672,18002836,45.852500000000006
CUS-004734,1,Enterprise Champions,4.126102194070671,-0.9250315146105658,748479475,79.7935
CUS-004735,0,Stable Mid-Market,-1.1073202301584373,2.0272739365210914,2575047,25.26
CUS-004736,0,Stable Mid-Market,-0.9283897848426094,0.4873689812370129,4090116,38.158
CUS-004737,3,Active Growth SMB,-0.507181928815698,0.29270124441986506,2948944,43.1255
CUS-004738,1,Enterprise Champions,1.7846212772829098,-0.27904144651899876,441501740,54.1255
CUS-004739,3,Active Growth SMB,1.6740630282367224,-0.42511836890654475,278374737,67.8565
CUS-004740,0,Stable Mid-Market,-0.5915827693037249,1.6483011880666252,12968076,36.942
CUS-004741,3,Active Growth SMB,0.88428952274711,-0.19211357954878203,148669592,55.5225
CUS-004742,1,Enterprise Champions,4.703827984486443,0.3849459346913608,936784447,77.779
CUS-004743,0,Stable Mid-Market,-0.8300914419549419,1.671854868505061,4423969,36.003
CUS-004744,3,Active Growth SMB,-0.3814283051668902,0.6953108197781639,18838438,42.297
CUS-004745,3,Active Growth SMB,0.5223088923426693,0.18362452043970948,296951244,42.488
CUS-004746,1,Enterprise Champions,3.899076464595012,-0.38862006402944,912849807,70.2495
CUS-004747,2,Stable Mid-Market (Group 3),-1.3509485886406885,-1.222004877172057,23970681,27.542
CUS-004748,0,Stable Mid-Market,-0.002131153969859691,1.4766282160210784,14325831,45.6395
CUS-004749,2,Stable Mid-Market (Group 3),-0.9305875016992242,-1.4086089347657682,2293744,42.602
CUS-004750,3,Active Growth SMB,0.9900333819502076,0.047299358588536754,37770084,62.354
CUS-004751,1,Enterprise Champions,2.7946194804997595,-0.9239014962700491,802157555,65.8635
CUS-004752,2,Stable Mid-Market (Group 3),-0.9344327632431495,-0.04882342484189028,3120731,30.684
CUS-004753,3,Active Growth SMB,-0.1188929670900761,0.6938743929902714,18935039,49.645
CUS-004754,2,Stable Mid-Market (Group 3),-0.8733576774763613,-0.2969897362868586,18870558,33.824
CUS-004755,2,Stable Mid-Market (Group 3),-1.73240175342492,-1.5052679354852463,2744495,20.6355
CUS-004756,2,Stable Mid-Market (Group 3),-1.3987212627898098,-0.7076972163435145,22309821,24.337
CUS-004757,2,Stable Mid-Market (Group 3),-0.7892464949462811,-0.7545716355750671,21414430,37.652
CUS-004758,0,Stable Mid-Market,-1.4965586203094199,1.1278429946839745,681865,14.386
CUS-004759,1,Enterprise Champions,3.686807050494283,-0.29275066020195606,806709516,69.4835
CUS-004760,0,Stable Mid-Market,-0.6498609869015396,0.9437889041008853,2035632,35.9525
CUS-004761,0,Stable Mid-Market,-0.8812276208666118,0.3132071688247299,5447352,32.3825
CUS-004762,0,Stable Mid-Market,-0.3969648676143774,1.6683759668074525,20110985,31.4015
CUS-004763,2,Stable Mid-Market (Group 3),-2.0182083274896283,-1.3485351238313863,4254834,10.392
CUS-004764,0,Stable Mid-Market,-0.693704706232365,1.7538884011621247,14155521,29.968
CUS-004765,2,Stable Mid-Market (Group 3),-0.8643282831422087,-0.2062441001055634,10279023,36.165000000000006
CUS-004766,1,Enterprise Champions,2.416203367245223,0.6229600281945671,401167914,74.5935
CUS-004767,3,Active Growth SMB,0.5739827269873111,-0.16485394309521997,3574770,64.8165
CUS-004768,3,Active Growth SMB,0.5524842068637018,0.9030950615472841,3216392,57.9145
CUS-004769,1,Enterprise Champions,2.3337232500388243,0.21041231545215983,632185417,55.637
CUS-004770,2,Stable Mid-Market (Group 3),-0.7422130608121582,-0.6002299325018605,2088059,40.135000000000005
CUS-004771,0,Stable Mid-Market,-0.8955032319813064,1.7468750495301004,16798303,33.1675
CUS-004772,3,Active Growth SMB,-0.1700791038823277,-1.0729974696652695,16888049,56.31100000000001
CUS-004773,1,Enterprise Champions,3.375134433202231,0.05541475970328709,833247096,66.343
CUS-004774,2,Stable Mid-Market (Group 3),-1.228176594004107,-0.6680138695261101,8696556,27.3195
CUS-004775,3,Active Growth SMB,0.5279273328524551,0.08155095698061803,38169290,50.5295
CUS-004776,3,Active Growth SMB,0.6071873078844989,0.19992038238913903,379415656,37.304
CUS-004777,2,Stable Mid-Market (Group 3),-0.7829134394907283,-0.2983146965966927,14708672,32.727000000000004
CUS-004778,1,Enterprise Champions,1.9667513657766742,0.32155576079219744,444928344,60.6185
CUS-004779,1,Enterprise Champions,4.716386157666189,-0.14672924126818054,993381308,79.9605
CUS-004780,3,Active Growth SMB,0.7307159695121852,0.5725189705010042,5003606,56.228
CUS-004781,3,Active Growth SMB,-0.24701126782656477,0.2666765440682036,20842552,40.9965
CUS-004782,0,Stable Mid-Market,-1.1655578897711287,0.5220321511300782,3066560,30.0535
CUS-004783,2,Stable Mid-Market (Group 3),-2.213818820953203,-0.018355596250589253,271280,0.0500000000000007
CUS-004784,3,Active Growth SMB,0.2979526788546848,-0.3219555100584991,17913367,59.6795
CUS-004785,2,Stable Mid-Market (Group 3),-1.615295085055623,-0.9052679106031895,2982842,18.705
CUS-004786,0,Stable Mid-Market,-0.9016330775681445,1.5496146798697918,936807,32.810500000000005
CUS-004787,3,Active Growth SMB,0.23110392929029402,0.14978180519340034,23075860,59.6745
CUS-004788,2,Stable Mid-Market (Group 3),-1.6786867718332865,-0.6137750751642206,1566631,18.1845
CUS-004789,1,Enterprise Champions,2.9679064411083327,0.4334487638134015,832344688,60.045
CUS-004790,0,Stable Mid-Market,-0.5880683844395722,1.677588559052114,4422870,42.847
CUS-004791,3,Active Growth SMB,-0.5590165483182703,0.010384969531630393,17918938,41.038
CUS-004792,1,Enterprise Champions,1.4878784971839052,-0.1272775310187052,464923908,55.9585
CUS-004793,1,Enterprise Champions,4.38502965773458,-0.7835629550238893,796115079,83.642
CUS-004794,0,Stable Mid-Market,-1.4112232619378826,0.5673281519363499,3738418,22.911
CUS-004795,2,Stable Mid-Market (Group 3),-0.7416909970282557,-0.6397908183119054,22205000,40.8685
CUS-004796,1,Enterprise Champions,2.8580926423729096,-0.6380835927171886,736757354,69.75999999999999
CUS-004797,1,Enterprise Champions,3.7881033331354246,-0.034896692062589725,915194283,67.03099999999999
CUS-004798,3,Active Growth SMB,-0.1767619957768153,-0.283908546189944,7478913,49.888
CUS-004799,0,Stable Mid-Market,-1.3011320794636239,0.3449986327677154,2396059,28.045
CUS-004800,2,Stable Mid-Market (Group 3),-1.5609766324181282,0.016050538580928503,4868594,16.978500000000004
CUS-004801,2,Stable Mid-Market (Group 3),-1.0310054216933482,-0.33216880579398234,3000322,33.4785
CUS-004802,3,Active Growth SMB,0.47699223421640985,-0.08003209805687884,141177766,50.8955
CUS-004803,1,Enterprise Champions,4.245100876171308,-0.21362886462787933,792562421,82.3535
CUS-004804,0,Stable Mid-Market,-0.2990653935108409,3.8705565008236107,15343332,43.741
CUS-004805,2,Stable Mid-Market (Group 3),-1.1662969310860927,-0.9355996730402724,1810497,33.76349999999999
CUS-004806,2,Stable Mid-Market (Group 3),-1.7106353602889801,0.3323128706295112,2240459,12.797500000000005
CUS-004807,0,Stable Mid-Market,-0.36821630998600585,1.4471747163430608,22977519,46.906000000000006
CUS-004808,2,Stable Mid-Market (Group 3),-0.9348691166894576,-0.12861070844146566,4661946,32.071
CUS-004809,2,Stable Mid-Market (Group 3),-0.9900912687272189,-0.8278757135751899,4290263,33.507
CUS-004810,3,Active Growth SMB,0.3531191087826101,1.6930959323450065,6864780,60.069
CUS-004811,0,Stable Mid-Market,-0.8626342443113155,0.2762077803443159,10222365,34.008
CUS-004812,2,Stable Mid-Market (Group 3),-1.1692948965727015,-0.8850938849559798,7360113,31.6365
CUS-004813,3,Active Growth SMB,-0.16182034129400338,-0.17770588433929757,20826782,51.913
CUS-004814,2,Stable Mid-Market (Group 3),-1.7167338024079792,-0.12728404389905648,1130035,16.509999999999998
CUS-004815,2,Stable Mid-Market (Group 3),-0.95356350133517,-0.5082332876770063,5631767,34.415000000000006
CUS-004816,1,Enterprise Champions,1.4559376095662144,-0.4993842161505603,841650546,39.7775
CUS-004817,1,Enterprise Champions,4.835036855925934,-0.08888989611562244,979794615,69.656
CUS-004818,3,Active Growth SMB,-0.448776654084997,-0.6348477736367136,6164397,50.9525
CUS-004819,3,Active Growth SMB,-0.5676540616953524,0.045841543693220445,14979251,43.062000000000005
CUS-004820,3,Active Growth SMB,0.1318129866894931,-0.13823558768384675,10877390,53.034
CUS-004821,0,Stable Mid-Market,-0.6996636623871335,0.8160660474251079,4779870,37.887
CUS-004822,1,Enterprise Champions,2.9728465477786252,0.3720055260249798,456512380,70.4625
CUS-004823,2,Stable Mid-Market (Group 3),-0.6995794140070952,-0.3622721418837805,8975989,35.825
CUS-004824,0,Stable Mid-Market,-1.0312791683852984,0.36882634495340394,1830987,34.399
CUS-004825,3,Active Growth SMB,0.4694173154221389,-0.30685454823450403,3748465,65.1525
CUS-004826,2,Stable Mid-Market (Group 3),-0.9693655146727297,-0.8191027471284454,13437475,35.825500000000005
CUS-004827,2,Stable Mid-Market (Group 3),-0.48366164182568755,-0.26384802629930637,88864362,35.286
CUS-004828,0,Stable Mid-Market,-0.8295061321584772,0.6596963936370381,22727475,25.723000000000003
CUS-004829,0,Stable Mid-Market,-0.5878290757960346,1.3370732044575546,3845656,43.919
CUS-004830,2,Stable Mid-Market (Group 3),-2.0327253004440013,-1.491246128354944,1621887,11.164999999999996
CUS-004831,2,Stable Mid-Market (Group 3),-0.840211148545052,-1.3152167786096216,21009097,41.264
CUS-004832,2,Stable Mid-Market (Group 3),-0.8327884114971438,-0.4364189048970155,7210242,39.2415
CUS-004833,0,Stable Mid-Market,-0.405082344979183,1.291957276020963,17464444,41.776
CUS-004834,3,Active Growth SMB,-0.4168704091483704,0.46152894979395037,901568,48.904
CUS-004835,2,Stable Mid-Market (Group 3),-0.8376111522062013,-0.7154817568472621,11669222,40.004
CUS-004836,0,Stable Mid-Market,-0.9365285419945014,0.9308834035041346,4828025,29.264
CUS-004837,3,Active Growth SMB,1.6191918351224497,-0.1651876038573471,149343992,69.8955
CUS-004838,1,Enterprise Champions,2.0937349768402895,0.3950172739953353,223243861,58.9665
CUS-004839,1,Enterprise Champions,2.6218899595305523,-0.2258408408106391,977365991,48.9635
CUS-004840,2,Stable Mid-Market (Group 3),-0.5813780124692448,-0.1502287397578252,109603169,33.583
CUS-004841,2,Stable Mid-Market (Group 3),-1.039858868341994,-0.2430975873274298,3810856,28.8075
CUS-004842,0,Stable Mid-Market,-1.1347866498702464,0.6898713455502377,18270950,25.339
CUS-004843,1,Enterprise Champions,2.274797918779234,-0.04398832653703494,496850906,65.634
CUS-004844,2,Stable Mid-Market (Group 3),-1.6710492779080859,0.02100858465952817,4732798,9.619000000000002
CUS-004845,2,Stable Mid-Market (Group 3),-0.4897939621022153,-1.0319364209154278,7308412,49.183
CUS-004846,3,Active Growth SMB,-0.30912741946014627,-0.7900267261529246,16718430,49.102500000000006
CUS-004847,1,Enterprise Champions,3.418781468251987,-0.8025378685976856,958071071,65.8965
CUS-004848,3,Active Growth SMB,-0.2585735595581024,0.13033232852619028,4812542,47.263000000000005
CUS-004849,1,Enterprise Champions,2.4373189848630523,-0.11893227529687019,764847417,53.5125
CUS-004850,2,Stable Mid-Market (Group 3),-1.175995391159015,-0.18330103415627555,1362555,27.845
CUS-004851,1,Enterprise Champions,3.0373504103922873,-0.3331949648931698,755180426,64.056
CUS-004852,0,Stable Mid-Market,-1.186529933038123,1.2176135167263231,2219264,27.4065
CUS-004853,0,Stable Mid-Market,-0.7146589334016342,1.4920358012050878,4496611,31.2675
CUS-004854,1,Enterprise Champions,1.9481516003584305,-0.283418128590271,660642179,57.089
CUS-004855,1,Enterprise Champions,2.3383689735622224,-0.8866214269938361,585545499,73.67150000000001
CUS-004856,2,Stable Mid-Market (Group 3),-1.186713316213905,-0.8804644432676915,849840,34.612500000000004
CUS-004857,0,Stable Mid-Market,-0.041065891901854674,1.4913794374970106,21964361,43.999
CUS-004858,2,Stable Mid-Market (Group 3),-0.5685488545177698,-0.2520309890410961,23061144,36.866
CUS-004859,1,Enterprise Champions,2.318936724352203,-0.43443373590267864,639918957,64.103
CUS-004860,1,Enterprise Champions,1.722663810189688,-0.2192266777232388,565411648,51.967
CUS-004861,3,Active Growth SMB,-0.28944260924230397,0.4172777383984139,4207976,48.537000000000006
CUS-004862,2,Stable Mid-Market (Group 3),-1.2654859786154882,-1.7300365701318396,1216419,32.845
CUS-004863,1,Enterprise Champions,2.08279004836687,-0.46883386942573396,290134693,71.3675
CUS-004864,2,Stable Mid-Market (Group 3),-1.6548363926892042,-0.9709501953669621,2275432,20.747000000000003
CUS-004865,0,Stable Mid-Market,-1.152643509340198,0.4183860828673244,13142761,18.88
CUS-004866,1,Enterprise Champions,2.4082365254591074,-0.4631965897407352,491344914,67.5545
CUS-004867,3,Active Growth SMB,-0.7389419812930372,-0.17326486619035375,3353682,42.0805
CUS-004868,3,Active Growth SMB,1.3161279409367257,-0.3051322225888553,355823742,57.7985
CUS-004869,3,Active Growth SMB,-0.0074784796247805594,-0.7139744127698568,4590867,59.408
CUS-004870,3,Active Growth SMB,0.11682849239933922,-0.1432638753535838,10825783,55.80800000000001
CUS-004871,2,Stable Mid-Market (Group 3),-0.8717656908479776,0.02350629676629609,22764402,33.028000000000006
CUS-004872,3,Active Growth SMB,1.0586669748446458,0.20810173917159933,131383886,58.884
CUS-004873,2,Stable Mid-Market (Group 3),-1.180875553968721,-0.211150662059497,3524421,27.7035
CUS-004874,3,Active Growth SMB,-0.017528142934832885,0.6127676511097896,13198307,45.193
CUS-004875,2,Stable Mid-Market (Group 3),-1.0654993718051466,-0.8646843316165672,8068395,34.431000000000004
CUS-004876,3,Active Growth SMB,-0.24732729721965108,-0.4999246035452774,8029153,50.288
CUS-004877,1,Enterprise Champions,2.5858489345019513,-0.8517229167075168,390241061,82.07900000000001
CUS-004878,2,Stable Mid-Market (Group 3),-1.5665057310389803,-0.929932373558565,6336085,21.421000000000003
CUS-004879,3,Active Growth SMB,-0.26220800111591125,0.1337963358955812,2960332,46.095
CUS-004880,2,Stable Mid-Market (Group 3),-0.7665353488176757,-0.9475296701382144,23323629,39.2715
CUS-004881,1,Enterprise Champions,2.3145459025151363,-0.2664001618336681,470446669,63.316
CUS-004882,2,Stable Mid-Market (Group 3),-0.8947903777979678,-0.006906627569853926,11761979,31.0245
CUS-004883,3,Active Growth SMB,-0.3702159390381078,0.2569657354313265,21175174,42.384
CUS-004884,0,Stable Mid-Market,-0.6243054579174337,1.3917137353022877,24908000,29.789
CUS-004885,2,Stable Mid-Market (Group 3),-1.834276760685398,-0.6858272059482501,3589145,12.302500000000002
CUS-004886,2,Stable Mid-Market (Group 3),-0.9555967331224882,-1.2676806624577106,4609710,40.05500000000001
CUS-004887,1,Enterprise Champions,1.4527272017084254,0.7643249346125726,287747676,42.063500000000005
CUS-004888,0,Stable Mid-Market,-1.1870782965160487,0.30631022959363136,24122024,23.905
CUS-004889,2,Stable Mid-Market (Group 3),-0.7103742893534081,-0.36506277209502014,22578055,41.453
CUS-004890,2,Stable Mid-Market (Group 3),-1.3405443523663365,-0.8384430998243454,589585,29.359
CUS-004891,1,Enterprise Champions,3.643727245491361,-0.46207926378169917,977205775,64.714
CUS-004892,0,Stable Mid-Market,-0.41313616830576827,2.0603571997293444,9385334,38.5255
CUS-004893,3,Active Growth SMB,-0.2620856185021944,-0.21268534276605286,14286890,51.81250000000001
CUS-004894,1,Enterprise Champions,1.7234036474586587,0.3561699737949727,361443998,55.14349999999999
CUS-004895,2,Stable Mid-Market (Group 3),-0.7633592401917286,-1.3472336369183833,11328950,44.1605
CUS-004896,2,Stable Mid-Market (Group 3),-1.3444470517744962,-0.2440373278629337,18857886,23.3145
CUS-004897,3,Active Growth SMB,1.675534394238783,0.31079136430932297,189666052,63.764500000000005
CUS-004898,3,Active Growth SMB,-0.1672636127057367,0.036966105576467005,12139952,46.5675
CUS-004899,2,Stable Mid-Market (Group 3),-0.9559516610838519,-1.269269638266592,314664,39.6855
CUS-004900,2,Stable Mid-Market (Group 3),-1.7059666950369723,-0.9271775517440618,3466040,19.0925
CUS-004901,0,Stable Mid-Market,-0.8307716265458411,0.3538776465806427,12616001,34.402
CUS-004902,3,Active Growth SMB,-0.18736391796722765,0.022710246345406783,3626675,48.852
CUS-004903,1,Enterprise Champions,3.0287450001522425,-0.21246964388446482,362000561,76.3085
CUS-004904,2,Stable Mid-Market (Group 3),-1.5340026076228146,-0.32973853475166875,1879290,21.2875
CUS-004905,0,Stable Mid-Market,-1.4970383242759964,0.47289401173764073,2436862,22.14
CUS-004906,3,Active Growth SMB,0.06075896231741636,0.15599827260308502,24745156,46.668
CUS-004907,0,Stable Mid-Market,-1.0757167494318134,1.32774151669811,275626,25.425
CUS-004908,1,Enterprise Champions,2.4803957654793396,-0.8220141426823461,607870316,67.8845
CUS-004909,3,Active Growth SMB,0.03693739494171903,0.9291707289721771,19121325,45.3875
CUS-004910,1,Enterprise Champions,1.9038612752172324,0.07422579225835577,732476703,45.380500000000005
CUS-004911,3,Active Growth SMB,0.7741414528910067,-0.4160287959712011,131493200,50.005
CUS-004912,0,Stable Mid-Market,-0.7230097940363399,2.547173120479253,10366142,33.87950000000001
CUS-004913,3,Active Growth SMB,-0.2798229857734675,-0.8497041286296566,15306503,45.7975
CUS-004914,2,Stable Mid-Market (Group 3),-1.5209192500262545,-2.3770614350807056,1535029,28.675
CUS-004915,3,Active Growth SMB,-0.005041059497496507,0.5800936082513445,6648729,43.5945
CUS-004916,2,Stable Mid-Market (Group 3),-1.2407755087563694,-1.4650807463566533,2197262,31.84
CUS-004917,0,Stable Mid-Market,-0.709018724058957,0.4761646427639466,4547128,39.063
CUS-004918,2,Stable Mid-Market (Group 3),-0.6837042073250338,-0.7386374886851755,4117046,41.563
CUS-004919,2,Stable Mid-Market (Group 3),-0.689852179104041,-0.8933683166363332,3897649,43.825
CUS-004920,3,Active Growth SMB,0.4016053910863242,0.44445458744626315,12248393,59.385
CUS-004921,0,Stable Mid-Market,-1.0673194242489124,0.8346180734147498,4621498,30.3425
CUS-004922,1,Enterprise Champions,2.185345242938819,-0.17400494195333713,567560640,58.5475
CUS-004923,3,Active Growth SMB,0.2209918035093145,-0.12124143913986862,93454496,46.168000000000006
CUS-004924,2,Stable Mid-Market (Group 3),-1.1022217944175128,-0.8004821815788333,2618702,35.065
CUS-004925,3,Active Growth SMB,0.06738114809213051,0.48285359227819874,23679265,51.743
CUS-004926,2,Stable Mid-Market (Group 3),-0.8398351562292229,-0.42840598136090285,11822331,37.776
CUS-004927,1,Enterprise Champions,3.1865623619150347,-0.5597007790914111,705570372,66.78450000000001
CUS-004928,3,Active Growth SMB,-0.12627433728871026,-0.027559501466469297,8494079,51.685
CUS-004929,2,Stable Mid-Market (Group 3),-1.2131178499207134,0.12964473828225143,740014,28.864
CUS-004930,0,Stable Mid-Market,-0.24010638571005938,1.1108012610867206,24705474,45.2325
CUS-004931,2,Stable Mid-Market (Group 3),-1.0258804573806926,-0.3524077633261909,2322970,33.748999999999995
CUS-004932,3,Active Growth SMB,-0.5500214359712913,-0.4152705611090041,8237595,40.381
CUS-004933,0,Stable Mid-Market,-0.49308781187854067,1.8918478887317942,3476279,35.561
CUS-004934,1,Enterprise Champions,2.7021952274142556,0.33701343662027217,358647938,74.5505
CUS-004935,0,Stable Mid-Market,-0.5702240412267338,1.2579613721115614,9332025,39.402
CUS-004936,3,Active Growth SMB,0.27255518712264143,-0.17006325403138464,86844955,46.453
CUS-004937,3,Active Growth SMB,-0.5199946604998912,-0.6214847116251012,3327190,48.166
CUS-004938,0,Stable Mid-Market,-0.8053402780457837,0.9703905355740811,2964235,35.8765
CUS-004939,0,Stable Mid-Market,-0.42756267858553754,0.7670728356317743,18808766,36.445
CUS-004940,1,Enterprise Champions,2.7564955654095855,-0.6620692406179188,735865606,71.9415
CUS-004941,3,Active Growth SMB,-0.8429094516874452,0.24147581774353502,3127015,38.8085
CUS-004942,1,Enterprise Champions,4.632311460772554,0.233611284936951,662662674,88.57249999999999
CUS-004943,2,Stable Mid-Market (Group 3),-1.0496741032042416,-0.16295177907131575,12642844,32.7045
CUS-004944,3,Active Growth SMB,-0.5689294547211031,-0.44811930869304656,4475942,46.8885
CUS-004945,3,Active Growth SMB,-0.3735680702652792,-0.7848256069834937,11245489,47.613
CUS-004946,0,Stable Mid-Market,-0.9111985977024335,1.2424478429737353,1503716,31.942
CUS-004947,3,Active Growth SMB,-0.22170186051194962,0.0658420202081613,2640751,42.124
CUS-004948,2,Stable Mid-Market (Group 3),-1.3418055256817585,0.17639881600691157,1146066,26.2195
CUS-004949,2,Stable Mid-Market (Group 3),-0.929493632989724,-1.074994488845081,3669534,41.540000000000006
CUS-004950,0,Stable Mid-Market,-0.7929508970321684,0.30923802557495406,13243493,28.3955
CUS-004951,1,Enterprise Champions,2.226357893099438,0.09014324641972814,402222269,58.5855
CUS-004952,2,Stable Mid-Market (Group 3),-1.3581698058054936,-0.18272651652542937,1218403,26.8375
CUS-004953,1,Enterprise Champions,2.622416937959072,-0.6032809457970373,499899091,68.0595
CUS-004954,0,Stable Mid-Market,-0.9460198016108712,3.126819713309772,1303064,28.5055
CUS-004955,1,Enterprise Champions,1.8269913514248564,-0.25364892005449946,466178160,59.2405
CUS-004956,1,Enterprise Champions,2.7287453765557363,-0.824367218868131,922253779,54.4315
CUS-004957,0,Stable Mid-Market,-0.2301813512213136,2.4329307632011297,4240831,48.584
CUS-004958,3,Active Growth SMB,1.4196751597344985,0.024555204341271123,61726274,64.2775
CUS-004959,3,Active Growth SMB,-0.09835185106293981,0.7368945590059757,15345647,53.0655
CUS-004960,0,Stable Mid-Market,-1.0425701208449505,0.4627995003301233,3372590,28.515
CUS-004961,3,Active Growth SMB,1.2298523763678455,0.28540206027020265,146527109,58.236
CUS-004962,1,Enterprise Champions,3.0306489258015454,-0.44052099423809576,701948769,62.5085
CUS-004963,3,Active Growth SMB,-0.25314000414724314,0.0668470315171812,15821272,47.129
CUS-004964,1,Enterprise Champions,3.2400966896938916,-0.40470449926216895,707746973,64.2445
CUS-004965,1,Enterprise Champions,2.063567335021074,-0.5186936611560636,434358716,61.944500000000005
CUS-004966,1,Enterprise Champions,3.004001642182877,-0.5128949926021924,932006330,61.757000000000005
CUS-004967,0,Stable Mid-Market,-0.820536098784806,1.9264130897685932,17743618,29.0365
CUS-004968,2,Stable Mid-Market (Group 3),-1.1237980211831307,-0.08171562887059351,9240449,26.255
CUS-004969,3,Active Growth SMB,0.23702242061630419,0.1526176446260573,105851137,48.88249999999999
CUS-004970,3,Active Growth SMB,-0.640089391491736,-0.20069255837413044,7761864,40.515
CUS-004971,3,Active Growth SMB,-0.399179335094201,0.14880409878388257,10719504,44.0375
CUS-004972,3,Active Growth SMB,0.8389791375350728,-0.22147623988568335,208974460,49.018
CUS-004973,2,Stable Mid-Market (Group 3),-0.7678527046754099,-0.1529291515869946,7649055,36.692
CUS-004974,2,Stable Mid-Market (Group 3),-1.1224294377821917,-1.6520559911878228,4078168,37.791
CUS-004975,0,Stable Mid-Market,-0.465267468540454,1.3354352149824742,8440566,37.17
CUS-004976,3,Active Growth SMB,-0.37580206410227185,0.46511972405991175,5124243,47.13550000000001
CUS-004977,2,Stable Mid-Market (Group 3),-0.8613451512405452,-0.37154949432487855,7505586,37.1745
CUS-004978,1,Enterprise Champions,2.2264066568680603,0.3266790840734314,474250119,55.0175
CUS-004979,3,Active Growth SMB,-0.3040770101586031,0.6531547418145419,2892637,47.0375
CUS-004980,2,Stable Mid-Market (Group 3),-1.3632667505794205,-0.9137503878586081,3033188,26.5575
CUS-004981,2,Stable Mid-Market (Group 3),-1.1779635113451883,-1.600730602268778,4347204,35.0625
CUS-004982,1,Enterprise Champions,2.216437214978729,0.005290264935543404,379442144,68.4345
CUS-004983,3,Active Growth SMB,-0.22085315955366117,0.16146842639665104,23918499,49.328500000000005
CUS-004984,3,Active Growth SMB,0.9097522150067682,0.23215580349323497,306907534,42.7215
CUS-004985,2,Stable Mid-Market (Group 3),-0.7359630991106612,-0.35045944688423813,4341305,39.813500000000005
CUS-004986,3,Active Growth SMB,0.3735982713453341,-0.2789052630267665,4051932,66.369
CUS-004987,3,Active Growth SMB,0.13538199438912862,-0.18345127696341482,4825929,55.935
CUS-004988,1,Enterprise Champions,4.188931892097974,0.11261721754410751,988873506,69.422
CUS-004989,0,Stable Mid-Market,-0.943032275664035,0.5356999508976763,753662,35.1155
CUS-004990,3,Active Growth SMB,1.0769855941866024,0.5046042897870611,433952687,43.986
CUS-004991,1,Enterprise Champions,2.26820092291368,-0.63421789944729,469234076,67.862
CUS-004992,2,Stable Mid-Market (Group 3),-1.4415019541533747,0.2744759427623244,2013033,24.2655
CUS-004993,2,Stable Mid-Market (Group 3),-1.4973281685619568,-0.02608910829650077,2859395,21.227500000000003
CUS-004994,3,Active Growth SMB,-0.3493199456587967,0.3189592977167444,20697489,43.84949999999999
CUS-004995,3,Active Growth SMB,0.22420890726746232,0.08911652021359504,17942193,57.831500000000005
CUS-004996,1,Enterprise Champions,1.5689295190143255,-0.712206155985368,505755231,49.9835
CUS-004997,3,Active Growth SMB,1.686920777974046,0.476203673608292,121372916,66.096
CUS-004998,0,Stable Mid-Market,-0.20954471018309945,1.5541564064155657,12250152,37.82900000000001
CUS-004999,2,Stable Mid-Market (Group 3),-0.8650646671881069,-1.2491857608079755,21843586,37.716
CUS-005000,2,Stable Mid-Market (Group 3),-0.7308180268631485,-0.12349790586368255,17631300,36.962500000000006
CUS-005001,3,Active Growth SMB,-0.08320492584679992,-0.7715767528761741,145809415,44.917
CUS-005002,3,Active Growth SMB,0.0652658208290106,0.11092746186609678,13037018,51.276
CUS-005003,2,Stable Mid-Market (Group 3),-1.2419574670850189,-0.5948400817254558,4929835,26.8
CUS-005004,3,Active Growth SMB,0.537452541457559,-0.15701747953331274,364725879,41.7
CUS-005005,1,Enterprise Champions,2.9064445421287246,-0.7459205395600843,833018195,62.4935
CUS-005006,3,Active Growth SMB,0.6077833782399953,-0.10258602527896639,11661772,60.496
CUS-005007,2,Stable Mid-Market (Group 3),-1.2287509034575517,-1.0770049025563193,1816394,33.876
CUS-005008,0,Stable Mid-Market,-0.297064379684874,2.3048007342454904,5279637,40.919
CUS-005009,0,Stable Mid-Market,-0.5727315518457881,1.8958450609606412,715765,39.056
CUS-005010,2,Stable Mid-Market (Group 3),-1.2303669224089528,-0.7828299382976224,21656976,27.8235
CUS-005011,1,Enterprise Champions,4.281120110090178,-0.5210710830805282,968788665,77.339
CUS-005012,2,Stable Mid-Market (Group 3),-0.8271897761816034,-0.17756252609949758,11552569,34.925
CUS-005013,3,Active Growth SMB,0.3047575155277356,0.0012984535226073079,78030569,42.974
CUS-005014,2,Stable Mid-Market (Group 3),-1.4284553371062727,-0.06997243809158034,2502874,22.2775
CUS-005015,1,Enterprise Champions,2.1344355942245468,0.4767772307837526,386104413,51.05
CUS-005016,2,Stable Mid-Market (Group 3),-0.6849164950457781,-0.31792259265659806,24138665,40.873000000000005
CUS-005017,2,Stable Mid-Market (Group 3),-0.8319989754567325,0.1945594158813834,20039810,31.1225
CUS-005018,2,Stable Mid-Market (Group 3),-1.017785732868189,-0.6637357685096987,22234719,34.0685
CUS-005019,3,Active Growth SMB,0.39026645567351875,0.2210777212921705,24637948,47.163
CUS-005020,0,Stable Mid-Market,0.13342327849428254,1.3400104461899913,17831528,45.187000000000005
CUS-005021,0,Stable Mid-Market,-0.8622870117409298,0.5657157785528628,777994,37.2955
CUS-005022,0,Stable Mid-Market,-0.6540975559103133,1.67994833736756,2703483,42.900000000000006
CUS-005023,0,Stable Mid-Market,-0.9836740534751224,0.6179837807107361,2800547,30.8395
CUS-005024,3,Active Growth SMB,-0.1626104380578537,-0.4081607704926841,14629120,46.9325
CUS-005025,0,Stable Mid-Market,-1.0570923235460916,0.8916001817616274,14820793,24.012
CUS-005026,3,Active Growth SMB,-0.6518884053716488,0.12901079929682624,14842628,37.994
CUS-005027,3,Active Growth SMB,0.1109001335469175,0.13386663159899145,14898604,51.104
CUS-005028,3,Active Growth SMB,-0.02710413550785082,0.16917660102301604,19984486,49.02
CUS-005029,2,Stable Mid-Market (Group 3),-1.1146896049524126,-0.7967220214568933,6022840,31.303
CUS-005030,3,Active Growth SMB,-0.09987754769695613,-0.14174409473794358,96463329,44.5715
CUS-005031,1,Enterprise Champions,1.698922368826295,0.7867031308475958,401882168,50.592000000000006
CUS-005032,3,Active Growth SMB,-0.6820812817482016,-0.26361336361688353,665228,45.234
CUS-005033,1,Enterprise Champions,3.3413332548626253,-0.46996730841191314,827269130,67.0525
CUS-005034,0,Stable Mid-Market,-1.0664157635325031,1.2086619357540114,10024405,28.7605
CUS-005035,3,Active Growth SMB,-0.4545609323726664,-0.1533450888988413,23740640,42.373000000000005
CUS-005036,1,Enterprise Champions,2.2767020656195815,0.054503137173407684,590785870,56.45150000000001
CUS-005037,2,Stable Mid-Market (Group 3),-1.0157759566939386,-1.3680099014775546,2566524,40.0475
CUS-005038,1,Enterprise Champions,3.807212936166123,0.24258283850015702,894475170,70.0505
CUS-005039,2,Stable Mid-Market (Group 3),-0.9954224348384781,-0.20779510125283954,4678100,34.892
CUS-005040,3,Active Growth SMB,-0.612710783692376,-0.031715755465567506,3115018,46.2545
CUS-005041,1,Enterprise Champions,2.824283465776328,-0.7587060513327397,636275355,71.7555
CUS-005042,3,Active Growth SMB,0.3762392110944323,0.8186528881307356,40723802,51.43300000000001
CUS-005043,3,Active Growth SMB,-0.6254066987677097,-0.04247524481244062,9882759,36.7115
CUS-005044,2,Stable Mid-Market (Group 3),-0.9996005074663327,-1.206987680790081,16772529,37.840500000000006
CUS-005045,3,Active Growth SMB,-0.21076426783795954,-0.2660249247882885,86669332,42.9915
CUS-005046,2,Stable Mid-Market (Group 3),-1.552671845046975,-1.40709247739632,3783637,23.7835
CUS-005047,1,Enterprise Champions,3.082141541302579,-0.31206665180178145,708635943,68.71350000000001
CUS-005048,2,Stable Mid-Market (Group 3),-1.8901515105798112,-0.44877186326427454,686926,11.6925
CUS-005049,3,Active Growth SMB,1.1222306305245757,-0.3487663246056516,106922224,59.8335
CUS-005050,0,Stable Mid-Market,-0.7634331602750132,7.034171225529818,773607,29.800500000000003
CUS-005051,1,Enterprise Champions,3.089937140077938,-0.2789150868138841,577018951,71.59649999999999
CUS-005052,0,Stable Mid-Market,-0.7043351024051552,1.8819214874968926,6370976,31.3425
CUS-005053,0,Stable Mid-Market,-1.0553502588838384,1.306352580436637,15260734,28.4205
CUS-005054,1,Enterprise Champions,2.7607335359171943,-0.028942145775131774,439181506,71.2265
CUS-005055,2,Stable Mid-Market (Group 3),-0.9652359715900913,0.04195130044428451,2994966,31.521
CUS-005056,1,Enterprise Champions,3.721609031950352,-0.2716929843353376,906213539,69.7895
CUS-005057,3,Active Growth SMB,-0.48803606458888904,-0.024669253106765734,15964980,44.442
CUS-005058,0,Stable Mid-Market,-0.6284649386057303,1.1283229875349199,9521184,33.6425
CUS-005059,0,Stable Mid-Market,-0.8673651096278944,0.7795853669345487,17394919,33.9725
CUS-005060,1,Enterprise Champions,3.8415878295336463,-0.2384911486916733,968173332,70.63099999999999
CUS-005061,1,Enterprise Champions,2.4334315755654514,-0.1797210526290449,422375550,72.0655
CUS-005062,1,Enterprise Champions,3.108493832979623,-0.17484419159896927,598247200,67.027
CUS-005063,2,Stable Mid-Market (Group 3),-0.9543767053040177,-0.7712177747095591,13321366,35.227000000000004
CUS-005064,3,Active Growth SMB,0.3624676091161502,0.6475422061642455,29895725,46.487
CUS-005065,0,Stable Mid-Market,-0.9353557831929489,2.5382027914829757,2153810,30.5365
CUS-005066,3,Active Growth SMB,-0.3541502697453925,0.5952238293052947,10094161,40.12650000000001
CUS-005067,2,Stable Mid-Market (Group 3),-1.2677355052529184,-0.6569960184931577,15570739,24.910500000000003
CUS-005068,0,Stable Mid-Market,-0.6255843123011576,0.758184243911622,24218698,34.8015
CUS-005069,1,Enterprise Champions,3.6838837791619383,-0.3855697708837885,878415085,68.59450000000001
CUS-005070,2,Stable Mid-Market (Group 3),-1.4798175895345695,-1.0068026058678399,21769286,19.1175
CUS-005071,3,Active Growth SMB,-0.5682280898617887,0.01622481738108926,13964760,42.1125
CUS-005072,2,Stable Mid-Market (Group 3),-1.2425031884394622,-0.3305947745685315,6628556,26.329
CUS-005073,2,Stable Mid-Market (Group 3),-0.47987077817407525,-0.7821634044978182,12612452,44.562
CUS-005074,3,Active Growth SMB,-0.5558069014728069,-0.5598139697567716,19450450,44.07650000000001
CUS-005075,2,Stable Mid-Market (Group 3),-1.2488658500215364,-0.4313382463488694,4790130,29.523
CUS-005076,1,Enterprise Champions,3.6300421255179605,-0.442261005846155,803247760,72.80749999999999
CUS-005077,3,Active Growth SMB,-0.08357537522538666,0.5596650111048641,14151622,51.641
CUS-005078,1,Enterprise Champions,5.194709141183409,0.010543711969248267,882664279,88.612
CUS-005079,2,Stable Mid-Market (Group 3),-0.9895965634789496,0.26490365707389923,24487736,28.422
CUS-005080,0,Stable Mid-Market,-1.3441692026456142,1.9993583280627574,4760548,22.328000000000003
CUS-005081,1,Enterprise Champions,1.8573289647983018,0.3449484494802834,489066214,55.92099999999999
CUS-005082,3,Active Growth SMB,-0.4342387271051636,-0.5291584494201822,7089852,45.337
CUS-005083,0,Stable Mid-Market,-0.9903602393967652,1.1151387952616387,15971903,27.7635
CUS-005084,1,Enterprise Champions,3.969578567819626,0.06789019669566031,791709068,62.752
CUS-005085,2,Stable Mid-Market (Group 3),-1.4207273823983675,-0.8680310218932403,2219522,27.076
CUS-005086,0,Stable Mid-Market,0.1677080588319835,2.607148666415332,24264231,51.439
CUS-005087,3,Active Growth SMB,-0.5842458942820765,-0.12272290109024439,1972193,40.954
CUS-005088,0,Stable Mid-Market,-1.1649718918031384,0.5274620825324873,23161219,28.829
CUS-005089,2,Stable Mid-Market (Group 3),-1.6034279938363605,-1.160269680684989,974222,24.15
CUS-005090,0,Stable Mid-Market,-0.9109734527463575,0.9787733894445618,13364331,29.2425
CUS-005091,2,Stable Mid-Market (Group 3),-1.7928716737068393,-1.266941242965004,11179983,13.1785
CUS-005092,2,Stable Mid-Market (Group 3),-1.378350925747848,-1.0104908999846183,4295431,29.2995
CUS-005093,3,Active Growth SMB,0.05333673837420174,-0.5288172533935219,13378894,54.846
CUS-005094,0,Stable Mid-Market,-1.007339605955354,0.3205248662057905,14809701,33.175
CUS-005095,0,Stable Mid-Market,-0.670044188506336,1.0148088768362251,881316,38.1255
CUS-005096,2,Stable Mid-Market (Group 3),-1.3417970050840353,-0.5837424185818268,19678233,23.9015
CUS-005097,2,Stable Mid-Market (Group 3),-1.4004445609534413,-0.6934589363536957,23739583,24.147
CUS-005098,2,Stable Mid-Market (Group 3),-1.199419949421292,-0.8963027339993783,13175933,30.4805
CUS-005099,2,Stable Mid-Market (Group 3),-1.5949610543363586,0.1761498560966496,4951924,14.207
CUS-005100,2,Stable Mid-Market (Group 3),-1.3927543998027008,-0.3800599780317923,1567295,25.474
CUS-005101,3,Active Growth SMB,-0.28130393993865005,0.19449876291739485,18973525,40.7075
CUS-005102,0,Stable Mid-Market,-0.4287908771699497,0.8588770673006911,9796377,40.6505
CUS-005103,1,Enterprise Champions,4.413284460993222,-0.6937728601928654,900178718,79.0815
CUS-005104,3,Active Growth SMB,-0.4268609539400491,-0.4503076346893395,15286210,46.407
CUS-005105,2,Stable Mid-Market (Group 3),-1.0859276353849416,-0.3772453302912742,4695171,33.953
CUS-005106,2,Stable Mid-Market (Group 3),-1.1456357786478322,-0.47799746449149905,10399173,30.410500000000003
CUS-005107,3,Active Growth SMB,0.7257243504327069,0.7673131086673518,183550418,51.359
CUS-005108,0,Stable Mid-Market,-0.8680774535572611,1.1923543689232117,20804840,27.4565
CUS-005109,0,Stable Mid-Market,-1.8681787528363225,0.8769279478691295,4973098,6.111
CUS-005110,0,Stable Mid-Market,-0.8187602116979598,1.0663908237655524,1255745,30.656
CUS-005111,1,Enterprise Champions,3.1141027864205966,-0.5485138050751138,877779570,61.137
CUS-005112,3,Active Growth SMB,0.04202491992160981,-0.2502453903527447,7944957,56.727500000000006
CUS-005113,0,Stable Mid-Market,-0.7656647989228059,0.8472330294479333,2248452,38.977
CUS-005114,2,Stable Mid-Market (Group 3),-0.9427748521179441,-0.25274394902161434,2892800,33.617999999999995
CUS-005115,1,Enterprise Champions,4.5503963110513945,0.10463188629619519,997599010,69.55799999999999
CUS-005116,2,Stable Mid-Market (Group 3),-1.3651414409130156,-0.47048537673484025,2262129,24.693
CUS-005117,2,Stable Mid-Market (Group 3),-0.8801623569612732,0.06643451517625103,17981094,37.4475
CUS-005118,2,Stable Mid-Market (Group 3),-1.0626332235371139,-1.0236320537614825,1724318,35.565
CUS-005119,1,Enterprise Champions,2.9622335690961465,-0.39680332215514685,682042869,64.7915
CUS-005120,2,Stable Mid-Market (Group 3),-1.0240817840602465,-1.096244696276389,5433788,38.11450000000001
CUS-005121,3,Active Growth SMB,0.12727251814108836,0.8653177666638585,12308270,48.763000000000005
CUS-005122,0,Stable Mid-Market,-0.8789384494309075,0.6340786846868313,11746379,31.819
CUS-005123,3,Active Growth SMB,-0.12077553393042854,-0.028899359179351557,12328128,46.159000000000006
CUS-005124,0,Stable Mid-Market,-0.5538949433777499,0.6955018227613856,24895431,44.105500000000006
CUS-005125,3,Active Growth SMB,-0.3284860814309699,-0.34028165721465115,5390181,47.1625
CUS-005126,1,Enterprise Champions,2.2750933125689152,-0.029813402962940605,298756422,62.0865
CUS-005127,2,Stable Mid-Market (Group 3),-0.8270066926320939,-0.5157709927668195,6014101,39.81
CUS-005128,1,Enterprise Champions,3.2135920101601565,0.09879983416445001,854217231,60.1405
CUS-005129,0,Stable Mid-Market,-1.0500243371819427,0.5546994937990695,2713575,29.2415
CUS-005130,2,Stable Mid-Market (Group 3),-1.7752041737403634,-1.4303949576875485,2927862,18.162000000000003
CUS-005131,2,Stable Mid-Market (Group 3),-0.7618694226767949,-1.0277566288681521,12863021,41.925
CUS-005132,1,Enterprise Champions,4.199093150238079,-0.48516829574477344,725786970,84.9435
CUS-005133,3,Active Growth SMB,1.2776338305441495,0.38976032446489434,145396639,57.149
CUS-005134,3,Active Growth SMB,-0.45100330760929724,0.5840787123818711,13483505,42.61399999999999
CUS-005135,2,Stable Mid-Market (Group 3),-1.06169529670093,-0.4797715150843729,3642288,32.275000000000006
CUS-005136,0,Stable Mid-Market,-0.5660274403151648,1.2558411587296914,16937458,34.257000000000005
CUS-005137,1,Enterprise Champions,2.19832464442735,-0.7540324496114688,891672030,45.3095
CUS-005138,1,Enterprise Champions,3.3410992083896724,-0.6385125317186722,784202350,69.1185
CUS-005139,3,Active Growth SMB,-0.17548477564995033,0.5054844041481189,55976646,42.874
CUS-005140,2,Stable Mid-Market (Group 3),-1.018530564477796,0.10826942161267354,3170262,33.1285
CUS-005141,3,Active Growth SMB,-0.09237993414563961,0.3882915976877428,22933964,44.224
CUS-005142,3,Active Growth SMB,0.08692847877039359,-0.4949444189606775,8675202,54.879000000000005
CUS-005143,2,Stable Mid-Market (Group 3),-1.6103319288712334,-0.6567861367394844,7124475,15.838
CUS-005144,2,Stable Mid-Market (Group 3),-1.6034650437535438,-0.37188695912543096,409805,21.461
CUS-005145,3,Active Growth SMB,-0.40993826034110886,-0.038792350746582466,20071585,39.9085
CUS-005146,2,Stable Mid-Market (Group 3),-1.4060543643262173,-1.70166859055359,1631327,27.8865
CUS-005147,0,Stable Mid-Market,-0.34624254653252695,3.0622782818113423,1327702,48.096
CUS-005148,2,Stable Mid-Market (Group 3),-1.5554449858639239,-0.7703697972413045,5774622,21.160000000000004
CUS-005149,2,Stable Mid-Market (Group 3),-1.7986591745670397,-1.6385659654948768,3069007,19.530000000000005
CUS-005150,3,Active Growth SMB,1.0897411467870861,-0.24693491264587247,235423623,55.42499999999999
CUS-005151,2,Stable Mid-Market (Group 3),-0.7089689203194826,-0.12396971707377244,20884606,35.28
CUS-005152,1,Enterprise Champions,2.157578352273267,0.0724359582972547,612532707,50.6065
CUS-005153,0,Stable Mid-Market,-0.6759634763510625,1.300680527986253,22409054,37.0855
CUS-005154,3,Active Growth SMB,0.9928817093916597,0.2371126464272316,103588280,59.6375
CUS-005155,3,Active Growth SMB,0.6701634424130001,-0.40085037086992786,284248216,44.8145
CUS-005156,3,Active Growth SMB,0.5920148408640461,-0.08512397988763792,324006771,43.9915
CUS-005157,0,Stable Mid-Market,-0.7927046272082291,0.7925781343854442,18540707,35.9605
CUS-005158,2,Stable Mid-Market (Group 3),-1.2099910240550957,-0.1240670997693026,23855946,26.2935
CUS-005159,3,Active Growth SMB,-0.1297752029110596,-0.05860749451321569,24568793,47.5335
CUS-005160,3,Active Growth SMB,-0.0919778510889264,0.5103655936285634,4196953,52.276
CUS-005161,2,Stable Mid-Market (Group 3),-1.9673533298987826,-0.7502287121250323,617614,9.7715
CUS-005162,2,Stable Mid-Market (Group 3),-0.9298559491478388,-0.4528060660913292,2971756,35.8975
CUS-005163,1,Enterprise Champions,2.888883318111243,-0.32072193394223275,758094948,63.663
CUS-005164,3,Active Growth SMB,-0.08843648125456864,0.8898467652847505,4418482,50.337
CUS-005165,2,Stable Mid-Market (Group 3),-0.8268384283730315,-1.3043891557016023,5594013,44.3955
CUS-005166,2,Stable Mid-Market (Group 3),-1.6404975470796466,-1.6929866457484668,4768566,23.617
CUS-005167,0,Stable Mid-Market,0.3799100306638017,2.605138653719935,17477022,53.4945
CUS-005168,2,Stable Mid-Market (Group 3),-1.1275400053220372,0.19952160185292256,4381228,26.104000000000003
CUS-005169,3,Active Growth SMB,-0.49450986532823993,0.4446535515151774,23458069,37.64
CUS-005170,3,Active Growth SMB,-0.5531254646350898,0.10674983704357588,4786057,44.988
CUS-005171,2,Stable Mid-Market (Group 3),-1.4891579488622986,0.3048439076808232,3564812,23.9775
CUS-005172,3,Active Growth SMB,-0.2647943944834297,-0.14107459911198383,17416866,46.9145
CUS-005173,0,Stable Mid-Market,-1.5022870901762129,1.0955240281496905,4429376,18.6895
CUS-005174,3,Active Growth SMB,-0.29271322448307724,-0.13837871894206163,151432153,34.82
CUS-005175,1,Enterprise Champions,3.48997285177891,0.23485619103131894,878632142,56.965
CUS-005176,1,Enterprise Champions,2.8217709333856504,0.005471548677019094,772124556,61.683
CUS-005177,0,Stable Mid-Market,-0.35210551402805745,0.664127641312754,132556362,25.6655
CUS-005178,1,Enterprise Champions,2.1402475908314655,0.06182760790539064,538947609,56.980500000000006
CUS-005179,3,Active Growth SMB,-0.30006292399969425,-0.36565161109662503,24853795,43.112
CUS-005180,3,Active Growth SMB,-0.1584076449239469,0.4361746109032715,20077879,45.986
CUS-005181,3,Active Growth SMB,-0.5201027547637179,-0.31974346882923504,3853692,41.79599999999999
CUS-005182,3,Active Growth SMB,-0.5203102552883735,0.026938906836088794,19883014,44.18000000000001
CUS-005183,1,Enterprise Champions,1.6741455462957455,0.22600969702864632,452765563,59.32000000000001
CUS-005184,0,Stable Mid-Market,-0.6912400088803137,1.014026039098501,22080760,25.873
CUS-005185,3,Active Growth SMB,0.8084460004086245,-0.7791471761659767,172796958,58.859
CUS-005186,2,Stable Mid-Market (Group 3),-1.2012028589326704,-1.0177589640182225,4835399,32.8725
CUS-005187,3,Active Growth SMB,1.0719739785155074,0.1476072971493756,428235118,44.0505
CUS-005188,0,Stable Mid-Market,-0.992711937691821,0.3698665192770504,10507173,25.003500000000003
CUS-005189,0,Stable Mid-Market,-1.1893083827613378,0.3039850289714055,4809717,25.0305
CUS-005190,2,Stable Mid-Market (Group 3),-1.4544739055968088,-0.694500462560281,14305312,21.5695
CUS-005191,3,Active Growth SMB,-0.44545024329596283,-0.5306539438643778,12010894,46.5465
CUS-005192,3,Active Growth SMB,-0.07982833140198356,0.8075951687552946,13538500,50.4605
CUS-005193,1,Enterprise Champions,2.6687039213213066,-0.26014994718221796,771121340,61.188500000000005
CUS-005194,3,Active Growth SMB,-0.16610920078722352,0.5771851697943131,4927004,47.11449999999999
CUS-005195,2,Stable Mid-Market (Group 3),-1.0920650150963709,-1.516481673224252,1179769,38.954
CUS-005196,0,Stable Mid-Market,-0.5019452417765659,0.6846886925648643,4366027,39.864
CUS-005197,3,Active Growth SMB,-0.15315776588697647,0.6859755944862275,20821493,44.47500000000001
CUS-005198,3,Active Growth SMB,-0.3451012985549489,0.3220452011699078,23039211,46.3
CUS-005199,2,Stable Mid-Market (Group 3),-1.1616640619039056,0.14055361855593954,2614639,28.9995
CUS-005200,3,Active Growth SMB,-0.4639254116015277,0.41589660792988137,24649200,42.4045
CUS-005201,1,Enterprise Champions,1.908008872157204,-0.1514089514676711,640262279,54.757000000000005
CUS-005202,3,Active Growth SMB,0.19246234012175925,-0.9687711821368451,225679850,49.9585
CUS-005203,1,Enterprise Champions,3.4988952919542258,-0.711410264945346,928801449,66.518
CUS-005204,2,Stable Mid-Market (Group 3),-1.1582999066436024,-0.41684789425895685,4651904,28.280500000000004
CUS-005205,1,Enterprise Champions,2.0339085413358275,-0.2680360575977687,344979035,67.4435
CUS-005206,1,Enterprise Champions,3.6376794923629516,0.021318064533591998,515745242,79.202
CUS-005207,1,Enterprise Champions,2.3540776042429292,-0.11577117228029882,433096662,60.34
CUS-005208,0,Stable Mid-Market,-1.2576280020624568,1.25831705692379,705901,25.36
CUS-005209,1,Enterprise Champions,3.4844026559976737,-0.027144208485822593,566441558,68.064
CUS-005210,1,Enterprise Champions,2.1957210895857933,-0.480566220655903,566030924,60.3445
CUS-005211,2,Stable Mid-Market (Group 3),-0.5992084884929164,-1.448630762768127,23855635,46.77250000000001
CUS-005212,1,Enterprise Champions,3.2824138621880685,-0.7856853134682664,847342356,66.4
CUS-005213,2,Stable Mid-Market (Group 3),-1.748245895257747,-1.8460679906000639,2358112,21.105
CUS-005214,0,Stable Mid-Market,-0.8858466659311609,0.9892943843337552,696713,35.186499999999995
CUS-005215,3,Active Growth SMB,-0.43342962590659173,-0.5401471922174927,3400838,47.4615
CUS-005216,2,Stable Mid-Market (Group 3),-0.7246158713317135,-2.219814443745929,7591058,49.743
CUS-005217,0,Stable Mid-Market,-0.03998666790283856,1.151665472434051,9870000,40.7105
CUS-005218,0,Stable Mid-Market,0.6799110279317284,1.389849671010297,249329335,37.7405
CUS-005219,3,Active Growth SMB,0.14947908068153626,-0.3472616508555174,17625571,59.7505
CUS-005220,3,Active Growth SMB,0.5583940642614024,-0.3523452789564869,148613548,44.9825
CUS-005221,3,Active Growth SMB,1.1306685658162694,0.5788036848391338,380073417,49.38
CUS-005222,0,Stable Mid-Market,-0.540699175995926,1.2124600553037332,8336317,32.6055
CUS-005223,3,Active Growth SMB,0.40480913985731004,-1.098615686534998,448148390,41.0735
CUS-005224,1,Enterprise Champions,1.7618417302286995,0.35133195307625287,464925822,51.1065
CUS-005225,3,Active Growth SMB,-0.4948859750675338,-0.23587243617696516,9478033,45.69250000000001
CUS-005226,2,Stable Mid-Market (Group 3),-1.0252418219796549,-0.3939665554265641,12477640,29.548500000000004
CUS-005227,3,Active Growth SMB,1.5567276629430171,-0.21570818865000682,138605576,63.7855
CUS-005228,1,Enterprise Champions,2.63562586575493,-0.6213384443922986,795342359,66.3895
CUS-005229,3,Active Growth SMB,0.709899303850206,-0.12805389045568571,231093720,51.1735
CUS-005230,1,Enterprise Champions,3.2145000602115217,-0.1748099919424927,974069666,55.86
CUS-005231,2,Stable Mid-Market (Group 3),-0.9009218800857546,-0.4226455887968547,3754276,38.4335
CUS-005232,2,Stable Mid-Market (Group 3),-1.4666838043415809,-1.2131754820968488,3706307,27.9955
CUS-005233,3,Active Growth SMB,-0.03954339221767779,-0.11046104909879004,11985820,55.4825
CUS-005234,2,Stable Mid-Market (Group 3),-0.8379415285112392,0.11459615892384753,13404453,32.9525
CUS-005235,2,Stable Mid-Market (Group 3),-1.487230895933025,-1.2240725442934492,1696910,26.2995
CUS-005236,2,Stable Mid-Market (Group 3),-0.9857691853651827,-1.9606192709044463,24077203,40.296
CUS-005237,2,Stable Mid-Market (Group 3),-0.6707049593427268,-0.6610193062371781,48452605,36.25450000000001
CUS-005238,3,Active Growth SMB,-0.0047770858556904746,-0.03279063128783047,98016791,36.812000000000005
CUS-005239,2,Stable Mid-Market (Group 3),-1.5033718216739271,0.2828222226820594,22749698,15.2075
CUS-005240,3,Active Growth SMB,0.33952484576614816,-0.6069625697687112,19163439,65.7025
CUS-005241,1,Enterprise Champions,2.3412301595352156,-0.5326721480125245,730980120,49.5915
CUS-005242,0,Stable Mid-Market,-1.2204833763324174,0.547165177082213,23408584,20.614
CUS-005243,2,Stable Mid-Market (Group 3),-0.9847007718330891,-0.7889093879704918,9309474,34.709
CUS-005244,3,Active Growth SMB,0.9362080449769289,-0.24736754213633996,518465326,41.977
CUS-005245,0,Stable Mid-Market,-0.9596190758548739,0.6048124236446806,2981765,28.889
CUS-005246,0,Stable Mid-Market,-1.522293534146541,2.6350003576225753,4331055,13.471500000000002
CUS-005247,0,Stable Mid-Market,0.3128448769009943,1.825019284061265,21951881,46.42
CUS-005248,1,Enterprise Champions,2.978450317092701,0.7464865877721012,755346309,57.0375
CUS-005249,3,Active Growth SMB,0.9424428762990287,-0.32191246178513844,34090277,62.7915
CUS-005250,2,Stable Mid-Market (Group 3),-1.7252025806939515,-1.2256951696840948,4427455,18.184
CUS-005251,3,Active Growth SMB,-0.7044429698395572,-0.041332889810276996,7680885,37.869
CUS-005252,3,Active Growth SMB,0.22850647565517443,-0.43462275315621457,178322150,46.9855
CUS-005253,3,Active Growth SMB,0.0740349431778143,0.5214280881346909,55660912,47.1135
CUS-005254,0,Stable Mid-Market,-0.9775002464463344,0.6315353426713428,3729564,28.2095
CUS-005255,0,Stable Mid-Market,-1.0608753395739385,1.6055071764239202,2847749,27.9985
CUS-005256,2,Stable Mid-Market (Group 3),-1.9080892082143603,-1.5887562963865718,3056473,16.3035
CUS-005257,3,Active Growth SMB,-0.06540792934136158,1.0389767242587984,12019325,46.679
CUS-005258,3,Active Growth SMB,-0.3250877841595448,-0.6771784303652887,19467870,47.7225
CUS-005259,2,Stable Mid-Market (Group 3),-1.3178101228267298,-0.08731943818695942,23064836,17.96
CUS-005260,1,Enterprise Champions,1.6589545516359907,-0.3785469716582628,302142389,59.8565
CUS-005261,0,Stable Mid-Market,-0.6603187787575798,0.5289661129220841,12697795,37.0655
CUS-005262,2,Stable Mid-Market (Group 3),-0.9352038380971711,-0.24364791997622576,13286909,34.161
CUS-005263,1,Enterprise Champions,3.6397415337113324,-0.33502440328413635,752397632,67.749
CUS-005264,0,Stable Mid-Market,-0.5196503615441757,4.4486785585891715,1243342,42.482
CUS-005265,2,Stable Mid-Market (Group 3),-0.6132784405608871,-0.9396239912188723,23223344,46.557500000000005
CUS-005266,1,Enterprise Champions,4.1471682305176705,0.43436495146376036,879533209,77.034
CUS-005267,3,Active Growth SMB,-0.58251253803965,0.21291110596193102,17780531,41.709
CUS-005268,2,Stable Mid-Market (Group 3),-1.236613711991726,-0.23554694241379867,3987064,27.2225
CUS-005269,2,Stable Mid-Market (Group 3),-0.9976263402284667,-0.8452139011795502,3539741,34.9775
CUS-005270,0,Stable Mid-Market,-1.102137861555844,1.455549363273003,5542579,27.1795
CUS-005271,0,Stable Mid-Market,-1.7003281079584813,0.6799683202859809,689912,11.8595
CUS-005272,2,Stable Mid-Market (Group 3),-1.517242641421754,0.1483810083206387,3548523,22.3515
CUS-005273,3,Active Growth SMB,-0.7415192110253159,-0.2747090074316008,600996,43.5945
CUS-005274,0,Stable Mid-Market,0.018979702964909917,1.470524931596947,1219400,53.8665
CUS-005275,2,Stable Mid-Market (Group 3),-0.9798014225936863,-0.2792037764718134,8759032,33.3465
CUS-005276,0,Stable Mid-Market,-0.5749565069898115,0.6822012126789003,3938681,40.61750000000001
CUS-005277,3,Active Growth SMB,-0.36090423006416816,0.5072850480090522,16271384,44.031
CUS-005278,0,Stable Mid-Market,-1.3494837901319972,3.075095494159638,742734,21.9465
CUS-005279,3,Active Growth SMB,1.3368122744990383,-0.5855402757308144,258984195,62.96
CUS-005280,3,Active Growth SMB,-0.2979847910144172,-0.6889501731260493,4283845,56.43300000000001
CUS-005281,0,Stable Mid-Market,-1.015364155427855,0.3271407599240304,3029575,26.283
CUS-005282,3,Active Growth SMB,0.5624361888007546,0.5039454542188228,9212449,60.977
CUS-005283,2,Stable Mid-Market (Group 3),-1.3480879834162338,-1.3688061197709978,1957164,27.842
CUS-005284,0,Stable Mid-Market,-0.7860825084977822,0.3871448971269197,13749699,35.4365
CUS-005285,1,Enterprise Champions,2.960720659669126,-0.7121930012317984,846197675,66.868
CUS-005286,3,Active Growth SMB,0.3720804526385008,-1.0334531819659358,58608946,64.1245
CUS-005287,2,Stable Mid-Market (Group 3),-0.948503152318868,-0.48988093072258254,3696181,37.35
CUS-005288,3,Active Growth SMB,-0.38564506842303314,0.15686031750810106,24185335,47.1075
CUS-005289,3,Active Growth SMB,-0.49000547892949226,0.08503229984564062,17694372,42.584500000000006
CUS-005290,3,Active Growth SMB,-0.40121284037193944,-0.8448797062789611,16118829,53.39149999999999
CUS-005291,3,Active Growth SMB,-0.32604165425683146,0.07938033000749142,8195875,46.63000000000001
CUS-005292,3,Active Growth SMB,-0.09513783014377386,-0.42894314661114213,10968091,59.756
CUS-005293,0,Stable Mid-Market,-1.1692582792266852,3.297107970684158,654322,24.1355
CUS-005294,2,Stable Mid-Market (Group 3),-1.319872073200021,-0.9365421842371072,18659634,29.140500000000003
CUS-005295,2,Stable Mid-Market (Group 3),-1.5994766279046653,-1.398560357285606,812305,23.152999999999995
CUS-005296,0,Stable Mid-Market,-0.6352098677811321,1.5625106011261283,18184025,30.609
CUS-005297,0,Stable Mid-Market,-1.3542997722705485,1.0367568983609212,1035554,23.2695
CUS-005298,3,Active Growth SMB,0.5771432773931735,0.8586420729325959,41714165,48.2145
CUS-005299,1,Enterprise Champions,3.368468326369309,0.3338514397662954,660678312,71.3745
CUS-005300,1,Enterprise Champions,3.643080210831588,-0.060645903594186513,878326679,63.8165
CUS-005301,3,Active Growth SMB,-0.11559229215547591,-0.2242698610682888,18239110,53.627500000000005
CUS-005302,0,Stable Mid-Market,-0.677784645658013,3.0187852838309683,5515306,31.5235
CUS-005303,0,Stable Mid-Market,-1.2136237801688063,0.5872895420863791,4204558,21.7785
CUS-005304,2,Stable Mid-Market (Group 3),-1.1609304803006149,-0.6479547646791773,11551262,28.096
CUS-005305,3,Active Growth SMB,1.1961018014906712,-0.4362493527778619,88176699,59.83650000000001
CUS-005306,3,Active Growth SMB,-0.5485417886772009,0.13779300373567563,19661848,44.08
CUS-005307,0,Stable Mid-Market,-0.48717415102633127,1.3994192630309137,3637487,41.495000000000005
CUS-005308,0,Stable Mid-Market,-0.7853947605136196,0.6322293372181018,9562811,31.8955
CUS-005309,1,Enterprise Champions,2.6296435028154126,-1.1326111296600727,819672091,69.5325
CUS-005310,3,Active Growth SMB,0.3519287374183916,1.3282742134765655,16743235,56.2595
CUS-005311,0,Stable Mid-Market,-1.012526429328321,0.7262452503883606,8148561,30.642
CUS-005312,3,Active Growth SMB,0.5491742464822301,-0.5522697507480882,384461486,38.004000000000005
CUS-005313,2,Stable Mid-Market (Group 3),-1.4627011637028973,-1.5448319091158313,17684624,25.024
CUS-005314,3,Active Growth SMB,-0.7335888941946456,0.08363426999307433,5809832,39.94
CUS-005315,2,Stable Mid-Market (Group 3),-1.1445030457837657,-1.069568734631764,11500684,35.660000000000004
CUS-005316,2,Stable Mid-Market (Group 3),-0.7343128807876961,-2.105605760779872,19181219,47.345
CUS-005317,1,Enterprise Champions,2.767925402654623,-0.18362067294284595,646794691,59.2295
CUS-005318,3,Active Growth SMB,-0.5738328311856802,-0.3921904681203824,1007877,45.745
CUS-005319,3,Active Growth SMB,-0.10140530569666752,0.05991991089752348,17561326,46.7795
CUS-005320,2,Stable Mid-Market (Group 3),-1.339064887324941,-1.7524875172030219,21072797,30.0735
CUS-005321,1,Enterprise Champions,1.7582845597571075,-0.6902071737660777,571594282,54.7845
CUS-005322,3,Active Growth SMB,0.3762629927932578,0.13644987247698498,17776467,57.071
CUS-005323,0,Stable Mid-Market,-1.6912942655927778,0.5962767186556217,1528820,13.695
CUS-005324,1,Enterprise Champions,2.4386895003054767,0.3863370847739025,344836935,67.6905
CUS-005325,1,Enterprise Champions,2.113518865036984,-0.18573063659263003,301690099,61.369
CUS-005326,1,Enterprise Champions,3.8965775907600215,-0.3735482238562222,947326605,77.52
CUS-005327,2,Stable Mid-Market (Group 3),-1.0823501128648507,-0.32461413531247135,3636189,31.962
CUS-005328,2,Stable Mid-Market (Group 3),-1.7160639162147422,-1.5870232694314943,418050,20.988
CUS-005329,2,Stable Mid-Market (Group 3),-1.4285217645326562,-0.7915709220561478,8728894,25.43200000000001
CUS-005330,3,Active Growth SMB,0.2501018777666178,0.41266418205146865,10766018,58.06399999999999
CUS-005331,0,Stable Mid-Market,-1.2810796596972718,1.1315378913886656,3319519,23.3605
CUS-005332,3,Active Growth SMB,-0.36624301800201176,-0.8361794575983895,3115352,55.9755
CUS-005333,1,Enterprise Champions,2.9206050410193987,-0.17565574080773258,528917403,64.488
CUS-005334,3,Active Growth SMB,1.0408098579969094,0.02669829560948578,364957136,47.2205
CUS-005335,0,Stable Mid-Market,-1.3781618878056043,1.1412389701377994,13702408,16.8705
CUS-005336,3,Active Growth SMB,-0.3476137463513569,0.4454023354164756,2430958,49.4995
CUS-005337,2,Stable Mid-Market (Group 3),-1.0634826781849502,-0.6061511740032663,18056716,30.203
CUS-005338,3,Active Growth SMB,-0.36579652687446473,0.7700472256905297,14504784,46.89
CUS-005339,3,Active Growth SMB,-0.3572277369987316,-0.6401762837750924,4052462,52.7815
CUS-005340,3,Active Growth SMB,0.7505727869570958,-0.4460522865256058,198646806,54.5525
CUS-005341,3,Active Growth SMB,-0.20899479320921469,0.9595247381425211,4743348,46.572
CUS-005342,1,Enterprise Champions,2.3968782560265,0.08578604161862183,386330355,69.5155
CUS-005343,2,Stable Mid-Market (Group 3),-1.1652070011098168,-1.0906706012779477,962542,35.07
CUS-005344,2,Stable Mid-Market (Group 3),-1.3789295821748744,-0.4354553891222158,17226846,16.9715
CUS-005345,3,Active Growth SMB,-0.32386296268650205,0.3325585872795326,24774387,44.234
CUS-005346,3,Active Growth SMB,1.182223554347948,-0.3902859968273614,110033962,63.6195
CUS-005347,3,Active Growth SMB,-0.534676448002119,-0.2933394168205187,2157668,47.3455
CUS-005348,0,Stable Mid-Market,-0.6668956772796131,0.6105679360711571,4288892,39.7015
CUS-005349,3,Active Growth SMB,0.49339027512128075,-0.48645611256947335,20253565,62.511
CUS-005350,3,Active Growth SMB,0.8769212166062292,0.8074691587940603,218553652,48.846
CUS-005351,0,Stable Mid-Market,-1.7855584200850505,0.503415010620015,3899411,13.773000000000003
CUS-005352,2,Stable Mid-Market (Group 3),-1.2962946269646447,-0.4820384693075821,2199384,25.7805
CUS-005353,0,Stable Mid-Market,0.06014976619089124,2.107708417962312,6513408,47.8695
CUS-005354,0,Stable Mid-Market,-0.8331202012846333,0.4386605796296364,5344447,35.676500000000004
CUS-005355,2,Stable Mid-Market (Group 3),-1.4278589627276328,-1.2269135554170916,4252772,27.8355
CUS-005356,2,Stable Mid-Market (Group 3),-1.8575842477877753,-0.0027595107796796795,1356432,13.2125
CUS-005357,2,Stable Mid-Market (Group 3),-0.8025001150919449,-1.18015114504779,7726446,42.5155
CUS-005358,0,Stable Mid-Market,-0.9161481002552003,0.6737870759363465,16583290,31.667
CUS-005359,0,Stable Mid-Market,-0.6902218356024892,0.6934425670557515,9357882,38.388
CUS-005360,2,Stable Mid-Market (Group 3),-1.2220669224769913,-1.3066290804803031,1026887,32.900499999999994
CUS-005361,3,Active Growth SMB,-0.11305384010681861,0.14559611598663794,15254659,40.346
CUS-005362,1,Enterprise Champions,2.9551036418293566,-0.4460855300952372,546866019,79.2515
CUS-005363,1,Enterprise Champions,3.095742621307766,-0.043701317727721026,616285669,64.264
CUS-005364,2,Stable Mid-Market (Group 3),-1.4208896350485574,-2.663579770339675,2366094,32.617000000000004
CUS-005365,0,Stable Mid-Market,-0.5173922858550464,1.0869209362960859,1845769,37.4395
CUS-005366,0,Stable Mid-Market,-1.4602983978937225,0.4633128992704217,3703548,21.8365
CUS-005367,3,Active Growth SMB,0.07246116497871898,0.5293821677402873,13352601,54.873000000000005
CUS-005368,2,Stable Mid-Market (Group 3),-1.3922342689057285,0.18722909106497562,4035516,24.581
CUS-005369,0,Stable Mid-Market,-1.0621956939666168,1.69767296521669,3536211,31.207500000000003
CUS-005370,3,Active Growth SMB,-0.3541146259458982,0.39151553276567436,4260608,48.1345
CUS-005371,1,Enterprise Champions,3.095315930018375,-0.14290120522708785,796607691,54.959
CUS-005372,0,Stable Mid-Market,-1.284577022428371,0.8514543397812265,662548,15.9165
CUS-005373,1,Enterprise Champions,1.2253063941672813,-0.4366987315478567,678224860,43.86
CUS-005374,2,Stable Mid-Market (Group 3),-0.35816534289153423,-2.119187609178806,6024081,59.404
CUS-005375,2,Stable Mid-Market (Group 3),-0.9783162106717282,-1.5587901367457888,15333730,39.354
CUS-005376,0,Stable Mid-Market,-0.9955516629753202,2.518197306828373,24906613,23.278
CUS-005377,1,Enterprise Champions,2.5393515261780295,-0.5214633147415553,699906202,60.956
CUS-005378,2,Stable Mid-Market (Group 3),-2.2465664095688127,-1.7939022006915715,3128938,6.409000000000001
CUS-005379,3,Active Growth SMB,1.367669420777878,-0.08860369688239683,223523104,55.6115
CUS-005380,2,Stable Mid-Market (Group 3),-0.7494041363592282,-1.1703239771900404,4900880,46.17
CUS-005381,3,Active Growth SMB,0.4393323151035624,-0.23915521805885614,88670919,48.6895
CUS-005382,2,Stable Mid-Market (Group 3),-1.1254094341648284,-1.7141966062239056,20214912,36.01050000000001
CUS-005383,2,Stable Mid-Market (Group 3),-1.1004727898142312,-1.0736247482825567,3299290,35.307
CUS-005384,1,Enterprise Champions,3.679445440375747,-0.9743218490307722,999821282,73.8895
CUS-005385,1,Enterprise Champions,1.5658047508694068,0.31049951544505694,383846900,47.808
CUS-005386,2,Stable Mid-Market (Group 3),-1.24464732529481,-1.7859987177451935,2532327,35.245000000000005
CUS-005387,1,Enterprise Champions,4.189952792367455,0.36645876218952905,772067713,73.66
CUS-005388,1,Enterprise Champions,2.2686485777691665,-0.9680435920070971,802340522,51.925
CUS-005389,2,Stable Mid-Market (Group 3),-0.8398531733727181,-0.5003143989817456,10018457,33.6945
CUS-005390,0,Stable Mid-Market,-1.3500809055129688,0.6661022283350375,3345960,24.3695
CUS-005391,3,Active Growth SMB,-0.11674598071407134,0.2784041258259812,9991259,45.1695
CUS-005392,0,Stable Mid-Market,-1.0448458771138769,1.2292818002598576,7738949,31.0515
CUS-005393,2,Stable Mid-Market (Group 3),-1.5480652056070277,-0.09820256209132686,4569754,23.138
CUS-005394,2,Stable Mid-Market (Group 3),-1.1769991306006666,-0.44575681786424065,8148171,31.4005
CUS-005395,2,Stable Mid-Market (Group 3),-1.232996512838038,-0.4364441754608389,15826080,27.445000000000004
CUS-005396,3,Active Growth SMB,-0.586577483191113,-0.23373220730501304,15901652,43.7535
CUS-005397,0,Stable Mid-Market,-0.3548311889192095,0.7681836510404659,13444880,37.41
CUS-005398,2,Stable Mid-Market (Group 3),-0.8577807516099419,-0.17752211161794418,4463005,37.6195
CUS-005399,0,Stable Mid-Market,-0.6992677547361674,1.9321213780002489,5126793,35.0775
CUS-005400,1,Enterprise Champions,3.877566899958943,-0.20954548191975295,767574940,83.382
CUS-005401,2,Stable Mid-Market (Group 3),-0.7116979424435351,-1.2898045837601808,6069565,43.1985
CUS-005402,1,Enterprise Champions,2.631488011957991,0.3873181856234855,394028673,69.78
CUS-005403,3,Active Growth SMB,0.32282636574355583,-0.3595408136643529,20565167,60.5005
CUS-005404,3,Active Growth SMB,1.0432316980503613,-1.4210650067743176,396314071,60.831
CUS-005405,0,Stable Mid-Market,-0.5715548226587875,2.097281881906132,10257792,30.0205
CUS-005406,2,Stable Mid-Market (Group 3),-1.129744413643289,0.0831900979896602,2292910,31.2865
CUS-005407,0,Stable Mid-Market,-0.7132519348711719,0.7513070554047676,20477775,34.0045
CUS-005408,1,Enterprise Champions,3.6567111382926614,-0.31486918812107156,726848271,76.864
CUS-005409,1,Enterprise Champions,3.517521337234151,-0.11329110847841667,919490826,69.521
CUS-005410,0,Stable Mid-Market,-1.5129047437659329,0.35895368175406916,2630614,19.485
CUS-005411,3,Active Growth SMB,1.4979680795700576,0.34538760794357704,92326126,68.045
CUS-005412,2,Stable Mid-Market (Group 3),-1.1357455767452302,0.1750051019736912,3153898,30.7505
CUS-005413,3,Active Growth SMB,-0.3907340680853224,-0.5883341443980068,13864946,47.3995
CUS-005414,3,Active Growth SMB,0.6072227612183929,-0.16867498566700206,101165849,51.6635
CUS-005415,2,Stable Mid-Market (Group 3),-1.098377396687549,-0.8035865297642797,2370246,35.1995
CUS-005416,3,Active Growth SMB,-0.5050781874113319,0.02763255000307691,10723914,38.45649999999999
CUS-005417,3,Active Growth SMB,0.5942596650103082,-0.6448109263522629,112477244,60.25000000000001
CUS-005418,0,Stable Mid-Market,-0.8058601751565004,0.8603520400262947,4515207,33.278000000000006
CUS-005419,1,Enterprise Champions,2.8688737182335315,-0.016604973354079355,509005838,70.6485
CUS-005420,2,Stable Mid-Market (Group 3),-0.9056637573521172,0.11922036077994584,11243317,33.455
CUS-005421,3,Active Growth SMB,0.04300925645687072,-0.22722824119269985,21770539,57.8575
CUS-005422,2,Stable Mid-Market (Group 3),-0.40528926668684234,-1.348248672711601,14503292,53.413
CUS-005423,3,Active Growth SMB,-0.5356093332656731,-0.34917676730021896,1772483,44.596
CUS-005424,2,Stable Mid-Market (Group 3),-0.04753651279289989,-1.2008321337199483,228696459,45.5585
CUS-005425,0,Stable Mid-Market,-0.8820998683631355,1.1549146013427003,454001,37.9395
CUS-005426,2,Stable Mid-Market (Group 3),-0.7008025433700905,-0.8934757515881987,7783575,43.2815
CUS-005427,0,Stable Mid-Market,-2.054446221971321,1.4586421906601947,3750857,0.3399999999999998
CUS-005428,2,Stable Mid-Market (Group 3),-1.5540283841642264,-1.1096641565611551,4473706,23.8905
CUS-005429,2,Stable Mid-Market (Group 3),-1.4115469429279477,-1.8661061884867158,1393182,30.783
CUS-005430,0,Stable Mid-Market,-0.5917228065185766,2.008553827480495,6608824,32.0255
CUS-005431,0,Stable Mid-Market,-0.5453252590601148,0.8632422095094698,12001857,40.13
CUS-005432,3,Active Growth SMB,-0.16687799179025972,-0.974305568674601,3593846,57.371500000000005
CUS-005433,0,Stable Mid-Market,-0.1660536530804994,1.5075130431976806,10675186,46.19799999999999
CUS-005434,2,Stable Mid-Market (Group 3),-1.417454126510262,-0.15586043645960293,15715411,17.04
CUS-005435,0,Stable Mid-Market,-1.0946896708724811,0.37489377101333543,3759435,29.928
CUS-005436,1,Enterprise Champions,3.3378757585623364,0.3209381744925475,428009563,71.21849999999999
CUS-005437,0,Stable Mid-Market,-1.345095581837695,0.8031726325852253,2185511,19.9215
CUS-005438,1,Enterprise Champions,2.0928648419235523,0.14426958772124826,389058152,60.44
CUS-005439,2,Stable Mid-Market (Group 3),-1.7836825529851636,-0.7222653123320978,4736573,16.192
CUS-005440,1,Enterprise Champions,2.7411471887374113,0.4359073402493322,379432853,74.0935
CUS-005441,1,Enterprise Champions,3.893086920983864,-0.3705252784032114,856102664,65.01
CUS-005442,2,Stable Mid-Market (Group 3),-1.5910750285777782,-1.9595605102860238,2113201,25.2285
CUS-005443,2,Stable Mid-Market (Group 3),-1.185472674511788,-0.0489170216071663,2754912,31.235
CUS-005444,0,Stable Mid-Market,-1.1118791868795097,0.33489273587896706,1792975,33.4855
CUS-005445,2,Stable Mid-Market (Group 3),-1.2798634326845286,-0.5058922560436142,3182315,26.2915
CUS-005446,1,Enterprise Champions,3.050537241308468,-0.23007351255100902,716223611,65.127
CUS-005447,0,Stable Mid-Market,-0.6470453051018709,0.9233086737196015,3182561,42.0155
CUS-005448,0,Stable Mid-Market,-0.8300452145714353,0.43171327988547054,14004810,33.9815
CUS-005449,3,Active Growth SMB,-0.014265454230038251,0.5090305827026645,22170846,53.3615
CUS-005450,0,Stable Mid-Market,-0.7350850937948119,0.7782559221496883,2589162,34.349500000000006
CUS-005451,1,Enterprise Champions,4.055729551437037,-0.3105452517174963,968010892,62.883
CUS-005452,2,Stable Mid-Market (Group 3),-0.8283446503633555,-0.1156388194768761,15068951,36.4695
CUS-005453,0,Stable Mid-Market,-1.001555196633861,1.108374664377233,4010587,31.304500000000004
CUS-005454,1,Enterprise Champions,3.1622651237552746,-0.7472860997667693,904365843,67.4305
CUS-005455,2,Stable Mid-Market (Group 3),-1.4617064724824793,-0.6001180340268497,4116889,21.5555
CUS-005456,3,Active Growth SMB,-0.4962860962729485,-0.27079166535549,8883020,43.834
CUS-005457,3,Active Growth SMB,0.35604658370921477,-0.4897898097109908,78649851,48.17
CUS-005458,2,Stable Mid-Market (Group 3),-0.6046099649481351,-0.9132567911387776,14573368,44.894000000000005
CUS-005459,1,Enterprise Champions,1.6191869977624136,-0.7178370949635408,549714701,51.131
CUS-005460,1,Enterprise Champions,1.582652269145169,0.16178355217744547,412280863,55.2675
CUS-005461,0,Stable Mid-Market,-0.977518434782773,0.8066558912580439,17130769,27.9305
CUS-005462,3,Active Growth SMB,0.5343138052738435,-0.22772014039936772,88786639,54.0465
CUS-005463,1,Enterprise Champions,3.5559704572652655,-0.20379620202040205,829205565,69.03299999999999
CUS-005464,0,Stable Mid-Market,-1.3529564400680547,0.7598920806056546,1450813,21.3135
CUS-005465,3,Active Growth SMB,1.542360646660265,0.10599327136171316,272500780,56.708
CUS-005466,2,Stable Mid-Market (Group 3),-1.159319956613055,-1.7514890097967,1343592,36.7775
CUS-005467,2,Stable Mid-Market (Group 3),-0.9958820728788359,-0.6434737515827391,3340576,37.49250000000001
CUS-005468,3,Active Growth SMB,0.26698426537172515,0.3817471695683695,34296149,49.804
CUS-005469,2,Stable Mid-Market (Group 3),-1.2290397382357137,-1.8227192721695582,16472385,34.5295
CUS-005470,1,Enterprise Champions,1.764823270433621,0.6409814758935577,174246264,61.5405
CUS-005471,2,Stable Mid-Market (Group 3),-0.8921242568158207,-0.48171239496206575,4252713,36.09049999999999
CUS-005472,3,Active Growth SMB,1.224938805470978,-0.5064100337365351,386595801,58.4485
CUS-005473,2,Stable Mid-Market (Group 3),-0.9399748159374991,0.17472030030216856,4594042,36.2015
CUS-005474,1,Enterprise Champions,2.419009353521268,0.22253395341608959,631811171,55.4495
CUS-005475,0,Stable Mid-Market,-1.5946846235027026,0.9410302498814889,12433528,14.585
CUS-005476,3,Active Growth SMB,0.9245819988817214,-0.4405139257698828,182239118,54.760000000000005
CUS-005477,1,Enterprise Champions,4.746292943030068,-0.37384213535312455,959873533,84.2245
CUS-005478,3,Active Growth SMB,-0.6058476045126943,-0.3804077555070528,18160093,42.768
CUS-005479,2,Stable Mid-Market (Group 3),-1.0554744033339387,-0.43886558590114405,16804275,27.7895
CUS-005480,0,Stable Mid-Market,-1.4552132932806425,0.8808837212979684,2019912,17.932
CUS-005481,1,Enterprise Champions,3.48768405494062,-0.6167376910205699,895069882,65.7405
CUS-005482,1,Enterprise Champions,2.4426188346241733,-0.8429276657518822,768386242,58.188500000000005
CUS-005483,0,Stable Mid-Market,-1.0817351957375225,1.245497382363842,5341687,26.883000000000003
CUS-005484,2,Stable Mid-Market (Group 3),-0.8599514988731439,-0.4331987560371533,19919363,29.3965
CUS-005485,0,Stable Mid-Market,-0.1497706810066244,4.093893251072885,795511,45.392500000000005
CUS-005486,2,Stable Mid-Market (Group 3),-0.8572775549223364,-0.7980022534919045,4530132,39.422
CUS-005487,2,Stable Mid-Market (Group 3),-1.3626826249026591,0.09486990104447197,3119299,25.754
CUS-005488,1,Enterprise Champions,1.6105804119215126,-0.6169285223214199,358270807,60.357000000000006
CUS-005489,3,Active Growth SMB,0.03124186028016381,-0.5481481626853711,23472863,55.5745
CUS-005490,2,Stable Mid-Market (Group 3),-0.858337782200081,-0.4961293616486105,1916780,40.9665
CUS-005491,0,Stable Mid-Market,-0.7694239293084518,1.4792565226398862,20994374,33.854
CUS-005492,3,Active Growth SMB,-0.569929173268276,0.24000243779131247,7356652,37.7655
CUS-005493,2,Stable Mid-Market (Group 3),-0.6731805309470361,-1.1485987810320841,48605868,38.849500000000006
CUS-005494,2,Stable Mid-Market (Group 3),-1.1755467235426782,-0.3864368945584784,14611217,27.9795
CUS-005495,2,Stable Mid-Market (Group 3),-1.5593137816686147,-1.9125196222801109,4017654,26.899
CUS-005496,1,Enterprise Champions,2.1825901714522633,-0.25777104210726165,643081787,55.9975
CUS-005497,2,Stable Mid-Market (Group 3),-1.3284193712670522,-1.650687599538025,4019573,31.026
CUS-005498,3,Active Growth SMB,-0.2986924263180171,-0.605071645457249,20436329,49.665
CUS-005499,1,Enterprise Champions,4.58316466405839,-0.39720586370846817,970125931,78.94
CUS-005500,3,Active Growth SMB,0.61779697343309,-0.13862129201928108,22222588,53.4655
CUS-005501,1,Enterprise Champions,4.045127949401486,-0.05947353869575236,718767578,72.7645
CUS-005502,2,Stable Mid-Market (Group 3),-1.110126709209919,-0.3567021257451573,18774781,28.472000000000005
CUS-005503,3,Active Growth SMB,0.44164117229511174,0.2874839025628405,179149590,46.569500000000005
CUS-005504,3,Active Growth SMB,-0.4228896944212636,-0.8842041822657162,15547940,48.9795
CUS-005505,2,Stable Mid-Market (Group 3),-1.2360200314045406,-0.7116303625437778,1997142,30.1825
CUS-005506,3,Active Growth SMB,-0.29555091105211595,0.7362366421071542,18658522,38.9545
CUS-005507,1,Enterprise Champions,4.33541577637289,-0.11084571750835434,967843487,69.992
CUS-005508,3,Active Growth SMB,-0.164639773389446,-0.48681112892248407,21436222,54.5115
CUS-005509,2,Stable Mid-Market (Group 3),-1.5118104737568059,-1.573503879445542,2390152,26.1345
CUS-005510,3,Active Growth SMB,-0.11228624842326917,0.1677312549650392,16959158,49.19050000000001
CUS-005511,1,Enterprise Champions,2.6455490838142595,-0.3550271913921112,464382690,71.90350000000001
CUS-005512,0,Stable Mid-Market,-0.38477812355454954,1.1287799362915116,23874953,38.0415
CUS-005513,0,Stable Mid-Market,0.6278108459565739,1.9930046728509871,23175485,59.511
CUS-005514,3,Active Growth SMB,0.4001622959093393,0.2547879478283345,3903433,63.6735
CUS-005515,3,Active Growth SMB,1.0060864524261248,0.25714027045620924,24166759,63.4695
CUS-005516,2,Stable Mid-Market (Group 3),-1.0318070542733506,-1.4929644104708542,716188,40.63250000000001
CUS-005517,1,Enterprise Champions,2.597324458481528,-0.37807440425478467,807553790,50.945
CUS-005518,1,Enterprise Champions,2.259630178921697,-0.25126117159175315,599578375,52.7775
CUS-005519,1,Enterprise Champions,3.5326830124522473,0.2108115747882073,926801191,64.859
CUS-005520,3,Active Growth SMB,-0.693922993806398,0.2857822853676536,7683399,37.6345
CUS-005521,0,Stable Mid-Market,-0.3063266253200836,1.2617696519680028,9702764,41.9335
CUS-005522,2,Stable Mid-Market (Group 3),-0.7278593637908233,-0.31694243987849857,76640987,31.561000000000003
CUS-005523,3,Active Growth SMB,-0.052756723984366004,0.994912108495288,9265341,47.4675
CUS-005524,0,Stable Mid-Market,-0.7797143197549244,0.40442739117458665,12915810,34.3215
CUS-005525,2,Stable Mid-Market (Group 3),-0.8927685837718066,-0.7116199740343035,16901060,33.976
CUS-005526,2,Stable Mid-Market (Group 3),-0.7368826063801585,-0.8675546498007138,2735896,47.2445
CUS-005527,2,Stable Mid-Market (Group 3),-0.7738010973130851,-0.6427335251083767,15727066,35.266000000000005
CUS-005528,1,Enterprise Champions,1.6062495993487649,-0.08597529887747268,488886838,47.7415
CUS-005529,2,Stable Mid-Market (Group 3),-1.0663799570171053,0.24083838335015156,4916657,33.603
CUS-005530,2,Stable Mid-Market (Group 3),-1.5498579134353527,-1.4209598853382313,287361,23.0685
CUS-005531,3,Active Growth SMB,-0.2209118400191396,-0.015163150897042486,9499732,43.462
CUS-005532,2,Stable Mid-Market (Group 3),-0.655173037748487,-1.6441063674026315,2728968,50.587
CUS-005533,3,Active Growth SMB,-0.3605126749975948,0.20519757250721954,14164938,44.585
CUS-005534,3,Active Growth SMB,-0.219198212486204,-0.00622372122375883,17227957,50.6775
CUS-005535,2,Stable Mid-Market (Group 3),-1.0595023663268357,-1.2546226056032663,3092368,37.7965
CUS-005536,0,Stable Mid-Market,-0.7032829765702281,1.6156536775507062,2770334,41.6675
CUS-005537,0,Stable Mid-Market,-0.4458826493636453,1.445207788054046,5340063,35.659
CUS-005538,0,Stable Mid-Market,-0.9861973145651648,0.2821506213463251,20845924,31.0765
CUS-005539,3,Active Growth SMB,-0.30018122266393754,-0.7855892501794198,18829106,50.8195
CUS-005540,3,Active Growth SMB,1.1458936658173358,-0.9962755840363049,343163661,57.8955
CUS-005541,0,Stable Mid-Market,-0.6902584892878014,0.9296108637630434,2012196,37.8445
CUS-005542,2,Stable Mid-Market (Group 3),-1.2648769465844905,-1.5368526368748727,16937151,30.095
CUS-005543,3,Active Growth SMB,-0.6302335662644603,-0.0917569231504179,19368989,40.5795
CUS-005544,0,Stable Mid-Market,-0.804806347599739,1.0799198250810642,10404242,33.4765
CUS-005545,0,Stable Mid-Market,-0.9567305384438862,1.4776770815967781,12435350,29.095
CUS-005546,2,Stable Mid-Market (Group 3),-0.9144503468442068,-0.20691753699725327,10355402,35.7875
CUS-005547,2,Stable Mid-Market (Group 3),-0.7464236977773507,-0.44056118459688803,2547291,41.9755
CUS-005548,0,Stable Mid-Market,-0.5633441961251276,1.9725258087731905,20837036,34.008
CUS-005549,0,Stable Mid-Market,-1.012259694360382,1.8876895175952018,21865445,25.392
CUS-005550,0,Stable Mid-Market,-0.8793383183670791,0.3692432602512862,9976763,29.417
CUS-005551,3,Active Growth SMB,-0.19863252578517934,0.23505473671414434,19791252,47.3825
CUS-005552,3,Active Growth SMB,0.6876014025168176,0.2568347303798078,251546147,46.7805
CUS-005553,2,Stable Mid-Market (Group 3),-1.0498678730162372,0.23511153520872283,2787043,31.7845
CUS-005554,3,Active Growth SMB,1.4380634183009668,-0.48208975106386764,282334503,65.679
CUS-005555,3,Active Growth SMB,-0.25775414167427035,-1.5264351766599031,5458604,57.873000000000005
CUS-005556,0,Stable Mid-Market,-0.8674709887163182,0.622177610165172,2560939,35.473
CUS-005557,0,Stable Mid-Market,-1.6857235711178615,0.403465826242309,4910708,13.067000000000002
CUS-005558,2,Stable Mid-Market (Group 3),-0.5802626537812178,-1.1208109537305002,3216083,46.688500000000005
CUS-005559,2,Stable Mid-Market (Group 3),-0.719482091396568,-0.9453869167510285,13853060,38.95099999999999
CUS-005560,2,Stable Mid-Market (Group 3),-1.094588517458975,-0.09044098589365424,67624823,19.4335
CUS-005561,2,Stable Mid-Market (Group 3),-1.5464131563119623,0.22211135189974532,4287177,15.4015
CUS-005562,3,Active Growth SMB,-0.027136587489788984,-0.708068807394072,8515902,53.51
CUS-005563,1,Enterprise Champions,3.858919297585652,-0.650598918608191,981990978,70.6655
CUS-005564,3,Active Growth SMB,0.28153578291016784,-1.3012181841137487,246341758,51.752
CUS-005565,0,Stable Mid-Market,-1.2678211185520418,0.9334887014733453,4383145,25.829500000000003
CUS-005566,1,Enterprise Champions,5.080352811136763,-0.5104669476066879,994438395,83.5665
CUS-005567,0,Stable Mid-Market,-1.2837789289797845,0.9435208396826825,17971120,20.0975
CUS-005568,3,Active Growth SMB,1.2698052588921667,0.40587672374708234,456298188,51.3735
CUS-005569,1,Enterprise Champions,2.353912262086613,0.3805864225908402,403603361,58.427
CUS-005570,2,Stable Mid-Market (Group 3),-1.9863213010213494,-0.18374726168758435,835960,9.056
CUS-005571,1,Enterprise Champions,1.7331531900518116,0.02816911360224845,433009504,48.807500000000005
CUS-005572,1,Enterprise Champions,2.2649151604159314,0.35598482300469286,268501173,61.326
CUS-005573,0,Stable Mid-Market,-1.1380790746715213,1.5062026671582134,12732623,28.9945
CUS-005574,3,Active Growth SMB,-0.6081782809835194,0.4134851353658098,1756515,42.336
CUS-005575,3,Active Growth SMB,0.10588742878264533,0.5450005719534922,19199170,52.68599999999999
CUS-005576,3,Active Growth SMB,1.4768674220983395,0.5376801406913059,410472934,53.4125
CUS-005577,2,Stable Mid-Market (Group 3),-2.0675343285407024,-1.1849100820315177,2427236,10.9005
CUS-005578,2,Stable Mid-Market (Group 3),-0.4863701223577511,-0.9047424993912301,9444256,46.167
CUS-005579,2,Stable Mid-Market (Group 3),-1.6197487139438713,-0.14899135425682225,3393667,18.152
CUS-005580,0,Stable Mid-Market,-1.2884705269080314,1.9274195479041776,3049142,24.204
CUS-005581,3,Active Growth SMB,-0.4536132613525397,0.5716021573202348,11052421,44.1
CUS-005582,3,Active Growth SMB,-0.09625881663261142,0.14515757226333983,2556657,51.833
CUS-005583,2,Stable Mid-Market (Group 3),-0.9947625552212729,-0.3412929642897722,6527310,32.377500000000005
CUS-005584,0,Stable Mid-Market,-1.2620335665688827,2.0995256807698603,3628035,20.5725
CUS-005585,0,Stable Mid-Market,-1.5221489424158035,0.6293161754542376,2369375,22.387
CUS-005586,2,Stable Mid-Market (Group 3),-1.6500062307346801,-0.21758302755344142,3324746,16.536
CUS-005587,3,Active Growth SMB,-0.427973646693903,0.3308581200762745,22025055,46.522
CUS-005588,2,Stable Mid-Market (Group 3),-0.9440597395865383,-1.5542846282314207,24885819,41.81399999999999
CUS-005589,0,Stable Mid-Market,0.004185609733524378,1.677680330677788,24362690,38.785
CUS-005590,2,Stable Mid-Market (Group 3),-0.7889678819936567,-1.040655744867075,8993706,41.465
CUS-005591,3,Active Growth SMB,-0.522168482673531,-0.44612600759389537,17027545,42.6795
CUS-005592,2,Stable Mid-Market (Group 3),-1.4690170439719772,-0.22367107073693376,4721563,16.657999999999998
CUS-005593,0,Stable Mid-Market,-0.7272742435056316,0.9624713230662205,7864628,31.8635
CUS-005594,1,Enterprise Champions,2.198853916612933,0.01330858855037203,364766757,66.6065
CUS-005595,2,Stable Mid-Market (Group 3),-1.1269934071406054,0.09845689098017557,7111790,27.582
CUS-005596,2,Stable Mid-Market (Group 3),-0.9257514628813692,-0.35180370365776076,9353094,34.1925
CUS-005597,2,Stable Mid-Market (Group 3),-0.9983623188883173,-0.018341943247260913,1173561,32.093500000000006
CUS-005598,2,Stable Mid-Market (Group 3),-1.1960523701212566,0.030104906765400345,9939828,26.888000000000005
CUS-005599,0,Stable Mid-Market,-1.1024824429975268,0.8300222122107731,19137757,19.9965
CUS-005600,2,Stable Mid-Market (Group 3),-0.9192237905102758,-1.3361617695052403,22924022,37.837500000000006
CUS-005601,2,Stable Mid-Market (Group 3),-1.4984309547443215,-1.1690364921847276,14614345,23.748
CUS-005602,1,Enterprise Champions,3.0642108082690993,0.10673902961590478,545576262,68.335
CUS-005603,2,Stable Mid-Market (Group 3),-1.175892283967646,-0.28528900350106484,304959,31.3615
CUS-005604,2,Stable Mid-Market (Group 3),-1.7255934738423753,-1.9448613341364749,2042613,22.3565
CUS-005605,0,Stable Mid-Market,-1.0384193139483024,1.353805754429238,12726685,22.372
CUS-005606,3,Active Growth SMB,-0.29479057208931164,-0.01873779677327011,23887548,45.997
CUS-005607,1,Enterprise Champions,3.1193462858023295,-0.04898349983982524,547997044,66.134
CUS-005608,0,Stable Mid-Market,-0.9600111430647194,0.322136558807703,8469051,28.730500000000003
CUS-005609,3,Active Growth SMB,-0.3022350106620935,-0.6538049388954135,2974468,49.203500000000005
CUS-005610,2,Stable Mid-Market (Group 3),-1.3188253677274637,-0.45928043424926274,4526097,26.7305
CUS-005611,1,Enterprise Champions,2.415389978436204,0.26132160103776575,744604032,53.895
CUS-005612,0,Stable Mid-Market,-1.4477569883173862,1.8688690354408724,2186571,16.195
CUS-005613,2,Stable Mid-Market (Group 3),-1.34101005813812,-0.13164313369501346,19158632,19.8385
CUS-005614,0,Stable Mid-Market,-1.312490443530292,1.3805509262921631,3492834,18.339
CUS-005615,3,Active Growth SMB,0.610753263913266,-0.8032592112527028,20389514,71.95649999999999
CUS-005616,1,Enterprise Champions,2.7380984528294214,-0.09231382011360323,739270652,58.479000000000006
CUS-005617,0,Stable Mid-Market,0.02483681397020719,1.541246217816993,20858144,42.221
CUS-005618,2,Stable Mid-Market (Group 3),-1.218600664514036,-0.7248707424603107,3581728,28.991000000000003
CUS-005619,0,Stable Mid-Market,-0.797740981235116,0.29371279170995723,15335618,33.004000000000005
CUS-005620,1,Enterprise Champions,2.0611672959665057,-0.18718403127438563,565274738,58.6225
CUS-005621,0,Stable Mid-Market,-0.7220504162890087,0.8448343260464481,23780115,35.977500000000006
CUS-005622,2,Stable Mid-Market (Group 3),-1.0306169262250058,-1.2871639217810527,18257220,35.9525
CUS-005623,3,Active Growth SMB,-0.5426696734940621,0.40547635416855843,13571895,40.9235
CUS-005624,2,Stable Mid-Market (Group 3),-1.0885714510962847,-1.5129657644396248,23337585,35.0475
CUS-005625,2,Stable Mid-Market (Group 3),-0.18305528125635834,0.10562885253791697,284806713,24.5315
CUS-005626,2,Stable Mid-Market (Group 3),-1.174612497802977,-0.23669275882431265,11691970,20.669
CUS-005627,2,Stable Mid-Market (Group 3),-2.0713403647382576,-1.5382906785851744,2435411,11.580000000000002
CUS-005628,2,Stable Mid-Market (Group 3),-1.2462566276866505,-0.9469012380788974,279572,32.379000000000005
CUS-005629,1,Enterprise Champions,4.922873675622927,-0.3408236977862854,984396395,69.33
CUS-005630,2,Stable Mid-Market (Group 3),-0.849690243289653,-1.352040572198005,5970067,42.6805
CUS-005631,3,Active Growth SMB,-0.6114377187218474,0.28159113123444635,2571207,43.99550000000001
CUS-005632,1,Enterprise Champions,1.818747893532434,0.28595355981549897,263246661,56.584
CUS-005633,0,Stable Mid-Market,-0.733474002629775,2.0802060297310105,23905328,28.547
CUS-005634,1,Enterprise Champions,2.4915339711695323,0.4672989517573252,557699925,57.344
CUS-005635,3,Active Growth SMB,0.9830412360980937,-0.6569676012098771,68254713,60.4115
CUS-005636,3,Active Growth SMB,-0.009565962847604218,0.8071021816829621,4919598,55.875
CUS-005637,1,Enterprise Champions,1.9901691072080547,0.4859420664413578,508044000,55.474
CUS-005638,0,Stable Mid-Market,-0.7021025220807042,1.2279937565618004,1377444,37.9065
CUS-005639,3,Active Growth SMB,0.9038208652153293,0.6607840570896459,229235608,45.02250000000001
CUS-005640,3,Active Growth SMB,-0.7497747742329155,0.18919064678693442,5283335,36.6935
CUS-005641,3,Active Growth SMB,-0.562678550352822,-0.3460218132017224,4702401,47.631
CUS-005642,3,Active Growth SMB,-0.6388130138564593,0.0013349384862802781,1114473,44.3785
CUS-005643,2,Stable Mid-Market (Group 3),-1.0611605336218266,-0.49237586878802575,864890,35.2805
CUS-005644,2,Stable Mid-Market (Group 3),-1.0414130084838626,-0.21364300682816284,4031689,32.6255
CUS-005645,3,Active Growth SMB,0.1841587522213932,1.2519621711843798,22528183,48.512
CUS-005646,1,Enterprise Champions,3.534890981195623,0.3345528940658289,670482314,65.7395
CUS-005647,3,Active Growth SMB,0.557623208219186,0.7262343974006381,15888718,60.0645
CUS-005648,3,Active Growth SMB,1.4011678661186298,0.15386034191498377,309954660,53.322
CUS-005649,2,Stable Mid-Market (Group 3),-1.3198002565018057,-0.8516416031441112,10254224,27.081000000000003
CUS-005650,3,Active Growth SMB,1.0963824739549566,-0.29263484579087573,47269265,62.934
CUS-005651,3,Active Growth SMB,-0.1749573000292075,0.8370596168811704,4830263,48.17250000000001
CUS-005652,3,Active Growth SMB,-0.3839279599526456,0.49524941577278364,4202117,41.588
CUS-005653,2,Stable Mid-Market (Group 3),-0.8682360204795458,-1.0567346263249608,9141417,38.614
CUS-005654,3,Active Growth SMB,-0.36360463056405157,-0.8942269436314342,15850703,52.249
CUS-005655,2,Stable Mid-Market (Group 3),-0.7861482285379802,-1.0127739720445117,23717444,40.508
CUS-005656,1,Enterprise Champions,3.314388049547998,-0.871358752119557,965719009,64.69
CUS-005657,2,Stable Mid-Market (Group 3),-1.0667963076542606,-0.5149555692235361,4649701,36.827
CUS-005658,0,Stable Mid-Market,-0.9640395305188515,1.4085480376991921,1130492,29.841
CUS-005659,1,Enterprise Champions,2.831716682946515,-0.7110718832827775,569663190,71.153
CUS-005660,2,Stable Mid-Market (Group 3),-0.9629292969080182,-0.1921390983133167,4580110,35.7555
CUS-005661,0,Stable Mid-Market,-0.6588959516498278,1.3459944763124791,18050456,36.004000000000005
CUS-005662,1,Enterprise Champions,3.809980334076904,-0.5925579067865512,892518135,67.7995
CUS-005663,2,Stable Mid-Market (Group 3),-0.4604038536139787,-0.7718557428942905,21986417,45.26649999999999
CUS-005664,3,Active Growth SMB,1.1272132830094679,0.18507618058423875,615656183,42.057500000000005
CUS-005665,1,Enterprise Champions,3.3433069337938726,-0.18228269378695716,623309149,77.7335
CUS-005666,2,Stable Mid-Market (Group 3),-0.7048201943808271,-0.9032634284645672,22358555,40.0455
CUS-005667,1,Enterprise Champions,1.862629030354824,0.03174773094440425,507685536,55.1435
CUS-005668,0,Stable Mid-Market,-0.6908308434354979,0.8396505074126192,1505433,38.2365
CUS-005669,2,Stable Mid-Market (Group 3),-1.1483815606198098,-0.3896722715411318,8252356,32.012
CUS-005670,0,Stable Mid-Market,-1.280725152416689,1.1729561348031745,1718563,26.489
CUS-005671,0,Stable Mid-Market,-0.2810252397623919,1.0106221189402662,24528018,44.5925
CUS-005672,2,Stable Mid-Market (Group 3),-1.1093009097815807,-1.3001327357077008,1537303,37.2535
CUS-005673,0,Stable Mid-Market,-0.29891499721827614,1.2064084584536745,16372313,42.0295
CUS-005674,2,Stable Mid-Market (Group 3),-1.2036718051281818,-0.019795949638242112,20564850,27.33
CUS-005675,2,Stable Mid-Market (Group 3),-0.8938726876046398,-0.08724930311794193,5682473,38.334500000000006
CUS-005676,2,Stable Mid-Market (Group 3),-0.8814336298301266,-0.3230992756881403,276858,37.819
CUS-005677,3,Active Growth SMB,1.0708701100261406,0.29767241824564317,75016953,57.0305
CUS-005678,2,Stable Mid-Market (Group 3),-0.6655117784480025,-0.9213810486285682,15816312,45.4615
CUS-005679,0,Stable Mid-Market,-1.11786088153899,0.28874685823244517,641459,29.792
CUS-005680,0,Stable Mid-Market,-0.26141135888170003,1.0526041904435353,16614028,42.364
CUS-005681,3,Active Growth SMB,-0.16607827101482928,-0.9029901806673185,3075914,60.227
CUS-005682,3,Active Growth SMB,-0.3827366098020465,0.0575352614524541,6941080,37.499
CUS-005683,1,Enterprise Champions,4.409054585453699,-0.0965030241658979,540688727,87.884
CUS-005684,2,Stable Mid-Market (Group 3),-0.8951286755633207,-0.7750319019314678,3194091,39.1505
CUS-005685,3,Active Growth SMB,0.023174604399325748,0.03779859376353364,15050053,57.3575
CUS-005686,1,Enterprise Champions,1.7457092016601794,-0.25629219924292873,608936010,43.482
CUS-005687,1,Enterprise Champions,4.425303242012782,-0.07491757776926472,939995948,77.491
CUS-005688,1,Enterprise Champions,5.017110308356591,-0.4038557907111514,941721455,81.015
CUS-005689,2,Stable Mid-Market (Group 3),-0.9713010264664368,-1.607661070425822,442235,40.1725
CUS-005690,0,Stable Mid-Market,-0.8078252256911475,0.60106043122206,4014534,35.789
CUS-005691,0,Stable Mid-Market,-0.40242649460545654,1.0383934875994687,5296224,39.198
CUS-005692,1,Enterprise Champions,3.197278303288605,-0.17687337479097476,583080418,67.40050000000001
CUS-005693,2,Stable Mid-Market (Group 3),-1.0761863207844171,-0.8356202072743967,14390927,35.204
CUS-005694,2,Stable Mid-Market (Group 3),-1.3968052991785835,-0.060430383619108054,1805122,25.3365
CUS-005695,0,Stable Mid-Market,-0.9849664135259038,1.432398434426379,3517529,30.6965
CUS-005696,2,Stable Mid-Market (Group 3),-0.8452738519908911,0.09741289967268373,4304529,35.675
CUS-005697,3,Active Growth SMB,0.5459025150060975,-0.2151579801455964,130067589,49.742
CUS-005698,2,Stable Mid-Market (Group 3),-2.006118870174354,-2.609071579239036,2659046,15.8125
CUS-005699,0,Stable Mid-Market,-1.110450128139916,0.8051484668306875,3345660,27.8705
CUS-005700,3,Active Growth SMB,0.31076870583951605,-0.2045303060912648,125517889,43.536
CUS-005701,0,Stable Mid-Market,-0.7727131727638887,0.8941019327940001,2627174,29.8455
CUS-005702,3,Active Growth SMB,0.9791854826647838,-0.45462076076241825,437164203,42.616
CUS-005703,1,Enterprise Champions,3.8411827664843474,0.26564374541040214,805259316,68.9735
CUS-005704,0,Stable Mid-Market,-0.323428379892471,1.0380859248823122,4002204,42.996
CUS-005705,2,Stable Mid-Market (Group 3),-0.7785312918300601,-0.008641616711433998,18879450,34.938500000000005
CUS-005706,0,Stable Mid-Market,-0.8564663053285866,2.8691772741991795,4907323,31.604
CUS-005707,0,Stable Mid-Market,-0.6179989637761074,0.8379198489275398,3796865,43.0915
CUS-005708,2,Stable Mid-Market (Group 3),-0.752131363912933,-0.6690310537323063,842381,40.3005
CUS-005709,1,Enterprise Champions,2.334700677864596,-0.7160039574318232,439685908,69.441
CUS-005710,2,Stable Mid-Market (Group 3),-1.1316554553786682,-1.0516971287568893,18897981,33.3925
CUS-005711,0,Stable Mid-Market,-1.2302279522547341,0.8282957008674016,4292185,27.219
CUS-005712,3,Active Growth SMB,-0.4260032110536227,0.09597412722583255,13914316,45.7085
CUS-005713,0,Stable Mid-Market,-0.9887636724405595,0.33896899185399726,4497310,34.266000000000005
CUS-005714,2,Stable Mid-Market (Group 3),-1.546423270916283,-0.4702413533264489,3925391,18.592
CUS-005715,3,Active Growth SMB,-0.007795416864711144,-0.20869146542242994,30449556,45.5955
CUS-005716,1,Enterprise Champions,2.01098608494519,-0.48324820183499057,517892739,67.711
CUS-005717,2,Stable Mid-Market (Group 3),-1.0592160599864973,-0.2207198235330962,2765806,31.2125
CUS-005718,2,Stable Mid-Market (Group 3),-0.6945436838883303,-1.2975237810585913,2571789,48.2985
CUS-005719,1,Enterprise Champions,3.4578049337617593,0.17638576531195288,410652531,72.834
CUS-005720,1,Enterprise Champions,3.111030281800817,-0.4231939982364379,981635201,61.31
CUS-005721,0,Stable Mid-Market,-1.134405717965014,1.6992674640582874,2838388,27.3895
CUS-005722,1,Enterprise Champions,2.2162875261927404,0.21363561819663623,345373112,66.53450000000001
CUS-005723,1,Enterprise Champions,1.7703022217042004,-0.3163918442090849,406666407,59.256
CUS-005724,2,Stable Mid-Market (Group 3),-0.9888554212232937,0.10461931821415078,3476195,35.1265
CUS-005725,2,Stable Mid-Market (Group 3),-1.1349644501496592,-0.7697976553530668,3797415,33.1465
CUS-005726,2,Stable Mid-Market (Group 3),-1.4800059899033593,-1.3846324604649058,2997738,24.700000000000003
CUS-005727,0,Stable Mid-Market,-0.5064565863880767,0.8868020260071963,17438423,40.783
CUS-005728,3,Active Growth SMB,-0.3893036265355524,-0.2049823874287398,22997925,45.584500000000006
CUS-005729,2,Stable Mid-Market (Group 3),-1.655843399809679,-1.0198876527727525,4798725,20.0215
CUS-005730,2,Stable Mid-Market (Group 3),-0.9669022146583834,-0.5448234023534637,11391679,31.232
CUS-005731,1,Enterprise Champions,2.417889331966538,-0.36452067352545353,651120304,54.652
CUS-005732,2,Stable Mid-Market (Group 3),-1.6153062732306858,-1.6601064552100842,4832113,23.7965
CUS-005733,3,Active Growth SMB,-0.23980997050564654,-0.008136716552764588,20056198,46.590500000000006
CUS-005734,2,Stable Mid-Market (Group 3),-1.702028713092307,0.26203349927275654,1659610,16.9175
CUS-005735,1,Enterprise Champions,2.093003611664416,-0.09405079582301798,652985273,59.4645
CUS-005736,0,Stable Mid-Market,-1.2125867824162497,1.3935546383238173,2730019,24.4385
CUS-005737,2,Stable Mid-Market (Group 3),-1.0466303795480638,0.26340746832847295,18247428,28.406500000000005
CUS-005738,2,Stable Mid-Market (Group 3),-1.0144403554169392,-0.548037918350812,8622388,35.41
CUS-005739,2,Stable Mid-Market (Group 3),-1.0001105700322674,0.1918886235136097,1473873,33.4335
CUS-005740,0,Stable Mid-Market,-1.355175223867049,0.7973298885610536,23584545,18.3575
CUS-005741,0,Stable Mid-Market,-1.0210414475952365,0.4223183410103795,1144187,33.2725
CUS-005742,0,Stable Mid-Market,-0.46237068791198593,0.923664576365112,22056916,38.61750000000001
CUS-005743,2,Stable Mid-Market (Group 3),-1.7019254405928652,-1.2048801963462228,2319134,20.117
CUS-005744,0,Stable Mid-Market,-0.946529207094948,1.6215921659723462,4751917,31.062
CUS-005745,2,Stable Mid-Market (Group 3),-1.3246971718349592,-1.0642386453762591,7966524,25.2895
CUS-005746,3,Active Growth SMB,1.0571711384340128,0.5213053283615741,196148878,51.4375
CUS-005747,1,Enterprise Champions,1.5266006935890926,-0.597466249584985,542074516,50.8995
CUS-005748,3,Active Growth SMB,-0.261309112068294,-0.8490719314458642,1236510,57.431
CUS-005749,3,Active Growth SMB,-0.7106558072024204,-0.2899429887017016,598577,43.49100000000001
CUS-005750,0,Stable Mid-Market,-0.9324932896232,0.6146863604093137,1084968,35.1235
CUS-005751,3,Active Growth SMB,-2.735718982889614e-05,-0.13564944871155754,27801467,42.293000000000006
CUS-005752,0,Stable Mid-Market,-0.7406625877959039,0.46430092957089647,3282681,36.998000000000005
CUS-005753,2,Stable Mid-Market (Group 3),-1.8421784444220488,-2.416283322786188,3178599,19.8855
CUS-005754,0,Stable Mid-Market,-0.8437527123146734,1.990626873335551,4317498,30.826
CUS-005755,1,Enterprise Champions,3.336229313398235,-0.5257080759418892,765674353,70.737
CUS-005756,3,Active Growth SMB,-0.03426132469381683,0.8394454609822352,5107283,50.6255
CUS-005757,3,Active Growth SMB,1.1478462639147027,-0.8787917114266494,397841206,55.42750000000001
CUS-005758,0,Stable Mid-Market,-0.3776890926525623,0.7720681234695789,8311485,39.8275
CUS-005759,1,Enterprise Champions,2.4731203626349947,0.11062975805563863,585886575,64.6395
CUS-005760,3,Active Growth SMB,0.5619733522066408,-0.24560998813088095,245417831,47.3965
CUS-005761,1,Enterprise Champions,2.7286011653554434,-0.6435803906957812,933265511,52.634
CUS-005762,2,Stable Mid-Market (Group 3),-0.7295594220198448,-0.860544225349587,1465445,44.2775
CUS-005763,2,Stable Mid-Market (Group 3),-1.0415902079131705,-0.5890423848135821,2629662,36.9555
CUS-005764,3,Active Growth SMB,-0.17072295026808362,-0.42763318140293444,1219512,55.258500000000005
CUS-005765,2,Stable Mid-Market (Group 3),-1.4801811000202332,-0.2662131516012903,5985909,23.3405
CUS-005766,3,Active Growth SMB,0.318925265713268,-0.6706764738330651,14527171,63.22
CUS-005767,0,Stable Mid-Market,-0.5793964118786596,1.3834016893733287,24210078,36.0475
CUS-005768,2,Stable Mid-Market (Group 3),-0.5877006165497611,-0.7438032804616893,7193917,47.434000000000005
CUS-005769,2,Stable Mid-Market (Group 3),-0.5586401636377903,-0.528857322177545,14706938,41.4115
CUS-005770,2,Stable Mid-Market (Group 3),-0.8565350950794575,-0.5377177724733943,565164,41.242
CUS-005771,2,Stable Mid-Market (Group 3),-1.5343397555087397,-1.1138013247740313,1871459,23.301
CUS-005772,0,Stable Mid-Market,-1.0719150321099697,2.555058318043721,3263017,26.5465
CUS-005773,3,Active Growth SMB,1.0784308703723364,-0.36457387302890387,375813647,58.67600000000001
CUS-005774,0,Stable Mid-Market,-0.44301080483119026,0.7465518151475331,6869587,42.436
CUS-005775,3,Active Growth SMB,1.4618906876090731,-0.008944677055235935,292968535,59.069
CUS-005776,1,Enterprise Champions,3.2616572062291023,-0.778853537918636,696136493,76.6045
CUS-005777,2,Stable Mid-Market (Group 3),-0.8695284446829261,-1.8369315568504625,788804,46.569500000000005
CUS-005778,3,Active Growth SMB,-0.5250602724977578,0.45551280406133116,12608516,41.228
CUS-005779,2,Stable Mid-Market (Group 3),-1.9128316096646163,-1.06346029985514,4839251,13.5565
CUS-005780,1,Enterprise Champions,2.4668131330363465,0.5936146477872243,553922775,60.3095
CUS-005781,0,Stable Mid-Market,-1.028053450805302,1.4159060637379384,2862963,32.959500000000006
CUS-005782,2,Stable Mid-Market (Group 3),-1.5161540394448458,-1.271232918658742,2093903,25.598000000000003
CUS-005783,3,Active Growth SMB,-0.2890213676207535,-0.5882206111486409,19955159,50.7585
CUS-005784,0,Stable Mid-Market,-0.698898636881473,2.1877821144810485,1493128,40.3655
CUS-005785,1,Enterprise Champions,2.665481724140176,-0.4663325679735489,591696029,57.6895
CUS-005786,3,Active Growth SMB,0.15064593508361276,0.1716765103229197,377472,59.89
CUS-005787,2,Stable Mid-Market (Group 3),-1.5702371221895561,-0.8652311148828171,3671802,19.746
CUS-005788,2,Stable Mid-Market (Group 3),-1.2743552374354847,-1.711452328485406,4665556,32.307
CUS-005789,2,Stable Mid-Market (Group 3),-1.7894801993479121,-1.109176299201183,2294906,18.6575
CUS-005790,2,Stable Mid-Market (Group 3),-1.2932762066262666,-0.704364800618274,13393820,22.9865
CUS-005791,0,Stable Mid-Market,-1.0732306077192921,2.0867855607826997,4922583,23.946
CUS-005792,3,Active Growth SMB,-0.206787428247586,0.6973919308926804,5280855,47.9995
CUS-005793,1,Enterprise Champions,3.8344504047961903,0.9021717450217908,788767826,64.4475
CUS-005794,1,Enterprise Champions,1.930180899793362,-0.2470266743777488,930162959,44.0215
CUS-005795,2,Stable Mid-Market (Group 3),-1.5656483405070203,-1.9893437364670825,1260569,26.1015
CUS-005796,2,Stable Mid-Market (Group 3),-0.5624970036409129,-1.0808235167236107,15714938,44.1165
CUS-005797,2,Stable Mid-Market (Group 3),-1.38074887379699,-0.06805738290730441,23926897,23.384500000000003
CUS-005798,3,Active Growth SMB,-0.529214105955424,-0.4251682185879965,2717446,48.018
CUS-005799,3,Active Growth SMB,-0.43026616707069093,-0.8845663610715865,18525028,47.8155
CUS-005800,2,Stable Mid-Market (Group 3),-0.9018902263165351,-0.10164594466344887,6800489,36.9985
CUS-005801,3,Active Growth SMB,-0.31215676167548645,0.6203425484136085,12622366,47.7565
CUS-005802,2,Stable Mid-Market (Group 3),-1.5711359462162406,-0.5134259079003676,14457347,18.328
CUS-005803,0,Stable Mid-Market,-0.8786323537109931,1.9130665005855807,281924,32.259
CUS-005804,3,Active Growth SMB,-0.2010950598013392,-0.5191058363394248,6460539,52.714
CUS-005805,2,Stable Mid-Market (Group 3),-0.9825246097177535,-0.5910710408883046,6785091,31.359
CUS-005806,2,Stable Mid-Market (Group 3),-1.0030111613061967,-0.41456596855127853,3120395,36.522000000000006
CUS-005807,3,Active Growth SMB,-0.6475592146851995,0.34509856298602953,3730705,43.9435
CUS-005808,2,Stable Mid-Market (Group 3),-1.1649745742654076,-1.9976397688043561,3323615,38.017
CUS-005809,3,Active Growth SMB,1.174434381688315,1.603789475765003,362047701,47.627
CUS-005810,0,Stable Mid-Market,-0.6368204473933833,0.9547522293364845,955327,40.815
CUS-005811,0,Stable Mid-Market,-0.8381697804926576,1.1581667644728417,5127179,26.3575
CUS-005812,1,Enterprise Champions,3.748271273720765,-0.3628566582733266,894428214,70.793
CUS-005813,3,Active Growth SMB,-0.6246485596665717,-0.3539673033952155,9012913,42.6675
CUS-005814,0,Stable Mid-Market,-0.6491911301049313,1.5308798039712888,578568,34.852000000000004
CUS-005815,2,Stable Mid-Market (Group 3),-0.66976171197012,-1.020895566512299,19258037,43.3595
CUS-005816,2,Stable Mid-Market (Group 3),-1.4215399641011934,-0.8925992978457894,4262243,26.247
CUS-005817,2,Stable Mid-Market (Group 3),-0.9476302840850322,-0.5136161408095659,3976268,36.528
CUS-005818,1,Enterprise Champions,4.863295552116357,-0.6296338367099231,960942275,88.7475
CUS-005819,2,Stable Mid-Market (Group 3),-1.4389428631921803,-1.4488234744115618,20382900,26.140500000000003
CUS-005820,3,Active Growth SMB,-0.21198421520746957,-0.6310084967812204,7617344,52.1415
CUS-005821,3,Active Growth SMB,-0.39498658245589713,-0.721878961081828,12271633,49.879
CUS-005822,2,Stable Mid-Market (Group 3),-0.8454112232540764,-0.4524484047457119,2662002,39.230500000000006
CUS-005823,0,Stable Mid-Market,-1.3385802923019836,0.7677922015395893,383222,24.568500000000004
CUS-005824,1,Enterprise Champions,2.2513448523571133,-0.5605011399199052,571557486,60.018
CUS-005825,2,Stable Mid-Market (Group 3),-1.1495337680459592,0.2384880627152993,6492629,27.5345
CUS-005826,1,Enterprise Champions,2.992041805363874,0.31937865315988073,627095004,61.364
CUS-005827,3,Active Growth SMB,-0.4335179802614301,-0.20200130442662367,21470523,41.352
CUS-005828,1,Enterprise Champions,3.666013985936893,-0.1052029074899697,883378353,59.7945
CUS-005829,0,Stable Mid-Market,-0.837443316529511,0.3915580131239063,7311268,34.3655
CUS-005830,2,Stable Mid-Market (Group 3),-2.032743371730487,-2.72123546104723,2996662,15.284
CUS-005831,2,Stable Mid-Market (Group 3),-0.6193281882876454,-0.7499417157196608,24334588,44.6815
CUS-005832,3,Active Growth SMB,-0.38504208138718904,-0.4076882697887521,11763574,48.512
CUS-005833,3,Active Growth SMB,-0.25552034404879664,-0.512539540611923,12722325,53.578500000000005
CUS-005834,2,Stable Mid-Market (Group 3),-1.1169962655076362,-0.5571900446631518,17373343,30.238000000000003
CUS-005835,0,Stable Mid-Market,-0.8164425350776076,0.7093910713329206,5809973,24.15
CUS-005836,3,Active Growth SMB,1.068833626385456,-0.13583365191073923,338605011,51.326
CUS-005837,3,Active Growth SMB,-0.7579387827572253,-0.1595543548359001,492599,43.828
CUS-005838,2,Stable Mid-Market (Group 3),-0.8680176662363375,-0.5077852385483411,19445326,36.88249999999999
CUS-005839,0,Stable Mid-Market,-0.31825409637759017,1.3571723702434633,15482046,44.0385
CUS-005840,3,Active Growth SMB,1.586403821393341,-0.07282135256015693,291876101,64.317
CUS-005841,2,Stable Mid-Market (Group 3),-1.4423847341257623,-0.8628968914472203,12442940,22.7935
CUS-005842,3,Active Growth SMB,-0.2407881618399026,-0.0779152924864542,9081525,47.683
CUS-005843,3,Active Growth SMB,0.6331207139690251,-0.43198247860447725,272728259,44.87050000000001
CUS-005844,2,Stable Mid-Market (Group 3),-1.2511790225534096,-1.125746581211639,14551846,29.901
CUS-005845,2,Stable Mid-Market (Group 3),-0.8111766934430942,-0.20812066314147065,10778178,33.560500000000005
CUS-005846,0,Stable Mid-Market,-0.6488747424198799,1.4490179872072861,4326987,35.007000000000005
CUS-005847,0,Stable Mid-Market,-0.5489089492310344,0.8142831436529684,4922697,40.685
CUS-005848,3,Active Growth SMB,0.2117049681939254,0.11277105958899213,272730753,39.4605
CUS-005849,3,Active Growth SMB,0.20250903475013177,-0.900986297756058,49379070,57.395
CUS-005850,2,Stable Mid-Market (Group 3),-1.5355134957696945,-2.527581472653826,430376,29.1675
CUS-005851,2,Stable Mid-Market (Group 3),-0.896435382318453,-0.5887801535209033,4988737,36.4555
CUS-005852,2,Stable Mid-Market (Group 3),-1.3055633378750253,-2.4659212808247783,1368216,35.373
CUS-005853,1,Enterprise Champions,3.189065153943571,-0.1384159484460271,852235732,61.0415
CUS-005854,3,Active Growth SMB,1.3465224853562618,-0.4274458164716628,413504514,52.69649999999999
CUS-005855,1,Enterprise Champions,2.29521748018332,-0.939891345590092,884858575,54.8965
CUS-005856,2,Stable Mid-Market (Group 3),-1.2902987452069943,-2.167436298670328,3412828,34.6315
CUS-005857,3,Active Growth SMB,-0.3675116476873392,-0.39827836283385115,2635794,49.509
CUS-005858,3,Active Growth SMB,-0.3673413807152758,-0.10636758515849416,22774693,43.5125
CUS-005859,2,Stable Mid-Market (Group 3),-1.753583422511037,-2.045236726726926,3254988,21.1375
CUS-005860,1,Enterprise Champions,2.5209790317837064,0.220867090095034,420417977,64.276
CUS-005861,3,Active Growth SMB,0.36737473203160165,-0.37800865021164215,15064345,59.321
CUS-005862,1,Enterprise Champions,1.6715506089242453,-0.6519840194798278,712214237,47.6965
CUS-005863,0,Stable Mid-Market,-0.6695646381893642,0.3821558690773847,17577731,34.737
CUS-005864,2,Stable Mid-Market (Group 3),-1.3213143412274124,-0.5316833899741924,344877,28.0875
CUS-005865,0,Stable Mid-Market,0.03782521306678248,1.8029653828305918,4189491,50.846
CUS-005866,2,Stable Mid-Market (Group 3),-0.9859281364435243,-0.8069966562352934,12888498,34.54600000000001
CUS-005867,0,Stable Mid-Market,-1.0989281200186563,1.3454032322066594,829140,27.934
CUS-005868,2,Stable Mid-Market (Group 3),-1.115036530835962,-0.011096859797006826,1124082,32.096000000000004
CUS-005869,1,Enterprise Champions,1.395907736817216,-0.2141098973323502,621233301,45.854000000000006
CUS-005870,1,Enterprise Champions,1.8512914530552913,0.05181833970745224,459972112,54.222
CUS-005871,3,Active Growth SMB,-0.4403286726284967,-0.18743561742824189,12862685,40.5745
CUS-005872,3,Active Growth SMB,0.015438905149059698,-0.6227871789357746,15311632,56.171
CUS-005873,3,Active Growth SMB,1.2688377691218453,-0.31533608846709726,231536961,59.39399999999999
CUS-005874,3,Active Growth SMB,1.3033072701319603,0.07435428599834283,188541768,60.1805
CUS-005875,1,Enterprise Champions,1.7587177263985614,-0.4602304680290994,814985382,40.58200000000001
CUS-005876,2,Stable Mid-Market (Group 3),-0.8492038698190885,0.04589131444531942,11835669,37.617
CUS-005877,2,Stable Mid-Market (Group 3),-1.6539571397794606,-0.47600386684509577,20024080,11.1435
CUS-005878,3,Active Growth SMB,1.2343541687741668,-0.3791083616333903,364117022,59.7895
CUS-005879,0,Stable Mid-Market,-0.7915347791904582,1.113781470733709,2672067,37.3085
CUS-005880,2,Stable Mid-Market (Group 3),-0.8279837144862763,0.048583129554998036,11087780,31.512000000000004
CUS-005881,0,Stable Mid-Market,-0.9065880545768162,1.7937632328710873,16675267,18.3665
CUS-005882,1,Enterprise Champions,3.214743922422497,-0.8815097869821,992066492,65.49
CUS-005883,0,Stable Mid-Market,-0.52828177390045,1.1512235794752008,2335003,43.0465
CUS-005884,2,Stable Mid-Market (Group 3),-1.3738144713273375,-1.2972245092933823,3938515,28.9995
CUS-005885,2,Stable Mid-Market (Group 3),-0.4675197620047537,-1.1209502664692228,8809252,53.0165
CUS-005886,1,Enterprise Champions,1.908284121162276,-0.011368763431907085,372523277,58.7655
CUS-005887,1,Enterprise Champions,2.442242433251552,-1.119995792160927,559915314,78.748
CUS-005888,1,Enterprise Champions,2.9541652114114463,0.6411592009502215,649886314,48.93
CUS-005889,0,Stable Mid-Market,-1.3011145224981604,2.210383170497152,3195530,21.0955
CUS-005890,1,Enterprise Champions,1.6068394552649232,-0.41945324339540035,464049274,49.1845
CUS-005891,2,Stable Mid-Market (Group 3),-0.8384684672079911,-1.2655473780455502,1010894,42.305
CUS-005892,0,Stable Mid-Market,-0.8998699330628999,1.1999903535539909,3379145,24.502500000000005
CUS-005893,3,Active Growth SMB,-0.35117416797778117,0.22350645240971295,7388832,45.1545
CUS-005894,0,Stable Mid-Market,-0.8046385225035334,0.6755953627976076,3837509,35.577
CUS-005895,1,Enterprise Champions,4.54626351489097,0.5397541694532006,900103936,68.2485
CUS-005896,0,Stable Mid-Market,-1.023865480190137,1.7369212479790446,919260,34.1935
CUS-005897,1,Enterprise Champions,3.150463461362789,-0.08251574510440658,820237229,55.919
CUS-005898,3,Active Growth SMB,-0.6535283419709295,-0.22509077807524824,2838571,43.6705
CUS-005899,2,Stable Mid-Market (Group 3),-0.5997306567172318,-0.9864693802538219,15698086,44.6165
CUS-005900,3,Active Growth SMB,0.723071253129614,-0.8028304131649251,197158276,55.3445
CUS-005901,3,Active Growth SMB,-0.3164450897249458,0.04280527746688629,2120343,49.7635
CUS-005902,1,Enterprise Champions,2.20015519765955,0.37679112191432723,355406480,55.099
CUS-005903,1,Enterprise Champions,3.6982513113553948,-0.5770277748113048,714310264,78.08000000000001
CUS-005904,0,Stable Mid-Market,-0.9443664049229197,2.358176461528503,605219,30.92
CUS-005905,3,Active Growth SMB,-0.26664780181689757,0.10466477551317226,2612640,49.6495
CUS-005906,0,Stable Mid-Market,-1.4813137460054335,0.7364537353021833,2114971,19.12
CUS-005907,2,Stable Mid-Market (Group 3),-1.0186826290156445,0.08280073186340148,22617614,30.8895
CUS-005908,0,Stable Mid-Market,-0.8481235457384216,0.4632445216597226,21280721,31.6015
CUS-005909,2,Stable Mid-Market (Group 3),-0.5897952766365235,-1.2656432181599433,15292695,48.423
CUS-005910,1,Enterprise Champions,1.4257923905870216,0.1138928714410986,385446868,50.971500000000006
CUS-005911,2,Stable Mid-Market (Group 3),-0.7098459424532008,-0.23829832050363278,2362820,40.1105
CUS-005912,1,Enterprise Champions,2.6469419208820786,0.21164690995192234,457292210,61.0645
CUS-005913,2,Stable Mid-Market (Group 3),-1.0522327905371875,-1.6417464735345102,13663430,38.1995
CUS-005914,3,Active Growth SMB,0.04345208535631838,-0.13806414171192263,309514467,35.5135
CUS-005915,1,Enterprise Champions,2.5252026724208765,-0.22737388365186417,641019410,50.187000000000005
CUS-005916,0,Stable Mid-Market,-0.4576045461246406,1.7999680946071814,12732033,38.2635
CUS-005917,2,Stable Mid-Market (Group 3),-1.5863720691642655,-0.2884047860828639,622924,20.724000000000004
CUS-005918,0,Stable Mid-Market,-0.7662873329777946,2.093767130331145,470778,36.7765
CUS-005919,2,Stable Mid-Market (Group 3),-1.072764381715458,-0.9001294338689765,2549281,34.7115
CUS-005920,3,Active Growth SMB,0.3902289860727465,-0.3592831724653664,5403680,67.2675
CUS-005921,3,Active Growth SMB,-0.11642644096392658,-0.6025023740398973,7336009,53.743
CUS-005922,1,Enterprise Champions,3.477428373673396,-0.08603738486769219,946529045,63.1425
CUS-005923,2,Stable Mid-Market (Group 3),-1.2572330310301876,-0.015402983251982218,4624728,27.875
CUS-005924,2,Stable Mid-Market (Group 3),-0.7902742718815693,-0.6120280149011317,6689618,39.444
CUS-005925,3,Active Growth SMB,-0.4968109630167746,-0.0035405940220403754,15515493,42.999500000000005
CUS-005926,3,Active Growth SMB,1.171172646639184,0.7185033029284397,290959268,53.301
CUS-005927,2,Stable Mid-Market (Group 3),-1.2053292601920154,-1.2173998778849304,4509859,34.746500000000005
CUS-005928,0,Stable Mid-Market,-0.9272124169598521,2.903990944493916,3745249,31.858
CUS-005929,2,Stable Mid-Market (Group 3),-1.510188352305823,-0.925187161889509,4659446,24.564
CUS-005930,3,Active Growth SMB,1.1372165466684596,-0.4153239384098726,337841475,56.212500000000006
CUS-005931,2,Stable Mid-Market (Group 3),-1.9024782584599855,0.3257488551755281,340561,7.5235
CUS-005932,3,Active Growth SMB,0.6534410054826093,-0.8037081263432527,390079578,52.267500000000005
CUS-005933,2,Stable Mid-Market (Group 3),-1.4930975591860225,-0.8449431802477944,16646663,21.7825
CUS-005934,1,Enterprise Champions,2.416780407565115,-0.5603009969360644,603767937,65.955
CUS-005935,1,Enterprise Champions,1.8149220673595357,-0.43068932328831017,673775027,48.471
CUS-005936,3,Active Growth SMB,0.4980248626723804,-0.004797113563504561,22091212,61.3245
CUS-005937,1,Enterprise Champions,1.7249942932864049,-0.4287609474181108,347455928,60.475
CUS-005938,0,Stable Mid-Market,-0.5138993126037008,1.3585429656762271,11465168,40.4365
CUS-005939,3,Active Growth SMB,-0.498763473523037,-0.1395671690933737,15701006,41.548
CUS-005940,2,Stable Mid-Market (Group 3),-1.6893536416583037,-0.58902200675745,3997502,19.373
CUS-005941,3,Active Growth SMB,-0.6167395181868496,-0.017247044896775858,6636941,43.6035
CUS-005942,3,Active Growth SMB,-0.37518951792376304,0.1597093066425348,12801424,50.504000000000005
CUS-005943,3,Active Growth SMB,1.1156629159376137,0.6837921383092124,138713377,50.855500000000006
CUS-005944,2,Stable Mid-Market (Group 3),-1.997170563569795,-1.7886581052098824,4473887,13.7525
CUS-005945,3,Active Growth SMB,1.3773751101053455,-0.03834080893242764,261220680,54.91
CUS-005946,1,Enterprise Champions,2.317269934628094,-0.07907237036346591,594054776,59.1525
CUS-005947,1,Enterprise Champions,1.5725300438401486,-0.06734282136338582,659230815,45.773
CUS-005948,3,Active Growth SMB,-0.2756217144437488,-0.48789134907089915,20172306,42.373
CUS-005949,0,Stable Mid-Market,-1.0871176213695257,0.5643863773603354,9080462,29.096
CUS-005950,2,Stable Mid-Market (Group 3),-1.0167589554165115,-0.31758493694487466,10416124,35.357
CUS-005951,2,Stable Mid-Market (Group 3),-0.8273156702779928,-0.1199047433716057,16896663,36.4065
CUS-005952,2,Stable Mid-Market (Group 3),-0.46661967747747957,-0.9475438171561072,23223872,46.89900000000001
CUS-005953,2,Stable Mid-Market (Group 3),-0.8441820241830356,0.0277828586033848,14749520,35.3875
CUS-005954,1,Enterprise Champions,3.123325776347679,0.060626725308051556,819643860,60.4335
CUS-005955,3,Active Growth SMB,-0.6560861938371281,0.16437717444418462,15911112,39.977500000000006
CUS-005956,0,Stable Mid-Market,-0.7522034202577869,1.2510699308480981,18709165,33.73400000000001
CUS-005957,2,Stable Mid-Market (Group 3),-0.5292362872351745,-0.8293343090888463,23573802,44.414
CUS-005958,0,Stable Mid-Market,-0.6872345478201571,1.552988342920992,136859246,21.9665
CUS-005959,0,Stable Mid-Market,-0.7688651312257175,1.2877297219960386,18037027,33.152
CUS-005960,2,Stable Mid-Market (Group 3),-1.042766490930483,-0.15995536634230723,14946149,30.654
CUS-005961,1,Enterprise Champions,2.0879770815789818,-0.007437361430447918,500730354,54.5925
CUS-005962,1,Enterprise Champions,2.453608347695295,0.32192046325911955,685816082,52.9145
CUS-005963,3,Active Growth SMB,0.15008213599478112,0.7384913574705321,13224803,50.249500000000005
CUS-005964,2,Stable Mid-Market (Group 3),-0.7243505615201796,-0.8288981577366761,18066201,41.67400000000001
CUS-005965,2,Stable Mid-Market (Group 3),-1.283489336664903,-0.466010827798603,19039597,25.951
CUS-005966,1,Enterprise Champions,3.4198777832060143,-0.20450675322173237,754987096,66.056
CUS-005967,2,Stable Mid-Market (Group 3),-1.897357398212689,-0.05107546374452854,4179496,10.973000000000004
CUS-005968,3,Active Growth SMB,-0.6303638320267075,-0.157307506717076,17603004,39.9555
CUS-005969,2,Stable Mid-Market (Group 3),-1.1160930155544029,-1.0094468087704145,13154258,32.590500000000006
CUS-005970,0,Stable Mid-Market,-1.371361868457976,0.7419778742070613,4844187,22.045
CUS-005971,2,Stable Mid-Market (Group 3),-1.5244097795992393,-0.5086871672338734,15153066,16.9625
CUS-005972,1,Enterprise Champions,2.3566938667912645,-0.9867798713702165,733856510,62.4815
CUS-005973,2,Stable Mid-Market (Group 3),-1.3413367223765262,-1.297022484572737,9379498,30.188
CUS-005974,0,Stable Mid-Market,-1.3668488680001656,1.6943849575308132,4137888,18.961
CUS-005975,2,Stable Mid-Market (Group 3),-1.1703023394868197,-0.5479497096678594,1387213,35.0925
CUS-005976,1,Enterprise Champions,2.0564790745719757,-0.2800169562833961,191577477,67.347
CUS-005977,2,Stable Mid-Market (Group 3),-1.172677571915823,-0.9266426992047254,4384627,33.3955
CUS-005978,0,Stable Mid-Market,-1.1617310886391796,0.9924660231084574,9092472,20.927000000000003
CUS-005979,3,Active Growth SMB,0.9203511362950961,0.09674127299814993,207864229,51.6935
CUS-005980,0,Stable Mid-Market,-0.5834864240878815,1.206609347001562,24698105,38.307
CUS-005981,3,Active Growth SMB,-0.5010620868805202,-0.14741823706746512,21327395,41.1885
CUS-005982,3,Active Growth SMB,-0.0727130325123496,-0.12293867041824029,23656394,51.7575
CUS-005983,2,Stable Mid-Market (Group 3),-1.434187302884191,-0.46283203376706894,3008416,24.497
CUS-005984,2,Stable Mid-Market (Group 3),-0.7200382482560755,-0.41123933508669225,17909333,39.734
CUS-005985,2,Stable Mid-Market (Group 3),-0.8882892331445515,-1.0561209652373178,5262981,37.593500000000006
CUS-005986,0,Stable Mid-Market,0.027874372866295453,2.002193092453268,10754171,49.179
CUS-005987,1,Enterprise Champions,3.873523985546892,-0.10983231410453012,790610532,76.04400000000001
CUS-005988,3,Active Growth SMB,-0.7533078159665761,0.20623706083958357,11420168,38.5285
CUS-005989,0,Stable Mid-Market,-1.0571504337741453,2.0306895686784188,3140909,26.633000000000003
CUS-005990,0,Stable Mid-Market,-0.8861762102982167,2.5187560348046794,3359830,27.6765
CUS-005991,3,Active Growth SMB,0.901322740100312,0.5112029125908246,150093421,51.386
CUS-005992,0,Stable Mid-Market,-1.2829684293162897,0.3565704990630183,10111410,20.6175
CUS-005993,2,Stable Mid-Market (Group 3),-1.3800467251903148,-0.18484269984763713,2409558,25.115
CUS-005994,0,Stable Mid-Market,-1.2095049884620694,2.135961984496978,3830994,21.9215
CUS-005995,2,Stable Mid-Market (Group 3),-0.6674289718184714,-0.5871038702210111,5044994,40.2205
CUS-005996,0,Stable Mid-Market,0.3542716769874331,2.333170810316391,14185441,48.3615
CUS-005997,2,Stable Mid-Market (Group 3),-0.9775285193783764,0.046307729592179374,22815354,35.6195
CUS-005998,2,Stable Mid-Market (Group 3),-1.687759245269155,0.10077137098679442,1650904,17.747500000000002
CUS-005999,2,Stable Mid-Market (Group 3),-1.252412870594181,-0.6639700804519543,2716080,28.6515
CUS-006000,0,Stable Mid-Market,-1.3329088086612892,2.677985794020833,3224175,14.4695
CUS-006001,3,Active Growth SMB,-0.23070656014901825,0.22214570952099663,9746083,43.62700000000001
CUS-006002,3,Active Growth SMB,0.6555216319758701,-0.33812563348293184,346906526,43.679
CUS-006003,2,Stable Mid-Market (Group 3),-0.8962434102149879,0.1497884820890912,18608068,30.816
CUS-006004,1,Enterprise Champions,3.0075862566275955,-0.038717430624361004,763393066,62.2875
CUS-006005,1,Enterprise Champions,1.9371169237164938,-0.48951854730747113,512163459,63.301
CUS-006006,2,Stable Mid-Market (Group 3),-0.987888188525221,-0.4333799989414494,11115313,34.6225
CUS-006007,3,Active Growth SMB,-0.28144784573876275,-0.8239119269453448,20332881,49.88100000000001
CUS-006008,3,Active Growth SMB,-0.7533672920300085,0.13646693577197147,2483070,41.73950000000001
CUS-006009,3,Active Growth SMB,-0.35870153924735526,-0.0704061088773902,1533098,50.286
CUS-006010,2,Stable Mid-Market (Group 3),-1.0749809803049288,-0.5665502237513407,3136480,33.2145
CUS-006011,0,Stable Mid-Market,-1.1069120947322428,0.8137139829416632,252764,25.291
CUS-006012,0,Stable Mid-Market,-1.045006207264586,0.8239379346674265,2396518,29.704
CUS-006013,3,Active Growth SMB,0.6797897626272156,0.6121397353597952,203006147,46.2225
CUS-006014,3,Active Growth SMB,-0.14952758570174587,-0.18449841625275487,16608227,48.37650000000001
CUS-006015,3,Active Growth SMB,0.9679782726212128,-0.3539109563020495,240335863,61.8115
CUS-006016,1,Enterprise Champions,1.1132422241310553,0.6879464244563196,795312734,29.5585
CUS-006017,3,Active Growth SMB,0.9118230298753252,-0.31361522483161725,377409917,47.57000000000001
CUS-006018,0,Stable Mid-Market,-0.695234424160984,2.19785778968005,1052605,38.4405
CUS-006019,3,Active Growth SMB,-0.742274481870599,0.22418353339786704,3204770,42.946000000000005
CUS-006020,0,Stable Mid-Market,-0.5484711559188715,1.9151599665745014,1277238,39.633
CUS-006021,2,Stable Mid-Market (Group 3),-2.0415332326517333,-1.3047688168146543,1787416,10.2685
CUS-006022,2,Stable Mid-Market (Group 3),-1.0424750480599683,-0.3168921828556404,3737038,33.0465
CUS-006023,1,Enterprise Champions,1.9544311945589619,0.19481282723845136,469896612,61.42
CUS-006024,2,Stable Mid-Market (Group 3),-1.115239164908205,-0.6592470804969984,1817737,30.8625
CUS-006025,2,Stable Mid-Market (Group 3),-1.4743080463081013,0.24454331431820697,1945403,18.6395
CUS-006026,0,Stable Mid-Market,-0.9281156002953677,0.7100905541402147,4744935,29.143
CUS-006027,1,Enterprise Champions,1.966175901086349,0.41086197700051125,590829888,43.316
CUS-006028,3,Active Growth SMB,0.3721589088509926,-0.3141547459175434,192793538,44.18000000000001
CUS-006029,2,Stable Mid-Market (Group 3),-0.9192177902205502,0.08496566337558598,3139263,33.724999999999994
CUS-006030,1,Enterprise Champions,4.32154400678189,-0.49295597433980176,733479096,88.651
CUS-006031,3,Active Growth SMB,-0.45373119171802956,0.29276559932933954,18917435,39.977
CUS-006032,2,Stable Mid-Market (Group 3),-0.6987995156691297,-1.2538957283661918,13766104,42.87
CUS-006033,1,Enterprise Champions,3.349710076418305,-0.42766905393188703,832811496,60.7435
CUS-006034,3,Active Growth SMB,0.8874744974371777,-0.23968534370935946,146379299,60.2535
CUS-006035,0,Stable Mid-Market,-1.334483275583246,0.714892158262271,1435872,23.3885
CUS-006036,2,Stable Mid-Market (Group 3),-1.0778120148009722,-1.0075046434067156,2193938,37.221
CUS-006037,2,Stable Mid-Market (Group 3),-1.4643653095319127,0.22830867658769066,4593532,20.001
CUS-006038,3,Active Growth SMB,-0.20737514385629205,0.8626984472832907,21371680,44.667
CUS-006039,1,Enterprise Champions,3.4496939814448075,-0.05049461789232914,708081839,61.9145
CUS-006040,3,Active Growth SMB,-0.5048967569738787,-0.42971646360096477,11031588,46.278000000000006
CUS-006041,2,Stable Mid-Market (Group 3),-0.5500512582895931,-1.404469596285019,19222518,48.1755
CUS-006042,1,Enterprise Champions,1.7017304662669575,-0.014447395342118606,591013518,44.1575
CUS-006043,2,Stable Mid-Market (Group 3),-1.6031909440117185,-0.5026564758770824,2640245,18.1005
CUS-006044,0,Stable Mid-Market,-1.5584906143980366,1.2521615495295184,1878432,19.9925
CUS-006045,0,Stable Mid-Market,-0.5438014106384486,0.6591815411246422,18065415,33.9545
CUS-006046,2,Stable Mid-Market (Group 3),-0.49723252283956376,-0.6975334119656262,19952118,44.725
CUS-006047,0,Stable Mid-Market,-1.1162140190058127,0.43793871479689894,22613824,25.386
CUS-006048,3,Active Growth SMB,1.47336666825216,0.23269920672935643,292562426,59.9965
CUS-006049,1,Enterprise Champions,3.871802980360726,0.48749725738190447,675828771,67.915
CUS-006050,3,Active Growth SMB,-0.1917649687498823,0.17852794277366538,22971251,43.05800000000001
CUS-006051,3,Active Growth SMB,-0.5720601116218648,0.3353338283650566,6134666,45.96600000000001
CUS-006052,2,Stable Mid-Market (Group 3),-1.2024297684285918,-0.6653870370259912,9074499,29.6775
CUS-006053,0,Stable Mid-Market,-0.7411640093844822,1.9893900215665796,1216886,37.759
CUS-006054,1,Enterprise Champions,3.0188156956819725,-0.43639115081360974,787208437,58.6955
CUS-006055,3,Active Growth SMB,1.384946246199838,-0.12151349563793001,355552843,57.656000000000006
CUS-006056,3,Active Growth SMB,1.3035768544524544,-0.5165187499942253,429066495,52.5865
CUS-006057,3,Active Growth SMB,0.7224218920609062,0.38094701341996107,257195907,45.0065
CUS-006058,0,Stable Mid-Market,-0.6556044123686817,1.9708073952635208,7770149,36.00150000000001
CUS-006059,2,Stable Mid-Market (Group 3),-1.4497450593070629,-0.4427657864543617,4897342,25.7415
CUS-006060,2,Stable Mid-Market (Group 3),-1.1256669844582496,0.03652154040193469,4606395,28.0555
CUS-006061,3,Active Growth SMB,-0.12260843707349307,-1.0806610368466036,19376936,56.09700000000001
CUS-006062,2,Stable Mid-Market (Group 3),-1.1722415229338252,-0.07302194140910162,20490177,24.167
CUS-006063,1,Enterprise Champions,2.681320444156298,-0.3558568212698582,635732220,64.262
CUS-006064,2,Stable Mid-Market (Group 3),-1.0631417248853383,0.23825158244851768,16334587,24.645000000000003
CUS-006065,2,Stable Mid-Market (Group 3),-1.8900793721298599,-0.3660683361053133,3933645,7.552
CUS-006066,3,Active Growth SMB,-0.45193333204962427,-0.6211511452209018,4357906,47.349
CUS-006067,2,Stable Mid-Market (Group 3),-1.0084406373765609,-0.4025734534503246,10059295,34.938
CUS-006068,3,Active Growth SMB,1.3834067574913829,0.10249364603803371,102238425,53.5415
CUS-006069,2,Stable Mid-Market (Group 3),-1.029683366775625,-0.4106294838447229,2834865,29.1885
CUS-006070,1,Enterprise Champions,4.117350784824531,0.22129402517981933,817745713,63.9055
CUS-006071,2,Stable Mid-Market (Group 3),-1.381872954570084,-1.4677555601781305,1203821,29.521
CUS-006072,3,Active Growth SMB,0.6054830055730845,-0.06193458576773285,109000434,50.9545
CUS-006073,3,Active Growth SMB,0.6839590607876248,-0.42530080307652535,315290058,44.48049999999999
CUS-006074,1,Enterprise Champions,3.4203338867531663,-0.49774229150140786,980134555,63.9375
CUS-006075,2,Stable Mid-Market (Group 3),-1.4491515057854172,-2.608079021812586,1223709,31.758
CUS-006076,3,Active Growth SMB,-0.7509160521712457,0.2773201731070519,19363789,37.813500000000005
CUS-006077,3,Active Growth SMB,-0.7126668334140664,-0.2307258861504837,2999237,40.983
CUS-006078,3,Active Growth SMB,-0.2863687504178632,0.28671090329211846,9759707,46.4585
CUS-006079,3,Active Growth SMB,1.2690276829715306,-0.905119510959397,455379235,53.185500000000005
CUS-006080,3,Active Growth SMB,-0.3528043429460437,0.24168355897738078,2095731,47.7595
CUS-006081,3,Active Growth SMB,1.3883683115729608,0.12013474100504311,277022138,53.2145
CUS-006082,3,Active Growth SMB,0.5922349013807959,-0.7204783874450258,275615947,53.496
CUS-006083,3,Active Growth SMB,-0.12063696424414291,0.6764970288312157,9487326,48.877
CUS-006084,0,Stable Mid-Market,0.39378681344629013,1.3895068425156756,220927517,36.408
CUS-006085,3,Active Growth SMB,0.3415073953971643,-0.27685325928869936,159613255,49.872
CUS-006086,2,Stable Mid-Market (Group 3),-1.5754579547978327,-0.9035084138899243,879872,23.626
CUS-006087,2,Stable Mid-Market (Group 3),-0.9596924747925893,0.0004987859724991141,12930423,34.6045
CUS-006088,3,Active Growth SMB,0.0538568462773583,-0.48296414945534494,51510536,45.031000000000006
CUS-006089,2,Stable Mid-Market (Group 3),-0.771781998205512,-1.1476880203517745,20177590,42.471
CUS-006090,2,Stable Mid-Market (Group 3),-2.0765321706719853,-0.9533080873293789,678803,8.836
CUS-006091,3,Active Growth SMB,0.5098983807487347,0.24116557117577903,163039784,43.9995
CUS-006092,3,Active Growth SMB,1.3733828250541251,-0.17184153018763418,270193661,52.1365
CUS-006093,0,Stable Mid-Market,-0.2271363849886946,1.309977515474606,19266173,44.9405
CUS-006094,2,Stable Mid-Market (Group 3),-0.898409439925219,-0.5566157242879842,12601031,34.8905
CUS-006095,3,Active Growth SMB,-0.2983731659292541,0.12093124926793529,4988707,46.2005
CUS-006096,2,Stable Mid-Market (Group 3),-0.8823636310900083,-0.976353761409159,3438189,38.866
CUS-006097,1,Enterprise Champions,3.234479397049961,-0.27999351312696796,849667635,61.6145
CUS-006098,3,Active Growth SMB,-0.2538836618812249,0.4747539151257662,9151155,51.6065
CUS-006099,2,Stable Mid-Market (Group 3),-0.5452857293624223,-0.8780872767072498,8604649,45.950500000000005
CUS-006100,1,Enterprise Champions,2.690947396234634,-0.2782963469405717,585453888,63.498
CUS-006101,2,Stable Mid-Market (Group 3),-0.9222598183081424,-0.5411563289237532,13083351,33.2275
CUS-006102,1,Enterprise Champions,1.916206654363081,-0.1558609354992106,454203193,58.054
CUS-006103,2,Stable Mid-Market (Group 3),-1.7832484729512694,0.024109693252411135,2809785,14.063999999999998
CUS-006104,0,Stable Mid-Market,-1.2320532136354945,1.0801645542685077,3168722,18.8815
CUS-006105,3,Active Growth SMB,0.028499288507982647,0.3166872905855208,21816696,53.091
CUS-006106,2,Stable Mid-Market (Group 3),-0.8089652943489511,-0.23902388082898593,522418,40.527
CUS-006107,2,Stable Mid-Market (Group 3),-1.7370047648547122,-0.7295893263297972,3189547,14.468000000000002
CUS-006108,1,Enterprise Champions,3.3389801482579613,-0.03652821060619247,577444941,75.967
CUS-006109,2,Stable Mid-Market (Group 3),-1.5200325557170513,-1.5179445665022433,3751677,27.1535
CUS-006110,3,Active Growth SMB,-0.30202607737343923,0.5700776572520088,17821497,46.596500000000006
CUS-006111,3,Active Growth SMB,1.4949748452939915,0.5889409457442687,233957283,53.8625
CUS-006112,3,Active Growth SMB,0.164379331669789,1.3469606298715036,16795229,50.917
CUS-006113,1,Enterprise Champions,2.914393157371536,0.6612021742161903,868648082,54.9465
CUS-006114,2,Stable Mid-Market (Group 3),-1.4626933605631234,-0.9497865843794199,4026450,24.56750000000001
CUS-006115,2,Stable Mid-Market (Group 3),-1.6294850172712727,0.2795445229138366,18026063,13.142
CUS-006116,3,Active Growth SMB,0.5452232225717268,1.866531075516982,1840330,61.1405
CUS-006117,0,Stable Mid-Market,-0.28918004777942097,1.0261026745884594,14398724,38.8905
CUS-006118,3,Active Growth SMB,1.1617812556664961,-0.3457851834425109,110432752,55.296
CUS-006119,2,Stable Mid-Market (Group 3),-1.2033874476739028,-0.0017791556688513792,3149243,30.5605
CUS-006120,3,Active Growth SMB,1.4076170229044922,0.2420197016361142,199871505,53.51350000000001
CUS-006121,1,Enterprise Champions,1.7094208958334738,0.16316621222298494,664911789,37.541
CUS-006122,2,Stable Mid-Market (Group 3),-1.25964795630327,-1.6809461082793122,15441477,32.386
CUS-006123,0,Stable Mid-Market,-0.7666433622929765,0.3963530668363422,11458832,33.563
CUS-006124,0,Stable Mid-Market,-0.45297897974088397,0.9651462169713655,15981566,39.0295
CUS-006125,1,Enterprise Champions,3.9938602064874313,-0.5481713434735282,899098260,80.11249999999998
CUS-006126,2,Stable Mid-Market (Group 3),-0.9005434300719474,-1.3014835146131105,6269322,42.2595
CUS-006127,1,Enterprise Champions,1.965077222794046,0.26131418229882,224423755,65.44400000000002
CUS-006128,3,Active Growth SMB,0.5034782358936718,-0.0623312399110543,57076767,50.346500000000006
CUS-006129,2,Stable Mid-Market (Group 3),-1.4106694569943345,-0.12382857782583849,20623531,18.777
CUS-006130,1,Enterprise Champions,2.994446105032731,-0.657321690623395,895610542,64.838
CUS-006131,3,Active Growth SMB,-0.7614904776883666,0.19927121635140563,6099359,35.0855
CUS-006132,0,Stable Mid-Market,-0.9499335047333463,1.2005050767352197,5102264,30.789
CUS-006133,0,Stable Mid-Market,-1.1431348037897642,1.2254307518430196,3578203,30.147
CUS-006134,3,Active Growth SMB,0.7077108842023719,-0.4302013563484579,453643497,44.26649999999999
CUS-006135,3,Active Growth SMB,-0.3078270990728583,0.6418811339516974,10298550,49.3165
CUS-006136,1,Enterprise Champions,3.4957696039659822,0.06436695739223697,758976427,64.04899999999999
CUS-006137,0,Stable Mid-Market,-1.1788996922550692,0.8652968941314482,3200165,27.168
CUS-006138,1,Enterprise Champions,3.1665793531293613,-0.37399390326199616,720398164,57.4575
CUS-006139,1,Enterprise Champions,1.4303912252801352,-0.7073725464344292,440124553,51.054
CUS-006140,3,Active Growth SMB,-0.5943098267483967,0.24461937738954334,15488156,38.949
CUS-006141,1,Enterprise Champions,1.8093353844996396,-0.7401938486569155,614891870,51.7025
CUS-006142,3,Active Growth SMB,0.9706759345742088,-0.014489033317854972,125109846,56.169
CUS-006143,1,Enterprise Champions,1.4551650191722465,-1.3369223075402261,606028868,52.565
CUS-006144,3,Active Growth SMB,0.2984715628477968,-0.027440193281403222,20321444,53.97
CUS-006145,2,Stable Mid-Market (Group 3),-1.0672613928884318,0.1691678612768041,7627427,32.435
CUS-006146,3,Active Growth SMB,-0.3022321551696707,0.6757691910947177,24511010,41.5275
CUS-006147,0,Stable Mid-Market,-1.510640992423761,1.6901156513929925,867224,18.6485
CUS-006148,3,Active Growth SMB,-0.5962995194002733,-0.18256045830566406,6909056,40.658
CUS-006149,0,Stable Mid-Market,-1.4431223309811105,1.7058013710977158,4136013,15.004
CUS-006150,0,Stable Mid-Market,-0.8661332877485571,1.857365619925016,3449935,36.3635
CUS-006151,2,Stable Mid-Market (Group 3),-1.9806743212073596,-1.044553790924615,2710785,11.0445
CUS-006152,2,Stable Mid-Market (Group 3),-1.4496568812713027,-1.354422612652642,2246773,27.725500000000004
CUS-006153,2,Stable Mid-Market (Group 3),-1.1554177426377017,-0.6314138904921759,14819577,31.370500000000003
CUS-006154,2,Stable Mid-Market (Group 3),-1.082491897189432,-0.701100857640282,5784802,35.090500000000006
CUS-006155,3,Active Growth SMB,-0.5509605208554601,-0.09265674667314922,8158898,45.6795
CUS-006156,3,Active Growth SMB,1.2994351919871796,-0.10339553312612942,165266347,59.5585
CUS-006157,3,Active Growth SMB,-0.3258272605884516,-0.255604508358795,8927743,49.5305
CUS-006158,1,Enterprise Champions,3.510792538282724,-0.2444132767497231,730338315,65.8615
CUS-006159,3,Active Growth SMB,0.7462656098254435,0.9538580013290457,81305661,56.6245
CUS-006160,0,Stable Mid-Market,-1.4043246127819955,0.46103647740390324,4605330,20.809
CUS-006161,0,Stable Mid-Market,-0.8813237748784676,0.8893612384800662,15584246,33.271
CUS-006162,2,Stable Mid-Market (Group 3),-0.8693165939887229,0.05098389368752752,13264214,32.4225
CUS-006163,2,Stable Mid-Market (Group 3),-0.553707814010327,-1.2524806769903272,18316516,46.62650000000001
CUS-006164,0,Stable Mid-Market,-0.6327346225729429,2.9747284537673604,16321818,32.304
CUS-006165,2,Stable Mid-Market (Group 3),-1.2037813503979249,-0.9164872565446104,1119088,32.68
CUS-006166,3,Active Growth SMB,-0.31330214217625535,-0.29880921050368736,3247775,49.447
CUS-006167,3,Active Growth SMB,-0.48342261795568553,0.17030816487751005,14690686,43.682500000000005
CUS-006168,0,Stable Mid-Market,-0.9598407698529736,2.268710739808501,3940151,28.5235
CUS-006169,0,Stable Mid-Market,-0.6690155892869409,0.5136408867120207,16241928,39.319500000000005
CUS-006170,3,Active Growth SMB,-0.3900730635187612,0.6655932041605164,23612484,41.9225
CUS-006171,2,Stable Mid-Market (Group 3),-1.0998505406513532,-0.2867591423303362,3843016,32.29599999999999
CUS-006172,0,Stable Mid-Market,-1.25927701417417,0.3134153901754913,21362150,23.223000000000003
CUS-006173,2,Stable Mid-Market (Group 3),-1.3826713371715882,-0.2055392492488035,12887910,22.4405
CUS-006174,2,Stable Mid-Market (Group 3),-1.301327115402879,0.20235970139443835,13516914,20.6595
CUS-006175,3,Active Growth SMB,-0.39733324557030913,-0.19164452802169946,14320962,47.9135
CUS-006176,0,Stable Mid-Market,-0.7782853483695179,0.5206753572745686,1144494,37.133
CUS-006177,0,Stable Mid-Market,-1.5506275785930699,0.9557731897276168,3739500,14.848999999999998
CUS-006178,3,Active Growth SMB,-0.1907037950197815,0.44349674649190224,3403951,46.05800000000001
CUS-006179,0,Stable Mid-Market,-0.39461800858477,1.3798414317379912,24776719,41.222
CUS-006180,3,Active Growth SMB,0.5120408972206585,0.7061346424698328,24445349,58.4345
CUS-006181,1,Enterprise Champions,2.8474345726868973,-0.7406212355839027,766956447,63.249
CUS-006182,3,Active Growth SMB,-0.7150435100260398,0.36202389793265777,2627626,38.226
CUS-006183,2,Stable Mid-Market (Group 3),-1.441578817760959,0.097491416757626,3379989,23.4935
CUS-006184,2,Stable Mid-Market (Group 3),-1.1418744415351656,-0.07837229760689521,7847075,30.0725
CUS-006185,1,Enterprise Champions,2.284222636866643,1.1418406089950799,481737689,58.862
CUS-006186,3,Active Growth SMB,-0.7505776719612833,0.04074777542821339,3247774,37.531
CUS-006187,0,Stable Mid-Market,-1.7865987223831592,0.8330055870163996,4084094,11.4445
CUS-006188,3,Active Growth SMB,1.4658179088729248,-0.238763846734855,131423229,64.047
CUS-006189,0,Stable Mid-Market,-0.6167864504164801,0.6521873575629116,13669796,38.986
CUS-006190,2,Stable Mid-Market (Group 3),-1.2362378444121607,-0.2732955026740823,5133834,28.3165
CUS-006191,2,Stable Mid-Market (Group 3),-1.2759625351697153,-0.27346934328556294,1112428,29.449
CUS-006192,3,Active Growth SMB,0.5044400305584944,-0.28092016873888886,23384044,51.1815
CUS-006193,1,Enterprise Champions,2.532251592838317,-0.05501668861505887,832287529,52.166
CUS-006194,2,Stable Mid-Market (Group 3),-1.4291300859463671,-1.0550833155635182,9964782,27.628500000000003
CUS-006195,1,Enterprise Champions,2.4903867796063635,-0.07621161460382264,427953285,59.625
CUS-006196,2,Stable Mid-Market (Group 3),-1.0898901140158066,-0.4975126334920764,17793664,32.529
CUS-006197,2,Stable Mid-Market (Group 3),-0.5160915482068488,-0.9914280578356417,4527905,47.6615
CUS-006198,1,Enterprise Champions,2.0135527051662097,-0.5736621636963606,555768911,57.4975
CUS-006199,2,Stable Mid-Market (Group 3),-0.7404350300785891,-1.0613319907685996,15014677,43.2715
CUS-006200,0,Stable Mid-Market,-0.7163311846810992,1.7167797622614414,4340037,33.667500000000004
CUS-006201,3,Active Growth SMB,0.2675581213744173,-0.5638712709777592,9438644,64.9305
CUS-006202,0,Stable Mid-Market,-0.6918440559829424,0.3676199805332957,18412538,32.918000000000006
CUS-006203,0,Stable Mid-Market,-0.40210565435812057,2.4584055658064283,12546052,36.821
CUS-006204,1,Enterprise Champions,1.815486902277072,0.13429408693257228,520356226,48.4775
CUS-006205,1,Enterprise Champions,3.732353648392512,-0.36455907536061033,763019229,76.542
CUS-006206,3,Active Growth SMB,-0.01142102393533868,0.5546706568476499,13804431,48.37199999999999
CUS-006207,0,Stable Mid-Market,-0.43196156606715663,1.0690279751182716,7629767,44.19200000000001
CUS-006208,2,Stable Mid-Market (Group 3),-1.1424779252659423,-0.9667393583682415,22473054,34.028499999999994
CUS-006209,1,Enterprise Champions,1.5806823181285294,-0.6007735257640807,757258809,40.1195
CUS-006210,0,Stable Mid-Market,-1.178663487982974,2.692629840374166,811174,23.2535
CUS-006211,3,Active Growth SMB,0.6049915934511187,0.21737858608633945,191806889,43.936
CUS-006212,2,Stable Mid-Market (Group 3),-0.784040904895918,-1.068538238651736,3504458,40.682500000000005
CUS-006213,3,Active Growth SMB,-0.48560189630845385,0.20662187606591265,24622549,41.6365
CUS-006214,2,Stable Mid-Market (Group 3),-1.1544263816120417,-1.694858044044696,4628734,36.068
CUS-006215,1,Enterprise Champions,1.9478195517711212,-0.41279734879294216,465650580,68.396
CUS-006216,1,Enterprise Champions,5.333882493207869,0.2930086084711384,985423066,76.61
CUS-006217,0,Stable Mid-Market,-0.5674160229680788,0.8385416444994922,18213355,43.64150000000001
CUS-006218,0,Stable Mid-Market,-0.43919167429820904,0.6468370944335763,11774556,37.3265
CUS-006219,1,Enterprise Champions,2.083848737021641,0.1632933027133005,487685397,55.011
CUS-006220,2,Stable Mid-Market (Group 3),-0.4199643543929034,-1.0934739335101225,16000563,48.14
CUS-006221,3,Active Growth SMB,0.3180828445399723,0.4235182311043025,8285462,54.9315
CUS-006222,1,Enterprise Champions,2.5752549883909843,-0.1633076294712911,577930560,55.16
CUS-006223,2,Stable Mid-Market (Group 3),-0.8430817626101208,-0.3540907202549499,11611839,35.4185
CUS-006224,1,Enterprise Champions,3.23060311887378,-0.665021957206253,967312882,57.2015
CUS-006225,2,Stable Mid-Market (Group 3),-0.8393198899870403,-0.10897864947274435,17313781,34.927
CUS-006226,3,Active Growth SMB,0.8507011830834534,0.07379469176308827,56346375,60.4095
CUS-006227,0,Stable Mid-Market,-0.8259234396480923,0.3611941862373386,4694994,30.058000000000003
CUS-006228,2,Stable Mid-Market (Group 3),-1.2163972958287275,-0.6827506737934523,16447987,29.7455
CUS-006229,2,Stable Mid-Market (Group 3),-1.55592208798735,-1.0355629552550176,18210759,17.389
CUS-006230,2,Stable Mid-Market (Group 3),-1.0747651552654165,0.28014660207559583,14216979,19.567500000000003
CUS-006231,2,Stable Mid-Market (Group 3),-0.5401669627142356,-0.9942186933038379,2827228,49.3355
CUS-006232,3,Active Growth SMB,-0.18119970093511825,0.4329057153981299,16313913,45.60300000000001
CUS-006233,0,Stable Mid-Market,-0.7153858032341434,0.750687649172532,4128539,44.9825
CUS-006234,1,Enterprise Champions,3.1538573694483487,-0.13795367895757904,753717797,64.066
CUS-006235,3,Active Growth SMB,-0.5159368474532395,0.07447833420345064,5336958,39.278
CUS-006236,1,Enterprise Champions,4.214709848111584,0.17393152336901427,918000356,69.98250000000002
CUS-006237,3,Active Growth SMB,-0.49905120514506063,0.5259813768467743,5777465,43.3535
CUS-006238,3,Active Growth SMB,0.27740976127313227,0.32850151920381304,20736413,58.758
CUS-006239,2,Stable Mid-Market (Group 3),-1.6658166500778346,-1.1927643567977564,4186207,20.3675
CUS-006240,0,Stable Mid-Market,-0.45929260857883436,0.9349600911570699,14134920,39.12650000000001
CUS-006241,2,Stable Mid-Market (Group 3),-1.3759971049591477,-1.618957675982077,13859825,28.496
CUS-006242,3,Active Growth SMB,0.2782504239979673,-0.4597586482333801,119253123,40.6735
CUS-006243,1,Enterprise Champions,1.6710488991551757,-0.8050565572930293,442233387,61.889
CUS-006244,3,Active Growth SMB,-0.4247034914590858,-0.36826199587304254,2394975,53.7905
CUS-006245,1,Enterprise Champions,2.8317289780739463,-0.15731511736992895,705387720,60.894
CUS-006246,3,Active Growth SMB,0.6778351250513486,0.29466076335275304,105957705,56.25149999999999
CUS-006247,0,Stable Mid-Market,-0.4060574232530821,1.6345793514288982,2339628,44.656000000000006
CUS-006248,2,Stable Mid-Market (Group 3),-1.2112771069725898,-0.10761063556535658,1989084,28.582000000000004
CUS-006249,0,Stable Mid-Market,-0.0762145633964482,4.408477672774881,19642631,42.3515
CUS-006250,2,Stable Mid-Market (Group 3),-0.879843981051765,-1.6805491118193316,8508692,43.054
CUS-006251,2,Stable Mid-Market (Group 3),-1.282545439434963,-0.6276643568428758,337867,30.381
CUS-006252,1,Enterprise Champions,2.7204407735280913,-0.2910722041949217,804206155,57.93
CUS-006253,3,Active Growth SMB,0.2425817107541022,0.33148552445379637,24182068,51.391000000000005
CUS-006254,2,Stable Mid-Market (Group 3),-1.1996525828970168,-0.29622985245949796,8726047,28.229
CUS-006255,0,Stable Mid-Market,-0.9363398328191894,1.2354942824900836,1328671,34.4995
CUS-006256,2,Stable Mid-Market (Group 3),-1.4724453945842362,-0.2536872640440915,1163776,22.8125
CUS-006257,2,Stable Mid-Market (Group 3),-0.282729810608948,-1.388712077106589,21572496,54.2115
CUS-006258,1,Enterprise Champions,2.490725102102044,-0.6393738496601136,636696309,67.0325
CUS-006259,3,Active Growth SMB,-0.30885406126277654,0.3415227511520276,10411587,44.236
CUS-006260,1,Enterprise Champions,3.3931395552358317,-0.31469513797609017,986878114,71.25500000000001
CUS-006261,3,Active Growth SMB,-0.10505630462883588,0.08513597823497425,1375805,53.1835
CUS-006262,1,Enterprise Champions,1.893896723736463,0.0849577192187722,719643072,40.1485
CUS-006263,3,Active Growth SMB,1.287169437718714,-0.870950053193802,344405735,60.795
CUS-006264,2,Stable Mid-Market (Group 3),-1.495000205528204,-2.127013658049743,4716540,28.095
CUS-006265,0,Stable Mid-Market,-1.077119854332607,1.7306520754409103,21681974,18.8725
CUS-006266,2,Stable Mid-Market (Group 3),-1.4554914078303567,-2.0493143030438885,956600,29.441
CUS-006267,1,Enterprise Champions,1.9957466789294007,0.13340453715870218,400429084,59.52250000000001
CUS-006268,2,Stable Mid-Market (Group 3),-1.3148591920522306,-0.6645201679661307,4636776,27.617
CUS-006269,1,Enterprise Champions,1.7303078788347768,-0.015085677580084661,678672817,49.465
CUS-006270,3,Active Growth SMB,0.5936745628347418,-1.2373068596344354,113264729,63.3205
CUS-006271,2,Stable Mid-Market (Group 3),-1.965116272358522,-0.3620350129963116,4142517,8.141999999999998
CUS-006272,1,Enterprise Champions,2.5678291739952863,-0.4901256375273313,538659628,62.249
CUS-006273,3,Active Growth SMB,-0.14298368671598116,-0.6693680725956845,4793087,52.76100000000001
CUS-006274,1,Enterprise Champions,1.8480210000398964,0.908665981134578,393882231,49.508500000000005
CUS-006275,1,Enterprise Champions,3.985638488278035,-0.0017558643775181359,855972510,72.028
CUS-006276,0,Stable Mid-Market,-0.992270678549514,1.9639492768525626,4835970,26.704
CUS-006277,3,Active Growth SMB,0.4191169792252176,-0.7801375425769698,396783184,38.6135
CUS-006278,2,Stable Mid-Market (Group 3),-0.8609105800513234,-0.22998802249108158,18449638,33.8405
CUS-006279,0,Stable Mid-Market,-1.0270368622644834,3.779688522677203,881481,24.2595
CUS-006280,1,Enterprise Champions,1.7274090488843945,-0.739528939322533,623522382,52.2705
CUS-006281,2,Stable Mid-Market (Group 3),-1.3036370204799055,-0.019581125714337375,2309255,27.8235
CUS-006282,1,Enterprise Champions,2.871849164915576,-0.4253336308735807,821530282,54.379000000000005
CUS-006283,0,Stable Mid-Market,-0.9885850890551553,0.6693929175422486,19397615,28.1095
CUS-006284,2,Stable Mid-Market (Group 3),-0.6242278496040249,-0.046570494751610306,37686319,34.0115
CUS-006285,0,Stable Mid-Market,-0.33128245063623984,1.1807499972902125,978189,40.635000000000005
CUS-006286,0,Stable Mid-Market,-0.7855326696008826,0.6770083965958279,17844878,29.799
CUS-006287,2,Stable Mid-Market (Group 3),-1.1301289230345386,-0.7476794421437328,6987769,31.374
CUS-006288,0,Stable Mid-Market,-1.464867970459557,2.3382295609271013,3060559,20.163500000000003
CUS-006289,2,Stable Mid-Market (Group 3),-0.9578288946178583,-0.735682364588611,4520158,34.676
CUS-006290,0,Stable Mid-Market,-1.1514513875516026,0.5418898419526593,680022,33.241
CUS-006291,2,Stable Mid-Market (Group 3),-1.249913685673322,-0.2799957621140542,2755257,28.101
CUS-006292,2,Stable Mid-Market (Group 3),-1.2614276175189425,-0.6053007385237288,4398908,29.786
CUS-006293,0,Stable Mid-Market,-0.6426192114331915,2.4658678845038717,2804828,32.696
CUS-006294,0,Stable Mid-Market,-0.8730964930877048,5.991887533748587,3588432,28.8315
CUS-006295,1,Enterprise Champions,3.837460704107771,0.3735347730327924,772379643,64.3675
CUS-006296,2,Stable Mid-Market (Group 3),-1.32509682292291,-2.8338811796413435,1688972,35.766
CUS-006297,2,Stable Mid-Market (Group 3),-1.572974800576937,-0.4510008311152679,438137,23.4675
CUS-006298,2,Stable Mid-Market (Group 3),-0.8891664372854309,-0.047295256356394165,7587748,29.549
CUS-006299,1,Enterprise Champions,3.311390330647944,0.18740676964853326,554370672,69.61000000000001
CUS-006300,0,Stable Mid-Market,-0.9986948624333757,0.8732043774389378,927392,32.376999999999995
CUS-006301,1,Enterprise Champions,2.776218035460077,-0.5321775197496443,446198787,74.0745
CUS-006302,2,Stable Mid-Market (Group 3),-1.200070067795696,-0.3639201643802056,24227481,22.852000000000004
CUS-006303,3,Active Growth SMB,-0.08928782908709001,0.7960947495033517,14000946,45.9565
CUS-006304,1,Enterprise Champions,2.1319945547630117,-0.003038915646689332,718634957,47.725
CUS-006305,2,Stable Mid-Market (Group 3),-1.1124923304494199,-1.4140340319256066,3743340,37.948
CUS-006306,3,Active Growth SMB,0.35396618031838367,-0.12893030208031628,189253350,44.022000000000006
CUS-006307,3,Active Growth SMB,-0.5363719520612596,-0.2847600493073019,20121875,40.1255
CUS-006308,3,Active Growth SMB,-0.6302990720612002,0.40362176310969455,1528127,44.366
CUS-006309,3,Active Growth SMB,-0.4947678691672294,-0.40278720172027066,5264490,48.739
CUS-006310,2,Stable Mid-Market (Group 3),-1.5334560684873475,-1.4263739520459173,4834195,26.501
CUS-006311,1,Enterprise Champions,3.2077088941281637,-0.0009849429018537537,733213179,57.218
CUS-006312,2,Stable Mid-Market (Group 3),-1.7234357692719358,0.16503325305466246,3979336,12.967
CUS-006313,2,Stable Mid-Market (Group 3),-1.2749614409806944,-2.117844716934681,3801108,34.6085
CUS-006314,1,Enterprise Champions,3.1576107283578168,0.9585700540272116,975868978,45.523
CUS-006315,2,Stable Mid-Market (Group 3),-0.8824353650991594,-0.6304144069662365,7491206,34.343999999999994
CUS-006316,0,Stable Mid-Market,-0.6182250199296684,0.8084893717046505,3285125,30.447000000000003
CUS-006317,2,Stable Mid-Market (Group 3),-1.2340382101195393,-0.5056126943707787,12054615,22.6445
CUS-006318,0,Stable Mid-Market,-1.5374339488697357,0.6803657166576326,4460955,18.947
CUS-006319,2,Stable Mid-Market (Group 3),-1.1634268608766285,-0.7447647799665018,17300777,28.192
CUS-006320,2,Stable Mid-Market (Group 3),-0.9648604552514211,-0.027027561112584822,23883549,26.3195
CUS-006321,1,Enterprise Champions,3.2900424643458153,-0.6975745993925085,892171743,64.75899999999999
CUS-006322,3,Active Growth SMB,-0.08532930053375178,0.47746611868378974,20233344,47.742
CUS-006323,2,Stable Mid-Market (Group 3),-1.9376010701108317,-1.1218589451666132,900444,13.271
CUS-006324,1,Enterprise Champions,2.2443414617421693,0.5486034789508203,356272553,59.476
CUS-006325,3,Active Growth SMB,-0.2615810376585557,-0.32955775748243804,22803342,44.013
CUS-006326,1,Enterprise Champions,3.7100982611205295,-0.3790320888514107,685891384,71.82750000000001
CUS-006327,0,Stable Mid-Market,-1.0782778439872007,0.44867254549247376,4942223,28.7545
CUS-006328,2,Stable Mid-Market (Group 3),-1.2232329973041212,-1.1772903454825059,12666579,30.3775
CUS-006329,3,Active Growth SMB,-0.46746824165174866,-0.6071709809510537,10371986,50.05350000000001
CUS-006330,1,Enterprise Champions,3.6999779555295977,-0.13062464764803566,951045435,67.2825
CUS-006331,0,Stable Mid-Market,-1.2607536292939447,0.5381140041282135,9912834,21.64
CUS-006332,2,Stable Mid-Market (Group 3),-1.630414763873619,-0.9068915311437075,4483490,21.111
CUS-006333,3,Active Growth SMB,-0.4052474429119117,-0.33332770725124367,19561814,49.082
CUS-006334,2,Stable Mid-Market (Group 3),-0.6847779312478814,-0.636891554045765,2689793,37.655
CUS-006335,2,Stable Mid-Market (Group 3),-1.4327450205984396,-0.5693992581344984,2701768,23.177
CUS-006336,3,Active Growth SMB,0.18405560137413335,0.6485594305451349,20022316,46.1005
CUS-006337,0,Stable Mid-Market,-0.886137941273603,0.2886282751146276,5491169,34.8035
CUS-006338,3,Active Growth SMB,-0.42823757844204424,-0.317658327831046,23942777,44.0935
CUS-006339,1,Enterprise Champions,3.261234682247451,0.08027036804662394,801597791,59.355
CUS-006340,0,Stable Mid-Market,-1.6592379186469324,1.098369814294347,1805732,11.3585
CUS-006341,3,Active Growth SMB,-0.8981531027435926,0.2017397362228302,1696930,39.914
CUS-006342,2,Stable Mid-Market (Group 3),-1.4519443851270208,-1.24112711848269,1746423,28.597
CUS-006343,2,Stable Mid-Market (Group 3),-1.7785069271742502,-0.22714533247478172,4513129,12.873000000000005
CUS-006344,3,Active Growth SMB,-0.43766282340771584,-0.23970120789837893,14053068,43.96
CUS-006345,2,Stable Mid-Market (Group 3),-1.113446979215657,-0.4665943497618272,16235737,29.0785
CUS-006346,2,Stable Mid-Market (Group 3),-1.726172927370053,-0.7988469851951284,6812540,15.624500000000005
CUS-006347,0,Stable Mid-Market,-1.3409586478542916,2.13679803978432,4869504,20.0865
CUS-006348,0,Stable Mid-Market,-1.0150346241599562,1.9141343066780157,977742,28.3545
CUS-006349,0,Stable Mid-Market,-1.2958515899337426,0.952537976368132,8116147,20.3205
CUS-006350,0,Stable Mid-Market,-0.7181134167281382,1.9468656639948152,9233885,30.483500000000006
CUS-006351,2,Stable Mid-Market (Group 3),-1.3712733195189457,-1.1041743986429975,272003,30.678500000000003
CUS-006352,2,Stable Mid-Market (Group 3),-1.36472017397546,-1.4758877188864579,1752546,31.065500000000007
CUS-006353,0,Stable Mid-Market,-1.2917410779261436,0.42213161380251013,4780197,26.674000000000003
CUS-006354,3,Active Growth SMB,0.10818522116649619,-0.367371789615187,22765026,57.4305
CUS-006355,1,Enterprise Champions,2.614870696997238,0.00014621624591603386,812023025,53.788
CUS-006356,2,Stable Mid-Market (Group 3),-1.130946232449323,-1.3724825948869461,10891085,34.545
CUS-006357,3,Active Growth SMB,-0.4603766045057752,0.08965984730782721,20373530,46.721500000000006
CUS-006358,2,Stable Mid-Market (Group 3),-1.5708979177007834,-2.7947216094734646,305149,28.763500000000004
CUS-006359,3,Active Growth SMB,0.15842814118169532,-0.32045500710029917,2750440,54.7955
CUS-006360,2,Stable Mid-Market (Group 3),-1.1126062634293152,0.03189310279347669,3213126,27.425
CUS-006361,2,Stable Mid-Market (Group 3),-0.7549372952676106,-2.0314173540191476,21503839,46.568
CUS-006362,0,Stable Mid-Market,-0.8589856492783365,1.250487507544556,18282779,26.006
CUS-006363,0,Stable Mid-Market,-0.4678726449239605,1.5129089080643114,6552867,39.6655
CUS-006364,3,Active Growth SMB,0.7840843550855122,-0.6370650133505873,288975351,54.57899999999999
CUS-006365,2,Stable Mid-Market (Group 3),-1.0090315347012067,-1.1848445873872917,4051193,36.957
CUS-006366,0,Stable Mid-Market,-0.6959282098943855,0.5625821468983948,16886874,38.31700000000001
CUS-006367,0,Stable Mid-Market,-0.5743739607136836,0.8994353738271516,13345211,36.144000000000005
CUS-006368,1,Enterprise Champions,2.326732424359898,-0.6358274097601483,574999486,62.1165
CUS-006369,2,Stable Mid-Market (Group 3),-0.7699811431958841,-1.3810349816177332,11086125,45.931
CUS-006370,2,Stable Mid-Market (Group 3),-0.7209107271296457,-1.3289761693932773,3508949,46.9795
CUS-006371,0,Stable Mid-Market,-0.8123334126682421,1.0924154345248298,1997962,35.2735
CUS-006372,1,Enterprise Champions,2.0188837328262603,0.7570325435993746,351778925,58.583
CUS-006373,2,Stable Mid-Market (Group 3),-1.6258665135444377,-0.4466417498495356,3649947,18.9805
CUS-006374,2,Stable Mid-Market (Group 3),-1.5830399761222131,-1.0579807387841784,2352015,23.041
CUS-006375,2,Stable Mid-Market (Group 3),-1.039016424296629,-0.6446771282964529,10988174,32.3685
CUS-006376,1,Enterprise Champions,2.2503313694933986,-0.4380588748429075,457361098,65.0805
CUS-006377,0,Stable Mid-Market,-1.0907224762858998,1.6460888966676104,2613070,28.8025
CUS-006378,2,Stable Mid-Market (Group 3),-1.4142911876450135,-0.016165963933634567,274987,23.7
CUS-006379,2,Stable Mid-Market (Group 3),-0.6769197470268564,-0.8197476506403679,10947417,41.011
CUS-006380,3,Active Growth SMB,-0.3330460832227556,0.35898009249199353,5670865,48.7895
CUS-006381,2,Stable Mid-Market (Group 3),-1.0386038234141421,-0.42677778150867346,4521128,33.5685
CUS-006382,2,Stable Mid-Market (Group 3),-1.5185657559056696,-2.8030573869522826,515424,30.2595
CUS-006383,2,Stable Mid-Market (Group 3),-0.8910679335866514,-0.01466751689597609,16414233,30.889
CUS-006384,2,Stable Mid-Market (Group 3),-1.4140450983214625,-1.3391507570205192,4812759,28.5325
CUS-006385,3,Active Growth SMB,-0.08440534568843698,-0.5441910669117276,45029736,47.473000000000006
CUS-006386,2,Stable Mid-Market (Group 3),-1.4892804268702822,0.27547479078275017,3833660,16.7905
CUS-006387,1,Enterprise Champions,2.1757445547287295,-0.06943865459467011,642158430,57.67549999999999
CUS-006388,1,Enterprise Champions,4.857851033927621,0.06386582797201916,902665477,80.8485
CUS-006389,2,Stable Mid-Market (Group 3),-1.462778228162421,-1.3091302304281285,3671647,24.797500000000003
CUS-006390,1,Enterprise Champions,2.3437264062400414,-0.5655180205809456,521423395,69.1235
CUS-006391,3,Active Growth SMB,0.7741700254222288,0.8443280063945696,228947608,30.313
CUS-006392,2,Stable Mid-Market (Group 3),-0.8835423819102357,-1.094649939028751,5559947,39.290000000000006
CUS-006393,3,Active Growth SMB,-0.47139915915386815,-0.06715706425197984,22893498,46.915
CUS-006394,1,Enterprise Champions,2.6245395084024348,0.37789178153260683,566231116,65.2775
CUS-006395,2,Stable Mid-Market (Group 3),-0.9401367793970055,-0.5058443798401139,16096396,36.891000000000005
CUS-006396,2,Stable Mid-Market (Group 3),-1.465779116118675,-0.5120237787310368,2070190,24.731
CUS-006397,2,Stable Mid-Market (Group 3),-0.729731704509649,-1.0609547576762095,4216367,47.86599999999999
CUS-006398,1,Enterprise Champions,4.498922595282484,-0.5812136934643504,901778411,82.92699999999999
CUS-006399,3,Active Growth SMB,-0.6253647598300365,-0.3531850743645161,20357430,42.938500000000005
CUS-006400,2,Stable Mid-Market (Group 3),-1.5994581655991569,-1.2678424316826873,1751249,23.849
CUS-006401,1,Enterprise Champions,3.7486829704574753,-0.46915184474014937,970286713,67.997
CUS-006402,1,Enterprise Champions,2.5617199817552465,-0.07063156886654037,580856509,56.9885
CUS-006403,1,Enterprise Champions,3.460720587904601,-0.3320815638978872,772354493,61.87200000000001
CUS-006404,3,Active Growth SMB,-0.5094518338767647,0.15580205779431142,19581358,39.217
CUS-006405,1,Enterprise Champions,1.5829092055091294,-1.2278013059693875,674802333,57.1035
CUS-006406,0,Stable Mid-Market,-1.5471087122705587,0.9688154759734311,3907872,16.3555
CUS-006407,0,Stable Mid-Market,-0.8088934166132108,0.7586798238647838,563403,36.7285
CUS-006408,1,Enterprise Champions,3.5981083679780586,0.24172523294270964,718287484,68.35000000000001
CUS-006409,2,Stable Mid-Market (Group 3),-0.8703126897042016,-0.0708965175339589,22348876,39.042
CUS-006410,3,Active Growth SMB,0.8208871991788083,-0.15831976788427538,86747523,56.208
CUS-006411,2,Stable Mid-Market (Group 3),0.05799633860718485,-0.7965399821618055,330026951,36.959
CUS-006412,2,Stable Mid-Market (Group 3),-1.3966964642933248,-1.049749848358948,4707898,24.7295
CUS-006413,2,Stable Mid-Market (Group 3),-0.7470147458701596,-0.024364910771260104,18042869,37.0515
CUS-006414,2,Stable Mid-Market (Group 3),-1.0700483353262242,-2.4610978209805396,2835602,41.962500000000006
CUS-006415,0,Stable Mid-Market,-0.863976954622129,1.0786108070121116,6636655,30.5165
CUS-006416,1,Enterprise Champions,2.6116185768922646,-0.6411087804549533,613370363,61.509
CUS-006417,2,Stable Mid-Market (Group 3),-1.2161868220959904,-2.4458319096992427,11518847,36.9215
CUS-006418,3,Active Growth SMB,-0.19464267175943306,-0.0108462043645345,199358600,33.643
CUS-006419,2,Stable Mid-Market (Group 3),-1.5327032704662633,-0.32360471766589155,4087550,20.204
CUS-006420,0,Stable Mid-Market,-0.3496356242957457,1.057879682576433,12831445,44.688
CUS-006421,0,Stable Mid-Market,0.018537831884382593,1.661745865271335,2595545,44.0655
CUS-006422,0,Stable Mid-Market,-0.7812934034410056,2.07382751810833,5689773,28.343
CUS-006423,2,Stable Mid-Market (Group 3),-0.7935985133957069,-0.04653908030515173,23201396,34.4555
CUS-006424,2,Stable Mid-Market (Group 3),-1.2078432469836442,-0.7400682230631709,3897589,27.7415
CUS-006425,1,Enterprise Champions,2.192406476642702,-0.2783908988913518,654786797,52.85900000000001
CUS-006426,1,Enterprise Champions,1.7205471878955148,-0.6765766907861842,561662249,55.05049999999999
CUS-006427,3,Active Growth SMB,1.5619919729373117,0.314561691977536,262070176,57.415
CUS-006428,3,Active Growth SMB,0.14053466615274307,0.3534695718931418,11664628,54.090500000000006
CUS-006429,2,Stable Mid-Market (Group 3),-1.1092161611776723,0.06489526528871649,8214158,27.0515
CUS-006430,1,Enterprise Champions,2.3682456376041703,0.5100995814699096,191381078,66.229
CUS-006431,0,Stable Mid-Market,-0.7612577510213685,0.6496104901672847,16474995,29.387
CUS-006432,3,Active Growth SMB,-0.1031093182281713,-0.9654690677869243,12235896,58.5745
CUS-006433,1,Enterprise Champions,1.7711215949660846,0.5342869863534048,438547091,57.1195
CUS-006434,2,Stable Mid-Market (Group 3),-1.4566854365099382,-0.3614347957406479,1336311,23.616
CUS-006435,2,Stable Mid-Market (Group 3),-0.605606718050183,-0.8885185802029997,13661070,45.568
CUS-006436,2,Stable Mid-Market (Group 3),-1.2746111175888892,-1.6139963865596396,24198091,31.175
CUS-006437,3,Active Growth SMB,-0.7322994937313069,0.34612752084967774,12137510,41.0305
CUS-006438,3,Active Growth SMB,-0.23647026526575257,-0.16551521340232797,14143559,47.0175
CUS-006439,0,Stable Mid-Market,-2.1163973925758537,1.0886214445828541,1323831,0.0
CUS-006440,0,Stable Mid-Market,-0.2774351300806431,1.1382630375135068,21698534,39.577
CUS-006441,2,Stable Mid-Market (Group 3),-1.3209864511122162,-1.9432840794411403,20295011,31.3575
CUS-006442,2,Stable Mid-Market (Group 3),-1.1390136856678728,-2.268450301308664,1418187,39.114
CUS-006443,2,Stable Mid-Market (Group 3),-1.0721158973366254,-0.1452028214689756,2021945,29.511000000000003
CUS-006444,2,Stable Mid-Market (Group 3),-0.9756489285290472,-0.9563033531301158,2534841,39.183
CUS-006445,1,Enterprise Champions,1.9349779456486096,-0.8712369523966567,681572230,54.398
CUS-006446,1,Enterprise Champions,3.2880657099502697,0.8293643630523438,522727485,70.168
CUS-006447,2,Stable Mid-Market (Group 3),-0.5622397962548998,-1.0934770206433349,11768878,46.514
CUS-006448,0,Stable Mid-Market,-1.183204599791073,2.4865360469618563,5215399,17.2375
CUS-006449,3,Active Growth SMB,-0.5205415780804247,-0.2234601362222076,15954510,43.482
CUS-006450,0,Stable Mid-Market,-1.0256472494024669,2.766920666821088,810021,29.6005
CUS-006451,2,Stable Mid-Market (Group 3),-0.6880447604400135,-0.40518294920545844,17321233,40.637
CUS-006452,3,Active Growth SMB,-0.4074856519034513,0.41707333712008865,24118383,41.456500000000005
CUS-006453,2,Stable Mid-Market (Group 3),-1.4484417929415039,-0.919087492308079,22634794,22.986000000000004
CUS-006454,3,Active Growth SMB,0.368330396083342,-1.2891336977189505,164562981,52.85
CUS-006455,0,Stable Mid-Market,-0.6427599532295872,1.359790559814909,6257565,35.4695
CUS-006456,0,Stable Mid-Market,-0.9403004908077239,1.9010365516818337,1468048,32.3655
CUS-006457,3,Active Growth SMB,-0.5656212247706467,-0.37273842368836324,4525826,43.714
CUS-006458,0,Stable Mid-Market,-0.7741333424161948,4.276396321049037,2706474,29.815500000000004
CUS-006459,3,Active Growth SMB,-0.6404700527886164,-0.12330446600705738,22596974,40.252
CUS-006460,3,Active Growth SMB,-0.6681490822077761,0.4805902844432101,392829,43.1015
CUS-006461,1,Enterprise Champions,2.5884095507030844,0.05751119043057411,593535197,64.55349999999999
CUS-006462,0,Stable Mid-Market,-1.3171456208798549,0.38773860229939106,3984577,22.341
CUS-006463,2,Stable Mid-Market (Group 3),-1.7324461518460685,-2.769008410563521,754366,24.0785
CUS-006464,1,Enterprise Champions,2.2004148866969526,0.051458650682939026,772602807,50.0555
CUS-006465,2,Stable Mid-Market (Group 3),-1.1397109802318017,0.11530184777220794,22525014,22.8315
CUS-006466,2,Stable Mid-Market (Group 3),-1.3365517150305208,-0.22519300797041775,1552230,26.535500000000003
CUS-006467,1,Enterprise Champions,3.0071800888278504,0.5283427712398578,389034421,68.19149999999999
CUS-006468,2,Stable Mid-Market (Group 3),-1.657434161825934,-1.2557875752075096,2865605,21.499
CUS-006469,2,Stable Mid-Market (Group 3),-1.440226362492177,0.15670030455686668,2294934,22.2525
CUS-006470,0,Stable Mid-Market,-1.6540152506679124,2.1692988247354528,766364,13.321
CUS-006471,2,Stable Mid-Market (Group 3),-0.9418473333237124,-0.22972641968395793,2804193,32.5285
CUS-006472,0,Stable Mid-Market,-0.5604384379640363,0.8272156188970702,16481731,31.1175
CUS-006473,2,Stable Mid-Market (Group 3),-1.0929149784324022,0.23706951994752642,2402085,30.5855
CUS-006474,2,Stable Mid-Market (Group 3),-0.97426048781335,-0.6468119660782794,12626602,36.676
CUS-006475,1,Enterprise Champions,1.6912137161553842,0.3590784206708419,193683431,58.656000000000006
CUS-006476,3,Active Growth SMB,0.7249157646503489,-0.061643131669770264,147075751,46.7585
CUS-006477,2,Stable Mid-Market (Group 3),-1.0945813721885398,-0.34947013954609657,1394714,30.891500000000004
CUS-006478,3,Active Growth SMB,-0.4823108905154861,-0.4202934902229725,15452736,45.63249999999999
CUS-006479,1,Enterprise Champions,1.4195142873032776,-0.6444939046800429,510411786,47.19799999999999
CUS-006480,0,Stable Mid-Market,-0.8843715086149697,0.6226170768159505,3091299,32.2465
CUS-006481,2,Stable Mid-Market (Group 3),-1.2903846847967155,-0.5719758273549957,4587608,27.9585
CUS-006482,2,Stable Mid-Market (Group 3),-1.0292679239526252,-0.8393336782870565,10237196,31.356
CUS-006483,0,Stable Mid-Market,-0.6912886659074907,1.8809564500932427,1927699,35.692499999999995
CUS-006484,0,Stable Mid-Market,-0.8264584417888904,0.8476427671812312,3659125,32.8095
CUS-006485,2,Stable Mid-Market (Group 3),-1.9315170298548567,-0.23803698833702638,2495370,9.692
CUS-006486,0,Stable Mid-Market,-1.1659512606777527,1.1106241816008056,3880325,25.108500000000003
CUS-006487,1,Enterprise Champions,4.314565706463075,-0.40435844740726473,948738712,81.017
CUS-006488,2,Stable Mid-Market (Group 3),-0.839281483607729,-1.5573756080898902,4738058,44.433
CUS-006489,1,Enterprise Champions,3.268343404919417,0.12593467668146183,674966449,66.5405
CUS-006490,0,Stable Mid-Market,-0.38411351232763435,1.7097103468038723,4964862,37.656000000000006
CUS-006491,1,Enterprise Champions,3.9451663342172845,-0.1909560831216399,847585506,71.7975
CUS-006492,2,Stable Mid-Market (Group 3),-1.0630961576885447,-0.1908905985823323,10022103,30.5245
CUS-006493,2,Stable Mid-Market (Group 3),-1.238561891718723,0.2682285930081774,4717186,28.651
CUS-006494,3,Active Growth SMB,0.23334226711425796,-0.2878981332524362,438726123,28.976000000000003
CUS-006495,0,Stable Mid-Market,-1.0509572962283065,0.5061420693568598,1466486,30.8025
CUS-006496,3,Active Growth SMB,0.2212895471834949,0.7951564658904857,157966815,47.2475
CUS-006497,0,Stable Mid-Market,-1.518453639990918,1.2372314401929687,5512390,16.151
CUS-006498,0,Stable Mid-Market,-0.0910322334297726,1.4350666940003693,18679336,44.8115
CUS-006499,2,Stable Mid-Market (Group 3),-1.1079218244765547,-0.9708667961897686,10909873,29.2225
CUS-006500,3,Active Growth SMB,-0.49983271609795416,-0.1136076148970411,11005619,45.94
CUS-006501,2,Stable Mid-Market (Group 3),-1.3391856609508126,-1.1217330354527584,4936916,29.989500000000003
CUS-006502,3,Active Growth SMB,-0.0028712217155753127,-0.10824467746143646,5405038,50.459500000000006
CUS-006503,0,Stable Mid-Market,0.4622621540492894,2.132539041458084,7892265,56.93600000000001
CUS-006504,2,Stable Mid-Market (Group 3),-1.6292016374384453,-2.7854672515140684,1939617,26.983
CUS-006505,2,Stable Mid-Market (Group 3),-0.9145690984522441,-0.28326318972516806,4015691,38.5205
CUS-006506,3,Active Growth SMB,0.6700881211114808,-0.7295579816349984,346074435,46.39149999999999
CUS-006507,0,Stable Mid-Market,-1.272040971946714,0.5690229459313543,1892041,25.6255
CUS-006508,3,Active Growth SMB,1.2139810061627598,-0.5690869912726,426438599,52.7335
CUS-006509,3,Active Growth SMB,-0.5145126571722207,-0.2632627718201622,12056911,43.0885
CUS-006510,2,Stable Mid-Market (Group 3),-0.9236661218606707,-1.0561787514295182,16082042,37.3325
CUS-006511,2,Stable Mid-Market (Group 3),-1.4286971447590566,-0.5043229071385856,3948256,22.055
CUS-006512,1,Enterprise Champions,3.3732188228082336,0.5001041986463864,840247241,63.077
CUS-006513,1,Enterprise Champions,1.9702582551152208,0.27587706072347673,261293956,65.408
CUS-006514,2,Stable Mid-Market (Group 3),-1.9276397976250492,-2.0346668160996906,2430049,15.671500000000002
CUS-006515,1,Enterprise Champions,1.988591102858009,-0.34132579013661846,645231571,48.926
CUS-006516,3,Active Growth SMB,-0.6448715477434247,0.4193017722738068,17834121,40.298
CUS-006517,2,Stable Mid-Market (Group 3),-0.8870329727267928,-0.650418937785732,624750,41.645
CUS-006518,0,Stable Mid-Market,-0.722738668408667,0.48601463348769525,3933355,36.0625
CUS-006519,1,Enterprise Champions,1.7073922510498616,0.5089411431887718,424533443,48.92450000000001
CUS-006520,2,Stable Mid-Market (Group 3),-0.5516201667961242,-0.717353901513823,22966157,40.6825
CUS-006521,2,Stable Mid-Market (Group 3),-1.12877290493093,-0.6251002069982821,3112547,33.6845
CUS-006522,2,Stable Mid-Market (Group 3),-1.3290215994363177,-2.393954458162934,15239293,33.1545
CUS-006523,1,Enterprise Champions,2.772014584549792,-0.2008201535349558,586614205,60.41
CUS-006524,2,Stable Mid-Market (Group 3),-0.34303897142911965,-1.260818495976446,141600092,43.122
CUS-006525,3,Active Growth SMB,-0.44041455999346907,-0.2680448955464523,2754131,47.7895
CUS-006526,2,Stable Mid-Market (Group 3),-1.2299929707334565,-1.3769446578800257,2271878,34.0195
CUS-006527,2,Stable Mid-Market (Group 3),-1.1212814814658942,-1.5111759181217406,11359188,35.894000000000005
CUS-006528,3,Active Growth SMB,0.05845353355597483,-0.07368919234055417,75718452,45.471
CUS-006529,2,Stable Mid-Market (Group 3),-1.1462816904406985,-0.4211109711219442,8635158,27.4735
CUS-006530,3,Active Growth SMB,0.5939182346939981,-0.18143018972397423,32581946,49.86
CUS-006531,1,Enterprise Champions,3.2783933516818995,-0.365469098595045,816450200,63.3545
CUS-006532,2,Stable Mid-Market (Group 3),-1.7977110454701313,-2.260738753114889,1671500,20.4395
CUS-006533,2,Stable Mid-Market (Group 3),-1.1665744187928002,-1.9243072268538952,3964068,37.37
CUS-006534,3,Active Growth SMB,1.5765725363290568,-0.23884117913154163,194884664,66.953
CUS-006535,3,Active Growth SMB,-0.5465085747541817,0.37023441572148247,15759420,43.4005
CUS-006536,3,Active Growth SMB,1.3080521189508358,-0.483500944956451,364089637,52.691500000000005
CUS-006537,1,Enterprise Champions,3.7505197152858893,-0.24665729894513247,781112271,71.8515
CUS-006538,3,Active Growth SMB,0.061605281652321514,0.7245790786219749,20309140,50.2285
CUS-006539,2,Stable Mid-Market (Group 3),-0.8860266152843322,-0.7138217300580778,9855292,37.0705
CUS-006540,2,Stable Mid-Market (Group 3),-1.4685394322734462,0.05511514772424161,4110947,18.365
CUS-006541,2,Stable Mid-Market (Group 3),-1.3782450339268377,-1.725967345652286,1532346,30.486
CUS-006542,1,Enterprise Champions,1.8096301673487538,0.13022295295672096,217894883,62.503
CUS-006543,2,Stable Mid-Market (Group 3),-0.8345898085399001,-1.8285008085182581,2275292,44.501
CUS-006544,3,Active Growth SMB,-0.5869630007654545,-0.1250092609185183,23002351,39.60850000000001
CUS-006545,1,Enterprise Champions,3.6088735246122186,-0.25455863064016443,865555700,64.1235
CUS-006546,0,Stable Mid-Market,-1.425950614485587,1.3036319024270393,4330200,21.86
CUS-006547,1,Enterprise Champions,1.5600737118825083,-0.17129274101405764,342390375,58.605500000000006
CUS-006548,2,Stable Mid-Market (Group 3),-1.1024715576403297,-0.8772700948760975,2546447,34.549
CUS-006549,3,Active Growth SMB,-0.4506934970181402,-0.13126482804256154,2051669,44.727
CUS-006550,1,Enterprise Champions,2.155074831880403,-0.5824424001904671,734060198,57.664
CUS-006551,0,Stable Mid-Market,-0.6714361726069931,2.2200613430141525,4806334,40.859
CUS-006552,1,Enterprise Champions,4.654862174666323,0.2642732285555796,953855956,76.44749999999999
CUS-006553,0,Stable Mid-Market,-0.6123826402543059,1.322354384371316,2239685,36.73950000000001
CUS-006554,1,Enterprise Champions,3.449635855244575,-0.15825543074737294,752791008,71.189
CUS-006555,2,Stable Mid-Market (Group 3),-0.1544711850719304,-1.1162062228816796,286933734,41.2465
CUS-006556,2,Stable Mid-Market (Group 3),-0.7388701071319358,-0.26709418900171755,5640869,40.252
CUS-006557,3,Active Growth SMB,-0.708378800815223,-0.22138804646910745,1604095,43.233
CUS-006558,3,Active Growth SMB,0.9575978993114459,-0.39483199203847946,242776747,53.194500000000005
CUS-006559,0,Stable Mid-Market,-1.710609753119865,0.41397873087639825,4360445,13.599
CUS-006560,3,Active Growth SMB,1.30315945224755,-0.8615491038706949,320414803,60.259
CUS-006561,2,Stable Mid-Market (Group 3),-0.8486688886512441,0.21830696696175686,20847858,29.308
CUS-006562,3,Active Growth SMB,0.23464648168395152,0.27843570770260895,21941269,51.74750000000001
CUS-006563,3,Active Growth SMB,0.7276842242557339,1.4050788491701545,189323150,45.794
CUS-006564,0,Stable Mid-Market,-1.1451037418637435,1.3973090466175881,1394172,26.416
CUS-006565,3,Active Growth SMB,0.18991241909458276,0.7101206451548483,22165447,53.776
CUS-006566,2,Stable Mid-Market (Group 3),-1.0571613341156227,-0.8782812709894725,8410302,34.702
CUS-006567,3,Active Growth SMB,-0.4120918681022173,0.6317929548566641,19256186,39.0545
CUS-006568,2,Stable Mid-Market (Group 3),-1.0114651229021008,-1.4358163204365126,8778607,37.749
CUS-006569,2,Stable Mid-Market (Group 3),-0.5864607421631596,-0.6442524964992228,15229902,43.0615
CUS-006570,0,Stable Mid-Market,-1.497873042124346,0.45427398234342775,357735,19.723000000000003
CUS-006571,3,Active Growth SMB,0.5080361689728203,0.0047390135800097506,24948314,63.584
CUS-006572,0,Stable Mid-Market,-1.1849248431039516,0.5727433669423998,4582555,23.9375
CUS-006573,3,Active Growth SMB,0.45698796865009694,-0.3555706703193278,24009310,68.985
CUS-006574,0,Stable Mid-Market,-0.8402396120813284,1.0261979821362996,22934063,27.4435
CUS-006575,3,Active Growth SMB,0.24381341018900268,0.053956153803166367,5878836,64.00450000000001
CUS-006576,3,Active Growth SMB,-0.021557696362706772,0.12980787562247106,18144152,51.8855
CUS-006577,0,Stable Mid-Market,-0.6792961075660389,0.49095342385399676,10238646,31.750000000000004
CUS-006578,2,Stable Mid-Market (Group 3),-1.3194882832071138,-0.8219205706465964,4954953,28.850000000000005
CUS-006579,0,Stable Mid-Market,-1.0052304567001982,3.0666965416403897,3588853,29.223
CUS-006580,2,Stable Mid-Market (Group 3),-1.060132970182632,-0.3259064289468108,4382572,36.5355
CUS-006581,2,Stable Mid-Market (Group 3),-1.4575259285364357,-0.7436779427141041,3439885,23.9645
CUS-006582,3,Active Growth SMB,-0.7354100612405601,0.3335262896747022,3464827,42.794
CUS-006583,0,Stable Mid-Market,-0.9525036393968782,0.3229829557386051,2542106,35.465500000000006
CUS-006584,3,Active Growth SMB,0.3452912201011857,-0.604069818612722,323261419,41.9265
CUS-006585,3,Active Growth SMB,-0.1339301490794367,-3.552938431435967e-05,11925248,43.448
CUS-006586,1,Enterprise Champions,1.9881241270288184,-0.9136151301917306,465296575,68.83850000000001
CUS-006587,0,Stable Mid-Market,-0.3669288911115574,0.9913616172173247,86759487,36.98100000000001
CUS-006588,2,Stable Mid-Market (Group 3),-1.536137769530279,-1.139776771267609,3830217,24.528
CUS-006589,0,Stable Mid-Market,-1.0699613375368762,0.631054207542473,4745874,32.331500000000005
CUS-006590,3,Active Growth SMB,-0.47456874171339924,-0.7804736844547996,7461442,49.085
CUS-006591,1,Enterprise Champions,1.6232322921465832,-0.39768469316497795,487103255,53.3825
CUS-006592,2,Stable Mid-Market (Group 3),-0.7692602913157515,-1.375260445337091,11615812,42.932
CUS-006593,0,Stable Mid-Market,0.20971769463129278,1.9223545206062351,9477156,49.12700000000001
CUS-006594,2,Stable Mid-Market (Group 3),-0.9786459629562462,-1.3063886950336585,4900124,40.7715
CUS-006595,2,Stable Mid-Market (Group 3),-1.3823021915134341,-1.8851276280440326,1966498,31.629
CUS-006596,2,Stable Mid-Market (Group 3),-0.9804199911907928,-0.9403790365417531,9726558,35.554500000000004
CUS-006597,1,Enterprise Champions,3.7843469916378645,-0.6378189076248137,993785365,71.288
CUS-006598,1,Enterprise Champions,3.5780409295898714,-0.4348345242855367,960152341,69.2855
CUS-006599,1,Enterprise Champions,4.112072416218646,-0.06547135958078397,920737622,71.42
CUS-006600,2,Stable Mid-Market (Group 3),-0.9634630238327984,-0.6087063577157855,18840769,33.83
CUS-006601,3,Active Growth SMB,1.3843221829005847,0.386697449468555,441873497,49.2365
CUS-006602,1,Enterprise Champions,2.396942814892042,0.09917499168480752,755704458,52.3635
CUS-006603,1,Enterprise Champions,2.9389154883028374,-0.5862901199069064,957754108,60.402
CUS-006604,3,Active Growth SMB,1.0821280822482913,-0.613740992344216,143268786,59.42
CUS-006605,0,Stable Mid-Market,-1.2847443824838456,1.0080824235605086,4346095,22.117500000000003
CUS-006606,1,Enterprise Champions,2.416906577570488,-0.08321070518686721,624586540,65.4065
CUS-006607,0,Stable Mid-Market,-1.5457450714142529,1.1877760292193051,2133975,14.2015
CUS-006608,1,Enterprise Champions,3.4200856250814846,-0.3691077175204527,867876194,64.9135
CUS-006609,3,Active Growth SMB,-0.031999317739355056,0.0192740172092138,42530819,44.212500000000006
CUS-006610,1,Enterprise Champions,2.6554575093233943,-0.5521309707795788,380365415,77.016
CUS-006611,0,Stable Mid-Market,-1.5819828250048569,2.099205234834573,3801229,15.367
CUS-006612,3,Active Growth SMB,0.10653034972877122,-0.6130384854477573,261826391,40.075
CUS-006613,2,Stable Mid-Market (Group 3),-1.038765068744443,-0.03311074603244817,24170138,29.6235
CUS-006614,1,Enterprise Champions,2.139399146075044,0.08014326175786347,488821021,55.409000000000006
CUS-006615,0,Stable Mid-Market,-1.2312522171254539,0.5244321879126076,1197769,26.974
CUS-006616,1,Enterprise Champions,4.343776263393806,-0.7203795282070082,819675226,86.86449999999999
CUS-006617,3,Active Growth SMB,0.3438936341238141,1.3219922299737075,16971677,52.8055
CUS-006618,2,Stable Mid-Market (Group 3),-1.5622361338434914,-0.2604520378087167,3480137,20.1545
CUS-006619,1,Enterprise Champions,2.1268280548476524,-0.6008206600212845,364005362,72.622
CUS-006620,1,Enterprise Champions,2.5456010939859444,-0.6779799379728202,759409147,58.1055
CUS-006621,0,Stable Mid-Market,-1.0328762346382196,0.6858040050726598,975915,33.447
CUS-006622,3,Active Growth SMB,1.2195980549558338,-0.15219429780792187,227449194,52.317
CUS-006623,3,Active Growth SMB,1.0034345518299073,-0.1378621344730203,92709861,63.5615
CUS-006624,0,Stable Mid-Market,-0.6779236105329095,1.928701968728398,13842542,37.05650000000001
CUS-006625,1,Enterprise Champions,3.173370161727852,-1.0929768810981881,726978086,79.3755
CUS-006626,0,Stable Mid-Market,-1.0076167828973936,2.316799649292411,2475302,27.097
CUS-006627,3,Active Growth SMB,-0.4483837672403922,-0.3771791511809019,10292936,46.6665
CUS-006628,2,Stable Mid-Market (Group 3),-1.3041337034817488,0.16385807630453528,17192971,20.5475
CUS-006629,3,Active Growth SMB,0.7760005571030089,-0.019069837158498353,423786941,39.075500000000005
CUS-006630,2,Stable Mid-Market (Group 3),-1.1278286808550897,0.06848868115776122,4048823,24.5575
CUS-006631,2,Stable Mid-Market (Group 3),-0.8350245437922574,-0.3846734200420483,16302171,39.384
CUS-006632,2,Stable Mid-Market (Group 3),-0.40755725969809614,-0.5909734914009629,74640135,37.194500000000005
CUS-006633,3,Active Growth SMB,-0.5318566323148644,-0.5637517004132467,4974749,45.6505
CUS-006634,0,Stable Mid-Market,-0.7590190833193015,1.614388171016852,14349668,25.4
CUS-006635,2,Stable Mid-Market (Group 3),-0.8470545309587572,-1.364275631197206,644217,44.33
CUS-006636,1,Enterprise Champions,3.909615687650151,0.22368244925072833,837072233,59.499
CUS-006637,1,Enterprise Champions,4.655603362276236,0.31451329346564183,750392991,76.6115
CUS-006638,0,Stable Mid-Market,-1.7954803738499525,0.7969311694689452,2893142,9.979
CUS-006639,2,Stable Mid-Market (Group 3),-1.4413175042727486,-1.968589012759243,640241,30.2525
CUS-006640,3,Active Growth SMB,-0.7356746916285221,0.11366889768913532,16123959,39.12650000000001
CUS-006641,2,Stable Mid-Market (Group 3),-0.42580922397626436,-1.1864685319394004,36613941,48.6725
CUS-006642,2,Stable Mid-Market (Group 3),-1.336704231614393,-1.3217114775904102,3543546,30.157
CUS-006643,1,Enterprise Champions,1.1264668257306527,-0.48714057242000103,882673167,36.06099999999999
CUS-006644,3,Active Growth SMB,-0.2784814321712945,0.7220094734410747,10774394,45.527
CUS-006645,2,Stable Mid-Market (Group 3),-0.8007222617827152,-1.1816469119736557,17695945,39.997
CUS-006646,3,Active Growth SMB,-0.12455027194312444,-0.5964248311336121,106809592,43.908
CUS-006647,1,Enterprise Champions,2.1704099770633656,0.09112716964425017,385226218,71.303
CUS-006648,1,Enterprise Champions,2.9413432398528925,0.4274461071434479,373257469,64.571
CUS-006649,2,Stable Mid-Market (Group 3),-1.2358859546305148,-0.4908174680980857,2783000,32.073
CUS-006650,2,Stable Mid-Market (Group 3),-0.8677724833107879,-0.35342126022651366,21542141,33.161
CUS-006651,3,Active Growth SMB,0.01768711505938283,0.002320903451124852,10339932,49.8515
CUS-006652,2,Stable Mid-Market (Group 3),-1.3950387287373751,-0.32970173950161713,2929006,27.1185
CUS-006653,2,Stable Mid-Market (Group 3),-0.6105575755364258,-0.74978800439529,2632748,46.2505
CUS-006654,2,Stable Mid-Market (Group 3),-0.4568475089458316,-1.0982139383579461,22948226,48.1045
CUS-006655,3,Active Growth SMB,-0.562708829809272,0.525543480378028,7362347,40.145
CUS-006656,3,Active Growth SMB,-0.5914429044998175,-0.1886499975589937,7046431,40.81999999999999
CUS-006657,3,Active Growth SMB,-0.6548316265047265,0.27919572025734357,15087155,39.5375
CUS-006658,2,Stable Mid-Market (Group 3),-1.3301524949258579,-0.5169237615024233,1017899,25.949
CUS-006659,2,Stable Mid-Market (Group 3),-1.720579007175614,-1.0860803065648528,4819302,17.107999999999997
CUS-006660,3,Active Growth SMB,-0.41822182345352144,0.39783839435510715,14527156,45.678
CUS-006661,0,Stable Mid-Market,-0.5034918355700996,1.4919958060698846,20527793,39.6175
CUS-006662,2,Stable Mid-Market (Group 3),-0.9706146841533819,-0.4711758062144111,2458935,38.6215
CUS-006663,1,Enterprise Champions,2.3226365335039025,-0.13814202416905486,623219951,60.413
CUS-006664,3,Active Growth SMB,-0.3958794899179007,0.23495419593764524,2227830,49.035
CUS-006665,1,Enterprise Champions,2.065978655897524,0.6407402711389154,539183890,44.734
CUS-006666,0,Stable Mid-Market,-0.9696376175385589,3.0719255281933937,2894536,27.905
CUS-006667,2,Stable Mid-Market (Group 3),-1.7847132362501106,-0.6822576108795964,2529917,13.748
CUS-006668,3,Active Growth SMB,-0.548882073115944,-0.27106650305735297,6129558,44.557
CUS-006669,1,Enterprise Champions,2.109328666609781,-0.4610681306017187,650544737,58.17
CUS-006670,2,Stable Mid-Market (Group 3),-0.8498260903346186,-0.49035250343829123,3236454,40.165
CUS-006671,2,Stable Mid-Market (Group 3),-0.6637935283710165,-0.41338418916314573,5720372,39.224
CUS-006672,2,Stable Mid-Market (Group 3),-0.9536156252807716,-1.9236176322280822,10926392,40.741
CUS-006673,3,Active Growth SMB,-0.2669370288799819,-0.04222417138653838,11607776,49.8765
CUS-006674,2,Stable Mid-Market (Group 3),-1.1603942518707056,-0.9279740364777691,4328618,29.321
CUS-006675,2,Stable Mid-Market (Group 3),-1.3947742115539867,-1.322408039411057,5128249,27.256
CUS-006676,1,Enterprise Champions,1.7709252060090943,-0.3041650491471846,472995694,58.943000000000005
CUS-006677,0,Stable Mid-Market,-0.012264556122461225,1.3745631606213513,4470454,51.548
CUS-006678,0,Stable Mid-Market,-0.9144005160163592,0.8030480341300097,4083502,27.7085
CUS-006679,1,Enterprise Champions,2.1712501902129038,0.35223311279964137,434355842,49.905
CUS-006680,0,Stable Mid-Market,-0.9690655155841573,1.0543881898512732,2651932,26.415500000000005
CUS-006681,3,Active Growth SMB,-0.5001264823914395,0.3306939535005303,16025666,38.63
CUS-006682,0,Stable Mid-Market,-1.1840920562238675,2.0124769435101415,2772259,25.0375
CUS-006683,3,Active Growth SMB,-0.45475974617859216,0.031209975433098582,16171942,45.0855
CUS-006684,2,Stable Mid-Market (Group 3),-1.0515157772300818,-0.27156267714030335,2992347,29.6715
CUS-006685,3,Active Growth SMB,1.4478097190548416,0.009036367737669396,364473455,53.03
CUS-006686,2,Stable Mid-Market (Group 3),-0.9132951137142034,-1.3066341409595839,18917830,38.692
CUS-006687,3,Active Growth SMB,-0.7951419848470525,0.11660803064133722,4749999,40.4875
CUS-006688,2,Stable Mid-Market (Group 3),-1.4654251483235614,0.15257114846002337,3874970,21.4575
CUS-006689,0,Stable Mid-Market,-0.6801964551988553,2.599861287946354,5239291,33.067
CUS-006690,2,Stable Mid-Market (Group 3),-0.365404298496321,-1.2683769407470478,7314251,52.641
CUS-006691,2,Stable Mid-Market (Group 3),-0.9972187493885346,-0.06329602472489042,17360427,28.145
CUS-006692,1,Enterprise Champions,3.3430851350798103,-0.8238298602615763,720657316,81.2645
CUS-006693,2,Stable Mid-Market (Group 3),-1.4244130234912011,-0.44698710472317515,3967725,26.529
CUS-006694,2,Stable Mid-Market (Group 3),-1.7846426152338337,-1.0399426977750876,4151464,15.816
CUS-006695,0,Stable Mid-Market,-0.5944763602149296,0.7959976088690088,22407235,36.996
CUS-006696,1,Enterprise Champions,2.7286990970044167,0.14154631186977115,474490673,66.5745
CUS-006697,0,Stable Mid-Market,-1.0246750289302833,1.6638235277962254,14022901,21.1415
CUS-006698,3,Active Growth SMB,0.8060412884723276,0.791825342478486,214256854,60.127
CUS-006699,0,Stable Mid-Market,-0.18836784450681654,1.200537375158861,879281,46.099
CUS-006700,2,Stable Mid-Market (Group 3),-1.1899923498445988,-0.4080656080679826,10798695,29.7895
CUS-006701,3,Active Growth SMB,0.46194693948851895,-0.8757782674303808,179270206,54.01950000000001
CUS-006702,3,Active Growth SMB,-0.6327568180028179,-0.2365301981953573,15503580,39.42399999999999
CUS-006703,2,Stable Mid-Market (Group 3),-1.1738489032203283,-1.525791531033202,2864914,35.5025
CUS-006704,1,Enterprise Champions,2.374630884395096,0.2678718094020733,574069219,59.538
CUS-006705,3,Active Growth SMB,0.10067432103909374,-0.3121670902226698,20298548,52.067
CUS-006706,2,Stable Mid-Market (Group 3),-0.8977813798219837,-0.34893354704190827,24359886,34.0475
CUS-006707,3,Active Growth SMB,1.3630634797687928,-0.2616088604013722,217218797,61.148
CUS-006708,3,Active Growth SMB,0.256956735925601,-0.3712387396464504,10476320,61.34649999999999
CUS-006709,2,Stable Mid-Market (Group 3),-0.9368541053618693,-1.026074628116836,23052144,35.682
CUS-006710,3,Active Growth SMB,1.0058497538538562,-0.6149895428839104,249114304,55.061
CUS-006711,3,Active Growth SMB,-0.17097919990948568,0.09190128859058197,39077814,41.0805
CUS-006712,0,Stable Mid-Market,-1.2803879907985685,1.04335821210974,922739,19.324
CUS-006713,0,Stable Mid-Market,-1.0265310847312747,0.5338941071987342,19090309,27.682
CUS-006714,0,Stable Mid-Market,-0.9430363716271961,1.1914511085442236,18704535,17.883
CUS-006715,3,Active Growth SMB,0.026723024410202596,0.9516811907243978,23707753,49.064
CUS-006716,0,Stable Mid-Market,-1.2845853643873524,0.9184660080091306,799592,27.104500000000005
CUS-006717,2,Stable Mid-Market (Group 3),-1.347492583990581,-0.2835373645959434,2100691,28.3985
CUS-006718,2,Stable Mid-Market (Group 3),-1.5300349082020004,-0.1462655808207399,1120396,20.819
CUS-006719,2,Stable Mid-Market (Group 3),-0.7318335204497409,-0.2536642873680422,6875431,38.2845
CUS-006720,0,Stable Mid-Market,-1.0704929859551124,0.6809913384552271,14142687,26.075
CUS-006721,2,Stable Mid-Market (Group 3),-0.9543205616201297,0.23839401144348968,17257841,32.3765
CUS-006722,2,Stable Mid-Market (Group 3),-0.7663152116448207,-0.8710539383476736,13823073,41.746
CUS-006723,0,Stable Mid-Market,-0.8001250382880248,0.9162918704759815,17200714,29.502
CUS-006724,3,Active Growth SMB,1.0486889916836308,0.28182487867289435,295318960,46.6205
CUS-006725,0,Stable Mid-Market,-0.746437384670877,0.5632190814510453,13554745,34.4285
CUS-006726,0,Stable Mid-Market,-0.411146681881466,2.7802671801980066,23408949,34.4315
CUS-006727,1,Enterprise Champions,4.664183730004962,-0.4308602438781685,863535983,81.9085
CUS-006728,3,Active Growth SMB,0.4003915127411339,-0.6795448205646301,260407766,40.5365
CUS-006729,0,Stable Mid-Market,-0.610106796985908,1.0963853264215295,4555289,39.2475
CUS-006730,0,Stable Mid-Market,-0.2607293865015114,1.6187263686911515,16575123,42.632
CUS-006731,0,Stable Mid-Market,-1.0923778158348174,1.098954314572219,1146495,30.5
CUS-006732,3,Active Growth SMB,-0.39930123455194133,-0.12380847470200766,5042304,45.937000000000005
CUS-006733,2,Stable Mid-Market (Group 3),-1.499141772460104,-2.43942716093874,2331886,29.5995
CUS-006734,0,Stable Mid-Market,-1.1474027319556186,3.7888730520040954,4001577,25.91
CUS-006735,3,Active Growth SMB,0.6026814728480757,-0.7480225403454424,306086966,52.16
CUS-006736,2,Stable Mid-Market (Group 3),-1.070345429677417,-0.050304240941232016,2841342,33.3895
CUS-006737,1,Enterprise Champions,1.8651787386033365,0.6251748603813003,141304762,55.4015
CUS-006738,0,Stable Mid-Market,-1.063257538123219,1.0946282130275098,10621582,27.657
CUS-006739,2,Stable Mid-Market (Group 3),-1.0116162174444716,-0.3130536413429857,882239,38.0935
CUS-006740,2,Stable Mid-Market (Group 3),-0.7576386062207601,-0.9598111567521509,9122956,38.9995
CUS-006741,3,Active Growth SMB,0.0861055877119626,0.709224122999434,6965620,53.2145
CUS-006742,0,Stable Mid-Market,0.1303750687560921,1.9457775143918676,6012611,50.729
CUS-006743,3,Active Growth SMB,1.1556871324866662,-0.16319461780959907,339127058,42.9795
CUS-006744,1,Enterprise Champions,2.524539161700639,0.4760858964867043,676752245,50.8215
CUS-006745,1,Enterprise Champions,3.4042205636174625,0.6608337339953468,643995061,63.2355
CUS-006746,1,Enterprise Champions,3.335049087062148,-0.475323564116009,696339546,70.4925
CUS-006747,3,Active Growth SMB,-0.3124294430279293,-1.3321786449138904,4360991,54.071
CUS-006748,0,Stable Mid-Market,-0.06767001941207762,1.3786284941480738,22822093,47.188
CUS-006749,0,Stable Mid-Market,-1.3065370330155472,1.3572397195466288,4519751,12.18
CUS-006750,0,Stable Mid-Market,-0.4958518496471097,1.3920681643495014,18675234,32.132000000000005
CUS-006751,3,Active Growth SMB,0.5391563862304241,0.06981677944066354,273114664,43.14500000000001
CUS-006752,1,Enterprise Champions,2.4964816235084015,-0.844241222035575,968623043,56.52600000000001
CUS-006753,0,Stable Mid-Market,-1.0076977187621217,0.9179825758445167,834065,31.975
CUS-006754,0,Stable Mid-Market,-0.5594304591540656,1.7737623126356734,707636,47.3495
CUS-006755,3,Active Growth SMB,-0.18809999579418926,-0.46105138912703203,10196071,49.68600000000001
CUS-006756,1,Enterprise Champions,1.7123520229289488,-0.80423923103709,538959425,54.6815
CUS-006757,2,Stable Mid-Market (Group 3),-1.6008740601117188,-1.2503554394823255,4388878,22.389000000000003
CUS-006758,2,Stable Mid-Market (Group 3),-1.8449364469907972,-0.26402322919665683,2805664,13.187
CUS-006759,2,Stable Mid-Market (Group 3),-1.0368178792339147,-0.5770932096200639,2650659,33.480000000000004
CUS-006760,1,Enterprise Champions,2.2525801740554003,1.6369936323120509,275340232,63.325500000000005
CUS-006761,1,Enterprise Champions,3.247403463970934,-0.701958646018803,677676611,77.6895
CUS-006762,2,Stable Mid-Market (Group 3),-0.7536490325225889,-0.15258358516656537,18003338,37.5035
CUS-006763,2,Stable Mid-Market (Group 3),-1.5115394111917753,-1.8441693608645888,284047,27.1955
CUS-006764,3,Active Growth SMB,0.2218599226341424,0.3439382790965005,19923293,57.1635
CUS-006765,0,Stable Mid-Market,-0.8495666977386123,2.4840576306624786,14174211,24.0295
CUS-006766,3,Active Growth SMB,0.16238386626908702,0.1479942175374614,17125640,55.7645
CUS-006767,2,Stable Mid-Market (Group 3),-1.2198891094266633,-0.6717018992203332,846430,33.98950000000001
CUS-006768,3,Active Growth SMB,-0.5446579558040391,0.37520701353808256,18452030,34.517
CUS-006769,2,Stable Mid-Market (Group 3),-1.398524055014537,-1.2700318604422376,3610923,29.450500000000005
CUS-006770,2,Stable Mid-Market (Group 3),-0.9412906899440892,-1.0898630429485234,6734530,36.2165
CUS-006771,2,Stable Mid-Market (Group 3),-1.2383906914834129,-0.7201721414647925,9807306,29.672000000000004
CUS-006772,0,Stable Mid-Market,-0.9680057232175301,0.635124731897805,19947296,27.469
CUS-006773,0,Stable Mid-Market,-0.9068696619802785,0.9347308716115966,12367115,25.2735
CUS-006774,3,Active Growth SMB,-0.3869247050513446,0.17601961467861107,316981,52.102
CUS-006775,2,Stable Mid-Market (Group 3),-0.8676142575764075,-0.9082284297189986,24858842,40.714000000000006
CUS-006776,2,Stable Mid-Market (Group 3),-1.0323930808722805,-0.6805953314051125,22029430,32.059000000000005
CUS-006777,2,Stable Mid-Market (Group 3),-0.6511672475473835,-1.4206481824214316,19921438,48.2965
CUS-006778,2,Stable Mid-Market (Group 3),-1.1085297833554517,-1.7594036510768538,11991256,38.0275
CUS-006779,2,Stable Mid-Market (Group 3),-0.9972091924018237,-1.368740530055951,14964399,38.0475
CUS-006780,2,Stable Mid-Market (Group 3),-0.9282074784583693,-0.8090477618598414,2529023,40.8415
CUS-006781,2,Stable Mid-Market (Group 3),-0.7519760767430866,-0.6184964758050192,14351772,37.488
CUS-006782,2,Stable Mid-Market (Group 3),-1.3444406987246231,-1.20314322458693,21064876,26.5775
CUS-006783,2,Stable Mid-Market (Group 3),-1.1224287554231576,-0.661552835399883,21496119,32.868
CUS-006784,1,Enterprise Champions,2.8225051435375117,-0.2759063322929187,688601416,71.584
CUS-006785,3,Active Growth SMB,-0.38262593387936655,0.32819823029556483,16019506,44.394000000000005
CUS-006786,0,Stable Mid-Market,-0.11675434361134805,1.6149053972815648,10264059,41.852500000000006
CUS-006787,2,Stable Mid-Market (Group 3),-1.4043952981301913,-1.6943634904004423,10133769,29.114
CUS-006788,2,Stable Mid-Market (Group 3),-1.1603286067386724,-1.1854542023226706,2614683,34.084999999999994
CUS-006789,2,Stable Mid-Market (Group 3),-1.597381112373342,-1.8705021090601106,776178,24.469
CUS-006790,0,Stable Mid-Market,-0.8230083865285641,1.1110139950178304,866080,28.819000000000003
CUS-006791,0,Stable Mid-Market,-0.5747920980183155,1.2141588654586661,6626268,42.855500000000006
CUS-006792,3,Active Growth SMB,0.7522525020806479,-0.44985287084553727,16350697,73.31200000000001
CUS-006793,2,Stable Mid-Market (Group 3),-1.3901940096520984,-1.4249635560339058,1028178,28.065
CUS-006794,0,Stable Mid-Market,-0.6770322175473303,1.0804658000014413,11018583,38.588
CUS-006795,0,Stable Mid-Market,-1.6718491481399302,0.49440357568009036,17174641,8.598500000000001
CUS-006796,2,Stable Mid-Market (Group 3),-0.7622666661354014,-0.09080254377916575,9448339,38.5555
CUS-006797,0,Stable Mid-Market,-1.2367419277180802,0.5712364928758137,3580863,25.182
CUS-006798,2,Stable Mid-Market (Group 3),-0.68648244292373,-1.151880039562384,69030270,37.2585
CUS-006799,2,Stable Mid-Market (Group 3),-1.2295011407541496,-0.5462742380758413,10597478,24.829500000000003
CUS-006800,1,Enterprise Champions,2.4402455862841763,-0.7886897239425804,545555779,66.156
CUS-006801,3,Active Growth SMB,-0.452866330853854,-0.5748650477230846,22907327,42.397
CUS-006802,2,Stable Mid-Market (Group 3),-1.0306207143194388,-0.013626944427978292,8554243,29.624
CUS-006803,2,Stable Mid-Market (Group 3),-1.439982111661186,-1.5804628601844872,10607099,28.6625
CUS-006804,2,Stable Mid-Market (Group 3),-0.7565930748894952,-0.3596582644977636,2949511,37.435
CUS-006805,2,Stable Mid-Market (Group 3),-1.0532545621391882,0.11597379779020482,946496,29.95
CUS-006806,2,Stable Mid-Market (Group 3),-1.6241900882577007,-2.3692359882108343,1765969,26.0415
CUS-006807,2,Stable Mid-Market (Group 3),-1.2322032886437433,-0.44406328469053663,21297092,25.328000000000003
CUS-006808,2,Stable Mid-Market (Group 3),-0.918881270840453,0.23535414926953532,4046273,31.798
CUS-006809,0,Stable Mid-Market,-0.6811826966691237,0.7203995589735337,22970507,34.905
CUS-006810,0,Stable Mid-Market,-1.3581071647181975,1.7661887034652428,3950472,17.185
CUS-006811,2,Stable Mid-Market (Group 3),-0.17690883728800819,-0.5550490874970484,206461305,35.172
CUS-006812,3,Active Growth SMB,-0.47955828144433,0.4700891179888481,12578485,41.1345
CUS-006813,2,Stable Mid-Market (Group 3),-1.2905979645537344,-1.791311739877154,19719855,32.906
CUS-006814,1,Enterprise Champions,1.644304072371543,0.060449212004629,303130326,54.97299999999999
CUS-006815,2,Stable Mid-Market (Group 3),-0.6662711825589264,-1.2519267471037543,9854839,45.9005
CUS-006816,3,Active Growth SMB,0.6043119657463782,-0.1725428918634218,282750747,41.5275
CUS-006817,2,Stable Mid-Market (Group 3),-0.8751096885400115,-0.3296293457935451,23740430,36.594
CUS-006818,1,Enterprise Champions,4.215661993316565,-0.5382611391254744,900878190,78.35300000000001
CUS-006819,1,Enterprise Champions,1.835663304270883,-0.8373116437651837,688669540,51.652
CUS-006820,2,Stable Mid-Market (Group 3),-1.4482963120875487,-0.6912559697357896,2217751,23.2795
CUS-006821,0,Stable Mid-Market,-0.9477353843246219,0.40578698655056256,15329285,30.712
CUS-006822,2,Stable Mid-Market (Group 3),-0.9775367269927249,-0.1533433814970379,2454843,38.546
CUS-006823,2,Stable Mid-Market (Group 3),-1.2566727243087712,-0.004607568930969014,13973918,26.178000000000004
CUS-006824,1,Enterprise Champions,1.9564518509462574,-0.30635010758284714,378084157,64.8655
CUS-006825,0,Stable Mid-Market,-0.4554275441367248,1.7106540438765623,22246505,39.9495
CUS-006826,2,Stable Mid-Market (Group 3),-0.9354697181979242,-0.5174695847774449,21163203,34.926500000000004
CUS-006827,1,Enterprise Champions,2.789849726443184,0.6853529937472235,351299767,68.4025
CUS-006828,2,Stable Mid-Market (Group 3),-1.5191159100022706,-0.2420219253076228,899984,22.4735
CUS-006829,3,Active Growth SMB,0.29963446521609904,0.32076113636703035,4463977,56.69199999999999
CUS-006830,2,Stable Mid-Market (Group 3),-1.6350090245615256,0.02856006391291008,2115561,16.096
CUS-006831,0,Stable Mid-Market,-0.6277096395020267,0.9446537696625349,21544890,29.5675
CUS-006832,2,Stable Mid-Market (Group 3),-1.0235256385596825,-0.6079560984828529,5057093,32.1235
CUS-006833,1,Enterprise Champions,3.752204067883956,0.5724820290034405,641150575,64.1775
CUS-006834,0,Stable Mid-Market,-1.3079289917035772,0.7553777787780416,1974941,21.1815
CUS-006835,0,Stable Mid-Market,-0.45198911343144393,1.4755430105303955,9810683,38.391
CUS-006836,1,Enterprise Champions,2.3955703710451672,-0.6853098067170824,802032798,59.4265
CUS-006837,1,Enterprise Champions,1.458729192433849,-0.7642671596362546,391635166,54.0465
CUS-006838,3,Active Growth SMB,-0.34623538487497135,0.36415698317723216,22159096,44.846
CUS-006839,0,Stable Mid-Market,-0.7196105561105016,0.6617789215139014,354614,43.859
CUS-006840,2,Stable Mid-Market (Group 3),-1.408147053618364,-0.022101199827330043,3303285,23.7095
CUS-006841,2,Stable Mid-Market (Group 3),-0.7764468206994213,-1.0494809759417285,4054672,42.8735
CUS-006842,0,Stable Mid-Market,-0.9899422839073536,0.5322830316323965,3631131,36.319
CUS-006843,0,Stable Mid-Market,-1.5764154176224128,0.365394248306183,1501872,18.975
CUS-006844,3,Active Growth SMB,-0.22367510533273,-0.7400892816984626,10964269,54.8495
CUS-006845,3,Active Growth SMB,0.15364968922291805,0.03130000630017868,22703604,54.849
CUS-006846,1,Enterprise Champions,2.9512726403303087,-0.3646238335441897,625055757,74.1025
CUS-006847,3,Active Growth SMB,1.2066564497486907,-0.5198865468803497,519642007,44.4835
CUS-006848,3,Active Growth SMB,-0.6840755881931454,0.2444224407757077,23441505,33.577
CUS-006849,1,Enterprise Champions,1.6220826519818192,-0.10931991052582804,259992987,55.4985
CUS-006850,2,Stable Mid-Market (Group 3),-0.8838359806935376,0.014071139132274,957712,36.296
CUS-006851,2,Stable Mid-Market (Group 3),-0.752493963263101,-0.39142713604882473,4868390,41.457
CUS-006852,2,Stable Mid-Market (Group 3),-1.3049831008612112,-1.7105843924585327,14591400,30.4035
CUS-006853,3,Active Growth SMB,-0.8835578754858171,0.2329964297329892,2086683,35.317
CUS-006854,0,Stable Mid-Market,-1.3555219842495252,1.0707881841997078,15776293,10.31
CUS-006855,1,Enterprise Champions,3.631070775391379,-0.008951869035098904,706488848,69.982
CUS-006856,3,Active Growth SMB,-0.05288954556159235,0.0988755189724529,3071025,49.843
CUS-006857,1,Enterprise Champions,2.8952256418917757,-0.8323323712707728,792595652,67.6835
CUS-006858,2,Stable Mid-Market (Group 3),-0.7061736403638244,-1.088347142477417,8419381,40.6265
CUS-006859,1,Enterprise Champions,4.604222754340227,-0.2786877663742029,843422435,82.003
CUS-006860,3,Active Growth SMB,0.7213572471628056,-0.07854747652729456,60100206,54.199
CUS-006861,1,Enterprise Champions,4.786138978946735,0.2051272994587906,842739339,72.3035
CUS-006862,0,Stable Mid-Market,-0.15011963332237568,1.0999764153727138,4589342,47.4795
CUS-006863,1,Enterprise Champions,3.9562281813583455,-0.17911461062162579,798298120,82.031
CUS-006864,0,Stable Mid-Market,-1.3258276010946666,0.5863978873111146,5730791,21.157
CUS-006865,0,Stable Mid-Market,-0.959040107407657,1.2261861537996763,14060081,28.2965
CUS-006866,3,Active Growth SMB,-0.6005503195498655,-0.21965592080394167,18193437,39.047
CUS-006867,3,Active Growth SMB,-0.12505592285678568,-0.049052841787206834,23020432,43.4365
CUS-006868,3,Active Growth SMB,-0.2513573390469857,-0.9469415730743928,31528628,49.379000000000005
CUS-006869,2,Stable Mid-Market (Group 3),-1.4129479329964492,-0.018235169672718935,6336022,18.0025
CUS-006870,2,Stable Mid-Market (Group 3),-0.8816698373588947,0.007605896561219819,21974907,24.3015
CUS-006871,2,Stable Mid-Market (Group 3),-0.5967861051003109,-0.8881982646349816,10795520,45.9885
CUS-006872,0,Stable Mid-Market,-0.4757147055745002,1.230371855182365,6050198,42.37949999999999
CUS-006873,2,Stable Mid-Market (Group 3),-0.8948776521849036,-0.4302370089714406,13780161,31.483000000000004
CUS-006874,0,Stable Mid-Market,-1.3172347317824347,1.057380248466745,3845671,19.539
CUS-006875,1,Enterprise Champions,2.870663023284407,-0.7856672020163772,921646640,60.9365
CUS-006876,2,Stable Mid-Market (Group 3),-0.7903604152007012,-1.4075880733740769,20040856,40.3125
CUS-006877,1,Enterprise Champions,3.309909974403552,-0.49059408955285605,793012375,62.4565
CUS-006878,0,Stable Mid-Market,-0.711501229534337,0.3683744285171792,14768315,32.58800000000001
CUS-006879,3,Active Growth SMB,-0.4626373752285962,-0.15027979441243203,11467100,42.878
CUS-006880,1,Enterprise Champions,1.9991756589544296,-0.5184183000752877,297837950,66.8875
CUS-006881,3,Active Growth SMB,1.2394585911734832,0.05978973430650719,389294334,47.4585
CUS-006882,3,Active Growth SMB,-0.3131573835943216,-0.42297841232153977,18840706,49.209
CUS-006883,3,Active Growth SMB,0.017905842785835225,0.30355057383846473,17383634,50.6795
CUS-006884,2,Stable Mid-Market (Group 3),-1.9892074425031772,-0.4006574590946206,4947127,7.56
CUS-006885,0,Stable Mid-Market,-0.26744140922715254,1.390230524824511,2940570,47.76450000000001
CUS-006886,2,Stable Mid-Market (Group 3),-0.8427796561025842,-0.4309619190537523,4051493,43.00749999999999
CUS-006887,2,Stable Mid-Market (Group 3),-0.6332709531346259,-0.8637804581598848,6455541,42.769000000000005
CUS-006888,1,Enterprise Champions,4.255400654810208,-0.3973897537724138,909872755,75.149
CUS-006889,2,Stable Mid-Market (Group 3),-0.5738427802726876,-1.0905853644052075,17000185,47.966
CUS-006890,3,Active Growth SMB,-0.44093966760263137,-0.03806780141289123,5571805,42.075
CUS-006891,2,Stable Mid-Market (Group 3),-1.1497775972040862,-0.9732833819514191,13008745,33.67700000000001
CUS-006892,3,Active Growth SMB,0.1282585017231126,0.8418608543934246,10060430,53.3935
CUS-006893,1,Enterprise Champions,1.52197184662305,-0.07721580687287115,711618673,36.9855
CUS-006894,3,Active Growth SMB,0.6010351614068169,-0.6028478879229379,264250198,43.9515
CUS-006895,1,Enterprise Champions,2.809710322842565,0.16509056682906048,577360164,60.9395
CUS-006896,3,Active Growth SMB,1.4278054735557992,-0.5645579148657925,298579857,54.2415
CUS-006897,0,Stable Mid-Market,-0.9904597575749585,0.3887329499307596,3328458,32.8435
CUS-006898,1,Enterprise Champions,2.039462871012647,-0.17347672154387767,677354982,49.984
CUS-006899,2,Stable Mid-Market (Group 3),-1.0741582475216869,-0.30371780016122174,19316024,32.1425
CUS-006900,2,Stable Mid-Market (Group 3),-1.3219964910512239,-1.6003552191882089,3117486,32.5235
CUS-006901,2,Stable Mid-Market (Group 3),-1.3670999280792058,-0.7357221634544419,15068556,21.7965
CUS-006902,2,Stable Mid-Market (Group 3),-0.9494849121760105,-1.0262973720710196,5054534,39.28150000000001
CUS-006903,2,Stable Mid-Market (Group 3),-0.9980174889987815,-0.4086788681475428,6891912,33.541000000000004
CUS-006904,3,Active Growth SMB,-0.4033216171162575,0.31513066791172434,17894173,42.53450000000001
CUS-006905,2,Stable Mid-Market (Group 3),-0.8696314191425938,-0.9819701349624028,10051901,41.062000000000005
CUS-006906,2,Stable Mid-Market (Group 3),-1.517818047114701,-1.2743970048009134,3465625,24.2815
CUS-006907,0,Stable Mid-Market,-0.8185614953258497,1.1541127479131836,1841217,30.191
CUS-006908,2,Stable Mid-Market (Group 3),-1.5190330005478092,-2.8030411671970565,3849604,30.043
CUS-006909,0,Stable Mid-Market,-0.8079340266044733,0.40653919024640744,4481038,31.533
CUS-006910,2,Stable Mid-Market (Group 3),-0.9991614730937566,-1.1652128233571384,20112941,33.5745
CUS-006911,3,Active Growth SMB,-0.600784731769513,0.7126495253006794,901281,45.620000000000005
CUS-006912,2,Stable Mid-Market (Group 3),-1.0371828135476637,-0.9799476658910389,21430697,32.015
CUS-006913,3,Active Growth SMB,-0.4583903282231639,-0.2079166722188265,19104793,42.881
CUS-006914,2,Stable Mid-Market (Group 3),-1.298143443934337,-1.035242081950947,4440664,27.4375
CUS-006915,3,Active Growth SMB,-0.4773342095807256,-0.8369162276155239,4513862,49.467
CUS-006916,2,Stable Mid-Market (Group 3),-1.1345531386790364,-0.543958523724205,4519117,34.0685
CUS-006917,2,Stable Mid-Market (Group 3),-1.1052322152083418,-0.34082499224211765,10838103,31.923500000000004
CUS-006918,2,Stable Mid-Market (Group 3),-0.8855934535506524,-0.40029371472973696,14379270,35.2525
CUS-006919,0,Stable Mid-Market,-0.883614692923977,0.8007248392829022,7655443,28.3645
CUS-006920,0,Stable Mid-Market,-0.6762370846098955,1.4728489920478158,9515368,32.134
CUS-006921,2,Stable Mid-Market (Group 3),-0.6182291059738517,-0.6153937712367188,4445874,44.422
CUS-006922,3,Active Growth SMB,-0.49220165291207046,0.4514041359998165,4905139,43.9405
CUS-006923,0,Stable Mid-Market,-0.17685543579013802,2.3494049287268224,19040774,47.386
CUS-006924,3,Active Growth SMB,-0.6258925268569702,-0.18569726361117828,10436771,38.6075
CUS-006925,2,Stable Mid-Market (Group 3),-0.6627218784572421,-0.22832320942079734,13693746,36.6405
CUS-006926,1,Enterprise Champions,2.4102587948501464,-0.2503250553788494,381058125,68.184
CUS-006927,1,Enterprise Champions,2.419818870075426,0.4874736350970624,196750063,73.56099999999999
CUS-006928,2,Stable Mid-Market (Group 3),-1.4933318567565381,-0.3685395335255938,4341172,22.4205
CUS-006929,3,Active Growth SMB,-0.2576827952678353,0.045081141291768864,21818211,46.769000000000005
CUS-006930,0,Stable Mid-Market,-1.4150775611419029,1.7909579556077297,4432987,19.058
CUS-006931,3,Active Growth SMB,0.2985501625896859,0.36338602827788213,27446551,56.1865
CUS-006932,2,Stable Mid-Market (Group 3),-1.7180575955385882,-1.5005867931590369,3740915,20.467500000000005
CUS-006933,2,Stable Mid-Market (Group 3),-1.1348897134351215,-0.21558227118735043,4182163,28.976
CUS-006934,2,Stable Mid-Market (Group 3),-0.8406994043649713,-0.6327042606773573,3576624,39.1895
CUS-006935,2,Stable Mid-Market (Group 3),-1.1484102382833925,-0.11527822942567982,21664842,27.071
CUS-006936,2,Stable Mid-Market (Group 3),-1.0768614410260549,0.17677025754562353,908478,32.547000000000004
CUS-006937,3,Active Growth SMB,-0.3840634058882446,-0.28793244725787853,2783322,51.5265
CUS-006938,0,Stable Mid-Market,-0.8686858384090631,0.6412291255421175,4050836,29.853
CUS-006939,1,Enterprise Champions,2.666695762136523,0.08392511246772415,543869038,63.773500000000006
CUS-006940,1,Enterprise Champions,3.6528906216186114,0.7172209868911298,895745492,56.0445
CUS-006941,2,Stable Mid-Market (Group 3),-0.8475640777748963,-1.3678584505162998,1043372,43.703
CUS-006942,3,Active Growth SMB,0.26390142106949993,0.8679013179317785,14183088,52.413
CUS-006943,0,Stable Mid-Market,-1.0400633326492228,0.7408230940397674,18729411,23.631000000000004
CUS-006944,2,Stable Mid-Market (Group 3),-1.1047316314477984,-0.4377888519523319,10348904,30.4645
CUS-006945,2,Stable Mid-Market (Group 3),-1.6934370311157578,-1.274455698121352,5726166,19.7715
CUS-006946,2,Stable Mid-Market (Group 3),-0.7532202624007953,-0.702851738257472,4781005,43.6065
CUS-006947,0,Stable Mid-Market,-0.4645889553389293,1.023848958365352,2127363,43.798
CUS-006948,0,Stable Mid-Market,-1.4800532443324406,0.38505606958913385,1606477,20.3875
CUS-006949,0,Stable Mid-Market,-0.9310268714609221,0.8869115111752122,2757167,35.61750000000001
CUS-006950,2,Stable Mid-Market (Group 3),-1.860693798502335,-0.5419232339008319,796391,14.576
CUS-006951,0,Stable Mid-Market,-0.7188933750246438,2.0503552654501447,16494548,33.380500000000005
CUS-006952,0,Stable Mid-Market,-1.213572260659943,2.7434337860689584,4380645,19.697
CUS-006953,1,Enterprise Champions,2.0725787386235823,-0.07240182720703658,785983991,43.987
CUS-006954,3,Active Growth SMB,-0.6755671245748563,0.2522974325890193,23351224,38.574
CUS-006955,2,Stable Mid-Market (Group 3),-0.7818805294575194,-1.6991028099685463,1686988,47.73350000000001
CUS-006956,2,Stable Mid-Market (Group 3),-1.28624338780367,-0.5672796842422552,7953710,24.3785
CUS-006957,3,Active Growth SMB,-0.38052005827529434,-0.3224507263773497,23424628,44.5005
CUS-006958,3,Active Growth SMB,-0.36500979744912077,-0.26220695277192313,7764985,49.569500000000005
CUS-006959,3,Active Growth SMB,-0.04219732099313077,0.8119711245949182,18378445,44.0835
CUS-006960,0,Stable Mid-Market,-0.19261466159358803,2.8547571897820045,2331597,48.3215
CUS-006961,3,Active Growth SMB,-0.47109258860881287,-0.4446664812340536,11926403,46.2915
CUS-006962,1,Enterprise Champions,2.6230164523672803,-0.1305217286831544,454987043,74.4065
CUS-006963,0,Stable Mid-Market,-0.7626066122673317,1.8994554898384068,24903279,21.2335
CUS-006964,3,Active Growth SMB,-0.21931083076206967,-0.30543267383654926,20359122,49.06
CUS-006965,1,Enterprise Champions,3.8862538507338704,-0.23097723330384154,831479586,74.964
CUS-006966,2,Stable Mid-Market (Group 3),-0.7415208745928724,-1.0982734447016327,24800759,39.3845
CUS-006967,2,Stable Mid-Market (Group 3),-2.129369166991042,-0.7254073025958246,5115927,4.0645
CUS-006968,1,Enterprise Champions,1.7695266488631984,-0.656811401670153,646739680,51.7685
CUS-006969,0,Stable Mid-Market,-0.6599818525852432,1.3709658502292579,6608100,34.913
CUS-006970,3,Active Growth SMB,-0.5315224524135612,0.22958530941846908,6660547,42.529500000000006
CUS-006971,2,Stable Mid-Market (Group 3),-1.3743777476444916,0.1402417862743496,2857426,22.982
CUS-006972,0,Stable Mid-Market,-0.3205542278916925,1.2586413552948545,15418399,41.203500000000005
CUS-006973,3,Active Growth SMB,0.16857686582369502,-0.28733025557596226,183547096,43.7525
CUS-006974,0,Stable Mid-Market,-1.0890357814249936,1.862901833017441,3818081,24.4195
CUS-006975,3,Active Growth SMB,-0.2751926098634683,0.077952694110562,20011579,42.8045
CUS-006976,3,Active Growth SMB,0.856238787896187,-0.5993564007415748,361735331,47.362
CUS-006977,0,Stable Mid-Market,-1.0225569974366169,0.9327002308060846,4639339,34.278000000000006
CUS-006978,1,Enterprise Champions,4.538348097343078,-0.12539043297221647,939062607,75.236
CUS-006979,0,Stable Mid-Market,-1.4922668416741245,0.4044423577490372,3285840,17.3815
CUS-006980,3,Active Growth SMB,-0.5652801116138005,0.055011843228195495,1075459,43.93449999999999
CUS-006981,2,Stable Mid-Market (Group 3),-1.5381831629971159,-1.079486887576571,3707419,24.9755
CUS-006982,0,Stable Mid-Market,-1.7348857237411148,0.9310389639586424,3930988,11.1715
CUS-006983,3,Active Growth SMB,1.1013460488825415,-0.3085043802128237,127338613,60.24550000000001
CUS-006984,3,Active Growth SMB,-0.42364039924323654,-0.33072719914146215,1567192,48.643
CUS-006985,2,Stable Mid-Market (Group 3),-1.1669186508226936,0.19118781638284998,9050247,29.454
CUS-006986,3,Active Growth SMB,-0.2878118827536251,-0.40167073925761776,23511602,53.450500000000005
CUS-006987,2,Stable Mid-Market (Group 3),-1.0328194812280076,-0.24767202598167276,16615961,32.243
CUS-006988,1,Enterprise Champions,2.4550883176950986,-0.08757898246076874,715711908,55.506
CUS-006989,1,Enterprise Champions,5.470729806920105,-0.0972633671517432,810031790,83.9305
CUS-006990,3,Active Growth SMB,-0.4192083648181649,-0.16084318709260384,28563471,37.982
CUS-006991,1,Enterprise Champions,4.149821239262808,0.19111518964651497,828010779,74.6275
CUS-006992,3,Active Growth SMB,0.5162835320319576,0.17202959042102026,159722254,49.641
CUS-006993,0,Stable Mid-Market,-0.8109569160392085,2.1036439953689476,2104292,33.411
CUS-006994,2,Stable Mid-Market (Group 3),-1.1872752395878936,-1.576754492777221,17849372,31.93
CUS-006995,2,Stable Mid-Market (Group 3),-1.571270468485245,-0.37926242004803196,1199042,20.444
CUS-006996,0,Stable Mid-Market,-0.6188648430720792,1.720693208513049,2496820,40.12949999999999
CUS-006997,2,Stable Mid-Market (Group 3),-1.5805236049602378,-2.5925297129383904,737028,28.012000000000004
CUS-006998,3,Active Growth SMB,-0.6257583002642557,-0.28250069399789096,23814731,43.4145
CUS-006999,2,Stable Mid-Market (Group 3),-1.2971070882994882,-0.9122523802520871,1391491,30.009
CUS-007000,0,Stable Mid-Market,-0.9823773766976999,1.3935052652466569,3628985,34.26950000000001
CUS-007001,2,Stable Mid-Market (Group 3),-0.8721289305266855,-1.1529315249674796,2661811,42.77550000000001
CUS-007002,2,Stable Mid-Market (Group 3),-1.013805038355825,-0.271326139404451,1716831,31.79
CUS-007003,0,Stable Mid-Market,0.06787841769396394,1.5646433025523974,11183931,47.2465
CUS-007004,3,Active Growth SMB,-0.356806970532945,0.49133013726801633,22982252,43.8215
CUS-007005,2,Stable Mid-Market (Group 3),-1.3826248631044038,-0.6312011389293274,3413072,28.2345
CUS-007006,2,Stable Mid-Market (Group 3),-0.8947700218447119,-1.5014842312629892,5417401,44.262
CUS-007007,2,Stable Mid-Market (Group 3),-1.454460466153282,-0.18508259732380627,4830867,24.934
CUS-007008,3,Active Growth SMB,0.4101238749002165,0.9494211421062132,86685391,40.011
CUS-007009,3,Active Growth SMB,0.7694802990359191,1.4929740545544636,126928397,55.0425
CUS-007010,2,Stable Mid-Market (Group 3),-0.6920610135963011,-0.17113239239229316,18920606,38.2225
CUS-007011,1,Enterprise Champions,2.3962601443011775,-0.6687361594738874,747857596,58.145
CUS-007012,2,Stable Mid-Market (Group 3),-0.4206544455951026,-1.7450491659501317,3617998,55.613
CUS-007013,3,Active Growth SMB,1.045413824143213,-0.3385388294052972,264101931,58.3795
CUS-007014,2,Stable Mid-Market (Group 3),-0.9423656748990957,-0.4425555936814668,3892179,34.5095
CUS-007015,1,Enterprise Champions,3.024342062600554,-0.43921065753266264,649021165,64.677
CUS-007016,2,Stable Mid-Market (Group 3),-1.0169982628252086,-1.388278367189689,4017266,38.23950000000001
CUS-007017,2,Stable Mid-Market (Group 3),-0.6554116544524988,-0.188615325546354,21222795,38.169
CUS-007018,1,Enterprise Champions,2.5011355180157855,-0.024997309943615577,528873087,58.8565
CUS-007019,1,Enterprise Champions,2.7758654725631033,-0.6316917473654797,771754834,58.4195
CUS-007020,2,Stable Mid-Market (Group 3),-1.5341374004863428,-1.5558781075222887,16790966,23.1215
CUS-007021,2,Stable Mid-Market (Group 3),-1.5805140540143228,-1.2290704758499023,976114,23.714
CUS-007022,2,Stable Mid-Market (Group 3),-1.3345417690993222,-2.037406634011008,4246694,32.3115
CUS-007023,2,Stable Mid-Market (Group 3),-0.7679706265898327,-0.09608817997346103,15178953,33.8145
CUS-007024,0,Stable Mid-Market,-1.0379272153504915,1.6296277173711642,22212026,22.1565
CUS-007025,3,Active Growth SMB,1.2803755617306838,-0.725426137202186,386114049,49.0835
CUS-007026,0,Stable Mid-Market,-0.7192834319468041,0.5476769913707978,14704584,31.2845
CUS-007027,2,Stable Mid-Market (Group 3),-0.5998411781924805,-0.5948447264216659,15707520,43.2595
CUS-007028,1,Enterprise Champions,4.042691634360679,0.12532265541172283,976052262,70.733
CUS-007029,3,Active Growth SMB,-0.526002995274424,-0.062381069303222264,13857815,40.432
CUS-007030,2,Stable Mid-Market (Group 3),-1.2869967522136412,-0.7676218010984257,3245093,31.3205
CUS-007031,3,Active Growth SMB,1.3992087554043124,0.7414972489920514,322788791,49.1985
CUS-007032,1,Enterprise Champions,2.5259619407139313,-0.9371869955090181,772312837,65.5065
CUS-007033,1,Enterprise Champions,2.579249399635958,-0.5967589309500365,618119503,67.25200000000001
CUS-007034,1,Enterprise Champions,3.0815720679361487,-0.13193949056883536,756418572,63.9675
CUS-007035,1,Enterprise Champions,4.194508776065538,-0.5178035534751784,938900913,79.6015
CUS-007036,2,Stable Mid-Market (Group 3),-1.1992598271399537,-1.0085919019763325,7372377,32.7415
CUS-007037,1,Enterprise Champions,3.234208670908159,0.5749484279596079,594603680,63.206
CUS-007038,2,Stable Mid-Market (Group 3),-1.0682558204456678,-0.6435182864088548,4041073,33.6715
CUS-007039,0,Stable Mid-Market,-1.2632353215884966,1.285341523938793,4064388,28.193
CUS-007040,2,Stable Mid-Market (Group 3),-1.4877400027657546,-0.17707284631097875,3575472,20.9465
CUS-007041,3,Active Growth SMB,-0.23769932896574142,-0.6726840492419331,11295352,53.202
CUS-007042,1,Enterprise Champions,4.570855276907312,-0.7124080572368556,932783315,83.1045
CUS-007043,1,Enterprise Champions,3.4744486083423,-0.7743220301838436,761505748,74.81700000000001
CUS-007044,3,Active Growth SMB,-0.1025132883249839,0.11236798186766568,239078442,26.190500000000004
CUS-007045,0,Stable Mid-Market,-1.5359159765726391,0.7829119985938556,578223,13.356000000000002
CUS-007046,0,Stable Mid-Market,-0.7677436139092385,1.1587400209132261,4176406,34.569500000000005
CUS-007047,2,Stable Mid-Market (Group 3),-1.146077597753915,-1.695242823294884,21521828,33.932
CUS-007048,2,Stable Mid-Market (Group 3),-1.1093442770841362,0.006914119371683075,11955666,26.021
CUS-007049,0,Stable Mid-Market,-0.8985495040415595,0.4259359714183908,21324311,31.6365
CUS-007050,2,Stable Mid-Market (Group 3),-0.8968103764296632,-0.7522338262022379,24673816,37.69799999999999
CUS-007051,2,Stable Mid-Market (Group 3),-0.8216699036060581,-0.3125724097159119,2333328,40.338
CUS-007052,3,Active Growth SMB,0.8008756457221372,-1.3717551695868742,396167609,53.738
CUS-007053,2,Stable Mid-Market (Group 3),-1.0845010437323637,-0.5187847969489047,16522724,35.6105
CUS-007054,2,Stable Mid-Market (Group 3),-1.1949668682101655,-0.7601173368463291,20744835,28.77
CUS-007055,3,Active Growth SMB,1.585672139581386,-0.27580128032114315,323685038,62.74000000000001
CUS-007056,2,Stable Mid-Market (Group 3),-0.7411154958463205,-0.6669321501231413,7106853,40.215500000000006
CUS-007057,2,Stable Mid-Market (Group 3),-0.8663584896592905,-0.1175565461295872,1993940,37.277
CUS-007058,1,Enterprise Champions,1.8188720894800428,0.3984657552641212,172944681,57.0195
CUS-007059,0,Stable Mid-Market,-1.1072636775899412,0.6061750032647509,22672516,22.2285
CUS-007060,2,Stable Mid-Market (Group 3),-1.1897728972262724,-1.4559731756222363,4089295,33.653000000000006
CUS-007061,1,Enterprise Champions,2.2612966487549526,-0.08340934776656053,431406063,68.7195
CUS-007062,3,Active Growth SMB,0.7982578339903674,0.3643136066215338,428004181,41.762
CUS-007063,3,Active Growth SMB,0.4091071628894448,0.07900916560723888,22551313,54.801
CUS-007064,1,Enterprise Champions,2.3467736976816034,-0.3144970935626757,481167021,65.2035
CUS-007065,3,Active Growth SMB,0.34753187695571214,0.4614913257565384,23927799,59.655
CUS-007066,2,Stable Mid-Market (Group 3),-1.5088471517747437,-0.7091754003275527,4188000,22.339
CUS-007067,2,Stable Mid-Market (Group 3),-1.1474643752764726,-1.1104182693034035,526994,36.352
CUS-007068,2,Stable Mid-Market (Group 3),-0.8264756883551315,-0.8087285190309873,3429067,44.502
CUS-007069,2,Stable Mid-Market (Group 3),-1.2835891900174787,-0.6617052424916444,8677620,25.7355
CUS-007070,2,Stable Mid-Market (Group 3),-1.0843159849872601,0.06194896598100322,4812436,33.642
CUS-007071,0,Stable Mid-Market,-0.3623611967258122,1.2830116579778936,19839794,39.634
CUS-007072,1,Enterprise Champions,1.842735916258379,-0.39379525051318576,473977970,49.9675
CUS-007073,2,Stable Mid-Market (Group 3),-0.8401350531378192,-0.45221720000344795,11903823,39.765
CUS-007074,0,Stable Mid-Market,-0.2794891199874678,2.1029998818927824,9362399,30.6485
CUS-007075,2,Stable Mid-Market (Group 3),-0.4936097997248796,-1.2190811689366057,4770991,51.5545
CUS-007076,0,Stable Mid-Market,-1.4449654169042894,0.6818364092308642,10763809,15.7535
CUS-007077,3,Active Growth SMB,0.4523874393058158,-0.27061622574112315,95134028,50.9115
CUS-007078,0,Stable Mid-Market,-1.1914691067515222,1.359092621328494,1735917,28.5345
CUS-007079,1,Enterprise Champions,5.10552417631937,0.013576522817225559,946944753,79.237
CUS-007080,0,Stable Mid-Market,-0.7625629398184408,1.2181657191923203,4395942,39.2915
CUS-007081,2,Stable Mid-Market (Group 3),-1.3592140462502154,-0.5994899501044805,4493769,22.719500000000004
CUS-007082,2,Stable Mid-Market (Group 3),-0.9069139466632375,-0.44693308838569856,3077785,35.575
CUS-007083,2,Stable Mid-Market (Group 3),-1.4316108388514845,0.32338352732547665,414739,23.2735
CUS-007084,3,Active Growth SMB,1.0763428363587584,-0.4715201764947255,226952305,59.183
CUS-007085,2,Stable Mid-Market (Group 3),-1.131811216007737,-1.629922386907269,23864555,34.3355
CUS-007086,2,Stable Mid-Market (Group 3),-1.469326759168622,-1.2445214355296228,3640160,26.7505
CUS-007087,0,Stable Mid-Market,-1.1600167015852427,1.053804486563039,1525919,27.160000000000004
CUS-007088,1,Enterprise Champions,1.8799002477758824,-0.15595498665260799,662099513,47.449
CUS-007089,3,Active Growth SMB,1.5613582087654059,0.42624323064542463,132549635,68.78
CUS-007090,2,Stable Mid-Market (Group 3),-0.8661608892120491,-0.3727077962469134,12056416,37.739
CUS-007091,0,Stable Mid-Market,-0.9550723252822791,0.9578774311383358,23298841,31.958
CUS-007092,2,Stable Mid-Market (Group 3),-0.8458793162038554,-0.42757989359030246,23325168,36.901
CUS-007093,0,Stable Mid-Market,-1.0338603776941537,1.2509062282887407,3195008,34.8545
CUS-007094,2,Stable Mid-Market (Group 3),-1.4369022230346284,0.3304481777018486,2414253,21.745500000000003
CUS-007095,0,Stable Mid-Market,-0.14969319846328705,2.5132642253773794,7214861,46.111
CUS-007096,1,Enterprise Champions,1.483487091255611,0.1085532931540383,437488980,56.234
CUS-007097,3,Active Growth SMB,-0.15974650820713326,0.23346802503710903,20042098,43.70700000000001
CUS-007098,3,Active Growth SMB,-0.6267977240439068,-0.14608045254651106,13837109,37.1
CUS-007099,1,Enterprise Champions,2.0328832751658332,-0.07468277778442409,300838691,63.2955
CUS-007100,1,Enterprise Champions,4.680604968635192,-0.44043450695624736,881239563,81.45
CUS-007101,3,Active Growth SMB,-0.3663329943280563,-0.23411885615264053,11596747,44.0375
CUS-007102,1,Enterprise Champions,3.5698516246981,-0.7223850610989748,943497478,70.196
CUS-007103,2,Stable Mid-Market (Group 3),-0.7802199438518045,0.04391965973661291,21910081,34.426
CUS-007104,1,Enterprise Champions,3.1064939694458755,-0.2395379792342138,566711874,76.89099999999999
CUS-007105,1,Enterprise Champions,2.439802383634153,-0.00033121236136299237,467467801,58.55550000000001
CUS-007106,1,Enterprise Champions,2.5468207830875484,-0.19866952904698612,837823443,55.1345
CUS-007107,2,Stable Mid-Market (Group 3),-0.8561378157836143,-0.2716032530942613,23206019,33.906000000000006
CUS-007108,0,Stable Mid-Market,-0.9026309340202148,2.4557940135991267,21860921,32.631
CUS-007109,2,Stable Mid-Market (Group 3),-0.6668444577948806,-1.683322279161754,10783380,49.411
CUS-007110,3,Active Growth SMB,0.12557927751058426,-0.6192890781168521,197247504,42.882
CUS-007111,0,Stable Mid-Market,-0.9623974255127806,0.6822142928885899,3561948,28.392000000000003
CUS-007112,3,Active Growth SMB,-0.1616105076974298,0.8065285331285329,4613597,44.45099999999999
CUS-007113,3,Active Growth SMB,-0.0778456511599142,-0.7664857715790897,7120840,55.12
CUS-007114,2,Stable Mid-Market (Group 3),-0.6487743237815998,-0.4364239351413125,10773011,41.346
CUS-007115,0,Stable Mid-Market,-0.7525412362931996,0.4245555382437224,1802249,38.221
CUS-007116,2,Stable Mid-Market (Group 3),-1.6518173643944587,-0.35674387447504635,1151459,18.0915
CUS-007117,3,Active Growth SMB,-0.4204335769683617,0.28304229835034284,6508914,44.157
CUS-007118,0,Stable Mid-Market,-1.3431849560698585,0.7588831728652953,3238722,18.72
CUS-007119,3,Active Growth SMB,1.2346568754571037,-0.28237332646589036,289398073,54.524
CUS-007120,0,Stable Mid-Market,-1.0749915899858153,0.4980838282805943,8254642,29.741
CUS-007121,2,Stable Mid-Market (Group 3),-0.9887740470510333,-1.1038996777598666,17103259,36.36
CUS-007122,1,Enterprise Champions,4.643525709455778,0.1532904092227917,988995466,77.1505
CUS-007123,2,Stable Mid-Market (Group 3),-1.358194677409855,-0.2998562925567767,4427885,26.9955
CUS-007124,2,Stable Mid-Market (Group 3),-1.5989049249784946,-0.2882893527137345,4763452,20.116
CUS-007125,0,Stable Mid-Market,-0.8941084869176648,0.6337563974469727,3944172,29.188
CUS-007126,2,Stable Mid-Market (Group 3),-1.7590231783915673,-1.8301004630914952,1593220,20.067
CUS-007127,2,Stable Mid-Market (Group 3),-0.8022660674782315,0.08210107270836083,17737031,34.992999999999995
CUS-007128,2,Stable Mid-Market (Group 3),-1.531288489617198,-1.079654980947358,12659515,22.5995
CUS-007129,2,Stable Mid-Market (Group 3),-1.3466737598270933,-0.7040883106423937,1847927,29.543
CUS-007130,2,Stable Mid-Market (Group 3),-0.9162779930374467,0.1275822629354249,5826564,34.609500000000004
CUS-007131,3,Active Growth SMB,-0.6596203705893298,0.010303282386128515,23430760,44.703500000000005
CUS-007132,3,Active Growth SMB,-0.8013922800082199,0.2230818821860063,4434847,37.5295
CUS-007133,1,Enterprise Champions,3.712053577648787,0.23306039111772,704537055,65.607
CUS-007134,2,Stable Mid-Market (Group 3),-0.8109003761157755,0.04725968460227948,24104109,30.1075
CUS-007135,0,Stable Mid-Market,-0.4519527116258017,2.146845325051825,5963994,39.21099999999999
CUS-007136,2,Stable Mid-Market (Group 3),-0.5235074280256802,-1.2624312122135912,13209016,49.1095
CUS-007137,1,Enterprise Champions,3.4542096985305646,-0.21565776141895548,866716192,68.3425
CUS-007138,1,Enterprise Champions,1.570263495326158,0.5055966306612701,495618060,49.7795
CUS-007139,2,Stable Mid-Market (Group 3),-1.4541330868788123,-0.12898414663332922,294381,26.142
CUS-007140,1,Enterprise Champions,2.9367245115036127,0.15593647109476377,728375946,56.2925
CUS-007141,2,Stable Mid-Market (Group 3),-1.0822346165963208,0.08711037628107898,10098211,26.465000000000003
CUS-007142,0,Stable Mid-Market,-1.3827969315545747,0.5191928398850723,808332,26.696
CUS-007143,2,Stable Mid-Market (Group 3),-1.4632388211064955,-0.32018220376702156,3361634,24.144
CUS-007144,1,Enterprise Champions,3.096855965397755,1.0528593580079053,469849777,64.95949999999999
CUS-007145,2,Stable Mid-Market (Group 3),-1.4499211155176606,-0.9049692401738406,1775876,25.638
CUS-007146,2,Stable Mid-Market (Group 3),-1.4917314981388072,-0.6086846281380176,2359807,24.27
CUS-007147,0,Stable Mid-Market,-0.4633367463458214,2.603306140190847,9373711,34.6305
CUS-007148,0,Stable Mid-Market,-0.6396232890175598,1.8279499061111044,3864221,37.2345
CUS-007149,0,Stable Mid-Market,-1.0906282364510582,0.5468829844173901,3190601,32.095
CUS-007150,2,Stable Mid-Market (Group 3),-0.8123742678141719,-1.206474205217754,22586821,42.108
CUS-007151,0,Stable Mid-Market,-0.6917678103890865,2.1622274500761844,2751877,34.558
CUS-007152,0,Stable Mid-Market,-0.6618534141190899,0.7282629172831859,3230717,39.4145
CUS-007153,2,Stable Mid-Market (Group 3),-1.9852979254911767,-0.5829542474976135,1622123,8.566999999999998
CUS-007154,0,Stable Mid-Market,-1.2658355327663768,0.7781825275593485,8944051,21.8465
CUS-007155,0,Stable Mid-Market,-0.8123671173725985,1.4491836227872406,2849569,33.8625
CUS-007156,2,Stable Mid-Market (Group 3),-1.617772511612013,-1.7784320857922202,1755784,24.272
CUS-007157,2,Stable Mid-Market (Group 3),-1.3607673797832542,-0.10355169954204739,4239023,24.21
CUS-007158,2,Stable Mid-Market (Group 3),-1.3517681820780292,-0.3878912720670299,4475574,25.532
CUS-007159,1,Enterprise Champions,2.138503936604378,0.3015820977388612,206406371,64.914
CUS-007160,1,Enterprise Champions,2.955296353596288,0.03376301553214717,812067617,60.176
CUS-007161,0,Stable Mid-Market,-0.4746651893264088,1.4232551329959335,10972471,33.002500000000005
CUS-007162,2,Stable Mid-Market (Group 3),-1.1318177159924618,-1.22275867941933,13195679,31.877
CUS-007163,2,Stable Mid-Market (Group 3),-1.2806786766445448,-0.6286086207287609,5851432,28.371
CUS-007164,2,Stable Mid-Market (Group 3),-1.173606273773347,-0.3049075586758204,2453839,30.368
CUS-007165,3,Active Growth SMB,-0.6862954333897733,-0.022539682941742165,2575881,44.1745
CUS-007166,0,Stable Mid-Market,-0.9005940851481488,0.5225459103240668,10132951,33.1325
CUS-007167,2,Stable Mid-Market (Group 3),-1.3512127711118607,-2.602331256343914,933716,34.282
CUS-007168,1,Enterprise Champions,1.3268937476906035,-0.9375959718296227,564921662,49.209
CUS-007169,3,Active Growth SMB,0.03014443080715572,0.7357374658345979,2670479,51.756
CUS-007170,3,Active Growth SMB,-0.2603738188861633,0.071320191229323,95334324,42.05
CUS-007171,0,Stable Mid-Market,-0.9345978324584141,0.4128767569792281,7198633,30.285000000000004
CUS-007172,3,Active Growth SMB,-0.3509972011539062,-1.1456845581149968,15329136,53.18450000000001
CUS-007173,2,Stable Mid-Market (Group 3),-1.9047876634093432,-1.7778028696920147,1147594,16.5515
CUS-007174,2,Stable Mid-Market (Group 3),-1.1519915281913542,-2.0271823085700333,13664603,36.5285
CUS-007175,0,Stable Mid-Market,0.05228503157662796,2.4030491693891682,5828775,46.1155
CUS-007176,1,Enterprise Champions,3.3039297000011563,0.23017730561950725,501579651,68.614
CUS-007177,1,Enterprise Champions,2.2819982932279217,-0.34871824681258295,580179444,54.2505
CUS-007178,2,Stable Mid-Market (Group 3),-1.4059082833921115,0.03890751617052516,598563,22.6155
CUS-007179,0,Stable Mid-Market,-1.4935526586403387,1.7658675135895427,628841,17.141000000000002
CUS-007180,3,Active Growth SMB,-0.33234699645708343,0.3460364392856838,16490057,49.489
CUS-007181,1,Enterprise Champions,3.1307068230571455,-0.5576188479107744,862207244,57.4185
CUS-007182,2,Stable Mid-Market (Group 3),-0.7423654444257012,-1.631512046818409,13411944,45.4315
CUS-007183,0,Stable Mid-Market,-0.9835647958541752,1.4489109076977917,18462351,23.089
CUS-007184,3,Active Growth SMB,0.5093624766185016,-0.7296544628739525,4768891,66.1575
CUS-007185,3,Active Growth SMB,1.1453968615852432,0.10878326333110551,462561709,44.3515
CUS-007186,0,Stable Mid-Market,-0.3457298023757831,0.9944615690174077,10925185,42.182500000000005
CUS-007187,1,Enterprise Champions,5.344234510248277,0.554066886412855,737017537,86.4275
CUS-007188,0,Stable Mid-Market,-0.5170873953131584,0.7361353992453379,4221371,36.4115
CUS-007189,1,Enterprise Champions,2.3698404710377865,-0.1705724287606729,574275192,61.9805
CUS-007190,0,Stable Mid-Market,-0.8019645395182915,0.9358316451355434,11031311,34.1225
CUS-007191,3,Active Growth SMB,-0.42705415071096886,0.27118754745438933,6508762,44.035
CUS-007192,1,Enterprise Champions,3.008046464503833,-0.3236745762176243,738282775,69.065
CUS-007193,2,Stable Mid-Market (Group 3),-1.373748625555353,-1.072123097614115,17140589,25.3935
CUS-007194,3,Active Growth SMB,-0.2606063007612726,0.018734538441961268,11298151,50.889
CUS-007195,2,Stable Mid-Market (Group 3),-1.1914457153743354,-1.4410466035797445,2328066,35.862
CUS-007196,0,Stable Mid-Market,-0.01151741398981252,1.4984925072123307,4367528,52.6895
CUS-007197,3,Active Growth SMB,0.49888200303333674,0.2467322221755282,213295716,45.224
CUS-007198,2,Stable Mid-Market (Group 3),-1.2994821696152405,-1.1304481419719223,3788864,29.2165
CUS-007199,0,Stable Mid-Market,-0.9572780585160198,1.5229781571436845,4439280,31.114
CUS-007200,2,Stable Mid-Market (Group 3),-1.2407108412805257,-0.9362820041199521,11089881,27.43
CUS-007201,3,Active Growth SMB,-0.13016881491784107,1.0097001130773429,15055314,50.9405
CUS-007202,2,Stable Mid-Market (Group 3),-1.2328174473337123,-2.0903552450526224,4059490,35.9885
CUS-007203,1,Enterprise Champions,1.7204181252538073,-0.1046895400484909,654754234,44.0185
CUS-007204,2,Stable Mid-Market (Group 3),-1.6148998098901899,-1.0298151978883088,3673804,19.244
CUS-007205,2,Stable Mid-Market (Group 3),-1.2132296194706047,-0.6014274040134174,2673818,24.4135
CUS-007206,3,Active Growth SMB,0.16584232250612116,0.3580585501503913,14995130,50.8415
CUS-007207,2,Stable Mid-Market (Group 3),-0.7760046494122809,-0.5697437235375387,12788190,37.49250000000001
CUS-007208,1,Enterprise Champions,3.092529636896288,-0.5902016044646847,870343834,60.83
CUS-007209,3,Active Growth SMB,1.04155052361488,-0.20773490313290652,244730135,56.077
CUS-007210,3,Active Growth SMB,-0.6051927450010933,0.10877486420643923,6620664,37.626000000000005
CUS-007211,3,Active Growth SMB,-0.04436664980821246,0.08822680494363712,10123179,55.499
CUS-007212,0,Stable Mid-Market,-1.1306217301438553,3.0575563257663347,4447015,23.29
CUS-007213,3,Active Growth SMB,0.6623856060200372,1.3140374035152873,10368572,58.86200000000001
CUS-007214,2,Stable Mid-Market (Group 3),-0.7117077601521314,-0.130959910117957,15351190,36.626000000000005
CUS-007215,2,Stable Mid-Market (Group 3),-0.8399266608848236,-1.7978640420147871,1685324,46.827
CUS-007216,1,Enterprise Champions,2.7734149084738355,0.29107708835038343,751128172,53.10850000000001
CUS-007217,3,Active Growth SMB,-0.10994062450593793,0.8902388401416886,21154754,48.7125
CUS-007218,0,Stable Mid-Market,-0.7705231302024353,0.6483415162268497,3262667,29.9425
CUS-007219,1,Enterprise Champions,4.178156691774835,-0.0837802029049347,822132897,80.5515
CUS-007220,1,Enterprise Champions,1.9268787490050852,0.4022177860577758,231405921,60.825500000000005
CUS-007221,2,Stable Mid-Market (Group 3),-0.46094428433674756,-0.7573417506527024,143573433,34.5255
CUS-007222,1,Enterprise Champions,2.069156620811913,-0.21020944834085054,561185704,53.349
CUS-007223,3,Active Growth SMB,-0.025323816211685213,-0.40060067643801606,5332552,52.155
CUS-007224,1,Enterprise Champions,2.743990988805296,-0.7379368292854811,700630469,67.025
CUS-007225,3,Active Growth SMB,-0.06296981022982037,0.09419234046428233,8391294,47.0205
CUS-007226,1,Enterprise Champions,2.1351938292359343,0.17640777285552872,438169592,61.4815
CUS-007227,3,Active Growth SMB,-0.07627268185437854,-0.7171843440591854,273261556,41.12200000000001
CUS-007228,3,Active Growth SMB,0.13902096351710244,0.294541899520202,24248687,53.6825
CUS-007229,1,Enterprise Champions,3.8976160778952327,-0.16189489869748583,885770138,68.697
CUS-007230,0,Stable Mid-Market,-0.8529971920476348,3.390079678622769,509392,35.396
CUS-007231,0,Stable Mid-Market,-0.9089300268288323,0.5913107966511773,3405765,30.3515
CUS-007232,3,Active Growth SMB,0.687142489208407,-0.7156835174946795,467576997,42.63250000000001
CUS-007233,1,Enterprise Champions,2.896140424509853,-0.6000901459285004,730603759,62.68899999999999
CUS-007234,2,Stable Mid-Market (Group 3),-1.2245004219659426,0.1798014702570477,4110163,25.8145
CUS-007235,2,Stable Mid-Market (Group 3),-0.7682416494011965,-0.4632668034948451,24342710,41.078
CUS-007236,0,Stable Mid-Market,-1.372471340645152,4.293877257190434,3315847,15.578499999999998
CUS-007237,2,Stable Mid-Market (Group 3),-0.6034246515758552,-0.9925582636759224,16446102,44.5025
CUS-007238,2,Stable Mid-Market (Group 3),-1.0851574839297444,-0.008021601368218454,10515234,30.136
CUS-007239,3,Active Growth SMB,-0.6973483847290117,0.19675967216720114,9940921,42.6635
CUS-007240,2,Stable Mid-Market (Group 3),-1.3766026143970964,-1.1573939994498796,4752223,27.7435
CUS-007241,2,Stable Mid-Market (Group 3),-1.2313793395422934,-0.9047998475123262,3627424,31.7065
CUS-007242,3,Active Growth SMB,-0.4095501003792218,0.695838643589921,12633174,47.5035
CUS-007243,2,Stable Mid-Market (Group 3),-1.4915639959176095,0.23195468818819232,2581755,18.1675
CUS-007244,2,Stable Mid-Market (Group 3),-0.9618614467229362,-0.7829576548421117,906632,36.635000000000005
CUS-007245,3,Active Growth SMB,0.2456416269310139,-0.7382931441943821,7158611,59.6965
CUS-007246,2,Stable Mid-Market (Group 3),-1.3892067487794346,-0.9078864578302754,4776705,27.1825
CUS-007247,2,Stable Mid-Market (Group 3),-1.3755289711358978,-0.29437178492305244,2269754,23.6615
CUS-007248,1,Enterprise Champions,2.51502770605118,-0.5790325019050983,735830127,52.9085
CUS-007249,2,Stable Mid-Market (Group 3),-1.0807407880500879,-1.1462766604742811,3698872,36.7885
CUS-007250,3,Active Growth SMB,0.34890003236300166,-0.0673241004652275,11138784,56.27
CUS-007251,2,Stable Mid-Market (Group 3),-0.8260769219177105,-0.6650066002901865,4054874,37.171
CUS-007252,2,Stable Mid-Market (Group 3),-0.6987936846038453,-0.6786013276881435,8114340,37.2355
CUS-007253,3,Active Growth SMB,-0.6648135123041412,-0.08513614016767525,2544343,44.998000000000005
CUS-007254,3,Active Growth SMB,-0.5643457178199184,-0.04357382132192093,16732156,36.931
CUS-007255,0,Stable Mid-Market,-0.6020033861512848,1.477503431327017,12843929,39.083
CUS-007256,1,Enterprise Champions,3.4026099979301443,0.3595389076642574,700291955,61.184000000000005
CUS-007257,2,Stable Mid-Market (Group 3),-1.3326387810241531,-0.0491391517247364,18720740,23.914
CUS-007258,0,Stable Mid-Market,-0.8291556803473574,0.33913701959960096,3022900,33.86200000000001
CUS-007259,0,Stable Mid-Market,-1.1126307761534353,1.4401536954312293,2560398,25.4395
CUS-007260,1,Enterprise Champions,3.8642050864247794,-0.7957020799899228,803560658,80.30349999999999
CUS-007261,2,Stable Mid-Market (Group 3),-1.5492251189217736,-0.9051848884282732,3917117,21.962
CUS-007262,2,Stable Mid-Market (Group 3),-1.7470436269193659,-0.7273209578360335,2521412,17.381
CUS-007263,2,Stable Mid-Market (Group 3),-1.1848457822286564,0.2795674287710517,23911626,17.0735
CUS-007264,1,Enterprise Champions,1.6296351793322683,0.06305318512518497,412256037,51.068
CUS-007265,0,Stable Mid-Market,-0.6762221846768256,1.8306739829066587,3110383,34.3945
CUS-007266,3,Active Growth SMB,0.5736376421763244,-0.9537921487331279,212390874,53.60000000000001
CUS-007267,0,Stable Mid-Market,-0.2893053165419293,1.139530286114922,7584870,41.6395
CUS-007268,2,Stable Mid-Market (Group 3),-0.8134085421361936,-1.3372349104740462,15628658,44.276
CUS-007269,2,Stable Mid-Market (Group 3),-1.2496762274605158,-0.20781729246748315,839969,28.977
CUS-007270,3,Active Growth SMB,-0.11227781730958869,-1.055087239404312,13490367,52.340500000000006
CUS-007271,0,Stable Mid-Market,-0.9687403922044777,1.0592281536482833,371232,34.1725
CUS-007272,0,Stable Mid-Market,-1.5753159024019316,0.9284940155417739,4011494,20.1055
CUS-007273,1,Enterprise Champions,2.105722320904685,-0.9799794320848081,697824001,56.425
CUS-007274,3,Active Growth SMB,0.625354469372119,-0.9232804532343817,287515488,53.099500000000006
CUS-007275,2,Stable Mid-Market (Group 3),-1.5040767671282445,-0.680731845879209,2473903,24.131
CUS-007276,2,Stable Mid-Market (Group 3),-1.485510725094195,-1.9629394852251227,2199149,28.887000000000004
CUS-007277,0,Stable Mid-Market,-1.3698860971369602,1.0823871239504255,24613574,18.196
CUS-007278,0,Stable Mid-Market,-0.7591604700801445,0.8532041786216209,11483791,31.3335
CUS-007279,3,Active Growth SMB,-0.7165119924798059,0.18505454964054885,16510391,35.785000000000004
CUS-007280,2,Stable Mid-Market (Group 3),-1.6334359958201143,0.10369558950746623,1479001,18.1515
CUS-007281,2,Stable Mid-Market (Group 3),-1.9424658831007315,-2.7355813645105234,1408921,17.9835
CUS-007282,1,Enterprise Champions,2.9909832369297833,0.3643393441031959,741035907,56.026
CUS-007283,1,Enterprise Champions,3.1968765831537502,-0.40847600189023386,802932417,65.5925
CUS-007284,3,Active Growth SMB,1.1456926842386785,0.2628648411860979,178281487,57.7725
CUS-007285,0,Stable Mid-Market,-1.2251221419468357,3.471921772719589,509339,19.5975
CUS-007286,2,Stable Mid-Market (Group 3),-0.9399997304103879,-0.04971819992433826,2079574,33.822
CUS-007287,3,Active Growth SMB,-0.6606228845724035,-0.4949273722720498,2641212,45.559
CUS-007288,1,Enterprise Champions,2.598032814515506,-0.16876061611048554,581208256,54.694500000000005
CUS-007289,3,Active Growth SMB,0.5146375418591931,-0.04532153879978482,16058129,55.0245
CUS-007290,3,Active Growth SMB,-0.12889707800736586,-0.11404543670427542,79104688,43.5765
CUS-007291,0,Stable Mid-Market,-0.820880087101619,1.3438822639352725,18570938,38.078
CUS-007292,3,Active Growth SMB,0.9433074102062315,-0.7348772889116335,224202504,60.477
CUS-007293,2,Stable Mid-Market (Group 3),-0.8322105989124348,-0.5592729787985224,2682474,39.1465
CUS-007294,1,Enterprise Champions,1.7538712775341685,-0.19648272019477556,455658282,58.216
CUS-007295,2,Stable Mid-Market (Group 3),-0.9560849369887339,-0.6977280849245726,14625216,37.261
CUS-007296,2,Stable Mid-Market (Group 3),-0.990206356558916,-0.28516253538544745,433402,35.5925
CUS-007297,2,Stable Mid-Market (Group 3),-1.0051515742800887,-0.04784139539228098,21367553,26.535
CUS-007298,3,Active Growth SMB,1.3260484489630238,0.004239940063957106,342598991,49.043
CUS-007299,0,Stable Mid-Market,-1.4715028262003458,4.601192152821995,1538383,9.134
CUS-007300,0,Stable Mid-Market,-0.6879535072150341,1.3473588140055976,7058578,34.2075
CUS-007301,2,Stable Mid-Market (Group 3),-0.7224851282669431,-0.5619799865318634,14617089,38.831
CUS-007302,3,Active Growth SMB,-0.5298537781562409,-0.13304479002920505,24041433,45.47500000000001
CUS-007303,2,Stable Mid-Market (Group 3),-1.755435423963012,-0.08449831481106938,923596,17.424500000000002
CUS-007304,3,Active Growth SMB,-0.6337114120592917,-0.1826971632083033,5787394,41.761
CUS-007305,2,Stable Mid-Market (Group 3),-1.4668172884289754,-0.47431887116714894,16795824,18.2905
CUS-007306,2,Stable Mid-Market (Group 3),-1.1027815337183158,-0.5163471814891543,10108546,30.8935
CUS-007307,1,Enterprise Champions,1.829616210047752,-1.0407135987301535,846314802,41.6545
CUS-007308,2,Stable Mid-Market (Group 3),-0.6672608268029984,-1.5248678121937982,290385,50.541
CUS-007309,1,Enterprise Champions,2.0837404718514105,-0.46475872243491967,659140649,55.1285
CUS-007310,0,Stable Mid-Market,-0.7322047859301153,1.1405096515887843,19955387,25.4955
CUS-007311,3,Active Growth SMB,-0.21949569874746083,-0.4876079685780078,14922989,49.637
CUS-007312,3,Active Growth SMB,0.5508355753577546,-0.5137199707492983,12552418,67.5625
CUS-007313,2,Stable Mid-Market (Group 3),-1.4011304248011653,-0.1073886637358847,7197172,21.856
CUS-007314,0,Stable Mid-Market,-0.7536218416074828,1.163628197488872,9079151,31.5235
CUS-007315,3,Active Growth SMB,0.051513980104610405,-0.5525511677012724,10008521,57.899
CUS-007316,1,Enterprise Champions,2.745855861904151,-0.45644994572895536,938227163,48.098
CUS-007317,2,Stable Mid-Market (Group 3),-0.8794698959343292,-2.241227797391317,4712519,45.9035
CUS-007318,2,Stable Mid-Market (Group 3),-1.0569887316414295,-0.6385820903424998,415876,32.479
CUS-007319,3,Active Growth SMB,-0.0941506717082571,0.3518132281679114,2806540,51.878
CUS-007320,2,Stable Mid-Market (Group 3),-0.9201899416699804,-0.46675283991026667,8677496,34.9595
CUS-007321,1,Enterprise Champions,4.985496816357343,0.02554939873294598,823453299,90.8055
CUS-007322,3,Active Growth SMB,-0.1362714549296429,-0.466619674055361,168353291,41.51050000000001
CUS-007323,0,Stable Mid-Market,-0.9030837181752477,1.4761479044297352,24882022,31.561000000000003
CUS-007324,2,Stable Mid-Market (Group 3),-1.0639517755333916,-0.9722236149470761,271547,38.377
CUS-007325,0,Stable Mid-Market,-0.9092726426668291,1.588665316997009,3782424,32.287499999999994
CUS-007326,3,Active Growth SMB,-0.1260569800794038,0.3798572072905236,11448738,44.05799999999999
CUS-007327,0,Stable Mid-Market,-1.6078368775044904,2.4124017434907734,2609429,13.8815
CUS-007328,2,Stable Mid-Market (Group 3),-0.9963804768110686,-0.5095486319902066,22364345,32.200500000000005
CUS-007329,3,Active Growth SMB,1.2128322250108519,-0.1344683111342913,273466641,53.040000000000006
CUS-007330,0,Stable Mid-Market,-0.8300622977425238,0.6022084938641383,2740907,33.8875
CUS-007331,1,Enterprise Champions,2.076531728154158,0.47902119984573466,702895728,49.849500000000006
CUS-007332,2,Stable Mid-Market (Group 3),-0.9222441171847683,-0.17110978827346235,4207628,36.8465
CUS-007333,2,Stable Mid-Market (Group 3),-1.1418855207736858,-0.6903630884319618,12760234,34.660500000000006
CUS-007334,0,Stable Mid-Market,-0.8055750816668039,1.739353357898502,11978228,28.808
CUS-007335,3,Active Growth SMB,0.3434375944060999,1.2247527287515918,21894665,50.0195
CUS-007336,0,Stable Mid-Market,-1.0302584373271102,2.3402296124461164,2668952,28.413500000000003
CUS-007337,2,Stable Mid-Market (Group 3),-1.4216140130942951,-2.0246798830954216,16883006,29.97
CUS-007338,3,Active Growth SMB,-0.5169712293790444,-0.2999685086273286,21343695,40.688500000000005
CUS-007339,1,Enterprise Champions,1.62271538635735,-0.447458982948654,694260556,45.0875
CUS-007340,2,Stable Mid-Market (Group 3),-1.3555772140929507,-0.17429061416289934,2268204,26.8215
CUS-007341,2,Stable Mid-Market (Group 3),-0.6807059246930944,-1.3724419395985041,11179304,45.4215
CUS-007342,0,Stable Mid-Market,-1.078665256202151,0.7530466593979862,16324943,25.3825
CUS-007343,2,Stable Mid-Market (Group 3),-1.529200129944283,-0.9404939151050367,1104230,24.288
CUS-007344,1,Enterprise Champions,2.649453711693461,-0.8062240909557543,843988651,61.79
CUS-007345,2,Stable Mid-Market (Group 3),-0.7922876095798091,0.2105702156940676,8200781,32.862
CUS-007346,3,Active Growth SMB,-0.12415938863055713,1.0803583732569242,6138680,49.767
CUS-007347,2,Stable Mid-Market (Group 3),-1.5721032714229821,-1.1598155962669807,12014026,17.468000000000004
CUS-007348,3,Active Growth SMB,0.5470965021221026,1.2432713043517296,16279136,59.0225
CUS-007349,3,Active Growth SMB,1.2905852638032467,-0.6433894438892981,284514150,57.562000000000005
CUS-007350,1,Enterprise Champions,2.1408117985440263,1.028026634450906,280785039,54.367
CUS-007351,3,Active Growth SMB,0.8286908446191716,0.19478386176675444,240645271,45.003
CUS-007352,1,Enterprise Champions,2.456558985939649,0.15182470514568513,508629394,59.3475
CUS-007353,3,Active Growth SMB,-0.2198186539988306,0.7429271717134648,3802779,44.6785
CUS-007354,2,Stable Mid-Market (Group 3),-0.662452305467348,-1.0928564963316918,11339421,43.7385
CUS-007355,0,Stable Mid-Market,-0.6916033265729684,0.39497390417845435,21553208,35.054500000000004
CUS-007356,2,Stable Mid-Market (Group 3),-1.0499782905767088,0.19940270195831958,6045342,32.917
CUS-007357,2,Stable Mid-Market (Group 3),-1.090023504016227,-0.48504247611989165,2356279,35.2845
CUS-007358,3,Active Growth SMB,1.1149778836562338,0.13123197883401777,164135869,53.734
CUS-007359,1,Enterprise Champions,2.232608934852433,-0.5696938449569576,677110548,57.603
CUS-007360,3,Active Growth SMB,-0.507029895087323,-0.4085317812766401,9046301,43.3595
CUS-007361,2,Stable Mid-Market (Group 3),-0.9679114480287961,-0.8734157136313995,14543537,36.0475
CUS-007362,0,Stable Mid-Market,-1.3977619698606831,0.5634528320244978,3603289,24.6515
CUS-007363,2,Stable Mid-Market (Group 3),-2.0962056938953437,-1.3973795158002176,4658545,9.379
CUS-007364,2,Stable Mid-Market (Group 3),-1.5655758236194781,0.08216867436151919,321210,21.349
CUS-007365,1,Enterprise Champions,3.714517662566422,0.040880213907218535,969998534,55.114
CUS-007366,3,Active Growth SMB,0.6676600745479646,-0.05260947616867494,52683125,50.8775
CUS-007367,2,Stable Mid-Market (Group 3),-0.3843811331513754,-0.47832616032643127,195818983,33.962
CUS-007368,2,Stable Mid-Market (Group 3),-1.669708173781417,-0.8924166404720828,2247741,18.6145
CUS-007369,2,Stable Mid-Market (Group 3),-1.1850584189868931,-0.7089639347949154,2627452,32.408500000000004
CUS-007370,2,Stable Mid-Market (Group 3),-1.4482850880771156,-0.7007560378823977,1756026,25.817000000000004
CUS-007371,2,Stable Mid-Market (Group 3),-1.3316247451470002,0.040045732577906556,2749154,25.6955
CUS-007372,2,Stable Mid-Market (Group 3),-1.6465722996888137,-2.7827362886156273,3929680,26.361000000000004
CUS-007373,3,Active Growth SMB,-0.009906500442838664,-1.0979403410241282,11281194,62.721
CUS-007374,2,Stable Mid-Market (Group 3),-0.8727013177717003,-0.6469616697096446,2115999,41.063500000000005
CUS-007375,3,Active Growth SMB,0.2719678604264885,0.2737044763446495,23613195,56.3285
CUS-007376,1,Enterprise Champions,1.3417799716063388,0.1684334518260228,448267257,41.980500000000006
CUS-007377,3,Active Growth SMB,0.9735989675255862,0.23129949825145182,165696742,49.6945
CUS-007378,2,Stable Mid-Market (Group 3),-1.5711298101137465,-2.794695093500201,901509,28.7205
CUS-007379,3,Active Growth SMB,-0.041345483581153746,-0.998554520358149,21138654,56.942
CUS-007380,3,Active Growth SMB,-0.4134367903438514,-0.33103634231053414,24988751,45.509
CUS-007381,2,Stable Mid-Market (Group 3),-1.0881751731925244,-0.33954600504772303,22051595,31.7165
CUS-007382,2,Stable Mid-Market (Group 3),-1.7165897700944768,-0.8500990740747135,24857570,10.669
CUS-007383,2,Stable Mid-Market (Group 3),-1.9142837235131334,-0.41794013938914226,4276071,11.597000000000005
CUS-007384,2,Stable Mid-Market (Group 3),-0.17511536162116603,-1.7206109636377154,75261726,54.1875
CUS-007385,3,Active Growth SMB,0.7746058283835038,-0.5190692019033808,272862530,48.795
CUS-007386,2,Stable Mid-Market (Group 3),-1.6713940163282819,-0.711492559432019,4133704,19.3795
CUS-007387,2,Stable Mid-Market (Group 3),-0.850059187948761,-0.7295072765566567,10992287,39.7535
CUS-007388,3,Active Growth SMB,1.2295548927218276,0.38280430414643696,53774060,63.918
CUS-007389,3,Active Growth SMB,0.6838850834496814,-0.04558839984898086,175073028,50.959500000000006
CUS-007390,1,Enterprise Champions,3.0886300883966173,-0.6098732266545607,553683567,70.40899999999999
CUS-007391,1,Enterprise Champions,2.2518725600606837,-0.29339018900690456,477307037,67.46450000000002
CUS-007392,1,Enterprise Champions,2.3471034273867653,-0.5684115340618148,493567574,69.1845
CUS-007393,1,Enterprise Champions,3.382372337097995,-0.5867113459063407,841138997,70.1455
CUS-007394,0,Stable Mid-Market,-1.083514889901406,1.2181151237501522,413180,30.4355
CUS-007395,0,Stable Mid-Market,-1.0299385196470003,1.1146849506535665,4460087,35.193
CUS-007396,2,Stable Mid-Market (Group 3),-1.0802319544153391,-0.07390925608454073,774878,32.2265
CUS-007397,0,Stable Mid-Market,-0.7719237197629015,0.45787258060112906,6401710,37.255
CUS-007398,2,Stable Mid-Market (Group 3),-1.3639759720100733,-0.806563127286774,8273575,23.460500000000003
CUS-007399,2,Stable Mid-Market (Group 3),-1.5241516112350133,-1.2101061362003602,4211979,24.4325
CUS-007400,2,Stable Mid-Market (Group 3),-1.4989606417665957,-1.4388492890732825,2571434,23.921000000000003
CUS-007401,2,Stable Mid-Market (Group 3),-1.45882065063539,-0.9970609847085589,19110778,23.2355
CUS-007402,1,Enterprise Champions,3.5476905948646587,0.5451178111238869,835400180,64.7855
CUS-007403,3,Active Growth SMB,-0.3692050134416856,0.3166231554842677,17233381,46.005
CUS-007404,0,Stable Mid-Market,-0.8637525759893285,0.32737651076379853,13929925,31.06300000000001
CUS-007405,0,Stable Mid-Market,-1.173479794522266,1.5408180258237023,10505334,17.792999999999996
CUS-007406,3,Active Growth SMB,-0.08482805680807468,-0.032051720541161934,112890506,45.3905
CUS-007407,0,Stable Mid-Market,-0.9543137349822813,0.7464139969944165,2863929,36.815
CUS-007408,0,Stable Mid-Market,-0.5283800623819099,0.7431218320881529,22292066,36.3305
CUS-007409,0,Stable Mid-Market,-0.6153820089260209,1.420903585878981,14854692,35.435
CUS-007410,1,Enterprise Champions,4.155007330558061,-0.16203601390856612,938143373,61.3535
CUS-007411,0,Stable Mid-Market,-0.7855355503981138,1.328825957462782,3288300,38.373000000000005
CUS-007412,2,Stable Mid-Market (Group 3),-1.2796372041824322,0.15940510803522082,2870014,23.272
CUS-007413,1,Enterprise Champions,2.9127006886286906,-0.4574854059698189,952598715,59.2385
CUS-007414,2,Stable Mid-Market (Group 3),-1.5965723705977897,-0.7525055171025935,7442383,19.8295
CUS-007415,0,Stable Mid-Market,-0.45143204954859306,0.9959039326549978,4802178,35.1595
CUS-007416,0,Stable Mid-Market,-1.253859266584552,1.636499321887944,2090484,20.7345
CUS-007417,1,Enterprise Champions,1.6747531121011003,0.0898207586099788,488714286,56.187000000000005
CUS-007418,2,Stable Mid-Market (Group 3),-1.1198305360944205,-0.26496245232437193,2324499,34.8045
CUS-007419,3,Active Growth SMB,0.6866368662039929,1.0754154787690757,21837378,63.69949999999999
CUS-007420,3,Active Growth SMB,1.2224801361802806,0.1414318730087798,162380961,51.22
CUS-007421,1,Enterprise Champions,2.367941090229865,0.5296749570196937,266645089,66.072
CUS-007422,3,Active Growth SMB,0.7491212686891846,0.017089907324143668,142731263,51.91300000000001
CUS-007423,3,Active Growth SMB,-0.4562455305813139,0.5284336114688855,19621362,35.854
CUS-007424,0,Stable Mid-Market,-0.6735108474825974,1.7598314812570997,13068664,28.7965
CUS-007425,2,Stable Mid-Market (Group 3),-1.84718484559448,-2.6082506007591335,2757336,20.3305
CUS-007426,3,Active Growth SMB,0.6906720451245019,-0.04984378525373077,173804461,47.10300000000001
CUS-007427,2,Stable Mid-Market (Group 3),-1.0811196366841007,0.19292817288875647,3693315,29.823
CUS-007428,3,Active Growth SMB,0.1495157417329333,-0.26133310248361546,150766418,38.253
CUS-007429,3,Active Growth SMB,-0.5553540212314024,-0.37922582421691925,18543852,43.181
CUS-007430,0,Stable Mid-Market,-0.38196138432943677,1.197424475185622,3957466,48.53
CUS-007431,0,Stable Mid-Market,-1.513466798437867,1.0091412881344348,1134665,15.8535
CUS-007432,2,Stable Mid-Market (Group 3),-0.8854493711163761,-1.6722813572985173,23591898,42.418000000000006
CUS-007433,3,Active Growth SMB,-0.6867284652582419,0.26169909384396267,539986,43.315
CUS-007434,1,Enterprise Champions,2.744171049691275,-0.26546448546397755,782477694,49.773
CUS-007435,1,Enterprise Champions,2.0936929306769394,-0.8183843253342837,588634257,58.0305
CUS-007436,0,Stable Mid-Market,-0.910249717219887,1.7707635512238038,9788548,27.6475
CUS-007437,1,Enterprise Champions,1.904800035950114,0.6216796371561294,217530186,61.6285
CUS-007438,2,Stable Mid-Market (Group 3),-0.6697557983843581,-0.6381446724652681,4325441,40.51
CUS-007439,1,Enterprise Champions,2.9605534192916445,0.479237390024784,581765506,60.785
CUS-007440,2,Stable Mid-Market (Group 3),-1.2019925775116278,-0.03758872609647813,2982711,29.6135
CUS-007441,3,Active Growth SMB,-0.6837786768108445,-0.1644839846379365,1303321,42.658
CUS-007442,0,Stable Mid-Market,-1.2815839773387032,0.5482912165800149,4248051,23.963
CUS-007443,2,Stable Mid-Market (Group 3),-1.6215562397467098,-1.948900717447546,3834756,24.885
CUS-007444,1,Enterprise Champions,4.155524051298858,-0.22466394000281764,972872501,65.3035
CUS-007445,3,Active Growth SMB,0.9851635675665472,0.5086440997623651,161595598,54.242
CUS-007446,0,Stable Mid-Market,-0.8813361335441467,1.5061297303065835,15568628,25.8485
CUS-007447,2,Stable Mid-Market (Group 3),-0.8134654944119558,-0.0006644859403023414,5342259,36.9545
CUS-007448,0,Stable Mid-Market,-0.2292734714311405,1.9807839982718902,18438918,34.1505
CUS-007449,0,Stable Mid-Market,-1.2373983388606746,1.3677405516235634,4866362,22.053
CUS-007450,2,Stable Mid-Market (Group 3),-1.4358381350716927,-0.21095820171216553,21372207,18.4575
CUS-007451,3,Active Growth SMB,0.5403157801227172,-0.7752029179044192,291637779,48.2865
CUS-007452,3,Active Growth SMB,0.15545338451345617,0.19937326875039532,16903306,51.6925
CUS-007453,2,Stable Mid-Market (Group 3),-1.228110424393236,-0.10182221970965404,14754111,25.191000000000003
CUS-007454,3,Active Growth SMB,-0.2790662779055705,-0.504547307907301,18965882,47.853
CUS-007455,2,Stable Mid-Market (Group 3),-1.4786125712720815,-0.7059439628641065,4861574,25.6155
CUS-007456,0,Stable Mid-Market,-0.5885452856904914,0.541863940006753,23226988,37.0525
CUS-007457,0,Stable Mid-Market,-0.7733666616927736,1.971175628670075,2417993,33.0025
CUS-007458,0,Stable Mid-Market,-0.8549682683399664,0.6692056617426048,4680447,36.911
CUS-007459,1,Enterprise Champions,5.31162458495072,0.16990451917477956,957447876,79.361
CUS-007460,0,Stable Mid-Market,-0.7776697949613818,2.3640717644688807,9313994,30.965
CUS-007461,2,Stable Mid-Market (Group 3),-0.5446733882207198,-0.4499450998992439,22394545,38.083000000000006
CUS-007462,2,Stable Mid-Market (Group 3),-0.7918509688205395,-0.9531082007112031,3264686,41.2995
CUS-007463,1,Enterprise Champions,4.233805617107422,0.2269787037118206,759773717,83.839
CUS-007464,2,Stable Mid-Market (Group 3),-1.592284628873881,-1.9687652905488815,4653894,25.719
CUS-007465,0,Stable Mid-Market,-0.5758164522721937,1.6229608587777409,794060,38.2345
CUS-007466,3,Active Growth SMB,0.09306633593562247,-0.21783836659959357,84992041,45.10900000000001
CUS-007467,1,Enterprise Champions,2.5282267119485358,-0.7652534312322898,826988696,54.865
CUS-007468,1,Enterprise Champions,4.179449346713755,-0.2119259948391353,823864975,78.70800000000001
CUS-007469,2,Stable Mid-Market (Group 3),-1.77637463518596,-2.762085497808239,4835033,22.5635
CUS-007470,3,Active Growth SMB,0.04557095396861328,1.0158035299296075,20601871,44.914
CUS-007471,3,Active Growth SMB,0.05618688180900731,-1.0580537743251472,180308270,50.3575
CUS-007472,2,Stable Mid-Market (Group 3),-1.1677204122205043,-0.3255048027596944,3163981,32.55
CUS-007473,0,Stable Mid-Market,-0.5308201396023323,1.013704066175136,3225352,38.8715
CUS-007474,0,Stable Mid-Market,-1.205959914278578,0.367487479162504,5277347,25.4785
CUS-007475,3,Active Growth SMB,-0.428887698184829,0.4099650916536405,3228503,47.3105
CUS-007476,3,Active Growth SMB,-0.12494735962353218,0.5210459790497095,9924415,48.298
CUS-007477,2,Stable Mid-Market (Group 3),-1.1497948888475247,-0.6527582886462266,6726272,29.562000000000005
CUS-007478,1,Enterprise Champions,5.188989601533083,-0.38040109824764257,961262114,90.886
CUS-007479,0,Stable Mid-Market,-0.5916997282253759,0.8617107547839105,20038499,39.806
CUS-007480,2,Stable Mid-Market (Group 3),-1.0345758041447606,-0.3577392371004362,4755058,34.352999999999994
CUS-007481,3,Active Growth SMB,-0.07914820782354183,0.06256904896874875,22675114,48.1805
CUS-007482,0,Stable Mid-Market,-1.210289499478892,0.8025238717789577,755450,29.523
CUS-007483,2,Stable Mid-Market (Group 3),-1.0860232670646783,-0.4886194733315661,5379151,32.44
CUS-007484,2,Stable Mid-Market (Group 3),-1.1686431713337846,-0.10254956449525245,412780,30.9355
CUS-007485,0,Stable Mid-Market,-0.8083572254039258,0.8500911490280838,21521108,26.5475
CUS-007486,2,Stable Mid-Market (Group 3),-1.1127436256411007,-0.2692026892272025,4614669,30.814000000000004
CUS-007487,3,Active Growth SMB,0.5760565507933441,0.17579317609864778,108566607,55.531
CUS-007488,1,Enterprise Champions,2.8845512612539865,-0.3467713855642167,824604662,67.9025
CUS-007489,3,Active Growth SMB,1.0763559022202536,0.39238318553150875,106788958,62.501000000000005
CUS-007490,1,Enterprise Champions,2.593966244212665,-0.11291226609015464,546734791,66.7305
CUS-007491,2,Stable Mid-Market (Group 3),-1.501385806127846,-1.3960598275093814,4018117,26.8345
CUS-007492,2,Stable Mid-Market (Group 3),-1.5697806703956638,-1.323598514946269,2954515,24.7655
CUS-007493,3,Active Growth SMB,0.18145257993923566,-0.06909519030262344,3010382,59.73649999999999
CUS-007494,3,Active Growth SMB,0.18902544941812285,0.34448390366370174,86979792,38.8535
CUS-007495,2,Stable Mid-Market (Group 3),-0.7452971097019018,-0.6972340272501641,1747775,41.429
CUS-007496,2,Stable Mid-Market (Group 3),-1.4954630298954064,-0.5340282676770272,3248167,21.229
CUS-007497,2,Stable Mid-Market (Group 3),-1.336743324021955,-1.30840359640957,14445461,28.852500000000003
CUS-007498,2,Stable Mid-Market (Group 3),-0.6906344821671765,-0.8511812390584002,24522458,43.12950000000001
CUS-007499,3,Active Growth SMB,-0.058565265305371726,-0.14712630885491926,22958326,52.349500000000006
CUS-007500,1,Enterprise Champions,2.0918506121282503,-0.018745695192687976,483726771,63.389
CUS-007501,0,Stable Mid-Market,-0.7176362571003111,1.980740780907828,4870415,38.2295
CUS-007502,2,Stable Mid-Market (Group 3),-1.4429267885366854,-0.19426648896763882,3351539,25.376
CUS-007503,1,Enterprise Champions,2.8756785240083342,0.26429125060082537,453259844,66.4205
CUS-007504,3,Active Growth SMB,0.3448733733291575,0.9276254136526172,8170640,53.138000000000005
CUS-007505,0,Stable Mid-Market,-1.2021664452905438,0.5630739329758712,15480629,20.2415
CUS-007506,0,Stable Mid-Market,-0.47417760420943295,2.3591687601505043,4602314,31.693
CUS-007507,2,Stable Mid-Market (Group 3),-1.8263531805984061,-0.7386880028199225,962388,15.262
CUS-007508,2,Stable Mid-Market (Group 3),-1.3842204089058034,-0.7202289577629841,3087004,27.611
CUS-007509,2,Stable Mid-Market (Group 3),-1.4900181719436205,0.2877216111987146,23096244,16.7265
CUS-007510,2,Stable Mid-Market (Group 3),-1.5687478644037065,-1.4216975357830832,4740816,23.327
CUS-007511,0,Stable Mid-Market,-0.5031974361141256,0.7230353056492248,13049127,40.488
CUS-007512,3,Active Growth SMB,-0.8008451773064367,0.02793942799763123,24110569,38.302
CUS-007513,1,Enterprise Champions,2.462286582844579,-0.3391029991092089,596384877,66.41799999999999
CUS-007514,0,Stable Mid-Market,-0.9506136581357162,1.6229730272538565,20957032,22.998
CUS-007515,0,Stable Mid-Market,-0.9004693144068485,1.0113474300803715,3353515,29.999
CUS-007516,3,Active Growth SMB,-0.18334779211782892,-0.0881678489926796,15310484,44.72
CUS-007517,2,Stable Mid-Market (Group 3),-1.3133425289597227,-0.10437491595780558,1906869,28.9095
CUS-007518,3,Active Growth SMB,-0.022358289844436743,-0.30056350066912035,9201278,52.193
CUS-007519,3,Active Growth SMB,0.17705210832854743,-0.06722934813018874,15540721,59.948
CUS-007520,1,Enterprise Champions,3.2816536690131137,-0.30449279476917873,876984844,55.84
CUS-007521,1,Enterprise Champions,2.9515690451169156,-0.7438219449828877,743365995,58.734
CUS-007522,3,Active Growth SMB,-0.3125639061503502,0.30781682519570125,17778005,45.11750000000001
CUS-007523,0,Stable Mid-Market,-0.8831942518891542,1.0093262870937305,18331954,31.0815
CUS-007524,1,Enterprise Champions,3.842525413684312,-0.34338592273478163,916711215,63.059
CUS-007525,1,Enterprise Champions,1.760510216646075,-0.815325349724486,605621714,52.8325
CUS-007526,3,Active Growth SMB,0.04152272076417279,-0.10208029722159569,126708813,41.1025
CUS-007527,0,Stable Mid-Market,-1.0315706614385503,0.688416365510573,2412499,31.988
CUS-007528,2,Stable Mid-Market (Group 3),-1.3051827082039964,-0.6545374819340555,3768094,28.755
CUS-007529,2,Stable Mid-Market (Group 3),-0.9633765424310987,-0.9899870001239502,23770673,34.703500000000005
CUS-007530,1,Enterprise Champions,3.032783657732206,0.24508533138011354,619687261,59.555
CUS-007531,3,Active Growth SMB,1.593079152017181,0.052531822013372545,224919264,69.3545
CUS-007532,3,Active Growth SMB,-0.024748926856013823,0.3763213831144736,102843563,40.0805
CUS-007533,3,Active Growth SMB,-0.19333360998298924,0.6354229429100933,12664267,49.635
CUS-007534,3,Active Growth SMB,1.7157323151453556,-0.43159282383806535,233767252,69.0275
CUS-007535,3,Active Growth SMB,-0.5473394048197692,0.08673369688142268,19723018,43.1565
CUS-007536,2,Stable Mid-Market (Group 3),-1.5935216071865437,-1.2554284240438833,1481402,22.1935
CUS-007537,0,Stable Mid-Market,-1.2339996087949021,1.2811041106258259,24596406,21.276
CUS-007538,0,Stable Mid-Market,-1.7241674944863803,0.5889662089617973,2058606,15.4045
CUS-007539,1,Enterprise Champions,3.6078999828657365,-0.04824989042142445,897857566,63.59750000000001
CUS-007540,1,Enterprise Champions,3.135035741571052,-0.13660565613260375,460575880,80.462
CUS-007541,2,Stable Mid-Market (Group 3),-1.1925785969697718,-2.6103578223738517,4087920,38.7005
CUS-007542,2,Stable Mid-Market (Group 3),-1.3864580097299188,-1.2581928643765916,14045416,28.507
CUS-007543,3,Active Growth SMB,0.281029310396673,0.9626890488531901,8203694,57.0285
CUS-007544,0,Stable Mid-Market,-1.4970556258959482,0.47465394033526287,473444,20.957
CUS-007545,0,Stable Mid-Market,-0.5049760278400413,2.778609307061511,20500338,29.7935
CUS-007546,2,Stable Mid-Market (Group 3),-1.0070239384735649,-0.21982532641881572,15756517,29.862
CUS-007547,0,Stable Mid-Market,-0.7072658261681085,4.266994769517136,4781744,28.788000000000004
CUS-007548,1,Enterprise Champions,2.266543942731533,-0.5753215972813656,507823510,60.3045
CUS-007549,1,Enterprise Champions,4.501629151645307,-0.41822583597356633,832845033,82.9515
CUS-007550,1,Enterprise Champions,1.938825132477639,0.7423387618734765,361468921,58.700500000000005
CUS-007551,2,Stable Mid-Market (Group 3),-1.7955861029821232,0.15220735217956496,1691523,12.2525
CUS-007552,3,Active Growth SMB,0.12626691388714548,0.6667235839137635,9143282,46.34
CUS-007553,0,Stable Mid-Market,-0.755393921160136,0.49858108569634535,12760435,33.253
CUS-007554,1,Enterprise Champions,1.4094112805959669,-0.27316681230306544,403571807,52.116
CUS-007555,3,Active Growth SMB,-0.06942568225510731,0.7168287597366746,20810967,53.637
CUS-007556,0,Stable Mid-Market,-1.2747078118560613,0.5521898764676086,2603352,24.2425
CUS-007557,0,Stable Mid-Market,-0.8542449843294765,0.538508090238909,4017928,36.076
CUS-007558,2,Stable Mid-Market (Group 3),-1.1204608306102521,0.234287866456583,3617097,27.357000000000003
CUS-007559,0,Stable Mid-Market,-0.8167113672221815,3.194554800857439,4894414,26.971
CUS-007560,2,Stable Mid-Market (Group 3),-1.365570093807086,-0.2326603542213706,2996502,27.696500000000004
CUS-007561,0,Stable Mid-Market,-1.528646676328987,2.691065078852829,3515550,13.171499999999998
CUS-007562,0,Stable Mid-Market,-0.4817994385979131,0.8778252751462969,23114063,35.3805
CUS-007563,1,Enterprise Champions,4.755571639625578,-0.4430434041584011,942652702,83.22
CUS-007564,2,Stable Mid-Market (Group 3),-0.9254754126864704,-1.556761273722624,9548581,38.6535
CUS-007565,0,Stable Mid-Market,-0.68621931340119,1.5836350208734506,19027806,29.0175
CUS-007566,2,Stable Mid-Market (Group 3),-0.8308344166296262,-0.58100441624548,2940029,36.62649999999999
CUS-007567,1,Enterprise Champions,3.3740441122698988,0.7011252710960864,417744282,69.343
CUS-007568,0,Stable Mid-Market,-0.5082646558250816,2.135554336140652,8261603,35.5765
CUS-007569,3,Active Growth SMB,-0.6003359445319224,0.21419613007046995,3873828,44.486
CUS-007570,3,Active Growth SMB,-0.505667248315937,0.39269023088155164,2153259,40.194
CUS-007571,2,Stable Mid-Market (Group 3),-0.6189433396640718,-0.13243240434440234,14100267,35.158500000000004
CUS-007572,2,Stable Mid-Market (Group 3),-0.5768032428154035,-1.3163830995115722,3369949,50.375
CUS-007573,1,Enterprise Champions,2.6380842450019517,-0.4518250935567696,998467910,42.4215
CUS-007574,0,Stable Mid-Market,-1.3763943120594075,2.326094209308919,2763261,16.616
CUS-007575,1,Enterprise Champions,2.2168861495796164,0.39966181737185047,434624969,62.128
CUS-007576,3,Active Growth SMB,-0.6882523145976148,-0.051994861061341276,4140800,40.7815
CUS-007577,3,Active Growth SMB,-0.5682128082962526,0.5253495592352118,4270680,44.184
CUS-007578,3,Active Growth SMB,0.6126970153641803,0.5084958155520173,401195037,33.251999999999995
CUS-007579,1,Enterprise Champions,3.370168242578726,-0.5157390286889515,736173781,71.47
CUS-007580,2,Stable Mid-Market (Group 3),-0.9440883419993975,-0.3815606106398164,23570380,33.915499999999994
CUS-007581,3,Active Growth SMB,1.3029310949763975,-1.2982011239936366,298442190,61.953
CUS-007582,2,Stable Mid-Market (Group 3),-1.2666828255073699,0.17913443563685855,1514824,25.9555
CUS-007583,1,Enterprise Champions,2.8243400057187507,-1.181846508798616,934083509,66.905
CUS-007584,2,Stable Mid-Market (Group 3),-1.6584617046311485,-1.380913375125331,1846126,21.9105
CUS-007585,3,Active Growth SMB,0.17395145058553757,-0.21654847448363607,11530955,55.817
CUS-007586,0,Stable Mid-Market,-0.627001447170741,2.836270873615549,20858570,30.482
CUS-007587,1,Enterprise Champions,2.436435715996067,-0.445385115199085,580797422,65.3115
CUS-007588,0,Stable Mid-Market,-0.8688044777037683,1.3285379294619184,576446,36.1785
CUS-007589,3,Active Growth SMB,0.0986107412926522,-0.13620613534538165,3682299,56.75300000000001
CUS-007590,3,Active Growth SMB,-0.40440762133994845,-0.5262461330551111,14159588,44.816500000000005
CUS-007591,0,Stable Mid-Market,-0.6638803407112396,1.2839214745865293,19402144,36.0415
CUS-007592,0,Stable Mid-Market,-0.03422739930182503,1.6981163990627264,4150260,47.558
CUS-007593,2,Stable Mid-Market (Group 3),-1.16409835168342,-0.7031537552143687,2496962,32.98950000000001
CUS-007594,2,Stable Mid-Market (Group 3),-0.7096094359593456,-0.4400046938084895,3250606,38.260000000000005
CUS-007595,0,Stable Mid-Market,-0.8819385818506539,0.9024974716335203,6796694,30.808
CUS-007596,0,Stable Mid-Market,-0.6314378052197464,1.8494724577734267,4095612,37.3695
CUS-007597,3,Active Growth SMB,-0.5529368976906334,0.435066246005995,22600911,37.385000000000005
CUS-007598,0,Stable Mid-Market,-1.5349967238078337,0.3846821563596455,3609345,18.71250000000001
CUS-007599,2,Stable Mid-Market (Group 3),-1.051275429552673,-0.3224810107169941,23510063,27.7405
CUS-007600,3,Active Growth SMB,-0.41598367660601876,0.5378952318144388,21493877,43.3365
CUS-007601,2,Stable Mid-Market (Group 3),-1.0187685976383294,-0.33687304403494267,3682503,35.776500000000006
CUS-007602,2,Stable Mid-Market (Group 3),-1.626989027517601,-1.9976603772962451,1658037,24.9915
CUS-007603,2,Stable Mid-Market (Group 3),-1.1551747448924166,-0.39384160488160935,15121848,25.7585
CUS-007604,3,Active Growth SMB,-0.2525025278129033,-0.8337645979058339,3856588,56.6225
CUS-007605,0,Stable Mid-Market,-0.257676535457077,6.988336412237418,3846375,44.11750000000001
CUS-007606,2,Stable Mid-Market (Group 3),-1.6050524424078279,-0.061687715771662384,2653588,20.4635
CUS-007607,2,Stable Mid-Market (Group 3),-1.2431659372439143,-0.08955875678653617,4795179,25.319
CUS-007608,1,Enterprise Champions,1.4371092711615086,-0.4795507488123595,531462913,47.6555
CUS-007609,3,Active Growth SMB,-0.4320407224778664,-0.2244736976627188,10987974,44.211
CUS-007610,0,Stable Mid-Market,-1.3823369373809744,1.0785815039613127,3928711,19.12
CUS-007611,0,Stable Mid-Market,-0.7592442261325841,0.8403331178650224,1816962,39.2085
CUS-007612,2,Stable Mid-Market (Group 3),-2.122832908844325,-2.1181346788405544,1907983,10.972
CUS-007613,2,Stable Mid-Market (Group 3),-0.964860868984077,-0.5009538500479084,7597450,31.2535
CUS-007614,0,Stable Mid-Market,-1.0865305241555263,0.39460727162995823,4991285,27.493
CUS-007615,3,Active Growth SMB,-0.40270446825561207,-0.7522923046093348,12939161,47.2965
CUS-007616,2,Stable Mid-Market (Group 3),-1.416222961087515,-2.0070621076829513,2710481,30.3005
CUS-007617,0,Stable Mid-Market,-0.8278409893895796,0.5190599117406761,15394589,32.2525
CUS-007618,3,Active Growth SMB,-0.43605569254620524,0.023429702424119465,24690352,41.7555
CUS-007619,0,Stable Mid-Market,-1.218158686664684,1.0441998888121657,1069061,27.1045
CUS-007620,2,Stable Mid-Market (Group 3),-2.0227808408152668,-2.6519043086238736,662472,15.527000000000005
CUS-007621,2,Stable Mid-Market (Group 3),-0.7835685802072884,-1.231546900161485,4555400,46.096500000000006
CUS-007622,0,Stable Mid-Market,-0.9620368102727885,4.460274802667222,1640343,29.8345
CUS-007623,1,Enterprise Champions,2.667025126689555,-0.1812882495287426,219421508,76.97
CUS-007624,3,Active Growth SMB,-0.3857965663330818,-0.052685808869631666,54944410,35.395
CUS-007625,3,Active Growth SMB,-0.33710105144777036,-0.8301595767977165,12761674,50.432
CUS-007626,1,Enterprise Champions,2.1504911558960793,-0.2322041522415843,617990828,50.402
CUS-007627,3,Active Growth SMB,0.0788496850510443,0.6746491193860592,4177705,54.7815
CUS-007628,2,Stable Mid-Market (Group 3),-1.5735854336006032,0.19329434903220816,2748562,17.164
CUS-007629,1,Enterprise Champions,4.196926108973024,-0.5717011205084644,965102145,78.137
CUS-007630,2,Stable Mid-Market (Group 3),-1.2931154479176967,-0.3627023815949167,775341,25.4105
CUS-007631,3,Active Growth SMB,-0.7310427823486155,0.30034512242336103,6279521,37.836
CUS-007632,2,Stable Mid-Market (Group 3),-1.0406413697424992,-1.9447924854801035,2199527,40.743
CUS-007633,0,Stable Mid-Market,-1.4070095293396139,0.7370312494836593,1672355,24.05
CUS-007634,2,Stable Mid-Market (Group 3),-0.7575523160408821,-0.8041460545454158,9002348,43.6125
CUS-007635,1,Enterprise Champions,3.566284417560383,-0.20634047162158226,679472827,75.5035
CUS-007636,1,Enterprise Champions,1.9636052251067093,-0.8415989049700761,582982602,56.854
CUS-007637,0,Stable Mid-Market,-0.21968863135289826,0.8273314285275319,24865615,38.663
CUS-007638,2,Stable Mid-Market (Group 3),-0.851581331945706,-0.9421216916381399,965888,40.459
CUS-007639,0,Stable Mid-Market,-0.41920646277587975,0.8697353485781292,11343451,45.1605
CUS-007640,0,Stable Mid-Market,-0.9156786501226408,0.4260586413259583,21427714,29.8825
CUS-007641,1,Enterprise Champions,2.9930461728293425,-0.40568069966133946,504078200,72.1215
CUS-007642,2,Stable Mid-Market (Group 3),-1.2021825120867877,-0.00933059280210409,883697,29.6395
CUS-007643,0,Stable Mid-Market,-0.4853544083584729,1.7950805025060719,2818963,34.4985
CUS-007644,2,Stable Mid-Market (Group 3),-1.2376279351864028,-1.4668094154564653,1467222,33.582
CUS-007645,2,Stable Mid-Market (Group 3),-1.2210686521923124,-1.3752778498611973,20333407,29.758
CUS-007646,0,Stable Mid-Market,-0.1896946235399554,0.9592017834787502,45129825,41.6815
CUS-007647,1,Enterprise Champions,3.1370642367846027,-0.21512671805443623,836551124,64.8965
CUS-007648,3,Active Growth SMB,0.2655635687196104,0.968231990016277,18337769,58.9755
CUS-007649,3,Active Growth SMB,-0.5758825883678548,-0.5928565567494373,9385272,46.095
CUS-007650,2,Stable Mid-Market (Group 3),-1.8325676413667733,-0.5784310414657219,2589675,13.6485
CUS-007651,2,Stable Mid-Market (Group 3),-1.2521397607078772,-0.6355285300279748,2760951,25.185
CUS-007652,3,Active Growth SMB,1.53910807084329,-0.5422963845047105,128409122,74.9315
CUS-007653,2,Stable Mid-Market (Group 3),-0.7064197044050731,-0.4388712848789618,12447136,37.781000000000006
CUS-007654,3,Active Growth SMB,0.8824185707808269,0.3387197163764722,318757172,44.810500000000005
CUS-007655,3,Active Growth SMB,0.40360033304505294,-0.6519238198368884,177186880,47.0005
CUS-007656,2,Stable Mid-Market (Group 3),-1.1769683477251445,-2.2244870324458885,914918,38.4195
CUS-007657,2,Stable Mid-Market (Group 3),-1.2439582206416,-0.6981029251668072,3984189,32.3155
CUS-007658,2,Stable Mid-Market (Group 3),-1.070672382108171,0.15677779270328565,3912219,34.99550000000001
CUS-007659,1,Enterprise Champions,3.026016911147817,-0.2204067495075098,767874702,67.2615
CUS-007660,2,Stable Mid-Market (Group 3),-1.1166038006670331,0.2687026296677332,4656992,29.659
CUS-007661,2,Stable Mid-Market (Group 3),-1.8177431743634258,-0.7609509059085793,14447992,13.192
CUS-007662,2,Stable Mid-Market (Group 3),-1.3951158215804025,-1.3192868300321197,1959389,28.0075
CUS-007663,0,Stable Mid-Market,-0.19720215555139284,2.9104771556966282,6039969,40.907
CUS-007664,0,Stable Mid-Market,-1.4538766800511025,3.1747168503650736,2750094,11.525000000000002
CUS-007665,3,Active Growth SMB,1.623798176277059,0.29890327234376074,176316511,61.0515
CUS-007666,0,Stable Mid-Market,-0.5835854185285185,1.7627056626978286,11436277,31.397
CUS-007667,0,Stable Mid-Market,-1.7633530466203402,2.135592602054664,1052988,8.348
CUS-007668,2,Stable Mid-Market (Group 3),-0.9376332987905337,-0.33321003385575837,17832022,34.2255
CUS-007669,2,Stable Mid-Market (Group 3),-0.6866043731844639,-0.43092031054983704,19894631,41.6015
CUS-007670,3,Active Growth SMB,-0.45703637852806844,-0.5280207659915988,12139983,47.1165
CUS-007671,0,Stable Mid-Market,-1.438847874571711,0.9500278790075848,4667108,16.514000000000003
CUS-007672,3,Active Growth SMB,0.27844616269600025,-0.7681608815738408,69943052,55.41850000000001
CUS-007673,2,Stable Mid-Market (Group 3),-1.2849890656693073,-1.0294906327614257,420041,30.1065
CUS-007674,3,Active Growth SMB,-0.6857191081853037,0.0870530614309127,13913172,36.194500000000005
CUS-007675,2,Stable Mid-Market (Group 3),-0.5838804754943251,-0.7244540080097744,24860180,44.681
CUS-007676,3,Active Growth SMB,-0.010998348852495595,-0.5486705076395911,6675234,57.256
CUS-007677,1,Enterprise Champions,2.737247121366451,-0.014649466562305286,732820808,53.463
CUS-007678,0,Stable Mid-Market,-1.104702122767898,0.3284726881538208,740671,32.506
CUS-007679,2,Stable Mid-Market (Group 3),-1.3936709920470616,-0.6410895850294398,4121928,24.4915
CUS-007680,2,Stable Mid-Market (Group 3),-0.7087772097473398,-0.9716751765217784,1519218,43.087
CUS-007681,2,Stable Mid-Market (Group 3),-0.7249152111540175,-0.555801371111187,738411,46.8865
CUS-007682,3,Active Growth SMB,-0.7379975569868382,-0.14308441963824553,3948609,41.956
CUS-007683,2,Stable Mid-Market (Group 3),-1.2102691101751493,-1.230614429108909,7256471,30.698500000000003
CUS-007684,2,Stable Mid-Market (Group 3),-1.3798751376070928,-2.417247443504467,2871655,33.042
CUS-007685,1,Enterprise Champions,4.192741121301412,0.027851285019701282,922823941,68.509
CUS-007686,2,Stable Mid-Market (Group 3),-2.2014337908821693,-2.027389214936835,1477098,9.025000000000002
CUS-007687,3,Active Growth SMB,0.03466667758351988,-0.3185021652745433,23403788,55.0185
CUS-007688,3,Active Growth SMB,-0.08289016120325157,0.1003125042048894,6652374,48.7835
CUS-007689,2,Stable Mid-Market (Group 3),-0.8992124647526528,-1.5775452660956824,15318396,41.1535
CUS-007690,0,Stable Mid-Market,-1.1674772483497158,0.7909533850765673,13397316,28.556
CUS-007691,1,Enterprise Champions,4.432626047736572,-0.6664425901802636,960503613,78.5605
CUS-007692,2,Stable Mid-Market (Group 3),-0.6681632550206537,-0.9403889263607553,3019230,47.797
CUS-007693,3,Active Growth SMB,0.20991553742002492,-0.1353933848163182,20762260,62.05500000000001
CUS-007694,1,Enterprise Champions,4.022880219139413,-0.49583865993907594,957744774,72.6825
CUS-007695,1,Enterprise Champions,3.62689225366774,-0.7381564764294452,887851698,78.813
CUS-007696,2,Stable Mid-Market (Group 3),-1.0094595658131176,0.07701001518383505,15331198,24.93
CUS-007697,2,Stable Mid-Market (Group 3),-0.7172288373111598,-0.1864379296676482,5920006,35.329
CUS-007698,3,Active Growth SMB,-0.3784739308390597,0.7165600911999711,2256317,46.084500000000006
CUS-007699,3,Active Growth SMB,0.4886459651530164,0.1922193119062678,374178097,34.453500000000005
CUS-007700,0,Stable Mid-Market,-0.4397899908435725,4.975485091768446,7668933,33.757000000000005
CUS-007701,1,Enterprise Champions,4.197036087022761,0.07283607890510516,774649313,74.7175
CUS-007702,3,Active Growth SMB,0.0027818415692355595,-0.4871354186428726,4679146,52.743
CUS-007703,3,Active Growth SMB,-0.3665454253791784,-0.12498204733431015,3639192,43.773
CUS-007704,2,Stable Mid-Market (Group 3),-0.9481419855526678,-1.5837831456753109,13398187,40.93300000000001
CUS-007705,2,Stable Mid-Market (Group 3),-1.292023648824127,-0.3261694016657719,11029181,27.5625
CUS-007706,3,Active Growth SMB,1.3722660167895557,0.5649888976913121,19997385,67.703
CUS-007707,3,Active Growth SMB,1.4825475823707452,-0.016750495128074756,257982931,64.0145
CUS-007708,3,Active Growth SMB,-0.3507689744362235,0.5844309831553172,17146603,47.9305
CUS-007709,2,Stable Mid-Market (Group 3),-0.7139883877233352,-0.2724403327731818,13067132,33.5955
CUS-007710,0,Stable Mid-Market,-0.7300668078029419,0.7317918161547877,12133302,28.669
CUS-007711,3,Active Growth SMB,-0.21389670201913594,-0.10243762752564974,19166473,49.048
CUS-007712,2,Stable Mid-Market (Group 3),-1.386131575986674,-1.125110567426026,378757,29.618500000000004
CUS-007713,3,Active Growth SMB,-0.7125267859962756,-0.15753470262428146,15299191,42.038
CUS-007714,3,Active Growth SMB,0.7044643143761129,-0.41560069648424713,275544387,51.087500000000006
CUS-007715,1,Enterprise Champions,2.7914246011369523,-0.6671007863258572,892970272,65.174
CUS-007716,1,Enterprise Champions,3.9894392938300496,1.0733764448028542,619342850,71.9175
CUS-007717,2,Stable Mid-Market (Group 3),-1.1954876422793705,0.10821745022600339,3622627,24.6975
CUS-007718,2,Stable Mid-Market (Group 3),-1.5245385311806916,-0.9289555477388161,3412415,23.5095
CUS-007719,2,Stable Mid-Market (Group 3),-0.6283401872421036,-0.7476922763012845,3324375,45.699000000000005
CUS-007720,3,Active Growth SMB,-0.22823020381435036,0.769028289942236,22678048,43.134
CUS-007721,1,Enterprise Champions,2.830560344604281,0.2318948155904068,622535305,62.193
CUS-007722,2,Stable Mid-Market (Group 3),-1.0614800607633739,-0.5627364105827535,1018663,31.066500000000005
CUS-007723,1,Enterprise Champions,2.630587915690052,-0.33456002535607493,710576183,60.91
CUS-007724,3,Active Growth SMB,-0.04513527488932813,0.08545042182300748,12228652,51.877
CUS-007725,2,Stable Mid-Market (Group 3),-0.8650380005073006,-0.8163641868958068,2386593,41.0285
CUS-007726,2,Stable Mid-Market (Group 3),-1.1210811091536386,-0.5214040338602025,2723840,31.752
CUS-007727,1,Enterprise Champions,3.264871795999224,-0.5723770111738867,802411174,71.89500000000001
CUS-007728,1,Enterprise Champions,3.5040544238115925,-0.11452970713882554,672385999,71.6935
CUS-007729,2,Stable Mid-Market (Group 3),-0.7071911440128479,-0.42958200326530344,11754658,40.560500000000005
CUS-007730,3,Active Growth SMB,1.0591405649909076,-0.5329812259252129,50545441,63.328
CUS-007731,3,Active Growth SMB,-0.4837969259227704,-0.8461725916998892,13272591,47.996
CUS-007732,3,Active Growth SMB,-0.6795444863124875,0.3714456313748797,8630189,38.8145
CUS-007733,2,Stable Mid-Market (Group 3),-1.03221870211286,-0.04452722472092899,7535436,29.7945
CUS-007734,1,Enterprise Champions,3.4683174693135164,-0.6007621934708137,911263214,64.822
CUS-007735,2,Stable Mid-Market (Group 3),-1.2997579696755228,-0.49603536565112677,4034259,31.129
CUS-007736,2,Stable Mid-Market (Group 3),-1.0752727025339668,-1.803550406160844,9440660,37.5985
CUS-007737,2,Stable Mid-Market (Group 3),-1.8697541084434766,-2.7471978782925914,3681345,19.9415
CUS-007738,3,Active Growth SMB,-0.09851710754932165,-0.8936207553504446,19800666,53.9155
CUS-007739,3,Active Growth SMB,-0.21869555830746515,-0.1515956242999869,68820669,35.9645
CUS-007740,2,Stable Mid-Market (Group 3),-1.0904910437724131,-0.0413018738604077,21731905,29.4415
CUS-007741,3,Active Growth SMB,0.057248585497747105,-0.24294753296498023,19542383,55.3655
CUS-007742,2,Stable Mid-Market (Group 3),-1.3390390349426418,-0.6664287617017002,11551757,27.3635
CUS-007743,0,Stable Mid-Market,-0.4120753440567687,1.304761515602614,706617,47.5095
CUS-007744,0,Stable Mid-Market,-0.8951799911214724,0.5748709303442636,3299027,34.826
CUS-007745,2,Stable Mid-Market (Group 3),-1.8717484084354423,-1.1886008242463522,3981732,15.152
CUS-007746,2,Stable Mid-Market (Group 3),-0.7703377079261327,-0.6326260445640051,3217128,39.452
CUS-007747,0,Stable Mid-Market,-0.7992810102124609,0.5692547412236786,4294917,26.993
CUS-007748,3,Active Growth SMB,-0.4892264340616136,0.21534201380017712,23188710,41.576
CUS-007749,0,Stable Mid-Market,-0.6604204010049456,0.4126254112226116,21452909,35.839
CUS-007750,0,Stable Mid-Market,-0.4054877417343962,1.0230319851073133,2550211,42.381
CUS-007751,0,Stable Mid-Market,-1.0107241378751226,0.38722440826059346,3816920,32.2475
CUS-007752,3,Active Growth SMB,0.1529344782601802,-1.340025778577342,124041833,55.413
CUS-007753,0,Stable Mid-Market,-1.2031705297526718,0.6241256533522279,1454766,27.412
CUS-007754,2,Stable Mid-Market (Group 3),-1.2891849839111778,-0.7044070149296023,3526748,27.736
CUS-007755,2,Stable Mid-Market (Group 3),-1.0324433721177808,-0.6912323422820812,10947854,31.959
CUS-007756,0,Stable Mid-Market,-1.005155501987893,0.8032391533539951,1124979,35.327
CUS-007757,3,Active Growth SMB,1.0248773000274463,-0.24544244637926876,471724754,43.173
CUS-007758,1,Enterprise Champions,4.2505258136004445,-0.5394096347074899,833023802,76.5215
CUS-007759,2,Stable Mid-Market (Group 3),-0.9066238933433518,-0.6526766550814646,21298321,35.492000000000004
CUS-007760,0,Stable Mid-Market,-0.8830116461491104,0.27736384139752923,9813181,33.455
CUS-007761,2,Stable Mid-Market (Group 3),-0.9507995924983448,-0.2004394461842871,22952167,30.893
CUS-007762,0,Stable Mid-Market,-1.551805382897847,0.3978394684540873,1928812,18.2945
CUS-007763,3,Active Growth SMB,0.9968692856342218,-0.7971594161236591,487054718,41.807
CUS-007764,2,Stable Mid-Market (Group 3),-0.8495399799192531,-1.3161494914579681,4472057,39.6155
CUS-007765,2,Stable Mid-Market (Group 3),-1.2506391469871043,0.17136724361799976,5818176,22.704
CUS-007766,3,Active Growth SMB,1.2638132973298821,-0.3704221233300644,311718131,56.932
CUS-007767,0,Stable Mid-Market,-1.084503401350082,1.4121022433904618,3283514,27.9645
CUS-007768,2,Stable Mid-Market (Group 3),-1.4364433025146026,-0.732155952009944,8285982,21.035
CUS-007769,0,Stable Mid-Market,-1.1813523266326151,0.35508241624349374,4156908,23.8375
CUS-007770,3,Active Growth SMB,-0.7470171847019856,0.3668601674624461,9429532,38.1535
CUS-007771,1,Enterprise Champions,2.068969514782822,0.03832639923219179,244538093,71.22149999999999
CUS-007772,1,Enterprise Champions,1.7939779705461787,-0.6415900625275646,735406913,47.689
CUS-007773,1,Enterprise Champions,4.666438010515709,-0.1577530199951347,890487553,80.147
CUS-007774,0,Stable Mid-Market,-1.3858301892265683,1.0650137759101783,3085514,20.639000000000003
CUS-007775,2,Stable Mid-Market (Group 3),-1.1568835232355557,0.1301432733955891,6243608,27.797
CUS-007776,3,Active Growth SMB,0.15760583173391954,0.3086881906702372,24268341,54.1005
CUS-007777,1,Enterprise Champions,1.7698645599021063,-0.5279730763674206,615739529,53.870000000000005
CUS-007778,3,Active Growth SMB,-0.4131417108244177,0.6956089240782323,2421497,48.0255
CUS-007779,3,Active Growth SMB,0.33600001382272954,0.4384517698353008,70104338,42.908
CUS-007780,2,Stable Mid-Market (Group 3),-1.1673403450183701,-0.36984427080002796,733325,29.935
CUS-007781,2,Stable Mid-Market (Group 3),-1.8694901254606828,-0.9204212608065621,3742492,13.7025
CUS-007782,3,Active Growth SMB,-0.03438664799625808,-0.02657580642702675,15410302,52.7045
CUS-007783,3,Active Growth SMB,-0.12379489840429114,0.8909918014309718,19654520,45.48649999999999
CUS-007784,2,Stable Mid-Market (Group 3),-0.6363808238803433,-0.8926490372286798,120893881,35.119
CUS-007785,0,Stable Mid-Market,-0.6270106650738755,1.014733144100082,4696834,37.5865
CUS-007786,2,Stable Mid-Market (Group 3),-1.2169156134659047,-1.1797753458889706,4425643,34.3235
CUS-007787,3,Active Growth SMB,-0.04828868647991907,0.17577841982744005,9083959,47.8905
CUS-007788,3,Active Growth SMB,-0.4781546029889186,0.5129623546879811,3754567,45.459
CUS-007789,3,Active Growth SMB,-0.5843183410461317,-0.06361353238000994,15604279,39.783
CUS-007790,3,Active Growth SMB,0.7007698302667372,-0.13979385266157388,274274921,46.334
CUS-007791,2,Stable Mid-Market (Group 3),-1.886325113941227,-1.6464931561921952,1907257,16.6845
CUS-007792,0,Stable Mid-Market,-0.07155623129813618,1.4064172279231513,13872488,40.892
CUS-007793,3,Active Growth SMB,0.45183951938450273,0.6634806247036145,41305976,49.383
CUS-007794,0,Stable Mid-Market,-0.5323118530586248,0.7973762012511975,11032676,39.426
CUS-007795,3,Active Growth SMB,0.059912159663640475,1.20798950227754,9614391,55.706500000000005
CUS-007796,2,Stable Mid-Market (Group 3),-1.5644805984490502,-0.23107873789225128,2127679,21.0795
CUS-007797,2,Stable Mid-Market (Group 3),-0.7541816788665083,-0.45327481549395016,46714032,36.294500000000006
CUS-007798,0,Stable Mid-Market,-1.1336479675611781,1.2298868300200048,4843865,22.355
CUS-007799,3,Active Growth SMB,-0.19725834368487422,-0.9848470738273192,24442826,56.0725
CUS-007800,1,Enterprise Champions,2.947387541664102,-0.2876803934624437,800121571,56.2815
CUS-007801,1,Enterprise Champions,1.4103159968496366,-0.3053303054247348,443980955,52.0125
CUS-007802,2,Stable Mid-Market (Group 3),-2.140164529269615,-2.704143746763146,3652044,12.147
CUS-007803,0,Stable Mid-Market,-0.6074772293545463,1.5531368309893585,3174907,39.23
CUS-007804,3,Active Growth SMB,-0.6358346675764424,-0.28925842458295226,10070828,39.9705
CUS-007805,1,Enterprise Champions,1.9161310480167664,0.02133916928087975,425097101,59.572
CUS-007806,3,Active Growth SMB,-0.7751014121783427,0.39691681724356254,9617525,38.5075
CUS-007807,2,Stable Mid-Market (Group 3),-1.5579262823630549,0.08250361436730533,3583831,20.228
CUS-007808,0,Stable Mid-Market,-1.269349774582446,1.2021658093838596,2522921,23.499500000000005
CUS-007809,0,Stable Mid-Market,-1.4127766115573157,1.259640126629289,3923242,20.7615
CUS-007810,1,Enterprise Champions,2.89000450633938,0.07786257153796133,750722757,57.1135
CUS-007811,1,Enterprise Champions,2.4989932724634936,-0.7345069365930091,734437748,57.636500000000005
CUS-007812,3,Active Growth SMB,-0.2327098780812522,-0.7182502287124524,14790567,50.851
CUS-007813,2,Stable Mid-Market (Group 3),-1.5884231574258965,-2.355100823483627,4162872,26.8745
CUS-007814,3,Active Growth SMB,0.9056163161638658,0.14143960982630896,131233652,52.17099999999999
CUS-007815,2,Stable Mid-Market (Group 3),-0.702625215892584,-0.9870700925163649,16118919,40.997
CUS-007816,0,Stable Mid-Market,-0.8599708542345258,0.440177560546564,9603639,29.5755
CUS-007817,2,Stable Mid-Market (Group 3),-0.7738419719488,0.1561395538392265,8214632,33.687
CUS-007818,3,Active Growth SMB,-0.3883980493564946,-0.020946722211293563,7464415,49.9995
CUS-007819,2,Stable Mid-Market (Group 3),-0.5841710543449714,-0.8293447039670199,3049989,48.965
CUS-007820,0,Stable Mid-Market,-0.8271207267671039,2.2453882018567968,18615875,29.454
CUS-007821,3,Active Growth SMB,-0.6693041966937731,0.08240793025134578,17096798,35.361000000000004
CUS-007822,3,Active Growth SMB,-0.14291794906636146,-0.82727019203053,12564125,54.2215
CUS-007823,3,Active Growth SMB,-0.4930006395050596,-0.2680238138957614,13956284,43.6005
CUS-007824,3,Active Growth SMB,0.8164074143626397,0.26594721093383805,144779734,46.322
CUS-007825,2,Stable Mid-Market (Group 3),-1.110169231927831,0.27173133015530454,3145416,26.3085
CUS-007826,1,Enterprise Champions,4.695230991195068,-0.08951570728547226,973975153,79.51650000000001
CUS-007827,2,Stable Mid-Market (Group 3),-1.401753824141492,-0.5024673453030929,718123,25.6895
CUS-007828,1,Enterprise Champions,2.501223895006128,-0.2405351082610817,476367893,62.6785
CUS-007829,3,Active Growth SMB,-0.6003121372136893,0.2945659072904958,4464330,41.647000000000006
CUS-007830,3,Active Growth SMB,1.2711814738810203,-0.42402289390607484,247379880,63.572
CUS-007831,2,Stable Mid-Market (Group 3),-1.1549615662060337,-0.2278517320690988,4854044,29.437
CUS-007832,2,Stable Mid-Market (Group 3),-1.1074675563017895,-1.5560505553637822,17591864,36.586
CUS-007833,1,Enterprise Champions,1.58225339274794,-0.5733603645053263,601726309,53.8565
CUS-007834,2,Stable Mid-Market (Group 3),-1.0011442790168747,-0.7347758284709606,10155450,35.5715
CUS-007835,3,Active Growth SMB,-0.36118185704285194,-0.6384368328263063,20002059,49.0275
CUS-007836,3,Active Growth SMB,-0.5824536133001298,0.5153735148514771,18975206,41.5835
CUS-007837,1,Enterprise Champions,1.5869241708811601,-0.3224329177031779,326023887,60.3255
CUS-007838,0,Stable Mid-Market,-1.465248408371424,1.285307273240316,4458052,17.556
CUS-007839,2,Stable Mid-Market (Group 3),-1.2326998718936055,-1.853518954802052,399082,35.892
CUS-007840,0,Stable Mid-Market,-0.9227270581933095,0.43421934080183744,10190031,35.4615
CUS-007841,0,Stable Mid-Market,-0.9356492655741137,1.5742166157801691,3201647,26.4435
CUS-007842,3,Active Growth SMB,1.5939786717694275,0.4268424372877441,203093618,59.25449999999999
CUS-007843,3,Active Growth SMB,0.6851869364981635,-0.37158409869403286,24904310,60.732
CUS-007844,0,Stable Mid-Market,-1.1695383444263596,0.8885727430489636,21981337,26.2085
CUS-007845,1,Enterprise Champions,2.7187205755141433,-0.0001231060446857125,640759470,57.328
CUS-007846,3,Active Growth SMB,0.34282198467119224,-0.13717295775890742,232556140,43.212
CUS-007847,0,Stable Mid-Market,-0.8532597027427177,1.2913085594090716,12032587,32.7495
CUS-007848,0,Stable Mid-Market,-0.7781158821727004,0.784615214857359,4859735,31.573
CUS-007849,1,Enterprise Champions,1.857494924082137,-1.0072695742468571,511793594,59.4955
CUS-007850,2,Stable Mid-Market (Group 3),-2.278568486186694,-1.0823615089608154,4259233,3.280499999999998
CUS-007851,3,Active Growth SMB,0.030817528025127824,-0.6240146969696624,10700104,52.569
CUS-007852,2,Stable Mid-Market (Group 3),-0.8216889106582981,-0.7828342125589552,529899,43.0675
CUS-007853,3,Active Growth SMB,-0.24121435397532545,-0.6581335298041798,19357713,49.9265
CUS-007854,3,Active Growth SMB,0.0018906004886636817,0.9064313843723164,7836988,45.269000000000005
CUS-007855,1,Enterprise Champions,2.9404633293549347,0.03062723143838946,742724512,55.3585
CUS-007856,2,Stable Mid-Market (Group 3),-1.3452409550129456,-1.0466560546868486,1116397,29.1235
CUS-007857,1,Enterprise Champions,2.405886187154244,0.12101124066156325,503536166,56.626
CUS-007858,1,Enterprise Champions,2.7825717815740574,-0.5099410690176039,818905854,53.643
CUS-007859,2,Stable Mid-Market (Group 3),-1.4790027168026696,0.16285283569599443,4550375,22.163500000000003
CUS-007860,2,Stable Mid-Market (Group 3),-1.2008471487036503,-0.6309172030425413,394644,32.703500000000005
CUS-007861,2,Stable Mid-Market (Group 3),-1.140016014654726,-0.3967728674927499,23276112,27.558
CUS-007862,1,Enterprise Champions,2.950410193701041,0.17954655240139258,819979007,52.93050000000001
CUS-007863,1,Enterprise Champions,1.3615390159252119,-0.6857577265101827,566750867,50.336
CUS-007864,3,Active Growth SMB,-0.007881876536271438,0.9428887843855478,4187556,50.8275
CUS-007865,2,Stable Mid-Market (Group 3),-1.205894290385932,-0.438837129698239,601809,29.146500000000003
CUS-007866,3,Active Growth SMB,0.32007971446284333,0.7248645105886724,9872587,58.05
CUS-007867,3,Active Growth SMB,0.8855385473662956,-0.3972352496116345,139901809,57.5695
CUS-007868,3,Active Growth SMB,1.2946831315409542,0.010732586885834899,146157921,59.081500000000005
CUS-007869,2,Stable Mid-Market (Group 3),-1.0915158036830872,-0.1902730047601252,18960603,29.178
CUS-007870,3,Active Growth SMB,-0.3333145560784181,-0.1152480058842532,14025030,50.443
CUS-007871,1,Enterprise Champions,5.131019719735081,0.4798516294196158,950019253,67.29650000000001
CUS-007872,1,Enterprise Champions,3.6017285912095782,-0.12951760794148776,816632407,67.7025
CUS-007873,3,Active Growth SMB,0.9417904008438671,-0.15145597898067822,23636033,65.24600000000001
CUS-007874,3,Active Growth SMB,1.2707815116450596,-0.1337209798635818,350370041,53.97500000000001
CUS-007875,2,Stable Mid-Market (Group 3),-1.2317687879454395,-0.8056176094457155,15435216,27.49
CUS-007876,3,Active Growth SMB,1.1373498178693047,-0.20282790438746298,282620851,48.416
CUS-007877,0,Stable Mid-Market,-0.6161969947242252,0.7583824468022392,12169737,38.608
CUS-007878,2,Stable Mid-Market (Group 3),-1.341843857172939,-1.686169001381609,1192390,30.512
CUS-007879,2,Stable Mid-Market (Group 3),-1.049224601528189,-0.12782090487701878,4189569,32.036
CUS-007880,0,Stable Mid-Market,-1.5064983813250925,0.88660137853624,3148688,20.74
CUS-007881,1,Enterprise Champions,4.327072586187825,-0.5499531862291749,818869936,79.56
CUS-007882,1,Enterprise Champions,4.169231785256005,-0.07561124524695474,840441697,78.001
CUS-007883,2,Stable Mid-Market (Group 3),-1.1835024880275185,-0.9335319780979084,5309388,30.827
CUS-007884,2,Stable Mid-Market (Group 3),-1.8171719824799668,-0.06986773349807539,4515194,15.415
CUS-007885,1,Enterprise Champions,5.4236918389323066,0.7220793717827877,910863071,84.183
CUS-007886,3,Active Growth SMB,0.1786443106526518,-0.2222816098969301,4239037,59.526500000000006
CUS-007887,3,Active Growth SMB,-0.47649787514952785,-0.05353444003770025,15826900,40.560500000000005
CUS-007888,1,Enterprise Champions,4.082867862194287,-0.6112195357684329,797474786,80.99000000000001
CUS-007889,2,Stable Mid-Market (Group 3),-1.6794154525492617,-1.568672524614317,1926970,21.8795
CUS-007890,2,Stable Mid-Market (Group 3),-1.2875292669482805,-0.8836174645990374,7482751,30.5785
CUS-007891,2,Stable Mid-Market (Group 3),-0.8195285835905284,-0.15516192614909097,23683707,35.322500000000005
CUS-007892,2,Stable Mid-Market (Group 3),-1.5825042908615392,0.09545456528104315,4020097,18.332
CUS-007893,2,Stable Mid-Market (Group 3),-0.09706362091805093,-0.6595383970127601,208712802,35.647000000000006
CUS-007894,1,Enterprise Champions,1.5793832019961696,0.28793349193789003,312448699,57.4765
CUS-007895,3,Active Growth SMB,-0.4297103842382952,-0.7084073282279055,22075424,44.8735
CUS-007896,0,Stable Mid-Market,-0.5925775421825429,1.2106057622981885,10081455,35.7455
CUS-007897,0,Stable Mid-Market,-0.18470322113240664,0.9605180149846613,10563568,38.11150000000001
CUS-007898,3,Active Growth SMB,0.2890340631931901,-0.22467211293985193,266664773,39.440000000000005
CUS-007899,2,Stable Mid-Market (Group 3),-1.6226921682774047,-0.930174044045349,4555049,21.396
CUS-007900,0,Stable Mid-Market,-0.6980146887267943,0.43473711494896206,14960835,35.065000000000005
CUS-007901,3,Active Growth SMB,-0.1089092192649551,0.06205111550988454,10942511,46.96
CUS-007902,3,Active Growth SMB,-0.8697217239292973,0.19270696065946197,24504398,38.13
CUS-007903,0,Stable Mid-Market,-1.3525881727940328,0.3826602575984255,1613706,22.750000000000004
CUS-007904,0,Stable Mid-Market,-0.19224061210733398,1.0769372930206806,19854817,40.925
CUS-007905,0,Stable Mid-Market,-1.438154466814118,0.9126002794442187,2016943,21.208
CUS-007906,1,Enterprise Champions,4.332249756419381,-0.41975000311959526,936768959,78.69550000000001
CUS-007907,2,Stable Mid-Market (Group 3),-0.8747173955142898,-0.7332932506650082,16716598,35.43050000000001
CUS-007908,0,Stable Mid-Market,-1.1801952575106733,0.5778862999629055,3125302,29.466
CUS-007909,2,Stable Mid-Market (Group 3),-0.6547999862976452,-1.1574897705115328,12449546,46.9585
CUS-007910,3,Active Growth SMB,-0.24884531179881347,0.5517523563158989,6964007,47.497
CUS-007911,3,Active Growth SMB,-0.3597325275121633,0.13400845216338453,3586278,50.3935
CUS-007912,2,Stable Mid-Market (Group 3),-0.7081907411478108,-0.22944908057185048,59392165,37.6645
CUS-007913,3,Active Growth SMB,-0.5891498592402203,-0.014351848659965713,24924788,36.62050000000001
CUS-007914,2,Stable Mid-Market (Group 3),-0.6984165951056474,-0.4415699101851866,1268756,40.56400000000001
CUS-007915,0,Stable Mid-Market,-1.2454486315595334,1.9339119493054533,1118994,18.0515
CUS-007916,2,Stable Mid-Market (Group 3),-1.6810556730110235,-0.27590154701450215,677557,16.043
CUS-007917,0,Stable Mid-Market,-1.2378047377839347,0.3997253377750218,782382,25.9755
CUS-007918,1,Enterprise Champions,4.464453145070016,-0.641931642740304,988618096,74.6415
CUS-007919,2,Stable Mid-Market (Group 3),-1.9232067109044773,-2.1368050227598903,2208596,16.9075
CUS-007920,0,Stable Mid-Market,-0.5981037250641067,2.5801610990694868,5012162,24.948
CUS-007921,2,Stable Mid-Market (Group 3),-0.9783957219443233,-0.5952469921417046,18281623,32.512
CUS-007922,2,Stable Mid-Market (Group 3),-0.9730490138171126,0.06303221810418637,11669038,31.7925
CUS-007923,2,Stable Mid-Market (Group 3),-1.0816035391878551,-0.5229692932228898,902182,34.8045
CUS-007924,2,Stable Mid-Market (Group 3),-0.7430067410957,-0.48400462472886147,13964990,36.9435
CUS-007925,0,Stable Mid-Market,-0.6395711423123299,1.3833714933217072,2541712,39.009
CUS-007926,0,Stable Mid-Market,0.03147288045693658,0.7026264447263596,126014891,32.35
CUS-007927,1,Enterprise Champions,1.4301009811269205,0.2999147655153044,450360010,46.065
CUS-007928,2,Stable Mid-Market (Group 3),-0.813944291170944,-0.45221414659033266,19354505,33.535
CUS-007929,1,Enterprise Champions,2.6317017478079467,-0.12452549230561902,567919693,60.498
CUS-007930,0,Stable Mid-Market,-0.8627126751892176,0.4294005059342189,3653613,31.1745
CUS-007931,3,Active Growth SMB,-0.48675357402793706,0.2468619328227619,3761087,45.099500000000006
CUS-007932,2,Stable Mid-Market (Group 3),-0.9309754680675111,-0.7473755105409923,24076603,28.7795
CUS-007933,3,Active Growth SMB,0.6681229781178433,-0.05440185404402196,178705201,52.521
CUS-007934,3,Active Growth SMB,0.5456269078021423,-0.5952521556704433,133891983,53.6875
CUS-007935,0,Stable Mid-Market,-0.9577955228615698,0.6682926989527602,5552186,29.824
CUS-007936,2,Stable Mid-Market (Group 3),-0.8478249149218746,-0.6838901201795469,8267543,38.9375
CUS-007937,2,Stable Mid-Market (Group 3),-0.21919968665774972,-0.4117935116661869,292869044,30.2825
CUS-007938,1,Enterprise Champions,1.4392279772631917,-0.8819364794699696,668838072,47.5625
CUS-007939,1,Enterprise Champions,2.0162161297390178,-0.05330196718859098,367286640,63.59
CUS-007940,2,Stable Mid-Market (Group 3),-1.439771493540129,-0.7837816832286709,21657647,21.943
CUS-007941,1,Enterprise Champions,1.7576308814509227,0.2518206333606127,472190058,58.928
CUS-007942,0,Stable Mid-Market,-0.9915582085597525,0.5227305494031905,15422571,25.075000000000003
CUS-007943,2,Stable Mid-Market (Group 3),-0.7523600027966607,-0.1946921642626242,13747558,34.936499999999995
CUS-007944,3,Active Growth SMB,-0.28914243834442893,-0.4694173842513674,6892060,50.87349999999999
CUS-007945,0,Stable Mid-Market,-0.824559531990457,0.7318206354464845,13682059,34.18000000000001
CUS-007946,1,Enterprise Champions,1.862278871064956,-0.04176933278370665,125377661,69.01950000000001
CUS-007947,0,Stable Mid-Market,-1.2786131072784472,0.5048242847256774,4287045,25.513
CUS-007948,3,Active Growth SMB,-0.5372788993013545,0.09191935242495067,24572289,40.8055
CUS-007949,0,Stable Mid-Market,-0.4788161164617527,0.8199005533023425,19110649,41.764
CUS-007950,2,Stable Mid-Market (Group 3),-1.1474127523348394,-1.585086804931563,3670487,36.905
CUS-007951,2,Stable Mid-Market (Group 3),-1.191177818457799,-1.2917246423568027,4519057,32.8985
CUS-007952,2,Stable Mid-Market (Group 3),-0.9492946492846708,-0.33217240246285906,3851829,29.943
CUS-007953,2,Stable Mid-Market (Group 3),-1.9053569575629985,-0.8792734083757019,1341108,11.9685
CUS-007954,1,Enterprise Champions,3.2084184982103947,-0.2650217774879216,953894416,55.2975
CUS-007955,2,Stable Mid-Market (Group 3),-0.8520357265070294,-0.33570883433555615,1119996,41.655
CUS-007956,3,Active Growth SMB,0.26267370924683076,0.9561230104158345,7012643,50.7225
CUS-007957,2,Stable Mid-Market (Group 3),-0.600321256871769,-0.725093500798068,8975862,44.3515
CUS-007958,3,Active Growth SMB,0.5255586098549747,-0.4024953179522727,362750611,39.815
CUS-007959,1,Enterprise Champions,3.0145209926928094,0.012650212738171593,561815262,58.44199999999999
CUS-007960,2,Stable Mid-Market (Group 3),-1.770922643634625,-1.3213842976777048,4479631,17.816000000000003
CUS-007961,1,Enterprise Champions,4.174994826441,-0.053273773440437315,844918841,69.2355
CUS-007962,3,Active Growth SMB,1.4181709564503904,0.25477425313107244,176940916,51.7245
CUS-007963,3,Active Growth SMB,-0.10243177758100341,-0.41026509487221585,8355863,51.8055
CUS-007964,2,Stable Mid-Market (Group 3),-1.3657512173312034,-2.638704472792059,2261568,34.138000000000005
CUS-007965,1,Enterprise Champions,4.824678433490604,-0.1562343578400582,891730541,83.09450000000001
CUS-007966,2,Stable Mid-Market (Group 3),-1.381278108119175,-0.619547760379195,566068,27.5435
CUS-007967,2,Stable Mid-Market (Group 3),-1.1848806215233663,-1.4151362658855517,16260706,32.8775
CUS-007968,2,Stable Mid-Market (Group 3),-1.1340707834810184,-0.27069358226762097,3424194,31.294500000000003
CUS-007969,1,Enterprise Champions,3.3158581767012856,-0.34408601076634654,723136908,72.5395
CUS-007970,2,Stable Mid-Market (Group 3),-0.6357490304951998,-0.11869792236809555,49562567,34.495000000000005
CUS-007971,3,Active Growth SMB,-0.1689638632672598,0.5089930610319509,17390995,48.002
CUS-007972,1,Enterprise Champions,4.434159070100021,0.4001652149840964,897812776,69.3185
CUS-007973,3,Active Growth SMB,0.09423180268665451,0.478644329360063,23227825,49.959
CUS-007974,3,Active Growth SMB,1.5859078696463564,0.5511103763800368,229178138,58.32149999999999
CUS-007975,2,Stable Mid-Market (Group 3),-1.0052226693432735,-1.306366102223495,3552539,38.25600000000001
CUS-007976,0,Stable Mid-Market,-0.9857743436528462,1.2467589819806066,4551538,28.037000000000003
CUS-007977,2,Stable Mid-Market (Group 3),-1.8813248409568746,-2.745321509455337,1725472,19.727
CUS-007978,2,Stable Mid-Market (Group 3),-1.2777987951850003,-0.6148648937283323,2365558,27.752
CUS-007979,0,Stable Mid-Market,-0.4963623516918139,2.759886567888436,635491,35.7145
CUS-007980,3,Active Growth SMB,-0.028689919488971025,-0.09579956607541673,13556376,47.063
CUS-007981,2,Stable Mid-Market (Group 3),-0.9679890035166251,-1.335110969492399,4900341,39.343
CUS-007982,3,Active Growth SMB,-0.6842860951190586,0.4725397841611824,2135539,41.239
CUS-007983,2,Stable Mid-Market (Group 3),-1.299265199793846,-0.2298164781854026,3462862,29.544500000000003
CUS-007984,2,Stable Mid-Market (Group 3),-0.9135619291744792,-1.1237008295156208,1273003,39.5295
CUS-007985,2,Stable Mid-Market (Group 3),-1.3388185115728481,-0.02266021073870461,4924023,20.1865
CUS-007986,1,Enterprise Champions,5.003355612774734,0.5059586286837098,961512649,80.6375
CUS-007987,0,Stable Mid-Market,-1.1535188626728117,1.1851625820580913,4487679,31.515
CUS-007988,3,Active Growth SMB,-0.418056748475939,-0.6036932057071884,1706577,52.87649999999999
CUS-007989,0,Stable Mid-Market,-0.322958120868023,1.73899428603593,11984774,37.0085
CUS-007990,0,Stable Mid-Market,-0.9075601917421291,3.300319593256263,2708730,33.908500000000004
CUS-007991,3,Active Growth SMB,-0.6458559418210508,0.273364181277663,6589201,37.896
CUS-007992,2,Stable Mid-Market (Group 3),-0.8327807545398835,-2.105698198052921,4278127,47.3625
CUS-007993,3,Active Growth SMB,1.3190363384812447,-0.28391779951780105,219023692,62.072
CUS-007994,0,Stable Mid-Market,-0.9089116093290645,0.32820530193679887,4878867,31.5665
CUS-007995,3,Active Growth SMB,1.200700192915529,-0.9255166715609809,403937371,55.507
CUS-007996,3,Active Growth SMB,0.5616098536976818,0.6187583190526119,7627770,61.4895
CUS-007997,1,Enterprise Champions,4.665919862173981,-0.3469133555844875,669209518,87.57050000000001
CUS-007998,2,Stable Mid-Market (Group 3),-0.9900599664711814,-0.21111406437073188,15907498,30.281
CUS-007999,1,Enterprise Champions,1.7538791306855492,-0.7083395025453941,497358385,62.839
CUS-008000,2,Stable Mid-Market (Group 3),-0.8899651069823992,-0.4216664509271385,1201232,39.861
