customer_id,actual_churn,predicted_churn,churn_probability
CUS-000001,1,1,0.9993895
CUS-000002,1,1,0.9993895
CUS-000003,1,1,0.9993895
CUS-000004,1,1,0.9993895
CUS-000005,1,1,0.9993895
CUS-000006,1,1,0.9993895
CUS-000007,1,1,0.9993895
CUS-000008,1,1,0.9993895
CUS-000009,0,0,0.00061042677
CUS-000010,1,1,0.9993895
CUS-000011,1,1,0.9993895
CUS-000012,1,1,0.9993895
CUS-000013,1,1,0.9993895
CUS-000014,1,1,0.9993895
CUS-000015,1,1,0.9993895
CUS-000016,0,0,0.00061042677
CUS-000017,1,1,0.9993895
CUS-000018,0,0,0.00061042677
CUS-000019,1,1,0.9993895
CUS-000020,1,1,0.9993895
CUS-000021,1,1,0.9993895
CUS-000022,1,1,0.9993895
CUS-000023,1,1,0.9993895
CUS-000024,1,1,0.9993895
CUS-000025,1,1,0.9993895
CUS-000026,0,0,0.00061042677
CUS-000027,1,1,0.9993895
CUS-000028,1,1,0.9993895
CUS-000029,0,0,0.00061042677
CUS-000030,1,1,0.9993895
CUS-000031,1,1,0.9993895
CUS-000032,1,1,0.9993895
CUS-000033,1,1,0.9993895
CUS-000034,1,1,0.9993895
CUS-000035,1,1,0.9993895
CUS-000036,1,1,0.9993895
CUS-000037,0,0,0.00061042677
CUS-000038,1,1,0.9993895
CUS-000039,0,0,0.00061042677
CUS-000040,1,1,0.9993895
CUS-000041,1,1,0.9993895
CUS-000042,1,1,0.9993895
CUS-000043,1,1,0.9993895
CUS-000044,1,1,0.9993895
CUS-000045,1,1,0.9993895
CUS-000046,1,1,0.9993895
CUS-000047,1,1,0.9993895
CUS-000048,1,1,0.9993895
CUS-000049,1,1,0.9993895
CUS-000050,1,1,0.9993895
CUS-000051,1,1,0.9993895
CUS-000052,0,0,0.00061042677
CUS-000053,1,1,0.9993895
CUS-000054,1,1,0.9993895
CUS-000055,1,1,0.9993895
CUS-000056,1,1,0.9993895
CUS-000057,1,1,0.9993895
CUS-000058,1,1,0.9993895
CUS-000059,0,0,0.00061042677
CUS-000060,1,1,0.9993895
CUS-000061,1,1,0.9993895
CUS-000062,1,1,0.9993895
CUS-000063,1,1,0.9993895
CUS-000064,1,1,0.9993895
CUS-000065,1,1,0.9993895
CUS-000066,0,0,0.00061042677
CUS-000067,1,1,0.9993895
CUS-000068,0,0,0.00061042677
CUS-000069,1,1,0.9993895
CUS-000070,0,0,0.00061042677
CUS-000071,0,0,0.00061042677
CUS-000072,1,1,0.9993895
CUS-000073,1,1,0.9993895
CUS-000074,0,0,0.00061042677
CUS-000075,0,0,0.00061042677
CUS-000076,1,1,0.9993895
CUS-000077,1,1,0.9993895
CUS-000078,1,1,0.9993895
CUS-000079,1,1,0.9993895
CUS-000080,1,1,0.9993895
CUS-000081,1,1,0.9993895
CUS-000082,0,0,0.00061042677
CUS-000083,1,1,0.9993895
CUS-000084,1,1,0.9993895
CUS-000085,1,1,0.9993895
CUS-000086,1,1,0.9993895
CUS-000087,1,1,0.9993895
CUS-000088,1,1,0.9993895
CUS-000089,0,0,0.00061042677
CUS-000090,1,1,0.9993895
CUS-000091,0,0,0.00061042677
CUS-000092,1,1,0.9993895
CUS-000093,1,1,0.9993895
CUS-000094,1,1,0.9993895
CUS-000095,1,1,0.9993895
CUS-000096,1,1,0.9993895
CUS-000097,1,1,0.9993895
CUS-000098,1,1,0.9993895
CUS-000099,1,1,0.9993895
CUS-000100,1,1,0.9993895
CUS-000101,1,1,0.9993895
CUS-000102,1,1,0.9993895
CUS-000103,0,0,0.00061042677
CUS-000104,1,1,0.9993895
CUS-000105,1,1,0.9993895
CUS-000106,1,1,0.9993895
CUS-000107,0,0,0.00061042677
CUS-000108,1,1,0.9993895
CUS-000109,0,0,0.00061042677
CUS-000110,1,1,0.9993895
CUS-000111,1,1,0.9993895
CUS-000112,1,1,0.9993895
CUS-000113,0,0,0.00061042677
CUS-000114,1,1,0.9993895
CUS-000115,0,0,0.00061042677
CUS-000116,1,1,0.9993895
CUS-000117,1,1,0.9993895
CUS-000118,1,1,0.9993895
CUS-000119,1,1,0.9993895
CUS-000120,1,1,0.9993895
CUS-000121,1,1,0.9993895
CUS-000122,0,0,0.00061042677
CUS-000123,0,0,0.00061042677
CUS-000124,1,1,0.9993895
CUS-000125,0,0,0.00061042677
CUS-000126,1,1,0.9993895
CUS-000127,1,1,0.9993895
CUS-000128,0,0,0.00061042677
CUS-000129,0,0,0.00061042677
CUS-000130,1,1,0.9993895
CUS-000131,0,0,0.00061042677
CUS-000132,1,1,0.9993895
CUS-000133,1,1,0.9993895
CUS-000134,1,1,0.9993895
CUS-000135,1,1,0.9993895
CUS-000136,0,0,0.00061042677
CUS-000137,1,1,0.9993895
CUS-000138,1,1,0.9993895
CUS-000139,1,1,0.9993895
CUS-000140,1,1,0.9993895
CUS-000141,1,1,0.9993895
CUS-000142,1,1,0.9993895
CUS-000143,1,1,0.9993895
CUS-000144,1,1,0.9993895
CUS-000145,1,1,0.9993895
CUS-000146,0,0,0.00061042677
CUS-000147,1,1,0.9993895
CUS-000148,0,0,0.00061042677
CUS-000149,1,1,0.9993895
CUS-000150,0,0,0.00061042677
CUS-000151,1,1,0.9993895
CUS-000152,1,1,0.9993895
CUS-000153,0,0,0.00061042677
CUS-000154,1,1,0.9993895
CUS-000155,0,0,0.00061042677
CUS-000156,1,1,0.9993895
CUS-000157,1,1,0.9993895
CUS-000158,1,1,0.9993895
CUS-000159,1,1,0.9993895
CUS-000160,1,1,0.9993895
CUS-000161,0,0,0.00061042677
CUS-000162,1,1,0.9993895
CUS-000163,1,1,0.9993895
CUS-000164,1,1,0.9993895
CUS-000165,1,1,0.9993895
CUS-000166,1,1,0.9993895
CUS-000167,1,1,0.9993895
CUS-000168,1,1,0.9993895
CUS-000169,1,1,0.9993895
CUS-000170,1,1,0.9993895
CUS-000171,1,1,0.9993895
CUS-000172,1,1,0.9993895
CUS-000173,1,1,0.9993895
CUS-000174,1,1,0.9993895
CUS-000175,1,1,0.9993895
CUS-000176,1,1,0.9993895
CUS-000177,1,1,0.9993895
CUS-000178,1,1,0.9993895
CUS-000179,1,1,0.9993895
CUS-000180,1,1,0.9993895
CUS-000181,1,1,0.9993895
CUS-000182,1,1,0.9993895
CUS-000183,1,1,0.9993895
CUS-000184,1,1,0.9993895
CUS-000185,1,1,0.9993895
CUS-000186,1,1,0.9993895
CUS-000187,1,1,0.9993895
CUS-000188,0,0,0.00061042677
CUS-000189,1,1,0.9993895
CUS-000190,0,0,0.00061042677
CUS-000191,1,1,0.9993895
CUS-000192,1,1,0.9993895
CUS-000193,1,1,0.9993895
CUS-000194,1,1,0.9993895
CUS-000195,1,1,0.9993895
CUS-000196,0,0,0.00061042677
CUS-000197,1,1,0.9993895
CUS-000198,1,1,0.9993895
CUS-000199,0,0,0.00061042677
CUS-000200,1,1,0.9993895
CUS-000201,1,1,0.9993895
CUS-000202,1,1,0.9993895
CUS-000203,1,1,0.9993895
CUS-000204,1,1,0.9993895
CUS-000205,1,1,0.9993895
CUS-000206,1,1,0.9993895
CUS-000207,1,1,0.9993895
CUS-000208,1,1,0.9993895
CUS-000209,1,1,0.9993895
CUS-000210,1,1,0.9993895
CUS-000211,1,1,0.9993895
CUS-000212,1,1,0.9993895
CUS-000213,1,1,0.9993895
CUS-000214,1,1,0.9993895
CUS-000215,1,1,0.9993895
CUS-000216,1,1,0.9993895
CUS-000217,1,1,0.9993895
CUS-000218,1,1,0.9993895
CUS-000219,1,1,0.9993895
CUS-000220,1,1,0.9993895
CUS-000221,1,1,0.9993895
CUS-000222,1,1,0.9993895
CUS-000223,1,1,0.9993895
CUS-000224,1,1,0.9993895
CUS-000225,1,1,0.9993895
CUS-000226,1,1,0.9993895
CUS-000227,1,1,0.9993895
CUS-000228,1,1,0.9993895
CUS-000229,1,1,0.9993895
CUS-000230,0,0,0.00061042677
CUS-000231,0,0,0.00061042677
CUS-000232,1,1,0.9993895
CUS-000233,1,1,0.9993895
CUS-000234,1,1,0.9993895
CUS-000235,1,1,0.9993895
CUS-000236,1,1,0.9993895
CUS-000237,1,1,0.9993895
CUS-000238,1,1,0.9993895
CUS-000239,0,0,0.00061042677
CUS-000240,0,0,0.00061042677
CUS-000241,1,1,0.9993895
CUS-000242,1,1,0.9993895
CUS-000243,0,0,0.00061042677
CUS-000244,1,1,0.9993895
CUS-000245,1,1,0.9993895
CUS-000246,1,1,0.9993895
CUS-000247,1,1,0.9993895
CUS-000248,1,1,0.9993895
CUS-000249,1,1,0.9993895
CUS-000250,1,1,0.9993895
CUS-000251,1,1,0.9993895
CUS-000252,1,1,0.9993895
CUS-000253,1,1,0.9993895
CUS-000254,0,0,0.00061042677
CUS-000255,1,1,0.9993895
CUS-000256,1,1,0.9993895
CUS-000257,1,1,0.9993895
CUS-000258,0,0,0.00061042677
CUS-000259,0,0,0.00061042677
CUS-000260,1,1,0.9993895
CUS-000261,1,1,0.9993895
CUS-000262,1,1,0.9993895
CUS-000263,1,1,0.9993895
CUS-000264,1,1,0.9993895
CUS-000265,1,1,0.9993895
CUS-000266,0,0,0.00061042677
CUS-000267,0,0,0.00061042677
CUS-000268,0,0,0.00061042677
CUS-000269,0,0,0.00061042677
CUS-000270,1,1,0.9993895
CUS-000271,0,0,0.00061042677
CUS-000272,0,0,0.00061042677
CUS-000273,1,1,0.9993895
CUS-000274,1,1,0.9993895
CUS-000275,1,1,0.9993895
CUS-000276,1,1,0.9993895
CUS-000277,1,1,0.9993895
CUS-000278,1,1,0.9993895
CUS-000279,1,1,0.9993895
CUS-000280,1,1,0.9993895
CUS-000281,1,1,0.9993895
CUS-000282,1,1,0.9993895
CUS-000283,1,1,0.9993895
CUS-000284,1,1,0.9993895
CUS-000285,0,0,0.00061042677
CUS-000286,1,1,0.9993895
CUS-000287,1,1,0.9993895
CUS-000288,1,1,0.9993895
CUS-000289,0,0,0.00061042677
CUS-000290,0,0,0.00061042677
CUS-000291,1,1,0.9993895
CUS-000292,1,1,0.9993895
CUS-000293,1,1,0.9993895
CUS-000294,1,1,0.9993895
CUS-000295,1,1,0.9993895
CUS-000296,1,1,0.9993895
CUS-000297,1,1,0.9993895
CUS-000298,1,1,0.9993895
CUS-000299,1,1,0.9993895
CUS-000300,1,1,0.9993895
CUS-000301,1,1,0.9993895
CUS-000302,1,1,0.9993895
CUS-000303,1,1,0.9993895
CUS-000304,1,1,0.9993895
CUS-000305,1,1,0.9993895
CUS-000306,1,1,0.9993895
CUS-000307,1,1,0.9993895
CUS-000308,1,1,0.9993895
CUS-000309,0,0,0.00061042677
CUS-000310,0,0,0.00061042677
CUS-000311,1,1,0.9993895
CUS-000312,1,1,0.9993895
CUS-000313,0,0,0.00061042677
CUS-000314,1,1,0.9993895
CUS-000315,1,1,0.9993895
CUS-000316,1,1,0.9993895
CUS-000317,1,1,0.9993895
CUS-000318,1,1,0.9993895
CUS-000319,0,0,0.00061042677
CUS-000320,1,1,0.9993895
CUS-000321,1,1,0.9993895
CUS-000322,1,1,0.9993895
CUS-000323,1,1,0.9993895
CUS-000324,1,1,0.9993895
CUS-000325,1,1,0.9993895
CUS-000326,1,1,0.9993895
CUS-000327,1,1,0.9993895
CUS-000328,1,1,0.9993895
CUS-000329,1,1,0.9993895
CUS-000330,1,1,0.9993895
CUS-000331,1,1,0.9993895
CUS-000332,1,1,0.9993895
CUS-000333,1,1,0.9993895
CUS-000334,1,1,0.9993895
CUS-000335,0,0,0.00061042677
CUS-000336,1,1,0.9993895
CUS-000337,1,1,0.9993895
CUS-000338,1,1,0.9993895
CUS-000339,0,0,0.00061042677
CUS-000340,1,1,0.9993895
CUS-000341,1,1,0.9993895
CUS-000342,1,1,0.9993895
CUS-000343,1,1,0.9993895
CUS-000344,1,1,0.9993895
CUS-000345,1,1,0.9993895
CUS-000346,1,1,0.9993895
CUS-000347,1,1,0.9993895
CUS-000348,0,0,0.00061042677
CUS-000349,1,1,0.9993895
CUS-000350,0,0,0.00061042677
CUS-000351,1,1,0.9993895
CUS-000352,0,0,0.00061042677
CUS-000353,1,1,0.9993895
CUS-000354,1,1,0.9993895
CUS-000355,1,1,0.9993895
CUS-000356,0,0,0.00061042677
CUS-000357,1,1,0.9993895
CUS-000358,1,1,0.9993895
CUS-000359,0,0,0.00061042677
CUS-000360,1,1,0.9993895
CUS-000361,1,1,0.9993895
CUS-000362,0,0,0.00061042677
CUS-000363,0,0,0.00061042677
CUS-000364,0,0,0.00061042677
CUS-000365,1,1,0.9993895
CUS-000366,1,1,0.9993895
CUS-000367,1,1,0.9993895
CUS-000368,1,1,0.9993895
CUS-000369,1,1,0.9993895
CUS-000370,1,1,0.9993895
CUS-000371,1,1,0.9993895
CUS-000372,0,0,0.00061042677
CUS-000373,1,1,0.9993895
CUS-000374,1,1,0.9993895
CUS-000375,0,0,0.00061042677
CUS-000376,0,0,0.00061042677
CUS-000377,1,1,0.9993895
CUS-000378,1,1,0.9993895
CUS-000379,1,1,0.9993895
CUS-000380,1,1,0.9993895
CUS-000381,1,1,0.9993895
CUS-000382,1,1,0.9993895
CUS-000383,1,1,0.9993895
CUS-000384,1,1,0.9993895
CUS-000385,1,1,0.9993895
CUS-000386,1,1,0.9993895
CUS-000387,1,1,0.9993895
CUS-000388,1,1,0.9993895
CUS-000389,0,0,0.00061042677
CUS-000390,1,1,0.9993895
CUS-000391,1,1,0.9993895
CUS-000392,0,0,0.00061042677
CUS-000393,1,1,0.9993895
CUS-000394,0,0,0.00061042677
CUS-000395,1,1,0.9993895
CUS-000396,1,1,0.9993895
CUS-000397,1,1,0.9993895
CUS-000398,1,1,0.9993895
CUS-000399,1,1,0.9993895
CUS-000400,1,1,0.9993895
CUS-000401,1,1,0.9993895
CUS-000402,1,1,0.9993895
CUS-000403,1,1,0.9993895
CUS-000404,0,0,0.00061042677
CUS-000405,0,0,0.00061042677
CUS-000406,1,1,0.9993895
CUS-000407,1,1,0.9993895
CUS-000408,1,1,0.9993895
CUS-000409,0,0,0.00061042677
CUS-000410,1,1,0.9993895
CUS-000411,1,1,0.9993895
CUS-000412,1,1,0.9993895
CUS-000413,1,1,0.9993895
CUS-000414,1,1,0.9993895
CUS-000415,0,0,0.00061042677
CUS-000416,0,0,0.00061042677
CUS-000417,0,0,0.00061042677
CUS-000418,1,1,0.9993895
CUS-000419,0,0,0.00061042677
CUS-000420,1,1,0.9993895
CUS-000421,1,1,0.9993895
CUS-000422,0,0,0.00061042677
CUS-000423,0,0,0.00061042677
CUS-000424,0,0,0.00061042677
CUS-000425,1,1,0.9993895
CUS-000426,1,1,0.9993895
CUS-000427,1,1,0.9993895
CUS-000428,1,1,0.9993895
CUS-000429,0,0,0.00061042677
CUS-000430,1,1,0.9993895
CUS-000431,1,1,0.9993895
CUS-000432,1,1,0.9993895
CUS-000433,1,1,0.9993895
CUS-000434,1,1,0.9993895
CUS-000435,1,1,0.9993895
CUS-000436,0,0,0.00061042677
CUS-000437,0,0,0.00061042677
CUS-000438,1,1,0.9993895
CUS-000439,0,0,0.00061042677
CUS-000440,1,1,0.9993895
CUS-000441,1,1,0.9993895
CUS-000442,1,1,0.9993895
CUS-000443,1,1,0.9993895
CUS-000444,0,0,0.00061042677
CUS-000445,0,0,0.00061042677
CUS-000446,1,1,0.9993895
CUS-000447,1,1,0.9993895
CUS-000448,1,1,0.9993895
CUS-000449,1,1,0.9993895
CUS-000450,1,1,0.9993895
CUS-000451,0,0,0.00061042677
CUS-000452,1,1,0.9993895
CUS-000453,1,1,0.9993895
CUS-000454,0,0,0.00061042677
CUS-000455,0,0,0.00061042677
CUS-000456,1,1,0.9993895
CUS-000457,1,1,0.9993895
CUS-000458,1,1,0.9993895
CUS-000459,1,1,0.9993895
CUS-000460,1,1,0.9993895
CUS-000461,1,1,0.9993895
CUS-000462,0,0,0.00061042677
CUS-000463,1,1,0.9993895
CUS-000464,1,1,0.9993895
CUS-000465,1,1,0.9993895
CUS-000466,1,1,0.9993895
CUS-000467,1,1,0.9993895
CUS-000468,1,1,0.9993895
CUS-000469,0,0,0.00061042677
CUS-000470,1,1,0.9993895
CUS-000471,1,1,0.9993895
CUS-000472,1,1,0.9993895
CUS-000473,0,0,0.00061042677
CUS-000474,1,1,0.9993895
CUS-000475,0,0,0.00061042677
CUS-000476,1,1,0.9993895
CUS-000477,1,1,0.9993895
CUS-000478,1,1,0.9993895
CUS-000479,1,1,0.9993895
CUS-000480,1,1,0.9993895
CUS-000481,1,1,0.9993895
CUS-000482,0,0,0.00061042677
CUS-000483,1,1,0.9993895
CUS-000484,0,0,0.00061042677
CUS-000485,1,1,0.9993895
CUS-000486,1,1,0.9993895
CUS-000487,1,1,0.9993895
CUS-000488,0,0,0.00061042677
CUS-000489,1,1,0.9993895
CUS-000490,1,1,0.9993895
CUS-000491,1,1,0.9993895
CUS-000492,1,1,0.9993895
CUS-000493,1,1,0.9993895
CUS-000494,1,1,0.9993895
CUS-000495,1,1,0.9993895
CUS-000496,1,1,0.9993895
CUS-000497,1,1,0.9993895
CUS-000498,1,1,0.9993895
CUS-000499,1,1,0.9993895
CUS-000500,1,1,0.9993895
CUS-000501,1,1,0.9993895
CUS-000502,1,1,0.9993895
CUS-000503,1,1,0.9993895
CUS-000504,1,1,0.9993895
CUS-000505,0,0,0.00061042677
CUS-000506,1,1,0.9993895
CUS-000507,1,1,0.9993895
CUS-000508,0,0,0.00061042677
CUS-000509,1,1,0.9993895
CUS-000510,0,0,0.00061042677
CUS-000511,0,0,0.00061042677
CUS-000512,1,1,0.9993895
CUS-000513,1,1,0.9993895
CUS-000514,0,0,0.00061042677
CUS-000515,1,1,0.9993895
CUS-000516,1,1,0.9993895
CUS-000517,1,1,0.9993895
CUS-000518,1,1,0.9993895
CUS-000519,0,0,0.00061042677
CUS-000520,1,1,0.9993895
CUS-000521,1,1,0.9993895
CUS-000522,1,1,0.9993895
CUS-000523,0,0,0.00061042677
CUS-000524,1,1,0.9993895
CUS-000525,1,1,0.9993895
CUS-000526,1,1,0.9993895
CUS-000527,1,1,0.9993895
CUS-000528,1,1,0.9993895
CUS-000529,1,1,0.9993895
CUS-000530,1,1,0.9993895
CUS-000531,1,1,0.9993895
CUS-000532,1,1,0.9993895
CUS-000533,1,1,0.9993895
CUS-000534,1,1,0.9993895
CUS-000535,0,0,0.00061042677
CUS-000536,0,0,0.00061042677
CUS-000537,1,1,0.9993895
CUS-000538,0,0,0.00061042677
CUS-000539,0,0,0.00061042677
CUS-000540,1,1,0.9993895
CUS-000541,1,1,0.9993895
CUS-000542,0,0,0.00061042677
CUS-000543,1,1,0.9993895
CUS-000544,1,1,0.9993895
CUS-000545,0,0,0.00061042677
CUS-000546,0,0,0.00061042677
CUS-000547,1,1,0.9993895
CUS-000548,1,1,0.9993895
CUS-000549,1,1,0.9993895
CUS-000550,1,1,0.9993895
CUS-000551,1,1,0.9993895
CUS-000552,0,0,0.00061042677
CUS-000553,0,0,0.00061042677
CUS-000554,1,1,0.9993895
CUS-000555,0,0,0.00061042677
CUS-000556,0,0,0.00061042677
CUS-000557,1,1,0.9993895
CUS-000558,1,1,0.9993895
CUS-000559,1,1,0.9993895
CUS-000560,1,1,0.9993895
CUS-000561,0,0,0.00061042677
CUS-000562,0,0,0.00061042677
CUS-000563,1,1,0.9993895
CUS-000564,1,1,0.9993895
CUS-000565,1,1,0.9993895
CUS-000566,1,1,0.9993895
CUS-000567,1,1,0.9993895
CUS-000568,0,0,0.00061042677
CUS-000569,1,1,0.9993895
CUS-000570,1,1,0.9993895
CUS-000571,1,1,0.9993895
CUS-000572,1,1,0.9993895
CUS-000573,1,1,0.9993895
CUS-000574,1,1,0.9993895
CUS-000575,1,1,0.9993895
CUS-000576,1,1,0.9993895
CUS-000577,1,1,0.9993895
CUS-000578,0,0,0.00061042677
CUS-000579,1,1,0.9993895
CUS-000580,0,0,0.00061042677
CUS-000581,1,1,0.9993895
CUS-000582,1,1,0.9993895
CUS-000583,1,1,0.9993895
CUS-000584,1,1,0.9993895
CUS-000585,1,1,0.9993895
CUS-000586,0,0,0.00061042677
CUS-000587,1,1,0.9993895
CUS-000588,1,1,0.9993895
CUS-000589,0,0,0.00061042677
CUS-000590,1,1,0.9993895
CUS-000591,1,1,0.9993895
CUS-000592,1,1,0.9993895
CUS-000593,1,1,0.9993895
CUS-000594,1,1,0.9993895
CUS-000595,0,0,0.00061042677
CUS-000596,0,0,0.00061042677
CUS-000597,1,1,0.9993895
CUS-000598,1,1,0.9993895
CUS-000599,1,1,0.9993895
CUS-000600,1,1,0.9993895
CUS-000601,1,1,0.9993895
CUS-000602,1,1,0.9993895
CUS-000603,1,1,0.9993895
CUS-000604,1,1,0.9993895
CUS-000605,1,1,0.9993895
CUS-000606,1,1,0.9993895
CUS-000607,1,1,0.9993895
CUS-000608,1,1,0.9993895
CUS-000609,1,1,0.9993895
CUS-000610,1,1,0.9993895
CUS-000611,1,1,0.9993895
CUS-000612,0,0,0.00061042677
CUS-000613,1,1,0.9993895
CUS-000614,1,1,0.9993895
CUS-000615,1,1,0.9993895
CUS-000616,1,1,0.9993895
CUS-000617,1,1,0.9993895
CUS-000618,1,1,0.9993895
CUS-000619,0,0,0.00061042677
CUS-000620,0,0,0.00061042677
CUS-000621,1,1,0.9993895
CUS-000622,1,1,0.9993895
CUS-000623,1,1,0.9993895
CUS-000624,1,1,0.9993895
CUS-000625,1,1,0.9993895
CUS-000626,1,1,0.9993895
CUS-000627,1,1,0.9993895
CUS-000628,1,1,0.9993895
CUS-000629,1,1,0.9993895
CUS-000630,1,1,0.9993895
CUS-000631,1,1,0.9993895
CUS-000632,1,1,0.9993895
CUS-000633,0,0,0.00061042677
CUS-000634,1,1,0.9993895
CUS-000635,0,0,0.00061042677
CUS-000636,0,0,0.00061042677
CUS-000637,1,1,0.9993895
CUS-000638,1,1,0.9993895
CUS-000639,1,1,0.9993895
CUS-000640,1,1,0.9993895
CUS-000641,1,1,0.9993895
CUS-000642,1,1,0.9993895
CUS-000643,0,0,0.00061042677
CUS-000644,1,1,0.9993895
CUS-000645,1,1,0.9993895
CUS-000646,1,1,0.9993895
CUS-000647,0,0,0.00061042677
CUS-000648,1,1,0.9993895
CUS-000649,1,1,0.9993895
CUS-000650,1,1,0.9993895
CUS-000651,1,1,0.9993895
CUS-000652,1,1,0.9993895
CUS-000653,1,1,0.9993895
CUS-000654,0,0,0.00061042677
CUS-000655,1,1,0.9993895
CUS-000656,1,1,0.9993895
CUS-000657,1,1,0.9993895
CUS-000658,1,1,0.9993895
CUS-000659,1,1,0.9993895
CUS-000660,1,1,0.9993895
CUS-000661,0,0,0.00061042677
CUS-000662,1,1,0.9993895
CUS-000663,0,0,0.00061042677
CUS-000664,0,0,0.00061042677
CUS-000665,1,1,0.9993895
CUS-000666,1,1,0.9993895
CUS-000667,1,1,0.9993895
CUS-000668,1,1,0.9993895
CUS-000669,1,1,0.9993895
CUS-000670,1,1,0.9993895
CUS-000671,0,0,0.00061042677
CUS-000672,1,1,0.9993895
CUS-000673,1,1,0.9993895
CUS-000674,1,1,0.9993895
CUS-000675,0,0,0.00061042677
CUS-000676,1,1,0.9993895
CUS-000677,1,1,0.9993895
CUS-000678,1,1,0.9993895
CUS-000679,0,0,0.00061042677
CUS-000680,1,1,0.9993895
CUS-000681,0,0,0.00061042677
CUS-000682,0,0,0.00061042677
CUS-000683,0,0,0.00061042677
CUS-000684,1,1,0.9993895
CUS-000685,1,1,0.9993895
CUS-000686,1,1,0.9993895
CUS-000687,1,1,0.9993895
CUS-000688,1,1,0.9993895
CUS-000689,1,1,0.9993895
CUS-000690,1,1,0.9993895
CUS-000691,1,1,0.9993895
CUS-000692,1,1,0.9993895
CUS-000693,0,0,0.00061042677
CUS-000694,1,1,0.9993895
CUS-000695,1,1,0.9993895
CUS-000696,1,1,0.9993895
CUS-000697,1,1,0.9993895
CUS-000698,0,0,0.00061042677
CUS-000699,1,1,0.9993895
CUS-000700,1,1,0.9993895
CUS-000701,0,0,0.00061042677
CUS-000702,1,1,0.9993895
CUS-000703,1,1,0.9993895
CUS-000704,1,1,0.9993895
CUS-000705,1,1,0.9993895
CUS-000706,1,1,0.9993895
CUS-000707,1,1,0.9993895
CUS-000708,0,0,0.00061042677
CUS-000709,1,1,0.9993895
CUS-000710,1,1,0.9993895
CUS-000711,1,1,0.9993895
CUS-000712,1,1,0.9993895
CUS-000713,1,1,0.9993895
CUS-000714,1,1,0.9993895
CUS-000715,1,1,0.9993895
CUS-000716,0,0,0.00061042677
CUS-000717,0,0,0.00061042677
CUS-000718,0,0,0.00061042677
CUS-000719,1,1,0.9993895
CUS-000720,1,1,0.9993895
CUS-000721,0,0,0.00061042677
CUS-000722,1,1,0.9993895
CUS-000723,0,0,0.00061042677
CUS-000724,1,1,0.9993895
CUS-000725,0,0,0.00061042677
CUS-000726,0,0,0.00061042677
CUS-000727,0,0,0.00061042677
CUS-000728,0,0,0.00061042677
CUS-000729,1,1,0.9993895
CUS-000730,1,1,0.9993895
CUS-000731,0,0,0.00061042677
CUS-000732,1,1,0.9993895
CUS-000733,0,0,0.00061042677
CUS-000734,1,1,0.9993895
CUS-000735,0,0,0.00061042677
CUS-000736,1,1,0.9993895
CUS-000737,0,0,0.00061042677
CUS-000738,1,1,0.9993895
CUS-000739,1,1,0.9993895
CUS-000740,1,1,0.9993895
CUS-000741,0,0,0.00061042677
CUS-000742,1,1,0.9993895
CUS-000743,1,1,0.9993895
CUS-000744,0,0,0.00061042677
CUS-000745,1,1,0.9993895
CUS-000746,1,1,0.9993895
CUS-000747,0,0,0.00061042677
CUS-000748,1,1,0.9993895
CUS-000749,1,1,0.9993895
CUS-000750,1,1,0.9993895
CUS-000751,0,0,0.00061042677
CUS-000752,1,1,0.9993895
CUS-000753,0,0,0.00061042677
CUS-000754,0,0,0.00061042677
CUS-000755,1,1,0.9993895
CUS-000756,1,1,0.9993895
CUS-000757,1,1,0.9993895
CUS-000758,1,1,0.9993895
CUS-000759,0,0,0.00061042677
CUS-000760,1,1,0.9993895
CUS-000761,1,1,0.9993895
CUS-000762,0,0,0.00061042677
CUS-000763,1,1,0.9993895
CUS-000764,0,0,0.00061042677
CUS-000765,1,1,0.9993895
CUS-000766,0,0,0.00061042677
CUS-000767,0,0,0.00061042677
CUS-000768,0,0,0.00061042677
CUS-000769,0,0,0.00061042677
CUS-000770,1,1,0.9993895
CUS-000771,0,0,0.00061042677
CUS-000772,1,1,0.9993895
CUS-000773,1,1,0.9993895
CUS-000774,1,1,0.9993895
CUS-000775,1,1,0.9993895
CUS-000776,1,1,0.9993895
CUS-000777,1,1,0.9993895
CUS-000778,0,0,0.00061042677
CUS-000779,1,1,0.9993895
CUS-000780,1,1,0.9993895
CUS-000781,1,1,0.9993895
CUS-000782,1,1,0.9993895
CUS-000783,1,1,0.9993895
CUS-000784,1,1,0.9993895
CUS-000785,1,1,0.9993895
CUS-000786,1,1,0.9993895
CUS-000787,1,1,0.9993895
CUS-000788,1,1,0.9993895
CUS-000789,1,1,0.9993895
CUS-000790,1,1,0.9993895
CUS-000791,0,0,0.00061042677
CUS-000792,1,1,0.9993895
CUS-000793,1,1,0.9993895
CUS-000794,0,0,0.00061042677
CUS-000795,1,1,0.9993895
CUS-000796,0,0,0.00061042677
CUS-000797,1,1,0.9993895
CUS-000798,0,0,0.00061042677
CUS-000799,1,1,0.9993895
CUS-000800,1,1,0.9993895
CUS-000801,1,1,0.9993895
CUS-000802,1,1,0.9993895
CUS-000803,1,1,0.9993895
CUS-000804,1,1,0.9993895
CUS-000805,0,0,0.00061042677
CUS-000806,0,0,0.00061042677
CUS-000807,1,1,0.9993895
CUS-000808,1,1,0.9993895
CUS-000809,1,1,0.9993895
CUS-000810,1,1,0.9993895
CUS-000811,0,0,0.00061042677
CUS-000812,0,0,0.00061042677
CUS-000813,1,1,0.9993895
CUS-000814,1,1,0.9993895
CUS-000815,0,0,0.00061042677
CUS-000816,0,0,0.00061042677
CUS-000817,1,1,0.9993895
CUS-000818,1,1,0.9993895
CUS-000819,1,1,0.9993895
CUS-000820,0,0,0.00061042677
CUS-000821,0,0,0.00061042677
CUS-000822,1,1,0.9993895
CUS-000823,1,1,0.9993895
CUS-000824,0,0,0.00061042677
CUS-000825,1,1,0.9993895
CUS-000826,0,0,0.00061042677
CUS-000827,0,0,0.00061042677
CUS-000828,0,0,0.00061042677
CUS-000829,1,1,0.9993895
CUS-000830,0,0,0.00061042677
CUS-000831,1,1,0.9993895
CUS-000832,1,1,0.9993895
CUS-000833,1,1,0.9993895
CUS-000834,0,0,0.00061042677
CUS-000835,1,1,0.9993895
CUS-000836,1,1,0.9993895
CUS-000837,1,1,0.9993895
CUS-000838,1,1,0.9993895
CUS-000839,1,1,0.9993895
CUS-000840,1,1,0.9993895
CUS-000841,0,0,0.00061042677
CUS-000842,1,1,0.9993895
CUS-000843,1,1,0.9993895
CUS-000844,1,1,0.9993895
CUS-000845,0,0,0.00061042677
CUS-000846,1,1,0.9993895
CUS-000847,0,0,0.00061042677
CUS-000848,0,0,0.00061042677
CUS-000849,0,0,0.00061042677
CUS-000850,1,1,0.9993895
CUS-000851,1,1,0.9993895
CUS-000852,0,0,0.00061042677
CUS-000853,1,1,0.9993895
CUS-000854,1,1,0.9993895
CUS-000855,0,0,0.00061042677
CUS-000856,1,1,0.9993895
CUS-000857,1,1,0.9993895
CUS-000858,1,1,0.9993895
CUS-000859,1,1,0.9993895
CUS-000860,1,1,0.9993895
CUS-000861,1,1,0.9993895
CUS-000862,1,1,0.9993895
CUS-000863,1,1,0.9993895
CUS-000864,0,0,0.00061042677
CUS-000865,1,1,0.9993895
CUS-000866,1,1,0.9993895
CUS-000867,1,1,0.9993895
CUS-000868,1,1,0.9993895
CUS-000869,0,0,0.00061042677
CUS-000870,0,0,0.00061042677
CUS-000871,1,1,0.9993895
CUS-000872,1,1,0.9993895
CUS-000873,1,1,0.9993895
CUS-000874,1,1,0.9993895
CUS-000875,1,1,0.9993895
CUS-000876,1,1,0.9993895
CUS-000877,1,1,0.9993895
CUS-000878,1,1,0.9993895
CUS-000879,1,1,0.9993895
CUS-000880,1,1,0.9993895
CUS-000881,1,1,0.9993895
CUS-000882,1,1,0.9993895
CUS-000883,1,1,0.9993895
CUS-000884,1,1,0.9993895
CUS-000885,0,0,0.00061042677
CUS-000886,1,1,0.9993895
CUS-000887,1,1,0.9993895
CUS-000888,0,0,0.00061042677
CUS-000889,0,0,0.00061042677
CUS-000890,1,1,0.9993895
CUS-000891,1,1,0.9993895
CUS-000892,1,1,0.9993895
CUS-000893,0,0,0.00061042677
CUS-000894,0,0,0.00061042677
CUS-000895,1,1,0.9993895
CUS-000896,1,1,0.9993895
CUS-000897,0,0,0.00061042677
CUS-000898,1,1,0.9993895
CUS-000899,0,0,0.00061042677
CUS-000900,1,1,0.9993895
CUS-000901,1,1,0.9993895
CUS-000902,1,1,0.9993895
CUS-000903,1,1,0.9993895
CUS-000904,0,0,0.00061042677
CUS-000905,1,1,0.9993895
CUS-000906,1,1,0.9993895
CUS-000907,0,0,0.00061042677
CUS-000908,0,0,0.00061042677
CUS-000909,0,0,0.00061042677
CUS-000910,1,1,0.9993895
CUS-000911,1,1,0.9993895
CUS-000912,1,1,0.9993895
CUS-000913,1,1,0.9993895
CUS-000914,1,1,0.9993895
CUS-000915,1,1,0.9993895
CUS-000916,1,1,0.9993895
CUS-000917,0,0,0.00061042677
CUS-000918,0,0,0.00061042677
CUS-000919,1,1,0.9993895
CUS-000920,1,1,0.9993895
CUS-000921,0,0,0.00061042677
CUS-000922,1,1,0.9993895
CUS-000923,1,1,0.9993895
CUS-000924,1,1,0.9993895
CUS-000925,1,1,0.9993895
CUS-000926,1,1,0.9993895
CUS-000927,0,0,0.00061042677
CUS-000928,1,1,0.9993895
CUS-000929,0,0,0.00061042677
CUS-000930,1,1,0.9993895
CUS-000931,0,0,0.00061042677
CUS-000932,1,1,0.9993895
CUS-000933,0,0,0.00061042677
CUS-000934,1,1,0.9993895
CUS-000935,1,1,0.9993895
CUS-000936,0,0,0.00061042677
CUS-000937,1,1,0.9993895
CUS-000938,0,0,0.00061042677
CUS-000939,1,1,0.9993895
CUS-000940,1,1,0.9993895
CUS-000941,1,1,0.9993895
CUS-000942,1,1,0.9993895
CUS-000943,0,0,0.00061042677
CUS-000944,1,1,0.9993895
CUS-000945,1,1,0.9993895
CUS-000946,1,1,0.9993895
CUS-000947,1,1,0.9993895
CUS-000948,1,1,0.9993895
CUS-000949,1,1,0.9993895
CUS-000950,1,1,0.9993895
CUS-000951,1,1,0.9993895
CUS-000952,0,0,0.00061042677
CUS-000953,1,1,0.9993895
CUS-000954,0,0,0.00061042677
CUS-000955,1,1,0.9993895
CUS-000956,1,1,0.9993895
CUS-000957,1,1,0.9993895
CUS-000958,1,1,0.9993895
CUS-000959,1,1,0.9993895
CUS-000960,1,1,0.9993895
CUS-000961,1,1,0.9993895
CUS-000962,1,1,0.9993895
CUS-000963,0,0,0.00061042677
CUS-000964,0,0,0.00061042677
CUS-000965,1,1,0.9993895
CUS-000966,1,1,0.9993895
CUS-000967,1,1,0.9993895
CUS-000968,1,1,0.9993895
CUS-000969,1,1,0.9993895
CUS-000970,0,0,0.00061042677
CUS-000971,0,0,0.00061042677
CUS-000972,0,0,0.00061042677
CUS-000973,0,0,0.00061042677
CUS-000974,1,1,0.9993895
CUS-000975,1,1,0.9993895
CUS-000976,1,1,0.9993895
CUS-000977,1,1,0.9993895
CUS-000978,1,1,0.9993895
CUS-000979,1,1,0.9993895
CUS-000980,0,0,0.00061042677
CUS-000981,1,1,0.9993895
CUS-000982,1,1,0.9993895
CUS-000983,1,1,0.9993895
CUS-000984,1,1,0.9993895
CUS-000985,0,0,0.00061042677
CUS-000986,1,1,0.9993895
CUS-000987,1,1,0.9993895
CUS-000988,0,0,0.00061042677
CUS-000989,1,1,0.9993895
CUS-000990,1,1,0.9993895
CUS-000991,1,1,0.9993895
CUS-000992,1,1,0.9993895
CUS-000993,1,1,0.9993895
CUS-000994,0,0,0.00061042677
CUS-000995,0,0,0.00061042677
CUS-000996,0,0,0.00061042677
CUS-000997,1,1,0.9993895
CUS-000998,0,0,0.00061042677
CUS-000999,1,1,0.9993895
CUS-001000,1,1,0.9993895
CUS-001001,1,1,0.9993895
CUS-001002,1,1,0.9993895
CUS-001003,0,0,0.00061042677
CUS-001004,0,0,0.00061042677
CUS-001005,1,1,0.9993895
CUS-001006,1,1,0.9993895
CUS-001007,1,1,0.9993895
CUS-001008,1,1,0.9993895
CUS-001009,1,1,0.9993895
CUS-001010,1,1,0.9993895
CUS-001011,1,1,0.9993895
CUS-001012,1,1,0.9993895
CUS-001013,1,1,0.9993895
CUS-001014,1,1,0.9993895
CUS-001015,1,1,0.9993895
CUS-001016,0,0,0.00061042677
CUS-001017,1,1,0.9993895
CUS-001018,1,1,0.9993895
CUS-001019,1,1,0.9993895
CUS-001020,1,1,0.9993895
CUS-001021,1,1,0.9993895
CUS-001022,1,1,0.9993895
CUS-001023,1,1,0.9993895
CUS-001024,1,1,0.9993895
CUS-001025,0,0,0.00061042677
CUS-001026,1,1,0.9993895
CUS-001027,1,1,0.9993895
CUS-001028,1,1,0.9993895
CUS-001029,1,1,0.9993895
CUS-001030,1,1,0.9993895
CUS-001031,1,1,0.9993895
CUS-001032,1,1,0.9993895
CUS-001033,1,1,0.9993895
CUS-001034,1,1,0.9993895
CUS-001035,1,1,0.9993895
CUS-001036,1,1,0.9993895
CUS-001037,1,1,0.9993895
CUS-001038,1,1,0.9993895
CUS-001039,1,1,0.9993895
CUS-001040,0,0,0.00061042677
CUS-001041,0,0,0.00061042677
CUS-001042,1,1,0.9993895
CUS-001043,1,1,0.9993895
CUS-001044,1,1,0.9993895
CUS-001045,0,0,0.00061042677
CUS-001046,1,1,0.9993895
CUS-001047,1,1,0.9993895
CUS-001048,1,1,0.9993895
CUS-001049,1,1,0.9993895
CUS-001050,0,0,0.00061042677
CUS-001051,1,1,0.9993895
CUS-001052,1,1,0.9993895
CUS-001053,0,0,0.00061042677
CUS-001054,0,0,0.00061042677
CUS-001055,1,1,0.9993895
CUS-001056,1,1,0.9993895
CUS-001057,1,1,0.9993895
CUS-001058,0,0,0.00061042677
CUS-001059,1,1,0.9993895
CUS-001060,1,1,0.9993895
CUS-001061,1,1,0.9993895
CUS-001062,1,1,0.9993895
CUS-001063,0,0,0.00061042677
CUS-001064,1,1,0.9993895
CUS-001065,1,1,0.9993895
CUS-001066,1,1,0.9993895
CUS-001067,1,1,0.9993895
CUS-001068,1,1,0.9993895
CUS-001069,1,1,0.9993895
CUS-001070,1,1,0.9993895
CUS-001071,1,1,0.9993895
CUS-001072,1,1,0.9993895
CUS-001073,1,1,0.9993895
CUS-001074,1,1,0.9993895
CUS-001075,1,1,0.9993895
CUS-001076,1,1,0.9993895
CUS-001077,1,1,0.9993895
CUS-001078,1,1,0.9993895
CUS-001079,1,1,0.9993895
CUS-001080,0,0,0.00061042677
CUS-001081,0,0,0.00061042677
CUS-001082,1,1,0.9993895
CUS-001083,1,1,0.9993895
CUS-001084,1,1,0.9993895
CUS-001085,1,1,0.9993895
CUS-001086,1,1,0.9993895
CUS-001087,1,1,0.9993895
CUS-001088,1,1,0.9993895
CUS-001089,1,1,0.9993895
CUS-001090,0,0,0.00061042677
CUS-001091,1,1,0.9993895
CUS-001092,1,1,0.9993895
CUS-001093,0,0,0.00061042677
CUS-001094,1,1,0.9993895
CUS-001095,1,1,0.9993895
CUS-001096,1,1,0.9993895
CUS-001097,0,0,0.00061042677
CUS-001098,1,1,0.9993895
CUS-001099,1,1,0.9993895
CUS-001100,1,1,0.9993895
CUS-001101,0,0,0.00061042677
CUS-001102,1,1,0.9993895
CUS-001103,0,0,0.00061042677
CUS-001104,1,1,0.9993895
CUS-001105,1,1,0.9993895
CUS-001106,1,1,0.9993895
CUS-001107,1,1,0.9993895
CUS-001108,1,1,0.9993895
CUS-001109,1,1,0.9993895
CUS-001110,0,0,0.00061042677
CUS-001111,0,0,0.00061042677
CUS-001112,1,1,0.9993895
CUS-001113,1,1,0.9993895
CUS-001114,1,1,0.9993895
CUS-001115,1,1,0.9993895
CUS-001116,0,0,0.00061042677
CUS-001117,0,0,0.00061042677
CUS-001118,0,0,0.00061042677
CUS-001119,1,1,0.9993895
CUS-001120,1,1,0.9993895
CUS-001121,1,1,0.9993895
CUS-001122,0,0,0.00061042677
CUS-001123,1,1,0.9993895
CUS-001124,1,1,0.9993895
CUS-001125,1,1,0.9993895
CUS-001126,1,1,0.9993895
CUS-001127,1,1,0.9993895
CUS-001128,1,1,0.9993895
CUS-001129,1,1,0.9993895
CUS-001130,1,1,0.9993895
CUS-001131,1,1,0.9993895
CUS-001132,1,1,0.9993895
CUS-001133,0,0,0.00061042677
CUS-001134,1,1,0.9993895
CUS-001135,1,1,0.9993895
CUS-001136,1,1,0.9993895
CUS-001137,1,1,0.9993895
CUS-001138,1,1,0.9993895
CUS-001139,0,0,0.00061042677
CUS-001140,1,1,0.9993895
CUS-001141,1,1,0.9993895
CUS-001142,1,1,0.9993895
CUS-001143,1,1,0.9993895
CUS-001144,1,1,0.9993895
CUS-001145,1,1,0.9993895
CUS-001146,1,1,0.9993895
CUS-001147,0,0,0.00061042677
CUS-001148,1,1,0.9993895
CUS-001149,1,1,0.9993895
CUS-001150,1,1,0.9993895
CUS-001151,1,1,0.9993895
CUS-001152,1,1,0.9993895
CUS-001153,0,0,0.00061042677
CUS-001154,1,1,0.9993895
CUS-001155,1,1,0.9993895
CUS-001156,0,0,0.00061042677
CUS-001157,1,1,0.9993895
CUS-001158,0,0,0.00061042677
CUS-001159,1,1,0.9993895
CUS-001160,1,1,0.9993895
CUS-001161,1,1,0.9993895
CUS-001162,0,0,0.00061042677
CUS-001163,1,1,0.9993895
CUS-001164,1,1,0.9993895
CUS-001165,0,0,0.00061042677
CUS-001166,1,1,0.9993895
CUS-001167,0,0,0.00061042677
CUS-001168,1,1,0.9993895
CUS-001169,1,1,0.9993895
CUS-001170,0,0,0.00061042677
CUS-001171,1,1,0.9993895
CUS-001172,1,1,0.9993895
CUS-001173,0,0,0.00061042677
CUS-001174,1,1,0.9993895
CUS-001175,1,1,0.9993895
CUS-001176,1,1,0.9993895
CUS-001177,1,1,0.9993895
CUS-001178,0,0,0.00061042677
CUS-001179,0,0,0.00061042677
CUS-001180,1,1,0.9993895
CUS-001181,1,1,0.9993895
CUS-001182,0,0,0.00061042677
CUS-001183,0,0,0.00061042677
CUS-001184,0,0,0.00061042677
CUS-001185,0,0,0.00061042677
CUS-001186,1,1,0.9993895
CUS-001187,1,1,0.9993895
CUS-001188,1,1,0.9993895
CUS-001189,1,1,0.9993895
CUS-001190,1,1,0.9993895
CUS-001191,1,1,0.9993895
CUS-001192,1,1,0.9993895
CUS-001193,1,1,0.9993895
CUS-001194,1,1,0.9993895
CUS-001195,1,1,0.9993895
CUS-001196,1,1,0.9993895
CUS-001197,0,0,0.00061042677
CUS-001198,1,1,0.9993895
CUS-001199,1,1,0.9993895
CUS-001200,1,1,0.9993895
CUS-001201,1,1,0.9993895
CUS-001202,1,1,0.9993895
CUS-001203,1,1,0.9993895
CUS-001204,1,1,0.9993895
CUS-001205,1,1,0.9993895
CUS-001206,0,0,0.00061042677
CUS-001207,1,1,0.9993895
CUS-001208,1,1,0.9993895
CUS-001209,0,0,0.00061042677
CUS-001210,1,1,0.9993895
CUS-001211,1,1,0.9993895
CUS-001212,1,1,0.9993895
CUS-001213,1,1,0.9993895
CUS-001214,1,1,0.9993895
CUS-001215,1,1,0.9993895
CUS-001216,1,1,0.9993895
CUS-001217,1,1,0.9993895
CUS-001218,1,1,0.9993895
CUS-001219,1,1,0.9993895
CUS-001220,0,0,0.00061042677
CUS-001221,1,1,0.9993895
CUS-001222,0,0,0.00061042677
CUS-001223,1,1,0.9993895
CUS-001224,1,1,0.9993895
CUS-001225,1,1,0.9993895
CUS-001226,1,1,0.9993895
CUS-001227,0,0,0.00061042677
CUS-001228,1,1,0.9993895
CUS-001229,1,1,0.9993895
CUS-001230,0,0,0.00061042677
CUS-001231,1,1,0.9993895
CUS-001232,1,1,0.9993895
CUS-001233,0,0,0.00061042677
CUS-001234,1,1,0.9993895
CUS-001235,0,0,0.00061042677
CUS-001236,0,0,0.00061042677
CUS-001237,0,0,0.00061042677
CUS-001238,1,1,0.9993895
CUS-001239,0,0,0.00061042677
CUS-001240,0,0,0.00061042677
CUS-001241,1,1,0.9993895
CUS-001242,1,1,0.9993895
CUS-001243,1,1,0.9993895
CUS-001244,0,0,0.00061042677
CUS-001245,1,1,0.9993895
CUS-001246,0,0,0.00061042677
CUS-001247,1,1,0.9993895
CUS-001248,0,0,0.00061042677
CUS-001249,1,1,0.9993895
CUS-001250,1,1,0.9993895
CUS-001251,1,1,0.9993895
CUS-001252,1,1,0.9993895
CUS-001253,0,0,0.00061042677
CUS-001254,1,1,0.9993895
CUS-001255,0,0,0.00061042677
CUS-001256,1,1,0.9993895
CUS-001257,1,1,0.9993895
CUS-001258,1,1,0.9993895
CUS-001259,1,1,0.9993895
CUS-001260,1,1,0.9993895
CUS-001261,0,0,0.00061042677
CUS-001262,1,1,0.9993895
CUS-001263,0,0,0.00061042677
CUS-001264,1,1,0.9993895
CUS-001265,1,1,0.9993895
CUS-001266,1,1,0.9993895
CUS-001267,1,1,0.9993895
CUS-001268,1,1,0.9993895
CUS-001269,1,1,0.9993895
CUS-001270,1,1,0.9993895
CUS-001271,1,1,0.9993895
CUS-001272,1,1,0.9993895
CUS-001273,1,1,0.9993895
CUS-001274,1,1,0.9993895
CUS-001275,0,0,0.00061042677
CUS-001276,0,0,0.00061042677
CUS-001277,0,0,0.00061042677
CUS-001278,0,0,0.00061042677
CUS-001279,1,1,0.9993895
CUS-001280,1,1,0.9993895
CUS-001281,1,1,0.9993895
CUS-001282,1,1,0.9993895
CUS-001283,1,1,0.9993895
CUS-001284,1,1,0.9993895
CUS-001285,1,1,0.9993895
CUS-001286,1,1,0.9993895
CUS-001287,1,1,0.9993895
CUS-001288,1,1,0.9993895
CUS-001289,1,1,0.9993895
CUS-001290,1,1,0.9993895
CUS-001291,1,1,0.9993895
CUS-001292,1,1,0.9993895
CUS-001293,1,1,0.9993895
CUS-001294,1,1,0.9993895
CUS-001295,1,1,0.9993895
CUS-001296,1,1,0.9993895
CUS-001297,0,0,0.00061042677
CUS-001298,0,0,0.00061042677
CUS-001299,1,1,0.9993895
CUS-001300,1,1,0.9993895
CUS-001301,0,0,0.00061042677
CUS-001302,0,0,0.00061042677
CUS-001303,1,1,0.9993895
CUS-001304,0,0,0.00061042677
CUS-001305,1,1,0.9993895
CUS-001306,1,1,0.9993895
CUS-001307,1,1,0.9993895
CUS-001308,1,1,0.9993895
CUS-001309,1,1,0.9993895
CUS-001310,1,1,0.9993895
CUS-001311,1,1,0.9993895
CUS-001312,1,1,0.9993895
CUS-001313,1,1,0.9993895
CUS-001314,1,1,0.9993895
CUS-001315,0,0,0.00061042677
CUS-001316,1,1,0.9993895
CUS-001317,0,0,0.00061042677
CUS-001318,1,1,0.9993895
CUS-001319,1,1,0.9993895
CUS-001320,1,1,0.9993895
CUS-001321,1,1,0.9993895
CUS-001322,0,0,0.00061042677
CUS-001323,0,0,0.00061042677
CUS-001324,1,1,0.9993895
CUS-001325,1,1,0.9993895
CUS-001326,1,1,0.9993895
CUS-001327,1,1,0.9993895
CUS-001328,1,1,0.9993895
CUS-001329,0,0,0.00061042677
CUS-001330,0,0,0.00061042677
CUS-001331,1,1,0.9993895
CUS-001332,1,1,0.9993895
CUS-001333,1,1,0.9993895
CUS-001334,1,1,0.9993895
CUS-001335,1,1,0.9993895
CUS-001336,1,1,0.9993895
CUS-001337,1,1,0.9993895
CUS-001338,1,1,0.9993895
CUS-001339,0,0,0.00061042677
CUS-001340,1,1,0.9993895
CUS-001341,1,1,0.9993895
CUS-001342,1,1,0.9993895
CUS-001343,0,0,0.00061042677
CUS-001344,0,0,0.00061042677
CUS-001345,1,1,0.9993895
CUS-001346,1,1,0.9993895
CUS-001347,1,1,0.9993895
CUS-001348,1,1,0.9993895
CUS-001349,1,1,0.9993895
CUS-001350,0,0,0.00061042677
CUS-001351,1,1,0.9993895
CUS-001352,1,1,0.9993895
CUS-001353,0,0,0.00061042677
CUS-001354,1,1,0.9993895
CUS-001355,1,1,0.9993895
CUS-001356,1,1,0.9993895
CUS-001357,1,1,0.9993895
CUS-001358,0,0,0.00061042677
CUS-001359,1,1,0.9993895
CUS-001360,0,0,0.00061042677
CUS-001361,1,1,0.9993895
CUS-001362,1,1,0.9993895
CUS-001363,1,1,0.9993895
CUS-001364,1,1,0.9993895
CUS-001365,1,1,0.9993895
CUS-001366,0,0,0.00061042677
CUS-001367,1,1,0.9993895
CUS-001368,1,1,0.9993895
CUS-001369,0,0,0.00061042677
CUS-001370,1,1,0.9993895
CUS-001371,0,0,0.00061042677
CUS-001372,0,0,0.00061042677
CUS-001373,1,1,0.9993895
CUS-001374,1,1,0.9993895
CUS-001375,1,1,0.9993895
CUS-001376,1,1,0.9993895
CUS-001377,1,1,0.9993895
CUS-001378,1,1,0.9993895
CUS-001379,1,1,0.9993895
CUS-001380,1,1,0.9993895
CUS-001381,1,1,0.9993895
CUS-001382,0,0,0.00061042677
CUS-001383,1,1,0.9993895
CUS-001384,1,1,0.9993895
CUS-001385,0,0,0.00061042677
CUS-001386,0,0,0.00061042677
CUS-001387,1,1,0.9993895
CUS-001388,1,1,0.9993895
CUS-001389,1,1,0.9993895
CUS-001390,1,1,0.9993895
CUS-001391,0,0,0.00061042677
CUS-001392,1,1,0.9993895
CUS-001393,0,0,0.00061042677
CUS-001394,1,1,0.9993895
CUS-001395,1,1,0.9993895
CUS-001396,0,0,0.00061042677
CUS-001397,1,1,0.9993895
CUS-001398,1,1,0.9993895
CUS-001399,1,1,0.9993895
CUS-001400,1,1,0.9993895
CUS-001401,1,1,0.9993895
CUS-001402,0,0,0.00061042677
CUS-001403,1,1,0.9993895
CUS-001404,1,1,0.9993895
CUS-001405,0,0,0.00061042677
CUS-001406,0,0,0.00061042677
CUS-001407,1,1,0.9993895
CUS-001408,0,0,0.00061042677
CUS-001409,0,0,0.00061042677
CUS-001410,1,1,0.9993895
CUS-001411,1,1,0.9993895
CUS-001412,1,1,0.9993895
CUS-001413,1,1,0.9993895
CUS-001414,1,1,0.9993895
CUS-001415,0,0,0.00061042677
CUS-001416,1,1,0.9993895
CUS-001417,0,0,0.00061042677
CUS-001418,1,1,0.9993895
CUS-001419,1,1,0.9993895
CUS-001420,1,1,0.9993895
CUS-001421,1,1,0.9993895
CUS-001422,1,1,0.9993895
CUS-001423,1,1,0.9993895
CUS-001424,1,1,0.9993895
CUS-001425,1,1,0.9993895
CUS-001426,1,1,0.9993895
CUS-001427,1,1,0.9993895
CUS-001428,1,1,0.9993895
CUS-001429,1,1,0.9993895
CUS-001430,1,1,0.9993895
CUS-001431,1,1,0.9993895
CUS-001432,1,1,0.9993895
CUS-001433,0,0,0.00061042677
CUS-001434,1,1,0.9993895
CUS-001435,1,1,0.9993895
CUS-001436,1,1,0.9993895
CUS-001437,0,0,0.00061042677
CUS-001438,1,1,0.9993895
CUS-001439,1,1,0.9993895
CUS-001440,1,1,0.9993895
CUS-001441,0,0,0.00061042677
CUS-001442,0,0,0.00061042677
CUS-001443,0,0,0.00061042677
CUS-001444,1,1,0.9993895
CUS-001445,1,1,0.9993895
CUS-001446,1,1,0.9993895
CUS-001447,1,1,0.9993895
CUS-001448,1,1,0.9993895
CUS-001449,1,1,0.9993895
CUS-001450,0,0,0.00061042677
CUS-001451,1,1,0.9993895
CUS-001452,1,1,0.9993895
CUS-001453,1,1,0.9993895
CUS-001454,1,1,0.9993895
CUS-001455,0,0,0.00061042677
CUS-001456,0,0,0.00061042677
CUS-001457,0,0,0.00061042677
CUS-001458,1,1,0.9993895
CUS-001459,1,1,0.9993895
CUS-001460,1,1,0.9993895
CUS-001461,1,1,0.9993895
CUS-001462,1,1,0.9993895
CUS-001463,0,0,0.00061042677
CUS-001464,1,1,0.9993895
CUS-001465,1,1,0.9993895
CUS-001466,1,1,0.9993895
CUS-001467,1,1,0.9993895
CUS-001468,0,0,0.00061042677
CUS-001469,1,1,0.9993895
CUS-001470,0,0,0.00061042677
CUS-001471,1,1,0.9993895
CUS-001472,0,0,0.00061042677
CUS-001473,1,1,0.9993895
CUS-001474,1,1,0.9993895
CUS-001475,1,1,0.9993895
CUS-001476,0,0,0.00061042677
CUS-001477,1,1,0.9993895
CUS-001478,1,1,0.9993895
CUS-001479,1,1,0.9993895
CUS-001480,1,1,0.9993895
CUS-001481,0,0,0.00061042677
CUS-001482,1,1,0.9993895
CUS-001483,0,0,0.00061042677
CUS-001484,0,0,0.00061042677
CUS-001485,1,1,0.9993895
CUS-001486,0,0,0.00061042677
CUS-001487,1,1,0.9993895
CUS-001488,1,1,0.9993895
CUS-001489,1,1,0.9993895
CUS-001490,1,1,0.9993895
CUS-001491,0,0,0.00061042677
CUS-001492,1,1,0.9993895
CUS-001493,1,1,0.9993895
CUS-001494,1,1,0.9993895
CUS-001495,1,1,0.9993895
CUS-001496,1,1,0.9993895
CUS-001497,1,1,0.9993895
CUS-001498,1,1,0.9993895
CUS-001499,1,1,0.9993895
CUS-001500,1,1,0.9993895
CUS-001501,1,1,0.9993895
CUS-001502,0,0,0.00061042677
CUS-001503,1,1,0.9993895
CUS-001504,1,1,0.9993895
CUS-001505,1,1,0.9993895
CUS-001506,1,1,0.9993895
CUS-001507,1,1,0.9993895
CUS-001508,1,1,0.9993895
CUS-001509,1,1,0.9993895
CUS-001510,1,1,0.9993895
CUS-001511,0,0,0.00061042677
CUS-001512,0,0,0.00061042677
CUS-001513,1,1,0.9993895
CUS-001514,1,1,0.9993895
CUS-001515,1,1,0.9993895
CUS-001516,0,0,0.00061042677
CUS-001517,1,1,0.9993895
CUS-001518,1,1,0.9993895
CUS-001519,1,1,0.9993895
CUS-001520,0,0,0.00061042677
CUS-001521,1,1,0.9993895
CUS-001522,1,1,0.9993895
CUS-001523,1,1,0.9993895
CUS-001524,1,1,0.9993895
CUS-001525,1,1,0.9993895
CUS-001526,0,0,0.00061042677
CUS-001527,1,1,0.9993895
CUS-001528,1,1,0.9993895
CUS-001529,0,0,0.00061042677
CUS-001530,1,1,0.9993895
CUS-001531,1,1,0.9993895
CUS-001532,1,1,0.9993895
CUS-001533,1,1,0.9993895
CUS-001534,1,1,0.9993895
CUS-001535,0,0,0.00061042677
CUS-001536,1,1,0.9993895
CUS-001537,1,1,0.9993895
CUS-001538,1,1,0.9993895
CUS-001539,1,1,0.9993895
CUS-001540,1,1,0.9993895
CUS-001541,1,1,0.9993895
CUS-001542,0,0,0.00061042677
CUS-001543,1,1,0.9993895
CUS-001544,1,1,0.9993895
CUS-001545,1,1,0.9993895
CUS-001546,1,1,0.9993895
CUS-001547,1,1,0.9993895
CUS-001548,0,0,0.00061042677
CUS-001549,1,1,0.9993895
CUS-001550,1,1,0.9993895
CUS-001551,0,0,0.00061042677
CUS-001552,1,1,0.9993895
CUS-001553,1,1,0.9993895
CUS-001554,1,1,0.9993895
CUS-001555,1,1,0.9993895
CUS-001556,1,1,0.9993895
CUS-001557,1,1,0.9993895
CUS-001558,1,1,0.9993895
CUS-001559,1,1,0.9993895
CUS-001560,0,0,0.00061042677
CUS-001561,1,1,0.9993895
CUS-001562,1,1,0.9993895
CUS-001563,1,1,0.9993895
CUS-001564,1,1,0.9993895
CUS-001565,1,1,0.9993895
CUS-001566,1,1,0.9993895
CUS-001567,0,0,0.00061042677
CUS-001568,0,0,0.00061042677
CUS-001569,0,0,0.00061042677
CUS-001570,1,1,0.9993895
CUS-001571,1,1,0.9993895
CUS-001572,1,1,0.9993895
CUS-001573,1,1,0.9993895
CUS-001574,1,1,0.9993895
CUS-001575,0,0,0.00061042677
CUS-001576,0,0,0.00061042677
CUS-001577,1,1,0.9993895
CUS-001578,1,1,0.9993895
CUS-001579,1,1,0.9993895
CUS-001580,1,1,0.9993895
CUS-001581,1,1,0.9993895
CUS-001582,1,1,0.9993895
CUS-001583,0,0,0.00061042677
CUS-001584,0,0,0.00061042677
CUS-001585,1,1,0.9993895
CUS-001586,1,1,0.9993895
CUS-001587,1,1,0.9993895
CUS-001588,1,1,0.9993895
CUS-001589,1,1,0.9993895
CUS-001590,0,0,0.00061042677
CUS-001591,0,0,0.00061042677
CUS-001592,1,1,0.9993895
CUS-001593,1,1,0.9993895
CUS-001594,1,1,0.9993895
CUS-001595,1,1,0.9993895
CUS-001596,1,1,0.9993895
CUS-001597,1,1,0.9993895
CUS-001598,0,0,0.00061042677
CUS-001599,1,1,0.9993895
CUS-001600,1,1,0.9993895
CUS-001601,1,1,0.9993895
CUS-001602,0,0,0.00061042677
CUS-001603,1,1,0.9993895
CUS-001604,1,1,0.9993895
CUS-001605,0,0,0.00061042677
CUS-001606,1,1,0.9993895
CUS-001607,1,1,0.9993895
CUS-001608,0,0,0.00061042677
CUS-001609,1,1,0.9993895
CUS-001610,1,1,0.9993895
CUS-001611,1,1,0.9993895
CUS-001612,1,1,0.9993895
CUS-001613,1,1,0.9993895
CUS-001614,1,1,0.9993895
CUS-001615,1,1,0.9993895
CUS-001616,1,1,0.9993895
CUS-001617,1,1,0.9993895
CUS-001618,1,1,0.9993895
CUS-001619,1,1,0.9993895
CUS-001620,0,0,0.00061042677
CUS-001621,0,0,0.00061042677
CUS-001622,1,1,0.9993895
CUS-001623,1,1,0.9993895
CUS-001624,1,1,0.9993895
CUS-001625,1,1,0.9993895
CUS-001626,1,1,0.9993895
CUS-001627,1,1,0.9993895
CUS-001628,0,0,0.00061042677
CUS-001629,0,0,0.00061042677
CUS-001630,1,1,0.9993895
CUS-001631,1,1,0.9993895
CUS-001632,1,1,0.9993895
CUS-001633,1,1,0.9993895
CUS-001634,1,1,0.9993895
CUS-001635,1,1,0.9993895
CUS-001636,1,1,0.9993895
CUS-001637,0,0,0.00061042677
CUS-001638,1,1,0.9993895
CUS-001639,0,0,0.00061042677
CUS-001640,1,1,0.9993895
CUS-001641,1,1,0.9993895
CUS-001642,0,0,0.00061042677
CUS-001643,1,1,0.9993895
CUS-001644,0,0,0.00061042677
CUS-001645,1,1,0.9993895
CUS-001646,1,1,0.9993895
CUS-001647,1,1,0.9993895
CUS-001648,1,1,0.9993895
CUS-001649,1,1,0.9993895
CUS-001650,1,1,0.9993895
CUS-001651,0,0,0.00061042677
CUS-001652,1,1,0.9993895
CUS-001653,0,0,0.00061042677
CUS-001654,0,0,0.00061042677
CUS-001655,1,1,0.9993895
CUS-001656,1,1,0.9993895
CUS-001657,1,1,0.9993895
CUS-001658,1,1,0.9993895
CUS-001659,1,1,0.9993895
CUS-001660,1,1,0.9993895
CUS-001661,1,1,0.9993895
CUS-001662,1,1,0.9993895
CUS-001663,1,1,0.9993895
CUS-001664,0,0,0.00061042677
CUS-001665,1,1,0.9993895
CUS-001666,1,1,0.9993895
CUS-001667,1,1,0.9993895
CUS-001668,1,1,0.9993895
CUS-001669,0,0,0.00061042677
CUS-001670,1,1,0.9993895
CUS-001671,1,1,0.9993895
CUS-001672,1,1,0.9993895
CUS-001673,1,1,0.9993895
CUS-001674,1,1,0.9993895
CUS-001675,1,1,0.9993895
CUS-001676,1,1,0.9993895
CUS-001677,1,1,0.9993895
CUS-001678,1,1,0.9993895
CUS-001679,1,1,0.9993895
CUS-001680,1,1,0.9993895
CUS-001681,1,1,0.9993895
CUS-001682,1,1,0.9993895
CUS-001683,1,1,0.9993895
CUS-001684,1,1,0.9993895
CUS-001685,1,1,0.9993895
CUS-001686,0,0,0.00061042677
CUS-001687,1,1,0.9993895
CUS-001688,1,1,0.9993895
CUS-001689,1,1,0.9993895
CUS-001690,0,0,0.00061042677
CUS-001691,1,1,0.9993895
CUS-001692,1,1,0.9993895
CUS-001693,1,1,0.9993895
CUS-001694,1,1,0.9993895
CUS-001695,1,1,0.9993895
CUS-001696,1,1,0.9993895
CUS-001697,0,0,0.00061042677
CUS-001698,1,1,0.9993895
CUS-001699,1,1,0.9993895
CUS-001700,1,1,0.9993895
CUS-001701,0,0,0.00061042677
CUS-001702,1,1,0.9993895
CUS-001703,1,1,0.9993895
CUS-001704,1,1,0.9993895
CUS-001705,0,0,0.00061042677
CUS-001706,1,1,0.9993895
CUS-001707,1,1,0.9993895
CUS-001708,1,1,0.9993895
CUS-001709,0,0,0.00061042677
CUS-001710,1,1,0.9993895
CUS-001711,1,1,0.9993895
CUS-001712,0,0,0.00061042677
CUS-001713,1,1,0.9993895
CUS-001714,1,1,0.9993895
CUS-001715,1,1,0.9993895
CUS-001716,1,1,0.9993895
CUS-001717,1,1,0.9993895
CUS-001718,1,1,0.9993895
CUS-001719,1,1,0.9993895
CUS-001720,1,1,0.9993895
CUS-001721,0,0,0.00061042677
CUS-001722,1,1,0.9993895
CUS-001723,1,1,0.9993895
CUS-001724,1,1,0.9993895
CUS-001725,1,1,0.9993895
CUS-001726,0,0,0.00061042677
CUS-001727,1,1,0.9993895
CUS-001728,1,1,0.9993895
CUS-001729,0,0,0.00061042677
CUS-001730,0,0,0.00061042677
CUS-001731,1,1,0.9993895
CUS-001732,0,0,0.00061042677
CUS-001733,1,1,0.9993895
CUS-001734,0,0,0.00061042677
CUS-001735,1,1,0.9993895
CUS-001736,1,1,0.9993895
CUS-001737,1,1,0.9993895
CUS-001738,1,1,0.9993895
CUS-001739,1,1,0.9993895
CUS-001740,1,1,0.9993895
CUS-001741,1,1,0.9993895
CUS-001742,0,0,0.00061042677
CUS-001743,0,0,0.00061042677
CUS-001744,1,1,0.9993895
CUS-001745,1,1,0.9993895
CUS-001746,1,1,0.9993895
CUS-001747,1,1,0.9993895
CUS-001748,1,1,0.9993895
CUS-001749,1,1,0.9993895
CUS-001750,1,1,0.9993895
CUS-001751,1,1,0.9993895
CUS-001752,0,0,0.00061042677
CUS-001753,1,1,0.9993895
CUS-001754,1,1,0.9993895
CUS-001755,1,1,0.9993895
CUS-001756,1,1,0.9993895
CUS-001757,0,0,0.00061042677
CUS-001758,1,1,0.9993895
CUS-001759,1,1,0.9993895
CUS-001760,0,0,0.00061042677
CUS-001761,1,1,0.9993895
CUS-001762,1,1,0.9993895
CUS-001763,0,0,0.00061042677
CUS-001764,0,0,0.00061042677
CUS-001765,0,0,0.00061042677
CUS-001766,0,0,0.00061042677
CUS-001767,1,1,0.9993895
CUS-001768,0,0,0.00061042677
CUS-001769,1,1,0.9993895
CUS-001770,1,1,0.9993895
CUS-001771,1,1,0.9993895
CUS-001772,1,1,0.9993895
CUS-001773,1,1,0.9993895
CUS-001774,1,1,0.9993895
CUS-001775,1,1,0.9993895
CUS-001776,1,1,0.9993895
CUS-001777,1,1,0.9993895
CUS-001778,0,0,0.00061042677
CUS-001779,1,1,0.9993895
CUS-001780,1,1,0.9993895
CUS-001781,0,0,0.00061042677
CUS-001782,1,1,0.9993895
CUS-001783,0,0,0.00061042677
CUS-001784,0,0,0.00061042677
CUS-001785,0,0,0.00061042677
CUS-001786,1,1,0.9993895
CUS-001787,1,1,0.9993895
CUS-001788,1,1,0.9993895
CUS-001789,1,1,0.9993895
CUS-001790,0,0,0.00061042677
CUS-001791,1,1,0.9993895
CUS-001792,1,1,0.9993895
CUS-001793,1,1,0.9993895
CUS-001794,1,1,0.9993895
CUS-001795,1,1,0.9993895
CUS-001796,1,1,0.9993895
CUS-001797,1,1,0.9993895
CUS-001798,1,1,0.9993895
CUS-001799,1,1,0.9993895
CUS-001800,0,0,0.00061042677
CUS-001801,1,1,0.9993895
CUS-001802,1,1,0.9993895
CUS-001803,0,0,0.00061042677
CUS-001804,1,1,0.9993895
CUS-001805,1,1,0.9993895
CUS-001806,1,1,0.9993895
CUS-001807,0,0,0.00061042677
CUS-001808,1,1,0.9993895
CUS-001809,1,1,0.9993895
CUS-001810,1,1,0.9993895
CUS-001811,0,0,0.00061042677
CUS-001812,1,1,0.9993895
CUS-001813,1,1,0.9993895
CUS-001814,0,0,0.00061042677
CUS-001815,1,1,0.9993895
CUS-001816,1,1,0.9993895
CUS-001817,1,1,0.9993895
CUS-001818,1,1,0.9993895
CUS-001819,1,1,0.9993895
CUS-001820,1,1,0.9993895
CUS-001821,1,1,0.9993895
CUS-001822,1,1,0.9993895
CUS-001823,1,1,0.9993895
CUS-001824,1,1,0.9993895
CUS-001825,1,1,0.9993895
CUS-001826,0,0,0.00061042677
CUS-001827,0,0,0.00061042677
CUS-001828,1,1,0.9993895
CUS-001829,1,1,0.9993895
CUS-001830,1,1,0.9993895
CUS-001831,1,1,0.9993895
CUS-001832,1,1,0.9993895
CUS-001833,1,1,0.9993895
CUS-001834,0,0,0.00061042677
CUS-001835,0,0,0.00061042677
CUS-001836,0,0,0.00061042677
CUS-001837,1,1,0.9993895
CUS-001838,0,0,0.00061042677
CUS-001839,1,1,0.9993895
CUS-001840,1,1,0.9993895
CUS-001841,1,1,0.9993895
CUS-001842,0,0,0.00061042677
CUS-001843,0,0,0.00061042677
CUS-001844,1,1,0.9993895
CUS-001845,1,1,0.9993895
CUS-001846,1,1,0.9993895
CUS-001847,1,1,0.9993895
CUS-001848,1,1,0.9993895
CUS-001849,1,1,0.9993895
CUS-001850,1,1,0.9993895
CUS-001851,0,0,0.00061042677
CUS-001852,1,1,0.9993895
CUS-001853,1,1,0.9993895
CUS-001854,1,1,0.9993895
CUS-001855,1,1,0.9993895
CUS-001856,1,1,0.9993895
CUS-001857,0,0,0.00061042677
CUS-001858,1,1,0.9993895
CUS-001859,1,1,0.9993895
CUS-001860,0,0,0.00061042677
CUS-001861,1,1,0.9993895
CUS-001862,1,1,0.9993895
CUS-001863,1,1,0.9993895
CUS-001864,1,1,0.9993895
CUS-001865,1,1,0.9993895
CUS-001866,1,1,0.9993895
CUS-001867,1,1,0.9993895
CUS-001868,0,0,0.00061042677
CUS-001869,1,1,0.9993895
CUS-001870,1,1,0.9993895
CUS-001871,1,1,0.9993895
CUS-001872,1,1,0.9993895
CUS-001873,1,1,0.9993895
CUS-001874,1,1,0.9993895
CUS-001875,1,1,0.9993895
CUS-001876,1,1,0.9993895
CUS-001877,0,0,0.00061042677
CUS-001878,1,1,0.9993895
CUS-001879,1,1,0.9993895
CUS-001880,1,1,0.9993895
CUS-001881,1,1,0.9993895
CUS-001882,1,1,0.9993895
CUS-001883,1,1,0.9993895
CUS-001884,1,1,0.9993895
CUS-001885,1,1,0.9993895
CUS-001886,1,1,0.9993895
CUS-001887,1,1,0.9993895
CUS-001888,0,0,0.00061042677
CUS-001889,1,1,0.9993895
CUS-001890,0,0,0.00061042677
CUS-001891,1,1,0.9993895
CUS-001892,1,1,0.9993895
CUS-001893,1,1,0.9993895
CUS-001894,0,0,0.00061042677
CUS-001895,1,1,0.9993895
CUS-001896,0,0,0.00061042677
CUS-001897,1,1,0.9993895
CUS-001898,0,0,0.00061042677
CUS-001899,0,0,0.00061042677
CUS-001900,1,1,0.9993895
CUS-001901,0,0,0.00061042677
CUS-001902,1,1,0.9993895
CUS-001903,1,1,0.9993895
CUS-001904,0,0,0.00061042677
CUS-001905,1,1,0.9993895
CUS-001906,1,1,0.9993895
CUS-001907,1,1,0.9993895
CUS-001908,0,0,0.00061042677
CUS-001909,1,1,0.9993895
CUS-001910,1,1,0.9993895
CUS-001911,1,1,0.9993895
CUS-001912,0,0,0.00061042677
CUS-001913,1,1,0.9993895
CUS-001914,1,1,0.9993895
CUS-001915,0,0,0.00061042677
CUS-001916,0,0,0.00061042677
CUS-001917,1,1,0.9993895
CUS-001918,1,1,0.9993895
CUS-001919,1,1,0.9993895
CUS-001920,1,1,0.9993895
CUS-001921,0,0,0.00061042677
CUS-001922,1,1,0.9993895
CUS-001923,1,1,0.9993895
CUS-001924,1,1,0.9993895
CUS-001925,1,1,0.9993895
CUS-001926,0,0,0.00061042677
CUS-001927,1,1,0.9993895
CUS-001928,1,1,0.9993895
CUS-001929,0,0,0.00061042677
CUS-001930,1,1,0.9993895
CUS-001931,1,1,0.9993895
CUS-001932,1,1,0.9993895
CUS-001933,1,1,0.9993895
CUS-001934,1,1,0.9993895
CUS-001935,1,1,0.9993895
CUS-001936,0,0,0.00061042677
CUS-001937,1,1,0.9993895
CUS-001938,1,1,0.9993895
CUS-001939,1,1,0.9993895
CUS-001940,0,0,0.00061042677
CUS-001941,0,0,0.00061042677
CUS-001942,1,1,0.9993895
CUS-001943,1,1,0.9993895
CUS-001944,1,1,0.9993895
CUS-001945,1,1,0.9993895
CUS-001946,1,1,0.9993895
CUS-001947,0,0,0.00061042677
CUS-001948,1,1,0.9993895
CUS-001949,1,1,0.9993895
CUS-001950,1,1,0.9993895
CUS-001951,1,1,0.9993895
CUS-001952,0,0,0.00061042677
CUS-001953,1,1,0.9993895
CUS-001954,1,1,0.9993895
CUS-001955,1,1,0.9993895
CUS-001956,1,1,0.9993895
CUS-001957,1,1,0.9993895
CUS-001958,0,0,0.00061042677
CUS-001959,1,1,0.9993895
CUS-001960,1,1,0.9993895
CUS-001961,1,1,0.9993895
CUS-001962,1,1,0.9993895
CUS-001963,1,1,0.9993895
CUS-001964,0,0,0.00061042677
CUS-001965,1,1,0.9993895
CUS-001966,1,1,0.9993895
CUS-001967,1,1,0.9993895
CUS-001968,1,1,0.9993895
CUS-001969,1,1,0.9993895
CUS-001970,1,1,0.9993895
CUS-001971,1,1,0.9993895
CUS-001972,1,1,0.9993895
CUS-001973,1,1,0.9993895
CUS-001974,1,1,0.9993895
CUS-001975,0,0,0.00061042677
CUS-001976,0,0,0.00061042677
CUS-001977,0,0,0.00061042677
CUS-001978,1,1,0.9993895
CUS-001979,1,1,0.9993895
CUS-001980,0,0,0.00061042677
CUS-001981,1,1,0.9993895
CUS-001982,0,0,0.00061042677
CUS-001983,1,1,0.9993895
CUS-001984,1,1,0.9993895
CUS-001985,1,1,0.9993895
CUS-001986,1,1,0.9993895
CUS-001987,1,1,0.9993895
CUS-001988,1,1,0.9993895
CUS-001989,1,1,0.9993895
CUS-001990,0,0,0.00061042677
CUS-001991,0,0,0.00061042677
CUS-001992,1,1,0.9993895
CUS-001993,1,1,0.9993895
CUS-001994,0,0,0.00061042677
CUS-001995,1,1,0.9993895
CUS-001996,1,1,0.9993895
CUS-001997,1,1,0.9993895
CUS-001998,1,1,0.9993895
CUS-001999,1,1,0.9993895
CUS-002000,1,1,0.9993895
CUS-002001,1,1,0.9993895
CUS-002002,1,1,0.9993895
CUS-002003,1,1,0.9993895
CUS-002004,0,0,0.00061042677
CUS-002005,0,0,0.00061042677
CUS-002006,1,1,0.9993895
CUS-002007,0,0,0.00061042677
CUS-002008,0,0,0.00061042677
CUS-002009,0,0,0.00061042677
CUS-002010,1,1,0.9993895
CUS-002011,1,1,0.9993895
CUS-002012,1,1,0.9993895
CUS-002013,0,0,0.00061042677
CUS-002014,1,1,0.9993895
CUS-002015,1,1,0.9993895
CUS-002016,1,1,0.9993895
CUS-002017,0,0,0.00061042677
CUS-002018,0,0,0.00061042677
CUS-002019,1,1,0.9993895
CUS-002020,1,1,0.9993895
CUS-002021,1,1,0.9993895
CUS-002022,0,0,0.00061042677
CUS-002023,0,0,0.00061042677
CUS-002024,0,0,0.00061042677
CUS-002025,1,1,0.9993895
CUS-002026,1,1,0.9993895
CUS-002027,1,1,0.9993895
CUS-002028,1,1,0.9993895
CUS-002029,1,1,0.9993895
CUS-002030,1,1,0.9993895
CUS-002031,0,0,0.00061042677
CUS-002032,1,1,0.9993895
CUS-002033,1,1,0.9993895
CUS-002034,1,1,0.9993895
CUS-002035,1,1,0.9993895
CUS-002036,1,1,0.9993895
CUS-002037,1,1,0.9993895
CUS-002038,0,0,0.00061042677
CUS-002039,0,0,0.00061042677
CUS-002040,1,1,0.9993895
CUS-002041,1,1,0.9993895
CUS-002042,1,1,0.9993895
CUS-002043,1,1,0.9993895
CUS-002044,1,1,0.9993895
CUS-002045,1,1,0.9993895
CUS-002046,0,0,0.00061042677
CUS-002047,1,1,0.9993895
CUS-002048,1,1,0.9993895
CUS-002049,1,1,0.9993895
CUS-002050,1,1,0.9993895
CUS-002051,1,1,0.9993895
CUS-002052,0,0,0.00061042677
CUS-002053,1,1,0.9993895
CUS-002054,1,1,0.9993895
CUS-002055,0,0,0.00061042677
CUS-002056,1,1,0.9993895
CUS-002057,1,1,0.9993895
CUS-002058,1,1,0.9993895
CUS-002059,1,1,0.9993895
CUS-002060,1,1,0.9993895
CUS-002061,1,1,0.9993895
CUS-002062,1,1,0.9993895
CUS-002063,1,1,0.9993895
CUS-002064,1,1,0.9993895
CUS-002065,1,1,0.9993895
CUS-002066,1,1,0.9993895
CUS-002067,1,1,0.9993895
CUS-002068,1,1,0.9993895
CUS-002069,0,0,0.00061042677
CUS-002070,1,1,0.9993895
CUS-002071,1,1,0.9993895
CUS-002072,1,1,0.9993895
CUS-002073,0,0,0.00061042677
CUS-002074,1,1,0.9993895
CUS-002075,1,1,0.9993895
CUS-002076,1,1,0.9993895
CUS-002077,1,1,0.9993895
CUS-002078,1,1,0.9993895
CUS-002079,1,1,0.9993895
CUS-002080,1,1,0.9993895
CUS-002081,1,1,0.9993895
CUS-002082,0,0,0.00061042677
CUS-002083,0,0,0.00061042677
CUS-002084,0,0,0.00061042677
CUS-002085,1,1,0.9993895
CUS-002086,0,0,0.00061042677
CUS-002087,1,1,0.9993895
CUS-002088,1,1,0.9993895
CUS-002089,1,1,0.9993895
CUS-002090,1,1,0.9993895
CUS-002091,1,1,0.9993895
CUS-002092,0,0,0.00061042677
CUS-002093,1,1,0.9993895
CUS-002094,1,1,0.9993895
CUS-002095,1,1,0.9993895
CUS-002096,1,1,0.9993895
CUS-002097,0,0,0.00061042677
CUS-002098,1,1,0.9993895
CUS-002099,0,0,0.00061042677
CUS-002100,1,1,0.9993895
CUS-002101,1,1,0.9993895
CUS-002102,0,0,0.00061042677
CUS-002103,1,1,0.9993895
CUS-002104,1,1,0.9993895
CUS-002105,1,1,0.9993895
CUS-002106,1,1,0.9993895
CUS-002107,1,1,0.9993895
CUS-002108,1,1,0.9993895
CUS-002109,1,1,0.9993895
CUS-002110,0,0,0.00061042677
CUS-002111,0,0,0.00061042677
CUS-002112,0,0,0.00061042677
CUS-002113,0,0,0.00061042677
CUS-002114,0,0,0.00061042677
CUS-002115,0,0,0.00061042677
CUS-002116,1,1,0.9993895
CUS-002117,0,0,0.00061042677
CUS-002118,1,1,0.9993895
CUS-002119,0,0,0.00061042677
CUS-002120,0,0,0.00061042677
CUS-002121,0,0,0.00061042677
CUS-002122,1,1,0.9993895
CUS-002123,0,0,0.00061042677
CUS-002124,0,0,0.00061042677
CUS-002125,1,1,0.9993895
CUS-002126,1,1,0.9993895
CUS-002127,1,1,0.9993895
CUS-002128,1,1,0.9993895
CUS-002129,0,0,0.00061042677
CUS-002130,0,0,0.00061042677
CUS-002131,0,0,0.00061042677
CUS-002132,1,1,0.9993895
CUS-002133,1,1,0.9993895
CUS-002134,1,1,0.9993895
CUS-002135,1,1,0.9993895
CUS-002136,1,1,0.9993895
CUS-002137,1,1,0.9993895
CUS-002138,1,1,0.9993895
CUS-002139,1,1,0.9993895
CUS-002140,1,1,0.9993895
CUS-002141,1,1,0.9993895
CUS-002142,1,1,0.9993895
CUS-002143,1,1,0.9993895
CUS-002144,1,1,0.9993895
CUS-002145,1,1,0.9993895
CUS-002146,1,1,0.9993895
CUS-002147,1,1,0.9993895
CUS-002148,1,1,0.9993895
CUS-002149,1,1,0.9993895
CUS-002150,1,1,0.9993895
CUS-002151,1,1,0.9993895
CUS-002152,0,0,0.00061042677
CUS-002153,1,1,0.9993895
CUS-002154,1,1,0.9993895
CUS-002155,1,1,0.9993895
CUS-002156,1,1,0.9993895
CUS-002157,0,0,0.00061042677
CUS-002158,0,0,0.00061042677
CUS-002159,1,1,0.9993895
CUS-002160,0,0,0.00061042677
CUS-002161,1,1,0.9993895
CUS-002162,0,0,0.00061042677
CUS-002163,1,1,0.9993895
CUS-002164,1,1,0.9993895
CUS-002165,1,1,0.9993895
CUS-002166,0,0,0.00061042677
CUS-002167,1,1,0.9993895
CUS-002168,1,1,0.9993895
CUS-002169,1,1,0.9993895
CUS-002170,0,0,0.00061042677
CUS-002171,1,1,0.9993895
CUS-002172,0,0,0.00061042677
CUS-002173,1,1,0.9993895
CUS-002174,0,0,0.00061042677
CUS-002175,1,1,0.9993895
CUS-002176,1,1,0.9993895
CUS-002177,1,1,0.9993895
CUS-002178,1,1,0.9993895
CUS-002179,1,1,0.9993895
CUS-002180,1,1,0.9993895
CUS-002181,1,1,0.9993895
CUS-002182,1,1,0.9993895
CUS-002183,1,1,0.9993895
CUS-002184,0,0,0.00061042677
CUS-002185,1,1,0.9993895
CUS-002186,1,1,0.9993895
CUS-002187,1,1,0.9993895
CUS-002188,1,1,0.9993895
CUS-002189,0,0,0.00061042677
CUS-002190,1,1,0.9993895
CUS-002191,0,0,0.00061042677
CUS-002192,1,1,0.9993895
CUS-002193,1,1,0.9993895
CUS-002194,0,0,0.00061042677
CUS-002195,1,1,0.9993895
CUS-002196,1,1,0.9993895
CUS-002197,1,1,0.9993895
CUS-002198,1,1,0.9993895
CUS-002199,0,0,0.00061042677
CUS-002200,1,1,0.9993895
CUS-002201,0,0,0.00061042677
CUS-002202,1,1,0.9993895
CUS-002203,1,1,0.9993895
CUS-002204,0,0,0.00061042677
CUS-002205,1,1,0.9993895
CUS-002206,0,0,0.00061042677
CUS-002207,1,1,0.9993895
CUS-002208,1,1,0.9993895
CUS-002209,0,0,0.00061042677
CUS-002210,0,0,0.00061042677
CUS-002211,1,1,0.9993895
CUS-002212,1,1,0.9993895
CUS-002213,1,1,0.9993895
CUS-002214,1,1,0.9993895
CUS-002215,1,1,0.9993895
CUS-002216,1,1,0.9993895
CUS-002217,0,0,0.00061042677
CUS-002218,1,1,0.9993895
CUS-002219,1,1,0.9993895
CUS-002220,1,1,0.9993895
CUS-002221,1,1,0.9993895
CUS-002222,1,1,0.9993895
CUS-002223,0,0,0.00061042677
CUS-002224,0,0,0.00061042677
CUS-002225,1,1,0.9993895
CUS-002226,0,0,0.00061042677
CUS-002227,1,1,0.9993895
CUS-002228,0,0,0.00061042677
CUS-002229,0,0,0.00061042677
CUS-002230,1,1,0.9993895
CUS-002231,0,0,0.00061042677
CUS-002232,1,1,0.9993895
CUS-002233,0,0,0.00061042677
CUS-002234,1,1,0.9993895
CUS-002235,1,1,0.9993895
CUS-002236,1,1,0.9993895
CUS-002237,0,0,0.00061042677
CUS-002238,1,1,0.9993895
CUS-002239,1,1,0.9993895
CUS-002240,1,1,0.9993895
CUS-002241,1,1,0.9993895
CUS-002242,1,1,0.9993895
CUS-002243,1,1,0.9993895
CUS-002244,1,1,0.9993895
CUS-002245,0,0,0.00061042677
CUS-002246,0,0,0.00061042677
CUS-002247,1,1,0.9993895
CUS-002248,0,0,0.00061042677
CUS-002249,1,1,0.9993895
CUS-002250,1,1,0.9993895
CUS-002251,1,1,0.9993895
CUS-002252,1,1,0.9993895
CUS-002253,1,1,0.9993895
CUS-002254,1,1,0.9993895
CUS-002255,1,1,0.9993895
CUS-002256,1,1,0.9993895
CUS-002257,1,1,0.9993895
CUS-002258,1,1,0.9993895
CUS-002259,1,1,0.9993895
CUS-002260,1,1,0.9993895
CUS-002261,1,1,0.9993895
CUS-002262,1,1,0.9993895
CUS-002263,1,1,0.9993895
CUS-002264,1,1,0.9993895
CUS-002265,1,1,0.9993895
CUS-002266,0,0,0.00061042677
CUS-002267,1,1,0.9993895
CUS-002268,1,1,0.9993895
CUS-002269,1,1,0.9993895
CUS-002270,1,1,0.9993895
CUS-002271,1,1,0.9993895
CUS-002272,1,1,0.9993895
CUS-002273,1,1,0.9993895
CUS-002274,1,1,0.9993895
CUS-002275,1,1,0.9993895
CUS-002276,1,1,0.9993895
CUS-002277,1,1,0.9993895
CUS-002278,1,1,0.9993895
CUS-002279,1,1,0.9993895
CUS-002280,1,1,0.9993895
CUS-002281,1,1,0.9993895
CUS-002282,1,1,0.9993895
CUS-002283,1,1,0.9993895
CUS-002284,1,1,0.9993895
CUS-002285,0,0,0.00061042677
CUS-002286,0,0,0.00061042677
CUS-002287,1,1,0.9993895
CUS-002288,1,1,0.9993895
CUS-002289,1,1,0.9993895
CUS-002290,1,1,0.9993895
CUS-002291,1,1,0.9993895
CUS-002292,1,1,0.9993895
CUS-002293,1,1,0.9993895
CUS-002294,1,1,0.9993895
CUS-002295,1,1,0.9993895
CUS-002296,1,1,0.9993895
CUS-002297,1,1,0.9993895
CUS-002298,0,0,0.00061042677
CUS-002299,0,0,0.00061042677
CUS-002300,1,1,0.9993895
CUS-002301,1,1,0.9993895
CUS-002302,1,1,0.9993895
CUS-002303,1,1,0.9993895
CUS-002304,1,1,0.9993895
CUS-002305,1,1,0.9993895
CUS-002306,1,1,0.9993895
CUS-002307,1,1,0.9993895
CUS-002308,1,1,0.9993895
CUS-002309,1,1,0.9993895
CUS-002310,1,1,0.9993895
CUS-002311,1,1,0.9993895
CUS-002312,1,1,0.9993895
CUS-002313,1,1,0.9993895
CUS-002314,1,1,0.9993895
CUS-002315,1,1,0.9993895
CUS-002316,1,1,0.9993895
CUS-002317,1,1,0.9993895
CUS-002318,1,1,0.9993895
CUS-002319,1,1,0.9993895
CUS-002320,1,1,0.9993895
CUS-002321,0,0,0.00061042677
CUS-002322,0,0,0.00061042677
CUS-002323,1,1,0.9993895
CUS-002324,0,0,0.00061042677
CUS-002325,1,1,0.9993895
CUS-002326,1,1,0.9993895
CUS-002327,0,0,0.00061042677
CUS-002328,1,1,0.9993895
CUS-002329,1,1,0.9993895
CUS-002330,1,1,0.9993895
CUS-002331,1,1,0.9993895
CUS-002332,1,1,0.9993895
CUS-002333,1,1,0.9993895
CUS-002334,0,0,0.00061042677
CUS-002335,1,1,0.9993895
CUS-002336,1,1,0.9993895
CUS-002337,1,1,0.9993895
CUS-002338,1,1,0.9993895
CUS-002339,1,1,0.9993895
CUS-002340,1,1,0.9993895
CUS-002341,1,1,0.9993895
CUS-002342,0,0,0.00061042677
CUS-002343,1,1,0.9993895
CUS-002344,1,1,0.9993895
CUS-002345,1,1,0.9993895
CUS-002346,0,0,0.00061042677
CUS-002347,1,1,0.9993895
CUS-002348,1,1,0.9993895
CUS-002349,0,0,0.00061042677
CUS-002350,0,0,0.00061042677
CUS-002351,0,0,0.00061042677
CUS-002352,1,1,0.9993895
CUS-002353,1,1,0.9993895
CUS-002354,1,1,0.9993895
CUS-002355,1,1,0.9993895
CUS-002356,1,1,0.9993895
CUS-002357,1,1,0.9993895
CUS-002358,1,1,0.9993895
CUS-002359,1,1,0.9993895
CUS-002360,1,1,0.9993895
CUS-002361,1,1,0.9993895
CUS-002362,0,0,0.00061042677
CUS-002363,1,1,0.9993895
CUS-002364,1,1,0.9993895
CUS-002365,1,1,0.9993895
CUS-002366,1,1,0.9993895
CUS-002367,0,0,0.00061042677
CUS-002368,1,1,0.9993895
CUS-002369,1,1,0.9993895
CUS-002370,1,1,0.9993895
CUS-002371,1,1,0.9993895
CUS-002372,1,1,0.9993895
CUS-002373,0,0,0.00061042677
CUS-002374,0,0,0.00061042677
CUS-002375,1,1,0.9993895
CUS-002376,0,0,0.00061042677
CUS-002377,1,1,0.9993895
CUS-002378,0,0,0.00061042677
CUS-002379,0,0,0.00061042677
CUS-002380,1,1,0.9993895
CUS-002381,1,1,0.9993895
CUS-002382,0,0,0.00061042677
CUS-002383,1,1,0.9993895
CUS-002384,0,0,0.00061042677
CUS-002385,1,1,0.9993895
CUS-002386,1,1,0.9993895
CUS-002387,1,1,0.9993895
CUS-002388,1,1,0.9993895
CUS-002389,1,1,0.9993895
CUS-002390,0,0,0.00061042677
CUS-002391,1,1,0.9993895
CUS-002392,1,1,0.9993895
CUS-002393,1,1,0.9993895
CUS-002394,1,1,0.9993895
CUS-002395,1,1,0.9993895
CUS-002396,1,1,0.9993895
CUS-002397,0,0,0.00061042677
CUS-002398,0,0,0.00061042677
CUS-002399,0,0,0.00061042677
CUS-002400,1,1,0.9993895
CUS-002401,1,1,0.9993895
CUS-002402,1,1,0.9993895
CUS-002403,1,1,0.9993895
CUS-002404,1,1,0.9993895
CUS-002405,1,1,0.9993895
CUS-002406,0,0,0.00061042677
CUS-002407,1,1,0.9993895
CUS-002408,1,1,0.9993895
CUS-002409,1,1,0.9993895
CUS-002410,1,1,0.9993895
CUS-002411,1,1,0.9993895
CUS-002412,1,1,0.9993895
CUS-002413,1,1,0.9993895
CUS-002414,1,1,0.9993895
CUS-002415,0,0,0.00061042677
CUS-002416,0,0,0.00061042677
CUS-002417,0,0,0.00061042677
CUS-002418,0,0,0.00061042677
CUS-002419,0,0,0.00061042677
CUS-002420,1,1,0.9993895
CUS-002421,1,1,0.9993895
CUS-002422,0,0,0.00061042677
CUS-002423,1,1,0.9993895
CUS-002424,1,1,0.9993895
CUS-002425,1,1,0.9993895
CUS-002426,1,1,0.9993895
CUS-002427,0,0,0.00061042677
CUS-002428,1,1,0.9993895
CUS-002429,1,1,0.9993895
CUS-002430,1,1,0.9993895
CUS-002431,1,1,0.9993895
CUS-002432,1,1,0.9993895
CUS-002433,1,1,0.9993895
CUS-002434,1,1,0.9993895
CUS-002435,1,1,0.9993895
CUS-002436,1,1,0.9993895
CUS-002437,1,1,0.9993895
CUS-002438,1,1,0.9993895
CUS-002439,1,1,0.9993895
CUS-002440,1,1,0.9993895
CUS-002441,1,1,0.9993895
CUS-002442,0,0,0.00061042677
CUS-002443,1,1,0.9993895
CUS-002444,1,1,0.9993895
CUS-002445,1,1,0.9993895
CUS-002446,1,1,0.9993895
CUS-002447,0,0,0.00061042677
CUS-002448,1,1,0.9993895
CUS-002449,1,1,0.9993895
CUS-002450,1,1,0.9993895
CUS-002451,0,0,0.00061042677
CUS-002452,1,1,0.9993895
CUS-002453,1,1,0.9993895
CUS-002454,1,1,0.9993895
CUS-002455,1,1,0.9993895
CUS-002456,1,1,0.9993895
CUS-002457,1,1,0.9993895
CUS-002458,0,0,0.00061042677
CUS-002459,0,0,0.00061042677
CUS-002460,1,1,0.9993895
CUS-002461,1,1,0.9993895
CUS-002462,1,1,0.9993895
CUS-002463,0,0,0.00061042677
CUS-002464,1,1,0.9993895
CUS-002465,1,1,0.9993895
CUS-002466,1,1,0.9993895
CUS-002467,1,1,0.9993895
CUS-002468,1,1,0.9993895
CUS-002469,1,1,0.9993895
CUS-002470,0,0,0.00061042677
CUS-002471,1,1,0.9993895
CUS-002472,1,1,0.9993895
CUS-002473,1,1,0.9993895
CUS-002474,1,1,0.9993895
CUS-002475,1,1,0.9993895
CUS-002476,0,0,0.00061042677
CUS-002477,1,1,0.9993895
CUS-002478,0,0,0.00061042677
CUS-002479,1,1,0.9993895
CUS-002480,1,1,0.9993895
CUS-002481,1,1,0.9993895
CUS-002482,0,0,0.00061042677
CUS-002483,0,0,0.00061042677
CUS-002484,0,0,0.00061042677
CUS-002485,1,1,0.9993895
CUS-002486,1,1,0.9993895
CUS-002487,1,1,0.9993895
CUS-002488,1,1,0.9993895
CUS-002489,0,0,0.00061042677
CUS-002490,1,1,0.9993895
CUS-002491,1,1,0.9993895
CUS-002492,1,1,0.9993895
CUS-002493,0,0,0.00061042677
CUS-002494,1,1,0.9993895
CUS-002495,1,1,0.9993895
CUS-002496,1,1,0.9993895
CUS-002497,1,1,0.9993895
CUS-002498,1,1,0.9993895
CUS-002499,1,1,0.9993895
CUS-002500,1,1,0.9993895
CUS-002501,0,0,0.00061042677
CUS-002502,1,1,0.9993895
CUS-002503,1,1,0.9993895
CUS-002504,1,1,0.9993895
CUS-002505,1,1,0.9993895
CUS-002506,1,1,0.9993895
CUS-002507,1,1,0.9993895
CUS-002508,1,1,0.9993895
CUS-002509,1,1,0.9993895
CUS-002510,1,1,0.9993895
CUS-002511,1,1,0.9993895
CUS-002512,1,1,0.9993895
CUS-002513,1,1,0.9993895
CUS-002514,0,0,0.00061042677
CUS-002515,1,1,0.9993895
CUS-002516,1,1,0.9993895
CUS-002517,0,0,0.00061042677
CUS-002518,0,0,0.00061042677
CUS-002519,1,1,0.9993895
CUS-002520,0,0,0.00061042677
CUS-002521,0,0,0.00061042677
CUS-002522,1,1,0.9993895
CUS-002523,1,1,0.9993895
CUS-002524,1,1,0.9993895
CUS-002525,1,1,0.9993895
CUS-002526,0,0,0.00061042677
CUS-002527,0,0,0.00061042677
CUS-002528,1,1,0.9993895
CUS-002529,1,1,0.9993895
CUS-002530,1,1,0.9993895
CUS-002531,1,1,0.9993895
CUS-002532,1,1,0.9993895
CUS-002533,1,1,0.9993895
CUS-002534,1,1,0.9993895
CUS-002535,1,1,0.9993895
CUS-002536,1,1,0.9993895
CUS-002537,1,1,0.9993895
CUS-002538,1,1,0.9993895
CUS-002539,0,0,0.00061042677
CUS-002540,1,1,0.9993895
CUS-002541,1,1,0.9993895
CUS-002542,1,1,0.9993895
CUS-002543,1,1,0.9993895
CUS-002544,1,1,0.9993895
CUS-002545,1,1,0.9993895
CUS-002546,1,1,0.9993895
CUS-002547,1,1,0.9993895
CUS-002548,0,0,0.00061042677
CUS-002549,1,1,0.9993895
CUS-002550,1,1,0.9993895
CUS-002551,1,1,0.9993895
CUS-002552,1,1,0.9993895
CUS-002553,1,1,0.9993895
CUS-002554,1,1,0.9993895
CUS-002555,1,1,0.9993895
CUS-002556,0,0,0.00061042677
CUS-002557,0,0,0.00061042677
CUS-002558,1,1,0.9993895
CUS-002559,1,1,0.9993895
CUS-002560,1,1,0.9993895
CUS-002561,1,1,0.9993895
CUS-002562,1,1,0.9993895
CUS-002563,1,1,0.9993895
CUS-002564,1,1,0.9993895
CUS-002565,0,0,0.00061042677
CUS-002566,1,1,0.9993895
CUS-002567,0,0,0.00061042677
CUS-002568,1,1,0.9993895
CUS-002569,0,0,0.00061042677
CUS-002570,1,1,0.9993895
CUS-002571,1,1,0.9993895
CUS-002572,1,1,0.9993895
CUS-002573,1,1,0.9993895
CUS-002574,1,1,0.9993895
CUS-002575,1,1,0.9993895
CUS-002576,1,1,0.9993895
CUS-002577,1,1,0.9993895
CUS-002578,1,1,0.9993895
CUS-002579,0,0,0.00061042677
CUS-002580,1,1,0.9993895
CUS-002581,0,0,0.00061042677
CUS-002582,1,1,0.9993895
CUS-002583,0,0,0.00061042677
CUS-002584,1,1,0.9993895
CUS-002585,1,1,0.9993895
CUS-002586,1,1,0.9993895
CUS-002587,1,1,0.9993895
CUS-002588,0,0,0.00061042677
CUS-002589,1,1,0.9993895
CUS-002590,0,0,0.00061042677
CUS-002591,1,1,0.9993895
CUS-002592,1,1,0.9993895
CUS-002593,1,1,0.9993895
CUS-002594,0,0,0.00061042677
CUS-002595,1,1,0.9993895
CUS-002596,1,1,0.9993895
CUS-002597,0,0,0.00061042677
CUS-002598,1,1,0.9993895
CUS-002599,1,1,0.9993895
CUS-002600,1,1,0.9993895
CUS-002601,1,1,0.9993895
CUS-002602,1,1,0.9993895
CUS-002603,1,1,0.9993895
CUS-002604,1,1,0.9993895
CUS-002605,0,0,0.00061042677
CUS-002606,0,0,0.00061042677
CUS-002607,1,1,0.9993895
CUS-002608,0,0,0.00061042677
CUS-002609,1,1,0.9993895
CUS-002610,1,1,0.9993895
CUS-002611,1,1,0.9993895
CUS-002612,1,1,0.9993895
CUS-002613,1,1,0.9993895
CUS-002614,1,1,0.9993895
CUS-002615,1,1,0.9993895
CUS-002616,1,1,0.9993895
CUS-002617,0,0,0.00061042677
CUS-002618,1,1,0.9993895
CUS-002619,1,1,0.9993895
CUS-002620,1,1,0.9993895
CUS-002621,1,1,0.9993895
CUS-002622,1,1,0.9993895
CUS-002623,1,1,0.9993895
CUS-002624,1,1,0.9993895
CUS-002625,1,1,0.9993895
CUS-002626,1,1,0.9993895
CUS-002627,0,0,0.00061042677
CUS-002628,1,1,0.9993895
CUS-002629,1,1,0.9993895
CUS-002630,0,0,0.00061042677
CUS-002631,0,0,0.00061042677
CUS-002632,1,1,0.9993895
CUS-002633,1,1,0.9993895
CUS-002634,1,1,0.9993895
CUS-002635,1,1,0.9993895
CUS-002636,0,0,0.00061042677
CUS-002637,1,1,0.9993895
CUS-002638,0,0,0.00061042677
CUS-002639,1,1,0.9993895
CUS-002640,0,0,0.00061042677
CUS-002641,1,1,0.9993895
CUS-002642,1,1,0.9993895
CUS-002643,1,1,0.9993895
CUS-002644,1,1,0.9993895
CUS-002645,1,1,0.9993895
CUS-002646,1,1,0.9993895
CUS-002647,1,1,0.9993895
CUS-002648,1,1,0.9993895
CUS-002649,1,1,0.9993895
CUS-002650,1,1,0.9993895
CUS-002651,1,1,0.9993895
CUS-002652,1,1,0.9993895
CUS-002653,1,1,0.9993895
CUS-002654,1,1,0.9993895
CUS-002655,0,0,0.00061042677
CUS-002656,1,1,0.9993895
CUS-002657,1,1,0.9993895
CUS-002658,1,1,0.9993895
CUS-002659,0,0,0.00061042677
CUS-002660,0,0,0.00061042677
CUS-002661,1,1,0.9993895
CUS-002662,1,1,0.9993895
CUS-002663,1,1,0.9993895
CUS-002664,0,0,0.00061042677
CUS-002665,1,1,0.9993895
CUS-002666,1,1,0.9993895
CUS-002667,1,1,0.9993895
CUS-002668,0,0,0.00061042677
CUS-002669,1,1,0.9993895
CUS-002670,1,1,0.9993895
CUS-002671,1,1,0.9993895
CUS-002672,1,1,0.9993895
CUS-002673,1,1,0.9993895
CUS-002674,0,0,0.00061042677
CUS-002675,1,1,0.9993895
CUS-002676,1,1,0.9993895
CUS-002677,0,0,0.00061042677
CUS-002678,1,1,0.9993895
CUS-002679,1,1,0.9993895
CUS-002680,1,1,0.9993895
CUS-002681,1,1,0.9993895
CUS-002682,1,1,0.9993895
CUS-002683,1,1,0.9993895
CUS-002684,1,1,0.9993895
CUS-002685,1,1,0.9993895
CUS-002686,1,1,0.9993895
CUS-002687,0,0,0.00061042677
CUS-002688,1,1,0.9993895
CUS-002689,0,0,0.00061042677
CUS-002690,1,1,0.9993895
CUS-002691,1,1,0.9993895
CUS-002692,1,1,0.9993895
CUS-002693,1,1,0.9993895
CUS-002694,1,1,0.9993895
CUS-002695,1,1,0.9993895
CUS-002696,0,0,0.00061042677
CUS-002697,1,1,0.9993895
CUS-002698,0,0,0.00061042677
CUS-002699,1,1,0.9993895
CUS-002700,1,1,0.9993895
CUS-002701,1,1,0.9993895
CUS-002702,0,0,0.00061042677
CUS-002703,1,1,0.9993895
CUS-002704,1,1,0.9993895
CUS-002705,1,1,0.9993895
CUS-002706,1,1,0.9993895
CUS-002707,1,1,0.9993895
CUS-002708,0,0,0.00061042677
CUS-002709,0,0,0.00061042677
CUS-002710,1,1,0.9993895
CUS-002711,1,1,0.9993895
CUS-002712,0,0,0.00061042677
CUS-002713,0,0,0.00061042677
CUS-002714,0,0,0.00061042677
CUS-002715,1,1,0.9993895
CUS-002716,1,1,0.9993895
CUS-002717,1,1,0.9993895
CUS-002718,1,1,0.9993895
CUS-002719,0,0,0.00061042677
CUS-002720,1,1,0.9993895
CUS-002721,1,1,0.9993895
CUS-002722,1,1,0.9993895
CUS-002723,1,1,0.9993895
CUS-002724,1,1,0.9993895
CUS-002725,0,0,0.00061042677
CUS-002726,1,1,0.9993895
CUS-002727,1,1,0.9993895
CUS-002728,0,0,0.00061042677
CUS-002729,1,1,0.9993895
CUS-002730,1,1,0.9993895
CUS-002731,1,1,0.9993895
CUS-002732,0,0,0.00061042677
CUS-002733,0,0,0.00061042677
CUS-002734,1,1,0.9993895
CUS-002735,0,0,0.00061042677
CUS-002736,1,1,0.9993895
CUS-002737,0,0,0.00061042677
CUS-002738,1,1,0.9993895
CUS-002739,1,1,0.9993895
CUS-002740,0,0,0.00061042677
CUS-002741,1,1,0.9993895
CUS-002742,1,1,0.9993895
CUS-002743,0,0,0.00061042677
CUS-002744,1,1,0.9993895
CUS-002745,0,0,0.00061042677
CUS-002746,1,1,0.9993895
CUS-002747,0,0,0.00061042677
CUS-002748,0,0,0.00061042677
CUS-002749,1,1,0.9993895
CUS-002750,1,1,0.9993895
CUS-002751,1,1,0.9993895
CUS-002752,1,1,0.9993895
CUS-002753,1,1,0.9993895
CUS-002754,0,0,0.00061042677
CUS-002755,1,1,0.9993895
CUS-002756,1,1,0.9993895
CUS-002757,1,1,0.9993895
CUS-002758,1,1,0.9993895
CUS-002759,1,1,0.9993895
CUS-002760,1,1,0.9993895
CUS-002761,1,1,0.9993895
CUS-002762,1,1,0.9993895
CUS-002763,1,1,0.9993895
CUS-002764,1,1,0.9993895
CUS-002765,0,0,0.00061042677
CUS-002766,1,1,0.9993895
CUS-002767,1,1,0.9993895
CUS-002768,1,1,0.9993895
CUS-002769,1,1,0.9993895
CUS-002770,1,1,0.9993895
CUS-002771,1,1,0.9993895
CUS-002772,1,1,0.9993895
CUS-002773,1,1,0.9993895
CUS-002774,0,0,0.00061042677
CUS-002775,1,1,0.9993895
CUS-002776,1,1,0.9993895
CUS-002777,1,1,0.9993895
CUS-002778,1,1,0.9993895
CUS-002779,0,0,0.00061042677
CUS-002780,0,0,0.00061042677
CUS-002781,0,0,0.00061042677
CUS-002782,1,1,0.9993895
CUS-002783,1,1,0.9993895
CUS-002784,1,1,0.9993895
CUS-002785,0,0,0.00061042677
CUS-002786,1,1,0.9993895
CUS-002787,0,0,0.00061042677
CUS-002788,1,1,0.9993895
CUS-002789,1,1,0.9993895
CUS-002790,1,1,0.9993895
CUS-002791,1,1,0.9993895
CUS-002792,1,1,0.9993895
CUS-002793,1,1,0.9993895
CUS-002794,1,1,0.9993895
CUS-002795,1,1,0.9993895
CUS-002796,1,1,0.9993895
CUS-002797,1,1,0.9993895
CUS-002798,1,1,0.9993895
CUS-002799,1,1,0.9993895
CUS-002800,1,1,0.9993895
CUS-002801,1,1,0.9993895
CUS-002802,0,0,0.00061042677
CUS-002803,0,0,0.00061042677
CUS-002804,1,1,0.9993895
CUS-002805,0,0,0.00061042677
CUS-002806,0,0,0.00061042677
CUS-002807,1,1,0.9993895
CUS-002808,1,1,0.9993895
CUS-002809,0,0,0.00061042677
CUS-002810,0,0,0.00061042677
CUS-002811,1,1,0.9993895
CUS-002812,1,1,0.9993895
CUS-002813,1,1,0.9993895
CUS-002814,1,1,0.9993895
CUS-002815,0,0,0.00061042677
CUS-002816,1,1,0.9993895
CUS-002817,1,1,0.9993895
CUS-002818,1,1,0.9993895
CUS-002819,1,1,0.9993895
CUS-002820,1,1,0.9993895
CUS-002821,0,0,0.00061042677
CUS-002822,1,1,0.9993895
CUS-002823,0,0,0.00061042677
CUS-002824,1,1,0.9993895
CUS-002825,1,1,0.9993895
CUS-002826,1,1,0.9993895
CUS-002827,1,1,0.9993895
CUS-002828,0,0,0.00061042677
CUS-002829,1,1,0.9993895
CUS-002830,1,1,0.9993895
CUS-002831,0,0,0.00061042677
CUS-002832,1,1,0.9993895
CUS-002833,1,1,0.9993895
CUS-002834,1,1,0.9993895
CUS-002835,1,1,0.9993895
CUS-002836,1,1,0.9993895
CUS-002837,1,1,0.9993895
CUS-002838,0,0,0.00061042677
CUS-002839,1,1,0.9993895
CUS-002840,0,0,0.00061042677
CUS-002841,1,1,0.9993895
CUS-002842,1,1,0.9993895
CUS-002843,1,1,0.9993895
CUS-002844,0,0,0.00061042677
CUS-002845,1,1,0.9993895
CUS-002846,1,1,0.9993895
CUS-002847,0,0,0.00061042677
CUS-002848,0,0,0.00061042677
CUS-002849,1,1,0.9993895
CUS-002850,1,1,0.9993895
CUS-002851,1,1,0.9993895
CUS-002852,0,0,0.00061042677
CUS-002853,1,1,0.9993895
CUS-002854,0,0,0.00061042677
CUS-002855,1,1,0.9993895
CUS-002856,1,1,0.9993895
CUS-002857,1,1,0.9993895
CUS-002858,1,1,0.9993895
CUS-002859,1,1,0.9993895
CUS-002860,1,1,0.9993895
CUS-002861,1,1,0.9993895
CUS-002862,1,1,0.9993895
CUS-002863,1,1,0.9993895
CUS-002864,0,0,0.00061042677
CUS-002865,1,1,0.9993895
CUS-002866,0,0,0.00061042677
CUS-002867,1,1,0.9993895
CUS-002868,1,1,0.9993895
CUS-002869,1,1,0.9993895
CUS-002870,0,0,0.00061042677
CUS-002871,1,1,0.9993895
CUS-002872,1,1,0.9993895
CUS-002873,0,0,0.00061042677
CUS-002874,0,0,0.00061042677
CUS-002875,0,0,0.00061042677
CUS-002876,0,0,0.00061042677
CUS-002877,1,1,0.9993895
CUS-002878,1,1,0.9993895
CUS-002879,1,1,0.9993895
CUS-002880,0,0,0.00061042677
CUS-002881,0,0,0.00061042677
CUS-002882,0,0,0.00061042677
CUS-002883,1,1,0.9993895
CUS-002884,1,1,0.9993895
CUS-002885,1,1,0.9993895
CUS-002886,0,0,0.00061042677
CUS-002887,0,0,0.00061042677
CUS-002888,1,1,0.9993895
CUS-002889,0,0,0.00061042677
CUS-002890,1,1,0.9993895
CUS-002891,1,1,0.9993895
CUS-002892,1,1,0.9993895
CUS-002893,1,1,0.9993895
CUS-002894,1,1,0.9993895
CUS-002895,1,1,0.9993895
CUS-002896,1,1,0.9993895
CUS-002897,1,1,0.9993895
CUS-002898,1,1,0.9993895
CUS-002899,1,1,0.9993895
CUS-002900,1,1,0.9993895
CUS-002901,1,1,0.9993895
CUS-002902,1,1,0.9993895
CUS-002903,0,0,0.00061042677
CUS-002904,1,1,0.9993895
CUS-002905,1,1,0.9993895
CUS-002906,1,1,0.9993895
CUS-002907,1,1,0.9993895
CUS-002908,0,0,0.00061042677
CUS-002909,0,0,0.00061042677
CUS-002910,0,0,0.00061042677
CUS-002911,1,1,0.9993895
CUS-002912,1,1,0.9993895
CUS-002913,1,1,0.9993895
CUS-002914,1,1,0.9993895
CUS-002915,1,1,0.9993895
CUS-002916,1,1,0.9993895
CUS-002917,0,0,0.00061042677
CUS-002918,0,0,0.00061042677
CUS-002919,1,1,0.9993895
CUS-002920,1,1,0.9993895
CUS-002921,1,1,0.9993895
CUS-002922,1,1,0.9993895
CUS-002923,0,0,0.00061042677
CUS-002924,0,0,0.00061042677
CUS-002925,1,1,0.9993895
CUS-002926,0,0,0.00061042677
CUS-002927,1,1,0.9993895
CUS-002928,1,1,0.9993895
CUS-002929,1,1,0.9993895
CUS-002930,1,1,0.9993895
CUS-002931,1,1,0.9993895
CUS-002932,1,1,0.9993895
CUS-002933,1,1,0.9993895
CUS-002934,1,1,0.9993895
CUS-002935,1,1,0.9993895
CUS-002936,0,0,0.00061042677
CUS-002937,1,1,0.9993895
CUS-002938,1,1,0.9993895
CUS-002939,0,0,0.00061042677
CUS-002940,1,1,0.9993895
CUS-002941,1,1,0.9993895
CUS-002942,0,0,0.00061042677
CUS-002943,1,1,0.9993895
CUS-002944,0,0,0.00061042677
CUS-002945,1,1,0.9993895
CUS-002946,1,1,0.9993895
CUS-002947,0,0,0.00061042677
CUS-002948,1,1,0.9993895
CUS-002949,1,1,0.9993895
CUS-002950,1,1,0.9993895
CUS-002951,0,0,0.00061042677
CUS-002952,1,1,0.9993895
CUS-002953,0,0,0.00061042677
CUS-002954,1,1,0.9993895
CUS-002955,1,1,0.9993895
CUS-002956,1,1,0.9993895
CUS-002957,0,0,0.00061042677
CUS-002958,0,0,0.00061042677
CUS-002959,0,0,0.00061042677
CUS-002960,1,1,0.9993895
CUS-002961,1,1,0.9993895
CUS-002962,1,1,0.9993895
CUS-002963,0,0,0.00061042677
CUS-002964,1,1,0.9993895
CUS-002965,0,0,0.00061042677
CUS-002966,1,1,0.9993895
CUS-002967,1,1,0.9993895
CUS-002968,1,1,0.9993895
CUS-002969,1,1,0.9993895
CUS-002970,1,1,0.9993895
CUS-002971,1,1,0.9993895
CUS-002972,1,1,0.9993895
CUS-002973,1,1,0.9993895
CUS-002974,1,1,0.9993895
CUS-002975,1,1,0.9993895
CUS-002976,1,1,0.9993895
CUS-002977,1,1,0.9993895
CUS-002978,1,1,0.9993895
CUS-002979,1,1,0.9993895
CUS-002980,1,1,0.9993895
CUS-002981,1,1,0.9993895
CUS-002982,1,1,0.9993895
CUS-002983,0,0,0.00061042677
CUS-002984,1,1,0.9993895
CUS-002985,0,0,0.00061042677
CUS-002986,0,0,0.00061042677
CUS-002987,0,0,0.00061042677
CUS-002988,1,1,0.9993895
CUS-002989,0,0,0.00061042677
CUS-002990,1,1,0.9993895
CUS-002991,1,1,0.9993895
CUS-002992,1,1,0.9993895
CUS-002993,0,0,0.00061042677
CUS-002994,1,1,0.9993895
CUS-002995,0,0,0.00061042677
CUS-002996,1,1,0.9993895
CUS-002997,1,1,0.9993895
CUS-002998,0,0,0.00061042677
CUS-002999,1,1,0.9993895
CUS-003000,0,0,0.00061042677
CUS-003001,1,1,0.9993895
CUS-003002,1,1,0.9993895
CUS-003003,1,1,0.9993895
CUS-003004,1,1,0.9993895
CUS-003005,0,0,0.00061042677
CUS-003006,1,1,0.9993895
CUS-003007,1,1,0.9993895
CUS-003008,0,0,0.00061042677
CUS-003009,0,0,0.00061042677
CUS-003010,1,1,0.9993895
CUS-003011,0,0,0.00061042677
CUS-003012,1,1,0.9993895
CUS-003013,1,1,0.9993895
CUS-003014,1,1,0.9993895
CUS-003015,0,0,0.00061042677
CUS-003016,1,1,0.9993895
CUS-003017,1,1,0.9993895
CUS-003018,0,0,0.00061042677
CUS-003019,1,1,0.9993895
CUS-003020,0,0,0.00061042677
CUS-003021,1,1,0.9993895
CUS-003022,1,1,0.9993895
CUS-003023,0,0,0.00061042677
CUS-003024,1,1,0.9993895
CUS-003025,1,1,0.9993895
CUS-003026,0,0,0.00061042677
CUS-003027,0,0,0.00061042677
CUS-003028,1,1,0.9993895
CUS-003029,1,1,0.9993895
CUS-003030,1,1,0.9993895
CUS-003031,1,1,0.9993895
CUS-003032,0,0,0.00061042677
CUS-003033,0,0,0.00061042677
CUS-003034,1,1,0.9993895
CUS-003035,1,1,0.9993895
CUS-003036,1,1,0.9993895
CUS-003037,1,1,0.9993895
CUS-003038,0,0,0.00061042677
CUS-003039,1,1,0.9993895
CUS-003040,1,1,0.9993895
CUS-003041,1,1,0.9993895
CUS-003042,1,1,0.9993895
CUS-003043,1,1,0.9993895
CUS-003044,1,1,0.9993895
CUS-003045,0,0,0.00061042677
CUS-003046,1,1,0.9993895
CUS-003047,1,1,0.9993895
CUS-003048,1,1,0.9993895
CUS-003049,1,1,0.9993895
CUS-003050,0,0,0.00061042677
CUS-003051,1,1,0.9993895
CUS-003052,0,0,0.00061042677
CUS-003053,1,1,0.9993895
CUS-003054,1,1,0.9993895
CUS-003055,1,1,0.9993895
CUS-003056,1,1,0.9993895
CUS-003057,1,1,0.9993895
CUS-003058,1,1,0.9993895
CUS-003059,0,0,0.00061042677
CUS-003060,0,0,0.00061042677
CUS-003061,1,1,0.9993895
CUS-003062,1,1,0.9993895
CUS-003063,0,0,0.00061042677
CUS-003064,1,1,0.9993895
CUS-003065,1,1,0.9993895
CUS-003066,1,1,0.9993895
CUS-003067,1,1,0.9993895
CUS-003068,1,1,0.9993895
CUS-003069,1,1,0.9993895
CUS-003070,1,1,0.9993895
CUS-003071,0,0,0.00061042677
CUS-003072,1,1,0.9993895
CUS-003073,1,1,0.9993895
CUS-003074,1,1,0.9993895
CUS-003075,1,1,0.9993895
CUS-003076,1,1,0.9993895
CUS-003077,1,1,0.9993895
CUS-003078,1,1,0.9993895
CUS-003079,1,1,0.9993895
CUS-003080,0,0,0.00061042677
CUS-003081,1,1,0.9993895
CUS-003082,1,1,0.9993895
CUS-003083,1,1,0.9993895
CUS-003084,1,1,0.9993895
CUS-003085,1,1,0.9993895
CUS-003086,1,1,0.9993895
CUS-003087,1,1,0.9993895
CUS-003088,1,1,0.9993895
CUS-003089,1,1,0.9993895
CUS-003090,1,1,0.9993895
CUS-003091,1,1,0.9993895
CUS-003092,1,1,0.9993895
CUS-003093,1,1,0.9993895
CUS-003094,1,1,0.9993895
CUS-003095,0,0,0.00061042677
CUS-003096,0,0,0.00061042677
CUS-003097,1,1,0.9993895
CUS-003098,1,1,0.9993895
CUS-003099,0,0,0.00061042677
CUS-003100,0,0,0.00061042677
CUS-003101,1,1,0.9993895
CUS-003102,0,0,0.00061042677
CUS-003103,1,1,0.9993895
CUS-003104,1,1,0.9993895
CUS-003105,1,1,0.9993895
CUS-003106,1,1,0.9993895
CUS-003107,1,1,0.9993895
CUS-003108,0,0,0.00061042677
CUS-003109,0,0,0.00061042677
CUS-003110,1,1,0.9993895
CUS-003111,1,1,0.9993895
CUS-003112,1,1,0.9993895
CUS-003113,1,1,0.9993895
CUS-003114,1,1,0.9993895
CUS-003115,1,1,0.9993895
CUS-003116,1,1,0.9993895
CUS-003117,0,0,0.00061042677
CUS-003118,1,1,0.9993895
CUS-003119,0,0,0.00061042677
CUS-003120,0,0,0.00061042677
CUS-003121,0,0,0.00061042677
CUS-003122,1,1,0.9993895
CUS-003123,1,1,0.9993895
CUS-003124,1,1,0.9993895
CUS-003125,0,0,0.00061042677
CUS-003126,1,1,0.9993895
CUS-003127,1,1,0.9993895
CUS-003128,0,0,0.00061042677
CUS-003129,0,0,0.00061042677
CUS-003130,1,1,0.9993895
CUS-003131,1,1,0.9993895
CUS-003132,1,1,0.9993895
CUS-003133,1,1,0.9993895
CUS-003134,0,0,0.00061042677
CUS-003135,1,1,0.9993895
CUS-003136,1,1,0.9993895
CUS-003137,1,1,0.9993895
CUS-003138,1,1,0.9993895
CUS-003139,1,1,0.9993895
CUS-003140,0,0,0.00061042677
CUS-003141,0,0,0.00061042677
CUS-003142,0,0,0.00061042677
CUS-003143,1,1,0.9993895
CUS-003144,0,0,0.00061042677
CUS-003145,0,0,0.00061042677
CUS-003146,1,1,0.9993895
CUS-003147,1,1,0.9993895
CUS-003148,0,0,0.00061042677
CUS-003149,1,1,0.9993895
CUS-003150,0,0,0.00061042677
CUS-003151,1,1,0.9993895
CUS-003152,0,0,0.00061042677
CUS-003153,1,1,0.9993895
CUS-003154,0,0,0.00061042677
CUS-003155,0,0,0.00061042677
CUS-003156,1,1,0.9993895
CUS-003157,1,1,0.9993895
CUS-003158,0,0,0.00061042677
CUS-003159,1,1,0.9993895
CUS-003160,1,1,0.9993895
CUS-003161,1,1,0.9993895
CUS-003162,1,1,0.9993895
CUS-003163,1,1,0.9993895
CUS-003164,1,1,0.9993895
CUS-003165,1,1,0.9993895
CUS-003166,1,1,0.9993895
CUS-003167,0,0,0.00061042677
CUS-003168,1,1,0.9993895
CUS-003169,0,0,0.00061042677
CUS-003170,1,1,0.9993895
CUS-003171,1,1,0.9993895
CUS-003172,1,1,0.9993895
CUS-003173,1,1,0.9993895
CUS-003174,1,1,0.9993895
CUS-003175,0,0,0.00061042677
CUS-003176,1,1,0.9993895
CUS-003177,1,1,0.9993895
CUS-003178,1,1,0.9993895
CUS-003179,0,0,0.00061042677
CUS-003180,1,1,0.9993895
CUS-003181,1,1,0.9993895
CUS-003182,1,1,0.9993895
CUS-003183,1,1,0.9993895
CUS-003184,0,0,0.00061042677
CUS-003185,0,0,0.00061042677
CUS-003186,0,0,0.00061042677
CUS-003187,1,1,0.9993895
CUS-003188,1,1,0.9993895
CUS-003189,0,0,0.00061042677
CUS-003190,1,1,0.9993895
CUS-003191,0,0,0.00061042677
CUS-003192,0,0,0.00061042677
CUS-003193,1,1,0.9993895
CUS-003194,1,1,0.9993895
CUS-003195,1,1,0.9993895
CUS-003196,1,1,0.9993895
CUS-003197,1,1,0.9993895
CUS-003198,0,0,0.00061042677
CUS-003199,0,0,0.00061042677
CUS-003200,1,1,0.9993895
CUS-003201,1,1,0.9993895
CUS-003202,1,1,0.9993895
CUS-003203,1,1,0.9993895
CUS-003204,1,1,0.9993895
CUS-003205,1,1,0.9993895
CUS-003206,0,0,0.00061042677
CUS-003207,1,1,0.9993895
CUS-003208,0,0,0.00061042677
CUS-003209,0,0,0.00061042677
CUS-003210,0,0,0.00061042677
CUS-003211,1,1,0.9993895
CUS-003212,1,1,0.9993895
CUS-003213,1,1,0.9993895
CUS-003214,1,1,0.9993895
CUS-003215,1,1,0.9993895
CUS-003216,1,1,0.9993895
CUS-003217,1,1,0.9993895
CUS-003218,0,0,0.00061042677
CUS-003219,1,1,0.9993895
CUS-003220,1,1,0.9993895
CUS-003221,1,1,0.9993895
CUS-003222,1,1,0.9993895
CUS-003223,1,1,0.9993895
CUS-003224,1,1,0.9993895
CUS-003225,0,0,0.00061042677
CUS-003226,1,1,0.9993895
CUS-003227,1,1,0.9993895
CUS-003228,0,0,0.00061042677
CUS-003229,1,1,0.9993895
CUS-003230,1,1,0.9993895
CUS-003231,1,1,0.9993895
CUS-003232,0,0,0.00061042677
CUS-003233,1,1,0.9993895
CUS-003234,0,0,0.00061042677
CUS-003235,1,1,0.9993895
CUS-003236,1,1,0.9993895
CUS-003237,1,1,0.9993895
CUS-003238,1,1,0.9993895
CUS-003239,1,1,0.9993895
CUS-003240,1,1,0.9993895
CUS-003241,1,1,0.9993895
CUS-003242,1,1,0.9993895
CUS-003243,1,1,0.9993895
CUS-003244,1,1,0.9993895
CUS-003245,0,0,0.00061042677
CUS-003246,1,1,0.9993895
CUS-003247,1,1,0.9993895
CUS-003248,1,1,0.9993895
CUS-003249,1,1,0.9993895
CUS-003250,1,1,0.9993895
CUS-003251,1,1,0.9993895
CUS-003252,1,1,0.9993895
CUS-003253,0,0,0.00061042677
CUS-003254,1,1,0.9993895
CUS-003255,0,0,0.00061042677
CUS-003256,1,1,0.9993895
CUS-003257,1,1,0.9993895
CUS-003258,1,1,0.9993895
CUS-003259,1,1,0.9993895
CUS-003260,0,0,0.00061042677
CUS-003261,0,0,0.00061042677
CUS-003262,1,1,0.9993895
CUS-003263,0,0,0.00061042677
CUS-003264,1,1,0.9993895
CUS-003265,1,1,0.9993895
CUS-003266,0,0,0.00061042677
CUS-003267,1,1,0.9993895
CUS-003268,1,1,0.9993895
CUS-003269,1,1,0.9993895
CUS-003270,0,0,0.00061042677
CUS-003271,1,1,0.9993895
CUS-003272,1,1,0.9993895
CUS-003273,0,0,0.00061042677
CUS-003274,1,1,0.9993895
CUS-003275,1,1,0.9993895
CUS-003276,1,1,0.9993895
CUS-003277,1,1,0.9993895
CUS-003278,1,1,0.9993895
CUS-003279,0,0,0.00061042677
CUS-003280,0,0,0.00061042677
CUS-003281,1,1,0.9993895
CUS-003282,1,1,0.9993895
CUS-003283,0,0,0.00061042677
CUS-003284,1,1,0.9993895
CUS-003285,0,0,0.00061042677
CUS-003286,1,1,0.9993895
CUS-003287,1,1,0.9993895
CUS-003288,1,1,0.9993895
CUS-003289,0,0,0.00061042677
CUS-003290,1,1,0.9993895
CUS-003291,0,0,0.00061042677
CUS-003292,1,1,0.9993895
CUS-003293,1,1,0.9993895
CUS-003294,1,1,0.9993895
CUS-003295,1,1,0.9993895
CUS-003296,1,1,0.9993895
CUS-003297,1,1,0.9993895
CUS-003298,1,1,0.9993895
CUS-003299,1,1,0.9993895
CUS-003300,0,0,0.00061042677
CUS-003301,1,1,0.9993895
CUS-003302,1,1,0.9993895
CUS-003303,1,1,0.9993895
CUS-003304,1,1,0.9993895
CUS-003305,1,1,0.9993895
CUS-003306,0,0,0.00061042677
CUS-003307,0,0,0.00061042677
CUS-003308,0,0,0.00061042677
CUS-003309,1,1,0.9993895
CUS-003310,0,0,0.00061042677
CUS-003311,1,1,0.9993895
CUS-003312,0,0,0.00061042677
CUS-003313,1,1,0.9993895
CUS-003314,1,1,0.9993895
CUS-003315,1,1,0.9993895
CUS-003316,0,0,0.00061042677
CUS-003317,1,1,0.9993895
CUS-003318,0,0,0.00061042677
CUS-003319,0,0,0.00061042677
CUS-003320,1,1,0.9993895
CUS-003321,1,1,0.9993895
CUS-003322,1,1,0.9993895
CUS-003323,1,1,0.9993895
CUS-003324,1,1,0.9993895
CUS-003325,1,1,0.9993895
CUS-003326,1,1,0.9993895
CUS-003327,1,1,0.9993895
CUS-003328,1,1,0.9993895
CUS-003329,1,1,0.9993895
CUS-003330,0,0,0.00061042677
CUS-003331,1,1,0.9993895
CUS-003332,1,1,0.9993895
CUS-003333,0,0,0.00061042677
CUS-003334,0,0,0.00061042677
CUS-003335,1,1,0.9993895
CUS-003336,1,1,0.9993895
CUS-003337,1,1,0.9993895
CUS-003338,1,1,0.9993895
CUS-003339,0,0,0.00061042677
CUS-003340,1,1,0.9993895
CUS-003341,0,0,0.00061042677
CUS-003342,1,1,0.9993895
CUS-003343,0,0,0.00061042677
CUS-003344,0,0,0.00061042677
CUS-003345,0,0,0.00061042677
CUS-003346,1,1,0.9993895
CUS-003347,1,1,0.9993895
CUS-003348,1,1,0.9993895
CUS-003349,1,1,0.9993895
CUS-003350,1,1,0.9993895
CUS-003351,0,0,0.00061042677
CUS-003352,1,1,0.9993895
CUS-003353,0,0,0.00061042677
CUS-003354,0,0,0.00061042677
CUS-003355,1,1,0.9993895
CUS-003356,0,0,0.00061042677
CUS-003357,1,1,0.9993895
CUS-003358,1,1,0.9993895
CUS-003359,1,1,0.9993895
CUS-003360,1,1,0.9993895
CUS-003361,0,0,0.00061042677
CUS-003362,1,1,0.9993895
CUS-003363,1,1,0.9993895
CUS-003364,1,1,0.9993895
CUS-003365,0,0,0.00061042677
CUS-003366,1,1,0.9993895
CUS-003367,1,1,0.9993895
CUS-003368,1,1,0.9993895
CUS-003369,1,1,0.9993895
CUS-003370,1,1,0.9993895
CUS-003371,1,1,0.9993895
CUS-003372,1,1,0.9993895
CUS-003373,1,1,0.9993895
CUS-003374,1,1,0.9993895
CUS-003375,0,0,0.00061042677
CUS-003376,1,1,0.9993895
CUS-003377,0,0,0.00061042677
CUS-003378,1,1,0.9993895
CUS-003379,1,1,0.9993895
CUS-003380,1,1,0.9993895
CUS-003381,1,1,0.9993895
CUS-003382,1,1,0.9993895
CUS-003383,1,1,0.9993895
CUS-003384,1,1,0.9993895
CUS-003385,0,0,0.00061042677
CUS-003386,1,1,0.9993895
CUS-003387,1,1,0.9993895
CUS-003388,1,1,0.9993895
CUS-003389,1,1,0.9993895
CUS-003390,0,0,0.00061042677
CUS-003391,1,1,0.9993895
CUS-003392,1,1,0.9993895
CUS-003393,1,1,0.9993895
CUS-003394,0,0,0.00061042677
CUS-003395,0,0,0.00061042677
CUS-003396,1,1,0.9993895
CUS-003397,0,0,0.00061042677
CUS-003398,0,0,0.00061042677
CUS-003399,1,1,0.9993895
CUS-003400,0,0,0.00061042677
CUS-003401,0,0,0.00061042677
CUS-003402,1,1,0.9993895
CUS-003403,1,1,0.9993895
CUS-003404,1,1,0.9993895
CUS-003405,1,1,0.9993895
CUS-003406,1,1,0.9993895
CUS-003407,1,1,0.9993895
CUS-003408,0,0,0.00061042677
CUS-003409,1,1,0.9993895
CUS-003410,0,0,0.00061042677
CUS-003411,1,1,0.9993895
CUS-003412,1,1,0.9993895
CUS-003413,1,1,0.9993895
CUS-003414,1,1,0.9993895
CUS-003415,1,1,0.9993895
CUS-003416,0,0,0.00061042677
CUS-003417,1,1,0.9993895
CUS-003418,1,1,0.9993895
CUS-003419,0,0,0.00061042677
CUS-003420,1,1,0.9993895
CUS-003421,1,1,0.9993895
CUS-003422,1,1,0.9993895
CUS-003423,0,0,0.00061042677
CUS-003424,1,1,0.9993895
CUS-003425,1,1,0.9993895
CUS-003426,1,1,0.9993895
CUS-003427,0,0,0.00061042677
CUS-003428,1,1,0.9993895
CUS-003429,1,1,0.9993895
CUS-003430,1,1,0.9993895
CUS-003431,1,1,0.9993895
CUS-003432,1,1,0.9993895
CUS-003433,1,1,0.9993895
CUS-003434,0,0,0.00061042677
CUS-003435,0,0,0.00061042677
CUS-003436,1,1,0.9993895
CUS-003437,1,1,0.9993895
CUS-003438,1,1,0.9993895
CUS-003439,0,0,0.00061042677
CUS-003440,1,1,0.9993895
CUS-003441,0,0,0.00061042677
CUS-003442,0,0,0.00061042677
CUS-003443,0,0,0.00061042677
CUS-003444,1,1,0.9993895
CUS-003445,1,1,0.9993895
CUS-003446,1,1,0.9993895
CUS-003447,1,1,0.9993895
CUS-003448,1,1,0.9993895
CUS-003449,1,1,0.9993895
CUS-003450,1,1,0.9993895
CUS-003451,1,1,0.9993895
CUS-003452,1,1,0.9993895
CUS-003453,1,1,0.9993895
CUS-003454,1,1,0.9993895
CUS-003455,1,1,0.9993895
CUS-003456,1,1,0.9993895
CUS-003457,0,0,0.00061042677
CUS-003458,1,1,0.9993895
CUS-003459,0,0,0.00061042677
CUS-003460,1,1,0.9993895
CUS-003461,1,1,0.9993895
CUS-003462,1,1,0.9993895
CUS-003463,1,1,0.9993895
CUS-003464,0,0,0.00061042677
CUS-003465,1,1,0.9993895
CUS-003466,1,1,0.9993895
CUS-003467,0,0,0.00061042677
CUS-003468,1,1,0.9993895
CUS-003469,1,1,0.9993895
CUS-003470,0,0,0.00061042677
CUS-003471,1,1,0.9993895
CUS-003472,1,1,0.9993895
CUS-003473,1,1,0.9993895
CUS-003474,1,1,0.9993895
CUS-003475,1,1,0.9993895
CUS-003476,1,1,0.9993895
CUS-003477,1,1,0.9993895
CUS-003478,1,1,0.9993895
CUS-003479,1,1,0.9993895
CUS-003480,0,0,0.00061042677
CUS-003481,1,1,0.9993895
CUS-003482,1,1,0.9993895
CUS-003483,1,1,0.9993895
CUS-003484,1,1,0.9993895
CUS-003485,1,1,0.9993895
CUS-003486,1,1,0.9993895
CUS-003487,1,1,0.9993895
CUS-003488,1,1,0.9993895
CUS-003489,0,0,0.00061042677
CUS-003490,1,1,0.9993895
CUS-003491,1,1,0.9993895
CUS-003492,0,0,0.00061042677
CUS-003493,1,1,0.9993895
CUS-003494,1,1,0.9993895
CUS-003495,0,0,0.00061042677
CUS-003496,1,1,0.9993895
CUS-003497,1,1,0.9993895
CUS-003498,1,1,0.9993895
CUS-003499,1,1,0.9993895
CUS-003500,1,1,0.9993895
CUS-003501,1,1,0.9993895
CUS-003502,1,1,0.9993895
CUS-003503,0,0,0.00061042677
CUS-003504,1,1,0.9993895
CUS-003505,1,1,0.9993895
CUS-003506,1,1,0.9993895
CUS-003507,1,1,0.9993895
CUS-003508,1,1,0.9993895
CUS-003509,1,1,0.9993895
CUS-003510,0,0,0.00061042677
CUS-003511,1,1,0.9993895
CUS-003512,1,1,0.9993895
CUS-003513,1,1,0.9993895
CUS-003514,1,1,0.9993895
CUS-003515,1,1,0.9993895
CUS-003516,1,1,0.9993895
CUS-003517,1,1,0.9993895
CUS-003518,0,0,0.00061042677
CUS-003519,1,1,0.9993895
CUS-003520,1,1,0.9993895
CUS-003521,1,1,0.9993895
CUS-003522,1,1,0.9993895
CUS-003523,0,0,0.00061042677
CUS-003524,1,1,0.9993895
CUS-003525,1,1,0.9993895
CUS-003526,1,1,0.9993895
CUS-003527,1,1,0.9993895
CUS-003528,1,1,0.9993895
CUS-003529,1,1,0.9993895
CUS-003530,1,1,0.9993895
CUS-003531,1,1,0.9993895
CUS-003532,0,0,0.00061042677
CUS-003533,1,1,0.9993895
CUS-003534,0,0,0.00061042677
CUS-003535,1,1,0.9993895
CUS-003536,1,1,0.9993895
CUS-003537,0,0,0.00061042677
CUS-003538,1,1,0.9993895
CUS-003539,1,1,0.9993895
CUS-003540,0,0,0.00061042677
CUS-003541,1,1,0.9993895
CUS-003542,1,1,0.9993895
CUS-003543,1,1,0.9993895
CUS-003544,1,1,0.9993895
CUS-003545,1,1,0.9993895
CUS-003546,1,1,0.9993895
CUS-003547,1,1,0.9993895
CUS-003548,1,1,0.9993895
CUS-003549,1,1,0.9993895
CUS-003550,1,1,0.9993895
CUS-003551,1,1,0.9993895
CUS-003552,1,1,0.9993895
CUS-003553,0,0,0.00061042677
CUS-003554,1,1,0.9993895
CUS-003555,1,1,0.9993895
CUS-003556,1,1,0.9993895
CUS-003557,1,1,0.9993895
CUS-003558,1,1,0.9993895
CUS-003559,1,1,0.9993895
CUS-003560,1,1,0.9993895
CUS-003561,1,1,0.9993895
CUS-003562,1,1,0.9993895
CUS-003563,1,1,0.9993895
CUS-003564,0,0,0.00061042677
CUS-003565,1,1,0.9993895
CUS-003566,1,1,0.9993895
CUS-003567,1,1,0.9993895
CUS-003568,1,1,0.9993895
CUS-003569,1,1,0.9993895
CUS-003570,1,1,0.9993895
CUS-003571,1,1,0.9993895
CUS-003572,0,0,0.00061042677
CUS-003573,1,1,0.9993895
CUS-003574,1,1,0.9993895
CUS-003575,1,1,0.9993895
CUS-003576,1,1,0.9993895
CUS-003577,1,1,0.9993895
CUS-003578,1,1,0.9993895
CUS-003579,1,1,0.9993895
CUS-003580,0,0,0.00061042677
CUS-003581,1,1,0.9993895
CUS-003582,1,1,0.9993895
CUS-003583,1,1,0.9993895
CUS-003584,1,1,0.9993895
CUS-003585,1,1,0.9993895
CUS-003586,1,1,0.9993895
CUS-003587,1,1,0.9993895
CUS-003588,0,0,0.00061042677
CUS-003589,1,1,0.9993895
CUS-003590,1,1,0.9993895
CUS-003591,1,1,0.9993895
CUS-003592,1,1,0.9993895
CUS-003593,1,1,0.9993895
CUS-003594,0,0,0.00061042677
CUS-003595,0,0,0.00061042677
CUS-003596,0,0,0.00061042677
CUS-003597,1,1,0.9993895
CUS-003598,1,1,0.9993895
CUS-003599,1,1,0.9993895
CUS-003600,1,1,0.9993895
CUS-003601,1,1,0.9993895
CUS-003602,0,0,0.00061042677
CUS-003603,1,1,0.9993895
CUS-003604,1,1,0.9993895
CUS-003605,1,1,0.9993895
CUS-003606,1,1,0.9993895
CUS-003607,0,0,0.00061042677
CUS-003608,0,0,0.00061042677
CUS-003609,0,0,0.00061042677
CUS-003610,0,0,0.00061042677
CUS-003611,1,1,0.9993895
CUS-003612,1,1,0.9993895
CUS-003613,0,0,0.00061042677
CUS-003614,1,1,0.9993895
CUS-003615,1,1,0.9993895
CUS-003616,0,0,0.00061042677
CUS-003617,1,1,0.9993895
CUS-003618,0,0,0.00061042677
CUS-003619,1,1,0.9993895
CUS-003620,1,1,0.9993895
CUS-003621,1,1,0.9993895
CUS-003622,0,0,0.00061042677
CUS-003623,1,1,0.9993895
CUS-003624,1,1,0.9993895
CUS-003625,1,1,0.9993895
CUS-003626,1,1,0.9993895
CUS-003627,1,1,0.9993895
CUS-003628,1,1,0.9993895
CUS-003629,1,1,0.9993895
CUS-003630,0,0,0.00061042677
CUS-003631,0,0,0.00061042677
CUS-003632,1,1,0.9993895
CUS-003633,0,0,0.00061042677
CUS-003634,1,1,0.9993895
CUS-003635,1,1,0.9993895
CUS-003636,1,1,0.9993895
CUS-003637,1,1,0.9993895
CUS-003638,0,0,0.00061042677
CUS-003639,1,1,0.9993895
CUS-003640,1,1,0.9993895
CUS-003641,1,1,0.9993895
CUS-003642,1,1,0.9993895
CUS-003643,1,1,0.9993895
CUS-003644,0,0,0.00061042677
CUS-003645,1,1,0.9993895
CUS-003646,0,0,0.00061042677
CUS-003647,1,1,0.9993895
CUS-003648,1,1,0.9993895
CUS-003649,0,0,0.00061042677
CUS-003650,1,1,0.9993895
CUS-003651,1,1,0.9993895
CUS-003652,0,0,0.00061042677
CUS-003653,1,1,0.9993895
CUS-003654,0,0,0.00061042677
CUS-003655,1,1,0.9993895
CUS-003656,1,1,0.9993895
CUS-003657,1,1,0.9993895
CUS-003658,1,1,0.9993895
CUS-003659,1,1,0.9993895
CUS-003660,1,1,0.9993895
CUS-003661,0,0,0.00061042677
CUS-003662,1,1,0.9993895
CUS-003663,1,1,0.9993895
CUS-003664,1,1,0.9993895
CUS-003665,0,0,0.00061042677
CUS-003666,1,1,0.9993895
CUS-003667,1,1,0.9993895
CUS-003668,0,0,0.00061042677
CUS-003669,1,1,0.9993895
CUS-003670,1,1,0.9993895
CUS-003671,1,1,0.9993895
CUS-003672,1,1,0.9993895
CUS-003673,1,1,0.9993895
CUS-003674,1,1,0.9993895
CUS-003675,1,1,0.9993895
CUS-003676,1,1,0.9993895
CUS-003677,1,1,0.9993895
CUS-003678,1,1,0.9993895
CUS-003679,0,0,0.00061042677
CUS-003680,0,0,0.00061042677
CUS-003681,1,1,0.9993895
CUS-003682,0,0,0.00061042677
CUS-003683,0,0,0.00061042677
CUS-003684,1,1,0.9993895
CUS-003685,0,0,0.00061042677
CUS-003686,0,0,0.00061042677
CUS-003687,1,1,0.9993895
CUS-003688,1,1,0.9993895
CUS-003689,1,1,0.9993895
CUS-003690,1,1,0.9993895
CUS-003691,0,0,0.00061042677
CUS-003692,1,1,0.9993895
CUS-003693,0,0,0.00061042677
CUS-003694,1,1,0.9993895
CUS-003695,1,1,0.9993895
CUS-003696,1,1,0.9993895
CUS-003697,1,1,0.9993895
CUS-003698,0,0,0.00061042677
CUS-003699,0,0,0.00061042677
CUS-003700,1,1,0.9993895
CUS-003701,1,1,0.9993895
CUS-003702,1,1,0.9993895
CUS-003703,1,1,0.9993895
CUS-003704,1,1,0.9993895
CUS-003705,0,0,0.00061042677
CUS-003706,0,0,0.00061042677
CUS-003707,1,1,0.9993895
CUS-003708,1,1,0.9993895
CUS-003709,1,1,0.9993895
CUS-003710,1,1,0.9993895
CUS-003711,1,1,0.9993895
CUS-003712,1,1,0.9993895
CUS-003713,1,1,0.9993895
CUS-003714,1,1,0.9993895
CUS-003715,1,1,0.9993895
CUS-003716,1,1,0.9993895
CUS-003717,1,1,0.9993895
CUS-003718,1,1,0.9993895
CUS-003719,1,1,0.9993895
CUS-003720,1,1,0.9993895
CUS-003721,1,1,0.9993895
CUS-003722,0,0,0.00061042677
CUS-003723,1,1,0.9993895
CUS-003724,1,1,0.9993895
CUS-003725,1,1,0.9993895
CUS-003726,1,1,0.9993895
CUS-003727,1,1,0.9993895
CUS-003728,0,0,0.00061042677
CUS-003729,1,1,0.9993895
CUS-003730,1,1,0.9993895
CUS-003731,1,1,0.9993895
CUS-003732,1,1,0.9993895
CUS-003733,1,1,0.9993895
CUS-003734,1,1,0.9993895
CUS-003735,0,0,0.00061042677
CUS-003736,1,1,0.9993895
CUS-003737,0,0,0.00061042677
CUS-003738,1,1,0.9993895
CUS-003739,1,1,0.9993895
CUS-003740,1,1,0.9993895
CUS-003741,0,0,0.00061042677
CUS-003742,0,0,0.00061042677
CUS-003743,1,1,0.9993895
CUS-003744,1,1,0.9993895
CUS-003745,1,1,0.9993895
CUS-003746,1,1,0.9993895
CUS-003747,0,0,0.00061042677
CUS-003748,1,1,0.9993895
CUS-003749,1,1,0.9993895
CUS-003750,0,0,0.00061042677
CUS-003751,0,0,0.00061042677
CUS-003752,0,0,0.00061042677
CUS-003753,1,1,0.9993895
CUS-003754,1,1,0.9993895
CUS-003755,1,1,0.9993895
CUS-003756,1,1,0.9993895
CUS-003757,0,0,0.00061042677
CUS-003758,0,0,0.00061042677
CUS-003759,1,1,0.9993895
CUS-003760,0,0,0.00061042677
CUS-003761,1,1,0.9993895
CUS-003762,1,1,0.9993895
CUS-003763,0,0,0.00061042677
CUS-003764,0,0,0.00061042677
CUS-003765,0,0,0.00061042677
CUS-003766,1,1,0.9993895
CUS-003767,1,1,0.9993895
CUS-003768,1,1,0.9993895
CUS-003769,1,1,0.9993895
CUS-003770,1,1,0.9993895
CUS-003771,1,1,0.9993895
CUS-003772,1,1,0.9993895
CUS-003773,1,1,0.9993895
CUS-003774,1,1,0.9993895
CUS-003775,1,1,0.9993895
CUS-003776,1,1,0.9993895
CUS-003777,1,1,0.9993895
CUS-003778,1,1,0.9993895
CUS-003779,1,1,0.9993895
CUS-003780,1,1,0.9993895
CUS-003781,1,1,0.9993895
CUS-003782,1,1,0.9993895
CUS-003783,1,1,0.9993895
CUS-003784,0,0,0.00061042677
CUS-003785,0,0,0.00061042677
CUS-003786,1,1,0.9993895
CUS-003787,1,1,0.9993895
CUS-003788,0,0,0.00061042677
CUS-003789,1,1,0.9993895
CUS-003790,1,1,0.9993895
CUS-003791,0,0,0.00061042677
CUS-003792,1,1,0.9993895
CUS-003793,0,0,0.00061042677
CUS-003794,0,0,0.00061042677
CUS-003795,1,1,0.9993895
CUS-003796,1,1,0.9993895
CUS-003797,1,1,0.9993895
CUS-003798,1,1,0.9993895
CUS-003799,1,1,0.9993895
CUS-003800,1,1,0.9993895
CUS-003801,0,0,0.00061042677
CUS-003802,0,0,0.00061042677
CUS-003803,1,1,0.9993895
CUS-003804,0,0,0.00061042677
CUS-003805,0,0,0.00061042677
CUS-003806,0,0,0.00061042677
CUS-003807,1,1,0.9993895
CUS-003808,1,1,0.9993895
CUS-003809,1,1,0.9993895
CUS-003810,1,1,0.9993895
CUS-003811,0,0,0.00061042677
CUS-003812,1,1,0.9993895
CUS-003813,1,1,0.9993895
CUS-003814,0,0,0.00061042677
CUS-003815,1,1,0.9993895
CUS-003816,1,1,0.9993895
CUS-003817,1,1,0.9993895
CUS-003818,0,0,0.00061042677
CUS-003819,1,1,0.9993895
CUS-003820,1,1,0.9993895
CUS-003821,1,1,0.9993895
CUS-003822,1,1,0.9993895
CUS-003823,1,1,0.9993895
CUS-003824,0,0,0.00061042677
CUS-003825,1,1,0.9993895
CUS-003826,1,1,0.9993895
CUS-003827,0,0,0.00061042677
CUS-003828,1,1,0.9993895
CUS-003829,1,1,0.9993895
CUS-003830,1,1,0.9993895
CUS-003831,1,1,0.9993895
CUS-003832,1,1,0.9993895
CUS-003833,0,0,0.00061042677
CUS-003834,1,1,0.9993895
CUS-003835,0,0,0.00061042677
CUS-003836,1,1,0.9993895
CUS-003837,1,1,0.9993895
CUS-003838,0,0,0.00061042677
CUS-003839,1,1,0.9993895
CUS-003840,1,1,0.9993895
CUS-003841,1,1,0.9993895
CUS-003842,1,1,0.9993895
CUS-003843,1,1,0.9993895
CUS-003844,1,1,0.9993895
CUS-003845,1,1,0.9993895
CUS-003846,1,1,0.9993895
CUS-003847,1,1,0.9993895
CUS-003848,1,1,0.9993895
CUS-003849,0,0,0.00061042677
CUS-003850,1,1,0.9993895
CUS-003851,0,0,0.00061042677
CUS-003852,0,0,0.00061042677
CUS-003853,1,1,0.9993895
CUS-003854,1,1,0.9993895
CUS-003855,0,0,0.00061042677
CUS-003856,0,0,0.00061042677
CUS-003857,1,1,0.9993895
CUS-003858,1,1,0.9993895
CUS-003859,1,1,0.9993895
CUS-003860,0,0,0.00061042677
CUS-003861,1,1,0.9993895
CUS-003862,0,0,0.00061042677
CUS-003863,1,1,0.9993895
CUS-003864,1,1,0.9993895
CUS-003865,1,1,0.9993895
CUS-003866,1,1,0.9993895
CUS-003867,1,1,0.9993895
CUS-003868,0,0,0.00061042677
CUS-003869,1,1,0.9993895
CUS-003870,1,1,0.9993895
CUS-003871,1,1,0.9993895
CUS-003872,1,1,0.9993895
CUS-003873,0,0,0.00061042677
CUS-003874,0,0,0.00061042677
CUS-003875,1,1,0.9993895
CUS-003876,1,1,0.9993895
CUS-003877,1,1,0.9993895
CUS-003878,1,1,0.9993895
CUS-003879,1,1,0.9993895
CUS-003880,1,1,0.9993895
CUS-003881,1,1,0.9993895
CUS-003882,1,1,0.9993895
CUS-003883,1,1,0.9993895
CUS-003884,1,1,0.9993895
CUS-003885,1,1,0.9993895
CUS-003886,0,0,0.00061042677
CUS-003887,1,1,0.9993895
CUS-003888,1,1,0.9993895
CUS-003889,1,1,0.9993895
CUS-003890,0,0,0.00061042677
CUS-003891,1,1,0.9993895
CUS-003892,1,1,0.9993895
CUS-003893,1,1,0.9993895
CUS-003894,1,1,0.9993895
CUS-003895,1,1,0.9993895
CUS-003896,1,1,0.9993895
CUS-003897,1,1,0.9993895
CUS-003898,1,1,0.9993895
CUS-003899,0,0,0.00061042677
CUS-003900,0,0,0.00061042677
CUS-003901,1,1,0.9993895
CUS-003902,0,0,0.00061042677
CUS-003903,1,1,0.9993895
CUS-003904,1,1,0.9993895
CUS-003905,0,0,0.00061042677
CUS-003906,1,1,0.9993895
CUS-003907,1,1,0.9993895
CUS-003908,1,1,0.9993895
CUS-003909,0,0,0.00061042677
CUS-003910,1,1,0.9993895
CUS-003911,1,1,0.9993895
CUS-003912,1,1,0.9993895
CUS-003913,1,1,0.9993895
CUS-003914,0,0,0.00061042677
CUS-003915,1,1,0.9993895
CUS-003916,1,1,0.9993895
CUS-003917,0,0,0.00061042677
CUS-003918,1,1,0.9993895
CUS-003919,1,1,0.9993895
CUS-003920,1,1,0.9993895
CUS-003921,0,0,0.00061042677
CUS-003922,1,1,0.9993895
CUS-003923,1,1,0.9993895
CUS-003924,1,1,0.9993895
CUS-003925,0,0,0.00061042677
CUS-003926,0,0,0.00061042677
CUS-003927,1,1,0.9993895
CUS-003928,0,0,0.00061042677
CUS-003929,0,0,0.00061042677
CUS-003930,1,1,0.9993895
CUS-003931,0,0,0.00061042677
CUS-003932,1,1,0.9993895
CUS-003933,1,1,0.9993895
CUS-003934,0,0,0.00061042677
CUS-003935,1,1,0.9993895
CUS-003936,0,0,0.00061042677
CUS-003937,1,1,0.9993895
CUS-003938,0,0,0.00061042677
CUS-003939,1,1,0.9993895
CUS-003940,1,1,0.9993895
CUS-003941,0,0,0.00061042677
CUS-003942,0,0,0.00061042677
CUS-003943,1,1,0.9993895
CUS-003944,1,1,0.9993895
CUS-003945,1,1,0.9993895
CUS-003946,1,1,0.9993895
CUS-003947,0,0,0.00061042677
CUS-003948,0,0,0.00061042677
CUS-003949,1,1,0.9993895
CUS-003950,1,1,0.9993895
CUS-003951,1,1,0.9993895
CUS-003952,1,1,0.9993895
CUS-003953,1,1,0.9993895
CUS-003954,1,1,0.9993895
CUS-003955,0,0,0.00061042677
CUS-003956,0,0,0.00061042677
CUS-003957,0,0,0.00061042677
CUS-003958,1,1,0.9993895
CUS-003959,0,0,0.00061042677
CUS-003960,0,0,0.00061042677
CUS-003961,1,1,0.9993895
CUS-003962,1,1,0.9993895
CUS-003963,0,0,0.00061042677
CUS-003964,0,0,0.00061042677
CUS-003965,1,1,0.9993895
CUS-003966,0,0,0.00061042677
CUS-003967,1,1,0.9993895
CUS-003968,0,0,0.00061042677
CUS-003969,1,1,0.9993895
CUS-003970,1,1,0.9993895
CUS-003971,1,1,0.9993895
CUS-003972,0,0,0.00061042677
CUS-003973,1,1,0.9993895
CUS-003974,1,1,0.9993895
CUS-003975,0,0,0.00061042677
CUS-003976,0,0,0.00061042677
CUS-003977,0,0,0.00061042677
CUS-003978,1,1,0.9993895
CUS-003979,1,1,0.9993895
CUS-003980,1,1,0.9993895
CUS-003981,1,1,0.9993895
CUS-003982,1,1,0.9993895
CUS-003983,1,1,0.9993895
CUS-003984,0,0,0.00061042677
CUS-003985,1,1,0.9993895
CUS-003986,0,0,0.00061042677
CUS-003987,0,0,0.00061042677
CUS-003988,1,1,0.9993895
CUS-003989,1,1,0.9993895
CUS-003990,1,1,0.9993895
CUS-003991,1,1,0.9993895
CUS-003992,1,1,0.9993895
CUS-003993,0,0,0.00061042677
CUS-003994,1,1,0.9993895
CUS-003995,0,0,0.00061042677
CUS-003996,0,0,0.00061042677
CUS-003997,0,0,0.00061042677
CUS-003998,1,1,0.9993895
CUS-003999,1,1,0.9993895
CUS-004000,0,0,0.00061042677
CUS-004001,1,1,0.9993895
CUS-004002,1,1,0.9993895
CUS-004003,1,1,0.9993895
CUS-004004,0,0,0.00061042677
CUS-004005,1,1,0.9993895
CUS-004006,0,0,0.00061042677
CUS-004007,1,1,0.9993895
CUS-004008,0,0,0.00061042677
CUS-004009,0,0,0.00061042677
CUS-004010,1,1,0.9993895
CUS-004011,0,0,0.00061042677
CUS-004012,1,1,0.9993895
CUS-004013,1,1,0.9993895
CUS-004014,1,1,0.9993895
CUS-004015,1,1,0.9993895
CUS-004016,1,1,0.9993895
CUS-004017,0,0,0.00061042677
CUS-004018,1,1,0.9993895
CUS-004019,0,0,0.00061042677
CUS-004020,1,1,0.9993895
CUS-004021,1,1,0.9993895
CUS-004022,0,0,0.00061042677
CUS-004023,1,1,0.9993895
CUS-004024,1,1,0.9993895
CUS-004025,1,1,0.9993895
CUS-004026,1,1,0.9993895
CUS-004027,1,1,0.9993895
CUS-004028,0,0,0.00061042677
CUS-004029,1,1,0.9993895
CUS-004030,1,1,0.9993895
CUS-004031,1,1,0.9993895
CUS-004032,1,1,0.9993895
CUS-004033,1,1,0.9993895
CUS-004034,1,1,0.9993895
CUS-004035,0,0,0.00061042677
CUS-004036,1,1,0.9993895
CUS-004037,1,1,0.9993895
CUS-004038,1,1,0.9993895
CUS-004039,1,1,0.9993895
CUS-004040,1,1,0.9993895
CUS-004041,1,1,0.9993895
CUS-004042,1,1,0.9993895
CUS-004043,0,0,0.00061042677
CUS-004044,1,1,0.9993895
CUS-004045,1,1,0.9993895
CUS-004046,1,1,0.9993895
CUS-004047,0,0,0.00061042677
CUS-004048,0,0,0.00061042677
CUS-004049,1,1,0.9993895
CUS-004050,1,1,0.9993895
CUS-004051,1,1,0.9993895
CUS-004052,1,1,0.9993895
CUS-004053,1,1,0.9993895
CUS-004054,0,0,0.00061042677
CUS-004055,1,1,0.9993895
CUS-004056,1,1,0.9993895
CUS-004057,1,1,0.9993895
CUS-004058,1,1,0.9993895
CUS-004059,1,1,0.9993895
CUS-004060,1,1,0.9993895
CUS-004061,1,1,0.9993895
CUS-004062,1,1,0.9993895
CUS-004063,0,0,0.00061042677
CUS-004064,1,1,0.9993895
CUS-004065,0,0,0.00061042677
CUS-004066,1,1,0.9993895
CUS-004067,1,1,0.9993895
CUS-004068,1,1,0.9993895
CUS-004069,1,1,0.9993895
CUS-004070,0,0,0.00061042677
CUS-004071,1,1,0.9993895
CUS-004072,1,1,0.9993895
CUS-004073,1,1,0.9993895
CUS-004074,0,0,0.00061042677
CUS-004075,0,0,0.00061042677
CUS-004076,1,1,0.9993895
CUS-004077,0,0,0.00061042677
CUS-004078,1,1,0.9993895
CUS-004079,1,1,0.9993895
CUS-004080,1,1,0.9993895
CUS-004081,1,1,0.9993895
CUS-004082,0,0,0.00061042677
CUS-004083,1,1,0.9993895
CUS-004084,1,1,0.9993895
CUS-004085,1,1,0.9993895
CUS-004086,1,1,0.9993895
CUS-004087,1,1,0.9993895
CUS-004088,0,0,0.00061042677
CUS-004089,0,0,0.00061042677
CUS-004090,0,0,0.00061042677
CUS-004091,0,0,0.00061042677
CUS-004092,1,1,0.9993895
CUS-004093,1,1,0.9993895
CUS-004094,1,1,0.9993895
CUS-004095,0,0,0.00061042677
CUS-004096,1,1,0.9993895
CUS-004097,1,1,0.9993895
CUS-004098,1,1,0.9993895
CUS-004099,1,1,0.9993895
CUS-004100,1,1,0.9993895
CUS-004101,1,1,0.9993895
CUS-004102,1,1,0.9993895
CUS-004103,1,1,0.9993895
CUS-004104,1,1,0.9993895
CUS-004105,1,1,0.9993895
CUS-004106,0,0,0.00061042677
CUS-004107,1,1,0.9993895
CUS-004108,1,1,0.9993895
CUS-004109,1,1,0.9993895
CUS-004110,1,1,0.9993895
CUS-004111,1,1,0.9993895
CUS-004112,1,1,0.9993895
CUS-004113,1,1,0.9993895
CUS-004114,0,0,0.00061042677
CUS-004115,1,1,0.9993895
CUS-004116,0,0,0.00061042677
CUS-004117,1,1,0.9993895
CUS-004118,1,1,0.9993895
CUS-004119,1,1,0.9993895
CUS-004120,1,1,0.9993895
CUS-004121,1,1,0.9993895
CUS-004122,1,1,0.9993895
CUS-004123,1,1,0.9993895
CUS-004124,1,1,0.9993895
CUS-004125,1,1,0.9993895
CUS-004126,1,1,0.9993895
CUS-004127,1,1,0.9993895
CUS-004128,1,1,0.9993895
CUS-004129,1,1,0.9993895
CUS-004130,1,1,0.9993895
CUS-004131,1,1,0.9993895
CUS-004132,1,1,0.9993895
CUS-004133,1,1,0.9993895
CUS-004134,1,1,0.9993895
CUS-004135,1,1,0.9993895
CUS-004136,0,0,0.00061042677
CUS-004137,1,1,0.9993895
CUS-004138,0,0,0.00061042677
CUS-004139,1,1,0.9993895
CUS-004140,1,1,0.9993895
CUS-004141,1,1,0.9993895
CUS-004142,1,1,0.9993895
CUS-004143,0,0,0.00061042677
CUS-004144,1,1,0.9993895
CUS-004145,1,1,0.9993895
CUS-004146,0,0,0.00061042677
CUS-004147,1,1,0.9993895
CUS-004148,1,1,0.9993895
CUS-004149,1,1,0.9993895
CUS-004150,1,1,0.9993895
CUS-004151,0,0,0.00061042677
CUS-004152,1,1,0.9993895
CUS-004153,1,1,0.9993895
CUS-004154,1,1,0.9993895
CUS-004155,1,1,0.9993895
CUS-004156,0,0,0.00061042677
CUS-004157,1,1,0.9993895
CUS-004158,0,0,0.00061042677
CUS-004159,1,1,0.9993895
CUS-004160,1,1,0.9993895
CUS-004161,1,1,0.9993895
CUS-004162,1,1,0.9993895
CUS-004163,1,1,0.9993895
CUS-004164,1,1,0.9993895
CUS-004165,1,1,0.9993895
CUS-004166,0,0,0.00061042677
CUS-004167,0,0,0.00061042677
CUS-004168,1,1,0.9993895
CUS-004169,0,0,0.00061042677
CUS-004170,1,1,0.9993895
CUS-004171,1,1,0.9993895
CUS-004172,1,1,0.9993895
CUS-004173,1,1,0.9993895
CUS-004174,1,1,0.9993895
CUS-004175,1,1,0.9993895
CUS-004176,1,1,0.9993895
CUS-004177,1,1,0.9993895
CUS-004178,1,1,0.9993895
CUS-004179,0,0,0.00061042677
CUS-004180,1,1,0.9993895
CUS-004181,1,1,0.9993895
CUS-004182,0,0,0.00061042677
CUS-004183,1,1,0.9993895
CUS-004184,1,1,0.9993895
CUS-004185,1,1,0.9993895
CUS-004186,1,1,0.9993895
CUS-004187,0,0,0.00061042677
CUS-004188,0,0,0.00061042677
CUS-004189,1,1,0.9993895
CUS-004190,1,1,0.9993895
CUS-004191,0,0,0.00061042677
CUS-004192,1,1,0.9993895
CUS-004193,1,1,0.9993895
CUS-004194,1,1,0.9993895
CUS-004195,0,0,0.00061042677
CUS-004196,1,1,0.9993895
CUS-004197,1,1,0.9993895
CUS-004198,1,1,0.9993895
CUS-004199,1,1,0.9993895
CUS-004200,0,0,0.00061042677
CUS-004201,0,0,0.00061042677
CUS-004202,1,1,0.9993895
CUS-004203,0,0,0.00061042677
CUS-004204,1,1,0.9993895
CUS-004205,1,1,0.9993895
CUS-004206,1,1,0.9993895
CUS-004207,1,1,0.9993895
CUS-004208,0,0,0.00061042677
CUS-004209,1,1,0.9993895
CUS-004210,0,0,0.00061042677
CUS-004211,1,1,0.9993895
CUS-004212,1,1,0.9993895
CUS-004213,0,0,0.00061042677
CUS-004214,0,0,0.00061042677
CUS-004215,0,0,0.00061042677
CUS-004216,0,0,0.00061042677
CUS-004217,1,1,0.9993895
CUS-004218,0,0,0.00061042677
CUS-004219,1,1,0.9993895
CUS-004220,1,1,0.9993895
CUS-004221,0,0,0.00061042677
CUS-004222,0,0,0.00061042677
CUS-004223,1,1,0.9993895
CUS-004224,1,1,0.9993895
CUS-004225,1,1,0.9993895
CUS-004226,1,1,0.9993895
CUS-004227,0,0,0.00061042677
CUS-004228,0,0,0.00061042677
CUS-004229,1,1,0.9993895
CUS-004230,1,1,0.9993895
CUS-004231,1,1,0.9993895
CUS-004232,0,0,0.00061042677
CUS-004233,1,1,0.9993895
CUS-004234,1,1,0.9993895
CUS-004235,0,0,0.00061042677
CUS-004236,0,0,0.00061042677
CUS-004237,0,0,0.00061042677
CUS-004238,1,1,0.9993895
CUS-004239,1,1,0.9993895
CUS-004240,1,1,0.9993895
CUS-004241,1,1,0.9993895
CUS-004242,1,1,0.9993895
CUS-004243,1,1,0.9993895
CUS-004244,1,1,0.9993895
CUS-004245,1,1,0.9993895
CUS-004246,1,1,0.9993895
CUS-004247,1,1,0.9993895
CUS-004248,0,0,0.00061042677
CUS-004249,1,1,0.9993895
CUS-004250,1,1,0.9993895
CUS-004251,1,1,0.9993895
CUS-004252,0,0,0.00061042677
CUS-004253,0,0,0.00061042677
CUS-004254,1,1,0.9993895
CUS-004255,1,1,0.9993895
CUS-004256,0,0,0.00061042677
CUS-004257,0,0,0.00061042677
CUS-004258,1,1,0.9993895
CUS-004259,1,1,0.9993895
CUS-004260,0,0,0.00061042677
CUS-004261,1,1,0.9993895
CUS-004262,1,1,0.9993895
CUS-004263,1,1,0.9993895
CUS-004264,1,1,0.9993895
CUS-004265,1,1,0.9993895
CUS-004266,1,1,0.9993895
CUS-004267,1,1,0.9993895
CUS-004268,1,1,0.9993895
CUS-004269,1,1,0.9993895
CUS-004270,1,1,0.9993895
CUS-004271,1,1,0.9993895
CUS-004272,1,1,0.9993895
CUS-004273,1,1,0.9993895
CUS-004274,1,1,0.9993895
CUS-004275,1,1,0.9993895
CUS-004276,0,0,0.00061042677
CUS-004277,1,1,0.9993895
CUS-004278,1,1,0.9993895
CUS-004279,1,1,0.9993895
CUS-004280,1,1,0.9993895
CUS-004281,0,0,0.00061042677
CUS-004282,1,1,0.9993895
CUS-004283,1,1,0.9993895
CUS-004284,0,0,0.00061042677
CUS-004285,1,1,0.9993895
CUS-004286,0,0,0.00061042677
CUS-004287,1,1,0.9993895
CUS-004288,0,0,0.00061042677
CUS-004289,1,1,0.9993895
CUS-004290,1,1,0.9993895
CUS-004291,0,0,0.00061042677
CUS-004292,0,0,0.00061042677
CUS-004293,0,0,0.00061042677
CUS-004294,1,1,0.9993895
CUS-004295,1,1,0.9993895
CUS-004296,1,1,0.9993895
CUS-004297,1,1,0.9993895
CUS-004298,1,1,0.9993895
CUS-004299,1,1,0.9993895
CUS-004300,0,0,0.00061042677
CUS-004301,1,1,0.9993895
CUS-004302,1,1,0.9993895
CUS-004303,1,1,0.9993895
CUS-004304,1,1,0.9993895
CUS-004305,1,1,0.9993895
CUS-004306,1,1,0.9993895
CUS-004307,1,1,0.9993895
CUS-004308,1,1,0.9993895
CUS-004309,1,1,0.9993895
CUS-004310,1,1,0.9993895
CUS-004311,1,1,0.9993895
CUS-004312,1,1,0.9993895
CUS-004313,0,0,0.00061042677
CUS-004314,1,1,0.9993895
CUS-004315,1,1,0.9993895
CUS-004316,1,1,0.9993895
CUS-004317,1,1,0.9993895
CUS-004318,1,1,0.9993895
CUS-004319,1,1,0.9993895
CUS-004320,1,1,0.9993895
CUS-004321,1,1,0.9993895
CUS-004322,1,1,0.9993895
CUS-004323,1,1,0.9993895
CUS-004324,1,1,0.9993895
CUS-004325,0,0,0.00061042677
CUS-004326,1,1,0.9993895
CUS-004327,0,0,0.00061042677
CUS-004328,1,1,0.9993895
CUS-004329,1,1,0.9993895
CUS-004330,1,1,0.9993895
CUS-004331,1,1,0.9993895
CUS-004332,1,1,0.9993895
CUS-004333,1,1,0.9993895
CUS-004334,1,1,0.9993895
CUS-004335,1,1,0.9993895
CUS-004336,0,0,0.00061042677
CUS-004337,0,0,0.00061042677
CUS-004338,0,0,0.00061042677
CUS-004339,1,1,0.9993895
CUS-004340,1,1,0.9993895
CUS-004341,0,0,0.00061042677
CUS-004342,1,1,0.9993895
CUS-004343,0,0,0.00061042677
CUS-004344,1,1,0.9993895
CUS-004345,1,1,0.9993895
CUS-004346,1,1,0.9993895
CUS-004347,1,1,0.9993895
CUS-004348,1,1,0.9993895
CUS-004349,1,1,0.9993895
CUS-004350,1,1,0.9993895
CUS-004351,0,0,0.00061042677
CUS-004352,0,0,0.00061042677
CUS-004353,1,1,0.9993895
CUS-004354,0,0,0.00061042677
CUS-004355,1,1,0.9993895
CUS-004356,1,1,0.9993895
CUS-004357,1,1,0.9993895
CUS-004358,0,0,0.00061042677
CUS-004359,0,0,0.00061042677
CUS-004360,1,1,0.9993895
CUS-004361,1,1,0.9993895
CUS-004362,1,1,0.9993895
CUS-004363,1,1,0.9993895
CUS-004364,1,1,0.9993895
CUS-004365,1,1,0.9993895
CUS-004366,0,0,0.00061042677
CUS-004367,1,1,0.9993895
CUS-004368,1,1,0.9993895
CUS-004369,0,0,0.00061042677
CUS-004370,1,1,0.9993895
CUS-004371,1,1,0.9993895
CUS-004372,0,0,0.00061042677
CUS-004373,0,0,0.00061042677
CUS-004374,0,0,0.00061042677
CUS-004375,0,0,0.00061042677
CUS-004376,0,0,0.00061042677
CUS-004377,1,1,0.9993895
CUS-004378,0,0,0.00061042677
CUS-004379,1,1,0.9993895
CUS-004380,0,0,0.00061042677
CUS-004381,1,1,0.9993895
CUS-004382,1,1,0.9993895
CUS-004383,0,0,0.00061042677
CUS-004384,1,1,0.9993895
CUS-004385,1,1,0.9993895
CUS-004386,1,1,0.9993895
CUS-004387,1,1,0.9993895
CUS-004388,0,0,0.00061042677
CUS-004389,1,1,0.9993895
CUS-004390,1,1,0.9993895
CUS-004391,0,0,0.00061042677
CUS-004392,1,1,0.9993895
CUS-004393,1,1,0.9993895
CUS-004394,1,1,0.9993895
CUS-004395,1,1,0.9993895
CUS-004396,1,1,0.9993895
CUS-004397,0,0,0.00061042677
CUS-004398,1,1,0.9993895
CUS-004399,1,1,0.9993895
CUS-004400,1,1,0.9993895
CUS-004401,1,1,0.9993895
CUS-004402,1,1,0.9993895
CUS-004403,0,0,0.00061042677
CUS-004404,0,0,0.00061042677
CUS-004405,1,1,0.9993895
CUS-004406,1,1,0.9993895
CUS-004407,1,1,0.9993895
CUS-004408,1,1,0.9993895
CUS-004409,1,1,0.9993895
CUS-004410,0,0,0.00061042677
CUS-004411,1,1,0.9993895
CUS-004412,0,0,0.00061042677
CUS-004413,1,1,0.9993895
CUS-004414,0,0,0.00061042677
CUS-004415,0,0,0.00061042677
CUS-004416,1,1,0.9993895
CUS-004417,1,1,0.9993895
CUS-004418,0,0,0.00061042677
CUS-004419,0,0,0.00061042677
CUS-004420,1,1,0.9993895
CUS-004421,1,1,0.9993895
CUS-004422,0,0,0.00061042677
CUS-004423,1,1,0.9993895
CUS-004424,0,0,0.00061042677
CUS-004425,1,1,0.9993895
CUS-004426,1,1,0.9993895
CUS-004427,0,0,0.00061042677
CUS-004428,1,1,0.9993895
CUS-004429,0,0,0.00061042677
CUS-004430,0,0,0.00061042677
CUS-004431,1,1,0.9993895
CUS-004432,1,1,0.9993895
CUS-004433,1,1,0.9993895
CUS-004434,1,1,0.9993895
CUS-004435,1,1,0.9993895
CUS-004436,0,0,0.00061042677
CUS-004437,1,1,0.9993895
CUS-004438,0,0,0.00061042677
CUS-004439,1,1,0.9993895
CUS-004440,1,1,0.9993895
CUS-004441,0,0,0.00061042677
CUS-004442,1,1,0.9993895
CUS-004443,1,1,0.9993895
CUS-004444,1,1,0.9993895
CUS-004445,1,1,0.9993895
CUS-004446,1,1,0.9993895
CUS-004447,1,1,0.9993895
CUS-004448,1,1,0.9993895
CUS-004449,1,1,0.9993895
CUS-004450,0,0,0.00061042677
CUS-004451,1,1,0.9993895
CUS-004452,1,1,0.9993895
CUS-004453,1,1,0.9993895
CUS-004454,1,1,0.9993895
CUS-004455,1,1,0.9993895
CUS-004456,1,1,0.9993895
CUS-004457,0,0,0.00061042677
CUS-004458,0,0,0.00061042677
CUS-004459,0,0,0.00061042677
CUS-004460,1,1,0.9993895
CUS-004461,0,0,0.00061042677
CUS-004462,1,1,0.9993895
CUS-004463,1,1,0.9993895
CUS-004464,1,1,0.9993895
CUS-004465,0,0,0.00061042677
CUS-004466,1,1,0.9993895
CUS-004467,0,0,0.00061042677
CUS-004468,1,1,0.9993895
CUS-004469,1,1,0.9993895
CUS-004470,0,0,0.00061042677
CUS-004471,1,1,0.9993895
CUS-004472,0,0,0.00061042677
CUS-004473,1,1,0.9993895
CUS-004474,0,0,0.00061042677
CUS-004475,1,1,0.9993895
CUS-004476,1,1,0.9993895
CUS-004477,1,1,0.9993895
CUS-004478,0,0,0.00061042677
CUS-004479,1,1,0.9993895
CUS-004480,1,1,0.9993895
CUS-004481,1,1,0.9993895
CUS-004482,1,1,0.9993895
CUS-004483,1,1,0.9993895
CUS-004484,0,0,0.00061042677
CUS-004485,1,1,0.9993895
CUS-004486,1,1,0.9993895
CUS-004487,1,1,0.9993895
CUS-004488,0,0,0.00061042677
CUS-004489,1,1,0.9993895
CUS-004490,1,1,0.9993895
CUS-004491,1,1,0.9993895
CUS-004492,1,1,0.9993895
CUS-004493,1,1,0.9993895
CUS-004494,0,0,0.00061042677
CUS-004495,1,1,0.9993895
CUS-004496,1,1,0.9993895
CUS-004497,1,1,0.9993895
CUS-004498,1,1,0.9993895
CUS-004499,1,1,0.9993895
CUS-004500,1,1,0.9993895
CUS-004501,0,0,0.00061042677
CUS-004502,1,1,0.9993895
CUS-004503,0,0,0.00061042677
CUS-004504,1,1,0.9993895
CUS-004505,0,0,0.00061042677
CUS-004506,1,1,0.9993895
CUS-004507,1,1,0.9993895
CUS-004508,0,0,0.00061042677
CUS-004509,1,1,0.9993895
CUS-004510,1,1,0.9993895
CUS-004511,1,1,0.9993895
CUS-004512,1,1,0.9993895
CUS-004513,1,1,0.9993895
CUS-004514,0,0,0.00061042677
CUS-004515,0,0,0.00061042677
CUS-004516,1,1,0.9993895
CUS-004517,1,1,0.9993895
CUS-004518,1,1,0.9993895
CUS-004519,1,1,0.9993895
CUS-004520,0,0,0.00061042677
CUS-004521,1,1,0.9993895
CUS-004522,0,0,0.00061042677
CUS-004523,1,1,0.9993895
CUS-004524,1,1,0.9993895
CUS-004525,1,1,0.9993895
CUS-004526,1,1,0.9993895
CUS-004527,1,1,0.9993895
CUS-004528,1,1,0.9993895
CUS-004529,0,0,0.00061042677
CUS-004530,1,1,0.9993895
CUS-004531,1,1,0.9993895
CUS-004532,1,1,0.9993895
CUS-004533,1,1,0.9993895
CUS-004534,1,1,0.9993895
CUS-004535,0,0,0.00061042677
CUS-004536,1,1,0.9993895
CUS-004537,1,1,0.9993895
CUS-004538,1,1,0.9993895
CUS-004539,0,0,0.00061042677
CUS-004540,1,1,0.9993895
CUS-004541,0,0,0.00061042677
CUS-004542,0,0,0.00061042677
CUS-004543,1,1,0.9993895
CUS-004544,1,1,0.9993895
CUS-004545,1,1,0.9993895
CUS-004546,0,0,0.00061042677
CUS-004547,1,1,0.9993895
CUS-004548,0,0,0.00061042677
CUS-004549,1,1,0.9993895
CUS-004550,1,1,0.9993895
CUS-004551,0,0,0.00061042677
CUS-004552,1,1,0.9993895
CUS-004553,0,0,0.00061042677
CUS-004554,1,1,0.9993895
CUS-004555,1,1,0.9993895
CUS-004556,0,0,0.00061042677
CUS-004557,1,1,0.9993895
CUS-004558,0,0,0.00061042677
CUS-004559,0,0,0.00061042677
CUS-004560,1,1,0.9993895
CUS-004561,1,1,0.9993895
CUS-004562,0,0,0.00061042677
CUS-004563,0,0,0.00061042677
CUS-004564,1,1,0.9993895
CUS-004565,0,0,0.00061042677
CUS-004566,0,0,0.00061042677
CUS-004567,1,1,0.9993895
CUS-004568,0,0,0.00061042677
CUS-004569,1,1,0.9993895
CUS-004570,1,1,0.9993895
CUS-004571,1,1,0.9993895
CUS-004572,1,1,0.9993895
CUS-004573,0,0,0.00061042677
CUS-004574,0,0,0.00061042677
CUS-004575,1,1,0.9993895
CUS-004576,0,0,0.00061042677
CUS-004577,1,1,0.9993895
CUS-004578,1,1,0.9993895
CUS-004579,1,1,0.9993895
CUS-004580,0,0,0.00061042677
CUS-004581,1,1,0.9993895
CUS-004582,1,1,0.9993895
CUS-004583,1,1,0.9993895
CUS-004584,1,1,0.9993895
CUS-004585,1,1,0.9993895
CUS-004586,1,1,0.9993895
CUS-004587,1,1,0.9993895
CUS-004588,1,1,0.9993895
CUS-004589,1,1,0.9993895
CUS-004590,1,1,0.9993895
CUS-004591,0,0,0.00061042677
CUS-004592,1,1,0.9993895
CUS-004593,1,1,0.9993895
CUS-004594,0,0,0.00061042677
CUS-004595,0,0,0.00061042677
CUS-004596,1,1,0.9993895
CUS-004597,1,1,0.9993895
CUS-004598,0,0,0.00061042677
CUS-004599,1,1,0.9993895
CUS-004600,1,1,0.9993895
CUS-004601,1,1,0.9993895
CUS-004602,1,1,0.9993895
CUS-004603,1,1,0.9993895
CUS-004604,1,1,0.9993895
CUS-004605,1,1,0.9993895
CUS-004606,1,1,0.9993895
CUS-004607,1,1,0.9993895
CUS-004608,0,0,0.00061042677
CUS-004609,0,0,0.00061042677
CUS-004610,1,1,0.9993895
CUS-004611,1,1,0.9993895
CUS-004612,1,1,0.9993895
CUS-004613,1,1,0.9993895
CUS-004614,1,1,0.9993895
CUS-004615,1,1,0.9993895
CUS-004616,1,1,0.9993895
CUS-004617,0,0,0.00061042677
CUS-004618,1,1,0.9993895
CUS-004619,1,1,0.9993895
CUS-004620,1,1,0.9993895
CUS-004621,0,0,0.00061042677
CUS-004622,1,1,0.9993895
CUS-004623,0,0,0.00061042677
CUS-004624,1,1,0.9993895
CUS-004625,0,0,0.00061042677
CUS-004626,1,1,0.9993895
CUS-004627,1,1,0.9993895
CUS-004628,1,1,0.9993895
CUS-004629,1,1,0.9993895
CUS-004630,0,0,0.00061042677
CUS-004631,0,0,0.00061042677
CUS-004632,1,1,0.9993895
CUS-004633,1,1,0.9993895
CUS-004634,1,1,0.9993895
CUS-004635,1,1,0.9993895
CUS-004636,0,0,0.00061042677
CUS-004637,1,1,0.9993895
CUS-004638,1,1,0.9993895
CUS-004639,0,0,0.00061042677
CUS-004640,0,0,0.00061042677
CUS-004641,0,0,0.00061042677
CUS-004642,0,0,0.00061042677
CUS-004643,1,1,0.9993895
CUS-004644,0,0,0.00061042677
CUS-004645,0,0,0.00061042677
CUS-004646,1,1,0.9993895
CUS-004647,1,1,0.9993895
CUS-004648,0,0,0.00061042677
CUS-004649,1,1,0.9993895
CUS-004650,1,1,0.9993895
CUS-004651,1,1,0.9993895
CUS-004652,1,1,0.9993895
CUS-004653,0,0,0.00061042677
CUS-004654,0,0,0.00061042677
CUS-004655,1,1,0.9993895
CUS-004656,1,1,0.9993895
CUS-004657,1,1,0.9993895
CUS-004658,0,0,0.00061042677
CUS-004659,1,1,0.9993895
CUS-004660,0,0,0.00061042677
CUS-004661,1,1,0.9993895
CUS-004662,1,1,0.9993895
CUS-004663,1,1,0.9993895
CUS-004664,0,0,0.00061042677
CUS-004665,1,1,0.9993895
CUS-004666,1,1,0.9993895
CUS-004667,1,1,0.9993895
CUS-004668,1,1,0.9993895
CUS-004669,1,1,0.9993895
CUS-004670,0,0,0.00061042677
CUS-004671,1,1,0.9993895
CUS-004672,1,1,0.9993895
CUS-004673,0,0,0.00061042677
CUS-004674,1,1,0.9993895
CUS-004675,1,1,0.9993895
CUS-004676,1,1,0.9993895
CUS-004677,0,0,0.00061042677
CUS-004678,1,1,0.9993895
CUS-004679,0,0,0.00061042677
CUS-004680,1,1,0.9993895
CUS-004681,1,1,0.9993895
CUS-004682,1,1,0.9993895
CUS-004683,1,1,0.9993895
CUS-004684,1,1,0.9993895
CUS-004685,1,1,0.9993895
CUS-004686,1,1,0.9993895
CUS-004687,1,1,0.9993895
CUS-004688,1,1,0.9993895
CUS-004689,1,1,0.9993895
CUS-004690,1,1,0.9993895
CUS-004691,1,1,0.9993895
CUS-004692,1,1,0.9993895
CUS-004693,1,1,0.9993895
CUS-004694,1,1,0.9993895
CUS-004695,1,1,0.9993895
CUS-004696,1,1,0.9993895
CUS-004697,1,1,0.9993895
CUS-004698,1,1,0.9993895
CUS-004699,1,1,0.9993895
CUS-004700,1,1,0.9993895
CUS-004701,1,1,0.9993895
CUS-004702,1,1,0.9993895
CUS-004703,0,0,0.00061042677
CUS-004704,1,1,0.9993895
CUS-004705,1,1,0.9993895
CUS-004706,1,1,0.9993895
CUS-004707,0,0,0.00061042677
CUS-004708,1,1,0.9993895
CUS-004709,0,0,0.00061042677
CUS-004710,1,1,0.9993895
CUS-004711,1,1,0.9993895
CUS-004712,0,0,0.00061042677
CUS-004713,1,1,0.9993895
CUS-004714,1,1,0.9993895
CUS-004715,1,1,0.9993895
CUS-004716,0,0,0.00061042677
CUS-004717,1,1,0.9993895
CUS-004718,1,1,0.9993895
CUS-004719,1,1,0.9993895
CUS-004720,1,1,0.9993895
CUS-004721,1,1,0.9993895
CUS-004722,1,1,0.9993895
CUS-004723,1,1,0.9993895
CUS-004724,1,1,0.9993895
CUS-004725,1,1,0.9993895
CUS-004726,1,1,0.9993895
CUS-004727,1,1,0.9993895
CUS-004728,1,1,0.9993895
CUS-004729,1,1,0.9993895
CUS-004730,1,1,0.9993895
CUS-004731,0,0,0.00061042677
CUS-004732,1,1,0.9993895
CUS-004733,1,1,0.9993895
CUS-004734,0,0,0.00061042677
CUS-004735,1,1,0.9993895
CUS-004736,1,1,0.9993895
CUS-004737,1,1,0.9993895
CUS-004738,0,0,0.00061042677
CUS-004739,0,0,0.00061042677
CUS-004740,1,1,0.9993895
CUS-004741,0,0,0.00061042677
CUS-004742,0,0,0.00061042677
CUS-004743,1,1,0.9993895
CUS-004744,1,1,0.9993895
CUS-004745,1,1,0.9993895
CUS-004746,0,0,0.00061042677
CUS-004747,1,1,0.9993895
CUS-004748,1,1,0.9993895
CUS-004749,0,0,0.00061042677
CUS-004750,0,0,0.00061042677
CUS-004751,0,0,0.00061042677
CUS-004752,1,1,0.9993895
CUS-004753,1,1,0.9993895
CUS-004754,1,1,0.9993895
CUS-004755,1,1,0.9993895
CUS-004756,1,1,0.9993895
CUS-004757,1,1,0.9993895
CUS-004758,1,1,0.9993895
CUS-004759,0,0,0.00061042677
CUS-004760,1,1,0.9993895
CUS-004761,1,1,0.9993895
CUS-004762,1,1,0.9993895
CUS-004763,1,1,0.9993895
CUS-004764,1,1,0.9993895
CUS-004765,1,1,0.9993895
CUS-004766,0,0,0.00061042677
CUS-004767,0,0,0.00061042677
CUS-004768,0,0,0.00061042677
CUS-004769,0,0,0.00061042677
CUS-004770,1,1,0.9993895
CUS-004771,1,1,0.9993895
CUS-004772,0,0,0.00061042677
CUS-004773,0,0,0.00061042677
CUS-004774,1,1,0.9993895
CUS-004775,1,1,0.9993895
CUS-004776,1,1,0.9993895
CUS-004777,1,1,0.9993895
CUS-004778,0,0,0.00061042677
CUS-004779,0,0,0.00061042677
CUS-004780,0,0,0.00061042677
CUS-004781,1,1,0.9993895
CUS-004782,1,1,0.9993895
CUS-004783,1,1,0.9993895
CUS-004784,0,0,0.00061042677
CUS-004785,1,1,0.9993895
CUS-004786,1,1,0.9993895
CUS-004787,1,1,0.9993895
CUS-004788,1,1,0.9993895
CUS-004789,0,0,0.00061042677
CUS-004790,1,1,0.9993895
CUS-004791,1,1,0.9993895
CUS-004792,0,0,0.00061042677
CUS-004793,0,0,0.00061042677
CUS-004794,1,1,0.9993895
CUS-004795,1,1,0.9993895
CUS-004796,0,0,0.00061042677
CUS-004797,0,0,0.00061042677
CUS-004798,1,1,0.9993895
CUS-004799,1,1,0.9993895
CUS-004800,1,1,0.9993895
CUS-004801,1,1,0.9993895
CUS-004802,0,0,0.00061042677
CUS-004803,0,0,0.00061042677
CUS-004804,1,1,0.9993895
CUS-004805,1,1,0.9993895
CUS-004806,1,1,0.9993895
CUS-004807,0,0,0.00061042677
CUS-004808,1,1,0.9993895
CUS-004809,1,1,0.9993895
CUS-004810,0,0,0.00061042677
CUS-004811,1,1,0.9993895
CUS-004812,1,1,0.9993895
CUS-004813,1,1,0.9993895
CUS-004814,1,1,0.9993895
CUS-004815,1,1,0.9993895
CUS-004816,1,1,0.9993895
CUS-004817,0,0,0.00061042677
CUS-004818,1,1,0.9993895
CUS-004819,1,1,0.9993895
CUS-004820,0,0,0.00061042677
CUS-004821,1,1,0.9993895
CUS-004822,0,0,0.00061042677
CUS-004823,1,1,0.9993895
CUS-004824,1,1,0.9993895
CUS-004825,0,0,0.00061042677
CUS-004826,1,1,0.9993895
CUS-004827,1,1,0.9993895
CUS-004828,1,1,0.9993895
CUS-004829,0,0,0.00061042677
CUS-004830,1,1,0.9993895
CUS-004831,0,0,0.00061042677
CUS-004832,1,1,0.9993895
CUS-004833,1,1,0.9993895
CUS-004834,1,1,0.9993895
CUS-004835,1,1,0.9993895
CUS-004836,1,1,0.9993895
CUS-004837,0,0,0.00061042677
CUS-004838,0,0,0.00061042677
CUS-004839,0,0,0.00061042677
CUS-004840,1,1,0.9993895
CUS-004841,1,1,0.9993895
CUS-004842,1,1,0.9993895
CUS-004843,0,0,0.00061042677
CUS-004844,1,1,0.9993895
CUS-004845,1,1,0.9993895
CUS-004846,1,1,0.9993895
CUS-004847,0,0,0.00061042677
CUS-004848,1,1,0.9993895
CUS-004849,0,0,0.00061042677
CUS-004850,1,1,0.9993895
CUS-004851,0,0,0.00061042677
CUS-004852,1,1,0.9993895
CUS-004853,1,1,0.9993895
CUS-004854,0,0,0.00061042677
CUS-004855,0,0,0.00061042677
CUS-004856,1,1,0.9993895
CUS-004857,1,1,0.9993895
CUS-004858,1,1,0.9993895
CUS-004859,0,0,0.00061042677
CUS-004860,0,0,0.00061042677
CUS-004861,1,1,0.9993895
CUS-004862,1,1,0.9993895
CUS-004863,0,0,0.00061042677
CUS-004864,1,1,0.9993895
CUS-004865,1,1,0.9993895
CUS-004866,0,0,0.00061042677
CUS-004867,1,1,0.9993895
CUS-004868,1,1,0.9993895
CUS-004869,0,0,0.00061042677
CUS-004870,1,1,0.9993895
CUS-004871,1,1,0.9993895
CUS-004872,0,0,0.00061042677
CUS-004873,1,1,0.9993895
CUS-004874,1,1,0.9993895
CUS-004875,1,1,0.9993895
CUS-004876,0,0,0.00061042677
CUS-004877,0,0,0.00061042677
CUS-004878,1,1,0.9993895
CUS-004879,1,1,0.9993895
CUS-004880,1,1,0.9993895
CUS-004881,0,0,0.00061042677
CUS-004882,1,1,0.9993895
CUS-004883,1,1,0.9993895
CUS-004884,1,1,0.9993895
CUS-004885,1,1,0.9993895
CUS-004886,1,1,0.9993895
CUS-004887,1,1,0.9993895
CUS-004888,1,1,0.9993895
CUS-004889,1,1,0.9993895
CUS-004890,1,1,0.9993895
CUS-004891,0,0,0.00061042677
CUS-004892,1,1,0.9993895
CUS-004893,1,1,0.9993895
CUS-004894,0,0,0.00061042677
CUS-004895,1,1,0.9993895
CUS-004896,1,1,0.9993895
CUS-004897,0,0,0.00061042677
CUS-004898,1,1,0.9993895
CUS-004899,1,1,0.9993895
CUS-004900,1,1,0.9993895
CUS-004901,1,1,0.9993895
CUS-004902,1,1,0.9993895
CUS-004903,0,0,0.00061042677
CUS-004904,1,1,0.9993895
CUS-004905,1,1,0.9993895
CUS-004906,1,1,0.9993895
CUS-004907,1,1,0.9993895
CUS-004908,0,0,0.00061042677
CUS-004909,1,1,0.9993895
CUS-004910,1,1,0.9993895
CUS-004911,1,1,0.9993895
CUS-004912,1,1,0.9993895
CUS-004913,1,1,0.9993895
CUS-004914,1,1,0.9993895
CUS-004915,1,1,0.9993895
CUS-004916,1,1,0.9993895
CUS-004917,1,1,0.9993895
CUS-004918,1,1,0.9993895
CUS-004919,1,1,0.9993895
CUS-004920,0,0,0.00061042677
CUS-004921,1,1,0.9993895
CUS-004922,0,0,0.00061042677
CUS-004923,1,1,0.9993895
CUS-004924,1,1,0.9993895
CUS-004925,0,0,0.00061042677
CUS-004926,1,1,0.9993895
CUS-004927,0,0,0.00061042677
CUS-004928,1,1,0.9993895
CUS-004929,1,1,0.9993895
CUS-004930,1,1,0.9993895
CUS-004931,1,1,0.9993895
CUS-004932,1,1,0.9993895
CUS-004933,1,1,0.9993895
CUS-004934,0,0,0.00061042677
CUS-004935,1,1,0.9993895
CUS-004936,1,1,0.9993895
CUS-004937,1,1,0.9993895
CUS-004938,1,1,0.9993895
CUS-004939,1,1,0.9993895
CUS-004940,0,0,0.00061042677
CUS-004941,1,1,0.9993895
CUS-004942,0,0,0.00061042677
CUS-004943,1,1,0.9993895
CUS-004944,1,1,0.9993895
CUS-004945,1,1,0.9993895
CUS-004946,1,1,0.9993895
CUS-004947,1,1,0.9993895
CUS-004948,1,1,0.9993895
CUS-004949,1,1,0.9993895
CUS-004950,1,1,0.9993895
CUS-004951,0,0,0.00061042677
CUS-004952,1,1,0.9993895
CUS-004953,0,0,0.00061042677
CUS-004954,1,1,0.9993895
CUS-004955,0,0,0.00061042677
CUS-004956,0,0,0.00061042677
CUS-004957,1,1,0.9993895
CUS-004958,0,0,0.00061042677
CUS-004959,1,1,0.9993895
CUS-004960,1,1,0.9993895
CUS-004961,0,0,0.00061042677
CUS-004962,0,0,0.00061042677
CUS-004963,1,1,0.9993895
CUS-004964,0,0,0.00061042677
CUS-004965,0,0,0.00061042677
CUS-004966,0,0,0.00061042677
CUS-004967,1,1,0.9993895
CUS-004968,1,1,0.9993895
CUS-004969,1,1,0.9993895
CUS-004970,1,1,0.9993895
CUS-004971,1,1,0.9993895
CUS-004972,1,1,0.9993895
CUS-004973,1,1,0.9993895
CUS-004974,1,1,0.9993895
CUS-004975,1,1,0.9993895
CUS-004976,1,1,0.9993895
CUS-004977,1,1,0.9993895
CUS-004978,0,0,0.00061042677
CUS-004979,1,1,0.9993895
CUS-004980,1,1,0.9993895
CUS-004981,1,1,0.9993895
CUS-004982,0,0,0.00061042677
CUS-004983,1,1,0.9993895
CUS-004984,1,1,0.9993895
CUS-004985,1,1,0.9993895
CUS-004986,0,0,0.00061042677
CUS-004987,1,1,0.9993895
CUS-004988,0,0,0.00061042677
CUS-004989,1,1,0.9993895
CUS-004990,1,1,0.9993895
CUS-004991,0,0,0.00061042677
CUS-004992,1,1,0.9993895
CUS-004993,1,1,0.9993895
CUS-004994,1,1,0.9993895
CUS-004995,0,0,0.00061042677
CUS-004996,1,1,0.9993895
CUS-004997,0,0,0.00061042677
CUS-004998,1,1,0.9993895
CUS-004999,1,1,0.9993895
CUS-005000,1,1,0.9993895
CUS-005001,0,0,0.00061042677
CUS-005002,0,0,0.00061042677
CUS-005003,1,1,0.9993895
CUS-005004,1,1,0.9993895
CUS-005005,0,0,0.00061042677
CUS-005006,0,0,0.00061042677
CUS-005007,1,1,0.9993895
CUS-005008,1,1,0.9993895
CUS-005009,1,1,0.9993895
CUS-005010,1,1,0.9993895
CUS-005011,0,0,0.00061042677
CUS-005012,1,1,0.9993895
CUS-005013,1,1,0.9993895
CUS-005014,1,1,0.9993895
CUS-005015,0,0,0.00061042677
CUS-005016,1,1,0.9993895
CUS-005017,1,1,0.9993895
CUS-005018,1,1,0.9993895
CUS-005019,1,1,0.9993895
CUS-005020,1,1,0.9993895
CUS-005021,1,1,0.9993895
CUS-005022,1,1,0.9993895
CUS-005023,1,1,0.9993895
CUS-005024,1,1,0.9993895
CUS-005025,1,1,0.9993895
CUS-005026,1,1,0.9993895
CUS-005027,0,0,0.00061042677
CUS-005028,1,1,0.9993895
CUS-005029,1,1,0.9993895
CUS-005030,1,1,0.9993895
CUS-005031,0,0,0.00061042677
CUS-005032,1,1,0.9993895
CUS-005033,0,0,0.00061042677
CUS-005034,1,1,0.9993895
CUS-005035,1,1,0.9993895
CUS-005036,0,0,0.00061042677
CUS-005037,1,1,0.9993895
CUS-005038,0,0,0.00061042677
CUS-005039,1,1,0.9993895
CUS-005040,0,0,0.00061042677
CUS-005041,0,0,0.00061042677
CUS-005042,1,1,0.9993895
CUS-005043,1,1,0.9993895
CUS-005044,1,1,0.9993895
CUS-005045,0,0,0.00061042677
CUS-005046,1,1,0.9993895
CUS-005047,0,0,0.00061042677
CUS-005048,1,1,0.9993895
CUS-005049,0,0,0.00061042677
CUS-005050,1,1,0.9993895
CUS-005051,0,0,0.00061042677
CUS-005052,1,1,0.9993895
CUS-005053,1,1,0.9993895
CUS-005054,0,0,0.00061042677
CUS-005055,1,1,0.9993895
CUS-005056,0,0,0.00061042677
CUS-005057,0,0,0.00061042677
CUS-005058,1,1,0.9993895
CUS-005059,1,1,0.9993895
CUS-005060,0,0,0.00061042677
CUS-005061,0,0,0.00061042677
CUS-005062,0,0,0.00061042677
CUS-005063,1,1,0.9993895
CUS-005064,1,1,0.9993895
CUS-005065,1,1,0.9993895
CUS-005066,1,1,0.9993895
CUS-005067,1,1,0.9993895
CUS-005068,1,1,0.9993895
CUS-005069,0,0,0.00061042677
CUS-005070,1,1,0.9993895
CUS-005071,1,1,0.9993895
CUS-005072,1,1,0.9993895
CUS-005073,1,1,0.9993895
CUS-005074,1,1,0.9993895
CUS-005075,1,1,0.9993895
CUS-005076,0,0,0.00061042677
CUS-005077,1,1,0.9993895
CUS-005078,0,0,0.00061042677
CUS-005079,1,1,0.9993895
CUS-005080,1,1,0.9993895
CUS-005081,0,0,0.00061042677
CUS-005082,1,1,0.9993895
CUS-005083,1,1,0.9993895
CUS-005084,0,0,0.00061042677
CUS-005085,1,1,0.9993895
CUS-005086,0,0,0.00061042677
CUS-005087,1,1,0.9993895
CUS-005088,1,1,0.9993895
CUS-005089,1,1,0.9993895
CUS-005090,1,1,0.9993895
CUS-005091,1,1,0.9993895
CUS-005092,1,1,0.9993895
CUS-005093,0,0,0.00061042677
CUS-005094,1,1,0.9993895
CUS-005095,1,1,0.9993895
CUS-005096,1,1,0.9993895
CUS-005097,1,1,0.9993895
CUS-005098,1,1,0.9993895
CUS-005099,1,1,0.9993895
CUS-005100,1,1,0.9993895
CUS-005101,1,1,0.9993895
CUS-005102,1,1,0.9993895
CUS-005103,0,0,0.00061042677
CUS-005104,1,1,0.9993895
CUS-005105,1,1,0.9993895
CUS-005106,1,1,0.9993895
CUS-005107,1,1,0.9993895
CUS-005108,1,1,0.9993895
CUS-005109,1,1,0.9993895
CUS-005110,1,1,0.9993895
CUS-005111,0,0,0.00061042677
CUS-005112,1,1,0.9993895
CUS-005113,1,1,0.9993895
CUS-005114,1,1,0.9993895
CUS-005115,0,0,0.00061042677
CUS-005116,1,1,0.9993895
CUS-005117,1,1,0.9993895
CUS-005118,1,1,0.9993895
CUS-005119,0,0,0.00061042677
CUS-005120,1,1,0.9993895
CUS-005121,1,1,0.9993895
CUS-005122,1,1,0.9993895
CUS-005123,1,1,0.9993895
CUS-005124,1,1,0.9993895
CUS-005125,1,1,0.9993895
CUS-005126,0,0,0.00061042677
CUS-005127,1,1,0.9993895
CUS-005128,0,0,0.00061042677
CUS-005129,1,1,0.9993895
CUS-005130,1,1,0.9993895
CUS-005131,1,1,0.9993895
CUS-005132,0,0,0.00061042677
CUS-005133,1,1,0.9993895
CUS-005134,1,1,0.9993895
CUS-005135,1,1,0.9993895
CUS-005136,1,1,0.9993895
CUS-005137,1,1,0.9993895
CUS-005138,0,0,0.00061042677
CUS-005139,1,1,0.9993895
CUS-005140,1,1,0.9993895
CUS-005141,1,1,0.9993895
CUS-005142,0,0,0.00061042677
CUS-005143,1,1,0.9993895
CUS-005144,1,1,0.9993895
CUS-005145,1,1,0.9993895
CUS-005146,1,1,0.9993895
CUS-005147,1,1,0.9993895
CUS-005148,1,1,0.9993895
CUS-005149,1,1,0.9993895
CUS-005150,0,0,0.00061042677
CUS-005151,1,1,0.9993895
CUS-005152,0,0,0.00061042677
CUS-005153,1,1,0.9993895
CUS-005154,0,0,0.00061042677
CUS-005155,1,1,0.9993895
CUS-005156,1,1,0.9993895
CUS-005157,1,1,0.9993895
CUS-005158,1,1,0.9993895
CUS-005159,1,1,0.9993895
CUS-005160,1,1,0.9993895
CUS-005161,1,1,0.9993895
CUS-005162,1,1,0.9993895
CUS-005163,0,0,0.00061042677
CUS-005164,0,0,0.00061042677
CUS-005165,0,0,0.00061042677
CUS-005166,1,1,0.9993895
CUS-005167,1,1,0.9993895
CUS-005168,1,1,0.9993895
CUS-005169,1,1,0.9993895
CUS-005170,1,1,0.9993895
CUS-005171,1,1,0.9993895
CUS-005172,0,0,0.00061042677
CUS-005173,1,1,0.9993895
CUS-005174,1,1,0.9993895
CUS-005175,0,0,0.00061042677
CUS-005176,0,0,0.00061042677
CUS-005177,1,1,0.9993895
CUS-005178,0,0,0.00061042677
CUS-005179,0,0,0.00061042677
CUS-005180,1,1,0.9993895
CUS-005181,1,1,0.9993895
CUS-005182,1,1,0.9993895
CUS-005183,0,0,0.00061042677
CUS-005184,1,1,0.9993895
CUS-005185,1,1,0.9993895
CUS-005186,1,1,0.9993895
CUS-005187,1,1,0.9993895
CUS-005188,1,1,0.9993895
CUS-005189,1,1,0.9993895
CUS-005190,1,1,0.9993895
CUS-005191,1,1,0.9993895
CUS-005192,1,1,0.9993895
CUS-005193,1,1,0.9993895
CUS-005194,1,1,0.9993895
CUS-005195,1,1,0.9993895
CUS-005196,1,1,0.9993895
CUS-005197,1,1,0.9993895
CUS-005198,1,1,0.9993895
CUS-005199,1,1,0.9993895
CUS-005200,1,1,0.9993895
CUS-005201,0,0,0.00061042677
CUS-005202,1,1,0.9993895
CUS-005203,0,0,0.00061042677
CUS-005204,1,1,0.9993895
CUS-005205,0,0,0.00061042677
CUS-005206,0,0,0.00061042677
CUS-005207,0,0,0.00061042677
CUS-005208,1,1,0.9993895
CUS-005209,0,0,0.00061042677
CUS-005210,0,0,0.00061042677
CUS-005211,1,1,0.9993895
CUS-005212,0,0,0.00061042677
CUS-005213,1,1,0.9993895
CUS-005214,1,1,0.9993895
CUS-005215,1,1,0.9993895
CUS-005216,1,1,0.9993895
CUS-005217,1,1,0.9993895
CUS-005218,1,1,0.9993895
CUS-005219,0,0,0.00061042677
CUS-005220,1,1,0.9993895
CUS-005221,0,0,0.00061042677
CUS-005222,1,1,0.9993895
CUS-005223,1,1,0.9993895
CUS-005224,0,0,0.00061042677
CUS-005225,1,1,0.9993895
CUS-005226,1,1,0.9993895
CUS-005227,0,0,0.00061042677
CUS-005228,0,0,0.00061042677
CUS-005229,1,1,0.9993895
CUS-005230,0,0,0.00061042677
CUS-005231,1,1,0.9993895
CUS-005232,1,1,0.9993895
CUS-005233,1,1,0.9993895
CUS-005234,1,1,0.9993895
CUS-005235,1,1,0.9993895
CUS-005236,1,1,0.9993895
CUS-005237,1,1,0.9993895
CUS-005238,1,1,0.9993895
CUS-005239,1,1,0.9993895
CUS-005240,0,0,0.00061042677
CUS-005241,0,0,0.00061042677
CUS-005242,1,1,0.9993895
CUS-005243,1,1,0.9993895
CUS-005244,1,1,0.9993895
CUS-005245,1,1,0.9993895
CUS-005246,1,1,0.9993895
CUS-005247,0,0,0.00061042677
CUS-005248,0,0,0.00061042677
CUS-005249,0,0,0.00061042677
CUS-005250,1,1,0.9993895
CUS-005251,1,1,0.9993895
CUS-005252,1,1,0.9993895
CUS-005253,1,1,0.9993895
CUS-005254,1,1,0.9993895
CUS-005255,1,1,0.9993895
CUS-005256,1,1,0.9993895
CUS-005257,1,1,0.9993895
CUS-005258,0,0,0.00061042677
CUS-005259,1,1,0.9993895
CUS-005260,0,0,0.00061042677
CUS-005261,1,1,0.9993895
CUS-005262,1,1,0.9993895
CUS-005263,0,0,0.00061042677
CUS-005264,1,1,0.9993895
CUS-005265,0,0,0.00061042677
CUS-005266,0,0,0.00061042677
CUS-005267,1,1,0.9993895
CUS-005268,1,1,0.9993895
CUS-005269,1,1,0.9993895
CUS-005270,1,1,0.9993895
CUS-005271,1,1,0.9993895
CUS-005272,1,1,0.9993895
CUS-005273,1,1,0.9993895
CUS-005274,1,1,0.9993895
CUS-005275,1,1,0.9993895
CUS-005276,1,1,0.9993895
CUS-005277,1,1,0.9993895
CUS-005278,1,1,0.9993895
CUS-005279,1,1,0.9993895
CUS-005280,0,0,0.00061042677
CUS-005281,1,1,0.9993895
CUS-005282,0,0,0.00061042677
CUS-005283,1,1,0.9993895
CUS-005284,1,1,0.9993895
CUS-005285,0,0,0.00061042677
CUS-005286,0,0,0.00061042677
CUS-005287,0,0,0.00061042677
CUS-005288,1,1,0.9993895
CUS-005289,1,1,0.9993895
CUS-005290,1,1,0.9993895
CUS-005291,1,1,0.9993895
CUS-005292,0,0,0.00061042677
CUS-005293,1,1,0.9993895
CUS-005294,1,1,0.9993895
CUS-005295,1,1,0.9993895
CUS-005296,1,1,0.9993895
CUS-005297,1,1,0.9993895
CUS-005298,1,1,0.9993895
CUS-005299,0,0,0.00061042677
CUS-005300,0,0,0.00061042677
CUS-005301,0,0,0.00061042677
CUS-005302,1,1,0.9993895
CUS-005303,1,1,0.9993895
CUS-005304,1,1,0.9993895
CUS-005305,0,0,0.00061042677
CUS-005306,1,1,0.9993895
CUS-005307,1,1,0.9993895
CUS-005308,1,1,0.9993895
CUS-005309,0,0,0.00061042677
CUS-005310,0,0,0.00061042677
CUS-005311,1,1,0.9993895
CUS-005312,1,1,0.9993895
CUS-005313,1,1,0.9993895
CUS-005314,1,1,0.9993895
CUS-005315,1,1,0.9993895
CUS-005316,1,1,0.9993895
CUS-005317,0,0,0.00061042677
CUS-005318,1,1,0.9993895
CUS-005319,1,1,0.9993895
CUS-005320,1,1,0.9993895
CUS-005321,0,0,0.00061042677
CUS-005322,0,0,0.00061042677
CUS-005323,1,1,0.9993895
CUS-005324,0,0,0.00061042677
CUS-005325,0,0,0.00061042677
CUS-005326,0,0,0.00061042677
CUS-005327,1,1,0.9993895
CUS-005328,1,1,0.9993895
CUS-005329,1,1,0.9993895
CUS-005330,0,0,0.00061042677
CUS-005331,1,1,0.9993895
CUS-005332,1,1,0.9993895
CUS-005333,0,0,0.00061042677
CUS-005334,1,1,0.9993895
CUS-005335,1,1,0.9993895
CUS-005336,0,0,0.00061042677
CUS-005337,1,1,0.9993895
CUS-005338,1,1,0.9993895
CUS-005339,1,1,0.9993895
CUS-005340,1,1,0.9993895
CUS-005341,1,1,0.9993895
CUS-005342,0,0,0.00061042677
CUS-005343,1,1,0.9993895
CUS-005344,1,1,0.9993895
CUS-005345,1,1,0.9993895
CUS-005346,0,0,0.00061042677
CUS-005347,1,1,0.9993895
CUS-005348,1,1,0.9993895
CUS-005349,0,0,0.00061042677
CUS-005350,1,1,0.9993895
CUS-005351,1,1,0.9993895
CUS-005352,1,1,0.9993895
CUS-005353,1,1,0.9993895
CUS-005354,1,1,0.9993895
CUS-005355,1,1,0.9993895
CUS-005356,1,1,0.9993895
CUS-005357,1,1,0.9993895
CUS-005358,1,1,0.9993895
CUS-005359,1,1,0.9993895
CUS-005360,1,1,0.9993895
CUS-005361,1,1,0.9993895
CUS-005362,0,0,0.00061042677
CUS-005363,0,0,0.00061042677
CUS-005364,1,1,0.9993895
CUS-005365,1,1,0.9993895
CUS-005366,1,1,0.9993895
CUS-005367,0,0,0.00061042677
CUS-005368,1,1,0.9993895
CUS-005369,1,1,0.9993895
CUS-005370,1,1,0.9993895
CUS-005371,0,0,0.00061042677
CUS-005372,1,1,0.9993895
CUS-005373,1,1,0.9993895
CUS-005374,0,0,0.00061042677
CUS-005375,1,1,0.9993895
CUS-005376,1,1,0.9993895
CUS-005377,0,0,0.00061042677
CUS-005378,1,1,0.9993895
CUS-005379,0,0,0.00061042677
CUS-005380,1,1,0.9993895
CUS-005381,0,0,0.00061042677
CUS-005382,1,1,0.9993895
CUS-005383,1,1,0.9993895
CUS-005384,0,0,0.00061042677
CUS-005385,1,1,0.9993895
CUS-005386,1,1,0.9993895
CUS-005387,0,0,0.00061042677
CUS-005388,0,0,0.00061042677
CUS-005389,1,1,0.9993895
CUS-005390,1,1,0.9993895
CUS-005391,1,1,0.9993895
CUS-005392,1,1,0.9993895
CUS-005393,1,1,0.9993895
CUS-005394,1,1,0.9993895
CUS-005395,1,1,0.9993895
CUS-005396,1,1,0.9993895
CUS-005397,1,1,0.9993895
CUS-005398,1,1,0.9993895
CUS-005399,1,1,0.9993895
CUS-005400,0,0,0.00061042677
CUS-005401,1,1,0.9993895
CUS-005402,0,0,0.00061042677
CUS-005403,0,0,0.00061042677
CUS-005404,0,0,0.00061042677
CUS-005405,1,1,0.9993895
CUS-005406,1,1,0.9993895
CUS-005407,1,1,0.9993895
CUS-005408,0,0,0.00061042677
CUS-005409,0,0,0.00061042677
CUS-005410,1,1,0.9993895
CUS-005411,0,0,0.00061042677
CUS-005412,1,1,0.9993895
CUS-005413,1,1,0.9993895
CUS-005414,1,1,0.9993895
CUS-005415,1,1,0.9993895
CUS-005416,1,1,0.9993895
CUS-005417,0,0,0.00061042677
CUS-005418,1,1,0.9993895
CUS-005419,0,0,0.00061042677
CUS-005420,1,1,0.9993895
CUS-005421,0,0,0.00061042677
CUS-005422,0,0,0.00061042677
CUS-005423,0,0,0.00061042677
CUS-005424,1,1,0.9993895
CUS-005425,1,1,0.9993895
CUS-005426,1,1,0.9993895
CUS-005427,1,1,0.9993895
CUS-005428,1,1,0.9993895
CUS-005429,1,1,0.9993895
CUS-005430,1,1,0.9993895
CUS-005431,1,1,0.9993895
CUS-005432,1,1,0.9993895
CUS-005433,1,1,0.9993895
CUS-005434,1,1,0.9993895
CUS-005435,1,1,0.9993895
CUS-005436,0,0,0.00061042677
CUS-005437,1,1,0.9993895
CUS-005438,0,0,0.00061042677
CUS-005439,1,1,0.9993895
CUS-005440,0,0,0.00061042677
CUS-005441,0,0,0.00061042677
CUS-005442,1,1,0.9993895
CUS-005443,1,1,0.9993895
CUS-005444,1,1,0.9993895
CUS-005445,1,1,0.9993895
CUS-005446,0,0,0.00061042677
CUS-005447,1,1,0.9993895
CUS-005448,1,1,0.9993895
CUS-005449,0,0,0.00061042677
CUS-005450,1,1,0.9993895
CUS-005451,0,0,0.00061042677
CUS-005452,1,1,0.9993895
CUS-005453,1,1,0.9993895
CUS-005454,0,0,0.00061042677
CUS-005455,1,1,0.9993895
CUS-005456,1,1,0.9993895
CUS-005457,1,1,0.9993895
CUS-005458,1,1,0.9993895
CUS-005459,1,1,0.9993895
CUS-005460,0,0,0.00061042677
CUS-005461,1,1,0.9993895
CUS-005462,0,0,0.00061042677
CUS-005463,0,0,0.00061042677
CUS-005464,1,1,0.9993895
CUS-005465,1,1,0.9993895
CUS-005466,1,1,0.9993895
CUS-005467,1,1,0.9993895
CUS-005468,1,1,0.9993895
CUS-005469,1,1,0.9993895
CUS-005470,0,0,0.00061042677
CUS-005471,1,1,0.9993895
CUS-005472,0,0,0.00061042677
CUS-005473,1,1,0.9993895
CUS-005474,1,1,0.9993895
CUS-005475,1,1,0.9993895
CUS-005476,1,1,0.9993895
CUS-005477,0,0,0.00061042677
CUS-005478,1,1,0.9993895
CUS-005479,1,1,0.9993895
CUS-005480,1,1,0.9993895
CUS-005481,0,0,0.00061042677
CUS-005482,0,0,0.00061042677
CUS-005483,1,1,0.9993895
CUS-005484,1,1,0.9993895
CUS-005485,1,1,0.9993895
CUS-005486,1,1,0.9993895
CUS-005487,1,1,0.9993895
CUS-005488,0,0,0.00061042677
CUS-005489,1,1,0.9993895
CUS-005490,1,1,0.9993895
CUS-005491,1,1,0.9993895
CUS-005492,1,1,0.9993895
CUS-005493,1,1,0.9993895
CUS-005494,1,1,0.9993895
CUS-005495,1,1,0.9993895
CUS-005496,0,0,0.00061042677
CUS-005497,1,1,0.9993895
CUS-005498,0,0,0.00061042677
CUS-005499,0,0,0.00061042677
CUS-005500,0,0,0.00061042677
CUS-005501,0,0,0.00061042677
CUS-005502,1,1,0.9993895
CUS-005503,1,1,0.9993895
CUS-005504,1,1,0.9993895
CUS-005505,1,1,0.9993895
CUS-005506,1,1,0.9993895
CUS-005507,0,0,0.00061042677
CUS-005508,1,1,0.9993895
CUS-005509,1,1,0.9993895
CUS-005510,1,1,0.9993895
CUS-005511,0,0,0.00061042677
CUS-005512,1,1,0.9993895
CUS-005513,0,0,0.00061042677
CUS-005514,0,0,0.00061042677
CUS-005515,0,0,0.00061042677
CUS-005516,1,1,0.9993895
CUS-005517,0,0,0.00061042677
CUS-005518,0,0,0.00061042677
CUS-005519,0,0,0.00061042677
CUS-005520,1,1,0.9993895
CUS-005521,1,1,0.9993895
CUS-005522,1,1,0.9993895
CUS-005523,1,1,0.9993895
CUS-005524,1,1,0.9993895
CUS-005525,1,1,0.9993895
CUS-005526,1,1,0.9993895
CUS-005527,1,1,0.9993895
CUS-005528,0,0,0.00061042677
CUS-005529,1,1,0.9993895
CUS-005530,1,1,0.9993895
CUS-005531,1,1,0.9993895
CUS-005532,1,1,0.9993895
CUS-005533,1,1,0.9993895
CUS-005534,1,1,0.9993895
CUS-005535,1,1,0.9993895
CUS-005536,1,1,0.9993895
CUS-005537,1,1,0.9993895
CUS-005538,1,1,0.9993895
CUS-005539,1,1,0.9993895
CUS-005540,0,0,0.00061042677
CUS-005541,1,1,0.9993895
CUS-005542,1,1,0.9993895
CUS-005543,1,1,0.9993895
CUS-005544,1,1,0.9993895
CUS-005545,1,1,0.9993895
CUS-005546,1,1,0.9993895
CUS-005547,0,0,0.00061042677
CUS-005548,1,1,0.9993895
CUS-005549,1,1,0.9993895
CUS-005550,1,1,0.9993895
CUS-005551,1,1,0.9993895
CUS-005552,1,1,0.9993895
CUS-005553,1,1,0.9993895
CUS-005554,0,0,0.00061042677
CUS-005555,0,0,0.00061042677
CUS-005556,1,1,0.9993895
CUS-005557,1,1,0.9993895
CUS-005558,0,0,0.00061042677
CUS-005559,1,1,0.9993895
CUS-005560,1,1,0.9993895
CUS-005561,1,1,0.9993895
CUS-005562,1,1,0.9993895
CUS-005563,0,0,0.00061042677
CUS-005564,0,0,0.00061042677
CUS-005565,1,1,0.9993895
CUS-005566,0,0,0.00061042677
CUS-005567,1,1,0.9993895
CUS-005568,0,0,0.00061042677
CUS-005569,0,0,0.00061042677
CUS-005570,1,1,0.9993895
CUS-005571,0,0,0.00061042677
CUS-005572,1,1,0.9993895
CUS-005573,1,1,0.9993895
CUS-005574,1,1,0.9993895
CUS-005575,0,0,0.00061042677
CUS-005576,1,1,0.9993895
CUS-005577,1,1,0.9993895
CUS-005578,1,1,0.9993895
CUS-005579,1,1,0.9993895
CUS-005580,1,1,0.9993895
CUS-005581,1,1,0.9993895
CUS-005582,0,0,0.00061042677
CUS-005583,1,1,0.9993895
CUS-005584,1,1,0.9993895
CUS-005585,1,1,0.9993895
CUS-005586,1,1,0.9993895
CUS-005587,1,1,0.9993895
CUS-005588,1,1,0.9993895
CUS-005589,1,1,0.9993895
CUS-005590,1,1,0.9993895
CUS-005591,1,1,0.9993895
CUS-005592,1,1,0.9993895
CUS-005593,1,1,0.9993895
CUS-005594,0,0,0.00061042677
CUS-005595,1,1,0.9993895
CUS-005596,1,1,0.9993895
CUS-005597,1,1,0.9993895
CUS-005598,1,1,0.9993895
CUS-005599,1,1,0.9993895
CUS-005600,1,1,0.9993895
CUS-005601,1,1,0.9993895
CUS-005602,0,0,0.00061042677
CUS-005603,1,1,0.9993895
CUS-005604,1,1,0.9993895
CUS-005605,1,1,0.9993895
CUS-005606,1,1,0.9993895
CUS-005607,0,0,0.00061042677
CUS-005608,1,1,0.9993895
CUS-005609,1,1,0.9993895
CUS-005610,1,1,0.9993895
CUS-005611,1,1,0.9993895
CUS-005612,1,1,0.9993895
CUS-005613,1,1,0.9993895
CUS-005614,1,1,0.9993895
CUS-005615,0,0,0.00061042677
CUS-005616,0,0,0.00061042677
CUS-005617,1,1,0.9993895
CUS-005618,1,1,0.9993895
CUS-005619,1,1,0.9993895
CUS-005620,0,0,0.00061042677
CUS-005621,1,1,0.9993895
CUS-005622,1,1,0.9993895
CUS-005623,0,0,0.00061042677
CUS-005624,1,1,0.9993895
CUS-005625,1,1,0.9993895
CUS-005626,1,1,0.9993895
CUS-005627,1,1,0.9993895
CUS-005628,1,1,0.9993895
CUS-005629,0,0,0.00061042677
CUS-005630,1,1,0.9993895
CUS-005631,1,1,0.9993895
CUS-005632,0,0,0.00061042677
CUS-005633,1,1,0.9993895
CUS-005634,0,0,0.00061042677
CUS-005635,0,0,0.00061042677
CUS-005636,1,1,0.9993895
CUS-005637,0,0,0.00061042677
CUS-005638,1,1,0.9993895
CUS-005639,1,1,0.9993895
CUS-005640,1,1,0.9993895
CUS-005641,1,1,0.9993895
CUS-005642,1,1,0.9993895
CUS-005643,1,1,0.9993895
CUS-005644,1,1,0.9993895
CUS-005645,1,1,0.9993895
CUS-005646,0,0,0.00061042677
CUS-005647,1,1,0.9993895
CUS-005648,1,1,0.9993895
CUS-005649,1,1,0.9993895
CUS-005650,0,0,0.00061042677
CUS-005651,0,0,0.00061042677
CUS-005652,1,1,0.9993895
CUS-005653,1,1,0.9993895
CUS-005654,1,1,0.9993895
CUS-005655,1,1,0.9993895
CUS-005656,0,0,0.00061042677
CUS-005657,1,1,0.9993895
CUS-005658,1,1,0.9993895
CUS-005659,0,0,0.00061042677
CUS-005660,1,1,0.9993895
CUS-005661,1,1,0.9993895
CUS-005662,0,0,0.00061042677
CUS-005663,1,1,0.9993895
CUS-005664,0,0,0.00061042677
CUS-005665,0,0,0.00061042677
CUS-005666,1,1,0.9993895
CUS-005667,0,0,0.00061042677
CUS-005668,1,1,0.9993895
CUS-005669,1,1,0.9993895
CUS-005670,1,1,0.9993895
CUS-005671,1,1,0.9993895
CUS-005672,1,1,0.9993895
CUS-005673,1,1,0.9993895
CUS-005674,1,1,0.9993895
CUS-005675,1,1,0.9993895
CUS-005676,1,1,0.9993895
CUS-005677,1,1,0.9993895
CUS-005678,1,1,0.9993895
CUS-005679,1,1,0.9993895
CUS-005680,1,1,0.9993895
CUS-005681,0,0,0.00061042677
CUS-005682,1,1,0.9993895
CUS-005683,0,0,0.00061042677
CUS-005684,1,1,0.9993895
CUS-005685,1,1,0.9993895
CUS-005686,1,1,0.9993895
CUS-005687,0,0,0.00061042677
CUS-005688,0,0,0.00061042677
CUS-005689,1,1,0.9993895
CUS-005690,1,1,0.9993895
CUS-005691,1,1,0.9993895
CUS-005692,0,0,0.00061042677
CUS-005693,1,1,0.9993895
CUS-005694,1,1,0.9993895
CUS-005695,1,1,0.9993895
CUS-005696,1,1,0.9993895
CUS-005697,1,1,0.9993895
CUS-005698,1,1,0.9993895
CUS-005699,1,1,0.9993895
CUS-005700,1,1,0.9993895
CUS-005701,1,1,0.9993895
CUS-005702,1,1,0.9993895
CUS-005703,0,0,0.00061042677
CUS-005704,1,1,0.9993895
CUS-005705,1,1,0.9993895
CUS-005706,1,1,0.9993895
CUS-005707,1,1,0.9993895
CUS-005708,1,1,0.9993895
CUS-005709,0,0,0.00061042677
CUS-005710,1,1,0.9993895
CUS-005711,1,1,0.9993895
CUS-005712,0,0,0.00061042677
CUS-005713,1,1,0.9993895
CUS-005714,1,1,0.9993895
CUS-005715,1,1,0.9993895
CUS-005716,0,0,0.00061042677
CUS-005717,1,1,0.9993895
CUS-005718,0,0,0.00061042677
CUS-005719,0,0,0.00061042677
CUS-005720,0,0,0.00061042677
CUS-005721,1,1,0.9993895
CUS-005722,0,0,0.00061042677
CUS-005723,1,1,0.9993895
CUS-005724,1,1,0.9993895
CUS-005725,1,1,0.9993895
CUS-005726,1,1,0.9993895
CUS-005727,1,1,0.9993895
CUS-005728,1,1,0.9993895
CUS-005729,1,1,0.9993895
CUS-005730,1,1,0.9993895
CUS-005731,1,1,0.9993895
CUS-005732,1,1,0.9993895
CUS-005733,1,1,0.9993895
CUS-005734,1,1,0.9993895
CUS-005735,0,0,0.00061042677
CUS-005736,1,1,0.9993895
CUS-005737,1,1,0.9993895
CUS-005738,1,1,0.9993895
CUS-005739,1,1,0.9993895
CUS-005740,1,1,0.9993895
CUS-005741,1,1,0.9993895
CUS-005742,1,1,0.9993895
CUS-005743,1,1,0.9993895
CUS-005744,1,1,0.9993895
CUS-005745,1,1,0.9993895
CUS-005746,0,0,0.00061042677
CUS-005747,0,0,0.00061042677
CUS-005748,0,0,0.00061042677
CUS-005749,0,0,0.00061042677
CUS-005750,1,1,0.9993895
CUS-005751,1,1,0.9993895
CUS-005752,1,1,0.9993895
CUS-005753,1,1,0.9993895
CUS-005754,1,1,0.9993895
CUS-005755,0,0,0.00061042677
CUS-005756,0,0,0.00061042677
CUS-005757,1,1,0.9993895
CUS-005758,1,1,0.9993895
CUS-005759,0,0,0.00061042677
CUS-005760,1,1,0.9993895
CUS-005761,0,0,0.00061042677
CUS-005762,1,1,0.9993895
CUS-005763,1,1,0.9993895
CUS-005764,0,0,0.00061042677
CUS-005765,1,1,0.9993895
CUS-005766,1,1,0.9993895
CUS-005767,1,1,0.9993895
CUS-005768,1,1,0.9993895
CUS-005769,1,1,0.9993895
CUS-005770,1,1,0.9993895
CUS-005771,1,1,0.9993895
CUS-005772,1,1,0.9993895
CUS-005773,0,0,0.00061042677
CUS-005774,1,1,0.9993895
CUS-005775,0,0,0.00061042677
CUS-005776,0,0,0.00061042677
CUS-005777,1,1,0.9993895
CUS-005778,1,1,0.9993895
CUS-005779,1,1,0.9993895
CUS-005780,0,0,0.00061042677
CUS-005781,1,1,0.9993895
CUS-005782,1,1,0.9993895
CUS-005783,1,1,0.9993895
CUS-005784,1,1,0.9993895
CUS-005785,0,0,0.00061042677
CUS-005786,0,0,0.00061042677
CUS-005787,1,1,0.9993895
CUS-005788,1,1,0.9993895
CUS-005789,1,1,0.9993895
CUS-005790,1,1,0.9993895
CUS-005791,1,1,0.9993895
CUS-005792,1,1,0.9993895
CUS-005793,0,0,0.00061042677
CUS-005794,1,1,0.9993895
CUS-005795,1,1,0.9993895
CUS-005796,1,1,0.9993895
CUS-005797,1,1,0.9993895
CUS-005798,1,1,0.9993895
CUS-005799,1,1,0.9993895
CUS-005800,1,1,0.9993895
CUS-005801,1,1,0.9993895
CUS-005802,1,1,0.9993895
CUS-005803,1,1,0.9993895
CUS-005804,1,1,0.9993895
CUS-005805,1,1,0.9993895
CUS-005806,1,1,0.9993895
CUS-005807,1,1,0.9993895
CUS-005808,1,1,0.9993895
CUS-005809,1,1,0.9993895
CUS-005810,1,1,0.9993895
CUS-005811,1,1,0.9993895
CUS-005812,0,0,0.00061042677
CUS-005813,1,1,0.9993895
CUS-005814,1,1,0.9993895
CUS-005815,1,1,0.9993895
CUS-005816,1,1,0.9993895
CUS-005817,1,1,0.9993895
CUS-005818,0,0,0.00061042677
CUS-005819,1,1,0.9993895
CUS-005820,1,1,0.9993895
CUS-005821,1,1,0.9993895
CUS-005822,1,1,0.9993895
CUS-005823,1,1,0.9993895
CUS-005824,0,0,0.00061042677
CUS-005825,1,1,0.9993895
CUS-005826,0,0,0.00061042677
CUS-005827,1,1,0.9993895
CUS-005828,0,0,0.00061042677
CUS-005829,1,1,0.9993895
CUS-005830,1,1,0.9993895
CUS-005831,1,1,0.9993895
CUS-005832,1,1,0.9993895
CUS-005833,1,1,0.9993895
CUS-005834,1,1,0.9993895
CUS-005835,1,1,0.9993895
CUS-005836,1,1,0.9993895
CUS-005837,1,1,0.9993895
CUS-005838,1,1,0.9993895
CUS-005839,1,1,0.9993895
CUS-005840,0,0,0.00061042677
CUS-005841,1,1,0.9993895
CUS-005842,0,0,0.00061042677
CUS-005843,1,1,0.9993895
CUS-005844,1,1,0.9993895
CUS-005845,1,1,0.9993895
CUS-005846,1,1,0.9993895
CUS-005847,1,1,0.9993895
CUS-005848,1,1,0.9993895
CUS-005849,1,1,0.9993895
CUS-005850,1,1,0.9993895
CUS-005851,1,1,0.9993895
CUS-005852,1,1,0.9993895
CUS-005853,0,0,0.00061042677
CUS-005854,0,0,0.00061042677
CUS-005855,0,0,0.00061042677
CUS-005856,1,1,0.9993895
CUS-005857,1,1,0.9993895
CUS-005858,1,1,0.9993895
CUS-005859,1,1,0.9993895
CUS-005860,0,0,0.00061042677
CUS-005861,0,0,0.00061042677
CUS-005862,1,1,0.9993895
CUS-005863,1,1,0.9993895
CUS-005864,1,1,0.9993895
CUS-005865,1,1,0.9993895
CUS-005866,1,1,0.9993895
CUS-005867,1,1,0.9993895
CUS-005868,1,1,0.9993895
CUS-005869,0,0,0.00061042677
CUS-005870,0,0,0.00061042677
CUS-005871,1,1,0.9993895
CUS-005872,0,0,0.00061042677
CUS-005873,0,0,0.00061042677
CUS-005874,0,0,0.00061042677
CUS-005875,1,1,0.9993895
CUS-005876,1,1,0.9993895
CUS-005877,1,1,0.9993895
CUS-005878,0,0,0.00061042677
CUS-005879,1,1,0.9993895
CUS-005880,1,1,0.9993895
CUS-005881,1,1,0.9993895
CUS-005882,0,0,0.00061042677
CUS-005883,1,1,0.9993895
CUS-005884,1,1,0.9993895
CUS-005885,1,1,0.9993895
CUS-005886,0,0,0.00061042677
CUS-005887,0,0,0.00061042677
CUS-005888,0,0,0.00061042677
CUS-005889,1,1,0.9993895
CUS-005890,0,0,0.00061042677
CUS-005891,1,1,0.9993895
CUS-005892,1,1,0.9993895
CUS-005893,1,1,0.9993895
CUS-005894,1,1,0.9993895
CUS-005895,0,0,0.00061042677
CUS-005896,1,1,0.9993895
CUS-005897,0,0,0.00061042677
CUS-005898,1,1,0.9993895
CUS-005899,1,1,0.9993895
CUS-005900,1,1,0.9993895
CUS-005901,1,1,0.9993895
CUS-005902,0,0,0.00061042677
CUS-005903,0,0,0.00061042677
CUS-005904,1,1,0.9993895
CUS-005905,1,1,0.9993895
CUS-005906,1,1,0.9993895
CUS-005907,1,1,0.9993895
CUS-005908,1,1,0.9993895
CUS-005909,1,1,0.9993895
CUS-005910,1,1,0.9993895
CUS-005911,1,1,0.9993895
CUS-005912,0,0,0.00061042677
CUS-005913,1,1,0.9993895
CUS-005914,1,1,0.9993895
CUS-005915,0,0,0.00061042677
CUS-005916,1,1,0.9993895
CUS-005917,1,1,0.9993895
CUS-005918,1,1,0.9993895
CUS-005919,1,1,0.9993895
CUS-005920,0,0,0.00061042677
CUS-005921,1,1,0.9993895
CUS-005922,0,0,0.00061042677
CUS-005923,1,1,0.9993895
CUS-005924,1,1,0.9993895
CUS-005925,1,1,0.9993895
CUS-005926,1,1,0.9993895
CUS-005927,1,1,0.9993895
CUS-005928,1,1,0.9993895
CUS-005929,1,1,0.9993895
CUS-005930,0,0,0.00061042677
CUS-005931,1,1,0.9993895
CUS-005932,1,1,0.9993895
CUS-005933,1,1,0.9993895
CUS-005934,0,0,0.00061042677
CUS-005935,0,0,0.00061042677
CUS-005936,0,0,0.00061042677
CUS-005937,0,0,0.00061042677
CUS-005938,1,1,0.9993895
CUS-005939,1,1,0.9993895
CUS-005940,1,1,0.9993895
CUS-005941,1,1,0.9993895
CUS-005942,1,1,0.9993895
CUS-005943,0,0,0.00061042677
CUS-005944,1,1,0.9993895
CUS-005945,0,0,0.00061042677
CUS-005946,0,0,0.00061042677
CUS-005947,1,1,0.9993895
CUS-005948,1,1,0.9993895
CUS-005949,1,1,0.9993895
CUS-005950,1,1,0.9993895
CUS-005951,1,1,0.9993895
CUS-005952,1,1,0.9993895
CUS-005953,1,1,0.9993895
CUS-005954,0,0,0.00061042677
CUS-005955,1,1,0.9993895
CUS-005956,1,1,0.9993895
CUS-005957,1,1,0.9993895
CUS-005958,1,1,0.9993895
CUS-005959,1,1,0.9993895
CUS-005960,1,1,0.9993895
CUS-005961,1,1,0.9993895
CUS-005962,0,0,0.00061042677
CUS-005963,0,0,0.00061042677
CUS-005964,1,1,0.9993895
CUS-005965,1,1,0.9993895
CUS-005966,0,0,0.00061042677
CUS-005967,1,1,0.9993895
CUS-005968,1,1,0.9993895
CUS-005969,1,1,0.9993895
CUS-005970,1,1,0.9993895
CUS-005971,1,1,0.9993895
CUS-005972,0,0,0.00061042677
CUS-005973,1,1,0.9993895
CUS-005974,1,1,0.9993895
CUS-005975,1,1,0.9993895
CUS-005976,0,0,0.00061042677
CUS-005977,1,1,0.9993895
CUS-005978,1,1,0.9993895
CUS-005979,0,0,0.00061042677
CUS-005980,1,1,0.9993895
CUS-005981,1,1,0.9993895
CUS-005982,0,0,0.00061042677
CUS-005983,1,1,0.9993895
CUS-005984,1,1,0.9993895
CUS-005985,1,1,0.9993895
CUS-005986,0,0,0.00061042677
CUS-005987,0,0,0.00061042677
CUS-005988,1,1,0.9993895
CUS-005989,1,1,0.9993895
CUS-005990,1,1,0.9993895
CUS-005991,1,1,0.9993895
CUS-005992,1,1,0.9993895
CUS-005993,1,1,0.9993895
CUS-005994,1,1,0.9993895
CUS-005995,1,1,0.9993895
CUS-005996,1,1,0.9993895
CUS-005997,1,1,0.9993895
CUS-005998,1,1,0.9993895
CUS-005999,1,1,0.9993895
CUS-006000,1,1,0.9993895
CUS-006001,1,1,0.9993895
CUS-006002,0,0,0.00061042677
CUS-006003,1,1,0.9993895
CUS-006004,0,0,0.00061042677
CUS-006005,0,0,0.00061042677
CUS-006006,1,1,0.9993895
CUS-006007,0,0,0.00061042677
CUS-006008,1,1,0.9993895
CUS-006009,1,1,0.9993895
CUS-006010,1,1,0.9993895
CUS-006011,1,1,0.9993895
CUS-006012,1,1,0.9993895
CUS-006013,1,1,0.9993895
CUS-006014,1,1,0.9993895
CUS-006015,1,1,0.9993895
CUS-006016,1,1,0.9993895
CUS-006017,1,1,0.9993895
CUS-006018,1,1,0.9993895
CUS-006019,1,1,0.9993895
CUS-006020,1,1,0.9993895
CUS-006021,1,1,0.9993895
CUS-006022,1,1,0.9993895
CUS-006023,0,0,0.00061042677
CUS-006024,1,1,0.9993895
CUS-006025,1,1,0.9993895
CUS-006026,1,1,0.9993895
CUS-006027,1,1,0.9993895
CUS-006028,1,1,0.9993895
CUS-006029,1,1,0.9993895
CUS-006030,0,0,0.00061042677
CUS-006031,1,1,0.9993895
CUS-006032,0,0,0.00061042677
CUS-006033,0,0,0.00061042677
CUS-006034,0,0,0.00061042677
CUS-006035,1,1,0.9993895
CUS-006036,1,1,0.9993895
CUS-006037,1,1,0.9993895
CUS-006038,1,1,0.9993895
CUS-006039,0,0,0.00061042677
CUS-006040,1,1,0.9993895
CUS-006041,1,1,0.9993895
CUS-006042,0,0,0.00061042677
CUS-006043,1,1,0.9993895
CUS-006044,1,1,0.9993895
CUS-006045,1,1,0.9993895
CUS-006046,1,1,0.9993895
CUS-006047,1,1,0.9993895
CUS-006048,0,0,0.00061042677
CUS-006049,0,0,0.00061042677
CUS-006050,1,1,0.9993895
CUS-006051,1,1,0.9993895
CUS-006052,1,1,0.9993895
CUS-006053,1,1,0.9993895
CUS-006054,0,0,0.00061042677
CUS-006055,0,0,0.00061042677
CUS-006056,0,0,0.00061042677
CUS-006057,1,1,0.9993895
CUS-006058,1,1,0.9993895
CUS-006059,1,1,0.9993895
CUS-006060,1,1,0.9993895
CUS-006061,0,0,0.00061042677
CUS-006062,1,1,0.9993895
CUS-006063,0,0,0.00061042677
CUS-006064,1,1,0.9993895
CUS-006065,1,1,0.9993895
CUS-006066,1,1,0.9993895
CUS-006067,1,1,0.9993895
CUS-006068,0,0,0.00061042677
CUS-006069,1,1,0.9993895
CUS-006070,0,0,0.00061042677
CUS-006071,1,1,0.9993895
CUS-006072,1,1,0.9993895
CUS-006073,1,1,0.9993895
CUS-006074,0,0,0.00061042677
CUS-006075,1,1,0.9993895
CUS-006076,1,1,0.9993895
CUS-006077,1,1,0.9993895
CUS-006078,1,1,0.9993895
CUS-006079,1,1,0.9993895
CUS-006080,1,1,0.9993895
CUS-006081,0,0,0.00061042677
CUS-006082,1,1,0.9993895
CUS-006083,1,1,0.9993895
CUS-006084,1,1,0.9993895
CUS-006085,1,1,0.9993895
CUS-006086,1,1,0.9993895
CUS-006087,1,1,0.9993895
CUS-006088,1,1,0.9993895
CUS-006089,1,1,0.9993895
CUS-006090,1,1,0.9993895
CUS-006091,1,1,0.9993895
CUS-006092,1,1,0.9993895
CUS-006093,1,1,0.9993895
CUS-006094,1,1,0.9993895
CUS-006095,1,1,0.9993895
CUS-006096,1,1,0.9993895
CUS-006097,0,0,0.00061042677
CUS-006098,1,1,0.9993895
CUS-006099,1,1,0.9993895
CUS-006100,0,0,0.00061042677
CUS-006101,1,1,0.9993895
CUS-006102,1,1,0.9993895
CUS-006103,1,1,0.9993895
CUS-006104,1,1,0.9993895
CUS-006105,0,0,0.00061042677
CUS-006106,1,1,0.9993895
CUS-006107,1,1,0.9993895
CUS-006108,0,0,0.00061042677
CUS-006109,1,1,0.9993895
CUS-006110,1,1,0.9993895
CUS-006111,0,0,0.00061042677
CUS-006112,1,1,0.9993895
CUS-006113,0,0,0.00061042677
CUS-006114,1,1,0.9993895
CUS-006115,1,1,0.9993895
CUS-006116,0,0,0.00061042677
CUS-006117,1,1,0.9993895
CUS-006118,1,1,0.9993895
CUS-006119,1,1,0.9993895
CUS-006120,0,0,0.00061042677
CUS-006121,1,1,0.9993895
CUS-006122,1,1,0.9993895
CUS-006123,1,1,0.9993895
CUS-006124,1,1,0.9993895
CUS-006125,0,0,0.00061042677
CUS-006126,1,1,0.9993895
CUS-006127,0,0,0.00061042677
CUS-006128,1,1,0.9993895
CUS-006129,1,1,0.9993895
CUS-006130,0,0,0.00061042677
CUS-006131,1,1,0.9993895
CUS-006132,1,1,0.9993895
CUS-006133,1,1,0.9993895
CUS-006134,0,0,0.00061042677
CUS-006135,1,1,0.9993895
CUS-006136,0,0,0.00061042677
CUS-006137,1,1,0.9993895
CUS-006138,0,0,0.00061042677
CUS-006139,1,1,0.9993895
CUS-006140,1,1,0.9993895
CUS-006141,1,1,0.9993895
CUS-006142,0,0,0.00061042677
CUS-006143,0,0,0.00061042677
CUS-006144,0,0,0.00061042677
CUS-006145,1,1,0.9993895
CUS-006146,1,1,0.9993895
CUS-006147,1,1,0.9993895
CUS-006148,1,1,0.9993895
CUS-006149,1,1,0.9993895
CUS-006150,1,1,0.9993895
CUS-006151,1,1,0.9993895
CUS-006152,1,1,0.9993895
CUS-006153,1,1,0.9993895
CUS-006154,1,1,0.9993895
CUS-006155,1,1,0.9993895
CUS-006156,0,0,0.00061042677
CUS-006157,1,1,0.9993895
CUS-006158,0,0,0.00061042677
CUS-006159,1,1,0.9993895
CUS-006160,1,1,0.9993895
CUS-006161,1,1,0.9993895
CUS-006162,1,1,0.9993895
CUS-006163,1,1,0.9993895
CUS-006164,1,1,0.9993895
CUS-006165,1,1,0.9993895
CUS-006166,1,1,0.9993895
CUS-006167,1,1,0.9993895
CUS-006168,1,1,0.9993895
CUS-006169,1,1,0.9993895
CUS-006170,1,1,0.9993895
CUS-006171,1,1,0.9993895
CUS-006172,1,1,0.9993895
CUS-006173,1,1,0.9993895
CUS-006174,1,1,0.9993895
CUS-006175,1,1,0.9993895
CUS-006176,1,1,0.9993895
CUS-006177,1,1,0.9993895
CUS-006178,1,1,0.9993895
CUS-006179,1,1,0.9993895
CUS-006180,0,0,0.00061042677
CUS-006181,0,0,0.00061042677
CUS-006182,1,1,0.9993895
CUS-006183,1,1,0.9993895
CUS-006184,1,1,0.9993895
CUS-006185,1,1,0.9993895
CUS-006186,1,1,0.9993895
CUS-006187,1,1,0.9993895
CUS-006188,0,0,0.00061042677
CUS-006189,1,1,0.9993895
CUS-006190,1,1,0.9993895
CUS-006191,1,1,0.9993895
CUS-006192,1,1,0.9993895
CUS-006193,0,0,0.00061042677
CUS-006194,1,1,0.9993895
CUS-006195,0,0,0.00061042677
CUS-006196,1,1,0.9993895
CUS-006197,1,1,0.9993895
CUS-006198,1,1,0.9993895
CUS-006199,1,1,0.9993895
CUS-006200,1,1,0.9993895
CUS-006201,0,0,0.00061042677
CUS-006202,1,1,0.9993895
CUS-006203,1,1,0.9993895
CUS-006204,0,0,0.00061042677
CUS-006205,0,0,0.00061042677
CUS-006206,1,1,0.9993895
CUS-006207,1,1,0.9993895
CUS-006208,1,1,0.9993895
CUS-006209,1,1,0.9993895
CUS-006210,1,1,0.9993895
CUS-006211,1,1,0.9993895
CUS-006212,1,1,0.9993895
CUS-006213,1,1,0.9993895
CUS-006214,1,1,0.9993895
CUS-006215,0,0,0.00061042677
CUS-006216,0,0,0.00061042677
CUS-006217,1,1,0.9993895
CUS-006218,1,1,0.9993895
CUS-006219,0,0,0.00061042677
CUS-006220,1,1,0.9993895
CUS-006221,1,1,0.9993895
CUS-006222,0,0,0.00061042677
CUS-006223,1,1,0.9993895
CUS-006224,0,0,0.00061042677
CUS-006225,1,1,0.9993895
CUS-006226,0,0,0.00061042677
CUS-006227,1,1,0.9993895
CUS-006228,1,1,0.9993895
CUS-006229,1,1,0.9993895
CUS-006230,1,1,0.9993895
CUS-006231,1,1,0.9993895
CUS-006232,1,1,0.9993895
CUS-006233,1,1,0.9993895
CUS-006234,0,0,0.00061042677
CUS-006235,1,1,0.9993895
CUS-006236,0,0,0.00061042677
CUS-006237,1,1,0.9993895
CUS-006238,0,0,0.00061042677
CUS-006239,1,1,0.9993895
CUS-006240,1,1,0.9993895
CUS-006241,1,1,0.9993895
CUS-006242,1,1,0.9993895
CUS-006243,0,0,0.00061042677
CUS-006244,0,0,0.00061042677
CUS-006245,1,1,0.9993895
CUS-006246,0,0,0.00061042677
CUS-006247,1,1,0.9993895
CUS-006248,1,1,0.9993895
CUS-006249,1,1,0.9993895
CUS-006250,1,1,0.9993895
CUS-006251,1,1,0.9993895
CUS-006252,0,0,0.00061042677
CUS-006253,1,1,0.9993895
CUS-006254,1,1,0.9993895
CUS-006255,1,1,0.9993895
CUS-006256,1,1,0.9993895
CUS-006257,0,0,0.00061042677
CUS-006258,1,1,0.9993895
CUS-006259,1,1,0.9993895
CUS-006260,0,0,0.00061042677
CUS-006261,0,0,0.00061042677
CUS-006262,1,1,0.9993895
CUS-006263,0,0,0.00061042677
CUS-006264,1,1,0.9993895
CUS-006265,1,1,0.9993895
CUS-006266,1,1,0.9993895
CUS-006267,0,0,0.00061042677
CUS-006268,1,1,0.9993895
CUS-006269,0,0,0.00061042677
CUS-006270,0,0,0.00061042677
CUS-006271,1,1,0.9993895
CUS-006272,0,0,0.00061042677
CUS-006273,1,1,0.9993895
CUS-006274,1,1,0.9993895
CUS-006275,0,0,0.00061042677
CUS-006276,1,1,0.9993895
CUS-006277,1,1,0.9993895
CUS-006278,1,1,0.9993895
CUS-006279,1,1,0.9993895
CUS-006280,0,0,0.00061042677
CUS-006281,1,1,0.9993895
CUS-006282,0,0,0.00061042677
CUS-006283,1,1,0.9993895
CUS-006284,1,1,0.9993895
CUS-006285,1,1,0.9993895
CUS-006286,1,1,0.9993895
CUS-006287,1,1,0.9993895
CUS-006288,1,1,0.9993895
CUS-006289,1,1,0.9993895
CUS-006290,1,1,0.9993895
CUS-006291,1,1,0.9993895
CUS-006292,1,1,0.9993895
CUS-006293,1,1,0.9993895
CUS-006294,1,1,0.9993895
CUS-006295,0,0,0.00061042677
CUS-006296,1,1,0.9993895
CUS-006297,1,1,0.9993895
CUS-006298,1,1,0.9993895
CUS-006299,0,0,0.00061042677
CUS-006300,1,1,0.9993895
CUS-006301,0,0,0.00061042677
CUS-006302,1,1,0.9993895
CUS-006303,0,0,0.00061042677
CUS-006304,0,0,0.00061042677
CUS-006305,1,1,0.9993895
CUS-006306,1,1,0.9993895
CUS-006307,1,1,0.9993895
CUS-006308,1,1,0.9993895
CUS-006309,1,1,0.9993895
CUS-006310,1,1,0.9993895
CUS-006311,0,0,0.00061042677
CUS-006312,1,1,0.9993895
CUS-006313,1,1,0.9993895
CUS-006314,0,0,0.00061042677
CUS-006315,1,1,0.9993895
CUS-006316,1,1,0.9993895
CUS-006317,1,1,0.9993895
CUS-006318,1,1,0.9993895
CUS-006319,1,1,0.9993895
CUS-006320,1,1,0.9993895
CUS-006321,0,0,0.00061042677
CUS-006322,1,1,0.9993895
CUS-006323,1,1,0.9993895
CUS-006324,0,0,0.00061042677
CUS-006325,1,1,0.9993895
CUS-006326,0,0,0.00061042677
CUS-006327,1,1,0.9993895
CUS-006328,1,1,0.9993895
CUS-006329,1,1,0.9993895
CUS-006330,0,0,0.00061042677
CUS-006331,1,1,0.9993895
CUS-006332,1,1,0.9993895
CUS-006333,0,0,0.00061042677
CUS-006334,1,1,0.9993895
CUS-006335,1,1,0.9993895
CUS-006336,1,1,0.9993895
CUS-006337,1,1,0.9993895
CUS-006338,1,1,0.9993895
CUS-006339,0,0,0.00061042677
CUS-006340,1,1,0.9993895
CUS-006341,0,0,0.00061042677
CUS-006342,1,1,0.9993895
CUS-006343,1,1,0.9993895
CUS-006344,1,1,0.9993895
CUS-006345,1,1,0.9993895
CUS-006346,1,1,0.9993895
CUS-006347,1,1,0.9993895
CUS-006348,1,1,0.9993895
CUS-006349,1,1,0.9993895
CUS-006350,1,1,0.9993895
CUS-006351,1,1,0.9993895
CUS-006352,1,1,0.9993895
CUS-006353,1,1,0.9993895
CUS-006354,1,1,0.9993895
CUS-006355,0,0,0.00061042677
CUS-006356,1,1,0.9993895
CUS-006357,1,1,0.9993895
CUS-006358,1,1,0.9993895
CUS-006359,0,0,0.00061042677
CUS-006360,1,1,0.9993895
CUS-006361,1,1,0.9993895
CUS-006362,1,1,0.9993895
CUS-006363,1,1,0.9993895
CUS-006364,1,1,0.9993895
CUS-006365,1,1,0.9993895
CUS-006366,1,1,0.9993895
CUS-006367,1,1,0.9993895
CUS-006368,0,0,0.00061042677
CUS-006369,1,1,0.9993895
CUS-006370,1,1,0.9993895
CUS-006371,1,1,0.9993895
CUS-006372,0,0,0.00061042677
CUS-006373,1,1,0.9993895
CUS-006374,1,1,0.9993895
CUS-006375,1,1,0.9993895
CUS-006376,0,0,0.00061042677
CUS-006377,1,1,0.9993895
CUS-006378,1,1,0.9993895
CUS-006379,1,1,0.9993895
CUS-006380,0,0,0.00061042677
CUS-006381,1,1,0.9993895
CUS-006382,1,1,0.9993895
CUS-006383,1,1,0.9993895
CUS-006384,1,1,0.9993895
CUS-006385,1,1,0.9993895
CUS-006386,1,1,0.9993895
CUS-006387,0,0,0.00061042677
CUS-006388,0,0,0.00061042677
CUS-006389,1,1,0.9993895
CUS-006390,0,0,0.00061042677
CUS-006391,1,1,0.9993895
CUS-006392,1,1,0.9993895
CUS-006393,1,1,0.9993895
CUS-006394,0,0,0.00061042677
CUS-006395,1,1,0.9993895
CUS-006396,1,1,0.9993895
CUS-006397,0,0,0.00061042677
CUS-006398,0,0,0.00061042677
CUS-006399,1,1,0.9993895
CUS-006400,1,1,0.9993895
CUS-006401,0,0,0.00061042677
CUS-006402,0,0,0.00061042677
CUS-006403,0,0,0.00061042677
CUS-006404,1,1,0.9993895
CUS-006405,0,0,0.00061042677
CUS-006406,1,1,0.9993895
CUS-006407,1,1,0.9993895
CUS-006408,0,0,0.00061042677
CUS-006409,1,1,0.9993895
CUS-006410,0,0,0.00061042677
CUS-006411,1,1,0.9993895
CUS-006412,1,1,0.9993895
CUS-006413,1,1,0.9993895
CUS-006414,1,1,0.9993895
CUS-006415,1,1,0.9993895
CUS-006416,0,0,0.00061042677
CUS-006417,1,1,0.9993895
CUS-006418,1,1,0.9993895
CUS-006419,1,1,0.9993895
CUS-006420,1,1,0.9993895
CUS-006421,1,1,0.9993895
CUS-006422,1,1,0.9993895
CUS-006423,1,1,0.9993895
CUS-006424,1,1,0.9993895
CUS-006425,0,0,0.00061042677
CUS-006426,0,0,0.00061042677
CUS-006427,0,0,0.00061042677
CUS-006428,0,0,0.00061042677
CUS-006429,1,1,0.9993895
CUS-006430,0,0,0.00061042677
CUS-006431,1,1,0.9993895
CUS-006432,0,0,0.00061042677
CUS-006433,0,0,0.00061042677
CUS-006434,1,1,0.9993895
CUS-006435,1,1,0.9993895
CUS-006436,1,1,0.9993895
CUS-006437,1,1,0.9993895
CUS-006438,1,1,0.9993895
CUS-006439,1,1,0.9993895
CUS-006440,1,1,0.9993895
CUS-006441,1,1,0.9993895
CUS-006442,1,1,0.9993895
CUS-006443,1,1,0.9993895
CUS-006444,1,1,0.9993895
CUS-006445,0,0,0.00061042677
CUS-006446,0,0,0.00061042677
CUS-006447,1,1,0.9993895
CUS-006448,1,1,0.9993895
CUS-006449,1,1,0.9993895
CUS-006450,1,1,0.9993895
CUS-006451,1,1,0.9993895
CUS-006452,1,1,0.9993895
CUS-006453,1,1,0.9993895
CUS-006454,1,1,0.9993895
CUS-006455,1,1,0.9993895
CUS-006456,1,1,0.9993895
CUS-006457,1,1,0.9993895
CUS-006458,1,1,0.9993895
CUS-006459,1,1,0.9993895
CUS-006460,1,1,0.9993895
CUS-006461,0,0,0.00061042677
CUS-006462,1,1,0.9993895
CUS-006463,1,1,0.9993895
CUS-006464,0,0,0.00061042677
CUS-006465,1,1,0.9993895
CUS-006466,1,1,0.9993895
CUS-006467,0,0,0.00061042677
CUS-006468,1,1,0.9993895
CUS-006469,1,1,0.9993895
CUS-006470,1,1,0.9993895
CUS-006471,1,1,0.9993895
CUS-006472,1,1,0.9993895
CUS-006473,1,1,0.9993895
CUS-006474,1,1,0.9993895
CUS-006475,0,0,0.00061042677
CUS-006476,1,1,0.9993895
CUS-006477,1,1,0.9993895
CUS-006478,1,1,0.9993895
CUS-006479,0,0,0.00061042677
CUS-006480,1,1,0.9993895
CUS-006481,1,1,0.9993895
CUS-006482,1,1,0.9993895
CUS-006483,1,1,0.9993895
CUS-006484,1,1,0.9993895
CUS-006485,1,1,0.9993895
CUS-006486,1,1,0.9993895
CUS-006487,0,0,0.00061042677
CUS-006488,1,1,0.9993895
CUS-006489,0,0,0.00061042677
CUS-006490,1,1,0.9993895
CUS-006491,0,0,0.00061042677
CUS-006492,1,1,0.9993895
CUS-006493,1,1,0.9993895
CUS-006494,1,1,0.9993895
CUS-006495,1,1,0.9993895
CUS-006496,1,1,0.9993895
CUS-006497,1,1,0.9993895
CUS-006498,1,1,0.9993895
CUS-006499,1,1,0.9993895
CUS-006500,1,1,0.9993895
CUS-006501,1,1,0.9993895
CUS-006502,1,1,0.9993895
CUS-006503,1,1,0.9993895
CUS-006504,1,1,0.9993895
CUS-006505,1,1,0.9993895
CUS-006506,1,1,0.9993895
CUS-006507,1,1,0.9993895
CUS-006508,1,1,0.9993895
CUS-006509,1,1,0.9993895
CUS-006510,1,1,0.9993895
CUS-006511,1,1,0.9993895
CUS-006512,0,0,0.00061042677
CUS-006513,0,0,0.00061042677
CUS-006514,1,1,0.9993895
CUS-006515,1,1,0.9993895
CUS-006516,1,1,0.9993895
CUS-006517,1,1,0.9993895
CUS-006518,1,1,0.9993895
CUS-006519,0,0,0.00061042677
CUS-006520,1,1,0.9993895
CUS-006521,1,1,0.9993895
CUS-006522,1,1,0.9993895
CUS-006523,0,0,0.00061042677
CUS-006524,1,1,0.9993895
CUS-006525,1,1,0.9993895
CUS-006526,1,1,0.9993895
CUS-006527,1,1,0.9993895
CUS-006528,1,1,0.9993895
CUS-006529,1,1,0.9993895
CUS-006530,1,1,0.9993895
CUS-006531,0,0,0.00061042677
CUS-006532,1,1,0.9993895
CUS-006533,1,1,0.9993895
CUS-006534,0,0,0.00061042677
CUS-006535,1,1,0.9993895
CUS-006536,0,0,0.00061042677
CUS-006537,0,0,0.00061042677
CUS-006538,0,0,0.00061042677
CUS-006539,1,1,0.9993895
CUS-006540,1,1,0.9993895
CUS-006541,1,1,0.9993895
CUS-006542,0,0,0.00061042677
CUS-006543,1,1,0.9993895
CUS-006544,1,1,0.9993895
CUS-006545,0,0,0.00061042677
CUS-006546,1,1,0.9993895
CUS-006547,0,0,0.00061042677
CUS-006548,1,1,0.9993895
CUS-006549,1,1,0.9993895
CUS-006550,0,0,0.00061042677
CUS-006551,1,1,0.9993895
CUS-006552,0,0,0.00061042677
CUS-006553,1,1,0.9993895
CUS-006554,0,0,0.00061042677
CUS-006555,1,1,0.9993895
CUS-006556,1,1,0.9993895
CUS-006557,0,0,0.00061042677
CUS-006558,0,0,0.00061042677
CUS-006559,1,1,0.9993895
CUS-006560,0,0,0.00061042677
CUS-006561,1,1,0.9993895
CUS-006562,1,1,0.9993895
CUS-006563,1,1,0.9993895
CUS-006564,1,1,0.9993895
CUS-006565,1,1,0.9993895
CUS-006566,1,1,0.9993895
CUS-006567,1,1,0.9993895
CUS-006568,1,1,0.9993895
CUS-006569,1,1,0.9993895
CUS-006570,1,1,0.9993895
CUS-006571,0,0,0.00061042677
CUS-006572,1,1,0.9993895
CUS-006573,0,0,0.00061042677
CUS-006574,1,1,0.9993895
CUS-006575,0,0,0.00061042677
CUS-006576,1,1,0.9993895
CUS-006577,1,1,0.9993895
CUS-006578,1,1,0.9993895
CUS-006579,1,1,0.9993895
CUS-006580,1,1,0.9993895
CUS-006581,1,1,0.9993895
CUS-006582,1,1,0.9993895
CUS-006583,1,1,0.9993895
CUS-006584,1,1,0.9993895
CUS-006585,1,1,0.9993895
CUS-006586,0,0,0.00061042677
CUS-006587,1,1,0.9993895
CUS-006588,1,1,0.9993895
CUS-006589,1,1,0.9993895
CUS-006590,1,1,0.9993895
CUS-006591,0,0,0.00061042677
CUS-006592,1,1,0.9993895
CUS-006593,1,1,0.9993895
CUS-006594,1,1,0.9993895
CUS-006595,1,1,0.9993895
CUS-006596,1,1,0.9993895
CUS-006597,0,0,0.00061042677
CUS-006598,0,0,0.00061042677
CUS-006599,0,0,0.00061042677
CUS-006600,1,1,0.9993895
CUS-006601,1,1,0.9993895
CUS-006602,0,0,0.00061042677
CUS-006603,0,0,0.00061042677
CUS-006604,0,0,0.00061042677
CUS-006605,1,1,0.9993895
CUS-006606,0,0,0.00061042677
CUS-006607,1,1,0.9993895
CUS-006608,0,0,0.00061042677
CUS-006609,1,1,0.9993895
CUS-006610,0,0,0.00061042677
CUS-006611,1,1,0.9993895
CUS-006612,1,1,0.9993895
CUS-006613,1,1,0.9993895
CUS-006614,0,0,0.00061042677
CUS-006615,1,1,0.9993895
CUS-006616,0,0,0.00061042677
CUS-006617,1,1,0.9993895
CUS-006618,1,1,0.9993895
CUS-006619,0,0,0.00061042677
CUS-006620,0,0,0.00061042677
CUS-006621,1,1,0.9993895
CUS-006622,0,0,0.00061042677
CUS-006623,0,0,0.00061042677
CUS-006624,1,1,0.9993895
CUS-006625,0,0,0.00061042677
CUS-006626,1,1,0.9993895
CUS-006627,1,1,0.9993895
CUS-006628,1,1,0.9993895
CUS-006629,1,1,0.9993895
CUS-006630,1,1,0.9993895
CUS-006631,1,1,0.9993895
CUS-006632,1,1,0.9993895
CUS-006633,1,1,0.9993895
CUS-006634,1,1,0.9993895
CUS-006635,0,0,0.00061042677
CUS-006636,0,0,0.00061042677
CUS-006637,0,0,0.00061042677
CUS-006638,1,1,0.9993895
CUS-006639,1,1,0.9993895
CUS-006640,1,1,0.9993895
CUS-006641,1,1,0.9993895
CUS-006642,1,1,0.9993895
CUS-006643,1,1,0.9993895
CUS-006644,1,1,0.9993895
CUS-006645,1,1,0.9993895
CUS-006646,1,1,0.9993895
CUS-006647,0,0,0.00061042677
CUS-006648,0,0,0.00061042677
CUS-006649,1,1,0.9993895
CUS-006650,1,1,0.9993895
CUS-006651,1,1,0.9993895
CUS-006652,1,1,0.9993895
CUS-006653,1,1,0.9993895
CUS-006654,1,1,0.9993895
CUS-006655,1,1,0.9993895
CUS-006656,1,1,0.9993895
CUS-006657,1,1,0.9993895
CUS-006658,1,1,0.9993895
CUS-006659,1,1,0.9993895
CUS-006660,0,0,0.00061042677
CUS-006661,1,1,0.9993895
CUS-006662,1,1,0.9993895
CUS-006663,1,1,0.9993895
CUS-006664,1,1,0.9993895
CUS-006665,1,1,0.9993895
CUS-006666,1,1,0.9993895
CUS-006667,1,1,0.9993895
CUS-006668,1,1,0.9993895
CUS-006669,0,0,0.00061042677
CUS-006670,1,1,0.9993895
CUS-006671,1,1,0.9993895
CUS-006672,1,1,0.9993895
CUS-006673,1,1,0.9993895
CUS-006674,1,1,0.9993895
CUS-006675,1,1,0.9993895
CUS-006676,0,0,0.00061042677
CUS-006677,0,0,0.00061042677
CUS-006678,1,1,0.9993895
CUS-006679,1,1,0.9993895
CUS-006680,1,1,0.9993895
CUS-006681,1,1,0.9993895
CUS-006682,1,1,0.9993895
CUS-006683,1,1,0.9993895
CUS-006684,1,1,0.9993895
CUS-006685,0,0,0.00061042677
CUS-006686,1,1,0.9993895
CUS-006687,1,1,0.9993895
CUS-006688,1,1,0.9993895
CUS-006689,1,1,0.9993895
CUS-006690,0,0,0.00061042677
CUS-006691,1,1,0.9993895
CUS-006692,0,0,0.00061042677
CUS-006693,1,1,0.9993895
CUS-006694,1,1,0.9993895
CUS-006695,1,1,0.9993895
CUS-006696,0,0,0.00061042677
CUS-006697,1,1,0.9993895
CUS-006698,0,0,0.00061042677
CUS-006699,1,1,0.9993895
CUS-006700,1,1,0.9993895
CUS-006701,0,0,0.00061042677
CUS-006702,1,1,0.9993895
CUS-006703,1,1,0.9993895
CUS-006704,0,0,0.00061042677
CUS-006705,0,0,0.00061042677
CUS-006706,1,1,0.9993895
CUS-006707,0,0,0.00061042677
CUS-006708,1,1,0.9993895
CUS-006709,1,1,0.9993895
CUS-006710,1,1,0.9993895
CUS-006711,1,1,0.9993895
CUS-006712,1,1,0.9993895
CUS-006713,1,1,0.9993895
CUS-006714,1,1,0.9993895
CUS-006715,1,1,0.9993895
CUS-006716,1,1,0.9993895
CUS-006717,1,1,0.9993895
CUS-006718,1,1,0.9993895
CUS-006719,1,1,0.9993895
CUS-006720,1,1,0.9993895
CUS-006721,1,1,0.9993895
CUS-006722,1,1,0.9993895
CUS-006723,1,1,0.9993895
CUS-006724,1,1,0.9993895
CUS-006725,1,1,0.9993895
CUS-006726,1,1,0.9993895
CUS-006727,0,0,0.00061042677
CUS-006728,1,1,0.9993895
CUS-006729,1,1,0.9993895
CUS-006730,1,1,0.9993895
CUS-006731,1,1,0.9993895
CUS-006732,1,1,0.9993895
CUS-006733,1,1,0.9993895
CUS-006734,1,1,0.9993895
CUS-006735,1,1,0.9993895
CUS-006736,1,1,0.9993895
CUS-006737,0,0,0.00061042677
CUS-006738,1,1,0.9993895
CUS-006739,1,1,0.9993895
CUS-006740,1,1,0.9993895
CUS-006741,0,0,0.00061042677
CUS-006742,1,1,0.9993895
CUS-006743,1,1,0.9993895
CUS-006744,1,1,0.9993895
CUS-006745,0,0,0.00061042677
CUS-006746,0,0,0.00061042677
CUS-006747,1,1,0.9993895
CUS-006748,1,1,0.9993895
CUS-006749,1,1,0.9993895
CUS-006750,1,1,0.9993895
CUS-006751,1,1,0.9993895
CUS-006752,0,0,0.00061042677
CUS-006753,1,1,0.9993895
CUS-006754,0,0,0.00061042677
CUS-006755,1,1,0.9993895
CUS-006756,0,0,0.00061042677
CUS-006757,1,1,0.9993895
CUS-006758,1,1,0.9993895
CUS-006759,1,1,0.9993895
CUS-006760,0,0,0.00061042677
CUS-006761,0,0,0.00061042677
CUS-006762,1,1,0.9993895
CUS-006763,1,1,0.9993895
CUS-006764,0,0,0.00061042677
CUS-006765,1,1,0.9993895
CUS-006766,0,0,0.00061042677
CUS-006767,1,1,0.9993895
CUS-006768,1,1,0.9993895
CUS-006769,1,1,0.9993895
CUS-006770,1,1,0.9993895
CUS-006771,1,1,0.9993895
CUS-006772,1,1,0.9993895
CUS-006773,1,1,0.9993895
CUS-006774,1,1,0.9993895
CUS-006775,1,1,0.9993895
CUS-006776,1,1,0.9993895
CUS-006777,1,1,0.9993895
CUS-006778,1,1,0.9993895
CUS-006779,1,1,0.9993895
CUS-006780,1,1,0.9993895
CUS-006781,1,1,0.9993895
CUS-006782,1,1,0.9993895
CUS-006783,1,1,0.9993895
CUS-006784,0,0,0.00061042677
CUS-006785,0,0,0.00061042677
CUS-006786,1,1,0.9993895
CUS-006787,1,1,0.9993895
CUS-006788,1,1,0.9993895
CUS-006789,1,1,0.9993895
CUS-006790,1,1,0.9993895
CUS-006791,1,1,0.9993895
CUS-006792,0,0,0.00061042677
CUS-006793,1,1,0.9993895
CUS-006794,1,1,0.9993895
CUS-006795,1,1,0.9993895
CUS-006796,1,1,0.9993895
CUS-006797,1,1,0.9993895
CUS-006798,1,1,0.9993895
CUS-006799,1,1,0.9993895
CUS-006800,0,0,0.00061042677
CUS-006801,1,1,0.9993895
CUS-006802,1,1,0.9993895
CUS-006803,1,1,0.9993895
CUS-006804,1,1,0.9993895
CUS-006805,1,1,0.9993895
CUS-006806,1,1,0.9993895
CUS-006807,1,1,0.9993895
CUS-006808,1,1,0.9993895
CUS-006809,1,1,0.9993895
CUS-006810,1,1,0.9993895
CUS-006811,1,1,0.9993895
CUS-006812,1,1,0.9993895
CUS-006813,1,1,0.9993895
CUS-006814,1,1,0.9993895
CUS-006815,1,1,0.9993895
CUS-006816,0,0,0.00061042677
CUS-006817,1,1,0.9993895
CUS-006818,0,0,0.00061042677
CUS-006819,1,1,0.9993895
CUS-006820,1,1,0.9993895
CUS-006821,1,1,0.9993895
CUS-006822,0,0,0.00061042677
CUS-006823,1,1,0.9993895
CUS-006824,0,0,0.00061042677
CUS-006825,1,1,0.9993895
CUS-006826,1,1,0.9993895
CUS-006827,0,0,0.00061042677
CUS-006828,1,1,0.9993895
CUS-006829,0,0,0.00061042677
CUS-006830,1,1,0.9993895
CUS-006831,1,1,0.9993895
CUS-006832,1,1,0.9993895
CUS-006833,0,0,0.00061042677
CUS-006834,1,1,0.9993895
CUS-006835,1,1,0.9993895
CUS-006836,0,0,0.00061042677
CUS-006837,1,1,0.9993895
CUS-006838,1,1,0.9993895
CUS-006839,1,1,0.9993895
CUS-006840,1,1,0.9993895
CUS-006841,1,1,0.9993895
CUS-006842,1,1,0.9993895
CUS-006843,1,1,0.9993895
CUS-006844,0,0,0.00061042677
CUS-006845,0,0,0.00061042677
CUS-006846,0,0,0.00061042677
CUS-006847,1,1,0.9993895
CUS-006848,1,1,0.9993895
CUS-006849,0,0,0.00061042677
CUS-006850,1,1,0.9993895
CUS-006851,1,1,0.9993895
CUS-006852,1,1,0.9993895
CUS-006853,1,1,0.9993895
CUS-006854,1,1,0.9993895
CUS-006855,0,0,0.00061042677
CUS-006856,1,1,0.9993895
CUS-006857,0,0,0.00061042677
CUS-006858,1,1,0.9993895
CUS-006859,0,0,0.00061042677
CUS-006860,0,0,0.00061042677
CUS-006861,0,0,0.00061042677
CUS-006862,1,1,0.9993895
CUS-006863,0,0,0.00061042677
CUS-006864,1,1,0.9993895
CUS-006865,1,1,0.9993895
CUS-006866,1,1,0.9993895
CUS-006867,1,1,0.9993895
CUS-006868,1,1,0.9993895
CUS-006869,1,1,0.9993895
CUS-006870,1,1,0.9993895
CUS-006871,1,1,0.9993895
CUS-006872,1,1,0.9993895
CUS-006873,1,1,0.9993895
CUS-006874,1,1,0.9993895
CUS-006875,0,0,0.00061042677
CUS-006876,1,1,0.9993895
CUS-006877,0,0,0.00061042677
CUS-006878,1,1,0.9993895
CUS-006879,1,1,0.9993895
CUS-006880,0,0,0.00061042677
CUS-006881,1,1,0.9993895
CUS-006882,1,1,0.9993895
CUS-006883,1,1,0.9993895
CUS-006884,1,1,0.9993895
CUS-006885,1,1,0.9993895
CUS-006886,1,1,0.9993895
CUS-006887,1,1,0.9993895
CUS-006888,0,0,0.00061042677
CUS-006889,1,1,0.9993895
CUS-006890,1,1,0.9993895
CUS-006891,1,1,0.9993895
CUS-006892,1,1,0.9993895
CUS-006893,1,1,0.9993895
CUS-006894,1,1,0.9993895
CUS-006895,0,0,0.00061042677
CUS-006896,1,1,0.9993895
CUS-006897,1,1,0.9993895
CUS-006898,0,0,0.00061042677
CUS-006899,1,1,0.9993895
CUS-006900,1,1,0.9993895
CUS-006901,1,1,0.9993895
CUS-006902,1,1,0.9993895
CUS-006903,1,1,0.9993895
CUS-006904,1,1,0.9993895
CUS-006905,1,1,0.9993895
CUS-006906,1,1,0.9993895
CUS-006907,1,1,0.9993895
CUS-006908,1,1,0.9993895
CUS-006909,1,1,0.9993895
CUS-006910,1,1,0.9993895
CUS-006911,1,1,0.9993895
CUS-006912,1,1,0.9993895
CUS-006913,1,1,0.9993895
CUS-006914,1,1,0.9993895
CUS-006915,1,1,0.9993895
CUS-006916,1,1,0.9993895
CUS-006917,1,1,0.9993895
CUS-006918,1,1,0.9993895
CUS-006919,1,1,0.9993895
CUS-006920,1,1,0.9993895
CUS-006921,1,1,0.9993895
CUS-006922,1,1,0.9993895
CUS-006923,1,1,0.9993895
CUS-006924,1,1,0.9993895
CUS-006925,1,1,0.9993895
CUS-006926,0,0,0.00061042677
CUS-006927,0,0,0.00061042677
CUS-006928,1,1,0.9993895
CUS-006929,1,1,0.9993895
CUS-006930,1,1,0.9993895
CUS-006931,1,1,0.9993895
CUS-006932,1,1,0.9993895
CUS-006933,1,1,0.9993895
CUS-006934,1,1,0.9993895
CUS-006935,1,1,0.9993895
CUS-006936,1,1,0.9993895
CUS-006937,0,0,0.00061042677
CUS-006938,1,1,0.9993895
CUS-006939,0,0,0.00061042677
CUS-006940,0,0,0.00061042677
CUS-006941,1,1,0.9993895
CUS-006942,1,1,0.9993895
CUS-006943,1,1,0.9993895
CUS-006944,1,1,0.9993895
CUS-006945,1,1,0.9993895
CUS-006946,1,1,0.9993895
CUS-006947,1,1,0.9993895
CUS-006948,1,1,0.9993895
CUS-006949,1,1,0.9993895
CUS-006950,1,1,0.9993895
CUS-006951,1,1,0.9993895
CUS-006952,1,1,0.9993895
CUS-006953,1,1,0.9993895
CUS-006954,1,1,0.9993895
CUS-006955,1,1,0.9993895
CUS-006956,1,1,0.9993895
CUS-006957,1,1,0.9993895
CUS-006958,1,1,0.9993895
CUS-006959,1,1,0.9993895
CUS-006960,1,1,0.9993895
CUS-006961,1,1,0.9993895
CUS-006962,0,0,0.00061042677
CUS-006963,1,1,0.9993895
CUS-006964,1,1,0.9993895
CUS-006965,0,0,0.00061042677
CUS-006966,1,1,0.9993895
CUS-006967,1,1,0.9993895
CUS-006968,0,0,0.00061042677
CUS-006969,1,1,0.9993895
CUS-006970,1,1,0.9993895
CUS-006971,1,1,0.9993895
CUS-006972,1,1,0.9993895
CUS-006973,1,1,0.9993895
CUS-006974,1,1,0.9993895
CUS-006975,1,1,0.9993895
CUS-006976,1,1,0.9993895
CUS-006977,1,1,0.9993895
CUS-006978,0,0,0.00061042677
CUS-006979,1,1,0.9993895
CUS-006980,0,0,0.00061042677
CUS-006981,1,1,0.9993895
CUS-006982,1,1,0.9993895
CUS-006983,0,0,0.00061042677
CUS-006984,1,1,0.9993895
CUS-006985,1,1,0.9993895
CUS-006986,1,1,0.9993895
CUS-006987,1,1,0.9993895
CUS-006988,0,0,0.00061042677
CUS-006989,0,0,0.00061042677
CUS-006990,1,1,0.9993895
CUS-006991,0,0,0.00061042677
CUS-006992,1,1,0.9993895
CUS-006993,1,1,0.9993895
CUS-006994,1,1,0.9993895
CUS-006995,1,1,0.9993895
CUS-006996,1,1,0.9993895
CUS-006997,1,1,0.9993895
CUS-006998,1,1,0.9993895
CUS-006999,1,1,0.9993895
CUS-007000,1,1,0.9993895
CUS-007001,1,1,0.9993895
CUS-007002,1,1,0.9993895
CUS-007003,1,1,0.9993895
CUS-007004,1,1,0.9993895
CUS-007005,1,1,0.9993895
CUS-007006,1,1,0.9993895
CUS-007007,1,1,0.9993895
CUS-007008,1,1,0.9993895
CUS-007009,0,0,0.00061042677
CUS-007010,1,1,0.9993895
CUS-007011,0,0,0.00061042677
CUS-007012,0,0,0.00061042677
CUS-007013,1,1,0.9993895
CUS-007014,1,1,0.9993895
CUS-007015,0,0,0.00061042677
CUS-007016,1,1,0.9993895
CUS-007017,1,1,0.9993895
CUS-007018,0,0,0.00061042677
CUS-007019,0,0,0.00061042677
CUS-007020,1,1,0.9993895
CUS-007021,1,1,0.9993895
CUS-007022,1,1,0.9993895
CUS-007023,1,1,0.9993895
CUS-007024,1,1,0.9993895
CUS-007025,1,1,0.9993895
CUS-007026,1,1,0.9993895
CUS-007027,1,1,0.9993895
CUS-007028,0,0,0.00061042677
CUS-007029,1,1,0.9993895
CUS-007030,1,1,0.9993895
CUS-007031,0,0,0.00061042677
CUS-007032,0,0,0.00061042677
CUS-007033,0,0,0.00061042677
CUS-007034,0,0,0.00061042677
CUS-007035,0,0,0.00061042677
CUS-007036,1,1,0.9993895
CUS-007037,0,0,0.00061042677
CUS-007038,1,1,0.9993895
CUS-007039,1,1,0.9993895
CUS-007040,1,1,0.9993895
CUS-007041,0,0,0.00061042677
CUS-007042,0,0,0.00061042677
CUS-007043,0,0,0.00061042677
CUS-007044,1,1,0.9993895
CUS-007045,1,1,0.9993895
CUS-007046,1,1,0.9993895
CUS-007047,1,1,0.9993895
CUS-007048,1,1,0.9993895
CUS-007049,1,1,0.9993895
CUS-007050,1,1,0.9993895
CUS-007051,1,1,0.9993895
CUS-007052,0,0,0.00061042677
CUS-007053,1,1,0.9993895
CUS-007054,1,1,0.9993895
CUS-007055,0,0,0.00061042677
CUS-007056,1,1,0.9993895
CUS-007057,1,1,0.9993895
CUS-007058,0,0,0.00061042677
CUS-007059,1,1,0.9993895
CUS-007060,1,1,0.9993895
CUS-007061,0,0,0.00061042677
CUS-007062,1,1,0.9993895
CUS-007063,0,0,0.00061042677
CUS-007064,0,0,0.00061042677
CUS-007065,1,1,0.9993895
CUS-007066,1,1,0.9993895
CUS-007067,1,1,0.9993895
CUS-007068,1,1,0.9993895
CUS-007069,1,1,0.9993895
CUS-007070,1,1,0.9993895
CUS-007071,1,1,0.9993895
CUS-007072,1,1,0.9993895
CUS-007073,1,1,0.9993895
CUS-007074,1,1,0.9993895
CUS-007075,1,1,0.9993895
CUS-007076,1,1,0.9993895
CUS-007077,1,1,0.9993895
CUS-007078,1,1,0.9993895
CUS-007079,0,0,0.00061042677
CUS-007080,1,1,0.9993895
CUS-007081,1,1,0.9993895
CUS-007082,1,1,0.9993895
CUS-007083,1,1,0.9993895
CUS-007084,0,0,0.00061042677
CUS-007085,1,1,0.9993895
CUS-007086,1,1,0.9993895
CUS-007087,1,1,0.9993895
CUS-007088,1,1,0.9993895
CUS-007089,0,0,0.00061042677
CUS-007090,1,1,0.9993895
CUS-007091,1,1,0.9993895
CUS-007092,1,1,0.9993895
CUS-007093,1,1,0.9993895
CUS-007094,1,1,0.9993895
CUS-007095,1,1,0.9993895
CUS-007096,0,0,0.00061042677
CUS-007097,1,1,0.9993895
CUS-007098,1,1,0.9993895
CUS-007099,0,0,0.00061042677
CUS-007100,0,0,0.00061042677
CUS-007101,1,1,0.9993895
CUS-007102,0,0,0.00061042677
CUS-007103,1,1,0.9993895
CUS-007104,0,0,0.00061042677
CUS-007105,0,0,0.00061042677
CUS-007106,0,0,0.00061042677
CUS-007107,1,1,0.9993895
CUS-007108,1,1,0.9993895
CUS-007109,1,1,0.9993895
CUS-007110,1,1,0.9993895
CUS-007111,1,1,0.9993895
CUS-007112,1,1,0.9993895
CUS-007113,0,0,0.00061042677
CUS-007114,1,1,0.9993895
CUS-007115,1,1,0.9993895
CUS-007116,1,1,0.9993895
CUS-007117,0,0,0.00061042677
CUS-007118,1,1,0.9993895
CUS-007119,0,0,0.00061042677
CUS-007120,1,1,0.9993895
CUS-007121,1,1,0.9993895
CUS-007122,0,0,0.00061042677
CUS-007123,1,1,0.9993895
CUS-007124,1,1,0.9993895
CUS-007125,1,1,0.9993895
CUS-007126,1,1,0.9993895
CUS-007127,1,1,0.9993895
CUS-007128,1,1,0.9993895
CUS-007129,1,1,0.9993895
CUS-007130,1,1,0.9993895
CUS-007131,1,1,0.9993895
CUS-007132,1,1,0.9993895
CUS-007133,0,0,0.00061042677
CUS-007134,1,1,0.9993895
CUS-007135,1,1,0.9993895
CUS-007136,1,1,0.9993895
CUS-007137,0,0,0.00061042677
CUS-007138,1,1,0.9993895
CUS-007139,1,1,0.9993895
CUS-007140,0,0,0.00061042677
CUS-007141,1,1,0.9993895
CUS-007142,1,1,0.9993895
CUS-007143,1,1,0.9993895
CUS-007144,0,0,0.00061042677
CUS-007145,1,1,0.9993895
CUS-007146,1,1,0.9993895
CUS-007147,1,1,0.9993895
CUS-007148,1,1,0.9993895
CUS-007149,1,1,0.9993895
CUS-007150,1,1,0.9993895
CUS-007151,1,1,0.9993895
CUS-007152,1,1,0.9993895
CUS-007153,1,1,0.9993895
CUS-007154,1,1,0.9993895
CUS-007155,1,1,0.9993895
CUS-007156,1,1,0.9993895
CUS-007157,1,1,0.9993895
CUS-007158,1,1,0.9993895
CUS-007159,0,0,0.00061042677
CUS-007160,0,0,0.00061042677
CUS-007161,1,1,0.9993895
CUS-007162,1,1,0.9993895
CUS-007163,1,1,0.9993895
CUS-007164,1,1,0.9993895
CUS-007165,1,1,0.9993895
CUS-007166,1,1,0.9993895
CUS-007167,1,1,0.9993895
CUS-007168,1,1,0.9993895
CUS-007169,1,1,0.9993895
CUS-007170,1,1,0.9993895
CUS-007171,1,1,0.9993895
CUS-007172,0,0,0.00061042677
CUS-007173,1,1,0.9993895
CUS-007174,1,1,0.9993895
CUS-007175,1,1,0.9993895
CUS-007176,0,0,0.00061042677
CUS-007177,0,0,0.00061042677
CUS-007178,1,1,0.9993895
CUS-007179,1,1,0.9993895
CUS-007180,1,1,0.9993895
CUS-007181,0,0,0.00061042677
CUS-007182,1,1,0.9993895
CUS-007183,1,1,0.9993895
CUS-007184,0,0,0.00061042677
CUS-007185,1,1,0.9993895
CUS-007186,1,1,0.9993895
CUS-007187,0,0,0.00061042677
CUS-007188,1,1,0.9993895
CUS-007189,0,0,0.00061042677
CUS-007190,1,1,0.9993895
CUS-007191,1,1,0.9993895
CUS-007192,0,0,0.00061042677
CUS-007193,1,1,0.9993895
CUS-007194,1,1,0.9993895
CUS-007195,1,1,0.9993895
CUS-007196,1,1,0.9993895
CUS-007197,1,1,0.9993895
CUS-007198,1,1,0.9993895
CUS-007199,1,1,0.9993895
CUS-007200,1,1,0.9993895
CUS-007201,0,0,0.00061042677
CUS-007202,1,1,0.9993895
CUS-007203,1,1,0.9993895
CUS-007204,1,1,0.9993895
CUS-007205,1,1,0.9993895
CUS-007206,1,1,0.9993895
CUS-007207,1,1,0.9993895
CUS-007208,0,0,0.00061042677
CUS-007209,0,0,0.00061042677
CUS-007210,1,1,0.9993895
CUS-007211,1,1,0.9993895
CUS-007212,1,1,0.9993895
CUS-007213,0,0,0.00061042677
CUS-007214,1,1,0.9993895
CUS-007215,1,1,0.9993895
CUS-007216,0,0,0.00061042677
CUS-007217,1,1,0.9993895
CUS-007218,1,1,0.9993895
CUS-007219,0,0,0.00061042677
CUS-007220,0,0,0.00061042677
CUS-007221,1,1,0.9993895
CUS-007222,0,0,0.00061042677
CUS-007223,1,1,0.9993895
CUS-007224,0,0,0.00061042677
CUS-007225,1,1,0.9993895
CUS-007226,0,0,0.00061042677
CUS-007227,1,1,0.9993895
CUS-007228,1,1,0.9993895
CUS-007229,0,0,0.00061042677
CUS-007230,1,1,0.9993895
CUS-007231,1,1,0.9993895
CUS-007232,1,1,0.9993895
CUS-007233,0,0,0.00061042677
CUS-007234,1,1,0.9993895
CUS-007235,1,1,0.9993895
CUS-007236,1,1,0.9993895
CUS-007237,1,1,0.9993895
CUS-007238,1,1,0.9993895
CUS-007239,0,0,0.00061042677
CUS-007240,1,1,0.9993895
CUS-007241,1,1,0.9993895
CUS-007242,1,1,0.9993895
CUS-007243,1,1,0.9993895
CUS-007244,1,1,0.9993895
CUS-007245,0,0,0.00061042677
CUS-007246,1,1,0.9993895
CUS-007247,1,1,0.9993895
CUS-007248,0,0,0.00061042677
CUS-007249,1,1,0.9993895
CUS-007250,0,0,0.00061042677
CUS-007251,1,1,0.9993895
CUS-007252,1,1,0.9993895
CUS-007253,1,1,0.9993895
CUS-007254,1,1,0.9993895
CUS-007255,1,1,0.9993895
CUS-007256,0,0,0.00061042677
CUS-007257,1,1,0.9993895
CUS-007258,1,1,0.9993895
CUS-007259,1,1,0.9993895
CUS-007260,0,0,0.00061042677
CUS-007261,1,1,0.9993895
CUS-007262,1,1,0.9993895
CUS-007263,1,1,0.9993895
CUS-007264,0,0,0.00061042677
CUS-007265,1,1,0.9993895
CUS-007266,1,1,0.9993895
CUS-007267,1,1,0.9993895
CUS-007268,1,1,0.9993895
CUS-007269,1,1,0.9993895
CUS-007270,1,1,0.9993895
CUS-007271,1,1,0.9993895
CUS-007272,1,1,0.9993895
CUS-007273,0,0,0.00061042677
CUS-007274,1,1,0.9993895
CUS-007275,1,1,0.9993895
CUS-007276,1,1,0.9993895
CUS-007277,1,1,0.9993895
CUS-007278,1,1,0.9993895
CUS-007279,1,1,0.9993895
CUS-007280,1,1,0.9993895
CUS-007281,1,1,0.9993895
CUS-007282,0,0,0.00061042677
CUS-007283,0,0,0.00061042677
CUS-007284,1,1,0.9993895
CUS-007285,1,1,0.9993895
CUS-007286,1,1,0.9993895
CUS-007287,1,1,0.9993895
CUS-007288,0,0,0.00061042677
CUS-007289,0,0,0.00061042677
CUS-007290,1,1,0.9993895
CUS-007291,1,1,0.9993895
CUS-007292,1,1,0.9993895
CUS-007293,1,1,0.9993895
CUS-007294,1,1,0.9993895
CUS-007295,1,1,0.9993895
CUS-007296,1,1,0.9993895
CUS-007297,1,1,0.9993895
CUS-007298,0,0,0.00061042677
CUS-007299,1,1,0.9993895
CUS-007300,1,1,0.9993895
CUS-007301,1,1,0.9993895
CUS-007302,1,1,0.9993895
CUS-007303,1,1,0.9993895
CUS-007304,1,1,0.9993895
CUS-007305,1,1,0.9993895
CUS-007306,1,1,0.9993895
CUS-007307,0,0,0.00061042677
CUS-007308,1,1,0.9993895
CUS-007309,1,1,0.9993895
CUS-007310,1,1,0.9993895
CUS-007311,0,0,0.00061042677
CUS-007312,0,0,0.00061042677
CUS-007313,1,1,0.9993895
CUS-007314,1,1,0.9993895
CUS-007315,1,1,0.9993895
CUS-007316,1,1,0.9993895
CUS-007317,1,1,0.9993895
CUS-007318,1,1,0.9993895
CUS-007319,0,0,0.00061042677
CUS-007320,1,1,0.9993895
CUS-007321,0,0,0.00061042677
CUS-007322,1,1,0.9993895
CUS-007323,1,1,0.9993895
CUS-007324,1,1,0.9993895
CUS-007325,1,1,0.9993895
CUS-007326,1,1,0.9993895
CUS-007327,1,1,0.9993895
CUS-007328,1,1,0.9993895
CUS-007329,0,0,0.00061042677
CUS-007330,1,1,0.9993895
CUS-007331,0,0,0.00061042677
CUS-007332,1,1,0.9993895
CUS-007333,1,1,0.9993895
CUS-007334,1,1,0.9993895
CUS-007335,1,1,0.9993895
CUS-007336,1,1,0.9993895
CUS-007337,1,1,0.9993895
CUS-007338,1,1,0.9993895
CUS-007339,1,1,0.9993895
CUS-007340,1,1,0.9993895
CUS-007341,1,1,0.9993895
CUS-007342,1,1,0.9993895
CUS-007343,1,1,0.9993895
CUS-007344,0,0,0.00061042677
CUS-007345,1,1,0.9993895
CUS-007346,1,1,0.9993895
CUS-007347,1,1,0.9993895
CUS-007348,0,0,0.00061042677
CUS-007349,1,1,0.9993895
CUS-007350,0,0,0.00061042677
CUS-007351,0,0,0.00061042677
CUS-007352,0,0,0.00061042677
CUS-007353,1,1,0.9993895
CUS-007354,1,1,0.9993895
CUS-007355,1,1,0.9993895
CUS-007356,1,1,0.9993895
CUS-007357,1,1,0.9993895
CUS-007358,0,0,0.00061042677
CUS-007359,0,0,0.00061042677
CUS-007360,1,1,0.9993895
CUS-007361,1,1,0.9993895
CUS-007362,1,1,0.9993895
CUS-007363,1,1,0.9993895
CUS-007364,1,1,0.9993895
CUS-007365,0,0,0.00061042677
CUS-007366,1,1,0.9993895
CUS-007367,1,1,0.9993895
CUS-007368,1,1,0.9993895
CUS-007369,1,1,0.9993895
CUS-007370,1,1,0.9993895
CUS-007371,1,1,0.9993895
CUS-007372,1,1,0.9993895
CUS-007373,0,0,0.00061042677
CUS-007374,1,1,0.9993895
CUS-007375,0,0,0.00061042677
CUS-007376,1,1,0.9993895
CUS-007377,1,1,0.9993895
CUS-007378,1,1,0.9993895
CUS-007379,0,0,0.00061042677
CUS-007380,1,1,0.9993895
CUS-007381,1,1,0.9993895
CUS-007382,1,1,0.9993895
CUS-007383,1,1,0.9993895
CUS-007384,1,1,0.9993895
CUS-007385,1,1,0.9993895
CUS-007386,1,1,0.9993895
CUS-007387,1,1,0.9993895
CUS-007388,0,0,0.00061042677
CUS-007389,1,1,0.9993895
CUS-007390,0,0,0.00061042677
CUS-007391,0,0,0.00061042677
CUS-007392,0,0,0.00061042677
CUS-007393,0,0,0.00061042677
CUS-007394,1,1,0.9993895
CUS-007395,1,1,0.9993895
CUS-007396,1,1,0.9993895
CUS-007397,1,1,0.9993895
CUS-007398,1,1,0.9993895
CUS-007399,1,1,0.9993895
CUS-007400,1,1,0.9993895
CUS-007401,1,1,0.9993895
CUS-007402,0,0,0.00061042677
CUS-007403,1,1,0.9993895
CUS-007404,1,1,0.9993895
CUS-007405,1,1,0.9993895
CUS-007406,1,1,0.9993895
CUS-007407,1,1,0.9993895
CUS-007408,1,1,0.9993895
CUS-007409,1,1,0.9993895
CUS-007410,0,0,0.00061042677
CUS-007411,1,1,0.9993895
CUS-007412,1,1,0.9993895
CUS-007413,0,0,0.00061042677
CUS-007414,1,1,0.9993895
CUS-007415,1,1,0.9993895
CUS-007416,1,1,0.9993895
CUS-007417,0,0,0.00061042677
CUS-007418,1,1,0.9993895
CUS-007419,0,0,0.00061042677
CUS-007420,1,1,0.9993895
CUS-007421,1,1,0.9993895
CUS-007422,1,1,0.9993895
CUS-007423,1,1,0.9993895
CUS-007424,1,1,0.9993895
CUS-007425,1,1,0.9993895
CUS-007426,1,1,0.9993895
CUS-007427,1,1,0.9993895
CUS-007428,1,1,0.9993895
CUS-007429,1,1,0.9993895
CUS-007430,0,0,0.00061042677
CUS-007431,1,1,0.9993895
CUS-007432,1,1,0.9993895
CUS-007433,1,1,0.9993895
CUS-007434,0,0,0.00061042677
CUS-007435,0,0,0.00061042677
CUS-007436,1,1,0.9993895
CUS-007437,1,1,0.9993895
CUS-007438,1,1,0.9993895
CUS-007439,0,0,0.00061042677
CUS-007440,1,1,0.9993895
CUS-007441,1,1,0.9993895
CUS-007442,1,1,0.9993895
CUS-007443,1,1,0.9993895
CUS-007444,0,0,0.00061042677
CUS-007445,1,1,0.9993895
CUS-007446,1,1,0.9993895
CUS-007447,1,1,0.9993895
CUS-007448,1,1,0.9993895
CUS-007449,1,1,0.9993895
CUS-007450,1,1,0.9993895
CUS-007451,1,1,0.9993895
CUS-007452,1,1,0.9993895
CUS-007453,1,1,0.9993895
CUS-007454,1,1,0.9993895
CUS-007455,1,1,0.9993895
CUS-007456,1,1,0.9993895
CUS-007457,1,1,0.9993895
CUS-007458,1,1,0.9993895
CUS-007459,0,0,0.00061042677
CUS-007460,1,1,0.9993895
CUS-007461,1,1,0.9993895
CUS-007462,1,1,0.9993895
CUS-007463,0,0,0.00061042677
CUS-007464,1,1,0.9993895
CUS-007465,1,1,0.9993895
CUS-007466,1,1,0.9993895
CUS-007467,0,0,0.00061042677
CUS-007468,0,0,0.00061042677
CUS-007469,1,1,0.9993895
CUS-007470,1,1,0.9993895
CUS-007471,1,1,0.9993895
CUS-007472,1,1,0.9993895
CUS-007473,1,1,0.9993895
CUS-007474,1,1,0.9993895
CUS-007475,0,0,0.00061042677
CUS-007476,1,1,0.9993895
CUS-007477,1,1,0.9993895
CUS-007478,0,0,0.00061042677
CUS-007479,1,1,0.9993895
CUS-007480,1,1,0.9993895
CUS-007481,1,1,0.9993895
CUS-007482,1,1,0.9993895
CUS-007483,1,1,0.9993895
CUS-007484,1,1,0.9993895
CUS-007485,1,1,0.9993895
CUS-007486,1,1,0.9993895
CUS-007487,1,1,0.9993895
CUS-007488,0,0,0.00061042677
CUS-007489,0,0,0.00061042677
CUS-007490,0,0,0.00061042677
CUS-007491,1,1,0.9993895
CUS-007492,1,1,0.9993895
CUS-007493,0,0,0.00061042677
CUS-007494,1,1,0.9993895
CUS-007495,1,1,0.9993895
CUS-007496,1,1,0.9993895
CUS-007497,1,1,0.9993895
CUS-007498,1,1,0.9993895
CUS-007499,1,1,0.9993895
CUS-007500,0,0,0.00061042677
CUS-007501,1,1,0.9993895
CUS-007502,1,1,0.9993895
CUS-007503,0,0,0.00061042677
CUS-007504,1,1,0.9993895
CUS-007505,1,1,0.9993895
CUS-007506,1,1,0.9993895
CUS-007507,1,1,0.9993895
CUS-007508,1,1,0.9993895
CUS-007509,1,1,0.9993895
CUS-007510,1,1,0.9993895
CUS-007511,0,0,0.00061042677
CUS-007512,1,1,0.9993895
CUS-007513,0,0,0.00061042677
CUS-007514,1,1,0.9993895
CUS-007515,1,1,0.9993895
CUS-007516,1,1,0.9993895
CUS-007517,1,1,0.9993895
CUS-007518,1,1,0.9993895
CUS-007519,0,0,0.00061042677
CUS-007520,0,0,0.00061042677
CUS-007521,0,0,0.00061042677
CUS-007522,1,1,0.9993895
CUS-007523,1,1,0.9993895
CUS-007524,0,0,0.00061042677
CUS-007525,0,0,0.00061042677
CUS-007526,1,1,0.9993895
CUS-007527,1,1,0.9993895
CUS-007528,1,1,0.9993895
CUS-007529,1,1,0.9993895
CUS-007530,0,0,0.00061042677
CUS-007531,0,0,0.00061042677
CUS-007532,1,1,0.9993895
CUS-007533,0,0,0.00061042677
CUS-007534,0,0,0.00061042677
CUS-007535,1,1,0.9993895
CUS-007536,1,1,0.9993895
CUS-007537,1,1,0.9993895
CUS-007538,1,1,0.9993895
CUS-007539,0,0,0.00061042677
CUS-007540,0,0,0.00061042677
CUS-007541,1,1,0.9993895
CUS-007542,1,1,0.9993895
CUS-007543,0,0,0.00061042677
CUS-007544,1,1,0.9993895
CUS-007545,1,1,0.9993895
CUS-007546,1,1,0.9993895
CUS-007547,1,1,0.9993895
CUS-007548,0,0,0.00061042677
CUS-007549,0,0,0.00061042677
CUS-007550,0,0,0.00061042677
CUS-007551,1,1,0.9993895
CUS-007552,1,1,0.9993895
CUS-007553,1,1,0.9993895
CUS-007554,0,0,0.00061042677
CUS-007555,0,0,0.00061042677
CUS-007556,1,1,0.9993895
CUS-007557,1,1,0.9993895
CUS-007558,1,1,0.9993895
CUS-007559,1,1,0.9993895
CUS-007560,1,1,0.9993895
CUS-007561,1,1,0.9993895
CUS-007562,1,1,0.9993895
CUS-007563,0,0,0.00061042677
CUS-007564,1,1,0.9993895
CUS-007565,1,1,0.9993895
CUS-007566,1,1,0.9993895
CUS-007567,0,0,0.00061042677
CUS-007568,1,1,0.9993895
CUS-007569,1,1,0.9993895
CUS-007570,1,1,0.9993895
CUS-007571,1,1,0.9993895
CUS-007572,0,0,0.00061042677
CUS-007573,1,1,0.9993895
CUS-007574,1,1,0.9993895
CUS-007575,0,0,0.00061042677
CUS-007576,0,0,0.00061042677
CUS-007577,1,1,0.9993895
CUS-007578,1,1,0.9993895
CUS-007579,0,0,0.00061042677
CUS-007580,1,1,0.9993895
CUS-007581,0,0,0.00061042677
CUS-007582,1,1,0.9993895
CUS-007583,0,0,0.00061042677
CUS-007584,1,1,0.9993895
CUS-007585,0,0,0.00061042677
CUS-007586,1,1,0.9993895
CUS-007587,0,0,0.00061042677
CUS-007588,1,1,0.9993895
CUS-007589,0,0,0.00061042677
CUS-007590,1,1,0.9993895
CUS-007591,1,1,0.9993895
CUS-007592,0,0,0.00061042677
CUS-007593,1,1,0.9993895
CUS-007594,1,1,0.9993895
CUS-007595,1,1,0.9993895
CUS-007596,1,1,0.9993895
CUS-007597,1,1,0.9993895
CUS-007598,1,1,0.9993895
CUS-007599,1,1,0.9993895
CUS-007600,1,1,0.9993895
CUS-007601,1,1,0.9993895
CUS-007602,1,1,0.9993895
CUS-007603,1,1,0.9993895
CUS-007604,1,1,0.9993895
CUS-007605,1,1,0.9993895
CUS-007606,1,1,0.9993895
CUS-007607,1,1,0.9993895
CUS-007608,1,1,0.9993895
CUS-007609,1,1,0.9993895
CUS-007610,1,1,0.9993895
CUS-007611,1,1,0.9993895
CUS-007612,1,1,0.9993895
CUS-007613,1,1,0.9993895
CUS-007614,1,1,0.9993895
CUS-007615,1,1,0.9993895
CUS-007616,1,1,0.9993895
CUS-007617,1,1,0.9993895
CUS-007618,1,1,0.9993895
CUS-007619,1,1,0.9993895
CUS-007620,1,1,0.9993895
CUS-007621,1,1,0.9993895
CUS-007622,1,1,0.9993895
CUS-007623,0,0,0.00061042677
CUS-007624,1,1,0.9993895
CUS-007625,0,0,0.00061042677
CUS-007626,0,0,0.00061042677
CUS-007627,1,1,0.9993895
CUS-007628,1,1,0.9993895
CUS-007629,0,0,0.00061042677
CUS-007630,1,1,0.9993895
CUS-007631,1,1,0.9993895
CUS-007632,1,1,0.9993895
CUS-007633,1,1,0.9993895
CUS-007634,1,1,0.9993895
CUS-007635,0,0,0.00061042677
CUS-007636,0,0,0.00061042677
CUS-007637,1,1,0.9993895
CUS-007638,1,1,0.9993895
CUS-007639,1,1,0.9993895
CUS-007640,1,1,0.9993895
CUS-007641,0,0,0.00061042677
CUS-007642,1,1,0.9993895
CUS-007643,1,1,0.9993895
CUS-007644,1,1,0.9993895
CUS-007645,1,1,0.9993895
CUS-007646,1,1,0.9993895
CUS-007647,0,0,0.00061042677
CUS-007648,1,1,0.9993895
CUS-007649,1,1,0.9993895
CUS-007650,1,1,0.9993895
CUS-007651,1,1,0.9993895
CUS-007652,0,0,0.00061042677
CUS-007653,1,1,0.9993895
CUS-007654,0,0,0.00061042677
CUS-007655,0,0,0.00061042677
CUS-007656,1,1,0.9993895
CUS-007657,1,1,0.9993895
CUS-007658,1,1,0.9993895
CUS-007659,0,0,0.00061042677
CUS-007660,1,1,0.9993895
CUS-007661,1,1,0.9993895
CUS-007662,1,1,0.9993895
CUS-007663,1,1,0.9993895
CUS-007664,1,1,0.9993895
CUS-007665,0,0,0.00061042677
CUS-007666,1,1,0.9993895
CUS-007667,1,1,0.9993895
CUS-007668,1,1,0.9993895
CUS-007669,1,1,0.9993895
CUS-007670,1,1,0.9993895
CUS-007671,1,1,0.9993895
CUS-007672,1,1,0.9993895
CUS-007673,1,1,0.9993895
CUS-007674,1,1,0.9993895
CUS-007675,1,1,0.9993895
CUS-007676,0,0,0.00061042677
CUS-007677,0,0,0.00061042677
CUS-007678,1,1,0.9993895
CUS-007679,1,1,0.9993895
CUS-007680,0,0,0.00061042677
CUS-007681,1,1,0.9993895
CUS-007682,1,1,0.9993895
CUS-007683,1,1,0.9993895
CUS-007684,1,1,0.9993895
CUS-007685,0,0,0.00061042677
CUS-007686,1,1,0.9993895
CUS-007687,0,0,0.00061042677
CUS-007688,1,1,0.9993895
CUS-007689,1,1,0.9993895
CUS-007690,1,1,0.9993895
CUS-007691,0,0,0.00061042677
CUS-007692,1,1,0.9993895
CUS-007693,1,1,0.9993895
CUS-007694,0,0,0.00061042677
CUS-007695,0,0,0.00061042677
CUS-007696,1,1,0.9993895
CUS-007697,1,1,0.9993895
CUS-007698,1,1,0.9993895
CUS-007699,1,1,0.9993895
CUS-007700,1,1,0.9993895
CUS-007701,0,0,0.00061042677
CUS-007702,0,0,0.00061042677
CUS-007703,1,1,0.9993895
CUS-007704,1,1,0.9993895
CUS-007705,1,1,0.9993895
CUS-007706,0,0,0.00061042677
CUS-007707,0,0,0.00061042677
CUS-007708,1,1,0.9993895
CUS-007709,1,1,0.9993895
CUS-007710,1,1,0.9993895
CUS-007711,1,1,0.9993895
CUS-007712,1,1,0.9993895
CUS-007713,1,1,0.9993895
CUS-007714,1,1,0.9993895
CUS-007715,0,0,0.00061042677
CUS-007716,0,0,0.00061042677
CUS-007717,1,1,0.9993895
CUS-007718,1,1,0.9993895
CUS-007719,1,1,0.9993895
CUS-007720,1,1,0.9993895
CUS-007721,0,0,0.00061042677
CUS-007722,1,1,0.9993895
CUS-007723,0,0,0.00061042677
CUS-007724,1,1,0.9993895
CUS-007725,1,1,0.9993895
CUS-007726,1,1,0.9993895
CUS-007727,0,0,0.00061042677
CUS-007728,0,0,0.00061042677
CUS-007729,1,1,0.9993895
CUS-007730,0,0,0.00061042677
CUS-007731,1,1,0.9993895
CUS-007732,1,1,0.9993895
CUS-007733,1,1,0.9993895
CUS-007734,0,0,0.00061042677
CUS-007735,1,1,0.9993895
CUS-007736,1,1,0.9993895
CUS-007737,1,1,0.9993895
CUS-007738,0,0,0.00061042677
CUS-007739,1,1,0.9993895
CUS-007740,1,1,0.9993895
CUS-007741,1,1,0.9993895
CUS-007742,1,1,0.9993895
CUS-007743,1,1,0.9993895
CUS-007744,1,1,0.9993895
CUS-007745,1,1,0.9993895
CUS-007746,1,1,0.9993895
CUS-007747,1,1,0.9993895
CUS-007748,1,1,0.9993895
CUS-007749,1,1,0.9993895
CUS-007750,0,0,0.00061042677
CUS-007751,1,1,0.9993895
CUS-007752,1,1,0.9993895
CUS-007753,1,1,0.9993895
CUS-007754,1,1,0.9993895
CUS-007755,1,1,0.9993895
CUS-007756,1,1,0.9993895
CUS-007757,1,1,0.9993895
CUS-007758,0,0,0.00061042677
CUS-007759,1,1,0.9993895
CUS-007760,1,1,0.9993895
CUS-007761,1,1,0.9993895
CUS-007762,1,1,0.9993895
CUS-007763,1,1,0.9993895
CUS-007764,1,1,0.9993895
CUS-007765,1,1,0.9993895
CUS-007766,1,1,0.9993895
CUS-007767,1,1,0.9993895
CUS-007768,1,1,0.9993895
CUS-007769,1,1,0.9993895
CUS-007770,1,1,0.9993895
CUS-007771,0,0,0.00061042677
CUS-007772,1,1,0.9993895
CUS-007773,0,0,0.00061042677
CUS-007774,1,1,0.9993895
CUS-007775,1,1,0.9993895
CUS-007776,1,1,0.9993895
CUS-007777,0,0,0.00061042677
CUS-007778,1,1,0.9993895
CUS-007779,1,1,0.9993895
CUS-007780,1,1,0.9993895
CUS-007781,1,1,0.9993895
CUS-007782,1,1,0.9993895
CUS-007783,1,1,0.9993895
CUS-007784,1,1,0.9993895
CUS-007785,1,1,0.9993895
CUS-007786,1,1,0.9993895
CUS-007787,0,0,0.00061042677
CUS-007788,1,1,0.9993895
CUS-007789,1,1,0.9993895
CUS-007790,1,1,0.9993895
CUS-007791,1,1,0.9993895
CUS-007792,0,0,0.00061042677
CUS-007793,1,1,0.9993895
CUS-007794,1,1,0.9993895
CUS-007795,0,0,0.00061042677
CUS-007796,1,1,0.9993895
CUS-007797,1,1,0.9993895
CUS-007798,1,1,0.9993895
CUS-007799,1,1,0.9993895
CUS-007800,0,0,0.00061042677
CUS-007801,1,1,0.9993895
CUS-007802,1,1,0.9993895
CUS-007803,1,1,0.9993895
CUS-007804,1,1,0.9993895
CUS-007805,0,0,0.00061042677
CUS-007806,1,1,0.9993895
CUS-007807,1,1,0.9993895
CUS-007808,1,1,0.9993895
CUS-007809,1,1,0.9993895
CUS-007810,0,0,0.00061042677
CUS-007811,0,0,0.00061042677
CUS-007812,1,1,0.9993895
CUS-007813,1,1,0.9993895
CUS-007814,1,1,0.9993895
CUS-007815,1,1,0.9993895
CUS-007816,1,1,0.9993895
CUS-007817,1,1,0.9993895
CUS-007818,0,0,0.00061042677
CUS-007819,1,1,0.9993895
CUS-007820,1,1,0.9993895
CUS-007821,1,1,0.9993895
CUS-007822,0,0,0.00061042677
CUS-007823,1,1,0.9993895
CUS-007824,1,1,0.9993895
CUS-007825,1,1,0.9993895
CUS-007826,0,0,0.00061042677
CUS-007827,1,1,0.9993895
CUS-007828,0,0,0.00061042677
CUS-007829,1,1,0.9993895
CUS-007830,0,0,0.00061042677
CUS-007831,1,1,0.9993895
CUS-007832,1,1,0.9993895
CUS-007833,0,0,0.00061042677
CUS-007834,1,1,0.9993895
CUS-007835,1,1,0.9993895
CUS-007836,1,1,0.9993895
CUS-007837,0,0,0.00061042677
CUS-007838,1,1,0.9993895
CUS-007839,1,1,0.9993895
CUS-007840,1,1,0.9993895
CUS-007841,1,1,0.9993895
CUS-007842,1,1,0.9993895
CUS-007843,0,0,0.00061042677
CUS-007844,1,1,0.9993895
CUS-007845,0,0,0.00061042677
CUS-007846,1,1,0.9993895
CUS-007847,1,1,0.9993895
CUS-007848,1,1,0.9993895
CUS-007849,0,0,0.00061042677
CUS-007850,1,1,0.9993895
CUS-007851,1,1,0.9993895
CUS-007852,1,1,0.9993895
CUS-007853,1,1,0.9993895
CUS-007854,1,1,0.9993895
CUS-007855,0,0,0.00061042677
CUS-007856,1,1,0.9993895
CUS-007857,0,0,0.00061042677
CUS-007858,0,0,0.00061042677
CUS-007859,1,1,0.9993895
CUS-007860,1,1,0.9993895
CUS-007861,1,1,0.9993895
CUS-007862,0,0,0.00061042677
CUS-007863,1,1,0.9993895
CUS-007864,0,0,0.00061042677
CUS-007865,1,1,0.9993895
CUS-007866,1,1,0.9993895
CUS-007867,0,0,0.00061042677
CUS-007868,1,1,0.9993895
CUS-007869,1,1,0.9993895
CUS-007870,0,0,0.00061042677
CUS-007871,0,0,0.00061042677
CUS-007872,0,0,0.00061042677
CUS-007873,1,1,0.9993895
CUS-007874,0,0,0.00061042677
CUS-007875,1,1,0.9993895
CUS-007876,0,0,0.00061042677
CUS-007877,1,1,0.9993895
CUS-007878,1,1,0.9993895
CUS-007879,1,1,0.9993895
CUS-007880,1,1,0.9993895
CUS-007881,0,0,0.00061042677
CUS-007882,0,0,0.00061042677
CUS-007883,1,1,0.9993895
CUS-007884,1,1,0.9993895
CUS-007885,0,0,0.00061042677
CUS-007886,0,0,0.00061042677
CUS-007887,1,1,0.9993895
CUS-007888,0,0,0.00061042677
CUS-007889,1,1,0.9993895
CUS-007890,1,1,0.9993895
CUS-007891,1,1,0.9993895
CUS-007892,1,1,0.9993895
CUS-007893,1,1,0.9993895
CUS-007894,0,0,0.00061042677
CUS-007895,1,1,0.9993895
CUS-007896,1,1,0.9993895
CUS-007897,1,1,0.9993895
CUS-007898,1,1,0.9993895
CUS-007899,1,1,0.9993895
CUS-007900,1,1,0.9993895
CUS-007901,1,1,0.9993895
CUS-007902,1,1,0.9993895
CUS-007903,1,1,0.9993895
CUS-007904,1,1,0.9993895
CUS-007905,1,1,0.9993895
CUS-007906,0,0,0.00061042677
CUS-007907,1,1,0.9993895
CUS-007908,1,1,0.9993895
CUS-007909,1,1,0.9993895
CUS-007910,1,1,0.9993895
CUS-007911,1,1,0.9993895
CUS-007912,1,1,0.9993895
CUS-007913,1,1,0.9993895
CUS-007914,1,1,0.9993895
CUS-007915,1,1,0.9993895
CUS-007916,1,1,0.9993895
CUS-007917,1,1,0.9993895
CUS-007918,0,0,0.00061042677
CUS-007919,1,1,0.9993895
CUS-007920,1,1,0.9993895
CUS-007921,1,1,0.9993895
CUS-007922,1,1,0.9993895
CUS-007923,1,1,0.9993895
CUS-007924,1,1,0.9993895
CUS-007925,0,0,0.00061042677
CUS-007926,1,1,0.9993895
CUS-007927,1,1,0.9993895
CUS-007928,1,1,0.9993895
CUS-007929,0,0,0.00061042677
CUS-007930,1,1,0.9993895
CUS-007931,1,1,0.9993895
CUS-007932,1,1,0.9993895
CUS-007933,0,0,0.00061042677
CUS-007934,0,0,0.00061042677
CUS-007935,1,1,0.9993895
CUS-007936,1,1,0.9993895
CUS-007937,1,1,0.9993895
CUS-007938,1,1,0.9993895
CUS-007939,0,0,0.00061042677
CUS-007940,1,1,0.9993895
CUS-007941,0,0,0.00061042677
CUS-007942,1,1,0.9993895
CUS-007943,1,1,0.9993895
CUS-007944,1,1,0.9993895
CUS-007945,1,1,0.9993895
CUS-007946,0,0,0.00061042677
CUS-007947,1,1,0.9993895
CUS-007948,1,1,0.9993895
CUS-007949,1,1,0.9993895
CUS-007950,1,1,0.9993895
CUS-007951,1,1,0.9993895
CUS-007952,1,1,0.9993895
CUS-007953,1,1,0.9993895
CUS-007954,0,0,0.00061042677
CUS-007955,1,1,0.9993895
CUS-007956,1,1,0.9993895
CUS-007957,1,1,0.9993895
CUS-007958,1,1,0.9993895
CUS-007959,0,0,0.00061042677
CUS-007960,1,1,0.9993895
CUS-007961,0,0,0.00061042677
CUS-007962,0,0,0.00061042677
CUS-007963,0,0,0.00061042677
CUS-007964,1,1,0.9993895
CUS-007965,0,0,0.00061042677
CUS-007966,1,1,0.9993895
CUS-007967,1,1,0.9993895
CUS-007968,1,1,0.9993895
CUS-007969,0,0,0.00061042677
CUS-007970,1,1,0.9993895
CUS-007971,1,1,0.9993895
CUS-007972,0,0,0.00061042677
CUS-007973,1,1,0.9993895
CUS-007974,0,0,0.00061042677
CUS-007975,1,1,0.9993895
CUS-007976,1,1,0.9993895
CUS-007977,1,1,0.9993895
CUS-007978,1,1,0.9993895
CUS-007979,1,1,0.9993895
CUS-007980,1,1,0.9993895
CUS-007981,1,1,0.9993895
CUS-007982,1,1,0.9993895
CUS-007983,1,1,0.9993895
CUS-007984,1,1,0.9993895
CUS-007985,1,1,0.9993895
CUS-007986,0,0,0.00061042677
CUS-007987,1,1,0.9993895
CUS-007988,0,0,0.00061042677
CUS-007989,1,1,0.9993895
CUS-007990,1,1,0.9993895
CUS-007991,1,1,0.9993895
CUS-007992,1,1,0.9993895
CUS-007993,0,0,0.00061042677
CUS-007994,1,1,0.9993895
CUS-007995,0,0,0.00061042677
CUS-007996,1,1,0.9993895
CUS-007997,0,0,0.00061042677
CUS-007998,1,1,0.9993895
CUS-007999,0,0,0.00061042677
CUS-008000,1,1,0.9993895
