customer_id,segment,region,risk_score,risk_category,confidence
CUS-000001,Unknown,Unknown,100.0,High,1.0
CUS-000002,Unknown,Unknown,50.0,Medium,1.0
CUS-000003,Unknown,Unknown,50.0,Medium,1.0
CUS-000004,Unknown,Unknown,99.5,High,0.99
CUS-000005,Unknown,Unknown,50.0,Medium,0.98
CUS-000006,Unknown,Unknown,100.0,High,1.0
CUS-000007,Unknown,Unknown,100.0,High,1.0
CUS-000008,Unknown,Unknown,100.0,High,1.0
CUS-000009,Unknown,Unknown,0.0,Low,1.0
CUS-000010,Unknown,Unknown,52.0,Medium,0.96
CUS-000011,Unknown,Unknown,99.5,High,0.99
CUS-000012,Unknown,Unknown,50.0,Medium,1.0
CUS-000013,Unknown,Unknown,100.0,High,1.0
CUS-000014,Unknown,Unknown,100.0,High,1.0
CUS-000015,Unknown,Unknown,100.0,High,1.0
CUS-000016,Unknown,Unknown,0.0,Low,1.0
CUS-000017,Unknown,Unknown,99.5,High,0.99
CUS-000018,Unknown,Unknown,50.0,Medium,1.0
CUS-000019,Unknown,Unknown,100.0,High,1.0
CUS-000020,Unknown,Unknown,50.0,Medium,1.0
CUS-000021,Unknown,Unknown,99.5,High,0.99
CUS-000022,Unknown,Unknown,100.0,High,1.0
CUS-000023,Unknown,Unknown,100.0,High,1.0
CUS-000024,Unknown,Unknown,100.0,High,1.0
CUS-000025,Unknown,Unknown,100.0,High,1.0
CUS-000026,Unknown,Unknown,48.5,Medium,0.97
CUS-000027,Unknown,Unknown,51.0,Medium,0.98
CUS-000028,Unknown,Unknown,99.5,High,0.99
CUS-000029,Unknown,Unknown,0.0,Low,1.0
CUS-000030,Unknown,Unknown,98.5,High,0.97
CUS-000031,Unknown,Unknown,98.0,High,0.96
CUS-000032,Unknown,Unknown,99.5,High,0.99
CUS-000033,Unknown,Unknown,100.0,High,1.0
CUS-000034,Unknown,Unknown,100.0,High,1.0
CUS-000035,Unknown,Unknown,52.5,Medium,0.95
CUS-000036,Unknown,Unknown,99.5,High,0.99
CUS-000037,Unknown,Unknown,49.5,Medium,0.99
CUS-000038,Unknown,Unknown,99.5,High,0.99
CUS-000039,Unknown,Unknown,0.0,Low,1.0
CUS-000040,Unknown,Unknown,100.0,High,1.0
CUS-000041,Unknown,Unknown,51.5,Medium,0.97
CUS-000042,Unknown,Unknown,100.0,High,1.0
CUS-000043,Unknown,Unknown,100.0,High,1.0
CUS-000044,Unknown,Unknown,99.0,High,0.98
CUS-000045,Unknown,Unknown,99.0,High,0.98
CUS-000046,Unknown,Unknown,100.0,High,1.0
CUS-000047,Unknown,Unknown,100.0,High,1.0
CUS-000048,Unknown,Unknown,50.0,Medium,1.0
CUS-000049,Unknown,Unknown,99.0,High,0.98
CUS-000050,Unknown,Unknown,97.5,High,0.95
CUS-000051,Unknown,Unknown,50.5,Medium,0.99
CUS-000052,Unknown,Unknown,49.0,Medium,0.98
CUS-000053,Unknown,Unknown,99.5,High,0.99
CUS-000054,Unknown,Unknown,53.0,Medium,0.94
CUS-000055,Unknown,Unknown,100.0,High,1.0
CUS-000056,Unknown,Unknown,50.0,Medium,1.0
CUS-000057,Unknown,Unknown,51.0,Medium,0.98
CUS-000058,Unknown,Unknown,100.0,High,1.0
CUS-000059,Unknown,Unknown,50.5,Medium,0.99
CUS-000060,Unknown,Unknown,51.0,Medium,0.98
CUS-000061,Unknown,Unknown,51.5,Medium,0.97
CUS-000062,Unknown,Unknown,100.0,High,1.0
CUS-000063,Unknown,Unknown,100.0,High,1.0
CUS-000064,Unknown,Unknown,50.5,Medium,0.99
CUS-000065,Unknown,Unknown,52.5,Medium,0.95
CUS-000066,Unknown,Unknown,50.0,Medium,1.0
CUS-000067,Unknown,Unknown,99.5,High,0.99
CUS-000068,Unknown,Unknown,49.5,Medium,0.99
CUS-000069,Unknown,Unknown,97.5,High,0.95
CUS-000070,Unknown,Unknown,48.5,Medium,0.97
CUS-000071,Unknown,Unknown,49.5,Medium,0.99
CUS-000072,Unknown,Unknown,100.0,High,1.0
CUS-000073,Unknown,Unknown,100.0,High,1.0
CUS-000074,Unknown,Unknown,0.0,Low,1.0
CUS-000075,Unknown,Unknown,0.0,Low,1.0
CUS-000076,Unknown,Unknown,51.5,Medium,0.97
CUS-000077,Unknown,Unknown,51.5,Medium,0.97
CUS-000078,Unknown,Unknown,52.0,Medium,0.96
CUS-000079,Unknown,Unknown,99.5,High,0.99
CUS-000080,Unknown,Unknown,99.5,High,0.99
CUS-000081,Unknown,Unknown,50.5,Medium,0.99
CUS-000082,Unknown,Unknown,50.0,Medium,1.0
CUS-000083,Unknown,Unknown,100.0,High,1.0
CUS-000084,Unknown,Unknown,50.5,Medium,0.99
CUS-000085,Unknown,Unknown,50.0,Medium,1.0
CUS-000086,Unknown,Unknown,100.0,High,1.0
CUS-000087,Unknown,Unknown,100.0,High,1.0
CUS-000088,Unknown,Unknown,89.0,High,0.78
CUS-000089,Unknown,Unknown,0.0,Low,1.0
CUS-000090,Unknown,Unknown,50.5,Medium,0.99
CUS-000091,Unknown,Unknown,0.0,Low,1.0
CUS-000092,Unknown,Unknown,100.0,High,1.0
CUS-000093,Unknown,Unknown,99.5,High,0.99
CUS-000094,Unknown,Unknown,100.0,High,1.0
CUS-000095,Unknown,Unknown,99.5,High,0.99
CUS-000096,Unknown,Unknown,51.0,Medium,0.98
CUS-000097,Unknown,Unknown,98.5,High,0.97
CUS-000098,Unknown,Unknown,50.5,Medium,0.99
CUS-000099,Unknown,Unknown,98.0,High,0.96
CUS-000100,Unknown,Unknown,100.0,High,1.0
CUS-000101,Unknown,Unknown,100.0,High,1.0
CUS-000102,Unknown,Unknown,99.5,High,0.99
CUS-000103,Unknown,Unknown,0.0,Low,1.0
CUS-000104,Unknown,Unknown,100.0,High,1.0
CUS-000105,Unknown,Unknown,100.0,High,1.0
CUS-000106,Unknown,Unknown,100.0,High,1.0
CUS-000107,Unknown,Unknown,50.5,Medium,0.99
CUS-000108,Unknown,Unknown,99.5,High,0.99
CUS-000109,Unknown,Unknown,49.0,Medium,0.98
CUS-000110,Unknown,Unknown,51.5,Medium,0.97
CUS-000111,Unknown,Unknown,50.5,Medium,0.99
CUS-000112,Unknown,Unknown,94.0,High,0.88
CUS-000113,Unknown,Unknown,50.0,Medium,1.0
CUS-000114,Unknown,Unknown,99.5,High,0.99
CUS-000115,Unknown,Unknown,0.0,Low,1.0
CUS-000116,Unknown,Unknown,100.0,High,1.0
CUS-000117,Unknown,Unknown,99.5,High,0.99
CUS-000118,Unknown,Unknown,51.0,Medium,0.98
CUS-000119,Unknown,Unknown,100.0,High,1.0
CUS-000120,Unknown,Unknown,100.0,High,1.0
CUS-000121,Unknown,Unknown,51.0,Medium,0.98
CUS-000122,Unknown,Unknown,49.0,Medium,0.98
CUS-000123,Unknown,Unknown,0.0,Low,1.0
CUS-000124,Unknown,Unknown,100.0,High,1.0
CUS-000125,Unknown,Unknown,0.0,Low,1.0
CUS-000126,Unknown,Unknown,99.5,High,0.99
CUS-000127,Unknown,Unknown,99.5,High,0.99
CUS-000128,Unknown,Unknown,50.0,Medium,1.0
CUS-000129,Unknown,Unknown,0.0,Low,1.0
CUS-000130,Unknown,Unknown,100.0,High,1.0
CUS-000131,Unknown,Unknown,0.0,Low,1.0
CUS-000132,Unknown,Unknown,100.0,High,1.0
CUS-000133,Unknown,Unknown,100.0,High,1.0
CUS-000134,Unknown,Unknown,99.5,High,0.99
CUS-000135,Unknown,Unknown,51.0,Medium,0.98
CUS-000136,Unknown,Unknown,50.0,Medium,1.0
CUS-000137,Unknown,Unknown,99.5,High,0.99
CUS-000138,Unknown,Unknown,100.0,High,1.0
CUS-000139,Unknown,Unknown,99.0,High,0.98
CUS-000140,Unknown,Unknown,50.5,Medium,0.99
CUS-000141,Unknown,Unknown,50.0,Medium,1.0
CUS-000142,Unknown,Unknown,99.0,High,0.98
CUS-000143,Unknown,Unknown,99.5,High,0.99
CUS-000144,Unknown,Unknown,50.5,Medium,0.99
CUS-000145,Unknown,Unknown,99.5,High,0.99
CUS-000146,Unknown,Unknown,50.0,Medium,1.0
CUS-000147,Unknown,Unknown,99.0,High,0.98
CUS-000148,Unknown,Unknown,0.5,Low,0.99
CUS-000149,Unknown,Unknown,50.0,Medium,1.0
CUS-000150,Unknown,Unknown,50.0,Medium,1.0
CUS-000151,Unknown,Unknown,99.5,High,0.99
CUS-000152,Unknown,Unknown,100.0,High,1.0
CUS-000153,Unknown,Unknown,50.0,Medium,1.0
CUS-000154,Unknown,Unknown,100.0,High,1.0
CUS-000155,Unknown,Unknown,0.0,Low,1.0
CUS-000156,Unknown,Unknown,100.0,High,1.0
CUS-000157,Unknown,Unknown,100.0,High,1.0
CUS-000158,Unknown,Unknown,49.5,Medium,0.99
CUS-000159,Unknown,Unknown,100.0,High,1.0
CUS-000160,Unknown,Unknown,100.0,High,1.0
CUS-000161,Unknown,Unknown,48.0,Medium,0.96
CUS-000162,Unknown,Unknown,100.0,High,1.0
CUS-000163,Unknown,Unknown,50.5,Medium,0.99
CUS-000164,Unknown,Unknown,50.0,Medium,1.0
CUS-000165,Unknown,Unknown,100.0,High,1.0
CUS-000166,Unknown,Unknown,50.0,Medium,1.0
CUS-000167,Unknown,Unknown,99.5,High,0.99
CUS-000168,Unknown,Unknown,100.0,High,1.0
CUS-000169,Unknown,Unknown,50.0,Medium,1.0
CUS-000170,Unknown,Unknown,100.0,High,1.0
CUS-000171,Unknown,Unknown,100.0,High,1.0
CUS-000172,Unknown,Unknown,100.0,High,1.0
CUS-000173,Unknown,Unknown,52.0,Medium,0.96
CUS-000174,Unknown,Unknown,51.5,Medium,0.97
CUS-000175,Unknown,Unknown,96.5,High,0.93
CUS-000176,Unknown,Unknown,51.5,Medium,0.97
CUS-000177,Unknown,Unknown,100.0,High,1.0
CUS-000178,Unknown,Unknown,100.0,High,1.0
CUS-000179,Unknown,Unknown,100.0,High,1.0
CUS-000180,Unknown,Unknown,100.0,High,1.0
CUS-000181,Unknown,Unknown,99.5,High,0.99
CUS-000182,Unknown,Unknown,100.0,High,1.0
CUS-000183,Unknown,Unknown,51.0,Medium,0.98
CUS-000184,Unknown,Unknown,99.0,High,0.98
CUS-000185,Unknown,Unknown,50.0,Medium,1.0
CUS-000186,Unknown,Unknown,99.0,High,0.98
CUS-000187,Unknown,Unknown,100.0,High,1.0
CUS-000188,Unknown,Unknown,0.0,Low,1.0
CUS-000189,Unknown,Unknown,99.5,High,0.99
CUS-000190,Unknown,Unknown,50.0,Medium,0.98
CUS-000191,Unknown,Unknown,99.5,High,0.99
CUS-000192,Unknown,Unknown,50.0,Medium,1.0
CUS-000193,Unknown,Unknown,100.0,High,1.0
CUS-000194,Unknown,Unknown,97.0,High,0.94
CUS-000195,Unknown,Unknown,100.0,High,1.0
CUS-000196,Unknown,Unknown,50.0,Medium,1.0
CUS-000197,Unknown,Unknown,50.0,Medium,1.0
CUS-000198,Unknown,Unknown,100.0,High,1.0
CUS-000199,Unknown,Unknown,42.5,Medium,0.85
CUS-000200,Unknown,Unknown,50.5,Medium,0.99
CUS-000201,Unknown,Unknown,99.5,High,0.99
CUS-000202,Unknown,Unknown,100.0,High,1.0
CUS-000203,Unknown,Unknown,50.0,Medium,1.0
CUS-000204,Unknown,Unknown,51.0,Medium,0.98
CUS-000205,Unknown,Unknown,51.0,Medium,0.98
CUS-000206,Unknown,Unknown,99.5,High,0.99
CUS-000207,Unknown,Unknown,51.0,Medium,0.98
CUS-000208,Unknown,Unknown,98.5,High,0.97
CUS-000209,Unknown,Unknown,49.5,Medium,0.99
CUS-000210,Unknown,Unknown,51.5,Medium,0.97
CUS-000211,Unknown,Unknown,100.0,High,1.0
CUS-000212,Unknown,Unknown,100.0,High,1.0
CUS-000213,Unknown,Unknown,50.0,Medium,1.0
CUS-000214,Unknown,Unknown,100.0,High,1.0
CUS-000215,Unknown,Unknown,99.5,High,0.99
CUS-000216,Unknown,Unknown,100.0,High,1.0
CUS-000217,Unknown,Unknown,97.0,High,0.94
CUS-000218,Unknown,Unknown,95.0,High,0.9
CUS-000219,Unknown,Unknown,100.0,High,1.0
CUS-000220,Unknown,Unknown,100.0,High,1.0
CUS-000221,Unknown,Unknown,100.0,High,1.0
CUS-000222,Unknown,Unknown,100.0,High,1.0
CUS-000223,Unknown,Unknown,98.5,High,0.97
CUS-000224,Unknown,Unknown,100.0,High,1.0
CUS-000225,Unknown,Unknown,99.5,High,0.99
CUS-000226,Unknown,Unknown,100.0,High,1.0
CUS-000227,Unknown,Unknown,50.0,Medium,0.98
CUS-000228,Unknown,Unknown,99.0,High,0.98
CUS-000229,Unknown,Unknown,100.0,High,1.0
CUS-000230,Unknown,Unknown,0.0,Low,1.0
CUS-000231,Unknown,Unknown,49.0,Medium,0.98
CUS-000232,Unknown,Unknown,52.0,Medium,0.96
CUS-000233,Unknown,Unknown,99.5,High,0.99
CUS-000234,Unknown,Unknown,50.0,Medium,1.0
CUS-000235,Unknown,Unknown,100.0,High,1.0
CUS-000236,Unknown,Unknown,99.5,High,0.99
CUS-000237,Unknown,Unknown,99.5,High,0.99
CUS-000238,Unknown,Unknown,100.0,High,1.0
CUS-000239,Unknown,Unknown,50.0,Medium,1.0
CUS-000240,Unknown,Unknown,49.5,Medium,0.99
CUS-000241,Unknown,Unknown,98.5,High,0.97
CUS-000242,Unknown,Unknown,100.0,High,1.0
CUS-000243,Unknown,Unknown,49.5,Medium,0.99
CUS-000244,Unknown,Unknown,100.0,High,1.0
CUS-000245,Unknown,Unknown,52.0,Medium,0.96
CUS-000246,Unknown,Unknown,99.5,High,0.99
CUS-000247,Unknown,Unknown,50.5,Medium,0.99
CUS-000248,Unknown,Unknown,99.5,High,0.99
CUS-000249,Unknown,Unknown,99.0,High,0.98
CUS-000250,Unknown,Unknown,98.0,High,0.96
CUS-000251,Unknown,Unknown,100.0,High,1.0
CUS-000252,Unknown,Unknown,100.0,High,1.0
CUS-000253,Unknown,Unknown,51.5,Medium,0.97
CUS-000254,Unknown,Unknown,49.5,Medium,0.99
CUS-000255,Unknown,Unknown,50.0,Medium,1.0
CUS-000256,Unknown,Unknown,100.0,High,1.0
CUS-000257,Unknown,Unknown,99.5,High,0.99
CUS-000258,Unknown,Unknown,0.0,Low,1.0
CUS-000259,Unknown,Unknown,0.0,Low,1.0
CUS-000260,Unknown,Unknown,52.5,Medium,0.95
CUS-000261,Unknown,Unknown,99.5,High,0.99
CUS-000262,Unknown,Unknown,50.0,Medium,1.0
CUS-000263,Unknown,Unknown,52.5,Medium,0.95
CUS-000264,Unknown,Unknown,50.0,Medium,1.0
CUS-000265,Unknown,Unknown,100.0,High,1.0
CUS-000266,Unknown,Unknown,0.0,Low,1.0
CUS-000267,Unknown,Unknown,50.0,Medium,1.0
CUS-000268,Unknown,Unknown,50.0,Medium,1.0
CUS-000269,Unknown,Unknown,0.0,Low,1.0
CUS-000270,Unknown,Unknown,50.5,Medium,0.99
CUS-000271,Unknown,Unknown,50.0,Medium,1.0
CUS-000272,Unknown,Unknown,0.0,Low,1.0
CUS-000273,Unknown,Unknown,98.5,High,0.97
CUS-000274,Unknown,Unknown,50.0,Medium,1.0
CUS-000275,Unknown,Unknown,50.5,Medium,0.99
CUS-000276,Unknown,Unknown,100.0,High,1.0
CUS-000277,Unknown,Unknown,100.0,High,1.0
CUS-000278,Unknown,Unknown,50.5,Medium,0.99
CUS-000279,Unknown,Unknown,100.0,High,1.0
CUS-000280,Unknown,Unknown,50.5,Medium,0.99
CUS-000281,Unknown,Unknown,50.0,Medium,1.0
CUS-000282,Unknown,Unknown,53.5,Medium,0.93
CUS-000283,Unknown,Unknown,50.0,Medium,1.0
CUS-000284,Unknown,Unknown,51.0,Medium,0.98
CUS-000285,Unknown,Unknown,50.5,Medium,0.99
CUS-000286,Unknown,Unknown,99.5,High,0.99
CUS-000287,Unknown,Unknown,51.0,Medium,0.98
CUS-000288,Unknown,Unknown,51.0,Medium,0.98
CUS-000289,Unknown,Unknown,48.5,Medium,0.97
CUS-000290,Unknown,Unknown,0.0,Low,1.0
CUS-000291,Unknown,Unknown,99.0,High,0.98
CUS-000292,Unknown,Unknown,50.5,Medium,0.99
CUS-000293,Unknown,Unknown,100.0,High,1.0
CUS-000294,Unknown,Unknown,50.5,Medium,0.99
CUS-000295,Unknown,Unknown,100.0,High,1.0
CUS-000296,Unknown,Unknown,100.0,High,1.0
CUS-000297,Unknown,Unknown,52.0,Medium,0.96
CUS-000298,Unknown,Unknown,100.0,High,1.0
CUS-000299,Unknown,Unknown,51.0,Medium,0.98
CUS-000300,Unknown,Unknown,100.0,High,1.0
CUS-000301,Unknown,Unknown,100.0,High,1.0
CUS-000302,Unknown,Unknown,51.5,Medium,0.97
CUS-000303,Unknown,Unknown,99.5,High,0.99
CUS-000304,Unknown,Unknown,100.0,High,1.0
CUS-000305,Unknown,Unknown,100.0,High,1.0
CUS-000306,Unknown,Unknown,50.0,Medium,1.0
CUS-000307,Unknown,Unknown,50.0,Medium,1.0
CUS-000308,Unknown,Unknown,100.0,High,1.0
CUS-000309,Unknown,Unknown,50.0,Medium,1.0
CUS-000310,Unknown,Unknown,0.0,Low,1.0
CUS-000311,Unknown,Unknown,50.0,Medium,1.0
CUS-000312,Unknown,Unknown,50.5,Medium,0.99
CUS-000313,Unknown,Unknown,50.0,Medium,1.0
CUS-000314,Unknown,Unknown,50.5,Medium,0.99
CUS-000315,Unknown,Unknown,50.5,Medium,0.99
CUS-000316,Unknown,Unknown,50.0,Medium,1.0
CUS-000317,Unknown,Unknown,99.0,High,0.98
CUS-000318,Unknown,Unknown,100.0,High,1.0
CUS-000319,Unknown,Unknown,50.5,Medium,0.99
CUS-000320,Unknown,Unknown,100.0,High,1.0
CUS-000321,Unknown,Unknown,100.0,High,1.0
CUS-000322,Unknown,Unknown,100.0,High,1.0
CUS-000323,Unknown,Unknown,100.0,High,1.0
CUS-000324,Unknown,Unknown,100.0,High,1.0
CUS-000325,Unknown,Unknown,100.0,High,1.0
CUS-000326,Unknown,Unknown,50.0,Medium,1.0
CUS-000327,Unknown,Unknown,52.0,Medium,0.96
CUS-000328,Unknown,Unknown,97.5,High,0.95
CUS-000329,Unknown,Unknown,50.0,Medium,1.0
CUS-000330,Unknown,Unknown,50.0,Medium,1.0
CUS-000331,Unknown,Unknown,99.5,High,0.99
CUS-000332,Unknown,Unknown,89.5,High,0.79
CUS-000333,Unknown,Unknown,99.0,High,0.98
CUS-000334,Unknown,Unknown,100.0,High,1.0
CUS-000335,Unknown,Unknown,0.0,Low,1.0
CUS-000336,Unknown,Unknown,99.5,High,0.99
CUS-000337,Unknown,Unknown,50.5,Medium,0.99
CUS-000338,Unknown,Unknown,100.0,High,1.0
CUS-000339,Unknown,Unknown,50.0,Medium,1.0
CUS-000340,Unknown,Unknown,100.0,High,1.0
CUS-000341,Unknown,Unknown,50.5,Medium,0.99
CUS-000342,Unknown,Unknown,100.0,High,1.0
CUS-000343,Unknown,Unknown,100.0,High,1.0
CUS-000344,Unknown,Unknown,50.5,Medium,0.99
CUS-000345,Unknown,Unknown,100.0,High,1.0
CUS-000346,Unknown,Unknown,100.0,High,1.0
CUS-000347,Unknown,Unknown,100.0,High,1.0
CUS-000348,Unknown,Unknown,0.0,Low,1.0
CUS-000349,Unknown,Unknown,99.0,High,0.98
CUS-000350,Unknown,Unknown,0.0,Low,1.0
CUS-000351,Unknown,Unknown,50.0,Medium,1.0
CUS-000352,Unknown,Unknown,0.0,Low,1.0
CUS-000353,Unknown,Unknown,100.0,High,1.0
CUS-000354,Unknown,Unknown,100.0,High,1.0
CUS-000355,Unknown,Unknown,50.0,Medium,1.0
CUS-000356,Unknown,Unknown,50.0,Medium,1.0
CUS-000357,Unknown,Unknown,100.0,High,1.0
CUS-000358,Unknown,Unknown,100.0,High,1.0
CUS-000359,Unknown,Unknown,49.5,Medium,0.99
CUS-000360,Unknown,Unknown,100.0,High,1.0
CUS-000361,Unknown,Unknown,99.5,High,0.99
CUS-000362,Unknown,Unknown,48.5,Medium,0.97
CUS-000363,Unknown,Unknown,49.0,Medium,0.98
CUS-000364,Unknown,Unknown,0.0,Low,1.0
CUS-000365,Unknown,Unknown,99.0,High,0.98
CUS-000366,Unknown,Unknown,99.5,High,0.99
CUS-000367,Unknown,Unknown,100.0,High,1.0
CUS-000368,Unknown,Unknown,99.0,High,0.98
CUS-000369,Unknown,Unknown,98.5,High,0.97
CUS-000370,Unknown,Unknown,100.0,High,1.0
CUS-000371,Unknown,Unknown,100.0,High,1.0
CUS-000372,Unknown,Unknown,0.0,Low,1.0
CUS-000373,Unknown,Unknown,53.0,Medium,0.94
CUS-000374,Unknown,Unknown,50.5,Medium,0.99
CUS-000375,Unknown,Unknown,0.0,Low,1.0
CUS-000376,Unknown,Unknown,0.0,Low,1.0
CUS-000377,Unknown,Unknown,51.0,Medium,0.98
CUS-000378,Unknown,Unknown,50.0,Medium,1.0
CUS-000379,Unknown,Unknown,99.5,High,0.99
CUS-000380,Unknown,Unknown,51.0,Medium,0.98
CUS-000381,Unknown,Unknown,52.0,Medium,0.96
CUS-000382,Unknown,Unknown,50.5,Medium,0.99
CUS-000383,Unknown,Unknown,99.0,High,0.98
CUS-000384,Unknown,Unknown,50.5,Medium,0.99
CUS-000385,Unknown,Unknown,51.0,Medium,0.98
CUS-000386,Unknown,Unknown,100.0,High,1.0
CUS-000387,Unknown,Unknown,100.0,High,1.0
CUS-000388,Unknown,Unknown,51.0,Medium,0.98
CUS-000389,Unknown,Unknown,50.0,Medium,1.0
CUS-000390,Unknown,Unknown,100.0,High,1.0
CUS-000391,Unknown,Unknown,100.0,High,1.0
CUS-000392,Unknown,Unknown,50.0,Medium,1.0
CUS-000393,Unknown,Unknown,98.5,High,0.97
CUS-000394,Unknown,Unknown,51.0,Medium,0.98
CUS-000395,Unknown,Unknown,97.5,High,0.95
CUS-000396,Unknown,Unknown,100.0,High,1.0
CUS-000397,Unknown,Unknown,100.0,High,1.0
CUS-000398,Unknown,Unknown,100.0,High,1.0
CUS-000399,Unknown,Unknown,50.5,Medium,0.99
CUS-000400,Unknown,Unknown,50.0,Medium,1.0
CUS-000401,Unknown,Unknown,100.0,High,1.0
CUS-000402,Unknown,Unknown,100.0,High,1.0
CUS-000403,Unknown,Unknown,100.0,High,1.0
CUS-000404,Unknown,Unknown,50.5,Medium,0.99
CUS-000405,Unknown,Unknown,50.0,Medium,1.0
CUS-000406,Unknown,Unknown,50.5,Medium,0.99
CUS-000407,Unknown,Unknown,99.5,High,0.99
CUS-000408,Unknown,Unknown,100.0,High,1.0
CUS-000409,Unknown,Unknown,50.0,Medium,1.0
CUS-000410,Unknown,Unknown,100.0,High,1.0
CUS-000411,Unknown,Unknown,100.0,High,1.0
CUS-000412,Unknown,Unknown,100.0,High,1.0
CUS-000413,Unknown,Unknown,56.5,Medium,0.87
CUS-000414,Unknown,Unknown,52.0,Medium,0.96
CUS-000415,Unknown,Unknown,50.0,Medium,1.0
CUS-000416,Unknown,Unknown,48.5,Medium,0.97
CUS-000417,Unknown,Unknown,48.5,Medium,0.97
CUS-000418,Unknown,Unknown,99.5,High,0.99
CUS-000419,Unknown,Unknown,50.0,Medium,1.0
CUS-000420,Unknown,Unknown,50.5,Medium,0.99
CUS-000421,Unknown,Unknown,50.0,Medium,1.0
CUS-000422,Unknown,Unknown,0.5,Low,0.99
CUS-000423,Unknown,Unknown,50.0,Medium,1.0
CUS-000424,Unknown,Unknown,49.5,Medium,0.99
CUS-000425,Unknown,Unknown,99.5,High,0.99
CUS-000426,Unknown,Unknown,100.0,High,1.0
CUS-000427,Unknown,Unknown,51.5,Medium,0.97
CUS-000428,Unknown,Unknown,100.0,High,1.0
CUS-000429,Unknown,Unknown,49.5,Medium,0.99
CUS-000430,Unknown,Unknown,100.0,High,1.0
CUS-000431,Unknown,Unknown,100.0,High,1.0
CUS-000432,Unknown,Unknown,98.0,High,0.96
CUS-000433,Unknown,Unknown,100.0,High,1.0
CUS-000434,Unknown,Unknown,100.0,High,1.0
CUS-000435,Unknown,Unknown,50.5,Medium,0.99
CUS-000436,Unknown,Unknown,0.0,Low,1.0
CUS-000437,Unknown,Unknown,50.0,Medium,1.0
CUS-000438,Unknown,Unknown,98.0,High,0.96
CUS-000439,Unknown,Unknown,50.5,Medium,0.99
CUS-000440,Unknown,Unknown,100.0,High,1.0
CUS-000441,Unknown,Unknown,100.0,High,1.0
CUS-000442,Unknown,Unknown,97.5,High,0.95
CUS-000443,Unknown,Unknown,100.0,High,1.0
CUS-000444,Unknown,Unknown,50.0,Medium,1.0
CUS-000445,Unknown,Unknown,48.0,Medium,0.96
CUS-000446,Unknown,Unknown,50.0,Medium,1.0
CUS-000447,Unknown,Unknown,99.5,High,0.99
CUS-000448,Unknown,Unknown,100.0,High,1.0
CUS-000449,Unknown,Unknown,51.5,Medium,0.97
CUS-000450,Unknown,Unknown,100.0,High,1.0
CUS-000451,Unknown,Unknown,0.0,Low,1.0
CUS-000452,Unknown,Unknown,100.0,High,1.0
CUS-000453,Unknown,Unknown,100.0,High,1.0
CUS-000454,Unknown,Unknown,49.0,Medium,0.98
CUS-000455,Unknown,Unknown,0.0,Low,1.0
CUS-000456,Unknown,Unknown,99.0,High,0.98
CUS-000457,Unknown,Unknown,99.0,High,0.98
CUS-000458,Unknown,Unknown,100.0,High,1.0
CUS-000459,Unknown,Unknown,100.0,High,1.0
CUS-000460,Unknown,Unknown,50.0,Medium,1.0
CUS-000461,Unknown,Unknown,99.0,High,0.98
CUS-000462,Unknown,Unknown,48.5,Medium,0.97
CUS-000463,Unknown,Unknown,51.0,Medium,0.98
CUS-000464,Unknown,Unknown,100.0,High,1.0
CUS-000465,Unknown,Unknown,100.0,High,1.0
CUS-000466,Unknown,Unknown,100.0,High,1.0
CUS-000467,Unknown,Unknown,50.5,Medium,0.99
CUS-000468,Unknown,Unknown,50.0,Medium,1.0
CUS-000469,Unknown,Unknown,48.0,Medium,0.96
CUS-000470,Unknown,Unknown,100.0,High,1.0
CUS-000471,Unknown,Unknown,100.0,High,1.0
CUS-000472,Unknown,Unknown,100.0,High,1.0
CUS-000473,Unknown,Unknown,49.5,Medium,0.99
CUS-000474,Unknown,Unknown,100.0,High,1.0
CUS-000475,Unknown,Unknown,0.0,Low,1.0
CUS-000476,Unknown,Unknown,99.0,High,0.98
CUS-000477,Unknown,Unknown,98.5,High,0.97
CUS-000478,Unknown,Unknown,100.0,High,1.0
CUS-000479,Unknown,Unknown,98.5,High,0.97
CUS-000480,Unknown,Unknown,100.0,High,1.0
CUS-000481,Unknown,Unknown,100.0,High,1.0
CUS-000482,Unknown,Unknown,49.5,Medium,0.99
CUS-000483,Unknown,Unknown,100.0,High,1.0
CUS-000484,Unknown,Unknown,0.5,Low,0.99
CUS-000485,Unknown,Unknown,98.5,High,0.97
CUS-000486,Unknown,Unknown,100.0,High,1.0
CUS-000487,Unknown,Unknown,100.0,High,1.0
CUS-000488,Unknown,Unknown,49.5,Medium,0.99
CUS-000489,Unknown,Unknown,99.5,High,0.99
CUS-000490,Unknown,Unknown,99.0,High,0.98
CUS-000491,Unknown,Unknown,99.0,High,0.98
CUS-000492,Unknown,Unknown,52.0,Medium,0.96
CUS-000493,Unknown,Unknown,100.0,High,1.0
CUS-000494,Unknown,Unknown,50.0,Medium,1.0
CUS-000495,Unknown,Unknown,100.0,High,1.0
CUS-000496,Unknown,Unknown,100.0,High,1.0
CUS-000497,Unknown,Unknown,51.5,Medium,0.97
CUS-000498,Unknown,Unknown,99.5,High,0.99
CUS-000499,Unknown,Unknown,51.5,Medium,0.97
CUS-000500,Unknown,Unknown,99.5,High,0.99
CUS-000501,Unknown,Unknown,50.5,Medium,0.99
CUS-000502,Unknown,Unknown,99.5,High,0.99
CUS-000503,Unknown,Unknown,98.5,High,0.97
CUS-000504,Unknown,Unknown,100.0,High,1.0
CUS-000505,Unknown,Unknown,0.0,Low,1.0
CUS-000506,Unknown,Unknown,51.0,Medium,0.98
CUS-000507,Unknown,Unknown,100.0,High,1.0
CUS-000508,Unknown,Unknown,50.0,Medium,1.0
CUS-000509,Unknown,Unknown,100.0,High,1.0
CUS-000510,Unknown,Unknown,50.0,Medium,1.0
CUS-000511,Unknown,Unknown,49.5,Medium,0.99
CUS-000512,Unknown,Unknown,100.0,High,1.0
CUS-000513,Unknown,Unknown,52.5,Medium,0.95
CUS-000514,Unknown,Unknown,50.0,Medium,1.0
CUS-000515,Unknown,Unknown,99.5,High,0.99
CUS-000516,Unknown,Unknown,50.0,Medium,1.0
CUS-000517,Unknown,Unknown,100.0,High,1.0
CUS-000518,Unknown,Unknown,99.5,High,0.99
CUS-000519,Unknown,Unknown,0.0,Low,1.0
CUS-000520,Unknown,Unknown,50.5,Medium,0.99
CUS-000521,Unknown,Unknown,100.0,High,1.0
CUS-000522,Unknown,Unknown,98.0,High,0.96
CUS-000523,Unknown,Unknown,0.0,Low,1.0
CUS-000524,Unknown,Unknown,99.0,High,0.98
CUS-000525,Unknown,Unknown,51.0,Medium,0.98
CUS-000526,Unknown,Unknown,100.0,High,1.0
CUS-000527,Unknown,Unknown,100.0,High,1.0
CUS-000528,Unknown,Unknown,99.0,High,0.98
CUS-000529,Unknown,Unknown,50.5,Medium,0.99
CUS-000530,Unknown,Unknown,100.0,High,1.0
CUS-000531,Unknown,Unknown,99.0,High,0.98
CUS-000532,Unknown,Unknown,100.0,High,1.0
CUS-000533,Unknown,Unknown,99.5,High,0.99
CUS-000534,Unknown,Unknown,51.0,Medium,0.98
CUS-000535,Unknown,Unknown,0.0,Low,1.0
CUS-000536,Unknown,Unknown,49.5,Medium,0.99
CUS-000537,Unknown,Unknown,100.0,High,1.0
CUS-000538,Unknown,Unknown,0.0,Low,1.0
CUS-000539,Unknown,Unknown,50.0,Medium,1.0
CUS-000540,Unknown,Unknown,50.0,Medium,1.0
CUS-000541,Unknown,Unknown,100.0,High,1.0
CUS-000542,Unknown,Unknown,50.0,Medium,1.0
CUS-000543,Unknown,Unknown,100.0,High,1.0
CUS-000544,Unknown,Unknown,100.0,High,1.0
CUS-000545,Unknown,Unknown,49.5,Medium,0.99
CUS-000546,Unknown,Unknown,50.0,Medium,1.0
CUS-000547,Unknown,Unknown,100.0,High,1.0
CUS-000548,Unknown,Unknown,50.0,Medium,1.0
CUS-000549,Unknown,Unknown,50.0,Medium,1.0
CUS-000550,Unknown,Unknown,100.0,High,1.0
CUS-000551,Unknown,Unknown,100.0,High,1.0
CUS-000552,Unknown,Unknown,50.5,Medium,0.99
CUS-000553,Unknown,Unknown,0.0,Low,1.0
CUS-000554,Unknown,Unknown,99.0,High,0.98
CUS-000555,Unknown,Unknown,47.5,Medium,0.95
CUS-000556,Unknown,Unknown,50.0,Medium,1.0
CUS-000557,Unknown,Unknown,99.5,High,0.99
CUS-000558,Unknown,Unknown,99.5,High,0.99
CUS-000559,Unknown,Unknown,100.0,High,1.0
CUS-000560,Unknown,Unknown,100.0,High,1.0
CUS-000561,Unknown,Unknown,48.0,Medium,0.96
CUS-000562,Unknown,Unknown,0.0,Low,1.0
CUS-000563,Unknown,Unknown,100.0,High,1.0
CUS-000564,Unknown,Unknown,100.0,High,1.0
CUS-000565,Unknown,Unknown,99.5,High,0.99
CUS-000566,Unknown,Unknown,100.0,High,1.0
CUS-000567,Unknown,Unknown,99.5,High,0.99
CUS-000568,Unknown,Unknown,48.5,Medium,0.97
CUS-000569,Unknown,Unknown,100.0,High,1.0
CUS-000570,Unknown,Unknown,100.0,High,1.0
CUS-000571,Unknown,Unknown,99.5,High,0.99
CUS-000572,Unknown,Unknown,50.5,Medium,0.99
CUS-000573,Unknown,Unknown,100.0,High,1.0
CUS-000574,Unknown,Unknown,100.0,High,1.0
CUS-000575,Unknown,Unknown,100.0,High,1.0
CUS-000576,Unknown,Unknown,99.5,High,0.99
CUS-000577,Unknown,Unknown,100.0,High,1.0
CUS-000578,Unknown,Unknown,50.0,Medium,1.0
CUS-000579,Unknown,Unknown,99.0,High,0.98
CUS-000580,Unknown,Unknown,49.5,Medium,0.99
CUS-000581,Unknown,Unknown,99.0,High,0.98
CUS-000582,Unknown,Unknown,97.5,High,0.95
CUS-000583,Unknown,Unknown,99.5,High,0.99
CUS-000584,Unknown,Unknown,96.5,High,0.93
CUS-000585,Unknown,Unknown,98.0,High,0.96
CUS-000586,Unknown,Unknown,50.0,Medium,1.0
CUS-000587,Unknown,Unknown,51.5,Medium,0.97
CUS-000588,Unknown,Unknown,99.5,High,0.99
CUS-000589,Unknown,Unknown,0.0,Low,1.0
CUS-000590,Unknown,Unknown,50.5,Medium,0.99
CUS-000591,Unknown,Unknown,51.0,Medium,0.98
CUS-000592,Unknown,Unknown,100.0,High,1.0
CUS-000593,Unknown,Unknown,100.0,High,1.0
CUS-000594,Unknown,Unknown,50.5,Medium,0.99
CUS-000595,Unknown,Unknown,48.0,Medium,0.96
CUS-000596,Unknown,Unknown,50.0,Medium,1.0
CUS-000597,Unknown,Unknown,99.5,High,0.99
CUS-000598,Unknown,Unknown,50.0,Medium,1.0
CUS-000599,Unknown,Unknown,50.0,Medium,1.0
CUS-000600,Unknown,Unknown,100.0,High,1.0
CUS-000601,Unknown,Unknown,50.0,Medium,1.0
CUS-000602,Unknown,Unknown,99.5,High,0.99
CUS-000603,Unknown,Unknown,100.0,High,1.0
CUS-000604,Unknown,Unknown,100.0,High,1.0
CUS-000605,Unknown,Unknown,100.0,High,1.0
CUS-000606,Unknown,Unknown,51.0,Medium,0.98
CUS-000607,Unknown,Unknown,100.0,High,1.0
CUS-000608,Unknown,Unknown,49.0,Medium,0.98
CUS-000609,Unknown,Unknown,100.0,High,1.0
CUS-000610,Unknown,Unknown,99.0,High,0.98
CUS-000611,Unknown,Unknown,99.0,High,0.98
CUS-000612,Unknown,Unknown,50.0,Medium,1.0
CUS-000613,Unknown,Unknown,99.5,High,0.99
CUS-000614,Unknown,Unknown,97.0,High,0.94
CUS-000615,Unknown,Unknown,99.5,High,0.99
CUS-000616,Unknown,Unknown,50.5,Medium,0.99
CUS-000617,Unknown,Unknown,100.0,High,1.0
CUS-000618,Unknown,Unknown,100.0,High,1.0
CUS-000619,Unknown,Unknown,0.0,Low,1.0
CUS-000620,Unknown,Unknown,0.0,Low,1.0
CUS-000621,Unknown,Unknown,99.5,High,0.99
CUS-000622,Unknown,Unknown,100.0,High,1.0
CUS-000623,Unknown,Unknown,100.0,High,1.0
CUS-000624,Unknown,Unknown,100.0,High,1.0
CUS-000625,Unknown,Unknown,99.5,High,0.99
CUS-000626,Unknown,Unknown,100.0,High,1.0
CUS-000627,Unknown,Unknown,50.0,Medium,1.0
CUS-000628,Unknown,Unknown,50.5,Medium,0.99
CUS-000629,Unknown,Unknown,51.0,Medium,0.98
CUS-000630,Unknown,Unknown,99.0,High,0.98
CUS-000631,Unknown,Unknown,100.0,High,1.0
CUS-000632,Unknown,Unknown,99.5,High,0.99
CUS-000633,Unknown,Unknown,49.5,Medium,0.99
CUS-000634,Unknown,Unknown,100.0,High,1.0
CUS-000635,Unknown,Unknown,49.0,Medium,0.98
CUS-000636,Unknown,Unknown,0.0,Low,1.0
CUS-000637,Unknown,Unknown,50.0,Medium,1.0
CUS-000638,Unknown,Unknown,100.0,High,1.0
CUS-000639,Unknown,Unknown,100.0,High,1.0
CUS-000640,Unknown,Unknown,99.5,High,0.99
CUS-000641,Unknown,Unknown,52.5,Medium,0.95
CUS-000642,Unknown,Unknown,99.0,High,0.98
CUS-000643,Unknown,Unknown,0.0,Low,1.0
CUS-000644,Unknown,Unknown,51.0,Medium,0.96
CUS-000645,Unknown,Unknown,99.0,High,0.98
CUS-000646,Unknown,Unknown,51.5,Medium,0.97
CUS-000647,Unknown,Unknown,50.0,Medium,1.0
CUS-000648,Unknown,Unknown,100.0,High,1.0
CUS-000649,Unknown,Unknown,99.5,High,0.99
CUS-000650,Unknown,Unknown,50.0,Medium,0.96
CUS-000651,Unknown,Unknown,99.0,High,0.98
CUS-000652,Unknown,Unknown,50.0,Medium,1.0
CUS-000653,Unknown,Unknown,50.0,Medium,1.0
CUS-000654,Unknown,Unknown,47.5,Medium,0.95
CUS-000655,Unknown,Unknown,100.0,High,1.0
CUS-000656,Unknown,Unknown,100.0,High,1.0
CUS-000657,Unknown,Unknown,100.0,High,1.0
CUS-000658,Unknown,Unknown,100.0,High,1.0
CUS-000659,Unknown,Unknown,97.5,High,0.95
CUS-000660,Unknown,Unknown,97.5,High,0.95
CUS-000661,Unknown,Unknown,0.0,Low,1.0
CUS-000662,Unknown,Unknown,99.5,High,0.99
CUS-000663,Unknown,Unknown,0.0,Low,1.0
CUS-000664,Unknown,Unknown,0.0,Low,1.0
CUS-000665,Unknown,Unknown,50.0,Medium,1.0
CUS-000666,Unknown,Unknown,100.0,High,1.0
CUS-000667,Unknown,Unknown,100.0,High,1.0
CUS-000668,Unknown,Unknown,99.0,High,0.98
CUS-000669,Unknown,Unknown,96.0,High,0.92
CUS-000670,Unknown,Unknown,50.5,Medium,0.99
CUS-000671,Unknown,Unknown,49.5,Medium,0.99
CUS-000672,Unknown,Unknown,50.5,Medium,0.99
CUS-000673,Unknown,Unknown,100.0,High,1.0
CUS-000674,Unknown,Unknown,50.5,Medium,0.99
CUS-000675,Unknown,Unknown,51.0,Medium,0.98
CUS-000676,Unknown,Unknown,50.5,Medium,0.99
CUS-000677,Unknown,Unknown,99.5,High,0.99
CUS-000678,Unknown,Unknown,100.0,High,1.0
CUS-000679,Unknown,Unknown,42.0,Medium,0.84
CUS-000680,Unknown,Unknown,50.0,Medium,1.0
CUS-000681,Unknown,Unknown,49.5,Medium,0.99
CUS-000682,Unknown,Unknown,51.0,Medium,0.98
CUS-000683,Unknown,Unknown,49.5,Medium,0.99
CUS-000684,Unknown,Unknown,100.0,High,1.0
CUS-000685,Unknown,Unknown,50.0,Medium,1.0
CUS-000686,Unknown,Unknown,51.0,Medium,0.98
CUS-000687,Unknown,Unknown,50.0,Medium,1.0
CUS-000688,Unknown,Unknown,100.0,High,1.0
CUS-000689,Unknown,Unknown,51.0,Medium,0.98
CUS-000690,Unknown,Unknown,99.5,High,0.99
CUS-000691,Unknown,Unknown,50.0,Medium,1.0
CUS-000692,Unknown,Unknown,98.5,High,0.97
CUS-000693,Unknown,Unknown,0.0,Low,1.0
CUS-000694,Unknown,Unknown,100.0,High,1.0
CUS-000695,Unknown,Unknown,100.0,High,1.0
CUS-000696,Unknown,Unknown,98.0,High,0.96
CUS-000697,Unknown,Unknown,100.0,High,1.0
CUS-000698,Unknown,Unknown,49.5,Medium,0.99
CUS-000699,Unknown,Unknown,51.0,Medium,0.98
CUS-000700,Unknown,Unknown,50.0,Medium,1.0
CUS-000701,Unknown,Unknown,49.5,Medium,0.99
CUS-000702,Unknown,Unknown,99.5,High,0.99
CUS-000703,Unknown,Unknown,51.0,Medium,0.98
CUS-000704,Unknown,Unknown,100.0,High,1.0
CUS-000705,Unknown,Unknown,99.0,High,0.98
CUS-000706,Unknown,Unknown,100.0,High,1.0
CUS-000707,Unknown,Unknown,99.5,High,0.99
CUS-000708,Unknown,Unknown,50.0,Medium,1.0
CUS-000709,Unknown,Unknown,100.0,High,1.0
CUS-000710,Unknown,Unknown,50.0,Medium,1.0
CUS-000711,Unknown,Unknown,100.0,High,1.0
CUS-000712,Unknown,Unknown,99.0,High,0.98
CUS-000713,Unknown,Unknown,100.0,High,1.0
CUS-000714,Unknown,Unknown,55.0,Medium,0.9
CUS-000715,Unknown,Unknown,100.0,High,1.0
CUS-000716,Unknown,Unknown,49.0,Medium,0.98
CUS-000717,Unknown,Unknown,50.0,Medium,1.0
CUS-000718,Unknown,Unknown,0.0,Low,1.0
CUS-000719,Unknown,Unknown,100.0,High,1.0
CUS-000720,Unknown,Unknown,100.0,High,1.0
CUS-000721,Unknown,Unknown,50.0,Medium,1.0
CUS-000722,Unknown,Unknown,50.0,Medium,1.0
CUS-000723,Unknown,Unknown,50.0,Medium,1.0
CUS-000724,Unknown,Unknown,99.5,High,0.99
CUS-000725,Unknown,Unknown,47.0,Medium,0.94
CUS-000726,Unknown,Unknown,0.0,Low,1.0
CUS-000727,Unknown,Unknown,50.0,Medium,1.0
CUS-000728,Unknown,Unknown,0.0,Low,1.0
CUS-000729,Unknown,Unknown,100.0,High,1.0
CUS-000730,Unknown,Unknown,100.0,High,1.0
CUS-000731,Unknown,Unknown,50.0,Medium,1.0
CUS-000732,Unknown,Unknown,50.0,Medium,1.0
CUS-000733,Unknown,Unknown,49.5,Medium,0.99
CUS-000734,Unknown,Unknown,50.0,Medium,1.0
CUS-000735,Unknown,Unknown,0.0,Low,1.0
CUS-000736,Unknown,Unknown,100.0,High,1.0
CUS-000737,Unknown,Unknown,0.0,Low,1.0
CUS-000738,Unknown,Unknown,52.0,Medium,0.96
CUS-000739,Unknown,Unknown,100.0,High,1.0
CUS-000740,Unknown,Unknown,96.5,High,0.93
CUS-000741,Unknown,Unknown,50.0,Medium,1.0
CUS-000742,Unknown,Unknown,51.0,Medium,0.98
CUS-000743,Unknown,Unknown,100.0,High,1.0
CUS-000744,Unknown,Unknown,50.0,Medium,0.98
CUS-000745,Unknown,Unknown,99.5,High,0.99
CUS-000746,Unknown,Unknown,100.0,High,1.0
CUS-000747,Unknown,Unknown,50.0,Medium,1.0
CUS-000748,Unknown,Unknown,52.0,Medium,0.96
CUS-000749,Unknown,Unknown,50.5,Medium,0.99
CUS-000750,Unknown,Unknown,100.0,High,1.0
CUS-000751,Unknown,Unknown,0.0,Low,1.0
CUS-000752,Unknown,Unknown,99.5,High,0.99
CUS-000753,Unknown,Unknown,49.5,Medium,0.99
CUS-000754,Unknown,Unknown,50.0,Medium,1.0
CUS-000755,Unknown,Unknown,100.0,High,1.0
CUS-000756,Unknown,Unknown,99.5,High,0.99
CUS-000757,Unknown,Unknown,99.5,High,0.99
CUS-000758,Unknown,Unknown,100.0,High,1.0
CUS-000759,Unknown,Unknown,0.0,Low,1.0
CUS-000760,Unknown,Unknown,50.0,Medium,1.0
CUS-000761,Unknown,Unknown,99.5,High,0.99
CUS-000762,Unknown,Unknown,50.0,Medium,1.0
CUS-000763,Unknown,Unknown,98.5,High,0.97
CUS-000764,Unknown,Unknown,50.0,Medium,1.0
CUS-000765,Unknown,Unknown,100.0,High,1.0
CUS-000766,Unknown,Unknown,50.0,Medium,1.0
CUS-000767,Unknown,Unknown,0.0,Low,1.0
CUS-000768,Unknown,Unknown,50.0,Medium,1.0
CUS-000769,Unknown,Unknown,0.0,Low,1.0
CUS-000770,Unknown,Unknown,100.0,High,1.0
CUS-000771,Unknown,Unknown,50.0,Medium,1.0
CUS-000772,Unknown,Unknown,100.0,High,1.0
CUS-000773,Unknown,Unknown,100.0,High,1.0
CUS-000774,Unknown,Unknown,100.0,High,1.0
CUS-000775,Unknown,Unknown,50.5,Medium,0.99
CUS-000776,Unknown,Unknown,100.0,High,1.0
CUS-000777,Unknown,Unknown,100.0,High,1.0
CUS-000778,Unknown,Unknown,50.0,Medium,1.0
CUS-000779,Unknown,Unknown,100.0,High,1.0
CUS-000780,Unknown,Unknown,100.0,High,1.0
CUS-000781,Unknown,Unknown,50.5,Medium,0.99
CUS-000782,Unknown,Unknown,100.0,High,1.0
CUS-000783,Unknown,Unknown,99.0,High,0.98
CUS-000784,Unknown,Unknown,100.0,High,1.0
CUS-000785,Unknown,Unknown,100.0,High,1.0
CUS-000786,Unknown,Unknown,100.0,High,1.0
CUS-000787,Unknown,Unknown,100.0,High,1.0
CUS-000788,Unknown,Unknown,98.0,High,0.96
CUS-000789,Unknown,Unknown,100.0,High,1.0
CUS-000790,Unknown,Unknown,50.5,Medium,0.99
CUS-000791,Unknown,Unknown,46.5,Medium,0.93
CUS-000792,Unknown,Unknown,100.0,High,1.0
CUS-000793,Unknown,Unknown,100.0,High,1.0
CUS-000794,Unknown,Unknown,50.5,Medium,0.99
CUS-000795,Unknown,Unknown,100.0,High,1.0
CUS-000796,Unknown,Unknown,51.0,Medium,0.98
CUS-000797,Unknown,Unknown,50.0,Medium,1.0
CUS-000798,Unknown,Unknown,48.0,Medium,0.96
CUS-000799,Unknown,Unknown,100.0,High,1.0
CUS-000800,Unknown,Unknown,51.5,Medium,0.97
CUS-000801,Unknown,Unknown,100.0,High,1.0
CUS-000802,Unknown,Unknown,99.5,High,0.99
CUS-000803,Unknown,Unknown,95.5,High,0.91
CUS-000804,Unknown,Unknown,99.5,High,0.99
CUS-000805,Unknown,Unknown,50.0,Medium,1.0
CUS-000806,Unknown,Unknown,0.0,Low,1.0
CUS-000807,Unknown,Unknown,99.5,High,0.99
CUS-000808,Unknown,Unknown,100.0,High,1.0
CUS-000809,Unknown,Unknown,99.5,High,0.99
CUS-000810,Unknown,Unknown,100.0,High,1.0
CUS-000811,Unknown,Unknown,0.0,Low,1.0
CUS-000812,Unknown,Unknown,49.5,Medium,0.99
CUS-000813,Unknown,Unknown,100.0,High,1.0
CUS-000814,Unknown,Unknown,100.0,High,1.0
CUS-000815,Unknown,Unknown,50.0,Medium,1.0
CUS-000816,Unknown,Unknown,50.0,Medium,1.0
CUS-000817,Unknown,Unknown,100.0,High,1.0
CUS-000818,Unknown,Unknown,100.0,High,1.0
CUS-000819,Unknown,Unknown,98.5,High,0.97
CUS-000820,Unknown,Unknown,0.0,Low,1.0
CUS-000821,Unknown,Unknown,48.5,Medium,0.97
CUS-000822,Unknown,Unknown,99.0,High,0.98
CUS-000823,Unknown,Unknown,99.5,High,0.99
CUS-000824,Unknown,Unknown,50.0,Medium,1.0
CUS-000825,Unknown,Unknown,99.5,High,0.99
CUS-000826,Unknown,Unknown,0.0,Low,1.0
CUS-000827,Unknown,Unknown,49.5,Medium,0.99
CUS-000828,Unknown,Unknown,0.0,Low,1.0
CUS-000829,Unknown,Unknown,100.0,High,1.0
CUS-000830,Unknown,Unknown,49.0,Medium,0.98
CUS-000831,Unknown,Unknown,51.0,Medium,0.98
CUS-000832,Unknown,Unknown,100.0,High,1.0
CUS-000833,Unknown,Unknown,100.0,High,1.0
CUS-000834,Unknown,Unknown,50.0,Medium,1.0
CUS-000835,Unknown,Unknown,99.5,High,0.99
CUS-000836,Unknown,Unknown,51.5,Medium,0.97
CUS-000837,Unknown,Unknown,51.0,Medium,0.98
CUS-000838,Unknown,Unknown,50.0,Medium,1.0
CUS-000839,Unknown,Unknown,50.5,Medium,0.99
CUS-000840,Unknown,Unknown,100.0,High,1.0
CUS-000841,Unknown,Unknown,49.0,Medium,0.98
CUS-000842,Unknown,Unknown,99.5,High,0.99
CUS-000843,Unknown,Unknown,52.0,Medium,0.96
CUS-000844,Unknown,Unknown,50.0,Medium,1.0
CUS-000845,Unknown,Unknown,0.0,Low,1.0
CUS-000846,Unknown,Unknown,100.0,High,1.0
CUS-000847,Unknown,Unknown,50.0,Medium,1.0
CUS-000848,Unknown,Unknown,50.0,Medium,1.0
CUS-000849,Unknown,Unknown,50.0,Medium,1.0
CUS-000850,Unknown,Unknown,100.0,High,1.0
CUS-000851,Unknown,Unknown,52.5,Medium,0.95
CUS-000852,Unknown,Unknown,0.0,Low,1.0
CUS-000853,Unknown,Unknown,99.0,High,0.98
CUS-000854,Unknown,Unknown,100.0,High,1.0
CUS-000855,Unknown,Unknown,0.0,Low,1.0
CUS-000856,Unknown,Unknown,50.5,Medium,0.99
CUS-000857,Unknown,Unknown,100.0,High,1.0
CUS-000858,Unknown,Unknown,100.0,High,1.0
CUS-000859,Unknown,Unknown,97.0,High,0.94
CUS-000860,Unknown,Unknown,99.5,High,0.99
CUS-000861,Unknown,Unknown,100.0,High,1.0
CUS-000862,Unknown,Unknown,100.0,High,1.0
CUS-000863,Unknown,Unknown,100.0,High,1.0
CUS-000864,Unknown,Unknown,50.0,Medium,1.0
CUS-000865,Unknown,Unknown,50.5,Medium,0.99
CUS-000866,Unknown,Unknown,100.0,High,1.0
CUS-000867,Unknown,Unknown,50.5,Medium,0.99
CUS-000868,Unknown,Unknown,100.0,High,1.0
CUS-000869,Unknown,Unknown,48.5,Medium,0.97
CUS-000870,Unknown,Unknown,0.0,Low,1.0
CUS-000871,Unknown,Unknown,99.5,High,0.99
CUS-000872,Unknown,Unknown,97.0,High,0.94
CUS-000873,Unknown,Unknown,100.0,High,1.0
CUS-000874,Unknown,Unknown,100.0,High,1.0
CUS-000875,Unknown,Unknown,99.0,High,0.98
CUS-000876,Unknown,Unknown,100.0,High,1.0
CUS-000877,Unknown,Unknown,100.0,High,1.0
CUS-000878,Unknown,Unknown,51.0,Medium,0.98
CUS-000879,Unknown,Unknown,50.5,Medium,0.99
CUS-000880,Unknown,Unknown,100.0,High,1.0
CUS-000881,Unknown,Unknown,51.0,Medium,0.98
CUS-000882,Unknown,Unknown,100.0,High,1.0
CUS-000883,Unknown,Unknown,99.0,High,0.98
CUS-000884,Unknown,Unknown,99.5,High,0.99
CUS-000885,Unknown,Unknown,49.5,Medium,0.99
CUS-000886,Unknown,Unknown,99.0,High,0.98
CUS-000887,Unknown,Unknown,99.0,High,0.98
CUS-000888,Unknown,Unknown,0.0,Low,1.0
CUS-000889,Unknown,Unknown,48.5,Medium,0.97
CUS-000890,Unknown,Unknown,50.0,Medium,1.0
CUS-000891,Unknown,Unknown,50.0,Medium,1.0
CUS-000892,Unknown,Unknown,100.0,High,1.0
CUS-000893,Unknown,Unknown,50.0,Medium,1.0
CUS-000894,Unknown,Unknown,50.0,Medium,1.0
CUS-000895,Unknown,Unknown,100.0,High,1.0
CUS-000896,Unknown,Unknown,51.5,Medium,0.97
CUS-000897,Unknown,Unknown,51.0,Medium,0.98
CUS-000898,Unknown,Unknown,97.0,High,0.94
CUS-000899,Unknown,Unknown,0.0,Low,1.0
CUS-000900,Unknown,Unknown,99.0,High,0.98
CUS-000901,Unknown,Unknown,99.5,High,0.99
CUS-000902,Unknown,Unknown,51.5,Medium,0.97
CUS-000903,Unknown,Unknown,96.0,High,0.92
CUS-000904,Unknown,Unknown,50.0,Medium,1.0
CUS-000905,Unknown,Unknown,100.0,High,1.0
CUS-000906,Unknown,Unknown,50.0,Medium,1.0
CUS-000907,Unknown,Unknown,50.0,Medium,1.0
CUS-000908,Unknown,Unknown,49.5,Medium,0.99
CUS-000909,Unknown,Unknown,0.0,Low,1.0
CUS-000910,Unknown,Unknown,99.5,High,0.99
CUS-000911,Unknown,Unknown,100.0,High,1.0
CUS-000912,Unknown,Unknown,100.0,High,1.0
CUS-000913,Unknown,Unknown,100.0,High,1.0
CUS-000914,Unknown,Unknown,100.0,High,1.0
CUS-000915,Unknown,Unknown,52.5,Medium,0.95
CUS-000916,Unknown,Unknown,99.5,High,0.99
CUS-000917,Unknown,Unknown,49.0,Medium,0.98
CUS-000918,Unknown,Unknown,50.0,Medium,1.0
CUS-000919,Unknown,Unknown,50.5,Medium,0.99
CUS-000920,Unknown,Unknown,51.0,Medium,0.98
CUS-000921,Unknown,Unknown,49.0,Medium,0.98
CUS-000922,Unknown,Unknown,98.5,High,0.97
CUS-000923,Unknown,Unknown,100.0,High,1.0
CUS-000924,Unknown,Unknown,99.0,High,0.98
CUS-000925,Unknown,Unknown,98.5,High,0.97
CUS-000926,Unknown,Unknown,97.0,High,0.94
CUS-000927,Unknown,Unknown,49.5,Medium,0.99
CUS-000928,Unknown,Unknown,100.0,High,1.0
CUS-000929,Unknown,Unknown,50.5,Medium,0.99
CUS-000930,Unknown,Unknown,100.0,High,1.0
CUS-000931,Unknown,Unknown,50.0,Medium,1.0
CUS-000932,Unknown,Unknown,50.0,Medium,1.0
CUS-000933,Unknown,Unknown,50.0,Medium,1.0
CUS-000934,Unknown,Unknown,100.0,High,1.0
CUS-000935,Unknown,Unknown,98.5,High,0.97
CUS-000936,Unknown,Unknown,50.0,Medium,1.0
CUS-000937,Unknown,Unknown,100.0,High,1.0
CUS-000938,Unknown,Unknown,50.0,Medium,1.0
CUS-000939,Unknown,Unknown,51.5,Medium,0.97
CUS-000940,Unknown,Unknown,50.0,Medium,0.98
CUS-000941,Unknown,Unknown,50.5,Medium,0.99
CUS-000942,Unknown,Unknown,100.0,High,1.0
CUS-000943,Unknown,Unknown,0.0,Low,1.0
CUS-000944,Unknown,Unknown,51.5,Medium,0.97
CUS-000945,Unknown,Unknown,100.0,High,1.0
CUS-000946,Unknown,Unknown,97.0,High,0.94
CUS-000947,Unknown,Unknown,99.5,High,0.99
CUS-000948,Unknown,Unknown,99.5,High,0.99
CUS-000949,Unknown,Unknown,100.0,High,1.0
CUS-000950,Unknown,Unknown,50.5,Medium,0.99
CUS-000951,Unknown,Unknown,100.0,High,1.0
CUS-000952,Unknown,Unknown,49.5,Medium,0.99
CUS-000953,Unknown,Unknown,95.0,High,0.9
CUS-000954,Unknown,Unknown,0.0,Low,1.0
CUS-000955,Unknown,Unknown,100.0,High,1.0
CUS-000956,Unknown,Unknown,100.0,High,1.0
CUS-000957,Unknown,Unknown,100.0,High,1.0
CUS-000958,Unknown,Unknown,99.5,High,0.99
CUS-000959,Unknown,Unknown,50.0,Medium,1.0
CUS-000960,Unknown,Unknown,100.0,High,1.0
CUS-000961,Unknown,Unknown,100.0,High,1.0
CUS-000962,Unknown,Unknown,50.0,Medium,1.0
CUS-000963,Unknown,Unknown,0.0,Low,1.0
CUS-000964,Unknown,Unknown,50.5,Medium,0.99
CUS-000965,Unknown,Unknown,100.0,High,1.0
CUS-000966,Unknown,Unknown,52.5,Medium,0.95
CUS-000967,Unknown,Unknown,99.5,High,0.99
CUS-000968,Unknown,Unknown,100.0,High,1.0
CUS-000969,Unknown,Unknown,51.5,Medium,0.97
CUS-000970,Unknown,Unknown,0.0,Low,1.0
CUS-000971,Unknown,Unknown,50.0,Medium,1.0
CUS-000972,Unknown,Unknown,48.5,Medium,0.97
CUS-000973,Unknown,Unknown,50.0,Medium,1.0
CUS-000974,Unknown,Unknown,100.0,High,1.0
CUS-000975,Unknown,Unknown,100.0,High,1.0
CUS-000976,Unknown,Unknown,50.5,Medium,0.99
CUS-000977,Unknown,Unknown,99.5,High,0.99
CUS-000978,Unknown,Unknown,98.5,High,0.97
CUS-000979,Unknown,Unknown,52.0,Medium,0.96
CUS-000980,Unknown,Unknown,49.0,Medium,0.98
CUS-000981,Unknown,Unknown,99.5,High,0.99
CUS-000982,Unknown,Unknown,100.0,High,1.0
CUS-000983,Unknown,Unknown,99.0,High,0.98
CUS-000984,Unknown,Unknown,100.0,High,1.0
CUS-000985,Unknown,Unknown,50.5,Medium,0.99
CUS-000986,Unknown,Unknown,100.0,High,1.0
CUS-000987,Unknown,Unknown,51.5,Medium,0.97
CUS-000988,Unknown,Unknown,50.0,Medium,1.0
CUS-000989,Unknown,Unknown,49.5,Medium,0.99
CUS-000990,Unknown,Unknown,100.0,High,1.0
CUS-000991,Unknown,Unknown,50.5,Medium,0.99
CUS-000992,Unknown,Unknown,95.5,High,0.91
CUS-000993,Unknown,Unknown,100.0,High,1.0
CUS-000994,Unknown,Unknown,47.5,Medium,0.95
CUS-000995,Unknown,Unknown,50.0,Medium,1.0
CUS-000996,Unknown,Unknown,47.0,Medium,0.94
CUS-000997,Unknown,Unknown,100.0,High,1.0
CUS-000998,Unknown,Unknown,0.0,Low,1.0
CUS-000999,Unknown,Unknown,100.0,High,1.0
CUS-001000,Unknown,Unknown,50.5,Medium,0.99
CUS-001001,Unknown,Unknown,49.5,Medium,0.99
CUS-001002,Unknown,Unknown,50.0,Medium,1.0
CUS-001003,Unknown,Unknown,49.5,Medium,0.99
CUS-001004,Unknown,Unknown,48.0,Medium,0.96
CUS-001005,Unknown,Unknown,50.0,Medium,1.0
CUS-001006,Unknown,Unknown,99.5,High,0.99
CUS-001007,Unknown,Unknown,99.0,High,0.98
CUS-001008,Unknown,Unknown,50.0,Medium,1.0
CUS-001009,Unknown,Unknown,100.0,High,1.0
CUS-001010,Unknown,Unknown,98.5,High,0.97
CUS-001011,Unknown,Unknown,50.5,Medium,0.99
CUS-001012,Unknown,Unknown,100.0,High,1.0
CUS-001013,Unknown,Unknown,100.0,High,1.0
CUS-001014,Unknown,Unknown,50.0,Medium,1.0
CUS-001015,Unknown,Unknown,99.5,High,0.99
CUS-001016,Unknown,Unknown,49.5,Medium,0.99
CUS-001017,Unknown,Unknown,100.0,High,1.0
CUS-001018,Unknown,Unknown,50.0,Medium,1.0
CUS-001019,Unknown,Unknown,50.0,Medium,1.0
CUS-001020,Unknown,Unknown,100.0,High,1.0
CUS-001021,Unknown,Unknown,97.5,High,0.95
CUS-001022,Unknown,Unknown,100.0,High,1.0
CUS-001023,Unknown,Unknown,54.0,Medium,0.92
CUS-001024,Unknown,Unknown,50.5,Medium,0.99
CUS-001025,Unknown,Unknown,50.0,Medium,1.0
CUS-001026,Unknown,Unknown,100.0,High,1.0
CUS-001027,Unknown,Unknown,100.0,High,1.0
CUS-001028,Unknown,Unknown,53.5,Medium,0.93
CUS-001029,Unknown,Unknown,100.0,High,1.0
CUS-001030,Unknown,Unknown,100.0,High,1.0
CUS-001031,Unknown,Unknown,99.5,High,0.99
CUS-001032,Unknown,Unknown,100.0,High,1.0
CUS-001033,Unknown,Unknown,100.0,High,1.0
CUS-001034,Unknown,Unknown,99.5,High,0.99
CUS-001035,Unknown,Unknown,100.0,High,1.0
CUS-001036,Unknown,Unknown,99.5,High,0.99
CUS-001037,Unknown,Unknown,100.0,High,1.0
CUS-001038,Unknown,Unknown,50.0,Medium,1.0
CUS-001039,Unknown,Unknown,100.0,High,1.0
CUS-001040,Unknown,Unknown,50.0,Medium,1.0
CUS-001041,Unknown,Unknown,49.0,Medium,0.98
CUS-001042,Unknown,Unknown,98.5,High,0.97
CUS-001043,Unknown,Unknown,50.0,Medium,1.0
CUS-001044,Unknown,Unknown,99.0,High,0.98
CUS-001045,Unknown,Unknown,49.5,Medium,0.99
CUS-001046,Unknown,Unknown,50.0,Medium,1.0
CUS-001047,Unknown,Unknown,94.5,High,0.89
CUS-001048,Unknown,Unknown,100.0,High,1.0
CUS-001049,Unknown,Unknown,100.0,High,1.0
CUS-001050,Unknown,Unknown,0.0,Low,1.0
CUS-001051,Unknown,Unknown,100.0,High,1.0
CUS-001052,Unknown,Unknown,97.0,High,0.94
CUS-001053,Unknown,Unknown,0.0,Low,1.0
CUS-001054,Unknown,Unknown,0.0,Low,1.0
CUS-001055,Unknown,Unknown,99.5,High,0.99
CUS-001056,Unknown,Unknown,100.0,High,1.0
CUS-001057,Unknown,Unknown,99.0,High,0.98
CUS-001058,Unknown,Unknown,50.0,Medium,1.0
CUS-001059,Unknown,Unknown,100.0,High,1.0
CUS-001060,Unknown,Unknown,100.0,High,1.0
CUS-001061,Unknown,Unknown,99.5,High,0.99
CUS-001062,Unknown,Unknown,50.5,Medium,0.99
CUS-001063,Unknown,Unknown,50.0,Medium,1.0
CUS-001064,Unknown,Unknown,100.0,High,1.0
CUS-001065,Unknown,Unknown,99.5,High,0.99
CUS-001066,Unknown,Unknown,51.0,Medium,0.98
CUS-001067,Unknown,Unknown,98.0,High,0.96
CUS-001068,Unknown,Unknown,50.0,Medium,1.0
CUS-001069,Unknown,Unknown,95.0,High,0.9
CUS-001070,Unknown,Unknown,99.5,High,0.99
CUS-001071,Unknown,Unknown,99.5,High,0.99
CUS-001072,Unknown,Unknown,100.0,High,1.0
CUS-001073,Unknown,Unknown,100.0,High,1.0
CUS-001074,Unknown,Unknown,100.0,High,1.0
CUS-001075,Unknown,Unknown,100.0,High,1.0
CUS-001076,Unknown,Unknown,100.0,High,1.0
CUS-001077,Unknown,Unknown,100.0,High,1.0
CUS-001078,Unknown,Unknown,50.0,Medium,1.0
CUS-001079,Unknown,Unknown,100.0,High,1.0
CUS-001080,Unknown,Unknown,50.0,Medium,1.0
CUS-001081,Unknown,Unknown,0.0,Low,1.0
CUS-001082,Unknown,Unknown,100.0,High,1.0
CUS-001083,Unknown,Unknown,96.5,High,0.93
CUS-001084,Unknown,Unknown,100.0,High,1.0
CUS-001085,Unknown,Unknown,100.0,High,1.0
CUS-001086,Unknown,Unknown,100.0,High,1.0
CUS-001087,Unknown,Unknown,100.0,High,1.0
CUS-001088,Unknown,Unknown,100.0,High,1.0
CUS-001089,Unknown,Unknown,100.0,High,1.0
CUS-001090,Unknown,Unknown,50.0,Medium,1.0
CUS-001091,Unknown,Unknown,51.0,Medium,0.98
CUS-001092,Unknown,Unknown,99.5,High,0.99
CUS-001093,Unknown,Unknown,50.0,Medium,1.0
CUS-001094,Unknown,Unknown,98.5,High,0.97
CUS-001095,Unknown,Unknown,52.5,Medium,0.95
CUS-001096,Unknown,Unknown,99.5,High,0.99
CUS-001097,Unknown,Unknown,50.0,Medium,1.0
CUS-001098,Unknown,Unknown,100.0,High,1.0
CUS-001099,Unknown,Unknown,99.0,High,0.98
CUS-001100,Unknown,Unknown,97.0,High,0.94
CUS-001101,Unknown,Unknown,0.0,Low,1.0
CUS-001102,Unknown,Unknown,99.5,High,0.99
CUS-001103,Unknown,Unknown,51.0,Medium,0.98
CUS-001104,Unknown,Unknown,100.0,High,1.0
CUS-001105,Unknown,Unknown,50.0,Medium,1.0
CUS-001106,Unknown,Unknown,100.0,High,1.0
CUS-001107,Unknown,Unknown,51.0,Medium,0.98
CUS-001108,Unknown,Unknown,100.0,High,1.0
CUS-001109,Unknown,Unknown,100.0,High,1.0
CUS-001110,Unknown,Unknown,50.0,Medium,1.0
CUS-001111,Unknown,Unknown,49.0,Medium,0.98
CUS-001112,Unknown,Unknown,100.0,High,1.0
CUS-001113,Unknown,Unknown,99.0,High,0.98
CUS-001114,Unknown,Unknown,98.5,High,0.97
CUS-001115,Unknown,Unknown,100.0,High,1.0
CUS-001116,Unknown,Unknown,49.0,Medium,0.98
CUS-001117,Unknown,Unknown,0.0,Low,1.0
CUS-001118,Unknown,Unknown,50.5,Medium,0.99
CUS-001119,Unknown,Unknown,94.5,High,0.9
CUS-001120,Unknown,Unknown,100.0,High,1.0
CUS-001121,Unknown,Unknown,100.0,High,1.0
CUS-001122,Unknown,Unknown,0.0,Low,1.0
CUS-001123,Unknown,Unknown,98.5,High,0.97
CUS-001124,Unknown,Unknown,49.5,Medium,0.99
CUS-001125,Unknown,Unknown,50.0,Medium,1.0
CUS-001126,Unknown,Unknown,50.0,Medium,1.0
CUS-001127,Unknown,Unknown,51.0,Medium,0.98
CUS-001128,Unknown,Unknown,50.0,Medium,1.0
CUS-001129,Unknown,Unknown,50.0,Medium,1.0
CUS-001130,Unknown,Unknown,100.0,High,1.0
CUS-001131,Unknown,Unknown,51.5,Medium,0.97
CUS-001132,Unknown,Unknown,100.0,High,1.0
CUS-001133,Unknown,Unknown,0.0,Low,1.0
CUS-001134,Unknown,Unknown,50.0,Medium,1.0
CUS-001135,Unknown,Unknown,100.0,High,1.0
CUS-001136,Unknown,Unknown,99.0,High,0.98
CUS-001137,Unknown,Unknown,52.0,Medium,0.96
CUS-001138,Unknown,Unknown,50.0,Medium,1.0
CUS-001139,Unknown,Unknown,0.0,Low,1.0
CUS-001140,Unknown,Unknown,100.0,High,1.0
CUS-001141,Unknown,Unknown,51.0,Medium,0.98
CUS-001142,Unknown,Unknown,50.0,Medium,1.0
CUS-001143,Unknown,Unknown,100.0,High,1.0
CUS-001144,Unknown,Unknown,100.0,High,1.0
CUS-001145,Unknown,Unknown,51.0,Medium,0.98
CUS-001146,Unknown,Unknown,100.0,High,1.0
CUS-001147,Unknown,Unknown,50.0,Medium,1.0
CUS-001148,Unknown,Unknown,99.0,High,0.98
CUS-001149,Unknown,Unknown,50.5,Medium,0.99
CUS-001150,Unknown,Unknown,100.0,High,1.0
CUS-001151,Unknown,Unknown,50.0,Medium,1.0
CUS-001152,Unknown,Unknown,51.0,Medium,0.98
CUS-001153,Unknown,Unknown,0.5,Low,0.99
CUS-001154,Unknown,Unknown,50.0,Medium,1.0
CUS-001155,Unknown,Unknown,99.5,High,0.99
CUS-001156,Unknown,Unknown,0.5,Low,0.99
CUS-001157,Unknown,Unknown,51.5,Medium,0.97
CUS-001158,Unknown,Unknown,49.5,Medium,0.99
CUS-001159,Unknown,Unknown,100.0,High,1.0
CUS-001160,Unknown,Unknown,99.5,High,0.99
CUS-001161,Unknown,Unknown,100.0,High,1.0
CUS-001162,Unknown,Unknown,50.5,Medium,0.99
CUS-001163,Unknown,Unknown,100.0,High,1.0
CUS-001164,Unknown,Unknown,51.0,Medium,0.98
CUS-001165,Unknown,Unknown,0.0,Low,1.0
CUS-001166,Unknown,Unknown,99.0,High,0.98
CUS-001167,Unknown,Unknown,50.0,Medium,1.0
CUS-001168,Unknown,Unknown,98.5,High,0.97
CUS-001169,Unknown,Unknown,100.0,High,1.0
CUS-001170,Unknown,Unknown,0.0,Low,1.0
CUS-001171,Unknown,Unknown,99.5,High,0.99
CUS-001172,Unknown,Unknown,100.0,High,1.0
CUS-001173,Unknown,Unknown,49.5,Medium,0.99
CUS-001174,Unknown,Unknown,50.0,Medium,1.0
CUS-001175,Unknown,Unknown,50.0,Medium,1.0
CUS-001176,Unknown,Unknown,100.0,High,1.0
CUS-001177,Unknown,Unknown,100.0,High,1.0
CUS-001178,Unknown,Unknown,50.0,Medium,1.0
CUS-001179,Unknown,Unknown,0.0,Low,1.0
CUS-001180,Unknown,Unknown,100.0,High,1.0
CUS-001181,Unknown,Unknown,51.5,Medium,0.97
CUS-001182,Unknown,Unknown,49.0,Medium,0.98
CUS-001183,Unknown,Unknown,50.0,Medium,1.0
CUS-001184,Unknown,Unknown,0.0,Low,1.0
CUS-001185,Unknown,Unknown,0.0,Low,1.0
CUS-001186,Unknown,Unknown,99.5,High,0.99
CUS-001187,Unknown,Unknown,100.0,High,1.0
CUS-001188,Unknown,Unknown,99.5,High,0.99
CUS-001189,Unknown,Unknown,50.5,Medium,0.99
CUS-001190,Unknown,Unknown,99.5,High,0.99
CUS-001191,Unknown,Unknown,100.0,High,1.0
CUS-001192,Unknown,Unknown,51.5,Medium,0.97
CUS-001193,Unknown,Unknown,51.0,Medium,0.98
CUS-001194,Unknown,Unknown,100.0,High,1.0
CUS-001195,Unknown,Unknown,100.0,High,1.0
CUS-001196,Unknown,Unknown,51.0,Medium,0.98
CUS-001197,Unknown,Unknown,0.0,Low,1.0
CUS-001198,Unknown,Unknown,99.0,High,0.98
CUS-001199,Unknown,Unknown,99.5,High,0.99
CUS-001200,Unknown,Unknown,50.5,Medium,0.99
CUS-001201,Unknown,Unknown,99.5,High,0.99
CUS-001202,Unknown,Unknown,100.0,High,1.0
CUS-001203,Unknown,Unknown,100.0,High,1.0
CUS-001204,Unknown,Unknown,100.0,High,1.0
CUS-001205,Unknown,Unknown,50.0,Medium,1.0
CUS-001206,Unknown,Unknown,50.0,Medium,1.0
CUS-001207,Unknown,Unknown,100.0,High,1.0
CUS-001208,Unknown,Unknown,100.0,High,1.0
CUS-001209,Unknown,Unknown,0.0,Low,1.0
CUS-001210,Unknown,Unknown,99.5,High,0.99
CUS-001211,Unknown,Unknown,99.0,High,0.98
CUS-001212,Unknown,Unknown,100.0,High,1.0
CUS-001213,Unknown,Unknown,98.5,High,0.97
CUS-001214,Unknown,Unknown,100.0,High,1.0
CUS-001215,Unknown,Unknown,100.0,High,1.0
CUS-001216,Unknown,Unknown,99.5,High,0.99
CUS-001217,Unknown,Unknown,100.0,High,1.0
CUS-001218,Unknown,Unknown,100.0,High,1.0
CUS-001219,Unknown,Unknown,51.5,Medium,0.97
CUS-001220,Unknown,Unknown,50.0,Medium,1.0
CUS-001221,Unknown,Unknown,50.5,Medium,0.99
CUS-001222,Unknown,Unknown,0.0,Low,1.0
CUS-001223,Unknown,Unknown,99.5,High,0.99
CUS-001224,Unknown,Unknown,50.0,Medium,1.0
CUS-001225,Unknown,Unknown,50.0,Medium,1.0
CUS-001226,Unknown,Unknown,100.0,High,1.0
CUS-001227,Unknown,Unknown,50.5,Medium,0.99
CUS-001228,Unknown,Unknown,99.5,High,0.99
CUS-001229,Unknown,Unknown,99.5,High,0.99
CUS-001230,Unknown,Unknown,50.0,Medium,1.0
CUS-001231,Unknown,Unknown,51.0,Medium,0.98
CUS-001232,Unknown,Unknown,100.0,High,1.0
CUS-001233,Unknown,Unknown,0.0,Low,1.0
CUS-001234,Unknown,Unknown,100.0,High,1.0
CUS-001235,Unknown,Unknown,50.0,Medium,1.0
CUS-001236,Unknown,Unknown,49.5,Medium,0.99
CUS-001237,Unknown,Unknown,50.0,Medium,1.0
CUS-001238,Unknown,Unknown,100.0,High,1.0
CUS-001239,Unknown,Unknown,0.0,Low,1.0
CUS-001240,Unknown,Unknown,49.5,Medium,0.99
CUS-001241,Unknown,Unknown,100.0,High,1.0
CUS-001242,Unknown,Unknown,52.0,Medium,0.96
CUS-001243,Unknown,Unknown,99.5,High,0.99
CUS-001244,Unknown,Unknown,0.0,Low,1.0
CUS-001245,Unknown,Unknown,100.0,High,1.0
CUS-001246,Unknown,Unknown,0.0,Low,1.0
CUS-001247,Unknown,Unknown,99.5,High,0.99
CUS-001248,Unknown,Unknown,0.5,Low,0.99
CUS-001249,Unknown,Unknown,51.5,Medium,0.97
CUS-001250,Unknown,Unknown,100.0,High,1.0
CUS-001251,Unknown,Unknown,95.5,High,0.91
CUS-001252,Unknown,Unknown,96.0,High,0.92
CUS-001253,Unknown,Unknown,49.0,Medium,0.98
CUS-001254,Unknown,Unknown,100.0,High,1.0
CUS-001255,Unknown,Unknown,49.0,Medium,0.98
CUS-001256,Unknown,Unknown,99.5,High,0.99
CUS-001257,Unknown,Unknown,100.0,High,1.0
CUS-001258,Unknown,Unknown,100.0,High,1.0
CUS-001259,Unknown,Unknown,100.0,High,1.0
CUS-001260,Unknown,Unknown,50.5,Medium,0.99
CUS-001261,Unknown,Unknown,48.5,Medium,0.97
CUS-001262,Unknown,Unknown,99.0,High,0.98
CUS-001263,Unknown,Unknown,50.0,Medium,1.0
CUS-001264,Unknown,Unknown,100.0,High,1.0
CUS-001265,Unknown,Unknown,99.5,High,0.99
CUS-001266,Unknown,Unknown,100.0,High,1.0
CUS-001267,Unknown,Unknown,99.0,High,0.98
CUS-001268,Unknown,Unknown,50.5,Medium,0.99
CUS-001269,Unknown,Unknown,100.0,High,1.0
CUS-001270,Unknown,Unknown,100.0,High,1.0
CUS-001271,Unknown,Unknown,99.5,High,0.99
CUS-001272,Unknown,Unknown,50.5,Medium,0.99
CUS-001273,Unknown,Unknown,100.0,High,1.0
CUS-001274,Unknown,Unknown,100.0,High,1.0
CUS-001275,Unknown,Unknown,0.0,Low,1.0
CUS-001276,Unknown,Unknown,48.5,Medium,0.97
CUS-001277,Unknown,Unknown,50.0,Medium,1.0
CUS-001278,Unknown,Unknown,0.0,Low,1.0
CUS-001279,Unknown,Unknown,100.0,High,1.0
CUS-001280,Unknown,Unknown,100.0,High,1.0
CUS-001281,Unknown,Unknown,100.0,High,1.0
CUS-001282,Unknown,Unknown,50.0,Medium,1.0
CUS-001283,Unknown,Unknown,50.0,Medium,1.0
CUS-001284,Unknown,Unknown,100.0,High,1.0
CUS-001285,Unknown,Unknown,50.5,Medium,0.99
CUS-001286,Unknown,Unknown,100.0,High,1.0
CUS-001287,Unknown,Unknown,100.0,High,1.0
CUS-001288,Unknown,Unknown,100.0,High,1.0
CUS-001289,Unknown,Unknown,51.5,Medium,0.97
CUS-001290,Unknown,Unknown,99.5,High,0.99
CUS-001291,Unknown,Unknown,100.0,High,1.0
CUS-001292,Unknown,Unknown,100.0,High,1.0
CUS-001293,Unknown,Unknown,97.5,High,0.95
CUS-001294,Unknown,Unknown,51.0,Medium,0.98
CUS-001295,Unknown,Unknown,50.5,Medium,0.99
CUS-001296,Unknown,Unknown,51.0,Medium,0.98
CUS-001297,Unknown,Unknown,0.0,Low,1.0
CUS-001298,Unknown,Unknown,0.0,Low,1.0
CUS-001299,Unknown,Unknown,51.0,Medium,0.98
CUS-001300,Unknown,Unknown,51.5,Medium,0.97
CUS-001301,Unknown,Unknown,0.0,Low,1.0
CUS-001302,Unknown,Unknown,50.0,Medium,1.0
CUS-001303,Unknown,Unknown,100.0,High,1.0
CUS-001304,Unknown,Unknown,0.0,Low,1.0
CUS-001305,Unknown,Unknown,99.5,High,0.99
CUS-001306,Unknown,Unknown,50.5,Medium,0.99
CUS-001307,Unknown,Unknown,100.0,High,1.0
CUS-001308,Unknown,Unknown,99.5,High,0.99
CUS-001309,Unknown,Unknown,50.5,Medium,0.99
CUS-001310,Unknown,Unknown,100.0,High,1.0
CUS-001311,Unknown,Unknown,100.0,High,1.0
CUS-001312,Unknown,Unknown,100.0,High,1.0
CUS-001313,Unknown,Unknown,50.5,Medium,0.99
CUS-001314,Unknown,Unknown,50.5,Medium,0.99
CUS-001315,Unknown,Unknown,50.0,Medium,1.0
CUS-001316,Unknown,Unknown,99.5,High,0.99
CUS-001317,Unknown,Unknown,50.5,Medium,0.99
CUS-001318,Unknown,Unknown,50.5,Medium,0.99
CUS-001319,Unknown,Unknown,100.0,High,1.0
CUS-001320,Unknown,Unknown,99.0,High,0.98
CUS-001321,Unknown,Unknown,99.5,High,0.99
CUS-001322,Unknown,Unknown,50.0,Medium,1.0
CUS-001323,Unknown,Unknown,50.0,Medium,1.0
CUS-001324,Unknown,Unknown,98.5,High,0.97
CUS-001325,Unknown,Unknown,99.5,High,0.99
CUS-001326,Unknown,Unknown,50.5,Medium,0.99
CUS-001327,Unknown,Unknown,100.0,High,1.0
CUS-001328,Unknown,Unknown,50.5,Medium,0.99
CUS-001329,Unknown,Unknown,49.5,Medium,0.99
CUS-001330,Unknown,Unknown,50.0,Medium,1.0
CUS-001331,Unknown,Unknown,52.0,Medium,0.96
CUS-001332,Unknown,Unknown,100.0,High,1.0
CUS-001333,Unknown,Unknown,99.5,High,0.99
CUS-001334,Unknown,Unknown,99.0,High,0.98
CUS-001335,Unknown,Unknown,98.5,High,0.97
CUS-001336,Unknown,Unknown,100.0,High,1.0
CUS-001337,Unknown,Unknown,50.0,Medium,1.0
CUS-001338,Unknown,Unknown,100.0,High,1.0
CUS-001339,Unknown,Unknown,50.0,Medium,1.0
CUS-001340,Unknown,Unknown,50.5,Medium,0.99
CUS-001341,Unknown,Unknown,51.0,Medium,0.98
CUS-001342,Unknown,Unknown,100.0,High,1.0
CUS-001343,Unknown,Unknown,50.0,Medium,1.0
CUS-001344,Unknown,Unknown,48.0,Medium,0.96
CUS-001345,Unknown,Unknown,100.0,High,1.0
CUS-001346,Unknown,Unknown,51.0,Medium,0.98
CUS-001347,Unknown,Unknown,99.5,High,0.99
CUS-001348,Unknown,Unknown,99.0,High,0.98
CUS-001349,Unknown,Unknown,50.0,Medium,1.0
CUS-001350,Unknown,Unknown,50.0,Medium,1.0
CUS-001351,Unknown,Unknown,100.0,High,1.0
CUS-001352,Unknown,Unknown,100.0,High,1.0
CUS-001353,Unknown,Unknown,50.0,Medium,1.0
CUS-001354,Unknown,Unknown,99.5,High,0.99
CUS-001355,Unknown,Unknown,50.0,Medium,1.0
CUS-001356,Unknown,Unknown,94.5,High,0.89
CUS-001357,Unknown,Unknown,54.0,Medium,0.92
CUS-001358,Unknown,Unknown,50.0,Medium,1.0
CUS-001359,Unknown,Unknown,100.0,High,1.0
CUS-001360,Unknown,Unknown,0.0,Low,1.0
CUS-001361,Unknown,Unknown,51.0,Medium,0.98
CUS-001362,Unknown,Unknown,50.0,Medium,1.0
CUS-001363,Unknown,Unknown,99.5,High,0.99
CUS-001364,Unknown,Unknown,50.5,Medium,0.99
CUS-001365,Unknown,Unknown,50.0,Medium,1.0
CUS-001366,Unknown,Unknown,50.0,Medium,1.0
CUS-001367,Unknown,Unknown,50.5,Medium,0.99
CUS-001368,Unknown,Unknown,51.0,Medium,0.98
CUS-001369,Unknown,Unknown,49.5,Medium,0.99
CUS-001370,Unknown,Unknown,99.0,High,0.98
CUS-001371,Unknown,Unknown,0.0,Low,1.0
CUS-001372,Unknown,Unknown,48.5,Medium,0.97
CUS-001373,Unknown,Unknown,100.0,High,1.0
CUS-001374,Unknown,Unknown,99.5,High,0.99
CUS-001375,Unknown,Unknown,100.0,High,1.0
CUS-001376,Unknown,Unknown,50.0,Medium,1.0
CUS-001377,Unknown,Unknown,100.0,High,1.0
CUS-001378,Unknown,Unknown,99.5,High,0.99
CUS-001379,Unknown,Unknown,50.5,Medium,0.99
CUS-001380,Unknown,Unknown,51.5,Medium,0.97
CUS-001381,Unknown,Unknown,99.5,High,0.99
CUS-001382,Unknown,Unknown,50.0,Medium,1.0
CUS-001383,Unknown,Unknown,100.0,High,1.0
CUS-001384,Unknown,Unknown,100.0,High,1.0
CUS-001385,Unknown,Unknown,50.0,Medium,1.0
CUS-001386,Unknown,Unknown,50.0,Medium,1.0
CUS-001387,Unknown,Unknown,100.0,High,1.0
CUS-001388,Unknown,Unknown,99.5,High,0.99
CUS-001389,Unknown,Unknown,100.0,High,1.0
CUS-001390,Unknown,Unknown,95.0,High,0.91
CUS-001391,Unknown,Unknown,50.0,Medium,1.0
CUS-001392,Unknown,Unknown,100.0,High,1.0
CUS-001393,Unknown,Unknown,0.0,Low,1.0
CUS-001394,Unknown,Unknown,51.5,Medium,0.97
CUS-001395,Unknown,Unknown,99.5,High,0.99
CUS-001396,Unknown,Unknown,50.0,Medium,1.0
CUS-001397,Unknown,Unknown,98.5,High,0.97
CUS-001398,Unknown,Unknown,99.5,High,0.99
CUS-001399,Unknown,Unknown,100.0,High,1.0
CUS-001400,Unknown,Unknown,50.0,Medium,1.0
CUS-001401,Unknown,Unknown,100.0,High,1.0
CUS-001402,Unknown,Unknown,0.0,Low,1.0
CUS-001403,Unknown,Unknown,100.0,High,1.0
CUS-001404,Unknown,Unknown,50.5,Medium,0.99
CUS-001405,Unknown,Unknown,49.5,Medium,0.99
CUS-001406,Unknown,Unknown,0.5,Low,0.99
CUS-001407,Unknown,Unknown,100.0,High,1.0
CUS-001408,Unknown,Unknown,50.5,Medium,0.99
CUS-001409,Unknown,Unknown,50.0,Medium,1.0
CUS-001410,Unknown,Unknown,50.5,Medium,0.99
CUS-001411,Unknown,Unknown,100.0,High,1.0
CUS-001412,Unknown,Unknown,51.0,Medium,0.98
CUS-001413,Unknown,Unknown,50.0,Medium,1.0
CUS-001414,Unknown,Unknown,99.5,High,0.99
CUS-001415,Unknown,Unknown,50.0,Medium,1.0
CUS-001416,Unknown,Unknown,100.0,High,1.0
CUS-001417,Unknown,Unknown,50.0,Medium,1.0
CUS-001418,Unknown,Unknown,99.0,High,0.98
CUS-001419,Unknown,Unknown,100.0,High,1.0
CUS-001420,Unknown,Unknown,50.5,Medium,0.99
CUS-001421,Unknown,Unknown,100.0,High,1.0
CUS-001422,Unknown,Unknown,99.5,High,0.99
CUS-001423,Unknown,Unknown,99.0,High,0.98
CUS-001424,Unknown,Unknown,99.5,High,0.99
CUS-001425,Unknown,Unknown,100.0,High,1.0
CUS-001426,Unknown,Unknown,50.0,Medium,1.0
CUS-001427,Unknown,Unknown,50.5,Medium,0.99
CUS-001428,Unknown,Unknown,98.0,High,0.96
CUS-001429,Unknown,Unknown,100.0,High,1.0
CUS-001430,Unknown,Unknown,99.5,High,0.99
CUS-001431,Unknown,Unknown,100.0,High,1.0
CUS-001432,Unknown,Unknown,50.5,Medium,0.99
CUS-001433,Unknown,Unknown,49.0,Medium,0.98
CUS-001434,Unknown,Unknown,100.0,High,1.0
CUS-001435,Unknown,Unknown,49.5,Medium,0.99
CUS-001436,Unknown,Unknown,100.0,High,1.0
CUS-001437,Unknown,Unknown,48.5,Medium,0.97
CUS-001438,Unknown,Unknown,98.0,High,0.96
CUS-001439,Unknown,Unknown,100.0,High,1.0
CUS-001440,Unknown,Unknown,50.0,Medium,1.0
CUS-001441,Unknown,Unknown,0.0,Low,1.0
CUS-001442,Unknown,Unknown,0.0,Low,1.0
CUS-001443,Unknown,Unknown,50.0,Medium,1.0
CUS-001444,Unknown,Unknown,100.0,High,1.0
CUS-001445,Unknown,Unknown,96.5,High,0.93
CUS-001446,Unknown,Unknown,50.0,Medium,1.0
CUS-001447,Unknown,Unknown,100.0,High,1.0
CUS-001448,Unknown,Unknown,98.5,High,0.97
CUS-001449,Unknown,Unknown,100.0,High,1.0
CUS-001450,Unknown,Unknown,49.0,Medium,0.98
CUS-001451,Unknown,Unknown,53.0,Medium,0.94
CUS-001452,Unknown,Unknown,96.5,High,0.93
CUS-001453,Unknown,Unknown,100.0,High,1.0
CUS-001454,Unknown,Unknown,100.0,High,1.0
CUS-001455,Unknown,Unknown,50.0,Medium,1.0
CUS-001456,Unknown,Unknown,0.0,Low,1.0
CUS-001457,Unknown,Unknown,50.0,Medium,1.0
CUS-001458,Unknown,Unknown,100.0,High,1.0
CUS-001459,Unknown,Unknown,100.0,High,1.0
CUS-001460,Unknown,Unknown,98.0,High,0.96
CUS-001461,Unknown,Unknown,100.0,High,1.0
CUS-001462,Unknown,Unknown,99.5,High,0.99
CUS-001463,Unknown,Unknown,49.0,Medium,0.98
CUS-001464,Unknown,Unknown,100.0,High,1.0
CUS-001465,Unknown,Unknown,99.0,High,0.98
CUS-001466,Unknown,Unknown,99.5,High,0.99
CUS-001467,Unknown,Unknown,100.0,High,1.0
CUS-001468,Unknown,Unknown,0.0,Low,1.0
CUS-001469,Unknown,Unknown,100.0,High,1.0
CUS-001470,Unknown,Unknown,50.5,Medium,0.99
CUS-001471,Unknown,Unknown,100.0,High,1.0
CUS-001472,Unknown,Unknown,0.0,Low,1.0
CUS-001473,Unknown,Unknown,49.5,Medium,0.99
CUS-001474,Unknown,Unknown,51.0,Medium,0.98
CUS-001475,Unknown,Unknown,99.5,High,0.99
CUS-001476,Unknown,Unknown,51.0,Medium,0.98
CUS-001477,Unknown,Unknown,98.0,High,0.96
CUS-001478,Unknown,Unknown,100.0,High,1.0
CUS-001479,Unknown,Unknown,100.0,High,1.0
CUS-001480,Unknown,Unknown,99.0,High,0.98
CUS-001481,Unknown,Unknown,47.0,Medium,0.94
CUS-001482,Unknown,Unknown,99.0,High,0.98
CUS-001483,Unknown,Unknown,50.0,Medium,1.0
CUS-001484,Unknown,Unknown,49.5,Medium,0.99
CUS-001485,Unknown,Unknown,100.0,High,1.0
CUS-001486,Unknown,Unknown,0.0,Low,1.0
CUS-001487,Unknown,Unknown,99.0,High,0.98
CUS-001488,Unknown,Unknown,99.5,High,0.99
CUS-001489,Unknown,Unknown,100.0,High,1.0
CUS-001490,Unknown,Unknown,100.0,High,1.0
CUS-001491,Unknown,Unknown,50.5,Medium,0.99
CUS-001492,Unknown,Unknown,100.0,High,1.0
CUS-001493,Unknown,Unknown,100.0,High,1.0
CUS-001494,Unknown,Unknown,99.5,High,0.99
CUS-001495,Unknown,Unknown,50.0,Medium,1.0
CUS-001496,Unknown,Unknown,50.5,Medium,0.99
CUS-001497,Unknown,Unknown,50.5,Medium,0.99
CUS-001498,Unknown,Unknown,99.0,High,0.98
CUS-001499,Unknown,Unknown,100.0,High,1.0
CUS-001500,Unknown,Unknown,100.0,High,1.0
CUS-001501,Unknown,Unknown,99.5,High,0.99
CUS-001502,Unknown,Unknown,50.0,Medium,1.0
CUS-001503,Unknown,Unknown,100.0,High,1.0
CUS-001504,Unknown,Unknown,50.5,Medium,0.99
CUS-001505,Unknown,Unknown,99.5,High,0.99
CUS-001506,Unknown,Unknown,99.5,High,0.99
CUS-001507,Unknown,Unknown,100.0,High,1.0
CUS-001508,Unknown,Unknown,99.5,High,0.99
CUS-001509,Unknown,Unknown,51.5,Medium,0.97
CUS-001510,Unknown,Unknown,100.0,High,1.0
CUS-001511,Unknown,Unknown,49.5,Medium,0.99
CUS-001512,Unknown,Unknown,50.0,Medium,1.0
CUS-001513,Unknown,Unknown,50.0,Medium,1.0
CUS-001514,Unknown,Unknown,100.0,High,1.0
CUS-001515,Unknown,Unknown,100.0,High,1.0
CUS-001516,Unknown,Unknown,0.0,Low,1.0
CUS-001517,Unknown,Unknown,51.0,Medium,0.98
CUS-001518,Unknown,Unknown,100.0,High,1.0
CUS-001519,Unknown,Unknown,50.0,Medium,1.0
CUS-001520,Unknown,Unknown,50.0,Medium,0.98
CUS-001521,Unknown,Unknown,99.5,High,0.99
CUS-001522,Unknown,Unknown,51.0,Medium,0.98
CUS-001523,Unknown,Unknown,100.0,High,1.0
CUS-001524,Unknown,Unknown,100.0,High,1.0
CUS-001525,Unknown,Unknown,99.5,High,0.99
CUS-001526,Unknown,Unknown,0.0,Low,1.0
CUS-001527,Unknown,Unknown,51.0,Medium,0.98
CUS-001528,Unknown,Unknown,51.0,Medium,0.98
CUS-001529,Unknown,Unknown,50.0,Medium,1.0
CUS-001530,Unknown,Unknown,100.0,High,1.0
CUS-001531,Unknown,Unknown,99.5,High,0.99
CUS-001532,Unknown,Unknown,51.0,Medium,0.98
CUS-001533,Unknown,Unknown,98.5,High,0.97
CUS-001534,Unknown,Unknown,100.0,High,1.0
CUS-001535,Unknown,Unknown,50.0,Medium,1.0
CUS-001536,Unknown,Unknown,99.0,High,0.98
CUS-001537,Unknown,Unknown,100.0,High,1.0
CUS-001538,Unknown,Unknown,55.0,Medium,0.9
CUS-001539,Unknown,Unknown,100.0,High,1.0
CUS-001540,Unknown,Unknown,100.0,High,1.0
CUS-001541,Unknown,Unknown,50.0,Medium,1.0
CUS-001542,Unknown,Unknown,0.0,Low,1.0
CUS-001543,Unknown,Unknown,99.5,High,0.99
CUS-001544,Unknown,Unknown,50.0,Medium,1.0
CUS-001545,Unknown,Unknown,100.0,High,1.0
CUS-001546,Unknown,Unknown,100.0,High,1.0
CUS-001547,Unknown,Unknown,50.5,Medium,0.99
CUS-001548,Unknown,Unknown,50.0,Medium,1.0
CUS-001549,Unknown,Unknown,100.0,High,1.0
CUS-001550,Unknown,Unknown,51.5,Medium,0.97
CUS-001551,Unknown,Unknown,50.0,Medium,1.0
CUS-001552,Unknown,Unknown,100.0,High,1.0
CUS-001553,Unknown,Unknown,100.0,High,1.0
CUS-001554,Unknown,Unknown,51.0,Medium,0.98
CUS-001555,Unknown,Unknown,51.5,Medium,0.97
CUS-001556,Unknown,Unknown,97.0,High,0.94
CUS-001557,Unknown,Unknown,100.0,High,1.0
CUS-001558,Unknown,Unknown,96.5,High,0.93
CUS-001559,Unknown,Unknown,50.0,Medium,1.0
CUS-001560,Unknown,Unknown,50.0,Medium,1.0
CUS-001561,Unknown,Unknown,100.0,High,1.0
CUS-001562,Unknown,Unknown,50.0,Medium,1.0
CUS-001563,Unknown,Unknown,100.0,High,1.0
CUS-001564,Unknown,Unknown,100.0,High,1.0
CUS-001565,Unknown,Unknown,99.5,High,0.99
CUS-001566,Unknown,Unknown,99.5,High,0.99
CUS-001567,Unknown,Unknown,49.0,Medium,0.98
CUS-001568,Unknown,Unknown,0.0,Low,1.0
CUS-001569,Unknown,Unknown,50.0,Medium,1.0
CUS-001570,Unknown,Unknown,50.5,Medium,0.99
CUS-001571,Unknown,Unknown,100.0,High,1.0
CUS-001572,Unknown,Unknown,100.0,High,1.0
CUS-001573,Unknown,Unknown,50.5,Medium,0.99
CUS-001574,Unknown,Unknown,53.0,Medium,0.94
CUS-001575,Unknown,Unknown,0.0,Low,1.0
CUS-001576,Unknown,Unknown,0.0,Low,1.0
CUS-001577,Unknown,Unknown,100.0,High,1.0
CUS-001578,Unknown,Unknown,100.0,High,1.0
CUS-001579,Unknown,Unknown,99.0,High,0.98
CUS-001580,Unknown,Unknown,100.0,High,1.0
CUS-001581,Unknown,Unknown,51.0,Medium,0.98
CUS-001582,Unknown,Unknown,99.5,High,0.99
CUS-001583,Unknown,Unknown,50.0,Medium,1.0
CUS-001584,Unknown,Unknown,50.0,Medium,1.0
CUS-001585,Unknown,Unknown,100.0,High,1.0
CUS-001586,Unknown,Unknown,100.0,High,1.0
CUS-001587,Unknown,Unknown,100.0,High,1.0
CUS-001588,Unknown,Unknown,99.0,High,0.98
CUS-001589,Unknown,Unknown,100.0,High,1.0
CUS-001590,Unknown,Unknown,0.0,Low,1.0
CUS-001591,Unknown,Unknown,0.0,Low,1.0
CUS-001592,Unknown,Unknown,52.0,Medium,0.96
CUS-001593,Unknown,Unknown,100.0,High,1.0
CUS-001594,Unknown,Unknown,99.5,High,0.99
CUS-001595,Unknown,Unknown,100.0,High,1.0
CUS-001596,Unknown,Unknown,100.0,High,1.0
CUS-001597,Unknown,Unknown,99.0,High,0.98
CUS-001598,Unknown,Unknown,46.0,Medium,0.92
CUS-001599,Unknown,Unknown,100.0,High,1.0
CUS-001600,Unknown,Unknown,50.5,Medium,0.99
CUS-001601,Unknown,Unknown,100.0,High,1.0
CUS-001602,Unknown,Unknown,49.5,Medium,0.99
CUS-001603,Unknown,Unknown,100.0,High,1.0
CUS-001604,Unknown,Unknown,100.0,High,1.0
CUS-001605,Unknown,Unknown,47.5,Medium,0.95
CUS-001606,Unknown,Unknown,50.0,Medium,1.0
CUS-001607,Unknown,Unknown,99.0,High,0.98
CUS-001608,Unknown,Unknown,50.0,Medium,1.0
CUS-001609,Unknown,Unknown,100.0,High,1.0
CUS-001610,Unknown,Unknown,98.5,High,0.97
CUS-001611,Unknown,Unknown,50.0,Medium,1.0
CUS-001612,Unknown,Unknown,100.0,High,1.0
CUS-001613,Unknown,Unknown,100.0,High,1.0
CUS-001614,Unknown,Unknown,100.0,High,1.0
CUS-001615,Unknown,Unknown,51.0,Medium,0.98
CUS-001616,Unknown,Unknown,50.5,Medium,0.99
CUS-001617,Unknown,Unknown,51.0,Medium,0.98
CUS-001618,Unknown,Unknown,100.0,High,1.0
CUS-001619,Unknown,Unknown,98.5,High,0.97
CUS-001620,Unknown,Unknown,0.0,Low,1.0
CUS-001621,Unknown,Unknown,48.0,Medium,0.96
CUS-001622,Unknown,Unknown,99.0,High,0.98
CUS-001623,Unknown,Unknown,100.0,High,1.0
CUS-001624,Unknown,Unknown,50.0,Medium,1.0
CUS-001625,Unknown,Unknown,100.0,High,1.0
CUS-001626,Unknown,Unknown,99.5,High,0.99
CUS-001627,Unknown,Unknown,100.0,High,1.0
CUS-001628,Unknown,Unknown,0.0,Low,1.0
CUS-001629,Unknown,Unknown,49.0,Medium,0.98
CUS-001630,Unknown,Unknown,100.0,High,1.0
CUS-001631,Unknown,Unknown,100.0,High,1.0
CUS-001632,Unknown,Unknown,50.5,Medium,0.99
CUS-001633,Unknown,Unknown,50.5,Medium,0.99
CUS-001634,Unknown,Unknown,51.0,Medium,0.98
CUS-001635,Unknown,Unknown,100.0,High,1.0
CUS-001636,Unknown,Unknown,50.5,Medium,0.99
CUS-001637,Unknown,Unknown,50.0,Medium,1.0
CUS-001638,Unknown,Unknown,100.0,High,1.0
CUS-001639,Unknown,Unknown,48.5,Medium,0.97
CUS-001640,Unknown,Unknown,96.5,High,0.93
CUS-001641,Unknown,Unknown,99.5,High,0.99
CUS-001642,Unknown,Unknown,50.0,Medium,1.0
CUS-001643,Unknown,Unknown,50.5,Medium,0.99
CUS-001644,Unknown,Unknown,50.5,Medium,0.99
CUS-001645,Unknown,Unknown,50.0,Medium,1.0
CUS-001646,Unknown,Unknown,50.5,Medium,0.99
CUS-001647,Unknown,Unknown,99.5,High,0.99
CUS-001648,Unknown,Unknown,100.0,High,1.0
CUS-001649,Unknown,Unknown,100.0,High,1.0
CUS-001650,Unknown,Unknown,100.0,High,1.0
CUS-001651,Unknown,Unknown,0.0,Low,1.0
CUS-001652,Unknown,Unknown,100.0,High,1.0
CUS-001653,Unknown,Unknown,40.5,Medium,0.81
CUS-001654,Unknown,Unknown,49.5,Medium,0.99
CUS-001655,Unknown,Unknown,100.0,High,1.0
CUS-001656,Unknown,Unknown,99.5,High,0.99
CUS-001657,Unknown,Unknown,50.0,Medium,1.0
CUS-001658,Unknown,Unknown,100.0,High,1.0
CUS-001659,Unknown,Unknown,50.0,Medium,1.0
CUS-001660,Unknown,Unknown,51.0,Medium,0.98
CUS-001661,Unknown,Unknown,98.5,High,0.97
CUS-001662,Unknown,Unknown,100.0,High,1.0
CUS-001663,Unknown,Unknown,100.0,High,1.0
CUS-001664,Unknown,Unknown,47.5,Medium,0.95
CUS-001665,Unknown,Unknown,100.0,High,1.0
CUS-001666,Unknown,Unknown,50.5,Medium,0.99
CUS-001667,Unknown,Unknown,99.0,High,0.98
CUS-001668,Unknown,Unknown,50.0,Medium,1.0
CUS-001669,Unknown,Unknown,0.0,Low,1.0
CUS-001670,Unknown,Unknown,100.0,High,1.0
CUS-001671,Unknown,Unknown,99.5,High,0.99
CUS-001672,Unknown,Unknown,99.5,High,0.99
CUS-001673,Unknown,Unknown,100.0,High,1.0
CUS-001674,Unknown,Unknown,99.0,High,0.98
CUS-001675,Unknown,Unknown,99.5,High,0.99
CUS-001676,Unknown,Unknown,99.5,High,0.99
CUS-001677,Unknown,Unknown,100.0,High,1.0
CUS-001678,Unknown,Unknown,99.0,High,0.98
CUS-001679,Unknown,Unknown,50.5,Medium,0.99
CUS-001680,Unknown,Unknown,100.0,High,1.0
CUS-001681,Unknown,Unknown,50.5,Medium,0.99
CUS-001682,Unknown,Unknown,100.0,High,1.0
CUS-001683,Unknown,Unknown,99.5,High,0.99
CUS-001684,Unknown,Unknown,100.0,High,1.0
CUS-001685,Unknown,Unknown,50.5,Medium,0.99
CUS-001686,Unknown,Unknown,49.0,Medium,0.98
CUS-001687,Unknown,Unknown,99.5,High,0.99
CUS-001688,Unknown,Unknown,100.0,High,1.0
CUS-001689,Unknown,Unknown,100.0,High,1.0
CUS-001690,Unknown,Unknown,50.5,Medium,0.99
CUS-001691,Unknown,Unknown,100.0,High,1.0
CUS-001692,Unknown,Unknown,54.0,Medium,0.92
CUS-001693,Unknown,Unknown,99.5,High,0.99
CUS-001694,Unknown,Unknown,50.5,Medium,0.99
CUS-001695,Unknown,Unknown,100.0,High,1.0
CUS-001696,Unknown,Unknown,100.0,High,1.0
CUS-001697,Unknown,Unknown,49.5,Medium,0.99
CUS-001698,Unknown,Unknown,100.0,High,1.0
CUS-001699,Unknown,Unknown,98.5,High,0.97
CUS-001700,Unknown,Unknown,100.0,High,1.0
CUS-001701,Unknown,Unknown,50.0,Medium,1.0
CUS-001702,Unknown,Unknown,100.0,High,1.0
CUS-001703,Unknown,Unknown,50.5,Medium,0.99
CUS-001704,Unknown,Unknown,100.0,High,1.0
CUS-001705,Unknown,Unknown,50.0,Medium,1.0
CUS-001706,Unknown,Unknown,100.0,High,1.0
CUS-001707,Unknown,Unknown,98.0,High,0.96
CUS-001708,Unknown,Unknown,50.0,Medium,1.0
CUS-001709,Unknown,Unknown,50.5,Medium,0.99
CUS-001710,Unknown,Unknown,100.0,High,1.0
CUS-001711,Unknown,Unknown,50.5,Medium,0.99
CUS-001712,Unknown,Unknown,50.0,Medium,1.0
CUS-001713,Unknown,Unknown,100.0,High,1.0
CUS-001714,Unknown,Unknown,99.5,High,0.99
CUS-001715,Unknown,Unknown,50.0,Medium,1.0
CUS-001716,Unknown,Unknown,50.5,Medium,0.99
CUS-001717,Unknown,Unknown,99.5,High,0.99
CUS-001718,Unknown,Unknown,50.0,Medium,1.0
CUS-001719,Unknown,Unknown,100.0,High,1.0
CUS-001720,Unknown,Unknown,100.0,High,1.0
CUS-001721,Unknown,Unknown,0.0,Low,1.0
CUS-001722,Unknown,Unknown,50.0,Medium,1.0
CUS-001723,Unknown,Unknown,98.5,High,0.97
CUS-001724,Unknown,Unknown,98.5,High,0.97
CUS-001725,Unknown,Unknown,100.0,High,1.0
CUS-001726,Unknown,Unknown,49.5,Medium,0.99
CUS-001727,Unknown,Unknown,50.0,Medium,1.0
CUS-001728,Unknown,Unknown,98.0,High,0.96
CUS-001729,Unknown,Unknown,49.5,Medium,0.99
CUS-001730,Unknown,Unknown,50.0,Medium,1.0
CUS-001731,Unknown,Unknown,100.0,High,1.0
CUS-001732,Unknown,Unknown,0.0,Low,1.0
CUS-001733,Unknown,Unknown,100.0,High,1.0
CUS-001734,Unknown,Unknown,50.5,Medium,0.99
CUS-001735,Unknown,Unknown,100.0,High,1.0
CUS-001736,Unknown,Unknown,100.0,High,1.0
CUS-001737,Unknown,Unknown,97.5,High,0.95
CUS-001738,Unknown,Unknown,99.0,High,0.98
CUS-001739,Unknown,Unknown,50.0,Medium,1.0
CUS-001740,Unknown,Unknown,50.0,Medium,1.0
CUS-001741,Unknown,Unknown,50.0,Medium,1.0
CUS-001742,Unknown,Unknown,50.0,Medium,1.0
CUS-001743,Unknown,Unknown,49.0,Medium,0.98
CUS-001744,Unknown,Unknown,100.0,High,1.0
CUS-001745,Unknown,Unknown,100.0,High,1.0
CUS-001746,Unknown,Unknown,50.0,Medium,1.0
CUS-001747,Unknown,Unknown,100.0,High,1.0
CUS-001748,Unknown,Unknown,98.5,High,0.97
CUS-001749,Unknown,Unknown,52.0,Medium,0.96
CUS-001750,Unknown,Unknown,51.0,Medium,0.98
CUS-001751,Unknown,Unknown,100.0,High,1.0
CUS-001752,Unknown,Unknown,47.0,Medium,0.94
CUS-001753,Unknown,Unknown,99.5,High,0.99
CUS-001754,Unknown,Unknown,50.0,Medium,1.0
CUS-001755,Unknown,Unknown,100.0,High,1.0
CUS-001756,Unknown,Unknown,53.0,Medium,0.94
CUS-001757,Unknown,Unknown,0.5,Low,0.99
CUS-001758,Unknown,Unknown,100.0,High,1.0
CUS-001759,Unknown,Unknown,100.0,High,1.0
CUS-001760,Unknown,Unknown,50.5,Medium,0.99
CUS-001761,Unknown,Unknown,100.0,High,1.0
CUS-001762,Unknown,Unknown,51.0,Medium,0.98
CUS-001763,Unknown,Unknown,49.5,Medium,0.99
CUS-001764,Unknown,Unknown,49.0,Medium,0.98
CUS-001765,Unknown,Unknown,50.0,Medium,1.0
CUS-001766,Unknown,Unknown,50.0,Medium,1.0
CUS-001767,Unknown,Unknown,99.5,High,0.99
CUS-001768,Unknown,Unknown,48.5,Medium,0.97
CUS-001769,Unknown,Unknown,50.0,Medium,1.0
CUS-001770,Unknown,Unknown,100.0,High,1.0
CUS-001771,Unknown,Unknown,100.0,High,1.0
CUS-001772,Unknown,Unknown,51.0,Medium,0.98
CUS-001773,Unknown,Unknown,99.0,High,0.98
CUS-001774,Unknown,Unknown,100.0,High,1.0
CUS-001775,Unknown,Unknown,99.5,High,0.99
CUS-001776,Unknown,Unknown,99.5,High,0.99
CUS-001777,Unknown,Unknown,100.0,High,1.0
CUS-001778,Unknown,Unknown,50.0,Medium,1.0
CUS-001779,Unknown,Unknown,99.5,High,0.99
CUS-001780,Unknown,Unknown,100.0,High,1.0
CUS-001781,Unknown,Unknown,0.0,Low,1.0
CUS-001782,Unknown,Unknown,100.0,High,1.0
CUS-001783,Unknown,Unknown,50.5,Medium,0.99
CUS-001784,Unknown,Unknown,50.0,Medium,1.0
CUS-001785,Unknown,Unknown,48.5,Medium,0.97
CUS-001786,Unknown,Unknown,100.0,High,1.0
CUS-001787,Unknown,Unknown,100.0,High,1.0
CUS-001788,Unknown,Unknown,99.5,High,0.99
CUS-001789,Unknown,Unknown,99.0,High,0.98
CUS-001790,Unknown,Unknown,48.5,Medium,0.97
CUS-001791,Unknown,Unknown,100.0,High,1.0
CUS-001792,Unknown,Unknown,100.0,High,1.0
CUS-001793,Unknown,Unknown,98.0,High,0.96
CUS-001794,Unknown,Unknown,99.0,High,0.98
CUS-001795,Unknown,Unknown,50.0,Medium,1.0
CUS-001796,Unknown,Unknown,50.0,Medium,1.0
CUS-001797,Unknown,Unknown,99.5,High,0.99
CUS-001798,Unknown,Unknown,100.0,High,1.0
CUS-001799,Unknown,Unknown,99.0,High,0.98
CUS-001800,Unknown,Unknown,50.0,Medium,1.0
CUS-001801,Unknown,Unknown,98.0,High,0.96
CUS-001802,Unknown,Unknown,50.0,Medium,1.0
CUS-001803,Unknown,Unknown,49.5,Medium,0.99
CUS-001804,Unknown,Unknown,100.0,High,1.0
CUS-001805,Unknown,Unknown,100.0,High,1.0
CUS-001806,Unknown,Unknown,100.0,High,1.0
CUS-001807,Unknown,Unknown,51.0,Medium,0.98
CUS-001808,Unknown,Unknown,99.5,High,0.99
CUS-001809,Unknown,Unknown,50.5,Medium,0.99
CUS-001810,Unknown,Unknown,91.0,High,0.82
CUS-001811,Unknown,Unknown,50.5,Medium,0.99
CUS-001812,Unknown,Unknown,100.0,High,1.0
CUS-001813,Unknown,Unknown,100.0,High,1.0
CUS-001814,Unknown,Unknown,0.0,Low,1.0
CUS-001815,Unknown,Unknown,51.0,Medium,0.98
CUS-001816,Unknown,Unknown,99.5,High,0.99
CUS-001817,Unknown,Unknown,99.5,High,0.99
CUS-001818,Unknown,Unknown,100.0,High,1.0
CUS-001819,Unknown,Unknown,100.0,High,1.0
CUS-001820,Unknown,Unknown,51.0,Medium,0.98
CUS-001821,Unknown,Unknown,100.0,High,1.0
CUS-001822,Unknown,Unknown,98.5,High,0.97
CUS-001823,Unknown,Unknown,99.5,High,0.99
CUS-001824,Unknown,Unknown,99.5,High,0.99
CUS-001825,Unknown,Unknown,99.5,High,0.99
CUS-001826,Unknown,Unknown,49.5,Medium,0.99
CUS-001827,Unknown,Unknown,50.0,Medium,1.0
CUS-001828,Unknown,Unknown,99.5,High,0.99
CUS-001829,Unknown,Unknown,99.5,High,0.99
CUS-001830,Unknown,Unknown,51.5,Medium,0.97
CUS-001831,Unknown,Unknown,50.5,Medium,0.99
CUS-001832,Unknown,Unknown,100.0,High,1.0
CUS-001833,Unknown,Unknown,99.5,High,0.99
CUS-001834,Unknown,Unknown,50.0,Medium,1.0
CUS-001835,Unknown,Unknown,49.0,Medium,0.98
CUS-001836,Unknown,Unknown,0.5,Low,0.99
CUS-001837,Unknown,Unknown,99.5,High,0.99
CUS-001838,Unknown,Unknown,50.0,Medium,1.0
CUS-001839,Unknown,Unknown,100.0,High,1.0
CUS-001840,Unknown,Unknown,51.5,Medium,0.97
CUS-001841,Unknown,Unknown,50.5,Medium,0.99
CUS-001842,Unknown,Unknown,50.0,Medium,1.0
CUS-001843,Unknown,Unknown,50.0,Medium,1.0
CUS-001844,Unknown,Unknown,100.0,High,1.0
CUS-001845,Unknown,Unknown,50.0,Medium,1.0
CUS-001846,Unknown,Unknown,100.0,High,1.0
CUS-001847,Unknown,Unknown,53.5,Medium,0.93
CUS-001848,Unknown,Unknown,100.0,High,1.0
CUS-001849,Unknown,Unknown,100.0,High,1.0
CUS-001850,Unknown,Unknown,100.0,High,1.0
CUS-001851,Unknown,Unknown,45.5,Medium,0.91
CUS-001852,Unknown,Unknown,99.5,High,0.99
CUS-001853,Unknown,Unknown,50.5,Medium,0.99
CUS-001854,Unknown,Unknown,100.0,High,1.0
CUS-001855,Unknown,Unknown,99.5,High,0.99
CUS-001856,Unknown,Unknown,99.5,High,0.99
CUS-001857,Unknown,Unknown,49.0,Medium,0.98
CUS-001858,Unknown,Unknown,100.0,High,1.0
CUS-001859,Unknown,Unknown,100.0,High,1.0
CUS-001860,Unknown,Unknown,50.5,Medium,0.99
CUS-001861,Unknown,Unknown,99.5,High,0.99
CUS-001862,Unknown,Unknown,99.5,High,0.99
CUS-001863,Unknown,Unknown,100.0,High,1.0
CUS-001864,Unknown,Unknown,100.0,High,1.0
CUS-001865,Unknown,Unknown,100.0,High,1.0
CUS-001866,Unknown,Unknown,100.0,High,1.0
CUS-001867,Unknown,Unknown,51.0,Medium,0.98
CUS-001868,Unknown,Unknown,0.0,Low,1.0
CUS-001869,Unknown,Unknown,100.0,High,1.0
CUS-001870,Unknown,Unknown,50.0,Medium,1.0
CUS-001871,Unknown,Unknown,100.0,High,1.0
CUS-001872,Unknown,Unknown,50.0,Medium,1.0
CUS-001873,Unknown,Unknown,99.5,High,0.99
CUS-001874,Unknown,Unknown,51.5,Medium,0.97
CUS-001875,Unknown,Unknown,100.0,High,1.0
CUS-001876,Unknown,Unknown,100.0,High,1.0
CUS-001877,Unknown,Unknown,50.0,Medium,1.0
CUS-001878,Unknown,Unknown,100.0,High,1.0
CUS-001879,Unknown,Unknown,100.0,High,1.0
CUS-001880,Unknown,Unknown,50.5,Medium,0.99
CUS-001881,Unknown,Unknown,100.0,High,1.0
CUS-001882,Unknown,Unknown,100.0,High,1.0
CUS-001883,Unknown,Unknown,100.0,High,1.0
CUS-001884,Unknown,Unknown,100.0,High,1.0
CUS-001885,Unknown,Unknown,99.0,High,0.98
CUS-001886,Unknown,Unknown,100.0,High,1.0
CUS-001887,Unknown,Unknown,97.0,High,0.94
CUS-001888,Unknown,Unknown,50.5,Medium,0.99
CUS-001889,Unknown,Unknown,100.0,High,1.0
CUS-001890,Unknown,Unknown,50.5,Medium,0.99
CUS-001891,Unknown,Unknown,50.0,Medium,1.0
CUS-001892,Unknown,Unknown,50.0,Medium,1.0
CUS-001893,Unknown,Unknown,100.0,High,1.0
CUS-001894,Unknown,Unknown,49.5,Medium,0.99
CUS-001895,Unknown,Unknown,50.5,Medium,0.99
CUS-001896,Unknown,Unknown,0.0,Low,1.0
CUS-001897,Unknown,Unknown,100.0,High,1.0
CUS-001898,Unknown,Unknown,49.5,Medium,0.99
CUS-001899,Unknown,Unknown,49.0,Medium,0.98
CUS-001900,Unknown,Unknown,51.0,Medium,0.98
CUS-001901,Unknown,Unknown,50.0,Medium,1.0
CUS-001902,Unknown,Unknown,50.0,Medium,0.98
CUS-001903,Unknown,Unknown,52.0,Medium,0.96
CUS-001904,Unknown,Unknown,0.0,Low,1.0
CUS-001905,Unknown,Unknown,99.5,High,0.99
CUS-001906,Unknown,Unknown,50.0,Medium,1.0
CUS-001907,Unknown,Unknown,98.5,High,0.97
CUS-001908,Unknown,Unknown,50.0,Medium,1.0
CUS-001909,Unknown,Unknown,100.0,High,1.0
CUS-001910,Unknown,Unknown,99.5,High,0.99
CUS-001911,Unknown,Unknown,51.0,Medium,0.98
CUS-001912,Unknown,Unknown,0.0,Low,1.0
CUS-001913,Unknown,Unknown,98.0,High,0.96
CUS-001914,Unknown,Unknown,50.5,Medium,0.99
CUS-001915,Unknown,Unknown,0.0,Low,1.0
CUS-001916,Unknown,Unknown,0.0,Low,1.0
CUS-001917,Unknown,Unknown,100.0,High,1.0
CUS-001918,Unknown,Unknown,100.0,High,1.0
CUS-001919,Unknown,Unknown,99.5,High,0.99
CUS-001920,Unknown,Unknown,51.0,Medium,0.98
CUS-001921,Unknown,Unknown,50.0,Medium,1.0
CUS-001922,Unknown,Unknown,100.0,High,1.0
CUS-001923,Unknown,Unknown,100.0,High,1.0
CUS-001924,Unknown,Unknown,100.0,High,1.0
CUS-001925,Unknown,Unknown,51.5,Medium,0.97
CUS-001926,Unknown,Unknown,48.0,Medium,0.96
CUS-001927,Unknown,Unknown,100.0,High,1.0
CUS-001928,Unknown,Unknown,51.5,Medium,0.97
CUS-001929,Unknown,Unknown,0.0,Low,1.0
CUS-001930,Unknown,Unknown,98.5,High,0.97
CUS-001931,Unknown,Unknown,50.0,Medium,1.0
CUS-001932,Unknown,Unknown,100.0,High,1.0
CUS-001933,Unknown,Unknown,98.5,High,0.97
CUS-001934,Unknown,Unknown,100.0,High,1.0
CUS-001935,Unknown,Unknown,99.0,High,0.98
CUS-001936,Unknown,Unknown,49.0,Medium,0.98
CUS-001937,Unknown,Unknown,100.0,High,1.0
CUS-001938,Unknown,Unknown,100.0,High,1.0
CUS-001939,Unknown,Unknown,99.5,High,0.99
CUS-001940,Unknown,Unknown,49.5,Medium,0.99
CUS-001941,Unknown,Unknown,0.0,Low,1.0
CUS-001942,Unknown,Unknown,98.5,High,0.97
CUS-001943,Unknown,Unknown,100.0,High,1.0
CUS-001944,Unknown,Unknown,50.0,Medium,1.0
CUS-001945,Unknown,Unknown,100.0,High,1.0
CUS-001946,Unknown,Unknown,100.0,High,1.0
CUS-001947,Unknown,Unknown,0.0,Low,1.0
CUS-001948,Unknown,Unknown,100.0,High,1.0
CUS-001949,Unknown,Unknown,50.0,Medium,1.0
CUS-001950,Unknown,Unknown,98.5,High,0.97
CUS-001951,Unknown,Unknown,100.0,High,1.0
CUS-001952,Unknown,Unknown,0.0,Low,1.0
CUS-001953,Unknown,Unknown,100.0,High,1.0
CUS-001954,Unknown,Unknown,99.5,High,0.99
CUS-001955,Unknown,Unknown,100.0,High,1.0
CUS-001956,Unknown,Unknown,52.0,Medium,0.96
CUS-001957,Unknown,Unknown,98.5,High,0.97
CUS-001958,Unknown,Unknown,49.5,Medium,0.99
CUS-001959,Unknown,Unknown,100.0,High,1.0
CUS-001960,Unknown,Unknown,98.5,High,0.97
CUS-001961,Unknown,Unknown,100.0,High,1.0
CUS-001962,Unknown,Unknown,50.0,Medium,0.98
CUS-001963,Unknown,Unknown,99.5,High,0.99
CUS-001964,Unknown,Unknown,49.0,Medium,0.98
CUS-001965,Unknown,Unknown,100.0,High,1.0
CUS-001966,Unknown,Unknown,51.0,Medium,0.98
CUS-001967,Unknown,Unknown,100.0,High,1.0
CUS-001968,Unknown,Unknown,99.0,High,0.98
CUS-001969,Unknown,Unknown,99.5,High,0.99
CUS-001970,Unknown,Unknown,99.0,High,0.98
CUS-001971,Unknown,Unknown,100.0,High,1.0
CUS-001972,Unknown,Unknown,53.0,Medium,0.94
CUS-001973,Unknown,Unknown,100.0,High,1.0
CUS-001974,Unknown,Unknown,51.5,Medium,0.97
CUS-001975,Unknown,Unknown,0.5,Low,0.99
CUS-001976,Unknown,Unknown,0.0,Low,1.0
CUS-001977,Unknown,Unknown,49.0,Medium,0.98
CUS-001978,Unknown,Unknown,100.0,High,1.0
CUS-001979,Unknown,Unknown,99.0,High,0.98
CUS-001980,Unknown,Unknown,0.0,Low,1.0
CUS-001981,Unknown,Unknown,99.0,High,0.98
CUS-001982,Unknown,Unknown,1.0,Low,0.98
CUS-001983,Unknown,Unknown,100.0,High,1.0
CUS-001984,Unknown,Unknown,99.0,High,0.98
CUS-001985,Unknown,Unknown,99.5,High,0.99
CUS-001986,Unknown,Unknown,51.5,Medium,0.97
CUS-001987,Unknown,Unknown,51.0,Medium,0.98
CUS-001988,Unknown,Unknown,50.0,Medium,1.0
CUS-001989,Unknown,Unknown,50.5,Medium,0.99
CUS-001990,Unknown,Unknown,50.0,Medium,1.0
CUS-001991,Unknown,Unknown,49.5,Medium,0.99
CUS-001992,Unknown,Unknown,50.0,Medium,1.0
CUS-001993,Unknown,Unknown,100.0,High,1.0
CUS-001994,Unknown,Unknown,48.0,Medium,0.96
CUS-001995,Unknown,Unknown,100.0,High,1.0
CUS-001996,Unknown,Unknown,100.0,High,1.0
CUS-001997,Unknown,Unknown,100.0,High,1.0
CUS-001998,Unknown,Unknown,99.0,High,0.98
CUS-001999,Unknown,Unknown,100.0,High,1.0
CUS-002000,Unknown,Unknown,52.5,Medium,0.95
CUS-002001,Unknown,Unknown,51.0,Medium,0.98
CUS-002002,Unknown,Unknown,99.0,High,0.98
CUS-002003,Unknown,Unknown,100.0,High,1.0
CUS-002004,Unknown,Unknown,50.0,Medium,1.0
CUS-002005,Unknown,Unknown,50.0,Medium,1.0
CUS-002006,Unknown,Unknown,100.0,High,1.0
CUS-002007,Unknown,Unknown,50.0,Medium,1.0
CUS-002008,Unknown,Unknown,0.0,Low,1.0
CUS-002009,Unknown,Unknown,0.0,Low,1.0
CUS-002010,Unknown,Unknown,100.0,High,1.0
CUS-002011,Unknown,Unknown,98.5,High,0.97
CUS-002012,Unknown,Unknown,100.0,High,1.0
CUS-002013,Unknown,Unknown,46.0,Medium,0.92
CUS-002014,Unknown,Unknown,98.5,High,0.97
CUS-002015,Unknown,Unknown,100.0,High,1.0
CUS-002016,Unknown,Unknown,50.0,Medium,1.0
CUS-002017,Unknown,Unknown,0.0,Low,1.0
CUS-002018,Unknown,Unknown,0.0,Low,1.0
CUS-002019,Unknown,Unknown,51.0,Medium,0.98
CUS-002020,Unknown,Unknown,50.5,Medium,0.99
CUS-002021,Unknown,Unknown,98.5,High,0.97
CUS-002022,Unknown,Unknown,49.5,Medium,0.99
CUS-002023,Unknown,Unknown,49.5,Medium,0.99
CUS-002024,Unknown,Unknown,0.0,Low,1.0
CUS-002025,Unknown,Unknown,100.0,High,1.0
CUS-002026,Unknown,Unknown,99.5,High,0.99
CUS-002027,Unknown,Unknown,100.0,High,1.0
CUS-002028,Unknown,Unknown,50.5,Medium,0.99
CUS-002029,Unknown,Unknown,99.5,High,0.99
CUS-002030,Unknown,Unknown,100.0,High,1.0
CUS-002031,Unknown,Unknown,0.0,Low,1.0
CUS-002032,Unknown,Unknown,98.5,High,0.97
CUS-002033,Unknown,Unknown,100.0,High,1.0
CUS-002034,Unknown,Unknown,100.0,High,1.0
CUS-002035,Unknown,Unknown,50.0,Medium,1.0
CUS-002036,Unknown,Unknown,99.5,High,0.99
CUS-002037,Unknown,Unknown,100.0,High,1.0
CUS-002038,Unknown,Unknown,50.0,Medium,1.0
CUS-002039,Unknown,Unknown,50.0,Medium,1.0
CUS-002040,Unknown,Unknown,51.0,Medium,0.98
CUS-002041,Unknown,Unknown,100.0,High,1.0
CUS-002042,Unknown,Unknown,99.5,High,0.99
CUS-002043,Unknown,Unknown,100.0,High,1.0
CUS-002044,Unknown,Unknown,100.0,High,1.0
CUS-002045,Unknown,Unknown,98.5,High,0.97
CUS-002046,Unknown,Unknown,49.0,Medium,0.98
CUS-002047,Unknown,Unknown,50.0,Medium,1.0
CUS-002048,Unknown,Unknown,99.5,High,0.99
CUS-002049,Unknown,Unknown,100.0,High,1.0
CUS-002050,Unknown,Unknown,99.5,High,0.99
CUS-002051,Unknown,Unknown,99.5,High,0.99
CUS-002052,Unknown,Unknown,48.5,Medium,0.97
CUS-002053,Unknown,Unknown,51.0,Medium,0.98
CUS-002054,Unknown,Unknown,99.5,High,0.99
CUS-002055,Unknown,Unknown,50.0,Medium,1.0
CUS-002056,Unknown,Unknown,100.0,High,1.0
CUS-002057,Unknown,Unknown,98.0,High,0.96
CUS-002058,Unknown,Unknown,50.0,Medium,1.0
CUS-002059,Unknown,Unknown,50.5,Medium,0.99
CUS-002060,Unknown,Unknown,50.0,Medium,1.0
CUS-002061,Unknown,Unknown,100.0,High,1.0
CUS-002062,Unknown,Unknown,99.0,High,0.98
CUS-002063,Unknown,Unknown,50.0,Medium,1.0
CUS-002064,Unknown,Unknown,50.0,Medium,1.0
CUS-002065,Unknown,Unknown,100.0,High,1.0
CUS-002066,Unknown,Unknown,100.0,High,1.0
CUS-002067,Unknown,Unknown,50.5,Medium,0.99
CUS-002068,Unknown,Unknown,50.0,Medium,1.0
CUS-002069,Unknown,Unknown,49.5,Medium,0.99
CUS-002070,Unknown,Unknown,50.0,Medium,1.0
CUS-002071,Unknown,Unknown,99.0,High,0.98
CUS-002072,Unknown,Unknown,100.0,High,1.0
CUS-002073,Unknown,Unknown,50.5,Medium,0.99
CUS-002074,Unknown,Unknown,100.0,High,1.0
CUS-002075,Unknown,Unknown,99.5,High,0.99
CUS-002076,Unknown,Unknown,99.5,High,0.99
CUS-002077,Unknown,Unknown,100.0,High,1.0
CUS-002078,Unknown,Unknown,99.5,High,0.99
CUS-002079,Unknown,Unknown,99.5,High,0.99
CUS-002080,Unknown,Unknown,94.0,High,0.88
CUS-002081,Unknown,Unknown,99.5,High,0.99
CUS-002082,Unknown,Unknown,0.0,Low,1.0
CUS-002083,Unknown,Unknown,50.0,Medium,1.0
CUS-002084,Unknown,Unknown,50.5,Medium,0.99
CUS-002085,Unknown,Unknown,100.0,High,1.0
CUS-002086,Unknown,Unknown,48.5,Medium,0.97
CUS-002087,Unknown,Unknown,51.0,Medium,0.98
CUS-002088,Unknown,Unknown,99.5,High,0.99
CUS-002089,Unknown,Unknown,100.0,High,1.0
CUS-002090,Unknown,Unknown,99.5,High,0.99
CUS-002091,Unknown,Unknown,100.0,High,1.0
CUS-002092,Unknown,Unknown,50.0,Medium,1.0
CUS-002093,Unknown,Unknown,50.5,Medium,0.99
CUS-002094,Unknown,Unknown,100.0,High,1.0
CUS-002095,Unknown,Unknown,100.0,High,1.0
CUS-002096,Unknown,Unknown,99.5,High,0.99
CUS-002097,Unknown,Unknown,0.0,Low,1.0
CUS-002098,Unknown,Unknown,100.0,High,1.0
CUS-002099,Unknown,Unknown,49.5,Medium,0.99
CUS-002100,Unknown,Unknown,50.0,Medium,1.0
CUS-002101,Unknown,Unknown,100.0,High,1.0
CUS-002102,Unknown,Unknown,0.0,Low,1.0
CUS-002103,Unknown,Unknown,100.0,High,1.0
CUS-002104,Unknown,Unknown,50.0,Medium,1.0
CUS-002105,Unknown,Unknown,50.5,Medium,0.99
CUS-002106,Unknown,Unknown,100.0,High,1.0
CUS-002107,Unknown,Unknown,100.0,High,1.0
CUS-002108,Unknown,Unknown,100.0,High,1.0
CUS-002109,Unknown,Unknown,100.0,High,1.0
CUS-002110,Unknown,Unknown,49.5,Medium,0.99
CUS-002111,Unknown,Unknown,50.0,Medium,1.0
CUS-002112,Unknown,Unknown,50.0,Medium,1.0
CUS-002113,Unknown,Unknown,0.0,Low,1.0
CUS-002114,Unknown,Unknown,50.0,Medium,1.0
CUS-002115,Unknown,Unknown,50.0,Medium,1.0
CUS-002116,Unknown,Unknown,99.0,High,0.98
CUS-002117,Unknown,Unknown,0.0,Low,1.0
CUS-002118,Unknown,Unknown,100.0,High,1.0
CUS-002119,Unknown,Unknown,0.0,Low,1.0
CUS-002120,Unknown,Unknown,50.5,Medium,0.99
CUS-002121,Unknown,Unknown,48.5,Medium,0.97
CUS-002122,Unknown,Unknown,99.0,High,0.98
CUS-002123,Unknown,Unknown,49.5,Medium,0.99
CUS-002124,Unknown,Unknown,50.5,Medium,0.99
CUS-002125,Unknown,Unknown,51.0,Medium,0.98
CUS-002126,Unknown,Unknown,99.5,High,0.99
CUS-002127,Unknown,Unknown,50.0,Medium,1.0
CUS-002128,Unknown,Unknown,50.5,Medium,0.99
CUS-002129,Unknown,Unknown,50.0,Medium,1.0
CUS-002130,Unknown,Unknown,50.0,Medium,1.0
CUS-002131,Unknown,Unknown,50.0,Medium,1.0
CUS-002132,Unknown,Unknown,100.0,High,1.0
CUS-002133,Unknown,Unknown,99.0,High,0.98
CUS-002134,Unknown,Unknown,100.0,High,1.0
CUS-002135,Unknown,Unknown,100.0,High,1.0
CUS-002136,Unknown,Unknown,50.0,Medium,1.0
CUS-002137,Unknown,Unknown,99.5,High,0.99
CUS-002138,Unknown,Unknown,100.0,High,1.0
CUS-002139,Unknown,Unknown,100.0,High,1.0
CUS-002140,Unknown,Unknown,50.5,Medium,0.99
CUS-002141,Unknown,Unknown,100.0,High,1.0
CUS-002142,Unknown,Unknown,99.0,High,0.98
CUS-002143,Unknown,Unknown,99.5,High,0.99
CUS-002144,Unknown,Unknown,100.0,High,1.0
CUS-002145,Unknown,Unknown,50.0,Medium,1.0
CUS-002146,Unknown,Unknown,99.5,High,0.99
CUS-002147,Unknown,Unknown,99.5,High,0.99
CUS-002148,Unknown,Unknown,50.0,Medium,1.0
CUS-002149,Unknown,Unknown,100.0,High,1.0
CUS-002150,Unknown,Unknown,100.0,High,1.0
CUS-002151,Unknown,Unknown,98.5,High,0.97
CUS-002152,Unknown,Unknown,50.0,Medium,1.0
CUS-002153,Unknown,Unknown,100.0,High,1.0
CUS-002154,Unknown,Unknown,98.0,High,0.96
CUS-002155,Unknown,Unknown,99.5,High,0.99
CUS-002156,Unknown,Unknown,99.5,High,0.99
CUS-002157,Unknown,Unknown,50.0,Medium,1.0
CUS-002158,Unknown,Unknown,50.0,Medium,1.0
CUS-002159,Unknown,Unknown,100.0,High,1.0
CUS-002160,Unknown,Unknown,0.0,Low,1.0
CUS-002161,Unknown,Unknown,99.5,High,0.99
CUS-002162,Unknown,Unknown,50.0,Medium,1.0
CUS-002163,Unknown,Unknown,50.0,Medium,1.0
CUS-002164,Unknown,Unknown,100.0,High,1.0
CUS-002165,Unknown,Unknown,50.5,Medium,0.99
CUS-002166,Unknown,Unknown,49.5,Medium,0.99
CUS-002167,Unknown,Unknown,99.5,High,0.99
CUS-002168,Unknown,Unknown,50.5,Medium,0.99
CUS-002169,Unknown,Unknown,99.0,High,0.98
CUS-002170,Unknown,Unknown,50.0,Medium,1.0
CUS-002171,Unknown,Unknown,98.5,High,0.97
CUS-002172,Unknown,Unknown,49.0,Medium,0.98
CUS-002173,Unknown,Unknown,100.0,High,1.0
CUS-002174,Unknown,Unknown,0.0,Low,1.0
CUS-002175,Unknown,Unknown,100.0,High,1.0
CUS-002176,Unknown,Unknown,50.0,Medium,1.0
CUS-002177,Unknown,Unknown,50.5,Medium,0.99
CUS-002178,Unknown,Unknown,99.5,High,0.99
CUS-002179,Unknown,Unknown,50.5,Medium,0.99
CUS-002180,Unknown,Unknown,50.0,Medium,1.0
CUS-002181,Unknown,Unknown,99.0,High,0.98
CUS-002182,Unknown,Unknown,50.0,Medium,1.0
CUS-002183,Unknown,Unknown,50.0,Medium,1.0
CUS-002184,Unknown,Unknown,0.0,Low,1.0
CUS-002185,Unknown,Unknown,99.0,High,0.98
CUS-002186,Unknown,Unknown,96.5,High,0.93
CUS-002187,Unknown,Unknown,99.0,High,0.98
CUS-002188,Unknown,Unknown,51.0,Medium,0.98
CUS-002189,Unknown,Unknown,0.0,Low,1.0
CUS-002190,Unknown,Unknown,99.0,High,0.98
CUS-002191,Unknown,Unknown,0.0,Low,1.0
CUS-002192,Unknown,Unknown,99.5,High,0.99
CUS-002193,Unknown,Unknown,100.0,High,1.0
CUS-002194,Unknown,Unknown,50.0,Medium,1.0
CUS-002195,Unknown,Unknown,99.5,High,0.99
CUS-002196,Unknown,Unknown,100.0,High,1.0
CUS-002197,Unknown,Unknown,51.0,Medium,0.98
CUS-002198,Unknown,Unknown,100.0,High,1.0
CUS-002199,Unknown,Unknown,49.0,Medium,0.98
CUS-002200,Unknown,Unknown,100.0,High,1.0
CUS-002201,Unknown,Unknown,0.0,Low,1.0
CUS-002202,Unknown,Unknown,100.0,High,1.0
CUS-002203,Unknown,Unknown,99.5,High,0.99
CUS-002204,Unknown,Unknown,49.0,Medium,0.98
CUS-002205,Unknown,Unknown,50.0,Medium,1.0
CUS-002206,Unknown,Unknown,50.0,Medium,1.0
CUS-002207,Unknown,Unknown,99.5,High,0.99
CUS-002208,Unknown,Unknown,100.0,High,1.0
CUS-002209,Unknown,Unknown,50.0,Medium,1.0
CUS-002210,Unknown,Unknown,0.0,Low,1.0
CUS-002211,Unknown,Unknown,99.5,High,0.99
CUS-002212,Unknown,Unknown,50.0,Medium,1.0
CUS-002213,Unknown,Unknown,50.5,Medium,0.99
CUS-002214,Unknown,Unknown,50.0,Medium,1.0
CUS-002215,Unknown,Unknown,100.0,High,1.0
CUS-002216,Unknown,Unknown,53.0,Medium,0.94
CUS-002217,Unknown,Unknown,0.0,Low,1.0
CUS-002218,Unknown,Unknown,99.5,High,0.99
CUS-002219,Unknown,Unknown,100.0,High,1.0
CUS-002220,Unknown,Unknown,100.0,High,1.0
CUS-002221,Unknown,Unknown,51.0,Medium,0.98
CUS-002222,Unknown,Unknown,50.0,Medium,1.0
CUS-002223,Unknown,Unknown,49.5,Medium,0.99
CUS-002224,Unknown,Unknown,0.0,Low,1.0
CUS-002225,Unknown,Unknown,99.5,High,0.99
CUS-002226,Unknown,Unknown,49.5,Medium,0.99
CUS-002227,Unknown,Unknown,99.5,High,0.99
CUS-002228,Unknown,Unknown,50.0,Medium,1.0
CUS-002229,Unknown,Unknown,50.0,Medium,1.0
CUS-002230,Unknown,Unknown,97.5,High,0.95
CUS-002231,Unknown,Unknown,50.0,Medium,1.0
CUS-002232,Unknown,Unknown,99.5,High,0.99
CUS-002233,Unknown,Unknown,49.5,Medium,0.99
CUS-002234,Unknown,Unknown,50.0,Medium,1.0
CUS-002235,Unknown,Unknown,50.5,Medium,0.99
CUS-002236,Unknown,Unknown,100.0,High,1.0
CUS-002237,Unknown,Unknown,49.5,Medium,0.99
CUS-002238,Unknown,Unknown,100.0,High,1.0
CUS-002239,Unknown,Unknown,100.0,High,1.0
CUS-002240,Unknown,Unknown,100.0,High,1.0
CUS-002241,Unknown,Unknown,98.0,High,0.96
CUS-002242,Unknown,Unknown,50.0,Medium,1.0
CUS-002243,Unknown,Unknown,99.0,High,0.98
CUS-002244,Unknown,Unknown,50.0,Medium,1.0
CUS-002245,Unknown,Unknown,50.0,Medium,1.0
CUS-002246,Unknown,Unknown,50.0,Medium,1.0
CUS-002247,Unknown,Unknown,99.5,High,0.99
CUS-002248,Unknown,Unknown,50.0,Medium,1.0
CUS-002249,Unknown,Unknown,100.0,High,1.0
CUS-002250,Unknown,Unknown,99.0,High,0.98
CUS-002251,Unknown,Unknown,99.0,High,0.98
CUS-002252,Unknown,Unknown,100.0,High,1.0
CUS-002253,Unknown,Unknown,50.5,Medium,0.99
CUS-002254,Unknown,Unknown,99.0,High,0.98
CUS-002255,Unknown,Unknown,100.0,High,1.0
CUS-002256,Unknown,Unknown,100.0,High,1.0
CUS-002257,Unknown,Unknown,50.0,Medium,1.0
CUS-002258,Unknown,Unknown,100.0,High,1.0
CUS-002259,Unknown,Unknown,50.5,Medium,0.99
CUS-002260,Unknown,Unknown,100.0,High,1.0
CUS-002261,Unknown,Unknown,98.5,High,0.97
CUS-002262,Unknown,Unknown,100.0,High,1.0
CUS-002263,Unknown,Unknown,100.0,High,1.0
CUS-002264,Unknown,Unknown,50.0,Medium,1.0
CUS-002265,Unknown,Unknown,50.0,Medium,1.0
CUS-002266,Unknown,Unknown,0.0,Low,1.0
CUS-002267,Unknown,Unknown,98.0,High,0.96
CUS-002268,Unknown,Unknown,100.0,High,1.0
CUS-002269,Unknown,Unknown,99.5,High,0.99
CUS-002270,Unknown,Unknown,99.0,High,0.98
CUS-002271,Unknown,Unknown,51.0,Medium,0.98
CUS-002272,Unknown,Unknown,100.0,High,1.0
CUS-002273,Unknown,Unknown,100.0,High,1.0
CUS-002274,Unknown,Unknown,99.5,High,0.99
CUS-002275,Unknown,Unknown,98.5,High,0.97
CUS-002276,Unknown,Unknown,93.0,High,0.86
CUS-002277,Unknown,Unknown,100.0,High,1.0
CUS-002278,Unknown,Unknown,51.5,Medium,0.97
CUS-002279,Unknown,Unknown,100.0,High,1.0
CUS-002280,Unknown,Unknown,50.5,Medium,0.99
CUS-002281,Unknown,Unknown,50.0,Medium,1.0
CUS-002282,Unknown,Unknown,50.0,Medium,1.0
CUS-002283,Unknown,Unknown,99.5,High,0.99
CUS-002284,Unknown,Unknown,100.0,High,1.0
CUS-002285,Unknown,Unknown,0.0,Low,1.0
CUS-002286,Unknown,Unknown,49.0,Medium,0.98
CUS-002287,Unknown,Unknown,50.5,Medium,0.99
CUS-002288,Unknown,Unknown,100.0,High,1.0
CUS-002289,Unknown,Unknown,50.5,Medium,0.99
CUS-002290,Unknown,Unknown,50.5,Medium,0.99
CUS-002291,Unknown,Unknown,98.5,High,0.97
CUS-002292,Unknown,Unknown,51.5,Medium,0.97
CUS-002293,Unknown,Unknown,100.0,High,1.0
CUS-002294,Unknown,Unknown,50.0,Medium,1.0
CUS-002295,Unknown,Unknown,99.5,High,0.99
CUS-002296,Unknown,Unknown,51.0,Medium,0.98
CUS-002297,Unknown,Unknown,99.5,High,0.99
CUS-002298,Unknown,Unknown,0.0,Low,1.0
CUS-002299,Unknown,Unknown,50.0,Medium,1.0
CUS-002300,Unknown,Unknown,100.0,High,1.0
CUS-002301,Unknown,Unknown,50.0,Medium,1.0
CUS-002302,Unknown,Unknown,100.0,High,1.0
CUS-002303,Unknown,Unknown,100.0,High,1.0
CUS-002304,Unknown,Unknown,99.5,High,0.99
CUS-002305,Unknown,Unknown,53.0,Medium,0.94
CUS-002306,Unknown,Unknown,100.0,High,1.0
CUS-002307,Unknown,Unknown,99.0,High,0.98
CUS-002308,Unknown,Unknown,50.0,Medium,1.0
CUS-002309,Unknown,Unknown,50.0,Medium,1.0
CUS-002310,Unknown,Unknown,100.0,High,1.0
CUS-002311,Unknown,Unknown,100.0,High,1.0
CUS-002312,Unknown,Unknown,99.5,High,0.99
CUS-002313,Unknown,Unknown,99.5,High,0.99
CUS-002314,Unknown,Unknown,51.0,Medium,0.98
CUS-002315,Unknown,Unknown,50.5,Medium,0.99
CUS-002316,Unknown,Unknown,98.5,High,0.97
CUS-002317,Unknown,Unknown,99.5,High,0.99
CUS-002318,Unknown,Unknown,51.5,Medium,0.97
CUS-002319,Unknown,Unknown,52.0,Medium,0.96
CUS-002320,Unknown,Unknown,100.0,High,1.0
CUS-002321,Unknown,Unknown,50.0,Medium,1.0
CUS-002322,Unknown,Unknown,49.0,Medium,0.98
CUS-002323,Unknown,Unknown,100.0,High,1.0
CUS-002324,Unknown,Unknown,50.0,Medium,0.98
CUS-002325,Unknown,Unknown,51.0,Medium,0.98
CUS-002326,Unknown,Unknown,99.0,High,0.98
CUS-002327,Unknown,Unknown,49.5,Medium,0.99
CUS-002328,Unknown,Unknown,99.0,High,0.98
CUS-002329,Unknown,Unknown,98.0,High,0.96
CUS-002330,Unknown,Unknown,51.5,Medium,0.97
CUS-002331,Unknown,Unknown,100.0,High,1.0
CUS-002332,Unknown,Unknown,100.0,High,1.0
CUS-002333,Unknown,Unknown,100.0,High,1.0
CUS-002334,Unknown,Unknown,0.0,Low,1.0
CUS-002335,Unknown,Unknown,50.5,Medium,0.99
CUS-002336,Unknown,Unknown,50.0,Medium,1.0
CUS-002337,Unknown,Unknown,100.0,High,1.0
CUS-002338,Unknown,Unknown,98.5,High,0.97
CUS-002339,Unknown,Unknown,100.0,High,1.0
CUS-002340,Unknown,Unknown,50.0,Medium,1.0
CUS-002341,Unknown,Unknown,89.5,High,0.79
CUS-002342,Unknown,Unknown,50.0,Medium,0.98
CUS-002343,Unknown,Unknown,100.0,High,1.0
CUS-002344,Unknown,Unknown,100.0,High,1.0
CUS-002345,Unknown,Unknown,99.5,High,0.99
CUS-002346,Unknown,Unknown,50.0,Medium,1.0
CUS-002347,Unknown,Unknown,100.0,High,1.0
CUS-002348,Unknown,Unknown,100.0,High,1.0
CUS-002349,Unknown,Unknown,0.5,Low,0.99
CUS-002350,Unknown,Unknown,48.0,Medium,0.96
CUS-002351,Unknown,Unknown,49.5,Medium,0.99
CUS-002352,Unknown,Unknown,99.5,High,0.99
CUS-002353,Unknown,Unknown,50.0,Medium,1.0
CUS-002354,Unknown,Unknown,51.0,Medium,0.98
CUS-002355,Unknown,Unknown,51.0,Medium,0.98
CUS-002356,Unknown,Unknown,100.0,High,1.0
CUS-002357,Unknown,Unknown,99.5,High,0.99
CUS-002358,Unknown,Unknown,50.0,Medium,1.0
CUS-002359,Unknown,Unknown,100.0,High,1.0
CUS-002360,Unknown,Unknown,51.0,Medium,0.98
CUS-002361,Unknown,Unknown,100.0,High,1.0
CUS-002362,Unknown,Unknown,0.0,Low,1.0
CUS-002363,Unknown,Unknown,100.0,High,1.0
CUS-002364,Unknown,Unknown,99.5,High,0.99
CUS-002365,Unknown,Unknown,99.5,High,0.99
CUS-002366,Unknown,Unknown,99.0,High,0.98
CUS-002367,Unknown,Unknown,0.0,Low,1.0
CUS-002368,Unknown,Unknown,99.5,High,0.99
CUS-002369,Unknown,Unknown,100.0,High,1.0
CUS-002370,Unknown,Unknown,97.0,High,0.94
CUS-002371,Unknown,Unknown,100.0,High,1.0
CUS-002372,Unknown,Unknown,100.0,High,1.0
CUS-002373,Unknown,Unknown,50.0,Medium,1.0
CUS-002374,Unknown,Unknown,49.5,Medium,0.99
CUS-002375,Unknown,Unknown,100.0,High,1.0
CUS-002376,Unknown,Unknown,0.5,Low,0.99
CUS-002377,Unknown,Unknown,100.0,High,1.0
CUS-002378,Unknown,Unknown,50.0,Medium,1.0
CUS-002379,Unknown,Unknown,50.5,Medium,0.99
CUS-002380,Unknown,Unknown,50.0,Medium,1.0
CUS-002381,Unknown,Unknown,100.0,High,1.0
CUS-002382,Unknown,Unknown,51.0,Medium,0.98
CUS-002383,Unknown,Unknown,95.0,High,0.9
CUS-002384,Unknown,Unknown,0.0,Low,1.0
CUS-002385,Unknown,Unknown,49.0,Medium,0.98
CUS-002386,Unknown,Unknown,100.0,High,1.0
CUS-002387,Unknown,Unknown,51.5,Medium,0.97
CUS-002388,Unknown,Unknown,100.0,High,1.0
CUS-002389,Unknown,Unknown,100.0,High,1.0
CUS-002390,Unknown,Unknown,49.0,Medium,0.98
CUS-002391,Unknown,Unknown,98.0,High,0.96
CUS-002392,Unknown,Unknown,100.0,High,1.0
CUS-002393,Unknown,Unknown,100.0,High,1.0
CUS-002394,Unknown,Unknown,50.0,Medium,1.0
CUS-002395,Unknown,Unknown,99.0,High,0.98
CUS-002396,Unknown,Unknown,100.0,High,1.0
CUS-002397,Unknown,Unknown,0.0,Low,1.0
CUS-002398,Unknown,Unknown,0.0,Low,1.0
CUS-002399,Unknown,Unknown,0.0,Low,1.0
CUS-002400,Unknown,Unknown,100.0,High,1.0
CUS-002401,Unknown,Unknown,51.0,Medium,0.98
CUS-002402,Unknown,Unknown,100.0,High,1.0
CUS-002403,Unknown,Unknown,100.0,High,1.0
CUS-002404,Unknown,Unknown,54.5,Medium,0.91
CUS-002405,Unknown,Unknown,99.5,High,0.99
CUS-002406,Unknown,Unknown,49.5,Medium,0.99
CUS-002407,Unknown,Unknown,100.0,High,1.0
CUS-002408,Unknown,Unknown,100.0,High,1.0
CUS-002409,Unknown,Unknown,100.0,High,1.0
CUS-002410,Unknown,Unknown,100.0,High,1.0
CUS-002411,Unknown,Unknown,100.0,High,1.0
CUS-002412,Unknown,Unknown,99.5,High,0.99
CUS-002413,Unknown,Unknown,51.0,Medium,0.98
CUS-002414,Unknown,Unknown,52.5,Medium,0.95
CUS-002415,Unknown,Unknown,50.0,Medium,1.0
CUS-002416,Unknown,Unknown,0.0,Low,1.0
CUS-002417,Unknown,Unknown,0.0,Low,1.0
CUS-002418,Unknown,Unknown,50.0,Medium,1.0
CUS-002419,Unknown,Unknown,0.0,Low,1.0
CUS-002420,Unknown,Unknown,99.5,High,0.99
CUS-002421,Unknown,Unknown,97.5,High,0.95
CUS-002422,Unknown,Unknown,50.0,Medium,1.0
CUS-002423,Unknown,Unknown,99.5,High,0.99
CUS-002424,Unknown,Unknown,51.0,Medium,0.98
CUS-002425,Unknown,Unknown,100.0,High,1.0
CUS-002426,Unknown,Unknown,100.0,High,1.0
CUS-002427,Unknown,Unknown,0.0,Low,1.0
CUS-002428,Unknown,Unknown,100.0,High,1.0
CUS-002429,Unknown,Unknown,50.0,Medium,1.0
CUS-002430,Unknown,Unknown,99.0,High,0.98
CUS-002431,Unknown,Unknown,100.0,High,1.0
CUS-002432,Unknown,Unknown,100.0,High,1.0
CUS-002433,Unknown,Unknown,98.5,High,0.97
CUS-002434,Unknown,Unknown,100.0,High,1.0
CUS-002435,Unknown,Unknown,50.0,Medium,1.0
CUS-002436,Unknown,Unknown,99.5,High,0.99
CUS-002437,Unknown,Unknown,99.5,High,0.99
CUS-002438,Unknown,Unknown,100.0,High,1.0
CUS-002439,Unknown,Unknown,100.0,High,1.0
CUS-002440,Unknown,Unknown,98.5,High,0.97
CUS-002441,Unknown,Unknown,99.5,High,0.99
CUS-002442,Unknown,Unknown,0.0,Low,1.0
CUS-002443,Unknown,Unknown,50.0,Medium,1.0
CUS-002444,Unknown,Unknown,99.5,High,0.99
CUS-002445,Unknown,Unknown,51.5,Medium,0.97
CUS-002446,Unknown,Unknown,50.0,Medium,1.0
CUS-002447,Unknown,Unknown,0.0,Low,1.0
CUS-002448,Unknown,Unknown,99.5,High,0.99
CUS-002449,Unknown,Unknown,50.0,Medium,1.0
CUS-002450,Unknown,Unknown,51.5,Medium,0.97
CUS-002451,Unknown,Unknown,50.0,Medium,1.0
CUS-002452,Unknown,Unknown,100.0,High,1.0
CUS-002453,Unknown,Unknown,50.0,Medium,1.0
CUS-002454,Unknown,Unknown,100.0,High,1.0
CUS-002455,Unknown,Unknown,100.0,High,1.0
CUS-002456,Unknown,Unknown,51.0,Medium,0.98
CUS-002457,Unknown,Unknown,100.0,High,1.0
CUS-002458,Unknown,Unknown,0.0,Low,1.0
CUS-002459,Unknown,Unknown,49.0,Medium,0.98
CUS-002460,Unknown,Unknown,100.0,High,1.0
CUS-002461,Unknown,Unknown,100.0,High,1.0
CUS-002462,Unknown,Unknown,100.0,High,1.0
CUS-002463,Unknown,Unknown,0.0,Low,1.0
CUS-002464,Unknown,Unknown,52.0,Medium,0.96
CUS-002465,Unknown,Unknown,50.5,Medium,0.99
CUS-002466,Unknown,Unknown,99.0,High,0.98
CUS-002467,Unknown,Unknown,99.5,High,0.99
CUS-002468,Unknown,Unknown,50.5,Medium,0.99
CUS-002469,Unknown,Unknown,100.0,High,1.0
CUS-002470,Unknown,Unknown,50.0,Medium,1.0
CUS-002471,Unknown,Unknown,100.0,High,1.0
CUS-002472,Unknown,Unknown,100.0,High,1.0
CUS-002473,Unknown,Unknown,98.5,High,0.97
CUS-002474,Unknown,Unknown,97.5,High,0.95
CUS-002475,Unknown,Unknown,100.0,High,1.0
CUS-002476,Unknown,Unknown,0.0,Low,1.0
CUS-002477,Unknown,Unknown,100.0,High,1.0
CUS-002478,Unknown,Unknown,0.0,Low,1.0
CUS-002479,Unknown,Unknown,99.5,High,0.99
CUS-002480,Unknown,Unknown,100.0,High,1.0
CUS-002481,Unknown,Unknown,99.5,High,0.99
CUS-002482,Unknown,Unknown,0.0,Low,1.0
CUS-002483,Unknown,Unknown,49.5,Medium,0.99
CUS-002484,Unknown,Unknown,0.0,Low,1.0
CUS-002485,Unknown,Unknown,99.0,High,0.98
CUS-002486,Unknown,Unknown,51.0,Medium,0.98
CUS-002487,Unknown,Unknown,51.0,Medium,0.98
CUS-002488,Unknown,Unknown,100.0,High,1.0
CUS-002489,Unknown,Unknown,50.0,Medium,1.0
CUS-002490,Unknown,Unknown,50.5,Medium,0.99
CUS-002491,Unknown,Unknown,100.0,High,1.0
CUS-002492,Unknown,Unknown,100.0,High,1.0
CUS-002493,Unknown,Unknown,0.0,Low,1.0
CUS-002494,Unknown,Unknown,51.5,Medium,0.97
CUS-002495,Unknown,Unknown,50.0,Medium,1.0
CUS-002496,Unknown,Unknown,50.0,Medium,1.0
CUS-002497,Unknown,Unknown,100.0,High,1.0
CUS-002498,Unknown,Unknown,50.0,Medium,1.0
CUS-002499,Unknown,Unknown,100.0,High,1.0
CUS-002500,Unknown,Unknown,97.5,High,0.95
CUS-002501,Unknown,Unknown,0.0,Low,1.0
CUS-002502,Unknown,Unknown,100.0,High,1.0
CUS-002503,Unknown,Unknown,100.0,High,1.0
CUS-002504,Unknown,Unknown,98.5,High,0.97
CUS-002505,Unknown,Unknown,94.5,High,0.89
CUS-002506,Unknown,Unknown,52.0,Medium,0.96
CUS-002507,Unknown,Unknown,51.0,Medium,0.98
CUS-002508,Unknown,Unknown,99.0,High,0.98
CUS-002509,Unknown,Unknown,99.0,High,0.98
CUS-002510,Unknown,Unknown,50.0,Medium,1.0
CUS-002511,Unknown,Unknown,50.0,Medium,1.0
CUS-002512,Unknown,Unknown,99.5,High,0.99
CUS-002513,Unknown,Unknown,50.0,Medium,1.0
CUS-002514,Unknown,Unknown,50.0,Medium,1.0
CUS-002515,Unknown,Unknown,50.5,Medium,0.99
CUS-002516,Unknown,Unknown,100.0,High,1.0
CUS-002517,Unknown,Unknown,0.0,Low,1.0
CUS-002518,Unknown,Unknown,49.0,Medium,0.98
CUS-002519,Unknown,Unknown,98.0,High,0.96
CUS-002520,Unknown,Unknown,0.0,Low,1.0
CUS-002521,Unknown,Unknown,0.0,Low,1.0
CUS-002522,Unknown,Unknown,99.5,High,0.99
CUS-002523,Unknown,Unknown,99.5,High,0.99
CUS-002524,Unknown,Unknown,50.0,Medium,1.0
CUS-002525,Unknown,Unknown,99.0,High,0.98
CUS-002526,Unknown,Unknown,48.5,Medium,0.97
CUS-002527,Unknown,Unknown,50.5,Medium,0.99
CUS-002528,Unknown,Unknown,99.5,High,0.99
CUS-002529,Unknown,Unknown,100.0,High,1.0
CUS-002530,Unknown,Unknown,100.0,High,1.0
CUS-002531,Unknown,Unknown,100.0,High,1.0
CUS-002532,Unknown,Unknown,100.0,High,1.0
CUS-002533,Unknown,Unknown,99.5,High,0.99
CUS-002534,Unknown,Unknown,51.0,Medium,0.98
CUS-002535,Unknown,Unknown,100.0,High,1.0
CUS-002536,Unknown,Unknown,50.0,Medium,1.0
CUS-002537,Unknown,Unknown,100.0,High,1.0
CUS-002538,Unknown,Unknown,98.0,High,0.96
CUS-002539,Unknown,Unknown,49.5,Medium,0.99
CUS-002540,Unknown,Unknown,52.0,Medium,0.96
CUS-002541,Unknown,Unknown,99.5,High,0.99
CUS-002542,Unknown,Unknown,100.0,High,1.0
CUS-002543,Unknown,Unknown,50.0,Medium,1.0
CUS-002544,Unknown,Unknown,50.0,Medium,0.98
CUS-002545,Unknown,Unknown,100.0,High,1.0
CUS-002546,Unknown,Unknown,100.0,High,1.0
CUS-002547,Unknown,Unknown,51.0,Medium,0.98
CUS-002548,Unknown,Unknown,50.0,Medium,1.0
CUS-002549,Unknown,Unknown,50.5,Medium,0.99
CUS-002550,Unknown,Unknown,100.0,High,1.0
CUS-002551,Unknown,Unknown,100.0,High,1.0
CUS-002552,Unknown,Unknown,100.0,High,1.0
CUS-002553,Unknown,Unknown,50.5,Medium,0.99
CUS-002554,Unknown,Unknown,50.0,Medium,1.0
CUS-002555,Unknown,Unknown,100.0,High,1.0
CUS-002556,Unknown,Unknown,50.0,Medium,1.0
CUS-002557,Unknown,Unknown,0.0,Low,1.0
CUS-002558,Unknown,Unknown,51.0,Medium,0.98
CUS-002559,Unknown,Unknown,99.5,High,0.99
CUS-002560,Unknown,Unknown,50.0,Medium,1.0
CUS-002561,Unknown,Unknown,99.5,High,0.99
CUS-002562,Unknown,Unknown,50.0,Medium,1.0
CUS-002563,Unknown,Unknown,99.0,High,0.98
CUS-002564,Unknown,Unknown,100.0,High,1.0
CUS-002565,Unknown,Unknown,50.5,Medium,0.99
CUS-002566,Unknown,Unknown,51.5,Medium,0.97
CUS-002567,Unknown,Unknown,50.0,Medium,0.98
CUS-002568,Unknown,Unknown,50.5,Medium,0.99
CUS-002569,Unknown,Unknown,50.0,Medium,1.0
CUS-002570,Unknown,Unknown,100.0,High,1.0
CUS-002571,Unknown,Unknown,99.5,High,0.99
CUS-002572,Unknown,Unknown,100.0,High,1.0
CUS-002573,Unknown,Unknown,97.5,High,0.95
CUS-002574,Unknown,Unknown,51.5,Medium,0.97
CUS-002575,Unknown,Unknown,99.5,High,0.99
CUS-002576,Unknown,Unknown,100.0,High,1.0
CUS-002577,Unknown,Unknown,99.0,High,0.98
CUS-002578,Unknown,Unknown,100.0,High,1.0
CUS-002579,Unknown,Unknown,48.5,Medium,0.97
CUS-002580,Unknown,Unknown,99.5,High,0.99
CUS-002581,Unknown,Unknown,0.0,Low,1.0
CUS-002582,Unknown,Unknown,99.0,High,0.98
CUS-002583,Unknown,Unknown,0.0,Low,1.0
CUS-002584,Unknown,Unknown,50.5,Medium,0.99
CUS-002585,Unknown,Unknown,50.0,Medium,1.0
CUS-002586,Unknown,Unknown,52.5,Medium,0.95
CUS-002587,Unknown,Unknown,100.0,High,1.0
CUS-002588,Unknown,Unknown,50.0,Medium,1.0
CUS-002589,Unknown,Unknown,50.5,Medium,0.99
CUS-002590,Unknown,Unknown,50.5,Medium,0.99
CUS-002591,Unknown,Unknown,100.0,High,1.0
CUS-002592,Unknown,Unknown,100.0,High,1.0
CUS-002593,Unknown,Unknown,99.0,High,0.98
CUS-002594,Unknown,Unknown,48.5,Medium,0.97
CUS-002595,Unknown,Unknown,99.5,High,0.99
CUS-002596,Unknown,Unknown,100.0,High,1.0
CUS-002597,Unknown,Unknown,0.0,Low,1.0
CUS-002598,Unknown,Unknown,99.0,High,0.98
CUS-002599,Unknown,Unknown,100.0,High,1.0
CUS-002600,Unknown,Unknown,99.5,High,0.99
CUS-002601,Unknown,Unknown,97.5,High,0.95
CUS-002602,Unknown,Unknown,50.0,Medium,1.0
CUS-002603,Unknown,Unknown,50.5,Medium,0.99
CUS-002604,Unknown,Unknown,100.0,High,1.0
CUS-002605,Unknown,Unknown,0.0,Low,1.0
CUS-002606,Unknown,Unknown,49.5,Medium,0.99
CUS-002607,Unknown,Unknown,100.0,High,1.0
CUS-002608,Unknown,Unknown,49.5,Medium,0.99
CUS-002609,Unknown,Unknown,99.5,High,0.99
CUS-002610,Unknown,Unknown,50.5,Medium,0.99
CUS-002611,Unknown,Unknown,99.5,High,0.99
CUS-002612,Unknown,Unknown,100.0,High,1.0
CUS-002613,Unknown,Unknown,50.0,Medium,1.0
CUS-002614,Unknown,Unknown,99.5,High,0.99
CUS-002615,Unknown,Unknown,99.0,High,0.98
CUS-002616,Unknown,Unknown,100.0,High,1.0
CUS-002617,Unknown,Unknown,48.0,Medium,0.96
CUS-002618,Unknown,Unknown,50.5,Medium,0.99
CUS-002619,Unknown,Unknown,100.0,High,1.0
CUS-002620,Unknown,Unknown,99.0,High,0.98
CUS-002621,Unknown,Unknown,100.0,High,1.0
CUS-002622,Unknown,Unknown,50.5,Medium,0.99
CUS-002623,Unknown,Unknown,99.5,High,0.99
CUS-002624,Unknown,Unknown,100.0,High,1.0
CUS-002625,Unknown,Unknown,100.0,High,1.0
CUS-002626,Unknown,Unknown,100.0,High,1.0
CUS-002627,Unknown,Unknown,0.0,Low,1.0
CUS-002628,Unknown,Unknown,100.0,High,1.0
CUS-002629,Unknown,Unknown,99.5,High,0.99
CUS-002630,Unknown,Unknown,0.0,Low,1.0
CUS-002631,Unknown,Unknown,0.0,Low,1.0
CUS-002632,Unknown,Unknown,100.0,High,1.0
CUS-002633,Unknown,Unknown,100.0,High,1.0
CUS-002634,Unknown,Unknown,100.0,High,1.0
CUS-002635,Unknown,Unknown,100.0,High,1.0
CUS-002636,Unknown,Unknown,50.0,Medium,1.0
CUS-002637,Unknown,Unknown,100.0,High,1.0
CUS-002638,Unknown,Unknown,50.0,Medium,1.0
CUS-002639,Unknown,Unknown,50.5,Medium,0.99
CUS-002640,Unknown,Unknown,49.0,Medium,0.98
CUS-002641,Unknown,Unknown,100.0,High,1.0
CUS-002642,Unknown,Unknown,100.0,High,1.0
CUS-002643,Unknown,Unknown,100.0,High,1.0
CUS-002644,Unknown,Unknown,100.0,High,1.0
CUS-002645,Unknown,Unknown,100.0,High,1.0
CUS-002646,Unknown,Unknown,51.0,Medium,0.98
CUS-002647,Unknown,Unknown,50.5,Medium,0.99
CUS-002648,Unknown,Unknown,98.5,High,0.97
CUS-002649,Unknown,Unknown,99.5,High,0.99
CUS-002650,Unknown,Unknown,52.0,Medium,0.96
CUS-002651,Unknown,Unknown,100.0,High,1.0
CUS-002652,Unknown,Unknown,51.5,Medium,0.97
CUS-002653,Unknown,Unknown,98.5,High,0.97
CUS-002654,Unknown,Unknown,100.0,High,1.0
CUS-002655,Unknown,Unknown,50.0,Medium,1.0
CUS-002656,Unknown,Unknown,50.5,Medium,0.99
CUS-002657,Unknown,Unknown,100.0,High,1.0
CUS-002658,Unknown,Unknown,51.5,Medium,0.97
CUS-002659,Unknown,Unknown,0.0,Low,1.0
CUS-002660,Unknown,Unknown,50.0,Medium,1.0
CUS-002661,Unknown,Unknown,100.0,High,1.0
CUS-002662,Unknown,Unknown,100.0,High,1.0
CUS-002663,Unknown,Unknown,100.0,High,1.0
CUS-002664,Unknown,Unknown,50.0,Medium,1.0
CUS-002665,Unknown,Unknown,99.5,High,0.99
CUS-002666,Unknown,Unknown,100.0,High,1.0
CUS-002667,Unknown,Unknown,100.0,High,1.0
CUS-002668,Unknown,Unknown,2.0,Low,0.96
CUS-002669,Unknown,Unknown,99.5,High,0.99
CUS-002670,Unknown,Unknown,100.0,High,1.0
CUS-002671,Unknown,Unknown,100.0,High,1.0
CUS-002672,Unknown,Unknown,100.0,High,1.0
CUS-002673,Unknown,Unknown,99.5,High,0.99
CUS-002674,Unknown,Unknown,50.0,Medium,1.0
CUS-002675,Unknown,Unknown,53.0,Medium,0.94
CUS-002676,Unknown,Unknown,100.0,High,1.0
CUS-002677,Unknown,Unknown,50.0,Medium,1.0
CUS-002678,Unknown,Unknown,100.0,High,1.0
CUS-002679,Unknown,Unknown,100.0,High,1.0
CUS-002680,Unknown,Unknown,99.5,High,0.99
CUS-002681,Unknown,Unknown,100.0,High,1.0
CUS-002682,Unknown,Unknown,51.5,Medium,0.97
CUS-002683,Unknown,Unknown,98.5,High,0.97
CUS-002684,Unknown,Unknown,50.0,Medium,1.0
CUS-002685,Unknown,Unknown,99.5,High,0.99
CUS-002686,Unknown,Unknown,100.0,High,1.0
CUS-002687,Unknown,Unknown,50.0,Medium,1.0
CUS-002688,Unknown,Unknown,98.0,High,0.96
CUS-002689,Unknown,Unknown,0.0,Low,1.0
CUS-002690,Unknown,Unknown,100.0,High,1.0
CUS-002691,Unknown,Unknown,99.5,High,0.99
CUS-002692,Unknown,Unknown,99.5,High,0.99
CUS-002693,Unknown,Unknown,50.0,Medium,1.0
CUS-002694,Unknown,Unknown,50.5,Medium,0.99
CUS-002695,Unknown,Unknown,99.5,High,0.99
CUS-002696,Unknown,Unknown,0.0,Low,1.0
CUS-002697,Unknown,Unknown,54.0,Medium,0.92
CUS-002698,Unknown,Unknown,50.0,Medium,1.0
CUS-002699,Unknown,Unknown,100.0,High,1.0
CUS-002700,Unknown,Unknown,100.0,High,1.0
CUS-002701,Unknown,Unknown,50.0,Medium,1.0
CUS-002702,Unknown,Unknown,48.5,Medium,0.97
CUS-002703,Unknown,Unknown,100.0,High,1.0
CUS-002704,Unknown,Unknown,50.5,Medium,0.99
CUS-002705,Unknown,Unknown,99.5,High,0.99
CUS-002706,Unknown,Unknown,99.0,High,0.98
CUS-002707,Unknown,Unknown,100.0,High,1.0
CUS-002708,Unknown,Unknown,0.0,Low,1.0
CUS-002709,Unknown,Unknown,49.5,Medium,0.99
CUS-002710,Unknown,Unknown,98.0,High,0.96
CUS-002711,Unknown,Unknown,52.5,Medium,0.95
CUS-002712,Unknown,Unknown,49.5,Medium,0.99
CUS-002713,Unknown,Unknown,50.0,Medium,1.0
CUS-002714,Unknown,Unknown,49.5,Medium,0.99
CUS-002715,Unknown,Unknown,100.0,High,1.0
CUS-002716,Unknown,Unknown,50.5,Medium,0.99
CUS-002717,Unknown,Unknown,98.0,High,0.96
CUS-002718,Unknown,Unknown,100.0,High,1.0
CUS-002719,Unknown,Unknown,0.0,Low,1.0
CUS-002720,Unknown,Unknown,99.5,High,0.99
CUS-002721,Unknown,Unknown,99.0,High,0.98
CUS-002722,Unknown,Unknown,51.0,Medium,0.98
CUS-002723,Unknown,Unknown,50.5,Medium,0.99
CUS-002724,Unknown,Unknown,100.0,High,1.0
CUS-002725,Unknown,Unknown,0.0,Low,1.0
CUS-002726,Unknown,Unknown,100.0,High,1.0
CUS-002727,Unknown,Unknown,100.0,High,1.0
CUS-002728,Unknown,Unknown,0.0,Low,1.0
CUS-002729,Unknown,Unknown,98.5,High,0.97
CUS-002730,Unknown,Unknown,100.0,High,1.0
CUS-002731,Unknown,Unknown,95.0,High,0.9
CUS-002732,Unknown,Unknown,49.0,Medium,0.98
CUS-002733,Unknown,Unknown,50.0,Medium,1.0
CUS-002734,Unknown,Unknown,98.0,High,0.96
CUS-002735,Unknown,Unknown,0.0,Low,1.0
CUS-002736,Unknown,Unknown,51.0,Medium,0.98
CUS-002737,Unknown,Unknown,49.5,Medium,0.99
CUS-002738,Unknown,Unknown,52.5,Medium,0.95
CUS-002739,Unknown,Unknown,98.0,High,0.96
CUS-002740,Unknown,Unknown,50.0,Medium,1.0
CUS-002741,Unknown,Unknown,100.0,High,1.0
CUS-002742,Unknown,Unknown,100.0,High,1.0
CUS-002743,Unknown,Unknown,50.0,Medium,1.0
CUS-002744,Unknown,Unknown,100.0,High,1.0
CUS-002745,Unknown,Unknown,50.0,Medium,1.0
CUS-002746,Unknown,Unknown,50.0,Medium,1.0
CUS-002747,Unknown,Unknown,0.0,Low,1.0
CUS-002748,Unknown,Unknown,48.0,Medium,0.96
CUS-002749,Unknown,Unknown,50.0,Medium,1.0
CUS-002750,Unknown,Unknown,50.0,Medium,1.0
CUS-002751,Unknown,Unknown,50.0,Medium,1.0
CUS-002752,Unknown,Unknown,100.0,High,1.0
CUS-002753,Unknown,Unknown,100.0,High,1.0
CUS-002754,Unknown,Unknown,48.5,Medium,0.97
CUS-002755,Unknown,Unknown,100.0,High,1.0
CUS-002756,Unknown,Unknown,51.0,Medium,0.98
CUS-002757,Unknown,Unknown,100.0,High,1.0
CUS-002758,Unknown,Unknown,100.0,High,1.0
CUS-002759,Unknown,Unknown,100.0,High,1.0
CUS-002760,Unknown,Unknown,100.0,High,1.0
CUS-002761,Unknown,Unknown,99.5,High,0.99
CUS-002762,Unknown,Unknown,99.0,High,0.98
CUS-002763,Unknown,Unknown,98.0,High,0.96
CUS-002764,Unknown,Unknown,50.0,Medium,1.0
CUS-002765,Unknown,Unknown,50.0,Medium,1.0
CUS-002766,Unknown,Unknown,100.0,High,1.0
CUS-002767,Unknown,Unknown,50.0,Medium,1.0
CUS-002768,Unknown,Unknown,50.5,Medium,0.99
CUS-002769,Unknown,Unknown,99.5,High,0.99
CUS-002770,Unknown,Unknown,100.0,High,1.0
CUS-002771,Unknown,Unknown,99.5,High,0.99
CUS-002772,Unknown,Unknown,100.0,High,1.0
CUS-002773,Unknown,Unknown,100.0,High,1.0
CUS-002774,Unknown,Unknown,49.5,Medium,0.99
CUS-002775,Unknown,Unknown,100.0,High,1.0
CUS-002776,Unknown,Unknown,99.0,High,0.98
CUS-002777,Unknown,Unknown,99.5,High,0.99
CUS-002778,Unknown,Unknown,98.0,High,0.96
CUS-002779,Unknown,Unknown,49.5,Medium,0.99
CUS-002780,Unknown,Unknown,0.0,Low,1.0
CUS-002781,Unknown,Unknown,0.0,Low,1.0
CUS-002782,Unknown,Unknown,49.5,Medium,0.99
CUS-002783,Unknown,Unknown,100.0,High,1.0
CUS-002784,Unknown,Unknown,96.5,High,0.93
CUS-002785,Unknown,Unknown,50.0,Medium,1.0
CUS-002786,Unknown,Unknown,100.0,High,1.0
CUS-002787,Unknown,Unknown,50.0,Medium,1.0
CUS-002788,Unknown,Unknown,100.0,High,1.0
CUS-002789,Unknown,Unknown,98.5,High,0.97
CUS-002790,Unknown,Unknown,50.0,Medium,1.0
CUS-002791,Unknown,Unknown,100.0,High,1.0
CUS-002792,Unknown,Unknown,50.0,Medium,1.0
CUS-002793,Unknown,Unknown,100.0,High,1.0
CUS-002794,Unknown,Unknown,100.0,High,1.0
CUS-002795,Unknown,Unknown,99.5,High,0.99
CUS-002796,Unknown,Unknown,98.0,High,0.96
CUS-002797,Unknown,Unknown,100.0,High,1.0
CUS-002798,Unknown,Unknown,50.0,Medium,1.0
CUS-002799,Unknown,Unknown,100.0,High,1.0
CUS-002800,Unknown,Unknown,99.5,High,0.99
CUS-002801,Unknown,Unknown,100.0,High,1.0
CUS-002802,Unknown,Unknown,50.0,Medium,1.0
CUS-002803,Unknown,Unknown,50.0,Medium,1.0
CUS-002804,Unknown,Unknown,99.5,High,0.99
CUS-002805,Unknown,Unknown,50.0,Medium,1.0
CUS-002806,Unknown,Unknown,50.0,Medium,1.0
CUS-002807,Unknown,Unknown,100.0,High,1.0
CUS-002808,Unknown,Unknown,100.0,High,1.0
CUS-002809,Unknown,Unknown,0.0,Low,1.0
CUS-002810,Unknown,Unknown,48.5,Medium,0.97
CUS-002811,Unknown,Unknown,100.0,High,1.0
CUS-002812,Unknown,Unknown,99.5,High,0.99
CUS-002813,Unknown,Unknown,100.0,High,1.0
CUS-002814,Unknown,Unknown,100.0,High,1.0
CUS-002815,Unknown,Unknown,0.0,Low,1.0
CUS-002816,Unknown,Unknown,99.5,High,0.99
CUS-002817,Unknown,Unknown,50.0,Medium,1.0
CUS-002818,Unknown,Unknown,50.0,Medium,1.0
CUS-002819,Unknown,Unknown,99.5,High,0.99
CUS-002820,Unknown,Unknown,50.0,Medium,1.0
CUS-002821,Unknown,Unknown,50.0,Medium,1.0
CUS-002822,Unknown,Unknown,99.5,High,0.99
CUS-002823,Unknown,Unknown,50.0,Medium,1.0
CUS-002824,Unknown,Unknown,100.0,High,1.0
CUS-002825,Unknown,Unknown,100.0,High,1.0
CUS-002826,Unknown,Unknown,50.5,Medium,0.99
CUS-002827,Unknown,Unknown,50.5,Medium,0.99
CUS-002828,Unknown,Unknown,0.0,Low,1.0
CUS-002829,Unknown,Unknown,100.0,High,1.0
CUS-002830,Unknown,Unknown,100.0,High,1.0
CUS-002831,Unknown,Unknown,48.5,Medium,0.97
CUS-002832,Unknown,Unknown,50.5,Medium,0.99
CUS-002833,Unknown,Unknown,100.0,High,1.0
CUS-002834,Unknown,Unknown,100.0,High,1.0
CUS-002835,Unknown,Unknown,50.5,Medium,0.99
CUS-002836,Unknown,Unknown,99.0,High,0.98
CUS-002837,Unknown,Unknown,51.0,Medium,0.98
CUS-002838,Unknown,Unknown,0.0,Low,1.0
CUS-002839,Unknown,Unknown,50.0,Medium,1.0
CUS-002840,Unknown,Unknown,49.0,Medium,0.98
CUS-002841,Unknown,Unknown,100.0,High,1.0
CUS-002842,Unknown,Unknown,100.0,High,1.0
CUS-002843,Unknown,Unknown,99.5,High,0.99
CUS-002844,Unknown,Unknown,50.0,Medium,1.0
CUS-002845,Unknown,Unknown,90.5,High,0.81
CUS-002846,Unknown,Unknown,100.0,High,1.0
CUS-002847,Unknown,Unknown,48.5,Medium,0.97
CUS-002848,Unknown,Unknown,50.0,Medium,1.0
CUS-002849,Unknown,Unknown,100.0,High,1.0
CUS-002850,Unknown,Unknown,51.5,Medium,0.97
CUS-002851,Unknown,Unknown,99.5,High,0.99
CUS-002852,Unknown,Unknown,50.0,Medium,1.0
CUS-002853,Unknown,Unknown,100.0,High,1.0
CUS-002854,Unknown,Unknown,50.0,Medium,1.0
CUS-002855,Unknown,Unknown,51.0,Medium,0.98
CUS-002856,Unknown,Unknown,100.0,High,1.0
CUS-002857,Unknown,Unknown,100.0,High,1.0
CUS-002858,Unknown,Unknown,99.5,High,0.99
CUS-002859,Unknown,Unknown,100.0,High,1.0
CUS-002860,Unknown,Unknown,99.5,High,0.99
CUS-002861,Unknown,Unknown,50.5,Medium,0.99
CUS-002862,Unknown,Unknown,100.0,High,1.0
CUS-002863,Unknown,Unknown,100.0,High,1.0
CUS-002864,Unknown,Unknown,0.0,Low,1.0
CUS-002865,Unknown,Unknown,100.0,High,1.0
CUS-002866,Unknown,Unknown,49.0,Medium,0.98
CUS-002867,Unknown,Unknown,50.0,Medium,1.0
CUS-002868,Unknown,Unknown,99.5,High,0.99
CUS-002869,Unknown,Unknown,100.0,High,1.0
CUS-002870,Unknown,Unknown,0.0,Low,1.0
CUS-002871,Unknown,Unknown,51.0,Medium,0.98
CUS-002872,Unknown,Unknown,100.0,High,1.0
CUS-002873,Unknown,Unknown,50.0,Medium,1.0
CUS-002874,Unknown,Unknown,0.0,Low,1.0
CUS-002875,Unknown,Unknown,50.0,Medium,1.0
CUS-002876,Unknown,Unknown,0.0,Low,1.0
CUS-002877,Unknown,Unknown,50.0,Medium,1.0
CUS-002878,Unknown,Unknown,50.5,Medium,0.99
CUS-002879,Unknown,Unknown,97.5,High,0.95
CUS-002880,Unknown,Unknown,40.5,Medium,0.81
CUS-002881,Unknown,Unknown,50.0,Medium,1.0
CUS-002882,Unknown,Unknown,50.0,Medium,1.0
CUS-002883,Unknown,Unknown,100.0,High,1.0
CUS-002884,Unknown,Unknown,50.0,Medium,1.0
CUS-002885,Unknown,Unknown,100.0,High,1.0
CUS-002886,Unknown,Unknown,0.0,Low,1.0
CUS-002887,Unknown,Unknown,0.0,Low,1.0
CUS-002888,Unknown,Unknown,100.0,High,1.0
CUS-002889,Unknown,Unknown,0.0,Low,1.0
CUS-002890,Unknown,Unknown,51.0,Medium,0.98
CUS-002891,Unknown,Unknown,50.0,Medium,1.0
CUS-002892,Unknown,Unknown,99.5,High,0.99
CUS-002893,Unknown,Unknown,99.5,High,0.99
CUS-002894,Unknown,Unknown,49.5,Medium,0.99
CUS-002895,Unknown,Unknown,100.0,High,1.0
CUS-002896,Unknown,Unknown,100.0,High,1.0
CUS-002897,Unknown,Unknown,50.0,Medium,1.0
CUS-002898,Unknown,Unknown,95.0,High,0.9
CUS-002899,Unknown,Unknown,95.5,High,0.91
CUS-002900,Unknown,Unknown,100.0,High,1.0
CUS-002901,Unknown,Unknown,100.0,High,1.0
CUS-002902,Unknown,Unknown,100.0,High,1.0
CUS-002903,Unknown,Unknown,0.0,Low,1.0
CUS-002904,Unknown,Unknown,51.0,Medium,0.98
CUS-002905,Unknown,Unknown,51.0,Medium,0.98
CUS-002906,Unknown,Unknown,100.0,High,1.0
CUS-002907,Unknown,Unknown,100.0,High,1.0
CUS-002908,Unknown,Unknown,50.0,Medium,1.0
CUS-002909,Unknown,Unknown,50.0,Medium,1.0
CUS-002910,Unknown,Unknown,46.5,Medium,0.93
CUS-002911,Unknown,Unknown,100.0,High,1.0
CUS-002912,Unknown,Unknown,50.0,Medium,0.98
CUS-002913,Unknown,Unknown,50.5,Medium,0.99
CUS-002914,Unknown,Unknown,100.0,High,1.0
CUS-002915,Unknown,Unknown,98.0,High,0.96
CUS-002916,Unknown,Unknown,99.5,High,0.99
CUS-002917,Unknown,Unknown,0.0,Low,1.0
CUS-002918,Unknown,Unknown,50.0,Medium,0.96
CUS-002919,Unknown,Unknown,50.0,Medium,1.0
CUS-002920,Unknown,Unknown,100.0,High,1.0
CUS-002921,Unknown,Unknown,100.0,High,1.0
CUS-002922,Unknown,Unknown,98.0,High,0.96
CUS-002923,Unknown,Unknown,0.0,Low,1.0
CUS-002924,Unknown,Unknown,50.0,Medium,1.0
CUS-002925,Unknown,Unknown,49.5,Medium,0.99
CUS-002926,Unknown,Unknown,50.0,Medium,1.0
CUS-002927,Unknown,Unknown,99.0,High,0.98
CUS-002928,Unknown,Unknown,98.5,High,0.97
CUS-002929,Unknown,Unknown,50.0,Medium,1.0
CUS-002930,Unknown,Unknown,51.0,Medium,0.98
CUS-002931,Unknown,Unknown,99.5,High,0.99
CUS-002932,Unknown,Unknown,50.0,Medium,1.0
CUS-002933,Unknown,Unknown,100.0,High,1.0
CUS-002934,Unknown,Unknown,100.0,High,1.0
CUS-002935,Unknown,Unknown,99.5,High,0.99
CUS-002936,Unknown,Unknown,50.0,Medium,0.98
CUS-002937,Unknown,Unknown,100.0,High,1.0
CUS-002938,Unknown,Unknown,51.0,Medium,0.98
CUS-002939,Unknown,Unknown,48.5,Medium,0.97
CUS-002940,Unknown,Unknown,51.5,Medium,0.97
CUS-002941,Unknown,Unknown,100.0,High,1.0
CUS-002942,Unknown,Unknown,0.0,Low,1.0
CUS-002943,Unknown,Unknown,51.0,Medium,0.98
CUS-002944,Unknown,Unknown,48.0,Medium,0.96
CUS-002945,Unknown,Unknown,93.0,High,0.86
CUS-002946,Unknown,Unknown,100.0,High,1.0
CUS-002947,Unknown,Unknown,50.0,Medium,1.0
CUS-002948,Unknown,Unknown,100.0,High,1.0
CUS-002949,Unknown,Unknown,100.0,High,1.0
CUS-002950,Unknown,Unknown,100.0,High,1.0
CUS-002951,Unknown,Unknown,49.0,Medium,0.98
CUS-002952,Unknown,Unknown,100.0,High,1.0
CUS-002953,Unknown,Unknown,49.0,Medium,0.98
CUS-002954,Unknown,Unknown,100.0,High,1.0
CUS-002955,Unknown,Unknown,100.0,High,1.0
CUS-002956,Unknown,Unknown,100.0,High,1.0
CUS-002957,Unknown,Unknown,0.0,Low,1.0
CUS-002958,Unknown,Unknown,0.0,Low,1.0
CUS-002959,Unknown,Unknown,50.0,Medium,1.0
CUS-002960,Unknown,Unknown,100.0,High,1.0
CUS-002961,Unknown,Unknown,99.5,High,0.99
CUS-002962,Unknown,Unknown,100.0,High,1.0
CUS-002963,Unknown,Unknown,0.0,Low,1.0
CUS-002964,Unknown,Unknown,99.5,High,0.99
CUS-002965,Unknown,Unknown,0.0,Low,1.0
CUS-002966,Unknown,Unknown,100.0,High,1.0
CUS-002967,Unknown,Unknown,50.0,Medium,1.0
CUS-002968,Unknown,Unknown,99.0,High,0.98
CUS-002969,Unknown,Unknown,100.0,High,1.0
CUS-002970,Unknown,Unknown,51.0,Medium,0.98
CUS-002971,Unknown,Unknown,99.5,High,0.99
CUS-002972,Unknown,Unknown,98.5,High,0.97
CUS-002973,Unknown,Unknown,49.5,Medium,0.99
CUS-002974,Unknown,Unknown,100.0,High,1.0
CUS-002975,Unknown,Unknown,50.0,Medium,1.0
CUS-002976,Unknown,Unknown,100.0,High,1.0
CUS-002977,Unknown,Unknown,100.0,High,1.0
CUS-002978,Unknown,Unknown,100.0,High,1.0
CUS-002979,Unknown,Unknown,100.0,High,1.0
CUS-002980,Unknown,Unknown,99.5,High,0.99
CUS-002981,Unknown,Unknown,50.5,Medium,0.99
CUS-002982,Unknown,Unknown,50.0,Medium,0.98
CUS-002983,Unknown,Unknown,49.5,Medium,0.99
CUS-002984,Unknown,Unknown,100.0,High,1.0
CUS-002985,Unknown,Unknown,48.5,Medium,0.95
CUS-002986,Unknown,Unknown,50.0,Medium,1.0
CUS-002987,Unknown,Unknown,50.0,Medium,1.0
CUS-002988,Unknown,Unknown,50.0,Medium,1.0
CUS-002989,Unknown,Unknown,0.0,Low,1.0
CUS-002990,Unknown,Unknown,50.0,Medium,1.0
CUS-002991,Unknown,Unknown,100.0,High,1.0
CUS-002992,Unknown,Unknown,100.0,High,1.0
CUS-002993,Unknown,Unknown,50.0,Medium,1.0
CUS-002994,Unknown,Unknown,99.5,High,0.99
CUS-002995,Unknown,Unknown,50.0,Medium,1.0
CUS-002996,Unknown,Unknown,97.5,High,0.95
CUS-002997,Unknown,Unknown,50.0,Medium,1.0
CUS-002998,Unknown,Unknown,0.0,Low,1.0
CUS-002999,Unknown,Unknown,100.0,High,1.0
CUS-003000,Unknown,Unknown,0.0,Low,1.0
CUS-003001,Unknown,Unknown,100.0,High,1.0
CUS-003002,Unknown,Unknown,50.5,Medium,0.99
CUS-003003,Unknown,Unknown,98.5,High,0.97
CUS-003004,Unknown,Unknown,100.0,High,1.0
CUS-003005,Unknown,Unknown,50.0,Medium,1.0
CUS-003006,Unknown,Unknown,50.0,Medium,1.0
CUS-003007,Unknown,Unknown,50.5,Medium,0.99
CUS-003008,Unknown,Unknown,50.0,Medium,1.0
CUS-003009,Unknown,Unknown,50.0,Medium,1.0
CUS-003010,Unknown,Unknown,100.0,High,1.0
CUS-003011,Unknown,Unknown,49.5,Medium,0.99
CUS-003012,Unknown,Unknown,100.0,High,1.0
CUS-003013,Unknown,Unknown,100.0,High,1.0
CUS-003014,Unknown,Unknown,98.0,High,0.96
CUS-003015,Unknown,Unknown,50.0,Medium,1.0
CUS-003016,Unknown,Unknown,52.0,Medium,0.96
CUS-003017,Unknown,Unknown,100.0,High,1.0
CUS-003018,Unknown,Unknown,49.0,Medium,0.98
CUS-003019,Unknown,Unknown,100.0,High,1.0
CUS-003020,Unknown,Unknown,0.0,Low,1.0
CUS-003021,Unknown,Unknown,100.0,High,1.0
CUS-003022,Unknown,Unknown,100.0,High,1.0
CUS-003023,Unknown,Unknown,0.0,Low,1.0
CUS-003024,Unknown,Unknown,50.5,Medium,0.99
CUS-003025,Unknown,Unknown,53.0,Medium,0.94
CUS-003026,Unknown,Unknown,0.0,Low,1.0
CUS-003027,Unknown,Unknown,50.0,Medium,1.0
CUS-003028,Unknown,Unknown,100.0,High,1.0
CUS-003029,Unknown,Unknown,50.0,Medium,1.0
CUS-003030,Unknown,Unknown,100.0,High,1.0
CUS-003031,Unknown,Unknown,100.0,High,1.0
CUS-003032,Unknown,Unknown,0.0,Low,1.0
CUS-003033,Unknown,Unknown,0.0,Low,1.0
CUS-003034,Unknown,Unknown,100.0,High,1.0
CUS-003035,Unknown,Unknown,100.0,High,1.0
CUS-003036,Unknown,Unknown,99.5,High,0.99
CUS-003037,Unknown,Unknown,100.0,High,1.0
CUS-003038,Unknown,Unknown,0.0,Low,1.0
CUS-003039,Unknown,Unknown,97.5,High,0.95
CUS-003040,Unknown,Unknown,100.0,High,1.0
CUS-003041,Unknown,Unknown,100.0,High,1.0
CUS-003042,Unknown,Unknown,100.0,High,1.0
CUS-003043,Unknown,Unknown,99.5,High,0.99
CUS-003044,Unknown,Unknown,50.5,Medium,0.99
CUS-003045,Unknown,Unknown,50.0,Medium,1.0
CUS-003046,Unknown,Unknown,99.5,High,0.99
CUS-003047,Unknown,Unknown,100.0,High,1.0
CUS-003048,Unknown,Unknown,50.0,Medium,1.0
CUS-003049,Unknown,Unknown,99.5,High,0.99
CUS-003050,Unknown,Unknown,50.0,Medium,1.0
CUS-003051,Unknown,Unknown,99.0,High,0.98
CUS-003052,Unknown,Unknown,47.5,Medium,0.95
CUS-003053,Unknown,Unknown,100.0,High,1.0
CUS-003054,Unknown,Unknown,50.5,Medium,0.99
CUS-003055,Unknown,Unknown,50.5,Medium,0.99
CUS-003056,Unknown,Unknown,100.0,High,1.0
CUS-003057,Unknown,Unknown,50.0,Medium,1.0
CUS-003058,Unknown,Unknown,49.0,Medium,0.98
CUS-003059,Unknown,Unknown,0.0,Low,1.0
CUS-003060,Unknown,Unknown,48.5,Medium,0.97
CUS-003061,Unknown,Unknown,99.5,High,0.99
CUS-003062,Unknown,Unknown,52.5,Medium,0.95
CUS-003063,Unknown,Unknown,45.5,Medium,0.91
CUS-003064,Unknown,Unknown,51.0,Medium,0.98
CUS-003065,Unknown,Unknown,51.0,Medium,0.98
CUS-003066,Unknown,Unknown,100.0,High,1.0
CUS-003067,Unknown,Unknown,50.0,Medium,1.0
CUS-003068,Unknown,Unknown,99.5,High,0.99
CUS-003069,Unknown,Unknown,100.0,High,1.0
CUS-003070,Unknown,Unknown,100.0,High,1.0
CUS-003071,Unknown,Unknown,47.0,Medium,0.94
CUS-003072,Unknown,Unknown,100.0,High,1.0
CUS-003073,Unknown,Unknown,100.0,High,1.0
CUS-003074,Unknown,Unknown,99.5,High,0.99
CUS-003075,Unknown,Unknown,50.0,Medium,1.0
CUS-003076,Unknown,Unknown,100.0,High,1.0
CUS-003077,Unknown,Unknown,51.0,Medium,0.98
CUS-003078,Unknown,Unknown,51.5,Medium,0.97
CUS-003079,Unknown,Unknown,50.5,Medium,0.99
CUS-003080,Unknown,Unknown,0.0,Low,1.0
CUS-003081,Unknown,Unknown,51.0,Medium,0.98
CUS-003082,Unknown,Unknown,51.0,Medium,0.98
CUS-003083,Unknown,Unknown,51.0,Medium,0.98
CUS-003084,Unknown,Unknown,100.0,High,1.0
CUS-003085,Unknown,Unknown,98.0,High,0.96
CUS-003086,Unknown,Unknown,51.5,Medium,0.97
CUS-003087,Unknown,Unknown,50.0,Medium,1.0
CUS-003088,Unknown,Unknown,50.0,Medium,1.0
CUS-003089,Unknown,Unknown,100.0,High,1.0
CUS-003090,Unknown,Unknown,99.5,High,0.99
CUS-003091,Unknown,Unknown,100.0,High,1.0
CUS-003092,Unknown,Unknown,100.0,High,1.0
CUS-003093,Unknown,Unknown,100.0,High,1.0
CUS-003094,Unknown,Unknown,98.5,High,0.97
CUS-003095,Unknown,Unknown,50.0,Medium,1.0
CUS-003096,Unknown,Unknown,1.0,Low,0.98
CUS-003097,Unknown,Unknown,99.5,High,0.99
CUS-003098,Unknown,Unknown,50.0,Medium,1.0
CUS-003099,Unknown,Unknown,50.0,Medium,1.0
CUS-003100,Unknown,Unknown,49.0,Medium,0.98
CUS-003101,Unknown,Unknown,100.0,High,1.0
CUS-003102,Unknown,Unknown,0.0,Low,1.0
CUS-003103,Unknown,Unknown,100.0,High,1.0
CUS-003104,Unknown,Unknown,50.5,Medium,0.99
CUS-003105,Unknown,Unknown,100.0,High,1.0
CUS-003106,Unknown,Unknown,100.0,High,1.0
CUS-003107,Unknown,Unknown,99.5,High,0.99
CUS-003108,Unknown,Unknown,49.0,Medium,0.98
CUS-003109,Unknown,Unknown,48.5,Medium,0.97
CUS-003110,Unknown,Unknown,100.0,High,1.0
CUS-003111,Unknown,Unknown,99.0,High,0.98
CUS-003112,Unknown,Unknown,50.5,Medium,0.99
CUS-003113,Unknown,Unknown,100.0,High,1.0
CUS-003114,Unknown,Unknown,99.5,High,0.99
CUS-003115,Unknown,Unknown,100.0,High,1.0
CUS-003116,Unknown,Unknown,100.0,High,1.0
CUS-003117,Unknown,Unknown,0.0,Low,1.0
CUS-003118,Unknown,Unknown,100.0,High,1.0
CUS-003119,Unknown,Unknown,0.0,Low,1.0
CUS-003120,Unknown,Unknown,49.5,Medium,0.99
CUS-003121,Unknown,Unknown,49.5,Medium,0.99
CUS-003122,Unknown,Unknown,100.0,High,1.0
CUS-003123,Unknown,Unknown,51.0,Medium,0.98
CUS-003124,Unknown,Unknown,99.5,High,0.99
CUS-003125,Unknown,Unknown,50.0,Medium,1.0
CUS-003126,Unknown,Unknown,51.0,Medium,0.98
CUS-003127,Unknown,Unknown,100.0,High,1.0
CUS-003128,Unknown,Unknown,50.0,Medium,1.0
CUS-003129,Unknown,Unknown,49.0,Medium,0.98
CUS-003130,Unknown,Unknown,100.0,High,1.0
CUS-003131,Unknown,Unknown,100.0,High,1.0
CUS-003132,Unknown,Unknown,100.0,High,1.0
CUS-003133,Unknown,Unknown,50.0,Medium,1.0
CUS-003134,Unknown,Unknown,0.0,Low,1.0
CUS-003135,Unknown,Unknown,100.0,High,1.0
CUS-003136,Unknown,Unknown,99.5,High,0.99
CUS-003137,Unknown,Unknown,100.0,High,1.0
CUS-003138,Unknown,Unknown,50.0,Medium,0.98
CUS-003139,Unknown,Unknown,100.0,High,1.0
CUS-003140,Unknown,Unknown,50.0,Medium,1.0
CUS-003141,Unknown,Unknown,50.5,Medium,0.99
CUS-003142,Unknown,Unknown,0.0,Low,1.0
CUS-003143,Unknown,Unknown,50.5,Medium,0.99
CUS-003144,Unknown,Unknown,0.0,Low,1.0
CUS-003145,Unknown,Unknown,50.0,Medium,1.0
CUS-003146,Unknown,Unknown,100.0,High,1.0
CUS-003147,Unknown,Unknown,100.0,High,1.0
CUS-003148,Unknown,Unknown,50.0,Medium,1.0
CUS-003149,Unknown,Unknown,99.0,High,0.98
CUS-003150,Unknown,Unknown,49.5,Medium,0.99
CUS-003151,Unknown,Unknown,52.0,Medium,0.96
CUS-003152,Unknown,Unknown,50.5,Medium,0.99
CUS-003153,Unknown,Unknown,98.5,High,0.97
CUS-003154,Unknown,Unknown,49.5,Medium,0.99
CUS-003155,Unknown,Unknown,48.5,Medium,0.97
CUS-003156,Unknown,Unknown,50.0,Medium,1.0
CUS-003157,Unknown,Unknown,50.0,Medium,1.0
CUS-003158,Unknown,Unknown,49.0,Medium,0.98
CUS-003159,Unknown,Unknown,50.0,Medium,1.0
CUS-003160,Unknown,Unknown,50.5,Medium,0.99
CUS-003161,Unknown,Unknown,100.0,High,1.0
CUS-003162,Unknown,Unknown,99.5,High,0.99
CUS-003163,Unknown,Unknown,51.0,Medium,0.98
CUS-003164,Unknown,Unknown,99.5,High,0.99
CUS-003165,Unknown,Unknown,98.0,High,0.96
CUS-003166,Unknown,Unknown,50.0,Medium,1.0
CUS-003167,Unknown,Unknown,50.0,Medium,1.0
CUS-003168,Unknown,Unknown,50.5,Medium,0.99
CUS-003169,Unknown,Unknown,0.0,Low,1.0
CUS-003170,Unknown,Unknown,50.5,Medium,0.99
CUS-003171,Unknown,Unknown,100.0,High,1.0
CUS-003172,Unknown,Unknown,99.5,High,0.99
CUS-003173,Unknown,Unknown,100.0,High,1.0
CUS-003174,Unknown,Unknown,99.5,High,0.99
CUS-003175,Unknown,Unknown,50.0,Medium,1.0
CUS-003176,Unknown,Unknown,51.0,Medium,0.98
CUS-003177,Unknown,Unknown,100.0,High,1.0
CUS-003178,Unknown,Unknown,100.0,High,1.0
CUS-003179,Unknown,Unknown,0.0,Low,1.0
CUS-003180,Unknown,Unknown,50.0,Medium,1.0
CUS-003181,Unknown,Unknown,100.0,High,1.0
CUS-003182,Unknown,Unknown,99.0,High,0.98
CUS-003183,Unknown,Unknown,100.0,High,1.0
CUS-003184,Unknown,Unknown,50.0,Medium,1.0
CUS-003185,Unknown,Unknown,50.0,Medium,1.0
CUS-003186,Unknown,Unknown,49.5,Medium,0.99
CUS-003187,Unknown,Unknown,99.5,High,0.99
CUS-003188,Unknown,Unknown,100.0,High,1.0
CUS-003189,Unknown,Unknown,49.5,Medium,0.99
CUS-003190,Unknown,Unknown,51.5,Medium,0.97
CUS-003191,Unknown,Unknown,0.0,Low,1.0
CUS-003192,Unknown,Unknown,0.0,Low,1.0
CUS-003193,Unknown,Unknown,100.0,High,1.0
CUS-003194,Unknown,Unknown,100.0,High,1.0
CUS-003195,Unknown,Unknown,100.0,High,1.0
CUS-003196,Unknown,Unknown,99.5,High,0.99
CUS-003197,Unknown,Unknown,51.0,Medium,0.98
CUS-003198,Unknown,Unknown,48.5,Medium,0.97
CUS-003199,Unknown,Unknown,49.0,Medium,0.98
CUS-003200,Unknown,Unknown,100.0,High,1.0
CUS-003201,Unknown,Unknown,100.0,High,1.0
CUS-003202,Unknown,Unknown,100.0,High,1.0
CUS-003203,Unknown,Unknown,100.0,High,1.0
CUS-003204,Unknown,Unknown,52.0,Medium,0.96
CUS-003205,Unknown,Unknown,100.0,High,1.0
CUS-003206,Unknown,Unknown,50.0,Medium,1.0
CUS-003207,Unknown,Unknown,53.0,Medium,0.94
CUS-003208,Unknown,Unknown,50.0,Medium,1.0
CUS-003209,Unknown,Unknown,50.0,Medium,1.0
CUS-003210,Unknown,Unknown,49.5,Medium,0.99
CUS-003211,Unknown,Unknown,99.5,High,0.99
CUS-003212,Unknown,Unknown,99.5,High,0.99
CUS-003213,Unknown,Unknown,98.5,High,0.97
CUS-003214,Unknown,Unknown,99.5,High,0.99
CUS-003215,Unknown,Unknown,50.5,Medium,0.99
CUS-003216,Unknown,Unknown,100.0,High,1.0
CUS-003217,Unknown,Unknown,50.0,Medium,1.0
CUS-003218,Unknown,Unknown,48.5,Medium,0.97
CUS-003219,Unknown,Unknown,100.0,High,1.0
CUS-003220,Unknown,Unknown,99.5,High,0.99
CUS-003221,Unknown,Unknown,52.0,Medium,0.96
CUS-003222,Unknown,Unknown,100.0,High,1.0
CUS-003223,Unknown,Unknown,100.0,High,1.0
CUS-003224,Unknown,Unknown,100.0,High,1.0
CUS-003225,Unknown,Unknown,50.0,Medium,1.0
CUS-003226,Unknown,Unknown,99.5,High,0.99
CUS-003227,Unknown,Unknown,100.0,High,1.0
CUS-003228,Unknown,Unknown,0.0,Low,1.0
CUS-003229,Unknown,Unknown,100.0,High,1.0
CUS-003230,Unknown,Unknown,50.0,Medium,1.0
CUS-003231,Unknown,Unknown,99.5,High,0.99
CUS-003232,Unknown,Unknown,50.0,Medium,1.0
CUS-003233,Unknown,Unknown,100.0,High,1.0
CUS-003234,Unknown,Unknown,0.0,Low,1.0
CUS-003235,Unknown,Unknown,99.5,High,0.99
CUS-003236,Unknown,Unknown,95.0,High,0.9
CUS-003237,Unknown,Unknown,100.0,High,1.0
CUS-003238,Unknown,Unknown,51.5,Medium,0.97
CUS-003239,Unknown,Unknown,99.0,High,0.98
CUS-003240,Unknown,Unknown,99.0,High,0.98
CUS-003241,Unknown,Unknown,51.5,Medium,0.97
CUS-003242,Unknown,Unknown,100.0,High,1.0
CUS-003243,Unknown,Unknown,51.5,Medium,0.97
CUS-003244,Unknown,Unknown,99.5,High,0.99
CUS-003245,Unknown,Unknown,0.0,Low,1.0
CUS-003246,Unknown,Unknown,50.5,Medium,0.99
CUS-003247,Unknown,Unknown,99.0,High,0.98
CUS-003248,Unknown,Unknown,51.5,Medium,0.97
CUS-003249,Unknown,Unknown,100.0,High,1.0
CUS-003250,Unknown,Unknown,50.0,Medium,1.0
CUS-003251,Unknown,Unknown,100.0,High,1.0
CUS-003252,Unknown,Unknown,51.5,Medium,0.97
CUS-003253,Unknown,Unknown,0.0,Low,1.0
CUS-003254,Unknown,Unknown,100.0,High,1.0
CUS-003255,Unknown,Unknown,0.0,Low,1.0
CUS-003256,Unknown,Unknown,99.5,High,0.99
CUS-003257,Unknown,Unknown,51.5,Medium,0.97
CUS-003258,Unknown,Unknown,100.0,High,1.0
CUS-003259,Unknown,Unknown,50.5,Medium,0.99
CUS-003260,Unknown,Unknown,50.0,Medium,1.0
CUS-003261,Unknown,Unknown,0.0,Low,1.0
CUS-003262,Unknown,Unknown,99.5,High,0.99
CUS-003263,Unknown,Unknown,50.5,Medium,0.99
CUS-003264,Unknown,Unknown,99.5,High,0.99
CUS-003265,Unknown,Unknown,100.0,High,1.0
CUS-003266,Unknown,Unknown,49.5,Medium,0.99
CUS-003267,Unknown,Unknown,52.5,Medium,0.95
CUS-003268,Unknown,Unknown,100.0,High,1.0
CUS-003269,Unknown,Unknown,100.0,High,1.0
CUS-003270,Unknown,Unknown,0.0,Low,1.0
CUS-003271,Unknown,Unknown,100.0,High,1.0
CUS-003272,Unknown,Unknown,100.0,High,1.0
CUS-003273,Unknown,Unknown,50.0,Medium,1.0
CUS-003274,Unknown,Unknown,100.0,High,1.0
CUS-003275,Unknown,Unknown,100.0,High,1.0
CUS-003276,Unknown,Unknown,99.5,High,0.99
CUS-003277,Unknown,Unknown,51.0,Medium,0.98
CUS-003278,Unknown,Unknown,50.5,Medium,0.99
CUS-003279,Unknown,Unknown,50.0,Medium,1.0
CUS-003280,Unknown,Unknown,0.0,Low,1.0
CUS-003281,Unknown,Unknown,100.0,High,1.0
CUS-003282,Unknown,Unknown,95.5,High,0.91
CUS-003283,Unknown,Unknown,50.0,Medium,0.98
CUS-003284,Unknown,Unknown,50.0,Medium,1.0
CUS-003285,Unknown,Unknown,50.0,Medium,1.0
CUS-003286,Unknown,Unknown,50.0,Medium,1.0
CUS-003287,Unknown,Unknown,99.5,High,0.99
CUS-003288,Unknown,Unknown,100.0,High,1.0
CUS-003289,Unknown,Unknown,46.5,Medium,0.93
CUS-003290,Unknown,Unknown,100.0,High,1.0
CUS-003291,Unknown,Unknown,50.0,Medium,1.0
CUS-003292,Unknown,Unknown,99.0,High,0.98
CUS-003293,Unknown,Unknown,100.0,High,1.0
CUS-003294,Unknown,Unknown,100.0,High,1.0
CUS-003295,Unknown,Unknown,100.0,High,1.0
CUS-003296,Unknown,Unknown,100.0,High,1.0
CUS-003297,Unknown,Unknown,99.0,High,0.98
CUS-003298,Unknown,Unknown,100.0,High,1.0
CUS-003299,Unknown,Unknown,97.5,High,0.95
CUS-003300,Unknown,Unknown,50.0,Medium,1.0
CUS-003301,Unknown,Unknown,51.0,Medium,0.98
CUS-003302,Unknown,Unknown,99.5,High,0.99
CUS-003303,Unknown,Unknown,50.0,Medium,1.0
CUS-003304,Unknown,Unknown,99.5,High,0.99
CUS-003305,Unknown,Unknown,100.0,High,1.0
CUS-003306,Unknown,Unknown,0.0,Low,1.0
CUS-003307,Unknown,Unknown,0.0,Low,1.0
CUS-003308,Unknown,Unknown,49.0,Medium,0.98
CUS-003309,Unknown,Unknown,50.5,Medium,0.99
CUS-003310,Unknown,Unknown,50.0,Medium,1.0
CUS-003311,Unknown,Unknown,100.0,High,1.0
CUS-003312,Unknown,Unknown,50.0,Medium,1.0
CUS-003313,Unknown,Unknown,100.0,High,1.0
CUS-003314,Unknown,Unknown,100.0,High,1.0
CUS-003315,Unknown,Unknown,99.5,High,0.99
CUS-003316,Unknown,Unknown,49.5,Medium,0.99
CUS-003317,Unknown,Unknown,50.5,Medium,0.99
CUS-003318,Unknown,Unknown,50.0,Medium,1.0
CUS-003319,Unknown,Unknown,0.0,Low,1.0
CUS-003320,Unknown,Unknown,99.0,High,0.98
CUS-003321,Unknown,Unknown,50.5,Medium,0.99
CUS-003322,Unknown,Unknown,100.0,High,1.0
CUS-003323,Unknown,Unknown,97.5,High,0.95
CUS-003324,Unknown,Unknown,100.0,High,1.0
CUS-003325,Unknown,Unknown,100.0,High,1.0
CUS-003326,Unknown,Unknown,100.0,High,1.0
CUS-003327,Unknown,Unknown,98.0,High,0.96
CUS-003328,Unknown,Unknown,52.5,Medium,0.95
CUS-003329,Unknown,Unknown,98.0,High,0.96
CUS-003330,Unknown,Unknown,0.0,Low,1.0
CUS-003331,Unknown,Unknown,99.5,High,0.99
CUS-003332,Unknown,Unknown,50.5,Medium,0.99
CUS-003333,Unknown,Unknown,49.0,Medium,0.98
CUS-003334,Unknown,Unknown,50.0,Medium,1.0
CUS-003335,Unknown,Unknown,50.0,Medium,1.0
CUS-003336,Unknown,Unknown,100.0,High,1.0
CUS-003337,Unknown,Unknown,52.0,Medium,0.96
CUS-003338,Unknown,Unknown,100.0,High,1.0
CUS-003339,Unknown,Unknown,50.0,Medium,1.0
CUS-003340,Unknown,Unknown,98.0,High,0.96
CUS-003341,Unknown,Unknown,50.0,Medium,1.0
CUS-003342,Unknown,Unknown,100.0,High,1.0
CUS-003343,Unknown,Unknown,49.5,Medium,0.99
CUS-003344,Unknown,Unknown,50.0,Medium,1.0
CUS-003345,Unknown,Unknown,50.0,Medium,1.0
CUS-003346,Unknown,Unknown,99.5,High,0.99
CUS-003347,Unknown,Unknown,99.0,High,0.98
CUS-003348,Unknown,Unknown,50.5,Medium,0.99
CUS-003349,Unknown,Unknown,100.0,High,1.0
CUS-003350,Unknown,Unknown,99.0,High,0.98
CUS-003351,Unknown,Unknown,0.0,Low,1.0
CUS-003352,Unknown,Unknown,49.5,Medium,0.97
CUS-003353,Unknown,Unknown,50.0,Medium,1.0
CUS-003354,Unknown,Unknown,50.0,Medium,1.0
CUS-003355,Unknown,Unknown,100.0,High,1.0
CUS-003356,Unknown,Unknown,50.5,Medium,0.99
CUS-003357,Unknown,Unknown,97.5,High,0.95
CUS-003358,Unknown,Unknown,100.0,High,1.0
CUS-003359,Unknown,Unknown,50.0,Medium,1.0
CUS-003360,Unknown,Unknown,99.5,High,0.99
CUS-003361,Unknown,Unknown,49.5,Medium,0.99
CUS-003362,Unknown,Unknown,100.0,High,1.0
CUS-003363,Unknown,Unknown,50.0,Medium,1.0
CUS-003364,Unknown,Unknown,51.0,Medium,0.98
CUS-003365,Unknown,Unknown,0.0,Low,1.0
CUS-003366,Unknown,Unknown,50.0,Medium,1.0
CUS-003367,Unknown,Unknown,51.5,Medium,0.97
CUS-003368,Unknown,Unknown,100.0,High,1.0
CUS-003369,Unknown,Unknown,99.5,High,0.99
CUS-003370,Unknown,Unknown,100.0,High,1.0
CUS-003371,Unknown,Unknown,51.5,Medium,0.97
CUS-003372,Unknown,Unknown,100.0,High,1.0
CUS-003373,Unknown,Unknown,100.0,High,1.0
CUS-003374,Unknown,Unknown,52.5,Medium,0.95
CUS-003375,Unknown,Unknown,50.5,Medium,0.99
CUS-003376,Unknown,Unknown,100.0,High,1.0
CUS-003377,Unknown,Unknown,50.0,Medium,1.0
CUS-003378,Unknown,Unknown,100.0,High,1.0
CUS-003379,Unknown,Unknown,50.0,Medium,1.0
CUS-003380,Unknown,Unknown,50.5,Medium,0.99
CUS-003381,Unknown,Unknown,100.0,High,1.0
CUS-003382,Unknown,Unknown,99.0,High,0.98
CUS-003383,Unknown,Unknown,98.5,High,0.97
CUS-003384,Unknown,Unknown,50.5,Medium,0.99
CUS-003385,Unknown,Unknown,0.0,Low,1.0
CUS-003386,Unknown,Unknown,97.0,High,0.94
CUS-003387,Unknown,Unknown,50.5,Medium,0.99
CUS-003388,Unknown,Unknown,100.0,High,1.0
CUS-003389,Unknown,Unknown,99.5,High,0.99
CUS-003390,Unknown,Unknown,49.5,Medium,0.99
CUS-003391,Unknown,Unknown,95.5,High,0.91
CUS-003392,Unknown,Unknown,100.0,High,1.0
CUS-003393,Unknown,Unknown,100.0,High,1.0
CUS-003394,Unknown,Unknown,49.5,Medium,0.99
CUS-003395,Unknown,Unknown,50.5,Medium,0.99
CUS-003396,Unknown,Unknown,100.0,High,1.0
CUS-003397,Unknown,Unknown,0.0,Low,1.0
CUS-003398,Unknown,Unknown,50.0,Medium,1.0
CUS-003399,Unknown,Unknown,100.0,High,1.0
CUS-003400,Unknown,Unknown,49.5,Medium,0.99
CUS-003401,Unknown,Unknown,49.5,Medium,0.99
CUS-003402,Unknown,Unknown,100.0,High,1.0
CUS-003403,Unknown,Unknown,100.0,High,1.0
CUS-003404,Unknown,Unknown,100.0,High,1.0
CUS-003405,Unknown,Unknown,100.0,High,1.0
CUS-003406,Unknown,Unknown,100.0,High,1.0
CUS-003407,Unknown,Unknown,100.0,High,1.0
CUS-003408,Unknown,Unknown,50.5,Medium,0.99
CUS-003409,Unknown,Unknown,51.0,Medium,0.98
CUS-003410,Unknown,Unknown,0.0,Low,1.0
CUS-003411,Unknown,Unknown,99.5,High,0.99
CUS-003412,Unknown,Unknown,99.0,High,0.98
CUS-003413,Unknown,Unknown,50.0,Medium,1.0
CUS-003414,Unknown,Unknown,98.5,High,0.97
CUS-003415,Unknown,Unknown,100.0,High,1.0
CUS-003416,Unknown,Unknown,0.0,Low,1.0
CUS-003417,Unknown,Unknown,98.0,High,0.96
CUS-003418,Unknown,Unknown,98.5,High,0.97
CUS-003419,Unknown,Unknown,47.5,Medium,0.95
CUS-003420,Unknown,Unknown,99.0,High,0.98
CUS-003421,Unknown,Unknown,100.0,High,1.0
CUS-003422,Unknown,Unknown,51.0,Medium,0.98
CUS-003423,Unknown,Unknown,51.0,Medium,0.98
CUS-003424,Unknown,Unknown,100.0,High,1.0
CUS-003425,Unknown,Unknown,50.0,Medium,1.0
CUS-003426,Unknown,Unknown,100.0,High,1.0
CUS-003427,Unknown,Unknown,50.0,Medium,1.0
CUS-003428,Unknown,Unknown,100.0,High,1.0
CUS-003429,Unknown,Unknown,100.0,High,1.0
CUS-003430,Unknown,Unknown,52.0,Medium,0.96
CUS-003431,Unknown,Unknown,100.0,High,1.0
CUS-003432,Unknown,Unknown,50.0,Medium,1.0
CUS-003433,Unknown,Unknown,51.5,Medium,0.97
CUS-003434,Unknown,Unknown,49.5,Medium,0.99
CUS-003435,Unknown,Unknown,50.0,Medium,1.0
CUS-003436,Unknown,Unknown,50.5,Medium,0.99
CUS-003437,Unknown,Unknown,53.5,Medium,0.93
CUS-003438,Unknown,Unknown,50.0,Medium,1.0
CUS-003439,Unknown,Unknown,49.0,Medium,0.98
CUS-003440,Unknown,Unknown,100.0,High,1.0
CUS-003441,Unknown,Unknown,50.5,Medium,0.99
CUS-003442,Unknown,Unknown,49.0,Medium,0.98
CUS-003443,Unknown,Unknown,0.5,Low,0.99
CUS-003444,Unknown,Unknown,100.0,High,1.0
CUS-003445,Unknown,Unknown,100.0,High,1.0
CUS-003446,Unknown,Unknown,99.5,High,0.99
CUS-003447,Unknown,Unknown,50.5,Medium,0.99
CUS-003448,Unknown,Unknown,100.0,High,1.0
CUS-003449,Unknown,Unknown,51.0,Medium,0.98
CUS-003450,Unknown,Unknown,98.0,High,0.96
CUS-003451,Unknown,Unknown,50.0,Medium,1.0
CUS-003452,Unknown,Unknown,100.0,High,1.0
CUS-003453,Unknown,Unknown,51.0,Medium,0.98
CUS-003454,Unknown,Unknown,51.0,Medium,0.98
CUS-003455,Unknown,Unknown,100.0,High,1.0
CUS-003456,Unknown,Unknown,100.0,High,1.0
CUS-003457,Unknown,Unknown,50.0,Medium,1.0
CUS-003458,Unknown,Unknown,100.0,High,1.0
CUS-003459,Unknown,Unknown,0.0,Low,1.0
CUS-003460,Unknown,Unknown,50.0,Medium,1.0
CUS-003461,Unknown,Unknown,98.5,High,0.97
CUS-003462,Unknown,Unknown,99.5,High,0.99
CUS-003463,Unknown,Unknown,51.5,Medium,0.97
CUS-003464,Unknown,Unknown,50.0,Medium,1.0
CUS-003465,Unknown,Unknown,99.5,High,0.99
CUS-003466,Unknown,Unknown,100.0,High,1.0
CUS-003467,Unknown,Unknown,50.0,Medium,1.0
CUS-003468,Unknown,Unknown,100.0,High,1.0
CUS-003469,Unknown,Unknown,100.0,High,1.0
CUS-003470,Unknown,Unknown,51.0,Medium,0.98
CUS-003471,Unknown,Unknown,51.0,Medium,0.98
CUS-003472,Unknown,Unknown,99.5,High,0.99
CUS-003473,Unknown,Unknown,50.0,Medium,1.0
CUS-003474,Unknown,Unknown,50.0,Medium,1.0
CUS-003475,Unknown,Unknown,99.5,High,0.99
CUS-003476,Unknown,Unknown,100.0,High,1.0
CUS-003477,Unknown,Unknown,100.0,High,1.0
CUS-003478,Unknown,Unknown,99.5,High,0.99
CUS-003479,Unknown,Unknown,100.0,High,1.0
CUS-003480,Unknown,Unknown,50.5,Medium,0.99
CUS-003481,Unknown,Unknown,51.0,Medium,0.98
CUS-003482,Unknown,Unknown,98.5,High,0.97
CUS-003483,Unknown,Unknown,100.0,High,1.0
CUS-003484,Unknown,Unknown,99.5,High,0.99
CUS-003485,Unknown,Unknown,100.0,High,1.0
CUS-003486,Unknown,Unknown,50.5,Medium,0.99
CUS-003487,Unknown,Unknown,100.0,High,1.0
CUS-003488,Unknown,Unknown,98.0,High,0.96
CUS-003489,Unknown,Unknown,49.0,Medium,0.98
CUS-003490,Unknown,Unknown,98.5,High,0.97
CUS-003491,Unknown,Unknown,50.5,Medium,0.99
CUS-003492,Unknown,Unknown,0.0,Low,1.0
CUS-003493,Unknown,Unknown,100.0,High,1.0
CUS-003494,Unknown,Unknown,100.0,High,1.0
CUS-003495,Unknown,Unknown,50.0,Medium,0.98
CUS-003496,Unknown,Unknown,100.0,High,1.0
CUS-003497,Unknown,Unknown,95.5,High,0.91
CUS-003498,Unknown,Unknown,99.5,High,0.99
CUS-003499,Unknown,Unknown,50.5,Medium,0.99
CUS-003500,Unknown,Unknown,100.0,High,1.0
CUS-003501,Unknown,Unknown,51.0,Medium,0.98
CUS-003502,Unknown,Unknown,99.5,High,0.99
CUS-003503,Unknown,Unknown,50.0,Medium,1.0
CUS-003504,Unknown,Unknown,52.5,Medium,0.95
CUS-003505,Unknown,Unknown,100.0,High,1.0
CUS-003506,Unknown,Unknown,50.5,Medium,0.99
CUS-003507,Unknown,Unknown,100.0,High,1.0
CUS-003508,Unknown,Unknown,99.5,High,0.99
CUS-003509,Unknown,Unknown,99.5,High,0.99
CUS-003510,Unknown,Unknown,48.5,Medium,0.97
CUS-003511,Unknown,Unknown,100.0,High,1.0
CUS-003512,Unknown,Unknown,100.0,High,1.0
CUS-003513,Unknown,Unknown,52.0,Medium,0.96
CUS-003514,Unknown,Unknown,99.0,High,0.98
CUS-003515,Unknown,Unknown,100.0,High,1.0
CUS-003516,Unknown,Unknown,100.0,High,1.0
CUS-003517,Unknown,Unknown,99.5,High,0.99
CUS-003518,Unknown,Unknown,49.0,Medium,0.98
CUS-003519,Unknown,Unknown,100.0,High,1.0
CUS-003520,Unknown,Unknown,100.0,High,1.0
CUS-003521,Unknown,Unknown,100.0,High,1.0
CUS-003522,Unknown,Unknown,100.0,High,1.0
CUS-003523,Unknown,Unknown,0.0,Low,1.0
CUS-003524,Unknown,Unknown,100.0,High,1.0
CUS-003525,Unknown,Unknown,100.0,High,1.0
CUS-003526,Unknown,Unknown,50.0,Medium,1.0
CUS-003527,Unknown,Unknown,50.0,Medium,1.0
CUS-003528,Unknown,Unknown,51.0,Medium,0.98
CUS-003529,Unknown,Unknown,52.0,Medium,0.96
CUS-003530,Unknown,Unknown,99.0,High,0.98
CUS-003531,Unknown,Unknown,100.0,High,1.0
CUS-003532,Unknown,Unknown,50.5,Medium,0.99
CUS-003533,Unknown,Unknown,100.0,High,1.0
CUS-003534,Unknown,Unknown,0.0,Low,1.0
CUS-003535,Unknown,Unknown,100.0,High,1.0
CUS-003536,Unknown,Unknown,99.0,High,0.98
CUS-003537,Unknown,Unknown,50.0,Medium,1.0
CUS-003538,Unknown,Unknown,100.0,High,1.0
CUS-003539,Unknown,Unknown,100.0,High,1.0
CUS-003540,Unknown,Unknown,49.5,Medium,0.99
CUS-003541,Unknown,Unknown,51.5,Medium,0.97
CUS-003542,Unknown,Unknown,51.0,Medium,0.98
CUS-003543,Unknown,Unknown,100.0,High,1.0
CUS-003544,Unknown,Unknown,93.5,High,0.87
CUS-003545,Unknown,Unknown,50.5,Medium,0.99
CUS-003546,Unknown,Unknown,100.0,High,1.0
CUS-003547,Unknown,Unknown,100.0,High,1.0
CUS-003548,Unknown,Unknown,100.0,High,1.0
CUS-003549,Unknown,Unknown,93.0,High,0.86
CUS-003550,Unknown,Unknown,100.0,High,1.0
CUS-003551,Unknown,Unknown,100.0,High,1.0
CUS-003552,Unknown,Unknown,51.5,Medium,0.97
CUS-003553,Unknown,Unknown,50.0,Medium,1.0
CUS-003554,Unknown,Unknown,99.0,High,0.98
CUS-003555,Unknown,Unknown,100.0,High,1.0
CUS-003556,Unknown,Unknown,100.0,High,1.0
CUS-003557,Unknown,Unknown,100.0,High,1.0
CUS-003558,Unknown,Unknown,100.0,High,1.0
CUS-003559,Unknown,Unknown,100.0,High,1.0
CUS-003560,Unknown,Unknown,100.0,High,1.0
CUS-003561,Unknown,Unknown,100.0,High,1.0
CUS-003562,Unknown,Unknown,100.0,High,1.0
CUS-003563,Unknown,Unknown,100.0,High,1.0
CUS-003564,Unknown,Unknown,51.0,Medium,0.98
CUS-003565,Unknown,Unknown,50.0,Medium,1.0
CUS-003566,Unknown,Unknown,100.0,High,1.0
CUS-003567,Unknown,Unknown,52.0,Medium,0.96
CUS-003568,Unknown,Unknown,100.0,High,1.0
CUS-003569,Unknown,Unknown,100.0,High,1.0
CUS-003570,Unknown,Unknown,100.0,High,1.0
CUS-003571,Unknown,Unknown,100.0,High,1.0
CUS-003572,Unknown,Unknown,50.0,Medium,1.0
CUS-003573,Unknown,Unknown,50.0,Medium,1.0
CUS-003574,Unknown,Unknown,100.0,High,1.0
CUS-003575,Unknown,Unknown,97.0,High,0.94
CUS-003576,Unknown,Unknown,99.5,High,0.99
CUS-003577,Unknown,Unknown,99.5,High,0.99
CUS-003578,Unknown,Unknown,51.5,Medium,0.97
CUS-003579,Unknown,Unknown,100.0,High,1.0
CUS-003580,Unknown,Unknown,49.5,Medium,0.99
CUS-003581,Unknown,Unknown,100.0,High,1.0
CUS-003582,Unknown,Unknown,51.0,Medium,0.98
CUS-003583,Unknown,Unknown,99.0,High,0.98
CUS-003584,Unknown,Unknown,100.0,High,1.0
CUS-003585,Unknown,Unknown,99.5,High,0.99
CUS-003586,Unknown,Unknown,100.0,High,1.0
CUS-003587,Unknown,Unknown,50.5,Medium,0.99
CUS-003588,Unknown,Unknown,50.0,Medium,1.0
CUS-003589,Unknown,Unknown,100.0,High,1.0
CUS-003590,Unknown,Unknown,100.0,High,1.0
CUS-003591,Unknown,Unknown,100.0,High,1.0
CUS-003592,Unknown,Unknown,51.0,Medium,0.98
CUS-003593,Unknown,Unknown,100.0,High,1.0
CUS-003594,Unknown,Unknown,50.0,Medium,1.0
CUS-003595,Unknown,Unknown,49.0,Medium,0.98
CUS-003596,Unknown,Unknown,50.0,Medium,1.0
CUS-003597,Unknown,Unknown,99.0,High,0.98
CUS-003598,Unknown,Unknown,100.0,High,1.0
CUS-003599,Unknown,Unknown,50.5,Medium,0.99
CUS-003600,Unknown,Unknown,100.0,High,1.0
CUS-003601,Unknown,Unknown,99.0,High,0.98
CUS-003602,Unknown,Unknown,49.5,Medium,0.99
CUS-003603,Unknown,Unknown,99.5,High,0.99
CUS-003604,Unknown,Unknown,54.5,Medium,0.91
CUS-003605,Unknown,Unknown,99.5,High,0.99
CUS-003606,Unknown,Unknown,50.0,Medium,1.0
CUS-003607,Unknown,Unknown,50.0,Medium,1.0
CUS-003608,Unknown,Unknown,48.5,Medium,0.97
CUS-003609,Unknown,Unknown,50.0,Medium,1.0
CUS-003610,Unknown,Unknown,49.5,Medium,0.99
CUS-003611,Unknown,Unknown,51.5,Medium,0.97
CUS-003612,Unknown,Unknown,50.0,Medium,1.0
CUS-003613,Unknown,Unknown,50.0,Medium,1.0
CUS-003614,Unknown,Unknown,98.5,High,0.97
CUS-003615,Unknown,Unknown,50.0,Medium,1.0
CUS-003616,Unknown,Unknown,50.0,Medium,1.0
CUS-003617,Unknown,Unknown,100.0,High,1.0
CUS-003618,Unknown,Unknown,0.0,Low,1.0
CUS-003619,Unknown,Unknown,99.0,High,0.98
CUS-003620,Unknown,Unknown,100.0,High,1.0
CUS-003621,Unknown,Unknown,100.0,High,1.0
CUS-003622,Unknown,Unknown,0.0,Low,1.0
CUS-003623,Unknown,Unknown,100.0,High,1.0
CUS-003624,Unknown,Unknown,99.5,High,0.99
CUS-003625,Unknown,Unknown,100.0,High,1.0
CUS-003626,Unknown,Unknown,100.0,High,1.0
CUS-003627,Unknown,Unknown,98.0,High,0.96
CUS-003628,Unknown,Unknown,100.0,High,1.0
CUS-003629,Unknown,Unknown,100.0,High,1.0
CUS-003630,Unknown,Unknown,49.5,Medium,0.99
CUS-003631,Unknown,Unknown,50.0,Medium,1.0
CUS-003632,Unknown,Unknown,100.0,High,1.0
CUS-003633,Unknown,Unknown,50.5,Medium,0.99
CUS-003634,Unknown,Unknown,99.0,High,0.98
CUS-003635,Unknown,Unknown,100.0,High,1.0
CUS-003636,Unknown,Unknown,97.5,High,0.95
CUS-003637,Unknown,Unknown,50.0,Medium,1.0
CUS-003638,Unknown,Unknown,0.0,Low,1.0
CUS-003639,Unknown,Unknown,100.0,High,1.0
CUS-003640,Unknown,Unknown,99.0,High,0.98
CUS-003641,Unknown,Unknown,51.0,Medium,0.98
CUS-003642,Unknown,Unknown,51.5,Medium,0.97
CUS-003643,Unknown,Unknown,50.0,Medium,1.0
CUS-003644,Unknown,Unknown,50.0,Medium,1.0
CUS-003645,Unknown,Unknown,51.0,Medium,0.98
CUS-003646,Unknown,Unknown,50.0,Medium,1.0
CUS-003647,Unknown,Unknown,50.0,Medium,1.0
CUS-003648,Unknown,Unknown,100.0,High,1.0
CUS-003649,Unknown,Unknown,50.0,Medium,0.98
CUS-003650,Unknown,Unknown,99.5,High,0.99
CUS-003651,Unknown,Unknown,96.0,High,0.92
CUS-003652,Unknown,Unknown,50.5,Medium,0.99
CUS-003653,Unknown,Unknown,100.0,High,1.0
CUS-003654,Unknown,Unknown,49.5,Medium,0.99
CUS-003655,Unknown,Unknown,50.0,Medium,1.0
CUS-003656,Unknown,Unknown,51.5,Medium,0.97
CUS-003657,Unknown,Unknown,100.0,High,1.0
CUS-003658,Unknown,Unknown,100.0,High,1.0
CUS-003659,Unknown,Unknown,100.0,High,1.0
CUS-003660,Unknown,Unknown,100.0,High,1.0
CUS-003661,Unknown,Unknown,50.0,Medium,1.0
CUS-003662,Unknown,Unknown,99.5,High,0.99
CUS-003663,Unknown,Unknown,99.0,High,0.98
CUS-003664,Unknown,Unknown,50.0,Medium,1.0
CUS-003665,Unknown,Unknown,49.5,Medium,0.99
CUS-003666,Unknown,Unknown,100.0,High,1.0
CUS-003667,Unknown,Unknown,50.0,Medium,1.0
CUS-003668,Unknown,Unknown,46.0,Medium,0.92
CUS-003669,Unknown,Unknown,100.0,High,1.0
CUS-003670,Unknown,Unknown,50.0,Medium,1.0
CUS-003671,Unknown,Unknown,99.5,High,0.99
CUS-003672,Unknown,Unknown,50.5,Medium,0.99
CUS-003673,Unknown,Unknown,100.0,High,1.0
CUS-003674,Unknown,Unknown,50.5,Medium,0.99
CUS-003675,Unknown,Unknown,100.0,High,1.0
CUS-003676,Unknown,Unknown,100.0,High,1.0
CUS-003677,Unknown,Unknown,100.0,High,1.0
CUS-003678,Unknown,Unknown,50.0,Medium,1.0
CUS-003679,Unknown,Unknown,0.0,Low,1.0
CUS-003680,Unknown,Unknown,50.0,Medium,0.98
CUS-003681,Unknown,Unknown,100.0,High,1.0
CUS-003682,Unknown,Unknown,0.0,Low,1.0
CUS-003683,Unknown,Unknown,50.0,Medium,1.0
CUS-003684,Unknown,Unknown,99.5,High,0.99
CUS-003685,Unknown,Unknown,0.0,Low,1.0
CUS-003686,Unknown,Unknown,50.0,Medium,1.0
CUS-003687,Unknown,Unknown,100.0,High,1.0
CUS-003688,Unknown,Unknown,50.0,Medium,1.0
CUS-003689,Unknown,Unknown,52.5,Medium,0.95
CUS-003690,Unknown,Unknown,100.0,High,1.0
CUS-003691,Unknown,Unknown,47.0,Medium,0.94
CUS-003692,Unknown,Unknown,100.0,High,1.0
CUS-003693,Unknown,Unknown,48.0,Medium,0.96
CUS-003694,Unknown,Unknown,50.0,Medium,1.0
CUS-003695,Unknown,Unknown,99.5,High,0.99
CUS-003696,Unknown,Unknown,100.0,High,1.0
CUS-003697,Unknown,Unknown,50.0,Medium,1.0
CUS-003698,Unknown,Unknown,0.0,Low,1.0
CUS-003699,Unknown,Unknown,0.0,Low,1.0
CUS-003700,Unknown,Unknown,100.0,High,1.0
CUS-003701,Unknown,Unknown,99.5,High,0.99
CUS-003702,Unknown,Unknown,99.5,High,0.99
CUS-003703,Unknown,Unknown,98.5,High,0.97
CUS-003704,Unknown,Unknown,99.5,High,0.99
CUS-003705,Unknown,Unknown,0.0,Low,1.0
CUS-003706,Unknown,Unknown,49.5,Medium,0.99
CUS-003707,Unknown,Unknown,51.0,Medium,0.98
CUS-003708,Unknown,Unknown,50.5,Medium,0.99
CUS-003709,Unknown,Unknown,100.0,High,1.0
CUS-003710,Unknown,Unknown,100.0,High,1.0
CUS-003711,Unknown,Unknown,100.0,High,1.0
CUS-003712,Unknown,Unknown,100.0,High,1.0
CUS-003713,Unknown,Unknown,100.0,High,1.0
CUS-003714,Unknown,Unknown,100.0,High,1.0
CUS-003715,Unknown,Unknown,99.0,High,0.98
CUS-003716,Unknown,Unknown,51.0,Medium,0.98
CUS-003717,Unknown,Unknown,100.0,High,1.0
CUS-003718,Unknown,Unknown,99.0,High,0.98
CUS-003719,Unknown,Unknown,100.0,High,1.0
CUS-003720,Unknown,Unknown,50.5,Medium,0.99
CUS-003721,Unknown,Unknown,100.0,High,1.0
CUS-003722,Unknown,Unknown,50.0,Medium,1.0
CUS-003723,Unknown,Unknown,99.5,High,0.99
CUS-003724,Unknown,Unknown,100.0,High,1.0
CUS-003725,Unknown,Unknown,100.0,High,1.0
CUS-003726,Unknown,Unknown,100.0,High,1.0
CUS-003727,Unknown,Unknown,99.5,High,0.99
CUS-003728,Unknown,Unknown,50.0,Medium,1.0
CUS-003729,Unknown,Unknown,100.0,High,1.0
CUS-003730,Unknown,Unknown,100.0,High,1.0
CUS-003731,Unknown,Unknown,99.5,High,0.99
CUS-003732,Unknown,Unknown,99.5,High,0.99
CUS-003733,Unknown,Unknown,99.0,High,0.98
CUS-003734,Unknown,Unknown,99.0,High,0.98
CUS-003735,Unknown,Unknown,0.0,Low,1.0
CUS-003736,Unknown,Unknown,100.0,High,1.0
CUS-003737,Unknown,Unknown,0.0,Low,1.0
CUS-003738,Unknown,Unknown,50.0,Medium,1.0
CUS-003739,Unknown,Unknown,50.5,Medium,0.99
CUS-003740,Unknown,Unknown,50.0,Medium,1.0
CUS-003741,Unknown,Unknown,0.0,Low,1.0
CUS-003742,Unknown,Unknown,0.0,Low,1.0
CUS-003743,Unknown,Unknown,100.0,High,1.0
CUS-003744,Unknown,Unknown,100.0,High,1.0
CUS-003745,Unknown,Unknown,50.0,Medium,1.0
CUS-003746,Unknown,Unknown,100.0,High,1.0
CUS-003747,Unknown,Unknown,0.0,Low,1.0
CUS-003748,Unknown,Unknown,100.0,High,1.0
CUS-003749,Unknown,Unknown,99.0,High,0.98
CUS-003750,Unknown,Unknown,0.0,Low,1.0
CUS-003751,Unknown,Unknown,0.0,Low,1.0
CUS-003752,Unknown,Unknown,50.0,Medium,1.0
CUS-003753,Unknown,Unknown,100.0,High,1.0
CUS-003754,Unknown,Unknown,51.5,Medium,0.97
CUS-003755,Unknown,Unknown,98.5,High,0.97
CUS-003756,Unknown,Unknown,51.0,Medium,0.98
CUS-003757,Unknown,Unknown,50.0,Medium,1.0
CUS-003758,Unknown,Unknown,50.0,Medium,1.0
CUS-003759,Unknown,Unknown,97.5,High,0.95
CUS-003760,Unknown,Unknown,50.0,Medium,1.0
CUS-003761,Unknown,Unknown,100.0,High,1.0
CUS-003762,Unknown,Unknown,50.0,Medium,1.0
CUS-003763,Unknown,Unknown,0.5,Low,0.99
CUS-003764,Unknown,Unknown,50.0,Medium,1.0
CUS-003765,Unknown,Unknown,49.0,Medium,0.98
CUS-003766,Unknown,Unknown,100.0,High,1.0
CUS-003767,Unknown,Unknown,50.5,Medium,0.99
CUS-003768,Unknown,Unknown,52.5,Medium,0.95
CUS-003769,Unknown,Unknown,50.5,Medium,0.99
CUS-003770,Unknown,Unknown,100.0,High,1.0
CUS-003771,Unknown,Unknown,98.0,High,0.96
CUS-003772,Unknown,Unknown,100.0,High,1.0
CUS-003773,Unknown,Unknown,100.0,High,1.0
CUS-003774,Unknown,Unknown,50.5,Medium,0.99
CUS-003775,Unknown,Unknown,99.0,High,0.98
CUS-003776,Unknown,Unknown,99.5,High,0.99
CUS-003777,Unknown,Unknown,100.0,High,1.0
CUS-003778,Unknown,Unknown,51.0,Medium,0.98
CUS-003779,Unknown,Unknown,100.0,High,1.0
CUS-003780,Unknown,Unknown,100.0,High,1.0
CUS-003781,Unknown,Unknown,96.0,High,0.92
CUS-003782,Unknown,Unknown,98.0,High,0.96
CUS-003783,Unknown,Unknown,97.0,High,0.94
CUS-003784,Unknown,Unknown,50.0,Medium,1.0
CUS-003785,Unknown,Unknown,50.0,Medium,1.0
CUS-003786,Unknown,Unknown,100.0,High,1.0
CUS-003787,Unknown,Unknown,50.5,Medium,0.99
CUS-003788,Unknown,Unknown,0.0,Low,1.0
CUS-003789,Unknown,Unknown,50.5,Medium,0.99
CUS-003790,Unknown,Unknown,97.5,High,0.95
CUS-003791,Unknown,Unknown,50.0,Medium,1.0
CUS-003792,Unknown,Unknown,100.0,High,1.0
CUS-003793,Unknown,Unknown,0.0,Low,1.0
CUS-003794,Unknown,Unknown,0.0,Low,1.0
CUS-003795,Unknown,Unknown,50.0,Medium,1.0
CUS-003796,Unknown,Unknown,100.0,High,1.0
CUS-003797,Unknown,Unknown,99.5,High,0.99
CUS-003798,Unknown,Unknown,100.0,High,1.0
CUS-003799,Unknown,Unknown,50.5,Medium,0.99
CUS-003800,Unknown,Unknown,51.5,Medium,0.97
CUS-003801,Unknown,Unknown,0.0,Low,1.0
CUS-003802,Unknown,Unknown,0.0,Low,1.0
CUS-003803,Unknown,Unknown,50.5,Medium,0.99
CUS-003804,Unknown,Unknown,50.0,Medium,1.0
CUS-003805,Unknown,Unknown,0.0,Low,1.0
CUS-003806,Unknown,Unknown,0.0,Low,1.0
CUS-003807,Unknown,Unknown,100.0,High,1.0
CUS-003808,Unknown,Unknown,50.0,Medium,1.0
CUS-003809,Unknown,Unknown,99.0,High,0.98
CUS-003810,Unknown,Unknown,100.0,High,1.0
CUS-003811,Unknown,Unknown,50.0,Medium,1.0
CUS-003812,Unknown,Unknown,50.5,Medium,0.99
CUS-003813,Unknown,Unknown,100.0,High,1.0
CUS-003814,Unknown,Unknown,50.0,Medium,1.0
CUS-003815,Unknown,Unknown,50.0,Medium,1.0
CUS-003816,Unknown,Unknown,99.5,High,0.99
CUS-003817,Unknown,Unknown,50.0,Medium,1.0
CUS-003818,Unknown,Unknown,49.0,Medium,0.98
CUS-003819,Unknown,Unknown,99.5,High,0.99
CUS-003820,Unknown,Unknown,50.5,Medium,0.99
CUS-003821,Unknown,Unknown,100.0,High,1.0
CUS-003822,Unknown,Unknown,100.0,High,1.0
CUS-003823,Unknown,Unknown,100.0,High,1.0
CUS-003824,Unknown,Unknown,50.0,Medium,1.0
CUS-003825,Unknown,Unknown,100.0,High,1.0
CUS-003826,Unknown,Unknown,100.0,High,1.0
CUS-003827,Unknown,Unknown,48.0,Medium,0.96
CUS-003828,Unknown,Unknown,99.0,High,0.98
CUS-003829,Unknown,Unknown,99.5,High,0.99
CUS-003830,Unknown,Unknown,51.0,Medium,0.98
CUS-003831,Unknown,Unknown,100.0,High,1.0
CUS-003832,Unknown,Unknown,100.0,High,1.0
CUS-003833,Unknown,Unknown,50.0,Medium,1.0
CUS-003834,Unknown,Unknown,50.0,Medium,1.0
CUS-003835,Unknown,Unknown,50.0,Medium,1.0
CUS-003836,Unknown,Unknown,50.0,Medium,1.0
CUS-003837,Unknown,Unknown,50.0,Medium,1.0
CUS-003838,Unknown,Unknown,0.0,Low,1.0
CUS-003839,Unknown,Unknown,100.0,High,1.0
CUS-003840,Unknown,Unknown,51.0,Medium,0.98
CUS-003841,Unknown,Unknown,100.0,High,1.0
CUS-003842,Unknown,Unknown,51.0,Medium,0.98
CUS-003843,Unknown,Unknown,100.0,High,1.0
CUS-003844,Unknown,Unknown,100.0,High,1.0
CUS-003845,Unknown,Unknown,100.0,High,1.0
CUS-003846,Unknown,Unknown,99.0,High,0.98
CUS-003847,Unknown,Unknown,100.0,High,1.0
CUS-003848,Unknown,Unknown,100.0,High,1.0
CUS-003849,Unknown,Unknown,0.0,Low,1.0
CUS-003850,Unknown,Unknown,50.0,Medium,1.0
CUS-003851,Unknown,Unknown,50.0,Medium,1.0
CUS-003852,Unknown,Unknown,0.0,Low,1.0
CUS-003853,Unknown,Unknown,99.5,High,0.99
CUS-003854,Unknown,Unknown,100.0,High,1.0
CUS-003855,Unknown,Unknown,48.5,Medium,0.97
CUS-003856,Unknown,Unknown,49.5,Medium,0.99
CUS-003857,Unknown,Unknown,100.0,High,1.0
CUS-003858,Unknown,Unknown,50.0,Medium,1.0
CUS-003859,Unknown,Unknown,100.0,High,1.0
CUS-003860,Unknown,Unknown,49.5,Medium,0.99
CUS-003861,Unknown,Unknown,100.0,High,1.0
CUS-003862,Unknown,Unknown,0.0,Low,1.0
CUS-003863,Unknown,Unknown,99.5,High,0.99
CUS-003864,Unknown,Unknown,100.0,High,1.0
CUS-003865,Unknown,Unknown,98.5,High,0.97
CUS-003866,Unknown,Unknown,100.0,High,1.0
CUS-003867,Unknown,Unknown,50.0,Medium,1.0
CUS-003868,Unknown,Unknown,49.5,Medium,0.99
CUS-003869,Unknown,Unknown,50.0,Medium,1.0
CUS-003870,Unknown,Unknown,100.0,High,1.0
CUS-003871,Unknown,Unknown,99.5,High,0.99
CUS-003872,Unknown,Unknown,51.0,Medium,0.98
CUS-003873,Unknown,Unknown,0.0,Low,1.0
CUS-003874,Unknown,Unknown,0.0,Low,1.0
CUS-003875,Unknown,Unknown,100.0,High,1.0
CUS-003876,Unknown,Unknown,50.5,Medium,0.99
CUS-003877,Unknown,Unknown,94.0,High,0.88
CUS-003878,Unknown,Unknown,100.0,High,1.0
CUS-003879,Unknown,Unknown,50.0,Medium,1.0
CUS-003880,Unknown,Unknown,50.0,Medium,1.0
CUS-003881,Unknown,Unknown,99.5,High,0.99
CUS-003882,Unknown,Unknown,100.0,High,1.0
CUS-003883,Unknown,Unknown,100.0,High,1.0
CUS-003884,Unknown,Unknown,50.0,Medium,1.0
CUS-003885,Unknown,Unknown,100.0,High,1.0
CUS-003886,Unknown,Unknown,51.0,Medium,0.98
CUS-003887,Unknown,Unknown,100.0,High,1.0
CUS-003888,Unknown,Unknown,98.0,High,0.96
CUS-003889,Unknown,Unknown,100.0,High,1.0
CUS-003890,Unknown,Unknown,49.5,Medium,0.99
CUS-003891,Unknown,Unknown,50.5,Medium,0.99
CUS-003892,Unknown,Unknown,100.0,High,1.0
CUS-003893,Unknown,Unknown,100.0,High,1.0
CUS-003894,Unknown,Unknown,100.0,High,1.0
CUS-003895,Unknown,Unknown,99.5,High,0.99
CUS-003896,Unknown,Unknown,100.0,High,1.0
CUS-003897,Unknown,Unknown,99.5,High,0.99
CUS-003898,Unknown,Unknown,99.5,High,0.99
CUS-003899,Unknown,Unknown,0.0,Low,1.0
CUS-003900,Unknown,Unknown,0.0,Low,1.0
CUS-003901,Unknown,Unknown,50.5,Medium,0.99
CUS-003902,Unknown,Unknown,50.0,Medium,1.0
CUS-003903,Unknown,Unknown,100.0,High,1.0
CUS-003904,Unknown,Unknown,99.0,High,0.98
CUS-003905,Unknown,Unknown,50.0,Medium,1.0
CUS-003906,Unknown,Unknown,50.0,Medium,1.0
CUS-003907,Unknown,Unknown,100.0,High,1.0
CUS-003908,Unknown,Unknown,98.5,High,0.97
CUS-003909,Unknown,Unknown,50.0,Medium,1.0
CUS-003910,Unknown,Unknown,100.0,High,1.0
CUS-003911,Unknown,Unknown,50.0,Medium,1.0
CUS-003912,Unknown,Unknown,100.0,High,1.0
CUS-003913,Unknown,Unknown,100.0,High,1.0
CUS-003914,Unknown,Unknown,49.5,Medium,0.99
CUS-003915,Unknown,Unknown,98.5,High,0.97
CUS-003916,Unknown,Unknown,100.0,High,1.0
CUS-003917,Unknown,Unknown,50.0,Medium,1.0
CUS-003918,Unknown,Unknown,100.0,High,1.0
CUS-003919,Unknown,Unknown,51.5,Medium,0.97
CUS-003920,Unknown,Unknown,100.0,High,1.0
CUS-003921,Unknown,Unknown,0.0,Low,1.0
CUS-003922,Unknown,Unknown,100.0,High,1.0
CUS-003923,Unknown,Unknown,98.5,High,0.97
CUS-003924,Unknown,Unknown,100.0,High,1.0
CUS-003925,Unknown,Unknown,0.0,Low,1.0
CUS-003926,Unknown,Unknown,49.5,Medium,0.99
CUS-003927,Unknown,Unknown,99.5,High,0.99
CUS-003928,Unknown,Unknown,49.5,Medium,0.99
CUS-003929,Unknown,Unknown,49.5,Medium,0.99
CUS-003930,Unknown,Unknown,100.0,High,1.0
CUS-003931,Unknown,Unknown,50.0,Medium,1.0
CUS-003932,Unknown,Unknown,100.0,High,1.0
CUS-003933,Unknown,Unknown,100.0,High,1.0
CUS-003934,Unknown,Unknown,50.0,Medium,1.0
CUS-003935,Unknown,Unknown,51.0,Medium,0.98
CUS-003936,Unknown,Unknown,0.0,Low,1.0
CUS-003937,Unknown,Unknown,99.0,High,0.98
CUS-003938,Unknown,Unknown,50.0,Medium,1.0
CUS-003939,Unknown,Unknown,50.0,Medium,1.0
CUS-003940,Unknown,Unknown,98.0,High,0.96
CUS-003941,Unknown,Unknown,50.0,Medium,1.0
CUS-003942,Unknown,Unknown,0.5,Low,0.99
CUS-003943,Unknown,Unknown,49.5,Medium,0.99
CUS-003944,Unknown,Unknown,100.0,High,1.0
CUS-003945,Unknown,Unknown,98.0,High,0.96
CUS-003946,Unknown,Unknown,100.0,High,1.0
CUS-003947,Unknown,Unknown,49.0,Medium,0.98
CUS-003948,Unknown,Unknown,0.5,Low,0.99
CUS-003949,Unknown,Unknown,100.0,High,1.0
CUS-003950,Unknown,Unknown,100.0,High,1.0
CUS-003951,Unknown,Unknown,99.5,High,0.99
CUS-003952,Unknown,Unknown,100.0,High,1.0
CUS-003953,Unknown,Unknown,100.0,High,1.0
CUS-003954,Unknown,Unknown,100.0,High,1.0
CUS-003955,Unknown,Unknown,49.0,Medium,0.98
CUS-003956,Unknown,Unknown,50.0,Medium,1.0
CUS-003957,Unknown,Unknown,50.0,Medium,1.0
CUS-003958,Unknown,Unknown,100.0,High,1.0
CUS-003959,Unknown,Unknown,0.0,Low,1.0
CUS-003960,Unknown,Unknown,49.5,Medium,0.99
CUS-003961,Unknown,Unknown,50.5,Medium,0.99
CUS-003962,Unknown,Unknown,50.5,Medium,0.99
CUS-003963,Unknown,Unknown,50.0,Medium,1.0
CUS-003964,Unknown,Unknown,0.0,Low,1.0
CUS-003965,Unknown,Unknown,50.0,Medium,1.0
CUS-003966,Unknown,Unknown,48.0,Medium,0.96
CUS-003967,Unknown,Unknown,99.0,High,0.98
CUS-003968,Unknown,Unknown,0.0,Low,1.0
CUS-003969,Unknown,Unknown,51.0,Medium,0.98
CUS-003970,Unknown,Unknown,49.5,Medium,0.97
CUS-003971,Unknown,Unknown,100.0,High,1.0
CUS-003972,Unknown,Unknown,49.0,Medium,0.98
CUS-003973,Unknown,Unknown,99.5,High,0.99
CUS-003974,Unknown,Unknown,98.5,High,0.97
CUS-003975,Unknown,Unknown,0.0,Low,1.0
CUS-003976,Unknown,Unknown,0.0,Low,1.0
CUS-003977,Unknown,Unknown,0.0,Low,1.0
CUS-003978,Unknown,Unknown,50.0,Medium,1.0
CUS-003979,Unknown,Unknown,99.5,High,0.99
CUS-003980,Unknown,Unknown,99.5,High,0.99
CUS-003981,Unknown,Unknown,99.0,High,0.98
CUS-003982,Unknown,Unknown,99.5,High,0.99
CUS-003983,Unknown,Unknown,100.0,High,1.0
CUS-003984,Unknown,Unknown,0.0,Low,1.0
CUS-003985,Unknown,Unknown,100.0,High,1.0
CUS-003986,Unknown,Unknown,50.0,Medium,1.0
CUS-003987,Unknown,Unknown,0.0,Low,1.0
CUS-003988,Unknown,Unknown,100.0,High,1.0
CUS-003989,Unknown,Unknown,100.0,High,1.0
CUS-003990,Unknown,Unknown,99.5,High,0.99
CUS-003991,Unknown,Unknown,50.0,Medium,1.0
CUS-003992,Unknown,Unknown,98.0,High,0.96
CUS-003993,Unknown,Unknown,0.0,Low,1.0
CUS-003994,Unknown,Unknown,98.5,High,0.97
CUS-003995,Unknown,Unknown,49.5,Medium,0.99
CUS-003996,Unknown,Unknown,49.0,Medium,0.98
CUS-003997,Unknown,Unknown,0.0,Low,1.0
CUS-003998,Unknown,Unknown,100.0,High,1.0
CUS-003999,Unknown,Unknown,100.0,High,1.0
CUS-004000,Unknown,Unknown,50.0,Medium,1.0
CUS-004001,Unknown,Unknown,100.0,High,1.0
CUS-004002,Unknown,Unknown,100.0,High,1.0
CUS-004003,Unknown,Unknown,98.5,High,0.97
CUS-004004,Unknown,Unknown,0.5,Low,0.99
CUS-004005,Unknown,Unknown,50.5,Medium,0.99
CUS-004006,Unknown,Unknown,50.0,Medium,1.0
CUS-004007,Unknown,Unknown,52.0,Medium,0.96
CUS-004008,Unknown,Unknown,49.0,Medium,0.98
CUS-004009,Unknown,Unknown,0.0,Low,1.0
CUS-004010,Unknown,Unknown,52.0,Medium,0.96
CUS-004011,Unknown,Unknown,49.5,Medium,0.99
CUS-004012,Unknown,Unknown,100.0,High,1.0
CUS-004013,Unknown,Unknown,100.0,High,1.0
CUS-004014,Unknown,Unknown,51.0,Medium,0.98
CUS-004015,Unknown,Unknown,99.5,High,0.99
CUS-004016,Unknown,Unknown,52.0,Medium,0.96
CUS-004017,Unknown,Unknown,49.0,Medium,0.98
CUS-004018,Unknown,Unknown,99.0,High,0.98
CUS-004019,Unknown,Unknown,50.0,Medium,1.0
CUS-004020,Unknown,Unknown,50.0,Medium,1.0
CUS-004021,Unknown,Unknown,51.5,Medium,0.97
CUS-004022,Unknown,Unknown,0.0,Low,1.0
CUS-004023,Unknown,Unknown,50.0,Medium,1.0
CUS-004024,Unknown,Unknown,50.5,Medium,0.99
CUS-004025,Unknown,Unknown,100.0,High,1.0
CUS-004026,Unknown,Unknown,50.5,Medium,0.99
CUS-004027,Unknown,Unknown,100.0,High,1.0
CUS-004028,Unknown,Unknown,49.5,Medium,0.99
CUS-004029,Unknown,Unknown,99.5,High,0.99
CUS-004030,Unknown,Unknown,98.0,High,0.96
CUS-004031,Unknown,Unknown,50.0,Medium,1.0
CUS-004032,Unknown,Unknown,99.0,High,0.98
CUS-004033,Unknown,Unknown,50.0,Medium,1.0
CUS-004034,Unknown,Unknown,99.5,High,0.99
CUS-004035,Unknown,Unknown,50.0,Medium,1.0
CUS-004036,Unknown,Unknown,98.5,High,0.97
CUS-004037,Unknown,Unknown,50.0,Medium,1.0
CUS-004038,Unknown,Unknown,50.0,Medium,1.0
CUS-004039,Unknown,Unknown,100.0,High,1.0
CUS-004040,Unknown,Unknown,100.0,High,1.0
CUS-004041,Unknown,Unknown,100.0,High,1.0
CUS-004042,Unknown,Unknown,100.0,High,1.0
CUS-004043,Unknown,Unknown,0.0,Low,1.0
CUS-004044,Unknown,Unknown,50.5,Medium,0.99
CUS-004045,Unknown,Unknown,99.5,High,0.99
CUS-004046,Unknown,Unknown,50.5,Medium,0.99
CUS-004047,Unknown,Unknown,0.0,Low,1.0
CUS-004048,Unknown,Unknown,0.0,Low,1.0
CUS-004049,Unknown,Unknown,99.5,High,0.99
CUS-004050,Unknown,Unknown,98.5,High,0.97
CUS-004051,Unknown,Unknown,51.5,Medium,0.97
CUS-004052,Unknown,Unknown,50.5,Medium,0.99
CUS-004053,Unknown,Unknown,99.0,High,0.98
CUS-004054,Unknown,Unknown,50.0,Medium,1.0
CUS-004055,Unknown,Unknown,100.0,High,1.0
CUS-004056,Unknown,Unknown,99.5,High,0.99
CUS-004057,Unknown,Unknown,99.5,High,0.99
CUS-004058,Unknown,Unknown,100.0,High,1.0
CUS-004059,Unknown,Unknown,98.0,High,0.96
CUS-004060,Unknown,Unknown,100.0,High,1.0
CUS-004061,Unknown,Unknown,100.0,High,1.0
CUS-004062,Unknown,Unknown,99.5,High,0.99
CUS-004063,Unknown,Unknown,0.0,Low,1.0
CUS-004064,Unknown,Unknown,100.0,High,1.0
CUS-004065,Unknown,Unknown,0.0,Low,1.0
CUS-004066,Unknown,Unknown,100.0,High,1.0
CUS-004067,Unknown,Unknown,99.5,High,0.99
CUS-004068,Unknown,Unknown,99.0,High,0.98
CUS-004069,Unknown,Unknown,99.0,High,0.98
CUS-004070,Unknown,Unknown,49.5,Medium,0.99
CUS-004071,Unknown,Unknown,51.5,Medium,0.97
CUS-004072,Unknown,Unknown,100.0,High,1.0
CUS-004073,Unknown,Unknown,100.0,High,1.0
CUS-004074,Unknown,Unknown,0.5,Low,0.99
CUS-004075,Unknown,Unknown,50.0,Medium,1.0
CUS-004076,Unknown,Unknown,100.0,High,1.0
CUS-004077,Unknown,Unknown,51.5,Medium,0.97
CUS-004078,Unknown,Unknown,99.0,High,0.98
CUS-004079,Unknown,Unknown,100.0,High,1.0
CUS-004080,Unknown,Unknown,51.0,Medium,0.98
CUS-004081,Unknown,Unknown,50.5,Medium,0.99
CUS-004082,Unknown,Unknown,49.5,Medium,0.99
CUS-004083,Unknown,Unknown,100.0,High,1.0
CUS-004084,Unknown,Unknown,100.0,High,1.0
CUS-004085,Unknown,Unknown,100.0,High,1.0
CUS-004086,Unknown,Unknown,99.5,High,0.99
CUS-004087,Unknown,Unknown,50.5,Medium,0.99
CUS-004088,Unknown,Unknown,48.5,Medium,0.97
CUS-004089,Unknown,Unknown,50.0,Medium,1.0
CUS-004090,Unknown,Unknown,0.0,Low,1.0
CUS-004091,Unknown,Unknown,50.0,Medium,1.0
CUS-004092,Unknown,Unknown,99.5,High,0.99
CUS-004093,Unknown,Unknown,100.0,High,1.0
CUS-004094,Unknown,Unknown,50.0,Medium,1.0
CUS-004095,Unknown,Unknown,0.0,Low,1.0
CUS-004096,Unknown,Unknown,100.0,High,1.0
CUS-004097,Unknown,Unknown,100.0,High,1.0
CUS-004098,Unknown,Unknown,99.5,High,0.99
CUS-004099,Unknown,Unknown,100.0,High,1.0
CUS-004100,Unknown,Unknown,100.0,High,1.0
CUS-004101,Unknown,Unknown,100.0,High,1.0
CUS-004102,Unknown,Unknown,100.0,High,1.0
CUS-004103,Unknown,Unknown,50.0,Medium,1.0
CUS-004104,Unknown,Unknown,100.0,High,1.0
CUS-004105,Unknown,Unknown,100.0,High,1.0
CUS-004106,Unknown,Unknown,50.0,Medium,1.0
CUS-004107,Unknown,Unknown,51.0,Medium,0.98
CUS-004108,Unknown,Unknown,100.0,High,1.0
CUS-004109,Unknown,Unknown,50.5,Medium,0.99
CUS-004110,Unknown,Unknown,100.0,High,1.0
CUS-004111,Unknown,Unknown,98.0,High,0.96
CUS-004112,Unknown,Unknown,98.0,High,0.96
CUS-004113,Unknown,Unknown,50.5,Medium,0.99
CUS-004114,Unknown,Unknown,50.0,Medium,1.0
CUS-004115,Unknown,Unknown,100.0,High,1.0
CUS-004116,Unknown,Unknown,0.0,Low,1.0
CUS-004117,Unknown,Unknown,51.0,Medium,0.98
CUS-004118,Unknown,Unknown,100.0,High,1.0
CUS-004119,Unknown,Unknown,50.0,Medium,1.0
CUS-004120,Unknown,Unknown,99.5,High,0.99
CUS-004121,Unknown,Unknown,99.0,High,0.98
CUS-004122,Unknown,Unknown,99.5,High,0.99
CUS-004123,Unknown,Unknown,100.0,High,1.0
CUS-004124,Unknown,Unknown,99.5,High,0.99
CUS-004125,Unknown,Unknown,97.5,High,0.95
CUS-004126,Unknown,Unknown,50.0,Medium,0.98
CUS-004127,Unknown,Unknown,50.0,Medium,1.0
CUS-004128,Unknown,Unknown,99.5,High,0.99
CUS-004129,Unknown,Unknown,100.0,High,1.0
CUS-004130,Unknown,Unknown,50.5,Medium,0.99
CUS-004131,Unknown,Unknown,50.0,Medium,1.0
CUS-004132,Unknown,Unknown,100.0,High,1.0
CUS-004133,Unknown,Unknown,99.5,High,0.99
CUS-004134,Unknown,Unknown,51.0,Medium,0.98
CUS-004135,Unknown,Unknown,50.0,Medium,1.0
CUS-004136,Unknown,Unknown,50.0,Medium,1.0
CUS-004137,Unknown,Unknown,50.5,Medium,0.99
CUS-004138,Unknown,Unknown,50.0,Medium,1.0
CUS-004139,Unknown,Unknown,99.5,High,0.99
CUS-004140,Unknown,Unknown,100.0,High,1.0
CUS-004141,Unknown,Unknown,100.0,High,1.0
CUS-004142,Unknown,Unknown,49.5,Medium,0.99
CUS-004143,Unknown,Unknown,49.5,Medium,0.99
CUS-004144,Unknown,Unknown,99.5,High,0.99
CUS-004145,Unknown,Unknown,50.0,Medium,1.0
CUS-004146,Unknown,Unknown,50.0,Medium,1.0
CUS-004147,Unknown,Unknown,99.0,High,0.98
CUS-004148,Unknown,Unknown,99.0,High,0.98
CUS-004149,Unknown,Unknown,99.0,High,0.98
CUS-004150,Unknown,Unknown,99.5,High,0.99
CUS-004151,Unknown,Unknown,50.0,Medium,1.0
CUS-004152,Unknown,Unknown,50.5,Medium,0.99
CUS-004153,Unknown,Unknown,51.0,Medium,0.98
CUS-004154,Unknown,Unknown,99.5,High,0.99
CUS-004155,Unknown,Unknown,50.0,Medium,1.0
CUS-004156,Unknown,Unknown,48.5,Medium,0.97
CUS-004157,Unknown,Unknown,100.0,High,1.0
CUS-004158,Unknown,Unknown,0.0,Low,1.0
CUS-004159,Unknown,Unknown,50.0,Medium,1.0
CUS-004160,Unknown,Unknown,50.5,Medium,0.99
CUS-004161,Unknown,Unknown,100.0,High,1.0
CUS-004162,Unknown,Unknown,50.0,Medium,1.0
CUS-004163,Unknown,Unknown,100.0,High,1.0
CUS-004164,Unknown,Unknown,100.0,High,1.0
CUS-004165,Unknown,Unknown,99.5,High,0.99
CUS-004166,Unknown,Unknown,0.5,Low,0.99
CUS-004167,Unknown,Unknown,50.0,Medium,1.0
CUS-004168,Unknown,Unknown,50.5,Medium,0.99
CUS-004169,Unknown,Unknown,50.0,Medium,1.0
CUS-004170,Unknown,Unknown,50.5,Medium,0.99
CUS-004171,Unknown,Unknown,100.0,High,1.0
CUS-004172,Unknown,Unknown,100.0,High,1.0
CUS-004173,Unknown,Unknown,99.0,High,0.98
CUS-004174,Unknown,Unknown,100.0,High,1.0
CUS-004175,Unknown,Unknown,99.5,High,0.99
CUS-004176,Unknown,Unknown,100.0,High,1.0
CUS-004177,Unknown,Unknown,100.0,High,1.0
CUS-004178,Unknown,Unknown,99.5,High,0.99
CUS-004179,Unknown,Unknown,49.0,Medium,0.98
CUS-004180,Unknown,Unknown,51.5,Medium,0.97
CUS-004181,Unknown,Unknown,100.0,High,1.0
CUS-004182,Unknown,Unknown,0.0,Low,1.0
CUS-004183,Unknown,Unknown,97.0,High,0.94
CUS-004184,Unknown,Unknown,100.0,High,1.0
CUS-004185,Unknown,Unknown,100.0,High,1.0
CUS-004186,Unknown,Unknown,98.0,High,0.96
CUS-004187,Unknown,Unknown,50.0,Medium,1.0
CUS-004188,Unknown,Unknown,0.0,Low,1.0
CUS-004189,Unknown,Unknown,98.0,High,0.96
CUS-004190,Unknown,Unknown,50.0,Medium,1.0
CUS-004191,Unknown,Unknown,49.0,Medium,0.98
CUS-004192,Unknown,Unknown,100.0,High,1.0
CUS-004193,Unknown,Unknown,99.5,High,0.99
CUS-004194,Unknown,Unknown,100.0,High,1.0
CUS-004195,Unknown,Unknown,0.0,Low,1.0
CUS-004196,Unknown,Unknown,99.0,High,0.98
CUS-004197,Unknown,Unknown,53.0,Medium,0.92
CUS-004198,Unknown,Unknown,99.5,High,0.99
CUS-004199,Unknown,Unknown,94.5,High,0.89
CUS-004200,Unknown,Unknown,47.0,Medium,0.94
CUS-004201,Unknown,Unknown,50.0,Medium,1.0
CUS-004202,Unknown,Unknown,100.0,High,1.0
CUS-004203,Unknown,Unknown,48.5,Medium,0.97
CUS-004204,Unknown,Unknown,50.5,Medium,0.99
CUS-004205,Unknown,Unknown,100.0,High,1.0
CUS-004206,Unknown,Unknown,100.0,High,1.0
CUS-004207,Unknown,Unknown,100.0,High,1.0
CUS-004208,Unknown,Unknown,50.0,Medium,1.0
CUS-004209,Unknown,Unknown,50.0,Medium,1.0
CUS-004210,Unknown,Unknown,50.0,Medium,1.0
CUS-004211,Unknown,Unknown,100.0,High,1.0
CUS-004212,Unknown,Unknown,99.5,High,0.99
CUS-004213,Unknown,Unknown,50.0,Medium,1.0
CUS-004214,Unknown,Unknown,49.5,Medium,0.99
CUS-004215,Unknown,Unknown,50.0,Medium,1.0
CUS-004216,Unknown,Unknown,0.0,Low,1.0
CUS-004217,Unknown,Unknown,51.5,Medium,0.97
CUS-004218,Unknown,Unknown,0.0,Low,1.0
CUS-004219,Unknown,Unknown,100.0,High,1.0
CUS-004220,Unknown,Unknown,98.5,High,0.97
CUS-004221,Unknown,Unknown,49.0,Medium,0.98
CUS-004222,Unknown,Unknown,0.0,Low,1.0
CUS-004223,Unknown,Unknown,50.0,Medium,1.0
CUS-004224,Unknown,Unknown,50.0,Medium,1.0
CUS-004225,Unknown,Unknown,99.5,High,0.99
CUS-004226,Unknown,Unknown,100.0,High,1.0
CUS-004227,Unknown,Unknown,49.5,Medium,0.99
CUS-004228,Unknown,Unknown,50.0,Medium,1.0
CUS-004229,Unknown,Unknown,52.5,Medium,0.95
CUS-004230,Unknown,Unknown,51.5,Medium,0.97
CUS-004231,Unknown,Unknown,100.0,High,1.0
CUS-004232,Unknown,Unknown,49.5,Medium,0.99
CUS-004233,Unknown,Unknown,100.0,High,1.0
CUS-004234,Unknown,Unknown,50.0,Medium,1.0
CUS-004235,Unknown,Unknown,0.0,Low,1.0
CUS-004236,Unknown,Unknown,0.0,Low,1.0
CUS-004237,Unknown,Unknown,49.5,Medium,0.99
CUS-004238,Unknown,Unknown,100.0,High,1.0
CUS-004239,Unknown,Unknown,99.5,High,0.99
CUS-004240,Unknown,Unknown,100.0,High,1.0
CUS-004241,Unknown,Unknown,100.0,High,1.0
CUS-004242,Unknown,Unknown,100.0,High,1.0
CUS-004243,Unknown,Unknown,50.0,Medium,1.0
CUS-004244,Unknown,Unknown,100.0,High,1.0
CUS-004245,Unknown,Unknown,100.0,High,1.0
CUS-004246,Unknown,Unknown,51.0,Medium,0.98
CUS-004247,Unknown,Unknown,100.0,High,1.0
CUS-004248,Unknown,Unknown,0.0,Low,1.0
CUS-004249,Unknown,Unknown,50.0,Medium,1.0
CUS-004250,Unknown,Unknown,100.0,High,1.0
CUS-004251,Unknown,Unknown,50.0,Medium,1.0
CUS-004252,Unknown,Unknown,48.5,Medium,0.97
CUS-004253,Unknown,Unknown,0.0,Low,1.0
CUS-004254,Unknown,Unknown,50.0,Medium,1.0
CUS-004255,Unknown,Unknown,99.0,High,0.98
CUS-004256,Unknown,Unknown,49.0,Medium,0.98
CUS-004257,Unknown,Unknown,0.0,Low,1.0
CUS-004258,Unknown,Unknown,50.0,Medium,1.0
CUS-004259,Unknown,Unknown,100.0,High,1.0
CUS-004260,Unknown,Unknown,0.0,Low,1.0
CUS-004261,Unknown,Unknown,100.0,High,1.0
CUS-004262,Unknown,Unknown,99.5,High,0.99
CUS-004263,Unknown,Unknown,100.0,High,1.0
CUS-004264,Unknown,Unknown,100.0,High,1.0
CUS-004265,Unknown,Unknown,52.0,Medium,0.96
CUS-004266,Unknown,Unknown,100.0,High,1.0
CUS-004267,Unknown,Unknown,51.5,Medium,0.97
CUS-004268,Unknown,Unknown,100.0,High,1.0
CUS-004269,Unknown,Unknown,99.5,High,0.99
CUS-004270,Unknown,Unknown,100.0,High,1.0
CUS-004271,Unknown,Unknown,100.0,High,1.0
CUS-004272,Unknown,Unknown,99.0,High,0.98
CUS-004273,Unknown,Unknown,100.0,High,1.0
CUS-004274,Unknown,Unknown,100.0,High,1.0
CUS-004275,Unknown,Unknown,51.0,Medium,0.98
CUS-004276,Unknown,Unknown,48.5,Medium,0.97
CUS-004277,Unknown,Unknown,50.0,Medium,1.0
CUS-004278,Unknown,Unknown,100.0,High,1.0
CUS-004279,Unknown,Unknown,99.0,High,0.98
CUS-004280,Unknown,Unknown,50.0,Medium,1.0
CUS-004281,Unknown,Unknown,0.0,Low,1.0
CUS-004282,Unknown,Unknown,100.0,High,1.0
CUS-004283,Unknown,Unknown,100.0,High,1.0
CUS-004284,Unknown,Unknown,0.0,Low,1.0
CUS-004285,Unknown,Unknown,100.0,High,1.0
CUS-004286,Unknown,Unknown,50.0,Medium,1.0
CUS-004287,Unknown,Unknown,99.5,High,0.99
CUS-004288,Unknown,Unknown,49.0,Medium,0.98
CUS-004289,Unknown,Unknown,99.5,High,0.99
CUS-004290,Unknown,Unknown,98.0,High,0.96
CUS-004291,Unknown,Unknown,0.0,Low,1.0
CUS-004292,Unknown,Unknown,50.0,Medium,1.0
CUS-004293,Unknown,Unknown,0.0,Low,1.0
CUS-004294,Unknown,Unknown,100.0,High,1.0
CUS-004295,Unknown,Unknown,100.0,High,1.0
CUS-004296,Unknown,Unknown,99.0,High,0.98
CUS-004297,Unknown,Unknown,100.0,High,1.0
CUS-004298,Unknown,Unknown,100.0,High,1.0
CUS-004299,Unknown,Unknown,99.0,High,0.98
CUS-004300,Unknown,Unknown,50.0,Medium,1.0
CUS-004301,Unknown,Unknown,100.0,High,1.0
CUS-004302,Unknown,Unknown,100.0,High,1.0
CUS-004303,Unknown,Unknown,98.0,High,0.96
CUS-004304,Unknown,Unknown,52.5,Medium,0.95
CUS-004305,Unknown,Unknown,50.0,Medium,1.0
CUS-004306,Unknown,Unknown,50.0,Medium,1.0
CUS-004307,Unknown,Unknown,100.0,High,1.0
CUS-004308,Unknown,Unknown,100.0,High,1.0
CUS-004309,Unknown,Unknown,99.0,High,0.98
CUS-004310,Unknown,Unknown,99.5,High,0.99
CUS-004311,Unknown,Unknown,100.0,High,1.0
CUS-004312,Unknown,Unknown,100.0,High,1.0
CUS-004313,Unknown,Unknown,50.0,Medium,1.0
CUS-004314,Unknown,Unknown,100.0,High,1.0
CUS-004315,Unknown,Unknown,49.5,Medium,0.99
CUS-004316,Unknown,Unknown,100.0,High,1.0
CUS-004317,Unknown,Unknown,100.0,High,1.0
CUS-004318,Unknown,Unknown,100.0,High,1.0
CUS-004319,Unknown,Unknown,100.0,High,1.0
CUS-004320,Unknown,Unknown,99.0,High,0.98
CUS-004321,Unknown,Unknown,99.5,High,0.99
CUS-004322,Unknown,Unknown,50.0,Medium,1.0
CUS-004323,Unknown,Unknown,50.0,Medium,1.0
CUS-004324,Unknown,Unknown,98.5,High,0.97
CUS-004325,Unknown,Unknown,50.0,Medium,1.0
CUS-004326,Unknown,Unknown,100.0,High,1.0
CUS-004327,Unknown,Unknown,0.0,Low,1.0
CUS-004328,Unknown,Unknown,100.0,High,1.0
CUS-004329,Unknown,Unknown,100.0,High,1.0
CUS-004330,Unknown,Unknown,100.0,High,1.0
CUS-004331,Unknown,Unknown,50.0,Medium,1.0
CUS-004332,Unknown,Unknown,100.0,High,1.0
CUS-004333,Unknown,Unknown,50.5,Medium,0.99
CUS-004334,Unknown,Unknown,100.0,High,1.0
CUS-004335,Unknown,Unknown,99.5,High,0.99
CUS-004336,Unknown,Unknown,0.0,Low,1.0
CUS-004337,Unknown,Unknown,49.5,Medium,0.99
CUS-004338,Unknown,Unknown,50.0,Medium,1.0
CUS-004339,Unknown,Unknown,98.0,High,0.96
CUS-004340,Unknown,Unknown,100.0,High,1.0
CUS-004341,Unknown,Unknown,0.0,Low,1.0
CUS-004342,Unknown,Unknown,97.0,High,0.94
CUS-004343,Unknown,Unknown,50.0,Medium,1.0
CUS-004344,Unknown,Unknown,100.0,High,1.0
CUS-004345,Unknown,Unknown,100.0,High,1.0
CUS-004346,Unknown,Unknown,100.0,High,1.0
CUS-004347,Unknown,Unknown,52.5,Medium,0.95
CUS-004348,Unknown,Unknown,100.0,High,1.0
CUS-004349,Unknown,Unknown,99.5,High,0.99
CUS-004350,Unknown,Unknown,100.0,High,1.0
CUS-004351,Unknown,Unknown,0.0,Low,1.0
CUS-004352,Unknown,Unknown,49.5,Medium,0.99
CUS-004353,Unknown,Unknown,50.5,Medium,0.99
CUS-004354,Unknown,Unknown,50.0,Medium,1.0
CUS-004355,Unknown,Unknown,100.0,High,1.0
CUS-004356,Unknown,Unknown,50.0,Medium,1.0
CUS-004357,Unknown,Unknown,100.0,High,1.0
CUS-004358,Unknown,Unknown,49.5,Medium,0.99
CUS-004359,Unknown,Unknown,49.5,Medium,0.97
CUS-004360,Unknown,Unknown,99.5,High,0.99
CUS-004361,Unknown,Unknown,100.0,High,1.0
CUS-004362,Unknown,Unknown,99.0,High,0.98
CUS-004363,Unknown,Unknown,51.5,Medium,0.97
CUS-004364,Unknown,Unknown,100.0,High,1.0
CUS-004365,Unknown,Unknown,50.5,Medium,0.99
CUS-004366,Unknown,Unknown,0.0,Low,1.0
CUS-004367,Unknown,Unknown,99.5,High,0.99
CUS-004368,Unknown,Unknown,99.5,High,0.99
CUS-004369,Unknown,Unknown,0.0,Low,1.0
CUS-004370,Unknown,Unknown,51.5,Medium,0.97
CUS-004371,Unknown,Unknown,99.0,High,0.98
CUS-004372,Unknown,Unknown,0.0,Low,1.0
CUS-004373,Unknown,Unknown,50.0,Medium,1.0
CUS-004374,Unknown,Unknown,49.5,Medium,0.99
CUS-004375,Unknown,Unknown,50.0,Medium,1.0
CUS-004376,Unknown,Unknown,0.0,Low,1.0
CUS-004377,Unknown,Unknown,99.5,High,0.99
CUS-004378,Unknown,Unknown,50.0,Medium,1.0
CUS-004379,Unknown,Unknown,100.0,High,1.0
CUS-004380,Unknown,Unknown,0.0,Low,1.0
CUS-004381,Unknown,Unknown,100.0,High,1.0
CUS-004382,Unknown,Unknown,100.0,High,1.0
CUS-004383,Unknown,Unknown,49.5,Medium,0.99
CUS-004384,Unknown,Unknown,100.0,High,1.0
CUS-004385,Unknown,Unknown,100.0,High,1.0
CUS-004386,Unknown,Unknown,100.0,High,1.0
CUS-004387,Unknown,Unknown,91.5,High,0.83
CUS-004388,Unknown,Unknown,0.0,Low,1.0
CUS-004389,Unknown,Unknown,100.0,High,1.0
CUS-004390,Unknown,Unknown,100.0,High,1.0
CUS-004391,Unknown,Unknown,49.5,Medium,0.99
CUS-004392,Unknown,Unknown,100.0,High,1.0
CUS-004393,Unknown,Unknown,100.0,High,1.0
CUS-004394,Unknown,Unknown,97.0,High,0.94
CUS-004395,Unknown,Unknown,51.0,Medium,0.98
CUS-004396,Unknown,Unknown,100.0,High,1.0
CUS-004397,Unknown,Unknown,0.5,Low,0.99
CUS-004398,Unknown,Unknown,51.0,Medium,0.98
CUS-004399,Unknown,Unknown,96.5,High,0.93
CUS-004400,Unknown,Unknown,98.5,High,0.97
CUS-004401,Unknown,Unknown,52.0,Medium,0.96
CUS-004402,Unknown,Unknown,50.0,Medium,1.0
CUS-004403,Unknown,Unknown,0.0,Low,1.0
CUS-004404,Unknown,Unknown,49.0,Medium,0.98
CUS-004405,Unknown,Unknown,97.5,High,0.95
CUS-004406,Unknown,Unknown,99.0,High,0.98
CUS-004407,Unknown,Unknown,99.5,High,0.99
CUS-004408,Unknown,Unknown,100.0,High,1.0
CUS-004409,Unknown,Unknown,50.0,Medium,1.0
CUS-004410,Unknown,Unknown,47.5,Medium,0.95
CUS-004411,Unknown,Unknown,98.5,High,0.97
CUS-004412,Unknown,Unknown,50.0,Medium,1.0
CUS-004413,Unknown,Unknown,99.5,High,0.99
CUS-004414,Unknown,Unknown,50.0,Medium,1.0
CUS-004415,Unknown,Unknown,49.0,Medium,0.98
CUS-004416,Unknown,Unknown,100.0,High,1.0
CUS-004417,Unknown,Unknown,98.5,High,0.97
CUS-004418,Unknown,Unknown,0.0,Low,1.0
CUS-004419,Unknown,Unknown,0.5,Low,0.99
CUS-004420,Unknown,Unknown,100.0,High,1.0
CUS-004421,Unknown,Unknown,99.0,High,0.98
CUS-004422,Unknown,Unknown,0.0,Low,1.0
CUS-004423,Unknown,Unknown,100.0,High,1.0
CUS-004424,Unknown,Unknown,50.0,Medium,1.0
CUS-004425,Unknown,Unknown,50.5,Medium,0.99
CUS-004426,Unknown,Unknown,99.5,High,0.99
CUS-004427,Unknown,Unknown,0.0,Low,1.0
CUS-004428,Unknown,Unknown,52.0,Medium,0.96
CUS-004429,Unknown,Unknown,49.5,Medium,0.99
CUS-004430,Unknown,Unknown,0.0,Low,1.0
CUS-004431,Unknown,Unknown,99.5,High,0.99
CUS-004432,Unknown,Unknown,99.5,High,0.99
CUS-004433,Unknown,Unknown,99.5,High,0.99
CUS-004434,Unknown,Unknown,98.0,High,0.96
CUS-004435,Unknown,Unknown,50.0,Medium,1.0
CUS-004436,Unknown,Unknown,50.0,Medium,1.0
CUS-004437,Unknown,Unknown,99.5,High,0.99
CUS-004438,Unknown,Unknown,48.5,Medium,0.97
CUS-004439,Unknown,Unknown,99.5,High,0.99
CUS-004440,Unknown,Unknown,100.0,High,1.0
CUS-004441,Unknown,Unknown,49.0,Medium,0.98
CUS-004442,Unknown,Unknown,99.5,High,0.99
CUS-004443,Unknown,Unknown,100.0,High,1.0
CUS-004444,Unknown,Unknown,98.5,High,0.97
CUS-004445,Unknown,Unknown,50.0,Medium,1.0
CUS-004446,Unknown,Unknown,100.0,High,1.0
CUS-004447,Unknown,Unknown,100.0,High,1.0
CUS-004448,Unknown,Unknown,99.5,High,0.99
CUS-004449,Unknown,Unknown,100.0,High,1.0
CUS-004450,Unknown,Unknown,49.5,Medium,0.99
CUS-004451,Unknown,Unknown,100.0,High,1.0
CUS-004452,Unknown,Unknown,100.0,High,1.0
CUS-004453,Unknown,Unknown,99.0,High,0.98
CUS-004454,Unknown,Unknown,100.0,High,1.0
CUS-004455,Unknown,Unknown,100.0,High,1.0
CUS-004456,Unknown,Unknown,99.0,High,0.98
CUS-004457,Unknown,Unknown,50.0,Medium,0.98
CUS-004458,Unknown,Unknown,50.0,Medium,1.0
CUS-004459,Unknown,Unknown,50.0,Medium,1.0
CUS-004460,Unknown,Unknown,100.0,High,1.0
CUS-004461,Unknown,Unknown,50.0,Medium,1.0
CUS-004462,Unknown,Unknown,100.0,High,1.0
CUS-004463,Unknown,Unknown,98.0,High,0.96
CUS-004464,Unknown,Unknown,99.5,High,0.99
CUS-004465,Unknown,Unknown,50.0,Medium,0.98
CUS-004466,Unknown,Unknown,50.5,Medium,0.97
CUS-004467,Unknown,Unknown,0.0,Low,1.0
CUS-004468,Unknown,Unknown,100.0,High,1.0
CUS-004469,Unknown,Unknown,100.0,High,1.0
CUS-004470,Unknown,Unknown,0.0,Low,1.0
CUS-004471,Unknown,Unknown,100.0,High,1.0
CUS-004472,Unknown,Unknown,0.0,Low,1.0
CUS-004473,Unknown,Unknown,50.0,Medium,1.0
CUS-004474,Unknown,Unknown,48.5,Medium,0.97
CUS-004475,Unknown,Unknown,99.5,High,0.99
CUS-004476,Unknown,Unknown,99.5,High,0.99
CUS-004477,Unknown,Unknown,100.0,High,1.0
CUS-004478,Unknown,Unknown,0.0,Low,1.0
CUS-004479,Unknown,Unknown,100.0,High,1.0
CUS-004480,Unknown,Unknown,99.5,High,0.99
CUS-004481,Unknown,Unknown,99.5,High,0.99
CUS-004482,Unknown,Unknown,51.0,Medium,0.98
CUS-004483,Unknown,Unknown,98.0,High,0.96
CUS-004484,Unknown,Unknown,0.0,Low,1.0
CUS-004485,Unknown,Unknown,99.5,High,0.99
CUS-004486,Unknown,Unknown,100.0,High,1.0
CUS-004487,Unknown,Unknown,100.0,High,1.0
CUS-004488,Unknown,Unknown,50.0,Medium,1.0
CUS-004489,Unknown,Unknown,50.0,Medium,1.0
CUS-004490,Unknown,Unknown,100.0,High,1.0
CUS-004491,Unknown,Unknown,99.0,High,0.98
CUS-004492,Unknown,Unknown,99.5,High,0.99
CUS-004493,Unknown,Unknown,99.5,High,0.99
CUS-004494,Unknown,Unknown,0.0,Low,1.0
CUS-004495,Unknown,Unknown,99.5,High,0.99
CUS-004496,Unknown,Unknown,99.0,High,0.98
CUS-004497,Unknown,Unknown,50.0,Medium,1.0
CUS-004498,Unknown,Unknown,96.0,High,0.92
CUS-004499,Unknown,Unknown,100.0,High,1.0
CUS-004500,Unknown,Unknown,100.0,High,1.0
CUS-004501,Unknown,Unknown,0.0,Low,1.0
CUS-004502,Unknown,Unknown,100.0,High,1.0
CUS-004503,Unknown,Unknown,50.5,Medium,0.99
CUS-004504,Unknown,Unknown,100.0,High,1.0
CUS-004505,Unknown,Unknown,0.0,Low,1.0
CUS-004506,Unknown,Unknown,99.5,High,0.99
CUS-004507,Unknown,Unknown,100.0,High,1.0
CUS-004508,Unknown,Unknown,50.0,Medium,1.0
CUS-004509,Unknown,Unknown,53.0,Medium,0.94
CUS-004510,Unknown,Unknown,100.0,High,1.0
CUS-004511,Unknown,Unknown,100.0,High,1.0
CUS-004512,Unknown,Unknown,100.0,High,1.0
CUS-004513,Unknown,Unknown,100.0,High,1.0
CUS-004514,Unknown,Unknown,49.0,Medium,0.98
CUS-004515,Unknown,Unknown,0.0,Low,1.0
CUS-004516,Unknown,Unknown,50.0,Medium,1.0
CUS-004517,Unknown,Unknown,100.0,High,1.0
CUS-004518,Unknown,Unknown,99.5,High,0.99
CUS-004519,Unknown,Unknown,100.0,High,1.0
CUS-004520,Unknown,Unknown,0.0,Low,1.0
CUS-004521,Unknown,Unknown,50.0,Medium,1.0
CUS-004522,Unknown,Unknown,50.5,Medium,0.99
CUS-004523,Unknown,Unknown,100.0,High,1.0
CUS-004524,Unknown,Unknown,100.0,High,1.0
CUS-004525,Unknown,Unknown,100.0,High,1.0
CUS-004526,Unknown,Unknown,50.0,Medium,1.0
CUS-004527,Unknown,Unknown,99.5,High,0.99
CUS-004528,Unknown,Unknown,50.5,Medium,0.99
CUS-004529,Unknown,Unknown,0.0,Low,1.0
CUS-004530,Unknown,Unknown,100.0,High,1.0
CUS-004531,Unknown,Unknown,100.0,High,1.0
CUS-004532,Unknown,Unknown,100.0,High,1.0
CUS-004533,Unknown,Unknown,51.0,Medium,0.98
CUS-004534,Unknown,Unknown,100.0,High,1.0
CUS-004535,Unknown,Unknown,50.0,Medium,1.0
CUS-004536,Unknown,Unknown,51.5,Medium,0.97
CUS-004537,Unknown,Unknown,100.0,High,1.0
CUS-004538,Unknown,Unknown,100.0,High,1.0
CUS-004539,Unknown,Unknown,49.0,Medium,0.98
CUS-004540,Unknown,Unknown,99.0,High,0.98
CUS-004541,Unknown,Unknown,48.5,Medium,0.97
CUS-004542,Unknown,Unknown,49.5,Medium,0.99
CUS-004543,Unknown,Unknown,100.0,High,1.0
CUS-004544,Unknown,Unknown,99.5,High,0.99
CUS-004545,Unknown,Unknown,98.5,High,0.97
CUS-004546,Unknown,Unknown,50.5,Medium,0.97
CUS-004547,Unknown,Unknown,100.0,High,1.0
CUS-004548,Unknown,Unknown,50.0,Medium,1.0
CUS-004549,Unknown,Unknown,50.5,Medium,0.99
CUS-004550,Unknown,Unknown,98.0,High,0.96
CUS-004551,Unknown,Unknown,0.0,Low,1.0
CUS-004552,Unknown,Unknown,99.5,High,0.99
CUS-004553,Unknown,Unknown,49.5,Medium,0.99
CUS-004554,Unknown,Unknown,100.0,High,1.0
CUS-004555,Unknown,Unknown,50.0,Medium,1.0
CUS-004556,Unknown,Unknown,50.0,Medium,1.0
CUS-004557,Unknown,Unknown,100.0,High,1.0
CUS-004558,Unknown,Unknown,50.0,Medium,1.0
CUS-004559,Unknown,Unknown,48.5,Medium,0.97
CUS-004560,Unknown,Unknown,100.0,High,1.0
CUS-004561,Unknown,Unknown,100.0,High,1.0
CUS-004562,Unknown,Unknown,0.0,Low,1.0
CUS-004563,Unknown,Unknown,0.0,Low,1.0
CUS-004564,Unknown,Unknown,99.5,High,0.99
CUS-004565,Unknown,Unknown,0.0,Low,1.0
CUS-004566,Unknown,Unknown,50.0,Medium,1.0
CUS-004567,Unknown,Unknown,99.0,High,0.98
CUS-004568,Unknown,Unknown,0.0,Low,1.0
CUS-004569,Unknown,Unknown,99.0,High,0.98
CUS-004570,Unknown,Unknown,50.0,Medium,1.0
CUS-004571,Unknown,Unknown,99.5,High,0.99
CUS-004572,Unknown,Unknown,100.0,High,1.0
CUS-004573,Unknown,Unknown,49.5,Medium,0.99
CUS-004574,Unknown,Unknown,50.0,Medium,1.0
CUS-004575,Unknown,Unknown,50.5,Medium,0.99
CUS-004576,Unknown,Unknown,0.0,Low,1.0
CUS-004577,Unknown,Unknown,99.5,High,0.99
CUS-004578,Unknown,Unknown,51.5,Medium,0.97
CUS-004579,Unknown,Unknown,51.0,Medium,0.98
CUS-004580,Unknown,Unknown,49.0,Medium,0.98
CUS-004581,Unknown,Unknown,100.0,High,1.0
CUS-004582,Unknown,Unknown,100.0,High,1.0
CUS-004583,Unknown,Unknown,100.0,High,1.0
CUS-004584,Unknown,Unknown,98.5,High,0.97
CUS-004585,Unknown,Unknown,100.0,High,1.0
CUS-004586,Unknown,Unknown,100.0,High,1.0
CUS-004587,Unknown,Unknown,100.0,High,1.0
CUS-004588,Unknown,Unknown,52.5,Medium,0.95
CUS-004589,Unknown,Unknown,99.5,High,0.99
CUS-004590,Unknown,Unknown,99.0,High,0.98
CUS-004591,Unknown,Unknown,0.0,Low,1.0
CUS-004592,Unknown,Unknown,100.0,High,1.0
CUS-004593,Unknown,Unknown,100.0,High,1.0
CUS-004594,Unknown,Unknown,50.5,Medium,0.99
CUS-004595,Unknown,Unknown,0.0,Low,1.0
CUS-004596,Unknown,Unknown,100.0,High,1.0
CUS-004597,Unknown,Unknown,100.0,High,1.0
CUS-004598,Unknown,Unknown,49.5,Medium,0.99
CUS-004599,Unknown,Unknown,100.0,High,1.0
CUS-004600,Unknown,Unknown,51.0,Medium,0.96
CUS-004601,Unknown,Unknown,100.0,High,1.0
CUS-004602,Unknown,Unknown,100.0,High,1.0
CUS-004603,Unknown,Unknown,100.0,High,1.0
CUS-004604,Unknown,Unknown,50.0,Medium,1.0
CUS-004605,Unknown,Unknown,50.0,Medium,1.0
CUS-004606,Unknown,Unknown,99.5,High,0.99
CUS-004607,Unknown,Unknown,99.5,High,0.99
CUS-004608,Unknown,Unknown,0.0,Low,1.0
CUS-004609,Unknown,Unknown,0.0,Low,1.0
CUS-004610,Unknown,Unknown,50.5,Medium,0.99
CUS-004611,Unknown,Unknown,51.0,Medium,0.98
CUS-004612,Unknown,Unknown,50.0,Medium,1.0
CUS-004613,Unknown,Unknown,51.0,Medium,0.98
CUS-004614,Unknown,Unknown,50.5,Medium,0.99
CUS-004615,Unknown,Unknown,50.5,Medium,0.99
CUS-004616,Unknown,Unknown,99.5,High,0.99
CUS-004617,Unknown,Unknown,0.0,Low,1.0
CUS-004618,Unknown,Unknown,100.0,High,1.0
CUS-004619,Unknown,Unknown,100.0,High,1.0
CUS-004620,Unknown,Unknown,98.0,High,0.96
CUS-004621,Unknown,Unknown,48.0,Medium,0.96
CUS-004622,Unknown,Unknown,100.0,High,1.0
CUS-004623,Unknown,Unknown,50.5,Medium,0.99
CUS-004624,Unknown,Unknown,100.0,High,1.0
CUS-004625,Unknown,Unknown,47.5,Medium,0.95
CUS-004626,Unknown,Unknown,99.5,High,0.99
CUS-004627,Unknown,Unknown,100.0,High,1.0
CUS-004628,Unknown,Unknown,100.0,High,1.0
CUS-004629,Unknown,Unknown,50.0,Medium,1.0
CUS-004630,Unknown,Unknown,49.5,Medium,0.99
CUS-004631,Unknown,Unknown,50.0,Medium,1.0
CUS-004632,Unknown,Unknown,100.0,High,1.0
CUS-004633,Unknown,Unknown,99.5,High,0.99
CUS-004634,Unknown,Unknown,52.0,Medium,0.96
CUS-004635,Unknown,Unknown,99.5,High,0.99
CUS-004636,Unknown,Unknown,0.0,Low,1.0
CUS-004637,Unknown,Unknown,50.5,Medium,0.99
CUS-004638,Unknown,Unknown,100.0,High,1.0
CUS-004639,Unknown,Unknown,0.0,Low,1.0
CUS-004640,Unknown,Unknown,49.5,Medium,0.99
CUS-004641,Unknown,Unknown,0.0,Low,1.0
CUS-004642,Unknown,Unknown,50.0,Medium,1.0
CUS-004643,Unknown,Unknown,100.0,High,1.0
CUS-004644,Unknown,Unknown,49.0,Medium,0.98
CUS-004645,Unknown,Unknown,50.0,Medium,1.0
CUS-004646,Unknown,Unknown,100.0,High,1.0
CUS-004647,Unknown,Unknown,100.0,High,1.0
CUS-004648,Unknown,Unknown,50.0,Medium,1.0
CUS-004649,Unknown,Unknown,50.0,Medium,1.0
CUS-004650,Unknown,Unknown,50.5,Medium,0.99
CUS-004651,Unknown,Unknown,100.0,High,1.0
CUS-004652,Unknown,Unknown,98.5,High,0.97
CUS-004653,Unknown,Unknown,50.0,Medium,1.0
CUS-004654,Unknown,Unknown,0.0,Low,1.0
CUS-004655,Unknown,Unknown,50.5,Medium,0.99
CUS-004656,Unknown,Unknown,100.0,High,1.0
CUS-004657,Unknown,Unknown,97.5,High,0.95
CUS-004658,Unknown,Unknown,0.5,Low,0.99
CUS-004659,Unknown,Unknown,98.5,High,0.97
CUS-004660,Unknown,Unknown,49.5,Medium,0.99
CUS-004661,Unknown,Unknown,100.0,High,1.0
CUS-004662,Unknown,Unknown,97.5,High,0.95
CUS-004663,Unknown,Unknown,50.5,Medium,0.99
CUS-004664,Unknown,Unknown,50.0,Medium,1.0
CUS-004665,Unknown,Unknown,50.0,Medium,1.0
CUS-004666,Unknown,Unknown,100.0,High,1.0
CUS-004667,Unknown,Unknown,100.0,High,1.0
CUS-004668,Unknown,Unknown,50.0,Medium,1.0
CUS-004669,Unknown,Unknown,51.0,Medium,0.98
CUS-004670,Unknown,Unknown,50.0,Medium,1.0
CUS-004671,Unknown,Unknown,98.0,High,0.96
CUS-004672,Unknown,Unknown,99.5,High,0.99
CUS-004673,Unknown,Unknown,50.0,Medium,1.0
CUS-004674,Unknown,Unknown,50.0,Medium,1.0
CUS-004675,Unknown,Unknown,100.0,High,1.0
CUS-004676,Unknown,Unknown,50.5,Medium,0.99
CUS-004677,Unknown,Unknown,0.0,Low,1.0
CUS-004678,Unknown,Unknown,51.5,Medium,0.97
CUS-004679,Unknown,Unknown,50.0,Medium,1.0
CUS-004680,Unknown,Unknown,100.0,High,1.0
CUS-004681,Unknown,Unknown,100.0,High,1.0
CUS-004682,Unknown,Unknown,50.0,Medium,1.0
CUS-004683,Unknown,Unknown,100.0,High,1.0
CUS-004684,Unknown,Unknown,100.0,High,1.0
CUS-004685,Unknown,Unknown,50.5,Medium,0.99
CUS-004686,Unknown,Unknown,50.0,Medium,1.0
CUS-004687,Unknown,Unknown,99.5,High,0.99
CUS-004688,Unknown,Unknown,99.0,High,0.98
CUS-004689,Unknown,Unknown,50.5,Medium,0.99
CUS-004690,Unknown,Unknown,99.5,High,0.99
CUS-004691,Unknown,Unknown,100.0,High,1.0
CUS-004692,Unknown,Unknown,52.5,Medium,0.95
CUS-004693,Unknown,Unknown,100.0,High,1.0
CUS-004694,Unknown,Unknown,100.0,High,1.0
CUS-004695,Unknown,Unknown,99.5,High,0.99
CUS-004696,Unknown,Unknown,99.5,High,0.99
CUS-004697,Unknown,Unknown,99.0,High,0.98
CUS-004698,Unknown,Unknown,51.0,Medium,0.98
CUS-004699,Unknown,Unknown,100.0,High,1.0
CUS-004700,Unknown,Unknown,98.0,High,0.96
CUS-004701,Unknown,Unknown,100.0,High,1.0
CUS-004702,Unknown,Unknown,99.5,High,0.99
CUS-004703,Unknown,Unknown,50.0,Medium,1.0
CUS-004704,Unknown,Unknown,100.0,High,1.0
CUS-004705,Unknown,Unknown,98.5,High,0.97
CUS-004706,Unknown,Unknown,50.5,Medium,0.99
CUS-004707,Unknown,Unknown,49.0,Medium,0.98
CUS-004708,Unknown,Unknown,100.0,High,1.0
CUS-004709,Unknown,Unknown,50.0,Medium,1.0
CUS-004710,Unknown,Unknown,50.0,Medium,1.0
CUS-004711,Unknown,Unknown,97.5,High,0.95
CUS-004712,Unknown,Unknown,0.0,Low,1.0
CUS-004713,Unknown,Unknown,98.5,High,0.97
CUS-004714,Unknown,Unknown,51.5,Medium,0.97
CUS-004715,Unknown,Unknown,50.0,Medium,1.0
CUS-004716,Unknown,Unknown,0.0,Low,1.0
CUS-004717,Unknown,Unknown,50.5,Medium,0.99
CUS-004718,Unknown,Unknown,100.0,High,1.0
CUS-004719,Unknown,Unknown,100.0,High,1.0
CUS-004720,Unknown,Unknown,50.5,Medium,0.99
CUS-004721,Unknown,Unknown,100.0,High,1.0
CUS-004722,Unknown,Unknown,99.0,High,0.98
CUS-004723,Unknown,Unknown,99.0,High,0.98
CUS-004724,Unknown,Unknown,50.5,Medium,0.99
CUS-004725,Unknown,Unknown,50.0,Medium,1.0
CUS-004726,Unknown,Unknown,99.5,High,0.99
CUS-004727,Unknown,Unknown,51.0,Medium,0.98
CUS-004728,Unknown,Unknown,50.5,Medium,0.97
CUS-004729,Unknown,Unknown,52.5,Medium,0.95
CUS-004730,Unknown,Unknown,50.5,Medium,0.99
CUS-004731,Unknown,Unknown,50.0,Medium,1.0
CUS-004732,Unknown,Unknown,100.0,High,1.0
CUS-004733,Unknown,Unknown,51.5,Medium,0.97
CUS-004734,Unknown,Unknown,0.0,Low,1.0
CUS-004735,Unknown,Unknown,100.0,High,1.0
CUS-004736,Unknown,Unknown,100.0,High,1.0
CUS-004737,Unknown,Unknown,99.5,High,0.99
CUS-004738,Unknown,Unknown,50.5,Medium,0.99
CUS-004739,Unknown,Unknown,0.0,Low,1.0
CUS-004740,Unknown,Unknown,100.0,High,1.0
CUS-004741,Unknown,Unknown,50.0,Medium,0.98
CUS-004742,Unknown,Unknown,0.0,Low,1.0
CUS-004743,Unknown,Unknown,98.0,High,0.96
CUS-004744,Unknown,Unknown,98.5,High,0.97
CUS-004745,Unknown,Unknown,50.5,Medium,0.99
CUS-004746,Unknown,Unknown,0.0,Low,1.0
CUS-004747,Unknown,Unknown,100.0,High,1.0
CUS-004748,Unknown,Unknown,50.5,Medium,0.99
CUS-004749,Unknown,Unknown,50.0,Medium,1.0
CUS-004750,Unknown,Unknown,50.0,Medium,1.0
CUS-004751,Unknown,Unknown,48.5,Medium,0.97
CUS-004752,Unknown,Unknown,100.0,High,1.0
CUS-004753,Unknown,Unknown,98.0,High,0.96
CUS-004754,Unknown,Unknown,100.0,High,1.0
CUS-004755,Unknown,Unknown,100.0,High,1.0
CUS-004756,Unknown,Unknown,100.0,High,1.0
CUS-004757,Unknown,Unknown,51.0,Medium,0.98
CUS-004758,Unknown,Unknown,100.0,High,1.0
CUS-004759,Unknown,Unknown,0.0,Low,1.0
CUS-004760,Unknown,Unknown,98.0,High,0.96
CUS-004761,Unknown,Unknown,51.0,Medium,0.98
CUS-004762,Unknown,Unknown,99.0,High,0.98
CUS-004763,Unknown,Unknown,100.0,High,1.0
CUS-004764,Unknown,Unknown,100.0,High,1.0
CUS-004765,Unknown,Unknown,51.0,Medium,0.98
CUS-004766,Unknown,Unknown,0.0,Low,1.0
CUS-004767,Unknown,Unknown,1.0,Low,0.98
CUS-004768,Unknown,Unknown,50.0,Medium,1.0
CUS-004769,Unknown,Unknown,0.0,Low,1.0
CUS-004770,Unknown,Unknown,50.0,Medium,1.0
CUS-004771,Unknown,Unknown,99.5,High,0.99
CUS-004772,Unknown,Unknown,50.5,Medium,0.99
CUS-004773,Unknown,Unknown,48.5,Medium,0.97
CUS-004774,Unknown,Unknown,100.0,High,1.0
CUS-004775,Unknown,Unknown,98.0,High,0.96
CUS-004776,Unknown,Unknown,99.0,High,0.98
CUS-004777,Unknown,Unknown,99.5,High,0.99
CUS-004778,Unknown,Unknown,0.0,Low,1.0
CUS-004779,Unknown,Unknown,0.0,Low,1.0
CUS-004780,Unknown,Unknown,49.5,Medium,0.99
CUS-004781,Unknown,Unknown,52.5,Medium,0.95
CUS-004782,Unknown,Unknown,100.0,High,1.0
CUS-004783,Unknown,Unknown,99.5,High,0.99
CUS-004784,Unknown,Unknown,50.0,Medium,1.0
CUS-004785,Unknown,Unknown,100.0,High,1.0
CUS-004786,Unknown,Unknown,99.5,High,0.99
CUS-004787,Unknown,Unknown,50.0,Medium,1.0
CUS-004788,Unknown,Unknown,100.0,High,1.0
CUS-004789,Unknown,Unknown,49.0,Medium,0.98
CUS-004790,Unknown,Unknown,50.5,Medium,0.99
CUS-004791,Unknown,Unknown,100.0,High,1.0
CUS-004792,Unknown,Unknown,49.0,Medium,0.98
CUS-004793,Unknown,Unknown,0.0,Low,1.0
CUS-004794,Unknown,Unknown,100.0,High,1.0
CUS-004795,Unknown,Unknown,100.0,High,1.0
CUS-004796,Unknown,Unknown,0.0,Low,1.0
CUS-004797,Unknown,Unknown,0.0,Low,1.0
CUS-004798,Unknown,Unknown,50.0,Medium,1.0
CUS-004799,Unknown,Unknown,99.5,High,0.99
CUS-004800,Unknown,Unknown,100.0,High,1.0
CUS-004801,Unknown,Unknown,50.5,Medium,0.99
CUS-004802,Unknown,Unknown,50.5,Medium,0.99
CUS-004803,Unknown,Unknown,0.0,Low,1.0
CUS-004804,Unknown,Unknown,52.0,Medium,0.96
CUS-004805,Unknown,Unknown,99.0,High,0.98
CUS-004806,Unknown,Unknown,100.0,High,1.0
CUS-004807,Unknown,Unknown,50.0,Medium,1.0
CUS-004808,Unknown,Unknown,99.5,High,0.99
CUS-004809,Unknown,Unknown,100.0,High,1.0
CUS-004810,Unknown,Unknown,50.5,Medium,0.99
CUS-004811,Unknown,Unknown,99.0,High,0.98
CUS-004812,Unknown,Unknown,100.0,High,1.0
CUS-004813,Unknown,Unknown,50.0,Medium,1.0
CUS-004814,Unknown,Unknown,100.0,High,1.0
CUS-004815,Unknown,Unknown,99.5,High,0.99
CUS-004816,Unknown,Unknown,51.0,Medium,0.98
CUS-004817,Unknown,Unknown,0.0,Low,1.0
CUS-004818,Unknown,Unknown,50.0,Medium,1.0
CUS-004819,Unknown,Unknown,50.5,Medium,0.99
CUS-004820,Unknown,Unknown,50.0,Medium,1.0
CUS-004821,Unknown,Unknown,99.5,High,0.99
CUS-004822,Unknown,Unknown,48.5,Medium,0.97
CUS-004823,Unknown,Unknown,100.0,High,1.0
CUS-004824,Unknown,Unknown,100.0,High,1.0
CUS-004825,Unknown,Unknown,48.0,Medium,0.96
CUS-004826,Unknown,Unknown,100.0,High,1.0
CUS-004827,Unknown,Unknown,99.0,High,0.98
CUS-004828,Unknown,Unknown,100.0,High,1.0
CUS-004829,Unknown,Unknown,50.0,Medium,1.0
CUS-004830,Unknown,Unknown,100.0,High,1.0
CUS-004831,Unknown,Unknown,50.0,Medium,1.0
CUS-004832,Unknown,Unknown,50.5,Medium,0.99
CUS-004833,Unknown,Unknown,51.0,Medium,0.98
CUS-004834,Unknown,Unknown,50.0,Medium,1.0
CUS-004835,Unknown,Unknown,100.0,High,1.0
CUS-004836,Unknown,Unknown,51.5,Medium,0.97
CUS-004837,Unknown,Unknown,49.0,Medium,0.98
CUS-004838,Unknown,Unknown,49.0,Medium,0.98
CUS-004839,Unknown,Unknown,49.5,Medium,0.99
CUS-004840,Unknown,Unknown,100.0,High,1.0
CUS-004841,Unknown,Unknown,99.0,High,0.98
CUS-004842,Unknown,Unknown,100.0,High,1.0
CUS-004843,Unknown,Unknown,50.0,Medium,0.98
CUS-004844,Unknown,Unknown,100.0,High,1.0
CUS-004845,Unknown,Unknown,50.0,Medium,1.0
CUS-004846,Unknown,Unknown,50.0,Medium,1.0
CUS-004847,Unknown,Unknown,0.5,Low,0.99
CUS-004848,Unknown,Unknown,50.0,Medium,1.0
CUS-004849,Unknown,Unknown,50.0,Medium,1.0
CUS-004850,Unknown,Unknown,99.5,High,0.99
CUS-004851,Unknown,Unknown,50.0,Medium,1.0
CUS-004852,Unknown,Unknown,100.0,High,1.0
CUS-004853,Unknown,Unknown,52.0,Medium,0.96
CUS-004854,Unknown,Unknown,49.5,Medium,0.99
CUS-004855,Unknown,Unknown,0.0,Low,1.0
CUS-004856,Unknown,Unknown,99.5,High,0.99
CUS-004857,Unknown,Unknown,99.0,High,0.98
CUS-004858,Unknown,Unknown,100.0,High,1.0
CUS-004859,Unknown,Unknown,49.0,Medium,0.98
CUS-004860,Unknown,Unknown,50.0,Medium,1.0
CUS-004861,Unknown,Unknown,99.5,High,0.99
CUS-004862,Unknown,Unknown,100.0,High,1.0
CUS-004863,Unknown,Unknown,50.0,Medium,1.0
CUS-004864,Unknown,Unknown,100.0,High,1.0
CUS-004865,Unknown,Unknown,100.0,High,1.0
CUS-004866,Unknown,Unknown,50.0,Medium,1.0
CUS-004867,Unknown,Unknown,50.0,Medium,1.0
CUS-004868,Unknown,Unknown,51.0,Medium,0.98
CUS-004869,Unknown,Unknown,50.0,Medium,1.0
CUS-004870,Unknown,Unknown,50.0,Medium,1.0
CUS-004871,Unknown,Unknown,100.0,High,1.0
CUS-004872,Unknown,Unknown,50.0,Medium,1.0
CUS-004873,Unknown,Unknown,100.0,High,1.0
CUS-004874,Unknown,Unknown,50.5,Medium,0.99
CUS-004875,Unknown,Unknown,100.0,High,1.0
CUS-004876,Unknown,Unknown,50.0,Medium,1.0
CUS-004877,Unknown,Unknown,0.0,Low,1.0
CUS-004878,Unknown,Unknown,100.0,High,1.0
CUS-004879,Unknown,Unknown,51.0,Medium,0.98
CUS-004880,Unknown,Unknown,99.5,High,0.99
CUS-004881,Unknown,Unknown,49.5,Medium,0.99
CUS-004882,Unknown,Unknown,100.0,High,1.0
CUS-004883,Unknown,Unknown,50.5,Medium,0.99
CUS-004884,Unknown,Unknown,99.5,High,0.99
CUS-004885,Unknown,Unknown,100.0,High,1.0
CUS-004886,Unknown,Unknown,51.0,Medium,0.98
CUS-004887,Unknown,Unknown,52.5,Medium,0.95
CUS-004888,Unknown,Unknown,100.0,High,1.0
CUS-004889,Unknown,Unknown,100.0,High,1.0
CUS-004890,Unknown,Unknown,100.0,High,1.0
CUS-004891,Unknown,Unknown,0.0,Low,1.0
CUS-004892,Unknown,Unknown,52.0,Medium,0.96
CUS-004893,Unknown,Unknown,51.0,Medium,0.98
CUS-004894,Unknown,Unknown,49.5,Medium,0.99
CUS-004895,Unknown,Unknown,55.0,Medium,0.9
CUS-004896,Unknown,Unknown,100.0,High,1.0
CUS-004897,Unknown,Unknown,50.0,Medium,1.0
CUS-004898,Unknown,Unknown,99.0,High,0.98
CUS-004899,Unknown,Unknown,99.5,High,0.99
CUS-004900,Unknown,Unknown,100.0,High,1.0
CUS-004901,Unknown,Unknown,100.0,High,1.0
CUS-004902,Unknown,Unknown,99.5,High,0.99
CUS-004903,Unknown,Unknown,0.0,Low,1.0
CUS-004904,Unknown,Unknown,100.0,High,1.0
CUS-004905,Unknown,Unknown,100.0,High,1.0
CUS-004906,Unknown,Unknown,50.5,Medium,0.99
CUS-004907,Unknown,Unknown,100.0,High,1.0
CUS-004908,Unknown,Unknown,0.0,Low,1.0
CUS-004909,Unknown,Unknown,98.5,High,0.97
CUS-004910,Unknown,Unknown,51.0,Medium,0.98
CUS-004911,Unknown,Unknown,50.5,Medium,0.99
CUS-004912,Unknown,Unknown,100.0,High,1.0
CUS-004913,Unknown,Unknown,50.0,Medium,1.0
CUS-004914,Unknown,Unknown,99.5,High,0.99
CUS-004915,Unknown,Unknown,100.0,High,1.0
CUS-004916,Unknown,Unknown,51.0,Medium,0.98
CUS-004917,Unknown,Unknown,100.0,High,1.0
CUS-004918,Unknown,Unknown,51.0,Medium,0.98
CUS-004919,Unknown,Unknown,51.0,Medium,0.98
CUS-004920,Unknown,Unknown,49.0,Medium,0.98
CUS-004921,Unknown,Unknown,100.0,High,1.0
CUS-004922,Unknown,Unknown,49.5,Medium,0.99
CUS-004923,Unknown,Unknown,50.5,Medium,0.99
CUS-004924,Unknown,Unknown,100.0,High,1.0
CUS-004925,Unknown,Unknown,50.0,Medium,1.0
CUS-004926,Unknown,Unknown,100.0,High,1.0
CUS-004927,Unknown,Unknown,0.0,Low,1.0
CUS-004928,Unknown,Unknown,98.0,High,0.96
CUS-004929,Unknown,Unknown,99.0,High,0.98
CUS-004930,Unknown,Unknown,51.0,Medium,0.98
CUS-004931,Unknown,Unknown,51.5,Medium,0.97
CUS-004932,Unknown,Unknown,99.5,High,0.99
CUS-004933,Unknown,Unknown,99.5,High,0.99
CUS-004934,Unknown,Unknown,46.5,Medium,0.93
CUS-004935,Unknown,Unknown,99.5,High,0.99
CUS-004936,Unknown,Unknown,50.0,Medium,1.0
CUS-004937,Unknown,Unknown,52.5,Medium,0.95
CUS-004938,Unknown,Unknown,99.5,High,0.99
CUS-004939,Unknown,Unknown,100.0,High,1.0
CUS-004940,Unknown,Unknown,46.0,Medium,0.92
CUS-004941,Unknown,Unknown,50.0,Medium,1.0
CUS-004942,Unknown,Unknown,0.0,Low,1.0
CUS-004943,Unknown,Unknown,100.0,High,1.0
CUS-004944,Unknown,Unknown,50.0,Medium,1.0
CUS-004945,Unknown,Unknown,50.5,Medium,0.99
CUS-004946,Unknown,Unknown,99.0,High,0.98
CUS-004947,Unknown,Unknown,50.5,Medium,0.99
CUS-004948,Unknown,Unknown,100.0,High,1.0
CUS-004949,Unknown,Unknown,99.0,High,0.98
CUS-004950,Unknown,Unknown,100.0,High,1.0
CUS-004951,Unknown,Unknown,0.0,Low,1.0
CUS-004952,Unknown,Unknown,100.0,High,1.0
CUS-004953,Unknown,Unknown,49.0,Medium,0.98
CUS-004954,Unknown,Unknown,100.0,High,1.0
CUS-004955,Unknown,Unknown,49.5,Medium,0.99
CUS-004956,Unknown,Unknown,49.5,Medium,0.99
CUS-004957,Unknown,Unknown,51.0,Medium,0.98
CUS-004958,Unknown,Unknown,50.0,Medium,1.0
CUS-004959,Unknown,Unknown,50.5,Medium,0.99
CUS-004960,Unknown,Unknown,99.5,High,0.99
CUS-004961,Unknown,Unknown,50.0,Medium,1.0
CUS-004962,Unknown,Unknown,0.0,Low,1.0
CUS-004963,Unknown,Unknown,50.0,Medium,1.0
CUS-004964,Unknown,Unknown,50.0,Medium,1.0
CUS-004965,Unknown,Unknown,49.5,Medium,0.99
CUS-004966,Unknown,Unknown,0.0,Low,1.0
CUS-004967,Unknown,Unknown,99.0,High,0.98
CUS-004968,Unknown,Unknown,100.0,High,1.0
CUS-004969,Unknown,Unknown,50.5,Medium,0.99
CUS-004970,Unknown,Unknown,99.5,High,0.99
CUS-004971,Unknown,Unknown,99.5,High,0.99
CUS-004972,Unknown,Unknown,50.0,Medium,1.0
CUS-004973,Unknown,Unknown,99.5,High,0.99
CUS-004974,Unknown,Unknown,99.0,High,0.98
CUS-004975,Unknown,Unknown,100.0,High,1.0
CUS-004976,Unknown,Unknown,50.0,Medium,1.0
CUS-004977,Unknown,Unknown,100.0,High,1.0
CUS-004978,Unknown,Unknown,50.0,Medium,1.0
CUS-004979,Unknown,Unknown,50.0,Medium,1.0
CUS-004980,Unknown,Unknown,100.0,High,1.0
CUS-004981,Unknown,Unknown,99.5,High,0.99
CUS-004982,Unknown,Unknown,0.0,Low,1.0
CUS-004983,Unknown,Unknown,50.5,Medium,0.99
CUS-004984,Unknown,Unknown,50.5,Medium,0.99
CUS-004985,Unknown,Unknown,99.5,High,0.99
CUS-004986,Unknown,Unknown,49.0,Medium,0.98
CUS-004987,Unknown,Unknown,50.5,Medium,0.99
CUS-004988,Unknown,Unknown,0.0,Low,1.0
CUS-004989,Unknown,Unknown,100.0,High,1.0
CUS-004990,Unknown,Unknown,53.0,Medium,0.92
CUS-004991,Unknown,Unknown,0.0,Low,1.0
CUS-004992,Unknown,Unknown,100.0,High,1.0
CUS-004993,Unknown,Unknown,100.0,High,1.0
CUS-004994,Unknown,Unknown,50.0,Medium,1.0
CUS-004995,Unknown,Unknown,49.5,Medium,0.99
CUS-004996,Unknown,Unknown,51.5,Medium,0.97
CUS-004997,Unknown,Unknown,49.5,Medium,0.99
CUS-004998,Unknown,Unknown,52.0,Medium,0.96
CUS-004999,Unknown,Unknown,50.5,Medium,0.99
CUS-005000,Unknown,Unknown,99.5,High,0.99
CUS-005001,Unknown,Unknown,50.0,Medium,1.0
CUS-005002,Unknown,Unknown,50.0,Medium,1.0
CUS-005003,Unknown,Unknown,100.0,High,1.0
CUS-005004,Unknown,Unknown,99.0,High,0.98
CUS-005005,Unknown,Unknown,0.0,Low,1.0
CUS-005006,Unknown,Unknown,50.0,Medium,1.0
CUS-005007,Unknown,Unknown,99.0,High,0.98
CUS-005008,Unknown,Unknown,51.5,Medium,0.97
CUS-005009,Unknown,Unknown,98.5,High,0.97
CUS-005010,Unknown,Unknown,100.0,High,1.0
CUS-005011,Unknown,Unknown,0.0,Low,1.0
CUS-005012,Unknown,Unknown,100.0,High,1.0
CUS-005013,Unknown,Unknown,51.0,Medium,0.98
CUS-005014,Unknown,Unknown,100.0,High,1.0
CUS-005015,Unknown,Unknown,50.0,Medium,1.0
CUS-005016,Unknown,Unknown,99.5,High,0.99
CUS-005017,Unknown,Unknown,100.0,High,1.0
CUS-005018,Unknown,Unknown,99.0,High,0.98
CUS-005019,Unknown,Unknown,50.0,Medium,1.0
CUS-005020,Unknown,Unknown,49.5,Medium,0.99
CUS-005021,Unknown,Unknown,53.0,Medium,0.94
CUS-005022,Unknown,Unknown,51.0,Medium,0.98
CUS-005023,Unknown,Unknown,100.0,High,1.0
CUS-005024,Unknown,Unknown,97.5,High,0.95
CUS-005025,Unknown,Unknown,100.0,High,1.0
CUS-005026,Unknown,Unknown,100.0,High,1.0
CUS-005027,Unknown,Unknown,50.0,Medium,1.0
CUS-005028,Unknown,Unknown,50.5,Medium,0.99
CUS-005029,Unknown,Unknown,100.0,High,1.0
CUS-005030,Unknown,Unknown,99.0,High,0.98
CUS-005031,Unknown,Unknown,50.0,Medium,1.0
CUS-005032,Unknown,Unknown,50.5,Medium,0.99
CUS-005033,Unknown,Unknown,0.0,Low,1.0
CUS-005034,Unknown,Unknown,99.5,High,0.99
CUS-005035,Unknown,Unknown,99.5,High,0.99
CUS-005036,Unknown,Unknown,50.0,Medium,1.0
CUS-005037,Unknown,Unknown,50.5,Medium,0.99
CUS-005038,Unknown,Unknown,0.0,Low,1.0
CUS-005039,Unknown,Unknown,100.0,High,1.0
CUS-005040,Unknown,Unknown,50.5,Medium,0.99
CUS-005041,Unknown,Unknown,0.0,Low,1.0
CUS-005042,Unknown,Unknown,53.5,Medium,0.93
CUS-005043,Unknown,Unknown,100.0,High,1.0
CUS-005044,Unknown,Unknown,50.5,Medium,0.99
CUS-005045,Unknown,Unknown,49.5,Medium,0.99
CUS-005046,Unknown,Unknown,100.0,High,1.0
CUS-005047,Unknown,Unknown,48.5,Medium,0.97
CUS-005048,Unknown,Unknown,100.0,High,1.0
CUS-005049,Unknown,Unknown,49.0,Medium,0.98
CUS-005050,Unknown,Unknown,99.5,High,0.99
CUS-005051,Unknown,Unknown,48.5,Medium,0.97
CUS-005052,Unknown,Unknown,100.0,High,1.0
CUS-005053,Unknown,Unknown,100.0,High,1.0
CUS-005054,Unknown,Unknown,49.0,Medium,0.98
CUS-005055,Unknown,Unknown,100.0,High,1.0
CUS-005056,Unknown,Unknown,0.0,Low,1.0
CUS-005057,Unknown,Unknown,50.0,Medium,1.0
CUS-005058,Unknown,Unknown,100.0,High,1.0
CUS-005059,Unknown,Unknown,100.0,High,1.0
CUS-005060,Unknown,Unknown,0.0,Low,1.0
CUS-005061,Unknown,Unknown,0.0,Low,1.0
CUS-005062,Unknown,Unknown,0.0,Low,1.0
CUS-005063,Unknown,Unknown,100.0,High,1.0
CUS-005064,Unknown,Unknown,50.5,Medium,0.99
CUS-005065,Unknown,Unknown,100.0,High,1.0
CUS-005066,Unknown,Unknown,95.5,High,0.91
CUS-005067,Unknown,Unknown,100.0,High,1.0
CUS-005068,Unknown,Unknown,98.0,High,0.96
CUS-005069,Unknown,Unknown,0.0,Low,1.0
CUS-005070,Unknown,Unknown,100.0,High,1.0
CUS-005071,Unknown,Unknown,99.0,High,0.98
CUS-005072,Unknown,Unknown,100.0,High,1.0
CUS-005073,Unknown,Unknown,52.0,Medium,0.96
CUS-005074,Unknown,Unknown,99.5,High,0.99
CUS-005075,Unknown,Unknown,100.0,High,1.0
CUS-005076,Unknown,Unknown,0.0,Low,1.0
CUS-005077,Unknown,Unknown,97.5,High,0.95
CUS-005078,Unknown,Unknown,0.0,Low,1.0
CUS-005079,Unknown,Unknown,100.0,High,1.0
CUS-005080,Unknown,Unknown,100.0,High,1.0
CUS-005081,Unknown,Unknown,50.0,Medium,1.0
CUS-005082,Unknown,Unknown,50.5,Medium,0.99
CUS-005083,Unknown,Unknown,100.0,High,1.0
CUS-005084,Unknown,Unknown,0.0,Low,1.0
CUS-005085,Unknown,Unknown,100.0,High,1.0
CUS-005086,Unknown,Unknown,50.0,Medium,1.0
CUS-005087,Unknown,Unknown,50.5,Medium,0.99
CUS-005088,Unknown,Unknown,100.0,High,1.0
CUS-005089,Unknown,Unknown,100.0,High,1.0
CUS-005090,Unknown,Unknown,99.5,High,0.99
CUS-005091,Unknown,Unknown,100.0,High,1.0
CUS-005092,Unknown,Unknown,100.0,High,1.0
CUS-005093,Unknown,Unknown,50.0,Medium,1.0
CUS-005094,Unknown,Unknown,99.5,High,0.99
CUS-005095,Unknown,Unknown,100.0,High,1.0
CUS-005096,Unknown,Unknown,100.0,High,1.0
CUS-005097,Unknown,Unknown,100.0,High,1.0
CUS-005098,Unknown,Unknown,99.0,High,0.98
CUS-005099,Unknown,Unknown,100.0,High,1.0
CUS-005100,Unknown,Unknown,100.0,High,1.0
CUS-005101,Unknown,Unknown,100.0,High,1.0
CUS-005102,Unknown,Unknown,97.0,High,0.94
CUS-005103,Unknown,Unknown,0.0,Low,1.0
CUS-005104,Unknown,Unknown,50.5,Medium,0.99
CUS-005105,Unknown,Unknown,50.5,Medium,0.99
CUS-005106,Unknown,Unknown,100.0,High,1.0
CUS-005107,Unknown,Unknown,51.5,Medium,0.97
CUS-005108,Unknown,Unknown,100.0,High,1.0
CUS-005109,Unknown,Unknown,100.0,High,1.0
CUS-005110,Unknown,Unknown,100.0,High,1.0
CUS-005111,Unknown,Unknown,49.5,Medium,0.99
CUS-005112,Unknown,Unknown,50.0,Medium,1.0
CUS-005113,Unknown,Unknown,50.0,Medium,1.0
CUS-005114,Unknown,Unknown,99.0,High,0.98
CUS-005115,Unknown,Unknown,0.0,Low,1.0
CUS-005116,Unknown,Unknown,100.0,High,1.0
CUS-005117,Unknown,Unknown,100.0,High,1.0
CUS-005118,Unknown,Unknown,100.0,High,1.0
CUS-005119,Unknown,Unknown,0.5,Low,0.99
CUS-005120,Unknown,Unknown,99.0,High,0.98
CUS-005121,Unknown,Unknown,50.5,Medium,0.99
CUS-005122,Unknown,Unknown,99.5,High,0.99
CUS-005123,Unknown,Unknown,99.5,High,0.99
CUS-005124,Unknown,Unknown,98.0,High,0.96
CUS-005125,Unknown,Unknown,50.0,Medium,1.0
CUS-005126,Unknown,Unknown,48.0,Medium,0.96
CUS-005127,Unknown,Unknown,99.5,High,0.99
CUS-005128,Unknown,Unknown,50.0,Medium,1.0
CUS-005129,Unknown,Unknown,100.0,High,1.0
CUS-005130,Unknown,Unknown,100.0,High,1.0
CUS-005131,Unknown,Unknown,50.5,Medium,0.99
CUS-005132,Unknown,Unknown,0.0,Low,1.0
CUS-005133,Unknown,Unknown,50.0,Medium,1.0
CUS-005134,Unknown,Unknown,99.5,High,0.99
CUS-005135,Unknown,Unknown,100.0,High,1.0
CUS-005136,Unknown,Unknown,100.0,High,1.0
CUS-005137,Unknown,Unknown,50.0,Medium,0.98
CUS-005138,Unknown,Unknown,0.0,Low,1.0
CUS-005139,Unknown,Unknown,100.0,High,1.0
CUS-005140,Unknown,Unknown,100.0,High,1.0
CUS-005141,Unknown,Unknown,99.0,High,0.98
CUS-005142,Unknown,Unknown,50.0,Medium,1.0
CUS-005143,Unknown,Unknown,100.0,High,1.0
CUS-005144,Unknown,Unknown,100.0,High,1.0
CUS-005145,Unknown,Unknown,99.5,High,0.99
CUS-005146,Unknown,Unknown,100.0,High,1.0
CUS-005147,Unknown,Unknown,51.0,Medium,0.98
CUS-005148,Unknown,Unknown,100.0,High,1.0
CUS-005149,Unknown,Unknown,100.0,High,1.0
CUS-005150,Unknown,Unknown,50.0,Medium,1.0
CUS-005151,Unknown,Unknown,100.0,High,1.0
CUS-005152,Unknown,Unknown,49.0,Medium,0.98
CUS-005153,Unknown,Unknown,100.0,High,1.0
CUS-005154,Unknown,Unknown,49.5,Medium,0.99
CUS-005155,Unknown,Unknown,98.0,High,0.96
CUS-005156,Unknown,Unknown,97.0,High,0.94
CUS-005157,Unknown,Unknown,100.0,High,1.0
CUS-005158,Unknown,Unknown,100.0,High,1.0
CUS-005159,Unknown,Unknown,51.0,Medium,0.98
CUS-005160,Unknown,Unknown,97.0,High,0.94
CUS-005161,Unknown,Unknown,99.0,High,0.98
CUS-005162,Unknown,Unknown,99.0,High,0.98
CUS-005163,Unknown,Unknown,0.0,Low,1.0
CUS-005164,Unknown,Unknown,50.0,Medium,1.0
CUS-005165,Unknown,Unknown,50.0,Medium,1.0
CUS-005166,Unknown,Unknown,100.0,High,1.0
CUS-005167,Unknown,Unknown,50.5,Medium,0.99
CUS-005168,Unknown,Unknown,100.0,High,1.0
CUS-005169,Unknown,Unknown,99.0,High,0.98
CUS-005170,Unknown,Unknown,50.5,Medium,0.99
CUS-005171,Unknown,Unknown,100.0,High,1.0
CUS-005172,Unknown,Unknown,50.0,Medium,1.0
CUS-005173,Unknown,Unknown,100.0,High,1.0
CUS-005174,Unknown,Unknown,51.0,Medium,0.98
CUS-005175,Unknown,Unknown,0.0,Low,1.0
CUS-005176,Unknown,Unknown,0.0,Low,1.0
CUS-005177,Unknown,Unknown,100.0,High,1.0
CUS-005178,Unknown,Unknown,50.0,Medium,1.0
CUS-005179,Unknown,Unknown,50.0,Medium,1.0
CUS-005180,Unknown,Unknown,50.0,Medium,1.0
CUS-005181,Unknown,Unknown,99.5,High,0.99
CUS-005182,Unknown,Unknown,99.5,High,0.99
CUS-005183,Unknown,Unknown,50.0,Medium,0.98
CUS-005184,Unknown,Unknown,100.0,High,1.0
CUS-005185,Unknown,Unknown,50.0,Medium,1.0
CUS-005186,Unknown,Unknown,100.0,High,1.0
CUS-005187,Unknown,Unknown,50.5,Medium,0.99
CUS-005188,Unknown,Unknown,100.0,High,1.0
CUS-005189,Unknown,Unknown,98.5,High,0.97
CUS-005190,Unknown,Unknown,100.0,High,1.0
CUS-005191,Unknown,Unknown,50.5,Medium,0.99
CUS-005192,Unknown,Unknown,97.5,High,0.95
CUS-005193,Unknown,Unknown,50.0,Medium,1.0
CUS-005194,Unknown,Unknown,96.5,High,0.93
CUS-005195,Unknown,Unknown,51.0,Medium,0.98
CUS-005196,Unknown,Unknown,50.5,Medium,0.99
CUS-005197,Unknown,Unknown,51.0,Medium,0.98
CUS-005198,Unknown,Unknown,99.0,High,0.98
CUS-005199,Unknown,Unknown,100.0,High,1.0
CUS-005200,Unknown,Unknown,99.5,High,0.99
CUS-005201,Unknown,Unknown,50.0,Medium,1.0
CUS-005202,Unknown,Unknown,53.0,Medium,0.94
CUS-005203,Unknown,Unknown,0.0,Low,1.0
CUS-005204,Unknown,Unknown,100.0,High,1.0
CUS-005205,Unknown,Unknown,49.5,Medium,0.99
CUS-005206,Unknown,Unknown,0.0,Low,1.0
CUS-005207,Unknown,Unknown,50.0,Medium,1.0
CUS-005208,Unknown,Unknown,100.0,High,1.0
CUS-005209,Unknown,Unknown,50.0,Medium,1.0
CUS-005210,Unknown,Unknown,49.0,Medium,0.98
CUS-005211,Unknown,Unknown,50.5,Medium,0.99
CUS-005212,Unknown,Unknown,0.0,Low,1.0
CUS-005213,Unknown,Unknown,100.0,High,1.0
CUS-005214,Unknown,Unknown,52.0,Medium,0.96
CUS-005215,Unknown,Unknown,50.0,Medium,1.0
CUS-005216,Unknown,Unknown,50.0,Medium,1.0
CUS-005217,Unknown,Unknown,99.0,High,0.98
CUS-005218,Unknown,Unknown,98.0,High,0.96
CUS-005219,Unknown,Unknown,50.0,Medium,1.0
CUS-005220,Unknown,Unknown,50.0,Medium,1.0
CUS-005221,Unknown,Unknown,50.5,Medium,0.99
CUS-005222,Unknown,Unknown,99.5,High,0.99
CUS-005223,Unknown,Unknown,51.5,Medium,0.97
CUS-005224,Unknown,Unknown,50.0,Medium,0.98
CUS-005225,Unknown,Unknown,50.5,Medium,0.99
CUS-005226,Unknown,Unknown,100.0,High,1.0
CUS-005227,Unknown,Unknown,50.0,Medium,1.0
CUS-005228,Unknown,Unknown,49.0,Medium,0.98
CUS-005229,Unknown,Unknown,98.0,High,0.96
CUS-005230,Unknown,Unknown,0.0,Low,1.0
CUS-005231,Unknown,Unknown,100.0,High,1.0
CUS-005232,Unknown,Unknown,100.0,High,1.0
CUS-005233,Unknown,Unknown,50.5,Medium,0.99
CUS-005234,Unknown,Unknown,99.0,High,0.98
CUS-005235,Unknown,Unknown,100.0,High,1.0
CUS-005236,Unknown,Unknown,97.0,High,0.94
CUS-005237,Unknown,Unknown,100.0,High,1.0
CUS-005238,Unknown,Unknown,97.5,High,0.95
CUS-005239,Unknown,Unknown,100.0,High,1.0
CUS-005240,Unknown,Unknown,49.5,Medium,0.99
CUS-005241,Unknown,Unknown,49.5,Medium,0.99
CUS-005242,Unknown,Unknown,100.0,High,1.0
CUS-005243,Unknown,Unknown,100.0,High,1.0
CUS-005244,Unknown,Unknown,50.5,Medium,0.99
CUS-005245,Unknown,Unknown,99.5,High,0.99
CUS-005246,Unknown,Unknown,100.0,High,1.0
CUS-005247,Unknown,Unknown,50.0,Medium,1.0
CUS-005248,Unknown,Unknown,0.0,Low,1.0
CUS-005249,Unknown,Unknown,50.0,Medium,1.0
CUS-005250,Unknown,Unknown,100.0,High,1.0
CUS-005251,Unknown,Unknown,100.0,High,1.0
CUS-005252,Unknown,Unknown,51.0,Medium,0.98
CUS-005253,Unknown,Unknown,51.0,Medium,0.98
CUS-005254,Unknown,Unknown,52.5,Medium,0.95
CUS-005255,Unknown,Unknown,99.5,High,0.99
CUS-005256,Unknown,Unknown,100.0,High,1.0
CUS-005257,Unknown,Unknown,99.5,High,0.99
CUS-005258,Unknown,Unknown,50.5,Medium,0.99
CUS-005259,Unknown,Unknown,100.0,High,1.0
CUS-005260,Unknown,Unknown,49.5,Medium,0.99
CUS-005261,Unknown,Unknown,98.0,High,0.96
CUS-005262,Unknown,Unknown,100.0,High,1.0
CUS-005263,Unknown,Unknown,0.0,Low,1.0
CUS-005264,Unknown,Unknown,98.0,High,0.96
CUS-005265,Unknown,Unknown,50.0,Medium,1.0
CUS-005266,Unknown,Unknown,0.0,Low,1.0
CUS-005267,Unknown,Unknown,100.0,High,1.0
CUS-005268,Unknown,Unknown,99.5,High,0.99
CUS-005269,Unknown,Unknown,100.0,High,1.0
CUS-005270,Unknown,Unknown,100.0,High,1.0
CUS-005271,Unknown,Unknown,100.0,High,1.0
CUS-005272,Unknown,Unknown,100.0,High,1.0
CUS-005273,Unknown,Unknown,50.5,Medium,0.99
CUS-005274,Unknown,Unknown,50.5,Medium,0.99
CUS-005275,Unknown,Unknown,99.5,High,0.99
CUS-005276,Unknown,Unknown,50.0,Medium,1.0
CUS-005277,Unknown,Unknown,99.5,High,0.99
CUS-005278,Unknown,Unknown,100.0,High,1.0
CUS-005279,Unknown,Unknown,50.0,Medium,0.98
CUS-005280,Unknown,Unknown,50.0,Medium,1.0
CUS-005281,Unknown,Unknown,100.0,High,1.0
CUS-005282,Unknown,Unknown,50.0,Medium,1.0
CUS-005283,Unknown,Unknown,99.5,High,0.99
CUS-005284,Unknown,Unknown,50.5,Medium,0.99
CUS-005285,Unknown,Unknown,0.0,Low,1.0
CUS-005286,Unknown,Unknown,49.0,Medium,0.98
CUS-005287,Unknown,Unknown,50.0,Medium,1.0
CUS-005288,Unknown,Unknown,50.5,Medium,0.99
CUS-005289,Unknown,Unknown,50.0,Medium,1.0
CUS-005290,Unknown,Unknown,50.0,Medium,1.0
CUS-005291,Unknown,Unknown,50.0,Medium,1.0
CUS-005292,Unknown,Unknown,50.0,Medium,1.0
CUS-005293,Unknown,Unknown,100.0,High,1.0
CUS-005294,Unknown,Unknown,100.0,High,1.0
CUS-005295,Unknown,Unknown,100.0,High,1.0
CUS-005296,Unknown,Unknown,100.0,High,1.0
CUS-005297,Unknown,Unknown,99.5,High,0.99
CUS-005298,Unknown,Unknown,97.5,High,0.95
CUS-005299,Unknown,Unknown,0.0,Low,1.0
CUS-005300,Unknown,Unknown,49.5,Medium,0.99
CUS-005301,Unknown,Unknown,50.0,Medium,1.0
CUS-005302,Unknown,Unknown,99.5,High,0.99
CUS-005303,Unknown,Unknown,100.0,High,1.0
CUS-005304,Unknown,Unknown,100.0,High,1.0
CUS-005305,Unknown,Unknown,50.0,Medium,1.0
CUS-005306,Unknown,Unknown,50.5,Medium,0.99
CUS-005307,Unknown,Unknown,100.0,High,1.0
CUS-005308,Unknown,Unknown,51.0,Medium,0.98
CUS-005309,Unknown,Unknown,0.0,Low,1.0
CUS-005310,Unknown,Unknown,50.0,Medium,1.0
CUS-005311,Unknown,Unknown,100.0,High,1.0
CUS-005312,Unknown,Unknown,97.5,High,0.95
CUS-005313,Unknown,Unknown,99.5,High,0.99
CUS-005314,Unknown,Unknown,100.0,High,1.0
CUS-005315,Unknown,Unknown,52.5,Medium,0.95
CUS-005316,Unknown,Unknown,50.0,Medium,1.0
CUS-005317,Unknown,Unknown,48.5,Medium,0.97
CUS-005318,Unknown,Unknown,51.0,Medium,0.98
CUS-005319,Unknown,Unknown,98.5,High,0.97
CUS-005320,Unknown,Unknown,100.0,High,1.0
CUS-005321,Unknown,Unknown,49.5,Medium,0.99
CUS-005322,Unknown,Unknown,50.0,Medium,1.0
CUS-005323,Unknown,Unknown,100.0,High,1.0
CUS-005324,Unknown,Unknown,49.5,Medium,0.99
CUS-005325,Unknown,Unknown,0.5,Low,0.99
CUS-005326,Unknown,Unknown,0.0,Low,1.0
CUS-005327,Unknown,Unknown,100.0,High,1.0
CUS-005328,Unknown,Unknown,99.5,High,0.99
CUS-005329,Unknown,Unknown,100.0,High,1.0
CUS-005330,Unknown,Unknown,50.0,Medium,1.0
CUS-005331,Unknown,Unknown,100.0,High,1.0
CUS-005332,Unknown,Unknown,51.0,Medium,0.98
CUS-005333,Unknown,Unknown,49.0,Medium,0.98
CUS-005334,Unknown,Unknown,50.0,Medium,1.0
CUS-005335,Unknown,Unknown,99.5,High,0.99
CUS-005336,Unknown,Unknown,50.0,Medium,1.0
CUS-005337,Unknown,Unknown,100.0,High,1.0
CUS-005338,Unknown,Unknown,98.5,High,0.97
CUS-005339,Unknown,Unknown,50.0,Medium,1.0
CUS-005340,Unknown,Unknown,98.0,High,0.96
CUS-005341,Unknown,Unknown,50.5,Medium,0.99
CUS-005342,Unknown,Unknown,48.5,Medium,0.97
CUS-005343,Unknown,Unknown,100.0,High,1.0
CUS-005344,Unknown,Unknown,100.0,High,1.0
CUS-005345,Unknown,Unknown,99.5,High,0.99
CUS-005346,Unknown,Unknown,48.5,Medium,0.97
CUS-005347,Unknown,Unknown,50.0,Medium,1.0
CUS-005348,Unknown,Unknown,52.0,Medium,0.96
CUS-005349,Unknown,Unknown,50.0,Medium,1.0
CUS-005350,Unknown,Unknown,50.0,Medium,1.0
CUS-005351,Unknown,Unknown,100.0,High,1.0
CUS-005352,Unknown,Unknown,100.0,High,1.0
CUS-005353,Unknown,Unknown,50.0,Medium,1.0
CUS-005354,Unknown,Unknown,51.0,Medium,0.98
CUS-005355,Unknown,Unknown,100.0,High,1.0
CUS-005356,Unknown,Unknown,100.0,High,1.0
CUS-005357,Unknown,Unknown,50.5,Medium,0.99
CUS-005358,Unknown,Unknown,98.5,High,0.97
CUS-005359,Unknown,Unknown,99.5,High,0.99
CUS-005360,Unknown,Unknown,100.0,High,1.0
CUS-005361,Unknown,Unknown,99.5,High,0.99
CUS-005362,Unknown,Unknown,0.0,Low,1.0
CUS-005363,Unknown,Unknown,50.0,Medium,1.0
CUS-005364,Unknown,Unknown,98.5,High,0.97
CUS-005365,Unknown,Unknown,98.0,High,0.96
CUS-005366,Unknown,Unknown,100.0,High,1.0
CUS-005367,Unknown,Unknown,50.0,Medium,1.0
CUS-005368,Unknown,Unknown,100.0,High,1.0
CUS-005369,Unknown,Unknown,100.0,High,1.0
CUS-005370,Unknown,Unknown,50.0,Medium,1.0
CUS-005371,Unknown,Unknown,49.0,Medium,0.98
CUS-005372,Unknown,Unknown,100.0,High,1.0
CUS-005373,Unknown,Unknown,51.0,Medium,0.98
CUS-005374,Unknown,Unknown,50.0,Medium,1.0
CUS-005375,Unknown,Unknown,51.0,Medium,0.98
CUS-005376,Unknown,Unknown,100.0,High,1.0
CUS-005377,Unknown,Unknown,49.0,Medium,0.98
CUS-005378,Unknown,Unknown,100.0,High,1.0
CUS-005379,Unknown,Unknown,0.0,Low,1.0
CUS-005380,Unknown,Unknown,50.0,Medium,1.0
CUS-005381,Unknown,Unknown,49.5,Medium,0.99
CUS-005382,Unknown,Unknown,100.0,High,1.0
CUS-005383,Unknown,Unknown,100.0,High,1.0
CUS-005384,Unknown,Unknown,0.0,Low,1.0
CUS-005385,Unknown,Unknown,50.5,Medium,0.99
CUS-005386,Unknown,Unknown,100.0,High,1.0
CUS-005387,Unknown,Unknown,0.0,Low,1.0
CUS-005388,Unknown,Unknown,50.5,Medium,0.99
CUS-005389,Unknown,Unknown,100.0,High,1.0
CUS-005390,Unknown,Unknown,100.0,High,1.0
CUS-005391,Unknown,Unknown,100.0,High,1.0
CUS-005392,Unknown,Unknown,98.5,High,0.97
CUS-005393,Unknown,Unknown,100.0,High,1.0
CUS-005394,Unknown,Unknown,98.5,High,0.97
CUS-005395,Unknown,Unknown,100.0,High,1.0
CUS-005396,Unknown,Unknown,50.0,Medium,1.0
CUS-005397,Unknown,Unknown,52.5,Medium,0.95
CUS-005398,Unknown,Unknown,50.5,Medium,0.99
CUS-005399,Unknown,Unknown,100.0,High,1.0
CUS-005400,Unknown,Unknown,0.0,Low,1.0
CUS-005401,Unknown,Unknown,50.0,Medium,1.0
CUS-005402,Unknown,Unknown,0.0,Low,1.0
CUS-005403,Unknown,Unknown,50.0,Medium,1.0
CUS-005404,Unknown,Unknown,50.0,Medium,0.98
CUS-005405,Unknown,Unknown,100.0,High,1.0
CUS-005406,Unknown,Unknown,100.0,High,1.0
CUS-005407,Unknown,Unknown,99.0,High,0.98
CUS-005408,Unknown,Unknown,45.5,Medium,0.91
CUS-005409,Unknown,Unknown,47.0,Medium,0.94
CUS-005410,Unknown,Unknown,100.0,High,1.0
CUS-005411,Unknown,Unknown,50.0,Medium,1.0
CUS-005412,Unknown,Unknown,51.5,Medium,0.97
CUS-005413,Unknown,Unknown,50.0,Medium,1.0
CUS-005414,Unknown,Unknown,97.5,High,0.95
CUS-005415,Unknown,Unknown,99.5,High,0.99
CUS-005416,Unknown,Unknown,99.5,High,0.99
CUS-005417,Unknown,Unknown,50.0,Medium,1.0
CUS-005418,Unknown,Unknown,51.5,Medium,0.97
CUS-005419,Unknown,Unknown,49.0,Medium,0.98
CUS-005420,Unknown,Unknown,100.0,High,1.0
CUS-005421,Unknown,Unknown,49.5,Medium,0.99
CUS-005422,Unknown,Unknown,50.0,Medium,1.0
CUS-005423,Unknown,Unknown,50.0,Medium,1.0
CUS-005424,Unknown,Unknown,52.5,Medium,0.95
CUS-005425,Unknown,Unknown,99.5,High,0.99
CUS-005426,Unknown,Unknown,98.0,High,0.96
CUS-005427,Unknown,Unknown,99.5,High,0.99
CUS-005428,Unknown,Unknown,100.0,High,1.0
CUS-005429,Unknown,Unknown,99.5,High,0.99
CUS-005430,Unknown,Unknown,100.0,High,1.0
CUS-005431,Unknown,Unknown,100.0,High,1.0
CUS-005432,Unknown,Unknown,49.5,Medium,0.99
CUS-005433,Unknown,Unknown,97.5,High,0.95
CUS-005434,Unknown,Unknown,100.0,High,1.0
CUS-005435,Unknown,Unknown,100.0,High,1.0
CUS-005436,Unknown,Unknown,49.0,Medium,0.98
CUS-005437,Unknown,Unknown,100.0,High,1.0
CUS-005438,Unknown,Unknown,50.0,Medium,1.0
CUS-005439,Unknown,Unknown,100.0,High,1.0
CUS-005440,Unknown,Unknown,0.0,Low,1.0
CUS-005441,Unknown,Unknown,0.0,Low,1.0
CUS-005442,Unknown,Unknown,100.0,High,1.0
CUS-005443,Unknown,Unknown,100.0,High,1.0
CUS-005444,Unknown,Unknown,52.0,Medium,0.96
CUS-005445,Unknown,Unknown,100.0,High,1.0
CUS-005446,Unknown,Unknown,49.0,Medium,0.98
CUS-005447,Unknown,Unknown,99.5,High,0.99
CUS-005448,Unknown,Unknown,100.0,High,1.0
CUS-005449,Unknown,Unknown,50.0,Medium,1.0
CUS-005450,Unknown,Unknown,51.0,Medium,0.98
CUS-005451,Unknown,Unknown,48.0,Medium,0.96
CUS-005452,Unknown,Unknown,100.0,High,1.0
CUS-005453,Unknown,Unknown,100.0,High,1.0
CUS-005454,Unknown,Unknown,0.0,Low,1.0
CUS-005455,Unknown,Unknown,100.0,High,1.0
CUS-005456,Unknown,Unknown,99.5,High,0.99
CUS-005457,Unknown,Unknown,50.0,Medium,1.0
CUS-005458,Unknown,Unknown,51.0,Medium,0.98
CUS-005459,Unknown,Unknown,91.5,High,0.83
CUS-005460,Unknown,Unknown,50.0,Medium,1.0
CUS-005461,Unknown,Unknown,100.0,High,1.0
CUS-005462,Unknown,Unknown,50.5,Medium,0.99
CUS-005463,Unknown,Unknown,0.0,Low,1.0
CUS-005464,Unknown,Unknown,100.0,High,1.0
CUS-005465,Unknown,Unknown,50.0,Medium,1.0
CUS-005466,Unknown,Unknown,99.0,High,0.98
CUS-005467,Unknown,Unknown,53.5,Medium,0.93
CUS-005468,Unknown,Unknown,97.0,High,0.94
CUS-005469,Unknown,Unknown,99.5,High,0.99
CUS-005470,Unknown,Unknown,49.5,Medium,0.99
CUS-005471,Unknown,Unknown,100.0,High,1.0
CUS-005472,Unknown,Unknown,50.0,Medium,1.0
CUS-005473,Unknown,Unknown,99.5,High,0.99
CUS-005474,Unknown,Unknown,50.0,Medium,1.0
CUS-005475,Unknown,Unknown,100.0,High,1.0
CUS-005476,Unknown,Unknown,51.5,Medium,0.97
CUS-005477,Unknown,Unknown,0.0,Low,1.0
CUS-005478,Unknown,Unknown,51.5,Medium,0.97
CUS-005479,Unknown,Unknown,100.0,High,1.0
CUS-005480,Unknown,Unknown,100.0,High,1.0
CUS-005481,Unknown,Unknown,0.0,Low,1.0
CUS-005482,Unknown,Unknown,0.0,Low,1.0
CUS-005483,Unknown,Unknown,99.5,High,0.99
CUS-005484,Unknown,Unknown,100.0,High,1.0
CUS-005485,Unknown,Unknown,98.0,High,0.96
CUS-005486,Unknown,Unknown,99.0,High,0.98
CUS-005487,Unknown,Unknown,100.0,High,1.0
CUS-005488,Unknown,Unknown,47.0,Medium,0.94
CUS-005489,Unknown,Unknown,49.5,Medium,0.99
CUS-005490,Unknown,Unknown,99.5,High,0.99
CUS-005491,Unknown,Unknown,99.5,High,0.99
CUS-005492,Unknown,Unknown,100.0,High,1.0
CUS-005493,Unknown,Unknown,99.5,High,0.99
CUS-005494,Unknown,Unknown,100.0,High,1.0
CUS-005495,Unknown,Unknown,99.5,High,0.99
CUS-005496,Unknown,Unknown,50.0,Medium,1.0
CUS-005497,Unknown,Unknown,100.0,High,1.0
CUS-005498,Unknown,Unknown,50.0,Medium,1.0
CUS-005499,Unknown,Unknown,0.0,Low,1.0
CUS-005500,Unknown,Unknown,50.0,Medium,1.0
CUS-005501,Unknown,Unknown,0.0,Low,1.0
CUS-005502,Unknown,Unknown,100.0,High,1.0
CUS-005503,Unknown,Unknown,97.5,High,0.95
CUS-005504,Unknown,Unknown,50.0,Medium,1.0
CUS-005505,Unknown,Unknown,100.0,High,1.0
CUS-005506,Unknown,Unknown,99.0,High,0.98
CUS-005507,Unknown,Unknown,0.0,Low,1.0
CUS-005508,Unknown,Unknown,50.0,Medium,1.0
CUS-005509,Unknown,Unknown,100.0,High,1.0
CUS-005510,Unknown,Unknown,50.0,Medium,1.0
CUS-005511,Unknown,Unknown,0.0,Low,1.0
CUS-005512,Unknown,Unknown,55.0,Medium,0.9
CUS-005513,Unknown,Unknown,50.0,Medium,1.0
CUS-005514,Unknown,Unknown,49.5,Medium,0.99
CUS-005515,Unknown,Unknown,50.0,Medium,1.0
CUS-005516,Unknown,Unknown,99.0,High,0.98
CUS-005517,Unknown,Unknown,50.0,Medium,1.0
CUS-005518,Unknown,Unknown,49.5,Medium,0.99
CUS-005519,Unknown,Unknown,49.5,Medium,0.99
CUS-005520,Unknown,Unknown,51.5,Medium,0.97
CUS-005521,Unknown,Unknown,98.0,High,0.96
CUS-005522,Unknown,Unknown,51.0,Medium,0.98
CUS-005523,Unknown,Unknown,50.5,Medium,0.99
CUS-005524,Unknown,Unknown,100.0,High,1.0
CUS-005525,Unknown,Unknown,100.0,High,1.0
CUS-005526,Unknown,Unknown,50.0,Medium,1.0
CUS-005527,Unknown,Unknown,99.5,High,0.99
CUS-005528,Unknown,Unknown,50.0,Medium,1.0
CUS-005529,Unknown,Unknown,99.5,High,0.99
CUS-005530,Unknown,Unknown,100.0,High,1.0
CUS-005531,Unknown,Unknown,98.5,High,0.97
CUS-005532,Unknown,Unknown,95.5,High,0.91
CUS-005533,Unknown,Unknown,50.5,Medium,0.99
CUS-005534,Unknown,Unknown,50.0,Medium,1.0
CUS-005535,Unknown,Unknown,50.5,Medium,0.99
CUS-005536,Unknown,Unknown,99.5,High,0.99
CUS-005537,Unknown,Unknown,100.0,High,1.0
CUS-005538,Unknown,Unknown,96.5,High,0.93
CUS-005539,Unknown,Unknown,50.0,Medium,1.0
CUS-005540,Unknown,Unknown,50.0,Medium,1.0
CUS-005541,Unknown,Unknown,100.0,High,1.0
CUS-005542,Unknown,Unknown,99.0,High,0.98
CUS-005543,Unknown,Unknown,100.0,High,1.0
CUS-005544,Unknown,Unknown,51.5,Medium,0.97
CUS-005545,Unknown,Unknown,100.0,High,1.0
CUS-005546,Unknown,Unknown,98.5,High,0.97
CUS-005547,Unknown,Unknown,50.5,Medium,0.99
CUS-005548,Unknown,Unknown,99.0,High,0.98
CUS-005549,Unknown,Unknown,99.5,High,0.99
CUS-005550,Unknown,Unknown,100.0,High,1.0
CUS-005551,Unknown,Unknown,50.0,Medium,1.0
CUS-005552,Unknown,Unknown,99.0,High,0.98
CUS-005553,Unknown,Unknown,100.0,High,1.0
CUS-005554,Unknown,Unknown,0.0,Low,1.0
CUS-005555,Unknown,Unknown,50.0,Medium,1.0
CUS-005556,Unknown,Unknown,100.0,High,1.0
CUS-005557,Unknown,Unknown,100.0,High,1.0
CUS-005558,Unknown,Unknown,50.0,Medium,1.0
CUS-005559,Unknown,Unknown,51.5,Medium,0.97
CUS-005560,Unknown,Unknown,100.0,High,1.0
CUS-005561,Unknown,Unknown,100.0,High,1.0
CUS-005562,Unknown,Unknown,50.0,Medium,1.0
CUS-005563,Unknown,Unknown,0.0,Low,1.0
CUS-005564,Unknown,Unknown,51.0,Medium,0.98
CUS-005565,Unknown,Unknown,100.0,High,1.0
CUS-005566,Unknown,Unknown,0.0,Low,1.0
CUS-005567,Unknown,Unknown,100.0,High,1.0
CUS-005568,Unknown,Unknown,50.0,Medium,1.0
CUS-005569,Unknown,Unknown,49.5,Medium,0.99
CUS-005570,Unknown,Unknown,100.0,High,1.0
CUS-005571,Unknown,Unknown,50.0,Medium,1.0
CUS-005572,Unknown,Unknown,49.5,Medium,0.99
CUS-005573,Unknown,Unknown,100.0,High,1.0
CUS-005574,Unknown,Unknown,51.0,Medium,0.98
CUS-005575,Unknown,Unknown,50.0,Medium,1.0
CUS-005576,Unknown,Unknown,51.0,Medium,0.98
CUS-005577,Unknown,Unknown,100.0,High,1.0
CUS-005578,Unknown,Unknown,50.5,Medium,0.99
CUS-005579,Unknown,Unknown,53.5,Medium,0.93
CUS-005580,Unknown,Unknown,100.0,High,1.0
CUS-005581,Unknown,Unknown,50.5,Medium,0.99
CUS-005582,Unknown,Unknown,50.0,Medium,1.0
CUS-005583,Unknown,Unknown,100.0,High,1.0
CUS-005584,Unknown,Unknown,100.0,High,1.0
CUS-005585,Unknown,Unknown,100.0,High,1.0
CUS-005586,Unknown,Unknown,100.0,High,1.0
CUS-005587,Unknown,Unknown,50.5,Medium,0.99
CUS-005588,Unknown,Unknown,50.0,Medium,1.0
CUS-005589,Unknown,Unknown,98.0,High,0.96
CUS-005590,Unknown,Unknown,99.5,High,0.99
CUS-005591,Unknown,Unknown,50.0,Medium,1.0
CUS-005592,Unknown,Unknown,100.0,High,1.0
CUS-005593,Unknown,Unknown,52.0,Medium,0.96
CUS-005594,Unknown,Unknown,0.0,Low,1.0
CUS-005595,Unknown,Unknown,100.0,High,1.0
CUS-005596,Unknown,Unknown,100.0,High,1.0
CUS-005597,Unknown,Unknown,50.5,Medium,0.99
CUS-005598,Unknown,Unknown,100.0,High,1.0
CUS-005599,Unknown,Unknown,100.0,High,1.0
CUS-005600,Unknown,Unknown,50.5,Medium,0.99
CUS-005601,Unknown,Unknown,100.0,High,1.0
CUS-005602,Unknown,Unknown,0.0,Low,1.0
CUS-005603,Unknown,Unknown,100.0,High,1.0
CUS-005604,Unknown,Unknown,100.0,High,1.0
CUS-005605,Unknown,Unknown,100.0,High,1.0
CUS-005606,Unknown,Unknown,99.5,High,0.99
CUS-005607,Unknown,Unknown,50.0,Medium,1.0
CUS-005608,Unknown,Unknown,100.0,High,1.0
CUS-005609,Unknown,Unknown,98.5,High,0.97
CUS-005610,Unknown,Unknown,100.0,High,1.0
CUS-005611,Unknown,Unknown,50.0,Medium,0.98
CUS-005612,Unknown,Unknown,100.0,High,1.0
CUS-005613,Unknown,Unknown,99.5,High,0.99
CUS-005614,Unknown,Unknown,100.0,High,1.0
CUS-005615,Unknown,Unknown,0.0,Low,1.0
CUS-005616,Unknown,Unknown,49.0,Medium,0.98
CUS-005617,Unknown,Unknown,51.0,Medium,0.98
CUS-005618,Unknown,Unknown,99.5,High,0.99
CUS-005619,Unknown,Unknown,99.5,High,0.99
CUS-005620,Unknown,Unknown,48.5,Medium,0.97
CUS-005621,Unknown,Unknown,99.5,High,0.99
CUS-005622,Unknown,Unknown,100.0,High,1.0
CUS-005623,Unknown,Unknown,50.0,Medium,1.0
CUS-005624,Unknown,Unknown,98.5,High,0.97
CUS-005625,Unknown,Unknown,99.5,High,0.99
CUS-005626,Unknown,Unknown,100.0,High,1.0
CUS-005627,Unknown,Unknown,100.0,High,1.0
CUS-005628,Unknown,Unknown,100.0,High,1.0
CUS-005629,Unknown,Unknown,44.0,Medium,0.88
CUS-005630,Unknown,Unknown,100.0,High,1.0
CUS-005631,Unknown,Unknown,50.5,Medium,0.99
CUS-005632,Unknown,Unknown,50.0,Medium,1.0
CUS-005633,Unknown,Unknown,100.0,High,1.0
CUS-005634,Unknown,Unknown,50.0,Medium,1.0
CUS-005635,Unknown,Unknown,49.5,Medium,0.99
CUS-005636,Unknown,Unknown,50.5,Medium,0.99
CUS-005637,Unknown,Unknown,50.0,Medium,1.0
CUS-005638,Unknown,Unknown,98.5,High,0.97
CUS-005639,Unknown,Unknown,97.5,High,0.95
CUS-005640,Unknown,Unknown,99.0,High,0.98
CUS-005641,Unknown,Unknown,50.0,Medium,1.0
CUS-005642,Unknown,Unknown,99.0,High,0.98
CUS-005643,Unknown,Unknown,52.0,Medium,0.96
CUS-005644,Unknown,Unknown,99.5,High,0.99
CUS-005645,Unknown,Unknown,50.0,Medium,1.0
CUS-005646,Unknown,Unknown,49.0,Medium,0.98
CUS-005647,Unknown,Unknown,50.0,Medium,1.0
CUS-005648,Unknown,Unknown,52.5,Medium,0.95
CUS-005649,Unknown,Unknown,100.0,High,1.0
CUS-005650,Unknown,Unknown,50.0,Medium,1.0
CUS-005651,Unknown,Unknown,50.0,Medium,1.0
CUS-005652,Unknown,Unknown,99.5,High,0.99
CUS-005653,Unknown,Unknown,99.5,High,0.99
CUS-005654,Unknown,Unknown,51.5,Medium,0.97
CUS-005655,Unknown,Unknown,98.5,High,0.97
CUS-005656,Unknown,Unknown,0.0,Low,1.0
CUS-005657,Unknown,Unknown,99.5,High,0.99
CUS-005658,Unknown,Unknown,100.0,High,1.0
CUS-005659,Unknown,Unknown,0.0,Low,1.0
CUS-005660,Unknown,Unknown,50.5,Medium,0.99
CUS-005661,Unknown,Unknown,98.5,High,0.97
CUS-005662,Unknown,Unknown,0.0,Low,1.0
CUS-005663,Unknown,Unknown,50.5,Medium,0.99
CUS-005664,Unknown,Unknown,49.5,Medium,0.99
CUS-005665,Unknown,Unknown,0.0,Low,1.0
CUS-005666,Unknown,Unknown,99.5,High,0.99
CUS-005667,Unknown,Unknown,48.0,Medium,0.96
CUS-005668,Unknown,Unknown,51.0,Medium,0.98
CUS-005669,Unknown,Unknown,100.0,High,1.0
CUS-005670,Unknown,Unknown,100.0,High,1.0
CUS-005671,Unknown,Unknown,51.0,Medium,0.98
CUS-005672,Unknown,Unknown,99.5,High,0.99
CUS-005673,Unknown,Unknown,51.5,Medium,0.97
CUS-005674,Unknown,Unknown,100.0,High,1.0
CUS-005675,Unknown,Unknown,98.0,High,0.96
CUS-005676,Unknown,Unknown,99.5,High,0.99
CUS-005677,Unknown,Unknown,50.0,Medium,1.0
CUS-005678,Unknown,Unknown,99.0,High,0.98
CUS-005679,Unknown,Unknown,100.0,High,1.0
CUS-005680,Unknown,Unknown,99.5,High,0.99
CUS-005681,Unknown,Unknown,50.0,Medium,1.0
CUS-005682,Unknown,Unknown,97.0,High,0.94
CUS-005683,Unknown,Unknown,0.0,Low,1.0
CUS-005684,Unknown,Unknown,100.0,High,1.0
CUS-005685,Unknown,Unknown,51.0,Medium,0.98
CUS-005686,Unknown,Unknown,92.0,High,0.84
CUS-005687,Unknown,Unknown,0.0,Low,1.0
CUS-005688,Unknown,Unknown,0.0,Low,1.0
CUS-005689,Unknown,Unknown,98.0,High,0.96
CUS-005690,Unknown,Unknown,98.0,High,0.96
CUS-005691,Unknown,Unknown,99.0,High,0.98
CUS-005692,Unknown,Unknown,49.0,Medium,0.98
CUS-005693,Unknown,Unknown,100.0,High,1.0
CUS-005694,Unknown,Unknown,100.0,High,1.0
CUS-005695,Unknown,Unknown,99.5,High,0.99
CUS-005696,Unknown,Unknown,100.0,High,1.0
CUS-005697,Unknown,Unknown,50.0,Medium,1.0
CUS-005698,Unknown,Unknown,100.0,High,1.0
CUS-005699,Unknown,Unknown,100.0,High,1.0
CUS-005700,Unknown,Unknown,50.0,Medium,1.0
CUS-005701,Unknown,Unknown,100.0,High,1.0
CUS-005702,Unknown,Unknown,51.0,Medium,0.98
CUS-005703,Unknown,Unknown,0.0,Low,1.0
CUS-005704,Unknown,Unknown,97.5,High,0.95
CUS-005705,Unknown,Unknown,99.0,High,0.98
CUS-005706,Unknown,Unknown,100.0,High,1.0
CUS-005707,Unknown,Unknown,50.5,Medium,0.99
CUS-005708,Unknown,Unknown,51.5,Medium,0.97
CUS-005709,Unknown,Unknown,0.0,Low,1.0
CUS-005710,Unknown,Unknown,99.0,High,0.98
CUS-005711,Unknown,Unknown,100.0,High,1.0
CUS-005712,Unknown,Unknown,50.0,Medium,1.0
CUS-005713,Unknown,Unknown,99.5,High,0.99
CUS-005714,Unknown,Unknown,100.0,High,1.0
CUS-005715,Unknown,Unknown,50.0,Medium,1.0
CUS-005716,Unknown,Unknown,48.5,Medium,0.97
CUS-005717,Unknown,Unknown,100.0,High,1.0
CUS-005718,Unknown,Unknown,50.0,Medium,1.0
CUS-005719,Unknown,Unknown,0.0,Low,1.0
CUS-005720,Unknown,Unknown,49.0,Medium,0.98
CUS-005721,Unknown,Unknown,99.5,High,0.99
CUS-005722,Unknown,Unknown,49.0,Medium,0.98
CUS-005723,Unknown,Unknown,50.0,Medium,1.0
CUS-005724,Unknown,Unknown,99.5,High,0.99
CUS-005725,Unknown,Unknown,99.5,High,0.99
CUS-005726,Unknown,Unknown,100.0,High,1.0
CUS-005727,Unknown,Unknown,99.0,High,0.98
CUS-005728,Unknown,Unknown,50.0,Medium,1.0
CUS-005729,Unknown,Unknown,100.0,High,1.0
CUS-005730,Unknown,Unknown,100.0,High,1.0
CUS-005731,Unknown,Unknown,50.0,Medium,1.0
CUS-005732,Unknown,Unknown,100.0,High,1.0
CUS-005733,Unknown,Unknown,50.0,Medium,1.0
CUS-005734,Unknown,Unknown,100.0,High,1.0
CUS-005735,Unknown,Unknown,50.0,Medium,1.0
CUS-005736,Unknown,Unknown,99.5,High,0.99
CUS-005737,Unknown,Unknown,100.0,High,1.0
CUS-005738,Unknown,Unknown,99.5,High,0.99
CUS-005739,Unknown,Unknown,50.5,Medium,0.99
CUS-005740,Unknown,Unknown,100.0,High,1.0
CUS-005741,Unknown,Unknown,100.0,High,1.0
CUS-005742,Unknown,Unknown,100.0,High,1.0
CUS-005743,Unknown,Unknown,100.0,High,1.0
CUS-005744,Unknown,Unknown,100.0,High,1.0
CUS-005745,Unknown,Unknown,100.0,High,1.0
CUS-005746,Unknown,Unknown,50.0,Medium,1.0
CUS-005747,Unknown,Unknown,50.5,Medium,0.99
CUS-005748,Unknown,Unknown,49.5,Medium,0.99
CUS-005749,Unknown,Unknown,50.0,Medium,1.0
CUS-005750,Unknown,Unknown,100.0,High,1.0
CUS-005751,Unknown,Unknown,99.5,High,0.99
CUS-005752,Unknown,Unknown,51.5,Medium,0.97
CUS-005753,Unknown,Unknown,100.0,High,1.0
CUS-005754,Unknown,Unknown,99.5,High,0.99
CUS-005755,Unknown,Unknown,0.0,Low,1.0
CUS-005756,Unknown,Unknown,50.0,Medium,1.0
CUS-005757,Unknown,Unknown,50.0,Medium,1.0
CUS-005758,Unknown,Unknown,100.0,High,1.0
CUS-005759,Unknown,Unknown,49.5,Medium,0.99
CUS-005760,Unknown,Unknown,50.0,Medium,1.0
CUS-005761,Unknown,Unknown,50.0,Medium,1.0
CUS-005762,Unknown,Unknown,98.0,High,0.96
CUS-005763,Unknown,Unknown,51.5,Medium,0.97
CUS-005764,Unknown,Unknown,50.0,Medium,1.0
CUS-005765,Unknown,Unknown,100.0,High,1.0
CUS-005766,Unknown,Unknown,50.5,Medium,0.99
CUS-005767,Unknown,Unknown,98.5,High,0.97
CUS-005768,Unknown,Unknown,99.0,High,0.98
CUS-005769,Unknown,Unknown,95.5,High,0.91
CUS-005770,Unknown,Unknown,50.5,Medium,0.99
CUS-005771,Unknown,Unknown,100.0,High,1.0
CUS-005772,Unknown,Unknown,100.0,High,1.0
CUS-005773,Unknown,Unknown,50.0,Medium,1.0
CUS-005774,Unknown,Unknown,50.5,Medium,0.99
CUS-005775,Unknown,Unknown,50.0,Medium,1.0
CUS-005776,Unknown,Unknown,0.0,Low,1.0
CUS-005777,Unknown,Unknown,51.0,Medium,0.98
CUS-005778,Unknown,Unknown,99.5,High,0.99
CUS-005779,Unknown,Unknown,100.0,High,1.0
CUS-005780,Unknown,Unknown,50.0,Medium,1.0
CUS-005781,Unknown,Unknown,100.0,High,1.0
CUS-005782,Unknown,Unknown,100.0,High,1.0
CUS-005783,Unknown,Unknown,51.5,Medium,0.97
CUS-005784,Unknown,Unknown,100.0,High,1.0
CUS-005785,Unknown,Unknown,49.5,Medium,0.99
CUS-005786,Unknown,Unknown,49.5,Medium,0.99
CUS-005787,Unknown,Unknown,100.0,High,1.0
CUS-005788,Unknown,Unknown,99.0,High,0.98
CUS-005789,Unknown,Unknown,100.0,High,1.0
CUS-005790,Unknown,Unknown,100.0,High,1.0
CUS-005791,Unknown,Unknown,100.0,High,1.0
CUS-005792,Unknown,Unknown,50.5,Medium,0.99
CUS-005793,Unknown,Unknown,48.5,Medium,0.97
CUS-005794,Unknown,Unknown,50.5,Medium,0.99
CUS-005795,Unknown,Unknown,100.0,High,1.0
CUS-005796,Unknown,Unknown,100.0,High,1.0
CUS-005797,Unknown,Unknown,100.0,High,1.0
CUS-005798,Unknown,Unknown,50.5,Medium,0.99
CUS-005799,Unknown,Unknown,50.0,Medium,1.0
CUS-005800,Unknown,Unknown,100.0,High,1.0
CUS-005801,Unknown,Unknown,100.0,High,1.0
CUS-005802,Unknown,Unknown,100.0,High,1.0
CUS-005803,Unknown,Unknown,99.0,High,0.98
CUS-005804,Unknown,Unknown,50.5,Medium,0.99
CUS-005805,Unknown,Unknown,100.0,High,1.0
CUS-005806,Unknown,Unknown,99.0,High,0.98
CUS-005807,Unknown,Unknown,97.5,High,0.95
CUS-005808,Unknown,Unknown,52.0,Medium,0.96
CUS-005809,Unknown,Unknown,51.0,Medium,0.98
CUS-005810,Unknown,Unknown,50.0,Medium,1.0
CUS-005811,Unknown,Unknown,100.0,High,1.0
CUS-005812,Unknown,Unknown,0.0,Low,1.0
CUS-005813,Unknown,Unknown,99.5,High,0.99
CUS-005814,Unknown,Unknown,99.0,High,0.98
CUS-005815,Unknown,Unknown,100.0,High,1.0
CUS-005816,Unknown,Unknown,100.0,High,1.0
CUS-005817,Unknown,Unknown,100.0,High,1.0
CUS-005818,Unknown,Unknown,0.0,Low,1.0
CUS-005819,Unknown,Unknown,100.0,High,1.0
CUS-005820,Unknown,Unknown,50.0,Medium,1.0
CUS-005821,Unknown,Unknown,50.0,Medium,1.0
CUS-005822,Unknown,Unknown,98.0,High,0.96
CUS-005823,Unknown,Unknown,100.0,High,1.0
CUS-005824,Unknown,Unknown,49.0,Medium,0.98
CUS-005825,Unknown,Unknown,100.0,High,1.0
CUS-005826,Unknown,Unknown,48.5,Medium,0.97
CUS-005827,Unknown,Unknown,99.5,High,0.99
CUS-005828,Unknown,Unknown,49.0,Medium,0.98
CUS-005829,Unknown,Unknown,99.5,High,0.99
CUS-005830,Unknown,Unknown,100.0,High,1.0
CUS-005831,Unknown,Unknown,99.0,High,0.98
CUS-005832,Unknown,Unknown,99.0,High,0.98
CUS-005833,Unknown,Unknown,99.0,High,0.98
CUS-005834,Unknown,Unknown,100.0,High,1.0
CUS-005835,Unknown,Unknown,100.0,High,1.0
CUS-005836,Unknown,Unknown,51.0,Medium,0.98
CUS-005837,Unknown,Unknown,50.5,Medium,0.99
CUS-005838,Unknown,Unknown,100.0,High,1.0
CUS-005839,Unknown,Unknown,99.5,High,0.99
CUS-005840,Unknown,Unknown,49.0,Medium,0.98
CUS-005841,Unknown,Unknown,100.0,High,1.0
CUS-005842,Unknown,Unknown,50.0,Medium,1.0
CUS-005843,Unknown,Unknown,50.5,Medium,0.99
CUS-005844,Unknown,Unknown,100.0,High,1.0
CUS-005845,Unknown,Unknown,100.0,High,1.0
CUS-005846,Unknown,Unknown,100.0,High,1.0
CUS-005847,Unknown,Unknown,50.5,Medium,0.99
CUS-005848,Unknown,Unknown,100.0,High,1.0
CUS-005849,Unknown,Unknown,97.5,High,0.95
CUS-005850,Unknown,Unknown,53.5,Medium,0.93
CUS-005851,Unknown,Unknown,99.5,High,0.99
CUS-005852,Unknown,Unknown,99.5,High,0.99
CUS-005853,Unknown,Unknown,49.5,Medium,0.99
CUS-005854,Unknown,Unknown,50.0,Medium,1.0
CUS-005855,Unknown,Unknown,50.0,Medium,1.0
CUS-005856,Unknown,Unknown,99.0,High,0.98
CUS-005857,Unknown,Unknown,97.5,High,0.95
CUS-005858,Unknown,Unknown,50.0,Medium,1.0
CUS-005859,Unknown,Unknown,100.0,High,1.0
CUS-005860,Unknown,Unknown,48.0,Medium,0.96
CUS-005861,Unknown,Unknown,50.0,Medium,1.0
CUS-005862,Unknown,Unknown,50.0,Medium,1.0
CUS-005863,Unknown,Unknown,100.0,High,1.0
CUS-005864,Unknown,Unknown,100.0,High,1.0
CUS-005865,Unknown,Unknown,50.0,Medium,1.0
CUS-005866,Unknown,Unknown,99.5,High,0.99
CUS-005867,Unknown,Unknown,100.0,High,1.0
CUS-005868,Unknown,Unknown,100.0,High,1.0
CUS-005869,Unknown,Unknown,50.0,Medium,1.0
CUS-005870,Unknown,Unknown,50.0,Medium,1.0
CUS-005871,Unknown,Unknown,100.0,High,1.0
CUS-005872,Unknown,Unknown,50.0,Medium,1.0
CUS-005873,Unknown,Unknown,50.0,Medium,1.0
CUS-005874,Unknown,Unknown,50.0,Medium,1.0
CUS-005875,Unknown,Unknown,51.5,Medium,0.97
CUS-005876,Unknown,Unknown,100.0,High,1.0
CUS-005877,Unknown,Unknown,100.0,High,1.0
CUS-005878,Unknown,Unknown,50.0,Medium,1.0
CUS-005879,Unknown,Unknown,100.0,High,1.0
CUS-005880,Unknown,Unknown,100.0,High,1.0
CUS-005881,Unknown,Unknown,100.0,High,1.0
CUS-005882,Unknown,Unknown,49.0,Medium,0.98
CUS-005883,Unknown,Unknown,50.5,Medium,0.99
CUS-005884,Unknown,Unknown,100.0,High,1.0
CUS-005885,Unknown,Unknown,50.0,Medium,1.0
CUS-005886,Unknown,Unknown,48.5,Medium,0.97
CUS-005887,Unknown,Unknown,0.0,Low,1.0
CUS-005888,Unknown,Unknown,50.0,Medium,1.0
CUS-005889,Unknown,Unknown,100.0,High,1.0
CUS-005890,Unknown,Unknown,50.0,Medium,1.0
CUS-005891,Unknown,Unknown,50.5,Medium,0.99
CUS-005892,Unknown,Unknown,100.0,High,1.0
CUS-005893,Unknown,Unknown,98.5,High,0.97
CUS-005894,Unknown,Unknown,100.0,High,1.0
CUS-005895,Unknown,Unknown,0.0,Low,1.0
CUS-005896,Unknown,Unknown,52.0,Medium,0.96
CUS-005897,Unknown,Unknown,49.5,Medium,0.99
CUS-005898,Unknown,Unknown,50.5,Medium,0.99
CUS-005899,Unknown,Unknown,50.5,Medium,0.99
CUS-005900,Unknown,Unknown,52.5,Medium,0.95
CUS-005901,Unknown,Unknown,50.0,Medium,1.0
CUS-005902,Unknown,Unknown,49.0,Medium,0.98
CUS-005903,Unknown,Unknown,0.0,Low,1.0
CUS-005904,Unknown,Unknown,100.0,High,1.0
CUS-005905,Unknown,Unknown,50.0,Medium,1.0
CUS-005906,Unknown,Unknown,100.0,High,1.0
CUS-005907,Unknown,Unknown,100.0,High,1.0
CUS-005908,Unknown,Unknown,100.0,High,1.0
CUS-005909,Unknown,Unknown,53.0,Medium,0.94
CUS-005910,Unknown,Unknown,50.5,Medium,0.99
CUS-005911,Unknown,Unknown,97.5,High,0.95
CUS-005912,Unknown,Unknown,49.5,Medium,0.99
CUS-005913,Unknown,Unknown,51.5,Medium,0.97
CUS-005914,Unknown,Unknown,99.0,High,0.98
CUS-005915,Unknown,Unknown,50.0,Medium,1.0
CUS-005916,Unknown,Unknown,98.5,High,0.97
CUS-005917,Unknown,Unknown,100.0,High,1.0
CUS-005918,Unknown,Unknown,50.5,Medium,0.99
CUS-005919,Unknown,Unknown,51.5,Medium,0.97
CUS-005920,Unknown,Unknown,48.5,Medium,0.97
CUS-005921,Unknown,Unknown,50.0,Medium,1.0
CUS-005922,Unknown,Unknown,50.0,Medium,1.0
CUS-005923,Unknown,Unknown,100.0,High,1.0
CUS-005924,Unknown,Unknown,100.0,High,1.0
CUS-005925,Unknown,Unknown,50.5,Medium,0.99
CUS-005926,Unknown,Unknown,95.0,High,0.9
CUS-005927,Unknown,Unknown,52.0,Medium,0.96
CUS-005928,Unknown,Unknown,99.5,High,0.99
CUS-005929,Unknown,Unknown,100.0,High,1.0
CUS-005930,Unknown,Unknown,50.0,Medium,1.0
CUS-005931,Unknown,Unknown,100.0,High,1.0
CUS-005932,Unknown,Unknown,52.5,Medium,0.95
CUS-005933,Unknown,Unknown,100.0,High,1.0
CUS-005934,Unknown,Unknown,0.0,Low,1.0
CUS-005935,Unknown,Unknown,50.0,Medium,1.0
CUS-005936,Unknown,Unknown,50.0,Medium,1.0
CUS-005937,Unknown,Unknown,49.0,Medium,0.98
CUS-005938,Unknown,Unknown,50.5,Medium,0.99
CUS-005939,Unknown,Unknown,100.0,High,1.0
CUS-005940,Unknown,Unknown,100.0,High,1.0
CUS-005941,Unknown,Unknown,99.5,High,0.99
CUS-005942,Unknown,Unknown,50.5,Medium,0.99
CUS-005943,Unknown,Unknown,50.5,Medium,0.97
CUS-005944,Unknown,Unknown,100.0,High,1.0
CUS-005945,Unknown,Unknown,50.0,Medium,1.0
CUS-005946,Unknown,Unknown,48.5,Medium,0.97
CUS-005947,Unknown,Unknown,50.0,Medium,1.0
CUS-005948,Unknown,Unknown,50.0,Medium,1.0
CUS-005949,Unknown,Unknown,100.0,High,1.0
CUS-005950,Unknown,Unknown,100.0,High,1.0
CUS-005951,Unknown,Unknown,99.5,High,0.99
CUS-005952,Unknown,Unknown,50.0,Medium,1.0
CUS-005953,Unknown,Unknown,100.0,High,1.0
CUS-005954,Unknown,Unknown,49.5,Medium,0.99
CUS-005955,Unknown,Unknown,99.5,High,0.99
CUS-005956,Unknown,Unknown,100.0,High,1.0
CUS-005957,Unknown,Unknown,99.0,High,0.98
CUS-005958,Unknown,Unknown,100.0,High,1.0
CUS-005959,Unknown,Unknown,100.0,High,1.0
CUS-005960,Unknown,Unknown,100.0,High,1.0
CUS-005961,Unknown,Unknown,50.0,Medium,1.0
CUS-005962,Unknown,Unknown,50.0,Medium,1.0
CUS-005963,Unknown,Unknown,50.0,Medium,1.0
CUS-005964,Unknown,Unknown,100.0,High,1.0
CUS-005965,Unknown,Unknown,100.0,High,1.0
CUS-005966,Unknown,Unknown,0.0,Low,1.0
CUS-005967,Unknown,Unknown,100.0,High,1.0
CUS-005968,Unknown,Unknown,100.0,High,1.0
CUS-005969,Unknown,Unknown,100.0,High,1.0
CUS-005970,Unknown,Unknown,100.0,High,1.0
CUS-005971,Unknown,Unknown,100.0,High,1.0
CUS-005972,Unknown,Unknown,47.5,Medium,0.95
CUS-005973,Unknown,Unknown,100.0,High,1.0
CUS-005974,Unknown,Unknown,100.0,High,1.0
CUS-005975,Unknown,Unknown,99.5,High,0.99
CUS-005976,Unknown,Unknown,48.0,Medium,0.96
CUS-005977,Unknown,Unknown,100.0,High,1.0
CUS-005978,Unknown,Unknown,100.0,High,1.0
CUS-005979,Unknown,Unknown,50.0,Medium,1.0
CUS-005980,Unknown,Unknown,100.0,High,1.0
CUS-005981,Unknown,Unknown,99.0,High,0.98
CUS-005982,Unknown,Unknown,50.0,Medium,1.0
CUS-005983,Unknown,Unknown,100.0,High,1.0
CUS-005984,Unknown,Unknown,99.0,High,0.98
CUS-005985,Unknown,Unknown,98.5,High,0.97
CUS-005986,Unknown,Unknown,50.0,Medium,1.0
CUS-005987,Unknown,Unknown,0.0,Low,1.0
CUS-005988,Unknown,Unknown,51.5,Medium,0.97
CUS-005989,Unknown,Unknown,100.0,High,1.0
CUS-005990,Unknown,Unknown,99.5,High,0.99
CUS-005991,Unknown,Unknown,50.0,Medium,1.0
CUS-005992,Unknown,Unknown,99.5,High,0.99
CUS-005993,Unknown,Unknown,100.0,High,1.0
CUS-005994,Unknown,Unknown,99.5,High,0.99
CUS-005995,Unknown,Unknown,50.0,Medium,1.0
CUS-005996,Unknown,Unknown,50.5,Medium,0.99
CUS-005997,Unknown,Unknown,100.0,High,1.0
CUS-005998,Unknown,Unknown,100.0,High,1.0
CUS-005999,Unknown,Unknown,100.0,High,1.0
CUS-006000,Unknown,Unknown,100.0,High,1.0
CUS-006001,Unknown,Unknown,99.5,High,0.99
CUS-006002,Unknown,Unknown,50.0,Medium,1.0
CUS-006003,Unknown,Unknown,100.0,High,1.0
CUS-006004,Unknown,Unknown,49.0,Medium,0.98
CUS-006005,Unknown,Unknown,49.0,Medium,0.98
CUS-006006,Unknown,Unknown,100.0,High,1.0
CUS-006007,Unknown,Unknown,50.0,Medium,1.0
CUS-006008,Unknown,Unknown,99.0,High,0.98
CUS-006009,Unknown,Unknown,51.0,Medium,0.98
CUS-006010,Unknown,Unknown,99.5,High,0.99
CUS-006011,Unknown,Unknown,100.0,High,1.0
CUS-006012,Unknown,Unknown,100.0,High,1.0
CUS-006013,Unknown,Unknown,52.0,Medium,0.96
CUS-006014,Unknown,Unknown,50.0,Medium,1.0
CUS-006015,Unknown,Unknown,50.0,Medium,0.98
CUS-006016,Unknown,Unknown,99.0,High,0.98
CUS-006017,Unknown,Unknown,96.0,High,0.92
CUS-006018,Unknown,Unknown,99.5,High,0.99
CUS-006019,Unknown,Unknown,50.0,Medium,1.0
CUS-006020,Unknown,Unknown,51.5,Medium,0.97
CUS-006021,Unknown,Unknown,100.0,High,1.0
CUS-006022,Unknown,Unknown,100.0,High,1.0
CUS-006023,Unknown,Unknown,49.5,Medium,0.99
CUS-006024,Unknown,Unknown,100.0,High,1.0
CUS-006025,Unknown,Unknown,100.0,High,1.0
CUS-006026,Unknown,Unknown,100.0,High,1.0
CUS-006027,Unknown,Unknown,50.5,Medium,0.99
CUS-006028,Unknown,Unknown,50.0,Medium,1.0
CUS-006029,Unknown,Unknown,52.5,Medium,0.95
CUS-006030,Unknown,Unknown,0.0,Low,1.0
CUS-006031,Unknown,Unknown,51.0,Medium,0.98
CUS-006032,Unknown,Unknown,50.0,Medium,1.0
CUS-006033,Unknown,Unknown,0.0,Low,1.0
CUS-006034,Unknown,Unknown,49.0,Medium,0.98
CUS-006035,Unknown,Unknown,99.5,High,0.99
CUS-006036,Unknown,Unknown,99.5,High,0.99
CUS-006037,Unknown,Unknown,100.0,High,1.0
CUS-006038,Unknown,Unknown,50.0,Medium,1.0
CUS-006039,Unknown,Unknown,0.0,Low,1.0
CUS-006040,Unknown,Unknown,50.5,Medium,0.99
CUS-006041,Unknown,Unknown,50.0,Medium,1.0
CUS-006042,Unknown,Unknown,50.0,Medium,1.0
CUS-006043,Unknown,Unknown,100.0,High,1.0
CUS-006044,Unknown,Unknown,100.0,High,1.0
CUS-006045,Unknown,Unknown,99.5,High,0.99
CUS-006046,Unknown,Unknown,99.5,High,0.99
CUS-006047,Unknown,Unknown,100.0,High,1.0
CUS-006048,Unknown,Unknown,50.0,Medium,1.0
CUS-006049,Unknown,Unknown,47.5,Medium,0.95
CUS-006050,Unknown,Unknown,50.0,Medium,1.0
CUS-006051,Unknown,Unknown,51.0,Medium,0.98
CUS-006052,Unknown,Unknown,98.5,High,0.97
CUS-006053,Unknown,Unknown,50.5,Medium,0.99
CUS-006054,Unknown,Unknown,0.0,Low,1.0
CUS-006055,Unknown,Unknown,50.0,Medium,1.0
CUS-006056,Unknown,Unknown,50.0,Medium,1.0
CUS-006057,Unknown,Unknown,99.5,High,0.99
CUS-006058,Unknown,Unknown,100.0,High,1.0
CUS-006059,Unknown,Unknown,100.0,High,1.0
CUS-006060,Unknown,Unknown,100.0,High,1.0
CUS-006061,Unknown,Unknown,50.0,Medium,1.0
CUS-006062,Unknown,Unknown,100.0,High,1.0
CUS-006063,Unknown,Unknown,49.0,Medium,0.98
CUS-006064,Unknown,Unknown,99.0,High,0.98
CUS-006065,Unknown,Unknown,100.0,High,1.0
CUS-006066,Unknown,Unknown,98.5,High,0.97
CUS-006067,Unknown,Unknown,50.5,Medium,0.99
CUS-006068,Unknown,Unknown,50.0,Medium,1.0
CUS-006069,Unknown,Unknown,52.0,Medium,0.96
CUS-006070,Unknown,Unknown,0.0,Low,1.0
CUS-006071,Unknown,Unknown,100.0,High,1.0
CUS-006072,Unknown,Unknown,51.5,Medium,0.97
CUS-006073,Unknown,Unknown,51.5,Medium,0.97
CUS-006074,Unknown,Unknown,0.5,Low,0.99
CUS-006075,Unknown,Unknown,99.5,High,0.99
CUS-006076,Unknown,Unknown,100.0,High,1.0
CUS-006077,Unknown,Unknown,99.0,High,0.98
CUS-006078,Unknown,Unknown,98.5,High,0.97
CUS-006079,Unknown,Unknown,51.0,Medium,0.98
CUS-006080,Unknown,Unknown,50.0,Medium,1.0
CUS-006081,Unknown,Unknown,50.0,Medium,1.0
CUS-006082,Unknown,Unknown,50.5,Medium,0.99
CUS-006083,Unknown,Unknown,50.0,Medium,1.0
CUS-006084,Unknown,Unknown,53.0,Medium,0.94
CUS-006085,Unknown,Unknown,96.5,High,0.93
CUS-006086,Unknown,Unknown,100.0,High,1.0
CUS-006087,Unknown,Unknown,50.5,Medium,0.99
CUS-006088,Unknown,Unknown,50.5,Medium,0.99
CUS-006089,Unknown,Unknown,99.0,High,0.98
CUS-006090,Unknown,Unknown,100.0,High,1.0
CUS-006091,Unknown,Unknown,100.0,High,1.0
CUS-006092,Unknown,Unknown,50.0,Medium,0.98
CUS-006093,Unknown,Unknown,99.0,High,0.98
CUS-006094,Unknown,Unknown,50.5,Medium,0.99
CUS-006095,Unknown,Unknown,50.5,Medium,0.99
CUS-006096,Unknown,Unknown,98.5,High,0.97
CUS-006097,Unknown,Unknown,50.0,Medium,1.0
CUS-006098,Unknown,Unknown,50.5,Medium,0.99
CUS-006099,Unknown,Unknown,100.0,High,1.0
CUS-006100,Unknown,Unknown,0.0,Low,1.0
CUS-006101,Unknown,Unknown,100.0,High,1.0
CUS-006102,Unknown,Unknown,50.0,Medium,1.0
CUS-006103,Unknown,Unknown,100.0,High,1.0
CUS-006104,Unknown,Unknown,100.0,High,1.0
CUS-006105,Unknown,Unknown,50.5,Medium,0.99
CUS-006106,Unknown,Unknown,50.0,Medium,1.0
CUS-006107,Unknown,Unknown,100.0,High,1.0
CUS-006108,Unknown,Unknown,48.5,Medium,0.97
CUS-006109,Unknown,Unknown,99.5,High,0.99
CUS-006110,Unknown,Unknown,50.0,Medium,1.0
CUS-006111,Unknown,Unknown,50.0,Medium,1.0
CUS-006112,Unknown,Unknown,50.0,Medium,1.0
CUS-006113,Unknown,Unknown,50.0,Medium,1.0
CUS-006114,Unknown,Unknown,100.0,High,1.0
CUS-006115,Unknown,Unknown,100.0,High,1.0
CUS-006116,Unknown,Unknown,50.0,Medium,1.0
CUS-006117,Unknown,Unknown,51.0,Medium,0.98
CUS-006118,Unknown,Unknown,50.0,Medium,1.0
CUS-006119,Unknown,Unknown,100.0,High,1.0
CUS-006120,Unknown,Unknown,49.5,Medium,0.99
CUS-006121,Unknown,Unknown,50.5,Medium,0.99
CUS-006122,Unknown,Unknown,100.0,High,1.0
CUS-006123,Unknown,Unknown,100.0,High,1.0
CUS-006124,Unknown,Unknown,99.5,High,0.99
CUS-006125,Unknown,Unknown,0.0,Low,1.0
CUS-006126,Unknown,Unknown,99.5,High,0.99
CUS-006127,Unknown,Unknown,49.0,Medium,0.98
CUS-006128,Unknown,Unknown,50.0,Medium,1.0
CUS-006129,Unknown,Unknown,100.0,High,1.0
CUS-006130,Unknown,Unknown,0.0,Low,1.0
CUS-006131,Unknown,Unknown,52.0,Medium,0.96
CUS-006132,Unknown,Unknown,99.5,High,0.99
CUS-006133,Unknown,Unknown,51.5,Medium,0.97
CUS-006134,Unknown,Unknown,50.0,Medium,1.0
CUS-006135,Unknown,Unknown,51.0,Medium,0.98
CUS-006136,Unknown,Unknown,0.0,Low,1.0
CUS-006137,Unknown,Unknown,100.0,High,1.0
CUS-006138,Unknown,Unknown,48.0,Medium,0.96
CUS-006139,Unknown,Unknown,51.0,Medium,0.98
CUS-006140,Unknown,Unknown,51.5,Medium,0.97
CUS-006141,Unknown,Unknown,50.5,Medium,0.99
CUS-006142,Unknown,Unknown,50.0,Medium,1.0
CUS-006143,Unknown,Unknown,51.0,Medium,0.98
CUS-006144,Unknown,Unknown,50.0,Medium,1.0
CUS-006145,Unknown,Unknown,100.0,High,1.0
CUS-006146,Unknown,Unknown,99.0,High,0.98
CUS-006147,Unknown,Unknown,100.0,High,1.0
CUS-006148,Unknown,Unknown,100.0,High,1.0
CUS-006149,Unknown,Unknown,100.0,High,1.0
CUS-006150,Unknown,Unknown,99.5,High,0.99
CUS-006151,Unknown,Unknown,100.0,High,1.0
CUS-006152,Unknown,Unknown,100.0,High,1.0
CUS-006153,Unknown,Unknown,100.0,High,1.0
CUS-006154,Unknown,Unknown,99.5,High,0.99
CUS-006155,Unknown,Unknown,99.5,High,0.99
CUS-006156,Unknown,Unknown,50.0,Medium,1.0
CUS-006157,Unknown,Unknown,50.0,Medium,1.0
CUS-006158,Unknown,Unknown,0.0,Low,1.0
CUS-006159,Unknown,Unknown,50.5,Medium,0.99
CUS-006160,Unknown,Unknown,100.0,High,1.0
CUS-006161,Unknown,Unknown,98.5,High,0.97
CUS-006162,Unknown,Unknown,100.0,High,1.0
CUS-006163,Unknown,Unknown,99.0,High,0.98
CUS-006164,Unknown,Unknown,100.0,High,1.0
CUS-006165,Unknown,Unknown,100.0,High,1.0
CUS-006166,Unknown,Unknown,50.5,Medium,0.99
CUS-006167,Unknown,Unknown,99.5,High,0.99
CUS-006168,Unknown,Unknown,99.5,High,0.99
CUS-006169,Unknown,Unknown,50.5,Medium,0.99
CUS-006170,Unknown,Unknown,51.0,Medium,0.98
CUS-006171,Unknown,Unknown,100.0,High,1.0
CUS-006172,Unknown,Unknown,100.0,High,1.0
CUS-006173,Unknown,Unknown,100.0,High,1.0
CUS-006174,Unknown,Unknown,100.0,High,1.0
CUS-006175,Unknown,Unknown,50.0,Medium,1.0
CUS-006176,Unknown,Unknown,100.0,High,1.0
CUS-006177,Unknown,Unknown,100.0,High,1.0
CUS-006178,Unknown,Unknown,51.0,Medium,0.98
CUS-006179,Unknown,Unknown,98.0,High,0.96
CUS-006180,Unknown,Unknown,50.0,Medium,1.0
CUS-006181,Unknown,Unknown,0.0,Low,1.0
CUS-006182,Unknown,Unknown,99.5,High,0.99
CUS-006183,Unknown,Unknown,100.0,High,1.0
CUS-006184,Unknown,Unknown,100.0,High,1.0
CUS-006185,Unknown,Unknown,51.5,Medium,0.95
CUS-006186,Unknown,Unknown,99.5,High,0.99
CUS-006187,Unknown,Unknown,100.0,High,1.0
CUS-006188,Unknown,Unknown,50.0,Medium,1.0
CUS-006189,Unknown,Unknown,50.0,Medium,1.0
CUS-006190,Unknown,Unknown,100.0,High,1.0
CUS-006191,Unknown,Unknown,100.0,High,1.0
CUS-006192,Unknown,Unknown,97.0,High,0.94
CUS-006193,Unknown,Unknown,49.5,Medium,0.99
CUS-006194,Unknown,Unknown,100.0,High,1.0
CUS-006195,Unknown,Unknown,48.0,Medium,0.96
CUS-006196,Unknown,Unknown,100.0,High,1.0
CUS-006197,Unknown,Unknown,50.0,Medium,1.0
CUS-006198,Unknown,Unknown,50.5,Medium,0.99
CUS-006199,Unknown,Unknown,100.0,High,1.0
CUS-006200,Unknown,Unknown,52.0,Medium,0.96
CUS-006201,Unknown,Unknown,0.0,Low,1.0
CUS-006202,Unknown,Unknown,99.5,High,0.99
CUS-006203,Unknown,Unknown,99.5,High,0.99
CUS-006204,Unknown,Unknown,50.0,Medium,1.0
CUS-006205,Unknown,Unknown,0.0,Low,1.0
CUS-006206,Unknown,Unknown,50.0,Medium,1.0
CUS-006207,Unknown,Unknown,98.0,High,0.96
CUS-006208,Unknown,Unknown,99.0,High,0.98
CUS-006209,Unknown,Unknown,93.0,High,0.86
CUS-006210,Unknown,Unknown,100.0,High,1.0
CUS-006211,Unknown,Unknown,98.0,High,0.96
CUS-006212,Unknown,Unknown,99.0,High,0.98
CUS-006213,Unknown,Unknown,50.5,Medium,0.99
CUS-006214,Unknown,Unknown,98.5,High,0.97
CUS-006215,Unknown,Unknown,49.0,Medium,0.98
CUS-006216,Unknown,Unknown,0.0,Low,1.0
CUS-006217,Unknown,Unknown,99.0,High,0.98
CUS-006218,Unknown,Unknown,98.0,High,0.96
CUS-006219,Unknown,Unknown,43.0,Medium,0.86
CUS-006220,Unknown,Unknown,99.5,High,0.99
CUS-006221,Unknown,Unknown,50.5,Medium,0.99
CUS-006222,Unknown,Unknown,0.0,Low,1.0
CUS-006223,Unknown,Unknown,99.5,High,0.99
CUS-006224,Unknown,Unknown,49.0,Medium,0.98
CUS-006225,Unknown,Unknown,100.0,High,1.0
CUS-006226,Unknown,Unknown,47.5,Medium,0.95
CUS-006227,Unknown,Unknown,100.0,High,1.0
CUS-006228,Unknown,Unknown,100.0,High,1.0
CUS-006229,Unknown,Unknown,100.0,High,1.0
CUS-006230,Unknown,Unknown,100.0,High,1.0
CUS-006231,Unknown,Unknown,50.0,Medium,1.0
CUS-006232,Unknown,Unknown,50.0,Medium,1.0
CUS-006233,Unknown,Unknown,51.0,Medium,0.98
CUS-006234,Unknown,Unknown,0.0,Low,1.0
CUS-006235,Unknown,Unknown,51.0,Medium,0.98
CUS-006236,Unknown,Unknown,0.0,Low,1.0
CUS-006237,Unknown,Unknown,50.0,Medium,1.0
CUS-006238,Unknown,Unknown,50.0,Medium,1.0
CUS-006239,Unknown,Unknown,100.0,High,1.0
CUS-006240,Unknown,Unknown,51.0,Medium,0.98
CUS-006241,Unknown,Unknown,100.0,High,1.0
CUS-006242,Unknown,Unknown,51.0,Medium,0.98
CUS-006243,Unknown,Unknown,50.0,Medium,1.0
CUS-006244,Unknown,Unknown,50.0,Medium,1.0
CUS-006245,Unknown,Unknown,49.5,Medium,0.99
CUS-006246,Unknown,Unknown,50.0,Medium,1.0
CUS-006247,Unknown,Unknown,99.0,High,0.98
CUS-006248,Unknown,Unknown,100.0,High,1.0
CUS-006249,Unknown,Unknown,98.5,High,0.97
CUS-006250,Unknown,Unknown,50.5,Medium,0.99
CUS-006251,Unknown,Unknown,99.0,High,0.98
CUS-006252,Unknown,Unknown,50.0,Medium,1.0
CUS-006253,Unknown,Unknown,50.0,Medium,1.0
CUS-006254,Unknown,Unknown,100.0,High,1.0
CUS-006255,Unknown,Unknown,99.5,High,0.99
CUS-006256,Unknown,Unknown,100.0,High,1.0
CUS-006257,Unknown,Unknown,50.0,Medium,1.0
CUS-006258,Unknown,Unknown,50.0,Medium,1.0
CUS-006259,Unknown,Unknown,100.0,High,1.0
CUS-006260,Unknown,Unknown,48.0,Medium,0.96
CUS-006261,Unknown,Unknown,49.5,Medium,0.99
CUS-006262,Unknown,Unknown,51.0,Medium,0.98
CUS-006263,Unknown,Unknown,49.5,Medium,0.99
CUS-006264,Unknown,Unknown,99.5,High,0.99
CUS-006265,Unknown,Unknown,100.0,High,1.0
CUS-006266,Unknown,Unknown,100.0,High,1.0
CUS-006267,Unknown,Unknown,50.0,Medium,1.0
CUS-006268,Unknown,Unknown,52.0,Medium,0.96
CUS-006269,Unknown,Unknown,50.0,Medium,1.0
CUS-006270,Unknown,Unknown,49.5,Medium,0.99
CUS-006271,Unknown,Unknown,100.0,High,1.0
CUS-006272,Unknown,Unknown,49.5,Medium,0.99
CUS-006273,Unknown,Unknown,50.0,Medium,1.0
CUS-006274,Unknown,Unknown,54.0,Medium,0.92
CUS-006275,Unknown,Unknown,48.0,Medium,0.96
CUS-006276,Unknown,Unknown,100.0,High,1.0
CUS-006277,Unknown,Unknown,98.0,High,0.96
CUS-006278,Unknown,Unknown,100.0,High,1.0
CUS-006279,Unknown,Unknown,99.5,High,0.99
CUS-006280,Unknown,Unknown,50.5,Medium,0.99
CUS-006281,Unknown,Unknown,100.0,High,1.0
CUS-006282,Unknown,Unknown,49.5,Medium,0.99
CUS-006283,Unknown,Unknown,100.0,High,1.0
CUS-006284,Unknown,Unknown,100.0,High,1.0
CUS-006285,Unknown,Unknown,50.5,Medium,0.99
CUS-006286,Unknown,Unknown,100.0,High,1.0
CUS-006287,Unknown,Unknown,52.0,Medium,0.96
CUS-006288,Unknown,Unknown,100.0,High,1.0
CUS-006289,Unknown,Unknown,99.0,High,0.98
CUS-006290,Unknown,Unknown,99.5,High,0.99
CUS-006291,Unknown,Unknown,100.0,High,1.0
CUS-006292,Unknown,Unknown,100.0,High,1.0
CUS-006293,Unknown,Unknown,99.5,High,0.99
CUS-006294,Unknown,Unknown,100.0,High,1.0
CUS-006295,Unknown,Unknown,49.0,Medium,0.98
CUS-006296,Unknown,Unknown,99.0,High,0.98
CUS-006297,Unknown,Unknown,100.0,High,1.0
CUS-006298,Unknown,Unknown,100.0,High,1.0
CUS-006299,Unknown,Unknown,48.5,Medium,0.97
CUS-006300,Unknown,Unknown,99.5,High,0.99
CUS-006301,Unknown,Unknown,0.5,Low,0.99
CUS-006302,Unknown,Unknown,100.0,High,1.0
CUS-006303,Unknown,Unknown,50.0,Medium,1.0
CUS-006304,Unknown,Unknown,49.5,Medium,0.99
CUS-006305,Unknown,Unknown,51.0,Medium,0.98
CUS-006306,Unknown,Unknown,51.0,Medium,0.98
CUS-006307,Unknown,Unknown,50.5,Medium,0.99
CUS-006308,Unknown,Unknown,53.0,Medium,0.94
CUS-006309,Unknown,Unknown,50.0,Medium,1.0
CUS-006310,Unknown,Unknown,100.0,High,1.0
CUS-006311,Unknown,Unknown,0.5,Low,0.99
CUS-006312,Unknown,Unknown,100.0,High,1.0
CUS-006313,Unknown,Unknown,99.5,High,0.99
CUS-006314,Unknown,Unknown,49.5,Medium,0.99
CUS-006315,Unknown,Unknown,100.0,High,1.0
CUS-006316,Unknown,Unknown,100.0,High,1.0
CUS-006317,Unknown,Unknown,100.0,High,1.0
CUS-006318,Unknown,Unknown,100.0,High,1.0
CUS-006319,Unknown,Unknown,99.5,High,0.99
CUS-006320,Unknown,Unknown,100.0,High,1.0
CUS-006321,Unknown,Unknown,48.0,Medium,0.96
CUS-006322,Unknown,Unknown,99.5,High,0.99
CUS-006323,Unknown,Unknown,100.0,High,1.0
CUS-006324,Unknown,Unknown,50.0,Medium,1.0
CUS-006325,Unknown,Unknown,99.5,High,0.99
CUS-006326,Unknown,Unknown,0.0,Low,1.0
CUS-006327,Unknown,Unknown,99.5,High,0.99
CUS-006328,Unknown,Unknown,100.0,High,1.0
CUS-006329,Unknown,Unknown,50.0,Medium,1.0
CUS-006330,Unknown,Unknown,49.0,Medium,0.98
CUS-006331,Unknown,Unknown,100.0,High,1.0
CUS-006332,Unknown,Unknown,100.0,High,1.0
CUS-006333,Unknown,Unknown,50.0,Medium,1.0
CUS-006334,Unknown,Unknown,52.0,Medium,0.96
CUS-006335,Unknown,Unknown,100.0,High,1.0
CUS-006336,Unknown,Unknown,50.5,Medium,0.99
CUS-006337,Unknown,Unknown,99.5,High,0.99
CUS-006338,Unknown,Unknown,50.5,Medium,0.99
CUS-006339,Unknown,Unknown,49.5,Medium,0.99
CUS-006340,Unknown,Unknown,100.0,High,1.0
CUS-006341,Unknown,Unknown,50.0,Medium,1.0
CUS-006342,Unknown,Unknown,100.0,High,1.0
CUS-006343,Unknown,Unknown,100.0,High,1.0
CUS-006344,Unknown,Unknown,51.0,Medium,0.98
CUS-006345,Unknown,Unknown,100.0,High,1.0
CUS-006346,Unknown,Unknown,100.0,High,1.0
CUS-006347,Unknown,Unknown,100.0,High,1.0
CUS-006348,Unknown,Unknown,100.0,High,1.0
CUS-006349,Unknown,Unknown,100.0,High,1.0
CUS-006350,Unknown,Unknown,100.0,High,1.0
CUS-006351,Unknown,Unknown,100.0,High,1.0
CUS-006352,Unknown,Unknown,100.0,High,1.0
CUS-006353,Unknown,Unknown,100.0,High,1.0
CUS-006354,Unknown,Unknown,50.0,Medium,1.0
CUS-006355,Unknown,Unknown,50.0,Medium,1.0
CUS-006356,Unknown,Unknown,99.5,High,0.99
CUS-006357,Unknown,Unknown,50.0,Medium,1.0
CUS-006358,Unknown,Unknown,99.0,High,0.98
CUS-006359,Unknown,Unknown,49.5,Medium,0.99
CUS-006360,Unknown,Unknown,100.0,High,1.0
CUS-006361,Unknown,Unknown,51.0,Medium,0.98
CUS-006362,Unknown,Unknown,100.0,High,1.0
CUS-006363,Unknown,Unknown,51.0,Medium,0.98
CUS-006364,Unknown,Unknown,50.5,Medium,0.99
CUS-006365,Unknown,Unknown,54.5,Medium,0.91
CUS-006366,Unknown,Unknown,99.5,High,0.99
CUS-006367,Unknown,Unknown,100.0,High,1.0
CUS-006368,Unknown,Unknown,49.0,Medium,0.98
CUS-006369,Unknown,Unknown,97.5,High,0.95
CUS-006370,Unknown,Unknown,97.5,High,0.95
CUS-006371,Unknown,Unknown,100.0,High,1.0
CUS-006372,Unknown,Unknown,50.0,Medium,1.0
CUS-006373,Unknown,Unknown,100.0,High,1.0
CUS-006374,Unknown,Unknown,100.0,High,1.0
CUS-006375,Unknown,Unknown,99.5,High,0.99
CUS-006376,Unknown,Unknown,49.5,Medium,0.99
CUS-006377,Unknown,Unknown,100.0,High,1.0
CUS-006378,Unknown,Unknown,100.0,High,1.0
CUS-006379,Unknown,Unknown,51.0,Medium,0.98
CUS-006380,Unknown,Unknown,50.0,Medium,1.0
CUS-006381,Unknown,Unknown,98.5,High,0.97
CUS-006382,Unknown,Unknown,98.5,High,0.97
CUS-006383,Unknown,Unknown,100.0,High,1.0
CUS-006384,Unknown,Unknown,100.0,High,1.0
CUS-006385,Unknown,Unknown,50.5,Medium,0.99
CUS-006386,Unknown,Unknown,100.0,High,1.0
CUS-006387,Unknown,Unknown,49.5,Medium,0.99
CUS-006388,Unknown,Unknown,0.0,Low,1.0
CUS-006389,Unknown,Unknown,100.0,High,1.0
CUS-006390,Unknown,Unknown,49.0,Medium,0.98
CUS-006391,Unknown,Unknown,96.5,High,0.93
CUS-006392,Unknown,Unknown,98.0,High,0.96
CUS-006393,Unknown,Unknown,97.5,High,0.95
CUS-006394,Unknown,Unknown,0.0,Low,1.0
CUS-006395,Unknown,Unknown,52.5,Medium,0.95
CUS-006396,Unknown,Unknown,100.0,High,1.0
CUS-006397,Unknown,Unknown,50.0,Medium,1.0
CUS-006398,Unknown,Unknown,0.0,Low,1.0
CUS-006399,Unknown,Unknown,99.5,High,0.99
CUS-006400,Unknown,Unknown,100.0,High,1.0
CUS-006401,Unknown,Unknown,0.0,Low,1.0
CUS-006402,Unknown,Unknown,50.0,Medium,1.0
CUS-006403,Unknown,Unknown,0.0,Low,1.0
CUS-006404,Unknown,Unknown,98.5,High,0.97
CUS-006405,Unknown,Unknown,49.5,Medium,0.97
CUS-006406,Unknown,Unknown,100.0,High,1.0
CUS-006407,Unknown,Unknown,100.0,High,1.0
CUS-006408,Unknown,Unknown,0.0,Low,1.0
CUS-006409,Unknown,Unknown,50.5,Medium,0.99
CUS-006410,Unknown,Unknown,50.0,Medium,1.0
CUS-006411,Unknown,Unknown,99.5,High,0.99
CUS-006412,Unknown,Unknown,100.0,High,1.0
CUS-006413,Unknown,Unknown,99.5,High,0.99
CUS-006414,Unknown,Unknown,50.5,Medium,0.99
CUS-006415,Unknown,Unknown,99.0,High,0.98
CUS-006416,Unknown,Unknown,49.5,Medium,0.99
CUS-006417,Unknown,Unknown,97.5,High,0.95
CUS-006418,Unknown,Unknown,100.0,High,1.0
CUS-006419,Unknown,Unknown,100.0,High,1.0
CUS-006420,Unknown,Unknown,50.5,Medium,0.99
CUS-006421,Unknown,Unknown,51.5,Medium,0.97
CUS-006422,Unknown,Unknown,51.5,Medium,0.97
CUS-006423,Unknown,Unknown,100.0,High,1.0
CUS-006424,Unknown,Unknown,99.5,High,0.99
CUS-006425,Unknown,Unknown,0.0,Low,1.0
CUS-006426,Unknown,Unknown,50.0,Medium,1.0
CUS-006427,Unknown,Unknown,49.5,Medium,0.99
CUS-006428,Unknown,Unknown,50.0,Medium,1.0
CUS-006429,Unknown,Unknown,100.0,High,1.0
CUS-006430,Unknown,Unknown,49.0,Medium,0.98
CUS-006431,Unknown,Unknown,98.0,High,0.96
CUS-006432,Unknown,Unknown,50.0,Medium,1.0
CUS-006433,Unknown,Unknown,50.5,Medium,0.99
CUS-006434,Unknown,Unknown,100.0,High,1.0
CUS-006435,Unknown,Unknown,50.0,Medium,1.0
CUS-006436,Unknown,Unknown,100.0,High,1.0
CUS-006437,Unknown,Unknown,100.0,High,1.0
CUS-006438,Unknown,Unknown,50.0,Medium,1.0
CUS-006439,Unknown,Unknown,100.0,High,1.0
CUS-006440,Unknown,Unknown,51.0,Medium,0.98
CUS-006441,Unknown,Unknown,99.0,High,0.98
CUS-006442,Unknown,Unknown,99.0,High,0.98
CUS-006443,Unknown,Unknown,100.0,High,1.0
CUS-006444,Unknown,Unknown,99.5,High,0.99
CUS-006445,Unknown,Unknown,49.5,Medium,0.99
CUS-006446,Unknown,Unknown,49.0,Medium,0.98
CUS-006447,Unknown,Unknown,51.5,Medium,0.97
CUS-006448,Unknown,Unknown,100.0,High,1.0
CUS-006449,Unknown,Unknown,100.0,High,1.0
CUS-006450,Unknown,Unknown,99.5,High,0.99
CUS-006451,Unknown,Unknown,50.5,Medium,0.99
CUS-006452,Unknown,Unknown,50.5,Medium,0.99
CUS-006453,Unknown,Unknown,100.0,High,1.0
CUS-006454,Unknown,Unknown,52.0,Medium,0.96
CUS-006455,Unknown,Unknown,100.0,High,1.0
CUS-006456,Unknown,Unknown,100.0,High,1.0
CUS-006457,Unknown,Unknown,51.0,Medium,0.98
CUS-006458,Unknown,Unknown,100.0,High,1.0
CUS-006459,Unknown,Unknown,50.0,Medium,1.0
CUS-006460,Unknown,Unknown,50.5,Medium,0.99
CUS-006461,Unknown,Unknown,49.0,Medium,0.98
CUS-006462,Unknown,Unknown,100.0,High,1.0
CUS-006463,Unknown,Unknown,100.0,High,1.0
CUS-006464,Unknown,Unknown,48.0,Medium,0.96
CUS-006465,Unknown,Unknown,99.0,High,0.98
CUS-006466,Unknown,Unknown,98.5,High,0.97
CUS-006467,Unknown,Unknown,49.0,Medium,0.98
CUS-006468,Unknown,Unknown,99.5,High,0.99
CUS-006469,Unknown,Unknown,100.0,High,1.0
CUS-006470,Unknown,Unknown,100.0,High,1.0
CUS-006471,Unknown,Unknown,99.0,High,0.98
CUS-006472,Unknown,Unknown,100.0,High,1.0
CUS-006473,Unknown,Unknown,100.0,High,1.0
CUS-006474,Unknown,Unknown,53.5,Medium,0.93
CUS-006475,Unknown,Unknown,0.5,Low,0.99
CUS-006476,Unknown,Unknown,96.0,High,0.92
CUS-006477,Unknown,Unknown,100.0,High,1.0
CUS-006478,Unknown,Unknown,50.0,Medium,1.0
CUS-006479,Unknown,Unknown,49.5,Medium,0.99
CUS-006480,Unknown,Unknown,100.0,High,1.0
CUS-006481,Unknown,Unknown,100.0,High,1.0
CUS-006482,Unknown,Unknown,100.0,High,1.0
CUS-006483,Unknown,Unknown,98.0,High,0.96
CUS-006484,Unknown,Unknown,100.0,High,1.0
CUS-006485,Unknown,Unknown,100.0,High,1.0
CUS-006486,Unknown,Unknown,100.0,High,1.0
CUS-006487,Unknown,Unknown,0.0,Low,1.0
CUS-006488,Unknown,Unknown,50.5,Medium,0.99
CUS-006489,Unknown,Unknown,49.0,Medium,0.98
CUS-006490,Unknown,Unknown,51.0,Medium,0.98
CUS-006491,Unknown,Unknown,0.0,Low,1.0
CUS-006492,Unknown,Unknown,100.0,High,1.0
CUS-006493,Unknown,Unknown,100.0,High,1.0
CUS-006494,Unknown,Unknown,100.0,High,1.0
CUS-006495,Unknown,Unknown,100.0,High,1.0
CUS-006496,Unknown,Unknown,98.0,High,0.96
CUS-006497,Unknown,Unknown,100.0,High,1.0
CUS-006498,Unknown,Unknown,50.5,Medium,0.99
CUS-006499,Unknown,Unknown,100.0,High,1.0
CUS-006500,Unknown,Unknown,99.0,High,0.98
CUS-006501,Unknown,Unknown,100.0,High,1.0
CUS-006502,Unknown,Unknown,50.5,Medium,0.99
CUS-006503,Unknown,Unknown,50.0,Medium,1.0
CUS-006504,Unknown,Unknown,100.0,High,1.0
CUS-006505,Unknown,Unknown,50.5,Medium,0.99
CUS-006506,Unknown,Unknown,97.0,High,0.94
CUS-006507,Unknown,Unknown,100.0,High,1.0
CUS-006508,Unknown,Unknown,51.0,Medium,0.98
CUS-006509,Unknown,Unknown,50.0,Medium,1.0
CUS-006510,Unknown,Unknown,100.0,High,1.0
CUS-006511,Unknown,Unknown,100.0,High,1.0
CUS-006512,Unknown,Unknown,48.5,Medium,0.97
CUS-006513,Unknown,Unknown,49.0,Medium,0.98
CUS-006514,Unknown,Unknown,100.0,High,1.0
CUS-006515,Unknown,Unknown,50.0,Medium,1.0
CUS-006516,Unknown,Unknown,100.0,High,1.0
CUS-006517,Unknown,Unknown,50.0,Medium,1.0
CUS-006518,Unknown,Unknown,100.0,High,1.0
CUS-006519,Unknown,Unknown,50.0,Medium,1.0
CUS-006520,Unknown,Unknown,99.5,High,0.99
CUS-006521,Unknown,Unknown,99.0,High,0.98
CUS-006522,Unknown,Unknown,50.5,Medium,0.99
CUS-006523,Unknown,Unknown,44.5,Medium,0.89
CUS-006524,Unknown,Unknown,97.5,High,0.95
CUS-006525,Unknown,Unknown,51.0,Medium,0.98
CUS-006526,Unknown,Unknown,99.5,High,0.99
CUS-006527,Unknown,Unknown,99.0,High,0.98
CUS-006528,Unknown,Unknown,99.5,High,0.99
CUS-006529,Unknown,Unknown,100.0,High,1.0
CUS-006530,Unknown,Unknown,51.0,Medium,0.98
CUS-006531,Unknown,Unknown,49.0,Medium,0.98
CUS-006532,Unknown,Unknown,100.0,High,1.0
CUS-006533,Unknown,Unknown,100.0,High,1.0
CUS-006534,Unknown,Unknown,50.0,Medium,0.98
CUS-006535,Unknown,Unknown,51.0,Medium,0.98
CUS-006536,Unknown,Unknown,50.5,Medium,0.99
CUS-006537,Unknown,Unknown,0.0,Low,1.0
CUS-006538,Unknown,Unknown,50.0,Medium,1.0
CUS-006539,Unknown,Unknown,50.5,Medium,0.99
CUS-006540,Unknown,Unknown,100.0,High,1.0
CUS-006541,Unknown,Unknown,51.5,Medium,0.97
CUS-006542,Unknown,Unknown,50.0,Medium,1.0
CUS-006543,Unknown,Unknown,50.0,Medium,1.0
CUS-006544,Unknown,Unknown,100.0,High,1.0
CUS-006545,Unknown,Unknown,50.0,Medium,1.0
CUS-006546,Unknown,Unknown,100.0,High,1.0
CUS-006547,Unknown,Unknown,50.0,Medium,1.0
CUS-006548,Unknown,Unknown,100.0,High,1.0
CUS-006549,Unknown,Unknown,98.5,High,0.97
CUS-006550,Unknown,Unknown,50.0,Medium,1.0
CUS-006551,Unknown,Unknown,51.0,Medium,0.98
CUS-006552,Unknown,Unknown,47.5,Medium,0.95
CUS-006553,Unknown,Unknown,100.0,High,1.0
CUS-006554,Unknown,Unknown,47.0,Medium,0.94
CUS-006555,Unknown,Unknown,98.5,High,0.97
CUS-006556,Unknown,Unknown,100.0,High,1.0
CUS-006557,Unknown,Unknown,50.0,Medium,1.0
CUS-006558,Unknown,Unknown,50.0,Medium,1.0
CUS-006559,Unknown,Unknown,100.0,High,1.0
CUS-006560,Unknown,Unknown,50.0,Medium,1.0
CUS-006561,Unknown,Unknown,52.5,Medium,0.95
CUS-006562,Unknown,Unknown,50.0,Medium,1.0
CUS-006563,Unknown,Unknown,97.0,High,0.94
CUS-006564,Unknown,Unknown,99.5,High,0.99
CUS-006565,Unknown,Unknown,50.0,Medium,1.0
CUS-006566,Unknown,Unknown,51.5,Medium,0.97
CUS-006567,Unknown,Unknown,51.0,Medium,0.98
CUS-006568,Unknown,Unknown,50.5,Medium,0.99
CUS-006569,Unknown,Unknown,50.0,Medium,1.0
CUS-006570,Unknown,Unknown,100.0,High,1.0
CUS-006571,Unknown,Unknown,0.0,Low,1.0
CUS-006572,Unknown,Unknown,100.0,High,1.0
CUS-006573,Unknown,Unknown,48.5,Medium,0.97
CUS-006574,Unknown,Unknown,100.0,High,1.0
CUS-006575,Unknown,Unknown,49.5,Medium,0.99
CUS-006576,Unknown,Unknown,50.5,Medium,0.99
CUS-006577,Unknown,Unknown,100.0,High,1.0
CUS-006578,Unknown,Unknown,100.0,High,1.0
CUS-006579,Unknown,Unknown,100.0,High,1.0
CUS-006580,Unknown,Unknown,50.5,Medium,0.99
CUS-006581,Unknown,Unknown,100.0,High,1.0
CUS-006582,Unknown,Unknown,98.0,High,0.96
CUS-006583,Unknown,Unknown,98.5,High,0.97
CUS-006584,Unknown,Unknown,51.5,Medium,0.97
CUS-006585,Unknown,Unknown,99.0,High,0.98
CUS-006586,Unknown,Unknown,0.0,Low,1.0
CUS-006587,Unknown,Unknown,99.5,High,0.99
CUS-006588,Unknown,Unknown,100.0,High,1.0
CUS-006589,Unknown,Unknown,100.0,High,1.0
CUS-006590,Unknown,Unknown,99.0,High,0.98
CUS-006591,Unknown,Unknown,50.0,Medium,0.98
CUS-006592,Unknown,Unknown,100.0,High,1.0
CUS-006593,Unknown,Unknown,51.5,Medium,0.97
CUS-006594,Unknown,Unknown,52.0,Medium,0.96
CUS-006595,Unknown,Unknown,100.0,High,1.0
CUS-006596,Unknown,Unknown,52.5,Medium,0.95
CUS-006597,Unknown,Unknown,0.0,Low,1.0
CUS-006598,Unknown,Unknown,0.0,Low,1.0
CUS-006599,Unknown,Unknown,0.0,Low,1.0
CUS-006600,Unknown,Unknown,100.0,High,1.0
CUS-006601,Unknown,Unknown,51.0,Medium,0.98
CUS-006602,Unknown,Unknown,50.0,Medium,1.0
CUS-006603,Unknown,Unknown,0.0,Low,1.0
CUS-006604,Unknown,Unknown,48.5,Medium,0.95
CUS-006605,Unknown,Unknown,100.0,High,1.0
CUS-006606,Unknown,Unknown,0.0,Low,1.0
CUS-006607,Unknown,Unknown,100.0,High,1.0
CUS-006608,Unknown,Unknown,0.0,Low,1.0
CUS-006609,Unknown,Unknown,100.0,High,1.0
CUS-006610,Unknown,Unknown,48.5,Medium,0.97
CUS-006611,Unknown,Unknown,99.5,High,0.99
CUS-006612,Unknown,Unknown,97.5,High,0.95
CUS-006613,Unknown,Unknown,99.5,High,0.99
CUS-006614,Unknown,Unknown,49.5,Medium,0.99
CUS-006615,Unknown,Unknown,100.0,High,1.0
CUS-006616,Unknown,Unknown,0.0,Low,1.0
CUS-006617,Unknown,Unknown,50.0,Medium,1.0
CUS-006618,Unknown,Unknown,100.0,High,1.0
CUS-006619,Unknown,Unknown,0.0,Low,1.0
CUS-006620,Unknown,Unknown,49.5,Medium,0.99
CUS-006621,Unknown,Unknown,51.0,Medium,0.98
CUS-006622,Unknown,Unknown,50.0,Medium,1.0
CUS-006623,Unknown,Unknown,50.0,Medium,1.0
CUS-006624,Unknown,Unknown,100.0,High,1.0
CUS-006625,Unknown,Unknown,0.0,Low,1.0
CUS-006626,Unknown,Unknown,99.5,High,0.99
CUS-006627,Unknown,Unknown,50.5,Medium,0.99
CUS-006628,Unknown,Unknown,100.0,High,1.0
CUS-006629,Unknown,Unknown,50.5,Medium,0.99
CUS-006630,Unknown,Unknown,100.0,High,1.0
CUS-006631,Unknown,Unknown,50.5,Medium,0.99
CUS-006632,Unknown,Unknown,96.0,High,0.92
CUS-006633,Unknown,Unknown,50.0,Medium,1.0
CUS-006634,Unknown,Unknown,100.0,High,1.0
CUS-006635,Unknown,Unknown,50.0,Medium,1.0
CUS-006636,Unknown,Unknown,47.0,Medium,0.94
CUS-006637,Unknown,Unknown,0.0,Low,1.0
CUS-006638,Unknown,Unknown,100.0,High,1.0
CUS-006639,Unknown,Unknown,100.0,High,1.0
CUS-006640,Unknown,Unknown,99.0,High,0.98
CUS-006641,Unknown,Unknown,98.0,High,0.96
CUS-006642,Unknown,Unknown,100.0,High,1.0
CUS-006643,Unknown,Unknown,95.5,High,0.91
CUS-006644,Unknown,Unknown,51.5,Medium,0.97
CUS-006645,Unknown,Unknown,50.0,Medium,1.0
CUS-006646,Unknown,Unknown,98.5,High,0.97
CUS-006647,Unknown,Unknown,48.5,Medium,0.97
CUS-006648,Unknown,Unknown,47.5,Medium,0.95
CUS-006649,Unknown,Unknown,99.0,High,0.98
CUS-006650,Unknown,Unknown,100.0,High,1.0
CUS-006651,Unknown,Unknown,50.5,Medium,0.99
CUS-006652,Unknown,Unknown,100.0,High,1.0
CUS-006653,Unknown,Unknown,51.5,Medium,0.97
CUS-006654,Unknown,Unknown,50.0,Medium,1.0
CUS-006655,Unknown,Unknown,52.5,Medium,0.95
CUS-006656,Unknown,Unknown,99.5,High,0.99
CUS-006657,Unknown,Unknown,99.0,High,0.98
CUS-006658,Unknown,Unknown,52.5,Medium,0.95
CUS-006659,Unknown,Unknown,100.0,High,1.0
CUS-006660,Unknown,Unknown,50.0,Medium,1.0
CUS-006661,Unknown,Unknown,99.5,High,0.99
CUS-006662,Unknown,Unknown,99.5,High,0.99
CUS-006663,Unknown,Unknown,50.0,Medium,1.0
CUS-006664,Unknown,Unknown,50.0,Medium,1.0
CUS-006665,Unknown,Unknown,92.5,High,0.86
CUS-006666,Unknown,Unknown,100.0,High,1.0
CUS-006667,Unknown,Unknown,100.0,High,1.0
CUS-006668,Unknown,Unknown,100.0,High,1.0
CUS-006669,Unknown,Unknown,0.0,Low,1.0
CUS-006670,Unknown,Unknown,51.0,Medium,0.98
CUS-006671,Unknown,Unknown,50.5,Medium,0.99
CUS-006672,Unknown,Unknown,99.5,High,0.99
CUS-006673,Unknown,Unknown,50.0,Medium,1.0
CUS-006674,Unknown,Unknown,100.0,High,1.0
CUS-006675,Unknown,Unknown,100.0,High,1.0
CUS-006676,Unknown,Unknown,50.0,Medium,1.0
CUS-006677,Unknown,Unknown,50.0,Medium,1.0
CUS-006678,Unknown,Unknown,100.0,High,1.0
CUS-006679,Unknown,Unknown,50.5,Medium,0.99
CUS-006680,Unknown,Unknown,100.0,High,1.0
CUS-006681,Unknown,Unknown,100.0,High,1.0
CUS-006682,Unknown,Unknown,99.5,High,0.99
CUS-006683,Unknown,Unknown,50.0,Medium,1.0
CUS-006684,Unknown,Unknown,97.5,High,0.95
CUS-006685,Unknown,Unknown,50.0,Medium,1.0
CUS-006686,Unknown,Unknown,100.0,High,1.0
CUS-006687,Unknown,Unknown,99.0,High,0.98
CUS-006688,Unknown,Unknown,100.0,High,1.0
CUS-006689,Unknown,Unknown,98.5,High,0.97
CUS-006690,Unknown,Unknown,50.0,Medium,1.0
CUS-006691,Unknown,Unknown,54.5,Medium,0.91
CUS-006692,Unknown,Unknown,0.0,Low,1.0
CUS-006693,Unknown,Unknown,100.0,High,1.0
CUS-006694,Unknown,Unknown,100.0,High,1.0
CUS-006695,Unknown,Unknown,100.0,High,1.0
CUS-006696,Unknown,Unknown,50.0,Medium,1.0
CUS-006697,Unknown,Unknown,100.0,High,1.0
CUS-006698,Unknown,Unknown,50.0,Medium,1.0
CUS-006699,Unknown,Unknown,51.0,Medium,0.98
CUS-006700,Unknown,Unknown,99.5,High,0.99
CUS-006701,Unknown,Unknown,50.0,Medium,1.0
CUS-006702,Unknown,Unknown,99.5,High,0.99
CUS-006703,Unknown,Unknown,99.5,High,0.99
CUS-006704,Unknown,Unknown,0.0,Low,1.0
CUS-006705,Unknown,Unknown,49.5,Medium,0.99
CUS-006706,Unknown,Unknown,100.0,High,1.0
CUS-006707,Unknown,Unknown,47.5,Medium,0.95
CUS-006708,Unknown,Unknown,50.0,Medium,0.98
CUS-006709,Unknown,Unknown,98.5,High,0.97
CUS-006710,Unknown,Unknown,50.5,Medium,0.99
CUS-006711,Unknown,Unknown,99.5,High,0.99
CUS-006712,Unknown,Unknown,100.0,High,1.0
CUS-006713,Unknown,Unknown,100.0,High,1.0
CUS-006714,Unknown,Unknown,100.0,High,1.0
CUS-006715,Unknown,Unknown,50.5,Medium,0.99
CUS-006716,Unknown,Unknown,100.0,High,1.0
CUS-006717,Unknown,Unknown,100.0,High,1.0
CUS-006718,Unknown,Unknown,100.0,High,1.0
CUS-006719,Unknown,Unknown,51.5,Medium,0.97
CUS-006720,Unknown,Unknown,100.0,High,1.0
CUS-006721,Unknown,Unknown,99.5,High,0.99
CUS-006722,Unknown,Unknown,98.5,High,0.97
CUS-006723,Unknown,Unknown,100.0,High,1.0
CUS-006724,Unknown,Unknown,50.5,Medium,0.99
CUS-006725,Unknown,Unknown,100.0,High,1.0
CUS-006726,Unknown,Unknown,100.0,High,1.0
CUS-006727,Unknown,Unknown,0.0,Low,1.0
CUS-006728,Unknown,Unknown,50.5,Medium,0.99
CUS-006729,Unknown,Unknown,50.0,Medium,1.0
CUS-006730,Unknown,Unknown,98.5,High,0.97
CUS-006731,Unknown,Unknown,100.0,High,1.0
CUS-006732,Unknown,Unknown,99.0,High,0.98
CUS-006733,Unknown,Unknown,100.0,High,1.0
CUS-006734,Unknown,Unknown,99.0,High,0.98
CUS-006735,Unknown,Unknown,51.5,Medium,0.97
CUS-006736,Unknown,Unknown,100.0,High,1.0
CUS-006737,Unknown,Unknown,49.0,Medium,0.98
CUS-006738,Unknown,Unknown,100.0,High,1.0
CUS-006739,Unknown,Unknown,98.5,High,0.97
CUS-006740,Unknown,Unknown,99.5,High,0.99
CUS-006741,Unknown,Unknown,50.0,Medium,1.0
CUS-006742,Unknown,Unknown,50.0,Medium,1.0
CUS-006743,Unknown,Unknown,51.5,Medium,0.97
CUS-006744,Unknown,Unknown,92.5,High,0.85
CUS-006745,Unknown,Unknown,49.0,Medium,0.98
CUS-006746,Unknown,Unknown,48.5,Medium,0.97
CUS-006747,Unknown,Unknown,50.0,Medium,1.0
CUS-006748,Unknown,Unknown,50.0,Medium,1.0
CUS-006749,Unknown,Unknown,100.0,High,1.0
CUS-006750,Unknown,Unknown,99.0,High,0.98
CUS-006751,Unknown,Unknown,99.5,High,0.99
CUS-006752,Unknown,Unknown,50.0,Medium,1.0
CUS-006753,Unknown,Unknown,100.0,High,1.0
CUS-006754,Unknown,Unknown,50.5,Medium,0.99
CUS-006755,Unknown,Unknown,50.0,Medium,1.0
CUS-006756,Unknown,Unknown,50.0,Medium,1.0
CUS-006757,Unknown,Unknown,100.0,High,1.0
CUS-006758,Unknown,Unknown,100.0,High,1.0
CUS-006759,Unknown,Unknown,100.0,High,1.0
CUS-006760,Unknown,Unknown,50.0,Medium,1.0
CUS-006761,Unknown,Unknown,0.0,Low,1.0
CUS-006762,Unknown,Unknown,51.5,Medium,0.97
CUS-006763,Unknown,Unknown,100.0,High,1.0
CUS-006764,Unknown,Unknown,50.0,Medium,1.0
CUS-006765,Unknown,Unknown,100.0,High,1.0
CUS-006766,Unknown,Unknown,50.0,Medium,1.0
CUS-006767,Unknown,Unknown,99.0,High,0.98
CUS-006768,Unknown,Unknown,99.5,High,0.99
CUS-006769,Unknown,Unknown,100.0,High,1.0
CUS-006770,Unknown,Unknown,100.0,High,1.0
CUS-006771,Unknown,Unknown,100.0,High,1.0
CUS-006772,Unknown,Unknown,100.0,High,1.0
CUS-006773,Unknown,Unknown,100.0,High,1.0
CUS-006774,Unknown,Unknown,51.0,Medium,0.98
CUS-006775,Unknown,Unknown,51.0,Medium,0.98
CUS-006776,Unknown,Unknown,99.5,High,0.99
CUS-006777,Unknown,Unknown,50.0,Medium,1.0
CUS-006778,Unknown,Unknown,99.0,High,0.98
CUS-006779,Unknown,Unknown,99.5,High,0.99
CUS-006780,Unknown,Unknown,50.5,Medium,0.99
CUS-006781,Unknown,Unknown,51.0,Medium,0.98
CUS-006782,Unknown,Unknown,100.0,High,1.0
CUS-006783,Unknown,Unknown,99.5,High,0.99
CUS-006784,Unknown,Unknown,47.5,Medium,0.95
CUS-006785,Unknown,Unknown,50.0,Medium,1.0
CUS-006786,Unknown,Unknown,97.0,High,0.94
CUS-006787,Unknown,Unknown,100.0,High,1.0
CUS-006788,Unknown,Unknown,100.0,High,1.0
CUS-006789,Unknown,Unknown,100.0,High,1.0
CUS-006790,Unknown,Unknown,99.5,High,0.99
CUS-006791,Unknown,Unknown,50.5,Medium,0.99
CUS-006792,Unknown,Unknown,1.0,Low,0.98
CUS-006793,Unknown,Unknown,100.0,High,1.0
CUS-006794,Unknown,Unknown,51.0,Medium,0.98
CUS-006795,Unknown,Unknown,100.0,High,1.0
CUS-006796,Unknown,Unknown,100.0,High,1.0
CUS-006797,Unknown,Unknown,100.0,High,1.0
CUS-006798,Unknown,Unknown,99.5,High,0.99
CUS-006799,Unknown,Unknown,100.0,High,1.0
CUS-006800,Unknown,Unknown,50.0,Medium,1.0
CUS-006801,Unknown,Unknown,51.0,Medium,0.98
CUS-006802,Unknown,Unknown,51.5,Medium,0.97
CUS-006803,Unknown,Unknown,100.0,High,1.0
CUS-006804,Unknown,Unknown,52.0,Medium,0.96
CUS-006805,Unknown,Unknown,100.0,High,1.0
CUS-006806,Unknown,Unknown,100.0,High,1.0
CUS-006807,Unknown,Unknown,100.0,High,1.0
CUS-006808,Unknown,Unknown,51.5,Medium,0.97
CUS-006809,Unknown,Unknown,100.0,High,1.0
CUS-006810,Unknown,Unknown,100.0,High,1.0
CUS-006811,Unknown,Unknown,98.5,High,0.97
CUS-006812,Unknown,Unknown,100.0,High,1.0
CUS-006813,Unknown,Unknown,99.5,High,0.99
CUS-006814,Unknown,Unknown,50.0,Medium,1.0
CUS-006815,Unknown,Unknown,51.0,Medium,0.98
CUS-006816,Unknown,Unknown,51.0,Medium,0.98
CUS-006817,Unknown,Unknown,99.5,High,0.99
CUS-006818,Unknown,Unknown,0.0,Low,1.0
CUS-006819,Unknown,Unknown,51.5,Medium,0.97
CUS-006820,Unknown,Unknown,99.5,High,0.99
CUS-006821,Unknown,Unknown,100.0,High,1.0
CUS-006822,Unknown,Unknown,50.0,Medium,1.0
CUS-006823,Unknown,Unknown,99.5,High,0.99
CUS-006824,Unknown,Unknown,49.0,Medium,0.98
CUS-006825,Unknown,Unknown,52.0,Medium,0.96
CUS-006826,Unknown,Unknown,100.0,High,1.0
CUS-006827,Unknown,Unknown,49.0,Medium,0.98
CUS-006828,Unknown,Unknown,100.0,High,1.0
CUS-006829,Unknown,Unknown,50.0,Medium,1.0
CUS-006830,Unknown,Unknown,100.0,High,1.0
CUS-006831,Unknown,Unknown,100.0,High,1.0
CUS-006832,Unknown,Unknown,100.0,High,1.0
CUS-006833,Unknown,Unknown,49.5,Medium,0.99
CUS-006834,Unknown,Unknown,99.5,High,0.99
CUS-006835,Unknown,Unknown,100.0,High,1.0
CUS-006836,Unknown,Unknown,49.5,Medium,0.99
CUS-006837,Unknown,Unknown,50.5,Medium,0.97
CUS-006838,Unknown,Unknown,50.0,Medium,1.0
CUS-006839,Unknown,Unknown,50.0,Medium,1.0
CUS-006840,Unknown,Unknown,100.0,High,1.0
CUS-006841,Unknown,Unknown,50.0,Medium,1.0
CUS-006842,Unknown,Unknown,51.0,Medium,0.98
CUS-006843,Unknown,Unknown,100.0,High,1.0
CUS-006844,Unknown,Unknown,49.5,Medium,0.99
CUS-006845,Unknown,Unknown,50.0,Medium,1.0
CUS-006846,Unknown,Unknown,0.0,Low,1.0
CUS-006847,Unknown,Unknown,50.5,Medium,0.99
CUS-006848,Unknown,Unknown,50.0,Medium,1.0
CUS-006849,Unknown,Unknown,50.0,Medium,1.0
CUS-006850,Unknown,Unknown,97.0,High,0.94
CUS-006851,Unknown,Unknown,50.0,Medium,1.0
CUS-006852,Unknown,Unknown,100.0,High,1.0
CUS-006853,Unknown,Unknown,100.0,High,1.0
CUS-006854,Unknown,Unknown,100.0,High,1.0
CUS-006855,Unknown,Unknown,0.0,Low,1.0
CUS-006856,Unknown,Unknown,51.0,Medium,0.98
CUS-006857,Unknown,Unknown,0.0,Low,1.0
CUS-006858,Unknown,Unknown,99.5,High,0.99
CUS-006859,Unknown,Unknown,0.0,Low,1.0
CUS-006860,Unknown,Unknown,50.0,Medium,1.0
CUS-006861,Unknown,Unknown,0.0,Low,1.0
CUS-006862,Unknown,Unknown,97.0,High,0.94
CUS-006863,Unknown,Unknown,0.0,Low,1.0
CUS-006864,Unknown,Unknown,100.0,High,1.0
CUS-006865,Unknown,Unknown,99.5,High,0.99
CUS-006866,Unknown,Unknown,100.0,High,1.0
CUS-006867,Unknown,Unknown,99.0,High,0.98
CUS-006868,Unknown,Unknown,98.0,High,0.96
CUS-006869,Unknown,Unknown,100.0,High,1.0
CUS-006870,Unknown,Unknown,100.0,High,1.0
CUS-006871,Unknown,Unknown,99.5,High,0.99
CUS-006872,Unknown,Unknown,100.0,High,1.0
CUS-006873,Unknown,Unknown,100.0,High,1.0
CUS-006874,Unknown,Unknown,100.0,High,1.0
CUS-006875,Unknown,Unknown,48.5,Medium,0.97
CUS-006876,Unknown,Unknown,99.5,High,0.99
CUS-006877,Unknown,Unknown,0.0,Low,1.0
CUS-006878,Unknown,Unknown,100.0,High,1.0
CUS-006879,Unknown,Unknown,51.0,Medium,0.98
CUS-006880,Unknown,Unknown,49.5,Medium,0.99
CUS-006881,Unknown,Unknown,50.0,Medium,1.0
CUS-006882,Unknown,Unknown,50.5,Medium,0.99
CUS-006883,Unknown,Unknown,50.0,Medium,1.0
CUS-006884,Unknown,Unknown,100.0,High,1.0
CUS-006885,Unknown,Unknown,50.5,Medium,0.99
CUS-006886,Unknown,Unknown,50.0,Medium,1.0
CUS-006887,Unknown,Unknown,98.5,High,0.97
CUS-006888,Unknown,Unknown,0.0,Low,1.0
CUS-006889,Unknown,Unknown,50.0,Medium,1.0
CUS-006890,Unknown,Unknown,99.0,High,0.98
CUS-006891,Unknown,Unknown,98.5,High,0.97
CUS-006892,Unknown,Unknown,50.5,Medium,0.99
CUS-006893,Unknown,Unknown,96.0,High,0.92
CUS-006894,Unknown,Unknown,97.0,High,0.94
CUS-006895,Unknown,Unknown,49.5,Medium,0.99
CUS-006896,Unknown,Unknown,50.0,Medium,0.98
CUS-006897,Unknown,Unknown,100.0,High,1.0
CUS-006898,Unknown,Unknown,50.0,Medium,1.0
CUS-006899,Unknown,Unknown,100.0,High,1.0
CUS-006900,Unknown,Unknown,100.0,High,1.0
CUS-006901,Unknown,Unknown,100.0,High,1.0
CUS-006902,Unknown,Unknown,98.5,High,0.97
CUS-006903,Unknown,Unknown,99.5,High,0.99
CUS-006904,Unknown,Unknown,99.0,High,0.98
CUS-006905,Unknown,Unknown,99.5,High,0.99
CUS-006906,Unknown,Unknown,100.0,High,1.0
CUS-006907,Unknown,Unknown,100.0,High,1.0
CUS-006908,Unknown,Unknown,99.0,High,0.98
CUS-006909,Unknown,Unknown,99.0,High,0.98
CUS-006910,Unknown,Unknown,99.5,High,0.99
CUS-006911,Unknown,Unknown,50.5,Medium,0.99
CUS-006912,Unknown,Unknown,100.0,High,1.0
CUS-006913,Unknown,Unknown,99.5,High,0.99
CUS-006914,Unknown,Unknown,54.0,Medium,0.92
CUS-006915,Unknown,Unknown,50.0,Medium,1.0
CUS-006916,Unknown,Unknown,51.0,Medium,0.98
CUS-006917,Unknown,Unknown,100.0,High,1.0
CUS-006918,Unknown,Unknown,100.0,High,1.0
CUS-006919,Unknown,Unknown,99.5,High,0.99
CUS-006920,Unknown,Unknown,99.5,High,0.99
CUS-006921,Unknown,Unknown,50.0,Medium,1.0
CUS-006922,Unknown,Unknown,50.0,Medium,1.0
CUS-006923,Unknown,Unknown,51.5,Medium,0.97
CUS-006924,Unknown,Unknown,99.5,High,0.99
CUS-006925,Unknown,Unknown,99.5,High,0.99
CUS-006926,Unknown,Unknown,0.0,Low,1.0
CUS-006927,Unknown,Unknown,47.5,Medium,0.95
CUS-006928,Unknown,Unknown,100.0,High,1.0
CUS-006929,Unknown,Unknown,99.0,High,0.98
CUS-006930,Unknown,Unknown,100.0,High,1.0
CUS-006931,Unknown,Unknown,50.0,Medium,1.0
CUS-006932,Unknown,Unknown,100.0,High,1.0
CUS-006933,Unknown,Unknown,100.0,High,1.0
CUS-006934,Unknown,Unknown,98.5,High,0.97
CUS-006935,Unknown,Unknown,100.0,High,1.0
CUS-006936,Unknown,Unknown,100.0,High,1.0
CUS-006937,Unknown,Unknown,50.0,Medium,1.0
CUS-006938,Unknown,Unknown,51.0,Medium,0.98
CUS-006939,Unknown,Unknown,46.5,Medium,0.93
CUS-006940,Unknown,Unknown,50.0,Medium,0.98
CUS-006941,Unknown,Unknown,50.0,Medium,1.0
CUS-006942,Unknown,Unknown,49.5,Medium,0.99
CUS-006943,Unknown,Unknown,100.0,High,1.0
CUS-006944,Unknown,Unknown,100.0,High,1.0
CUS-006945,Unknown,Unknown,100.0,High,1.0
CUS-006946,Unknown,Unknown,99.5,High,0.99
CUS-006947,Unknown,Unknown,52.5,Medium,0.95
CUS-006948,Unknown,Unknown,99.5,High,0.99
CUS-006949,Unknown,Unknown,100.0,High,1.0
CUS-006950,Unknown,Unknown,100.0,High,1.0
CUS-006951,Unknown,Unknown,100.0,High,1.0
CUS-006952,Unknown,Unknown,100.0,High,1.0
CUS-006953,Unknown,Unknown,50.0,Medium,0.98
CUS-006954,Unknown,Unknown,51.5,Medium,0.97
CUS-006955,Unknown,Unknown,99.5,High,0.99
CUS-006956,Unknown,Unknown,100.0,High,1.0
CUS-006957,Unknown,Unknown,99.0,High,0.98
CUS-006958,Unknown,Unknown,51.0,Medium,0.98
CUS-006959,Unknown,Unknown,51.0,Medium,0.98
CUS-006960,Unknown,Unknown,51.0,Medium,0.98
CUS-006961,Unknown,Unknown,99.5,High,0.99
CUS-006962,Unknown,Unknown,48.5,Medium,0.97
CUS-006963,Unknown,Unknown,100.0,High,1.0
CUS-006964,Unknown,Unknown,50.0,Medium,1.0
CUS-006965,Unknown,Unknown,0.0,Low,1.0
CUS-006966,Unknown,Unknown,51.5,Medium,0.97
CUS-006967,Unknown,Unknown,100.0,High,1.0
CUS-006968,Unknown,Unknown,49.5,Medium,0.99
CUS-006969,Unknown,Unknown,100.0,High,1.0
CUS-006970,Unknown,Unknown,99.5,High,0.99
CUS-006971,Unknown,Unknown,100.0,High,1.0
CUS-006972,Unknown,Unknown,99.5,High,0.99
CUS-006973,Unknown,Unknown,51.5,Medium,0.97
CUS-006974,Unknown,Unknown,100.0,High,1.0
CUS-006975,Unknown,Unknown,50.0,Medium,1.0
CUS-006976,Unknown,Unknown,50.0,Medium,1.0
CUS-006977,Unknown,Unknown,99.5,High,0.99
CUS-006978,Unknown,Unknown,47.5,Medium,0.95
CUS-006979,Unknown,Unknown,100.0,High,1.0
CUS-006980,Unknown,Unknown,50.0,Medium,1.0
CUS-006981,Unknown,Unknown,52.0,Medium,0.96
CUS-006982,Unknown,Unknown,100.0,High,1.0
CUS-006983,Unknown,Unknown,50.0,Medium,1.0
CUS-006984,Unknown,Unknown,97.5,High,0.95
CUS-006985,Unknown,Unknown,100.0,High,1.0
CUS-006986,Unknown,Unknown,50.0,Medium,1.0
CUS-006987,Unknown,Unknown,100.0,High,1.0
CUS-006988,Unknown,Unknown,49.0,Medium,0.98
CUS-006989,Unknown,Unknown,0.0,Low,1.0
CUS-006990,Unknown,Unknown,99.5,High,0.99
CUS-006991,Unknown,Unknown,0.0,Low,1.0
CUS-006992,Unknown,Unknown,51.0,Medium,0.98
CUS-006993,Unknown,Unknown,50.5,Medium,0.99
CUS-006994,Unknown,Unknown,100.0,High,1.0
CUS-006995,Unknown,Unknown,100.0,High,1.0
CUS-006996,Unknown,Unknown,99.0,High,0.98
CUS-006997,Unknown,Unknown,100.0,High,1.0
CUS-006998,Unknown,Unknown,50.0,Medium,1.0
CUS-006999,Unknown,Unknown,98.5,High,0.97
CUS-007000,Unknown,Unknown,52.0,Medium,0.96
CUS-007001,Unknown,Unknown,50.0,Medium,1.0
CUS-007002,Unknown,Unknown,99.5,High,0.99
CUS-007003,Unknown,Unknown,50.5,Medium,0.99
CUS-007004,Unknown,Unknown,50.0,Medium,1.0
CUS-007005,Unknown,Unknown,100.0,High,1.0
CUS-007006,Unknown,Unknown,51.5,Medium,0.97
CUS-007007,Unknown,Unknown,100.0,High,1.0
CUS-007008,Unknown,Unknown,51.5,Medium,0.97
CUS-007009,Unknown,Unknown,50.0,Medium,1.0
CUS-007010,Unknown,Unknown,99.5,High,0.99
CUS-007011,Unknown,Unknown,50.0,Medium,1.0
CUS-007012,Unknown,Unknown,48.5,Medium,0.97
CUS-007013,Unknown,Unknown,51.0,Medium,0.98
CUS-007014,Unknown,Unknown,98.5,High,0.97
CUS-007015,Unknown,Unknown,0.0,Low,1.0
CUS-007016,Unknown,Unknown,51.5,Medium,0.97
CUS-007017,Unknown,Unknown,100.0,High,1.0
CUS-007018,Unknown,Unknown,50.0,Medium,1.0
CUS-007019,Unknown,Unknown,49.0,Medium,0.98
CUS-007020,Unknown,Unknown,100.0,High,1.0
CUS-007021,Unknown,Unknown,100.0,High,1.0
CUS-007022,Unknown,Unknown,100.0,High,1.0
CUS-007023,Unknown,Unknown,100.0,High,1.0
CUS-007024,Unknown,Unknown,100.0,High,1.0
CUS-007025,Unknown,Unknown,51.0,Medium,0.98
CUS-007026,Unknown,Unknown,100.0,High,1.0
CUS-007027,Unknown,Unknown,100.0,High,1.0
CUS-007028,Unknown,Unknown,0.0,Low,1.0
CUS-007029,Unknown,Unknown,99.5,High,0.99
CUS-007030,Unknown,Unknown,99.0,High,0.98
CUS-007031,Unknown,Unknown,50.5,Medium,0.99
CUS-007032,Unknown,Unknown,0.0,Low,1.0
CUS-007033,Unknown,Unknown,0.0,Low,1.0
CUS-007034,Unknown,Unknown,0.0,Low,1.0
CUS-007035,Unknown,Unknown,0.0,Low,1.0
CUS-007036,Unknown,Unknown,100.0,High,1.0
CUS-007037,Unknown,Unknown,50.0,Medium,1.0
CUS-007038,Unknown,Unknown,99.5,High,0.99
CUS-007039,Unknown,Unknown,99.5,High,0.99
CUS-007040,Unknown,Unknown,100.0,High,1.0
CUS-007041,Unknown,Unknown,50.5,Medium,0.99
CUS-007042,Unknown,Unknown,0.0,Low,1.0
CUS-007043,Unknown,Unknown,0.0,Low,1.0
CUS-007044,Unknown,Unknown,99.0,High,0.98
CUS-007045,Unknown,Unknown,100.0,High,1.0
CUS-007046,Unknown,Unknown,52.0,Medium,0.96
CUS-007047,Unknown,Unknown,52.0,Medium,0.96
CUS-007048,Unknown,Unknown,100.0,High,1.0
CUS-007049,Unknown,Unknown,100.0,High,1.0
CUS-007050,Unknown,Unknown,100.0,High,1.0
CUS-007051,Unknown,Unknown,50.0,Medium,1.0
CUS-007052,Unknown,Unknown,50.0,Medium,0.98
CUS-007053,Unknown,Unknown,99.5,High,0.99
CUS-007054,Unknown,Unknown,100.0,High,1.0
CUS-007055,Unknown,Unknown,50.0,Medium,1.0
CUS-007056,Unknown,Unknown,51.5,Medium,0.97
CUS-007057,Unknown,Unknown,100.0,High,1.0
CUS-007058,Unknown,Unknown,49.0,Medium,0.98
CUS-007059,Unknown,Unknown,100.0,High,1.0
CUS-007060,Unknown,Unknown,100.0,High,1.0
CUS-007061,Unknown,Unknown,49.5,Medium,0.99
CUS-007062,Unknown,Unknown,50.0,Medium,1.0
CUS-007063,Unknown,Unknown,50.0,Medium,1.0
CUS-007064,Unknown,Unknown,0.0,Low,1.0
CUS-007065,Unknown,Unknown,50.0,Medium,1.0
CUS-007066,Unknown,Unknown,100.0,High,1.0
CUS-007067,Unknown,Unknown,51.5,Medium,0.97
CUS-007068,Unknown,Unknown,51.0,Medium,0.98
CUS-007069,Unknown,Unknown,100.0,High,1.0
CUS-007070,Unknown,Unknown,99.5,High,0.99
CUS-007071,Unknown,Unknown,99.5,High,0.99
CUS-007072,Unknown,Unknown,52.5,Medium,0.95
CUS-007073,Unknown,Unknown,99.5,High,0.99
CUS-007074,Unknown,Unknown,100.0,High,1.0
CUS-007075,Unknown,Unknown,50.5,Medium,0.99
CUS-007076,Unknown,Unknown,100.0,High,1.0
CUS-007077,Unknown,Unknown,51.5,Medium,0.97
CUS-007078,Unknown,Unknown,100.0,High,1.0
CUS-007079,Unknown,Unknown,0.0,Low,1.0
CUS-007080,Unknown,Unknown,51.5,Medium,0.97
CUS-007081,Unknown,Unknown,100.0,High,1.0
CUS-007082,Unknown,Unknown,51.0,Medium,0.98
CUS-007083,Unknown,Unknown,100.0,High,1.0
CUS-007084,Unknown,Unknown,50.0,Medium,1.0
CUS-007085,Unknown,Unknown,100.0,High,1.0
CUS-007086,Unknown,Unknown,100.0,High,1.0
CUS-007087,Unknown,Unknown,99.5,High,0.99
CUS-007088,Unknown,Unknown,50.0,Medium,1.0
CUS-007089,Unknown,Unknown,49.5,Medium,0.99
CUS-007090,Unknown,Unknown,50.5,Medium,0.99
CUS-007091,Unknown,Unknown,100.0,High,1.0
CUS-007092,Unknown,Unknown,98.0,High,0.96
CUS-007093,Unknown,Unknown,100.0,High,1.0
CUS-007094,Unknown,Unknown,100.0,High,1.0
CUS-007095,Unknown,Unknown,99.0,High,0.98
CUS-007096,Unknown,Unknown,50.0,Medium,1.0
CUS-007097,Unknown,Unknown,50.0,Medium,1.0
CUS-007098,Unknown,Unknown,51.0,Medium,0.98
CUS-007099,Unknown,Unknown,0.0,Low,1.0
CUS-007100,Unknown,Unknown,0.0,Low,1.0
CUS-007101,Unknown,Unknown,50.0,Medium,1.0
CUS-007102,Unknown,Unknown,0.0,Low,1.0
CUS-007103,Unknown,Unknown,51.0,Medium,0.98
CUS-007104,Unknown,Unknown,0.0,Low,1.0
CUS-007105,Unknown,Unknown,49.0,Medium,0.98
CUS-007106,Unknown,Unknown,48.0,Medium,0.96
CUS-007107,Unknown,Unknown,51.0,Medium,0.98
CUS-007108,Unknown,Unknown,99.5,High,0.99
CUS-007109,Unknown,Unknown,94.0,High,0.88
CUS-007110,Unknown,Unknown,98.5,High,0.97
CUS-007111,Unknown,Unknown,99.0,High,0.98
CUS-007112,Unknown,Unknown,99.5,High,0.99
CUS-007113,Unknown,Unknown,50.0,Medium,1.0
CUS-007114,Unknown,Unknown,100.0,High,1.0
CUS-007115,Unknown,Unknown,50.5,Medium,0.99
CUS-007116,Unknown,Unknown,100.0,High,1.0
CUS-007117,Unknown,Unknown,50.5,Medium,0.99
CUS-007118,Unknown,Unknown,99.5,High,0.99
CUS-007119,Unknown,Unknown,50.0,Medium,1.0
CUS-007120,Unknown,Unknown,100.0,High,1.0
CUS-007121,Unknown,Unknown,51.5,Medium,0.97
CUS-007122,Unknown,Unknown,0.0,Low,1.0
CUS-007123,Unknown,Unknown,100.0,High,1.0
CUS-007124,Unknown,Unknown,100.0,High,1.0
CUS-007125,Unknown,Unknown,100.0,High,1.0
CUS-007126,Unknown,Unknown,100.0,High,1.0
CUS-007127,Unknown,Unknown,100.0,High,1.0
CUS-007128,Unknown,Unknown,100.0,High,1.0
CUS-007129,Unknown,Unknown,100.0,High,1.0
CUS-007130,Unknown,Unknown,99.5,High,0.99
CUS-007131,Unknown,Unknown,50.0,Medium,1.0
CUS-007132,Unknown,Unknown,100.0,High,1.0
CUS-007133,Unknown,Unknown,50.0,Medium,1.0
CUS-007134,Unknown,Unknown,99.0,High,0.98
CUS-007135,Unknown,Unknown,100.0,High,1.0
CUS-007136,Unknown,Unknown,50.5,Medium,0.99
CUS-007137,Unknown,Unknown,0.0,Low,1.0
CUS-007138,Unknown,Unknown,50.5,Medium,0.99
CUS-007139,Unknown,Unknown,99.5,High,0.99
CUS-007140,Unknown,Unknown,49.5,Medium,0.99
CUS-007141,Unknown,Unknown,100.0,High,1.0
CUS-007142,Unknown,Unknown,99.5,High,0.99
CUS-007143,Unknown,Unknown,100.0,High,1.0
CUS-007144,Unknown,Unknown,50.0,Medium,0.98
CUS-007145,Unknown,Unknown,100.0,High,1.0
CUS-007146,Unknown,Unknown,100.0,High,1.0
CUS-007147,Unknown,Unknown,99.5,High,0.99
CUS-007148,Unknown,Unknown,51.5,Medium,0.97
CUS-007149,Unknown,Unknown,100.0,High,1.0
CUS-007150,Unknown,Unknown,99.5,High,0.99
CUS-007151,Unknown,Unknown,99.5,High,0.99
CUS-007152,Unknown,Unknown,99.5,High,0.99
CUS-007153,Unknown,Unknown,100.0,High,1.0
CUS-007154,Unknown,Unknown,100.0,High,1.0
CUS-007155,Unknown,Unknown,98.5,High,0.97
CUS-007156,Unknown,Unknown,99.5,High,0.99
CUS-007157,Unknown,Unknown,100.0,High,1.0
CUS-007158,Unknown,Unknown,100.0,High,1.0
CUS-007159,Unknown,Unknown,0.0,Low,1.0
CUS-007160,Unknown,Unknown,50.0,Medium,1.0
CUS-007161,Unknown,Unknown,100.0,High,1.0
CUS-007162,Unknown,Unknown,99.0,High,0.98
CUS-007163,Unknown,Unknown,100.0,High,1.0
CUS-007164,Unknown,Unknown,100.0,High,1.0
CUS-007165,Unknown,Unknown,51.0,Medium,0.98
CUS-007166,Unknown,Unknown,100.0,High,1.0
CUS-007167,Unknown,Unknown,50.5,Medium,0.99
CUS-007168,Unknown,Unknown,95.0,High,0.9
CUS-007169,Unknown,Unknown,50.5,Medium,0.99
CUS-007170,Unknown,Unknown,100.0,High,1.0
CUS-007171,Unknown,Unknown,100.0,High,1.0
CUS-007172,Unknown,Unknown,51.0,Medium,0.98
CUS-007173,Unknown,Unknown,100.0,High,1.0
CUS-007174,Unknown,Unknown,99.5,High,0.99
CUS-007175,Unknown,Unknown,98.5,High,0.97
CUS-007176,Unknown,Unknown,49.5,Medium,0.99
CUS-007177,Unknown,Unknown,50.0,Medium,1.0
CUS-007178,Unknown,Unknown,100.0,High,1.0
CUS-007179,Unknown,Unknown,100.0,High,1.0
CUS-007180,Unknown,Unknown,50.5,Medium,0.99
CUS-007181,Unknown,Unknown,49.5,Medium,0.99
CUS-007182,Unknown,Unknown,99.5,High,0.99
CUS-007183,Unknown,Unknown,100.0,High,1.0
CUS-007184,Unknown,Unknown,48.0,Medium,0.96
CUS-007185,Unknown,Unknown,50.0,Medium,1.0
CUS-007186,Unknown,Unknown,50.0,Medium,1.0
CUS-007187,Unknown,Unknown,0.0,Low,1.0
CUS-007188,Unknown,Unknown,51.0,Medium,0.98
CUS-007189,Unknown,Unknown,49.5,Medium,0.99
CUS-007190,Unknown,Unknown,99.5,High,0.99
CUS-007191,Unknown,Unknown,50.0,Medium,1.0
CUS-007192,Unknown,Unknown,49.0,Medium,0.98
CUS-007193,Unknown,Unknown,100.0,High,1.0
CUS-007194,Unknown,Unknown,98.0,High,0.96
CUS-007195,Unknown,Unknown,98.5,High,0.97
CUS-007196,Unknown,Unknown,50.0,Medium,1.0
CUS-007197,Unknown,Unknown,50.0,Medium,1.0
CUS-007198,Unknown,Unknown,99.0,High,0.98
CUS-007199,Unknown,Unknown,52.0,Medium,0.96
CUS-007200,Unknown,Unknown,100.0,High,1.0
CUS-007201,Unknown,Unknown,50.0,Medium,1.0
CUS-007202,Unknown,Unknown,100.0,High,1.0
CUS-007203,Unknown,Unknown,51.0,Medium,0.98
CUS-007204,Unknown,Unknown,100.0,High,1.0
CUS-007205,Unknown,Unknown,100.0,High,1.0
CUS-007206,Unknown,Unknown,50.5,Medium,0.99
CUS-007207,Unknown,Unknown,100.0,High,1.0
CUS-007208,Unknown,Unknown,49.5,Medium,0.99
CUS-007209,Unknown,Unknown,50.0,Medium,1.0
CUS-007210,Unknown,Unknown,50.5,Medium,0.99
CUS-007211,Unknown,Unknown,50.5,Medium,0.99
CUS-007212,Unknown,Unknown,100.0,High,1.0
CUS-007213,Unknown,Unknown,49.5,Medium,0.99
CUS-007214,Unknown,Unknown,99.5,High,0.99
CUS-007215,Unknown,Unknown,50.0,Medium,1.0
CUS-007216,Unknown,Unknown,49.5,Medium,0.99
CUS-007217,Unknown,Unknown,50.0,Medium,1.0
CUS-007218,Unknown,Unknown,99.0,High,0.98
CUS-007219,Unknown,Unknown,0.0,Low,1.0
CUS-007220,Unknown,Unknown,50.0,Medium,1.0
CUS-007221,Unknown,Unknown,99.0,High,0.98
CUS-007222,Unknown,Unknown,49.5,Medium,0.99
CUS-007223,Unknown,Unknown,50.0,Medium,1.0
CUS-007224,Unknown,Unknown,48.0,Medium,0.96
CUS-007225,Unknown,Unknown,50.0,Medium,1.0
CUS-007226,Unknown,Unknown,49.0,Medium,0.98
CUS-007227,Unknown,Unknown,99.5,High,0.99
CUS-007228,Unknown,Unknown,50.0,Medium,1.0
CUS-007229,Unknown,Unknown,0.0,Low,1.0
CUS-007230,Unknown,Unknown,51.5,Medium,0.97
CUS-007231,Unknown,Unknown,99.5,High,0.99
CUS-007232,Unknown,Unknown,97.0,High,0.94
CUS-007233,Unknown,Unknown,0.0,Low,1.0
CUS-007234,Unknown,Unknown,100.0,High,1.0
CUS-007235,Unknown,Unknown,99.5,High,0.99
CUS-007236,Unknown,Unknown,100.0,High,1.0
CUS-007237,Unknown,Unknown,100.0,High,1.0
CUS-007238,Unknown,Unknown,100.0,High,1.0
CUS-007239,Unknown,Unknown,50.5,Medium,0.99
CUS-007240,Unknown,Unknown,100.0,High,1.0
CUS-007241,Unknown,Unknown,100.0,High,1.0
CUS-007242,Unknown,Unknown,97.0,High,0.94
CUS-007243,Unknown,Unknown,100.0,High,1.0
CUS-007244,Unknown,Unknown,99.0,High,0.98
CUS-007245,Unknown,Unknown,49.5,Medium,0.99
CUS-007246,Unknown,Unknown,100.0,High,1.0
CUS-007247,Unknown,Unknown,100.0,High,1.0
CUS-007248,Unknown,Unknown,50.0,Medium,1.0
CUS-007249,Unknown,Unknown,100.0,High,1.0
CUS-007250,Unknown,Unknown,50.0,Medium,1.0
CUS-007251,Unknown,Unknown,99.5,High,0.99
CUS-007252,Unknown,Unknown,99.5,High,0.99
CUS-007253,Unknown,Unknown,97.5,High,0.95
CUS-007254,Unknown,Unknown,51.5,Medium,0.97
CUS-007255,Unknown,Unknown,98.5,High,0.97
CUS-007256,Unknown,Unknown,49.0,Medium,0.98
CUS-007257,Unknown,Unknown,100.0,High,1.0
CUS-007258,Unknown,Unknown,50.0,Medium,1.0
CUS-007259,Unknown,Unknown,100.0,High,1.0
CUS-007260,Unknown,Unknown,0.0,Low,1.0
CUS-007261,Unknown,Unknown,100.0,High,1.0
CUS-007262,Unknown,Unknown,100.0,High,1.0
CUS-007263,Unknown,Unknown,100.0,High,1.0
CUS-007264,Unknown,Unknown,50.0,Medium,1.0
CUS-007265,Unknown,Unknown,97.0,High,0.94
CUS-007266,Unknown,Unknown,98.0,High,0.96
CUS-007267,Unknown,Unknown,100.0,High,1.0
CUS-007268,Unknown,Unknown,50.5,Medium,0.99
CUS-007269,Unknown,Unknown,99.5,High,0.99
CUS-007270,Unknown,Unknown,50.0,Medium,1.0
CUS-007271,Unknown,Unknown,99.0,High,0.98
CUS-007272,Unknown,Unknown,100.0,High,1.0
CUS-007273,Unknown,Unknown,50.0,Medium,1.0
CUS-007274,Unknown,Unknown,97.0,High,0.94
CUS-007275,Unknown,Unknown,100.0,High,1.0
CUS-007276,Unknown,Unknown,99.0,High,0.98
CUS-007277,Unknown,Unknown,100.0,High,1.0
CUS-007278,Unknown,Unknown,100.0,High,1.0
CUS-007279,Unknown,Unknown,99.0,High,0.98
CUS-007280,Unknown,Unknown,100.0,High,1.0
CUS-007281,Unknown,Unknown,99.5,High,0.99
CUS-007282,Unknown,Unknown,48.5,Medium,0.97
CUS-007283,Unknown,Unknown,0.0,Low,1.0
CUS-007284,Unknown,Unknown,94.5,High,0.89
CUS-007285,Unknown,Unknown,99.5,High,0.99
CUS-007286,Unknown,Unknown,98.5,High,0.97
CUS-007287,Unknown,Unknown,98.0,High,0.96
CUS-007288,Unknown,Unknown,50.0,Medium,1.0
CUS-007289,Unknown,Unknown,50.0,Medium,1.0
CUS-007290,Unknown,Unknown,50.0,Medium,1.0
CUS-007291,Unknown,Unknown,99.0,High,0.98
CUS-007292,Unknown,Unknown,50.5,Medium,0.99
CUS-007293,Unknown,Unknown,51.0,Medium,0.98
CUS-007294,Unknown,Unknown,50.0,Medium,1.0
CUS-007295,Unknown,Unknown,51.5,Medium,0.97
CUS-007296,Unknown,Unknown,50.0,Medium,1.0
CUS-007297,Unknown,Unknown,100.0,High,1.0
CUS-007298,Unknown,Unknown,50.0,Medium,1.0
CUS-007299,Unknown,Unknown,100.0,High,1.0
CUS-007300,Unknown,Unknown,100.0,High,1.0
CUS-007301,Unknown,Unknown,99.0,High,0.98
CUS-007302,Unknown,Unknown,99.5,High,0.99
CUS-007303,Unknown,Unknown,100.0,High,1.0
CUS-007304,Unknown,Unknown,98.0,High,0.96
CUS-007305,Unknown,Unknown,100.0,High,1.0
CUS-007306,Unknown,Unknown,100.0,High,1.0
CUS-007307,Unknown,Unknown,50.0,Medium,0.98
CUS-007308,Unknown,Unknown,50.5,Medium,0.99
CUS-007309,Unknown,Unknown,49.5,Medium,0.99
CUS-007310,Unknown,Unknown,100.0,High,1.0
CUS-007311,Unknown,Unknown,50.0,Medium,1.0
CUS-007312,Unknown,Unknown,46.5,Medium,0.93
CUS-007313,Unknown,Unknown,100.0,High,1.0
CUS-007314,Unknown,Unknown,99.5,High,0.99
CUS-007315,Unknown,Unknown,50.0,Medium,1.0
CUS-007316,Unknown,Unknown,50.0,Medium,1.0
CUS-007317,Unknown,Unknown,50.5,Medium,0.99
CUS-007318,Unknown,Unknown,98.5,High,0.97
CUS-007319,Unknown,Unknown,50.0,Medium,1.0
CUS-007320,Unknown,Unknown,50.5,Medium,0.99
CUS-007321,Unknown,Unknown,0.0,Low,1.0
CUS-007322,Unknown,Unknown,100.0,High,1.0
CUS-007323,Unknown,Unknown,100.0,High,1.0
CUS-007324,Unknown,Unknown,52.0,Medium,0.96
CUS-007325,Unknown,Unknown,52.0,Medium,0.96
CUS-007326,Unknown,Unknown,50.0,Medium,1.0
CUS-007327,Unknown,Unknown,99.5,High,0.99
CUS-007328,Unknown,Unknown,100.0,High,1.0
CUS-007329,Unknown,Unknown,50.0,Medium,1.0
CUS-007330,Unknown,Unknown,100.0,High,1.0
CUS-007331,Unknown,Unknown,49.5,Medium,0.99
CUS-007332,Unknown,Unknown,100.0,High,1.0
CUS-007333,Unknown,Unknown,99.5,High,0.99
CUS-007334,Unknown,Unknown,100.0,High,1.0
CUS-007335,Unknown,Unknown,50.5,Medium,0.99
CUS-007336,Unknown,Unknown,100.0,High,1.0
CUS-007337,Unknown,Unknown,100.0,High,1.0
CUS-007338,Unknown,Unknown,100.0,High,1.0
CUS-007339,Unknown,Unknown,50.0,Medium,1.0
CUS-007340,Unknown,Unknown,100.0,High,1.0
CUS-007341,Unknown,Unknown,99.0,High,0.98
CUS-007342,Unknown,Unknown,100.0,High,1.0
CUS-007343,Unknown,Unknown,100.0,High,1.0
CUS-007344,Unknown,Unknown,49.5,Medium,0.99
CUS-007345,Unknown,Unknown,100.0,High,1.0
CUS-007346,Unknown,Unknown,50.5,Medium,0.99
CUS-007347,Unknown,Unknown,99.5,High,0.99
CUS-007348,Unknown,Unknown,49.5,Medium,0.99
CUS-007349,Unknown,Unknown,51.0,Medium,0.96
CUS-007350,Unknown,Unknown,51.0,Medium,0.98
CUS-007351,Unknown,Unknown,51.5,Medium,0.97
CUS-007352,Unknown,Unknown,47.5,Medium,0.95
CUS-007353,Unknown,Unknown,50.0,Medium,1.0
CUS-007354,Unknown,Unknown,50.0,Medium,1.0
CUS-007355,Unknown,Unknown,100.0,High,1.0
CUS-007356,Unknown,Unknown,100.0,High,1.0
CUS-007357,Unknown,Unknown,100.0,High,1.0
CUS-007358,Unknown,Unknown,50.0,Medium,1.0
CUS-007359,Unknown,Unknown,50.0,Medium,1.0
CUS-007360,Unknown,Unknown,50.0,Medium,1.0
CUS-007361,Unknown,Unknown,51.0,Medium,0.98
CUS-007362,Unknown,Unknown,99.5,High,0.99
CUS-007363,Unknown,Unknown,100.0,High,1.0
CUS-007364,Unknown,Unknown,100.0,High,1.0
CUS-007365,Unknown,Unknown,0.0,Low,1.0
CUS-007366,Unknown,Unknown,96.5,High,0.93
CUS-007367,Unknown,Unknown,100.0,High,1.0
CUS-007368,Unknown,Unknown,100.0,High,1.0
CUS-007369,Unknown,Unknown,99.5,High,0.99
CUS-007370,Unknown,Unknown,100.0,High,1.0
CUS-007371,Unknown,Unknown,100.0,High,1.0
CUS-007372,Unknown,Unknown,100.0,High,1.0
CUS-007373,Unknown,Unknown,49.5,Medium,0.99
CUS-007374,Unknown,Unknown,51.5,Medium,0.97
CUS-007375,Unknown,Unknown,50.0,Medium,1.0
CUS-007376,Unknown,Unknown,93.5,High,0.87
CUS-007377,Unknown,Unknown,50.5,Medium,0.99
CUS-007378,Unknown,Unknown,99.0,High,0.98
CUS-007379,Unknown,Unknown,50.0,Medium,1.0
CUS-007380,Unknown,Unknown,99.5,High,0.99
CUS-007381,Unknown,Unknown,100.0,High,1.0
CUS-007382,Unknown,Unknown,100.0,High,1.0
CUS-007383,Unknown,Unknown,100.0,High,1.0
CUS-007384,Unknown,Unknown,50.0,Medium,1.0
CUS-007385,Unknown,Unknown,97.5,High,0.95
CUS-007386,Unknown,Unknown,100.0,High,1.0
CUS-007387,Unknown,Unknown,99.5,High,0.99
CUS-007388,Unknown,Unknown,50.0,Medium,1.0
CUS-007389,Unknown,Unknown,51.0,Medium,0.98
CUS-007390,Unknown,Unknown,0.0,Low,1.0
CUS-007391,Unknown,Unknown,49.5,Medium,0.99
CUS-007392,Unknown,Unknown,49.5,Medium,0.99
CUS-007393,Unknown,Unknown,0.0,Low,1.0
CUS-007394,Unknown,Unknown,100.0,High,1.0
CUS-007395,Unknown,Unknown,98.5,High,0.97
CUS-007396,Unknown,Unknown,99.5,High,0.99
CUS-007397,Unknown,Unknown,99.5,High,0.99
CUS-007398,Unknown,Unknown,100.0,High,1.0
CUS-007399,Unknown,Unknown,100.0,High,1.0
CUS-007400,Unknown,Unknown,100.0,High,1.0
CUS-007401,Unknown,Unknown,100.0,High,1.0
CUS-007402,Unknown,Unknown,47.5,Medium,0.95
CUS-007403,Unknown,Unknown,50.5,Medium,0.99
CUS-007404,Unknown,Unknown,100.0,High,1.0
CUS-007405,Unknown,Unknown,99.5,High,0.99
CUS-007406,Unknown,Unknown,99.0,High,0.98
CUS-007407,Unknown,Unknown,100.0,High,1.0
CUS-007408,Unknown,Unknown,100.0,High,1.0
CUS-007409,Unknown,Unknown,51.0,Medium,0.98
CUS-007410,Unknown,Unknown,0.0,Low,1.0
CUS-007411,Unknown,Unknown,100.0,High,1.0
CUS-007412,Unknown,Unknown,100.0,High,1.0
CUS-007413,Unknown,Unknown,47.5,Medium,0.95
CUS-007414,Unknown,Unknown,100.0,High,1.0
CUS-007415,Unknown,Unknown,99.5,High,0.99
CUS-007416,Unknown,Unknown,100.0,High,1.0
CUS-007417,Unknown,Unknown,50.0,Medium,1.0
CUS-007418,Unknown,Unknown,52.5,Medium,0.95
CUS-007419,Unknown,Unknown,49.5,Medium,0.99
CUS-007420,Unknown,Unknown,50.0,Medium,1.0
CUS-007421,Unknown,Unknown,49.5,Medium,0.99
CUS-007422,Unknown,Unknown,50.0,Medium,1.0
CUS-007423,Unknown,Unknown,99.5,High,0.99
CUS-007424,Unknown,Unknown,99.5,High,0.99
CUS-007425,Unknown,Unknown,100.0,High,1.0
CUS-007426,Unknown,Unknown,97.5,High,0.95
CUS-007427,Unknown,Unknown,100.0,High,1.0
CUS-007428,Unknown,Unknown,53.0,Medium,0.94
CUS-007429,Unknown,Unknown,100.0,High,1.0
CUS-007430,Unknown,Unknown,50.5,Medium,0.99
CUS-007431,Unknown,Unknown,100.0,High,1.0
CUS-007432,Unknown,Unknown,99.5,High,0.99
CUS-007433,Unknown,Unknown,52.0,Medium,0.96
CUS-007434,Unknown,Unknown,50.0,Medium,1.0
CUS-007435,Unknown,Unknown,49.5,Medium,0.99
CUS-007436,Unknown,Unknown,100.0,High,1.0
CUS-007437,Unknown,Unknown,50.0,Medium,1.0
CUS-007438,Unknown,Unknown,50.5,Medium,0.99
CUS-007439,Unknown,Unknown,0.0,Low,1.0
CUS-007440,Unknown,Unknown,100.0,High,1.0
CUS-007441,Unknown,Unknown,99.0,High,0.98
CUS-007442,Unknown,Unknown,100.0,High,1.0
CUS-007443,Unknown,Unknown,100.0,High,1.0
CUS-007444,Unknown,Unknown,0.0,Low,1.0
CUS-007445,Unknown,Unknown,50.0,Medium,1.0
CUS-007446,Unknown,Unknown,100.0,High,1.0
CUS-007447,Unknown,Unknown,100.0,High,1.0
CUS-007448,Unknown,Unknown,100.0,High,1.0
CUS-007449,Unknown,Unknown,99.5,High,0.99
CUS-007450,Unknown,Unknown,100.0,High,1.0
CUS-007451,Unknown,Unknown,51.5,Medium,0.97
CUS-007452,Unknown,Unknown,50.0,Medium,1.0
CUS-007453,Unknown,Unknown,100.0,High,1.0
CUS-007454,Unknown,Unknown,50.5,Medium,0.99
CUS-007455,Unknown,Unknown,100.0,High,1.0
CUS-007456,Unknown,Unknown,52.0,Medium,0.96
CUS-007457,Unknown,Unknown,99.5,High,0.99
CUS-007458,Unknown,Unknown,100.0,High,1.0
CUS-007459,Unknown,Unknown,0.0,Low,1.0
CUS-007460,Unknown,Unknown,100.0,High,1.0
CUS-007461,Unknown,Unknown,98.5,High,0.97
CUS-007462,Unknown,Unknown,100.0,High,1.0
CUS-007463,Unknown,Unknown,0.0,Low,1.0
CUS-007464,Unknown,Unknown,100.0,High,1.0
CUS-007465,Unknown,Unknown,99.5,High,0.99
CUS-007466,Unknown,Unknown,50.5,Medium,0.99
CUS-007467,Unknown,Unknown,50.0,Medium,1.0
CUS-007468,Unknown,Unknown,0.0,Low,1.0
CUS-007469,Unknown,Unknown,100.0,High,1.0
CUS-007470,Unknown,Unknown,49.5,Medium,0.99
CUS-007471,Unknown,Unknown,98.5,High,0.97
CUS-007472,Unknown,Unknown,53.5,Medium,0.93
CUS-007473,Unknown,Unknown,98.5,High,0.97
CUS-007474,Unknown,Unknown,100.0,High,1.0
CUS-007475,Unknown,Unknown,50.0,Medium,1.0
CUS-007476,Unknown,Unknown,51.0,Medium,0.98
CUS-007477,Unknown,Unknown,100.0,High,1.0
CUS-007478,Unknown,Unknown,0.0,Low,1.0
CUS-007479,Unknown,Unknown,52.5,Medium,0.95
CUS-007480,Unknown,Unknown,99.5,High,0.99
CUS-007481,Unknown,Unknown,98.5,High,0.97
CUS-007482,Unknown,Unknown,51.0,Medium,0.98
CUS-007483,Unknown,Unknown,100.0,High,1.0
CUS-007484,Unknown,Unknown,99.5,High,0.99
CUS-007485,Unknown,Unknown,100.0,High,1.0
CUS-007486,Unknown,Unknown,99.5,High,0.99
CUS-007487,Unknown,Unknown,99.0,High,0.98
CUS-007488,Unknown,Unknown,49.5,Medium,0.99
CUS-007489,Unknown,Unknown,50.0,Medium,1.0
CUS-007490,Unknown,Unknown,49.0,Medium,0.98
CUS-007491,Unknown,Unknown,100.0,High,1.0
CUS-007492,Unknown,Unknown,100.0,High,1.0
CUS-007493,Unknown,Unknown,48.5,Medium,0.97
CUS-007494,Unknown,Unknown,52.5,Medium,0.95
CUS-007495,Unknown,Unknown,99.5,High,0.99
CUS-007496,Unknown,Unknown,100.0,High,1.0
CUS-007497,Unknown,Unknown,100.0,High,1.0
CUS-007498,Unknown,Unknown,50.5,Medium,0.99
CUS-007499,Unknown,Unknown,51.0,Medium,0.98
CUS-007500,Unknown,Unknown,50.0,Medium,1.0
CUS-007501,Unknown,Unknown,99.5,High,0.99
CUS-007502,Unknown,Unknown,100.0,High,1.0
CUS-007503,Unknown,Unknown,0.5,Low,0.99
CUS-007504,Unknown,Unknown,52.5,Medium,0.95
CUS-007505,Unknown,Unknown,100.0,High,1.0
CUS-007506,Unknown,Unknown,99.5,High,0.99
CUS-007507,Unknown,Unknown,100.0,High,1.0
CUS-007508,Unknown,Unknown,100.0,High,1.0
CUS-007509,Unknown,Unknown,100.0,High,1.0
CUS-007510,Unknown,Unknown,100.0,High,1.0
CUS-007511,Unknown,Unknown,50.0,Medium,1.0
CUS-007512,Unknown,Unknown,50.5,Medium,0.99
CUS-007513,Unknown,Unknown,48.5,Medium,0.97
CUS-007514,Unknown,Unknown,100.0,High,1.0
CUS-007515,Unknown,Unknown,51.5,Medium,0.97
CUS-007516,Unknown,Unknown,49.5,Medium,0.99
CUS-007517,Unknown,Unknown,100.0,High,1.0
CUS-007518,Unknown,Unknown,50.5,Medium,0.99
CUS-007519,Unknown,Unknown,50.0,Medium,1.0
CUS-007520,Unknown,Unknown,49.5,Medium,0.99
CUS-007521,Unknown,Unknown,49.5,Medium,0.99
CUS-007522,Unknown,Unknown,99.0,High,0.98
CUS-007523,Unknown,Unknown,99.5,High,0.99
CUS-007524,Unknown,Unknown,0.0,Low,1.0
CUS-007525,Unknown,Unknown,48.5,Medium,0.97
CUS-007526,Unknown,Unknown,50.0,Medium,1.0
CUS-007527,Unknown,Unknown,100.0,High,1.0
CUS-007528,Unknown,Unknown,100.0,High,1.0
CUS-007529,Unknown,Unknown,99.0,High,0.98
CUS-007530,Unknown,Unknown,48.0,Medium,0.96
CUS-007531,Unknown,Unknown,49.5,Medium,0.99
CUS-007532,Unknown,Unknown,100.0,High,1.0
CUS-007533,Unknown,Unknown,50.0,Medium,1.0
CUS-007534,Unknown,Unknown,49.0,Medium,0.98
CUS-007535,Unknown,Unknown,100.0,High,1.0
CUS-007536,Unknown,Unknown,100.0,High,1.0
CUS-007537,Unknown,Unknown,100.0,High,1.0
CUS-007538,Unknown,Unknown,100.0,High,1.0
CUS-007539,Unknown,Unknown,50.0,Medium,1.0
CUS-007540,Unknown,Unknown,0.0,Low,1.0
CUS-007541,Unknown,Unknown,51.0,Medium,0.98
CUS-007542,Unknown,Unknown,100.0,High,1.0
CUS-007543,Unknown,Unknown,50.0,Medium,1.0
CUS-007544,Unknown,Unknown,100.0,High,1.0
CUS-007545,Unknown,Unknown,100.0,High,1.0
CUS-007546,Unknown,Unknown,100.0,High,1.0
CUS-007547,Unknown,Unknown,99.5,High,0.99
CUS-007548,Unknown,Unknown,0.0,Low,1.0
CUS-007549,Unknown,Unknown,0.0,Low,1.0
CUS-007550,Unknown,Unknown,47.5,Medium,0.95
CUS-007551,Unknown,Unknown,100.0,High,1.0
CUS-007552,Unknown,Unknown,50.5,Medium,0.99
CUS-007553,Unknown,Unknown,99.0,High,0.98
CUS-007554,Unknown,Unknown,50.0,Medium,1.0
CUS-007555,Unknown,Unknown,50.0,Medium,1.0
CUS-007556,Unknown,Unknown,100.0,High,1.0
CUS-007557,Unknown,Unknown,98.5,High,0.97
CUS-007558,Unknown,Unknown,100.0,High,1.0
CUS-007559,Unknown,Unknown,100.0,High,1.0
CUS-007560,Unknown,Unknown,100.0,High,1.0
CUS-007561,Unknown,Unknown,100.0,High,1.0
CUS-007562,Unknown,Unknown,100.0,High,1.0
CUS-007563,Unknown,Unknown,0.0,Low,1.0
CUS-007564,Unknown,Unknown,100.0,High,1.0
CUS-007565,Unknown,Unknown,100.0,High,1.0
CUS-007566,Unknown,Unknown,98.5,High,0.97
CUS-007567,Unknown,Unknown,0.0,Low,1.0
CUS-007568,Unknown,Unknown,100.0,High,1.0
CUS-007569,Unknown,Unknown,50.0,Medium,1.0
CUS-007570,Unknown,Unknown,50.5,Medium,0.99
CUS-007571,Unknown,Unknown,99.0,High,0.98
CUS-007572,Unknown,Unknown,50.0,Medium,1.0
CUS-007573,Unknown,Unknown,50.0,Medium,0.96
CUS-007574,Unknown,Unknown,100.0,High,1.0
CUS-007575,Unknown,Unknown,50.0,Medium,1.0
CUS-007576,Unknown,Unknown,50.0,Medium,1.0
CUS-007577,Unknown,Unknown,100.0,High,1.0
CUS-007578,Unknown,Unknown,98.5,High,0.97
CUS-007579,Unknown,Unknown,48.0,Medium,0.96
CUS-007580,Unknown,Unknown,98.5,High,0.97
CUS-007581,Unknown,Unknown,50.0,Medium,0.98
CUS-007582,Unknown,Unknown,99.5,High,0.99
CUS-007583,Unknown,Unknown,0.0,Low,1.0
CUS-007584,Unknown,Unknown,100.0,High,1.0
CUS-007585,Unknown,Unknown,50.0,Medium,1.0
CUS-007586,Unknown,Unknown,100.0,High,1.0
CUS-007587,Unknown,Unknown,0.0,Low,1.0
CUS-007588,Unknown,Unknown,52.0,Medium,0.96
CUS-007589,Unknown,Unknown,50.0,Medium,1.0
CUS-007590,Unknown,Unknown,100.0,High,1.0
CUS-007591,Unknown,Unknown,100.0,High,1.0
CUS-007592,Unknown,Unknown,49.5,Medium,0.99
CUS-007593,Unknown,Unknown,100.0,High,1.0
CUS-007594,Unknown,Unknown,51.5,Medium,0.97
CUS-007595,Unknown,Unknown,100.0,High,1.0
CUS-007596,Unknown,Unknown,99.0,High,0.98
CUS-007597,Unknown,Unknown,100.0,High,1.0
CUS-007598,Unknown,Unknown,100.0,High,1.0
CUS-007599,Unknown,Unknown,100.0,High,1.0
CUS-007600,Unknown,Unknown,50.5,Medium,0.99
CUS-007601,Unknown,Unknown,100.0,High,1.0
CUS-007602,Unknown,Unknown,99.5,High,0.99
CUS-007603,Unknown,Unknown,100.0,High,1.0
CUS-007604,Unknown,Unknown,50.0,Medium,1.0
CUS-007605,Unknown,Unknown,50.5,Medium,0.99
CUS-007606,Unknown,Unknown,100.0,High,1.0
CUS-007607,Unknown,Unknown,100.0,High,1.0
CUS-007608,Unknown,Unknown,51.0,Medium,0.98
CUS-007609,Unknown,Unknown,50.0,Medium,1.0
CUS-007610,Unknown,Unknown,100.0,High,1.0
CUS-007611,Unknown,Unknown,100.0,High,1.0
CUS-007612,Unknown,Unknown,100.0,High,1.0
CUS-007613,Unknown,Unknown,100.0,High,1.0
CUS-007614,Unknown,Unknown,100.0,High,1.0
CUS-007615,Unknown,Unknown,98.0,High,0.96
CUS-007616,Unknown,Unknown,53.5,Medium,0.93
CUS-007617,Unknown,Unknown,100.0,High,1.0
CUS-007618,Unknown,Unknown,97.5,High,0.95
CUS-007619,Unknown,Unknown,99.5,High,0.99
CUS-007620,Unknown,Unknown,100.0,High,1.0
CUS-007621,Unknown,Unknown,98.0,High,0.96
CUS-007622,Unknown,Unknown,100.0,High,1.0
CUS-007623,Unknown,Unknown,0.0,Low,1.0
CUS-007624,Unknown,Unknown,100.0,High,1.0
CUS-007625,Unknown,Unknown,50.0,Medium,1.0
CUS-007626,Unknown,Unknown,50.0,Medium,1.0
CUS-007627,Unknown,Unknown,50.0,Medium,1.0
CUS-007628,Unknown,Unknown,100.0,High,1.0
CUS-007629,Unknown,Unknown,0.0,Low,1.0
CUS-007630,Unknown,Unknown,100.0,High,1.0
CUS-007631,Unknown,Unknown,98.5,High,0.97
CUS-007632,Unknown,Unknown,51.0,Medium,0.98
CUS-007633,Unknown,Unknown,100.0,High,1.0
CUS-007634,Unknown,Unknown,98.5,High,0.97
CUS-007635,Unknown,Unknown,0.0,Low,1.0
CUS-007636,Unknown,Unknown,50.0,Medium,1.0
CUS-007637,Unknown,Unknown,99.0,High,0.98
CUS-007638,Unknown,Unknown,99.5,High,0.99
CUS-007639,Unknown,Unknown,50.0,Medium,1.0
CUS-007640,Unknown,Unknown,100.0,High,1.0
CUS-007641,Unknown,Unknown,0.0,Low,1.0
CUS-007642,Unknown,Unknown,51.0,Medium,0.98
CUS-007643,Unknown,Unknown,53.0,Medium,0.94
CUS-007644,Unknown,Unknown,99.5,High,0.99
CUS-007645,Unknown,Unknown,100.0,High,1.0
CUS-007646,Unknown,Unknown,99.5,High,0.99
CUS-007647,Unknown,Unknown,49.5,Medium,0.99
CUS-007648,Unknown,Unknown,50.0,Medium,1.0
CUS-007649,Unknown,Unknown,50.5,Medium,0.99
CUS-007650,Unknown,Unknown,100.0,High,1.0
CUS-007651,Unknown,Unknown,100.0,High,1.0
CUS-007652,Unknown,Unknown,44.5,Medium,0.89
CUS-007653,Unknown,Unknown,99.0,High,0.98
CUS-007654,Unknown,Unknown,50.0,Medium,1.0
CUS-007655,Unknown,Unknown,51.0,Medium,0.98
CUS-007656,Unknown,Unknown,51.5,Medium,0.97
CUS-007657,Unknown,Unknown,99.5,High,0.99
CUS-007658,Unknown,Unknown,100.0,High,1.0
CUS-007659,Unknown,Unknown,0.5,Low,0.99
CUS-007660,Unknown,Unknown,99.5,High,0.99
CUS-007661,Unknown,Unknown,100.0,High,1.0
CUS-007662,Unknown,Unknown,100.0,High,1.0
CUS-007663,Unknown,Unknown,98.5,High,0.97
CUS-007664,Unknown,Unknown,100.0,High,1.0
CUS-007665,Unknown,Unknown,50.0,Medium,1.0
CUS-007666,Unknown,Unknown,100.0,High,1.0
CUS-007667,Unknown,Unknown,100.0,High,1.0
CUS-007668,Unknown,Unknown,100.0,High,1.0
CUS-007669,Unknown,Unknown,100.0,High,1.0
CUS-007670,Unknown,Unknown,100.0,High,1.0
CUS-007671,Unknown,Unknown,100.0,High,1.0
CUS-007672,Unknown,Unknown,96.0,High,0.93
CUS-007673,Unknown,Unknown,100.0,High,1.0
CUS-007674,Unknown,Unknown,99.5,High,0.99
CUS-007675,Unknown,Unknown,50.0,Medium,1.0
CUS-007676,Unknown,Unknown,50.0,Medium,1.0
CUS-007677,Unknown,Unknown,49.5,Medium,0.99
CUS-007678,Unknown,Unknown,51.5,Medium,0.97
CUS-007679,Unknown,Unknown,100.0,High,1.0
CUS-007680,Unknown,Unknown,50.0,Medium,1.0
CUS-007681,Unknown,Unknown,50.5,Medium,0.99
CUS-007682,Unknown,Unknown,98.5,High,0.97
CUS-007683,Unknown,Unknown,100.0,High,1.0
CUS-007684,Unknown,Unknown,100.0,High,1.0
CUS-007685,Unknown,Unknown,0.0,Low,1.0
CUS-007686,Unknown,Unknown,99.0,High,0.98
CUS-007687,Unknown,Unknown,50.0,Medium,1.0
CUS-007688,Unknown,Unknown,50.0,Medium,1.0
CUS-007689,Unknown,Unknown,100.0,High,1.0
CUS-007690,Unknown,Unknown,100.0,High,1.0
CUS-007691,Unknown,Unknown,0.0,Low,1.0
CUS-007692,Unknown,Unknown,98.5,High,0.97
CUS-007693,Unknown,Unknown,50.0,Medium,1.0
CUS-007694,Unknown,Unknown,0.0,Low,1.0
CUS-007695,Unknown,Unknown,0.0,Low,1.0
CUS-007696,Unknown,Unknown,100.0,High,1.0
CUS-007697,Unknown,Unknown,51.5,Medium,0.97
CUS-007698,Unknown,Unknown,50.0,Medium,1.0
CUS-007699,Unknown,Unknown,52.5,Medium,0.95
CUS-007700,Unknown,Unknown,100.0,High,1.0
CUS-007701,Unknown,Unknown,0.0,Low,1.0
CUS-007702,Unknown,Unknown,49.5,Medium,0.99
CUS-007703,Unknown,Unknown,99.5,High,0.99
CUS-007704,Unknown,Unknown,50.5,Medium,0.99
CUS-007705,Unknown,Unknown,100.0,High,1.0
CUS-007706,Unknown,Unknown,49.5,Medium,0.99
CUS-007707,Unknown,Unknown,49.5,Medium,0.99
CUS-007708,Unknown,Unknown,50.0,Medium,1.0
CUS-007709,Unknown,Unknown,100.0,High,1.0
CUS-007710,Unknown,Unknown,100.0,High,1.0
CUS-007711,Unknown,Unknown,50.5,Medium,0.99
CUS-007712,Unknown,Unknown,99.0,High,0.98
CUS-007713,Unknown,Unknown,100.0,High,1.0
CUS-007714,Unknown,Unknown,87.0,High,0.74
CUS-007715,Unknown,Unknown,0.0,Low,1.0
CUS-007716,Unknown,Unknown,48.5,Medium,0.97
CUS-007717,Unknown,Unknown,100.0,High,1.0
CUS-007718,Unknown,Unknown,100.0,High,1.0
CUS-007719,Unknown,Unknown,99.5,High,0.99
CUS-007720,Unknown,Unknown,100.0,High,1.0
CUS-007721,Unknown,Unknown,0.5,Low,0.99
CUS-007722,Unknown,Unknown,100.0,High,1.0
CUS-007723,Unknown,Unknown,0.0,Low,1.0
CUS-007724,Unknown,Unknown,97.0,High,0.94
CUS-007725,Unknown,Unknown,97.5,High,0.95
CUS-007726,Unknown,Unknown,100.0,High,1.0
CUS-007727,Unknown,Unknown,0.0,Low,1.0
CUS-007728,Unknown,Unknown,0.0,Low,1.0
CUS-007729,Unknown,Unknown,99.5,High,0.99
CUS-007730,Unknown,Unknown,50.0,Medium,1.0
CUS-007731,Unknown,Unknown,50.0,Medium,1.0
CUS-007732,Unknown,Unknown,100.0,High,1.0
CUS-007733,Unknown,Unknown,100.0,High,1.0
CUS-007734,Unknown,Unknown,0.0,Low,1.0
CUS-007735,Unknown,Unknown,99.0,High,0.98
CUS-007736,Unknown,Unknown,100.0,High,1.0
CUS-007737,Unknown,Unknown,100.0,High,1.0
CUS-007738,Unknown,Unknown,50.0,Medium,1.0
CUS-007739,Unknown,Unknown,100.0,High,1.0
CUS-007740,Unknown,Unknown,52.5,Medium,0.95
CUS-007741,Unknown,Unknown,96.0,High,0.92
CUS-007742,Unknown,Unknown,100.0,High,1.0
CUS-007743,Unknown,Unknown,50.5,Medium,0.99
CUS-007744,Unknown,Unknown,99.5,High,0.99
CUS-007745,Unknown,Unknown,100.0,High,1.0
CUS-007746,Unknown,Unknown,51.5,Medium,0.97
CUS-007747,Unknown,Unknown,100.0,High,1.0
CUS-007748,Unknown,Unknown,100.0,High,1.0
CUS-007749,Unknown,Unknown,99.5,High,0.99
CUS-007750,Unknown,Unknown,50.0,Medium,1.0
CUS-007751,Unknown,Unknown,52.0,Medium,0.96
CUS-007752,Unknown,Unknown,95.5,High,0.91
CUS-007753,Unknown,Unknown,99.5,High,0.99
CUS-007754,Unknown,Unknown,100.0,High,1.0
CUS-007755,Unknown,Unknown,100.0,High,1.0
CUS-007756,Unknown,Unknown,99.0,High,0.98
CUS-007757,Unknown,Unknown,50.5,Medium,0.99
CUS-007758,Unknown,Unknown,0.0,Low,1.0
CUS-007759,Unknown,Unknown,100.0,High,1.0
CUS-007760,Unknown,Unknown,99.5,High,0.99
CUS-007761,Unknown,Unknown,100.0,High,1.0
CUS-007762,Unknown,Unknown,100.0,High,1.0
CUS-007763,Unknown,Unknown,95.5,High,0.91
CUS-007764,Unknown,Unknown,93.0,High,0.86
CUS-007765,Unknown,Unknown,100.0,High,1.0
CUS-007766,Unknown,Unknown,50.5,Medium,0.99
CUS-007767,Unknown,Unknown,100.0,High,1.0
CUS-007768,Unknown,Unknown,100.0,High,1.0
CUS-007769,Unknown,Unknown,100.0,High,1.0
CUS-007770,Unknown,Unknown,100.0,High,1.0
CUS-007771,Unknown,Unknown,0.0,Low,1.0
CUS-007772,Unknown,Unknown,50.5,Medium,0.99
CUS-007773,Unknown,Unknown,0.0,Low,1.0
CUS-007774,Unknown,Unknown,100.0,High,1.0
CUS-007775,Unknown,Unknown,99.5,High,0.99
CUS-007776,Unknown,Unknown,50.0,Medium,1.0
CUS-007777,Unknown,Unknown,50.0,Medium,0.98
CUS-007778,Unknown,Unknown,50.0,Medium,1.0
CUS-007779,Unknown,Unknown,99.5,High,0.99
CUS-007780,Unknown,Unknown,99.0,High,0.98
CUS-007781,Unknown,Unknown,100.0,High,1.0
CUS-007782,Unknown,Unknown,50.0,Medium,1.0
CUS-007783,Unknown,Unknown,98.5,High,0.97
CUS-007784,Unknown,Unknown,100.0,High,1.0
CUS-007785,Unknown,Unknown,99.0,High,0.98
CUS-007786,Unknown,Unknown,99.5,High,0.99
CUS-007787,Unknown,Unknown,50.0,Medium,1.0
CUS-007788,Unknown,Unknown,54.5,Medium,0.91
CUS-007789,Unknown,Unknown,99.5,High,0.99
CUS-007790,Unknown,Unknown,51.0,Medium,0.98
CUS-007791,Unknown,Unknown,100.0,High,1.0
CUS-007792,Unknown,Unknown,49.5,Medium,0.99
CUS-007793,Unknown,Unknown,99.5,High,0.99
CUS-007794,Unknown,Unknown,99.5,High,0.99
CUS-007795,Unknown,Unknown,50.0,Medium,1.0
CUS-007796,Unknown,Unknown,100.0,High,1.0
CUS-007797,Unknown,Unknown,50.0,Medium,1.0
CUS-007798,Unknown,Unknown,100.0,High,1.0
CUS-007799,Unknown,Unknown,50.5,Medium,0.99
CUS-007800,Unknown,Unknown,49.0,Medium,0.98
CUS-007801,Unknown,Unknown,50.0,Medium,1.0
CUS-007802,Unknown,Unknown,99.5,High,0.99
CUS-007803,Unknown,Unknown,51.0,Medium,0.98
CUS-007804,Unknown,Unknown,50.0,Medium,1.0
CUS-007805,Unknown,Unknown,50.0,Medium,1.0
CUS-007806,Unknown,Unknown,97.5,High,0.95
CUS-007807,Unknown,Unknown,100.0,High,1.0
CUS-007808,Unknown,Unknown,100.0,High,1.0
CUS-007809,Unknown,Unknown,100.0,High,1.0
CUS-007810,Unknown,Unknown,50.0,Medium,1.0
CUS-007811,Unknown,Unknown,49.0,Medium,0.98
CUS-007812,Unknown,Unknown,50.0,Medium,1.0
CUS-007813,Unknown,Unknown,99.5,High,0.99
CUS-007814,Unknown,Unknown,51.5,Medium,0.97
CUS-007815,Unknown,Unknown,100.0,High,1.0
CUS-007816,Unknown,Unknown,99.5,High,0.99
CUS-007817,Unknown,Unknown,100.0,High,1.0
CUS-007818,Unknown,Unknown,50.0,Medium,1.0
CUS-007819,Unknown,Unknown,50.0,Medium,1.0
CUS-007820,Unknown,Unknown,100.0,High,1.0
CUS-007821,Unknown,Unknown,100.0,High,1.0
CUS-007822,Unknown,Unknown,50.0,Medium,1.0
CUS-007823,Unknown,Unknown,99.0,High,0.98
CUS-007824,Unknown,Unknown,51.0,Medium,0.98
CUS-007825,Unknown,Unknown,99.5,High,0.99
CUS-007826,Unknown,Unknown,0.0,Low,1.0
CUS-007827,Unknown,Unknown,100.0,High,1.0
CUS-007828,Unknown,Unknown,49.5,Medium,0.99
CUS-007829,Unknown,Unknown,99.5,High,0.99
CUS-007830,Unknown,Unknown,49.5,Medium,0.99
CUS-007831,Unknown,Unknown,100.0,High,1.0
CUS-007832,Unknown,Unknown,99.0,High,0.98
CUS-007833,Unknown,Unknown,50.0,Medium,1.0
CUS-007834,Unknown,Unknown,100.0,High,1.0
CUS-007835,Unknown,Unknown,98.0,High,0.96
CUS-007836,Unknown,Unknown,51.0,Medium,0.98
CUS-007837,Unknown,Unknown,50.0,Medium,1.0
CUS-007838,Unknown,Unknown,100.0,High,1.0
CUS-007839,Unknown,Unknown,98.0,High,0.96
CUS-007840,Unknown,Unknown,99.0,High,0.98
CUS-007841,Unknown,Unknown,100.0,High,1.0
CUS-007842,Unknown,Unknown,50.5,Medium,0.99
CUS-007843,Unknown,Unknown,50.0,Medium,1.0
CUS-007844,Unknown,Unknown,100.0,High,1.0
CUS-007845,Unknown,Unknown,49.0,Medium,0.98
CUS-007846,Unknown,Unknown,100.0,High,1.0
CUS-007847,Unknown,Unknown,99.5,High,0.99
CUS-007848,Unknown,Unknown,98.5,High,0.97
CUS-007849,Unknown,Unknown,49.0,Medium,0.98
CUS-007850,Unknown,Unknown,100.0,High,1.0
CUS-007851,Unknown,Unknown,50.0,Medium,1.0
CUS-007852,Unknown,Unknown,50.0,Medium,1.0
CUS-007853,Unknown,Unknown,50.5,Medium,0.99
CUS-007854,Unknown,Unknown,50.0,Medium,1.0
CUS-007855,Unknown,Unknown,49.5,Medium,0.99
CUS-007856,Unknown,Unknown,100.0,High,1.0
CUS-007857,Unknown,Unknown,49.0,Medium,0.98
CUS-007858,Unknown,Unknown,49.5,Medium,0.99
CUS-007859,Unknown,Unknown,100.0,High,1.0
CUS-007860,Unknown,Unknown,100.0,High,1.0
CUS-007861,Unknown,Unknown,100.0,High,1.0
CUS-007862,Unknown,Unknown,50.0,Medium,1.0
CUS-007863,Unknown,Unknown,51.0,Medium,0.98
CUS-007864,Unknown,Unknown,50.0,Medium,1.0
CUS-007865,Unknown,Unknown,99.0,High,0.98
CUS-007866,Unknown,Unknown,50.0,Medium,1.0
CUS-007867,Unknown,Unknown,49.5,Medium,0.99
CUS-007868,Unknown,Unknown,50.0,Medium,1.0
CUS-007869,Unknown,Unknown,99.5,High,0.99
CUS-007870,Unknown,Unknown,50.0,Medium,1.0
CUS-007871,Unknown,Unknown,0.0,Low,1.0
CUS-007872,Unknown,Unknown,0.0,Low,1.0
CUS-007873,Unknown,Unknown,49.5,Medium,0.99
CUS-007874,Unknown,Unknown,50.0,Medium,1.0
CUS-007875,Unknown,Unknown,100.0,High,1.0
CUS-007876,Unknown,Unknown,50.0,Medium,1.0
CUS-007877,Unknown,Unknown,100.0,High,1.0
CUS-007878,Unknown,Unknown,100.0,High,1.0
CUS-007879,Unknown,Unknown,100.0,High,1.0
CUS-007880,Unknown,Unknown,100.0,High,1.0
CUS-007881,Unknown,Unknown,0.0,Low,1.0
CUS-007882,Unknown,Unknown,0.0,Low,1.0
CUS-007883,Unknown,Unknown,100.0,High,1.0
CUS-007884,Unknown,Unknown,100.0,High,1.0
CUS-007885,Unknown,Unknown,0.0,Low,1.0
CUS-007886,Unknown,Unknown,50.0,Medium,1.0
CUS-007887,Unknown,Unknown,100.0,High,1.0
CUS-007888,Unknown,Unknown,0.0,Low,1.0
CUS-007889,Unknown,Unknown,100.0,High,1.0
CUS-007890,Unknown,Unknown,100.0,High,1.0
CUS-007891,Unknown,Unknown,99.5,High,0.99
CUS-007892,Unknown,Unknown,100.0,High,1.0
CUS-007893,Unknown,Unknown,99.0,High,0.98
CUS-007894,Unknown,Unknown,50.5,Medium,0.99
CUS-007895,Unknown,Unknown,50.5,Medium,0.99
CUS-007896,Unknown,Unknown,52.0,Medium,0.96
CUS-007897,Unknown,Unknown,99.0,High,0.98
CUS-007898,Unknown,Unknown,97.5,High,0.95
CUS-007899,Unknown,Unknown,100.0,High,1.0
CUS-007900,Unknown,Unknown,51.0,Medium,0.98
CUS-007901,Unknown,Unknown,99.5,High,0.99
CUS-007902,Unknown,Unknown,99.5,High,0.99
CUS-007903,Unknown,Unknown,100.0,High,1.0
CUS-007904,Unknown,Unknown,50.0,Medium,1.0
CUS-007905,Unknown,Unknown,99.5,High,0.99
CUS-007906,Unknown,Unknown,0.0,Low,1.0
CUS-007907,Unknown,Unknown,100.0,High,1.0
CUS-007908,Unknown,Unknown,100.0,High,1.0
CUS-007909,Unknown,Unknown,51.5,Medium,0.97
CUS-007910,Unknown,Unknown,50.0,Medium,1.0
CUS-007911,Unknown,Unknown,51.0,Medium,0.98
CUS-007912,Unknown,Unknown,52.0,Medium,0.96
CUS-007913,Unknown,Unknown,100.0,High,1.0
CUS-007914,Unknown,Unknown,50.0,Medium,1.0
CUS-007915,Unknown,Unknown,100.0,High,1.0
CUS-007916,Unknown,Unknown,100.0,High,1.0
CUS-007917,Unknown,Unknown,100.0,High,1.0
CUS-007918,Unknown,Unknown,0.0,Low,1.0
CUS-007919,Unknown,Unknown,100.0,High,1.0
CUS-007920,Unknown,Unknown,99.0,High,0.98
CUS-007921,Unknown,Unknown,100.0,High,1.0
CUS-007922,Unknown,Unknown,100.0,High,1.0
CUS-007923,Unknown,Unknown,99.0,High,0.98
CUS-007924,Unknown,Unknown,98.5,High,0.97
CUS-007925,Unknown,Unknown,50.5,Medium,0.99
CUS-007926,Unknown,Unknown,99.5,High,0.99
CUS-007927,Unknown,Unknown,50.0,Medium,1.0
CUS-007928,Unknown,Unknown,99.5,High,0.99
CUS-007929,Unknown,Unknown,49.5,Medium,0.99
CUS-007930,Unknown,Unknown,100.0,High,1.0
CUS-007931,Unknown,Unknown,50.0,Medium,1.0
CUS-007932,Unknown,Unknown,99.0,High,0.98
CUS-007933,Unknown,Unknown,50.0,Medium,1.0
CUS-007934,Unknown,Unknown,50.0,Medium,1.0
CUS-007935,Unknown,Unknown,99.0,High,0.98
CUS-007936,Unknown,Unknown,99.5,High,0.99
CUS-007937,Unknown,Unknown,99.0,High,0.98
CUS-007938,Unknown,Unknown,50.5,Medium,0.99
CUS-007939,Unknown,Unknown,49.0,Medium,0.98
CUS-007940,Unknown,Unknown,100.0,High,1.0
CUS-007941,Unknown,Unknown,50.0,Medium,1.0
CUS-007942,Unknown,Unknown,100.0,High,1.0
CUS-007943,Unknown,Unknown,100.0,High,1.0
CUS-007944,Unknown,Unknown,50.5,Medium,0.99
CUS-007945,Unknown,Unknown,100.0,High,1.0
CUS-007946,Unknown,Unknown,50.0,Medium,1.0
CUS-007947,Unknown,Unknown,100.0,High,1.0
CUS-007948,Unknown,Unknown,50.0,Medium,1.0
CUS-007949,Unknown,Unknown,100.0,High,1.0
CUS-007950,Unknown,Unknown,99.5,High,0.99
CUS-007951,Unknown,Unknown,99.5,High,0.99
CUS-007952,Unknown,Unknown,100.0,High,1.0
CUS-007953,Unknown,Unknown,100.0,High,1.0
CUS-007954,Unknown,Unknown,48.5,Medium,0.97
CUS-007955,Unknown,Unknown,99.0,High,0.98
CUS-007956,Unknown,Unknown,97.0,High,0.94
CUS-007957,Unknown,Unknown,50.5,Medium,0.99
CUS-007958,Unknown,Unknown,50.5,Medium,0.99
CUS-007959,Unknown,Unknown,49.0,Medium,0.98
CUS-007960,Unknown,Unknown,100.0,High,1.0
CUS-007961,Unknown,Unknown,0.0,Low,1.0
CUS-007962,Unknown,Unknown,49.5,Medium,0.99
CUS-007963,Unknown,Unknown,50.0,Medium,1.0
CUS-007964,Unknown,Unknown,98.0,High,0.96
CUS-007965,Unknown,Unknown,0.0,Low,1.0
CUS-007966,Unknown,Unknown,100.0,High,1.0
CUS-007967,Unknown,Unknown,100.0,High,1.0
CUS-007968,Unknown,Unknown,100.0,High,1.0
CUS-007969,Unknown,Unknown,0.0,Low,1.0
CUS-007970,Unknown,Unknown,100.0,High,1.0
CUS-007971,Unknown,Unknown,50.0,Medium,1.0
CUS-007972,Unknown,Unknown,0.0,Low,1.0
CUS-007973,Unknown,Unknown,51.5,Medium,0.97
CUS-007974,Unknown,Unknown,48.5,Medium,0.97
CUS-007975,Unknown,Unknown,99.5,High,0.99
CUS-007976,Unknown,Unknown,100.0,High,1.0
CUS-007977,Unknown,Unknown,100.0,High,1.0
CUS-007978,Unknown,Unknown,99.5,High,0.99
CUS-007979,Unknown,Unknown,51.5,Medium,0.97
CUS-007980,Unknown,Unknown,50.0,Medium,1.0
CUS-007981,Unknown,Unknown,56.5,Medium,0.87
CUS-007982,Unknown,Unknown,50.5,Medium,0.99
CUS-007983,Unknown,Unknown,99.5,High,0.99
CUS-007984,Unknown,Unknown,50.5,Medium,0.99
CUS-007985,Unknown,Unknown,100.0,High,1.0
CUS-007986,Unknown,Unknown,0.0,Low,1.0
CUS-007987,Unknown,Unknown,99.5,High,0.99
CUS-007988,Unknown,Unknown,50.0,Medium,1.0
CUS-007989,Unknown,Unknown,100.0,High,1.0
CUS-007990,Unknown,Unknown,99.5,High,0.99
CUS-007991,Unknown,Unknown,99.0,High,0.98
CUS-007992,Unknown,Unknown,98.0,High,0.96
CUS-007993,Unknown,Unknown,50.5,Medium,0.99
CUS-007994,Unknown,Unknown,100.0,High,1.0
CUS-007995,Unknown,Unknown,49.5,Medium,0.99
CUS-007996,Unknown,Unknown,50.0,Medium,1.0
CUS-007997,Unknown,Unknown,0.0,Low,1.0
CUS-007998,Unknown,Unknown,100.0,High,1.0
CUS-007999,Unknown,Unknown,0.0,Low,1.0
CUS-008000,Unknown,Unknown,50.0,Medium,1.0
