product_id,product_name,category,subcategory,supplier_id,unit_cost,list_price,margin_rate,demand_score,lifecycle_stage,is_active,lead_time_days,avg_predicted_demand,std_predicted_demand,safety_stock,reorder_point,optimal_inventory_target
PRD-00001,Product 0001,Automation,Scheduling,SUP-00044,1348.65,2177.4,0.615,46.75,Intro,1,33,22.971582864546946,10.616093417615005,18.37,43.64,66.61
PRD-00002,Product 0002,Security,Compliance,SUP-00030,12216.8,16779.41,0.373,67.11,Decline,1,34,30.89303256946537,17.454223754104312,30.66,65.67,96.56
PRD-00003,Product 0003,Security,Compliance,SUP-00128,7599.24,10856.86,0.429,75.28,Growth,1,8,36.95670967960028,18.707681415392667,15.94,25.8,62.76
PRD-00004,Product 0004,Automation,Integration,SUP-00043,6920.72,9437.51,0.364,45.71,Decline,1,26,25.33348275624172,13.449822911298329,20.66,42.62,67.95
PRD-00005,Product 0005,Operations,Procurement,SUP-00042,8503.06,10434.33,0.227,66.27,Mature,1,45,33.55560638069134,14.370104235866801,29.04,79.37,112.93
PRD-00006,Product 0006,Automation,Workflow,SUP-00094,16831.71,25851.96,0.536,17.48,Mature,1,31,13.208726088874212,4.803151459280485,8.06,21.71,34.92
PRD-00007,Product 0007,Automation,Integration,SUP-00100,17611.03,26468.64,0.503,36.63,Mature,1,35,18.864286893197043,11.446164870030735,20.4,42.41,61.27
PRD-00008,Product 0008,Finance,Revenue Ops,SUP-00080,17567.73,24164.91,0.376,83.55,Mature,0,18,35.69399617503025,16.89214282909854,21.59,43.01,78.7
PRD-00009,Product 0009,Security,Risk Scoring,SUP-00020,11655.36,14731.5,0.264,47.01,Growth,1,44,22.132873119785735,11.566784460635326,23.11,55.57,77.7
PRD-00010,Product 0010,Security,Threat Detection,SUP-00067,14562.17,21866.69,0.502,53.07,Mature,1,17,28.585844324316195,14.52976839003636,18.05,34.25,62.84
PRD-00011,Product 0011,Security,Risk Scoring,SUP-00068,3062.28,4057.23,0.325,48.1,Mature,1,17,25.365257348758867,14.260506787941681,17.71,32.08,57.45
PRD-00012,Product 0012,Analytics,Reporting,SUP-00084,9555.36,13325.25,0.395,32.54,Growth,1,11,17.46070514299398,7.884427033986697,7.88,14.28,31.74
PRD-00013,Product 0013,Analytics,Dashboards,SUP-00146,5658.37,7313.05,0.292,44.42,Mature,1,34,22.398496409796856,9.547276498280205,16.77,42.15,64.55
PRD-00014,Product 0014,Security,Threat Detection,SUP-00058,3147.36,4297.94,0.366,61.9,Mature,1,8,29.53008076684286,15.954723928367066,13.59,21.46,50.99
PRD-00015,Product 0015,Analytics,Reporting,SUP-00004,12692.82,20068.85,0.581,55.45,Growth,1,15,26.218713518715383,14.649028927197561,17.09,30.2,56.42
PRD-00016,Product 0016,Automation,Scheduling,SUP-00017,237.82,311.88,0.311,80.25,Decline,1,21,36.40099560004232,16.610007497983524,22.93,48.41,84.81
PRD-00017,Product 0017,Analytics,Dashboards,SUP-00025,15588.29,21053.34,0.351,51.48,Growth,0,11,28.1799592407257,14.548438666352958,14.54,24.87,53.05
PRD-00018,Product 0018,Operations,Procurement,SUP-00139,17859.19,25062.7,0.403,61.8,Mature,0,41,31.076760880470175,13.868487561080505,26.75,69.22,100.3
PRD-00019,Product 0019,Finance,Revenue Ops,SUP-00103,5818.39,7593.27,0.305,52.75,Decline,1,14,27.18523394423144,13.521154389349771,15.24,27.93,55.12
PRD-00020,Product 0020,Analytics,Dashboards,SUP-00048,2450.93,3936.8,0.606,77.88,Decline,1,22,31.114849615272497,14.752763772418515,20.85,43.67,74.78
PRD-00021,Product 0021,Finance,Budgeting,SUP-00128,14239.19,17458.04,0.226,37.64,Mature,1,8,19.418087469657472,10.683511791932007,9.1,14.28,33.7
PRD-00022,Product 0022,Security,Compliance,SUP-00157,14429.4,17806.23,0.234,70.12,Decline,1,16,28.88331656740586,12.83109691568232,15.46,30.86,59.74
PRD-00023,Product 0023,Analytics,Forecasting,SUP-00070,14088.78,20521.18,0.457,68.88,Mature,1,37,29.507670514809185,14.853403779590199,27.22,63.61,93.12
PRD-00024,Product 0024,Automation,RPA,SUP-00126,12723.75,18423.81,0.448,48.04,Growth,1,30,28.30507752690725,11.781903185045554,19.44,47.75,76.06
PRD-00025,Product 0025,Automation,Integration,SUP-00122,14220.37,18560.7,0.305,60.31,Mature,1,19,29.971370460534946,12.552398098275795,16.48,35.46,65.43
PRD-00026,Product 0026,Automation,Integration,SUP-00043,15542.67,18860.72,0.213,68.58,Intro,1,26,31.452225055045478,15.497449748669471,23.81,51.07,82.52
PRD-00027,Product 0027,Automation,Scheduling,SUP-00156,691.71,856.26,0.238,50.24,Mature,1,22,25.97687281658035,11.436677771171341,16.16,35.21,61.19
PRD-00028,Product 0028,Finance,Expense Control,SUP-00151,17849.07,22807.07,0.278,49.88,Growth,1,26,28.711021885836296,15.030217489811198,23.09,47.97,76.68
PRD-00029,Product 0029,Security,Compliance,SUP-00112,13783.13,18689.83,0.356,41.09,Growth,0,26,23.38999231800294,12.251883733412344,18.82,39.09,62.48
PRD-00030,Product 0030,Analytics,Reporting,SUP-00156,9843.8,14041.45,0.426,96.38,Growth,1,22,36.68867013895665,18.48417405976705,26.12,53.03,89.72
PRD-00031,Product 0031,Automation,RPA,SUP-00071,7230.89,10503.76,0.453,54.06,Growth,1,43,25.98937322685284,13.122819440991002,25.92,63.17,89.16
PRD-00032,Product 0032,Automation,RPA,SUP-00113,17786.99,26432.23,0.486,41.16,Mature,1,44,25.66817923109007,14.07701758572946,28.13,65.78,91.45
PRD-00033,Product 0033,Finance,Planning,SUP-00101,1739.39,2089.73,0.201,31.94,Growth,1,19,21.66544548340448,8.001963790046892,10.51,24.23,45.9
PRD-00034,Product 0034,Finance,Expense Control,SUP-00096,13844.07,19666.52,0.421,48.35,Decline,1,33,29.248129131292917,12.910316822052014,22.34,54.51,83.76
PRD-00035,Product 0035,Analytics,Dashboards,SUP-00050,2507.04,3007.04,0.199,66.54,Intro,1,11,27.621676581758386,13.911873460718825,13.9,24.03,51.65
PRD-00036,Product 0036,Operations,Logistics,SUP-00057,10098.44,14811.01,0.467,57.66,Growth,1,31,26.06027586609759,11.346967320198717,19.03,45.96,72.02
PRD-00037,Product 0037,Security,IAM,SUP-00016,8423.27,11120.66,0.32,67.96,Growth,1,36,32.93419006741503,14.961254509269446,27.04,66.56,99.49
PRD-00038,Product 0038,Automation,RPA,SUP-00080,2002.55,2898.51,0.447,74.16,Mature,1,18,30.99048719763771,14.814366133633618,18.93,37.52,68.51
PRD-00039,Product 0039,Automation,Workflow,SUP-00024,3274.48,4551.13,0.39,59.43,Intro,1,39,27.218643074200124,13.187876843296946,24.81,60.19,87.41
PRD-00040,Product 0040,Operations,Procurement,SUP-00081,6554.83,10086.42,0.539,59.83,Decline,1,14,28.79201565692688,12.642693189082395,14.25,27.69,56.48
PRD-00041,Product 0041,Security,Risk Scoring,SUP-00071,5901.09,7217.15,0.223,88.62,Growth,1,43,33.60884865091022,19.957322413696115,39.42,87.59,121.2
PRD-00042,Product 0042,Analytics,Forecasting,SUP-00022,4285.28,6063.82,0.415,74.52,Growth,1,38,33.00089266633223,14.759222138108623,27.41,69.21,102.21
PRD-00043,Product 0043,Automation,RPA,SUP-00046,8794.96,11584.53,0.317,68.54,Mature,1,40,34.4626548537405,15.878886235573916,30.25,76.2,110.66
PRD-00044,Product 0044,Analytics,Dashboards,SUP-00142,10739.27,12731.91,0.186,56.17,Intro,1,14,26.212285693085825,14.66786510037417,16.53,28.76,54.97
PRD-00045,Product 0045,Analytics,Dashboards,SUP-00008,12898.71,18274.53,0.417,73.48,Mature,1,13,35.38750519101075,15.374489421995909,16.7,32.03,67.42
PRD-00046,Product 0046,Analytics,Reporting,SUP-00034,5866.85,8941.89,0.524,67.99,Growth,1,29,32.49039417559896,16.3835903839924,26.58,57.99,90.48
PRD-00047,Product 0047,Finance,Budgeting,SUP-00061,11711.63,16982.83,0.45,67.35,Mature,1,26,31.254281213919597,15.895773483452942,24.42,51.51,82.76
PRD-00048,Product 0048,Automation,Workflow,SUP-00118,10975.31,13177.69,0.201,74.19,Growth,1,13,31.731067764758468,16.49465453136305,17.92,31.67,63.4
PRD-00049,Product 0049,Security,Threat Detection,SUP-00137,12685.19,18583.64,0.465,67.54,Mature,1,36,32.69750978321454,14.30962078263553,25.86,65.1,97.8
PRD-00050,Product 0050,Finance,Budgeting,SUP-00124,17215.21,25744.09,0.495,36.17,Growth,1,12,18.71757111382791,8.042742741061415,8.39,15.88,34.6
PRD-00051,Product 0051,Operations,Inventory Control,SUP-00014,16223.93,19658.82,0.212,62.93,Decline,1,12,33.33665782008663,14.740371375111591,15.38,28.71,62.05
PRD-00052,Product 0052,Finance,Planning,SUP-00060,15086.21,20362.14,0.35,43.04,Growth,1,44,19.58734850700244,9.400100052897457,18.78,47.51,67.1
PRD-00053,Product 0053,Security,Compliance,SUP-00145,12814.87,16804.94,0.311,72.77,Mature,1,23,34.36490378116538,16.36389182992685,23.64,49.99,84.35
PRD-00054,Product 0054,Analytics,Forecasting,SUP-00118,5118.59,7728.1,0.51,35.34,Mature,1,13,19.634136116189747,9.802899001079151,10.65,19.16,38.79
PRD-00055,Product 0055,Analytics,Data Modeling,SUP-00026,2706.75,3632.52,0.342,61.47,Intro,1,22,31.704910574928295,15.761864732531476,22.27,45.52,77.22
PRD-00056,Product 0056,Finance,Expense Control,SUP-00065,12531.06,15933.23,0.271,62.98,Mature,1,37,29.701113524451536,16.126630488722434,29.55,66.18,95.88
PRD-00057,Product 0057,Finance,Expense Control,SUP-00074,10635.44,15034.88,0.414,42.5,Growth,1,32,22.534209256445127,10.819011787594755,18.44,42.48,65.01
PRD-00058,Product 0058,Operations,Maintenance,SUP-00035,10239.03,15503.64,0.514,60.62,Growth,1,22,31.480676887440957,16.78403912155546,23.72,46.81,78.29
PRD-00059,Product 0059,Automation,Scheduling,SUP-00143,12760.59,17260.97,0.353,75.05,Mature,1,19,32.34415316768149,16.343242872072853,21.46,41.94,74.28
PRD-00060,Product 0060,Analytics,Forecasting,SUP-00119,11343.66,17860.17,0.574,52.54,Mature,1,39,27.494831595308437,12.219276506153745,22.99,58.73,86.22
PRD-00061,Product 0061,Operations,Inventory Control,SUP-00013,4207.88,6170.24,0.466,66.92,Growth,1,29,30.840670164319455,14.865348191343825,24.12,53.93,84.77
PRD-00062,Product 0062,Automation,Integration,SUP-00037,16447.56,20248.9,0.231,70.63,Mature,1,34,30.913632239381883,14.348031428937386,25.2,60.24,91.15
PRD-00063,Product 0063,Finance,Expense Control,SUP-00094,15862.04,25531.05,0.61,43.85,Growth,1,31,27.38326925095627,14.778561266833144,24.79,53.09,80.47
PRD-00064,Product 0064,Operations,Logistics,SUP-00116,2333.78,3496.81,0.498,62.7,Decline,1,40,32.274741168249605,15.827448602503411,30.16,73.19,105.46
PRD-00065,Product 0065,Security,Compliance,SUP-00121,10754.32,13806.88,0.284,58.42,Mature,1,25,29.8597214291837,15.591063273182938,23.48,48.36,78.22
PRD-00066,Product 0066,Finance,Planning,SUP-00151,16382.78,21563.86,0.316,61.75,Growth,1,26,28.871002758455397,13.04034201671248,20.03,45.05,73.92
PRD-00067,Product 0067,Security,Compliance,SUP-00093,12039.34,16706.5,0.388,34.73,Mature,1,16,20.25839446380121,9.671678557413173,11.65,22.45,42.71
PRD-00068,Product 0068,Operations,Logistics,SUP-00031,9455.0,11247.01,0.19,38.07,Growth,0,15,21.822973016449065,11.025336347080229,12.86,23.77,45.59
PRD-00069,Product 0069,Automation,RPA,SUP-00007,16442.62,25876.86,0.574,82.74,Mature,1,40,34.204753736201994,17.802328147384333,33.92,79.53,113.73
PRD-00070,Product 0070,Finance,Planning,SUP-00011,13896.04,16889.02,0.215,74.86,Growth,1,15,32.119585399124844,16.573899752159573,19.34,35.4,67.52
PRD-00071,Product 0071,Analytics,Reporting,SUP-00088,11857.98,14885.72,0.255,65.74,Growth,1,37,30.598509596011702,15.084480664557065,27.64,65.38,95.98
PRD-00072,Product 0072,Automation,Integration,SUP-00102,7825.19,11079.35,0.416,77.33,Growth,1,22,35.03549549878953,18.204803446921897,25.72,51.41,86.45
PRD-00073,Product 0073,Analytics,Reporting,SUP-00024,13986.98,21409.27,0.531,39.46,Intro,1,39,24.55097420167147,13.826079317436134,26.01,57.93,82.48
PRD-00074,Product 0074,Finance,Expense Control,SUP-00064,15685.2,24985.13,0.593,58.14,Growth,1,8,30.072350752721224,13.220663053273976,11.26,19.28,49.35
PRD-00075,Product 0075,Operations,Procurement,SUP-00065,3020.84,3718.01,0.231,56.54,Mature,1,37,27.006736438931235,13.427798794339651,24.61,57.92,84.93
PRD-00076,Product 0076,Automation,RPA,SUP-00055,12566.21,14913.81,0.187,48.91,Mature,1,40,26.09539340470053,11.491111214603029,21.89,56.68,82.78
PRD-00077,Product 0077,Finance,Expense Control,SUP-00036,12587.54,18725.5,0.488,42.73,Growth,1,44,21.896072038286757,9.810858604895577,19.6,51.71,73.61
PRD-00078,Product 0078,Operations,Inventory Control,SUP-00049,2704.54,3513.14,0.299,84.37,Growth,1,32,35.58743853379743,18.957752137887248,32.31,70.27,105.86
PRD-00079,Product 0079,Operations,Procurement,SUP-00122,15273.41,18911.24,0.238,51.3,Growth,1,19,28.4602938716316,17.01225157357242,22.34,40.36,68.82
PRD-00080,Product 0080,Security,Threat Detection,SUP-00110,15589.58,18425.04,0.182,69.66,Mature,0,9,33.13200101729441,15.951728128218164,14.42,24.36,57.49
PRD-00081,Product 0081,Automation,Scheduling,SUP-00130,2498.88,4008.62,0.604,67.65,Mature,1,28,34.12904061463981,14.223847506009731,22.67,54.52,88.65
PRD-00082,Product 0082,Finance,Expense Control,SUP-00143,13195.23,19830.85,0.503,79.77,Mature,1,19,35.59529516742866,14.977064385400636,19.67,42.21,77.81
PRD-00083,Product 0083,Analytics,Forecasting,SUP-00034,4295.88,5718.05,0.331,74.48,Intro,1,29,32.421294527943836,16.720493441078023,27.13,58.47,90.89
PRD-00084,Product 0084,Automation,RPA,SUP-00060,4218.56,6087.6,0.443,56.77,Mature,1,44,28.689129437622228,15.284856744594865,30.54,72.62,101.31
PRD-00085,Product 0085,Automation,RPA,SUP-00103,2339.06,3676.36,0.572,40.49,Growth,1,14,24.419417969675074,14.49267002097417,16.34,27.74,52.16
PRD-00086,Product 0086,Operations,Procurement,SUP-00089,12393.14,19596.18,0.581,77.17,Decline,0,25,37.51063518704002,19.02123176741163,28.65,59.91,97.42
PRD-00087,Product 0087,Finance,Revenue Ops,SUP-00130,16343.5,23130.9,0.415,82.77,Mature,1,28,37.39503293966719,18.90015565557462,30.13,65.03,102.43
PRD-00088,Product 0088,Finance,Expense Control,SUP-00150,10369.97,16519.47,0.593,99.0,Growth,1,15,39.770809712328195,18.884606820075486,22.03,41.92,81.69
PRD-00089,Product 0089,Automation,RPA,SUP-00070,4707.0,7123.68,0.513,78.63,Mature,0,37,37.202886406517166,17.374714787742203,31.84,77.72,114.92
PRD-00090,Product 0090,Security,Compliance,SUP-00103,3467.12,4925.69,0.421,51.14,Decline,1,14,27.270069993651408,12.737648261342857,14.36,27.09,54.36
PRD-00091,Product 0091,Security,IAM,SUP-00147,3075.33,4144.77,0.348,53.35,Growth,1,18,27.198696638226046,12.800440069019903,16.36,32.68,59.88
PRD-00092,Product 0092,Finance,Planning,SUP-00086,3748.6,5968.32,0.592,26.7,Growth,1,23,14.65569829167812,5.568252440846162,8.04,19.28,33.94
PRD-00093,Product 0093,Finance,Revenue Ops,SUP-00035,9994.11,12649.23,0.266,48.2,Growth,1,22,26.726936974472856,12.296941523703325,17.38,36.98,63.71
PRD-00094,Product 0094,Automation,RPA,SUP-00129,17909.87,25422.42,0.419,40.43,Growth,1,40,21.872390173098204,10.08622846074515,19.22,48.38,70.25
PRD-00095,Product 0095,Finance,Planning,SUP-00021,16829.89,20842.87,0.238,72.0,Growth,1,23,35.65615740911231,15.356803310992875,22.19,49.53,85.19
PRD-00096,Product 0096,Finance,Planning,SUP-00111,1758.49,2178.35,0.239,78.28,Growth,1,22,34.56587064022272,17.034440681894278,24.07,49.42,83.99
PRD-00097,Product 0097,Automation,Workflow,SUP-00025,3691.34,4453.11,0.206,99.0,Growth,1,11,36.78755259856851,19.846647959621844,19.83,33.32,70.11
PRD-00098,Product 0098,Operations,Procurement,SUP-00043,12289.0,16177.69,0.316,99.0,Mature,1,26,35.992841324450936,16.677395136944597,25.62,56.81,92.8
PRD-00099,Product 0099,Finance,Budgeting,SUP-00147,12437.65,19049.33,0.532,66.23,Decline,1,18,35.487540660220695,16.040288437409913,20.5,41.79,77.28
PRD-00100,Product 0100,Automation,Integration,SUP-00035,3843.35,4846.55,0.261,52.09,Growth,0,22,26.16821756946873,14.030862242397898,19.83,39.02,65.19
PRD-00101,Product 0101,Automation,Integration,SUP-00100,17218.21,26624.15,0.546,55.35,Mature,1,35,31.36131417090433,15.354687352456443,27.37,63.96,95.32
PRD-00102,Product 0102,Finance,Planning,SUP-00080,10596.17,17136.33,0.617,50.23,Growth,0,18,23.941431047017875,12.137857492990209,15.51,29.87,53.81
PRD-00103,Product 0103,Finance,Budgeting,SUP-00019,9555.9,13485.15,0.411,99.0,Intro,1,8,39.98989546080423,15.962217254860924,13.6,24.26,64.25
PRD-00104,Product 0104,Finance,Revenue Ops,SUP-00098,14824.16,22630.07,0.527,14.91,Mature,1,11,12.586811334658847,6.208667848981894,6.2,10.82,23.41
PRD-00105,Product 0105,Automation,Integration,SUP-00063,6801.62,10025.05,0.474,89.54,Growth,1,16,34.12095530059289,17.694899053784383,21.32,39.52,73.64
PRD-00106,Product 0106,Automation,RPA,SUP-00154,12882.12,17805.79,0.382,46.13,Growth,1,9,30.35492906682112,13.408404902506746,12.12,21.23,51.58
PRD-00107,Product 0107,Analytics,Forecasting,SUP-00050,16536.27,21585.43,0.305,55.35,Growth,1,11,25.61034561676418,13.267095539052598,13.26,22.65,48.26
PRD-00108,Product 0108,Operations,Maintenance,SUP-00096,17089.83,25214.76,0.475,18.14,Mature,1,33,12.243851545339087,4.65892068158554,8.06,21.53,33.77
PRD-00109,Product 0109,Finance,Revenue Ops,SUP-00141,788.06,1009.89,0.281,79.93,Growth,1,28,33.38248771520004,15.160397787594407,24.17,55.33,88.71
PRD-00110,Product 0110,Finance,Expense Control,SUP-00076,1380.3,1852.61,0.342,75.48,Growth,1,9,31.56940212809429,11.951441756832951,10.8,20.27,51.84
PRD-00111,Product 0111,Security,Risk Scoring,SUP-00057,12771.24,15938.92,0.248,43.41,Intro,1,31,22.573402767131903,13.83468741215349,23.2,46.53,69.1
PRD-00112,Product 0112,Analytics,Reporting,SUP-00063,154.65,221.8,0.434,80.83,Mature,1,16,36.60833152427402,16.61250578166549,20.02,39.54,76.15
PRD-00113,Product 0113,Finance,Budgeting,SUP-00014,11963.61,14983.82,0.252,77.55,Decline,1,12,34.47350450081838,19.475696930225844,20.32,34.11,68.58
PRD-00114,Product 0114,Finance,Revenue Ops,SUP-00121,14814.04,22708.66,0.533,52.99,Growth,1,25,24.01439296450515,14.563866366518958,21.94,41.95,65.96
PRD-00115,Product 0115,Automation,Integration,SUP-00002,1686.82,2343.47,0.389,27.11,Mature,1,33,15.880877389154776,8.078101372447104,13.98,31.45,47.33
PRD-00116,Product 0116,Operations,Logistics,SUP-00126,495.33,740.02,0.494,58.28,Mature,1,30,28.218720806073765,14.86000414479427,24.52,52.74,80.96
PRD-00117,Product 0117,Automation,Scheduling,SUP-00092,9190.15,12680.91,0.38,79.71,Growth,0,43,35.838838451266035,15.0771065137045,29.78,81.15,116.99
PRD-00118,Product 0118,Finance,Planning,SUP-00002,17772.72,27028.14,0.521,46.45,Mature,1,33,23.820851089712612,12.5146865995349,21.66,47.86,71.68
PRD-00119,Product 0119,Security,IAM,SUP-00025,9664.44,15167.88,0.569,80.38,Intro,1,11,35.019683376834756,15.934122135271078,15.92,28.76,63.78
PRD-00120,Product 0120,Finance,Budgeting,SUP-00015,17555.38,24332.61,0.386,47.37,Intro,1,40,24.105043022347196,11.864893591568325,22.61,54.75,78.86
PRD-00121,Product 0121,Operations,Logistics,SUP-00159,12652.55,16986.28,0.343,60.46,Intro,1,41,29.253069560646615,14.210702851189456,27.41,67.39,96.64
PRD-00122,Product 0122,Operations,Maintenance,SUP-00013,5496.31,8225.08,0.496,49.48,Decline,1,29,26.49702301131566,13.578956063534152,22.03,47.64,74.14
PRD-00123,Product 0123,Analytics,Data Modeling,SUP-00146,4406.11,7071.11,0.605,64.66,Intro,1,34,28.175722407413236,15.445679761682229,27.13,59.06,87.24
PRD-00124,Product 0124,Security,Risk Scoring,SUP-00004,10934.52,13750.22,0.258,75.96,Mature,0,15,34.026887859810145,13.021922105826619,15.19,32.2,66.23
PRD-00125,Product 0125,Operations,Logistics,SUP-00084,6035.89,9104.78,0.508,89.72,Intro,1,11,37.16225624162999,16.507016031103277,16.49,30.12,67.28
PRD-00126,Product 0126,Security,Risk Scoring,SUP-00091,4353.88,5144.33,0.182,65.54,Growth,1,39,30.911681909222303,14.643156614352787,27.55,67.74,98.65
PRD-00127,Product 0127,Automation,RPA,SUP-00112,7145.73,11516.97,0.612,35.5,Mature,1,26,18.903115048793914,8.91401470766571,13.69,30.07,48.97
PRD-00128,Product 0128,Security,Compliance,SUP-00073,9623.92,14730.59,0.531,72.75,Mature,1,28,32.11243084550205,15.428336457492774,24.59,54.56,86.67
PRD-00129,Product 0129,Automation,Workflow,SUP-00032,16627.74,26542.83,0.596,56.94,Growth,1,9,31.64038930567629,14.609873405431696,13.2,22.69,54.33
PRD-00130,Product 0130,Finance,Planning,SUP-00044,17205.4,21112.59,0.227,56.57,Mature,1,33,25.697359029440985,13.14287853416953,22.74,51.01,76.71
PRD-00131,Product 0131,Analytics,Forecasting,SUP-00004,13166.55,15832.74,0.202,63.8,Decline,1,15,30.156958924320282,13.54283209320977,15.8,30.88,61.04
PRD-00132,Product 0132,Automation,RPA,SUP-00134,4408.91,6049.96,0.372,71.51,Decline,1,20,34.41140805031207,15.619285851279033,21.04,43.98,78.39
PRD-00133,Product 0133,Analytics,Reporting,SUP-00005,8334.34,10052.12,0.206,54.97,Decline,1,45,29.28393858711671,15.06918328832914,30.45,74.38,103.66
PRD-00134,Product 0134,Automation,Integration,SUP-00099,1833.69,2207.56,0.204,71.88,Decline,1,45,34.68285231958208,16.40770759332557,33.16,85.18,119.86
PRD-00135,Product 0135,Automation,Scheduling,SUP-00091,10300.05,12569.7,0.22,68.88,Growth,1,39,32.22784421454256,14.235219560534992,26.78,68.68,100.91
PRD-00136,Product 0136,Finance,Expense Control,SUP-00048,11558.83,13952.29,0.207,71.89,Growth,1,22,33.34598402055136,15.084610193134527,21.31,45.76,79.11
PRD-00137,Product 0137,Operations,Inventory Control,SUP-00028,7200.87,8806.19,0.223,76.96,Growth,1,16,35.686363536030726,15.04972662519205,18.13,37.16,72.85
PRD-00138,Product 0138,Analytics,Forecasting,SUP-00095,3995.22,5358.79,0.341,24.49,Growth,1,32,15.061640905236525,7.9369938094905255,13.53,29.6,44.66
PRD-00139,Product 0139,Security,Threat Detection,SUP-00115,17771.23,24891.71,0.401,55.32,Decline,1,29,27.20282659659253,14.075135766126554,22.83,49.13,76.33
PRD-00140,Product 0140,Analytics,Reporting,SUP-00076,785.27,962.46,0.226,59.4,Growth,1,9,28.204271325586358,13.385770519893285,12.1,20.56,48.76
PRD-00141,Product 0141,Analytics,Data Modeling,SUP-00113,13186.46,19277.18,0.462,57.77,Growth,1,44,29.11165787808331,13.656588700018723,27.29,69.99,99.1
PRD-00142,Product 0142,Security,Compliance,SUP-00099,12398.63,17947.7,0.448,47.28,Decline,1,45,27.146210316061037,14.150763106422318,28.6,69.32,96.47
PRD-00143,Product 0143,Security,Risk Scoring,SUP-00154,10126.01,13264.92,0.31,50.91,Growth,1,9,25.850526366666422,13.589481222039254,12.28,20.04,45.89
PRD-00144,Product 0144,Analytics,Dashboards,SUP-00045,3428.57,4503.64,0.314,70.86,Growth,1,26,28.742447062318774,16.949644135944883,26.04,50.95,79.69
PRD-00145,Product 0145,Finance,Planning,SUP-00124,15385.4,24821.11,0.613,69.83,Growth,1,12,35.87285665750792,16.382752495056202,17.1,31.45,67.32
PRD-00146,Product 0146,Finance,Planning,SUP-00061,11015.96,14454.16,0.312,62.55,Mature,1,26,32.46360551411032,14.636534952859895,22.48,50.62,83.08
PRD-00147,Product 0147,Finance,Expense Control,SUP-00091,12229.88,19305.31,0.579,44.93,Growth,1,39,21.834492460698723,9.144587674689935,17.2,45.58,67.41
PRD-00148,Product 0148,Finance,Planning,SUP-00078,12782.76,16232.18,0.27,76.61,Growth,1,16,35.30243404660253,13.83160303589187,16.67,35.5,70.8
PRD-00149,Product 0149,Security,Threat Detection,SUP-00056,2231.3,2809.21,0.259,75.39,Growth,1,9,36.466313254544744,15.566192079231673,14.07,25.01,61.48
PRD-00150,Product 0150,Automation,Integration,SUP-00110,8433.77,13144.07,0.559,80.91,Mature,1,9,36.63284838379344,16.9537388958689,15.32,26.31,62.94
PRD-00151,Product 0151,Security,IAM,SUP-00154,14225.57,20585.68,0.447,48.71,Mature,1,9,26.807078846230723,13.093850672160784,11.83,19.87,46.68
PRD-00152,Product 0152,Analytics,Reporting,SUP-00070,7206.64,10931.74,0.517,99.0,Growth,1,37,40.33834312489345,18.825316999193515,34.5,84.25,124.59
PRD-00153,Product 0153,Automation,Integration,SUP-00030,13185.58,18897.96,0.433,65.74,Mature,1,34,29.777820632671762,13.303043804934097,23.37,57.12,86.9
PRD-00154,Product 0154,Automation,RPA,SUP-00072,6811.03,10952.81,0.608,49.12,Growth,0,44,25.051068492951103,13.732881533790549,27.44,64.18,89.23
PRD-00155,Product 0155,Security,Compliance,SUP-00032,14479.39,17270.47,0.193,99.0,Intro,1,9,40.14328989463143,15.792145010311318,14.27,26.31,66.45
PRD-00156,Product 0156,Finance,Planning,SUP-00083,15232.54,18980.99,0.246,74.71,Intro,1,26,31.851881817534498,16.198921290556203,24.88,52.48,84.33
PRD-00157,Product 0157,Operations,Logistics,SUP-00101,15018.65,18455.92,0.229,65.45,Intro,1,19,32.71772524703637,14.621791056353679,19.2,39.92,72.64
PRD-00158,Product 0158,Operations,Logistics,SUP-00076,11782.09,17383.01,0.475,67.5,Growth,1,9,29.59482515459565,15.639195356789351,14.13,23.01,52.6
PRD-00159,Product 0159,Security,IAM,SUP-00158,9115.87,12015.82,0.318,83.8,Mature,1,33,39.46699801533695,21.02944091332944,36.39,79.8,119.27
PRD-00160,Product 0160,Analytics,Forecasting,SUP-00040,15393.86,23492.96,0.526,66.29,Growth,1,43,30.34306854549614,14.872051869513367,29.38,72.87,103.21
PRD-00161,Product 0161,Finance,Budgeting,SUP-00014,6874.03,8486.68,0.235,32.68,Mature,0,12,23.13794005333186,11.205603650089076,11.69,20.95,44.09
PRD-00162,Product 0162,Analytics,Forecasting,SUP-00112,17324.08,22196.53,0.281,61.69,Mature,1,26,30.741244248874146,14.9477557639543,22.96,49.6,80.34
PRD-00163,Product 0163,Operations,Maintenance,SUP-00159,14971.89,18100.12,0.209,77.29,Mature,1,41,35.442890792242665,16.888196386729952,32.58,81.02,116.46
PRD-00164,Product 0164,Analytics,Dashboards,SUP-00009,4894.24,7914.13,0.617,61.19,Decline,1,40,27.634755301260462,13.719270704771272,26.14,62.99,90.62
PRD-00165,Product 0165,Security,Threat Detection,SUP-00063,6810.86,10187.0,0.496,45.25,Growth,1,16,24.794235160107984,13.891491538603901,16.74,29.96,54.75
PRD-00166,Product 0166,Analytics,Forecasting,SUP-00090,16134.73,19812.58,0.228,61.38,Mature,1,30,29.274502907024907,14.138907738135385,23.33,52.6,81.87
PRD-00167,Product 0167,Finance,Expense Control,SUP-00103,4602.91,6741.68,0.465,76.69,Mature,1,14,32.660492647336994,12.543061868067964,14.14,29.38,62.04
PRD-00168,Product 0168,Security,Compliance,SUP-00140,1547.26,2125.07,0.373,83.69,Growth,1,17,35.028893114005584,16.42026602222766,20.4,40.25,75.28
PRD-00169,Product 0169,Finance,Budgeting,SUP-00110,1478.93,2341.32,0.583,43.14,Growth,1,9,22.27560136034409,8.118455264227157,7.34,14.02,36.3
PRD-00170,Product 0170,Security,Threat Detection,SUP-00145,15606.88,19336.92,0.239,41.98,Mature,1,23,23.51671754082601,10.31851342755714,14.91,32.94,56.46
PRD-00171,Product 0171,Automation,Scheduling,SUP-00090,6727.09,8020.47,0.192,61.0,Intro,1,30,29.328137352454206,13.804168861762802,22.78,52.11,81.44
PRD-00172,Product 0172,Automation,Scheduling,SUP-00035,3860.38,4816.83,0.248,50.22,Mature,1,22,26.365631763611486,14.475679257501904,20.45,39.78,66.15
PRD-00173,Product 0173,Operations,Procurement,SUP-00147,4864.1,7746.1,0.593,52.17,Mature,1,18,26.527928720954684,15.446071473605185,19.74,35.66,62.19
PRD-00174,Product 0174,Operations,Maintenance,SUP-00061,10699.81,17000.01,0.589,57.43,Growth,1,26,23.843327935327885,11.819768776638144,18.16,38.82,62.66
PRD-00175,Product 0175,Finance,Expense Control,SUP-00052,7582.64,9176.4,0.21,75.02,Growth,1,25,35.59971493401093,14.01853588771467,21.12,50.79,86.39
PRD-00176,Product 0176,Analytics,Forecasting,SUP-00109,2629.77,3708.59,0.41,47.65,Mature,1,37,27.593911437939475,12.572630292368835,23.04,57.07,84.66
PRD-00177,Product 0177,Security,IAM,SUP-00118,8890.72,13168.51,0.481,42.17,Decline,1,13,24.2406896968014,12.38602199093301,13.45,23.95,48.19
PRD-00178,Product 0178,Automation,Workflow,SUP-00112,11791.26,13935.89,0.182,49.44,Growth,1,26,24.650804950689427,12.896123044646739,19.81,41.17,65.82
PRD-00179,Product 0179,Finance,Budgeting,SUP-00087,7151.16,8489.97,0.187,36.28,Growth,1,23,20.37076256975896,9.990398260867384,14.43,30.05,50.42
PRD-00180,Product 0180,Automation,Integration,SUP-00112,11131.83,13460.69,0.209,62.89,Growth,1,26,25.99193941132608,12.150130546159701,18.66,41.19,67.18
PRD-00181,Product 0181,Analytics,Reporting,SUP-00123,12660.76,18863.17,0.49,63.85,Mature,1,9,30.123919176705023,13.56509586859879,12.26,21.3,51.42
PRD-00182,Product 0182,Automation,Workflow,SUP-00034,11736.02,18702.8,0.594,79.17,Growth,1,29,33.70429429082767,14.212341800430801,23.06,55.64,89.34
PRD-00183,Product 0183,Finance,Planning,SUP-00139,2627.93,3179.79,0.21,44.0,Growth,1,41,26.780375517340133,13.646961832194034,26.32,62.92,89.7
PRD-00184,Product 0184,Security,Compliance,SUP-00088,7896.57,9817.92,0.243,64.09,Growth,1,37,30.2466789363774,16.486287541400316,30.21,67.51,97.76
PRD-00185,Product 0185,Operations,Procurement,SUP-00063,16371.28,22684.24,0.386,67.69,Intro,1,16,31.703814980062514,14.128867829494201,17.03,33.94,65.64
PRD-00186,Product 0186,Security,Compliance,SUP-00058,2918.9,4012.75,0.375,35.68,Growth,1,8,21.438702223602238,9.109590955136191,7.76,13.48,34.92
PRD-00187,Product 0187,Analytics,Dashboards,SUP-00002,15759.41,20068.07,0.273,65.73,Intro,0,33,32.986311980563045,15.881469737522426,27.48,63.76,96.75
PRD-00188,Product 0188,Finance,Revenue Ops,SUP-00076,8077.68,10243.75,0.268,66.36,Growth,1,9,32.512560364105326,15.795033901835057,14.27,24.02,56.53
PRD-00189,Product 0189,Analytics,Reporting,SUP-00127,10888.22,13516.73,0.241,59.82,Growth,0,38,26.914451958697136,14.236696149499107,26.44,60.53,87.44
PRD-00190,Product 0190,Automation,RPA,SUP-00150,5718.36,7378.08,0.29,40.22,Intro,1,15,22.08882491380042,13.20922542369882,15.41,26.45,48.54
PRD-00191,Product 0191,Operations,Maintenance,SUP-00022,13108.15,20320.74,0.55,60.71,Decline,0,38,28.310913834504817,14.204893998188528,26.38,62.24,90.55
PRD-00192,Product 0192,Finance,Revenue Ops,SUP-00114,3285.16,4537.81,0.381,28.74,Growth,0,38,17.06639062574392,8.250066921271626,15.32,36.94,54.01
PRD-00193,Product 0193,Automation,RPA,SUP-00045,13747.52,21773.74,0.584,67.53,Mature,1,26,32.26209311085099,15.4499395900793,23.73,51.69,83.95
PRD-00194,Product 0194,Finance,Planning,SUP-00017,2634.93,4085.07,0.55,74.61,Mature,1,21,34.38726396290041,18.20250534721074,25.13,49.2,83.59
PRD-00195,Product 0195,Analytics,Reporting,SUP-00092,3164.13,4470.0,0.413,58.28,Mature,1,43,30.946121625625597,14.69063403276135,29.02,73.38,104.33
PRD-00196,Product 0196,Security,Compliance,SUP-00006,228.63,352.7,0.543,83.75,Growth,1,18,34.74578280418716,18.11399814766227,23.15,44.0,78.75
PRD-00197,Product 0197,Automation,Integration,SUP-00031,15547.69,19470.5,0.252,50.15,Decline,1,15,27.087637774006698,14.045183161661878,16.39,29.93,57.02
PRD-00198,Product 0198,Finance,Revenue Ops,SUP-00041,15206.72,22231.44,0.462,49.62,Growth,1,32,25.683173560446306,10.221872359590316,17.42,44.82,70.5
PRD-00199,Product 0199,Analytics,Dashboards,SUP-00137,7082.48,11287.91,0.594,57.26,Intro,1,36,26.721392968698915,13.843039446591435,25.02,57.09,83.81
PRD-00200,Product 0200,Security,Compliance,SUP-00026,131.28,190.7,0.453,99.0,Growth,1,22,38.469828815318365,17.23165469668509,24.35,52.56,91.03
PRD-00201,Product 0201,Analytics,Dashboards,SUP-00046,16800.32,23451.62,0.396,57.17,Growth,1,40,33.17386764699012,18.144642561957927,34.57,78.8,111.97
PRD-00202,Product 0202,Analytics,Data Modeling,SUP-00156,3146.86,4621.09,0.468,98.44,Intro,1,22,40.497949557075835,18.573185364784127,26.24,55.94,96.44
PRD-00203,Product 0203,Security,Threat Detection,SUP-00053,2747.17,3406.89,0.24,61.35,Mature,1,18,32.170081838608176,12.748970379149787,16.29,35.59,67.76
PRD-00204,Product 0204,Automation,Workflow,SUP-00046,3860.38,5055.45,0.31,48.28,Mature,1,40,28.029702034491635,13.796364725395236,26.29,63.66,91.69
PRD-00205,Product 0205,Security,IAM,SUP-00116,4686.35,6049.98,0.291,95.2,Decline,1,40,38.76732829535878,20.334956321645347,38.74,90.43,129.2
PRD-00206,Product 0206,Automation,Scheduling,SUP-00008,16768.71,20659.9,0.232,65.14,Mature,1,13,33.01376146219873,15.508225621469144,16.84,31.15,64.16
PRD-00207,Product 0207,Security,Compliance,SUP-00019,11332.77,16903.31,0.492,57.0,Intro,1,8,28.62885655657511,12.113178032100304,10.32,17.95,46.58
PRD-00208,Product 0208,Automation,Integration,SUP-00061,6189.94,9031.37,0.459,76.64,Mature,0,26,36.834731346429855,16.42261614595082,25.23,57.15,93.98
PRD-00209,Product 0209,Operations,Maintenance,SUP-00106,13768.03,21532.81,0.564,83.2,Intro,1,23,35.7639066269626,15.584994722418758,22.52,49.94,85.7
PRD-00210,Product 0210,Finance,Budgeting,SUP-00003,13930.05,20715.93,0.487,52.12,Decline,1,8,27.29116541214865,14.085518175449343,12.0,19.28,46.57
PRD-00211,Product 0211,Analytics,Dashboards,SUP-00005,4491.37,6904.16,0.537,77.33,Mature,1,45,36.383060821898056,16.475736715315026,33.29,87.86,124.24
PRD-00212,Product 0212,Security,Risk Scoring,SUP-00007,3200.26,3972.3,0.241,58.15,Growth,1,40,26.499641193144264,13.338499610709839,25.41,60.74,87.24
PRD-00213,Product 0213,Finance,Planning,SUP-00111,2809.73,3396.51,0.209,45.32,Mature,0,22,20.542301041125846,9.490462650778786,13.41,28.47,49.01
PRD-00214,Product 0214,Finance,Revenue Ops,SUP-00116,6464.16,8681.6,0.343,49.97,Mature,1,40,24.874263138033744,13.418684440092004,25.57,58.74,83.61
PRD-00215,Product 0215,Finance,Budgeting,SUP-00064,580.8,718.82,0.238,42.08,Decline,1,8,20.984190071427243,11.971188839018367,10.2,15.8,36.78
PRD-00216,Product 0216,Analytics,Data Modeling,SUP-00020,7979.74,12111.46,0.518,63.48,Mature,1,44,30.07668210347132,13.141694178087459,26.26,70.37,100.45
PRD-00217,Product 0217,Finance,Revenue Ops,SUP-00123,3680.62,5044.92,0.371,63.54,Mature,1,9,29.121461880102583,12.147024527689444,10.98,19.72,48.84
PRD-00218,Product 0218,Analytics,Reporting,SUP-00115,13830.08,22030.62,0.593,81.42,Growth,1,29,31.71892797046278,14.576680269622743,23.65,54.31,86.03
PRD-00219,Product 0219,Automation,RPA,SUP-00009,5986.07,7295.57,0.219,76.76,Growth,1,40,33.03243245513605,16.58177134930026,31.59,75.63,108.66
PRD-00220,Product 0220,Security,Compliance,SUP-00118,11744.1,18747.17,0.596,55.13,Growth,1,13,28.94259863403574,14.8500864050656,16.13,28.67,57.61
PRD-00221,Product 0221,Finance,Planning,SUP-00146,12306.89,18460.69,0.5,58.72,Mature,1,34,26.275263575031005,12.878599727589597,22.62,52.4,78.68
PRD-00222,Product 0222,Security,Threat Detection,SUP-00107,14333.84,21982.51,0.534,50.97,Decline,1,44,28.67411798387199,13.298305767813563,26.57,68.63,97.3
PRD-00223,Product 0223,Operations,Logistics,SUP-00056,8593.76,12003.08,0.397,63.87,Mature,1,9,30.458087135994976,17.16170155046842,15.51,24.65,55.11
PRD-00224,Product 0224,Security,Compliance,SUP-00036,7242.73,9706.72,0.34,58.25,Decline,1,44,31.404216008584008,16.18067638916107,32.33,78.39,109.79
PRD-00225,Product 0225,Security,IAM,SUP-00063,4685.26,7022.11,0.499,62.84,Mature,1,16,29.88004912813514,14.83584702678585,17.88,33.82,63.7
PRD-00226,Product 0226,Analytics,Reporting,SUP-00055,247.53,398.72,0.611,86.86,Mature,1,40,40.91925245288127,17.814130001991913,33.94,88.5,129.42
PRD-00227,Product 0227,Finance,Budgeting,SUP-00028,2897.54,3452.39,0.191,87.73,Intro,1,16,35.85609802535562,17.42077140172929,20.99,40.11,75.97
PRD-00228,Product 0228,Analytics,Reporting,SUP-00152,4055.22,5850.64,0.443,51.38,Mature,1,36,24.73977585022605,12.374827459431215,22.37,52.06,76.8
PRD-00229,Product 0229,Automation,Scheduling,SUP-00021,11875.16,15305.46,0.289,75.21,Intro,0,23,31.326119628165486,16.18290824738898,23.38,47.4,78.73
PRD-00230,Product 0230,Finance,Expense Control,SUP-00046,14253.93,19328.85,0.356,73.11,Mature,1,40,34.72831228086845,15.381605562717146,29.31,75.61,110.34
PRD-00231,Product 0231,Security,Compliance,SUP-00009,8299.07,11890.54,0.433,52.66,Mature,1,40,25.105462823438334,9.827105427421698,18.72,52.19,77.3
PRD-00232,Product 0232,Automation,RPA,SUP-00094,14805.26,18883.12,0.275,86.0,Mature,1,31,35.30617773729267,17.309248241492774,29.03,65.51,100.82
PRD-00233,Product 0233,Automation,RPA,SUP-00018,6775.71,8026.54,0.185,36.86,Decline,1,42,17.78803919208854,10.661675112351144,20.81,45.71,63.5
PRD-00234,Product 0234,Analytics,Data Modeling,SUP-00121,11803.42,14285.51,0.21,80.28,Growth,1,25,35.23647270602659,16.804757521905,25.31,54.67,89.91
PRD-00235,Product 0235,Automation,Workflow,SUP-00089,10062.39,11987.49,0.191,60.01,Growth,1,25,28.567395184832957,14.51807058155147,21.87,45.68,74.25
PRD-00236,Product 0236,Finance,Revenue Ops,SUP-00081,2767.4,3320.35,0.2,43.79,Mature,1,14,23.674538593505936,10.336712267982398,11.65,22.7,46.37
PRD-00237,Product 0237,Finance,Revenue Ops,SUP-00117,8358.47,10470.52,0.253,58.87,Growth,1,15,29.8891650089927,13.654452654945924,15.93,30.87,60.76
PRD-00238,Product 0238,Operations,Logistics,SUP-00147,17420.5,23960.27,0.375,93.93,Growth,1,18,37.77517396078861,17.184675267707217,21.96,44.63,82.41
PRD-00239,Product 0239,Operations,Inventory Control,SUP-00017,2763.6,3811.12,0.379,99.0,Intro,1,21,40.07772720101095,16.41666262702105,22.66,50.71,90.79
PRD-00240,Product 0240,Automation,RPA,SUP-00109,7348.25,8709.72,0.185,48.76,Mature,1,37,26.574196193442837,12.604931011784814,23.1,55.87,82.44
PRD-00241,Product 0241,Operations,Procurement,SUP-00021,6033.77,7190.4,0.192,61.34,Intro,1,23,31.10285848291873,14.694231646626019,21.23,45.08,76.18
PRD-00242,Product 0242,Finance,Revenue Ops,SUP-00016,13451.02,17369.46,0.291,58.84,Decline,0,36,27.700893425429136,14.791988253638387,26.74,59.98,87.68
PRD-00243,Product 0243,Automation,Workflow,SUP-00015,765.53,920.02,0.202,61.68,Growth,1,40,27.97447648111399,14.185149104008346,27.03,64.33,92.3
PRD-00244,Product 0244,Security,Risk Scoring,SUP-00042,8196.61,10412.52,0.27,89.62,Mature,1,45,40.46172889368831,16.28982736587144,32.92,93.61,134.07
PRD-00245,Product 0245,Finance,Planning,SUP-00079,4816.21,5757.6,0.195,55.35,Mature,1,29,21.393200550774868,10.292075693987917,16.7,37.38,58.77
PRD-00246,Product 0246,Analytics,Forecasting,SUP-00033,5412.57,6593.01,0.218,48.71,Growth,1,22,26.337375173758165,12.798168785524199,18.08,37.39,63.73
PRD-00247,Product 0247,Security,IAM,SUP-00036,7375.27,10846.57,0.471,54.44,Growth,1,44,28.841373564237898,13.221426272955915,26.42,68.72,97.56
PRD-00248,Product 0248,Operations,Maintenance,SUP-00153,5302.95,6571.72,0.239,58.82,Mature,1,29,26.36240047592305,12.769984138434301,20.72,46.2,72.56
PRD-00249,Product 0249,Automation,Workflow,SUP-00024,10251.79,14109.35,0.376,75.09,Intro,1,39,32.67030312246373,12.578017241216298,23.66,66.13,98.8
PRD-00250,Product 0250,Analytics,Reporting,SUP-00015,5222.82,8018.95,0.535,64.14,Intro,1,40,25.194892321645874,10.259947047176059,19.55,53.14,78.33
PRD-00251,Product 0251,Analytics,Data Modeling,SUP-00068,16518.36,19913.34,0.206,73.31,Mature,1,17,32.53235885278258,15.944757469310343,19.8,38.24,70.77
PRD-00252,Product 0252,Finance,Revenue Ops,SUP-00110,8095.05,10514.9,0.299,80.0,Mature,1,9,31.44676977969997,17.173192352024408,15.52,24.95,56.4
PRD-00253,Product 0253,Automation,Integration,SUP-00095,2854.89,4154.59,0.455,57.22,Decline,0,32,29.662690786104292,17.771538666812674,30.28,61.92,91.58
PRD-00254,Product 0254,Finance,Planning,SUP-00104,5257.64,6605.31,0.256,60.81,Growth,1,30,26.577586098614706,10.9632663860979,18.09,44.67,71.25
PRD-00255,Product 0255,Operations,Inventory Control,SUP-00029,14366.43,20239.31,0.409,70.35,Growth,1,30,33.42880461736608,14.56625572763931,24.03,57.46,90.89
PRD-00256,Product 0256,Operations,Procurement,SUP-00065,2027.56,3010.78,0.485,51.52,Mature,1,37,22.94363671638906,11.77812758621685,21.58,49.88,72.82
PRD-00257,Product 0257,Automation,Workflow,SUP-00125,6881.51,10993.37,0.598,62.75,Mature,1,37,25.668554186327945,14.649854544075362,26.84,58.5,84.17
PRD-00258,Product 0258,Security,IAM,SUP-00056,17081.7,27477.97,0.609,80.0,Growth,1,9,36.87441899932019,18.12120861995342,16.38,27.44,64.31
PRD-00259,Product 0259,Automation,Scheduling,SUP-00096,96.09,120.28,0.252,64.08,Growth,1,33,36.353539111460876,16.42045160745711,28.42,68.41,104.76
PRD-00260,Product 0260,Automation,Scheduling,SUP-00022,17484.61,27371.71,0.565,83.68,Intro,1,38,34.56746259471839,16.4309012296292,30.51,74.3,108.87
PRD-00261,Product 0261,Automation,RPA,SUP-00122,6511.56,7833.63,0.203,46.51,Intro,1,19,27.337070342560004,12.679841227435706,16.65,33.96,61.3
PRD-00262,Product 0262,Automation,RPA,SUP-00157,3858.35,5317.18,0.378,67.75,Growth,1,16,31.33954379125679,16.25617447969783,19.59,36.3,67.64
PRD-00263,Product 0263,Automation,Integration,SUP-00053,14872.13,20623.24,0.387,71.83,Growth,1,18,31.313752366669767,14.686250861068341,18.77,37.56,68.87
PRD-00264,Product 0264,Automation,Workflow,SUP-00014,8486.56,10328.89,0.217,67.38,Intro,1,12,33.45859620865166,17.370150982955824,18.13,31.51,64.97
PRD-00265,Product 0265,Security,Threat Detection,SUP-00063,1968.61,2596.67,0.319,57.11,Mature,1,16,29.598764909323556,13.816747830467257,16.65,32.44,62.04
PRD-00266,Product 0266,Security,Threat Detection,SUP-00138,12027.12,18306.62,0.522,37.2,Growth,1,29,24.16455494553852,13.042714957261682,21.16,44.52,68.68
PRD-00267,Product 0267,Finance,Expense Control,SUP-00157,14021.42,17866.42,0.274,81.01,Mature,0,16,34.900516962458134,14.881001678824889,17.93,36.54,71.44
PRD-00268,Product 0268,Analytics,Reporting,SUP-00087,8158.19,11863.28,0.454,38.01,Decline,1,23,21.699019234570294,10.628212667491425,15.35,31.99,53.69
PRD-00269,Product 0269,Finance,Planning,SUP-00097,12882.05,20660.27,0.604,39.29,Growth,1,35,21.483903821179002,9.365741893733485,16.69,41.75,63.23
PRD-00270,Product 0270,Finance,Budgeting,SUP-00106,1995.53,2401.06,0.203,71.88,Growth,1,23,32.73758363745066,13.985598579020676,20.21,45.31,78.05
PRD-00271,Product 0271,Finance,Planning,SUP-00025,646.06,766.57,0.187,55.72,Growth,1,11,28.683123880404715,13.845450392201345,13.83,24.35,53.03
PRD-00272,Product 0272,Finance,Planning,SUP-00032,3999.81,5187.17,0.297,64.44,Intro,1,9,32.76534788144244,14.685727420394548,13.27,23.1,55.87
PRD-00273,Product 0273,Operations,Maintenance,SUP-00115,17656.61,21586.88,0.223,40.19,Growth,1,29,21.965052277816714,11.955050725995541,19.39,40.62,62.59
PRD-00274,Product 0274,Security,Risk Scoring,SUP-00071,3219.64,3918.07,0.217,66.96,Decline,1,43,34.93371979892978,16.16836144551598,31.94,82.01,116.94
PRD-00275,Product 0275,Finance,Budgeting,SUP-00119,16560.73,22541.93,0.361,76.22,Growth,1,39,35.493627665734564,20.20885239793923,38.02,84.16,119.65
PRD-00276,Product 0276,Finance,Budgeting,SUP-00064,5400.43,7922.07,0.467,35.46,Growth,1,8,20.703204338373002,9.780084004117635,8.33,13.85,34.55
PRD-00277,Product 0277,Automation,Workflow,SUP-00155,8887.58,13390.75,0.507,66.29,Growth,0,33,32.22019440210204,13.05857214260173,22.6,58.04,90.26
PRD-00278,Product 0278,Automation,Workflow,SUP-00123,12697.87,15591.25,0.228,77.34,Intro,1,9,35.78294588666451,15.278883574314307,13.81,24.54,60.32
PRD-00279,Product 0279,Analytics,Reporting,SUP-00088,3120.37,4466.1,0.431,39.32,Growth,0,37,24.672452264297124,12.057913356580551,22.1,52.53,77.2
PRD-00280,Product 0280,Operations,Logistics,SUP-00131,3653.88,5464.14,0.495,64.46,Mature,1,13,26.375360110749803,12.60421072979462,13.69,25.12,51.5
PRD-00281,Product 0281,Finance,Planning,SUP-00095,4611.44,6691.54,0.451,62.87,Intro,1,32,29.563214797059988,16.571515604934692,28.24,59.77,89.33
PRD-00282,Product 0282,Finance,Expense Control,SUP-00038,8626.41,11942.15,0.384,68.06,Mature,1,31,32.74839768816416,12.453348385378796,20.89,54.73,87.48
PRD-00283,Product 0283,Finance,Revenue Ops,SUP-00049,6278.06,8626.41,0.374,57.37,Intro,1,32,29.47450854630847,16.460331344024503,28.05,59.49,88.96
PRD-00284,Product 0284,Finance,Budgeting,SUP-00030,1615.64,2460.43,0.523,37.24,Mature,1,34,16.94286293730129,10.234241224790065,17.98,37.18,54.12
PRD-00285,Product 0285,Automation,Workflow,SUP-00090,4865.49,6235.54,0.282,55.25,Decline,1,30,27.365682914615896,15.123387530130632,24.95,52.32,79.69
PRD-00286,Product 0286,Finance,Expense Control,SUP-00104,14906.96,18808.68,0.262,52.55,Growth,1,30,24.81843891969008,12.676832392497762,20.92,45.74,70.56
PRD-00287,Product 0287,Automation,Workflow,SUP-00007,9334.2,11259.94,0.206,60.85,Growth,1,40,25.502631232299013,13.243052045321045,25.23,59.23,84.73
PRD-00288,Product 0288,Security,Risk Scoring,SUP-00071,17057.6,23147.78,0.357,82.49,Mature,1,43,36.992640000396186,17.21978397621311,34.02,87.04,124.03
PRD-00289,Product 0289,Automation,Workflow,SUP-00132,5047.02,7431.16,0.472,36.73,Growth,1,44,24.12673964907137,13.119963428530935,26.22,61.61,85.74
PRD-00290,Product 0290,Automation,Integration,SUP-00123,4771.76,6731.54,0.411,78.33,Intro,1,9,37.91848335778853,18.246914778342138,16.49,27.87,65.79
PRD-00291,Product 0291,Security,Risk Scoring,SUP-00112,7705.57,9380.11,0.217,92.06,Intro,1,26,37.12521130884427,18.171081098553543,27.91,60.09,97.22
PRD-00292,Product 0292,Operations,Logistics,SUP-00048,1498.5,2422.62,0.617,91.02,Growth,1,22,33.884374877068346,14.140790068083955,19.98,44.83,78.71
PRD-00293,Product 0293,Finance,Revenue Ops,SUP-00110,5743.94,7716.31,0.343,92.44,Growth,1,9,40.25595784443665,16.1672583809604,14.61,26.69,66.95
PRD-00294,Product 0294,Security,Compliance,SUP-00039,6536.4,7721.06,0.181,65.27,Mature,1,8,34.17630500247113,15.087347514276846,12.86,21.97,56.15
PRD-00295,Product 0295,Automation,Scheduling,SUP-00109,11218.01,16227.39,0.447,63.23,Intro,1,37,30.231123193525427,15.990812177276974,29.3,66.59,96.82
PRD-00296,Product 0296,Operations,Maintenance,SUP-00131,2620.0,3100.1,0.183,31.26,Mature,1,13,20.2546873447322,8.136128975680425,8.84,17.62,37.87
PRD-00297,Product 0297,Security,Risk Scoring,SUP-00035,16004.15,25233.23,0.577,58.3,Growth,1,22,32.251375684133265,13.2264843646557,18.69,42.34,74.59
PRD-00298,Product 0298,Automation,Scheduling,SUP-00118,15781.29,22793.0,0.444,81.25,Intro,0,13,34.42881249491826,17.27571507539468,18.76,33.68,68.11
PRD-00299,Product 0299,Analytics,Forecasting,SUP-00008,9570.95,12680.24,0.325,37.84,Growth,1,13,21.677180054145005,12.656865907655641,13.75,23.14,44.82
PRD-00300,Product 0300,Security,Compliance,SUP-00104,7618.65,10115.11,0.328,47.38,Mature,0,30,25.56160105571069,11.761293214837657,19.41,44.97,70.53
PRD-00301,Product 0301,Operations,Logistics,SUP-00085,12596.38,15437.9,0.226,63.86,Intro,1,21,28.51524423701473,12.706480702749047,17.54,37.5,66.02
PRD-00302,Product 0302,Security,Risk Scoring,SUP-00153,3729.92,5091.83,0.365,33.88,Mature,1,29,18.37733212079001,10.099381864613669,16.38,34.14,52.52
PRD-00303,Product 0303,Operations,Procurement,SUP-00087,10184.48,14265.9,0.401,93.0,Mature,1,23,40.53146428853372,18.15062047064961,26.22,57.29,97.82
PRD-00304,Product 0304,Operations,Procurement,SUP-00006,5221.81,6510.57,0.247,71.92,Growth,1,18,32.80803712043517,14.96844245246301,19.13,38.81,71.62
PRD-00305,Product 0305,Analytics,Data Modeling,SUP-00137,16616.76,24567.44,0.478,67.83,Intro,1,36,30.84390668210704,16.491853844430835,29.81,66.82,97.66
PRD-00306,Product 0306,Finance,Planning,SUP-00043,8687.19,11468.87,0.32,75.76,Decline,1,26,36.2259946146536,14.726413810354446,22.62,54.02,90.25
PRD-00307,Product 0307,Automation,Workflow,SUP-00109,9145.91,11065.91,0.21,56.24,Growth,1,37,28.064648880186944,15.807154593819549,28.97,63.58,91.64
PRD-00308,Product 0308,Automation,RPA,SUP-00125,13743.54,17713.65,0.289,66.76,Mature,1,37,30.08751110060132,15.591347673309688,28.57,65.68,95.77
PRD-00309,Product 0309,Automation,Scheduling,SUP-00053,14133.84,16902.61,0.196,45.39,Mature,1,18,20.865469675331816,10.611341675926347,13.56,26.08,46.95
PRD-00310,Product 0310,Operations,Logistics,SUP-00007,4292.87,6784.0,0.58,22.62,Mature,1,40,14.620107451974746,5.098897942502673,9.71,29.2,43.82
PRD-00311,Product 0311,Operations,Inventory Control,SUP-00083,11002.76,15211.73,0.383,61.45,Mature,1,26,27.71901604628984,14.199250122119675,21.81,45.83,73.55
PRD-00312,Product 0312,Analytics,Data Modeling,SUP-00065,15597.04,24991.42,0.602,88.9,Growth,0,37,36.58187936943493,16.48812460965108,30.21,75.33,111.91
PRD-00313,Product 0313,Analytics,Data Modeling,SUP-00086,7479.94,10848.61,0.45,90.47,Mature,1,23,35.53659796746845,20.7038294701392,29.91,57.15,92.69
PRD-00314,Product 0314,Operations,Logistics,SUP-00145,2066.7,2477.37,0.199,58.79,Mature,1,23,27.990919175721622,14.327836749676026,20.7,42.16,70.15
PRD-00315,Product 0315,Security,Threat Detection,SUP-00113,15642.6,19644.9,0.256,57.3,Mature,1,44,28.36398871973331,11.623829034281998,23.23,64.83,93.19
PRD-00316,Product 0316,Automation,Scheduling,SUP-00036,16133.46,22812.66,0.414,35.56,Growth,1,44,19.315166983689053,6.353694197378972,12.7,41.03,60.35
PRD-00317,Product 0317,Automation,Integration,SUP-00121,2818.88,3336.82,0.184,80.06,Mature,1,25,34.392212267564005,16.905687847645982,25.46,54.12,88.51
PRD-00318,Product 0318,Operations,Inventory Control,SUP-00047,3926.98,5691.39,0.449,69.19,Mature,1,34,33.00012409900781,12.730896201510035,22.36,59.76,92.76
PRD-00319,Product 0319,Finance,Revenue Ops,SUP-00099,4361.71,6824.07,0.565,58.79,Growth,1,45,29.73199831550226,14.327364395149578,28.95,73.55,103.28
PRD-00320,Product 0320,Finance,Revenue Ops,SUP-00041,15041.87,19858.89,0.32,28.47,Growth,1,32,19.96764207902434,9.506726351110473,16.2,37.5,57.47
PRD-00321,Product 0321,Finance,Expense Control,SUP-00137,17207.29,26660.26,0.549,31.35,Mature,1,36,18.497709503078575,8.68101308605861,15.69,37.89,56.39
PRD-00322,Product 0322,Analytics,Dashboards,SUP-00078,7153.99,11351.73,0.587,64.2,Mature,0,16,31.651128889817034,15.472388741344009,18.64,35.52,67.17
PRD-00323,Product 0323,Security,Risk Scoring,SUP-00052,16823.19,21730.97,0.292,35.78,Mature,1,25,19.715509669092704,11.06567623237999,16.67,33.1,52.82
PRD-00324,Product 0324,Automation,Workflow,SUP-00158,445.02,617.52,0.388,71.15,Mature,1,33,31.35122997019861,17.51957108264604,30.32,64.81,96.16
PRD-00325,Product 0325,Automation,RPA,SUP-00132,7182.08,9466.01,0.318,71.98,Mature,1,44,31.3086208017856,14.979581303500526,29.93,75.85,107.16
PRD-00326,Product 0326,Finance,Planning,SUP-00031,2156.2,2814.87,0.305,39.65,Decline,1,15,22.210687809891432,8.1842575542144,9.55,20.66,42.87
PRD-00327,Product 0327,Automation,Integration,SUP-00006,17739.19,21003.55,0.184,62.82,Decline,1,18,30.304719537883464,12.627689913969112,16.14,34.32,64.62
PRD-00328,Product 0328,Operations,Inventory Control,SUP-00138,3596.07,4608.26,0.281,46.04,Intro,1,29,24.20726100460942,15.137076428612405,24.56,47.96,72.17
PRD-00329,Product 0329,Analytics,Forecasting,SUP-00134,16821.67,25720.48,0.529,78.0,Growth,1,20,32.95793525676771,14.3291815105534,19.3,41.27,74.23
PRD-00330,Product 0330,Operations,Procurement,SUP-00041,13995.21,22052.73,0.576,99.0,Growth,1,32,41.552963691110996,20.787713366018448,35.42,79.74,121.29
PRD-00331,Product 0331,Automation,Integration,SUP-00050,16042.17,21001.36,0.309,59.98,Mature,1,11,30.6111910388501,14.25249782160583,14.24,25.46,56.07
PRD-00332,Product 0332,Analytics,Dashboards,SUP-00108,9182.94,10979.77,0.196,87.12,Mature,1,35,39.084008717707086,17.885744257902882,31.88,77.48,116.56
PRD-00333,Product 0333,Analytics,Data Modeling,SUP-00112,9249.93,13971.19,0.51,79.47,Decline,1,26,36.50519728593288,16.911833094402823,25.98,57.62,94.13
PRD-00334,Product 0334,Automation,Workflow,SUP-00074,2719.95,4050.12,0.489,60.68,Mature,1,32,28.082385081806375,13.406539251480249,22.85,52.8,80.88
PRD-00335,Product 0335,Operations,Procurement,SUP-00114,2312.24,3016.7,0.305,71.05,Mature,1,38,34.30711890040579,15.635411217017928,29.04,72.5,106.81
PRD-00336,Product 0336,Finance,Expense Control,SUP-00049,11920.74,18337.8,0.538,40.48,Mature,1,32,25.79028765790007,12.130038843634653,20.67,48.18,73.97
PRD-00337,Product 0337,Finance,Revenue Ops,SUP-00061,4996.12,7561.32,0.513,64.34,Mature,0,26,31.069850329350885,14.248636535864936,21.89,48.82,79.89
PRD-00338,Product 0338,Finance,Revenue Ops,SUP-00077,8584.77,10479.72,0.221,56.9,Growth,1,44,31.429745819362033,12.141255529903379,24.26,70.36,101.79
PRD-00339,Product 0339,Analytics,Reporting,SUP-00037,2273.5,3169.96,0.394,85.11,Growth,1,34,37.910801489005244,17.687227404394914,31.07,74.04,111.95
PRD-00340,Product 0340,Operations,Procurement,SUP-00130,10640.19,13338.82,0.254,51.35,Decline,0,28,29.16632685275306,14.1836195590053,22.61,49.83,79.0
PRD-00341,Product 0341,Finance,Budgeting,SUP-00121,1469.47,1842.59,0.254,44.08,Mature,1,25,21.29913886762594,10.919782751070144,16.45,34.2,55.5
PRD-00342,Product 0342,Operations,Logistics,SUP-00083,3197.43,4299.9,0.345,44.73,Intro,1,26,22.28179496582891,11.548445352578934,17.74,37.05,59.33
PRD-00343,Product 0343,Security,IAM,SUP-00050,2709.12,3385.62,0.25,76.55,Intro,1,11,32.93364823913201,17.584977294373,17.57,29.65,62.58
PRD-00344,Product 0344,Finance,Budgeting,SUP-00081,2541.95,3927.52,0.545,58.87,Mature,1,14,29.91206773521143,12.884723988895658,14.52,28.48,58.39
PRD-00345,Product 0345,Analytics,Reporting,SUP-00052,11281.9,15518.11,0.375,33.37,Mature,1,25,21.785254162669847,12.31355248862751,18.55,36.7,58.49
PRD-00346,Product 0346,Analytics,Reporting,SUP-00038,729.98,1141.26,0.563,79.25,Mature,1,31,36.224081815488574,15.779941977130353,26.47,63.9,100.12
PRD-00347,Product 0347,Analytics,Reporting,SUP-00104,12143.86,17255.79,0.421,36.32,Growth,1,30,21.939173665449538,9.320443794747344,15.38,37.32,59.26
PRD-00348,Product 0348,Operations,Procurement,SUP-00032,12152.97,17552.0,0.444,52.68,Mature,1,9,27.94138187481345,13.57381105483786,12.27,20.65,48.59
PRD-00349,Product 0349,Analytics,Forecasting,SUP-00111,3649.83,5221.75,0.431,58.42,Decline,1,22,27.63706050744877,15.483757506336056,21.88,42.15,69.79
PRD-00350,Product 0350,Analytics,Reporting,SUP-00109,8554.47,10788.81,0.261,43.37,Mature,1,37,25.254571060248864,11.439968275289827,20.96,52.11,77.36
PRD-00351,Product 0351,Security,Compliance,SUP-00001,3230.72,4006.15,0.24,33.15,Mature,1,45,16.762485042438605,6.905049197894299,13.95,39.09,55.85
PRD-00352,Product 0352,Security,Compliance,SUP-00029,5419.3,7108.16,0.312,75.83,Growth,1,30,34.32975876386829,14.552405280756393,24.01,58.34,92.67
PRD-00353,Product 0353,Automation,Scheduling,SUP-00081,14020.94,20682.13,0.475,73.08,Growth,1,14,35.08003533073001,18.701553540283573,21.08,37.45,72.53
PRD-00354,Product 0354,Finance,Revenue Ops,SUP-00005,9154.0,14285.37,0.561,62.91,Intro,1,45,30.70165804490454,16.636168134938245,33.62,79.67,110.37
PRD-00355,Product 0355,Security,Compliance,SUP-00132,17367.28,21670.55,0.248,68.21,Growth,1,44,30.736049986992015,14.925826470882772,29.83,74.91,105.65
PRD-00356,Product 0356,Operations,Logistics,SUP-00092,16892.34,20548.92,0.216,33.08,Growth,0,43,21.24305989392424,8.180760662718283,16.16,46.61,67.85
PRD-00357,Product 0357,Operations,Logistics,SUP-00065,3959.98,6147.96,0.553,70.87,Mature,1,37,34.409044175353706,17.637198487614054,32.32,74.76,109.17
PRD-00358,Product 0358,Operations,Logistics,SUP-00067,14649.21,19598.1,0.338,69.03,Intro,1,17,31.50792234535704,14.960666674284507,18.58,36.43,67.94
PRD-00359,Product 0359,Security,IAM,SUP-00057,6207.81,8014.32,0.291,69.52,Decline,1,31,31.16950850306129,13.207766230167467,22.15,54.36,85.53
PRD-00360,Product 0360,Security,Threat Detection,SUP-00106,6948.19,8224.73,0.184,69.46,Decline,1,23,35.0465168467696,14.007035379006375,20.24,47.11,82.16
PRD-00361,Product 0361,Analytics,Data Modeling,SUP-00100,10750.46,13635.47,0.268,78.9,Growth,1,35,34.46176045975012,16.35571184549644,29.15,69.36,103.82
PRD-00362,Product 0362,Operations,Logistics,SUP-00009,9113.91,10924.32,0.199,60.03,Decline,1,40,30.548802787961836,16.40880861514115,31.26,71.99,102.54
PRD-00363,Product 0363,Finance,Budgeting,SUP-00031,16842.27,25006.65,0.485,63.07,Growth,1,15,30.95092383327981,14.493465620202656,16.91,32.39,63.34
PRD-00364,Product 0364,Operations,Logistics,SUP-00133,16308.55,19737.31,0.21,39.31,Mature,1,20,26.410482315295138,10.863930632804598,14.64,32.25,58.66
PRD-00365,Product 0365,Automation,Workflow,SUP-00149,8102.11,12239.99,0.511,73.66,Mature,1,32,35.25014963141946,15.988285165930215,27.25,64.85,100.1
PRD-00366,Product 0366,Finance,Budgeting,SUP-00136,14894.72,22072.77,0.482,50.63,Intro,1,25,25.373498183990236,13.84718658863476,20.86,42.0,67.37
PRD-00367,Product 0367,Operations,Inventory Control,SUP-00038,16456.46,19659.43,0.195,51.86,Mature,1,31,27.19961576996827,12.398862319771972,20.8,48.91,76.11
PRD-00368,Product 0368,Finance,Expense Control,SUP-00136,13049.42,21096.78,0.617,55.05,Mature,1,25,28.023344551598974,13.005000731924456,19.59,42.94,70.96
PRD-00369,Product 0369,Operations,Maintenance,SUP-00112,12585.23,20272.64,0.611,43.77,Mature,1,26,26.13234943994516,13.834864473341401,21.25,43.9,70.03
PRD-00370,Product 0370,Operations,Logistics,SUP-00034,10188.32,16269.16,0.597,60.19,Mature,1,29,27.68367382338345,14.521599088256064,23.56,50.32,78.0
PRD-00371,Product 0371,Finance,Expense Control,SUP-00109,12483.77,16081.21,0.288,76.01,Mature,1,37,33.945393522603574,15.516228144469192,28.43,70.3,104.25
PRD-00372,Product 0372,Finance,Budgeting,SUP-00124,2732.5,4027.75,0.474,43.1,Mature,1,12,22.26934101830128,11.383877751893532,11.88,20.79,43.06
PRD-00373,Product 0373,Security,Threat Detection,SUP-00115,3769.09,5190.82,0.377,61.72,Mature,1,29,27.908445618161487,14.489834419774343,23.51,50.49,78.4
PRD-00374,Product 0374,Operations,Procurement,SUP-00153,6666.4,8845.3,0.327,73.33,Mature,0,29,33.74661266209656,14.092454261852883,22.86,55.48,89.23
PRD-00375,Product 0375,Finance,Revenue Ops,SUP-00135,16985.46,23216.27,0.367,19.84,Mature,1,37,11.745782759968908,4.204934316895227,7.71,22.2,33.95
PRD-00376,Product 0376,Operations,Maintenance,SUP-00114,5429.06,8068.53,0.486,93.52,Growth,1,38,39.8416831884265,16.074161241373325,29.85,80.32,120.16
PRD-00377,Product 0377,Analytics,Forecasting,SUP-00084,2381.7,2923.98,0.228,54.15,Decline,1,11,28.068490541054217,14.327024302783077,14.31,24.6,52.67
PRD-00378,Product 0378,Finance,Revenue Ops,SUP-00098,8372.72,11517.32,0.376,46.11,Decline,1,11,22.793358434163448,10.859519684003578,10.85,19.21,42.0
PRD-00379,Product 0379,Security,Risk Scoring,SUP-00145,6156.65,9801.78,0.592,63.39,Mature,1,23,31.963779486310113,15.828915851391384,22.87,47.38,79.34
PRD-00380,Product 0380,Analytics,Reporting,SUP-00065,17829.51,25832.63,0.449,50.53,Decline,1,37,26.951440179677405,12.472872539123532,22.86,56.1,83.05
PRD-00381,Product 0381,Operations,Maintenance,SUP-00098,7013.97,11107.86,0.584,60.8,Mature,1,11,29.488887850553784,13.892619011885543,13.88,24.69,54.18
PRD-00382,Product 0382,Finance,Revenue Ops,SUP-00057,10168.83,12114.46,0.191,49.27,Mature,1,31,27.653926709330996,14.107515631590328,23.66,52.24,79.89
PRD-00383,Product 0383,Finance,Expense Control,SUP-00155,17381.41,24853.72,0.43,81.16,Mature,1,33,36.56251604765146,14.863736136783462,25.72,65.94,102.5
PRD-00384,Product 0384,Analytics,Reporting,SUP-00143,16046.88,23858.12,0.487,99.0,Growth,1,19,42.19214212987917,21.580756299713606,28.34,55.06,97.25
PRD-00385,Product 0385,Operations,Procurement,SUP-00015,16255.61,21601.67,0.329,74.29,Mature,1,40,33.1785190463203,16.452813076464963,31.35,75.59,108.77
PRD-00386,Product 0386,Analytics,Forecasting,SUP-00026,14274.66,17619.97,0.234,65.39,Mature,1,22,32.85710531894245,14.104407348539707,19.93,44.03,76.89
PRD-00387,Product 0387,Operations,Procurement,SUP-00135,6570.08,8012.5,0.22,52.61,Decline,1,37,29.33235204303482,14.781500084726135,27.09,63.27,92.6
PRD-00388,Product 0388,Security,Threat Detection,SUP-00098,13947.21,19772.39,0.418,80.04,Mature,1,11,39.066344161867406,18.218615769462783,18.2,32.52,71.59
PRD-00389,Product 0389,Finance,Budgeting,SUP-00101,10803.94,13663.79,0.265,48.94,Growth,1,19,23.904832719951994,14.13049201403866,18.55,33.69,57.59
PRD-00390,Product 0390,Analytics,Data Modeling,SUP-00027,6581.5,7911.01,0.202,67.42,Mature,1,10,36.830820331589216,18.553134610207163,17.67,29.95,66.78
PRD-00391,Product 0391,Security,Risk Scoring,SUP-00143,9594.92,14825.93,0.545,53.16,Intro,1,19,23.685129994533312,12.57426625802009,16.51,31.51,55.2
PRD-00392,Product 0392,Operations,Logistics,SUP-00123,15571.91,23889.31,0.534,40.64,Mature,1,9,20.72548409939883,11.356210672418056,10.26,16.48,37.21
PRD-00393,Product 0393,Security,Compliance,SUP-00057,1250.96,1887.34,0.509,58.38,Mature,1,31,30.391849961757607,14.873270429918827,24.95,56.35,86.74
PRD-00394,Product 0394,Security,Threat Detection,SUP-00142,16184.32,22997.39,0.421,45.25,Decline,1,14,18.8593627426136,9.952376959477748,11.22,20.02,38.88
PRD-00395,Product 0395,Operations,Procurement,SUP-00105,12803.81,18016.52,0.407,87.09,Growth,1,43,37.938672976307586,17.055795810781042,33.69,88.07,126.01
PRD-00396,Product 0396,Automation,RPA,SUP-00139,5934.43,8437.31,0.422,49.18,Mature,1,41,21.356037199302186,10.091113512969486,19.46,48.65,70.01
PRD-00397,Product 0397,Automation,Workflow,SUP-00083,7289.02,11079.19,0.52,59.79,Mature,1,26,29.28333905450872,13.793546630298266,21.19,46.57,75.85
PRD-00398,Product 0398,Automation,Integration,SUP-00065,7820.37,11501.32,0.471,50.96,Mature,0,37,26.186334813882816,11.57563534730017,21.21,53.51,79.7
PRD-00399,Product 0399,Automation,RPA,SUP-00122,7838.27,9746.44,0.243,41.0,Mature,1,19,23.440391649751398,11.982227165141143,15.73,30.58,54.02
PRD-00400,Product 0400,Automation,Scheduling,SUP-00011,444.41,592.45,0.333,73.64,Growth,1,15,36.29807292685777,15.886257513006656,18.53,36.68,72.98
PRD-00401,Product 0401,Operations,Inventory Control,SUP-00106,3319.48,4915.06,0.481,60.39,Mature,1,23,26.392451026493752,14.391022459035467,20.79,41.02,67.41
PRD-00402,Product 0402,Automation,Workflow,SUP-00152,7887.02,11218.96,0.422,99.0,Intro,1,36,37.90223534326182,15.167604910866592,27.42,72.9,110.8
PRD-00403,Product 0403,Automation,Scheduling,SUP-00143,1702.23,2706.31,0.59,79.81,Decline,1,19,35.730414705062906,15.60855186825706,20.5,43.13,78.86
PRD-00404,Product 0404,Analytics,Dashboards,SUP-00049,2591.4,3375.4,0.303,63.19,Growth,0,32,30.20172214390242,13.659903463119852,23.28,55.5,85.7
PRD-00405,Product 0405,Finance,Expense Control,SUP-00069,16719.68,25042.37,0.498,68.24,Decline,1,29,30.536187523140587,13.214845062058389,21.44,50.96,81.5
PRD-00406,Product 0406,Analytics,Reporting,SUP-00036,10221.71,15258.96,0.493,60.47,Growth,1,44,31.939206204466938,14.910437040008176,29.79,76.63,108.57
PRD-00407,Product 0407,Security,Compliance,SUP-00094,16282.81,24627.48,0.512,44.54,Growth,1,31,22.592276624252992,12.273785784756685,20.59,43.94,66.53
PRD-00408,Product 0408,Finance,Revenue Ops,SUP-00107,11719.86,17140.81,0.463,37.57,Mature,1,44,21.6459975867853,9.468136318948698,18.92,50.67,72.32
PRD-00409,Product 0409,Operations,Maintenance,SUP-00137,6456.48,10141.48,0.571,44.06,Growth,1,36,22.860702781227715,11.331565359438487,20.48,47.91,70.77
PRD-00410,Product 0410,Finance,Planning,SUP-00136,14617.83,22273.01,0.524,84.74,Mature,1,25,39.019072127328464,19.311605833992655,29.09,61.61,100.63
PRD-00411,Product 0411,Analytics,Forecasting,SUP-00090,10435.4,16058.99,0.539,66.37,Mature,1,30,31.10141209846888,15.410140710000139,25.43,56.53,87.63
PRD-00412,Product 0412,Security,Threat Detection,SUP-00046,9509.36,13086.65,0.376,71.13,Growth,1,40,33.96832258879509,12.137541464612632,23.13,68.42,102.39
PRD-00413,Product 0413,Finance,Budgeting,SUP-00069,1721.8,2084.58,0.211,75.38,Mature,1,29,28.96619553563381,14.755581187284989,23.94,51.94,80.91
PRD-00414,Product 0414,Analytics,Data Modeling,SUP-00061,3756.93,5337.22,0.421,58.6,Growth,1,26,30.281468778963017,15.82337219953576,24.31,50.55,80.83
PRD-00415,Product 0415,Finance,Expense Control,SUP-00075,801.67,1115.11,0.391,51.71,Mature,0,8,24.23300238094576,13.156737747087227,11.21,17.67,41.9
PRD-00416,Product 0416,Analytics,Dashboards,SUP-00044,1606.92,2552.71,0.589,96.34,Mature,1,33,38.81564865264953,16.177611675678204,28.0,70.7,109.52
PRD-00417,Product 0417,Operations,Maintenance,SUP-00124,16047.43,23720.93,0.478,71.02,Mature,0,12,29.850761360572097,17.256767243504623,18.01,29.95,59.8
PRD-00418,Product 0418,Finance,Budgeting,SUP-00108,14256.86,21787.73,0.528,33.71,Intro,1,35,21.09055401028558,8.662989532929009,15.44,40.05,61.14
PRD-00419,Product 0419,Automation,Scheduling,SUP-00151,4049.63,6023.18,0.487,32.16,Mature,1,26,13.475193489708023,5.541927610037644,8.51,20.19,33.67
PRD-00420,Product 0420,Finance,Budgeting,SUP-00010,4414.59,6445.22,0.46,74.75,Growth,0,22,31.636225288573275,16.911390114675896,23.9,47.1,78.74
PRD-00421,Product 0421,Security,Threat Detection,SUP-00033,8862.28,14020.15,0.582,46.98,Growth,1,22,25.825330434322147,10.524846633569021,14.87,33.81,59.64
PRD-00422,Product 0422,Operations,Procurement,SUP-00002,5996.77,7253.58,0.21,59.79,Growth,1,33,27.44824272861201,12.068382219546603,20.88,51.07,78.52
PRD-00423,Product 0423,Analytics,Reporting,SUP-00040,10020.06,15675.92,0.564,24.81,Growth,1,43,16.252330931843613,6.637391625943261,13.11,36.41,52.66
PRD-00424,Product 0424,Analytics,Reporting,SUP-00018,3961.62,6076.08,0.534,54.13,Decline,1,42,29.99712668725842,12.706045773935113,24.81,66.81,96.81
PRD-00425,Product 0425,Analytics,Dashboards,SUP-00031,7377.61,11929.52,0.617,77.51,Mature,1,15,34.54298716637,17.26529446060852,20.14,37.41,71.95
PRD-00426,Product 0426,Automation,Scheduling,SUP-00091,16495.37,20449.83,0.24,52.9,Intro,1,39,28.77068928855965,12.539473572806388,23.59,60.99,89.76
PRD-00427,Product 0427,Automation,Scheduling,SUP-00031,8308.85,12885.2,0.551,42.11,Mature,1,15,25.336490612053854,14.826782368946354,17.3,29.97,55.31
PRD-00428,Product 0428,Operations,Inventory Control,SUP-00093,15764.84,20296.68,0.287,57.85,Mature,1,16,29.16085190634654,13.842597166627968,16.68,32.23,61.39
PRD-00429,Product 0429,Automation,RPA,SUP-00010,9601.39,11590.74,0.207,62.59,Mature,1,22,28.654848245363286,13.291206103652582,18.78,39.79,68.44
PRD-00430,Product 0430,Security,Threat Detection,SUP-00109,7726.51,9971.67,0.291,56.01,Mature,1,37,29.798644274535754,15.374406818651451,28.17,64.92,94.72
PRD-00431,Product 0431,Finance,Budgeting,SUP-00128,9224.71,11490.0,0.246,35.17,Mature,1,8,22.626579162389696,10.953146504886258,9.33,15.36,37.99
PRD-00432,Product 0432,Finance,Planning,SUP-00132,13358.08,17447.61,0.306,68.69,Mature,1,44,31.424880991417798,14.609304520593776,29.19,75.28,106.7
PRD-00433,Product 0433,Operations,Logistics,SUP-00055,17972.76,28443.04,0.583,52.24,Mature,1,40,26.230221006552974,13.480057515500175,25.68,60.65,86.88
PRD-00434,Product 0434,Security,Compliance,SUP-00052,604.95,888.4,0.469,64.96,Intro,1,25,29.331617436649005,12.136440980881352,18.28,42.72,72.05
PRD-00435,Product 0435,Operations,Logistics,SUP-00068,9341.25,13369.47,0.431,45.4,Mature,1,17,21.216805978727756,14.321076538961618,17.79,29.81,51.03
PRD-00436,Product 0436,Operations,Procurement,SUP-00143,12121.51,18954.41,0.564,83.18,Growth,1,19,36.987353611227235,15.424252982398613,20.25,43.68,80.67
PRD-00437,Product 0437,Operations,Maintenance,SUP-00139,7328.94,11546.47,0.575,74.11,Growth,1,41,31.868784545960615,16.0630716358329,30.98,74.53,106.4
PRD-00438,Product 0438,Automation,Scheduling,SUP-00083,10321.1,16554.61,0.604,55.89,Growth,1,26,27.436248442148308,13.174254319722147,20.24,44.02,71.46
PRD-00439,Product 0439,Automation,RPA,SUP-00147,1035.03,1620.71,0.566,67.17,Growth,1,18,29.669796165807053,15.366888759017593,19.64,37.44,67.11
PRD-00440,Product 0440,Security,Risk Scoring,SUP-00045,5101.24,7855.84,0.54,89.81,Growth,1,26,38.59128646885514,13.897421343697093,21.35,54.8,93.39
PRD-00441,Product 0441,Finance,Planning,SUP-00088,6836.32,8163.5,0.194,81.98,Decline,1,37,35.16799978842879,15.332630209065995,28.1,71.47,106.64
PRD-00442,Product 0442,Operations,Procurement,SUP-00031,7357.11,10485.28,0.425,87.66,Intro,1,15,34.49480748190409,17.00962960459229,19.85,37.1,71.59
PRD-00443,Product 0443,Security,IAM,SUP-00016,12292.53,16626.74,0.353,72.29,Mature,1,36,34.3513144260345,15.362809034364734,27.77,68.99,103.34
PRD-00444,Product 0444,Finance,Revenue Ops,SUP-00111,16249.98,19623.38,0.208,52.79,Mature,1,22,27.48049357845277,12.654103205383349,17.88,38.03,65.51
PRD-00445,Product 0445,Automation,Workflow,SUP-00074,1169.7,1426.97,0.22,72.0,Intro,1,32,34.79938424864439,14.531412856148965,24.76,61.88,96.68
PRD-00446,Product 0446,Operations,Inventory Control,SUP-00092,8127.8,11123.79,0.369,90.89,Growth,1,43,39.52093346242258,20.05056838941006,39.61,96.26,135.78
PRD-00447,Product 0447,Operations,Procurement,SUP-00147,7205.5,11500.33,0.596,72.3,Mature,1,18,33.419060996133204,15.055664717887963,19.24,39.29,72.71
PRD-00448,Product 0448,Automation,Workflow,SUP-00079,17368.7,23967.95,0.38,47.94,Growth,1,29,25.2567916832834,12.595059650956486,20.43,44.84,70.1
PRD-00449,Product 0449,Security,Risk Scoring,SUP-00145,12729.73,19350.65,0.52,63.13,Mature,1,23,32.06315164969676,16.46479031133279,23.79,48.37,80.43
PRD-00450,Product 0450,Security,Compliance,SUP-00093,17191.3,21891.55,0.273,74.93,Growth,1,16,36.97436397559009,16.66032403309302,20.08,39.8,76.77
PRD-00451,Product 0451,Operations,Inventory Control,SUP-00053,9095.94,11678.06,0.284,64.92,Growth,1,18,31.85242753468595,15.656128289590551,20.01,39.12,70.97
PRD-00452,Product 0452,Finance,Revenue Ops,SUP-00014,11327.02,17566.74,0.551,74.98,Mature,1,12,36.72238801092744,17.260982112095,18.01,32.7,69.42
PRD-00453,Product 0453,Automation,Integration,SUP-00156,15390.43,20126.51,0.308,51.47,Growth,1,22,31.441719911474127,15.059571473723343,21.28,44.34,75.78
PRD-00454,Product 0454,Security,Compliance,SUP-00128,731.82,1072.57,0.466,58.35,Growth,1,8,30.556973447383086,14.423724948273318,12.29,20.44,51.0
PRD-00455,Product 0455,Security,Threat Detection,SUP-00052,16661.01,19678.19,0.181,67.8,Growth,1,25,30.70073572042412,16.710902191555085,25.17,50.75,81.45
PRD-00456,Product 0456,Analytics,Forecasting,SUP-00114,8610.8,10266.7,0.192,68.61,Growth,1,38,31.80207115125463,15.280280490070695,28.38,68.66,100.46
PRD-00457,Product 0457,Analytics,Dashboards,SUP-00131,17307.81,24039.31,0.389,51.24,Mature,1,13,24.721814031540227,11.510392622948055,12.5,23.21,47.93
PRD-00458,Product 0458,Security,Risk Scoring,SUP-00004,242.67,349.32,0.439,20.36,Mature,1,15,11.827609165048338,4.4649168803379204,5.21,11.12,22.95
PRD-00459,Product 0459,Finance,Planning,SUP-00150,1759.52,2137.17,0.215,13.02,Mature,0,15,13.89316673639614,7.147954905196069,8.34,15.29,29.18
PRD-00460,Product 0460,Automation,Workflow,SUP-00022,1416.69,2162.72,0.527,61.2,Mature,1,38,30.900332317347903,15.233811961524454,28.29,67.43,98.33
PRD-00461,Product 0461,Operations,Inventory Control,SUP-00021,1078.78,1303.99,0.209,65.11,Decline,1,23,30.240243601428297,13.155626790332189,19.01,42.19,72.43
PRD-00462,Product 0462,Operations,Inventory Control,SUP-00072,2471.8,3633.41,0.47,58.48,Growth,1,44,30.025027778971037,13.02368518642781,26.02,70.06,100.09
PRD-00463,Product 0463,Operations,Inventory Control,SUP-00047,6047.36,8929.75,0.477,62.6,Mature,1,34,28.26024806468009,15.231743237015099,26.76,58.79,87.05
PRD-00464,Product 0464,Security,Compliance,SUP-00062,2478.85,3404.08,0.373,89.22,Mature,1,12,38.24416629882736,17.287511206161565,18.04,33.34,71.58
PRD-00465,Product 0465,Security,Threat Detection,SUP-00090,2676.47,3702.69,0.383,53.56,Mature,1,30,26.04715259269718,13.554593732739095,22.37,48.42,74.47
PRD-00466,Product 0466,Security,Compliance,SUP-00068,8141.22,9614.92,0.181,68.21,Mature,1,17,34.415429100614375,17.110354096680513,21.25,40.75,75.17
PRD-00467,Product 0467,Finance,Budgeting,SUP-00060,11307.65,16000.54,0.415,90.63,Growth,1,44,37.082830608465585,14.986436555606304,29.95,84.34,121.42
PRD-00468,Product 0468,Automation,Scheduling,SUP-00086,880.78,1156.46,0.313,44.38,Growth,1,23,22.851954884679568,13.794145981673969,19.93,37.45,60.3
PRD-00469,Product 0469,Analytics,Reporting,SUP-00157,10372.58,13275.02,0.28,92.1,Intro,1,16,37.73546936890703,19.258470200829862,23.21,43.34,81.08
PRD-00470,Product 0470,Finance,Expense Control,SUP-00112,10505.85,12895.73,0.227,78.51,Growth,1,26,33.18813743738437,16.53478857694069,25.4,54.16,87.35
PRD-00471,Product 0471,Security,IAM,SUP-00065,5827.19,8448.91,0.45,56.73,Growth,1,37,29.42261732512547,14.524910475896055,26.62,62.91,92.33
PRD-00472,Product 0472,Finance,Planning,SUP-00112,3454.04,5376.5,0.557,18.91,Growth,0,26,14.788220590922297,8.175583235713988,12.56,25.38,40.17
PRD-00473,Product 0473,Operations,Inventory Control,SUP-00135,11413.16,14094.81,0.235,85.64,Growth,1,37,36.44108784042962,15.118191717522745,27.7,72.64,109.08
PRD-00474,Product 0474,Security,Threat Detection,SUP-00008,14079.89,21130.41,0.501,92.09,Growth,1,13,39.75811921668023,15.459049277057279,16.79,34.02,73.78
PRD-00475,Product 0475,Operations,Logistics,SUP-00032,5166.93,7188.49,0.391,50.19,Mature,1,9,22.53358980286977,11.426060767591844,10.33,17.09,39.62
PRD-00476,Product 0476,Automation,RPA,SUP-00160,9213.97,10912.87,0.184,93.16,Mature,1,15,38.126581373000114,15.6966311999689,18.31,37.37,75.5
PRD-00477,Product 0477,Operations,Logistics,SUP-00158,1847.69,2578.14,0.395,33.26,Growth,1,33,14.248923503900773,6.696021748163589,11.59,27.26,41.51
PRD-00478,Product 0478,Automation,Workflow,SUP-00113,14089.95,21869.7,0.552,66.96,Mature,1,44,27.101552780890025,15.53241465517953,31.04,70.79,97.89
PRD-00479,Product 0479,Finance,Planning,SUP-00117,11954.06,19143.81,0.601,58.98,Decline,1,15,29.147035187897792,16.443416644472624,19.18,33.75,62.9
PRD-00480,Product 0480,Security,IAM,SUP-00146,7753.51,10741.63,0.385,39.27,Growth,1,34,23.865240328975595,11.68707122425951,20.53,47.58,71.45
PRD-00481,Product 0481,Security,Risk Scoring,SUP-00003,10924.11,15052.42,0.378,57.75,Mature,1,8,31.53655041094578,13.486706431501746,11.49,19.9,51.44
PRD-00482,Product 0482,Automation,Scheduling,SUP-00085,17194.67,22889.78,0.331,61.48,Intro,1,21,30.414056624333647,15.084555251290094,20.82,42.11,72.52
PRD-00483,Product 0483,Operations,Procurement,SUP-00028,10147.35,13664.21,0.347,41.78,Intro,1,16,19.508220559462547,10.110468149899043,12.18,22.58,42.09
PRD-00484,Product 0484,Security,Compliance,SUP-00153,7732.05,10743.46,0.389,73.48,Growth,1,29,32.15815668356061,16.89499403401893,27.41,58.5,90.66
PRD-00485,Product 0485,Security,Compliance,SUP-00017,8189.93,9950.89,0.215,50.41,Mature,1,21,23.852599355808234,11.119011769518929,15.35,32.05,55.9
PRD-00486,Product 0486,Analytics,Reporting,SUP-00020,3335.76,4887.27,0.465,55.89,Growth,1,44,27.43436584188248,13.865998253723772,27.71,67.95,95.38
PRD-00487,Product 0487,Operations,Procurement,SUP-00095,16386.41,21908.41,0.337,86.6,Growth,1,32,38.413115846375206,19.406798070380226,33.07,74.04,112.45
PRD-00488,Product 0488,Analytics,Forecasting,SUP-00053,9950.37,14633.74,0.471,50.87,Mature,0,18,26.722765109072952,12.920171686935047,16.51,32.54,59.26
PRD-00489,Product 0489,Security,Threat Detection,SUP-00134,7155.16,10434.81,0.458,23.55,Decline,1,20,13.899324293921993,6.197681984863147,8.35,17.62,31.52
PRD-00490,Product 0490,Operations,Procurement,SUP-00048,16857.87,26465.55,0.57,57.72,Mature,1,22,30.82577781314248,14.583133247456036,20.61,43.22,74.05
PRD-00491,Product 0491,Security,Threat Detection,SUP-00126,9951.42,12974.06,0.304,63.85,Growth,1,30,33.446695301811,14.504794588040095,23.93,57.38,90.83
PRD-00492,Product 0492,Analytics,Reporting,SUP-00063,2695.79,4290.77,0.592,57.9,Decline,0,16,27.841215312173365,13.96929965536935,16.83,31.68,59.52
PRD-00493,Product 0493,Finance,Budgeting,SUP-00093,12503.93,18381.65,0.47,76.63,Growth,1,16,34.53486763748195,15.557513835269152,18.75,37.17,71.7
PRD-00494,Product 0494,Analytics,Dashboards,SUP-00156,17408.97,25304.84,0.454,68.8,Decline,1,22,32.28438886969613,15.222668424818515,21.51,45.19,77.47
PRD-00495,Product 0495,Operations,Maintenance,SUP-00099,14895.87,21214.59,0.424,51.81,Intro,1,45,30.39059230638366,13.888689287066475,28.07,73.66,104.05
PRD-00496,Product 0496,Analytics,Reporting,SUP-00031,6893.75,8754.11,0.27,73.84,Decline,1,15,34.123979361701885,14.150433586327962,16.51,33.57,67.69
PRD-00497,Product 0497,Operations,Inventory Control,SUP-00151,14570.38,17239.16,0.183,69.88,Growth,1,26,29.79547978388979,14.797147337703882,22.73,48.55,78.35
PRD-00498,Product 0498,Finance,Budgeting,SUP-00151,8701.68,12403.56,0.425,69.37,Growth,1,26,31.32264229550312,15.553270340790853,23.89,51.04,82.36
PRD-00499,Product 0499,Security,Risk Scoring,SUP-00073,7328.71,11597.96,0.583,59.28,Mature,1,28,29.8383679677825,14.898111868813686,23.75,51.6,81.44
PRD-00500,Product 0500,Analytics,Reporting,SUP-00061,10033.27,15580.09,0.553,66.85,Mature,1,26,29.52943755890462,16.896169111191806,25.95,51.54,81.07
PRD-00501,Product 0501,Analytics,Reporting,SUP-00121,1451.49,1762.12,0.214,63.85,Mature,1,25,29.584233737227112,16.410553086188436,24.72,49.37,78.95
PRD-00502,Product 0502,Automation,RPA,SUP-00089,4811.63,6335.77,0.317,56.9,Mature,1,25,30.14264158878122,12.132041554586843,18.27,43.39,73.53
PRD-00503,Product 0503,Automation,RPA,SUP-00016,10457.98,14539.65,0.39,70.15,Mature,1,36,32.08078947674023,16.293635705913495,29.45,67.95,100.03
PRD-00504,Product 0504,Finance,Planning,SUP-00053,2177.2,3036.93,0.395,71.46,Intro,1,18,31.35650205845789,14.124562403022797,18.05,36.86,68.22
PRD-00505,Product 0505,Analytics,Reporting,SUP-00014,7428.69,9370.93,0.261,71.47,Growth,1,12,33.10515888201515,16.423126412039483,17.14,30.38,63.49
PRD-00506,Product 0506,Security,Threat Detection,SUP-00047,14908.07,22067.71,0.48,72.49,Mature,1,34,33.042618599244165,15.745200573867027,27.66,65.11,98.15
PRD-00507,Product 0507,Operations,Logistics,SUP-00028,16097.11,22426.42,0.393,23.75,Growth,1,16,16.28640688426145,7.334215196791898,8.84,17.53,33.82
PRD-00508,Product 0508,Operations,Procurement,SUP-00158,3348.08,5217.01,0.558,77.37,Growth,1,33,31.21100249041056,14.345245395186678,24.82,59.15,90.36
PRD-00509,Product 0509,Operations,Inventory Control,SUP-00154,17007.4,21946.14,0.29,45.61,Growth,1,9,25.65665431830962,12.159028887348532,10.99,18.69,44.35
PRD-00510,Product 0510,Operations,Procurement,SUP-00004,8446.6,13347.05,0.58,81.04,Mature,1,15,35.869709344601894,18.45950479522899,21.54,39.47,75.34
PRD-00511,Product 0511,Analytics,Reporting,SUP-00122,2800.75,4321.73,0.543,38.87,Growth,1,19,25.596680877680733,13.129882887411098,17.24,33.45,59.05
PRD-00512,Product 0512,Finance,Expense Control,SUP-00131,13528.8,18431.14,0.362,88.89,Growth,1,13,38.32386433404307,14.41114012423033,15.65,32.26,70.58
PRD-00513,Product 0513,Security,Compliance,SUP-00146,1603.8,2463.8,0.536,24.88,Growth,1,34,15.483634640735215,6.407232346235112,11.25,28.8,44.28
PRD-00514,Product 0514,Security,Threat Detection,SUP-00142,13189.46,19247.02,0.459,67.5,Mature,0,14,30.889775106286088,15.190482401491664,17.12,31.54,62.43
PRD-00515,Product 0515,Finance,Planning,SUP-00055,12593.92,17373.3,0.379,55.78,Growth,1,40,24.498579550684816,13.4022396293169,25.53,58.19,82.69
PRD-00516,Product 0516,Operations,Maintenance,SUP-00078,11501.96,16160.06,0.405,69.88,Growth,1,16,33.1524399011867,14.828183825774927,17.87,35.55,68.7
PRD-00517,Product 0517,Analytics,Data Modeling,SUP-00027,14913.88,21198.7,0.421,91.33,Mature,1,10,38.66278058915647,17.073188232600007,16.26,29.15,67.81
PRD-00518,Product 0518,Automation,RPA,SUP-00139,14827.05,18980.63,0.28,66.02,Growth,1,41,32.260355757584115,15.901208959727459,30.67,74.76,107.02
PRD-00519,Product 0519,Automation,Workflow,SUP-00010,7976.08,9949.58,0.247,77.97,Decline,1,22,31.62632691919394,17.916663891865287,25.32,48.51,80.14
PRD-00520,Product 0520,Finance,Budgeting,SUP-00081,9328.02,14236.13,0.526,88.09,Mature,0,14,38.28182184515216,16.029734880668585,18.07,35.93,74.21
PRD-00521,Product 0521,Analytics,Forecasting,SUP-00071,7563.15,9213.37,0.218,51.48,Growth,0,43,24.340545448461373,11.55934401690318,22.83,57.72,82.06
PRD-00522,Product 0522,Security,Compliance,SUP-00055,11071.7,16420.64,0.483,68.15,Intro,1,40,30.871242092442195,14.718947474010578,28.04,69.2,100.07
PRD-00523,Product 0523,Security,Risk Scoring,SUP-00156,9441.84,14793.67,0.567,85.26,Growth,1,22,34.99961432334097,15.177363866736398,21.45,47.12,82.12
PRD-00524,Product 0524,Analytics,Reporting,SUP-00077,5388.2,7392.78,0.372,68.0,Mature,1,44,33.476570312171646,15.273680253935588,30.52,79.62,113.1
PRD-00525,Product 0525,Security,IAM,SUP-00007,7658.85,11648.65,0.521,52.03,Growth,1,40,26.123356934654254,12.55817701081093,23.93,58.76,84.88
PRD-00526,Product 0526,Automation,Scheduling,SUP-00136,10199.19,15913.51,0.56,70.76,Growth,1,25,31.964462617270993,15.521240692033027,23.38,50.02,81.98
PRD-00527,Product 0527,Automation,Integration,SUP-00149,14417.41,18808.54,0.305,63.95,Mature,1,32,31.510970958535825,13.594243969999415,23.17,56.78,88.29
PRD-00528,Product 0528,Operations,Maintenance,SUP-00056,2493.03,3216.49,0.29,70.66,Mature,1,9,31.569853316153036,17.08206166259689,15.44,24.91,56.48
PRD-00529,Product 0529,Finance,Budgeting,SUP-00045,10153.98,14355.98,0.414,53.02,Growth,0,26,24.8998453228466,13.730383473711452,21.09,42.67,67.57
PRD-00530,Product 0530,Analytics,Dashboards,SUP-00113,16896.15,26687.96,0.58,66.12,Growth,0,44,34.38488808257066,14.63301275756681,29.24,79.67,114.05
PRD-00531,Product 0531,Security,Risk Scoring,SUP-00010,7400.75,10994.87,0.486,59.63,Mature,1,22,27.17082035739246,13.43554279860206,18.98,38.91,66.08
PRD-00532,Product 0532,Analytics,Forecasting,SUP-00105,1302.98,1642.76,0.261,53.59,Mature,1,43,28.936570610370666,15.075465851325479,29.78,71.26,100.2
PRD-00533,Product 0533,Analytics,Dashboards,SUP-00028,15303.87,20752.77,0.356,84.27,Growth,0,16,42.51099804517596,23.22235597138173,27.98,50.65,93.16
PRD-00534,Product 0534,Analytics,Data Modeling,SUP-00035,3879.31,5566.85,0.435,53.27,Decline,1,22,24.13100741987512,13.623716156748726,19.25,36.95,61.08
PRD-00535,Product 0535,Operations,Procurement,SUP-00016,12576.62,16897.88,0.344,49.16,Growth,1,36,25.506186103118267,10.190217693423618,18.42,49.03,74.54
PRD-00536,Product 0536,Security,Compliance,SUP-00103,8352.02,10562.59,0.265,41.83,Mature,1,14,24.861469844957895,11.907078602288092,13.42,25.02,49.88
PRD-00537,Product 0537,Automation,Scheduling,SUP-00109,16939.2,26036.91,0.537,60.9,Mature,1,37,28.80115333484172,14.411050315286568,26.41,61.93,90.73
PRD-00538,Product 0538,Security,Compliance,SUP-00075,13946.22,20686.45,0.483,59.41,Mature,1,8,25.206584713621293,12.773945488182568,10.88,17.6,42.81
PRD-00539,Product 0539,Operations,Inventory Control,SUP-00153,14450.3,22047.57,0.526,74.28,Mature,1,29,31.621220766437794,14.92028023033717,24.2,54.77,86.39
PRD-00540,Product 0540,Automation,RPA,SUP-00013,10846.95,13573.15,0.251,41.07,Growth,1,29,24.295287106809855,13.189110062840342,21.4,44.89,69.19
PRD-00541,Product 0541,Security,Risk Scoring,SUP-00159,2574.05,3210.84,0.247,33.36,Decline,1,41,22.600828993216805,10.342264447830246,19.95,50.84,73.44
PRD-00542,Product 0542,Analytics,Dashboards,SUP-00130,3112.97,3804.37,0.222,30.47,Intro,1,28,18.200465173194356,10.164977944040164,16.2,33.19,51.39
PRD-00543,Product 0543,Automation,Integration,SUP-00012,868.73,1275.6,0.468,69.75,Intro,1,32,31.78061235875371,13.460765617883443,22.94,56.84,88.62
PRD-00544,Product 0544,Automation,RPA,SUP-00069,11358.74,17915.04,0.577,79.59,Decline,1,29,39.581035187886265,17.62495996271991,28.59,66.85,106.43
PRD-00545,Product 0545,Analytics,Reporting,SUP-00088,12448.37,19364.57,0.556,78.2,Growth,1,37,34.15272294998046,13.980863411632317,25.62,67.74,101.89
PRD-00546,Product 0546,Finance,Budgeting,SUP-00098,3766.16,4873.54,0.294,53.47,Mature,1,11,23.530755906814875,13.846664130609282,13.83,22.46,45.99
PRD-00547,Product 0547,Finance,Budgeting,SUP-00070,15473.2,20549.59,0.328,64.21,Mature,1,37,29.008402980894356,14.540162016026606,26.64,62.42,91.43
PRD-00548,Product 0548,Security,Threat Detection,SUP-00049,6411.36,8919.44,0.391,23.8,Mature,1,32,17.098520019555426,8.280392374506969,14.11,32.35,49.45
PRD-00549,Product 0549,Automation,Integration,SUP-00045,4003.64,4758.48,0.189,89.5,Growth,1,26,34.95482273091451,17.607212413022765,27.05,57.34,92.29
PRD-00550,Product 0550,Analytics,Dashboards,SUP-00096,13533.73,19974.99,0.476,81.67,Growth,1,33,36.091632745459556,17.40210921820983,30.11,69.81,105.9
PRD-00551,Product 0551,Finance,Expense Control,SUP-00087,11306.35,14423.61,0.276,77.37,Mature,1,23,33.97770389754852,13.698748921829761,19.79,45.84,79.82
PRD-00552,Product 0552,Security,Risk Scoring,SUP-00062,3654.08,5620.97,0.538,46.74,Intro,1,12,25.394151653051573,13.981850986971015,14.59,24.75,50.14
PRD-00553,Product 0553,Security,Threat Detection,SUP-00040,15000.18,21106.04,0.407,55.82,Mature,1,43,27.714041744372558,13.371734118321134,26.41,66.13,93.84
PRD-00554,Product 0554,Security,Compliance,SUP-00082,1955.44,2440.86,0.248,58.77,Growth,0,38,27.565397809914874,11.037818403243232,20.5,55.42,82.99
PRD-00555,Product 0555,Operations,Procurement,SUP-00039,3482.21,5257.48,0.51,90.91,Intro,1,8,38.41629477249199,17.42537465668851,14.85,25.09,63.51
PRD-00556,Product 0556,Security,IAM,SUP-00068,13832.09,21242.08,0.536,79.0,Growth,1,17,31.283853348136766,18.81782394422258,23.37,41.1,72.38
PRD-00557,Product 0557,Security,Compliance,SUP-00153,9766.12,15198.88,0.556,58.82,Growth,1,29,28.656771160618405,15.701290605462097,25.47,53.17,81.83
PRD-00558,Product 0558,Operations,Inventory Control,SUP-00119,7835.21,9610.44,0.227,71.94,Mature,1,39,32.519414469782944,17.928205447806736,33.73,76.01,108.53
PRD-00559,Product 0559,Finance,Planning,SUP-00120,2799.5,3882.55,0.387,46.5,Growth,1,37,21.860144458732933,10.999756359743984,20.16,47.12,68.98
PRD-00560,Product 0560,Operations,Procurement,SUP-00009,1680.11,2020.79,0.203,38.46,Mature,1,40,19.401971479141984,8.593905986910091,16.37,42.24,61.64
PRD-00561,Product 0561,Automation,Integration,SUP-00123,7871.86,12608.24,0.602,60.83,Mature,1,9,29.979437852547864,12.885667557422774,11.65,20.64,50.62
PRD-00562,Product 0562,Analytics,Dashboards,SUP-00101,17711.06,24538.64,0.385,42.66,Decline,1,19,22.94853798160481,12.816559795339662,16.83,31.36,54.31
PRD-00563,Product 0563,Automation,RPA,SUP-00082,11230.26,17022.93,0.516,33.24,Growth,1,38,19.66165343048122,8.284348239513935,15.38,40.28,59.94
PRD-00564,Product 0564,Finance,Budgeting,SUP-00044,5773.35,7447.7,0.29,62.57,Mature,1,33,28.355923606816532,15.646713036764371,27.08,58.27,86.63
PRD-00565,Product 0565,Finance,Revenue Ops,SUP-00069,17984.44,22884.57,0.272,57.5,Growth,1,29,27.420525081125902,14.253508009839045,23.12,49.63,77.05
PRD-00566,Product 0566,Security,Compliance,SUP-00059,17959.11,24997.28,0.392,44.85,Decline,1,24,24.02441710755738,10.90917879116347,16.1,35.32,59.34
PRD-00567,Product 0567,Analytics,Data Modeling,SUP-00062,6129.8,8873.04,0.448,55.2,Decline,1,12,28.28213239269963,12.742702334318123,13.3,24.61,52.89
PRD-00568,Product 0568,Operations,Logistics,SUP-00130,3974.3,5166.4,0.3,68.44,Mature,1,28,32.29837151725382,14.573269244570623,23.23,53.38,85.68
PRD-00569,Product 0569,Operations,Inventory Control,SUP-00022,3554.72,4739.46,0.333,58.16,Growth,1,38,29.482382709321833,15.690414261348973,29.14,66.48,95.96
PRD-00570,Product 0570,Analytics,Data Modeling,SUP-00102,10611.92,14461.31,0.363,64.38,Growth,1,22,30.317947177585808,16.693308562683782,23.59,45.82,76.14
PRD-00571,Product 0571,Finance,Revenue Ops,SUP-00156,5706.16,6758.49,0.184,59.11,Mature,1,22,29.10189007674544,17.15057577752298,24.23,45.57,74.67
PRD-00572,Product 0572,Finance,Planning,SUP-00029,14052.45,18067.47,0.286,91.41,Mature,1,30,36.827840188263636,17.346817486056842,28.62,65.45,102.28
PRD-00573,Product 0573,Finance,Revenue Ops,SUP-00109,6426.84,9770.32,0.52,84.6,Growth,1,37,35.749642342037625,17.922705262180983,32.84,76.93,112.68
PRD-00574,Product 0574,Security,Risk Scoring,SUP-00018,10991.75,16902.19,0.538,63.98,Growth,1,42,28.85995764839065,16.741931545239577,32.69,73.09,101.95
PRD-00575,Product 0575,Finance,Revenue Ops,SUP-00082,4535.68,6821.71,0.504,48.07,Intro,1,38,26.738245026229926,12.417124566845045,23.06,56.93,83.67
PRD-00576,Product 0576,Analytics,Dashboards,SUP-00053,8695.99,10794.89,0.241,52.47,Mature,1,18,29.09003453306952,13.49999708487398,17.25,34.7,63.79
PRD-00577,Product 0577,Analytics,Reporting,SUP-00101,11871.09,14748.9,0.242,40.05,Mature,1,19,21.30502700692673,10.348269150034925,13.59,27.08,48.39
PRD-00578,Product 0578,Analytics,Forecasting,SUP-00121,17831.82,23478.86,0.317,48.44,Decline,1,25,27.528999089742417,14.08389153186665,21.21,44.15,71.68
PRD-00579,Product 0579,Security,Threat Detection,SUP-00160,5527.35,7042.94,0.274,73.36,Mature,1,15,31.358691242765424,14.968909897817628,17.46,33.14,64.5
PRD-00580,Product 0580,Security,Compliance,SUP-00016,13608.06,16192.97,0.19,51.91,Decline,1,36,27.43976490088853,12.939893768398667,23.39,56.32,83.76
PRD-00581,Product 0581,Operations,Inventory Control,SUP-00041,10927.69,13959.24,0.277,59.03,Growth,1,32,28.129776534257893,12.53365976998228,21.36,51.37,79.5
PRD-00582,Product 0582,Automation,Integration,SUP-00113,13608.13,18963.56,0.394,82.08,Mature,1,44,35.234599041440894,16.260318805949858,32.49,84.17,119.4
PRD-00583,Product 0583,Automation,Scheduling,SUP-00141,11056.75,16004.56,0.447,71.4,Mature,1,28,33.67322265104806,14.950068549570084,23.83,55.26,88.93
PRD-00584,Product 0584,Automation,RPA,SUP-00062,2013.0,2454.69,0.219,63.17,Mature,1,12,33.05703525290291,17.19967280394141,17.95,31.17,64.23
PRD-00585,Product 0585,Operations,Maintenance,SUP-00017,4339.01,5837.18,0.345,60.06,Mature,1,21,29.518958625411482,13.918876046930041,19.21,39.87,69.39
PRD-00586,Product 0586,Automation,Workflow,SUP-00015,12850.13,17292.85,0.346,58.63,Growth,1,40,29.113727465964843,15.399730816021796,29.34,68.16,97.27
PRD-00587,Product 0587,Finance,Planning,SUP-00001,13378.89,16570.2,0.239,77.83,Growth,1,45,29.4741210985842,13.283724430819927,26.84,71.05,100.52
PRD-00588,Product 0588,Automation,Workflow,SUP-00013,11359.66,18141.94,0.597,67.06,Mature,1,29,33.990698490240085,17.473556898171115,28.35,61.21,95.2
PRD-00589,Product 0589,Operations,Inventory Control,SUP-00146,3619.73,5853.92,0.617,57.64,Growth,1,34,32.305428660065544,15.340119724652642,26.95,63.56,95.87
PRD-00590,Product 0590,Automation,RPA,SUP-00160,2002.89,2463.17,0.23,40.35,Decline,1,15,23.38931664337878,12.720762345078862,14.84,26.53,49.92
PRD-00591,Product 0591,Security,Risk Scoring,SUP-00014,13272.47,17256.98,0.3,70.21,Mature,1,12,33.61553812286386,17.572282027285432,18.34,31.79,65.41
PRD-00592,Product 0592,Security,IAM,SUP-00160,11500.34,13629.33,0.185,67.82,Mature,1,15,27.359114031102855,13.772479344791423,16.07,29.75,57.11
PRD-00593,Product 0593,Operations,Procurement,SUP-00110,10085.07,15403.45,0.527,35.1,Mature,1,9,20.737011363377288,8.359379997109738,7.55,13.77,34.51
PRD-00594,Product 0594,Finance,Budgeting,SUP-00088,414.45,565.47,0.364,59.37,Mature,1,37,27.238329545533976,14.014923259713942,25.68,59.27,86.51
PRD-00595,Product 0595,Automation,Integration,SUP-00077,11176.83,18016.14,0.612,67.69,Mature,1,44,34.33351203646633,15.232917057015188,30.44,80.8,115.13
PRD-00596,Product 0596,Operations,Maintenance,SUP-00041,14037.48,19623.84,0.398,57.56,Mature,1,32,32.2552482558056,14.493662015283508,24.7,59.11,91.37
PRD-00597,Product 0597,Operations,Inventory Control,SUP-00066,8398.7,10162.97,0.21,92.84,Growth,1,41,38.476393239167194,17.90581483250133,34.54,87.12,125.6
PRD-00598,Product 0598,Operations,Inventory Control,SUP-00156,989.23,1524.45,0.541,87.96,Growth,0,22,37.58033406411089,18.839336051847685,26.62,54.18,91.76
PRD-00599,Product 0599,Security,IAM,SUP-00159,5271.2,8037.62,0.525,40.55,Decline,1,41,22.310803807655045,10.793680067750074,20.82,51.31,73.62
PRD-00600,Product 0600,Automation,Workflow,SUP-00105,3196.51,4055.03,0.269,57.78,Intro,1,43,28.464218798155038,15.71228146968899,31.04,71.84,100.3
PRD-00601,Product 0601,Operations,Procurement,SUP-00052,11160.83,14061.95,0.26,78.47,Intro,1,25,35.397262616097,17.020058985581276,25.64,55.14,90.54
PRD-00602,Product 0602,Automation,RPA,SUP-00057,2258.43,3592.46,0.591,60.58,Decline,1,31,27.621380751883997,13.628293004790939,22.86,51.4,79.02
PRD-00603,Product 0603,Security,Threat Detection,SUP-00015,809.06,1309.06,0.618,74.53,Growth,1,40,34.60134513437995,14.650702956044901,27.91,74.05,108.65
PRD-00604,Product 0604,Analytics,Forecasting,SUP-00041,14741.24,22040.62,0.495,50.99,Mature,1,32,27.634625517973923,11.796678174104171,20.1,49.58,77.21
PRD-00605,Product 0605,Security,IAM,SUP-00040,16600.2,20836.81,0.255,35.31,Growth,1,43,20.811106544333313,9.733256568858968,19.23,49.06,69.87
PRD-00606,Product 0606,Operations,Procurement,SUP-00155,15202.76,19262.21,0.267,73.78,Growth,1,33,35.48950938260096,14.790837499815131,25.6,64.64,100.13
PRD-00607,Product 0607,Analytics,Reporting,SUP-00155,10537.23,15522.97,0.473,56.35,Mature,1,33,30.13199179242492,14.027417786381228,24.27,57.42,87.55
PRD-00608,Product 0608,Automation,Scheduling,SUP-00099,6467.17,7875.06,0.218,99.0,Mature,0,45,40.885577562941094,18.573782219997028,37.53,98.86,139.75
PRD-00609,Product 0609,Operations,Inventory Control,SUP-00150,1514.87,1920.36,0.268,77.98,Decline,1,15,35.19540761132851,19.160537500642988,22.36,39.96,75.16
PRD-00610,Product 0610,Security,Compliance,SUP-00092,7072.73,8372.74,0.184,43.98,Mature,1,43,24.087030727689243,12.463653346675509,24.62,59.14,83.23
PRD-00611,Product 0611,Finance,Revenue Ops,SUP-00047,3365.24,4772.05,0.418,73.45,Mature,1,34,30.08823868633261,14.308440853777409,25.13,59.23,89.32
PRD-00612,Product 0612,Finance,Revenue Ops,SUP-00084,14560.23,21129.53,0.451,60.8,Mature,1,11,29.392579701813304,12.968869486432954,12.96,23.74,53.13
PRD-00613,Product 0613,Automation,Integration,SUP-00088,15018.41,24124.84,0.606,70.94,Mature,1,37,33.714886735147466,16.170227828281,29.63,71.21,104.92
PRD-00614,Product 0614,Finance,Expense Control,SUP-00048,8494.15,10381.0,0.222,49.7,Growth,1,22,25.02229639668701,10.853915600499,15.34,33.69,58.71
PRD-00615,Product 0615,Operations,Inventory Control,SUP-00095,5584.87,8842.04,0.583,67.31,Growth,1,32,29.60184392774437,13.464143053403056,22.94,54.52,84.12
PRD-00616,Product 0616,Automation,Integration,SUP-00143,12608.77,16570.9,0.314,80.01,Growth,1,19,32.90325409003954,17.18464857278941,22.57,43.41,76.31
PRD-00617,Product 0617,Operations,Inventory Control,SUP-00157,11322.72,17752.04,0.568,75.98,Mature,1,16,35.169185500145936,16.400882872389783,19.76,38.52,73.69
PRD-00618,Product 0618,Analytics,Reporting,SUP-00150,10487.83,15503.82,0.478,80.61,Decline,1,15,36.46897358857056,15.994008232950414,18.66,36.89,73.36
PRD-00619,Product 0619,Operations,Procurement,SUP-00100,16665.06,22085.14,0.325,99.0,Mature,0,35,36.638052946754186,15.532864534573777,27.68,70.42,107.06
PRD-00620,Product 0620,Finance,Revenue Ops,SUP-00100,5090.23,7987.26,0.569,54.06,Mature,1,35,28.119553449646634,9.673987409558011,17.24,50.05,78.17
PRD-00621,Product 0621,Finance,Planning,SUP-00136,6008.12,8665.38,0.442,92.69,Growth,1,25,40.27539375090946,18.519630265741867,27.89,61.45,101.73
PRD-00622,Product 0622,Analytics,Dashboards,SUP-00050,1052.75,1545.11,0.468,67.03,Mature,1,11,31.11872586186066,15.94896241046642,15.94,27.35,58.47
PRD-00623,Product 0623,Finance,Expense Control,SUP-00024,4013.93,6311.14,0.572,55.42,Mature,1,39,29.027367250372162,12.807179704461264,24.09,61.83,90.86
PRD-00624,Product 0624,Automation,Integration,SUP-00003,8491.96,11718.26,0.38,61.88,Mature,1,8,31.14208270452972,14.737881504977173,12.56,20.86,52.0
PRD-00625,Product 0625,Finance,Revenue Ops,SUP-00079,14782.96,18176.29,0.23,77.35,Growth,1,29,34.49961849219227,13.01392694107291,21.11,54.46,88.96
PRD-00626,Product 0626,Security,Compliance,SUP-00024,3463.95,4210.61,0.216,55.74,Growth,1,39,27.032509615800137,12.891323920027865,24.25,59.39,86.42
PRD-00627,Product 0627,Security,Compliance,SUP-00123,9450.73,12495.92,0.322,28.68,Mature,1,9,17.325302181146135,9.440392705432986,8.53,13.73,31.06
PRD-00628,Product 0628,Security,IAM,SUP-00034,5612.2,8739.95,0.557,76.28,Growth,0,29,33.68853137295994,17.35120250019441,28.15,60.72,94.41
PRD-00629,Product 0629,Analytics,Reporting,SUP-00007,14154.75,22619.31,0.598,65.87,Mature,0,40,30.5416845852304,14.289170966503608,27.22,67.94,98.48
PRD-00630,Product 0630,Operations,Inventory Control,SUP-00062,11511.98,16439.32,0.428,53.18,Growth,1,12,25.79352590566861,14.125638898019426,14.74,25.06,50.85
PRD-00631,Product 0631,Security,IAM,SUP-00070,1058.58,1514.79,0.431,40.56,Intro,0,37,23.03020343359428,10.066714188261432,18.45,46.85,69.88
PRD-00632,Product 0632,Automation,Scheduling,SUP-00087,2992.56,3856.75,0.289,68.92,Growth,0,23,28.9305120841938,13.105235496624738,18.93,41.11,70.04
PRD-00633,Product 0633,Security,IAM,SUP-00152,13765.96,21591.99,0.569,83.95,Growth,1,36,38.335961897063484,16.302292426518942,29.47,75.47,113.81
PRD-00634,Product 0634,Automation,RPA,SUP-00081,12235.79,16541.23,0.352,46.76,Intro,0,14,24.35762374095152,12.421251788926286,14.0,25.37,49.73
PRD-00635,Product 0635,Analytics,Dashboards,SUP-00125,2158.95,3005.77,0.392,66.79,Growth,1,37,29.917510660270516,14.54542072831196,26.65,63.55,93.47
PRD-00636,Product 0636,Operations,Procurement,SUP-00119,5486.48,8791.67,0.602,99.0,Mature,1,39,42.9086093759685,20.739850614443306,39.02,94.8,137.71
PRD-00637,Product 0637,Finance,Planning,SUP-00023,4950.69,7577.22,0.531,78.13,Mature,1,41,33.91114844650296,15.734348570341583,30.35,76.7,110.61
PRD-00638,Product 0638,Finance,Expense Control,SUP-00038,8524.94,12924.69,0.516,62.08,Mature,1,31,27.095886757403925,12.956012122466996,21.73,49.73,76.83
PRD-00639,Product 0639,Finance,Budgeting,SUP-00079,540.0,744.43,0.379,60.37,Mature,1,29,30.248452874643466,12.055360655335694,19.56,48.8,79.05
PRD-00640,Product 0640,Analytics,Dashboards,SUP-00050,9579.37,11912.51,0.244,54.05,Growth,1,11,29.891147761690814,13.441782837666837,13.43,24.39,54.28
PRD-00641,Product 0641,Operations,Procurement,SUP-00074,3057.53,4077.09,0.333,63.4,Growth,1,32,31.099115709642177,12.029297687781542,20.5,53.67,84.77
PRD-00642,Product 0642,Analytics,Dashboards,SUP-00033,13240.56,18146.24,0.371,55.12,Growth,1,22,29.153790667604643,13.061879611647774,18.46,39.84,68.99
PRD-00643,Product 0643,Security,IAM,SUP-00020,9898.68,15154.05,0.531,57.62,Growth,1,44,27.477234300960458,11.079381015652702,22.14,62.44,89.92
PRD-00644,Product 0644,Finance,Expense Control,SUP-00064,14186.62,21541.88,0.518,60.21,Growth,1,8,28.078863959534733,13.495572672233292,11.5,18.99,47.07
PRD-00645,Product 0645,Automation,Scheduling,SUP-00050,11366.48,18014.69,0.585,34.91,Decline,1,11,21.412470420428928,10.114142632892712,10.11,17.96,39.37
PRD-00646,Product 0646,Security,IAM,SUP-00093,16376.03,19841.67,0.212,59.83,Intro,1,16,27.355175027364233,15.319189937116711,18.46,33.05,60.41
PRD-00647,Product 0647,Finance,Budgeting,SUP-00029,17190.62,23623.67,0.374,99.0,Growth,1,30,38.83525361386664,17.265753264942592,28.49,67.33,106.17
PRD-00648,Product 0648,Operations,Logistics,SUP-00101,11234.91,17362.02,0.545,39.05,Decline,1,19,22.649297359748665,14.200099528536539,18.65,32.99,55.64
PRD-00649,Product 0649,Security,Compliance,SUP-00159,11321.0,15687.57,0.386,88.79,Mature,0,41,37.105279469025945,16.679166920112493,32.17,82.88,119.99
PRD-00650,Product 0650,Finance,Planning,SUP-00071,6445.27,8262.17,0.282,80.66,Decline,1,43,37.51056692299403,17.83073610424137,35.22,88.99,126.5
PRD-00651,Product 0651,Automation,Scheduling,SUP-00081,16815.47,25745.16,0.531,73.86,Growth,1,14,32.19732606351929,17.89852367038447,20.17,35.2,67.4
PRD-00652,Product 0652,Security,Compliance,SUP-00013,14679.21,17647.91,0.202,53.92,Mature,1,29,25.321922984155943,12.552010627087569,20.36,44.84,70.16
PRD-00653,Product 0653,Finance,Revenue Ops,SUP-00025,4543.83,6085.33,0.339,78.7,Mature,1,11,35.38383411497722,18.56626027513614,18.55,31.52,66.9
PRD-00654,Product 0654,Operations,Procurement,SUP-00005,4801.91,7116.69,0.482,94.39,Decline,1,45,39.53596159648296,19.68795486723845,39.79,99.09,138.63
PRD-00655,Product 0655,Finance,Revenue Ops,SUP-00075,13372.1,16722.13,0.251,81.75,Growth,1,8,35.74390680405043,17.944641170235876,15.29,24.82,60.56
PRD-00656,Product 0656,Automation,RPA,SUP-00080,6368.22,9865.0,0.549,67.7,Mature,1,18,30.95665323193176,14.936586839698501,19.09,37.66,68.62
PRD-00657,Product 0657,Automation,Integration,SUP-00015,14819.81,20078.06,0.355,63.84,Growth,1,40,33.000310256685204,13.728886630340355,26.16,70.16,103.16
PRD-00658,Product 0658,Security,IAM,SUP-00068,16506.63,22245.09,0.348,52.68,Mature,1,17,27.44777590865947,11.839461671489751,14.71,30.26,57.71
PRD-00659,Product 0659,Security,IAM,SUP-00135,2144.53,3426.13,0.598,65.39,Intro,0,37,32.21177878357294,14.264443718873093,26.14,65.87,98.08
PRD-00660,Product 0660,Security,IAM,SUP-00139,9411.0,11712.86,0.245,72.89,Growth,1,41,36.317683749620095,16.767831129153024,32.34,81.97,118.29
PRD-00661,Product 0661,Security,Threat Detection,SUP-00103,15990.17,21938.52,0.372,64.39,Intro,1,14,29.674336348464276,16.408708894626788,18.5,32.35,62.02
PRD-00662,Product 0662,Automation,Workflow,SUP-00122,9962.02,13995.95,0.405,62.39,Growth,1,19,30.107388599112387,13.7209333264918,18.02,37.09,67.2
PRD-00663,Product 0663,Finance,Planning,SUP-00084,2683.17,3280.46,0.223,62.62,Mature,1,11,27.64009813131644,12.824384475791215,12.81,22.94,50.58
PRD-00664,Product 0664,Finance,Planning,SUP-00052,14259.62,18806.65,0.319,94.92,Growth,1,25,38.354851200541944,19.470094789686087,29.33,61.29,99.64
PRD-00665,Product 0665,Security,Compliance,SUP-00117,3755.44,5311.24,0.414,66.75,Mature,1,15,31.996588338223415,16.953829248732763,19.78,35.78,67.78
PRD-00666,Product 0666,Analytics,Dashboards,SUP-00136,8955.0,14200.48,0.586,67.38,Intro,1,25,28.686507896562887,13.349480883589402,20.11,44.02,72.71
PRD-00667,Product 0667,Security,Threat Detection,SUP-00050,17422.02,24160.5,0.387,22.99,Mature,1,11,16.164732639710458,6.553844559424207,6.55,12.48,28.64
PRD-00668,Product 0668,Automation,Scheduling,SUP-00065,16021.14,22843.0,0.426,80.19,Intro,1,37,32.41219684930604,15.802909343727826,28.96,68.94,101.35
PRD-00669,Product 0669,Security,IAM,SUP-00066,11000.94,16249.34,0.477,73.74,Growth,1,41,33.04099614852787,16.21590278101022,31.28,76.44,109.48
PRD-00670,Product 0670,Automation,Scheduling,SUP-00115,2888.12,3593.18,0.244,72.94,Mature,0,29,36.88385478185937,16.21380761295383,26.3,61.95,98.83
PRD-00671,Product 0671,Finance,Budgeting,SUP-00015,6996.57,8708.86,0.245,74.09,Intro,1,40,32.12378706177001,17.4822992876081,33.31,76.14,108.26
PRD-00672,Product 0672,Operations,Logistics,SUP-00120,4325.07,6013.85,0.39,47.62,Growth,1,37,26.648422760707497,14.958449454692646,27.41,60.28,86.93
PRD-00673,Product 0673,Analytics,Reporting,SUP-00039,12194.03,17738.17,0.455,58.82,Decline,1,8,26.542042229001034,14.911076886179597,12.71,19.79,46.33
PRD-00674,Product 0674,Automation,Integration,SUP-00074,13719.33,18105.01,0.32,93.71,Growth,1,32,39.76142170075171,17.078903202653713,29.1,71.51,111.27
PRD-00675,Product 0675,Operations,Logistics,SUP-00006,11263.2,13693.49,0.216,39.94,Decline,1,18,21.949408673847834,12.689584989192845,16.22,29.39,51.34
PRD-00676,Product 0676,Analytics,Forecasting,SUP-00130,10976.55,16600.8,0.512,40.97,Growth,1,28,21.923745677105643,11.137146752687466,17.75,38.21,60.13
PRD-00677,Product 0677,Analytics,Data Modeling,SUP-00017,5685.45,8458.44,0.488,38.78,Growth,1,21,19.565223925809722,10.785577632451206,14.89,28.59,48.16
PRD-00678,Product 0678,Security,IAM,SUP-00038,8186.65,12932.18,0.58,60.62,Mature,1,31,28.646493861849592,15.328178594021223,25.71,55.31,83.96
PRD-00679,Product 0679,Automation,RPA,SUP-00105,17685.26,27029.05,0.528,90.86,Intro,1,43,44.480471866500935,22.5596481070736,44.56,108.32,152.8
PRD-00680,Product 0680,Analytics,Forecasting,SUP-00054,16369.87,24650.97,0.506,68.48,Mature,1,40,34.54141043996022,15.454652405936454,29.45,75.51,110.05
PRD-00681,Product 0681,Operations,Logistics,SUP-00037,12852.79,18123.27,0.41,82.23,Decline,1,34,36.653786987294765,15.423804540170158,27.09,68.63,105.28
PRD-00682,Product 0682,Operations,Procurement,SUP-00089,15622.95,24882.4,0.593,29.77,Growth,1,25,17.958145470403714,7.345690196586479,11.06,26.03,43.99
PRD-00683,Product 0683,Operations,Maintenance,SUP-00002,12766.51,18930.37,0.483,49.45,Mature,1,33,24.40796803140964,9.752623196632536,16.88,43.73,68.14
PRD-00684,Product 0684,Analytics,Reporting,SUP-00059,11528.94,14170.36,0.229,52.16,Growth,1,24,27.981864396810288,13.712279512399608,20.24,42.63,70.61
PRD-00685,Product 0685,Finance,Revenue Ops,SUP-00032,13644.22,20768.24,0.522,90.98,Mature,1,9,39.122055091419405,20.869663684808852,18.86,30.6,69.72
PRD-00686,Product 0686,Analytics,Forecasting,SUP-00089,4503.33,5759.7,0.279,66.19,Mature,1,25,31.26492595669153,16.097381330070668,24.25,50.3,81.56
PRD-00687,Product 0687,Security,Risk Scoring,SUP-00050,17356.31,26647.69,0.535,62.91,Mature,1,11,31.354496669335163,13.767243968590012,13.76,25.26,56.61
PRD-00688,Product 0688,Finance,Revenue Ops,SUP-00107,7857.91,12695.79,0.616,67.07,Intro,0,44,30.948534555807232,15.433652681421925,30.84,76.23,107.18
PRD-00689,Product 0689,Finance,Expense Control,SUP-00023,865.09,1070.34,0.237,59.72,Mature,1,41,29.23699103768329,15.152531743573912,29.23,69.19,98.43
PRD-00690,Product 0690,Finance,Revenue Ops,SUP-00013,3436.06,4176.16,0.215,97.57,Mature,1,29,42.58077994144545,17.59874084312298,28.55,69.71,112.29
PRD-00691,Product 0691,Security,Risk Scoring,SUP-00035,11944.13,18197.2,0.524,96.9,Growth,1,22,40.420134434847405,18.40259485374772,26.0,55.64,96.06
PRD-00692,Product 0692,Security,Threat Detection,SUP-00139,11990.7,18361.66,0.531,82.81,Growth,1,41,37.64939007270612,17.342379550843084,33.45,84.9,122.55
PRD-00693,Product 0693,Automation,RPA,SUP-00157,9790.87,14456.88,0.477,80.89,Growth,1,16,33.462609446872605,13.665174698791635,16.47,34.32,67.78
PRD-00694,Product 0694,Finance,Planning,SUP-00011,9075.26,12567.74,0.385,55.08,Growth,1,15,28.874623380682806,13.813745501016252,16.12,30.56,59.43
PRD-00695,Product 0695,Security,Risk Scoring,SUP-00004,11436.34,17811.98,0.557,71.73,Growth,1,15,32.013736700706225,16.73980429936877,19.53,35.54,67.55
PRD-00696,Product 0696,Operations,Logistics,SUP-00026,13007.45,19140.91,0.472,29.71,Growth,1,22,18.013517682174005,8.459071153728578,11.95,25.16,43.17
PRD-00697,Product 0697,Analytics,Dashboards,SUP-00091,3693.33,5762.48,0.56,56.46,Growth,1,39,29.06807929504863,12.813271282378835,24.11,61.9,90.97
PRD-00698,Product 0698,Automation,RPA,SUP-00149,3759.87,4990.15,0.327,37.36,Intro,1,32,21.25848783382836,11.922067971028673,20.32,43.0,64.26
PRD-00699,Product 0699,Security,Risk Scoring,SUP-00126,724.1,963.15,0.33,72.28,Mature,1,30,31.024880350188674,13.968494557096447,23.05,54.07,85.09
PRD-00700,Product 0700,Finance,Budgeting,SUP-00040,10900.89,15789.93,0.448,62.04,Intro,0,43,28.606677255580973,15.36173894682226,30.35,71.35,99.96
PRD-00701,Product 0701,Security,Compliance,SUP-00158,6764.61,10028.66,0.483,76.81,Growth,1,33,33.06509235414508,15.190501614212826,26.29,62.66,95.73
PRD-00702,Product 0702,Analytics,Forecasting,SUP-00044,16862.48,20890.14,0.239,74.9,Mature,1,33,31.733992484158307,14.654593432009438,25.36,60.27,92.0
PRD-00703,Product 0703,Automation,RPA,SUP-00058,6084.51,7604.92,0.25,82.89,Mature,0,8,38.14106069674156,16.876672438872422,14.38,24.55,62.69
PRD-00704,Product 0704,Security,IAM,SUP-00131,10200.8,15775.28,0.546,50.75,Intro,1,13,29.890840814281013,13.350419310145258,14.5,27.45,57.34
PRD-00705,Product 0705,Security,Compliance,SUP-00049,6276.43,8992.14,0.433,33.22,Decline,1,32,23.00785772093765,10.840979069544849,18.47,43.01,66.02
PRD-00706,Product 0706,Automation,Scheduling,SUP-00119,6460.28,8274.12,0.281,96.78,Intro,1,39,38.373864533724344,16.280941245966236,30.63,80.52,118.89
PRD-00707,Product 0707,Operations,Inventory Control,SUP-00068,6579.36,8728.62,0.327,54.53,Mature,1,17,26.179274956205575,12.962236101290108,16.1,30.93,57.11
PRD-00708,Product 0708,Operations,Logistics,SUP-00134,11014.06,16958.54,0.54,63.0,Mature,1,20,32.13089511933352,16.70799526130336,22.51,43.93,76.06
PRD-00709,Product 0709,Security,Compliance,SUP-00101,6645.28,8460.81,0.273,82.0,Growth,1,19,39.365612328672775,17.345872712492287,22.78,47.71,87.08
PRD-00710,Product 0710,Finance,Budgeting,SUP-00149,2725.43,3941.51,0.446,58.8,Decline,1,32,26.275200168186853,13.315658333971836,22.69,50.72,77.0
PRD-00711,Product 0711,Automation,Scheduling,SUP-00071,3032.96,4257.53,0.404,44.34,Mature,1,43,22.180755359519694,11.559893083295107,22.84,54.63,76.81
PRD-00712,Product 0712,Automation,Integration,SUP-00060,9525.37,15244.19,0.6,99.0,Growth,1,44,39.09190944153123,21.913998227685212,43.79,101.12,140.21
PRD-00713,Product 0713,Finance,Planning,SUP-00053,7854.34,11902.0,0.515,54.45,Intro,0,18,26.101710926072208,10.877350883857405,13.9,29.56,55.66
PRD-00714,Product 0714,Analytics,Reporting,SUP-00088,15722.24,23509.07,0.495,95.21,Mature,1,37,36.606687500501565,18.11700569162468,33.2,78.35,114.96
PRD-00715,Product 0715,Finance,Expense Control,SUP-00146,828.05,1251.43,0.511,70.09,Decline,1,34,33.767007613237595,15.736376999851878,27.64,65.91,99.68
PRD-00716,Product 0716,Analytics,Reporting,SUP-00026,4822.25,7700.11,0.597,80.97,Mature,1,22,35.55149311918797,16.80896205290005,23.75,49.82,85.37
PRD-00717,Product 0717,Automation,Integration,SUP-00066,12479.86,16133.44,0.293,80.65,Growth,1,41,36.746385173579995,16.103576891946215,31.06,81.28,118.03
PRD-00718,Product 0718,Analytics,Forecasting,SUP-00040,12340.77,14749.68,0.195,56.89,Mature,1,43,28.290215113506765,14.786286534112259,29.21,69.76,98.05
PRD-00719,Product 0719,Security,Risk Scoring,SUP-00030,1447.68,1892.92,0.308,74.11,Intro,1,34,32.51062002764678,14.364554909644738,25.23,62.08,94.59
PRD-00720,Product 0720,Automation,Scheduling,SUP-00109,4499.78,7115.8,0.581,97.47,Growth,1,37,38.087327989273746,20.168600732636442,36.96,83.93,122.02
PRD-00721,Product 0721,Automation,Scheduling,SUP-00160,4160.93,6189.76,0.488,86.38,Decline,0,15,36.49997244523532,17.365548408385656,20.26,38.51,75.01
PRD-00722,Product 0722,Analytics,Data Modeling,SUP-00159,17272.85,21566.61,0.249,83.6,Growth,1,41,33.38460571036278,18.80228386005053,36.27,81.9,115.28
PRD-00723,Product 0723,Finance,Budgeting,SUP-00091,16581.37,22044.56,0.329,75.66,Mature,1,39,35.78108723580998,17.72445023842422,33.34,79.86,115.64
PRD-00724,Product 0724,Operations,Inventory Control,SUP-00001,17676.29,25532.6,0.444,62.27,Intro,1,45,31.453044619162295,16.024358620542877,32.38,79.56,111.01
PRD-00725,Product 0725,Operations,Procurement,SUP-00137,2699.31,3378.75,0.252,49.43,Mature,1,36,28.794022342382608,13.707321274082954,24.78,59.33,88.12
PRD-00726,Product 0726,Analytics,Reporting,SUP-00113,12540.03,18101.05,0.443,91.1,Growth,1,44,38.6924043384056,18.68854456604452,37.34,94.09,132.78
PRD-00727,Product 0727,Operations,Inventory Control,SUP-00052,9443.83,11451.43,0.213,54.33,Growth,1,25,29.821626833085116,12.588732535551108,18.96,43.81,73.63
PRD-00728,Product 0728,Operations,Logistics,SUP-00141,13543.29,20312.38,0.5,55.71,Mature,1,28,33.423818852014044,16.933807413003105,26.99,58.19,91.61
PRD-00729,Product 0729,Analytics,Reporting,SUP-00038,3866.56,5073.69,0.312,64.31,Mature,1,31,30.211678265545395,13.526874264800231,22.69,53.91,84.12
PRD-00730,Product 0730,Finance,Revenue Ops,SUP-00096,608.41,832.33,0.368,39.11,Mature,1,33,22.841704704064142,11.673326327843974,20.2,45.33,68.17
PRD-00731,Product 0731,Analytics,Dashboards,SUP-00031,2104.98,2496.85,0.186,57.68,Growth,1,15,31.217247187184427,15.41848354867853,17.99,33.6,64.82
PRD-00732,Product 0732,Finance,Budgeting,SUP-00081,9136.47,13372.65,0.464,51.18,Mature,1,14,28.045995729483764,14.5110514577908,16.36,29.45,57.5
PRD-00733,Product 0733,Finance,Planning,SUP-00121,17633.96,26130.34,0.482,39.6,Growth,1,25,23.164111636718665,12.039506599658917,18.13,37.43,60.59
PRD-00734,Product 0734,Automation,RPA,SUP-00116,702.73,1099.39,0.564,42.67,Growth,1,40,22.79968196831109,11.47156684149183,21.86,52.26,75.06
PRD-00735,Product 0735,Security,Risk Scoring,SUP-00155,10602.08,15904.53,0.5,63.42,Mature,1,33,32.352813459961105,16.98959155397496,29.4,64.99,97.34
PRD-00736,Product 0736,Analytics,Data Modeling,SUP-00121,3615.9,5342.92,0.478,81.27,Growth,1,25,35.13270373205827,15.7223013065536,23.68,52.96,88.09
PRD-00737,Product 0737,Analytics,Data Modeling,SUP-00151,1371.93,1872.94,0.365,62.31,Growth,1,26,31.356660790876454,15.354457623809141,23.59,50.77,82.13
PRD-00738,Product 0738,Security,Compliance,SUP-00142,11259.27,13645.59,0.212,45.25,Growth,0,14,23.808227890614813,11.033952921893327,12.44,23.55,47.36
PRD-00739,Product 0739,Security,Compliance,SUP-00114,6794.5,9944.55,0.464,52.64,Mature,1,38,27.090467519731128,15.357526594026977,28.52,62.83,89.92
PRD-00740,Product 0740,Analytics,Data Modeling,SUP-00057,13397.03,15938.33,0.19,69.66,Mature,1,31,30.63149956491739,15.295102345232348,25.65,57.3,87.93
PRD-00741,Product 0741,Operations,Inventory Control,SUP-00116,6683.18,9821.18,0.47,83.34,Decline,1,40,37.95379449181864,18.51379611642433,35.27,85.88,123.83
PRD-00742,Product 0742,Finance,Planning,SUP-00007,1868.99,2266.93,0.213,80.15,Decline,1,40,35.2906602880855,15.643422080044575,29.8,76.85,112.14
PRD-00743,Product 0743,Automation,Workflow,SUP-00043,13209.35,15932.47,0.206,67.94,Mature,1,26,30.825310563299023,17.538322604501566,26.94,53.66,84.49
PRD-00744,Product 0744,Operations,Logistics,SUP-00076,11781.6,16842.48,0.43,89.62,Growth,1,9,32.70890121357202,18.646936406307077,16.85,26.66,59.37
PRD-00745,Product 0745,Security,IAM,SUP-00061,16266.32,25780.06,0.585,54.85,Mature,1,26,27.78937180717052,16.025054531973566,24.62,48.7,76.49
PRD-00746,Product 0746,Security,Risk Scoring,SUP-00046,12560.35,18818.24,0.498,43.87,Growth,1,40,25.932498536695004,10.868227917346564,20.71,55.29,81.22
PRD-00747,Product 0747,Automation,Workflow,SUP-00011,304.9,453.74,0.488,59.0,Mature,1,15,29.637777227824984,13.946825562022386,16.27,31.09,60.73
PRD-00748,Product 0748,Finance,Planning,SUP-00146,14934.27,22843.68,0.53,85.3,Decline,0,34,38.84984569979257,21.517423634880096,37.8,81.83,120.68
PRD-00749,Product 0749,Security,Risk Scoring,SUP-00091,9988.96,13811.44,0.383,75.76,Mature,1,39,34.356383770166474,17.46640960915073,32.86,77.52,111.88
PRD-00750,Product 0750,Finance,Planning,SUP-00071,280.28,420.72,0.501,82.4,Mature,1,43,33.30271134141144,17.575745812167604,34.72,82.45,115.75
PRD-00751,Product 0751,Finance,Revenue Ops,SUP-00154,14457.16,20101.42,0.39,62.36,Mature,1,9,30.382480859664167,15.90933731470167,14.38,23.49,53.87
PRD-00752,Product 0752,Analytics,Forecasting,SUP-00122,13887.04,22189.74,0.598,66.36,Mature,1,19,32.80539563763131,15.75497976695809,20.69,41.47,74.28
PRD-00753,Product 0753,Security,Risk Scoring,SUP-00107,17993.67,26872.2,0.493,60.31,Intro,1,44,29.15800799223075,13.400283289814404,26.78,69.55,98.71
PRD-00754,Product 0754,Analytics,Data Modeling,SUP-00066,8727.67,11457.95,0.313,49.31,Growth,1,41,28.736514076896604,14.02043049994858,27.04,66.31,95.05
PRD-00755,Product 0755,Finance,Revenue Ops,SUP-00070,14034.41,18815.59,0.341,64.57,Decline,1,37,31.365585195428007,12.9666137220157,23.76,62.44,93.81
PRD-00756,Product 0756,Automation,RPA,SUP-00067,12859.43,18791.91,0.461,60.2,Decline,1,17,30.607939004782367,13.083929951276188,16.25,33.59,64.2
PRD-00757,Product 0757,Analytics,Dashboards,SUP-00049,8949.14,12430.28,0.389,55.78,Mature,1,32,25.896866105428934,13.472989273348686,22.96,50.58,76.48
PRD-00758,Product 0758,Automation,Integration,SUP-00151,3192.31,3985.67,0.249,74.3,Growth,1,26,32.36810964166118,16.956083670627507,26.05,54.1,86.47
PRD-00759,Product 0759,Operations,Procurement,SUP-00080,8035.56,11721.51,0.459,66.19,Mature,1,18,28.23878736045349,14.875367704146147,19.01,35.95,64.19
PRD-00760,Product 0760,Analytics,Dashboards,SUP-00077,2877.59,4178.89,0.452,86.99,Decline,1,44,41.54425885915934,18.776335248135098,37.52,98.45,139.99
PRD-00761,Product 0761,Security,IAM,SUP-00056,5535.45,6572.54,0.187,49.29,Growth,1,9,23.256899490768806,12.435210291205477,11.24,18.22,41.48
PRD-00762,Product 0762,Finance,Budgeting,SUP-00062,15716.39,21185.99,0.348,57.1,Mature,1,12,31.72967587734915,16.026534612903173,16.72,29.41,61.14
PRD-00763,Product 0763,Automation,Workflow,SUP-00148,4618.72,6938.85,0.502,33.92,Decline,1,8,20.350310661485572,9.26025764983432,7.89,13.32,33.67
PRD-00764,Product 0764,Analytics,Forecasting,SUP-00127,14889.94,18754.42,0.26,47.16,Growth,1,38,23.73249412571376,11.499179878642893,21.35,51.41,75.14
PRD-00765,Product 0765,Security,IAM,SUP-00114,654.91,1018.38,0.555,74.71,Intro,1,38,32.29835384696413,14.30210969168647,26.56,67.47,99.77
PRD-00766,Product 0766,Operations,Maintenance,SUP-00106,8831.59,12626.77,0.43,77.85,Mature,1,23,32.41859172721056,16.986897159936845,24.54,49.39,81.81
PRD-00767,Product 0767,Automation,Integration,SUP-00042,13353.47,18147.85,0.359,75.8,Mature,1,45,33.746290061255465,17.43640275623091,35.24,85.86,119.61
PRD-00768,Product 0768,Operations,Procurement,SUP-00022,15589.31,25164.61,0.614,86.09,Mature,1,38,38.81913935643727,15.704874372179699,29.16,78.33,117.15
PRD-00769,Product 0769,Finance,Planning,SUP-00070,525.88,768.13,0.461,73.27,Mature,1,37,32.57641709386455,14.84375750592848,27.2,67.38,99.96
PRD-00770,Product 0770,Operations,Procurement,SUP-00103,14349.33,22777.41,0.587,65.14,Growth,1,14,30.059362524366712,14.430295728039994,16.27,30.3,60.36
PRD-00771,Product 0771,Operations,Logistics,SUP-00003,16051.51,25997.06,0.62,75.45,Decline,1,8,36.506872068392894,16.033758806902792,13.66,23.4,59.91
PRD-00772,Product 0772,Automation,Scheduling,SUP-00001,2826.42,3906.16,0.382,51.21,Mature,1,45,26.31198776839981,13.018894583806693,26.31,65.78,92.09
PRD-00773,Product 0773,Automation,Workflow,SUP-00004,1013.13,1356.73,0.339,36.21,Mature,1,15,24.46063658932451,12.176819338015605,14.21,26.44,50.9
PRD-00774,Product 0774,Finance,Expense Control,SUP-00004,3736.27,5836.07,0.562,57.47,Mature,1,15,25.058592396670754,14.088479963272677,16.44,28.97,54.03
PRD-00775,Product 0775,Security,Compliance,SUP-00072,4320.64,5117.93,0.185,59.5,Mature,1,44,28.42172104795253,13.872410482026838,27.72,69.41,97.83
PRD-00776,Product 0776,Analytics,Forecasting,SUP-00081,3486.06,4822.97,0.384,66.07,Mature,1,14,31.124205959645764,14.856342808434277,16.75,31.27,62.39
PRD-00777,Product 0777,Analytics,Data Modeling,SUP-00070,10663.36,15604.58,0.463,50.61,Intro,1,37,28.373866537112548,13.639539685426882,24.99,59.98,88.35
PRD-00778,Product 0778,Finance,Planning,SUP-00016,4610.78,7084.87,0.537,53.96,Growth,1,36,28.048966510478028,13.51083640390838,24.42,58.08,86.13
PRD-00779,Product 0779,Analytics,Data Modeling,SUP-00002,13004.24,19265.18,0.481,77.6,Mature,1,33,31.62535344785588,14.529656536193741,25.14,59.93,91.56
PRD-00780,Product 0780,Finance,Expense Control,SUP-00100,9307.62,11065.39,0.189,43.5,Growth,1,35,23.394837957977348,8.561557224807755,15.26,42.55,65.94
PRD-00781,Product 0781,Automation,RPA,SUP-00059,8256.35,12194.47,0.477,62.58,Mature,1,24,29.885032121615335,14.248875824285024,21.03,44.94,74.83
PRD-00782,Product 0782,Finance,Expense Control,SUP-00020,15633.87,22939.21,0.467,53.72,Mature,1,44,28.286770197250387,14.444664029336986,28.86,70.35,98.64
PRD-00783,Product 0783,Security,IAM,SUP-00044,10754.34,12733.77,0.184,35.56,Mature,1,33,23.13879225948603,14.455081952431977,25.02,50.47,73.61
PRD-00784,Product 0784,Operations,Logistics,SUP-00041,4814.97,6315.25,0.312,57.35,Growth,1,32,28.167933325000558,14.683911397328236,25.02,55.07,83.24
PRD-00785,Product 0785,Operations,Procurement,SUP-00045,1677.23,2325.85,0.387,49.04,Growth,1,26,23.179147966279622,12.992513496503094,19.96,40.05,63.23
PRD-00786,Product 0786,Security,Threat Detection,SUP-00025,9732.22,14193.11,0.458,57.16,Mature,1,11,27.716403232102447,13.071475639127206,13.06,23.22,50.94
PRD-00787,Product 0787,Finance,Budgeting,SUP-00054,13471.46,19929.59,0.479,65.66,Growth,1,40,33.109614054520875,14.609582847574947,27.83,71.98,105.09
PRD-00788,Product 0788,Operations,Inventory Control,SUP-00026,12159.69,17256.81,0.419,27.33,Mature,1,22,16.596091725183467,7.511380387974588,10.61,22.78,39.38
PRD-00789,Product 0789,Security,Threat Detection,SUP-00096,14502.23,23449.65,0.617,81.85,Growth,1,33,29.232254073101423,18.38157109564684,31.81,63.97,93.2
PRD-00790,Product 0790,Automation,Workflow,SUP-00065,14031.34,20791.74,0.482,99.0,Decline,1,37,41.04109164335436,19.027859611364576,34.87,85.49,126.53
PRD-00791,Product 0791,Analytics,Dashboards,SUP-00116,9387.51,11759.82,0.253,48.26,Mature,1,40,27.460676101255036,15.097198162543766,28.76,65.37,92.83
PRD-00792,Product 0792,Automation,Integration,SUP-00125,4820.96,7234.0,0.501,54.29,Decline,1,37,27.298791385313734,13.488434157362391,24.72,58.39,85.69
PRD-00793,Product 0793,Operations,Maintenance,SUP-00063,14856.64,18934.27,0.274,50.35,Decline,1,16,27.21646784890428,15.504144100847087,18.68,33.2,60.42
PRD-00794,Product 0794,Operations,Procurement,SUP-00143,7956.54,9977.28,0.254,45.9,Growth,1,19,23.87011466821286,10.890763697009788,14.3,29.42,53.29
PRD-00795,Product 0795,Automation,Scheduling,SUP-00158,2566.96,3741.26,0.457,98.17,Mature,1,33,34.483727372140734,16.461446635282666,28.49,66.42,100.9
PRD-00796,Product 0796,Security,Risk Scoring,SUP-00072,16082.61,22618.94,0.406,59.01,Growth,1,44,30.616234730331804,14.302641500456776,28.58,73.48,104.1
PRD-00797,Product 0797,Security,IAM,SUP-00094,3759.8,6002.5,0.596,76.11,Mature,1,31,33.66861466464815,15.950801372610448,26.75,61.54,95.21
PRD-00798,Product 0798,Analytics,Data Modeling,SUP-00072,3060.95,4397.15,0.437,84.3,Growth,1,44,35.72781351048405,17.13753778299535,34.25,86.65,122.38
PRD-00799,Product 0799,Security,Threat Detection,SUP-00111,3498.44,4931.33,0.41,82.08,Intro,1,22,33.663641705875335,15.648545015022593,22.11,46.8,80.46
PRD-00800,Product 0800,Finance,Planning,SUP-00018,3801.1,4713.34,0.24,83.36,Mature,1,42,32.455797324969375,16.530459683582237,32.27,77.71,110.17
PRD-00801,Product 0801,Automation,RPA,SUP-00073,5037.07,7853.13,0.559,41.92,Growth,1,28,24.71183220221178,9.716171564658046,15.49,38.55,63.26
PRD-00802,Product 0802,Operations,Logistics,SUP-00080,10223.44,13489.62,0.319,79.82,Growth,1,18,37.7460822249714,17.19860973439311,21.98,44.63,82.38
PRD-00803,Product 0803,Automation,Workflow,SUP-00151,3890.84,5304.72,0.363,57.73,Mature,1,26,28.031110259950815,12.320735668098546,18.93,43.22,71.25
PRD-00804,Product 0804,Analytics,Dashboards,SUP-00135,15575.73,21825.21,0.401,92.23,Growth,1,37,35.377884517356485,19.17072583776266,35.13,78.76,114.14
PRD-00805,Product 0805,Automation,RPA,SUP-00087,7778.74,12452.67,0.601,49.29,Decline,1,23,24.620207745869514,11.732220239991335,16.95,35.83,60.45
PRD-00806,Product 0806,Security,Risk Scoring,SUP-00092,8548.86,11060.19,0.294,43.98,Intro,1,43,24.12823020538589,12.395654514168049,24.49,59.07,83.2
PRD-00807,Product 0807,Analytics,Forecasting,SUP-00120,12445.14,18435.1,0.481,63.39,Growth,1,37,29.874537917403604,13.98823974522947,25.63,62.48,92.35
PRD-00808,Product 0808,Operations,Procurement,SUP-00011,1084.58,1616.52,0.49,74.3,Growth,1,15,36.97902066709683,15.630859502153273,18.24,36.73,73.71
PRD-00809,Product 0809,Operations,Procurement,SUP-00084,5730.0,6824.3,0.191,32.88,Decline,1,11,21.43451175308852,9.258439487236434,9.25,17.11,38.54
PRD-00810,Product 0810,Security,Threat Detection,SUP-00077,12376.33,16740.87,0.353,56.4,Mature,1,44,28.75908975136855,15.862588045547975,31.7,73.88,102.64
PRD-00811,Product 0811,Automation,RPA,SUP-00139,6944.82,8319.56,0.198,44.64,Growth,1,41,22.41825482075138,11.875479805374702,22.91,53.55,75.97
PRD-00812,Product 0812,Analytics,Data Modeling,SUP-00116,1737.06,2160.62,0.244,78.98,Growth,1,40,32.07360825644862,15.534478042399881,29.6,72.36,104.43
PRD-00813,Product 0813,Operations,Logistics,SUP-00123,8872.86,10772.88,0.214,53.66,Mature,1,9,30.166829864502283,11.887839387431908,10.74,19.79,49.96
PRD-00814,Product 0814,Automation,Integration,SUP-00013,3972.16,5129.12,0.291,82.42,Decline,1,29,32.54001469365446,15.087174905063273,24.48,55.94,88.48
PRD-00815,Product 0815,Security,Compliance,SUP-00133,15880.62,23585.15,0.485,51.1,Growth,1,20,25.43713110912601,14.046132005881857,18.92,35.88,61.32
PRD-00816,Product 0816,Automation,RPA,SUP-00109,2210.55,2752.62,0.245,68.44,Mature,1,37,34.483564388634036,11.511839597267667,21.09,63.62,98.1
PRD-00817,Product 0817,Automation,RPA,SUP-00011,1436.81,1945.15,0.354,39.8,Mature,1,15,22.575099339548608,12.568147596388602,14.66,25.95,48.53
PRD-00818,Product 0818,Security,IAM,SUP-00103,10113.46,14483.12,0.432,61.42,Mature,1,14,31.61676763618167,13.445278609918835,15.16,29.91,61.53
PRD-00819,Product 0819,Automation,Workflow,SUP-00092,3670.52,4661.43,0.27,44.65,Growth,0,43,23.76457685600582,12.838728416682041,25.36,59.42,83.18
PRD-00820,Product 0820,Security,Threat Detection,SUP-00022,15484.18,20032.2,0.294,89.25,Intro,1,38,37.98397692436806,19.0086993009665,35.3,83.41,121.39
PRD-00821,Product 0821,Finance,Revenue Ops,SUP-00084,3264.22,4649.94,0.425,81.52,Growth,1,11,31.678604212431093,14.84649920338779,14.83,26.45,58.13
PRD-00822,Product 0822,Automation,Scheduling,SUP-00134,8568.63,12749.05,0.488,66.95,Mature,1,20,28.747486635510114,14.164801471553028,19.08,38.24,66.99
PRD-00823,Product 0823,Security,Risk Scoring,SUP-00063,13549.96,18825.5,0.389,80.67,Growth,1,16,39.234152267734665,17.14168923450784,20.66,41.58,80.81
PRD-00824,Product 0824,Automation,RPA,SUP-00043,986.44,1321.62,0.34,54.77,Growth,1,26,25.228137991045216,14.156598677028095,21.75,43.61,68.84
PRD-00825,Product 0825,Analytics,Data Modeling,SUP-00045,17993.79,27960.27,0.554,73.66,Growth,0,26,37.15220077200617,17.342761624603227,26.64,58.84,95.99
PRD-00826,Product 0826,Security,Compliance,SUP-00115,13825.98,21383.81,0.547,61.92,Mature,1,29,30.18589833786941,15.172118181043013,24.61,53.79,83.98
PRD-00827,Product 0827,Operations,Inventory Control,SUP-00131,6096.56,7922.29,0.299,72.03,Growth,1,13,35.89519932933949,16.29839040238675,17.7,33.25,69.15
PRD-00828,Product 0828,Automation,Workflow,SUP-00126,8520.78,12740.64,0.495,65.36,Intro,1,30,33.268164949191394,13.928880712277229,22.98,56.25,89.52
PRD-00829,Product 0829,Automation,Integration,SUP-00047,2865.43,4167.39,0.454,62.32,Intro,1,34,28.33971825140976,13.58647277987635,23.87,55.99,84.33
PRD-00830,Product 0830,Operations,Procurement,SUP-00070,7131.79,8636.41,0.211,32.5,Growth,1,37,18.243397812639127,7.075618118547439,12.97,35.47,53.71
PRD-00831,Product 0831,Security,Threat Detection,SUP-00091,5713.97,6901.06,0.208,52.3,Mature,1,39,29.01367316944056,15.543898517069191,29.24,66.96,95.97
PRD-00832,Product 0832,Security,Risk Scoring,SUP-00113,5586.4,6592.66,0.18,94.12,Mature,1,44,41.608703465821925,17.51154896777971,34.99,96.02,137.63
PRD-00833,Product 0833,Automation,Workflow,SUP-00080,13889.47,17282.45,0.244,61.32,Mature,1,18,30.01673880003097,15.137415310150448,19.35,37.36,67.38
PRD-00834,Product 0834,Security,IAM,SUP-00107,14440.41,17792.61,0.232,51.15,Mature,1,44,27.34285769724196,11.05819760627354,22.1,62.2,89.54
PRD-00835,Product 0835,Analytics,Dashboards,SUP-00082,6637.14,8130.23,0.225,64.13,Intro,1,38,35.276728489348976,18.32926523864007,34.04,78.72,114.0
PRD-00836,Product 0836,Security,Compliance,SUP-00008,2154.99,2925.46,0.358,37.41,Growth,1,13,22.498246001028402,10.73038118799936,11.65,21.4,43.9
PRD-00837,Product 0837,Security,IAM,SUP-00150,851.74,1275.6,0.498,55.28,Mature,1,15,27.784376635205575,12.87504697365381,15.02,28.91,56.69
PRD-00838,Product 0838,Analytics,Data Modeling,SUP-00045,17132.83,23668.31,0.381,66.51,Growth,1,26,30.807946907836584,15.143398962289622,23.26,49.96,80.77
PRD-00839,Product 0839,Security,IAM,SUP-00143,1924.29,2737.84,0.423,71.73,Growth,1,19,30.32880862006753,15.512824763583158,20.37,39.58,69.91
PRD-00840,Product 0840,Operations,Maintenance,SUP-00077,11788.45,15653.37,0.328,69.23,Growth,1,44,30.792641959787943,15.919092181654095,31.81,76.97,107.76
PRD-00841,Product 0841,Security,Compliance,SUP-00095,1696.17,2492.31,0.469,89.07,Growth,1,32,35.79211437404009,16.60898702465199,28.3,66.48,102.27
PRD-00842,Product 0842,Finance,Revenue Ops,SUP-00141,14303.13,18963.93,0.326,51.9,Intro,1,28,26.97802181232435,14.52200211650716,23.15,48.33,75.31
PRD-00843,Product 0843,Finance,Expense Control,SUP-00033,6539.93,8609.38,0.316,37.8,Decline,1,22,19.088329906251726,9.219443399548704,13.03,27.03,46.12
PRD-00844,Product 0844,Analytics,Reporting,SUP-00017,5978.81,9540.74,0.596,57.23,Growth,1,21,28.810853420001955,12.614546741151509,17.41,37.58,66.39
PRD-00845,Product 0845,Automation,Scheduling,SUP-00030,517.99,711.32,0.373,53.73,Mature,1,34,26.82267219022379,10.525383875813922,18.49,48.89,75.71
PRD-00846,Product 0846,Automation,Workflow,SUP-00134,17364.03,23903.39,0.377,66.49,Intro,1,20,30.06971615456261,15.390810513888717,20.73,40.78,70.85
PRD-00847,Product 0847,Security,Risk Scoring,SUP-00018,8753.43,10608.85,0.212,58.42,Growth,1,42,27.419483472695287,12.680935815393935,24.76,63.15,90.57
PRD-00848,Product 0848,Security,Risk Scoring,SUP-00103,2756.38,4369.91,0.585,65.75,Mature,1,14,32.2369910798395,12.096362727193684,13.63,28.67,60.91
PRD-00849,Product 0849,Finance,Revenue Ops,SUP-00074,2355.46,3161.37,0.342,65.06,Growth,1,32,30.463042263087154,16.62021919003792,28.32,60.81,91.27
PRD-00850,Product 0850,Automation,Integration,SUP-00014,12288.78,18178.68,0.479,78.36,Decline,1,12,38.578400574619096,17.506837254696546,18.27,33.7,72.28
PRD-00851,Product 0851,Security,IAM,SUP-00031,3795.97,5600.16,0.475,63.07,Mature,1,15,30.45503748903791,16.89988923357471,19.72,34.95,65.41
PRD-00852,Product 0852,Security,Threat Detection,SUP-00131,8959.19,14063.87,0.57,66.78,Mature,1,13,27.68643144339086,13.9860045199681,15.19,27.19,54.88
PRD-00853,Product 0853,Operations,Procurement,SUP-00072,3545.21,5554.18,0.567,93.58,Growth,1,44,36.8455364216961,17.59319446334648,35.16,89.2,126.05
PRD-00854,Product 0854,Security,Threat Detection,SUP-00096,6948.35,8669.14,0.248,35.46,Growth,1,33,23.272762344072326,10.13144637966329,17.53,43.13,66.4
PRD-00855,Product 0855,Security,IAM,SUP-00056,13803.43,16949.28,0.228,66.4,Mature,1,9,29.53123994757565,14.614124641080595,13.21,22.07,51.6
PRD-00856,Product 0856,Analytics,Forecasting,SUP-00083,572.27,899.17,0.571,61.32,Growth,1,26,30.942533879105177,12.925123573647426,19.85,46.67,77.61
PRD-00857,Product 0857,Automation,Integration,SUP-00006,4170.17,5423.37,0.301,64.1,Growth,1,18,31.98121874419877,16.26772732224754,20.79,39.98,71.96
PRD-00858,Product 0858,Security,IAM,SUP-00160,16590.64,25683.25,0.548,73.14,Mature,1,15,34.783252953945535,16.13462427231262,18.82,36.21,70.99
PRD-00859,Product 0859,Finance,Budgeting,SUP-00127,11886.2,16156.59,0.359,49.1,Growth,1,38,26.399131039056016,12.499951793815837,23.21,56.65,83.05
PRD-00860,Product 0860,Analytics,Forecasting,SUP-00097,15910.14,21214.17,0.333,53.58,Mature,1,35,26.747765228606188,10.209222157972922,18.19,49.4,76.15
PRD-00861,Product 0861,Automation,Integration,SUP-00153,510.13,641.9,0.258,75.75,Decline,0,29,38.324406576522264,17.13569784565257,27.8,64.85,103.17
PRD-00862,Product 0862,Operations,Inventory Control,SUP-00155,15811.22,25424.1,0.608,60.63,Mature,1,33,27.717479745672495,16.063241722020997,27.8,58.29,86.01
PRD-00863,Product 0863,Security,Threat Detection,SUP-00065,14080.42,17011.36,0.208,46.96,Growth,0,37,21.27713712790713,10.57345855678242,19.37,45.61,66.89
PRD-00864,Product 0864,Automation,Workflow,SUP-00156,2331.1,3287.7,0.41,76.64,Decline,1,22,32.316927555070784,14.217893961857255,20.09,43.79,76.11
PRD-00865,Product 0865,Operations,Maintenance,SUP-00051,8008.08,11982.35,0.496,74.03,Decline,1,33,33.947408056536005,16.89833817059436,29.24,66.58,100.53
PRD-00866,Product 0866,Analytics,Dashboards,SUP-00137,7023.9,9579.96,0.364,65.93,Mature,1,36,29.38506621918456,16.744539920746334,30.27,65.53,94.92
PRD-00867,Product 0867,Security,Compliance,SUP-00008,15562.65,20387.91,0.31,70.19,Mature,1,13,30.888038096376494,15.560780101550833,16.9,30.28,61.17
PRD-00868,Product 0868,Finance,Planning,SUP-00058,11955.01,14934.28,0.249,72.79,Mature,1,8,32.96715633173035,17.17567898021498,14.63,23.42,56.39
PRD-00869,Product 0869,Security,Threat Detection,SUP-00003,13308.79,16846.62,0.266,61.62,Growth,1,8,28.25873543787612,15.316338276161936,13.05,20.59,48.85
PRD-00870,Product 0870,Operations,Procurement,SUP-00133,16457.82,26262.66,0.596,68.41,Growth,1,20,31.894238110457195,13.849319408556688,18.66,39.92,71.81
PRD-00871,Product 0871,Operations,Logistics,SUP-00102,5688.84,7746.13,0.362,42.88,Intro,1,22,20.43662506889637,11.527408551719024,16.29,31.28,51.72
PRD-00872,Product 0872,Operations,Procurement,SUP-00010,1298.28,1550.68,0.194,59.62,Intro,1,22,28.337224522182446,14.007285205382262,19.79,40.57,68.91
PRD-00873,Product 0873,Operations,Inventory Control,SUP-00087,7880.64,10655.4,0.352,79.53,Intro,1,23,33.49563186696667,18.398211314794356,26.58,52.26,85.76
PRD-00874,Product 0874,Finance,Revenue Ops,SUP-00037,16914.63,24505.29,0.449,99.0,Growth,1,34,38.15447070220806,20.34734885861788,35.74,78.98,117.13
PRD-00875,Product 0875,Security,IAM,SUP-00126,12183.95,17691.23,0.452,65.23,Intro,1,30,30.705718093754335,16.466680947900834,27.17,57.88,88.59
PRD-00876,Product 0876,Automation,RPA,SUP-00032,727.95,889.15,0.221,47.77,Intro,1,9,27.15202552334432,12.444892733334626,11.25,19.4,46.55
PRD-00877,Product 0877,Security,Compliance,SUP-00088,17714.75,22939.13,0.295,57.1,Mature,1,37,25.89395694071244,11.072412268607499,20.29,52.23,78.12
PRD-00878,Product 0878,Security,Compliance,SUP-00107,9753.19,14663.07,0.503,38.46,Growth,1,44,23.09122576035235,12.57722350282244,25.13,59.0,82.09
PRD-00879,Product 0879,Analytics,Reporting,SUP-00031,7174.89,11580.06,0.614,74.54,Decline,1,15,32.46367207306368,14.537154775179339,16.96,33.19,65.65
PRD-00880,Product 0880,Finance,Planning,SUP-00009,8939.62,12564.55,0.405,63.91,Mature,1,40,32.13107867635911,14.999164453071193,28.58,71.42,103.55
PRD-00881,Product 0881,Operations,Logistics,SUP-00139,9703.0,11816.69,0.218,46.89,Decline,1,41,26.00447975927105,11.289571255396853,21.78,57.32,83.32
PRD-00882,Product 0882,Automation,Workflow,SUP-00019,16569.99,25930.56,0.565,59.88,Intro,1,8,32.042613572586056,14.041241702765438,11.96,20.5,52.54
PRD-00883,Product 0883,Finance,Expense Control,SUP-00143,6593.22,9048.67,0.372,75.13,Growth,1,19,31.3631852257842,15.202870563687068,19.96,39.82,71.18
PRD-00884,Product 0884,Automation,Integration,SUP-00040,11937.83,17941.36,0.503,64.0,Mature,1,43,30.223966308505766,12.892732882876166,25.47,68.79,99.01
PRD-00885,Product 0885,Automation,RPA,SUP-00125,2128.19,2740.61,0.288,51.43,Mature,1,37,26.8154713162787,14.584401391019588,26.72,59.79,86.61
PRD-00886,Product 0886,Automation,Scheduling,SUP-00100,7676.05,12003.75,0.564,80.53,Growth,1,35,34.610534453144986,17.480775263587386,31.15,71.53,106.14
PRD-00887,Product 0887,Automation,Integration,SUP-00153,16724.16,21697.9,0.297,68.97,Mature,1,29,29.648318490544842,17.145351367086988,27.81,56.47,86.12
PRD-00888,Product 0888,Operations,Procurement,SUP-00068,13755.27,20430.74,0.485,50.13,Mature,1,17,30.09066140645451,15.960803502347193,19.82,36.87,66.96
PRD-00889,Product 0889,Finance,Revenue Ops,SUP-00141,16733.74,22696.18,0.356,63.57,Decline,1,28,27.247600325070245,12.157382544807305,19.38,44.81,72.06
PRD-00890,Product 0890,Security,IAM,SUP-00078,2382.89,3195.49,0.341,27.19,Mature,0,16,17.326635746791254,7.425707841690676,8.95,18.19,35.52
PRD-00891,Product 0891,Security,IAM,SUP-00075,8435.81,10662.56,0.264,67.56,Mature,1,8,32.326153280531805,15.137091063065546,12.9,21.52,53.85
PRD-00892,Product 0892,Finance,Revenue Ops,SUP-00137,9480.31,14687.82,0.549,99.0,Growth,1,36,37.55083228368575,17.39829372285852,31.45,76.51,114.06
PRD-00893,Product 0893,Operations,Inventory Control,SUP-00135,1763.26,2422.68,0.374,81.69,Intro,1,37,33.18003173324737,17.00290293288207,31.16,72.08,105.26
PRD-00894,Product 0894,Analytics,Dashboards,SUP-00006,9411.15,12829.7,0.363,60.22,Intro,1,18,29.3202023027571,14.374353192620978,18.37,35.96,65.28
PRD-00895,Product 0895,Security,Risk Scoring,SUP-00117,6880.26,8454.28,0.229,67.31,Growth,1,15,31.025357086623735,14.866887731049154,17.35,32.86,63.89
PRD-00896,Product 0896,Operations,Inventory Control,SUP-00141,235.83,293.11,0.243,72.32,Mature,1,28,31.63689722102604,17.943287128848564,28.6,58.13,89.77
PRD-00897,Product 0897,Security,Risk Scoring,SUP-00079,2030.65,2726.58,0.343,73.43,Growth,1,29,28.685772315276154,14.198298489974627,23.03,50.76,79.45
PRD-00898,Product 0898,Analytics,Forecasting,SUP-00098,8830.24,10587.26,0.199,61.08,Mature,1,11,30.857258953666133,15.36684047368796,15.35,26.66,57.52
PRD-00899,Product 0899,Automation,Scheduling,SUP-00066,2017.28,2911.98,0.444,25.99,Decline,1,41,18.66039069678398,8.624076951332123,16.64,42.14,60.8
PRD-00900,Product 0900,Finance,Budgeting,SUP-00143,7232.84,9130.25,0.262,57.1,Growth,0,19,28.202123815555392,14.134874789635187,18.56,36.42,64.62
